timestamp,component_id,job_id,app_id,fs_name,llite,dirty_pages_hits,dirty_pages_misses,read_bytes.sum,write_bytes.sum,brw_read.sum,brw_write.sum,ioctl,open,close,mmap,page_fault,page_mkwrite,seek,fsync,readdir,setattr,truncate,flock,getattr,create,link,unlink,symlink,mkdir,rmdir,mknod,rename,statfs,alloc_inode,setxattr,getxattr,getxattr_hits,listxattr,removexattr,inode_permission
1743619091.001697,600855,21068467,0,nscratch,nscratch-ffffa03b0426b000,0,0,10355247390040,905049378378,0,0,98179,0,0,0,0,0,0,0,0,0,0,0,0,0,0,0,0,0,0,0,0,0,0,0,0,60771,0,0,0
1743619091.001769,600855,21068467,0,pscratch,pscratch-ffffa03b0861a000,0,0,219402878101,374678341559,0,0,30987,0,0,0,0,0,0,0,0,0,0,0,0,0,0,0,0,0,0,0,0,0,0,0,0,14968,0,0,0
1743619092.002303,600855,21068467,0,nscratch,nscratch-ffffa03b0426b000,0,0,10355247390040,905049378378,0,0,98179,0,0,0,0,0,0,0,0,0,0,0,0,0,0,0,0,0,0,0,0,0,0,0,0,60771,0,0,0
1743619092.002370,600855,21068467,0,pscratch,pscratch-ffffa03b0861a000,0,0,219402878101,374678341559,0,0,30987,0,0,0,0,0,0,0,0,0,0,0,0,0,0,0,0,0,0,0,0,0,0,0,0,14968,0,0,0
1743619093.001221,600855,21068467,0,nscratch,nscratch-ffffa03b0426b000,0,0,10355247390040,905049378378,0,0,98179,0,0,0,0,0,0,0,0,0,0,0,0,0,0,0,0,0,0,0,0,0,0,0,0,60771,0,0,0
1743619093.001356,600855,21068467,0,pscratch,pscratch-ffffa03b0861a000,0,0,219402878101,374678341559,0,0,30987,0,0,0,0,0,0,0,0,0,0,0,0,0,0,0,0,0,0,0,0,0,0,0,0,14968,0,0,0
1743619094.000847,600855,21068467,0,nscratch,nscratch-ffffa03b0426b000,0,0,10355247390040,905049378378,0,0,98179,0,0,0,0,0,0,0,0,0,0,0,0,0,0,0,0,0,0,0,0,0,0,0,0,60771,0,0,0
1743619094.000957,600855,21068467,0,pscratch,pscratch-ffffa03b0861a000,0,0,219402878101,374678341559,0,0,30987,0,0,0,0,0,0,0,0,0,0,0,0,0,0,0,0,0,0,0,0,0,0,0,0,14968,0,0,0
1743619095.001594,600855,21068467,0,nscratch,nscratch-ffffa03b0426b000,0,0,10355247390040,905049378378,0,0,98179,0,0,0,0,0,0,0,0,0,0,0,0,0,0,0,0,0,0,0,0,0,0,0,0,60771,0,0,0
1743619095.001760,600855,21068467,0,pscratch,pscratch-ffffa03b0861a000,0,0,219402878101,374678341559,0,0,30987,0,0,0,0,0,0,0,0,0,0,0,0,0,0,0,0,0,0,0,0,0,0,0,0,14968,0,0,0
1743619096.001961,600855,21068467,0,nscratch,nscratch-ffffa03b0426b000,0,0,10355247390040,905049378378,0,0,98179,0,0,0,0,0,0,0,0,0,0,0,0,0,0,0,0,0,0,0,0,0,0,0,0,60771,0,0,0
1743619096.002056,600855,21068467,0,pscratch,pscratch-ffffa03b0861a000,0,0,219402878101,374678341559,0,0,30987,0,0,0,0,0,0,0,0,0,0,0,0,0,0,0,0,0,0,0,0,0,0,0,0,14968,0,0,0
1743619097.000851,600855,21068467,0,nscratch,nscratch-ffffa03b0426b000,0,0,10355247390040,905049378378,0,0,98179,0,0,0,0,0,0,0,0,0,0,0,0,0,0,0,0,0,0,0,0,0,0,0,0,60771,0,0,0
1743619097.000978,600855,21068467,0,pscratch,pscratch-ffffa03b0861a000,0,0,219402878101,374678341559,0,0,30987,0,0,0,0,0,0,0,0,0,0,0,0,0,0,0,0,0,0,0,0,0,0,0,0,14968,0,0,0
1743619098.001498,600855,21068467,0,nscratch,nscratch-ffffa03b0426b000,0,0,10355247390040,905049378378,0,0,98179,0,0,0,0,0,0,0,0,0,0,0,0,0,0,0,0,0,0,0,0,0,0,0,0,60771,0,0,0
1743619098.001692,600855,21068467,0,pscratch,pscratch-ffffa03b0861a000,0,0,219402878101,374678341559,0,0,30987,0,0,0,0,0,0,0,0,0,0,0,0,0,0,0,0,0,0,0,0,0,0,0,0,14968,0,0,0
1743619099.002019,600855,21068467,0,nscratch,nscratch-ffffa03b0426b000,0,0,10355247390040,905049378378,0,0,98179,0,0,0,0,0,0,0,0,0,0,0,0,0,0,0,0,0,0,0,0,0,0,0,0,60771,0,0,0
1743619099.002134,600855,21068467,0,pscratch,pscratch-ffffa03b0861a000,0,0,219402878101,374678341559,0,0,30987,0,0,0,0,0,0,0,0,0,0,0,0,0,0,0,0,0,0,0,0,0,0,0,0,14968,0,0,0
1743619100.001394,600855,21068467,0,nscratch,nscratch-ffffa03b0426b000,0,0,10355247390040,905049378378,0,0,98179,0,0,0,0,0,0,0,0,0,0,0,0,0,0,0,0,0,0,0,0,0,0,0,0,60771,0,0,0
1743619100.001512,600855,21068467,0,pscratch,pscratch-ffffa03b0861a000,0,0,219402878101,374678341559,0,0,30987,0,0,0,0,0,0,0,0,0,0,0,0,0,0,0,0,0,0,0,0,0,0,0,0,14968,0,0,0
1743619101.001940,600855,21068467,0,nscratch,nscratch-ffffa03b0426b000,0,0,10355247390040,905049378378,0,0,98179,0,0,0,0,0,0,0,0,0,0,0,0,0,0,0,0,0,0,0,0,0,0,0,0,60771,0,0,0
1743619101.002041,600855,21068467,0,pscratch,pscratch-ffffa03b0861a000,0,0,219402878101,374678341559,0,0,30987,0,0,0,0,0,0,0,0,0,0,0,0,0,0,0,0,0,0,0,0,0,0,0,0,14968,0,0,0
1743619102.001551,600855,21068467,0,nscratch,nscratch-ffffa03b0426b000,0,0,10355247390040,905049378378,0,0,98179,0,0,0,0,0,0,0,0,0,0,0,0,0,0,0,0,0,0,0,0,0,0,0,0,60771,0,0,0
1743619102.001679,600855,21068467,0,pscratch,pscratch-ffffa03b0861a000,0,0,219402878101,374678341559,0,0,30987,0,0,0,0,0,0,0,0,0,0,0,0,0,0,0,0,0,0,0,0,0,0,0,0,14968,0,0,0
1743619103.001866,600855,21068467,0,nscratch,nscratch-ffffa03b0426b000,0,0,10355247390040,905049378378,0,0,98179,0,0,0,0,0,0,0,0,0,0,0,0,0,0,0,0,0,0,0,0,0,0,0,0,60771,0,0,0
1743619103.001966,600855,21068467,0,pscratch,pscratch-ffffa03b0861a000,0,0,219402878101,374678341559,0,0,30987,0,0,0,0,0,0,0,0,0,0,0,0,0,0,0,0,0,0,0,0,0,0,0,0,14968,0,0,0
1743619104.000903,600855,21068467,0,nscratch,nscratch-ffffa03b0426b000,0,0,10355247390040,905049378378,0,0,98179,0,0,0,0,0,0,0,0,0,0,0,0,0,0,0,0,0,0,0,0,0,0,0,0,60771,0,0,0
1743619104.000987,600855,21068467,0,pscratch,pscratch-ffffa03b0861a000,0,0,219402878101,374678341559,0,0,30987,0,0,0,0,0,0,0,0,0,0,0,0,0,0,0,0,0,0,0,0,0,0,0,0,14968,0,0,0
1743619105.001271,600855,21068467,0,nscratch,nscratch-ffffa03b0426b000,0,0,10355247390040,905049378378,0,0,98179,0,0,0,0,0,0,0,0,0,0,0,0,0,0,0,0,0,0,0,0,0,0,0,0,60771,0,0,0
1743619105.001338,600855,21068467,0,pscratch,pscratch-ffffa03b0861a000,0,0,219402878101,374678341559,0,0,30987,0,0,0,0,0,0,0,0,0,0,0,0,0,0,0,0,0,0,0,0,0,0,0,0,14968,0,0,0
1743619106.000784,600855,21068467,0,nscratch,nscratch-ffffa03b0426b000,0,0,10355247390040,905049378378,0,0,98179,0,0,0,0,0,0,0,0,0,0,0,0,0,0,0,0,0,0,0,0,0,0,0,0,60771,0,0,0
1743619106.000865,600855,21068467,0,pscratch,pscratch-ffffa03b0861a000,0,0,219402878101,374678341559,0,0,30987,0,0,0,0,0,0,0,0,0,0,0,0,0,0,0,0,0,0,0,0,0,0,0,0,14968,0,0,0
1743619107.001905,600855,21068467,0,nscratch,nscratch-ffffa03b0426b000,0,0,10355247390040,905049378378,0,0,98179,0,0,0,0,0,0,0,0,0,0,0,0,0,0,0,0,0,0,0,0,0,0,0,0,60771,0,0,0
1743619107.001979,600855,21068467,0,pscratch,pscratch-ffffa03b0861a000,0,0,219402878101,374678341559,0,0,30987,0,0,0,0,0,0,0,0,0,0,0,0,0,0,0,0,0,0,0,0,0,0,0,0,14968,0,0,0
1743619108.002361,600855,21068467,0,nscratch,nscratch-ffffa03b0426b000,0,0,10355247390040,905049378378,0,0,98179,0,0,0,0,0,0,0,0,0,0,0,0,0,0,0,0,0,0,0,0,0,0,0,0,60771,0,0,0
1743619108.002469,600855,21068467,0,pscratch,pscratch-ffffa03b0861a000,0,0,219402878101,374678341559,0,0,30987,0,0,0,0,0,0,0,0,0,0,0,0,0,0,0,0,0,0,0,0,0,0,0,0,14968,0,0,0
1743619109.001659,600855,21068467,0,nscratch,nscratch-ffffa03b0426b000,0,0,10355247390040,905049378378,0,0,98179,0,0,0,0,0,0,0,0,0,0,0,0,0,0,0,0,0,0,0,0,0,0,0,0,60771,0,0,0
1743619109.001768,600855,21068467,0,pscratch,pscratch-ffffa03b0861a000,0,0,219402878101,374678341559,0,0,30987,0,0,0,0,0,0,0,0,0,0,0,0,0,0,0,0,0,0,0,0,0,0,0,0,14968,0,0,0
1743619110.002370,600855,21068467,0,nscratch,nscratch-ffffa03b0426b000,0,0,10355247390040,905049378378,0,0,98179,0,0,0,0,0,0,0,0,0,0,0,0,0,0,0,0,0,0,0,0,0,0,0,0,60771,0,0,0
1743619110.002463,600855,21068467,0,pscratch,pscratch-ffffa03b0861a000,0,0,219402878101,374678341559,0,0,30987,0,0,0,0,0,0,0,0,0,0,0,0,0,0,0,0,0,0,0,0,0,0,0,0,14968,0,0,0
1743619111.001120,600855,21068467,0,nscratch,nscratch-ffffa03b0426b000,0,0,10355247390040,905049378378,0,0,98179,0,0,0,0,0,0,0,0,0,0,0,0,0,0,0,0,0,0,0,0,0,0,0,0,60771,0,0,0
1743619111.001270,600855,21068467,0,pscratch,pscratch-ffffa03b0861a000,0,0,219402878101,374678341559,0,0,30987,0,0,0,0,0,0,0,0,0,0,0,0,0,0,0,0,0,0,0,0,0,0,0,0,14968,0,0,0
1743619112.001519,600855,21068467,0,nscratch,nscratch-ffffa03b0426b000,0,0,10355247390040,905049378378,0,0,98179,0,0,0,0,0,0,0,0,0,0,0,0,0,0,0,0,0,0,0,0,0,0,0,0,60771,0,0,0
1743619112.001672,600855,21068467,0,pscratch,pscratch-ffffa03b0861a000,0,0,219402878101,374678341559,0,0,30987,0,0,0,0,0,0,0,0,0,0,0,0,0,0,0,0,0,0,0,0,0,0,0,0,14968,0,0,0
1743619113.002205,600855,21068467,0,nscratch,nscratch-ffffa03b0426b000,0,0,10355247390040,905049378378,0,0,98179,0,0,0,0,0,0,0,0,0,0,0,0,0,0,0,0,0,0,0,0,0,0,0,0,60771,0,0,0
1743619113.002297,600855,21068467,0,pscratch,pscratch-ffffa03b0861a000,0,0,219402878101,374678341559,0,0,30987,0,0,0,0,0,0,0,0,0,0,0,0,0,0,0,0,0,0,0,0,0,0,0,0,14968,0,0,0
1743619114.001795,600855,21068467,0,nscratch,nscratch-ffffa03b0426b000,0,0,10355247390040,905049378378,0,0,98179,0,0,0,0,0,0,0,0,0,0,0,0,0,0,0,0,0,0,0,0,0,0,0,0,60771,0,0,0
1743619114.001941,600855,21068467,0,pscratch,pscratch-ffffa03b0861a000,0,0,219402878101,374678341559,0,0,30987,0,0,0,0,0,0,0,0,0,0,0,0,0,0,0,0,0,0,0,0,0,0,0,0,14968,0,0,0
1743619115.001872,600855,21068467,0,nscratch,nscratch-ffffa03b0426b000,0,0,10355247390040,905049378378,0,0,98179,0,0,0,0,0,0,0,0,0,0,0,0,0,0,0,0,0,0,0,0,0,0,0,0,60771,0,0,0
1743619115.002031,600855,21068467,0,pscratch,pscratch-ffffa03b0861a000,0,0,219402878101,374678341559,0,0,30987,0,0,0,0,0,0,0,0,0,0,0,0,0,0,0,0,0,0,0,0,0,0,0,0,14968,0,0,0
1743619116.001572,600855,21068467,0,nscratch,nscratch-ffffa03b0426b000,0,0,10355247390040,905049378378,0,0,98179,0,0,0,0,0,0,0,0,0,0,0,0,0,0,0,0,0,0,0,0,0,0,0,0,60771,0,0,0
1743619116.001708,600855,21068467,0,pscratch,pscratch-ffffa03b0861a000,0,0,219402878101,374678341559,0,0,30987,0,0,0,0,0,0,0,0,0,0,0,0,0,0,0,0,0,0,0,0,0,0,0,0,14968,0,0,0
1743619117.002286,600855,21068467,0,nscratch,nscratch-ffffa03b0426b000,0,0,10355247390040,905049378378,0,0,98179,0,0,0,0,0,0,0,0,0,0,0,0,0,0,0,0,0,0,0,0,0,0,0,0,60771,0,0,0
1743619117.002447,600855,21068467,0,pscratch,pscratch-ffffa03b0861a000,0,0,219402878101,374678341559,0,0,30987,0,0,0,0,0,0,0,0,0,0,0,0,0,0,0,0,0,0,0,0,0,0,0,0,14968,0,0,0
1743619118.001738,600855,21068467,0,nscratch,nscratch-ffffa03b0426b000,0,0,10355247390040,905049378378,0,0,98179,0,0,0,0,0,0,0,0,0,0,0,0,0,0,0,0,0,0,0,0,0,0,0,0,60771,0,0,0
1743619118.001893,600855,21068467,0,pscratch,pscratch-ffffa03b0861a000,0,0,219402878101,374678341559,0,0,30987,0,0,0,0,0,0,0,0,0,0,0,0,0,0,0,0,0,0,0,0,0,0,0,0,14968,0,0,0
1743619119.001562,600855,21068467,0,nscratch,nscratch-ffffa03b0426b000,0,0,10355247390040,905049378378,0,0,98179,0,0,0,0,0,0,0,0,0,0,0,0,0,0,0,0,0,0,0,0,0,0,0,0,60771,0,0,0
1743619119.001693,600855,21068467,0,pscratch,pscratch-ffffa03b0861a000,0,0,219402878101,374678341559,0,0,30987,0,0,0,0,0,0,0,0,0,0,0,0,0,0,0,0,0,0,0,0,0,0,0,0,14968,0,0,0
1743619120.002142,600855,21068467,0,nscratch,nscratch-ffffa03b0426b000,0,0,10355247390040,905049378378,0,0,98179,0,0,0,0,0,0,0,0,0,0,0,0,0,0,0,0,0,0,0,0,0,0,0,0,60771,0,0,0
1743619120.002233,600855,21068467,0,pscratch,pscratch-ffffa03b0861a000,0,0,219402878101,374678341559,0,0,30987,0,0,0,0,0,0,0,0,0,0,0,0,0,0,0,0,0,0,0,0,0,0,0,0,14968,0,0,0
1743619121.001546,600855,21068467,0,nscratch,nscratch-ffffa03b0426b000,0,0,10355247390040,905049378378,0,0,98179,0,0,0,0,0,0,0,0,0,0,0,0,0,0,0,0,0,0,0,0,0,0,0,0,60771,0,0,0
1743619121.001707,600855,21068467,0,pscratch,pscratch-ffffa03b0861a000,0,0,219402878101,374678341559,0,0,30987,0,0,0,0,0,0,0,0,0,0,0,0,0,0,0,0,0,0,0,0,0,0,0,0,14968,0,0,0
1743619122.002379,600855,21068467,0,nscratch,nscratch-ffffa03b0426b000,0,0,10355247390040,905049378378,0,0,98179,0,0,0,0,0,0,0,0,0,0,0,0,0,0,0,0,0,0,0,0,0,0,0,0,60771,0,0,0
1743619122.002530,600855,21068467,0,pscratch,pscratch-ffffa03b0861a000,0,0,219402878101,374678341559,0,0,30987,0,0,0,0,0,0,0,0,0,0,0,0,0,0,0,0,0,0,0,0,0,0,0,0,14968,0,0,0
1743619123.002104,600855,21068467,0,nscratch,nscratch-ffffa03b0426b000,0,0,10355247390040,905049378378,0,0,98179,0,0,0,0,0,0,0,0,0,0,0,0,0,0,0,0,0,0,0,0,0,0,0,0,60771,0,0,0
1743619123.002260,600855,21068467,0,pscratch,pscratch-ffffa03b0861a000,0,0,219402878101,374678341559,0,0,30987,0,0,0,0,0,0,0,0,0,0,0,0,0,0,0,0,0,0,0,0,0,0,0,0,14968,0,0,0
1743619124.001581,600855,21068467,0,nscratch,nscratch-ffffa03b0426b000,0,0,10355247390040,905049378378,0,0,98179,0,0,0,0,0,0,0,0,0,0,0,0,0,0,0,0,0,0,0,0,0,0,0,0,60771,0,0,0
1743619124.001789,600855,21068467,0,pscratch,pscratch-ffffa03b0861a000,0,0,219402878101,374678341559,0,0,30987,0,0,0,0,0,0,0,0,0,0,0,0,0,0,0,0,0,0,0,0,0,0,0,0,14968,0,0,0
1743619125.001598,600855,21068467,0,nscratch,nscratch-ffffa03b0426b000,0,0,10355247390040,905049378378,0,0,98179,0,0,0,0,0,0,0,0,0,0,0,0,0,0,0,0,0,0,0,0,0,0,0,0,60771,0,0,0
1743619125.001767,600855,21068467,0,pscratch,pscratch-ffffa03b0861a000,0,0,219402878101,374678341559,0,0,30987,0,0,0,0,0,0,0,0,0,0,0,0,0,0,0,0,0,0,0,0,0,0,0,0,14968,0,0,0
1743619126.002293,600855,21068467,0,nscratch,nscratch-ffffa03b0426b000,0,0,10355247390040,905049378378,0,0,98179,0,0,0,0,0,0,0,0,0,0,0,0,0,0,0,0,0,0,0,0,0,0,0,0,60771,0,0,0
1743619126.002448,600855,21068467,0,pscratch,pscratch-ffffa03b0861a000,0,0,219402878101,374678341559,0,0,30987,0,0,0,0,0,0,0,0,0,0,0,0,0,0,0,0,0,0,0,0,0,0,0,0,14968,0,0,0
1743619127.001767,600855,21068467,0,nscratch,nscratch-ffffa03b0426b000,0,0,10355247390040,905049378378,0,0,98179,0,0,0,0,0,0,0,0,0,0,0,0,0,0,0,0,0,0,0,0,0,0,0,0,60771,0,0,0
1743619127.001927,600855,21068467,0,pscratch,pscratch-ffffa03b0861a000,0,0,219402878101,374678341559,0,0,30987,0,0,0,0,0,0,0,0,0,0,0,0,0,0,0,0,0,0,0,0,0,0,0,0,14968,0,0,0
1743619128.001658,600855,21068467,0,nscratch,nscratch-ffffa03b0426b000,0,0,10355247390040,905049378378,0,0,98179,0,0,0,0,0,0,0,0,0,0,0,0,0,0,0,0,0,0,0,0,0,0,0,0,60771,0,0,0
1743619128.001810,600855,21068467,0,pscratch,pscratch-ffffa03b0861a000,0,0,219402878101,374678341559,0,0,30987,0,0,0,0,0,0,0,0,0,0,0,0,0,0,0,0,0,0,0,0,0,0,0,0,14968,0,0,0
1743619129.002329,600855,21068467,0,nscratch,nscratch-ffffa03b0426b000,0,0,10355247390040,905049378378,0,0,98179,0,0,0,0,0,0,0,0,0,0,0,0,0,0,0,0,0,0,0,0,0,0,0,0,60771,0,0,0
1743619129.002483,600855,21068467,0,pscratch,pscratch-ffffa03b0861a000,0,0,219402878101,374678341559,0,0,30987,0,0,0,0,0,0,0,0,0,0,0,0,0,0,0,0,0,0,0,0,0,0,0,0,14968,0,0,0
1743619130.001768,600855,21068467,0,nscratch,nscratch-ffffa03b0426b000,0,0,10355247390040,905049378378,0,0,98179,0,0,0,0,0,0,0,0,0,0,0,0,0,0,0,0,0,0,0,0,0,0,0,0,60771,0,0,0
1743619130.001924,600855,21068467,0,pscratch,pscratch-ffffa03b0861a000,0,0,219402878101,374678341559,0,0,30987,0,0,0,0,0,0,0,0,0,0,0,0,0,0,0,0,0,0,0,0,0,0,0,0,14968,0,0,0
1743619131.001387,600855,21068467,0,nscratch,nscratch-ffffa03b0426b000,0,0,10355247390040,905049378378,0,0,98179,0,0,0,0,0,0,0,0,0,0,0,0,0,0,0,0,0,0,0,0,0,0,0,0,60771,0,0,0
1743619131.001547,600855,21068467,0,pscratch,pscratch-ffffa03b0861a000,0,0,219402878101,374678341559,0,0,30987,0,0,0,0,0,0,0,0,0,0,0,0,0,0,0,0,0,0,0,0,0,0,0,0,14968,0,0,0
1743619132.002159,600855,21068467,0,nscratch,nscratch-ffffa03b0426b000,0,0,10355247390040,905049378378,0,0,98179,0,0,0,0,0,0,0,0,0,0,0,0,0,0,0,0,0,0,0,0,0,0,0,0,60771,0,0,0
1743619132.002314,600855,21068467,0,pscratch,pscratch-ffffa03b0861a000,0,0,219402878101,374678341559,0,0,30987,0,0,0,0,0,0,0,0,0,0,0,0,0,0,0,0,0,0,0,0,0,0,0,0,14968,0,0,0
1743619133.001610,600855,21068467,0,nscratch,nscratch-ffffa03b0426b000,0,0,10355247390040,905049378378,0,0,98179,0,0,0,0,0,0,0,0,0,0,0,0,0,0,0,0,0,0,0,0,0,0,0,0,60771,0,0,0
1743619133.001780,600855,21068467,0,pscratch,pscratch-ffffa03b0861a000,0,0,219402878101,374678341559,0,0,30987,0,0,0,0,0,0,0,0,0,0,0,0,0,0,0,0,0,0,0,0,0,0,0,0,14968,0,0,0
1743619134.001517,600855,21068467,0,nscratch,nscratch-ffffa03b0426b000,0,0,10355247390040,905049378378,0,0,98179,0,0,0,0,0,0,0,0,0,0,0,0,0,0,0,0,0,0,0,0,0,0,0,0,60771,0,0,0
1743619134.001674,600855,21068467,0,pscratch,pscratch-ffffa03b0861a000,0,0,219402878101,374678341559,0,0,30987,0,0,0,0,0,0,0,0,0,0,0,0,0,0,0,0,0,0,0,0,0,0,0,0,14968,0,0,0
1743619135.002103,600855,21068467,0,nscratch,nscratch-ffffa03b0426b000,0,0,10355247390040,905049378378,0,0,98179,0,0,0,0,0,0,0,0,0,0,0,0,0,0,0,0,0,0,0,0,0,0,0,0,60771,0,0,0
1743619135.002214,600855,21068467,0,pscratch,pscratch-ffffa03b0861a000,0,0,219402878101,374678341559,0,0,30987,0,0,0,0,0,0,0,0,0,0,0,0,0,0,0,0,0,0,0,0,0,0,0,0,14968,0,0,0
1743619136.001490,600855,21068467,0,nscratch,nscratch-ffffa03b0426b000,0,0,10355247390040,905049378378,0,0,98179,0,0,0,0,0,0,0,0,0,0,0,0,0,0,0,0,0,0,0,0,0,0,0,0,60771,0,0,0
1743619136.001605,600855,21068467,0,pscratch,pscratch-ffffa03b0861a000,0,0,219402878101,374678341559,0,0,30987,0,0,0,0,0,0,0,0,0,0,0,0,0,0,0,0,0,0,0,0,0,0,0,0,14968,0,0,0
1743619137.002154,600855,21068467,0,nscratch,nscratch-ffffa03b0426b000,0,0,10355247390040,905049378378,0,0,98179,0,0,0,0,0,0,0,0,0,0,0,0,0,0,0,0,0,0,0,0,0,0,0,0,60771,0,0,0
1743619137.002266,600855,21068467,0,pscratch,pscratch-ffffa03b0861a000,0,0,219402878101,374678341559,0,0,30987,0,0,0,0,0,0,0,0,0,0,0,0,0,0,0,0,0,0,0,0,0,0,0,0,14968,0,0,0
1743619138.001733,600855,21068467,0,nscratch,nscratch-ffffa03b0426b000,0,0,10355247390040,905049378378,0,0,98179,0,0,0,0,0,0,0,0,0,0,0,0,0,0,0,0,0,0,0,0,0,0,0,0,60771,0,0,0
1743619138.001846,600855,21068467,0,pscratch,pscratch-ffffa03b0861a000,0,0,219402878101,374678341559,0,0,30987,0,0,0,0,0,0,0,0,0,0,0,0,0,0,0,0,0,0,0,0,0,0,0,0,14968,0,0,0
1743619139.002066,600855,21068467,0,nscratch,nscratch-ffffa03b0426b000,0,0,10355247390040,905049378378,0,0,98179,0,0,0,0,0,0,0,0,0,0,0,0,0,0,0,0,0,0,0,0,0,0,0,0,60771,0,0,0
1743619139.002181,600855,21068467,0,pscratch,pscratch-ffffa03b0861a000,0,0,219402878101,374678341559,0,0,30987,0,0,0,0,0,0,0,0,0,0,0,0,0,0,0,0,0,0,0,0,0,0,0,0,14968,0,0,0
1743619140.001789,600855,21068467,0,nscratch,nscratch-ffffa03b0426b000,0,0,10355247390040,905049378378,0,0,98179,0,0,0,0,0,0,0,0,0,0,0,0,0,0,0,0,0,0,0,0,0,0,0,0,60771,0,0,0
1743619140.001888,600855,21068467,0,pscratch,pscratch-ffffa03b0861a000,0,0,219402878101,374678341559,0,0,30987,0,0,0,0,0,0,0,0,0,0,0,0,0,0,0,0,0,0,0,0,0,0,0,0,14968,0,0,0
1743619141.002294,600855,21068467,0,nscratch,nscratch-ffffa03b0426b000,0,0,10355247390040,905049378378,0,0,98179,0,0,0,0,0,0,0,0,0,0,0,0,0,0,0,0,0,0,0,0,0,0,0,0,60771,0,0,0
1743619141.002408,600855,21068467,0,pscratch,pscratch-ffffa03b0861a000,0,0,219402878101,374678341559,0,0,30987,0,0,0,0,0,0,0,0,0,0,0,0,0,0,0,0,0,0,0,0,0,0,0,0,14968,0,0,0
1743619142.001691,600855,21068467,0,nscratch,nscratch-ffffa03b0426b000,0,0,10355247390040,905049378378,0,0,98179,0,0,0,0,0,0,0,0,0,0,0,0,0,0,0,0,0,0,0,0,0,0,0,0,60771,0,0,0
1743619142.001853,600855,21068467,0,pscratch,pscratch-ffffa03b0861a000,0,0,219402878101,374678341559,0,0,30987,0,0,0,0,0,0,0,0,0,0,0,0,0,0,0,0,0,0,0,0,0,0,0,0,14968,0,0,0
1743619143.001421,600855,21068467,0,nscratch,nscratch-ffffa03b0426b000,0,0,10355247390040,905049378378,0,0,98179,0,0,0,0,0,0,0,0,0,0,0,0,0,0,0,0,0,0,0,0,0,0,0,0,60771,0,0,0
1743619143.001537,600855,21068467,0,pscratch,pscratch-ffffa03b0861a000,0,0,219402878101,374678341559,0,0,30987,0,0,0,0,0,0,0,0,0,0,0,0,0,0,0,0,0,0,0,0,0,0,0,0,14968,0,0,0
1743619144.001974,600855,21068467,0,nscratch,nscratch-ffffa03b0426b000,0,0,10355247390040,905049378378,0,0,98179,0,0,0,0,0,0,0,0,0,0,0,0,0,0,0,0,0,0,0,0,0,0,0,0,60771,0,0,0
1743619144.002086,600855,21068467,0,pscratch,pscratch-ffffa03b0861a000,0,0,219402878101,374678341559,0,0,30987,0,0,0,0,0,0,0,0,0,0,0,0,0,0,0,0,0,0,0,0,0,0,0,0,14968,0,0,0
1743619145.001354,600855,21068467,0,nscratch,nscratch-ffffa03b0426b000,0,0,10355247390040,905049378378,0,0,98179,0,0,0,0,0,0,0,0,0,0,0,0,0,0,0,0,0,0,0,0,0,0,0,0,60771,0,0,0
1743619145.001471,600855,21068467,0,pscratch,pscratch-ffffa03b0861a000,0,0,219402878101,374678341559,0,0,30987,0,0,0,0,0,0,0,0,0,0,0,0,0,0,0,0,0,0,0,0,0,0,0,0,14968,0,0,0
1743619146.002135,600855,21068467,0,nscratch,nscratch-ffffa03b0426b000,0,0,10355247390040,905049378378,0,0,98179,0,0,0,0,0,0,0,0,0,0,0,0,0,0,0,0,0,0,0,0,0,0,0,0,60771,0,0,0
1743619146.002301,600855,21068467,0,pscratch,pscratch-ffffa03b0861a000,0,0,219402878101,374678341559,0,0,30987,0,0,0,0,0,0,0,0,0,0,0,0,0,0,0,0,0,0,0,0,0,0,0,0,14968,0,0,0
1743619147.002067,600855,21068467,0,nscratch,nscratch-ffffa03b0426b000,0,0,10355247390040,905049378378,0,0,98179,0,0,0,0,0,0,0,0,0,0,0,0,0,0,0,0,0,0,0,0,0,0,0,0,60771,0,0,0
1743619147.002268,600855,21068467,0,pscratch,pscratch-ffffa03b0861a000,0,0,219402878101,374678341559,0,0,30987,0,0,0,0,0,0,0,0,0,0,0,0,0,0,0,0,0,0,0,0,0,0,0,0,14968,0,0,0
1743619148.001569,600855,21068467,0,nscratch,nscratch-ffffa03b0426b000,0,0,10355247390040,905049378378,0,0,98179,0,0,0,0,0,0,0,0,0,0,0,0,0,0,0,0,0,0,0,0,0,0,0,0,60771,0,0,0
1743619148.001740,600855,21068467,0,pscratch,pscratch-ffffa03b0861a000,0,0,219402878101,374678341559,0,0,30987,0,0,0,0,0,0,0,0,0,0,0,0,0,0,0,0,0,0,0,0,0,0,0,0,14968,0,0,0
1743619149.002119,600855,21068467,0,nscratch,nscratch-ffffa03b0426b000,0,0,10355247390040,905049378378,0,0,98179,0,0,0,0,0,0,0,0,0,0,0,0,0,0,0,0,0,0,0,0,0,0,0,0,60771,0,0,0
1743619149.002273,600855,21068467,0,pscratch,pscratch-ffffa03b0861a000,0,0,219402878101,374678341559,0,0,30987,0,0,0,0,0,0,0,0,0,0,0,0,0,0,0,0,0,0,0,0,0,0,0,0,14968,0,0,0
1743619150.001225,600855,21068467,0,nscratch,nscratch-ffffa03b0426b000,0,0,10355247390040,905049378378,0,0,98179,0,0,0,0,0,0,0,0,0,0,0,0,0,0,0,0,0,0,0,0,0,0,0,0,60771,0,0,0
1743619150.001385,600855,21068467,0,pscratch,pscratch-ffffa03b0861a000,0,0,219402878101,374678341559,0,0,30987,0,0,0,0,0,0,0,0,0,0,0,0,0,0,0,0,0,0,0,0,0,0,0,0,14968,0,0,0
1743619151.001700,600855,21068467,0,nscratch,nscratch-ffffa03b0426b000,0,0,10355247390040,905049378378,0,0,98179,0,0,0,0,0,0,0,0,0,0,0,0,0,0,0,0,0,0,0,0,0,0,0,0,60771,0,0,0
1743619151.001859,600855,21068467,0,pscratch,pscratch-ffffa03b0861a000,0,0,219402878101,374678341559,0,0,30987,0,0,0,0,0,0,0,0,0,0,0,0,0,0,0,0,0,0,0,0,0,0,0,0,14968,0,0,0
1743619152.001646,600855,21068467,0,nscratch,nscratch-ffffa03b0426b000,0,0,10355247390040,905049378378,0,0,98179,0,0,0,0,0,0,0,0,0,0,0,0,0,0,0,0,0,0,0,0,0,0,0,0,60771,0,0,0
1743619152.001806,600855,21068467,0,pscratch,pscratch-ffffa03b0861a000,0,0,219402878101,374678341559,0,0,30987,0,0,0,0,0,0,0,0,0,0,0,0,0,0,0,0,0,0,0,0,0,0,0,0,14968,0,0,0
1743619153.002375,600855,21068467,0,nscratch,nscratch-ffffa03b0426b000,0,0,10355247390040,905049378378,0,0,98179,0,0,0,0,0,0,0,0,0,0,0,0,0,0,0,0,0,0,0,0,0,0,0,0,60771,0,0,0
1743619153.002534,600855,21068467,0,pscratch,pscratch-ffffa03b0861a000,0,0,219402878101,374678341559,0,0,30987,0,0,0,0,0,0,0,0,0,0,0,0,0,0,0,0,0,0,0,0,0,0,0,0,14968,0,0,0
1743619154.001796,600855,21068467,0,nscratch,nscratch-ffffa03b0426b000,0,0,10355247390040,905049378378,0,0,98179,0,0,0,0,0,0,0,0,0,0,0,0,0,0,0,0,0,0,0,0,0,0,0,0,60771,0,0,0
1743619154.001951,600855,21068467,0,pscratch,pscratch-ffffa03b0861a000,0,0,219402878101,374678341559,0,0,30987,0,0,0,0,0,0,0,0,0,0,0,0,0,0,0,0,0,0,0,0,0,0,0,0,14968,0,0,0
1743619155.001732,600855,21068467,0,nscratch,nscratch-ffffa03b0426b000,0,0,10355247390040,905049378378,0,0,98179,0,0,0,0,0,0,0,0,0,0,0,0,0,0,0,0,0,0,0,0,0,0,0,0,60771,0,0,0
1743619155.001891,600855,21068467,0,pscratch,pscratch-ffffa03b0861a000,0,0,219402878101,374678341559,0,0,30987,0,0,0,0,0,0,0,0,0,0,0,0,0,0,0,0,0,0,0,0,0,0,0,0,14968,0,0,0
1743619156.002458,600855,21068467,0,nscratch,nscratch-ffffa03b0426b000,0,0,10355247390040,905049378378,0,0,98179,0,0,0,0,0,0,0,0,0,0,0,0,0,0,0,0,0,0,0,0,0,0,0,0,60771,0,0,0
1743619156.002634,600855,21068467,0,pscratch,pscratch-ffffa03b0861a000,0,0,219402878101,374678341559,0,0,30987,0,0,0,0,0,0,0,0,0,0,0,0,0,0,0,0,0,0,0,0,0,0,0,0,14968,0,0,0
1743619157.001893,600855,21068467,0,nscratch,nscratch-ffffa03b0426b000,0,0,10355247390040,905049378378,0,0,98179,0,0,0,0,0,0,0,0,0,0,0,0,0,0,0,0,0,0,0,0,0,0,0,0,60771,0,0,0
1743619157.002055,600855,21068467,0,pscratch,pscratch-ffffa03b0861a000,0,0,219402878101,374678341559,0,0,30987,0,0,0,0,0,0,0,0,0,0,0,0,0,0,0,0,0,0,0,0,0,0,0,0,14968,0,0,0
1743619158.001826,600855,21068467,0,nscratch,nscratch-ffffa03b0426b000,0,0,10355247390040,905049378378,0,0,98179,0,0,0,0,0,0,0,0,0,0,0,0,0,0,0,0,0,0,0,0,0,0,0,0,60771,0,0,0
1743619158.001985,600855,21068467,0,pscratch,pscratch-ffffa03b0861a000,0,0,219402878101,374678341559,0,0,30987,0,0,0,0,0,0,0,0,0,0,0,0,0,0,0,0,0,0,0,0,0,0,0,0,14968,0,0,0
1743619159.001586,600855,21068467,0,nscratch,nscratch-ffffa03b0426b000,0,0,10355247390040,905049378378,0,0,98179,0,0,0,0,0,0,0,0,0,0,0,0,0,0,0,0,0,0,0,0,0,0,0,0,60771,0,0,0
1743619159.001762,600855,21068467,0,pscratch,pscratch-ffffa03b0861a000,0,0,219402878101,374678341559,0,0,30987,0,0,0,0,0,0,0,0,0,0,0,0,0,0,0,0,0,0,0,0,0,0,0,0,14968,0,0,0
1743619160.002194,600855,21068467,0,nscratch,nscratch-ffffa03b0426b000,0,0,10355247390040,905049378378,0,0,98179,0,0,0,0,0,0,0,0,0,0,0,0,0,0,0,0,0,0,0,0,0,0,0,0,60771,0,0,0
1743619160.002393,600855,21068467,0,pscratch,pscratch-ffffa03b0861a000,0,0,219402878101,374678341559,0,0,30987,0,0,0,0,0,0,0,0,0,0,0,0,0,0,0,0,0,0,0,0,0,0,0,0,14968,0,0,0
1743619161.002377,600855,21068467,0,nscratch,nscratch-ffffa03b0426b000,0,0,10355247390040,905049378378,0,0,98179,0,0,0,0,0,0,0,0,0,0,0,0,0,0,0,0,0,0,0,0,0,0,0,0,60771,0,0,0
1743619161.002562,600855,21068467,0,pscratch,pscratch-ffffa03b0861a000,0,0,219402878101,374678341559,0,0,30987,0,0,0,0,0,0,0,0,0,0,0,0,0,0,0,0,0,0,0,0,0,0,0,0,14968,0,0,0
1743619162.002177,600855,21068467,0,nscratch,nscratch-ffffa03b0426b000,0,0,10355247390040,905049378378,0,0,98179,0,0,0,0,0,0,0,0,0,0,0,0,0,0,0,0,0,0,0,0,0,0,0,0,60771,0,0,0
1743619162.002336,600855,21068467,0,pscratch,pscratch-ffffa03b0861a000,0,0,219402878101,374678341559,0,0,30987,0,0,0,0,0,0,0,0,0,0,0,0,0,0,0,0,0,0,0,0,0,0,0,0,14968,0,0,0
1743619163.001636,600855,21068467,0,nscratch,nscratch-ffffa03b0426b000,0,0,10355247390040,905049378378,0,0,98179,0,0,0,0,0,0,0,0,0,0,0,0,0,0,0,0,0,0,0,0,0,0,0,0,60771,0,0,0
1743619163.001787,600855,21068467,0,pscratch,pscratch-ffffa03b0861a000,0,0,219402878101,374678341559,0,0,30987,0,0,0,0,0,0,0,0,0,0,0,0,0,0,0,0,0,0,0,0,0,0,0,0,14968,0,0,0
1743619164.001724,600855,21068467,0,nscratch,nscratch-ffffa03b0426b000,0,0,10355247390040,905049378378,0,0,98179,0,0,0,0,0,0,0,0,0,0,0,0,0,0,0,0,0,0,0,0,0,0,0,0,60771,0,0,0
1743619164.001940,600855,21068467,0,pscratch,pscratch-ffffa03b0861a000,0,0,219402878101,374678341559,0,0,30987,0,0,0,0,0,0,0,0,0,0,0,0,0,0,0,0,0,0,0,0,0,0,0,0,14968,0,0,0
1743619165.002534,600855,21068467,0,nscratch,nscratch-ffffa03b0426b000,0,0,10355247390040,905049378378,0,0,98179,0,0,0,0,0,0,0,0,0,0,0,0,0,0,0,0,0,0,0,0,0,0,0,0,60771,0,0,0
1743619165.002700,600855,21068467,0,pscratch,pscratch-ffffa03b0861a000,0,0,219402878101,374678341559,0,0,30987,0,0,0,0,0,0,0,0,0,0,0,0,0,0,0,0,0,0,0,0,0,0,0,0,14968,0,0,0
1743619166.002102,600855,21068467,0,nscratch,nscratch-ffffa03b0426b000,0,0,10355247390040,905049378378,0,0,98179,0,0,0,0,0,0,0,0,0,0,0,0,0,0,0,0,0,0,0,0,0,0,0,0,60771,0,0,0
1743619166.002319,600855,21068467,0,pscratch,pscratch-ffffa03b0861a000,0,0,219402878101,374678341559,0,0,30987,0,0,0,0,0,0,0,0,0,0,0,0,0,0,0,0,0,0,0,0,0,0,0,0,14968,0,0,0
1743619167.002266,600855,21068467,0,nscratch,nscratch-ffffa03b0426b000,0,0,10355247390040,905049378378,0,0,98179,0,0,0,0,0,0,0,0,0,0,0,0,0,0,0,0,0,0,0,0,0,0,0,0,60771,0,0,0
1743619167.002453,600855,21068467,0,pscratch,pscratch-ffffa03b0861a000,0,0,219402878101,374678341559,0,0,30987,0,0,0,0,0,0,0,0,0,0,0,0,0,0,0,0,0,0,0,0,0,0,0,0,14968,0,0,0
1743619168.002045,600855,21068467,0,nscratch,nscratch-ffffa03b0426b000,0,0,10355247390040,905049378378,0,0,98179,0,0,0,0,0,0,0,0,0,0,0,0,0,0,0,0,0,0,0,0,0,0,0,0,60771,0,0,0
1743619168.002206,600855,21068467,0,pscratch,pscratch-ffffa03b0861a000,0,0,219402878101,374678341559,0,0,30987,0,0,0,0,0,0,0,0,0,0,0,0,0,0,0,0,0,0,0,0,0,0,0,0,14968,0,0,0
1743619169.001766,600855,21068467,0,nscratch,nscratch-ffffa03b0426b000,0,0,10355247390040,905049378378,0,0,98179,0,0,0,0,0,0,0,0,0,0,0,0,0,0,0,0,0,0,0,0,0,0,0,0,60771,0,0,0
1743619169.001991,600855,21068467,0,pscratch,pscratch-ffffa03b0861a000,0,0,219402878101,374678341559,0,0,30987,0,0,0,0,0,0,0,0,0,0,0,0,0,0,0,0,0,0,0,0,0,0,0,0,14968,0,0,0
1743619170.002050,600855,21068467,0,nscratch,nscratch-ffffa03b0426b000,0,0,10355247390040,905049378378,0,0,98179,0,0,0,0,0,0,0,0,0,0,0,0,0,0,0,0,0,0,0,0,0,0,0,0,60771,0,0,0
1743619170.002252,600855,21068467,0,pscratch,pscratch-ffffa03b0861a000,0,0,219402878101,374678341559,0,0,30987,0,0,0,0,0,0,0,0,0,0,0,0,0,0,0,0,0,0,0,0,0,0,0,0,14968,0,0,0
1743619171.001851,600855,21068467,0,nscratch,nscratch-ffffa03b0426b000,0,0,10355247390040,905049378378,0,0,98179,0,0,0,0,0,0,0,0,0,0,0,0,0,0,0,0,0,0,0,0,0,0,0,0,60771,0,0,0
1743619171.002015,600855,21068467,0,pscratch,pscratch-ffffa03b0861a000,0,0,219402878101,374678341559,0,0,30987,0,0,0,0,0,0,0,0,0,0,0,0,0,0,0,0,0,0,0,0,0,0,0,0,14968,0,0,0
1743619172.001328,600855,21068467,0,nscratch,nscratch-ffffa03b0426b000,0,0,10355247390040,905049378378,0,0,98179,0,0,0,0,0,0,0,0,0,0,0,0,0,0,0,0,0,0,0,0,0,0,0,0,60771,0,0,0
1743619172.001485,600855,21068467,0,pscratch,pscratch-ffffa03b0861a000,0,0,219402878101,374678341559,0,0,30987,0,0,0,0,0,0,0,0,0,0,0,0,0,0,0,0,0,0,0,0,0,0,0,0,14968,0,0,0
1743619173.002205,600855,21068467,0,nscratch,nscratch-ffffa03b0426b000,0,0,10355247390040,905049378378,0,0,98179,0,0,0,0,0,0,0,0,0,0,0,0,0,0,0,0,0,0,0,0,0,0,0,0,60771,0,0,0
1743619173.002361,600855,21068467,0,pscratch,pscratch-ffffa03b0861a000,0,0,219402878101,374678341559,0,0,30987,0,0,0,0,0,0,0,0,0,0,0,0,0,0,0,0,0,0,0,0,0,0,0,0,14968,0,0,0
1743619174.001953,600855,21068467,0,nscratch,nscratch-ffffa03b0426b000,0,0,10355247390040,905049378378,0,0,98179,0,0,0,0,0,0,0,0,0,0,0,0,0,0,0,0,0,0,0,0,0,0,0,0,60771,0,0,0
1743619174.002106,600855,21068467,0,pscratch,pscratch-ffffa03b0861a000,0,0,219402878101,374678341559,0,0,30987,0,0,0,0,0,0,0,0,0,0,0,0,0,0,0,0,0,0,0,0,0,0,0,0,14968,0,0,0
1743619175.000871,600855,21068467,0,nscratch,nscratch-ffffa03b0426b000,0,0,10355247390040,905049378378,0,0,98179,0,0,0,0,0,0,0,0,0,0,0,0,0,0,0,0,0,0,0,0,0,0,0,0,60771,0,0,0
1743619175.000986,600855,21068467,0,pscratch,pscratch-ffffa03b0861a000,0,0,219402878101,374678341559,0,0,30987,0,0,0,0,0,0,0,0,0,0,0,0,0,0,0,0,0,0,0,0,0,0,0,0,14968,0,0,0
1743619176.001719,600855,21068467,0,nscratch,nscratch-ffffa03b0426b000,0,0,10355247390040,905049378378,0,0,98179,0,0,0,0,0,0,0,0,0,0,0,0,0,0,0,0,0,0,0,0,0,0,0,0,60771,0,0,0
1743619176.001882,600855,21068467,0,pscratch,pscratch-ffffa03b0861a000,0,0,219402878101,374678341559,0,0,30987,0,0,0,0,0,0,0,0,0,0,0,0,0,0,0,0,0,0,0,0,0,0,0,0,14968,0,0,0
1743619177.002432,600855,21068467,0,nscratch,nscratch-ffffa03b0426b000,0,0,10355247390040,905049378378,0,0,98179,0,0,0,0,0,0,0,0,0,0,0,0,0,0,0,0,0,0,0,0,0,0,0,0,60771,0,0,0
1743619177.002609,600855,21068467,0,pscratch,pscratch-ffffa03b0861a000,0,0,219402878101,374678341559,0,0,30987,0,0,0,0,0,0,0,0,0,0,0,0,0,0,0,0,0,0,0,0,0,0,0,0,14968,0,0,0
1743619178.001988,600855,21068467,0,nscratch,nscratch-ffffa03b0426b000,0,0,10355247390040,905049378378,0,0,98179,0,0,0,0,0,0,0,0,0,0,0,0,0,0,0,0,0,0,0,0,0,0,0,0,60771,0,0,0
1743619178.002195,600855,21068467,0,pscratch,pscratch-ffffa03b0861a000,0,0,219402878101,374678341559,0,0,30987,0,0,0,0,0,0,0,0,0,0,0,0,0,0,0,0,0,0,0,0,0,0,0,0,14968,0,0,0
1743619179.001166,600855,21068467,0,nscratch,nscratch-ffffa03b0426b000,0,0,10355247390040,905049378378,0,0,98179,0,0,0,0,0,0,0,0,0,0,0,0,0,0,0,0,0,0,0,0,0,0,0,0,60771,0,0,0
1743619179.001328,600855,21068467,0,pscratch,pscratch-ffffa03b0861a000,0,0,219402878101,374678341559,0,0,30987,0,0,0,0,0,0,0,0,0,0,0,0,0,0,0,0,0,0,0,0,0,0,0,0,14968,0,0,0
1743619180.001958,600855,21068467,0,nscratch,nscratch-ffffa03b0426b000,0,0,10355247390040,905049378378,0,0,98179,0,0,0,0,0,0,0,0,0,0,0,0,0,0,0,0,0,0,0,0,0,0,0,0,60771,0,0,0
1743619180.002114,600855,21068467,0,pscratch,pscratch-ffffa03b0861a000,0,0,219402878101,374678341559,0,0,30987,0,0,0,0,0,0,0,0,0,0,0,0,0,0,0,0,0,0,0,0,0,0,0,0,14968,0,0,0
1743619181.001426,600855,21068467,0,nscratch,nscratch-ffffa03b0426b000,0,0,10355247390040,905049378378,0,0,98179,0,0,0,0,0,0,0,0,0,0,0,0,0,0,0,0,0,0,0,0,0,0,0,0,60771,0,0,0
1743619181.001583,600855,21068467,0,pscratch,pscratch-ffffa03b0861a000,0,0,219402878101,374678341559,0,0,30987,0,0,0,0,0,0,0,0,0,0,0,0,0,0,0,0,0,0,0,0,0,0,0,0,14968,0,0,0
1743619182.002318,600855,21068467,0,nscratch,nscratch-ffffa03b0426b000,0,0,10355247390040,905049378378,0,0,98179,0,0,0,0,0,0,0,0,0,0,0,0,0,0,0,0,0,0,0,0,0,0,0,0,60771,0,0,0
1743619182.002472,600855,21068467,0,pscratch,pscratch-ffffa03b0861a000,0,0,219402878101,374678341559,0,0,30987,0,0,0,0,0,0,0,0,0,0,0,0,0,0,0,0,0,0,0,0,0,0,0,0,14968,0,0,0
1743619183.002278,600855,21068467,0,nscratch,nscratch-ffffa03b0426b000,0,0,10355247390040,905049378378,0,0,98179,0,0,0,0,0,0,0,0,0,0,0,0,0,0,0,0,0,0,0,0,0,0,0,0,60771,0,0,0
1743619183.002507,600855,21068467,0,pscratch,pscratch-ffffa03b0861a000,0,0,219402878101,374678341559,0,0,30987,0,0,0,0,0,0,0,0,0,0,0,0,0,0,0,0,0,0,0,0,0,0,0,0,14968,0,0,0
1743619184.001845,600855,21068467,0,nscratch,nscratch-ffffa03b0426b000,0,0,10355247390040,905049378378,0,0,98179,0,0,0,0,0,0,0,0,0,0,0,0,0,0,0,0,0,0,0,0,0,0,0,0,60771,0,0,0
1743619184.002013,600855,21068467,0,pscratch,pscratch-ffffa03b0861a000,0,0,219402878101,374678341559,0,0,30987,0,0,0,0,0,0,0,0,0,0,0,0,0,0,0,0,0,0,0,0,0,0,0,0,14968,0,0,0
1743619185.001787,600855,21068467,0,nscratch,nscratch-ffffa03b0426b000,0,0,10355247390040,905049378378,0,0,98179,0,0,0,0,0,0,0,0,0,0,0,0,0,0,0,0,0,0,0,0,0,0,0,0,60771,0,0,0
1743619185.001945,600855,21068467,0,pscratch,pscratch-ffffa03b0861a000,0,0,219402878101,374678341559,0,0,30987,0,0,0,0,0,0,0,0,0,0,0,0,0,0,0,0,0,0,0,0,0,0,0,0,14968,0,0,0
1743619186.002465,600855,21068467,0,nscratch,nscratch-ffffa03b0426b000,0,0,10355247390040,905049378378,0,0,98179,0,0,0,0,0,0,0,0,0,0,0,0,0,0,0,0,0,0,0,0,0,0,0,0,60771,0,0,0
1743619186.002626,600855,21068467,0,pscratch,pscratch-ffffa03b0861a000,0,0,219402878101,374678341559,0,0,30987,0,0,0,0,0,0,0,0,0,0,0,0,0,0,0,0,0,0,0,0,0,0,0,0,14968,0,0,0
1743619187.001900,600855,21068467,0,nscratch,nscratch-ffffa03b0426b000,0,0,10355247390040,905049378378,0,0,98179,0,0,0,0,0,0,0,0,0,0,0,0,0,0,0,0,0,0,0,0,0,0,0,0,60771,0,0,0
1743619187.002061,600855,21068467,0,pscratch,pscratch-ffffa03b0861a000,0,0,219402878101,374678341559,0,0,30987,0,0,0,0,0,0,0,0,0,0,0,0,0,0,0,0,0,0,0,0,0,0,0,0,14968,0,0,0
1743619188.001819,600855,21068467,0,nscratch,nscratch-ffffa03b0426b000,0,0,10355247390040,905049378378,0,0,98179,0,0,0,0,0,0,0,0,0,0,0,0,0,0,0,0,0,0,0,0,0,0,0,0,60771,0,0,0
1743619188.001977,600855,21068467,0,pscratch,pscratch-ffffa03b0861a000,0,0,219402878101,374678341559,0,0,30987,0,0,0,0,0,0,0,0,0,0,0,0,0,0,0,0,0,0,0,0,0,0,0,0,14968,0,0,0
1743619189.001583,600855,21068467,0,nscratch,nscratch-ffffa03b0426b000,0,0,10355247390040,905049378378,0,0,98179,0,0,0,0,0,0,0,0,0,0,0,0,0,0,0,0,0,0,0,0,0,0,0,0,60771,0,0,0
1743619189.001757,600855,21068467,0,pscratch,pscratch-ffffa03b0861a000,0,0,219402878101,374678341559,0,0,30987,0,0,0,0,0,0,0,0,0,0,0,0,0,0,0,0,0,0,0,0,0,0,0,0,14968,0,0,0
1743619190.002044,600855,21068467,0,nscratch,nscratch-ffffa03b0426b000,0,0,10355247390040,905049378378,0,0,98179,0,0,0,0,0,0,0,0,0,0,0,0,0,0,0,0,0,0,0,0,0,0,0,0,60771,0,0,0
1743619190.002194,600855,21068467,0,pscratch,pscratch-ffffa03b0861a000,0,0,219402878101,374678341559,0,0,30987,0,0,0,0,0,0,0,0,0,0,0,0,0,0,0,0,0,0,0,0,0,0,0,0,14968,0,0,0
1743619191.001887,600855,21068467,0,nscratch,nscratch-ffffa03b0426b000,0,0,10355247390040,905049378378,0,0,98179,0,0,0,0,0,0,0,0,0,0,0,0,0,0,0,0,0,0,0,0,0,0,0,0,60771,0,0,0
1743619191.002040,600855,21068467,0,pscratch,pscratch-ffffa03b0861a000,0,0,219402878101,374678341559,0,0,30987,0,0,0,0,0,0,0,0,0,0,0,0,0,0,0,0,0,0,0,0,0,0,0,0,14968,0,0,0
1743619192.001662,600855,21068467,0,nscratch,nscratch-ffffa03b0426b000,0,0,10355247390040,905049378378,0,0,98179,0,0,0,0,0,0,0,0,0,0,0,0,0,0,0,0,0,0,0,0,0,0,0,0,60771,0,0,0
1743619192.001830,600855,21068467,0,pscratch,pscratch-ffffa03b0861a000,0,0,219402878101,374678341559,0,0,30987,0,0,0,0,0,0,0,0,0,0,0,0,0,0,0,0,0,0,0,0,0,0,0,0,14968,0,0,0
1743619193.002092,600855,21068467,0,nscratch,nscratch-ffffa03b0426b000,0,0,10355247390040,905049378378,0,0,98179,0,0,0,0,0,0,0,0,0,0,0,0,0,0,0,0,0,0,0,0,0,0,0,0,60771,0,0,0
1743619193.002241,600855,21068467,0,pscratch,pscratch-ffffa03b0861a000,0,0,219402878101,374678341559,0,0,30987,0,0,0,0,0,0,0,0,0,0,0,0,0,0,0,0,0,0,0,0,0,0,0,0,14968,0,0,0
1743619194.001958,600855,21068467,0,nscratch,nscratch-ffffa03b0426b000,0,0,10355247390040,905049378378,0,0,98179,0,0,0,0,0,0,0,0,0,0,0,0,0,0,0,0,0,0,0,0,0,0,0,0,60771,0,0,0
1743619194.002117,600855,21068467,0,pscratch,pscratch-ffffa03b0861a000,0,0,219402878101,374678341559,0,0,30987,0,0,0,0,0,0,0,0,0,0,0,0,0,0,0,0,0,0,0,0,0,0,0,0,14968,0,0,0
1743619195.001626,600855,21068467,0,nscratch,nscratch-ffffa03b0426b000,0,0,10355247390040,905049378378,0,0,98179,0,0,0,0,0,0,0,0,0,0,0,0,0,0,0,0,0,0,0,0,0,0,0,0,60771,0,0,0
1743619195.001747,600855,21068467,0,pscratch,pscratch-ffffa03b0861a000,0,0,219402878101,374678341559,0,0,30987,0,0,0,0,0,0,0,0,0,0,0,0,0,0,0,0,0,0,0,0,0,0,0,0,14968,0,0,0
1743619196.002012,600855,21068467,0,nscratch,nscratch-ffffa03b0426b000,0,0,10355247390040,905049378378,0,0,98179,0,0,0,0,0,0,0,0,0,0,0,0,0,0,0,0,0,0,0,0,0,0,0,0,60771,0,0,0
1743619196.002177,600855,21068467,0,pscratch,pscratch-ffffa03b0861a000,0,0,219402878101,374678341559,0,0,30987,0,0,0,0,0,0,0,0,0,0,0,0,0,0,0,0,0,0,0,0,0,0,0,0,14968,0,0,0
1743619197.001905,600855,21068467,0,nscratch,nscratch-ffffa03b0426b000,0,0,10355247390040,905049378378,0,0,98179,0,0,0,0,0,0,0,0,0,0,0,0,0,0,0,0,0,0,0,0,0,0,0,0,60771,0,0,0
1743619197.002056,600855,21068467,0,pscratch,pscratch-ffffa03b0861a000,0,0,219402878101,374678341559,0,0,30987,0,0,0,0,0,0,0,0,0,0,0,0,0,0,0,0,0,0,0,0,0,0,0,0,14968,0,0,0
1743619198.001647,600855,21068467,0,nscratch,nscratch-ffffa03b0426b000,0,0,10355247390040,905049378378,0,0,98179,0,0,0,0,0,0,0,0,0,0,0,0,0,0,0,0,0,0,0,0,0,0,0,0,60771,0,0,0
1743619198.001805,600855,21068467,0,pscratch,pscratch-ffffa03b0861a000,0,0,219402878101,374678341559,0,0,30987,0,0,0,0,0,0,0,0,0,0,0,0,0,0,0,0,0,0,0,0,0,0,0,0,14968,0,0,0
1743619199.002096,600855,21068467,0,nscratch,nscratch-ffffa03b0426b000,0,0,10355247390040,905049378378,0,0,98179,0,0,0,0,0,0,0,0,0,0,0,0,0,0,0,0,0,0,0,0,0,0,0,0,60771,0,0,0
1743619199.002263,600855,21068467,0,pscratch,pscratch-ffffa03b0861a000,0,0,219402878101,374678341559,0,0,30987,0,0,0,0,0,0,0,0,0,0,0,0,0,0,0,0,0,0,0,0,0,0,0,0,14968,0,0,0
1743619200.001996,600855,21068467,0,nscratch,nscratch-ffffa03b0426b000,0,0,10355247390040,905049378378,0,0,98179,0,0,0,0,0,0,0,0,0,0,0,0,0,0,0,0,0,0,0,0,0,0,0,0,60771,0,0,0
1743619200.002151,600855,21068467,0,pscratch,pscratch-ffffa03b0861a000,0,0,219402878101,374678341559,0,0,30987,0,0,0,0,0,0,0,0,0,0,0,0,0,0,0,0,0,0,0,0,0,0,0,0,14968,0,0,0
1743619201.001779,600855,21068467,0,nscratch,nscratch-ffffa03b0426b000,0,0,10355247390040,905049378378,0,0,98179,0,0,0,0,0,0,0,0,0,0,0,0,0,0,0,0,0,0,0,0,0,0,0,0,60771,0,0,0
1743619201.001939,600855,21068467,0,pscratch,pscratch-ffffa03b0861a000,0,0,219402878101,374678341559,0,0,30987,0,0,0,0,0,0,0,0,0,0,0,0,0,0,0,0,0,0,0,0,0,0,0,0,14968,0,0,0
1743619202.002201,600855,21068467,0,nscratch,nscratch-ffffa03b0426b000,0,0,10355247390040,905049378378,0,0,98179,0,0,0,0,0,0,0,0,0,0,0,0,0,0,0,0,0,0,0,0,0,0,0,0,60771,0,0,0
1743619202.002359,600855,21068467,0,pscratch,pscratch-ffffa03b0861a000,0,0,219402878101,374678341559,0,0,30987,0,0,0,0,0,0,0,0,0,0,0,0,0,0,0,0,0,0,0,0,0,0,0,0,14968,0,0,0
1743619203.002103,600855,21068467,0,nscratch,nscratch-ffffa03b0426b000,0,0,10355247390040,905049378378,0,0,98179,0,0,0,0,0,0,0,0,0,0,0,0,0,0,0,0,0,0,0,0,0,0,0,0,60771,0,0,0
1743619203.002260,600855,21068467,0,pscratch,pscratch-ffffa03b0861a000,0,0,219402878101,374678341559,0,0,30987,0,0,0,0,0,0,0,0,0,0,0,0,0,0,0,0,0,0,0,0,0,0,0,0,14968,0,0,0
1743619204.001782,600855,21068467,0,nscratch,nscratch-ffffa03b0426b000,0,0,10355247390040,905049378378,0,0,98179,0,0,0,0,0,0,0,0,0,0,0,0,0,0,0,0,0,0,0,0,0,0,0,0,60771,0,0,0
1743619204.001934,600855,21068467,0,pscratch,pscratch-ffffa03b0861a000,0,0,219402878101,374678341559,0,0,30987,0,0,0,0,0,0,0,0,0,0,0,0,0,0,0,0,0,0,0,0,0,0,0,0,14968,0,0,0
1743619205.002180,600855,21068467,0,nscratch,nscratch-ffffa03b0426b000,0,0,10355247390040,905049378378,0,0,98179,0,0,0,0,0,0,0,0,0,0,0,0,0,0,0,0,0,0,0,0,0,0,0,0,60771,0,0,0
1743619205.002330,600855,21068467,0,pscratch,pscratch-ffffa03b0861a000,0,0,219402878101,374678341559,0,0,30987,0,0,0,0,0,0,0,0,0,0,0,0,0,0,0,0,0,0,0,0,0,0,0,0,14968,0,0,0
1743619206.002074,600855,21068467,0,nscratch,nscratch-ffffa03b0426b000,0,0,10355247390040,905049378378,0,0,98179,0,0,0,0,0,0,0,0,0,0,0,0,0,0,0,0,0,0,0,0,0,0,0,0,60771,0,0,0
1743619206.002250,600855,21068467,0,pscratch,pscratch-ffffa03b0861a000,0,0,219402878101,374678341559,0,0,30987,0,0,0,0,0,0,0,0,0,0,0,0,0,0,0,0,0,0,0,0,0,0,0,0,14968,0,0,0
1743619207.001977,600855,21068467,0,nscratch,nscratch-ffffa03b0426b000,0,0,10355247390040,905049378378,0,0,98179,0,0,0,0,0,0,0,0,0,0,0,0,0,0,0,0,0,0,0,0,0,0,0,0,60771,0,0,0
1743619207.002146,600855,21068467,0,pscratch,pscratch-ffffa03b0861a000,0,0,219402878101,374678341559,0,0,30987,0,0,0,0,0,0,0,0,0,0,0,0,0,0,0,0,0,0,0,0,0,0,0,0,14968,0,0,0
1743619208.001473,600855,21068467,0,nscratch,nscratch-ffffa03b0426b000,0,0,10355247390040,905049378378,0,0,98179,0,0,0,0,0,0,0,0,0,0,0,0,0,0,0,0,0,0,0,0,0,0,0,0,60771,0,0,0
1743619208.001640,600855,21068467,0,pscratch,pscratch-ffffa03b0861a000,0,0,219402878101,374678341559,0,0,30987,0,0,0,0,0,0,0,0,0,0,0,0,0,0,0,0,0,0,0,0,0,0,0,0,14968,0,0,0
1743619209.002381,600855,21068467,0,nscratch,nscratch-ffffa03b0426b000,0,0,10355247390040,905049378378,0,0,98179,0,0,0,0,0,0,0,0,0,0,0,0,0,0,0,0,0,0,0,0,0,0,0,0,60771,0,0,0
1743619209.002538,600855,21068467,0,pscratch,pscratch-ffffa03b0861a000,0,0,219402878101,374678341559,0,0,30987,0,0,0,0,0,0,0,0,0,0,0,0,0,0,0,0,0,0,0,0,0,0,0,0,14968,0,0,0
1743619210.002108,600855,21068467,0,nscratch,nscratch-ffffa03b0426b000,0,0,10355247390040,905049378378,0,0,98179,0,0,0,0,0,0,0,0,0,0,0,0,0,0,0,0,0,0,0,0,0,0,0,0,60771,0,0,0
1743619210.002272,600855,21068467,0,pscratch,pscratch-ffffa03b0861a000,0,0,219402878101,374678341559,0,0,30987,0,0,0,0,0,0,0,0,0,0,0,0,0,0,0,0,0,0,0,0,0,0,0,0,14968,0,0,0
1743619211.001565,600855,21068467,0,nscratch,nscratch-ffffa03b0426b000,0,0,10355247390040,905049378378,0,0,98179,0,0,0,0,0,0,0,0,0,0,0,0,0,0,0,0,0,0,0,0,0,0,0,0,60771,0,0,0
1743619211.001726,600855,21068467,0,pscratch,pscratch-ffffa03b0861a000,0,0,219402878101,374678341559,0,0,30987,0,0,0,0,0,0,0,0,0,0,0,0,0,0,0,0,0,0,0,0,0,0,0,0,14968,0,0,0
1743619212.002428,600855,21068467,0,nscratch,nscratch-ffffa03b0426b000,0,0,10355247390040,905049378378,0,0,98179,0,0,0,0,0,0,0,0,0,0,0,0,0,0,0,0,0,0,0,0,0,0,0,0,60771,0,0,0
1743619212.002586,600855,21068467,0,pscratch,pscratch-ffffa03b0861a000,0,0,219402878101,374678341559,0,0,30987,0,0,0,0,0,0,0,0,0,0,0,0,0,0,0,0,0,0,0,0,0,0,0,0,14968,0,0,0
1743619213.002102,600855,21068467,0,nscratch,nscratch-ffffa03b0426b000,0,0,10355247390040,905049378378,0,0,98179,0,0,0,0,0,0,0,0,0,0,0,0,0,0,0,0,0,0,0,0,0,0,0,0,60771,0,0,0
1743619213.002252,600855,21068467,0,pscratch,pscratch-ffffa03b0861a000,0,0,219402878101,374678341559,0,0,30987,0,0,0,0,0,0,0,0,0,0,0,0,0,0,0,0,0,0,0,0,0,0,0,0,14968,0,0,0
1743619214.001557,600855,21068467,0,nscratch,nscratch-ffffa03b0426b000,0,0,10355247390040,905049378378,0,0,98179,0,0,0,0,0,0,0,0,0,0,0,0,0,0,0,0,0,0,0,0,0,0,0,0,60771,0,0,0
1743619214.001722,600855,21068467,0,pscratch,pscratch-ffffa03b0861a000,0,0,219402878101,374678341559,0,0,30987,0,0,0,0,0,0,0,0,0,0,0,0,0,0,0,0,0,0,0,0,0,0,0,0,14968,0,0,0
1743619215.002551,600855,21068467,0,nscratch,nscratch-ffffa03b0426b000,0,0,10355247390040,905049378378,0,0,98179,0,0,0,0,0,0,0,0,0,0,0,0,0,0,0,0,0,0,0,0,0,0,0,0,60771,0,0,0
1743619215.002769,600855,21068467,0,pscratch,pscratch-ffffa03b0861a000,0,0,219402878101,374678341559,0,0,30987,0,0,0,0,0,0,0,0,0,0,0,0,0,0,0,0,0,0,0,0,0,0,0,0,14968,0,0,0
1743619216.002395,600855,21068467,0,nscratch,nscratch-ffffa03b0426b000,0,0,10355247390040,905049378378,0,0,98179,0,0,0,0,0,0,0,0,0,0,0,0,0,0,0,0,0,0,0,0,0,0,0,0,60771,0,0,0
1743619216.002585,600855,21068467,0,pscratch,pscratch-ffffa03b0861a000,0,0,219402878101,374678341559,0,0,30987,0,0,0,0,0,0,0,0,0,0,0,0,0,0,0,0,0,0,0,0,0,0,0,0,14968,0,0,0
1743619217.001871,600855,21068467,0,nscratch,nscratch-ffffa03b0426b000,0,0,10355247390040,905049378378,0,0,98179,0,0,0,0,0,0,0,0,0,0,0,0,0,0,0,0,0,0,0,0,0,0,0,0,60771,0,0,0
1743619217.002033,600855,21068467,0,pscratch,pscratch-ffffa03b0861a000,0,0,219402878101,374678341559,0,0,30987,0,0,0,0,0,0,0,0,0,0,0,0,0,0,0,0,0,0,0,0,0,0,0,0,14968,0,0,0
1743619218.001772,600855,21068467,0,nscratch,nscratch-ffffa03b0426b000,0,0,10355247390040,905049378378,0,0,98179,0,0,0,0,0,0,0,0,0,0,0,0,0,0,0,0,0,0,0,0,0,0,0,0,60771,0,0,0
1743619218.001927,600855,21068467,0,pscratch,pscratch-ffffa03b0861a000,0,0,219402878101,374678341559,0,0,30987,0,0,0,0,0,0,0,0,0,0,0,0,0,0,0,0,0,0,0,0,0,0,0,0,14968,0,0,0
1743619219.002490,600855,21068467,0,nscratch,nscratch-ffffa03b0426b000,0,0,10355247390040,905049378378,0,0,98179,0,0,0,0,0,0,0,0,0,0,0,0,0,0,0,0,0,0,0,0,0,0,0,0,60771,0,0,0
1743619219.002657,600855,21068467,0,pscratch,pscratch-ffffa03b0861a000,0,0,219402878101,374678341559,0,0,30987,0,0,0,0,0,0,0,0,0,0,0,0,0,0,0,0,0,0,0,0,0,0,0,0,14968,0,0,0
1743619220.001910,600855,21068467,0,nscratch,nscratch-ffffa03b0426b000,0,0,10355247390040,905049378378,0,0,98179,0,0,0,0,0,0,0,0,0,0,0,0,0,0,0,0,0,0,0,0,0,0,0,0,60771,0,0,0
1743619220.002072,600855,21068467,0,pscratch,pscratch-ffffa03b0861a000,0,0,219402878101,374678341559,0,0,30987,0,0,0,0,0,0,0,0,0,0,0,0,0,0,0,0,0,0,0,0,0,0,0,0,14968,0,0,0
1743619221.001867,600855,21068467,0,nscratch,nscratch-ffffa03b0426b000,0,0,10355247390040,905049378378,0,0,98179,0,0,0,0,0,0,0,0,0,0,0,0,0,0,0,0,0,0,0,0,0,0,0,0,60771,0,0,0
1743619221.002027,600855,21068467,0,pscratch,pscratch-ffffa03b0861a000,0,0,219402878101,374678341559,0,0,30987,0,0,0,0,0,0,0,0,0,0,0,0,0,0,0,0,0,0,0,0,0,0,0,0,14968,0,0,0
1743619222.001588,600855,21068467,0,nscratch,nscratch-ffffa03b0426b000,0,0,10355247390040,905049378378,0,0,98179,0,0,0,0,0,0,0,0,0,0,0,0,0,0,0,0,0,0,0,0,0,0,0,0,60771,0,0,0
1743619222.001744,600855,21068467,0,pscratch,pscratch-ffffa03b0861a000,0,0,219402878101,374678341559,0,0,30987,0,0,0,0,0,0,0,0,0,0,0,0,0,0,0,0,0,0,0,0,0,0,0,0,14968,0,0,0
1743619223.002008,600855,21068467,0,nscratch,nscratch-ffffa03b0426b000,0,0,10355247390040,905049378378,0,0,98179,0,0,0,0,0,0,0,0,0,0,0,0,0,0,0,0,0,0,0,0,0,0,0,0,60771,0,0,0
1743619223.002169,600855,21068467,0,pscratch,pscratch-ffffa03b0861a000,0,0,219402878101,374678341559,0,0,30987,0,0,0,0,0,0,0,0,0,0,0,0,0,0,0,0,0,0,0,0,0,0,0,0,14968,0,0,0
1743619224.001934,600855,21068467,0,nscratch,nscratch-ffffa03b0426b000,0,0,10355247390040,905049378378,0,0,98179,0,0,0,0,0,0,0,0,0,0,0,0,0,0,0,0,0,0,0,0,0,0,0,0,60771,0,0,0
1743619224.002086,600855,21068467,0,pscratch,pscratch-ffffa03b0861a000,0,0,219402878101,374678341559,0,0,30987,0,0,0,0,0,0,0,0,0,0,0,0,0,0,0,0,0,0,0,0,0,0,0,0,14968,0,0,0
1743619225.001707,600855,21068467,0,nscratch,nscratch-ffffa03b0426b000,0,0,10355247390040,905049378378,0,0,98179,0,0,0,0,0,0,0,0,0,0,0,0,0,0,0,0,0,0,0,0,0,0,0,0,60771,0,0,0
1743619225.001868,600855,21068467,0,pscratch,pscratch-ffffa03b0861a000,0,0,219402878101,374678341559,0,0,30987,0,0,0,0,0,0,0,0,0,0,0,0,0,0,0,0,0,0,0,0,0,0,0,0,14968,0,0,0
1743619226.002132,600855,21068467,0,nscratch,nscratch-ffffa03b0426b000,0,0,10355247390040,905049378378,0,0,98179,0,0,0,0,0,0,0,0,0,0,0,0,0,0,0,0,0,0,0,0,0,0,0,0,60771,0,0,0
1743619226.002291,600855,21068467,0,pscratch,pscratch-ffffa03b0861a000,0,0,219402878101,374678341559,0,0,30987,0,0,0,0,0,0,0,0,0,0,0,0,0,0,0,0,0,0,0,0,0,0,0,0,14968,0,0,0
1743619227.001998,600855,21068467,0,nscratch,nscratch-ffffa03b0426b000,0,0,10355247390040,905049378378,0,0,98179,0,0,0,0,0,0,0,0,0,0,0,0,0,0,0,0,0,0,0,0,0,0,0,0,60771,0,0,0
1743619227.002153,600855,21068467,0,pscratch,pscratch-ffffa03b0861a000,0,0,219402878101,374678341559,0,0,30987,0,0,0,0,0,0,0,0,0,0,0,0,0,0,0,0,0,0,0,0,0,0,0,0,14968,0,0,0
1743619228.001787,600855,21068467,0,nscratch,nscratch-ffffa03b0426b000,0,0,10355247390040,905049378378,0,0,98179,0,0,0,0,0,0,0,0,0,0,0,0,0,0,0,0,0,0,0,0,0,0,0,0,60771,0,0,0
1743619228.001949,600855,21068467,0,pscratch,pscratch-ffffa03b0861a000,0,0,219402878101,374678341559,0,0,30987,0,0,0,0,0,0,0,0,0,0,0,0,0,0,0,0,0,0,0,0,0,0,0,0,14968,0,0,0
1743619229.002400,600855,21068467,0,nscratch,nscratch-ffffa03b0426b000,0,0,10355247390040,905049378378,0,0,98179,0,0,0,0,0,0,0,0,0,0,0,0,0,0,0,0,0,0,0,0,0,0,0,0,60771,0,0,0
1743619229.002605,600855,21068467,0,pscratch,pscratch-ffffa03b0861a000,0,0,219402878101,374678341559,0,0,30987,0,0,0,0,0,0,0,0,0,0,0,0,0,0,0,0,0,0,0,0,0,0,0,0,14968,0,0,0
1743619230.002400,600855,21068467,0,nscratch,nscratch-ffffa03b0426b000,0,0,10355247390040,905049378378,0,0,98179,0,0,0,0,0,0,0,0,0,0,0,0,0,0,0,0,0,0,0,0,0,0,0,0,60771,0,0,0
1743619230.002563,600855,21068467,0,pscratch,pscratch-ffffa03b0861a000,0,0,219402878101,374678341559,0,0,30987,0,0,0,0,0,0,0,0,0,0,0,0,0,0,0,0,0,0,0,0,0,0,0,0,14968,0,0,0
1743619231.002145,600855,21068467,0,nscratch,nscratch-ffffa03b0426b000,0,0,10355247390040,905049378378,0,0,98179,0,0,0,0,0,0,0,0,0,0,0,0,0,0,0,0,0,0,0,0,0,0,0,0,60771,0,0,0
1743619231.002303,600855,21068467,0,pscratch,pscratch-ffffa03b0861a000,0,0,219402878101,374678341559,0,0,30987,0,0,0,0,0,0,0,0,0,0,0,0,0,0,0,0,0,0,0,0,0,0,0,0,14968,0,0,0
1743619232.001654,600855,21068467,0,nscratch,nscratch-ffffa03b0426b000,0,0,10355247390040,905049378378,0,0,98179,0,0,0,0,0,0,0,0,0,0,0,0,0,0,0,0,0,0,0,0,0,0,0,0,60771,0,0,0
1743619232.001816,600855,21068467,0,pscratch,pscratch-ffffa03b0861a000,0,0,219402878101,374678341559,0,0,30987,0,0,0,0,0,0,0,0,0,0,0,0,0,0,0,0,0,0,0,0,0,0,0,0,14968,0,0,0
1743619233.001661,600855,21068467,0,nscratch,nscratch-ffffa03b0426b000,0,0,10355247390040,905049378378,0,0,98179,0,0,0,0,0,0,0,0,0,0,0,0,0,0,0,0,0,0,0,0,0,0,0,0,60771,0,0,0
1743619233.001824,600855,21068467,0,pscratch,pscratch-ffffa03b0861a000,0,0,219402878101,374678341559,0,0,30987,0,0,0,0,0,0,0,0,0,0,0,0,0,0,0,0,0,0,0,0,0,0,0,0,14968,0,0,0
1743619234.002452,600855,21068467,0,nscratch,nscratch-ffffa03b0426b000,0,0,10355247390040,905049378378,0,0,98179,0,0,0,0,0,0,0,0,0,0,0,0,0,0,0,0,0,0,0,0,0,0,0,0,60771,0,0,0
1743619234.002615,600855,21068467,0,pscratch,pscratch-ffffa03b0861a000,0,0,219402878101,374678341559,0,0,30987,0,0,0,0,0,0,0,0,0,0,0,0,0,0,0,0,0,0,0,0,0,0,0,0,14968,0,0,0
1743619235.001916,600855,21068467,0,nscratch,nscratch-ffffa03b0426b000,0,0,10355247390040,905049378378,0,0,98179,0,0,0,0,0,0,0,0,0,0,0,0,0,0,0,0,0,0,0,0,0,0,0,0,60771,0,0,0
1743619235.002074,600855,21068467,0,pscratch,pscratch-ffffa03b0861a000,0,0,219402878101,374678341559,0,0,30987,0,0,0,0,0,0,0,0,0,0,0,0,0,0,0,0,0,0,0,0,0,0,0,0,14968,0,0,0
1743619236.001854,600855,21068467,0,nscratch,nscratch-ffffa03b0426b000,0,0,10355247390040,905049378378,0,0,98179,0,0,0,0,0,0,0,0,0,0,0,0,0,0,0,0,0,0,0,0,0,0,0,0,60771,0,0,0
1743619236.002013,600855,21068467,0,pscratch,pscratch-ffffa03b0861a000,0,0,219402878101,374678341559,0,0,30987,0,0,0,0,0,0,0,0,0,0,0,0,0,0,0,0,0,0,0,0,0,0,0,0,14968,0,0,0
1743619237.001605,600855,21068467,0,nscratch,nscratch-ffffa03b0426b000,0,0,10355247390040,905049378378,0,0,98179,0,0,0,0,0,0,0,0,0,0,0,0,0,0,0,0,0,0,0,0,0,0,0,0,60771,0,0,0
1743619237.001770,600855,21068467,0,pscratch,pscratch-ffffa03b0861a000,0,0,219402878101,374678341559,0,0,30987,0,0,0,0,0,0,0,0,0,0,0,0,0,0,0,0,0,0,0,0,0,0,0,0,14968,0,0,0
1743619238.002082,600855,21068467,0,nscratch,nscratch-ffffa03b0426b000,0,0,10355247390040,905049378378,0,0,98179,0,0,0,0,0,0,0,0,0,0,0,0,0,0,0,0,0,0,0,0,0,0,0,0,60771,0,0,0
1743619238.002240,600855,21068467,0,pscratch,pscratch-ffffa03b0861a000,0,0,219402878101,374678341559,0,0,30987,0,0,0,0,0,0,0,0,0,0,0,0,0,0,0,0,0,0,0,0,0,0,0,0,14968,0,0,0
1743619239.002022,600855,21068467,0,nscratch,nscratch-ffffa03b0426b000,0,0,10355247390040,905049378378,0,0,98179,0,0,0,0,0,0,0,0,0,0,0,0,0,0,0,0,0,0,0,0,0,0,0,0,60771,0,0,0
1743619239.002182,600855,21068467,0,pscratch,pscratch-ffffa03b0861a000,0,0,219402878101,374678341559,0,0,30987,0,0,0,0,0,0,0,0,0,0,0,0,0,0,0,0,0,0,0,0,0,0,0,0,14968,0,0,0
1743619240.001819,600855,21068467,0,nscratch,nscratch-ffffa03b0426b000,0,0,10355247390040,905049378378,0,0,98179,0,0,0,0,0,0,0,0,0,0,0,0,0,0,0,0,0,0,0,0,0,0,0,0,60771,0,0,0
1743619240.001976,600855,21068467,0,pscratch,pscratch-ffffa03b0861a000,0,0,219402878101,374678341559,0,0,30987,0,0,0,0,0,0,0,0,0,0,0,0,0,0,0,0,0,0,0,0,0,0,0,0,14968,0,0,0
1743619241.002281,600855,21068467,0,nscratch,nscratch-ffffa03b0426b000,0,0,10355247390040,905049378378,0,0,98179,0,0,0,0,0,0,0,0,0,0,0,0,0,0,0,0,0,0,0,0,0,0,0,0,60771,0,0,0
1743619241.002439,600855,21068467,0,pscratch,pscratch-ffffa03b0861a000,0,0,219402878101,374678341559,0,0,30987,0,0,0,0,0,0,0,0,0,0,0,0,0,0,0,0,0,0,0,0,0,0,0,0,14968,0,0,0
1743619242.002236,600855,21068467,0,nscratch,nscratch-ffffa03b0426b000,0,0,10355247390040,905049378378,0,0,98179,0,0,0,0,0,0,0,0,0,0,0,0,0,0,0,0,0,0,0,0,0,0,0,0,60771,0,0,0
1743619242.002404,600855,21068467,0,pscratch,pscratch-ffffa03b0861a000,0,0,219402878101,374678341559,0,0,30987,0,0,0,0,0,0,0,0,0,0,0,0,0,0,0,0,0,0,0,0,0,0,0,0,14968,0,0,0
1743619243.002031,600855,21068467,0,nscratch,nscratch-ffffa03b0426b000,0,0,10355247390040,905049378378,0,0,98179,0,0,0,0,0,0,0,0,0,0,0,0,0,0,0,0,0,0,0,0,0,0,0,0,60771,0,0,0
1743619243.002188,600855,21068467,0,pscratch,pscratch-ffffa03b0861a000,0,0,219402878101,374678341559,0,0,30987,0,0,0,0,0,0,0,0,0,0,0,0,0,0,0,0,0,0,0,0,0,0,0,0,14968,0,0,0
1743619244.001491,600855,21068467,0,nscratch,nscratch-ffffa03b0426b000,0,0,10355247390040,905049378378,0,0,98179,0,0,0,0,0,0,0,0,0,0,0,0,0,0,0,0,0,0,0,0,0,0,0,0,60771,0,0,0
1743619244.001652,600855,21068467,0,pscratch,pscratch-ffffa03b0861a000,0,0,219402878101,374678341559,0,0,30987,0,0,0,0,0,0,0,0,0,0,0,0,0,0,0,0,0,0,0,0,0,0,0,0,14968,0,0,0
1743619245.002368,600855,21068467,0,nscratch,nscratch-ffffa03b0426b000,0,0,10355247390040,905049378378,0,0,98179,0,0,0,0,0,0,0,0,0,0,0,0,0,0,0,0,0,0,0,0,0,0,0,0,60771,0,0,0
1743619245.002523,600855,21068467,0,pscratch,pscratch-ffffa03b0861a000,0,0,219402878101,374678341559,0,0,30987,0,0,0,0,0,0,0,0,0,0,0,0,0,0,0,0,0,0,0,0,0,0,0,0,14968,0,0,0
1743619246.002083,600855,21068467,0,nscratch,nscratch-ffffa03b0426b000,0,0,10355247390040,905049378378,0,0,98179,0,0,0,0,0,0,0,0,0,0,0,0,0,0,0,0,0,0,0,0,0,0,0,0,60771,0,0,0
1743619246.002235,600855,21068467,0,pscratch,pscratch-ffffa03b0861a000,0,0,219402878101,374678341559,0,0,30987,0,0,0,0,0,0,0,0,0,0,0,0,0,0,0,0,0,0,0,0,0,0,0,0,14968,0,0,0
1743619247.001524,600855,21068467,0,nscratch,nscratch-ffffa03b0426b000,0,0,10355247390040,905049378378,0,0,98179,0,0,0,0,0,0,0,0,0,0,0,0,0,0,0,0,0,0,0,0,0,0,0,0,60771,0,0,0
1743619247.001692,600855,21068467,0,pscratch,pscratch-ffffa03b0861a000,0,0,219402878101,374678341559,0,0,30987,0,0,0,0,0,0,0,0,0,0,0,0,0,0,0,0,0,0,0,0,0,0,0,0,14968,0,0,0
1743619248.002421,600855,21068467,0,nscratch,nscratch-ffffa03b0426b000,0,0,10355247390040,905049378378,0,0,98179,0,0,0,0,0,0,0,0,0,0,0,0,0,0,0,0,0,0,0,0,0,0,0,0,60771,0,0,0
1743619248.002570,600855,21068467,0,pscratch,pscratch-ffffa03b0861a000,0,0,219402878101,374678341559,0,0,30987,0,0,0,0,0,0,0,0,0,0,0,0,0,0,0,0,0,0,0,0,0,0,0,0,14968,0,0,0
1743619249.002439,600855,21068467,0,nscratch,nscratch-ffffa03b0426b000,0,0,10355247390040,905049378378,0,0,98179,0,0,0,0,0,0,0,0,0,0,0,0,0,0,0,0,0,0,0,0,0,0,0,0,60771,0,0,0
1743619249.002644,600855,21068467,0,pscratch,pscratch-ffffa03b0861a000,0,0,219402878101,374678341559,0,0,30987,0,0,0,0,0,0,0,0,0,0,0,0,0,0,0,0,0,0,0,0,0,0,0,0,14968,0,0,0
1743619250.001948,600855,21068467,0,nscratch,nscratch-ffffa03b0426b000,0,0,10355247390040,905049378378,0,0,98179,0,0,0,0,0,0,0,0,0,0,0,0,0,0,0,0,0,0,0,0,0,0,0,0,60771,0,0,0
1743619250.002102,600855,21068467,0,pscratch,pscratch-ffffa03b0861a000,0,0,219402878101,374678341559,0,0,30987,0,0,0,0,0,0,0,0,0,0,0,0,0,0,0,0,0,0,0,0,0,0,0,0,14968,0,0,0
1743619251.002107,600855,21068467,0,nscratch,nscratch-ffffa03b0426b000,0,0,10355247390040,905049378378,0,0,98179,0,0,0,0,0,0,0,0,0,0,0,0,0,0,0,0,0,0,0,0,0,0,0,0,60771,0,0,0
1743619251.002279,600855,21068467,0,pscratch,pscratch-ffffa03b0861a000,0,0,219402878101,374678341559,0,0,30987,0,0,0,0,0,0,0,0,0,0,0,0,0,0,0,0,0,0,0,0,0,0,0,0,14968,0,0,0
1743619252.001986,600855,21068467,0,nscratch,nscratch-ffffa03b0426b000,0,0,10355247390040,905049378378,0,0,98179,0,0,0,0,0,0,0,0,0,0,0,0,0,0,0,0,0,0,0,0,0,0,0,0,60771,0,0,0
1743619252.002155,600855,21068467,0,pscratch,pscratch-ffffa03b0861a000,0,0,219402878101,374678341559,0,0,30987,0,0,0,0,0,0,0,0,0,0,0,0,0,0,0,0,0,0,0,0,0,0,0,0,14968,0,0,0
1743619253.001470,600855,21068467,0,nscratch,nscratch-ffffa03b0426b000,0,0,10355247390040,905049378378,0,0,98179,0,0,0,0,0,0,0,0,0,0,0,0,0,0,0,0,0,0,0,0,0,0,0,0,60771,0,0,0
1743619253.001651,600855,21068467,0,pscratch,pscratch-ffffa03b0861a000,0,0,219402878101,374678341559,0,0,30987,0,0,0,0,0,0,0,0,0,0,0,0,0,0,0,0,0,0,0,0,0,0,0,0,14968,0,0,0
1743619254.002666,600855,21068467,0,nscratch,nscratch-ffffa03b0426b000,0,0,10355247390040,905049378378,0,0,98179,0,0,0,0,0,0,0,0,0,0,0,0,0,0,0,0,0,0,0,0,0,0,0,0,60771,0,0,0
1743619254.002879,600855,21068467,0,pscratch,pscratch-ffffa03b0861a000,0,0,219402878101,374678341559,0,0,30987,0,0,0,0,0,0,0,0,0,0,0,0,0,0,0,0,0,0,0,0,0,0,0,0,14968,0,0,0
1743619255.002471,600855,21068467,0,nscratch,nscratch-ffffa03b0426b000,0,0,10355247390040,905049378378,0,0,98179,0,0,0,0,0,0,0,0,0,0,0,0,0,0,0,0,0,0,0,0,0,0,0,0,60771,0,0,0
1743619255.002634,600855,21068467,0,pscratch,pscratch-ffffa03b0861a000,0,0,219402878101,374678341559,0,0,30987,0,0,0,0,0,0,0,0,0,0,0,0,0,0,0,0,0,0,0,0,0,0,0,0,14968,0,0,0
1743619256.001978,600855,21068467,0,nscratch,nscratch-ffffa03b0426b000,0,0,10355247390040,905049378378,0,0,98179,0,0,0,0,0,0,0,0,0,0,0,0,0,0,0,0,0,0,0,0,0,0,0,0,60771,0,0,0
1743619256.002134,600855,21068467,0,pscratch,pscratch-ffffa03b0861a000,0,0,219402878101,374678341559,0,0,30987,0,0,0,0,0,0,0,0,0,0,0,0,0,0,0,0,0,0,0,0,0,0,0,0,14968,0,0,0
1743619257.001933,600855,21068467,0,nscratch,nscratch-ffffa03b0426b000,0,0,10355247390040,905049378378,0,0,98179,0,0,0,0,0,0,0,0,0,0,0,0,0,0,0,0,0,0,0,0,0,0,0,0,60771,0,0,0
1743619257.002102,600855,21068467,0,pscratch,pscratch-ffffa03b0861a000,0,0,219402878101,374678341559,0,0,30987,0,0,0,0,0,0,0,0,0,0,0,0,0,0,0,0,0,0,0,0,0,0,0,0,14968,0,0,0
1743619258.001730,600855,21068467,0,nscratch,nscratch-ffffa03b0426b000,0,0,10355247390040,905049378378,0,0,98179,0,0,0,0,0,0,0,0,0,0,0,0,0,0,0,0,0,0,0,0,0,0,0,0,60771,0,0,0
1743619258.001891,600855,21068467,0,pscratch,pscratch-ffffa03b0861a000,0,0,219402878101,374678341559,0,0,30987,0,0,0,0,0,0,0,0,0,0,0,0,0,0,0,0,0,0,0,0,0,0,0,0,14968,0,0,0
1743619259.002207,600855,21068467,0,nscratch,nscratch-ffffa03b0426b000,0,0,10355247390040,905049378378,0,0,98179,0,0,0,0,0,0,0,0,0,0,0,0,0,0,0,0,0,0,0,0,0,0,0,0,60771,0,0,0
1743619259.002375,600855,21068467,0,pscratch,pscratch-ffffa03b0861a000,0,0,219402878101,374678341559,0,0,30987,0,0,0,0,0,0,0,0,0,0,0,0,0,0,0,0,0,0,0,0,0,0,0,0,14968,0,0,0
1743619260.002128,600855,21068467,0,nscratch,nscratch-ffffa03b0426b000,0,0,10355247390040,905049378378,0,0,98179,0,0,0,0,0,0,0,0,0,0,0,0,0,0,0,0,0,0,0,0,0,0,0,0,60771,0,0,0
1743619260.002287,600855,21068467,0,pscratch,pscratch-ffffa03b0861a000,0,0,219402878101,374678341559,0,0,30987,0,0,0,0,0,0,0,0,0,0,0,0,0,0,0,0,0,0,0,0,0,0,0,0,14968,0,0,0
1743619261.001954,600855,21068467,0,nscratch,nscratch-ffffa03b0426b000,0,0,10355247390040,905049378378,0,0,98179,0,0,0,0,0,0,0,0,0,0,0,0,0,0,0,0,0,0,0,0,0,0,0,0,60771,0,0,0
1743619261.002118,600855,21068467,0,pscratch,pscratch-ffffa03b0861a000,0,0,219402878101,374678341559,0,0,30987,0,0,0,0,0,0,0,0,0,0,0,0,0,0,0,0,0,0,0,0,0,0,0,0,14968,0,0,0
1743619262.001429,600855,21068467,0,nscratch,nscratch-ffffa03b0426b000,0,0,10355247390040,905049378378,0,0,98179,0,0,0,0,0,0,0,0,0,0,0,0,0,0,0,0,0,0,0,0,0,0,0,0,60771,0,0,0
1743619262.001590,600855,21068467,0,pscratch,pscratch-ffffa03b0861a000,0,0,219402878101,374678341559,0,0,30987,0,0,0,0,0,0,0,0,0,0,0,0,0,0,0,0,0,0,0,0,0,0,0,0,14968,0,0,0
1743619263.002372,600855,21068467,0,nscratch,nscratch-ffffa03b0426b000,0,0,10355247390040,905049378378,0,0,98179,0,0,0,0,0,0,0,0,0,0,0,0,0,0,0,0,0,0,0,0,0,0,0,0,60771,0,0,0
1743619263.002541,600855,21068467,0,pscratch,pscratch-ffffa03b0861a000,0,0,219402878101,374678341559,0,0,30987,0,0,0,0,0,0,0,0,0,0,0,0,0,0,0,0,0,0,0,0,0,0,0,0,14968,0,0,0
1743619264.002169,600855,21068467,0,nscratch,nscratch-ffffa03b0426b000,0,0,10355247390040,905049378378,0,0,98179,0,0,0,0,0,0,0,0,0,0,0,0,0,0,0,0,0,0,0,0,0,0,0,0,60771,0,0,0
1743619264.002322,600855,21068467,0,pscratch,pscratch-ffffa03b0861a000,0,0,219402878101,374678341559,0,0,30987,0,0,0,0,0,0,0,0,0,0,0,0,0,0,0,0,0,0,0,0,0,0,0,0,14968,0,0,0
1743619265.001656,600855,21068467,0,nscratch,nscratch-ffffa03b0426b000,0,0,10355247390040,905049378378,0,0,98179,0,0,0,0,0,0,0,0,0,0,0,0,0,0,0,0,0,0,0,0,0,0,0,0,60771,0,0,0
1743619265.001831,600855,21068467,0,pscratch,pscratch-ffffa03b0861a000,0,0,219402878101,374678341559,0,0,30987,0,0,0,0,0,0,0,0,0,0,0,0,0,0,0,0,0,0,0,0,0,0,0,0,14968,0,0,0
1743619266.001665,600855,21068467,0,nscratch,nscratch-ffffa03b0426b000,0,0,10355247390040,905049378378,0,0,98179,0,0,0,0,0,0,0,0,0,0,0,0,0,0,0,0,0,0,0,0,0,0,0,0,60771,0,0,0
1743619266.001827,600855,21068467,0,pscratch,pscratch-ffffa03b0861a000,0,0,219402878101,374678341559,0,0,30987,0,0,0,0,0,0,0,0,0,0,0,0,0,0,0,0,0,0,0,0,0,0,0,0,14968,0,0,0
1743619267.002432,600855,21068467,0,nscratch,nscratch-ffffa03b0426b000,0,0,10355247390040,905049378378,0,0,98179,0,0,0,0,0,0,0,0,0,0,0,0,0,0,0,0,0,0,0,0,0,0,0,0,60771,0,0,0
1743619267.002597,600855,21068467,0,pscratch,pscratch-ffffa03b0861a000,0,0,219402878101,374678341559,0,0,30987,0,0,0,0,0,0,0,0,0,0,0,0,0,0,0,0,0,0,0,0,0,0,0,0,14968,0,0,0
1743619268.001963,600855,21068467,0,nscratch,nscratch-ffffa03b0426b000,0,0,10355247390040,905049378378,0,0,98179,0,0,0,0,0,0,0,0,0,0,0,0,0,0,0,0,0,0,0,0,0,0,0,0,60771,0,0,0
1743619268.002151,600855,21068467,0,pscratch,pscratch-ffffa03b0861a000,0,0,219402878101,374678341559,0,0,30987,0,0,0,0,0,0,0,0,0,0,0,0,0,0,0,0,0,0,0,0,0,0,0,0,14968,0,0,0
1743619269.001966,600855,21068467,0,nscratch,nscratch-ffffa03b0426b000,0,0,10355247390040,905049378378,0,0,98179,0,0,0,0,0,0,0,0,0,0,0,0,0,0,0,0,0,0,0,0,0,0,0,0,60771,0,0,0
1743619269.002129,600855,21068467,0,pscratch,pscratch-ffffa03b0861a000,0,0,219402878101,374678341559,0,0,30987,0,0,0,0,0,0,0,0,0,0,0,0,0,0,0,0,0,0,0,0,0,0,0,0,14968,0,0,0
1743619270.001689,600855,21068467,0,nscratch,nscratch-ffffa03b0426b000,0,0,10355247390040,905049378378,0,0,98179,0,0,0,0,0,0,0,0,0,0,0,0,0,0,0,0,0,0,0,0,0,0,0,0,60771,0,0,0
1743619270.001840,600855,21068467,0,pscratch,pscratch-ffffa03b0861a000,0,0,219402878101,374678341559,0,0,30987,0,0,0,0,0,0,0,0,0,0,0,0,0,0,0,0,0,0,0,0,0,0,0,0,14968,0,0,0
1743619271.002169,600855,21068467,0,nscratch,nscratch-ffffa03b0426b000,0,0,10355247390040,905049378378,0,0,98179,0,0,0,0,0,0,0,0,0,0,0,0,0,0,0,0,0,0,0,0,0,0,0,0,60771,0,0,0
1743619271.002331,600855,21068467,0,pscratch,pscratch-ffffa03b0861a000,0,0,219402878101,374678341559,0,0,30987,0,0,0,0,0,0,0,0,0,0,0,0,0,0,0,0,0,0,0,0,0,0,0,0,14968,0,0,0
1743619272.002000,600855,21068467,0,nscratch,nscratch-ffffa03b0426b000,0,0,10355247390040,905049378378,0,0,98179,0,0,0,0,0,0,0,0,0,0,0,0,0,0,0,0,0,0,0,0,0,0,0,0,60771,0,0,0
1743619272.002122,600855,21068467,0,pscratch,pscratch-ffffa03b0861a000,0,0,219402878101,374678341559,0,0,30987,0,0,0,0,0,0,0,0,0,0,0,0,0,0,0,0,0,0,0,0,0,0,0,0,14968,0,0,0
1743619273.001495,600855,21068467,0,nscratch,nscratch-ffffa03b0426b000,0,0,10355247390040,905049378378,0,0,98179,0,0,0,0,0,0,0,0,0,0,0,0,0,0,0,0,0,0,0,0,0,0,0,0,60771,0,0,0
1743619273.001606,600855,21068467,0,pscratch,pscratch-ffffa03b0861a000,0,0,219402878101,374678341559,0,0,30987,0,0,0,0,0,0,0,0,0,0,0,0,0,0,0,0,0,0,0,0,0,0,0,0,14968,0,0,0
1743619274.001773,600855,21068467,0,nscratch,nscratch-ffffa03b0426b000,0,0,10355247390040,905049378378,0,0,98179,0,0,0,0,0,0,0,0,0,0,0,0,0,0,0,0,0,0,0,0,0,0,0,0,60771,0,0,0
1743619274.001887,600855,21068467,0,pscratch,pscratch-ffffa03b0861a000,0,0,219402878101,374678341559,0,0,30987,0,0,0,0,0,0,0,0,0,0,0,0,0,0,0,0,0,0,0,0,0,0,0,0,14968,0,0,0
1743619275.001402,600855,21068467,0,nscratch,nscratch-ffffa03b0426b000,0,0,10355247390040,905049378378,0,0,98179,0,0,0,0,0,0,0,0,0,0,0,0,0,0,0,0,0,0,0,0,0,0,0,0,60771,0,0,0
1743619275.001513,600855,21068467,0,pscratch,pscratch-ffffa03b0861a000,0,0,219402878101,374678341559,0,0,30987,0,0,0,0,0,0,0,0,0,0,0,0,0,0,0,0,0,0,0,0,0,0,0,0,14968,0,0,0
1743619276.001908,600855,21068467,0,nscratch,nscratch-ffffa03b0426b000,0,0,10355247390040,905049378378,0,0,98179,0,0,0,0,0,0,0,0,0,0,0,0,0,0,0,0,0,0,0,0,0,0,0,0,60771,0,0,0
1743619276.002020,600855,21068467,0,pscratch,pscratch-ffffa03b0861a000,0,0,219402878101,374678341559,0,0,30987,0,0,0,0,0,0,0,0,0,0,0,0,0,0,0,0,0,0,0,0,0,0,0,0,14968,0,0,0
1743619277.001183,600855,21068467,0,nscratch,nscratch-ffffa03b0426b000,0,0,10355247390040,905049378378,0,0,98179,0,0,0,0,0,0,0,0,0,0,0,0,0,0,0,0,0,0,0,0,0,0,0,0,60771,0,0,0
1743619277.001292,600855,21068467,0,pscratch,pscratch-ffffa03b0861a000,0,0,219402878101,374678341559,0,0,30987,0,0,0,0,0,0,0,0,0,0,0,0,0,0,0,0,0,0,0,0,0,0,0,0,14968,0,0,0
1743619278.001823,600855,21068467,0,nscratch,nscratch-ffffa03b0426b000,0,0,10355247390040,905049378378,0,0,98179,0,0,0,0,0,0,0,0,0,0,0,0,0,0,0,0,0,0,0,0,0,0,0,0,60771,0,0,0
1743619278.001935,600855,21068467,0,pscratch,pscratch-ffffa03b0861a000,0,0,219402878101,374678341559,0,0,30987,0,0,0,0,0,0,0,0,0,0,0,0,0,0,0,0,0,0,0,0,0,0,0,0,14968,0,0,0
1743619279.002309,600855,21068467,0,nscratch,nscratch-ffffa03b0426b000,0,0,10355247390040,905049378378,0,0,98179,0,0,0,0,0,0,0,0,0,0,0,0,0,0,0,0,0,0,0,0,0,0,0,0,60771,0,0,0
1743619279.002418,600855,21068467,0,pscratch,pscratch-ffffa03b0861a000,0,0,219402878101,374678341559,0,0,30987,0,0,0,0,0,0,0,0,0,0,0,0,0,0,0,0,0,0,0,0,0,0,0,0,14968,0,0,0
1743619280.001571,600855,21068467,0,nscratch,nscratch-ffffa03b0426b000,0,0,10355247390040,905049378378,0,0,98179,0,0,0,0,0,0,0,0,0,0,0,0,0,0,0,0,0,0,0,0,0,0,0,0,60771,0,0,0
1743619280.001684,600855,21068467,0,pscratch,pscratch-ffffa03b0861a000,0,0,219402878101,374678341559,0,0,30987,0,0,0,0,0,0,0,0,0,0,0,0,0,0,0,0,0,0,0,0,0,0,0,0,14968,0,0,0
1743619281.002222,600855,21068467,0,nscratch,nscratch-ffffa03b0426b000,0,0,10355247390040,905049378378,0,0,98179,0,0,0,0,0,0,0,0,0,0,0,0,0,0,0,0,0,0,0,0,0,0,0,0,60771,0,0,0
1743619281.002334,600855,21068467,0,pscratch,pscratch-ffffa03b0861a000,0,0,219402878101,374678341559,0,0,30987,0,0,0,0,0,0,0,0,0,0,0,0,0,0,0,0,0,0,0,0,0,0,0,0,14968,0,0,0
1743619282.001707,600855,21068467,0,nscratch,nscratch-ffffa03b0426b000,0,0,10355247390040,905049378378,0,0,98179,0,0,0,0,0,0,0,0,0,0,0,0,0,0,0,0,0,0,0,0,0,0,0,0,60771,0,0,0
1743619282.001818,600855,21068467,0,pscratch,pscratch-ffffa03b0861a000,0,0,219402878101,374678341559,0,0,30987,0,0,0,0,0,0,0,0,0,0,0,0,0,0,0,0,0,0,0,0,0,0,0,0,14968,0,0,0
1743619283.001977,600855,21068467,0,nscratch,nscratch-ffffa03b0426b000,0,0,10355247390040,905049378378,0,0,98179,0,0,0,0,0,0,0,0,0,0,0,0,0,0,0,0,0,0,0,0,0,0,0,0,60771,0,0,0
1743619283.002087,600855,21068467,0,pscratch,pscratch-ffffa03b0861a000,0,0,219402878101,374678341559,0,0,30987,0,0,0,0,0,0,0,0,0,0,0,0,0,0,0,0,0,0,0,0,0,0,0,0,14968,0,0,0
1743619284.001602,600855,21068467,0,nscratch,nscratch-ffffa03b0426b000,0,0,10355247390040,905049378378,0,0,98179,0,0,0,0,0,0,0,0,0,0,0,0,0,0,0,0,0,0,0,0,0,0,0,0,60771,0,0,0
1743619284.001718,600855,21068467,0,pscratch,pscratch-ffffa03b0861a000,0,0,219402878101,374678341559,0,0,30987,0,0,0,0,0,0,0,0,0,0,0,0,0,0,0,0,0,0,0,0,0,0,0,0,14968,0,0,0
1743619285.002085,600855,21068467,0,nscratch,nscratch-ffffa03b0426b000,0,0,10355247390040,905049378378,0,0,98179,0,0,0,0,0,0,0,0,0,0,0,0,0,0,0,0,0,0,0,0,0,0,0,0,60771,0,0,0
1743619285.002196,600855,21068467,0,pscratch,pscratch-ffffa03b0861a000,0,0,219402878101,374678341559,0,0,30987,0,0,0,0,0,0,0,0,0,0,0,0,0,0,0,0,0,0,0,0,0,0,0,0,14968,0,0,0
1743619286.001363,600855,21068467,0,nscratch,nscratch-ffffa03b0426b000,0,0,10355247390040,905049378378,0,0,98179,0,0,0,0,0,0,0,0,0,0,0,0,0,0,0,0,0,0,0,0,0,0,0,0,60771,0,0,0
1743619286.001473,600855,21068467,0,pscratch,pscratch-ffffa03b0861a000,0,0,219402878101,374678341559,0,0,30987,0,0,0,0,0,0,0,0,0,0,0,0,0,0,0,0,0,0,0,0,0,0,0,0,14968,0,0,0
1743619287.002003,600855,21068467,0,nscratch,nscratch-ffffa03b0426b000,0,0,10355247390040,905049378378,0,0,98179,0,0,0,0,0,0,0,0,0,0,0,0,0,0,0,0,0,0,0,0,0,0,0,0,60771,0,0,0
1743619287.002115,600855,21068467,0,pscratch,pscratch-ffffa03b0861a000,0,0,219402878101,374678341559,0,0,30987,0,0,0,0,0,0,0,0,0,0,0,0,0,0,0,0,0,0,0,0,0,0,0,0,14968,0,0,0
1743619288.001472,600855,21068467,0,nscratch,nscratch-ffffa03b0426b000,0,0,10355247390040,905049378378,0,0,98179,0,0,0,0,0,0,0,0,0,0,0,0,0,0,0,0,0,0,0,0,0,0,0,0,60771,0,0,0
1743619288.001583,600855,21068467,0,pscratch,pscratch-ffffa03b0861a000,0,0,219402878101,374678341559,0,0,30987,0,0,0,0,0,0,0,0,0,0,0,0,0,0,0,0,0,0,0,0,0,0,0,0,14968,0,0,0
1743619289.001763,600855,21068467,0,nscratch,nscratch-ffffa03b0426b000,0,0,10355247390040,905049378378,0,0,98179,0,0,0,0,0,0,0,0,0,0,0,0,0,0,0,0,0,0,0,0,0,0,0,0,60771,0,0,0
1743619289.001876,600855,21068467,0,pscratch,pscratch-ffffa03b0861a000,0,0,219402878101,374678341559,0,0,30987,0,0,0,0,0,0,0,0,0,0,0,0,0,0,0,0,0,0,0,0,0,0,0,0,14968,0,0,0
1743619290.001392,600855,21068467,0,nscratch,nscratch-ffffa03b0426b000,0,0,10355247390040,905049378378,0,0,98179,0,0,0,0,0,0,0,0,0,0,0,0,0,0,0,0,0,0,0,0,0,0,0,0,60771,0,0,0
1743619290.001504,600855,21068467,0,pscratch,pscratch-ffffa03b0861a000,0,0,219402878101,374678341559,0,0,30987,0,0,0,0,0,0,0,0,0,0,0,0,0,0,0,0,0,0,0,0,0,0,0,0,14968,0,0,0
1743619291.001884,600855,21068467,0,nscratch,nscratch-ffffa03b0426b000,0,0,10355247390040,905049378378,0,0,98179,0,0,0,0,0,0,0,0,0,0,0,0,0,0,0,0,0,0,0,0,0,0,0,0,60771,0,0,0
1743619291.001995,600855,21068467,0,pscratch,pscratch-ffffa03b0861a000,0,0,219402878101,374678341559,0,0,30987,0,0,0,0,0,0,0,0,0,0,0,0,0,0,0,0,0,0,0,0,0,0,0,0,14968,0,0,0
1743619292.002150,600855,21068467,0,nscratch,nscratch-ffffa03b0426b000,0,0,10355247390040,905049378378,0,0,98179,0,0,0,0,0,0,0,0,0,0,0,0,0,0,0,0,0,0,0,0,0,0,0,0,60771,0,0,0
1743619292.002258,600855,21068467,0,pscratch,pscratch-ffffa03b0861a000,0,0,219402878101,374678341559,0,0,30987,0,0,0,0,0,0,0,0,0,0,0,0,0,0,0,0,0,0,0,0,0,0,0,0,14968,0,0,0
1743619293.001779,600855,21068467,0,nscratch,nscratch-ffffa03b0426b000,0,0,10355247390040,905049378378,0,0,98179,0,0,0,0,0,0,0,0,0,0,0,0,0,0,0,0,0,0,0,0,0,0,0,0,60771,0,0,0
1743619293.001890,600855,21068467,0,pscratch,pscratch-ffffa03b0861a000,0,0,219402878101,374678341559,0,0,30987,0,0,0,0,0,0,0,0,0,0,0,0,0,0,0,0,0,0,0,0,0,0,0,0,14968,0,0,0
1743619294.002263,600855,21068467,0,nscratch,nscratch-ffffa03b0426b000,0,0,10355247390040,905049378378,0,0,98179,0,0,0,0,0,0,0,0,0,0,0,0,0,0,0,0,0,0,0,0,0,0,0,0,60771,0,0,0
1743619294.002371,600855,21068467,0,pscratch,pscratch-ffffa03b0861a000,0,0,219402878101,374678341559,0,0,30987,0,0,0,0,0,0,0,0,0,0,0,0,0,0,0,0,0,0,0,0,0,0,0,0,14968,0,0,0
1743619295.001535,600855,21068467,0,nscratch,nscratch-ffffa03b0426b000,0,0,10355247390040,905049378378,0,0,98179,0,0,0,0,0,0,0,0,0,0,0,0,0,0,0,0,0,0,0,0,0,0,0,0,60771,0,0,0
1743619295.001655,600855,21068467,0,pscratch,pscratch-ffffa03b0861a000,0,0,219402878101,374678341559,0,0,30987,0,0,0,0,0,0,0,0,0,0,0,0,0,0,0,0,0,0,0,0,0,0,0,0,14968,0,0,0
1743619296.002181,600855,21068467,0,nscratch,nscratch-ffffa03b0426b000,0,0,10355247390040,905049378378,0,0,98179,0,0,0,0,0,0,0,0,0,0,0,0,0,0,0,0,0,0,0,0,0,0,0,0,60771,0,0,0
1743619296.002289,600855,21068467,0,pscratch,pscratch-ffffa03b0861a000,0,0,219402878101,374678341559,0,0,30987,0,0,0,0,0,0,0,0,0,0,0,0,0,0,0,0,0,0,0,0,0,0,0,0,14968,0,0,0
1743619297.001660,600855,21068467,0,nscratch,nscratch-ffffa03b0426b000,0,0,10355247390040,905049378378,0,0,98179,0,0,0,0,0,0,0,0,0,0,0,0,0,0,0,0,0,0,0,0,0,0,0,0,60771,0,0,0
1743619297.001771,600855,21068467,0,pscratch,pscratch-ffffa03b0861a000,0,0,219402878101,374678341559,0,0,30987,0,0,0,0,0,0,0,0,0,0,0,0,0,0,0,0,0,0,0,0,0,0,0,0,14968,0,0,0
1743619298.001929,600855,21068467,0,nscratch,nscratch-ffffa03b0426b000,0,0,10355247390040,905049378378,0,0,98179,0,0,0,0,0,0,0,0,0,0,0,0,0,0,0,0,0,0,0,0,0,0,0,0,60771,0,0,0
1743619298.002040,600855,21068467,0,pscratch,pscratch-ffffa03b0861a000,0,0,219402878101,374678341559,0,0,30987,0,0,0,0,0,0,0,0,0,0,0,0,0,0,0,0,0,0,0,0,0,0,0,0,14968,0,0,0
1743619299.001559,600855,21068467,0,nscratch,nscratch-ffffa03b0426b000,0,0,10355247390040,905049378378,0,0,98179,0,0,0,0,0,0,0,0,0,0,0,0,0,0,0,0,0,0,0,0,0,0,0,0,60771,0,0,0
1743619299.001676,600855,21068467,0,pscratch,pscratch-ffffa03b0861a000,0,0,219402878101,374678341559,0,0,30987,0,0,0,0,0,0,0,0,0,0,0,0,0,0,0,0,0,0,0,0,0,0,0,0,14968,0,0,0
1743619300.002048,600855,21068467,0,nscratch,nscratch-ffffa03b0426b000,0,0,10355247390040,905049378378,0,0,98179,0,0,0,0,0,0,0,0,0,0,0,0,0,0,0,0,0,0,0,0,0,0,0,0,60771,0,0,0
1743619300.002160,600855,21068467,0,pscratch,pscratch-ffffa03b0861a000,0,0,219402878101,374678341559,0,0,30987,0,0,0,0,0,0,0,0,0,0,0,0,0,0,0,0,0,0,0,0,0,0,0,0,14968,0,0,0
1743619301.001328,600855,21068467,0,nscratch,nscratch-ffffa03b0426b000,0,0,10355247390040,905049378378,0,0,98179,0,0,0,0,0,0,0,0,0,0,0,0,0,0,0,0,0,0,0,0,0,0,0,0,60771,0,0,0
1743619301.001437,600855,21068467,0,pscratch,pscratch-ffffa03b0861a000,0,0,219402878101,374678341559,0,0,30987,0,0,0,0,0,0,0,0,0,0,0,0,0,0,0,0,0,0,0,0,0,0,0,0,14968,0,0,0
1743619302.001958,600855,21068467,0,nscratch,nscratch-ffffa03b0426b000,0,0,10355247390040,905049378378,0,0,98179,0,0,0,0,0,0,0,0,0,0,0,0,0,0,0,0,0,0,0,0,0,0,0,0,60771,0,0,0
1743619302.002070,600855,21068467,0,pscratch,pscratch-ffffa03b0861a000,0,0,219402878101,374678341559,0,0,30987,0,0,0,0,0,0,0,0,0,0,0,0,0,0,0,0,0,0,0,0,0,0,0,0,14968,0,0,0
1743619303.001428,600855,21068467,0,nscratch,nscratch-ffffa03b0426b000,0,0,10355247390040,905049378378,0,0,98179,0,0,0,0,0,0,0,0,0,0,0,0,0,0,0,0,0,0,0,0,0,0,0,0,60771,0,0,0
1743619303.001535,600855,21068467,0,pscratch,pscratch-ffffa03b0861a000,0,0,219402878101,374678341559,0,0,30987,0,0,0,0,0,0,0,0,0,0,0,0,0,0,0,0,0,0,0,0,0,0,0,0,14968,0,0,0
1743619304.001715,600855,21068467,0,nscratch,nscratch-ffffa03b0426b000,0,0,10355247390040,905049378378,0,0,98179,0,0,0,0,0,0,0,0,0,0,0,0,0,0,0,0,0,0,0,0,0,0,0,0,60771,0,0,0
1743619304.001828,600855,21068467,0,pscratch,pscratch-ffffa03b0861a000,0,0,219402878101,374678341559,0,0,30987,0,0,0,0,0,0,0,0,0,0,0,0,0,0,0,0,0,0,0,0,0,0,0,0,14968,0,0,0
1743619305.001341,600855,21068467,0,nscratch,nscratch-ffffa03b0426b000,0,0,10355247390040,905049378378,0,0,98179,0,0,0,0,0,0,0,0,0,0,0,0,0,0,0,0,0,0,0,0,0,0,0,0,60771,0,0,0
1743619305.001450,600855,21068467,0,pscratch,pscratch-ffffa03b0861a000,0,0,219402878101,374678341559,0,0,30987,0,0,0,0,0,0,0,0,0,0,0,0,0,0,0,0,0,0,0,0,0,0,0,0,14968,0,0,0
1743619306.001828,600855,21068467,0,nscratch,nscratch-ffffa03b0426b000,0,0,10355247390040,905049378378,0,0,98179,0,0,0,0,0,0,0,0,0,0,0,0,0,0,0,0,0,0,0,0,0,0,0,0,60771,0,0,0
1743619306.001940,600855,21068467,0,pscratch,pscratch-ffffa03b0861a000,0,0,219402878101,374678341559,0,0,30987,0,0,0,0,0,0,0,0,0,0,0,0,0,0,0,0,0,0,0,0,0,0,0,0,14968,0,0,0
1743619307.002099,600855,21068467,0,nscratch,nscratch-ffffa03b0426b000,0,0,10355247390040,905049378378,0,0,98179,0,0,0,0,0,0,0,0,0,0,0,0,0,0,0,0,0,0,0,0,0,0,0,0,60771,0,0,0
1743619307.002206,600855,21068467,0,pscratch,pscratch-ffffa03b0861a000,0,0,219402878101,374678341559,0,0,30987,0,0,0,0,0,0,0,0,0,0,0,0,0,0,0,0,0,0,0,0,0,0,0,0,14968,0,0,0
1743619308.001725,600855,21068467,0,nscratch,nscratch-ffffa03b0426b000,0,0,10355247390040,905049378378,0,0,98179,0,0,0,0,0,0,0,0,0,0,0,0,0,0,0,0,0,0,0,0,0,0,0,0,60771,0,0,0
1743619308.001835,600855,21068467,0,pscratch,pscratch-ffffa03b0861a000,0,0,219402878101,374678341559,0,0,30987,0,0,0,0,0,0,0,0,0,0,0,0,0,0,0,0,0,0,0,0,0,0,0,0,14968,0,0,0
1743619309.002207,600855,21068467,0,nscratch,nscratch-ffffa03b0426b000,0,0,10355247390040,905049378378,0,0,98179,0,0,0,0,0,0,0,0,0,0,0,0,0,0,0,0,0,0,0,0,0,0,0,0,60771,0,0,0
1743619309.002316,600855,21068467,0,pscratch,pscratch-ffffa03b0861a000,0,0,219402878101,374678341559,0,0,30987,0,0,0,0,0,0,0,0,0,0,0,0,0,0,0,0,0,0,0,0,0,0,0,0,14968,0,0,0
1743619310.001467,600855,21068467,0,nscratch,nscratch-ffffa03b0426b000,0,0,10355247390040,905049378378,0,0,98179,0,0,0,0,0,0,0,0,0,0,0,0,0,0,0,0,0,0,0,0,0,0,0,0,60771,0,0,0
1743619310.001575,600855,21068467,0,pscratch,pscratch-ffffa03b0861a000,0,0,219402878101,374678341559,0,0,30987,0,0,0,0,0,0,0,0,0,0,0,0,0,0,0,0,0,0,0,0,0,0,0,0,14968,0,0,0
1743619311.002105,600855,21068467,0,nscratch,nscratch-ffffa03b0426b000,0,0,10355247390040,905049378378,0,0,98179,0,0,0,0,0,0,0,0,0,0,0,0,0,0,0,0,0,0,0,0,0,0,0,0,60771,0,0,0
1743619311.002214,600855,21068467,0,pscratch,pscratch-ffffa03b0861a000,0,0,219402878101,374678341559,0,0,30987,0,0,0,0,0,0,0,0,0,0,0,0,0,0,0,0,0,0,0,0,0,0,0,0,14968,0,0,0
1743619312.001576,600855,21068467,0,nscratch,nscratch-ffffa03b0426b000,0,0,10355247390040,905049378378,0,0,98179,0,0,0,0,0,0,0,0,0,0,0,0,0,0,0,0,0,0,0,0,0,0,0,0,60771,0,0,0
1743619312.001693,600855,21068467,0,pscratch,pscratch-ffffa03b0861a000,0,0,219402878101,374678341559,0,0,30987,0,0,0,0,0,0,0,0,0,0,0,0,0,0,0,0,0,0,0,0,0,0,0,0,14968,0,0,0
1743619313.001854,600855,21068467,0,nscratch,nscratch-ffffa03b0426b000,0,0,10355247390040,905049378378,0,0,98179,0,0,0,0,0,0,0,0,0,0,0,0,0,0,0,0,0,0,0,0,0,0,0,0,60771,0,0,0
1743619313.001965,600855,21068467,0,pscratch,pscratch-ffffa03b0861a000,0,0,219402878101,374678341559,0,0,30987,0,0,0,0,0,0,0,0,0,0,0,0,0,0,0,0,0,0,0,0,0,0,0,0,14968,0,0,0
1743619314.001481,600855,21068467,0,nscratch,nscratch-ffffa03b0426b000,0,0,10355247390040,905049378378,0,0,98179,0,0,0,0,0,0,0,0,0,0,0,0,0,0,0,0,0,0,0,0,0,0,0,0,60771,0,0,0
1743619314.001599,600855,21068467,0,pscratch,pscratch-ffffa03b0861a000,0,0,219402878101,374678341559,0,0,30987,0,0,0,0,0,0,0,0,0,0,0,0,0,0,0,0,0,0,0,0,0,0,0,0,14968,0,0,0
1743619315.001967,600855,21068467,0,nscratch,nscratch-ffffa03b0426b000,0,0,10355247390040,905049378378,0,0,98179,0,0,0,0,0,0,0,0,0,0,0,0,0,0,0,0,0,0,0,0,0,0,0,0,60771,0,0,0
1743619315.002082,600855,21068467,0,pscratch,pscratch-ffffa03b0861a000,0,0,219402878101,374678341559,0,0,30987,0,0,0,0,0,0,0,0,0,0,0,0,0,0,0,0,0,0,0,0,0,0,0,0,14968,0,0,0
1743619316.001244,600855,21068467,0,nscratch,nscratch-ffffa03b0426b000,0,0,10355247390040,905049378378,0,0,98179,0,0,0,0,0,0,0,0,0,0,0,0,0,0,0,0,0,0,0,0,0,0,0,0,60771,0,0,0
1743619316.001353,600855,21068467,0,pscratch,pscratch-ffffa03b0861a000,0,0,219402878101,374678341559,0,0,30987,0,0,0,0,0,0,0,0,0,0,0,0,0,0,0,0,0,0,0,0,0,0,0,0,14968,0,0,0
1743619317.001889,600855,21068467,0,nscratch,nscratch-ffffa03b0426b000,0,0,10355247390040,905049378378,0,0,98179,0,0,0,0,0,0,0,0,0,0,0,0,0,0,0,0,0,0,0,0,0,0,0,0,60771,0,0,0
1743619317.002001,600855,21068467,0,pscratch,pscratch-ffffa03b0861a000,0,0,219402878101,374678341559,0,0,30987,0,0,0,0,0,0,0,0,0,0,0,0,0,0,0,0,0,0,0,0,0,0,0,0,14968,0,0,0
1743619318.001358,600855,21068467,0,nscratch,nscratch-ffffa03b0426b000,0,0,10355247390040,905049378378,0,0,98179,0,0,0,0,0,0,0,0,0,0,0,0,0,0,0,0,0,0,0,0,0,0,0,0,60771,0,0,0
1743619318.001466,600855,21068467,0,pscratch,pscratch-ffffa03b0861a000,0,0,219402878101,374678341559,0,0,30987,0,0,0,0,0,0,0,0,0,0,0,0,0,0,0,0,0,0,0,0,0,0,0,0,14968,0,0,0
1743619319.001637,600855,21068467,0,nscratch,nscratch-ffffa03b0426b000,0,0,10355247390040,905049378378,0,0,98179,0,0,0,0,0,0,0,0,0,0,0,0,0,0,0,0,0,0,0,0,0,0,0,0,60771,0,0,0
1743619319.001748,600855,21068467,0,pscratch,pscratch-ffffa03b0861a000,0,0,219402878101,374678341559,0,0,30987,0,0,0,0,0,0,0,0,0,0,0,0,0,0,0,0,0,0,0,0,0,0,0,0,14968,0,0,0
1743619320.002262,600855,21068467,0,nscratch,nscratch-ffffa03b0426b000,0,0,10355247390040,905049378378,0,0,98179,0,0,0,0,0,0,0,0,0,0,0,0,0,0,0,0,0,0,0,0,0,0,0,0,60771,0,0,0
1743619320.002373,600855,21068467,0,pscratch,pscratch-ffffa03b0861a000,0,0,219402878101,374678341559,0,0,30987,0,0,0,0,0,0,0,0,0,0,0,0,0,0,0,0,0,0,0,0,0,0,0,0,14968,0,0,0
1743619321.001751,600855,21068467,0,nscratch,nscratch-ffffa03b0426b000,0,0,10355247390040,905049378378,0,0,98179,0,0,0,0,0,0,0,0,0,0,0,0,0,0,0,0,0,0,0,0,0,0,0,0,60771,0,0,0
1743619321.001863,600855,21068467,0,pscratch,pscratch-ffffa03b0861a000,0,0,219402878101,374678341559,0,0,30987,0,0,0,0,0,0,0,0,0,0,0,0,0,0,0,0,0,0,0,0,0,0,0,0,14968,0,0,0
1743619322.002021,600855,21068467,0,nscratch,nscratch-ffffa03b0426b000,0,0,10355247390040,905049378378,0,0,98179,0,0,0,0,0,0,0,0,0,0,0,0,0,0,0,0,0,0,0,0,0,0,0,0,60771,0,0,0
1743619322.002133,600855,21068467,0,pscratch,pscratch-ffffa03b0861a000,0,0,219402878101,374678341559,0,0,30987,0,0,0,0,0,0,0,0,0,0,0,0,0,0,0,0,0,0,0,0,0,0,0,0,14968,0,0,0
1743619323.001650,600855,21068467,0,nscratch,nscratch-ffffa03b0426b000,0,0,10355247390040,905049378378,0,0,98179,0,0,0,0,0,0,0,0,0,0,0,0,0,0,0,0,0,0,0,0,0,0,0,0,60771,0,0,0
1743619323.001763,600855,21068467,0,pscratch,pscratch-ffffa03b0861a000,0,0,219402878101,374678341559,0,0,30987,0,0,0,0,0,0,0,0,0,0,0,0,0,0,0,0,0,0,0,0,0,0,0,0,14968,0,0,0
1743619324.002130,600855,21068467,0,nscratch,nscratch-ffffa03b0426b000,0,0,10355247390040,905049378378,0,0,98179,0,0,0,0,0,0,0,0,0,0,0,0,0,0,0,0,0,0,0,0,0,0,0,0,60771,0,0,0
1743619324.002242,600855,21068467,0,pscratch,pscratch-ffffa03b0861a000,0,0,219402878101,374678341559,0,0,30987,0,0,0,0,0,0,0,0,0,0,0,0,0,0,0,0,0,0,0,0,0,0,0,0,14968,0,0,0
1743619325.001402,600855,21068467,0,nscratch,nscratch-ffffa03b0426b000,0,0,10355247390040,905049378378,0,0,98179,0,0,0,0,0,0,0,0,0,0,0,0,0,0,0,0,0,0,0,0,0,0,0,0,60771,0,0,0
1743619325.001511,600855,21068467,0,pscratch,pscratch-ffffa03b0861a000,0,0,219402878101,374678341559,0,0,30987,0,0,0,0,0,0,0,0,0,0,0,0,0,0,0,0,0,0,0,0,0,0,0,0,14968,0,0,0
1743619326.002040,600855,21068467,0,nscratch,nscratch-ffffa03b0426b000,0,0,10355247390040,905049378378,0,0,98179,0,0,0,0,0,0,0,0,0,0,0,0,0,0,0,0,0,0,0,0,0,0,0,0,60771,0,0,0
1743619326.002152,600855,21068467,0,pscratch,pscratch-ffffa03b0861a000,0,0,219402878101,374678341559,0,0,30987,0,0,0,0,0,0,0,0,0,0,0,0,0,0,0,0,0,0,0,0,0,0,0,0,14968,0,0,0
1743619327.001504,600855,21068467,0,nscratch,nscratch-ffffa03b0426b000,0,0,10355247390040,905049378378,0,0,98179,0,0,0,0,0,0,0,0,0,0,0,0,0,0,0,0,0,0,0,0,0,0,0,0,60771,0,0,0
1743619327.001612,600855,21068467,0,pscratch,pscratch-ffffa03b0861a000,0,0,219402878101,374678341559,0,0,30987,0,0,0,0,0,0,0,0,0,0,0,0,0,0,0,0,0,0,0,0,0,0,0,0,14968,0,0,0
1743619328.001783,600855,21068467,0,nscratch,nscratch-ffffa03b0426b000,0,0,10355247390040,905049378378,0,0,98179,0,0,0,0,0,0,0,0,0,0,0,0,0,0,0,0,0,0,0,0,0,0,0,0,60771,0,0,0
1743619328.001894,600855,21068467,0,pscratch,pscratch-ffffa03b0861a000,0,0,219402878101,374678341559,0,0,30987,0,0,0,0,0,0,0,0,0,0,0,0,0,0,0,0,0,0,0,0,0,0,0,0,14968,0,0,0
1743619329.001417,600855,21068467,0,nscratch,nscratch-ffffa03b0426b000,0,0,10355247390040,905049378378,0,0,98179,0,0,0,0,0,0,0,0,0,0,0,0,0,0,0,0,0,0,0,0,0,0,0,0,60771,0,0,0
1743619329.001526,600855,21068467,0,pscratch,pscratch-ffffa03b0861a000,0,0,219402878101,374678341559,0,0,30987,0,0,0,0,0,0,0,0,0,0,0,0,0,0,0,0,0,0,0,0,0,0,0,0,14968,0,0,0
1743619330.001897,600855,21068467,0,nscratch,nscratch-ffffa03b0426b000,0,0,10355247390040,905049378378,0,0,98179,0,0,0,0,0,0,0,0,0,0,0,0,0,0,0,0,0,0,0,0,0,0,0,0,60771,0,0,0
1743619330.002009,600855,21068467,0,pscratch,pscratch-ffffa03b0861a000,0,0,219402878101,374678341559,0,0,30987,0,0,0,0,0,0,0,0,0,0,0,0,0,0,0,0,0,0,0,0,0,0,0,0,14968,0,0,0
1743619331.001171,600855,21068467,0,nscratch,nscratch-ffffa03b0426b000,0,0,10355247390040,905049378378,0,0,98179,0,0,0,0,0,0,0,0,0,0,0,0,0,0,0,0,0,0,0,0,0,0,0,0,60771,0,0,0
1743619331.001279,600855,21068467,0,pscratch,pscratch-ffffa03b0861a000,0,0,219402878101,374678341559,0,0,30987,0,0,0,0,0,0,0,0,0,0,0,0,0,0,0,0,0,0,0,0,0,0,0,0,14968,0,0,0
1743619332.001800,600855,21068467,0,nscratch,nscratch-ffffa03b0426b000,0,0,10355247390040,905049378378,0,0,98179,0,0,0,0,0,0,0,0,0,0,0,0,0,0,0,0,0,0,0,0,0,0,0,0,60771,0,0,0
1743619332.001913,600855,21068467,0,pscratch,pscratch-ffffa03b0861a000,0,0,219402878101,374678341559,0,0,30987,0,0,0,0,0,0,0,0,0,0,0,0,0,0,0,0,0,0,0,0,0,0,0,0,14968,0,0,0
1743619333.002285,600855,21068467,0,nscratch,nscratch-ffffa03b0426b000,0,0,10355247390040,905049378378,0,0,98179,0,0,0,0,0,0,0,0,0,0,0,0,0,0,0,0,0,0,0,0,0,0,0,0,60771,0,0,0
1743619333.002397,600855,21068467,0,pscratch,pscratch-ffffa03b0861a000,0,0,219402878101,374678341559,0,0,30987,0,0,0,0,0,0,0,0,0,0,0,0,0,0,0,0,0,0,0,0,0,0,0,0,14968,0,0,0
1743619334.001561,600855,21068467,0,nscratch,nscratch-ffffa03b0426b000,0,0,10355247390040,905049378378,0,0,98179,0,0,0,0,0,0,0,0,0,0,0,0,0,0,0,0,0,0,0,0,0,0,0,0,60771,0,0,0
1743619334.001678,600855,21068467,0,pscratch,pscratch-ffffa03b0861a000,0,0,219402878101,374678341559,0,0,30987,0,0,0,0,0,0,0,0,0,0,0,0,0,0,0,0,0,0,0,0,0,0,0,0,14968,0,0,0
1743619335.002193,600855,21068467,0,nscratch,nscratch-ffffa03b0426b000,0,0,10355247390040,905049378378,0,0,98179,0,0,0,0,0,0,0,0,0,0,0,0,0,0,0,0,0,0,0,0,0,0,0,0,60771,0,0,0
1743619335.002303,600855,21068467,0,pscratch,pscratch-ffffa03b0861a000,0,0,219402878101,374678341559,0,0,30987,0,0,0,0,0,0,0,0,0,0,0,0,0,0,0,0,0,0,0,0,0,0,0,0,14968,0,0,0
1743619336.001676,600855,21068467,0,nscratch,nscratch-ffffa03b0426b000,0,0,10355247390040,905049378378,0,0,98179,0,0,0,0,0,0,0,0,0,0,0,0,0,0,0,0,0,0,0,0,0,0,0,0,60771,0,0,0
1743619336.001789,600855,21068467,0,pscratch,pscratch-ffffa03b0861a000,0,0,219402878101,374678341559,0,0,30987,0,0,0,0,0,0,0,0,0,0,0,0,0,0,0,0,0,0,0,0,0,0,0,0,14968,0,0,0
1743619337.001949,600855,21068467,0,nscratch,nscratch-ffffa03b0426b000,0,0,10355247390040,905049378378,0,0,98179,0,0,0,0,0,0,0,0,0,0,0,0,0,0,0,0,0,0,0,0,0,0,0,0,60771,0,0,0
1743619337.002061,600855,21068467,0,pscratch,pscratch-ffffa03b0861a000,0,0,219402878101,374678341559,0,0,30987,0,0,0,0,0,0,0,0,0,0,0,0,0,0,0,0,0,0,0,0,0,0,0,0,14968,0,0,0
1743619338.001595,600855,21068467,0,nscratch,nscratch-ffffa03b0426b000,0,0,10355247390040,905049378378,0,0,98179,0,0,0,0,0,0,0,0,0,0,0,0,0,0,0,0,0,0,0,0,0,0,0,0,60771,0,0,0
1743619338.001711,600855,21068467,0,pscratch,pscratch-ffffa03b0861a000,0,0,219402878101,374678341559,0,0,30987,0,0,0,0,0,0,0,0,0,0,0,0,0,0,0,0,0,0,0,0,0,0,0,0,14968,0,0,0
1743619339.002089,600855,21068467,0,nscratch,nscratch-ffffa03b0426b000,0,0,10355247390040,905049378378,0,0,98179,0,0,0,0,0,0,0,0,0,0,0,0,0,0,0,0,0,0,0,0,0,0,0,0,60771,0,0,0
1743619339.002199,600855,21068467,0,pscratch,pscratch-ffffa03b0861a000,0,0,219402878101,374678341559,0,0,30987,0,0,0,0,0,0,0,0,0,0,0,0,0,0,0,0,0,0,0,0,0,0,0,0,14968,0,0,0
1743619340.001362,600855,21068467,0,nscratch,nscratch-ffffa03b0426b000,0,0,10355247390040,905049378378,0,0,98179,0,0,0,0,0,0,0,0,0,0,0,0,0,0,0,0,0,0,0,0,0,0,0,0,60771,0,0,0
1743619340.001472,600855,21068467,0,pscratch,pscratch-ffffa03b0861a000,0,0,219402878101,374678341559,0,0,30987,0,0,0,0,0,0,0,0,0,0,0,0,0,0,0,0,0,0,0,0,0,0,0,0,14968,0,0,0
1743619341.002011,600855,21068467,0,nscratch,nscratch-ffffa03b0426b000,0,0,10355247390040,905049378378,0,0,98179,0,0,0,0,0,0,0,0,0,0,0,0,0,0,0,0,0,0,0,0,0,0,0,0,60771,0,0,0
1743619341.002123,600855,21068467,0,pscratch,pscratch-ffffa03b0861a000,0,0,219402878101,374678341559,0,0,30987,0,0,0,0,0,0,0,0,0,0,0,0,0,0,0,0,0,0,0,0,0,0,0,0,14968,0,0,0
1743619342.001482,600855,21068467,0,nscratch,nscratch-ffffa03b0426b000,0,0,10355247390040,905049378378,0,0,98179,0,0,0,0,0,0,0,0,0,0,0,0,0,0,0,0,0,0,0,0,0,0,0,0,60771,0,0,0
1743619342.001593,600855,21068467,0,pscratch,pscratch-ffffa03b0861a000,0,0,219402878101,374678341559,0,0,30987,0,0,0,0,0,0,0,0,0,0,0,0,0,0,0,0,0,0,0,0,0,0,0,0,14968,0,0,0
1743619343.001756,600855,21068467,0,nscratch,nscratch-ffffa03b0426b000,0,0,10355247390040,905049378378,0,0,98179,0,0,0,0,0,0,0,0,0,0,0,0,0,0,0,0,0,0,0,0,0,0,0,0,60771,0,0,0
1743619343.001868,600855,21068467,0,pscratch,pscratch-ffffa03b0861a000,0,0,219402878101,374678341559,0,0,30987,0,0,0,0,0,0,0,0,0,0,0,0,0,0,0,0,0,0,0,0,0,0,0,0,14968,0,0,0
1743619344.001384,600855,21068467,0,nscratch,nscratch-ffffa03b0426b000,0,0,10355247390040,905049378378,0,0,98179,0,0,0,0,0,0,0,0,0,0,0,0,0,0,0,0,0,0,0,0,0,0,0,0,60771,0,0,0
1743619344.001502,600855,21068467,0,pscratch,pscratch-ffffa03b0861a000,0,0,219402878101,374678341559,0,0,30987,0,0,0,0,0,0,0,0,0,0,0,0,0,0,0,0,0,0,0,0,0,0,0,0,14968,0,0,0
1743619345.001877,600855,21068467,0,nscratch,nscratch-ffffa03b0426b000,0,0,10355247390040,905049378378,0,0,98179,0,0,0,0,0,0,0,0,0,0,0,0,0,0,0,0,0,0,0,0,0,0,0,0,60771,0,0,0
1743619345.001990,600855,21068467,0,pscratch,pscratch-ffffa03b0861a000,0,0,219402878101,374678341559,0,0,30987,0,0,0,0,0,0,0,0,0,0,0,0,0,0,0,0,0,0,0,0,0,0,0,0,14968,0,0,0
1743619346.002156,600855,21068467,0,nscratch,nscratch-ffffa03b0426b000,0,0,10355247390040,905049378378,0,0,98179,0,0,0,0,0,0,0,0,0,0,0,0,0,0,0,0,0,0,0,0,0,0,0,0,60771,0,0,0
1743619346.002265,600855,21068467,0,pscratch,pscratch-ffffa03b0861a000,0,0,219402878101,374678341559,0,0,30987,0,0,0,0,0,0,0,0,0,0,0,0,0,0,0,0,0,0,0,0,0,0,0,0,14968,0,0,0
1743619347.001794,600855,21068467,0,nscratch,nscratch-ffffa03b0426b000,0,0,10355247390040,905049378378,0,0,98179,0,0,0,0,0,0,0,0,0,0,0,0,0,0,0,0,0,0,0,0,0,0,0,0,60771,0,0,0
1743619347.001906,600855,21068467,0,pscratch,pscratch-ffffa03b0861a000,0,0,219402878101,374678341559,0,0,30987,0,0,0,0,0,0,0,0,0,0,0,0,0,0,0,0,0,0,0,0,0,0,0,0,14968,0,0,0
1743619348.002281,600855,21068467,0,nscratch,nscratch-ffffa03b0426b000,0,0,10355247390040,905049378378,0,0,98179,0,0,0,0,0,0,0,0,0,0,0,0,0,0,0,0,0,0,0,0,0,0,0,0,60771,0,0,0
1743619348.002390,600855,21068467,0,pscratch,pscratch-ffffa03b0861a000,0,0,219402878101,374678341559,0,0,30987,0,0,0,0,0,0,0,0,0,0,0,0,0,0,0,0,0,0,0,0,0,0,0,0,14968,0,0,0
1743619349.001546,600855,21068467,0,nscratch,nscratch-ffffa03b0426b000,0,0,10355247390040,905049378378,0,0,98179,0,0,0,0,0,0,0,0,0,0,0,0,0,0,0,0,0,0,0,0,0,0,0,0,60771,0,0,0
1743619349.001666,600855,21068467,0,pscratch,pscratch-ffffa03b0861a000,0,0,219402878101,374678341559,0,0,30987,0,0,0,0,0,0,0,0,0,0,0,0,0,0,0,0,0,0,0,0,0,0,0,0,14968,0,0,0
1743619350.002190,600855,21068467,0,nscratch,nscratch-ffffa03b0426b000,0,0,10355247390040,905049378378,0,0,98179,0,0,0,0,0,0,0,0,0,0,0,0,0,0,0,0,0,0,0,0,0,0,0,0,60771,0,0,0
1743619350.002298,600855,21068467,0,pscratch,pscratch-ffffa03b0861a000,0,0,219402878101,374678341559,0,0,30987,0,0,0,0,0,0,0,0,0,0,0,0,0,0,0,0,0,0,0,0,0,0,0,0,14968,0,0,0
1743619351.001672,600855,21068467,0,nscratch,nscratch-ffffa03b0426b000,0,0,10355247390040,905049378378,0,0,98179,0,0,0,0,0,0,0,0,0,0,0,0,0,0,0,0,0,0,0,0,0,0,0,0,60771,0,0,0
1743619351.001784,600855,21068467,0,pscratch,pscratch-ffffa03b0861a000,0,0,219402878101,374678341559,0,0,30987,0,0,0,0,0,0,0,0,0,0,0,0,0,0,0,0,0,0,0,0,0,0,0,0,14968,0,0,0
1743619352.001941,600855,21068467,0,nscratch,nscratch-ffffa03b0426b000,0,0,10355247390040,905049378378,0,0,98179,0,0,0,0,0,0,0,0,0,0,0,0,0,0,0,0,0,0,0,0,0,0,0,0,60771,0,0,0
1743619352.002048,600855,21068467,0,pscratch,pscratch-ffffa03b0861a000,0,0,219402878101,374678341559,0,0,30987,0,0,0,0,0,0,0,0,0,0,0,0,0,0,0,0,0,0,0,0,0,0,0,0,14968,0,0,0
1743619353.001563,600855,21068467,0,nscratch,nscratch-ffffa03b0426b000,0,0,10355247390040,905049378378,0,0,98179,0,0,0,0,0,0,0,0,0,0,0,0,0,0,0,0,0,0,0,0,0,0,0,0,60771,0,0,0
1743619353.001678,600855,21068467,0,pscratch,pscratch-ffffa03b0861a000,0,0,219402878101,374678341559,0,0,30987,0,0,0,0,0,0,0,0,0,0,0,0,0,0,0,0,0,0,0,0,0,0,0,0,14968,0,0,0
1743619354.002037,600855,21068467,0,nscratch,nscratch-ffffa03b0426b000,0,0,10355247390040,905049378378,0,0,98179,0,0,0,0,0,0,0,0,0,0,0,0,0,0,0,0,0,0,0,0,0,0,0,0,60771,0,0,0
1743619354.002148,600855,21068467,0,pscratch,pscratch-ffffa03b0861a000,0,0,219402878101,374678341559,0,0,30987,0,0,0,0,0,0,0,0,0,0,0,0,0,0,0,0,0,0,0,0,0,0,0,0,14968,0,0,0
1743619355.001301,600855,21068467,0,nscratch,nscratch-ffffa03b0426b000,0,0,10355247390040,905049378378,0,0,98179,0,0,0,0,0,0,0,0,0,0,0,0,0,0,0,0,0,0,0,0,0,0,0,0,60771,0,0,0
1743619355.001408,600855,21068467,0,pscratch,pscratch-ffffa03b0861a000,0,0,219402878101,374678341559,0,0,30987,0,0,0,0,0,0,0,0,0,0,0,0,0,0,0,0,0,0,0,0,0,0,0,0,14968,0,0,0
1743619356.001933,600855,21068467,0,nscratch,nscratch-ffffa03b0426b000,0,0,10355247390040,905049378378,0,0,98179,0,0,0,0,0,0,0,0,0,0,0,0,0,0,0,0,0,0,0,0,0,0,0,0,60771,0,0,0
1743619356.002045,600855,21068467,0,pscratch,pscratch-ffffa03b0861a000,0,0,219402878101,374678341559,0,0,30987,0,0,0,0,0,0,0,0,0,0,0,0,0,0,0,0,0,0,0,0,0,0,0,0,14968,0,0,0
1743619357.001405,600855,21068467,0,nscratch,nscratch-ffffa03b0426b000,0,0,10355247390040,905049378378,0,0,98179,0,0,0,0,0,0,0,0,0,0,0,0,0,0,0,0,0,0,0,0,0,0,0,0,60771,0,0,0
1743619357.001513,600855,21068467,0,pscratch,pscratch-ffffa03b0861a000,0,0,219402878101,374678341559,0,0,30987,0,0,0,0,0,0,0,0,0,0,0,0,0,0,0,0,0,0,0,0,0,0,0,0,14968,0,0,0
1743619358.001679,600855,21068467,0,nscratch,nscratch-ffffa03b0426b000,0,0,10355247390040,905049378378,0,0,98179,0,0,0,0,0,0,0,0,0,0,0,0,0,0,0,0,0,0,0,0,0,0,0,0,60771,0,0,0
1743619358.001789,600855,21068467,0,pscratch,pscratch-ffffa03b0861a000,0,0,219402878101,374678341559,0,0,30987,0,0,0,0,0,0,0,0,0,0,0,0,0,0,0,0,0,0,0,0,0,0,0,0,14968,0,0,0
1743619359.002303,600855,21068467,0,nscratch,nscratch-ffffa03b0426b000,0,0,10355247390040,905049378378,0,0,98179,0,0,0,0,0,0,0,0,0,0,0,0,0,0,0,0,0,0,0,0,0,0,0,0,60771,0,0,0
1743619359.002414,600855,21068467,0,pscratch,pscratch-ffffa03b0861a000,0,0,219402878101,374678341559,0,0,30987,0,0,0,0,0,0,0,0,0,0,0,0,0,0,0,0,0,0,0,0,0,0,0,0,14968,0,0,0
1743619360.001839,600855,21068467,0,nscratch,nscratch-ffffa03b0426b000,0,0,10355247390040,905049378378,0,0,98179,0,0,0,0,0,0,0,0,0,0,0,0,0,0,0,0,0,0,0,0,0,0,0,0,60771,0,0,0
1743619360.001955,600855,21068467,0,pscratch,pscratch-ffffa03b0861a000,0,0,219402878101,374678341559,0,0,30987,0,0,0,0,0,0,0,0,0,0,0,0,0,0,0,0,0,0,0,0,0,0,0,0,14968,0,0,0
1743619361.002126,600855,21068467,0,nscratch,nscratch-ffffa03b0426b000,0,0,10355247390040,905049378378,0,0,98179,0,0,0,0,0,0,0,0,0,0,0,0,0,0,0,0,0,0,0,0,0,0,0,0,60771,0,0,0
1743619361.002237,600855,21068467,0,pscratch,pscratch-ffffa03b0861a000,0,0,219402878101,374678341559,0,0,30987,0,0,0,0,0,0,0,0,0,0,0,0,0,0,0,0,0,0,0,0,0,0,0,0,14968,0,0,0
1743619362.001759,600855,21068467,0,nscratch,nscratch-ffffa03b0426b000,0,0,10355247390040,905049378378,0,0,98179,0,0,0,0,0,0,0,0,0,0,0,0,0,0,0,0,0,0,0,0,0,0,0,0,60771,0,0,0
1743619362.001870,600855,21068467,0,pscratch,pscratch-ffffa03b0861a000,0,0,219402878101,374678341559,0,0,30987,0,0,0,0,0,0,0,0,0,0,0,0,0,0,0,0,0,0,0,0,0,0,0,0,14968,0,0,0
1743619363.002239,600855,21068467,0,nscratch,nscratch-ffffa03b0426b000,0,0,10355247390040,905049378378,0,0,98179,0,0,0,0,0,0,0,0,0,0,0,0,0,0,0,0,0,0,0,0,0,0,0,0,60771,0,0,0
1743619363.002348,600855,21068467,0,pscratch,pscratch-ffffa03b0861a000,0,0,219402878101,374678341559,0,0,30987,0,0,0,0,0,0,0,0,0,0,0,0,0,0,0,0,0,0,0,0,0,0,0,0,14968,0,0,0
1743619364.001507,600855,21068467,0,nscratch,nscratch-ffffa03b0426b000,0,0,10355247390040,905049378378,0,0,98179,0,0,0,0,0,0,0,0,0,0,0,0,0,0,0,0,0,0,0,0,0,0,0,0,60771,0,0,0
1743619364.001617,600855,21068467,0,pscratch,pscratch-ffffa03b0861a000,0,0,219402878101,374678341559,0,0,30987,0,0,0,0,0,0,0,0,0,0,0,0,0,0,0,0,0,0,0,0,0,0,0,0,14968,0,0,0
1743619365.002141,600855,21068467,0,nscratch,nscratch-ffffa03b0426b000,0,0,10355247390040,905049378378,0,0,98179,0,0,0,0,0,0,0,0,0,0,0,0,0,0,0,0,0,0,0,0,0,0,0,0,60771,0,0,0
1743619365.002252,600855,21068467,0,pscratch,pscratch-ffffa03b0861a000,0,0,219402878101,374678341559,0,0,30987,0,0,0,0,0,0,0,0,0,0,0,0,0,0,0,0,0,0,0,0,0,0,0,0,14968,0,0,0
1743619366.001626,600855,21068467,0,nscratch,nscratch-ffffa03b0426b000,0,0,10355247390040,905049378378,0,0,98179,0,0,0,0,0,0,0,0,0,0,0,0,0,0,0,0,0,0,0,0,0,0,0,0,60771,0,0,0
1743619366.001738,600855,21068467,0,pscratch,pscratch-ffffa03b0861a000,0,0,219402878101,374678341559,0,0,30987,0,0,0,0,0,0,0,0,0,0,0,0,0,0,0,0,0,0,0,0,0,0,0,0,14968,0,0,0
1743619367.001897,600855,21068467,0,nscratch,nscratch-ffffa03b0426b000,0,0,10355247390040,905049378378,0,0,98179,0,0,0,0,0,0,0,0,0,0,0,0,0,0,0,0,0,0,0,0,0,0,0,0,60771,0,0,0
1743619367.002008,600855,21068467,0,pscratch,pscratch-ffffa03b0861a000,0,0,219402878101,374678341559,0,0,30987,0,0,0,0,0,0,0,0,0,0,0,0,0,0,0,0,0,0,0,0,0,0,0,0,14968,0,0,0
1743619368.001532,600855,21068467,0,nscratch,nscratch-ffffa03b0426b000,0,0,10355247390040,905049378378,0,0,98179,0,0,0,0,0,0,0,0,0,0,0,0,0,0,0,0,0,0,0,0,0,0,0,0,60771,0,0,0
1743619368.001649,600855,21068467,0,pscratch,pscratch-ffffa03b0861a000,0,0,219402878101,374678341559,0,0,30987,0,0,0,0,0,0,0,0,0,0,0,0,0,0,0,0,0,0,0,0,0,0,0,0,14968,0,0,0
1743619369.002017,600855,21068467,0,nscratch,nscratch-ffffa03b0426b000,0,0,10355247390040,905049378378,0,0,98179,0,0,0,0,0,0,0,0,0,0,0,0,0,0,0,0,0,0,0,0,0,0,0,0,60771,0,0,0
1743619369.002129,600855,21068467,0,pscratch,pscratch-ffffa03b0861a000,0,0,219402878101,374678341559,0,0,30987,0,0,0,0,0,0,0,0,0,0,0,0,0,0,0,0,0,0,0,0,0,0,0,0,14968,0,0,0
1743619370.001297,600855,21068467,0,nscratch,nscratch-ffffa03b0426b000,0,0,10355247390040,905049378378,0,0,98179,0,0,0,0,0,0,0,0,0,0,0,0,0,0,0,0,0,0,0,0,0,0,0,0,60771,0,0,0
1743619370.001408,600855,21068467,0,pscratch,pscratch-ffffa03b0861a000,0,0,219402878101,374678341559,0,0,30987,0,0,0,0,0,0,0,0,0,0,0,0,0,0,0,0,0,0,0,0,0,0,0,0,14968,0,0,0
1743619371.001942,600855,21068467,0,nscratch,nscratch-ffffa03b0426b000,0,0,10355247390040,905049378378,0,0,98179,0,0,0,0,0,0,0,0,0,0,0,0,0,0,0,0,0,0,0,0,0,0,0,0,60771,0,0,0
1743619371.002055,600855,21068467,0,pscratch,pscratch-ffffa03b0861a000,0,0,219402878101,374678341559,0,0,30987,0,0,0,0,0,0,0,0,0,0,0,0,0,0,0,0,0,0,0,0,0,0,0,0,14968,0,0,0
1743619372.001414,600855,21068467,0,nscratch,nscratch-ffffa03b0426b000,0,0,10355247390040,905049378378,0,0,98179,0,0,0,0,0,0,0,0,0,0,0,0,0,0,0,0,0,0,0,0,0,0,0,0,60771,0,0,0
1743619372.001524,600855,21068467,0,pscratch,pscratch-ffffa03b0861a000,0,0,219402878101,374678341559,0,0,30987,0,0,0,0,0,0,0,0,0,0,0,0,0,0,0,0,0,0,0,0,0,0,0,0,14968,0,0,0
1743619373.001696,600855,21068467,0,nscratch,nscratch-ffffa03b0426b000,0,0,10355247390040,905049378378,0,0,98179,0,0,0,0,0,0,0,0,0,0,0,0,0,0,0,0,0,0,0,0,0,0,0,0,60771,0,0,0
1743619373.001807,600855,21068467,0,pscratch,pscratch-ffffa03b0861a000,0,0,219402878101,374678341559,0,0,30987,0,0,0,0,0,0,0,0,0,0,0,0,0,0,0,0,0,0,0,0,0,0,0,0,14968,0,0,0
1743619374.002321,600855,21068467,0,nscratch,nscratch-ffffa03b0426b000,0,0,10355247390040,905049378378,0,0,98179,0,0,0,0,0,0,0,0,0,0,0,0,0,0,0,0,0,0,0,0,0,0,0,0,60771,0,0,0
1743619374.002430,600855,21068467,0,pscratch,pscratch-ffffa03b0861a000,0,0,219402878101,374678341559,0,0,30987,0,0,0,0,0,0,0,0,0,0,0,0,0,0,0,0,0,0,0,0,0,0,0,0,14968,0,0,0
1743619375.001785,600855,21068467,0,nscratch,nscratch-ffffa03b0426b000,0,0,10355247390040,905049378378,0,0,98179,0,0,0,0,0,0,0,0,0,0,0,0,0,0,0,0,0,0,0,0,0,0,0,0,60771,0,0,0
1743619375.001904,600855,21068467,0,pscratch,pscratch-ffffa03b0861a000,0,0,219402878101,374678341559,0,0,30987,0,0,0,0,0,0,0,0,0,0,0,0,0,0,0,0,0,0,0,0,0,0,0,0,14968,0,0,0
1743619376.002068,600855,21068467,0,nscratch,nscratch-ffffa03b0426b000,0,0,10355247390040,905049378378,0,0,98179,0,0,0,0,0,0,0,0,0,0,0,0,0,0,0,0,0,0,0,0,0,0,0,0,60771,0,0,0
1743619376.002179,600855,21068467,0,pscratch,pscratch-ffffa03b0861a000,0,0,219402878101,374678341559,0,0,30987,0,0,0,0,0,0,0,0,0,0,0,0,0,0,0,0,0,0,0,0,0,0,0,0,14968,0,0,0
1743619377.001701,600855,21068467,0,nscratch,nscratch-ffffa03b0426b000,0,0,10355247390040,905049378378,0,0,98179,0,0,0,0,0,0,0,0,0,0,0,0,0,0,0,0,0,0,0,0,0,0,0,0,60771,0,0,0
1743619377.001810,600855,21068467,0,pscratch,pscratch-ffffa03b0861a000,0,0,219402878101,374678341559,0,0,30987,0,0,0,0,0,0,0,0,0,0,0,0,0,0,0,0,0,0,0,0,0,0,0,0,14968,0,0,0
1743619378.002182,600855,21068467,0,nscratch,nscratch-ffffa03b0426b000,0,0,10355247390040,905049378378,0,0,98179,0,0,0,0,0,0,0,0,0,0,0,0,0,0,0,0,0,0,0,0,0,0,0,0,60771,0,0,0
1743619378.002293,600855,21068467,0,pscratch,pscratch-ffffa03b0861a000,0,0,219402878101,374678341559,0,0,30987,0,0,0,0,0,0,0,0,0,0,0,0,0,0,0,0,0,0,0,0,0,0,0,0,14968,0,0,0
1743619379.001451,600855,21068467,0,nscratch,nscratch-ffffa03b0426b000,0,0,10355247390040,905049378378,0,0,98179,0,0,0,0,0,0,0,0,0,0,0,0,0,0,0,0,0,0,0,0,0,0,0,0,60771,0,0,0
1743619379.001560,600855,21068467,0,pscratch,pscratch-ffffa03b0861a000,0,0,219402878101,374678341559,0,0,30987,0,0,0,0,0,0,0,0,0,0,0,0,0,0,0,0,0,0,0,0,0,0,0,0,14968,0,0,0
1743619380.002103,600855,21068467,0,nscratch,nscratch-ffffa03b0426b000,0,0,10355247390040,905049378378,0,0,98179,0,0,0,0,0,0,0,0,0,0,0,0,0,0,0,0,0,0,0,0,0,0,0,0,60771,0,0,0
1743619380.002212,600855,21068467,0,pscratch,pscratch-ffffa03b0861a000,0,0,219402878101,374678341559,0,0,30987,0,0,0,0,0,0,0,0,0,0,0,0,0,0,0,0,0,0,0,0,0,0,0,0,14968,0,0,0
1743619381.001581,600855,21068467,0,nscratch,nscratch-ffffa03b0426b000,0,0,10355247390040,905049378378,0,0,98179,0,0,0,0,0,0,0,0,0,0,0,0,0,0,0,0,0,0,0,0,0,0,0,0,60771,0,0,0
1743619381.001697,600855,21068467,0,pscratch,pscratch-ffffa03b0861a000,0,0,219402878101,374678341559,0,0,30987,0,0,0,0,0,0,0,0,0,0,0,0,0,0,0,0,0,0,0,0,0,0,0,0,14968,0,0,0
1743619382.001864,600855,21068467,0,nscratch,nscratch-ffffa03b0426b000,0,0,10355247390040,905049378378,0,0,98179,0,0,0,0,0,0,0,0,0,0,0,0,0,0,0,0,0,0,0,0,0,0,0,0,60771,0,0,0
1743619382.001972,600855,21068467,0,pscratch,pscratch-ffffa03b0861a000,0,0,219402878101,374678341559,0,0,30987,0,0,0,0,0,0,0,0,0,0,0,0,0,0,0,0,0,0,0,0,0,0,0,0,14968,0,0,0
1743619383.001487,600855,21068467,0,nscratch,nscratch-ffffa03b0426b000,0,0,10355247390040,905049378378,0,0,98179,0,0,0,0,0,0,0,0,0,0,0,0,0,0,0,0,0,0,0,0,0,0,0,0,60771,0,0,0
1743619383.001594,600855,21068467,0,pscratch,pscratch-ffffa03b0861a000,0,0,219402878101,374678341559,0,0,30987,0,0,0,0,0,0,0,0,0,0,0,0,0,0,0,0,0,0,0,0,0,0,0,0,14968,0,0,0
1743619384.001959,600855,21068467,0,nscratch,nscratch-ffffa03b0426b000,0,0,10355247390040,905049378378,0,0,98179,0,0,0,0,0,0,0,0,0,0,0,0,0,0,0,0,0,0,0,0,0,0,0,0,60771,0,0,0
1743619384.002070,600855,21068467,0,pscratch,pscratch-ffffa03b0861a000,0,0,219402878101,374678341559,0,0,30987,0,0,0,0,0,0,0,0,0,0,0,0,0,0,0,0,0,0,0,0,0,0,0,0,14968,0,0,0
1743619385.001226,600855,21068467,0,nscratch,nscratch-ffffa03b0426b000,0,0,10355247390040,905049378378,0,0,98179,0,0,0,0,0,0,0,0,0,0,0,0,0,0,0,0,0,0,0,0,0,0,0,0,60771,0,0,0
1743619385.001339,600855,21068467,0,pscratch,pscratch-ffffa03b0861a000,0,0,219402878101,374678341559,0,0,30987,0,0,0,0,0,0,0,0,0,0,0,0,0,0,0,0,0,0,0,0,0,0,0,0,14968,0,0,0
1743619386.001870,600855,21068467,0,nscratch,nscratch-ffffa03b0426b000,0,0,10355247390040,905049378378,0,0,98179,0,0,0,0,0,0,0,0,0,0,0,0,0,0,0,0,0,0,0,0,0,0,0,0,60771,0,0,0
1743619386.001982,600855,21068467,0,pscratch,pscratch-ffffa03b0861a000,0,0,219402878101,374678341559,0,0,30987,0,0,0,0,0,0,0,0,0,0,0,0,0,0,0,0,0,0,0,0,0,0,0,0,14968,0,0,0
1743619387.001349,600855,21068467,0,nscratch,nscratch-ffffa03b0426b000,0,0,10355247390040,905049378378,0,0,98179,0,0,0,0,0,0,0,0,0,0,0,0,0,0,0,0,0,0,0,0,0,0,0,0,60771,0,0,0
1743619387.001459,600855,21068467,0,pscratch,pscratch-ffffa03b0861a000,0,0,219402878101,374678341559,0,0,30987,0,0,0,0,0,0,0,0,0,0,0,0,0,0,0,0,0,0,0,0,0,0,0,0,14968,0,0,0
1743619388.001631,600855,21068467,0,nscratch,nscratch-ffffa03b0426b000,0,0,10355247390040,905049378378,0,0,98179,0,0,0,0,0,0,0,0,0,0,0,0,0,0,0,0,0,0,0,0,0,0,0,0,60771,0,0,0
1743619388.001743,600855,21068467,0,pscratch,pscratch-ffffa03b0861a000,0,0,219402878101,374678341559,0,0,30987,0,0,0,0,0,0,0,0,0,0,0,0,0,0,0,0,0,0,0,0,0,0,0,0,14968,0,0,0
1743619389.002258,600855,21068467,0,nscratch,nscratch-ffffa03b0426b000,0,0,10355247390040,905049378378,0,0,98179,0,0,0,0,0,0,0,0,0,0,0,0,0,0,0,0,0,0,0,0,0,0,0,0,60771,0,0,0
1743619389.002366,600855,21068467,0,pscratch,pscratch-ffffa03b0861a000,0,0,219402878101,374678341559,0,0,30987,0,0,0,0,0,0,0,0,0,0,0,0,0,0,0,0,0,0,0,0,0,0,0,0,14968,0,0,0
1743619390.001741,600855,21068467,0,nscratch,nscratch-ffffa03b0426b000,0,0,10355247390040,905049378378,0,0,98179,0,0,0,0,0,0,0,0,0,0,0,0,0,0,0,0,0,0,0,0,0,0,0,0,60771,0,0,0
1743619390.001852,600855,21068467,0,pscratch,pscratch-ffffa03b0861a000,0,0,219402878101,374678341559,0,0,30987,0,0,0,0,0,0,0,0,0,0,0,0,0,0,0,0,0,0,0,0,0,0,0,0,14968,0,0,0
1743619391.002020,600855,21068467,0,nscratch,nscratch-ffffa03b0426b000,0,0,10355247390040,905049378378,0,0,98179,0,0,0,0,0,0,0,0,0,0,0,0,0,0,0,0,0,0,0,0,0,0,0,0,60771,0,0,0
1743619391.002128,600855,21068467,0,pscratch,pscratch-ffffa03b0861a000,0,0,219402878101,374678341559,0,0,30987,0,0,0,0,0,0,0,0,0,0,0,0,0,0,0,0,0,0,0,0,0,0,0,0,14968,0,0,0
1743619392.001647,600855,21068467,0,nscratch,nscratch-ffffa03b0426b000,0,0,10355247390040,905049378378,0,0,98179,0,0,0,0,0,0,0,0,0,0,0,0,0,0,0,0,0,0,0,0,0,0,0,0,60771,0,0,0
1743619392.001757,600855,21068467,0,pscratch,pscratch-ffffa03b0861a000,0,0,219402878101,374678341559,0,0,30987,0,0,0,0,0,0,0,0,0,0,0,0,0,0,0,0,0,0,0,0,0,0,0,0,14968,0,0,0
1743619393.002129,600855,21068467,0,nscratch,nscratch-ffffa03b0426b000,0,0,10355247390040,905049378378,0,0,98179,0,0,0,0,0,0,0,0,0,0,0,0,0,0,0,0,0,0,0,0,0,0,0,0,60771,0,0,0
1743619393.002241,600855,21068467,0,pscratch,pscratch-ffffa03b0861a000,0,0,219402878101,374678341559,0,0,30987,0,0,0,0,0,0,0,0,0,0,0,0,0,0,0,0,0,0,0,0,0,0,0,0,14968,0,0,0
1743619394.001400,600855,21068467,0,nscratch,nscratch-ffffa03b0426b000,0,0,10355247390040,905049378378,0,0,98179,0,0,0,0,0,0,0,0,0,0,0,0,0,0,0,0,0,0,0,0,0,0,0,0,60771,0,0,0
1743619394.001509,600855,21068467,0,pscratch,pscratch-ffffa03b0861a000,0,0,219402878101,374678341559,0,0,30987,0,0,0,0,0,0,0,0,0,0,0,0,0,0,0,0,0,0,0,0,0,0,0,0,14968,0,0,0
1743619395.002037,600855,21068467,0,nscratch,nscratch-ffffa03b0426b000,0,0,10355247390040,905049378378,0,0,98179,0,0,0,0,0,0,0,0,0,0,0,0,0,0,0,0,0,0,0,0,0,0,0,0,60771,0,0,0
1743619395.002150,600855,21068467,0,pscratch,pscratch-ffffa03b0861a000,0,0,219402878101,374678341559,0,0,30987,0,0,0,0,0,0,0,0,0,0,0,0,0,0,0,0,0,0,0,0,0,0,0,0,14968,0,0,0
1743619396.001520,600855,21068467,0,nscratch,nscratch-ffffa03b0426b000,0,0,10355247390040,905049378378,0,0,98179,0,0,0,0,0,0,0,0,0,0,0,0,0,0,0,0,0,0,0,0,0,0,0,0,60771,0,0,0
1743619396.001636,600855,21068467,0,pscratch,pscratch-ffffa03b0861a000,0,0,219402878101,374678341559,0,0,30987,0,0,0,0,0,0,0,0,0,0,0,0,0,0,0,0,0,0,0,0,0,0,0,0,14968,0,0,0
1743619397.001798,600855,21068467,0,nscratch,nscratch-ffffa03b0426b000,0,0,10355247390040,905049378378,0,0,98179,0,0,0,0,0,0,0,0,0,0,0,0,0,0,0,0,0,0,0,0,0,0,0,0,60771,0,0,0
1743619397.001911,600855,21068467,0,pscratch,pscratch-ffffa03b0861a000,0,0,219402878101,374678341559,0,0,30987,0,0,0,0,0,0,0,0,0,0,0,0,0,0,0,0,0,0,0,0,0,0,0,0,14968,0,0,0
1743619398.001430,600855,21068467,0,nscratch,nscratch-ffffa03b0426b000,0,0,10355247390040,905049378378,0,0,98179,0,0,0,0,0,0,0,0,0,0,0,0,0,0,0,0,0,0,0,0,0,0,0,0,60771,0,0,0
1743619398.001539,600855,21068467,0,pscratch,pscratch-ffffa03b0861a000,0,0,219402878101,374678341559,0,0,30987,0,0,0,0,0,0,0,0,0,0,0,0,0,0,0,0,0,0,0,0,0,0,0,0,14968,0,0,0
1743619399.001916,600855,21068467,0,nscratch,nscratch-ffffa03b0426b000,0,0,10355247390040,905049378378,0,0,98179,0,0,0,0,0,0,0,0,0,0,0,0,0,0,0,0,0,0,0,0,0,0,0,0,60771,0,0,0
1743619399.002026,600855,21068467,0,pscratch,pscratch-ffffa03b0861a000,0,0,219402878101,374678341559,0,0,30987,0,0,0,0,0,0,0,0,0,0,0,0,0,0,0,0,0,0,0,0,0,0,0,0,14968,0,0,0
1743619400.001183,600855,21068467,0,nscratch,nscratch-ffffa03b0426b000,0,0,10355247390040,905049378378,0,0,98179,0,0,0,0,0,0,0,0,0,0,0,0,0,0,0,0,0,0,0,0,0,0,0,0,60771,0,0,0
1743619400.001291,600855,21068467,0,pscratch,pscratch-ffffa03b0861a000,0,0,219402878101,374678341559,0,0,30987,0,0,0,0,0,0,0,0,0,0,0,0,0,0,0,0,0,0,0,0,0,0,0,0,14968,0,0,0
1743619401.001826,600855,21068467,0,nscratch,nscratch-ffffa03b0426b000,0,0,10355247390040,905049378378,0,0,98179,0,0,0,0,0,0,0,0,0,0,0,0,0,0,0,0,0,0,0,0,0,0,0,0,60771,0,0,0
1743619401.001935,600855,21068467,0,pscratch,pscratch-ffffa03b0861a000,0,0,219402878101,374678341559,0,0,30987,0,0,0,0,0,0,0,0,0,0,0,0,0,0,0,0,0,0,0,0,0,0,0,0,14968,0,0,0
1743619402.002302,600855,21068467,0,nscratch,nscratch-ffffa03b0426b000,0,0,10355247390040,905049378378,0,0,98179,0,0,0,0,0,0,0,0,0,0,0,0,0,0,0,0,0,0,0,0,0,0,0,0,60771,0,0,0
1743619402.002414,600855,21068467,0,pscratch,pscratch-ffffa03b0861a000,0,0,219402878101,374678341559,0,0,30987,0,0,0,0,0,0,0,0,0,0,0,0,0,0,0,0,0,0,0,0,0,0,0,0,14968,0,0,0
1743619403.001577,600855,21068467,0,nscratch,nscratch-ffffa03b0426b000,0,0,10355247390040,905049378378,0,0,98179,0,0,0,0,0,0,0,0,0,0,0,0,0,0,0,0,0,0,0,0,0,0,0,0,60771,0,0,0
1743619403.001692,600855,21068467,0,pscratch,pscratch-ffffa03b0861a000,0,0,219402878101,374678341559,0,0,30987,0,0,0,0,0,0,0,0,0,0,0,0,0,0,0,0,0,0,0,0,0,0,0,0,14968,0,0,0
1743619404.002210,600855,21068467,0,nscratch,nscratch-ffffa03b0426b000,0,0,10355247390040,905049378378,0,0,98179,0,0,0,0,0,0,0,0,0,0,0,0,0,0,0,0,0,0,0,0,0,0,0,0,60771,0,0,0
1743619404.002321,600855,21068467,0,pscratch,pscratch-ffffa03b0861a000,0,0,219402878101,374678341559,0,0,30987,0,0,0,0,0,0,0,0,0,0,0,0,0,0,0,0,0,0,0,0,0,0,0,0,14968,0,0,0
1743619405.001688,600855,21068467,0,nscratch,nscratch-ffffa03b0426b000,0,0,10355247390040,905049378378,0,0,98179,0,0,0,0,0,0,0,0,0,0,0,0,0,0,0,0,0,0,0,0,0,0,0,0,60771,0,0,0
1743619405.001801,600855,21068467,0,pscratch,pscratch-ffffa03b0861a000,0,0,219402878101,374678341559,0,0,30987,0,0,0,0,0,0,0,0,0,0,0,0,0,0,0,0,0,0,0,0,0,0,0,0,14968,0,0,0
1743619406.001973,600855,21068467,0,nscratch,nscratch-ffffa03b0426b000,0,0,10355247390040,905049378378,0,0,98179,0,0,0,0,0,0,0,0,0,0,0,0,0,0,0,0,0,0,0,0,0,0,0,0,60771,0,0,0
1743619406.002085,600855,21068467,0,pscratch,pscratch-ffffa03b0861a000,0,0,219402878101,374678341559,0,0,30987,0,0,0,0,0,0,0,0,0,0,0,0,0,0,0,0,0,0,0,0,0,0,0,0,14968,0,0,0
1743619407.001608,600855,21068467,0,nscratch,nscratch-ffffa03b0426b000,0,0,10355247390040,905049378378,0,0,98179,0,0,0,0,0,0,0,0,0,0,0,0,0,0,0,0,0,0,0,0,0,0,0,0,60771,0,0,0
1743619407.001724,600855,21068467,0,pscratch,pscratch-ffffa03b0861a000,0,0,219402878101,374678341559,0,0,30987,0,0,0,0,0,0,0,0,0,0,0,0,0,0,0,0,0,0,0,0,0,0,0,0,14968,0,0,0
1743619408.002090,600855,21068467,0,nscratch,nscratch-ffffa03b0426b000,0,0,10355247390040,905049378378,0,0,98179,0,0,0,0,0,0,0,0,0,0,0,0,0,0,0,0,0,0,0,0,0,0,0,0,60771,0,0,0
1743619408.002202,600855,21068467,0,pscratch,pscratch-ffffa03b0861a000,0,0,219402878101,374678341559,0,0,30987,0,0,0,0,0,0,0,0,0,0,0,0,0,0,0,0,0,0,0,0,0,0,0,0,14968,0,0,0
1743619409.001360,600855,21068467,0,nscratch,nscratch-ffffa03b0426b000,0,0,10355247390040,905049378378,0,0,98179,0,0,0,0,0,0,0,0,0,0,0,0,0,0,0,0,0,0,0,0,0,0,0,0,60771,0,0,0
1743619409.001469,600855,21068467,0,pscratch,pscratch-ffffa03b0861a000,0,0,219402878101,374678341559,0,0,30987,0,0,0,0,0,0,0,0,0,0,0,0,0,0,0,0,0,0,0,0,0,0,0,0,14968,0,0,0
1743619410.001992,600855,21068467,0,nscratch,nscratch-ffffa03b0426b000,0,0,10355247390040,905049378378,0,0,98179,0,0,0,0,0,0,0,0,0,0,0,0,0,0,0,0,0,0,0,0,0,0,0,0,60771,0,0,0
1743619410.002101,600855,21068467,0,pscratch,pscratch-ffffa03b0861a000,0,0,219402878101,374678341559,0,0,30987,0,0,0,0,0,0,0,0,0,0,0,0,0,0,0,0,0,0,0,0,0,0,0,0,14968,0,0,0
1743619411.001470,600855,21068467,0,nscratch,nscratch-ffffa03b0426b000,0,0,10355247390040,905049378378,0,0,98179,0,0,0,0,0,0,0,0,0,0,0,0,0,0,0,0,0,0,0,0,0,0,0,0,60771,0,0,0
1743619411.001582,600855,21068467,0,pscratch,pscratch-ffffa03b0861a000,0,0,219402878101,374678341559,0,0,30987,0,0,0,0,0,0,0,0,0,0,0,0,0,0,0,0,0,0,0,0,0,0,0,0,14968,0,0,0
1743619412.001749,600855,21068467,0,nscratch,nscratch-ffffa03b0426b000,0,0,10355247390040,905049378378,0,0,98179,0,0,0,0,0,0,0,0,0,0,0,0,0,0,0,0,0,0,0,0,0,0,0,0,60771,0,0,0
1743619412.001860,600855,21068467,0,pscratch,pscratch-ffffa03b0861a000,0,0,219402878101,374678341559,0,0,30987,0,0,0,0,0,0,0,0,0,0,0,0,0,0,0,0,0,0,0,0,0,0,0,0,14968,0,0,0
1743619413.001390,600855,21068467,0,nscratch,nscratch-ffffa03b0426b000,0,0,10355247390040,905049378378,0,0,98179,0,0,0,0,0,0,0,0,0,0,0,0,0,0,0,0,0,0,0,0,0,0,0,0,60771,0,0,0
1743619413.001500,600855,21068467,0,pscratch,pscratch-ffffa03b0861a000,0,0,219402878101,374678341559,0,0,30987,0,0,0,0,0,0,0,0,0,0,0,0,0,0,0,0,0,0,0,0,0,0,0,0,14968,0,0,0
1743619414.001877,600855,21068467,0,nscratch,nscratch-ffffa03b0426b000,0,0,10355247390040,905049378378,0,0,98179,0,0,0,0,0,0,0,0,0,0,0,0,0,0,0,0,0,0,0,0,0,0,0,0,60771,0,0,0
1743619414.001986,600855,21068467,0,pscratch,pscratch-ffffa03b0861a000,0,0,219402878101,374678341559,0,0,30987,0,0,0,0,0,0,0,0,0,0,0,0,0,0,0,0,0,0,0,0,0,0,0,0,14968,0,0,0
1743619415.002147,600855,21068467,0,nscratch,nscratch-ffffa03b0426b000,0,0,10355247390040,905049378378,0,0,98179,0,0,0,0,0,0,0,0,0,0,0,0,0,0,0,0,0,0,0,0,0,0,0,0,60771,0,0,0
1743619415.002260,600855,21068467,0,pscratch,pscratch-ffffa03b0861a000,0,0,219402878101,374678341559,0,0,30987,0,0,0,0,0,0,0,0,0,0,0,0,0,0,0,0,0,0,0,0,0,0,0,0,14968,0,0,0
1743619416.001797,600855,21068467,0,nscratch,nscratch-ffffa03b0426b000,0,0,10355247390040,905049378378,0,0,98179,0,0,0,0,0,0,0,0,0,0,0,0,0,0,0,0,0,0,0,0,0,0,0,0,60771,0,0,0
1743619416.001908,600855,21068467,0,pscratch,pscratch-ffffa03b0861a000,0,0,219402878101,374678341559,0,0,30987,0,0,0,0,0,0,0,0,0,0,0,0,0,0,0,0,0,0,0,0,0,0,0,0,14968,0,0,0
1743619417.002279,600855,21068467,0,nscratch,nscratch-ffffa03b0426b000,0,0,10355247390040,905049378378,0,0,98179,0,0,0,0,0,0,0,0,0,0,0,0,0,0,0,0,0,0,0,0,0,0,0,0,60771,0,0,0
1743619417.002391,600855,21068467,0,pscratch,pscratch-ffffa03b0861a000,0,0,219402878101,374678341559,0,0,30987,0,0,0,0,0,0,0,0,0,0,0,0,0,0,0,0,0,0,0,0,0,0,0,0,14968,0,0,0
1743619418.001553,600855,21068467,0,nscratch,nscratch-ffffa03b0426b000,0,0,10355247390040,905049378378,0,0,98179,0,0,0,0,0,0,0,0,0,0,0,0,0,0,0,0,0,0,0,0,0,0,0,0,60771,0,0,0
1743619418.001669,600855,21068467,0,pscratch,pscratch-ffffa03b0861a000,0,0,219402878101,374678341559,0,0,30987,0,0,0,0,0,0,0,0,0,0,0,0,0,0,0,0,0,0,0,0,0,0,0,0,14968,0,0,0
1743619419.002191,600855,21068467,0,nscratch,nscratch-ffffa03b0426b000,0,0,10355247390040,905049378378,0,0,98179,0,0,0,0,0,0,0,0,0,0,0,0,0,0,0,0,0,0,0,0,0,0,0,0,60771,0,0,0
1743619419.002303,600855,21068467,0,pscratch,pscratch-ffffa03b0861a000,0,0,219402878101,374678341559,0,0,30987,0,0,0,0,0,0,0,0,0,0,0,0,0,0,0,0,0,0,0,0,0,0,0,0,14968,0,0,0
1743619420.001679,600855,21068467,0,nscratch,nscratch-ffffa03b0426b000,0,0,10355247390040,905049378378,0,0,98179,0,0,0,0,0,0,0,0,0,0,0,0,0,0,0,0,0,0,0,0,0,0,0,0,60771,0,0,0
1743619420.001791,600855,21068467,0,pscratch,pscratch-ffffa03b0861a000,0,0,219402878101,374678341559,0,0,30987,0,0,0,0,0,0,0,0,0,0,0,0,0,0,0,0,0,0,0,0,0,0,0,0,14968,0,0,0
1743619421.001960,600855,21068467,0,nscratch,nscratch-ffffa03b0426b000,0,0,10355247390040,905049378378,0,0,98179,0,0,0,0,0,0,0,0,0,0,0,0,0,0,0,0,0,0,0,0,0,0,0,0,60771,0,0,0
1743619421.002083,600855,21068467,0,pscratch,pscratch-ffffa03b0861a000,0,0,219402878101,374678341559,0,0,30987,0,0,0,0,0,0,0,0,0,0,0,0,0,0,0,0,0,0,0,0,0,0,0,0,14968,0,0,0
1743619422.001600,600855,21068467,0,nscratch,nscratch-ffffa03b0426b000,0,0,10355247390040,905049378378,0,0,98179,0,0,0,0,0,0,0,0,0,0,0,0,0,0,0,0,0,0,0,0,0,0,0,0,60771,0,0,0
1743619422.001715,600855,21068467,0,pscratch,pscratch-ffffa03b0861a000,0,0,219402878101,374678341559,0,0,30987,0,0,0,0,0,0,0,0,0,0,0,0,0,0,0,0,0,0,0,0,0,0,0,0,14968,0,0,0
1743619423.002095,600855,21068467,0,nscratch,nscratch-ffffa03b0426b000,0,0,10355247390040,905049378378,0,0,98179,0,0,0,0,0,0,0,0,0,0,0,0,0,0,0,0,0,0,0,0,0,0,0,0,60771,0,0,0
1743619423.002206,600855,21068467,0,pscratch,pscratch-ffffa03b0861a000,0,0,219402878101,374678341559,0,0,30987,0,0,0,0,0,0,0,0,0,0,0,0,0,0,0,0,0,0,0,0,0,0,0,0,14968,0,0,0
1743619424.001363,600855,21068467,0,nscratch,nscratch-ffffa03b0426b000,0,0,10355247390040,905049378378,0,0,98179,0,0,0,0,0,0,0,0,0,0,0,0,0,0,0,0,0,0,0,0,0,0,0,0,60771,0,0,0
1743619424.001471,600855,21068467,0,pscratch,pscratch-ffffa03b0861a000,0,0,219402878101,374678341559,0,0,30987,0,0,0,0,0,0,0,0,0,0,0,0,0,0,0,0,0,0,0,0,0,0,0,0,14968,0,0,0
1743619425.001995,600855,21068467,0,nscratch,nscratch-ffffa03b0426b000,0,0,10355247390040,905049378378,0,0,98179,0,0,0,0,0,0,0,0,0,0,0,0,0,0,0,0,0,0,0,0,0,0,0,0,60771,0,0,0
1743619425.002105,600855,21068467,0,pscratch,pscratch-ffffa03b0861a000,0,0,219402878101,374678341559,0,0,30987,0,0,0,0,0,0,0,0,0,0,0,0,0,0,0,0,0,0,0,0,0,0,0,0,14968,0,0,0
1743619426.001479,600855,21068467,0,nscratch,nscratch-ffffa03b0426b000,0,0,10355247390040,905049378378,0,0,98179,0,0,0,0,0,0,0,0,0,0,0,0,0,0,0,0,0,0,0,0,0,0,0,0,60771,0,0,0
1743619426.001593,600855,21068467,0,pscratch,pscratch-ffffa03b0861a000,0,0,219402878101,374678341559,0,0,30987,0,0,0,0,0,0,0,0,0,0,0,0,0,0,0,0,0,0,0,0,0,0,0,0,14968,0,0,0
1743619427.001757,600855,21068467,0,nscratch,nscratch-ffffa03b0426b000,0,0,10355247390040,905049378378,0,0,98179,0,0,0,0,0,0,0,0,0,0,0,0,0,0,0,0,0,0,0,0,0,0,0,0,60771,0,0,0
1743619427.001865,600855,21068467,0,pscratch,pscratch-ffffa03b0861a000,0,0,219402878101,374678341559,0,0,30987,0,0,0,0,0,0,0,0,0,0,0,0,0,0,0,0,0,0,0,0,0,0,0,0,14968,0,0,0
1743619428.001378,600855,21068467,0,nscratch,nscratch-ffffa03b0426b000,0,0,10355247390040,905049378378,0,0,98179,0,0,0,0,0,0,0,0,0,0,0,0,0,0,0,0,0,0,0,0,0,0,0,0,60771,0,0,0
1743619428.001487,600855,21068467,0,pscratch,pscratch-ffffa03b0861a000,0,0,219402878101,374678341559,0,0,30987,0,0,0,0,0,0,0,0,0,0,0,0,0,0,0,0,0,0,0,0,0,0,0,0,14968,0,0,0
1743619429.001856,600855,21068467,0,nscratch,nscratch-ffffa03b0426b000,0,0,10355247390040,905049378378,0,0,98179,0,0,0,0,0,0,0,0,0,0,0,0,0,0,0,0,0,0,0,0,0,0,0,0,60771,0,0,0
1743619429.001967,600855,21068467,0,pscratch,pscratch-ffffa03b0861a000,0,0,219402878101,374678341559,0,0,30987,0,0,0,0,0,0,0,0,0,0,0,0,0,0,0,0,0,0,0,0,0,0,0,0,14968,0,0,0
1743619430.002138,600855,21068467,0,nscratch,nscratch-ffffa03b0426b000,0,0,10355247390040,905049378378,0,0,98179,0,0,0,0,0,0,0,0,0,0,0,0,0,0,0,0,0,0,0,0,0,0,0,0,60771,0,0,0
1743619430.002263,600855,21068467,0,pscratch,pscratch-ffffa03b0861a000,0,0,219402878101,374678341559,0,0,30987,0,0,0,0,0,0,0,0,0,0,0,0,0,0,0,0,0,0,0,0,0,0,0,0,14968,0,0,0
1743619431.001787,600855,21068467,0,nscratch,nscratch-ffffa03b0426b000,0,0,10355247390040,905049378378,0,0,98179,0,0,0,0,0,0,0,0,0,0,0,0,0,0,0,0,0,0,0,0,0,0,0,0,60771,0,0,0
1743619431.001895,600855,21068467,0,pscratch,pscratch-ffffa03b0861a000,0,0,219402878101,374678341559,0,0,30987,0,0,0,0,0,0,0,0,0,0,0,0,0,0,0,0,0,0,0,0,0,0,0,0,14968,0,0,0
1743619432.002262,600855,21068467,0,nscratch,nscratch-ffffa03b0426b000,0,0,10355247390040,905049378378,0,0,98179,0,0,0,0,0,0,0,0,0,0,0,0,0,0,0,0,0,0,0,0,0,0,0,0,60771,0,0,0
1743619432.002373,600855,21068467,0,pscratch,pscratch-ffffa03b0861a000,0,0,219402878101,374678341559,0,0,30987,0,0,0,0,0,0,0,0,0,0,0,0,0,0,0,0,0,0,0,0,0,0,0,0,14968,0,0,0
1743619433.001530,600855,21068467,0,nscratch,nscratch-ffffa03b0426b000,0,0,10355247390040,905049378378,0,0,98179,0,0,0,0,0,0,0,0,0,0,0,0,0,0,0,0,0,0,0,0,0,0,0,0,60771,0,0,0
1743619433.001643,600855,21068467,0,pscratch,pscratch-ffffa03b0861a000,0,0,219402878101,374678341559,0,0,30987,0,0,0,0,0,0,0,0,0,0,0,0,0,0,0,0,0,0,0,0,0,0,0,0,14968,0,0,0
1743619434.002166,600855,21068467,0,nscratch,nscratch-ffffa03b0426b000,0,0,10355247390040,905049378378,0,0,98179,0,0,0,0,0,0,0,0,0,0,0,0,0,0,0,0,0,0,0,0,0,0,0,0,60771,0,0,0
1743619434.002279,600855,21068467,0,pscratch,pscratch-ffffa03b0861a000,0,0,219402878101,374678341559,0,0,30987,0,0,0,0,0,0,0,0,0,0,0,0,0,0,0,0,0,0,0,0,0,0,0,0,14968,0,0,0
1743619435.001655,600855,21068467,0,nscratch,nscratch-ffffa03b0426b000,0,0,10355247390040,905049378378,0,0,98179,0,0,0,0,0,0,0,0,0,0,0,0,0,0,0,0,0,0,0,0,0,0,0,0,60771,0,0,0
1743619435.001767,600855,21068467,0,pscratch,pscratch-ffffa03b0861a000,0,0,219402878101,374678341559,0,0,30987,0,0,0,0,0,0,0,0,0,0,0,0,0,0,0,0,0,0,0,0,0,0,0,0,14968,0,0,0
1743619436.001933,600855,21068467,0,nscratch,nscratch-ffffa03b0426b000,0,0,10355247390040,905049378378,0,0,98179,0,0,0,0,0,0,0,0,0,0,0,0,0,0,0,0,0,0,0,0,0,0,0,0,60771,0,0,0
1743619436.002043,600855,21068467,0,pscratch,pscratch-ffffa03b0861a000,0,0,219402878101,374678341559,0,0,30987,0,0,0,0,0,0,0,0,0,0,0,0,0,0,0,0,0,0,0,0,0,0,0,0,14968,0,0,0
1743619437.001561,600855,21068467,0,nscratch,nscratch-ffffa03b0426b000,0,0,10355247390040,905049378378,0,0,98179,0,0,0,0,0,0,0,0,0,0,0,0,0,0,0,0,0,0,0,0,0,0,0,0,60771,0,0,0
1743619437.001681,600855,21068467,0,pscratch,pscratch-ffffa03b0861a000,0,0,219402878101,374678341559,0,0,30987,0,0,0,0,0,0,0,0,0,0,0,0,0,0,0,0,0,0,0,0,0,0,0,0,14968,0,0,0
1743619438.002048,600855,21068467,0,nscratch,nscratch-ffffa03b0426b000,0,0,10355247390040,905049378378,0,0,98179,0,0,0,0,0,0,0,0,0,0,0,0,0,0,0,0,0,0,0,0,0,0,0,0,60771,0,0,0
1743619438.002160,600855,21068467,0,pscratch,pscratch-ffffa03b0861a000,0,0,219402878101,374678341559,0,0,30987,0,0,0,0,0,0,0,0,0,0,0,0,0,0,0,0,0,0,0,0,0,0,0,0,14968,0,0,0
1743619439.001317,600855,21068467,0,nscratch,nscratch-ffffa03b0426b000,0,0,10355247390040,905049378378,0,0,98179,0,0,0,0,0,0,0,0,0,0,0,0,0,0,0,0,0,0,0,0,0,0,0,0,60771,0,0,0
1743619439.001425,600855,21068467,0,pscratch,pscratch-ffffa03b0861a000,0,0,219402878101,374678341559,0,0,30987,0,0,0,0,0,0,0,0,0,0,0,0,0,0,0,0,0,0,0,0,0,0,0,0,14968,0,0,0
1743619440.001958,600855,21068467,0,nscratch,nscratch-ffffa03b0426b000,0,0,10355247390040,905049378378,0,0,98179,0,0,0,0,0,0,0,0,0,0,0,0,0,0,0,0,0,0,0,0,0,0,0,0,60771,0,0,0
1743619440.002071,600855,21068467,0,pscratch,pscratch-ffffa03b0861a000,0,0,219402878101,374678341559,0,0,30987,0,0,0,0,0,0,0,0,0,0,0,0,0,0,0,0,0,0,0,0,0,0,0,0,14968,0,0,0
1743619441.001438,600855,21068467,0,nscratch,nscratch-ffffa03b0426b000,0,0,10355247390040,905049378378,0,0,98179,0,0,0,0,0,0,0,0,0,0,0,0,0,0,0,0,0,0,0,0,0,0,0,0,60771,0,0,0
1743619441.001547,600855,21068467,0,pscratch,pscratch-ffffa03b0861a000,0,0,219402878101,374678341559,0,0,30987,0,0,0,0,0,0,0,0,0,0,0,0,0,0,0,0,0,0,0,0,0,0,0,0,14968,0,0,0
1743619442.001716,600855,21068467,0,nscratch,nscratch-ffffa03b0426b000,0,0,10355247390040,905049378378,0,0,98179,0,0,0,0,0,0,0,0,0,0,0,0,0,0,0,0,0,0,0,0,0,0,0,0,60771,0,0,0
1743619442.001829,600855,21068467,0,pscratch,pscratch-ffffa03b0861a000,0,0,219402878101,374678341559,0,0,30987,0,0,0,0,0,0,0,0,0,0,0,0,0,0,0,0,0,0,0,0,0,0,0,0,14968,0,0,0
1743619443.001343,600855,21068467,0,nscratch,nscratch-ffffa03b0426b000,0,0,10355247390040,905049378378,0,0,98179,0,0,0,0,0,0,0,0,0,0,0,0,0,0,0,0,0,0,0,0,0,0,0,0,60771,0,0,0
1743619443.001453,600855,21068467,0,pscratch,pscratch-ffffa03b0861a000,0,0,219402878101,374678341559,0,0,30987,0,0,0,0,0,0,0,0,0,0,0,0,0,0,0,0,0,0,0,0,0,0,0,0,14968,0,0,0
1743619444.001833,600855,21068467,0,nscratch,nscratch-ffffa03b0426b000,0,0,10355247390040,905049378378,0,0,98179,0,0,0,0,0,0,0,0,0,0,0,0,0,0,0,0,0,0,0,0,0,0,0,0,60771,0,0,0
1743619444.001950,600855,21068467,0,pscratch,pscratch-ffffa03b0861a000,0,0,219402878101,374678341559,0,0,30987,0,0,0,0,0,0,0,0,0,0,0,0,0,0,0,0,0,0,0,0,0,0,0,0,14968,0,0,0
1743619445.002117,600855,21068467,0,nscratch,nscratch-ffffa03b0426b000,0,0,10355247390040,905049378378,0,0,98179,0,0,0,0,0,0,0,0,0,0,0,0,0,0,0,0,0,0,0,0,0,0,0,0,60771,0,0,0
1743619445.002228,600855,21068467,0,pscratch,pscratch-ffffa03b0861a000,0,0,219402878101,374678341559,0,0,30987,0,0,0,0,0,0,0,0,0,0,0,0,0,0,0,0,0,0,0,0,0,0,0,0,14968,0,0,0
1743619446.001766,600855,21068467,0,nscratch,nscratch-ffffa03b0426b000,0,0,10355247390040,905049378378,0,0,98179,0,0,0,0,0,0,0,0,0,0,0,0,0,0,0,0,0,0,0,0,0,0,0,0,60771,0,0,0
1743619446.001876,600855,21068467,0,pscratch,pscratch-ffffa03b0861a000,0,0,219402878101,374678341559,0,0,30987,0,0,0,0,0,0,0,0,0,0,0,0,0,0,0,0,0,0,0,0,0,0,0,0,14968,0,0,0
1743619447.002277,600855,21068467,0,nscratch,nscratch-ffffa03b0426b000,0,0,10355247390040,905049378378,0,0,98179,0,0,0,0,0,0,0,0,0,0,0,0,0,0,0,0,0,0,0,0,0,0,0,0,60771,0,0,0
1743619447.002396,600855,21068467,0,pscratch,pscratch-ffffa03b0861a000,0,0,219402878101,374678341559,0,0,30987,0,0,0,0,0,0,0,0,0,0,0,0,0,0,0,0,0,0,0,0,0,0,0,0,14968,0,0,0
1743619448.001554,600855,21068467,0,nscratch,nscratch-ffffa03b0426b000,0,0,10355247390040,905049378378,0,0,98179,0,0,0,0,0,0,0,0,0,0,0,0,0,0,0,0,0,0,0,0,0,0,0,0,60771,0,0,0
1743619448.001691,600855,21068467,0,pscratch,pscratch-ffffa03b0861a000,0,0,219402878101,374678341559,0,0,30987,0,0,0,0,0,0,0,0,0,0,0,0,0,0,0,0,0,0,0,0,0,0,0,0,14968,0,0,0
1743619449.002231,600855,21068467,0,nscratch,nscratch-ffffa03b0426b000,0,0,10355247390040,905049378378,0,0,98179,0,0,0,0,0,0,0,0,0,0,0,0,0,0,0,0,0,0,0,0,0,0,0,0,60771,0,0,0
1743619449.002342,600855,21068467,0,pscratch,pscratch-ffffa03b0861a000,0,0,219402878101,374678341559,0,0,30987,0,0,0,0,0,0,0,0,0,0,0,0,0,0,0,0,0,0,0,0,0,0,0,0,14968,0,0,0
1743619450.001731,600855,21068467,0,nscratch,nscratch-ffffa03b0426b000,0,0,10355247390040,905049378378,0,0,98179,0,0,0,0,0,0,0,0,0,0,0,0,0,0,0,0,0,0,0,0,0,0,0,0,60771,0,0,0
1743619450.001846,600855,21068467,0,pscratch,pscratch-ffffa03b0861a000,0,0,219402878101,374678341559,0,0,30987,0,0,0,0,0,0,0,0,0,0,0,0,0,0,0,0,0,0,0,0,0,0,0,0,14968,0,0,0
1743619451.002013,600855,21068467,0,nscratch,nscratch-ffffa03b0426b000,0,0,10355247390040,905049378378,0,0,98179,0,0,0,0,0,0,0,0,0,0,0,0,0,0,0,0,0,0,0,0,0,0,0,0,60771,0,0,0
1743619451.002125,600855,21068467,0,pscratch,pscratch-ffffa03b0861a000,0,0,219402878101,374678341559,0,0,30987,0,0,0,0,0,0,0,0,0,0,0,0,0,0,0,0,0,0,0,0,0,0,0,0,14968,0,0,0
1743619452.001650,600855,21068467,0,nscratch,nscratch-ffffa03b0426b000,0,0,10355247390040,905049378378,0,0,98179,0,0,0,0,0,0,0,0,0,0,0,0,0,0,0,0,0,0,0,0,0,0,0,0,60771,0,0,0
1743619452.001763,600855,21068467,0,pscratch,pscratch-ffffa03b0861a000,0,0,219402878101,374678341559,0,0,30987,0,0,0,0,0,0,0,0,0,0,0,0,0,0,0,0,0,0,0,0,0,0,0,0,14968,0,0,0
1743619453.002130,600855,21068467,0,nscratch,nscratch-ffffa03b0426b000,0,0,10355247390040,905049378378,0,0,98179,0,0,0,0,0,0,0,0,0,0,0,0,0,0,0,0,0,0,0,0,0,0,0,0,60771,0,0,0
1743619453.002239,600855,21068467,0,pscratch,pscratch-ffffa03b0861a000,0,0,219402878101,374678341559,0,0,30987,0,0,0,0,0,0,0,0,0,0,0,0,0,0,0,0,0,0,0,0,0,0,0,0,14968,0,0,0
1743619454.001395,600855,21068467,0,nscratch,nscratch-ffffa03b0426b000,0,0,10355247390040,905049378378,0,0,98179,0,0,0,0,0,0,0,0,0,0,0,0,0,0,0,0,0,0,0,0,0,0,0,0,60771,0,0,0
1743619454.001507,600855,21068467,0,pscratch,pscratch-ffffa03b0861a000,0,0,219402878101,374678341559,0,0,30987,0,0,0,0,0,0,0,0,0,0,0,0,0,0,0,0,0,0,0,0,0,0,0,0,14968,0,0,0
1743619455.002031,600855,21068467,0,nscratch,nscratch-ffffa03b0426b000,0,0,10355247390040,905049378378,0,0,98179,0,0,0,0,0,0,0,0,0,0,0,0,0,0,0,0,0,0,0,0,0,0,0,0,60771,0,0,0
1743619455.002140,600855,21068467,0,pscratch,pscratch-ffffa03b0861a000,0,0,219402878101,374678341559,0,0,30987,0,0,0,0,0,0,0,0,0,0,0,0,0,0,0,0,0,0,0,0,0,0,0,0,14968,0,0,0
1743619456.001502,600855,21068467,0,nscratch,nscratch-ffffa03b0426b000,0,0,10355247390040,905049378378,0,0,98179,0,0,0,0,0,0,0,0,0,0,0,0,0,0,0,0,0,0,0,0,0,0,0,0,60771,0,0,0
1743619456.001610,600855,21068467,0,pscratch,pscratch-ffffa03b0861a000,0,0,219402878101,374678341559,0,0,30987,0,0,0,0,0,0,0,0,0,0,0,0,0,0,0,0,0,0,0,0,0,0,0,0,14968,0,0,0
1743619457.001776,600855,21068467,0,nscratch,nscratch-ffffa03b0426b000,0,0,10355247390040,905049378378,0,0,98179,0,0,0,0,0,0,0,0,0,0,0,0,0,0,0,0,0,0,0,0,0,0,0,0,60771,0,0,0
1743619457.001885,600855,21068467,0,pscratch,pscratch-ffffa03b0861a000,0,0,219402878101,374678341559,0,0,30987,0,0,0,0,0,0,0,0,0,0,0,0,0,0,0,0,0,0,0,0,0,0,0,0,14968,0,0,0
1743619458.001397,600855,21068467,0,nscratch,nscratch-ffffa03b0426b000,0,0,10355247390040,905049378378,0,0,98179,0,0,0,0,0,0,0,0,0,0,0,0,0,0,0,0,0,0,0,0,0,0,0,0,60771,0,0,0
1743619458.001505,600855,21068467,0,pscratch,pscratch-ffffa03b0861a000,0,0,219402878101,374678341559,0,0,30987,0,0,0,0,0,0,0,0,0,0,0,0,0,0,0,0,0,0,0,0,0,0,0,0,14968,0,0,0
1743619459.001869,600855,21068467,0,nscratch,nscratch-ffffa03b0426b000,0,0,10355247390040,905049378378,0,0,98179,0,0,0,0,0,0,0,0,0,0,0,0,0,0,0,0,0,0,0,0,0,0,0,0,60771,0,0,0
1743619459.001980,600855,21068467,0,pscratch,pscratch-ffffa03b0861a000,0,0,219402878101,374678341559,0,0,30987,0,0,0,0,0,0,0,0,0,0,0,0,0,0,0,0,0,0,0,0,0,0,0,0,14968,0,0,0
1743619460.002151,600855,21068467,0,nscratch,nscratch-ffffa03b0426b000,0,0,10355247390040,905049378378,0,0,98179,0,0,0,0,0,0,0,0,0,0,0,0,0,0,0,0,0,0,0,0,0,0,0,0,60771,0,0,0
1743619460.002269,600855,21068467,0,pscratch,pscratch-ffffa03b0861a000,0,0,219402878101,374678341559,0,0,30987,0,0,0,0,0,0,0,0,0,0,0,0,0,0,0,0,0,0,0,0,0,0,0,0,14968,0,0,0
1743619461.001802,600855,21068467,0,nscratch,nscratch-ffffa03b0426b000,0,0,10355247390040,905049378378,0,0,98179,0,0,0,0,0,0,0,0,0,0,0,0,0,0,0,0,0,0,0,0,0,0,0,0,60771,0,0,0
1743619461.001910,600855,21068467,0,pscratch,pscratch-ffffa03b0861a000,0,0,219402878101,374678341559,0,0,30987,0,0,0,0,0,0,0,0,0,0,0,0,0,0,0,0,0,0,0,0,0,0,0,0,14968,0,0,0
1743619462.002273,600855,21068467,0,nscratch,nscratch-ffffa03b0426b000,0,0,10355247390040,905049378378,0,0,98179,0,0,0,0,0,0,0,0,0,0,0,0,0,0,0,0,0,0,0,0,0,0,0,0,60771,0,0,0
1743619462.002385,600855,21068467,0,pscratch,pscratch-ffffa03b0861a000,0,0,219402878101,374678341559,0,0,30987,0,0,0,0,0,0,0,0,0,0,0,0,0,0,0,0,0,0,0,0,0,0,0,0,14968,0,0,0
1743619463.001538,600855,21068467,0,nscratch,nscratch-ffffa03b0426b000,0,0,10355247390040,905049378378,0,0,98179,0,0,0,0,0,0,0,0,0,0,0,0,0,0,0,0,0,0,0,0,0,0,0,0,60771,0,0,0
1743619463.001651,600855,21068467,0,pscratch,pscratch-ffffa03b0861a000,0,0,219402878101,374678341559,0,0,30987,0,0,0,0,0,0,0,0,0,0,0,0,0,0,0,0,0,0,0,0,0,0,0,0,14968,0,0,0
1743619464.002174,600855,21068467,0,nscratch,nscratch-ffffa03b0426b000,0,0,10355247390040,905049378378,0,0,98179,0,0,0,0,0,0,0,0,0,0,0,0,0,0,0,0,0,0,0,0,0,0,0,0,60771,0,0,0
1743619464.002285,600855,21068467,0,pscratch,pscratch-ffffa03b0861a000,0,0,219402878101,374678341559,0,0,30987,0,0,0,0,0,0,0,0,0,0,0,0,0,0,0,0,0,0,0,0,0,0,0,0,14968,0,0,0
1743619465.001658,600855,21068467,0,nscratch,nscratch-ffffa03b0426b000,0,0,10355247390040,905049378378,0,0,98179,0,0,0,0,0,0,0,0,0,0,0,0,0,0,0,0,0,0,0,0,0,0,0,0,60771,0,0,0
1743619465.001768,600855,21068467,0,pscratch,pscratch-ffffa03b0861a000,0,0,219402878101,374678341559,0,0,30987,0,0,0,0,0,0,0,0,0,0,0,0,0,0,0,0,0,0,0,0,0,0,0,0,14968,0,0,0
1743619466.001926,600855,21068467,0,nscratch,nscratch-ffffa03b0426b000,0,0,10355247390040,905049378378,0,0,98179,0,0,0,0,0,0,0,0,0,0,0,0,0,0,0,0,0,0,0,0,0,0,0,0,60771,0,0,0
1743619466.002034,600855,21068467,0,pscratch,pscratch-ffffa03b0861a000,0,0,219402878101,374678341559,0,0,30987,0,0,0,0,0,0,0,0,0,0,0,0,0,0,0,0,0,0,0,0,0,0,0,0,14968,0,0,0
1743619467.001548,600855,21068467,0,nscratch,nscratch-ffffa03b0426b000,0,0,10355247390040,905049378378,0,0,98179,0,0,0,0,0,0,0,0,0,0,0,0,0,0,0,0,0,0,0,0,0,0,0,0,60771,0,0,0
1743619467.001662,600855,21068467,0,pscratch,pscratch-ffffa03b0861a000,0,0,219402878101,374678341559,0,0,30987,0,0,0,0,0,0,0,0,0,0,0,0,0,0,0,0,0,0,0,0,0,0,0,0,14968,0,0,0
1743619468.002021,600855,21068467,0,nscratch,nscratch-ffffa03b0426b000,0,0,10355247390040,905049378378,0,0,98179,0,0,0,0,0,0,0,0,0,0,0,0,0,0,0,0,0,0,0,0,0,0,0,0,60771,0,0,0
1743619468.002133,600855,21068467,0,pscratch,pscratch-ffffa03b0861a000,0,0,219402878101,374678341559,0,0,30987,0,0,0,0,0,0,0,0,0,0,0,0,0,0,0,0,0,0,0,0,0,0,0,0,14968,0,0,0
1743619469.001293,600855,21068467,0,nscratch,nscratch-ffffa03b0426b000,0,0,10355247390040,905049378378,0,0,98179,0,0,0,0,0,0,0,0,0,0,0,0,0,0,0,0,0,0,0,0,0,0,0,0,60771,0,0,0
1743619469.001401,600855,21068467,0,pscratch,pscratch-ffffa03b0861a000,0,0,219402878101,374678341559,0,0,30987,0,0,0,0,0,0,0,0,0,0,0,0,0,0,0,0,0,0,0,0,0,0,0,0,14968,0,0,0
1743619470.001927,600855,21068467,0,nscratch,nscratch-ffffa03b0426b000,0,0,10355247390040,905049378378,0,0,98179,0,0,0,0,0,0,0,0,0,0,0,0,0,0,0,0,0,0,0,0,0,0,0,0,60771,0,0,0
1743619470.002038,600855,21068467,0,pscratch,pscratch-ffffa03b0861a000,0,0,219402878101,374678341559,0,0,30987,0,0,0,0,0,0,0,0,0,0,0,0,0,0,0,0,0,0,0,0,0,0,0,0,14968,0,0,0
1743619471.001397,600855,21068467,0,nscratch,nscratch-ffffa03b0426b000,0,0,10355247390040,905049378378,0,0,98179,0,0,0,0,0,0,0,0,0,0,0,0,0,0,0,0,0,0,0,0,0,0,0,0,60771,0,0,0
1743619471.001505,600855,21068467,0,pscratch,pscratch-ffffa03b0861a000,0,0,219402878101,374678341559,0,0,30987,0,0,0,0,0,0,0,0,0,0,0,0,0,0,0,0,0,0,0,0,0,0,0,0,14968,0,0,0
1743619472.001668,600855,21068467,0,nscratch,nscratch-ffffa03b0426b000,0,0,10355247390040,905049378378,0,0,98179,0,0,0,0,0,0,0,0,0,0,0,0,0,0,0,0,0,0,0,0,0,0,0,0,60771,0,0,0
1743619472.001780,600855,21068467,0,pscratch,pscratch-ffffa03b0861a000,0,0,219402878101,374678341559,0,0,30987,0,0,0,0,0,0,0,0,0,0,0,0,0,0,0,0,0,0,0,0,0,0,0,0,14968,0,0,0
1743619473.002299,600855,21068467,0,nscratch,nscratch-ffffa03b0426b000,0,0,10355247390040,905049378378,0,0,98179,0,0,0,0,0,0,0,0,0,0,0,0,0,0,0,0,0,0,0,0,0,0,0,0,60771,0,0,0
1743619473.002408,600855,21068467,0,pscratch,pscratch-ffffa03b0861a000,0,0,219402878101,374678341559,0,0,30987,0,0,0,0,0,0,0,0,0,0,0,0,0,0,0,0,0,0,0,0,0,0,0,0,14968,0,0,0
1743619474.001779,600855,21068467,0,nscratch,nscratch-ffffa03b0426b000,0,0,10355247390040,905049378378,0,0,98179,0,0,0,0,0,0,0,0,0,0,0,0,0,0,0,0,0,0,0,0,0,0,0,0,60771,0,0,0
1743619474.001890,600855,21068467,0,pscratch,pscratch-ffffa03b0861a000,0,0,219402878101,374678341559,0,0,30987,0,0,0,0,0,0,0,0,0,0,0,0,0,0,0,0,0,0,0,0,0,0,0,0,14968,0,0,0
1743619475.002056,600855,21068467,0,nscratch,nscratch-ffffa03b0426b000,0,0,10355247390040,905049378378,0,0,98179,0,0,0,0,0,0,0,0,0,0,0,0,0,0,0,0,0,0,0,0,0,0,0,0,60771,0,0,0
1743619475.002166,600855,21068467,0,pscratch,pscratch-ffffa03b0861a000,0,0,219402878101,374678341559,0,0,30987,0,0,0,0,0,0,0,0,0,0,0,0,0,0,0,0,0,0,0,0,0,0,0,0,14968,0,0,0
1743619476.001697,600855,21068467,0,nscratch,nscratch-ffffa03b0426b000,0,0,10355247390040,905049378378,0,0,98179,0,0,0,0,0,0,0,0,0,0,0,0,0,0,0,0,0,0,0,0,0,0,0,0,60771,0,0,0
1743619476.001807,600855,21068467,0,pscratch,pscratch-ffffa03b0861a000,0,0,219402878101,374678341559,0,0,30987,0,0,0,0,0,0,0,0,0,0,0,0,0,0,0,0,0,0,0,0,0,0,0,0,14968,0,0,0
1743619477.002172,600855,21068467,0,nscratch,nscratch-ffffa03b0426b000,0,0,10355247390040,905049378378,0,0,98179,0,0,0,0,0,0,0,0,0,0,0,0,0,0,0,0,0,0,0,0,0,0,0,0,60771,0,0,0
1743619477.002282,600855,21068467,0,pscratch,pscratch-ffffa03b0861a000,0,0,219402878101,374678341559,0,0,30987,0,0,0,0,0,0,0,0,0,0,0,0,0,0,0,0,0,0,0,0,0,0,0,0,14968,0,0,0
1743619478.001438,600855,21068467,0,nscratch,nscratch-ffffa03b0426b000,0,0,10355247390040,905049378378,0,0,98179,0,0,0,0,0,0,0,0,0,0,0,0,0,0,0,0,0,0,0,0,0,0,0,0,60771,0,0,0
1743619478.001546,600855,21068467,0,pscratch,pscratch-ffffa03b0861a000,0,0,219402878101,374678341559,0,0,30987,0,0,0,0,0,0,0,0,0,0,0,0,0,0,0,0,0,0,0,0,0,0,0,0,14968,0,0,0
1743619479.002071,600855,21068467,0,nscratch,nscratch-ffffa03b0426b000,0,0,10355247390040,905049378378,0,0,98179,0,0,0,0,0,0,0,0,0,0,0,0,0,0,0,0,0,0,0,0,0,0,0,0,60771,0,0,0
1743619479.002183,600855,21068467,0,pscratch,pscratch-ffffa03b0861a000,0,0,219402878101,374678341559,0,0,30987,0,0,0,0,0,0,0,0,0,0,0,0,0,0,0,0,0,0,0,0,0,0,0,0,14968,0,0,0
1743619480.001567,600855,21068467,0,nscratch,nscratch-ffffa03b0426b000,0,0,10355247390040,905049378378,0,0,98179,0,0,0,0,0,0,0,0,0,0,0,0,0,0,0,0,0,0,0,0,0,0,0,0,60771,0,0,0
1743619480.001698,600855,21068467,0,pscratch,pscratch-ffffa03b0861a000,0,0,219402878101,374678341559,0,0,30987,0,0,0,0,0,0,0,0,0,0,0,0,0,0,0,0,0,0,0,0,0,0,0,0,14968,0,0,0
1743619481.001857,600855,21068467,0,nscratch,nscratch-ffffa03b0426b000,0,0,10355247390040,905049378378,0,0,98179,0,0,0,0,0,0,0,0,0,0,0,0,0,0,0,0,0,0,0,0,0,0,0,0,60771,0,0,0
1743619481.001966,600855,21068467,0,pscratch,pscratch-ffffa03b0861a000,0,0,219402878101,374678341559,0,0,30987,0,0,0,0,0,0,0,0,0,0,0,0,0,0,0,0,0,0,0,0,0,0,0,0,14968,0,0,0
1743619482.001478,600855,21068467,0,nscratch,nscratch-ffffa03b0426b000,0,0,10355247390040,905049378378,0,0,98179,0,0,0,0,0,0,0,0,0,0,0,0,0,0,0,0,0,0,0,0,0,0,0,0,60771,0,0,0
1743619482.001586,600855,21068467,0,pscratch,pscratch-ffffa03b0861a000,0,0,219402878101,374678341559,0,0,30987,0,0,0,0,0,0,0,0,0,0,0,0,0,0,0,0,0,0,0,0,0,0,0,0,14968,0,0,0
1743619483.001953,600855,21068467,0,nscratch,nscratch-ffffa03b0426b000,0,0,10355247390040,905049378378,0,0,98179,0,0,0,0,0,0,0,0,0,0,0,0,0,0,0,0,0,0,0,0,0,0,0,0,60771,0,0,0
1743619483.002064,600855,21068467,0,pscratch,pscratch-ffffa03b0861a000,0,0,219402878101,374678341559,0,0,30987,0,0,0,0,0,0,0,0,0,0,0,0,0,0,0,0,0,0,0,0,0,0,0,0,14968,0,0,0
1743619484.001223,600855,21068467,0,nscratch,nscratch-ffffa03b0426b000,0,0,10355247390040,905049378378,0,0,98179,0,0,0,0,0,0,0,0,0,0,0,0,0,0,0,0,0,0,0,0,0,0,0,0,60771,0,0,0
1743619484.001330,600855,21068467,0,pscratch,pscratch-ffffa03b0861a000,0,0,219402878101,374678341559,0,0,30987,0,0,0,0,0,0,0,0,0,0,0,0,0,0,0,0,0,0,0,0,0,0,0,0,14968,0,0,0
1743619485.001856,600855,21068467,0,nscratch,nscratch-ffffa03b0426b000,0,0,10355247390040,905049378378,0,0,98179,0,0,0,0,0,0,0,0,0,0,0,0,0,0,0,0,0,0,0,0,0,0,0,0,60771,0,0,0
1743619485.001968,600855,21068467,0,pscratch,pscratch-ffffa03b0861a000,0,0,219402878101,374678341559,0,0,30987,0,0,0,0,0,0,0,0,0,0,0,0,0,0,0,0,0,0,0,0,0,0,0,0,14968,0,0,0
1743619486.002326,600855,21068467,0,nscratch,nscratch-ffffa03b0426b000,0,0,10355247390040,905049378378,0,0,98179,0,0,0,0,0,0,0,0,0,0,0,0,0,0,0,0,0,0,0,0,0,0,0,0,60771,0,0,0
1743619486.002434,600855,21068467,0,pscratch,pscratch-ffffa03b0861a000,0,0,219402878101,374678341559,0,0,30987,0,0,0,0,0,0,0,0,0,0,0,0,0,0,0,0,0,0,0,0,0,0,0,0,14968,0,0,0
1743619487.001591,600855,21068467,0,nscratch,nscratch-ffffa03b0426b000,0,0,10355247390040,905049378378,0,0,98179,0,0,0,0,0,0,0,0,0,0,0,0,0,0,0,0,0,0,0,0,0,0,0,0,60771,0,0,0
1743619487.001709,600855,21068467,0,pscratch,pscratch-ffffa03b0861a000,0,0,219402878101,374678341559,0,0,30987,0,0,0,0,0,0,0,0,0,0,0,0,0,0,0,0,0,0,0,0,0,0,0,0,14968,0,0,0
1743619488.002233,600855,21068467,0,nscratch,nscratch-ffffa03b0426b000,0,0,10355247390040,905049378378,0,0,98179,0,0,0,0,0,0,0,0,0,0,0,0,0,0,0,0,0,0,0,0,0,0,0,0,60771,0,0,0
1743619488.002345,600855,21068467,0,pscratch,pscratch-ffffa03b0861a000,0,0,219402878101,374678341559,0,0,30987,0,0,0,0,0,0,0,0,0,0,0,0,0,0,0,0,0,0,0,0,0,0,0,0,14968,0,0,0
1743619489.001731,600855,21068467,0,nscratch,nscratch-ffffa03b0426b000,0,0,10355247390040,905049378378,0,0,98179,0,0,0,0,0,0,0,0,0,0,0,0,0,0,0,0,0,0,0,0,0,0,0,0,60771,0,0,0
1743619489.001841,600855,21068467,0,pscratch,pscratch-ffffa03b0861a000,0,0,219402878101,374678341559,0,0,30987,0,0,0,0,0,0,0,0,0,0,0,0,0,0,0,0,0,0,0,0,0,0,0,0,14968,0,0,0
1743619490.002001,600855,21068467,0,nscratch,nscratch-ffffa03b0426b000,0,0,10355247390040,905049378378,0,0,98179,0,0,0,0,0,0,0,0,0,0,0,0,0,0,0,0,0,0,0,0,0,0,0,0,60771,0,0,0
1743619490.002122,600855,21068467,0,pscratch,pscratch-ffffa03b0861a000,0,0,219402878101,374678341559,0,0,30987,0,0,0,0,0,0,0,0,0,0,0,0,0,0,0,0,0,0,0,0,0,0,0,0,14968,0,0,0
1743619491.001657,600855,21068467,0,nscratch,nscratch-ffffa03b0426b000,0,0,10355247390040,905049378378,0,0,98179,0,0,0,0,0,0,0,0,0,0,0,0,0,0,0,0,0,0,0,0,0,0,0,0,60771,0,0,0
1743619491.001766,600855,21068467,0,pscratch,pscratch-ffffa03b0861a000,0,0,219402878101,374678341559,0,0,30987,0,0,0,0,0,0,0,0,0,0,0,0,0,0,0,0,0,0,0,0,0,0,0,0,14968,0,0,0
1743619492.002130,600855,21068467,0,nscratch,nscratch-ffffa03b0426b000,0,0,10355247390040,905049378378,0,0,98179,0,0,0,0,0,0,0,0,0,0,0,0,0,0,0,0,0,0,0,0,0,0,0,0,60771,0,0,0
1743619492.002240,600855,21068467,0,pscratch,pscratch-ffffa03b0861a000,0,0,219402878101,374678341559,0,0,30987,0,0,0,0,0,0,0,0,0,0,0,0,0,0,0,0,0,0,0,0,0,0,0,0,14968,0,0,0
1743619493.001396,600855,21068467,0,nscratch,nscratch-ffffa03b0426b000,0,0,10355247390040,905049378378,0,0,98179,0,0,0,0,0,0,0,0,0,0,0,0,0,0,0,0,0,0,0,0,0,0,0,0,60771,0,0,0
1743619493.001505,600855,21068467,0,pscratch,pscratch-ffffa03b0861a000,0,0,219402878101,374678341559,0,0,30987,0,0,0,0,0,0,0,0,0,0,0,0,0,0,0,0,0,0,0,0,0,0,0,0,14968,0,0,0
1743619494.002038,600855,21068467,0,nscratch,nscratch-ffffa03b0426b000,0,0,10355247390040,905049378378,0,0,98179,0,0,0,0,0,0,0,0,0,0,0,0,0,0,0,0,0,0,0,0,0,0,0,0,60771,0,0,0
1743619494.002148,600855,21068467,0,pscratch,pscratch-ffffa03b0861a000,0,0,219402878101,374678341559,0,0,30987,0,0,0,0,0,0,0,0,0,0,0,0,0,0,0,0,0,0,0,0,0,0,0,0,14968,0,0,0
1743619495.001507,600855,21068467,0,nscratch,nscratch-ffffa03b0426b000,0,0,10355247390040,905049378378,0,0,98179,0,0,0,0,0,0,0,0,0,0,0,0,0,0,0,0,0,0,0,0,0,0,0,0,60771,0,0,0
1743619495.001618,600855,21068467,0,pscratch,pscratch-ffffa03b0861a000,0,0,219402878101,374678341559,0,0,30987,0,0,0,0,0,0,0,0,0,0,0,0,0,0,0,0,0,0,0,0,0,0,0,0,14968,0,0,0
1743619496.001784,600855,21068467,0,nscratch,nscratch-ffffa03b0426b000,0,0,10355247390040,905049378378,0,0,98179,0,0,0,0,0,0,0,0,0,0,0,0,0,0,0,0,0,0,0,0,0,0,0,0,60771,0,0,0
1743619496.001897,600855,21068467,0,pscratch,pscratch-ffffa03b0861a000,0,0,219402878101,374678341559,0,0,30987,0,0,0,0,0,0,0,0,0,0,0,0,0,0,0,0,0,0,0,0,0,0,0,0,14968,0,0,0
1743619497.001410,600855,21068467,0,nscratch,nscratch-ffffa03b0426b000,0,0,10355247390040,905049378378,0,0,98179,0,0,0,0,0,0,0,0,0,0,0,0,0,0,0,0,0,0,0,0,0,0,0,0,60771,0,0,0
1743619497.001519,600855,21068467,0,pscratch,pscratch-ffffa03b0861a000,0,0,219402878101,374678341559,0,0,30987,0,0,0,0,0,0,0,0,0,0,0,0,0,0,0,0,0,0,0,0,0,0,0,0,14968,0,0,0
1743619498.001889,600855,21068467,0,nscratch,nscratch-ffffa03b0426b000,0,0,10355247390040,905049378378,0,0,98179,0,0,0,0,0,0,0,0,0,0,0,0,0,0,0,0,0,0,0,0,0,0,0,0,60771,0,0,0
1743619498.001998,600855,21068467,0,pscratch,pscratch-ffffa03b0861a000,0,0,219402878101,374678341559,0,0,30987,0,0,0,0,0,0,0,0,0,0,0,0,0,0,0,0,0,0,0,0,0,0,0,0,14968,0,0,0
1743619499.001155,600855,21068467,0,nscratch,nscratch-ffffa03b0426b000,0,0,10355247390040,905049378378,0,0,98179,0,0,0,0,0,0,0,0,0,0,0,0,0,0,0,0,0,0,0,0,0,0,0,0,60771,0,0,0
1743619499.001263,600855,21068467,0,pscratch,pscratch-ffffa03b0861a000,0,0,219402878101,374678341559,0,0,30987,0,0,0,0,0,0,0,0,0,0,0,0,0,0,0,0,0,0,0,0,0,0,0,0,14968,0,0,0
1743619500.001779,600855,21068467,0,nscratch,nscratch-ffffa03b0426b000,0,0,10355247390040,905049378378,0,0,98179,0,0,0,0,0,0,0,0,0,0,0,0,0,0,0,0,0,0,0,0,0,0,0,0,60771,0,0,0
1743619500.001891,600855,21068467,0,pscratch,pscratch-ffffa03b0861a000,0,0,219402878101,374678341559,0,0,30987,0,0,0,0,0,0,0,0,0,0,0,0,0,0,0,0,0,0,0,0,0,0,0,0,14968,0,0,0
1743619501.002254,600855,21068467,0,nscratch,nscratch-ffffa03b0426b000,0,0,10355247390040,905049378378,0,0,98179,0,0,0,0,0,0,0,0,0,0,0,0,0,0,0,0,0,0,0,0,0,0,0,0,60771,0,0,0
1743619501.002364,600855,21068467,0,pscratch,pscratch-ffffa03b0861a000,0,0,219402878101,374678341559,0,0,30987,0,0,0,0,0,0,0,0,0,0,0,0,0,0,0,0,0,0,0,0,0,0,0,0,14968,0,0,0
1743619502.001520,600855,21068467,0,nscratch,nscratch-ffffa03b0426b000,0,0,10355247390040,905049378378,0,0,98179,0,0,0,0,0,0,0,0,0,0,0,0,0,0,0,0,0,0,0,0,0,0,0,0,60771,0,0,0
1743619502.001635,600855,21068467,0,pscratch,pscratch-ffffa03b0861a000,0,0,219402878101,374678341559,0,0,30987,0,0,0,0,0,0,0,0,0,0,0,0,0,0,0,0,0,0,0,0,0,0,0,0,14968,0,0,0
1743619503.002149,600855,21068467,0,nscratch,nscratch-ffffa03b0426b000,0,0,10355247390040,905049378378,0,0,98179,0,0,0,0,0,0,0,0,0,0,0,0,0,0,0,0,0,0,0,0,0,0,0,0,60771,0,0,0
1743619503.002261,600855,21068467,0,pscratch,pscratch-ffffa03b0861a000,0,0,219402878101,374678341559,0,0,30987,0,0,0,0,0,0,0,0,0,0,0,0,0,0,0,0,0,0,0,0,0,0,0,0,14968,0,0,0
1743619504.001633,600855,21068467,0,nscratch,nscratch-ffffa03b0426b000,0,0,10355247390040,905049378378,0,0,98179,0,0,0,0,0,0,0,0,0,0,0,0,0,0,0,0,0,0,0,0,0,0,0,0,60771,0,0,0
1743619504.001743,600855,21068467,0,pscratch,pscratch-ffffa03b0861a000,0,0,219402878101,374678341559,0,0,30987,0,0,0,0,0,0,0,0,0,0,0,0,0,0,0,0,0,0,0,0,0,0,0,0,14968,0,0,0
1743619505.001901,600855,21068467,0,nscratch,nscratch-ffffa03b0426b000,0,0,10355247390040,905049378378,0,0,98179,0,0,0,0,0,0,0,0,0,0,0,0,0,0,0,0,0,0,0,0,0,0,0,0,60771,0,0,0
1743619505.002012,600855,21068467,0,pscratch,pscratch-ffffa03b0861a000,0,0,219402878101,374678341559,0,0,30987,0,0,0,0,0,0,0,0,0,0,0,0,0,0,0,0,0,0,0,0,0,0,0,0,14968,0,0,0
1743619506.001521,600855,21068467,0,nscratch,nscratch-ffffa03b0426b000,0,0,10355247390040,905049378378,0,0,98179,0,0,0,0,0,0,0,0,0,0,0,0,0,0,0,0,0,0,0,0,0,0,0,0,60771,0,0,0
1743619506.001633,600855,21068467,0,pscratch,pscratch-ffffa03b0861a000,0,0,219402878101,374678341559,0,0,30987,0,0,0,0,0,0,0,0,0,0,0,0,0,0,0,0,0,0,0,0,0,0,0,0,14968,0,0,0
1743619507.001994,600855,21068467,0,nscratch,nscratch-ffffa03b0426b000,0,0,10355247390040,905049378378,0,0,98179,0,0,0,0,0,0,0,0,0,0,0,0,0,0,0,0,0,0,0,0,0,0,0,0,60771,0,0,0
1743619507.002104,600855,21068467,0,pscratch,pscratch-ffffa03b0861a000,0,0,219402878101,374678341559,0,0,30987,0,0,0,0,0,0,0,0,0,0,0,0,0,0,0,0,0,0,0,0,0,0,0,0,14968,0,0,0
1743619508.001260,600855,21068467,0,nscratch,nscratch-ffffa03b0426b000,0,0,10355247390040,905049378378,0,0,98179,0,0,0,0,0,0,0,0,0,0,0,0,0,0,0,0,0,0,0,0,0,0,0,0,60771,0,0,0
1743619508.001367,600855,21068467,0,pscratch,pscratch-ffffa03b0861a000,0,0,219402878101,374678341559,0,0,30987,0,0,0,0,0,0,0,0,0,0,0,0,0,0,0,0,0,0,0,0,0,0,0,0,14968,0,0,0
1743619509.002061,600855,21068467,0,nscratch,nscratch-ffffa03b0426b000,0,0,10355247390040,905049378378,0,0,98179,0,0,0,0,0,0,0,0,0,0,0,0,0,0,0,0,0,0,0,0,0,0,0,0,60771,0,0,0
1743619509.002174,600855,21068467,0,pscratch,pscratch-ffffa03b0861a000,0,0,219402878101,374678341559,0,0,30987,0,0,0,0,0,0,0,0,0,0,0,0,0,0,0,0,0,0,0,0,0,0,0,0,14968,0,0,0
1743619510.001541,600855,21068467,0,nscratch,nscratch-ffffa03b0426b000,0,0,10355247390040,905049378378,0,0,98179,0,0,0,0,0,0,0,0,0,0,0,0,0,0,0,0,0,0,0,0,0,0,0,0,60771,0,0,0
1743619510.001654,600855,21068467,0,pscratch,pscratch-ffffa03b0861a000,0,0,219402878101,374678341559,0,0,30987,0,0,0,0,0,0,0,0,0,0,0,0,0,0,0,0,0,0,0,0,0,0,0,0,14968,0,0,0
1743619511.001815,600855,21068467,0,nscratch,nscratch-ffffa03b0426b000,0,0,10355247390040,905049378378,0,0,98179,0,0,0,0,0,0,0,0,0,0,0,0,0,0,0,0,0,0,0,0,0,0,0,0,60771,0,0,0
1743619511.001925,600855,21068467,0,pscratch,pscratch-ffffa03b0861a000,0,0,219402878101,374678341559,0,0,30987,0,0,0,0,0,0,0,0,0,0,0,0,0,0,0,0,0,0,0,0,0,0,0,0,14968,0,0,0
1743619512.001442,600855,21068467,0,nscratch,nscratch-ffffa03b0426b000,0,0,10355247390040,905049378378,0,0,98179,0,0,0,0,0,0,0,0,0,0,0,0,0,0,0,0,0,0,0,0,0,0,0,0,60771,0,0,0
1743619512.001555,600855,21068467,0,pscratch,pscratch-ffffa03b0861a000,0,0,219402878101,374678341559,0,0,30987,0,0,0,0,0,0,0,0,0,0,0,0,0,0,0,0,0,0,0,0,0,0,0,0,14968,0,0,0
1743619513.001924,600855,21068467,0,nscratch,nscratch-ffffa03b0426b000,0,0,10355247390040,905049378378,0,0,98179,0,0,0,0,0,0,0,0,0,0,0,0,0,0,0,0,0,0,0,0,0,0,0,0,60771,0,0,0
1743619513.002033,600855,21068467,0,pscratch,pscratch-ffffa03b0861a000,0,0,219402878101,374678341559,0,0,30987,0,0,0,0,0,0,0,0,0,0,0,0,0,0,0,0,0,0,0,0,0,0,0,0,14968,0,0,0
1743619514.001192,600855,21068467,0,nscratch,nscratch-ffffa03b0426b000,0,0,10355247390040,905049378378,0,0,98179,0,0,0,0,0,0,0,0,0,0,0,0,0,0,0,0,0,0,0,0,0,0,0,0,60771,0,0,0
1743619514.001300,600855,21068467,0,pscratch,pscratch-ffffa03b0861a000,0,0,219402878101,374678341559,0,0,30987,0,0,0,0,0,0,0,0,0,0,0,0,0,0,0,0,0,0,0,0,0,0,0,0,14968,0,0,0
1743619515.001817,600855,21068467,0,nscratch,nscratch-ffffa03b0426b000,0,0,10355247390040,905049378378,0,0,98179,0,0,0,0,0,0,0,0,0,0,0,0,0,0,0,0,0,0,0,0,0,0,0,0,60771,0,0,0
1743619515.001926,600855,21068467,0,pscratch,pscratch-ffffa03b0861a000,0,0,219402878101,374678341559,0,0,30987,0,0,0,0,0,0,0,0,0,0,0,0,0,0,0,0,0,0,0,0,0,0,0,0,14968,0,0,0
1743619516.002289,600855,21068467,0,nscratch,nscratch-ffffa03b0426b000,0,0,10355247390040,905049378378,0,0,98179,0,0,0,0,0,0,0,0,0,0,0,0,0,0,0,0,0,0,0,0,0,0,0,0,60771,0,0,0
1743619516.002399,600855,21068467,0,pscratch,pscratch-ffffa03b0861a000,0,0,219402878101,374678341559,0,0,30987,0,0,0,0,0,0,0,0,0,0,0,0,0,0,0,0,0,0,0,0,0,0,0,0,14968,0,0,0
1743619517.001557,600855,21068467,0,nscratch,nscratch-ffffa03b0426b000,0,0,10355247390040,905049378378,0,0,98179,0,0,0,0,0,0,0,0,0,0,0,0,0,0,0,0,0,0,0,0,0,0,0,0,60771,0,0,0
1743619517.001669,600855,21068467,0,pscratch,pscratch-ffffa03b0861a000,0,0,219402878101,374678341559,0,0,30987,0,0,0,0,0,0,0,0,0,0,0,0,0,0,0,0,0,0,0,0,0,0,0,0,14968,0,0,0
1743619518.002185,600855,21068467,0,nscratch,nscratch-ffffa03b0426b000,0,0,10355247390040,905049378378,0,0,98179,0,0,0,0,0,0,0,0,0,0,0,0,0,0,0,0,0,0,0,0,0,0,0,0,60771,0,0,0
1743619518.002296,600855,21068467,0,pscratch,pscratch-ffffa03b0861a000,0,0,219402878101,374678341559,0,0,30987,0,0,0,0,0,0,0,0,0,0,0,0,0,0,0,0,0,0,0,0,0,0,0,0,14968,0,0,0
1743619519.001668,600855,21068467,0,nscratch,nscratch-ffffa03b0426b000,0,0,10355247390040,905049378378,0,0,98179,0,0,0,0,0,0,0,0,0,0,0,0,0,0,0,0,0,0,0,0,0,0,0,0,60771,0,0,0
1743619519.001779,600855,21068467,0,pscratch,pscratch-ffffa03b0861a000,0,0,219402878101,374678341559,0,0,30987,0,0,0,0,0,0,0,0,0,0,0,0,0,0,0,0,0,0,0,0,0,0,0,0,14968,0,0,0
1743619520.001980,600855,21068467,0,nscratch,nscratch-ffffa03b0426b000,0,0,10355247390040,905049378378,0,0,98179,0,0,0,0,0,0,0,0,0,0,0,0,0,0,0,0,0,0,0,0,0,0,0,0,60771,0,0,0
1743619520.002090,600855,21068467,0,pscratch,pscratch-ffffa03b0861a000,0,0,219402878101,374678341559,0,0,30987,0,0,0,0,0,0,0,0,0,0,0,0,0,0,0,0,0,0,0,0,0,0,0,0,14968,0,0,0
1743619521.001640,600855,21068467,0,nscratch,nscratch-ffffa03b0426b000,0,0,10355247390040,905049378378,0,0,98179,0,0,0,0,0,0,0,0,0,0,0,0,0,0,0,0,0,0,0,0,0,0,0,0,60771,0,0,0
1743619521.001753,600855,21068467,0,pscratch,pscratch-ffffa03b0861a000,0,0,219402878101,374678341559,0,0,30987,0,0,0,0,0,0,0,0,0,0,0,0,0,0,0,0,0,0,0,0,0,0,0,0,14968,0,0,0
1743619522.002125,600855,21068467,0,nscratch,nscratch-ffffa03b0426b000,0,0,10355247390040,905049378378,0,0,98179,0,0,0,0,0,0,0,0,0,0,0,0,0,0,0,0,0,0,0,0,0,0,0,0,60771,0,0,0
1743619522.002234,600855,21068467,0,pscratch,pscratch-ffffa03b0861a000,0,0,219402878101,374678341559,0,0,30987,0,0,0,0,0,0,0,0,0,0,0,0,0,0,0,0,0,0,0,0,0,0,0,0,14968,0,0,0
1743619523.001390,600855,21068467,0,nscratch,nscratch-ffffa03b0426b000,0,0,10355247390040,905049378378,0,0,98179,0,0,0,0,0,0,0,0,0,0,0,0,0,0,0,0,0,0,0,0,0,0,0,0,60771,0,0,0
1743619523.001498,600855,21068467,0,pscratch,pscratch-ffffa03b0861a000,0,0,219402878101,374678341559,0,0,30987,0,0,0,0,0,0,0,0,0,0,0,0,0,0,0,0,0,0,0,0,0,0,0,0,14968,0,0,0
1743619524.002016,600855,21068467,0,nscratch,nscratch-ffffa03b0426b000,0,0,10355247390040,905049378378,0,0,98179,0,0,0,0,0,0,0,0,0,0,0,0,0,0,0,0,0,0,0,0,0,0,0,0,60771,0,0,0
1743619524.002128,600855,21068467,0,pscratch,pscratch-ffffa03b0861a000,0,0,219402878101,374678341559,0,0,30987,0,0,0,0,0,0,0,0,0,0,0,0,0,0,0,0,0,0,0,0,0,0,0,0,14968,0,0,0
1743619525.001488,600855,21068467,0,nscratch,nscratch-ffffa03b0426b000,0,0,10355247390040,905049378378,0,0,98179,0,0,0,0,0,0,0,0,0,0,0,0,0,0,0,0,0,0,0,0,0,0,0,0,60771,0,0,0
1743619525.001595,600855,21068467,0,pscratch,pscratch-ffffa03b0861a000,0,0,219402878101,374678341559,0,0,30987,0,0,0,0,0,0,0,0,0,0,0,0,0,0,0,0,0,0,0,0,0,0,0,0,14968,0,0,0
1743619526.001759,600855,21068467,0,nscratch,nscratch-ffffa03b0426b000,0,0,10355247390040,905049378378,0,0,98179,0,0,0,0,0,0,0,0,0,0,0,0,0,0,0,0,0,0,0,0,0,0,0,0,60771,0,0,0
1743619526.001868,600855,21068467,0,pscratch,pscratch-ffffa03b0861a000,0,0,219402878101,374678341559,0,0,30987,0,0,0,0,0,0,0,0,0,0,0,0,0,0,0,0,0,0,0,0,0,0,0,0,14968,0,0,0
1743619527.001399,600855,21068467,0,nscratch,nscratch-ffffa03b0426b000,0,0,10355247390040,905049378378,0,0,98179,0,0,0,0,0,0,0,0,0,0,0,0,0,0,0,0,0,0,0,0,0,0,0,0,60771,0,0,0
1743619527.001511,600855,21068467,0,pscratch,pscratch-ffffa03b0861a000,0,0,219402878101,374678341559,0,0,30987,0,0,0,0,0,0,0,0,0,0,0,0,0,0,0,0,0,0,0,0,0,0,0,0,14968,0,0,0
1743619528.001886,600855,21068467,0,nscratch,nscratch-ffffa03b0426b000,0,0,10355247390040,905049378378,0,0,98179,0,0,0,0,0,0,0,0,0,0,0,0,0,0,0,0,0,0,0,0,0,0,0,0,60771,0,0,0
1743619528.001997,600855,21068467,0,pscratch,pscratch-ffffa03b0861a000,0,0,219402878101,374678341559,0,0,30987,0,0,0,0,0,0,0,0,0,0,0,0,0,0,0,0,0,0,0,0,0,0,0,0,14968,0,0,0
1743619529.001154,600855,21068467,0,nscratch,nscratch-ffffa03b0426b000,0,0,10355247390040,905049378378,0,0,98179,0,0,0,0,0,0,0,0,0,0,0,0,0,0,0,0,0,0,0,0,0,0,0,0,60771,0,0,0
1743619529.001263,600855,21068467,0,pscratch,pscratch-ffffa03b0861a000,0,0,219402878101,374678341559,0,0,30987,0,0,0,0,0,0,0,0,0,0,0,0,0,0,0,0,0,0,0,0,0,0,0,0,14968,0,0,0
1743619530.001780,600855,21068467,0,nscratch,nscratch-ffffa03b0426b000,0,0,10355247390040,905049378378,0,0,98179,0,0,0,0,0,0,0,0,0,0,0,0,0,0,0,0,0,0,0,0,0,0,0,0,60771,0,0,0
1743619530.001890,600855,21068467,0,pscratch,pscratch-ffffa03b0861a000,0,0,219402878101,374678341559,0,0,30987,0,0,0,0,0,0,0,0,0,0,0,0,0,0,0,0,0,0,0,0,0,0,0,0,14968,0,0,0
1743619531.002257,600855,21068467,0,nscratch,nscratch-ffffa03b0426b000,0,0,10355247390040,905049378378,0,0,98179,0,0,0,0,0,0,0,0,0,0,0,0,0,0,0,0,0,0,0,0,0,0,0,0,60771,0,0,0
1743619531.002366,600855,21068467,0,pscratch,pscratch-ffffa03b0861a000,0,0,219402878101,374678341559,0,0,30987,0,0,0,0,0,0,0,0,0,0,0,0,0,0,0,0,0,0,0,0,0,0,0,0,14968,0,0,0
1743619532.001528,600855,21068467,0,nscratch,nscratch-ffffa03b0426b000,0,0,10355247390040,905049378378,0,0,98179,0,0,0,0,0,0,0,0,0,0,0,0,0,0,0,0,0,0,0,0,0,0,0,0,60771,0,0,0
1743619532.001645,600855,21068467,0,pscratch,pscratch-ffffa03b0861a000,0,0,219402878101,374678341559,0,0,30987,0,0,0,0,0,0,0,0,0,0,0,0,0,0,0,0,0,0,0,0,0,0,0,0,14968,0,0,0
1743619533.002169,600855,21068467,0,nscratch,nscratch-ffffa03b0426b000,0,0,10355247390040,905049378378,0,0,98179,0,0,0,0,0,0,0,0,0,0,0,0,0,0,0,0,0,0,0,0,0,0,0,0,60771,0,0,0
1743619533.002279,600855,21068467,0,pscratch,pscratch-ffffa03b0861a000,0,0,219402878101,374678341559,0,0,30987,0,0,0,0,0,0,0,0,0,0,0,0,0,0,0,0,0,0,0,0,0,0,0,0,14968,0,0,0
1743619534.001644,600855,21068467,0,nscratch,nscratch-ffffa03b0426b000,0,0,10355247390040,905049378378,0,0,98179,0,0,0,0,0,0,0,0,0,0,0,0,0,0,0,0,0,0,0,0,0,0,0,0,60771,0,0,0
1743619534.001755,600855,21068467,0,pscratch,pscratch-ffffa03b0861a000,0,0,219402878101,374678341559,0,0,30987,0,0,0,0,0,0,0,0,0,0,0,0,0,0,0,0,0,0,0,0,0,0,0,0,14968,0,0,0
1743619535.001915,600855,21068467,0,nscratch,nscratch-ffffa03b0426b000,0,0,10355247390040,905049378378,0,0,98179,0,0,0,0,0,0,0,0,0,0,0,0,0,0,0,0,0,0,0,0,0,0,0,0,60771,0,0,0
1743619535.002023,600855,21068467,0,pscratch,pscratch-ffffa03b0861a000,0,0,219402878101,374678341559,0,0,30987,0,0,0,0,0,0,0,0,0,0,0,0,0,0,0,0,0,0,0,0,0,0,0,0,14968,0,0,0
1743619536.001530,600855,21068467,0,nscratch,nscratch-ffffa03b0426b000,0,0,10355247390040,905049378378,0,0,98179,0,0,0,0,0,0,0,0,0,0,0,0,0,0,0,0,0,0,0,0,0,0,0,0,60771,0,0,0
1743619536.001643,600855,21068467,0,pscratch,pscratch-ffffa03b0861a000,0,0,219402878101,374678341559,0,0,30987,0,0,0,0,0,0,0,0,0,0,0,0,0,0,0,0,0,0,0,0,0,0,0,0,14968,0,0,0
1743619537.002004,600855,21068467,0,nscratch,nscratch-ffffa03b0426b000,0,0,10355247390040,905049378378,0,0,98179,0,0,0,0,0,0,0,0,0,0,0,0,0,0,0,0,0,0,0,0,0,0,0,0,60771,0,0,0
1743619537.002113,600855,21068467,0,pscratch,pscratch-ffffa03b0861a000,0,0,219402878101,374678341559,0,0,30987,0,0,0,0,0,0,0,0,0,0,0,0,0,0,0,0,0,0,0,0,0,0,0,0,14968,0,0,0
1743619538.001269,600855,21068467,0,nscratch,nscratch-ffffa03b0426b000,0,0,10355247390040,905049378378,0,0,98179,0,0,0,0,0,0,0,0,0,0,0,0,0,0,0,0,0,0,0,0,0,0,0,0,60771,0,0,0
1743619538.001378,600855,21068467,0,pscratch,pscratch-ffffa03b0861a000,0,0,219402878101,374678341559,0,0,30987,0,0,0,0,0,0,0,0,0,0,0,0,0,0,0,0,0,0,0,0,0,0,0,0,14968,0,0,0
1743619539.001903,600855,21068467,0,nscratch,nscratch-ffffa03b0426b000,0,0,10355247390040,905049378378,0,0,98179,0,0,0,0,0,0,0,0,0,0,0,0,0,0,0,0,0,0,0,0,0,0,0,0,60771,0,0,0
1743619539.002012,600855,21068467,0,pscratch,pscratch-ffffa03b0861a000,0,0,219402878101,374678341559,0,0,30987,0,0,0,0,0,0,0,0,0,0,0,0,0,0,0,0,0,0,0,0,0,0,0,0,14968,0,0,0
1743619540.001376,600855,21068467,0,nscratch,nscratch-ffffa03b0426b000,0,0,10355247390040,905049378378,0,0,98179,0,0,0,0,0,0,0,0,0,0,0,0,0,0,0,0,0,0,0,0,0,0,0,0,60771,0,0,0
1743619540.001484,600855,21068467,0,pscratch,pscratch-ffffa03b0861a000,0,0,219402878101,374678341559,0,0,30987,0,0,0,0,0,0,0,0,0,0,0,0,0,0,0,0,0,0,0,0,0,0,0,0,14968,0,0,0
1743619541.001649,600855,21068467,0,nscratch,nscratch-ffffa03b0426b000,0,0,10355247390040,905049378378,0,0,98179,0,0,0,0,0,0,0,0,0,0,0,0,0,0,0,0,0,0,0,0,0,0,0,0,60771,0,0,0
1743619541.001758,600855,21068467,0,pscratch,pscratch-ffffa03b0861a000,0,0,219402878101,374678341559,0,0,30987,0,0,0,0,0,0,0,0,0,0,0,0,0,0,0,0,0,0,0,0,0,0,0,0,14968,0,0,0
1743619542.002273,600855,21068467,0,nscratch,nscratch-ffffa03b0426b000,0,0,10355247390040,905049378378,0,0,98179,0,0,0,0,0,0,0,0,0,0,0,0,0,0,0,0,0,0,0,0,0,0,0,0,60771,0,0,0
1743619542.002385,600855,21068467,0,pscratch,pscratch-ffffa03b0861a000,0,0,219402878101,374678341559,0,0,30987,0,0,0,0,0,0,0,0,0,0,0,0,0,0,0,0,0,0,0,0,0,0,0,0,14968,0,0,0
1743619543.001752,600855,21068467,0,nscratch,nscratch-ffffa03b0426b000,0,0,10355247390040,905049378378,0,0,98179,0,0,0,0,0,0,0,0,0,0,0,0,0,0,0,0,0,0,0,0,0,0,0,0,60771,0,0,0
1743619543.001864,600855,21068467,0,pscratch,pscratch-ffffa03b0861a000,0,0,219402878101,374678341559,0,0,30987,0,0,0,0,0,0,0,0,0,0,0,0,0,0,0,0,0,0,0,0,0,0,0,0,14968,0,0,0
1743619544.002021,600855,21068467,0,nscratch,nscratch-ffffa03b0426b000,0,0,10355247390040,905049378378,0,0,98179,0,0,0,0,0,0,0,0,0,0,0,0,0,0,0,0,0,0,0,0,0,0,0,0,60771,0,0,0
1743619544.002132,600855,21068467,0,pscratch,pscratch-ffffa03b0861a000,0,0,219402878101,374678341559,0,0,30987,0,0,0,0,0,0,0,0,0,0,0,0,0,0,0,0,0,0,0,0,0,0,0,0,14968,0,0,0
1743619545.001650,600855,21068467,0,nscratch,nscratch-ffffa03b0426b000,0,0,10355247390040,905049378378,0,0,98179,0,0,0,0,0,0,0,0,0,0,0,0,0,0,0,0,0,0,0,0,0,0,0,0,60771,0,0,0
1743619545.001761,600855,21068467,0,pscratch,pscratch-ffffa03b0861a000,0,0,219402878101,374678341559,0,0,30987,0,0,0,0,0,0,0,0,0,0,0,0,0,0,0,0,0,0,0,0,0,0,0,0,14968,0,0,0
1743619546.002125,600855,21068467,0,nscratch,nscratch-ffffa03b0426b000,0,0,10355247390040,905049378378,0,0,98179,0,0,0,0,0,0,0,0,0,0,0,0,0,0,0,0,0,0,0,0,0,0,0,0,60771,0,0,0
1743619546.002236,600855,21068467,0,pscratch,pscratch-ffffa03b0861a000,0,0,219402878101,374678341559,0,0,30987,0,0,0,0,0,0,0,0,0,0,0,0,0,0,0,0,0,0,0,0,0,0,0,0,14968,0,0,0
1743619547.001397,600855,21068467,0,nscratch,nscratch-ffffa03b0426b000,0,0,10355247390040,905049378378,0,0,98179,0,0,0,0,0,0,0,0,0,0,0,0,0,0,0,0,0,0,0,0,0,0,0,0,60771,0,0,0
1743619547.001505,600855,21068467,0,pscratch,pscratch-ffffa03b0861a000,0,0,219402878101,374678341559,0,0,30987,0,0,0,0,0,0,0,0,0,0,0,0,0,0,0,0,0,0,0,0,0,0,0,0,14968,0,0,0
1743619548.002028,600855,21068467,0,nscratch,nscratch-ffffa03b0426b000,0,0,10355247390040,905049378378,0,0,98179,0,0,0,0,0,0,0,0,0,0,0,0,0,0,0,0,0,0,0,0,0,0,0,0,60771,0,0,0
1743619548.002141,600855,21068467,0,pscratch,pscratch-ffffa03b0861a000,0,0,219402878101,374678341559,0,0,30987,0,0,0,0,0,0,0,0,0,0,0,0,0,0,0,0,0,0,0,0,0,0,0,0,14968,0,0,0
1743619549.001501,600855,21068467,0,nscratch,nscratch-ffffa03b0426b000,0,0,10355247390040,905049378378,0,0,98179,0,0,0,0,0,0,0,0,0,0,0,0,0,0,0,0,0,0,0,0,0,0,0,0,60771,0,0,0
1743619549.001614,600855,21068467,0,pscratch,pscratch-ffffa03b0861a000,0,0,219402878101,374678341559,0,0,30987,0,0,0,0,0,0,0,0,0,0,0,0,0,0,0,0,0,0,0,0,0,0,0,0,14968,0,0,0
1743619550.001776,600855,21068467,0,nscratch,nscratch-ffffa03b0426b000,0,0,10355247390040,905049378378,0,0,98179,0,0,0,0,0,0,0,0,0,0,0,0,0,0,0,0,0,0,0,0,0,0,0,0,60771,0,0,0
1743619550.001887,600855,21068467,0,pscratch,pscratch-ffffa03b0861a000,0,0,219402878101,374678341559,0,0,30987,0,0,0,0,0,0,0,0,0,0,0,0,0,0,0,0,0,0,0,0,0,0,0,0,14968,0,0,0
1743619551.001466,600855,21068467,0,nscratch,nscratch-ffffa03b0426b000,0,0,10355247390040,905049378378,0,0,98179,0,0,0,0,0,0,0,0,0,0,0,0,0,0,0,0,0,0,0,0,0,0,0,0,60771,0,0,0
1743619551.001576,600855,21068467,0,pscratch,pscratch-ffffa03b0861a000,0,0,219402878101,374678341559,0,0,30987,0,0,0,0,0,0,0,0,0,0,0,0,0,0,0,0,0,0,0,0,0,0,0,0,14968,0,0,0
1743619552.001959,600855,21068467,0,nscratch,nscratch-ffffa03b0426b000,0,0,10355247390040,905049378378,0,0,98179,0,0,0,0,0,0,0,0,0,0,0,0,0,0,0,0,0,0,0,0,0,0,0,0,60771,0,0,0
1743619552.002071,600855,21068467,0,pscratch,pscratch-ffffa03b0861a000,0,0,219402878101,374678341559,0,0,30987,0,0,0,0,0,0,0,0,0,0,0,0,0,0,0,0,0,0,0,0,0,0,0,0,14968,0,0,0
1743619553.001228,600855,21068467,0,nscratch,nscratch-ffffa03b0426b000,0,0,10355247390040,905049378378,0,0,98179,0,0,0,0,0,0,0,0,0,0,0,0,0,0,0,0,0,0,0,0,0,0,0,0,60771,0,0,0
1743619553.001335,600855,21068467,0,pscratch,pscratch-ffffa03b0861a000,0,0,219402878101,374678341559,0,0,30987,0,0,0,0,0,0,0,0,0,0,0,0,0,0,0,0,0,0,0,0,0,0,0,0,14968,0,0,0
1743619554.001864,600855,21068467,0,nscratch,nscratch-ffffa03b0426b000,0,0,10355247390040,905049378378,0,0,98179,0,0,0,0,0,0,0,0,0,0,0,0,0,0,0,0,0,0,0,0,0,0,0,0,60771,0,0,0
1743619554.001976,600855,21068467,0,pscratch,pscratch-ffffa03b0861a000,0,0,219402878101,374678341559,0,0,30987,0,0,0,0,0,0,0,0,0,0,0,0,0,0,0,0,0,0,0,0,0,0,0,0,14968,0,0,0
1743619555.002338,600855,21068467,0,nscratch,nscratch-ffffa03b0426b000,0,0,10355247390040,905049378378,0,0,98179,0,0,0,0,0,0,0,0,0,0,0,0,0,0,0,0,0,0,0,0,0,0,0,0,60771,0,0,0
1743619555.002447,600855,21068467,0,pscratch,pscratch-ffffa03b0861a000,0,0,219402878101,374678341559,0,0,30987,0,0,0,0,0,0,0,0,0,0,0,0,0,0,0,0,0,0,0,0,0,0,0,0,14968,0,0,0
1743619556.001598,600855,21068467,0,nscratch,nscratch-ffffa03b0426b000,0,0,10355247390040,905049378378,0,0,98179,0,0,0,0,0,0,0,0,0,0,0,0,0,0,0,0,0,0,0,0,0,0,0,0,60771,0,0,0
1743619556.001714,600855,21068467,0,pscratch,pscratch-ffffa03b0861a000,0,0,219402878101,374678341559,0,0,30987,0,0,0,0,0,0,0,0,0,0,0,0,0,0,0,0,0,0,0,0,0,0,0,0,14968,0,0,0
1743619557.002247,600855,21068467,0,nscratch,nscratch-ffffa03b0426b000,0,0,10355247390040,905049378378,0,0,98179,0,0,0,0,0,0,0,0,0,0,0,0,0,0,0,0,0,0,0,0,0,0,0,0,60771,0,0,0
1743619557.002358,600855,21068467,0,pscratch,pscratch-ffffa03b0861a000,0,0,219402878101,374678341559,0,0,30987,0,0,0,0,0,0,0,0,0,0,0,0,0,0,0,0,0,0,0,0,0,0,0,0,14968,0,0,0
1743619558.001724,600855,21068467,0,nscratch,nscratch-ffffa03b0426b000,0,0,10355247390040,905049378378,0,0,98179,0,0,0,0,0,0,0,0,0,0,0,0,0,0,0,0,0,0,0,0,0,0,0,0,60771,0,0,0
1743619558.001835,600855,21068467,0,pscratch,pscratch-ffffa03b0861a000,0,0,219402878101,374678341559,0,0,30987,0,0,0,0,0,0,0,0,0,0,0,0,0,0,0,0,0,0,0,0,0,0,0,0,14968,0,0,0
1743619559.002002,600855,21068467,0,nscratch,nscratch-ffffa03b0426b000,0,0,10355247390040,905049378378,0,0,98179,0,0,0,0,0,0,0,0,0,0,0,0,0,0,0,0,0,0,0,0,0,0,0,0,60771,0,0,0
1743619559.002111,600855,21068467,0,pscratch,pscratch-ffffa03b0861a000,0,0,219402878101,374678341559,0,0,30987,0,0,0,0,0,0,0,0,0,0,0,0,0,0,0,0,0,0,0,0,0,0,0,0,14968,0,0,0
1743619560.001629,600855,21068467,0,nscratch,nscratch-ffffa03b0426b000,0,0,10355247390040,905049378378,0,0,98179,0,0,0,0,0,0,0,0,0,0,0,0,0,0,0,0,0,0,0,0,0,0,0,0,60771,0,0,0
1743619560.001744,600855,21068467,0,pscratch,pscratch-ffffa03b0861a000,0,0,219402878101,374678341559,0,0,30987,0,0,0,0,0,0,0,0,0,0,0,0,0,0,0,0,0,0,0,0,0,0,0,0,14968,0,0,0
1743619561.002116,600855,21068467,0,nscratch,nscratch-ffffa03b0426b000,0,0,10355247390040,905049378378,0,0,98179,0,0,0,0,0,0,0,0,0,0,0,0,0,0,0,0,0,0,0,0,0,0,0,0,60771,0,0,0
1743619561.002225,600855,21068467,0,pscratch,pscratch-ffffa03b0861a000,0,0,219402878101,374678341559,0,0,30987,0,0,0,0,0,0,0,0,0,0,0,0,0,0,0,0,0,0,0,0,0,0,0,0,14968,0,0,0
1743619562.001382,600855,21068467,0,nscratch,nscratch-ffffa03b0426b000,0,0,10355247390040,905049378378,0,0,98179,0,0,0,0,0,0,0,0,0,0,0,0,0,0,0,0,0,0,0,0,0,0,0,0,60771,0,0,0
1743619562.001493,600855,21068467,0,pscratch,pscratch-ffffa03b0861a000,0,0,219402878101,374678341559,0,0,30987,0,0,0,0,0,0,0,0,0,0,0,0,0,0,0,0,0,0,0,0,0,0,0,0,14968,0,0,0
1743619563.002015,600855,21068467,0,nscratch,nscratch-ffffa03b0426b000,0,0,10355247390040,905049378378,0,0,98179,0,0,0,0,0,0,0,0,0,0,0,0,0,0,0,0,0,0,0,0,0,0,0,0,60771,0,0,0
1743619563.002125,600855,21068467,0,pscratch,pscratch-ffffa03b0861a000,0,0,219402878101,374678341559,0,0,30987,0,0,0,0,0,0,0,0,0,0,0,0,0,0,0,0,0,0,0,0,0,0,0,0,14968,0,0,0
1743619564.001518,600855,21068467,0,nscratch,nscratch-ffffa03b0426b000,0,0,10355247390040,905049378378,0,0,98179,0,0,0,0,0,0,0,0,0,0,0,0,0,0,0,0,0,0,0,0,0,0,0,0,60771,0,0,0
1743619564.001636,600855,21068467,0,pscratch,pscratch-ffffa03b0861a000,0,0,219402878101,374678341559,0,0,30987,0,0,0,0,0,0,0,0,0,0,0,0,0,0,0,0,0,0,0,0,0,0,0,0,14968,0,0,0
1743619565.001799,600855,21068467,0,nscratch,nscratch-ffffa03b0426b000,0,0,10355247390040,905049378378,0,0,98179,0,0,0,0,0,0,0,0,0,0,0,0,0,0,0,0,0,0,0,0,0,0,0,0,60771,0,0,0
1743619565.001911,600855,21068467,0,pscratch,pscratch-ffffa03b0861a000,0,0,219402878101,374678341559,0,0,30987,0,0,0,0,0,0,0,0,0,0,0,0,0,0,0,0,0,0,0,0,0,0,0,0,14968,0,0,0
1743619566.001430,600855,21068467,0,nscratch,nscratch-ffffa03b0426b000,0,0,10355247390040,905049378378,0,0,98179,0,0,0,0,0,0,0,0,0,0,0,0,0,0,0,0,0,0,0,0,0,0,0,0,60771,0,0,0
1743619566.001543,600855,21068467,0,pscratch,pscratch-ffffa03b0861a000,0,0,219402878101,374678341559,0,0,30987,0,0,0,0,0,0,0,0,0,0,0,0,0,0,0,0,0,0,0,0,0,0,0,0,14968,0,0,0
1743619567.001918,600855,21068467,0,nscratch,nscratch-ffffa03b0426b000,0,0,10355247390040,905049378378,0,0,98179,0,0,0,0,0,0,0,0,0,0,0,0,0,0,0,0,0,0,0,0,0,0,0,0,60771,0,0,0
1743619567.002029,600855,21068467,0,pscratch,pscratch-ffffa03b0861a000,0,0,219402878101,374678341559,0,0,30987,0,0,0,0,0,0,0,0,0,0,0,0,0,0,0,0,0,0,0,0,0,0,0,0,14968,0,0,0
1743619568.001182,600855,21068467,0,nscratch,nscratch-ffffa03b0426b000,0,0,10355247390040,905049378378,0,0,98179,0,0,0,0,0,0,0,0,0,0,0,0,0,0,0,0,0,0,0,0,0,0,0,0,60771,0,0,0
1743619568.001289,600855,21068467,0,pscratch,pscratch-ffffa03b0861a000,0,0,219402878101,374678341559,0,0,30987,0,0,0,0,0,0,0,0,0,0,0,0,0,0,0,0,0,0,0,0,0,0,0,0,14968,0,0,0
1743619569.001956,600855,21068467,0,nscratch,nscratch-ffffa03b0426b000,0,0,10355247390040,905049378378,0,0,98179,0,0,0,0,0,0,0,0,0,0,0,0,0,0,0,0,0,0,0,0,0,0,0,0,60771,0,0,0
1743619569.002066,600855,21068467,0,pscratch,pscratch-ffffa03b0861a000,0,0,219402878101,374678341559,0,0,30987,0,0,0,0,0,0,0,0,0,0,0,0,0,0,0,0,0,0,0,0,0,0,0,0,14968,0,0,0
1743619570.001434,600855,21068467,0,nscratch,nscratch-ffffa03b0426b000,0,0,10355247390040,905049378378,0,0,98179,0,0,0,0,0,0,0,0,0,0,0,0,0,0,0,0,0,0,0,0,0,0,0,0,60771,0,0,0
1743619570.001555,600855,21068467,0,pscratch,pscratch-ffffa03b0861a000,0,0,219402878101,374678341559,0,0,30987,0,0,0,0,0,0,0,0,0,0,0,0,0,0,0,0,0,0,0,0,0,0,0,0,14968,0,0,0
1743619571.001729,600855,21068467,0,nscratch,nscratch-ffffa03b0426b000,0,0,10355247390040,905049378378,0,0,98179,0,0,0,0,0,0,0,0,0,0,0,0,0,0,0,0,0,0,0,0,0,0,0,0,60771,0,0,0
1743619571.001839,600855,21068467,0,pscratch,pscratch-ffffa03b0861a000,0,0,219402878101,374678341559,0,0,30987,0,0,0,0,0,0,0,0,0,0,0,0,0,0,0,0,0,0,0,0,0,0,0,0,14968,0,0,0
1743619572.001363,600855,21068467,0,nscratch,nscratch-ffffa03b0426b000,0,0,10355247390040,905049378378,0,0,98179,0,0,0,0,0,0,0,0,0,0,0,0,0,0,0,0,0,0,0,0,0,0,0,0,60771,0,0,0
1743619572.001477,600855,21068467,0,pscratch,pscratch-ffffa03b0861a000,0,0,219402878101,374678341559,0,0,30987,0,0,0,0,0,0,0,0,0,0,0,0,0,0,0,0,0,0,0,0,0,0,0,0,14968,0,0,0
1743619573.001861,600855,21068467,0,nscratch,nscratch-ffffa03b0426b000,0,0,10355247390040,905049378378,0,0,98179,0,0,0,0,0,0,0,0,0,0,0,0,0,0,0,0,0,0,0,0,0,0,0,0,60771,0,0,0
1743619573.001973,600855,21068467,0,pscratch,pscratch-ffffa03b0861a000,0,0,219402878101,374678341559,0,0,30987,0,0,0,0,0,0,0,0,0,0,0,0,0,0,0,0,0,0,0,0,0,0,0,0,14968,0,0,0
1743619574.002139,600855,21068467,0,nscratch,nscratch-ffffa03b0426b000,0,0,10355247390040,905049378378,0,0,98179,0,0,0,0,0,0,0,0,0,0,0,0,0,0,0,0,0,0,0,0,0,0,0,0,60771,0,0,0
1743619574.002251,600855,21068467,0,pscratch,pscratch-ffffa03b0861a000,0,0,219402878101,374678341559,0,0,30987,0,0,0,0,0,0,0,0,0,0,0,0,0,0,0,0,0,0,0,0,0,0,0,0,14968,0,0,0
1743619575.001770,600855,21068467,0,nscratch,nscratch-ffffa03b0426b000,0,0,10355247390040,905049378378,0,0,98179,0,0,0,0,0,0,0,0,0,0,0,0,0,0,0,0,0,0,0,0,0,0,0,0,60771,0,0,0
1743619575.001891,600855,21068467,0,pscratch,pscratch-ffffa03b0861a000,0,0,219402878101,374678341559,0,0,30987,0,0,0,0,0,0,0,0,0,0,0,0,0,0,0,0,0,0,0,0,0,0,0,0,14968,0,0,0
1743619576.002262,600855,21068467,0,nscratch,nscratch-ffffa03b0426b000,0,0,10355247390040,905049378378,0,0,98179,0,0,0,0,0,0,0,0,0,0,0,0,0,0,0,0,0,0,0,0,0,0,0,0,60771,0,0,0
1743619576.002373,600855,21068467,0,pscratch,pscratch-ffffa03b0861a000,0,0,219402878101,374678341559,0,0,30987,0,0,0,0,0,0,0,0,0,0,0,0,0,0,0,0,0,0,0,0,0,0,0,0,14968,0,0,0
1743619577.001534,600855,21068467,0,nscratch,nscratch-ffffa03b0426b000,0,0,10355247390040,905049378378,0,0,98179,0,0,0,0,0,0,0,0,0,0,0,0,0,0,0,0,0,0,0,0,0,0,0,0,60771,0,0,0
1743619577.001647,600855,21068467,0,pscratch,pscratch-ffffa03b0861a000,0,0,219402878101,374678341559,0,0,30987,0,0,0,0,0,0,0,0,0,0,0,0,0,0,0,0,0,0,0,0,0,0,0,0,14968,0,0,0
1743619578.002180,600855,21068467,0,nscratch,nscratch-ffffa03b0426b000,0,0,10355247390040,905049378378,0,0,98179,0,0,0,0,0,0,0,0,0,0,0,0,0,0,0,0,0,0,0,0,0,0,0,0,60771,0,0,0
1743619578.002293,600855,21068467,0,pscratch,pscratch-ffffa03b0861a000,0,0,219402878101,374678341559,0,0,30987,0,0,0,0,0,0,0,0,0,0,0,0,0,0,0,0,0,0,0,0,0,0,0,0,14968,0,0,0
1743619579.001666,600855,21068467,0,nscratch,nscratch-ffffa03b0426b000,0,0,10355247390040,905049378378,0,0,98179,0,0,0,0,0,0,0,0,0,0,0,0,0,0,0,0,0,0,0,0,0,0,0,0,60771,0,0,0
1743619579.001775,600855,21068467,0,pscratch,pscratch-ffffa03b0861a000,0,0,219402878101,374678341559,0,0,30987,0,0,0,0,0,0,0,0,0,0,0,0,0,0,0,0,0,0,0,0,0,0,0,0,14968,0,0,0
1743619580.001952,600855,21068467,0,nscratch,nscratch-ffffa03b0426b000,0,0,10355247390040,905049378378,0,0,98179,0,0,0,0,0,0,0,0,0,0,0,0,0,0,0,0,0,0,0,0,0,0,0,0,60771,0,0,0
1743619580.002063,600855,21068467,0,pscratch,pscratch-ffffa03b0861a000,0,0,219402878101,374678341559,0,0,30987,0,0,0,0,0,0,0,0,0,0,0,0,0,0,0,0,0,0,0,0,0,0,0,0,14968,0,0,0
1743619581.001582,600855,21068467,0,nscratch,nscratch-ffffa03b0426b000,0,0,10355247390040,905049378378,0,0,98179,0,0,0,0,0,0,0,0,0,0,0,0,0,0,0,0,0,0,0,0,0,0,0,0,60771,0,0,0
1743619581.001697,600855,21068467,0,pscratch,pscratch-ffffa03b0861a000,0,0,219402878101,374678341559,0,0,30987,0,0,0,0,0,0,0,0,0,0,0,0,0,0,0,0,0,0,0,0,0,0,0,0,14968,0,0,0
1743619582.002067,600855,21068467,0,nscratch,nscratch-ffffa03b0426b000,0,0,10355247390040,905049378378,0,0,98179,0,0,0,0,0,0,0,0,0,0,0,0,0,0,0,0,0,0,0,0,0,0,0,0,60771,0,0,0
1743619582.002180,600855,21068467,0,pscratch,pscratch-ffffa03b0861a000,0,0,219402878101,374678341559,0,0,30987,0,0,0,0,0,0,0,0,0,0,0,0,0,0,0,0,0,0,0,0,0,0,0,0,14968,0,0,0
1743619583.001339,600855,21068467,0,nscratch,nscratch-ffffa03b0426b000,0,0,10355247390040,905049378378,0,0,98179,0,0,0,0,0,0,0,0,0,0,0,0,0,0,0,0,0,0,0,0,0,0,0,0,60771,0,0,0
1743619583.001447,600855,21068467,0,pscratch,pscratch-ffffa03b0861a000,0,0,219402878101,374678341559,0,0,30987,0,0,0,0,0,0,0,0,0,0,0,0,0,0,0,0,0,0,0,0,0,0,0,0,14968,0,0,0
1743619584.001968,600855,21068467,0,nscratch,nscratch-ffffa03b0426b000,0,0,10355247390040,905049378378,0,0,98179,0,0,0,0,0,0,0,0,0,0,0,0,0,0,0,0,0,0,0,0,0,0,0,0,60771,0,0,0
1743619584.002079,600855,21068467,0,pscratch,pscratch-ffffa03b0861a000,0,0,219402878101,374678341559,0,0,30987,0,0,0,0,0,0,0,0,0,0,0,0,0,0,0,0,0,0,0,0,0,0,0,0,14968,0,0,0
1743619585.001438,600855,21068467,0,nscratch,nscratch-ffffa03b0426b000,0,0,10355247390040,905049378378,0,0,98179,0,0,0,0,0,0,0,0,0,0,0,0,0,0,0,0,0,0,0,0,0,0,0,0,60771,0,0,0
1743619585.001546,600855,21068467,0,pscratch,pscratch-ffffa03b0861a000,0,0,219402878101,374678341559,0,0,30987,0,0,0,0,0,0,0,0,0,0,0,0,0,0,0,0,0,0,0,0,0,0,0,0,14968,0,0,0
1743619586.001707,600855,21068467,0,nscratch,nscratch-ffffa03b0426b000,0,0,10355247390040,905049378378,0,0,98179,0,0,0,0,0,0,0,0,0,0,0,0,0,0,0,0,0,0,0,0,0,0,0,0,60771,0,0,0
1743619586.001819,600855,21068467,0,pscratch,pscratch-ffffa03b0861a000,0,0,219402878101,374678341559,0,0,30987,0,0,0,0,0,0,0,0,0,0,0,0,0,0,0,0,0,0,0,0,0,0,0,0,14968,0,0,0
1743619587.001335,600855,21068467,0,nscratch,nscratch-ffffa03b0426b000,0,0,10355247390040,905049378378,0,0,98179,0,0,0,0,0,0,0,0,0,0,0,0,0,0,0,0,0,0,0,0,0,0,0,0,60771,0,0,0
1743619587.001444,600855,21068467,0,pscratch,pscratch-ffffa03b0861a000,0,0,219402878101,374678341559,0,0,30987,0,0,0,0,0,0,0,0,0,0,0,0,0,0,0,0,0,0,0,0,0,0,0,0,14968,0,0,0
1743619588.001811,600855,21068467,0,nscratch,nscratch-ffffa03b0426b000,0,0,10355247390040,905049378378,0,0,98179,0,0,0,0,0,0,0,0,0,0,0,0,0,0,0,0,0,0,0,0,0,0,0,0,60771,0,0,0
1743619588.001922,600855,21068467,0,pscratch,pscratch-ffffa03b0861a000,0,0,219402878101,374678341559,0,0,30987,0,0,0,0,0,0,0,0,0,0,0,0,0,0,0,0,0,0,0,0,0,0,0,0,14968,0,0,0
1743619589.002083,600855,21068467,0,nscratch,nscratch-ffffa03b0426b000,0,0,10355247390040,905049378378,0,0,98179,0,0,0,0,0,0,0,0,0,0,0,0,0,0,0,0,0,0,0,0,0,0,0,0,60771,0,0,0
1743619589.002193,600855,21068467,0,pscratch,pscratch-ffffa03b0861a000,0,0,219402878101,374678341559,0,0,30987,0,0,0,0,0,0,0,0,0,0,0,0,0,0,0,0,0,0,0,0,0,0,0,0,14968,0,0,0
1743619590.001717,600855,21068467,0,nscratch,nscratch-ffffa03b0426b000,0,0,10355247390040,905049378378,0,0,98179,0,0,0,0,0,0,0,0,0,0,0,0,0,0,0,0,0,0,0,0,0,0,0,0,60771,0,0,0
1743619590.001831,600855,21068467,0,pscratch,pscratch-ffffa03b0861a000,0,0,219402878101,374678341559,0,0,30987,0,0,0,0,0,0,0,0,0,0,0,0,0,0,0,0,0,0,0,0,0,0,0,0,14968,0,0,0
1743619591.002198,600855,21068467,0,nscratch,nscratch-ffffa03b0426b000,0,0,10355247390040,905049378378,0,0,98179,0,0,0,0,0,0,0,0,0,0,0,0,0,0,0,0,0,0,0,0,0,0,0,0,60771,0,0,0
1743619591.002309,600855,21068467,0,pscratch,pscratch-ffffa03b0861a000,0,0,219402878101,374678341559,0,0,30987,0,0,0,0,0,0,0,0,0,0,0,0,0,0,0,0,0,0,0,0,0,0,0,0,14968,0,0,0
1743619592.001468,600855,21068467,0,nscratch,nscratch-ffffa03b0426b000,0,0,10355247390040,905049378378,0,0,98179,0,0,0,0,0,0,0,0,0,0,0,0,0,0,0,0,0,0,0,0,0,0,0,0,60771,0,0,0
1743619592.001580,600855,21068467,0,pscratch,pscratch-ffffa03b0861a000,0,0,219402878101,374678341559,0,0,30987,0,0,0,0,0,0,0,0,0,0,0,0,0,0,0,0,0,0,0,0,0,0,0,0,14968,0,0,0
1743619593.002106,600855,21068467,0,nscratch,nscratch-ffffa03b0426b000,0,0,10355247390040,905049378378,0,0,98179,0,0,0,0,0,0,0,0,0,0,0,0,0,0,0,0,0,0,0,0,0,0,0,0,60771,0,0,0
1743619593.002217,600855,21068467,0,pscratch,pscratch-ffffa03b0861a000,0,0,219402878101,374678341559,0,0,30987,0,0,0,0,0,0,0,0,0,0,0,0,0,0,0,0,0,0,0,0,0,0,0,0,14968,0,0,0
1743619594.001577,600855,21068467,0,nscratch,nscratch-ffffa03b0426b000,0,0,10355247390040,905049378378,0,0,98179,0,0,0,0,0,0,0,0,0,0,0,0,0,0,0,0,0,0,0,0,0,0,0,0,60771,0,0,0
1743619594.001692,600855,21068467,0,pscratch,pscratch-ffffa03b0861a000,0,0,219402878101,374678341559,0,0,30987,0,0,0,0,0,0,0,0,0,0,0,0,0,0,0,0,0,0,0,0,0,0,0,0,14968,0,0,0
1743619595.001853,600855,21068467,0,nscratch,nscratch-ffffa03b0426b000,0,0,10355247390040,905049378378,0,0,98179,0,0,0,0,0,0,0,0,0,0,0,0,0,0,0,0,0,0,0,0,0,0,0,0,60771,0,0,0
1743619595.001964,600855,21068467,0,pscratch,pscratch-ffffa03b0861a000,0,0,219402878101,374678341559,0,0,30987,0,0,0,0,0,0,0,0,0,0,0,0,0,0,0,0,0,0,0,0,0,0,0,0,14968,0,0,0
1743619596.001474,600855,21068467,0,nscratch,nscratch-ffffa03b0426b000,0,0,10355247390040,905049378378,0,0,98179,0,0,0,0,0,0,0,0,0,0,0,0,0,0,0,0,0,0,0,0,0,0,0,0,60771,0,0,0
1743619596.001582,600855,21068467,0,pscratch,pscratch-ffffa03b0861a000,0,0,219402878101,374678341559,0,0,30987,0,0,0,0,0,0,0,0,0,0,0,0,0,0,0,0,0,0,0,0,0,0,0,0,14968,0,0,0
1743619597.001960,600855,21068467,0,nscratch,nscratch-ffffa03b0426b000,0,0,10355247390040,905049378378,0,0,98179,0,0,0,0,0,0,0,0,0,0,0,0,0,0,0,0,0,0,0,0,0,0,0,0,60771,0,0,0
1743619597.002072,600855,21068467,0,pscratch,pscratch-ffffa03b0861a000,0,0,219402878101,374678341559,0,0,30987,0,0,0,0,0,0,0,0,0,0,0,0,0,0,0,0,0,0,0,0,0,0,0,0,14968,0,0,0
1743619598.001228,600855,21068467,0,nscratch,nscratch-ffffa03b0426b000,0,0,10355247390040,905049378378,0,0,98179,0,0,0,0,0,0,0,0,0,0,0,0,0,0,0,0,0,0,0,0,0,0,0,0,60771,0,0,0
1743619598.001337,600855,21068467,0,pscratch,pscratch-ffffa03b0861a000,0,0,219402878101,374678341559,0,0,30987,0,0,0,0,0,0,0,0,0,0,0,0,0,0,0,0,0,0,0,0,0,0,0,0,14968,0,0,0
1743619599.001853,600855,21068467,0,nscratch,nscratch-ffffa03b0426b000,0,0,10355247390040,905049378378,0,0,98179,0,0,0,0,0,0,0,0,0,0,0,0,0,0,0,0,0,0,0,0,0,0,0,0,60771,0,0,0
1743619599.001962,600855,21068467,0,pscratch,pscratch-ffffa03b0861a000,0,0,219402878101,374678341559,0,0,30987,0,0,0,0,0,0,0,0,0,0,0,0,0,0,0,0,0,0,0,0,0,0,0,0,14968,0,0,0
1743619600.002342,600855,21068467,0,nscratch,nscratch-ffffa03b0426b000,0,0,10355247390040,905049378378,0,0,98179,0,0,0,0,0,0,0,0,0,0,0,0,0,0,0,0,0,0,0,0,0,0,0,0,60771,0,0,0
1743619600.002454,600855,21068467,0,pscratch,pscratch-ffffa03b0861a000,0,0,219402878101,374678341559,0,0,30987,0,0,0,0,0,0,0,0,0,0,0,0,0,0,0,0,0,0,0,0,0,0,0,0,14968,0,0,0
1743619601.001613,600855,21068467,0,nscratch,nscratch-ffffa03b0426b000,0,0,10355247390040,905049378378,0,0,98179,0,0,0,0,0,0,0,0,0,0,0,0,0,0,0,0,0,0,0,0,0,0,0,0,60771,0,0,0
1743619601.001726,600855,21068467,0,pscratch,pscratch-ffffa03b0861a000,0,0,219402878101,374678341559,0,0,30987,0,0,0,0,0,0,0,0,0,0,0,0,0,0,0,0,0,0,0,0,0,0,0,0,14968,0,0,0
1743619602.002243,600855,21068467,0,nscratch,nscratch-ffffa03b0426b000,0,0,10355247390040,905049378378,0,0,98179,0,0,0,0,0,0,0,0,0,0,0,0,0,0,0,0,0,0,0,0,0,0,0,0,60771,0,0,0
1743619602.002355,600855,21068467,0,pscratch,pscratch-ffffa03b0861a000,0,0,219402878101,374678341559,0,0,30987,0,0,0,0,0,0,0,0,0,0,0,0,0,0,0,0,0,0,0,0,0,0,0,0,14968,0,0,0
1743619603.001735,600855,21068467,0,nscratch,nscratch-ffffa03b0426b000,0,0,10355247390040,905049378378,0,0,98179,0,0,0,0,0,0,0,0,0,0,0,0,0,0,0,0,0,0,0,0,0,0,0,0,60771,0,0,0
1743619603.001845,600855,21068467,0,pscratch,pscratch-ffffa03b0861a000,0,0,219402878101,374678341559,0,0,30987,0,0,0,0,0,0,0,0,0,0,0,0,0,0,0,0,0,0,0,0,0,0,0,0,14968,0,0,0
1743619604.002011,600855,21068467,0,nscratch,nscratch-ffffa03b0426b000,0,0,10355247390040,905049378378,0,0,98179,0,0,0,0,0,0,0,0,0,0,0,0,0,0,0,0,0,0,0,0,0,0,0,0,60771,0,0,0
1743619604.002121,600855,21068467,0,pscratch,pscratch-ffffa03b0861a000,0,0,219402878101,374678341559,0,0,30987,0,0,0,0,0,0,0,0,0,0,0,0,0,0,0,0,0,0,0,0,0,0,0,0,14968,0,0,0
1743619605.001658,600855,21068467,0,nscratch,nscratch-ffffa03b0426b000,0,0,10355247390040,905049378378,0,0,98179,0,0,0,0,0,0,0,0,0,0,0,0,0,0,0,0,0,0,0,0,0,0,0,0,60771,0,0,0
1743619605.001768,600855,21068467,0,pscratch,pscratch-ffffa03b0861a000,0,0,219402878101,374678341559,0,0,30987,0,0,0,0,0,0,0,0,0,0,0,0,0,0,0,0,0,0,0,0,0,0,0,0,14968,0,0,0
1743619606.002143,600855,21068467,0,nscratch,nscratch-ffffa03b0426b000,0,0,10355247390040,905049378378,0,0,98179,0,0,0,0,0,0,0,0,0,0,0,0,0,0,0,0,0,0,0,0,0,0,0,0,60771,0,0,0
1743619606.002256,600855,21068467,0,pscratch,pscratch-ffffa03b0861a000,0,0,219402878101,374678341559,0,0,30987,0,0,0,0,0,0,0,0,0,0,0,0,0,0,0,0,0,0,0,0,0,0,0,0,14968,0,0,0
1743619607.001414,600855,21068467,0,nscratch,nscratch-ffffa03b0426b000,0,0,10355247390040,905049378378,0,0,98179,0,0,0,0,0,0,0,0,0,0,0,0,0,0,0,0,0,0,0,0,0,0,0,0,60771,0,0,0
1743619607.001522,600855,21068467,0,pscratch,pscratch-ffffa03b0861a000,0,0,219402878101,374678341559,0,0,30987,0,0,0,0,0,0,0,0,0,0,0,0,0,0,0,0,0,0,0,0,0,0,0,0,14968,0,0,0
1743619608.002041,600855,21068467,0,nscratch,nscratch-ffffa03b0426b000,0,0,10355247390040,905049378378,0,0,98179,0,0,0,0,0,0,0,0,0,0,0,0,0,0,0,0,0,0,0,0,0,0,0,0,60771,0,0,0
1743619608.002152,600855,21068467,0,pscratch,pscratch-ffffa03b0861a000,0,0,219402878101,374678341559,0,0,30987,0,0,0,0,0,0,0,0,0,0,0,0,0,0,0,0,0,0,0,0,0,0,0,0,14968,0,0,0
1743619609.001514,600855,21068467,0,nscratch,nscratch-ffffa03b0426b000,0,0,10355247390040,905049378378,0,0,98179,0,0,0,0,0,0,0,0,0,0,0,0,0,0,0,0,0,0,0,0,0,0,0,0,60771,0,0,0
1743619609.001630,600855,21068467,0,pscratch,pscratch-ffffa03b0861a000,0,0,219402878101,374678341559,0,0,30987,0,0,0,0,0,0,0,0,0,0,0,0,0,0,0,0,0,0,0,0,0,0,0,0,14968,0,0,0
1743619610.001788,600855,21068467,0,nscratch,nscratch-ffffa03b0426b000,0,0,10355247390040,905049378378,0,0,98179,0,0,0,0,0,0,0,0,0,0,0,0,0,0,0,0,0,0,0,0,0,0,0,0,60771,0,0,0
1743619610.001898,600855,21068467,0,pscratch,pscratch-ffffa03b0861a000,0,0,219402878101,374678341559,0,0,30987,0,0,0,0,0,0,0,0,0,0,0,0,0,0,0,0,0,0,0,0,0,0,0,0,14968,0,0,0
1743619611.001415,600855,21068467,0,nscratch,nscratch-ffffa03b0426b000,0,0,10355247390040,905049378378,0,0,98179,0,0,0,0,0,0,0,0,0,0,0,0,0,0,0,0,0,0,0,0,0,0,0,0,60771,0,0,0
1743619611.001524,600855,21068467,0,pscratch,pscratch-ffffa03b0861a000,0,0,219402878101,374678341559,0,0,30987,0,0,0,0,0,0,0,0,0,0,0,0,0,0,0,0,0,0,0,0,0,0,0,0,14968,0,0,0
1743619612.001896,600855,21068467,0,nscratch,nscratch-ffffa03b0426b000,0,0,10355247390040,905049378378,0,0,98179,0,0,0,0,0,0,0,0,0,0,0,0,0,0,0,0,0,0,0,0,0,0,0,0,60771,0,0,0
1743619612.002008,600855,21068467,0,pscratch,pscratch-ffffa03b0861a000,0,0,219402878101,374678341559,0,0,30987,0,0,0,0,0,0,0,0,0,0,0,0,0,0,0,0,0,0,0,0,0,0,0,0,14968,0,0,0
1743619613.001170,600855,21068467,0,nscratch,nscratch-ffffa03b0426b000,0,0,10355247390040,905049378378,0,0,98179,0,0,0,0,0,0,0,0,0,0,0,0,0,0,0,0,0,0,0,0,0,0,0,0,60771,0,0,0
1743619613.001278,600855,21068467,0,pscratch,pscratch-ffffa03b0861a000,0,0,219402878101,374678341559,0,0,30987,0,0,0,0,0,0,0,0,0,0,0,0,0,0,0,0,0,0,0,0,0,0,0,0,14968,0,0,0
1743619614.001795,600855,21068467,0,nscratch,nscratch-ffffa03b0426b000,0,0,10355247390040,905049378378,0,0,98179,0,0,0,0,0,0,0,0,0,0,0,0,0,0,0,0,0,0,0,0,0,0,0,0,60771,0,0,0
1743619614.001906,600855,21068467,0,pscratch,pscratch-ffffa03b0861a000,0,0,219402878101,374678341559,0,0,30987,0,0,0,0,0,0,0,0,0,0,0,0,0,0,0,0,0,0,0,0,0,0,0,0,14968,0,0,0
1743619615.002261,600855,21068467,0,nscratch,nscratch-ffffa03b0426b000,0,0,10355247390040,905049378378,0,0,98179,0,0,0,0,0,0,0,0,0,0,0,0,0,0,0,0,0,0,0,0,0,0,0,0,60771,0,0,0
1743619615.002373,600855,21068467,0,pscratch,pscratch-ffffa03b0861a000,0,0,219402878101,374678341559,0,0,30987,0,0,0,0,0,0,0,0,0,0,0,0,0,0,0,0,0,0,0,0,0,0,0,0,14968,0,0,0
1743619616.001532,600855,21068467,0,nscratch,nscratch-ffffa03b0426b000,0,0,10355247390040,905049378378,0,0,98179,0,0,0,0,0,0,0,0,0,0,0,0,0,0,0,0,0,0,0,0,0,0,0,0,60771,0,0,0
1743619616.001647,600855,21068467,0,pscratch,pscratch-ffffa03b0861a000,0,0,219402878101,374678341559,0,0,30987,0,0,0,0,0,0,0,0,0,0,0,0,0,0,0,0,0,0,0,0,0,0,0,0,14968,0,0,0
1743619617.002166,600855,21068467,0,nscratch,nscratch-ffffa03b0426b000,0,0,10355247390040,905049378378,0,0,98179,0,0,0,0,0,0,0,0,0,0,0,0,0,0,0,0,0,0,0,0,0,0,0,0,60771,0,0,0
1743619617.002279,600855,21068467,0,pscratch,pscratch-ffffa03b0861a000,0,0,219402878101,374678341559,0,0,30987,0,0,0,0,0,0,0,0,0,0,0,0,0,0,0,0,0,0,0,0,0,0,0,0,14968,0,0,0
1743619618.001646,600855,21068467,0,nscratch,nscratch-ffffa03b0426b000,0,0,10355247390040,905049378378,0,0,98179,0,0,0,0,0,0,0,0,0,0,0,0,0,0,0,0,0,0,0,0,0,0,0,0,60771,0,0,0
1743619618.001757,600855,21068467,0,pscratch,pscratch-ffffa03b0861a000,0,0,219402878101,374678341559,0,0,30987,0,0,0,0,0,0,0,0,0,0,0,0,0,0,0,0,0,0,0,0,0,0,0,0,14968,0,0,0
1743619619.001915,600855,21068467,0,nscratch,nscratch-ffffa03b0426b000,0,0,10355247390040,905049378378,0,0,98179,0,0,0,0,0,0,0,0,0,0,0,0,0,0,0,0,0,0,0,0,0,0,0,0,60771,0,0,0
1743619619.002027,600855,21068467,0,pscratch,pscratch-ffffa03b0861a000,0,0,219402878101,374678341559,0,0,30987,0,0,0,0,0,0,0,0,0,0,0,0,0,0,0,0,0,0,0,0,0,0,0,0,14968,0,0,0
1743619620.001542,600855,21068467,0,nscratch,nscratch-ffffa03b0426b000,0,0,10355247390040,905049378378,0,0,98179,0,0,0,0,0,0,0,0,0,0,0,0,0,0,0,0,0,0,0,0,0,0,0,0,60771,0,0,0
1743619620.001660,600855,21068467,0,pscratch,pscratch-ffffa03b0861a000,0,0,219402878101,374678341559,0,0,30987,0,0,0,0,0,0,0,0,0,0,0,0,0,0,0,0,0,0,0,0,0,0,0,0,14968,0,0,0
1743619621.002036,600855,21068467,0,nscratch,nscratch-ffffa03b0426b000,0,0,10355247390040,905049378378,0,0,98179,0,0,0,0,0,0,0,0,0,0,0,0,0,0,0,0,0,0,0,0,0,0,0,0,60771,0,0,0
1743619621.002149,600855,21068467,0,pscratch,pscratch-ffffa03b0861a000,0,0,219402878101,374678341559,0,0,30987,0,0,0,0,0,0,0,0,0,0,0,0,0,0,0,0,0,0,0,0,0,0,0,0,14968,0,0,0
1743619622.001309,600855,21068467,0,nscratch,nscratch-ffffa03b0426b000,0,0,10355247390040,905049378378,0,0,98179,0,0,0,0,0,0,0,0,0,0,0,0,0,0,0,0,0,0,0,0,0,0,0,0,60771,0,0,0
1743619622.001417,600855,21068467,0,pscratch,pscratch-ffffa03b0861a000,0,0,219402878101,374678341559,0,0,30987,0,0,0,0,0,0,0,0,0,0,0,0,0,0,0,0,0,0,0,0,0,0,0,0,14968,0,0,0
1743619623.001949,600855,21068467,0,nscratch,nscratch-ffffa03b0426b000,0,0,10355247390040,905049378378,0,0,98179,0,0,0,0,0,0,0,0,0,0,0,0,0,0,0,0,0,0,0,0,0,0,0,0,60771,0,0,0
1743619623.002061,600855,21068467,0,pscratch,pscratch-ffffa03b0861a000,0,0,219402878101,374678341559,0,0,30987,0,0,0,0,0,0,0,0,0,0,0,0,0,0,0,0,0,0,0,0,0,0,0,0,14968,0,0,0
1743619624.001420,600855,21068467,0,nscratch,nscratch-ffffa03b0426b000,0,0,10355247390040,905049378378,0,0,98179,0,0,0,0,0,0,0,0,0,0,0,0,0,0,0,0,0,0,0,0,0,0,0,0,60771,0,0,0
1743619624.001528,600855,21068467,0,pscratch,pscratch-ffffa03b0861a000,0,0,219402878101,374678341559,0,0,30987,0,0,0,0,0,0,0,0,0,0,0,0,0,0,0,0,0,0,0,0,0,0,0,0,14968,0,0,0
1743619625.001705,600855,21068467,0,nscratch,nscratch-ffffa03b0426b000,0,0,10355247390040,905049378378,0,0,98179,0,0,0,0,0,0,0,0,0,0,0,0,0,0,0,0,0,0,0,0,0,0,0,0,60771,0,0,0
1743619625.001816,600855,21068467,0,pscratch,pscratch-ffffa03b0861a000,0,0,219402878101,374678341559,0,0,30987,0,0,0,0,0,0,0,0,0,0,0,0,0,0,0,0,0,0,0,0,0,0,0,0,14968,0,0,0
1743619626.001333,600855,21068467,0,nscratch,nscratch-ffffa03b0426b000,0,0,10355247390040,905049378378,0,0,98179,0,0,0,0,0,0,0,0,0,0,0,0,0,0,0,0,0,0,0,0,0,0,0,0,60771,0,0,0
1743619626.001442,600855,21068467,0,pscratch,pscratch-ffffa03b0861a000,0,0,219402878101,374678341559,0,0,30987,0,0,0,0,0,0,0,0,0,0,0,0,0,0,0,0,0,0,0,0,0,0,0,0,14968,0,0,0
1743619627.001827,600855,21068467,0,nscratch,nscratch-ffffa03b0426b000,0,0,10355247390040,905049378378,0,0,98179,0,0,0,0,0,0,0,0,0,0,0,0,0,0,0,0,0,0,0,0,0,0,0,0,60771,0,0,0
1743619627.001937,600855,21068467,0,pscratch,pscratch-ffffa03b0861a000,0,0,219402878101,374678341559,0,0,30987,0,0,0,0,0,0,0,0,0,0,0,0,0,0,0,0,0,0,0,0,0,0,0,0,14968,0,0,0
1743619628.002097,600855,21068467,0,nscratch,nscratch-ffffa03b0426b000,0,0,10355247390040,905049378378,0,0,98179,0,0,0,0,0,0,0,0,0,0,0,0,0,0,0,0,0,0,0,0,0,0,0,0,60771,0,0,0
1743619628.002208,600855,21068467,0,pscratch,pscratch-ffffa03b0861a000,0,0,219402878101,374678341559,0,0,30987,0,0,0,0,0,0,0,0,0,0,0,0,0,0,0,0,0,0,0,0,0,0,0,0,14968,0,0,0
1743619629.001736,600855,21068467,0,nscratch,nscratch-ffffa03b0426b000,0,0,10355247390040,905049378378,0,0,98179,0,0,0,0,0,0,0,0,0,0,0,0,0,0,0,0,0,0,0,0,0,0,0,0,60771,0,0,0
1743619629.002095,600855,21068467,0,pscratch,pscratch-ffffa03b0861a000,0,0,219402878101,374678341559,0,0,30987,0,0,0,0,0,0,0,0,0,0,0,0,0,0,0,0,0,0,0,0,0,0,0,0,14968,0,0,0
1743619630.001465,600855,21068467,0,nscratch,nscratch-ffffa03b0426b000,0,0,10355247390040,905049378378,0,0,98179,0,0,0,0,0,0,0,0,0,0,0,0,0,0,0,0,0,0,0,0,0,0,0,0,60771,0,0,0
1743619630.001573,600855,21068467,0,pscratch,pscratch-ffffa03b0861a000,0,0,219402878101,374678341559,0,0,30987,0,0,0,0,0,0,0,0,0,0,0,0,0,0,0,0,0,0,0,0,0,0,0,0,14968,0,0,0
1743619631.001739,600855,21068467,0,nscratch,nscratch-ffffa03b0426b000,0,0,10355247390040,905049378378,0,0,98179,0,0,0,0,0,0,0,0,0,0,0,0,0,0,0,0,0,0,0,0,0,0,0,0,60771,0,0,0
1743619631.001848,600855,21068467,0,pscratch,pscratch-ffffa03b0861a000,0,0,219402878101,374678341559,0,0,30987,0,0,0,0,0,0,0,0,0,0,0,0,0,0,0,0,0,0,0,0,0,0,0,0,14968,0,0,0
1743619632.001361,600855,21068467,0,nscratch,nscratch-ffffa03b0426b000,0,0,10355247390040,905049378378,0,0,98179,0,0,0,0,0,0,0,0,0,0,0,0,0,0,0,0,0,0,0,0,0,0,0,0,60771,0,0,0
1743619632.001471,600855,21068467,0,pscratch,pscratch-ffffa03b0861a000,0,0,219402878101,374678341559,0,0,30987,0,0,0,0,0,0,0,0,0,0,0,0,0,0,0,0,0,0,0,0,0,0,0,0,14968,0,0,0
1743619633.001839,600855,21068467,0,nscratch,nscratch-ffffa03b0426b000,0,0,10355247390040,905049378378,0,0,98179,0,0,0,0,0,0,0,0,0,0,0,0,0,0,0,0,0,0,0,0,0,0,0,0,60771,0,0,0
1743619633.001950,600855,21068467,0,pscratch,pscratch-ffffa03b0861a000,0,0,219402878101,374678341559,0,0,30987,0,0,0,0,0,0,0,0,0,0,0,0,0,0,0,0,0,0,0,0,0,0,0,0,14968,0,0,0
1743619634.002106,600855,21068467,0,nscratch,nscratch-ffffa03b0426b000,0,0,10355247390040,905049378378,0,0,98179,0,0,0,0,0,0,0,0,0,0,0,0,0,0,0,0,0,0,0,0,0,0,0,0,60771,0,0,0
1743619634.002216,600855,21068467,0,pscratch,pscratch-ffffa03b0861a000,0,0,219402878101,374678341559,0,0,30987,0,0,0,0,0,0,0,0,0,0,0,0,0,0,0,0,0,0,0,0,0,0,0,0,14968,0,0,0
1743619635.001746,600855,21068467,0,nscratch,nscratch-ffffa03b0426b000,0,0,10355247390040,905049378378,0,0,98179,0,0,0,0,0,0,0,0,0,0,0,0,0,0,0,0,0,0,0,0,0,0,0,0,60771,0,0,0
1743619635.001864,600855,21068467,0,pscratch,pscratch-ffffa03b0861a000,0,0,219402878101,374678341559,0,0,30987,0,0,0,0,0,0,0,0,0,0,0,0,0,0,0,0,0,0,0,0,0,0,0,0,14968,0,0,0
1743619636.002242,600855,21068467,0,nscratch,nscratch-ffffa03b0426b000,0,0,10355247390040,905049378378,0,0,98179,0,0,0,0,0,0,0,0,0,0,0,0,0,0,0,0,0,0,0,0,0,0,0,0,60771,0,0,0
1743619636.002353,600855,21068467,0,pscratch,pscratch-ffffa03b0861a000,0,0,219402878101,374678341559,0,0,30987,0,0,0,0,0,0,0,0,0,0,0,0,0,0,0,0,0,0,0,0,0,0,0,0,14968,0,0,0
1743619637.001513,600855,21068467,0,nscratch,nscratch-ffffa03b0426b000,0,0,10355247390040,905049378378,0,0,98179,0,0,0,0,0,0,0,0,0,0,0,0,0,0,0,0,0,0,0,0,0,0,0,0,60771,0,0,0
1743619637.001628,600855,21068467,0,pscratch,pscratch-ffffa03b0861a000,0,0,219402878101,374678341559,0,0,30987,0,0,0,0,0,0,0,0,0,0,0,0,0,0,0,0,0,0,0,0,0,0,0,0,14968,0,0,0
1743619638.002145,600855,21068467,0,nscratch,nscratch-ffffa03b0426b000,0,0,10355247390040,905049378378,0,0,98179,0,0,0,0,0,0,0,0,0,0,0,0,0,0,0,0,0,0,0,0,0,0,0,0,60771,0,0,0
1743619638.002256,600855,21068467,0,pscratch,pscratch-ffffa03b0861a000,0,0,219402878101,374678341559,0,0,30987,0,0,0,0,0,0,0,0,0,0,0,0,0,0,0,0,0,0,0,0,0,0,0,0,14968,0,0,0
1743619639.001612,600855,21068467,0,nscratch,nscratch-ffffa03b0426b000,0,0,10355247390040,905049378378,0,0,98179,0,0,0,0,0,0,0,0,0,0,0,0,0,0,0,0,0,0,0,0,0,0,0,0,60771,0,0,0
1743619639.001729,600855,21068467,0,pscratch,pscratch-ffffa03b0861a000,0,0,219402878101,374678341559,0,0,30987,0,0,0,0,0,0,0,0,0,0,0,0,0,0,0,0,0,0,0,0,0,0,0,0,14968,0,0,0
1743619640.001904,600855,21068467,0,nscratch,nscratch-ffffa03b0426b000,0,0,10355247390040,905049378378,0,0,98179,0,0,0,0,0,0,0,0,0,0,0,0,0,0,0,0,0,0,0,0,0,0,0,0,60771,0,0,0
1743619640.002016,600855,21068467,0,pscratch,pscratch-ffffa03b0861a000,0,0,219402878101,374678341559,0,0,30987,0,0,0,0,0,0,0,0,0,0,0,0,0,0,0,0,0,0,0,0,0,0,0,0,14968,0,0,0
1743619641.001551,600855,21068467,0,nscratch,nscratch-ffffa03b0426b000,0,0,10355247390040,905049378378,0,0,98179,0,0,0,0,0,0,0,0,0,0,0,0,0,0,0,0,0,0,0,0,0,0,0,0,60771,0,0,0
1743619641.001669,600855,21068467,0,pscratch,pscratch-ffffa03b0861a000,0,0,219402878101,374678341559,0,0,30987,0,0,0,0,0,0,0,0,0,0,0,0,0,0,0,0,0,0,0,0,0,0,0,0,14968,0,0,0
1743619642.002040,600855,21068467,0,nscratch,nscratch-ffffa03b0426b000,0,0,10355247390040,905049378378,0,0,98179,0,0,0,0,0,0,0,0,0,0,0,0,0,0,0,0,0,0,0,0,0,0,0,0,60771,0,0,0
1743619642.002148,600855,21068467,0,pscratch,pscratch-ffffa03b0861a000,0,0,219402878101,374678341559,0,0,30987,0,0,0,0,0,0,0,0,0,0,0,0,0,0,0,0,0,0,0,0,0,0,0,0,14968,0,0,0
1743619643.001300,600855,21068467,0,nscratch,nscratch-ffffa03b0426b000,0,0,10355247390040,905049378378,0,0,98179,0,0,0,0,0,0,0,0,0,0,0,0,0,0,0,0,0,0,0,0,0,0,0,0,60771,0,0,0
1743619643.001408,600855,21068467,0,pscratch,pscratch-ffffa03b0861a000,0,0,219402878101,374678341559,0,0,30987,0,0,0,0,0,0,0,0,0,0,0,0,0,0,0,0,0,0,0,0,0,0,0,0,14968,0,0,0
1743619644.001930,600855,21068467,0,nscratch,nscratch-ffffa03b0426b000,0,0,10355247390040,905049378378,0,0,98179,0,0,0,0,0,0,0,0,0,0,0,0,0,0,0,0,0,0,0,0,0,0,0,0,60771,0,0,0
1743619644.002041,600855,21068467,0,pscratch,pscratch-ffffa03b0861a000,0,0,219402878101,374678341559,0,0,30987,0,0,0,0,0,0,0,0,0,0,0,0,0,0,0,0,0,0,0,0,0,0,0,0,14968,0,0,0
1743619645.001404,600855,21068467,0,nscratch,nscratch-ffffa03b0426b000,0,0,10355247390040,905049378378,0,0,98179,0,0,0,0,0,0,0,0,0,0,0,0,0,0,0,0,0,0,0,0,0,0,0,0,60771,0,0,0
1743619645.001512,600855,21068467,0,pscratch,pscratch-ffffa03b0861a000,0,0,219402878101,374678341559,0,0,30987,0,0,0,0,0,0,0,0,0,0,0,0,0,0,0,0,0,0,0,0,0,0,0,0,14968,0,0,0
1743619646.001682,600855,21068467,0,nscratch,nscratch-ffffa03b0426b000,0,0,10355247390040,905049378378,0,0,98179,0,0,0,0,0,0,0,0,0,0,0,0,0,0,0,0,0,0,0,0,0,0,0,0,60771,0,0,0
1743619646.001794,600855,21068467,0,pscratch,pscratch-ffffa03b0861a000,0,0,219402878101,374678341559,0,0,30987,0,0,0,0,0,0,0,0,0,0,0,0,0,0,0,0,0,0,0,0,0,0,0,0,14968,0,0,0
1743619647.002312,600855,21068467,0,nscratch,nscratch-ffffa03b0426b000,0,0,10355247390040,905049378378,0,0,98179,0,0,0,0,0,0,0,0,0,0,0,0,0,0,0,0,0,0,0,0,0,0,0,0,60771,0,0,0
1743619647.002421,600855,21068467,0,pscratch,pscratch-ffffa03b0861a000,0,0,219402878101,374678341559,0,0,30987,0,0,0,0,0,0,0,0,0,0,0,0,0,0,0,0,0,0,0,0,0,0,0,0,14968,0,0,0
1743619648.001782,600855,21068467,0,nscratch,nscratch-ffffa03b0426b000,0,0,10355247390040,905049378378,0,0,98179,0,0,0,0,0,0,0,0,0,0,0,0,0,0,0,0,0,0,0,0,0,0,0,0,60771,0,0,0
1743619648.001897,600855,21068467,0,pscratch,pscratch-ffffa03b0861a000,0,0,219402878101,374678341559,0,0,30987,0,0,0,0,0,0,0,0,0,0,0,0,0,0,0,0,0,0,0,0,0,0,0,0,14968,0,0,0
1743619649.002057,600855,21068467,0,nscratch,nscratch-ffffa03b0426b000,0,0,10355247390040,905049378378,0,0,98179,0,0,0,0,0,0,0,0,0,0,0,0,0,0,0,0,0,0,0,0,0,0,0,0,60771,0,0,0
1743619649.002169,600855,21068467,0,pscratch,pscratch-ffffa03b0861a000,0,0,219402878101,374678341559,0,0,30987,0,0,0,0,0,0,0,0,0,0,0,0,0,0,0,0,0,0,0,0,0,0,0,0,14968,0,0,0
1743619650.001692,600855,21068467,0,nscratch,nscratch-ffffa03b0426b000,0,0,10355247390040,905049378378,0,0,98179,0,0,0,0,0,0,0,0,0,0,0,0,0,0,0,0,0,0,0,0,0,0,0,0,60771,0,0,0
1743619650.001801,600855,21068467,0,pscratch,pscratch-ffffa03b0861a000,0,0,219402878101,374678341559,0,0,30987,0,0,0,0,0,0,0,0,0,0,0,0,0,0,0,0,0,0,0,0,0,0,0,0,14968,0,0,0
1743619651.002167,600855,21068467,0,nscratch,nscratch-ffffa03b0426b000,0,0,10355247390040,905049378378,0,0,98179,0,0,0,0,0,0,0,0,0,0,0,0,0,0,0,0,0,0,0,0,0,0,0,0,60771,0,0,0
1743619651.002279,600855,21068467,0,pscratch,pscratch-ffffa03b0861a000,0,0,219402878101,374678341559,0,0,30987,0,0,0,0,0,0,0,0,0,0,0,0,0,0,0,0,0,0,0,0,0,0,0,0,14968,0,0,0
1743619652.001442,600855,21068467,0,nscratch,nscratch-ffffa03b0426b000,0,0,10355247390040,905049378378,0,0,98179,0,0,0,0,0,0,0,0,0,0,0,0,0,0,0,0,0,0,0,0,0,0,0,0,60771,0,0,0
1743619652.001551,600855,21068467,0,pscratch,pscratch-ffffa03b0861a000,0,0,219402878101,374678341559,0,0,30987,0,0,0,0,0,0,0,0,0,0,0,0,0,0,0,0,0,0,0,0,0,0,0,0,14968,0,0,0
1743619653.002074,600855,21068467,0,nscratch,nscratch-ffffa03b0426b000,0,0,10355247390040,905049378378,0,0,98179,0,0,0,0,0,0,0,0,0,0,0,0,0,0,0,0,0,0,0,0,0,0,0,0,60771,0,0,0
1743619653.002185,600855,21068467,0,pscratch,pscratch-ffffa03b0861a000,0,0,219402878101,374678341559,0,0,30987,0,0,0,0,0,0,0,0,0,0,0,0,0,0,0,0,0,0,0,0,0,0,0,0,14968,0,0,0
1743619654.001543,600855,21068467,0,nscratch,nscratch-ffffa03b0426b000,0,0,10355247390040,905049378378,0,0,98179,0,0,0,0,0,0,0,0,0,0,0,0,0,0,0,0,0,0,0,0,0,0,0,0,60771,0,0,0
1743619654.001660,600855,21068467,0,pscratch,pscratch-ffffa03b0861a000,0,0,219402878101,374678341559,0,0,30987,0,0,0,0,0,0,0,0,0,0,0,0,0,0,0,0,0,0,0,0,0,0,0,0,14968,0,0,0
1743619655.001826,600855,21068467,0,nscratch,nscratch-ffffa03b0426b000,0,0,10355247390040,905049378378,0,0,98179,0,0,0,0,0,0,0,0,0,0,0,0,0,0,0,0,0,0,0,0,0,0,0,0,60771,0,0,0
1743619655.001936,600855,21068467,0,pscratch,pscratch-ffffa03b0861a000,0,0,219402878101,374678341559,0,0,30987,0,0,0,0,0,0,0,0,0,0,0,0,0,0,0,0,0,0,0,0,0,0,0,0,14968,0,0,0
1743619656.001454,600855,21068467,0,nscratch,nscratch-ffffa03b0426b000,0,0,10355247390040,905049378378,0,0,98179,0,0,0,0,0,0,0,0,0,0,0,0,0,0,0,0,0,0,0,0,0,0,0,0,60771,0,0,0
1743619656.001565,600855,21068467,0,pscratch,pscratch-ffffa03b0861a000,0,0,219402878101,374678341559,0,0,30987,0,0,0,0,0,0,0,0,0,0,0,0,0,0,0,0,0,0,0,0,0,0,0,0,14968,0,0,0
1743619657.001942,600855,21068467,0,nscratch,nscratch-ffffa03b0426b000,0,0,10355247390040,905049378378,0,0,98179,0,0,0,0,0,0,0,0,0,0,0,0,0,0,0,0,0,0,0,0,0,0,0,0,60771,0,0,0
1743619657.002053,600855,21068467,0,pscratch,pscratch-ffffa03b0861a000,0,0,219402878101,374678341559,0,0,30987,0,0,0,0,0,0,0,0,0,0,0,0,0,0,0,0,0,0,0,0,0,0,0,0,14968,0,0,0
1743619658.001207,600855,21068467,0,nscratch,nscratch-ffffa03b0426b000,0,0,10355247390040,905049378378,0,0,98179,0,0,0,0,0,0,0,0,0,0,0,0,0,0,0,0,0,0,0,0,0,0,0,0,60771,0,0,0
1743619658.001315,600855,21068467,0,pscratch,pscratch-ffffa03b0861a000,0,0,219402878101,374678341559,0,0,30987,0,0,0,0,0,0,0,0,0,0,0,0,0,0,0,0,0,0,0,0,0,0,0,0,14968,0,0,0
1743619659.001841,600855,21068467,0,nscratch,nscratch-ffffa03b0426b000,0,0,10355247390040,905049378378,0,0,98179,0,0,0,0,0,0,0,0,0,0,0,0,0,0,0,0,0,0,0,0,0,0,0,0,60771,0,0,0
1743619659.001953,600855,21068467,0,pscratch,pscratch-ffffa03b0861a000,0,0,219402878101,374678341559,0,0,30987,0,0,0,0,0,0,0,0,0,0,0,0,0,0,0,0,0,0,0,0,0,0,0,0,14968,0,0,0
1743619660.002328,600855,21068467,0,nscratch,nscratch-ffffa03b0426b000,0,0,10355247390040,905049378378,0,0,98179,0,0,0,0,0,0,0,0,0,0,0,0,0,0,0,0,0,0,0,0,0,0,0,0,60771,0,0,0
1743619660.002438,600855,21068467,0,pscratch,pscratch-ffffa03b0861a000,0,0,219402878101,374678341559,0,0,30987,0,0,0,0,0,0,0,0,0,0,0,0,0,0,0,0,0,0,0,0,0,0,0,0,14968,0,0,0
1743619661.001616,600855,21068467,0,nscratch,nscratch-ffffa03b0426b000,0,0,10355247390040,905049378378,0,0,98179,0,0,0,0,0,0,0,0,0,0,0,0,0,0,0,0,0,0,0,0,0,0,0,0,60771,0,0,0
1743619661.001732,600855,21068467,0,pscratch,pscratch-ffffa03b0861a000,0,0,219402878101,374678341559,0,0,30987,0,0,0,0,0,0,0,0,0,0,0,0,0,0,0,0,0,0,0,0,0,0,0,0,14968,0,0,0
1743619662.002253,600855,21068467,0,nscratch,nscratch-ffffa03b0426b000,0,0,10355247390040,905049378378,0,0,98179,0,0,0,0,0,0,0,0,0,0,0,0,0,0,0,0,0,0,0,0,0,0,0,0,60771,0,0,0
1743619662.002365,600855,21068467,0,pscratch,pscratch-ffffa03b0861a000,0,0,219402878101,374678341559,0,0,30987,0,0,0,0,0,0,0,0,0,0,0,0,0,0,0,0,0,0,0,0,0,0,0,0,14968,0,0,0
1743619663.001735,600855,21068467,0,nscratch,nscratch-ffffa03b0426b000,0,0,10355247390040,905049378378,0,0,98179,0,0,0,0,0,0,0,0,0,0,0,0,0,0,0,0,0,0,0,0,0,0,0,0,60771,0,0,0
1743619663.001846,600855,21068467,0,pscratch,pscratch-ffffa03b0861a000,0,0,219402878101,374678341559,0,0,30987,0,0,0,0,0,0,0,0,0,0,0,0,0,0,0,0,0,0,0,0,0,0,0,0,14968,0,0,0
1743619664.002008,600855,21068467,0,nscratch,nscratch-ffffa03b0426b000,0,0,10355247390040,905049378378,0,0,98179,0,0,0,0,0,0,0,0,0,0,0,0,0,0,0,0,0,0,0,0,0,0,0,0,60771,0,0,0
1743619664.002120,600855,21068467,0,pscratch,pscratch-ffffa03b0861a000,0,0,219402878101,374678341559,0,0,30987,0,0,0,0,0,0,0,0,0,0,0,0,0,0,0,0,0,0,0,0,0,0,0,0,14968,0,0,0
1743619665.001651,600855,21068467,0,nscratch,nscratch-ffffa03b0426b000,0,0,10355247390040,905049378378,0,0,98179,0,0,0,0,0,0,0,0,0,0,0,0,0,0,0,0,0,0,0,0,0,0,0,0,60771,0,0,0
1743619665.001765,600855,21068467,0,pscratch,pscratch-ffffa03b0861a000,0,0,219402878101,374678341559,0,0,30987,0,0,0,0,0,0,0,0,0,0,0,0,0,0,0,0,0,0,0,0,0,0,0,0,14968,0,0,0
1743619666.002138,600855,21068467,0,nscratch,nscratch-ffffa03b0426b000,0,0,10355247390040,905049378378,0,0,98179,0,0,0,0,0,0,0,0,0,0,0,0,0,0,0,0,0,0,0,0,0,0,0,0,60771,0,0,0
1743619666.002250,600855,21068467,0,pscratch,pscratch-ffffa03b0861a000,0,0,219402878101,374678341559,0,0,30987,0,0,0,0,0,0,0,0,0,0,0,0,0,0,0,0,0,0,0,0,0,0,0,0,14968,0,0,0
1743619667.001414,600855,21068467,0,nscratch,nscratch-ffffa03b0426b000,0,0,10355247390040,905049378378,0,0,98179,0,0,0,0,0,0,0,0,0,0,0,0,0,0,0,0,0,0,0,0,0,0,0,0,60771,0,0,0
1743619667.001524,600855,21068467,0,pscratch,pscratch-ffffa03b0861a000,0,0,219402878101,374678341559,0,0,30987,0,0,0,0,0,0,0,0,0,0,0,0,0,0,0,0,0,0,0,0,0,0,0,0,14968,0,0,0
1743619668.002059,600855,21068467,0,nscratch,nscratch-ffffa03b0426b000,0,0,10355247390040,905049378378,0,0,98179,0,0,0,0,0,0,0,0,0,0,0,0,0,0,0,0,0,0,0,0,0,0,0,0,60771,0,0,0
1743619668.002171,600855,21068467,0,pscratch,pscratch-ffffa03b0861a000,0,0,219402878101,374678341559,0,0,30987,0,0,0,0,0,0,0,0,0,0,0,0,0,0,0,0,0,0,0,0,0,0,0,0,14968,0,0,0
1743619669.001532,600855,21068467,0,nscratch,nscratch-ffffa03b0426b000,0,0,10355247390040,905049378378,0,0,98179,0,0,0,0,0,0,0,0,0,0,0,0,0,0,0,0,0,0,0,0,0,0,0,0,60771,0,0,0
1743619669.001648,600855,21068467,0,pscratch,pscratch-ffffa03b0861a000,0,0,219402878101,374678341559,0,0,30987,0,0,0,0,0,0,0,0,0,0,0,0,0,0,0,0,0,0,0,0,0,0,0,0,14968,0,0,0
1743619670.001841,600855,21068467,0,nscratch,nscratch-ffffa03b0426b000,0,0,10355247390040,905049378378,0,0,98179,0,0,0,0,0,0,0,0,0,0,0,0,0,0,0,0,0,0,0,0,0,0,0,0,60771,0,0,0
1743619670.001951,600855,21068467,0,pscratch,pscratch-ffffa03b0861a000,0,0,219402878101,374678341559,0,0,30987,0,0,0,0,0,0,0,0,0,0,0,0,0,0,0,0,0,0,0,0,0,0,0,0,14968,0,0,0
1743619671.001475,600855,21068467,0,nscratch,nscratch-ffffa03b0426b000,0,0,10355247390040,905049378378,0,0,98179,0,0,0,0,0,0,0,0,0,0,0,0,0,0,0,0,0,0,0,0,0,0,0,0,60771,0,0,0
1743619671.001584,600855,21068467,0,pscratch,pscratch-ffffa03b0861a000,0,0,219402878101,374678341559,0,0,30987,0,0,0,0,0,0,0,0,0,0,0,0,0,0,0,0,0,0,0,0,0,0,0,0,14968,0,0,0
1743619672.001958,600855,21068467,0,nscratch,nscratch-ffffa03b0426b000,0,0,10355247390040,905049378378,0,0,98179,0,0,0,0,0,0,0,0,0,0,0,0,0,0,0,0,0,0,0,0,0,0,0,0,60771,0,0,0
1743619672.002068,600855,21068467,0,pscratch,pscratch-ffffa03b0861a000,0,0,219402878101,374678341559,0,0,30987,0,0,0,0,0,0,0,0,0,0,0,0,0,0,0,0,0,0,0,0,0,0,0,0,14968,0,0,0
1743619673.001225,600855,21068467,0,nscratch,nscratch-ffffa03b0426b000,0,0,10355247390040,905049378378,0,0,98179,0,0,0,0,0,0,0,0,0,0,0,0,0,0,0,0,0,0,0,0,0,0,0,0,60771,0,0,0
1743619673.001332,600855,21068467,0,pscratch,pscratch-ffffa03b0861a000,0,0,219402878101,374678341559,0,0,30987,0,0,0,0,0,0,0,0,0,0,0,0,0,0,0,0,0,0,0,0,0,0,0,0,14968,0,0,0
1743619674.001850,600855,21068467,0,nscratch,nscratch-ffffa03b0426b000,0,0,10355247390040,905049378378,0,0,98179,0,0,0,0,0,0,0,0,0,0,0,0,0,0,0,0,0,0,0,0,0,0,0,0,60771,0,0,0
1743619674.001961,600855,21068467,0,pscratch,pscratch-ffffa03b0861a000,0,0,219402878101,374678341559,0,0,30987,0,0,0,0,0,0,0,0,0,0,0,0,0,0,0,0,0,0,0,0,0,0,0,0,14968,0,0,0
1743619675.002331,600855,21068467,0,nscratch,nscratch-ffffa03b0426b000,0,0,10355247390040,905049378378,0,0,98179,0,0,0,0,0,0,0,0,0,0,0,0,0,0,0,0,0,0,0,0,0,0,0,0,60771,0,0,0
1743619675.002440,600855,21068467,0,pscratch,pscratch-ffffa03b0861a000,0,0,219402878101,374678341559,0,0,30987,0,0,0,0,0,0,0,0,0,0,0,0,0,0,0,0,0,0,0,0,0,0,0,0,14968,0,0,0
1743619676.001602,600855,21068467,0,nscratch,nscratch-ffffa03b0426b000,0,0,10355247390040,905049378378,0,0,98179,0,0,0,0,0,0,0,0,0,0,0,0,0,0,0,0,0,0,0,0,0,0,0,0,60771,0,0,0
1743619676.001720,600855,21068467,0,pscratch,pscratch-ffffa03b0861a000,0,0,219402878101,374678341559,0,0,30987,0,0,0,0,0,0,0,0,0,0,0,0,0,0,0,0,0,0,0,0,0,0,0,0,14968,0,0,0
1743619677.002241,600855,21068467,0,nscratch,nscratch-ffffa03b0426b000,0,0,10355247390040,905049378378,0,0,98179,0,0,0,0,0,0,0,0,0,0,0,0,0,0,0,0,0,0,0,0,0,0,0,0,60771,0,0,0
1743619677.002349,600855,21068467,0,pscratch,pscratch-ffffa03b0861a000,0,0,219402878101,374678341559,0,0,30987,0,0,0,0,0,0,0,0,0,0,0,0,0,0,0,0,0,0,0,0,0,0,0,0,14968,0,0,0
1743619678.001715,600855,21068467,0,nscratch,nscratch-ffffa03b0426b000,0,0,10355247390040,905049378378,0,0,98179,0,0,0,0,0,0,0,0,0,0,0,0,0,0,0,0,0,0,0,0,0,0,0,0,60771,0,0,0
1743619678.001828,600855,21068467,0,pscratch,pscratch-ffffa03b0861a000,0,0,219402878101,374678341559,0,0,30987,0,0,0,0,0,0,0,0,0,0,0,0,0,0,0,0,0,0,0,0,0,0,0,0,14968,0,0,0
1743619679.001983,600855,21068467,0,nscratch,nscratch-ffffa03b0426b000,0,0,10355247390040,905049378378,0,0,98179,0,0,0,0,0,0,0,0,0,0,0,0,0,0,0,0,0,0,0,0,0,0,0,0,60771,0,0,0
1743619679.002091,600855,21068467,0,pscratch,pscratch-ffffa03b0861a000,0,0,219402878101,374678341559,0,0,30987,0,0,0,0,0,0,0,0,0,0,0,0,0,0,0,0,0,0,0,0,0,0,0,0,14968,0,0,0
1743619680.001609,600855,21068467,0,nscratch,nscratch-ffffa03b0426b000,0,0,10355247390040,905049378378,0,0,98179,0,0,0,0,0,0,0,0,0,0,0,0,0,0,0,0,0,0,0,0,0,0,0,0,60771,0,0,0
1743619680.001727,600855,21068467,0,pscratch,pscratch-ffffa03b0861a000,0,0,219402878101,374678341559,0,0,30987,0,0,0,0,0,0,0,0,0,0,0,0,0,0,0,0,0,0,0,0,0,0,0,0,14968,0,0,0
1743619681.002092,600855,21068467,0,nscratch,nscratch-ffffa03b0426b000,0,0,10355247390040,905049378378,0,0,98179,0,0,0,0,0,0,0,0,0,0,0,0,0,0,0,0,0,0,0,0,0,0,0,0,60771,0,0,0
1743619681.002201,600855,21068467,0,pscratch,pscratch-ffffa03b0861a000,0,0,219402878101,374678341559,0,0,30987,0,0,0,0,0,0,0,0,0,0,0,0,0,0,0,0,0,0,0,0,0,0,0,0,14968,0,0,0
1743619682.001361,600855,21068467,0,nscratch,nscratch-ffffa03b0426b000,0,0,10355247390040,905049378378,0,0,98179,0,0,0,0,0,0,0,0,0,0,0,0,0,0,0,0,0,0,0,0,0,0,0,0,60771,0,0,0
1743619682.001469,600855,21068467,0,pscratch,pscratch-ffffa03b0861a000,0,0,219402878101,374678341559,0,0,30987,0,0,0,0,0,0,0,0,0,0,0,0,0,0,0,0,0,0,0,0,0,0,0,0,14968,0,0,0
1743619683.002001,600855,21068467,0,nscratch,nscratch-ffffa03b0426b000,0,0,10355247390040,905049378378,0,0,98179,0,0,0,0,0,0,0,0,0,0,0,0,0,0,0,0,0,0,0,0,0,0,0,0,60771,0,0,0
1743619683.002112,600855,21068467,0,pscratch,pscratch-ffffa03b0861a000,0,0,219402878101,374678341559,0,0,30987,0,0,0,0,0,0,0,0,0,0,0,0,0,0,0,0,0,0,0,0,0,0,0,0,14968,0,0,0
1743619684.001469,600855,21068467,0,nscratch,nscratch-ffffa03b0426b000,0,0,10355247390040,905049378378,0,0,98179,0,0,0,0,0,0,0,0,0,0,0,0,0,0,0,0,0,0,0,0,0,0,0,0,60771,0,0,0
1743619684.001577,600855,21068467,0,pscratch,pscratch-ffffa03b0861a000,0,0,219402878101,374678341559,0,0,30987,0,0,0,0,0,0,0,0,0,0,0,0,0,0,0,0,0,0,0,0,0,0,0,0,14968,0,0,0
1743619685.000822,600855,21068467,0,nscratch,nscratch-ffffa03b0426b000,0,0,10355247390040,905049378378,0,0,98179,0,0,0,0,0,0,0,0,0,0,0,0,0,0,0,0,0,0,0,0,0,0,0,0,60771,0,0,0
1743619685.000940,600855,21068467,0,pscratch,pscratch-ffffa03b0861a000,0,0,219402878101,374678341559,0,0,30987,0,0,0,0,0,0,0,0,0,0,0,0,0,0,0,0,0,0,0,0,0,0,0,0,14968,0,0,0
1743619686.001587,600855,21068467,0,nscratch,nscratch-ffffa03b0426b000,0,0,10355247390040,905049378378,0,0,98179,0,0,0,0,0,0,0,0,0,0,0,0,0,0,0,0,0,0,0,0,0,0,0,0,60771,0,0,0
1743619686.001752,600855,21068467,0,pscratch,pscratch-ffffa03b0861a000,0,0,219402878101,374678341559,0,0,30987,0,0,0,0,0,0,0,0,0,0,0,0,0,0,0,0,0,0,0,0,0,0,0,0,14968,0,0,0
1743619687.002004,600855,21068467,0,nscratch,nscratch-ffffa03b0426b000,0,0,10355247390040,905049378378,0,0,98179,0,0,0,0,0,0,0,0,0,0,0,0,0,0,0,0,0,0,0,0,0,0,0,0,60771,0,0,0
1743619687.002087,600855,21068467,0,pscratch,pscratch-ffffa03b0861a000,0,0,219402878101,374678341559,0,0,30987,0,0,0,0,0,0,0,0,0,0,0,0,0,0,0,0,0,0,0,0,0,0,0,0,14968,0,0,0
1743619688.000806,600855,21068467,0,nscratch,nscratch-ffffa03b0426b000,0,0,10355247390040,905049378378,0,0,98179,0,0,0,0,0,0,0,0,0,0,0,0,0,0,0,0,0,0,0,0,0,0,0,0,60771,0,0,0
1743619688.000908,600855,21068467,0,pscratch,pscratch-ffffa03b0861a000,0,0,219402878101,374678341559,0,0,30987,0,0,0,0,0,0,0,0,0,0,0,0,0,0,0,0,0,0,0,0,0,0,0,0,14968,0,0,0
1743619689.001425,600855,21068467,0,nscratch,nscratch-ffffa03b0426b000,0,0,10355247390040,905049378378,0,0,98179,0,0,0,0,0,0,0,0,0,0,0,0,0,0,0,0,0,0,0,0,0,0,0,0,60771,0,0,0
1743619689.001515,600855,21068467,0,pscratch,pscratch-ffffa03b0861a000,0,0,219402878101,374678341559,0,0,30987,0,0,0,0,0,0,0,0,0,0,0,0,0,0,0,0,0,0,0,0,0,0,0,0,14968,0,0,0
1743619690.002178,600855,21068467,0,nscratch,nscratch-ffffa03b0426b000,0,0,10355247390040,905049378378,0,0,98179,0,0,0,0,0,0,0,0,0,0,0,0,0,0,0,0,0,0,0,0,0,0,0,0,60771,0,0,0
1743619690.002341,600855,21068467,0,pscratch,pscratch-ffffa03b0861a000,0,0,219402878101,374678341559,0,0,30987,0,0,0,0,0,0,0,0,0,0,0,0,0,0,0,0,0,0,0,0,0,0,0,0,14968,0,0,0
