timestamp,component_id,job_id,app_id,fs_name,llite,dirty_pages_hits,dirty_pages_misses,read_bytes.sum,write_bytes.sum,brw_read.sum,brw_write.sum,ioctl,open,close,mmap,page_fault,page_mkwrite,seek,fsync,readdir,setattr,truncate,flock,getattr,create,link,unlink,symlink,mkdir,rmdir,mknod,rename,statfs,alloc_inode,setxattr,getxattr,getxattr_hits,listxattr,removexattr,inode_permission
1743619091.001595,600960,21068468,0,nscratch,nscratch-ffff9808a03be000,0,0,774434370749,15605839116,0,0,23020,0,0,0,0,0,0,0,0,0,0,0,0,0,0,0,0,0,0,0,0,0,0,0,0,179,0,0,0
1743619091.001667,600960,21068468,0,pscratch,pscratch-ffff9808886c4000,0,0,298417305668,668688030543,0,0,11468,0,0,0,0,0,0,0,0,0,0,0,0,0,0,0,0,0,0,0,0,0,0,0,0,1257,0,0,0
1743619092.001900,600960,21068468,0,nscratch,nscratch-ffff9808a03be000,0,0,774434370749,15605839116,0,0,23020,0,0,0,0,0,0,0,0,0,0,0,0,0,0,0,0,0,0,0,0,0,0,0,0,179,0,0,0
1743619092.001987,600960,21068468,0,pscratch,pscratch-ffff9808886c4000,0,0,298417305668,668688030543,0,0,11468,0,0,0,0,0,0,0,0,0,0,0,0,0,0,0,0,0,0,0,0,0,0,0,0,1257,0,0,0
1743619093.002230,600960,21068468,0,nscratch,nscratch-ffff9808a03be000,0,0,774434370749,15605839116,0,0,23020,0,0,0,0,0,0,0,0,0,0,0,0,0,0,0,0,0,0,0,0,0,0,0,0,179,0,0,0
1743619093.002370,600960,21068468,0,pscratch,pscratch-ffff9808886c4000,0,0,298417305668,668688030543,0,0,11468,0,0,0,0,0,0,0,0,0,0,0,0,0,0,0,0,0,0,0,0,0,0,0,0,1257,0,0,0
1743619094.001793,600960,21068468,0,nscratch,nscratch-ffff9808a03be000,0,0,774434370749,15605839116,0,0,23020,0,0,0,0,0,0,0,0,0,0,0,0,0,0,0,0,0,0,0,0,0,0,0,0,179,0,0,0
1743619094.001893,600960,21068468,0,pscratch,pscratch-ffff9808886c4000,0,0,298417305668,668688030543,0,0,11468,0,0,0,0,0,0,0,0,0,0,0,0,0,0,0,0,0,0,0,0,0,0,0,0,1257,0,0,0
1743619095.002243,600960,21068468,0,nscratch,nscratch-ffff9808a03be000,0,0,774434370749,15605839116,0,0,23020,0,0,0,0,0,0,0,0,0,0,0,0,0,0,0,0,0,0,0,0,0,0,0,0,179,0,0,0
1743619095.002355,600960,21068468,0,pscratch,pscratch-ffff9808886c4000,0,0,298417305668,668688030543,0,0,11468,0,0,0,0,0,0,0,0,0,0,0,0,0,0,0,0,0,0,0,0,0,0,0,0,1257,0,0,0
1743619096.001582,600960,21068468,0,nscratch,nscratch-ffff9808a03be000,0,0,774434370749,15605839116,0,0,23020,0,0,0,0,0,0,0,0,0,0,0,0,0,0,0,0,0,0,0,0,0,0,0,0,179,0,0,0
1743619096.001740,600960,21068468,0,pscratch,pscratch-ffff9808886c4000,0,0,298417305668,668688030543,0,0,11468,0,0,0,0,0,0,0,0,0,0,0,0,0,0,0,0,0,0,0,0,0,0,0,0,1257,0,0,0
1743619097.002403,600960,21068468,0,nscratch,nscratch-ffff9808a03be000,0,0,774434370749,15605839116,0,0,23020,0,0,0,0,0,0,0,0,0,0,0,0,0,0,0,0,0,0,0,0,0,0,0,0,179,0,0,0
1743619097.002569,600960,21068468,0,pscratch,pscratch-ffff9808886c4000,0,0,298417305668,668688030543,0,0,11468,0,0,0,0,0,0,0,0,0,0,0,0,0,0,0,0,0,0,0,0,0,0,0,0,1257,0,0,0
1743619098.001456,600960,21068468,0,nscratch,nscratch-ffff9808a03be000,0,0,774434370749,15605839116,0,0,23020,0,0,0,0,0,0,0,0,0,0,0,0,0,0,0,0,0,0,0,0,0,0,0,0,179,0,0,0
1743619098.001617,600960,21068468,0,pscratch,pscratch-ffff9808886c4000,0,0,298417305668,668688030543,0,0,11468,0,0,0,0,0,0,0,0,0,0,0,0,0,0,0,0,0,0,0,0,0,0,0,0,1257,0,0,0
1743619099.001895,600960,21068468,0,nscratch,nscratch-ffff9808a03be000,0,0,774434370749,15605839116,0,0,23020,0,0,0,0,0,0,0,0,0,0,0,0,0,0,0,0,0,0,0,0,0,0,0,0,179,0,0,0
1743619099.002074,600960,21068468,0,pscratch,pscratch-ffff9808886c4000,0,0,298417305668,668688030543,0,0,11468,0,0,0,0,0,0,0,0,0,0,0,0,0,0,0,0,0,0,0,0,0,0,0,0,1257,0,0,0
1743619100.001770,600960,21068468,0,nscratch,nscratch-ffff9808a03be000,0,0,774434370749,15605839116,0,0,23020,0,0,0,0,0,0,0,0,0,0,0,0,0,0,0,0,0,0,0,0,0,0,0,0,179,0,0,0
1743619100.001932,600960,21068468,0,pscratch,pscratch-ffff9808886c4000,0,0,298417305668,668688030543,0,0,11468,0,0,0,0,0,0,0,0,0,0,0,0,0,0,0,0,0,0,0,0,0,0,0,0,1257,0,0,0
1743619101.002467,600960,21068468,0,nscratch,nscratch-ffff9808a03be000,0,0,774434370749,15605839116,0,0,23020,0,0,0,0,0,0,0,0,0,0,0,0,0,0,0,0,0,0,0,0,0,0,0,0,179,0,0,0
1743619101.002627,600960,21068468,0,pscratch,pscratch-ffff9808886c4000,0,0,298417305668,668688030543,0,0,11468,0,0,0,0,0,0,0,0,0,0,0,0,0,0,0,0,0,0,0,0,0,0,0,0,1257,0,0,0
1743619102.001876,600960,21068468,0,nscratch,nscratch-ffff9808a03be000,0,0,774434370749,15605839116,0,0,23020,0,0,0,0,0,0,0,0,0,0,0,0,0,0,0,0,0,0,0,0,0,0,0,0,179,0,0,0
1743619102.002060,600960,21068468,0,pscratch,pscratch-ffff9808886c4000,0,0,298417305668,668688030543,0,0,11468,0,0,0,0,0,0,0,0,0,0,0,0,0,0,0,0,0,0,0,0,0,0,0,0,1257,0,0,0
1743619103.001320,600960,21068468,0,nscratch,nscratch-ffff9808a03be000,0,0,774434370749,15605839116,0,0,23020,0,0,0,0,0,0,0,0,0,0,0,0,0,0,0,0,0,0,0,0,0,0,0,0,179,0,0,0
1743619103.001437,600960,21068468,0,pscratch,pscratch-ffff9808886c4000,0,0,298417305668,668688030543,0,0,11468,0,0,0,0,0,0,0,0,0,0,0,0,0,0,0,0,0,0,0,0,0,0,0,0,1257,0,0,0
1743619104.001831,600960,21068468,0,nscratch,nscratch-ffff9808a03be000,0,0,774434370749,15605839116,0,0,23020,0,0,0,0,0,0,0,0,0,0,0,0,0,0,0,0,0,0,0,0,0,0,0,0,179,0,0,0
1743619104.001974,600960,21068468,0,pscratch,pscratch-ffff9808886c4000,0,0,298417305668,668688030543,0,0,11468,0,0,0,0,0,0,0,0,0,0,0,0,0,0,0,0,0,0,0,0,0,0,0,0,1257,0,0,0
1743619105.002147,600960,21068468,0,nscratch,nscratch-ffff9808a03be000,0,0,774434370749,15605839116,0,0,23020,0,0,0,0,0,0,0,0,0,0,0,0,0,0,0,0,0,0,0,0,0,0,0,0,179,0,0,0
1743619105.002275,600960,21068468,0,pscratch,pscratch-ffff9808886c4000,0,0,298417305668,668688030543,0,0,11468,0,0,0,0,0,0,0,0,0,0,0,0,0,0,0,0,0,0,0,0,0,0,0,0,1257,0,0,0
1743619106.001844,600960,21068468,0,nscratch,nscratch-ffff9808a03be000,0,0,774434370749,15605839116,0,0,23020,0,0,0,0,0,0,0,0,0,0,0,0,0,0,0,0,0,0,0,0,0,0,0,0,179,0,0,0
1743619106.001987,600960,21068468,0,pscratch,pscratch-ffff9808886c4000,0,0,298417305668,668688030543,0,0,11468,0,0,0,0,0,0,0,0,0,0,0,0,0,0,0,0,0,0,0,0,0,0,0,0,1257,0,0,0
1743619107.001376,600960,21068468,0,nscratch,nscratch-ffff9808a03be000,0,0,774434370749,15605839116,0,0,23020,0,0,0,0,0,0,0,0,0,0,0,0,0,0,0,0,0,0,0,0,0,0,0,0,179,0,0,0
1743619107.001513,600960,21068468,0,pscratch,pscratch-ffff9808886c4000,0,0,298417305668,668688030543,0,0,11468,0,0,0,0,0,0,0,0,0,0,0,0,0,0,0,0,0,0,0,0,0,0,0,0,1257,0,0,0
1743619108.001680,600960,21068468,0,nscratch,nscratch-ffff9808a03be000,0,0,774434370749,15605839116,0,0,23020,0,0,0,0,0,0,0,0,0,0,0,0,0,0,0,0,0,0,0,0,0,0,0,0,179,0,0,0
1743619108.001808,600960,21068468,0,pscratch,pscratch-ffff9808886c4000,0,0,298417305668,668688030543,0,0,11468,0,0,0,0,0,0,0,0,0,0,0,0,0,0,0,0,0,0,0,0,0,0,0,0,1257,0,0,0
1743619109.001353,600960,21068468,0,nscratch,nscratch-ffff9808a03be000,0,0,774434370749,15605839116,0,0,23020,0,0,0,0,0,0,0,0,0,0,0,0,0,0,0,0,0,0,0,0,0,0,0,0,179,0,0,0
1743619109.001480,600960,21068468,0,pscratch,pscratch-ffff9808886c4000,0,0,298417305668,668688030543,0,0,11468,0,0,0,0,0,0,0,0,0,0,0,0,0,0,0,0,0,0,0,0,0,0,0,0,1257,0,0,0
1743619110.001981,600960,21068468,0,nscratch,nscratch-ffff9808a03be000,0,0,774434370749,15605839116,0,0,23020,0,0,0,0,0,0,0,0,0,0,0,0,0,0,0,0,0,0,0,0,0,0,0,0,179,0,0,0
1743619110.002087,600960,21068468,0,pscratch,pscratch-ffff9808886c4000,0,0,298417305668,668688030543,0,0,11468,0,0,0,0,0,0,0,0,0,0,0,0,0,0,0,0,0,0,0,0,0,0,0,0,1257,0,0,0
1743619111.001183,600960,21068468,0,nscratch,nscratch-ffff9808a03be000,0,0,774434370749,15605839116,0,0,23020,0,0,0,0,0,0,0,0,0,0,0,0,0,0,0,0,0,0,0,0,0,0,0,0,179,0,0,0
1743619111.001356,600960,21068468,0,pscratch,pscratch-ffff9808886c4000,0,0,298417305668,668688030543,0,0,11468,0,0,0,0,0,0,0,0,0,0,0,0,0,0,0,0,0,0,0,0,0,0,0,0,1257,0,0,0
1743619112.002007,600960,21068468,0,nscratch,nscratch-ffff9808a03be000,0,0,774434370749,15605839116,0,0,23020,0,0,0,0,0,0,0,0,0,0,0,0,0,0,0,0,0,0,0,0,0,0,0,0,179,0,0,0
1743619112.002169,600960,21068468,0,pscratch,pscratch-ffff9808886c4000,0,0,298417305668,668688030543,0,0,11468,0,0,0,0,0,0,0,0,0,0,0,0,0,0,0,0,0,0,0,0,0,0,0,0,1257,0,0,0
1743619113.001654,600960,21068468,0,nscratch,nscratch-ffff9808a03be000,0,0,774434370749,15605839116,0,0,23020,0,0,0,0,0,0,0,0,0,0,0,0,0,0,0,0,0,0,0,0,0,0,0,0,179,0,0,0
1743619113.001815,600960,21068468,0,pscratch,pscratch-ffff9808886c4000,0,0,298417305668,668688030543,0,0,11468,0,0,0,0,0,0,0,0,0,0,0,0,0,0,0,0,0,0,0,0,0,0,0,0,1257,0,0,0
1743619114.002039,600960,21068468,0,nscratch,nscratch-ffff9808a03be000,0,0,774434370749,15605839116,0,0,23020,0,0,0,0,0,0,0,0,0,0,0,0,0,0,0,0,0,0,0,0,0,0,0,0,179,0,0,0
1743619114.002159,600960,21068468,0,pscratch,pscratch-ffff9808886c4000,0,0,298417305668,668688030543,0,0,11468,0,0,0,0,0,0,0,0,0,0,0,0,0,0,0,0,0,0,0,0,0,0,0,0,1257,0,0,0
1743619115.001495,600960,21068468,0,nscratch,nscratch-ffff9808a03be000,0,0,774434370749,15605839116,0,0,23020,0,0,0,0,0,0,0,0,0,0,0,0,0,0,0,0,0,0,0,0,0,0,0,0,179,0,0,0
1743619115.001613,600960,21068468,0,pscratch,pscratch-ffff9808886c4000,0,0,298417305668,668688030543,0,0,11468,0,0,0,0,0,0,0,0,0,0,0,0,0,0,0,0,0,0,0,0,0,0,0,0,1257,0,0,0
1743619116.002135,600960,21068468,0,nscratch,nscratch-ffff9808a03be000,0,0,774434370749,15605839116,0,0,23020,0,0,0,0,0,0,0,0,0,0,0,0,0,0,0,0,0,0,0,0,0,0,0,0,179,0,0,0
1743619116.002310,600960,21068468,0,pscratch,pscratch-ffff9808886c4000,0,0,298417305668,668688030543,0,0,11468,0,0,0,0,0,0,0,0,0,0,0,0,0,0,0,0,0,0,0,0,0,0,0,0,1257,0,0,0
1743619117.001168,600960,21068468,0,nscratch,nscratch-ffff9808a03be000,0,0,774434370749,15605839116,0,0,23020,0,0,0,0,0,0,0,0,0,0,0,0,0,0,0,0,0,0,0,0,0,0,0,0,179,0,0,0
1743619117.001339,600960,21068468,0,pscratch,pscratch-ffff9808886c4000,0,0,298417305668,668688030543,0,0,11468,0,0,0,0,0,0,0,0,0,0,0,0,0,0,0,0,0,0,0,0,0,0,0,0,1257,0,0,0
1743619118.001898,600960,21068468,0,nscratch,nscratch-ffff9808a03be000,0,0,774434370749,15605839116,0,0,23020,0,0,0,0,0,0,0,0,0,0,0,0,0,0,0,0,0,0,0,0,0,0,0,0,179,0,0,0
1743619118.002047,600960,21068468,0,pscratch,pscratch-ffff9808886c4000,0,0,298417305668,668688030543,0,0,11468,0,0,0,0,0,0,0,0,0,0,0,0,0,0,0,0,0,0,0,0,0,0,0,0,1257,0,0,0
1743619119.001449,600960,21068468,0,nscratch,nscratch-ffff9808a03be000,0,0,774434370749,15605839116,0,0,23020,0,0,0,0,0,0,0,0,0,0,0,0,0,0,0,0,0,0,0,0,0,0,0,0,179,0,0,0
1743619119.001619,600960,21068468,0,pscratch,pscratch-ffff9808886c4000,0,0,298417305668,668688030543,0,0,11468,0,0,0,0,0,0,0,0,0,0,0,0,0,0,0,0,0,0,0,0,0,0,0,0,1257,0,0,0
1743619120.001812,600960,21068468,0,nscratch,nscratch-ffff9808a03be000,0,0,774434370749,15605839116,0,0,23020,0,0,0,0,0,0,0,0,0,0,0,0,0,0,0,0,0,0,0,0,0,0,0,0,179,0,0,0
1743619120.001917,600960,21068468,0,pscratch,pscratch-ffff9808886c4000,0,0,298417305668,668688030543,0,0,11468,0,0,0,0,0,0,0,0,0,0,0,0,0,0,0,0,0,0,0,0,0,0,0,0,1257,0,0,0
1743619121.001422,600960,21068468,0,nscratch,nscratch-ffff9808a03be000,0,0,774434370749,15605839116,0,0,23020,0,0,0,0,0,0,0,0,0,0,0,0,0,0,0,0,0,0,0,0,0,0,0,0,179,0,0,0
1743619121.001535,600960,21068468,0,pscratch,pscratch-ffff9808886c4000,0,0,298417305668,668688030543,0,0,11468,0,0,0,0,0,0,0,0,0,0,0,0,0,0,0,0,0,0,0,0,0,0,0,0,1257,0,0,0
1743619122.002289,600960,21068468,0,nscratch,nscratch-ffff9808a03be000,0,0,774434370749,15605839116,0,0,23020,0,0,0,0,0,0,0,0,0,0,0,0,0,0,0,0,0,0,0,0,0,0,0,0,179,0,0,0
1743619122.002453,600960,21068468,0,pscratch,pscratch-ffff9808886c4000,0,0,298417305668,668688030543,0,0,11468,0,0,0,0,0,0,0,0,0,0,0,0,0,0,0,0,0,0,0,0,0,0,0,0,1257,0,0,0
1743619123.001655,600960,21068468,0,nscratch,nscratch-ffff9808a03be000,0,0,774434370749,15605839116,0,0,23020,0,0,0,0,0,0,0,0,0,0,0,0,0,0,0,0,0,0,0,0,0,0,0,0,179,0,0,0
1743619123.001764,600960,21068468,0,pscratch,pscratch-ffff9808886c4000,0,0,298417305668,668688030543,0,0,11468,0,0,0,0,0,0,0,0,0,0,0,0,0,0,0,0,0,0,0,0,0,0,0,0,1257,0,0,0
1743619124.001592,600960,21068468,0,nscratch,nscratch-ffff9808a03be000,0,0,774434370749,15605839116,0,0,23020,0,0,0,0,0,0,0,0,0,0,0,0,0,0,0,0,0,0,0,0,0,0,0,0,179,0,0,0
1743619124.001790,600960,21068468,0,pscratch,pscratch-ffff9808886c4000,0,0,298417305668,668688030543,0,0,11468,0,0,0,0,0,0,0,0,0,0,0,0,0,0,0,0,0,0,0,0,0,0,0,0,1257,0,0,0
1743619125.002242,600960,21068468,0,nscratch,nscratch-ffff9808a03be000,0,0,774434370749,15605839116,0,0,23020,0,0,0,0,0,0,0,0,0,0,0,0,0,0,0,0,0,0,0,0,0,0,0,0,179,0,0,0
1743619125.002356,600960,21068468,0,pscratch,pscratch-ffff9808886c4000,0,0,298417305668,668688030543,0,0,11468,0,0,0,0,0,0,0,0,0,0,0,0,0,0,0,0,0,0,0,0,0,0,0,0,1257,0,0,0
1743619126.001568,600960,21068468,0,nscratch,nscratch-ffff9808a03be000,0,0,774434370749,15605839116,0,0,23020,0,0,0,0,0,0,0,0,0,0,0,0,0,0,0,0,0,0,0,0,0,0,0,0,179,0,0,0
1743619126.001680,600960,21068468,0,pscratch,pscratch-ffff9808886c4000,0,0,298417305668,668688030543,0,0,11468,0,0,0,0,0,0,0,0,0,0,0,0,0,0,0,0,0,0,0,0,0,0,0,0,1257,0,0,0
1743619127.002211,600960,21068468,0,nscratch,nscratch-ffff9808a03be000,0,0,774434370749,15605839116,0,0,23020,0,0,0,0,0,0,0,0,0,0,0,0,0,0,0,0,0,0,0,0,0,0,0,0,179,0,0,0
1743619127.002331,600960,21068468,0,pscratch,pscratch-ffff9808886c4000,0,0,298417305668,668688030543,0,0,11468,0,0,0,0,0,0,0,0,0,0,0,0,0,0,0,0,0,0,0,0,0,0,0,0,1257,0,0,0
1743619128.001761,600960,21068468,0,nscratch,nscratch-ffff9808a03be000,0,0,774434370749,15605839116,0,0,23020,0,0,0,0,0,0,0,0,0,0,0,0,0,0,0,0,0,0,0,0,0,0,0,0,179,0,0,0
1743619128.001882,600960,21068468,0,pscratch,pscratch-ffff9808886c4000,0,0,298417305668,668688030543,0,0,11468,0,0,0,0,0,0,0,0,0,0,0,0,0,0,0,0,0,0,0,0,0,0,0,0,1257,0,0,0
1743619129.002224,600960,21068468,0,nscratch,nscratch-ffff9808a03be000,0,0,774434370749,15605839116,0,0,23020,0,0,0,0,0,0,0,0,0,0,0,0,0,0,0,0,0,0,0,0,0,0,0,0,179,0,0,0
1743619129.002391,600960,21068468,0,pscratch,pscratch-ffff9808886c4000,0,0,298417305668,668688030543,0,0,11468,0,0,0,0,0,0,0,0,0,0,0,0,0,0,0,0,0,0,0,0,0,0,0,0,1257,0,0,0
1743619130.002082,600960,21068468,0,nscratch,nscratch-ffff9808a03be000,0,0,774434370749,15605839116,0,0,23020,0,0,0,0,0,0,0,0,0,0,0,0,0,0,0,0,0,0,0,0,0,0,0,0,179,0,0,0
1743619130.002263,600960,21068468,0,pscratch,pscratch-ffff9808886c4000,0,0,298417305668,668688030543,0,0,11468,0,0,0,0,0,0,0,0,0,0,0,0,0,0,0,0,0,0,0,0,0,0,0,0,1257,0,0,0
1743619131.001777,600960,21068468,0,nscratch,nscratch-ffff9808a03be000,0,0,774434370749,15605839116,0,0,23020,0,0,0,0,0,0,0,0,0,0,0,0,0,0,0,0,0,0,0,0,0,0,0,0,179,0,0,0
1743619131.001971,600960,21068468,0,pscratch,pscratch-ffff9808886c4000,0,0,298417305668,668688030543,0,0,11468,0,0,0,0,0,0,0,0,0,0,0,0,0,0,0,0,0,0,0,0,0,0,0,0,1257,0,0,0
1743619132.002224,600960,21068468,0,nscratch,nscratch-ffff9808a03be000,0,0,774434370749,15605839116,0,0,23020,0,0,0,0,0,0,0,0,0,0,0,0,0,0,0,0,0,0,0,0,0,0,0,0,179,0,0,0
1743619132.002389,600960,21068468,0,pscratch,pscratch-ffff9808886c4000,0,0,298417305668,668688030543,0,0,11468,0,0,0,0,0,0,0,0,0,0,0,0,0,0,0,0,0,0,0,0,0,0,0,0,1257,0,0,0
1743619133.002090,600960,21068468,0,nscratch,nscratch-ffff9808a03be000,0,0,774434370749,15605839116,0,0,23020,0,0,0,0,0,0,0,0,0,0,0,0,0,0,0,0,0,0,0,0,0,0,0,0,179,0,0,0
1743619133.002263,600960,21068468,0,pscratch,pscratch-ffff9808886c4000,0,0,298417305668,668688030543,0,0,11468,0,0,0,0,0,0,0,0,0,0,0,0,0,0,0,0,0,0,0,0,0,0,0,0,1257,0,0,0
1743619134.001778,600960,21068468,0,nscratch,nscratch-ffff9808a03be000,0,0,774434370749,15605839116,0,0,23020,0,0,0,0,0,0,0,0,0,0,0,0,0,0,0,0,0,0,0,0,0,0,0,0,179,0,0,0
1743619134.001953,600960,21068468,0,pscratch,pscratch-ffff9808886c4000,0,0,298417305668,668688030543,0,0,11468,0,0,0,0,0,0,0,0,0,0,0,0,0,0,0,0,0,0,0,0,0,0,0,0,1257,0,0,0
1743619135.002207,600960,21068468,0,nscratch,nscratch-ffff9808a03be000,0,0,774434370749,15605839116,0,0,23020,0,0,0,0,0,0,0,0,0,0,0,0,0,0,0,0,0,0,0,0,0,0,0,0,179,0,0,0
1743619135.002368,600960,21068468,0,pscratch,pscratch-ffff9808886c4000,0,0,298417305668,668688030543,0,0,11468,0,0,0,0,0,0,0,0,0,0,0,0,0,0,0,0,0,0,0,0,0,0,0,0,1257,0,0,0
1743619136.002074,600960,21068468,0,nscratch,nscratch-ffff9808a03be000,0,0,774434370749,15605839116,0,0,23020,0,0,0,0,0,0,0,0,0,0,0,0,0,0,0,0,0,0,0,0,0,0,0,0,179,0,0,0
1743619136.002237,600960,21068468,0,pscratch,pscratch-ffff9808886c4000,0,0,298417305668,668688030543,0,0,11468,0,0,0,0,0,0,0,0,0,0,0,0,0,0,0,0,0,0,0,0,0,0,0,0,1257,0,0,0
1743619137.001768,600960,21068468,0,nscratch,nscratch-ffff9808a03be000,0,0,774434370749,15605839116,0,0,23020,0,0,0,0,0,0,0,0,0,0,0,0,0,0,0,0,0,0,0,0,0,0,0,0,179,0,0,0
1743619137.001925,600960,21068468,0,pscratch,pscratch-ffff9808886c4000,0,0,298417305668,668688030543,0,0,11468,0,0,0,0,0,0,0,0,0,0,0,0,0,0,0,0,0,0,0,0,0,0,0,0,1257,0,0,0
1743619138.002187,600960,21068468,0,nscratch,nscratch-ffff9808a03be000,0,0,774434370749,15605839116,0,0,23020,0,0,0,0,0,0,0,0,0,0,0,0,0,0,0,0,0,0,0,0,0,0,0,0,179,0,0,0
1743619138.002360,600960,21068468,0,pscratch,pscratch-ffff9808886c4000,0,0,298417305668,668688030543,0,0,11468,0,0,0,0,0,0,0,0,0,0,0,0,0,0,0,0,0,0,0,0,0,0,0,0,1257,0,0,0
1743619139.002052,600960,21068468,0,nscratch,nscratch-ffff9808a03be000,0,0,774434370749,15605839116,0,0,23020,0,0,0,0,0,0,0,0,0,0,0,0,0,0,0,0,0,0,0,0,0,0,0,0,179,0,0,0
1743619139.002212,600960,21068468,0,pscratch,pscratch-ffff9808886c4000,0,0,298417305668,668688030543,0,0,11468,0,0,0,0,0,0,0,0,0,0,0,0,0,0,0,0,0,0,0,0,0,0,0,0,1257,0,0,0
1743619140.001744,600960,21068468,0,nscratch,nscratch-ffff9808a03be000,0,0,774434370749,15605839116,0,0,23020,0,0,0,0,0,0,0,0,0,0,0,0,0,0,0,0,0,0,0,0,0,0,0,0,179,0,0,0
1743619140.001904,600960,21068468,0,pscratch,pscratch-ffff9808886c4000,0,0,298417305668,668688030543,0,0,11468,0,0,0,0,0,0,0,0,0,0,0,0,0,0,0,0,0,0,0,0,0,0,0,0,1257,0,0,0
1743619141.002161,600960,21068468,0,nscratch,nscratch-ffff9808a03be000,0,0,774434370749,15605839116,0,0,23020,0,0,0,0,0,0,0,0,0,0,0,0,0,0,0,0,0,0,0,0,0,0,0,0,179,0,0,0
1743619141.002333,600960,21068468,0,pscratch,pscratch-ffff9808886c4000,0,0,298417305668,668688030543,0,0,11468,0,0,0,0,0,0,0,0,0,0,0,0,0,0,0,0,0,0,0,0,0,0,0,0,1257,0,0,0
1743619142.002074,600960,21068468,0,nscratch,nscratch-ffff9808a03be000,0,0,774434370749,15605839116,0,0,23020,0,0,0,0,0,0,0,0,0,0,0,0,0,0,0,0,0,0,0,0,0,0,0,0,179,0,0,0
1743619142.002234,600960,21068468,0,pscratch,pscratch-ffff9808886c4000,0,0,298417305668,668688030543,0,0,11468,0,0,0,0,0,0,0,0,0,0,0,0,0,0,0,0,0,0,0,0,0,0,0,0,1257,0,0,0
1743619143.001787,600960,21068468,0,nscratch,nscratch-ffff9808a03be000,0,0,774434370749,15605839116,0,0,23020,0,0,0,0,0,0,0,0,0,0,0,0,0,0,0,0,0,0,0,0,0,0,0,0,179,0,0,0
1743619143.001968,600960,21068468,0,pscratch,pscratch-ffff9808886c4000,0,0,298417305668,668688030543,0,0,11468,0,0,0,0,0,0,0,0,0,0,0,0,0,0,0,0,0,0,0,0,0,0,0,0,1257,0,0,0
1743619144.002222,600960,21068468,0,nscratch,nscratch-ffff9808a03be000,0,0,774434370749,15605839116,0,0,23020,0,0,0,0,0,0,0,0,0,0,0,0,0,0,0,0,0,0,0,0,0,0,0,0,179,0,0,0
1743619144.002375,600960,21068468,0,pscratch,pscratch-ffff9808886c4000,0,0,298417305668,668688030543,0,0,11468,0,0,0,0,0,0,0,0,0,0,0,0,0,0,0,0,0,0,0,0,0,0,0,0,1257,0,0,0
1743619145.002091,600960,21068468,0,nscratch,nscratch-ffff9808a03be000,0,0,774434370749,15605839116,0,0,23020,0,0,0,0,0,0,0,0,0,0,0,0,0,0,0,0,0,0,0,0,0,0,0,0,179,0,0,0
1743619145.002259,600960,21068468,0,pscratch,pscratch-ffff9808886c4000,0,0,298417305668,668688030543,0,0,11468,0,0,0,0,0,0,0,0,0,0,0,0,0,0,0,0,0,0,0,0,0,0,0,0,1257,0,0,0
1743619146.001769,600960,21068468,0,nscratch,nscratch-ffff9808a03be000,0,0,774434370749,15605839116,0,0,23020,0,0,0,0,0,0,0,0,0,0,0,0,0,0,0,0,0,0,0,0,0,0,0,0,179,0,0,0
1743619146.001928,600960,21068468,0,pscratch,pscratch-ffff9808886c4000,0,0,298417305668,668688030543,0,0,11468,0,0,0,0,0,0,0,0,0,0,0,0,0,0,0,0,0,0,0,0,0,0,0,0,1257,0,0,0
1743619147.002196,600960,21068468,0,nscratch,nscratch-ffff9808a03be000,0,0,774434370749,15605839116,0,0,23020,0,0,0,0,0,0,0,0,0,0,0,0,0,0,0,0,0,0,0,0,0,0,0,0,179,0,0,0
1743619147.002374,600960,21068468,0,pscratch,pscratch-ffff9808886c4000,0,0,298417305668,668688030543,0,0,11468,0,0,0,0,0,0,0,0,0,0,0,0,0,0,0,0,0,0,0,0,0,0,0,0,1257,0,0,0
1743619148.002089,600960,21068468,0,nscratch,nscratch-ffff9808a03be000,0,0,774434370749,15605839116,0,0,23020,0,0,0,0,0,0,0,0,0,0,0,0,0,0,0,0,0,0,0,0,0,0,0,0,179,0,0,0
1743619148.002268,600960,21068468,0,pscratch,pscratch-ffff9808886c4000,0,0,298417305668,668688030543,0,0,11468,0,0,0,0,0,0,0,0,0,0,0,0,0,0,0,0,0,0,0,0,0,0,0,0,1257,0,0,0
1743619149.002128,600960,21068468,0,nscratch,nscratch-ffff9808a03be000,0,0,774434370749,15605839116,0,0,23020,0,0,0,0,0,0,0,0,0,0,0,0,0,0,0,0,0,0,0,0,0,0,0,0,179,0,0,0
1743619149.002357,600960,21068468,0,pscratch,pscratch-ffff9808886c4000,0,0,298417305668,668688030543,0,0,11468,0,0,0,0,0,0,0,0,0,0,0,0,0,0,0,0,0,0,0,0,0,0,0,0,1257,0,0,0
1743619150.001681,600960,21068468,0,nscratch,nscratch-ffff9808a03be000,0,0,774434370749,15605839116,0,0,23020,0,0,0,0,0,0,0,0,0,0,0,0,0,0,0,0,0,0,0,0,0,0,0,0,179,0,0,0
1743619150.001864,600960,21068468,0,pscratch,pscratch-ffff9808886c4000,0,0,298417305668,668688030543,0,0,11468,0,0,0,0,0,0,0,0,0,0,0,0,0,0,0,0,0,0,0,0,0,0,0,0,1257,0,0,0
1743619151.001659,600960,21068468,0,nscratch,nscratch-ffff9808a03be000,0,0,774434370749,15605839116,0,0,23020,0,0,0,0,0,0,0,0,0,0,0,0,0,0,0,0,0,0,0,0,0,0,0,0,179,0,0,0
1743619151.001831,600960,21068468,0,pscratch,pscratch-ffff9808886c4000,0,0,298417305668,668688030543,0,0,11468,0,0,0,0,0,0,0,0,0,0,0,0,0,0,0,0,0,0,0,0,0,0,0,0,1257,0,0,0
1743619152.002373,600960,21068468,0,nscratch,nscratch-ffff9808a03be000,0,0,774434370749,15605839116,0,0,23020,0,0,0,0,0,0,0,0,0,0,0,0,0,0,0,0,0,0,0,0,0,0,0,0,179,0,0,0
1743619152.002547,600960,21068468,0,pscratch,pscratch-ffff9808886c4000,0,0,298417305668,668688030543,0,0,11468,0,0,0,0,0,0,0,0,0,0,0,0,0,0,0,0,0,0,0,0,0,0,0,0,1257,0,0,0
1743619153.001803,600960,21068468,0,nscratch,nscratch-ffff9808a03be000,0,0,774434370749,15605839116,0,0,23020,0,0,0,0,0,0,0,0,0,0,0,0,0,0,0,0,0,0,0,0,0,0,0,0,179,0,0,0
1743619153.001983,600960,21068468,0,pscratch,pscratch-ffff9808886c4000,0,0,298417305668,668688030543,0,0,11468,0,0,0,0,0,0,0,0,0,0,0,0,0,0,0,0,0,0,0,0,0,0,0,0,1257,0,0,0
1743619154.001570,600960,21068468,0,nscratch,nscratch-ffff9808a03be000,0,0,774434370749,15605839116,0,0,23020,0,0,0,0,0,0,0,0,0,0,0,0,0,0,0,0,0,0,0,0,0,0,0,0,179,0,0,0
1743619154.001681,600960,21068468,0,pscratch,pscratch-ffff9808886c4000,0,0,298417305668,668688030543,0,0,11468,0,0,0,0,0,0,0,0,0,0,0,0,0,0,0,0,0,0,0,0,0,0,0,0,1257,0,0,0
1743619155.002097,600960,21068468,0,nscratch,nscratch-ffff9808a03be000,0,0,774434370749,15605839116,0,0,23020,0,0,0,0,0,0,0,0,0,0,0,0,0,0,0,0,0,0,0,0,0,0,0,0,179,0,0,0
1743619155.002208,600960,21068468,0,pscratch,pscratch-ffff9808886c4000,0,0,298417305668,668688030543,0,0,11468,0,0,0,0,0,0,0,0,0,0,0,0,0,0,0,0,0,0,0,0,0,0,0,0,1257,0,0,0
1743619156.001440,600960,21068468,0,nscratch,nscratch-ffff9808a03be000,0,0,774434370749,15605839116,0,0,23020,0,0,0,0,0,0,0,0,0,0,0,0,0,0,0,0,0,0,0,0,0,0,0,0,179,0,0,0
1743619156.001553,600960,21068468,0,pscratch,pscratch-ffff9808886c4000,0,0,298417305668,668688030543,0,0,11468,0,0,0,0,0,0,0,0,0,0,0,0,0,0,0,0,0,0,0,0,0,0,0,0,1257,0,0,0
1743619157.002267,600960,21068468,0,nscratch,nscratch-ffff9808a03be000,0,0,774434370749,15605839116,0,0,23020,0,0,0,0,0,0,0,0,0,0,0,0,0,0,0,0,0,0,0,0,0,0,0,0,179,0,0,0
1743619157.002390,600960,21068468,0,pscratch,pscratch-ffff9808886c4000,0,0,298417305668,668688030543,0,0,11468,0,0,0,0,0,0,0,0,0,0,0,0,0,0,0,0,0,0,0,0,0,0,0,0,1257,0,0,0
1743619158.001803,600960,21068468,0,nscratch,nscratch-ffff9808a03be000,0,0,774434370749,15605839116,0,0,23020,0,0,0,0,0,0,0,0,0,0,0,0,0,0,0,0,0,0,0,0,0,0,0,0,179,0,0,0
1743619158.001914,600960,21068468,0,pscratch,pscratch-ffff9808886c4000,0,0,298417305668,668688030543,0,0,11468,0,0,0,0,0,0,0,0,0,0,0,0,0,0,0,0,0,0,0,0,0,0,0,0,1257,0,0,0
1743619159.002182,600960,21068468,0,nscratch,nscratch-ffff9808a03be000,0,0,774434370749,15605839116,0,0,23020,0,0,0,0,0,0,0,0,0,0,0,0,0,0,0,0,0,0,0,0,0,0,0,0,179,0,0,0
1743619159.002330,600960,21068468,0,pscratch,pscratch-ffff9808886c4000,0,0,298417305668,668688030543,0,0,11468,0,0,0,0,0,0,0,0,0,0,0,0,0,0,0,0,0,0,0,0,0,0,0,0,1257,0,0,0
1743619160.001910,600960,21068468,0,nscratch,nscratch-ffff9808a03be000,0,0,774434370749,15605839116,0,0,23020,0,0,0,0,0,0,0,0,0,0,0,0,0,0,0,0,0,0,0,0,0,0,0,0,179,0,0,0
1743619160.002039,600960,21068468,0,pscratch,pscratch-ffff9808886c4000,0,0,298417305668,668688030543,0,0,11468,0,0,0,0,0,0,0,0,0,0,0,0,0,0,0,0,0,0,0,0,0,0,0,0,1257,0,0,0
1743619161.001462,600960,21068468,0,nscratch,nscratch-ffff9808a03be000,0,0,774434370749,15605839116,0,0,23020,0,0,0,0,0,0,0,0,0,0,0,0,0,0,0,0,0,0,0,0,0,0,0,0,179,0,0,0
1743619161.001571,600960,21068468,0,pscratch,pscratch-ffff9808886c4000,0,0,298417305668,668688030543,0,0,11468,0,0,0,0,0,0,0,0,0,0,0,0,0,0,0,0,0,0,0,0,0,0,0,0,1257,0,0,0
1743619162.001844,600960,21068468,0,nscratch,nscratch-ffff9808a03be000,0,0,774434370749,15605839116,0,0,23020,0,0,0,0,0,0,0,0,0,0,0,0,0,0,0,0,0,0,0,0,0,0,0,0,179,0,0,0
1743619162.001990,600960,21068468,0,pscratch,pscratch-ffff9808886c4000,0,0,298417305668,668688030543,0,0,11468,0,0,0,0,0,0,0,0,0,0,0,0,0,0,0,0,0,0,0,0,0,0,0,0,1257,0,0,0
1743619163.001554,600960,21068468,0,nscratch,nscratch-ffff9808a03be000,0,0,774434370749,15605839116,0,0,23020,0,0,0,0,0,0,0,0,0,0,0,0,0,0,0,0,0,0,0,0,0,0,0,0,179,0,0,0
1743619163.001670,600960,21068468,0,pscratch,pscratch-ffff9808886c4000,0,0,298417305668,668688030543,0,0,11468,0,0,0,0,0,0,0,0,0,0,0,0,0,0,0,0,0,0,0,0,0,0,0,0,1257,0,0,0
1743619164.002469,600960,21068468,0,nscratch,nscratch-ffff9808a03be000,0,0,774434370749,15605839116,0,0,23020,0,0,0,0,0,0,0,0,0,0,0,0,0,0,0,0,0,0,0,0,0,0,0,0,179,0,0,0
1743619164.002697,600960,21068468,0,pscratch,pscratch-ffff9808886c4000,0,0,298417305668,668688030543,0,0,11468,0,0,0,0,0,0,0,0,0,0,0,0,0,0,0,0,0,0,0,0,0,0,0,0,1257,0,0,0
1743619165.001233,600960,21068468,0,nscratch,nscratch-ffff9808a03be000,0,0,774434370749,15605839116,0,0,23020,0,0,0,0,0,0,0,0,0,0,0,0,0,0,0,0,0,0,0,0,0,0,0,0,179,0,0,0
1743619165.001402,600960,21068468,0,pscratch,pscratch-ffff9808886c4000,0,0,298417305668,668688030543,0,0,11468,0,0,0,0,0,0,0,0,0,0,0,0,0,0,0,0,0,0,0,0,0,0,0,0,1257,0,0,0
1743619166.002150,600960,21068468,0,nscratch,nscratch-ffff9808a03be000,0,0,774434370749,15605839116,0,0,23020,0,0,0,0,0,0,0,0,0,0,0,0,0,0,0,0,0,0,0,0,0,0,0,0,179,0,0,0
1743619166.002327,600960,21068468,0,pscratch,pscratch-ffff9808886c4000,0,0,298417305668,668688030543,0,0,11468,0,0,0,0,0,0,0,0,0,0,0,0,0,0,0,0,0,0,0,0,0,0,0,0,1257,0,0,0
1743619167.001841,600960,21068468,0,nscratch,nscratch-ffff9808a03be000,0,0,774434370749,15605839116,0,0,23020,0,0,0,0,0,0,0,0,0,0,0,0,0,0,0,0,0,0,0,0,0,0,0,0,179,0,0,0
1743619167.002024,600960,21068468,0,pscratch,pscratch-ffff9808886c4000,0,0,298417305668,668688030543,0,0,11468,0,0,0,0,0,0,0,0,0,0,0,0,0,0,0,0,0,0,0,0,0,0,0,0,1257,0,0,0
1743619168.001277,600960,21068468,0,nscratch,nscratch-ffff9808a03be000,0,0,774434370749,15605839116,0,0,23020,0,0,0,0,0,0,0,0,0,0,0,0,0,0,0,0,0,0,0,0,0,0,0,0,179,0,0,0
1743619168.001437,600960,21068468,0,pscratch,pscratch-ffff9808886c4000,0,0,298417305668,668688030543,0,0,11468,0,0,0,0,0,0,0,0,0,0,0,0,0,0,0,0,0,0,0,0,0,0,0,0,1257,0,0,0
1743619169.002136,600960,21068468,0,nscratch,nscratch-ffff9808a03be000,0,0,774434370749,15605839116,0,0,23020,0,0,0,0,0,0,0,0,0,0,0,0,0,0,0,0,0,0,0,0,0,0,0,0,179,0,0,0
1743619169.002327,600960,21068468,0,pscratch,pscratch-ffff9808886c4000,0,0,298417305668,668688030543,0,0,11468,0,0,0,0,0,0,0,0,0,0,0,0,0,0,0,0,0,0,0,0,0,0,0,0,1257,0,0,0
1743619170.001981,600960,21068468,0,nscratch,nscratch-ffff9808a03be000,0,0,774434370749,15605839116,0,0,23020,0,0,0,0,0,0,0,0,0,0,0,0,0,0,0,0,0,0,0,0,0,0,0,0,179,0,0,0
1743619170.002197,600960,21068468,0,pscratch,pscratch-ffff9808886c4000,0,0,298417305668,668688030543,0,0,11468,0,0,0,0,0,0,0,0,0,0,0,0,0,0,0,0,0,0,0,0,0,0,0,0,1257,0,0,0
1743619171.001474,600960,21068468,0,nscratch,nscratch-ffff9808a03be000,0,0,774434370749,15605839116,0,0,23020,0,0,0,0,0,0,0,0,0,0,0,0,0,0,0,0,0,0,0,0,0,0,0,0,179,0,0,0
1743619171.001643,600960,21068468,0,pscratch,pscratch-ffff9808886c4000,0,0,298417305668,668688030543,0,0,11468,0,0,0,0,0,0,0,0,0,0,0,0,0,0,0,0,0,0,0,0,0,0,0,0,1257,0,0,0
1743619172.002699,600960,21068468,0,nscratch,nscratch-ffff9808a03be000,0,0,774434370749,15605839116,0,0,23020,0,0,0,0,0,0,0,0,0,0,0,0,0,0,0,0,0,0,0,0,0,0,0,0,179,0,0,0
1743619172.002939,600960,21068468,0,pscratch,pscratch-ffff9808886c4000,0,0,298417305668,668688030543,0,0,11468,0,0,0,0,0,0,0,0,0,0,0,0,0,0,0,0,0,0,0,0,0,0,0,0,1257,0,0,0
1743619173.001588,600960,21068468,0,nscratch,nscratch-ffff9808a03be000,0,0,774434370749,15605839116,0,0,23020,0,0,0,0,0,0,0,0,0,0,0,0,0,0,0,0,0,0,0,0,0,0,0,0,179,0,0,0
1743619173.001763,600960,21068468,0,pscratch,pscratch-ffff9808886c4000,0,0,298417305668,668688030543,0,0,11468,0,0,0,0,0,0,0,0,0,0,0,0,0,0,0,0,0,0,0,0,0,0,0,0,1257,0,0,0
1743619174.002027,600960,21068468,0,nscratch,nscratch-ffff9808a03be000,0,0,774434370749,15605839116,0,0,23020,0,0,0,0,0,0,0,0,0,0,0,0,0,0,0,0,0,0,0,0,0,0,0,0,179,0,0,0
1743619174.002188,600960,21068468,0,pscratch,pscratch-ffff9808886c4000,0,0,298417305668,668688030543,0,0,11468,0,0,0,0,0,0,0,0,0,0,0,0,0,0,0,0,0,0,0,0,0,0,0,0,1257,0,0,0
1743619175.001885,600960,21068468,0,nscratch,nscratch-ffff9808a03be000,0,0,774434370749,15605839116,0,0,23020,0,0,0,0,0,0,0,0,0,0,0,0,0,0,0,0,0,0,0,0,0,0,0,0,179,0,0,0
1743619175.002050,600960,21068468,0,pscratch,pscratch-ffff9808886c4000,0,0,298417305668,668688030543,0,0,11468,0,0,0,0,0,0,0,0,0,0,0,0,0,0,0,0,0,0,0,0,0,0,0,0,1257,0,0,0
1743619176.001530,600960,21068468,0,nscratch,nscratch-ffff9808a03be000,0,0,774434370749,15605839116,0,0,23020,0,0,0,0,0,0,0,0,0,0,0,0,0,0,0,0,0,0,0,0,0,0,0,0,179,0,0,0
1743619176.001680,600960,21068468,0,pscratch,pscratch-ffff9808886c4000,0,0,298417305668,668688030543,0,0,11468,0,0,0,0,0,0,0,0,0,0,0,0,0,0,0,0,0,0,0,0,0,0,0,0,1257,0,0,0
1743619177.001935,600960,21068468,0,nscratch,nscratch-ffff9808a03be000,0,0,774434370749,15605839116,0,0,23020,0,0,0,0,0,0,0,0,0,0,0,0,0,0,0,0,0,0,0,0,0,0,0,0,179,0,0,0
1743619177.002111,600960,21068468,0,pscratch,pscratch-ffff9808886c4000,0,0,298417305668,668688030543,0,0,11468,0,0,0,0,0,0,0,0,0,0,0,0,0,0,0,0,0,0,0,0,0,0,0,0,1257,0,0,0
1743619178.001790,600960,21068468,0,nscratch,nscratch-ffff9808a03be000,0,0,774434370749,15605839116,0,0,23020,0,0,0,0,0,0,0,0,0,0,0,0,0,0,0,0,0,0,0,0,0,0,0,0,179,0,0,0
1743619178.001936,600960,21068468,0,pscratch,pscratch-ffff9808886c4000,0,0,298417305668,668688030543,0,0,11468,0,0,0,0,0,0,0,0,0,0,0,0,0,0,0,0,0,0,0,0,0,0,0,0,1257,0,0,0
1743619179.002464,600960,21068468,0,nscratch,nscratch-ffff9808a03be000,0,0,774434370749,15605839116,0,0,23020,0,0,0,0,0,0,0,0,0,0,0,0,0,0,0,0,0,0,0,0,0,0,0,0,179,0,0,0
1743619179.002619,600960,21068468,0,pscratch,pscratch-ffff9808886c4000,0,0,298417305668,668688030543,0,0,11468,0,0,0,0,0,0,0,0,0,0,0,0,0,0,0,0,0,0,0,0,0,0,0,0,1257,0,0,0
1743619180.001881,600960,21068468,0,nscratch,nscratch-ffff9808a03be000,0,0,774434370749,15605839116,0,0,23020,0,0,0,0,0,0,0,0,0,0,0,0,0,0,0,0,0,0,0,0,0,0,0,0,179,0,0,0
1743619180.002049,600960,21068468,0,pscratch,pscratch-ffff9808886c4000,0,0,298417305668,668688030543,0,0,11468,0,0,0,0,0,0,0,0,0,0,0,0,0,0,0,0,0,0,0,0,0,0,0,0,1257,0,0,0
1743619181.001776,600960,21068468,0,nscratch,nscratch-ffff9808a03be000,0,0,774434370749,15605839116,0,0,23020,0,0,0,0,0,0,0,0,0,0,0,0,0,0,0,0,0,0,0,0,0,0,0,0,179,0,0,0
1743619181.001956,600960,21068468,0,pscratch,pscratch-ffff9808886c4000,0,0,298417305668,668688030543,0,0,11468,0,0,0,0,0,0,0,0,0,0,0,0,0,0,0,0,0,0,0,0,0,0,0,0,1257,0,0,0
1743619182.002479,600960,21068468,0,nscratch,nscratch-ffff9808a03be000,0,0,774434370749,15605839116,0,0,23020,0,0,0,0,0,0,0,0,0,0,0,0,0,0,0,0,0,0,0,0,0,0,0,0,179,0,0,0
1743619182.002649,600960,21068468,0,pscratch,pscratch-ffff9808886c4000,0,0,298417305668,668688030543,0,0,11468,0,0,0,0,0,0,0,0,0,0,0,0,0,0,0,0,0,0,0,0,0,0,0,0,1257,0,0,0
1743619183.001968,600960,21068468,0,nscratch,nscratch-ffff9808a03be000,0,0,774434370749,15605839116,0,0,23020,0,0,0,0,0,0,0,0,0,0,0,0,0,0,0,0,0,0,0,0,0,0,0,0,179,0,0,0
1743619183.002140,600960,21068468,0,pscratch,pscratch-ffff9808886c4000,0,0,298417305668,668688030543,0,0,11468,0,0,0,0,0,0,0,0,0,0,0,0,0,0,0,0,0,0,0,0,0,0,0,0,1257,0,0,0
1743619184.001857,600960,21068468,0,nscratch,nscratch-ffff9808a03be000,0,0,774434370749,15605839116,0,0,23020,0,0,0,0,0,0,0,0,0,0,0,0,0,0,0,0,0,0,0,0,0,0,0,0,179,0,0,0
1743619184.002024,600960,21068468,0,pscratch,pscratch-ffff9808886c4000,0,0,298417305668,668688030543,0,0,11468,0,0,0,0,0,0,0,0,0,0,0,0,0,0,0,0,0,0,0,0,0,0,0,0,1257,0,0,0
1743619185.001422,600960,21068468,0,nscratch,nscratch-ffff9808a03be000,0,0,774434370749,15605839116,0,0,23020,0,0,0,0,0,0,0,0,0,0,0,0,0,0,0,0,0,0,0,0,0,0,0,0,179,0,0,0
1743619185.001581,600960,21068468,0,pscratch,pscratch-ffff9808886c4000,0,0,298417305668,668688030543,0,0,11468,0,0,0,0,0,0,0,0,0,0,0,0,0,0,0,0,0,0,0,0,0,0,0,0,1257,0,0,0
1743619186.001398,600960,21068468,0,nscratch,nscratch-ffff9808a03be000,0,0,774434370749,15605839116,0,0,23020,0,0,0,0,0,0,0,0,0,0,0,0,0,0,0,0,0,0,0,0,0,0,0,0,179,0,0,0
1743619186.001553,600960,21068468,0,pscratch,pscratch-ffff9808886c4000,0,0,298417305668,668688030543,0,0,11468,0,0,0,0,0,0,0,0,0,0,0,0,0,0,0,0,0,0,0,0,0,0,0,0,1257,0,0,0
1743619187.002280,600960,21068468,0,nscratch,nscratch-ffff9808a03be000,0,0,774434370749,15605839116,0,0,23020,0,0,0,0,0,0,0,0,0,0,0,0,0,0,0,0,0,0,0,0,0,0,0,0,179,0,0,0
1743619187.002445,600960,21068468,0,pscratch,pscratch-ffff9808886c4000,0,0,298417305668,668688030543,0,0,11468,0,0,0,0,0,0,0,0,0,0,0,0,0,0,0,0,0,0,0,0,0,0,0,0,1257,0,0,0
1743619188.001553,600960,21068468,0,nscratch,nscratch-ffff9808a03be000,0,0,774434370749,15605839116,0,0,23020,0,0,0,0,0,0,0,0,0,0,0,0,0,0,0,0,0,0,0,0,0,0,0,0,179,0,0,0
1743619188.001733,600960,21068468,0,pscratch,pscratch-ffff9808886c4000,0,0,298417305668,668688030543,0,0,11468,0,0,0,0,0,0,0,0,0,0,0,0,0,0,0,0,0,0,0,0,0,0,0,0,1257,0,0,0
1743619189.002027,600960,21068468,0,nscratch,nscratch-ffff9808a03be000,0,0,774434370749,15605839116,0,0,23020,0,0,0,0,0,0,0,0,0,0,0,0,0,0,0,0,0,0,0,0,0,0,0,0,179,0,0,0
1743619189.002199,600960,21068468,0,pscratch,pscratch-ffff9808886c4000,0,0,298417305668,668688030543,0,0,11468,0,0,0,0,0,0,0,0,0,0,0,0,0,0,0,0,0,0,0,0,0,0,0,0,1257,0,0,0
1743619190.001952,600960,21068468,0,nscratch,nscratch-ffff9808a03be000,0,0,774434370749,15605839116,0,0,23020,0,0,0,0,0,0,0,0,0,0,0,0,0,0,0,0,0,0,0,0,0,0,0,0,179,0,0,0
1743619190.002113,600960,21068468,0,pscratch,pscratch-ffff9808886c4000,0,0,298417305668,668688030543,0,0,11468,0,0,0,0,0,0,0,0,0,0,0,0,0,0,0,0,0,0,0,0,0,0,0,0,1257,0,0,0
1743619191.001658,600960,21068468,0,nscratch,nscratch-ffff9808a03be000,0,0,774434370749,15605839116,0,0,23020,0,0,0,0,0,0,0,0,0,0,0,0,0,0,0,0,0,0,0,0,0,0,0,0,179,0,0,0
1743619191.001818,600960,21068468,0,pscratch,pscratch-ffff9808886c4000,0,0,298417305668,668688030543,0,0,11468,0,0,0,0,0,0,0,0,0,0,0,0,0,0,0,0,0,0,0,0,0,0,0,0,1257,0,0,0
1743619192.002068,600960,21068468,0,nscratch,nscratch-ffff9808a03be000,0,0,774434370749,15605839116,0,0,23020,0,0,0,0,0,0,0,0,0,0,0,0,0,0,0,0,0,0,0,0,0,0,0,0,179,0,0,0
1743619192.002229,600960,21068468,0,pscratch,pscratch-ffff9808886c4000,0,0,298417305668,668688030543,0,0,11468,0,0,0,0,0,0,0,0,0,0,0,0,0,0,0,0,0,0,0,0,0,0,0,0,1257,0,0,0
1743619193.001938,600960,21068468,0,nscratch,nscratch-ffff9808a03be000,0,0,774434370749,15605839116,0,0,23020,0,0,0,0,0,0,0,0,0,0,0,0,0,0,0,0,0,0,0,0,0,0,0,0,179,0,0,0
1743619193.002114,600960,21068468,0,pscratch,pscratch-ffff9808886c4000,0,0,298417305668,668688030543,0,0,11468,0,0,0,0,0,0,0,0,0,0,0,0,0,0,0,0,0,0,0,0,0,0,0,0,1257,0,0,0
1743619194.001651,600960,21068468,0,nscratch,nscratch-ffff9808a03be000,0,0,774434370749,15605839116,0,0,23020,0,0,0,0,0,0,0,0,0,0,0,0,0,0,0,0,0,0,0,0,0,0,0,0,179,0,0,0
1743619194.001807,600960,21068468,0,pscratch,pscratch-ffff9808886c4000,0,0,298417305668,668688030543,0,0,11468,0,0,0,0,0,0,0,0,0,0,0,0,0,0,0,0,0,0,0,0,0,0,0,0,1257,0,0,0
1743619195.002079,600960,21068468,0,nscratch,nscratch-ffff9808a03be000,0,0,774434370749,15605839116,0,0,23020,0,0,0,0,0,0,0,0,0,0,0,0,0,0,0,0,0,0,0,0,0,0,0,0,179,0,0,0
1743619195.002241,600960,21068468,0,pscratch,pscratch-ffff9808886c4000,0,0,298417305668,668688030543,0,0,11468,0,0,0,0,0,0,0,0,0,0,0,0,0,0,0,0,0,0,0,0,0,0,0,0,1257,0,0,0
1743619196.001987,600960,21068468,0,nscratch,nscratch-ffff9808a03be000,0,0,774434370749,15605839116,0,0,23020,0,0,0,0,0,0,0,0,0,0,0,0,0,0,0,0,0,0,0,0,0,0,0,0,179,0,0,0
1743619196.002160,600960,21068468,0,pscratch,pscratch-ffff9808886c4000,0,0,298417305668,668688030543,0,0,11468,0,0,0,0,0,0,0,0,0,0,0,0,0,0,0,0,0,0,0,0,0,0,0,0,1257,0,0,0
1743619197.001683,600960,21068468,0,nscratch,nscratch-ffff9808a03be000,0,0,774434370749,15605839116,0,0,23020,0,0,0,0,0,0,0,0,0,0,0,0,0,0,0,0,0,0,0,0,0,0,0,0,179,0,0,0
1743619197.001839,600960,21068468,0,pscratch,pscratch-ffff9808886c4000,0,0,298417305668,668688030543,0,0,11468,0,0,0,0,0,0,0,0,0,0,0,0,0,0,0,0,0,0,0,0,0,0,0,0,1257,0,0,0
1743619198.002106,600960,21068468,0,nscratch,nscratch-ffff9808a03be000,0,0,774434370749,15605839116,0,0,23020,0,0,0,0,0,0,0,0,0,0,0,0,0,0,0,0,0,0,0,0,0,0,0,0,179,0,0,0
1743619198.002276,600960,21068468,0,pscratch,pscratch-ffff9808886c4000,0,0,298417305668,668688030543,0,0,11468,0,0,0,0,0,0,0,0,0,0,0,0,0,0,0,0,0,0,0,0,0,0,0,0,1257,0,0,0
1743619199.001964,600960,21068468,0,nscratch,nscratch-ffff9808a03be000,0,0,774434370749,15605839116,0,0,23020,0,0,0,0,0,0,0,0,0,0,0,0,0,0,0,0,0,0,0,0,0,0,0,0,179,0,0,0
1743619199.002131,600960,21068468,0,pscratch,pscratch-ffff9808886c4000,0,0,298417305668,668688030543,0,0,11468,0,0,0,0,0,0,0,0,0,0,0,0,0,0,0,0,0,0,0,0,0,0,0,0,1257,0,0,0
1743619200.001994,600960,21068468,0,nscratch,nscratch-ffff9808a03be000,0,0,774434370749,15605839116,0,0,23020,0,0,0,0,0,0,0,0,0,0,0,0,0,0,0,0,0,0,0,0,0,0,0,0,179,0,0,0
1743619200.002221,600960,21068468,0,pscratch,pscratch-ffff9808886c4000,0,0,298417305668,668688030543,0,0,11468,0,0,0,0,0,0,0,0,0,0,0,0,0,0,0,0,0,0,0,0,0,0,0,0,1257,0,0,0
1743619201.001522,600960,21068468,0,nscratch,nscratch-ffff9808a03be000,0,0,774434370749,15605839116,0,0,23020,0,0,0,0,0,0,0,0,0,0,0,0,0,0,0,0,0,0,0,0,0,0,0,0,179,0,0,0
1743619201.001691,600960,21068468,0,pscratch,pscratch-ffff9808886c4000,0,0,298417305668,668688030543,0,0,11468,0,0,0,0,0,0,0,0,0,0,0,0,0,0,0,0,0,0,0,0,0,0,0,0,1257,0,0,0
1743619202.001265,600960,21068468,0,nscratch,nscratch-ffff9808a03be000,0,0,774434370749,15605839116,0,0,23020,0,0,0,0,0,0,0,0,0,0,0,0,0,0,0,0,0,0,0,0,0,0,0,0,179,0,0,0
1743619202.001374,600960,21068468,0,pscratch,pscratch-ffff9808886c4000,0,0,298417305668,668688030543,0,0,11468,0,0,0,0,0,0,0,0,0,0,0,0,0,0,0,0,0,0,0,0,0,0,0,0,1257,0,0,0
1743619203.001933,600960,21068468,0,nscratch,nscratch-ffff9808a03be000,0,0,774434370749,15605839116,0,0,23020,0,0,0,0,0,0,0,0,0,0,0,0,0,0,0,0,0,0,0,0,0,0,0,0,179,0,0,0
1743619203.002109,600960,21068468,0,pscratch,pscratch-ffff9808886c4000,0,0,298417305668,668688030543,0,0,11468,0,0,0,0,0,0,0,0,0,0,0,0,0,0,0,0,0,0,0,0,0,0,0,0,1257,0,0,0
1743619204.001353,600960,21068468,0,nscratch,nscratch-ffff9808a03be000,0,0,774434370749,15605839116,0,0,23020,0,0,0,0,0,0,0,0,0,0,0,0,0,0,0,0,0,0,0,0,0,0,0,0,179,0,0,0
1743619204.001512,600960,21068468,0,pscratch,pscratch-ffff9808886c4000,0,0,298417305668,668688030543,0,0,11468,0,0,0,0,0,0,0,0,0,0,0,0,0,0,0,0,0,0,0,0,0,0,0,0,1257,0,0,0
1743619205.002207,600960,21068468,0,nscratch,nscratch-ffff9808a03be000,0,0,774434370749,15605839116,0,0,23020,0,0,0,0,0,0,0,0,0,0,0,0,0,0,0,0,0,0,0,0,0,0,0,0,179,0,0,0
1743619205.002369,600960,21068468,0,pscratch,pscratch-ffff9808886c4000,0,0,298417305668,668688030543,0,0,11468,0,0,0,0,0,0,0,0,0,0,0,0,0,0,0,0,0,0,0,0,0,0,0,0,1257,0,0,0
1743619206.001915,600960,21068468,0,nscratch,nscratch-ffff9808a03be000,0,0,774434370749,15605839116,0,0,23020,0,0,0,0,0,0,0,0,0,0,0,0,0,0,0,0,0,0,0,0,0,0,0,0,179,0,0,0
1743619206.002094,600960,21068468,0,pscratch,pscratch-ffff9808886c4000,0,0,298417305668,668688030543,0,0,11468,0,0,0,0,0,0,0,0,0,0,0,0,0,0,0,0,0,0,0,0,0,0,0,0,1257,0,0,0
1743619207.001364,600960,21068468,0,nscratch,nscratch-ffff9808a03be000,0,0,774434370749,15605839116,0,0,23020,0,0,0,0,0,0,0,0,0,0,0,0,0,0,0,0,0,0,0,0,0,0,0,0,179,0,0,0
1743619207.001539,600960,21068468,0,pscratch,pscratch-ffff9808886c4000,0,0,298417305668,668688030543,0,0,11468,0,0,0,0,0,0,0,0,0,0,0,0,0,0,0,0,0,0,0,0,0,0,0,0,1257,0,0,0
1743619208.002247,600960,21068468,0,nscratch,nscratch-ffff9808a03be000,0,0,774434370749,15605839116,0,0,23020,0,0,0,0,0,0,0,0,0,0,0,0,0,0,0,0,0,0,0,0,0,0,0,0,179,0,0,0
1743619208.002404,600960,21068468,0,pscratch,pscratch-ffff9808886c4000,0,0,298417305668,668688030543,0,0,11468,0,0,0,0,0,0,0,0,0,0,0,0,0,0,0,0,0,0,0,0,0,0,0,0,1257,0,0,0
1743619209.001918,600960,21068468,0,nscratch,nscratch-ffff9808a03be000,0,0,774434370749,15605839116,0,0,23020,0,0,0,0,0,0,0,0,0,0,0,0,0,0,0,0,0,0,0,0,0,0,0,0,179,0,0,0
1743619209.002091,600960,21068468,0,pscratch,pscratch-ffff9808886c4000,0,0,298417305668,668688030543,0,0,11468,0,0,0,0,0,0,0,0,0,0,0,0,0,0,0,0,0,0,0,0,0,0,0,0,1257,0,0,0
1743619210.001362,600960,21068468,0,nscratch,nscratch-ffff9808a03be000,0,0,774434370749,15605839116,0,0,23020,0,0,0,0,0,0,0,0,0,0,0,0,0,0,0,0,0,0,0,0,0,0,0,0,179,0,0,0
1743619210.001530,600960,21068468,0,pscratch,pscratch-ffff9808886c4000,0,0,298417305668,668688030543,0,0,11468,0,0,0,0,0,0,0,0,0,0,0,0,0,0,0,0,0,0,0,0,0,0,0,0,1257,0,0,0
1743619211.002210,600960,21068468,0,nscratch,nscratch-ffff9808a03be000,0,0,774434370749,15605839116,0,0,23020,0,0,0,0,0,0,0,0,0,0,0,0,0,0,0,0,0,0,0,0,0,0,0,0,179,0,0,0
1743619211.002357,600960,21068468,0,pscratch,pscratch-ffff9808886c4000,0,0,298417305668,668688030543,0,0,11468,0,0,0,0,0,0,0,0,0,0,0,0,0,0,0,0,0,0,0,0,0,0,0,0,1257,0,0,0
1743619212.001918,600960,21068468,0,nscratch,nscratch-ffff9808a03be000,0,0,774434370749,15605839116,0,0,23020,0,0,0,0,0,0,0,0,0,0,0,0,0,0,0,0,0,0,0,0,0,0,0,0,179,0,0,0
1743619212.002105,600960,21068468,0,pscratch,pscratch-ffff9808886c4000,0,0,298417305668,668688030543,0,0,11468,0,0,0,0,0,0,0,0,0,0,0,0,0,0,0,0,0,0,0,0,0,0,0,0,1257,0,0,0
1743619213.001399,600960,21068468,0,nscratch,nscratch-ffff9808a03be000,0,0,774434370749,15605839116,0,0,23020,0,0,0,0,0,0,0,0,0,0,0,0,0,0,0,0,0,0,0,0,0,0,0,0,179,0,0,0
1743619213.001559,600960,21068468,0,pscratch,pscratch-ffff9808886c4000,0,0,298417305668,668688030543,0,0,11468,0,0,0,0,0,0,0,0,0,0,0,0,0,0,0,0,0,0,0,0,0,0,0,0,1257,0,0,0
1743619214.002267,600960,21068468,0,nscratch,nscratch-ffff9808a03be000,0,0,774434370749,15605839116,0,0,23020,0,0,0,0,0,0,0,0,0,0,0,0,0,0,0,0,0,0,0,0,0,0,0,0,179,0,0,0
1743619214.002423,600960,21068468,0,pscratch,pscratch-ffff9808886c4000,0,0,298417305668,668688030543,0,0,11468,0,0,0,0,0,0,0,0,0,0,0,0,0,0,0,0,0,0,0,0,0,0,0,0,1257,0,0,0
1743619215.001977,600960,21068468,0,nscratch,nscratch-ffff9808a03be000,0,0,774434370749,15605839116,0,0,23020,0,0,0,0,0,0,0,0,0,0,0,0,0,0,0,0,0,0,0,0,0,0,0,0,179,0,0,0
1743619215.002139,600960,21068468,0,pscratch,pscratch-ffff9808886c4000,0,0,298417305668,668688030543,0,0,11468,0,0,0,0,0,0,0,0,0,0,0,0,0,0,0,0,0,0,0,0,0,0,0,0,1257,0,0,0
1743619216.001399,600960,21068468,0,nscratch,nscratch-ffff9808a03be000,0,0,774434370749,15605839116,0,0,23020,0,0,0,0,0,0,0,0,0,0,0,0,0,0,0,0,0,0,0,0,0,0,0,0,179,0,0,0
1743619216.001562,600960,21068468,0,pscratch,pscratch-ffff9808886c4000,0,0,298417305668,668688030543,0,0,11468,0,0,0,0,0,0,0,0,0,0,0,0,0,0,0,0,0,0,0,0,0,0,0,0,1257,0,0,0
1743619217.002404,600960,21068468,0,nscratch,nscratch-ffff9808a03be000,0,0,774434370749,15605839116,0,0,23020,0,0,0,0,0,0,0,0,0,0,0,0,0,0,0,0,0,0,0,0,0,0,0,0,179,0,0,0
1743619217.002503,600960,21068468,0,pscratch,pscratch-ffff9808886c4000,0,0,298417305668,668688030543,0,0,11468,0,0,0,0,0,0,0,0,0,0,0,0,0,0,0,0,0,0,0,0,0,0,0,0,1257,0,0,0
1743619218.001914,600960,21068468,0,nscratch,nscratch-ffff9808a03be000,0,0,774434370749,15605839116,0,0,23020,0,0,0,0,0,0,0,0,0,0,0,0,0,0,0,0,0,0,0,0,0,0,0,0,179,0,0,0
1743619218.002046,600960,21068468,0,pscratch,pscratch-ffff9808886c4000,0,0,298417305668,668688030543,0,0,11468,0,0,0,0,0,0,0,0,0,0,0,0,0,0,0,0,0,0,0,0,0,0,0,0,1257,0,0,0
1743619219.001276,600960,21068468,0,nscratch,nscratch-ffff9808a03be000,0,0,774434370749,15605839116,0,0,23020,0,0,0,0,0,0,0,0,0,0,0,0,0,0,0,0,0,0,0,0,0,0,0,0,179,0,0,0
1743619219.001390,600960,21068468,0,pscratch,pscratch-ffff9808886c4000,0,0,298417305668,668688030543,0,0,11468,0,0,0,0,0,0,0,0,0,0,0,0,0,0,0,0,0,0,0,0,0,0,0,0,1257,0,0,0
1743619220.002099,600960,21068468,0,nscratch,nscratch-ffff9808a03be000,0,0,774434370749,15605839116,0,0,23020,0,0,0,0,0,0,0,0,0,0,0,0,0,0,0,0,0,0,0,0,0,0,0,0,179,0,0,0
1743619220.002267,600960,21068468,0,pscratch,pscratch-ffff9808886c4000,0,0,298417305668,668688030543,0,0,11468,0,0,0,0,0,0,0,0,0,0,0,0,0,0,0,0,0,0,0,0,0,0,0,0,1257,0,0,0
1743619221.001851,600960,21068468,0,nscratch,nscratch-ffff9808a03be000,0,0,774434370749,15605839116,0,0,23020,0,0,0,0,0,0,0,0,0,0,0,0,0,0,0,0,0,0,0,0,0,0,0,0,179,0,0,0
1743619221.002039,600960,21068468,0,pscratch,pscratch-ffff9808886c4000,0,0,298417305668,668688030543,0,0,11468,0,0,0,0,0,0,0,0,0,0,0,0,0,0,0,0,0,0,0,0,0,0,0,0,1257,0,0,0
1743619222.001306,600960,21068468,0,nscratch,nscratch-ffff9808a03be000,0,0,774434370749,15605839116,0,0,23020,0,0,0,0,0,0,0,0,0,0,0,0,0,0,0,0,0,0,0,0,0,0,0,0,179,0,0,0
1743619222.001467,600960,21068468,0,pscratch,pscratch-ffff9808886c4000,0,0,298417305668,668688030543,0,0,11468,0,0,0,0,0,0,0,0,0,0,0,0,0,0,0,0,0,0,0,0,0,0,0,0,1257,0,0,0
1743619223.002199,600960,21068468,0,nscratch,nscratch-ffff9808a03be000,0,0,774434370749,15605839116,0,0,23020,0,0,0,0,0,0,0,0,0,0,0,0,0,0,0,0,0,0,0,0,0,0,0,0,179,0,0,0
1743619223.002370,600960,21068468,0,pscratch,pscratch-ffff9808886c4000,0,0,298417305668,668688030543,0,0,11468,0,0,0,0,0,0,0,0,0,0,0,0,0,0,0,0,0,0,0,0,0,0,0,0,1257,0,0,0
1743619224.001888,600960,21068468,0,nscratch,nscratch-ffff9808a03be000,0,0,774434370749,15605839116,0,0,23020,0,0,0,0,0,0,0,0,0,0,0,0,0,0,0,0,0,0,0,0,0,0,0,0,179,0,0,0
1743619224.002063,600960,21068468,0,pscratch,pscratch-ffff9808886c4000,0,0,298417305668,668688030543,0,0,11468,0,0,0,0,0,0,0,0,0,0,0,0,0,0,0,0,0,0,0,0,0,0,0,0,1257,0,0,0
1743619225.001317,600960,21068468,0,nscratch,nscratch-ffff9808a03be000,0,0,774434370749,15605839116,0,0,23020,0,0,0,0,0,0,0,0,0,0,0,0,0,0,0,0,0,0,0,0,0,0,0,0,179,0,0,0
1743619225.001483,600960,21068468,0,pscratch,pscratch-ffff9808886c4000,0,0,298417305668,668688030543,0,0,11468,0,0,0,0,0,0,0,0,0,0,0,0,0,0,0,0,0,0,0,0,0,0,0,0,1257,0,0,0
1743619226.002213,600960,21068468,0,nscratch,nscratch-ffff9808a03be000,0,0,774434370749,15605839116,0,0,23020,0,0,0,0,0,0,0,0,0,0,0,0,0,0,0,0,0,0,0,0,0,0,0,0,179,0,0,0
1743619226.002379,600960,21068468,0,pscratch,pscratch-ffff9808886c4000,0,0,298417305668,668688030543,0,0,11468,0,0,0,0,0,0,0,0,0,0,0,0,0,0,0,0,0,0,0,0,0,0,0,0,1257,0,0,0
1743619227.001889,600960,21068468,0,nscratch,nscratch-ffff9808a03be000,0,0,774434370749,15605839116,0,0,23020,0,0,0,0,0,0,0,0,0,0,0,0,0,0,0,0,0,0,0,0,0,0,0,0,179,0,0,0
1743619227.002058,600960,21068468,0,pscratch,pscratch-ffff9808886c4000,0,0,298417305668,668688030543,0,0,11468,0,0,0,0,0,0,0,0,0,0,0,0,0,0,0,0,0,0,0,0,0,0,0,0,1257,0,0,0
1743619228.001508,600960,21068468,0,nscratch,nscratch-ffff9808a03be000,0,0,774434370749,15605839116,0,0,23020,0,0,0,0,0,0,0,0,0,0,0,0,0,0,0,0,0,0,0,0,0,0,0,0,179,0,0,0
1743619228.001729,600960,21068468,0,pscratch,pscratch-ffff9808886c4000,0,0,298417305668,668688030543,0,0,11468,0,0,0,0,0,0,0,0,0,0,0,0,0,0,0,0,0,0,0,0,0,0,0,0,1257,0,0,0
1743619229.001522,600960,21068468,0,nscratch,nscratch-ffff9808a03be000,0,0,774434370749,15605839116,0,0,23020,0,0,0,0,0,0,0,0,0,0,0,0,0,0,0,0,0,0,0,0,0,0,0,0,179,0,0,0
1743619229.001680,600960,21068468,0,pscratch,pscratch-ffff9808886c4000,0,0,298417305668,668688030543,0,0,11468,0,0,0,0,0,0,0,0,0,0,0,0,0,0,0,0,0,0,0,0,0,0,0,0,1257,0,0,0
1743619230.002245,600960,21068468,0,nscratch,nscratch-ffff9808a03be000,0,0,774434370749,15605839116,0,0,23020,0,0,0,0,0,0,0,0,0,0,0,0,0,0,0,0,0,0,0,0,0,0,0,0,179,0,0,0
1743619230.002429,600960,21068468,0,pscratch,pscratch-ffff9808886c4000,0,0,298417305668,668688030543,0,0,11468,0,0,0,0,0,0,0,0,0,0,0,0,0,0,0,0,0,0,0,0,0,0,0,0,1257,0,0,0
1743619231.001851,600960,21068468,0,nscratch,nscratch-ffff9808a03be000,0,0,774434370749,15605839116,0,0,23020,0,0,0,0,0,0,0,0,0,0,0,0,0,0,0,0,0,0,0,0,0,0,0,0,179,0,0,0
1743619231.002098,600960,21068468,0,pscratch,pscratch-ffff9808886c4000,0,0,298417305668,668688030543,0,0,11468,0,0,0,0,0,0,0,0,0,0,0,0,0,0,0,0,0,0,0,0,0,0,0,0,1257,0,0,0
1743619232.001925,600960,21068468,0,nscratch,nscratch-ffff9808a03be000,0,0,774434370749,15605839116,0,0,23020,0,0,0,0,0,0,0,0,0,0,0,0,0,0,0,0,0,0,0,0,0,0,0,0,179,0,0,0
1743619232.002118,600960,21068468,0,pscratch,pscratch-ffff9808886c4000,0,0,298417305668,668688030543,0,0,11468,0,0,0,0,0,0,0,0,0,0,0,0,0,0,0,0,0,0,0,0,0,0,0,0,1257,0,0,0
1743619233.001696,600960,21068468,0,nscratch,nscratch-ffff9808a03be000,0,0,774434370749,15605839116,0,0,23020,0,0,0,0,0,0,0,0,0,0,0,0,0,0,0,0,0,0,0,0,0,0,0,0,179,0,0,0
1743619233.001858,600960,21068468,0,pscratch,pscratch-ffff9808886c4000,0,0,298417305668,668688030543,0,0,11468,0,0,0,0,0,0,0,0,0,0,0,0,0,0,0,0,0,0,0,0,0,0,0,0,1257,0,0,0
1743619234.002151,600960,21068468,0,nscratch,nscratch-ffff9808a03be000,0,0,774434370749,15605839116,0,0,23020,0,0,0,0,0,0,0,0,0,0,0,0,0,0,0,0,0,0,0,0,0,0,0,0,179,0,0,0
1743619234.002318,600960,21068468,0,pscratch,pscratch-ffff9808886c4000,0,0,298417305668,668688030543,0,0,11468,0,0,0,0,0,0,0,0,0,0,0,0,0,0,0,0,0,0,0,0,0,0,0,0,1257,0,0,0
1743619235.002024,600960,21068468,0,nscratch,nscratch-ffff9808a03be000,0,0,774434370749,15605839116,0,0,23020,0,0,0,0,0,0,0,0,0,0,0,0,0,0,0,0,0,0,0,0,0,0,0,0,179,0,0,0
1743619235.002169,600960,21068468,0,pscratch,pscratch-ffff9808886c4000,0,0,298417305668,668688030543,0,0,11468,0,0,0,0,0,0,0,0,0,0,0,0,0,0,0,0,0,0,0,0,0,0,0,0,1257,0,0,0
1743619236.001760,600960,21068468,0,nscratch,nscratch-ffff9808a03be000,0,0,774434370749,15605839116,0,0,23020,0,0,0,0,0,0,0,0,0,0,0,0,0,0,0,0,0,0,0,0,0,0,0,0,179,0,0,0
1743619236.001932,600960,21068468,0,pscratch,pscratch-ffff9808886c4000,0,0,298417305668,668688030543,0,0,11468,0,0,0,0,0,0,0,0,0,0,0,0,0,0,0,0,0,0,0,0,0,0,0,0,1257,0,0,0
1743619237.002203,600960,21068468,0,nscratch,nscratch-ffff9808a03be000,0,0,774434370749,15605839116,0,0,23020,0,0,0,0,0,0,0,0,0,0,0,0,0,0,0,0,0,0,0,0,0,0,0,0,179,0,0,0
1743619237.002370,600960,21068468,0,pscratch,pscratch-ffff9808886c4000,0,0,298417305668,668688030543,0,0,11468,0,0,0,0,0,0,0,0,0,0,0,0,0,0,0,0,0,0,0,0,0,0,0,0,1257,0,0,0
1743619238.002133,600960,21068468,0,nscratch,nscratch-ffff9808a03be000,0,0,774434370749,15605839116,0,0,23020,0,0,0,0,0,0,0,0,0,0,0,0,0,0,0,0,0,0,0,0,0,0,0,0,179,0,0,0
1743619238.002316,600960,21068468,0,pscratch,pscratch-ffff9808886c4000,0,0,298417305668,668688030543,0,0,11468,0,0,0,0,0,0,0,0,0,0,0,0,0,0,0,0,0,0,0,0,0,0,0,0,1257,0,0,0
1743619239.001459,600960,21068468,0,nscratch,nscratch-ffff9808a03be000,0,0,774434370749,15605839116,0,0,23020,0,0,0,0,0,0,0,0,0,0,0,0,0,0,0,0,0,0,0,0,0,0,0,0,179,0,0,0
1743619239.001618,600960,21068468,0,pscratch,pscratch-ffff9808886c4000,0,0,298417305668,668688030543,0,0,11468,0,0,0,0,0,0,0,0,0,0,0,0,0,0,0,0,0,0,0,0,0,0,0,0,1257,0,0,0
1743619240.001877,600960,21068468,0,nscratch,nscratch-ffff9808a03be000,0,0,774434370749,15605839116,0,0,23020,0,0,0,0,0,0,0,0,0,0,0,0,0,0,0,0,0,0,0,0,0,0,0,0,179,0,0,0
1743619240.002062,600960,21068468,0,pscratch,pscratch-ffff9808886c4000,0,0,298417305668,668688030543,0,0,11468,0,0,0,0,0,0,0,0,0,0,0,0,0,0,0,0,0,0,0,0,0,0,0,0,1257,0,0,0
1743619241.001808,600960,21068468,0,nscratch,nscratch-ffff9808a03be000,0,0,774434370749,15605839116,0,0,23020,0,0,0,0,0,0,0,0,0,0,0,0,0,0,0,0,0,0,0,0,0,0,0,0,179,0,0,0
1743619241.001985,600960,21068468,0,pscratch,pscratch-ffff9808886c4000,0,0,298417305668,668688030543,0,0,11468,0,0,0,0,0,0,0,0,0,0,0,0,0,0,0,0,0,0,0,0,0,0,0,0,1257,0,0,0
1743619242.001544,600960,21068468,0,nscratch,nscratch-ffff9808a03be000,0,0,774434370749,15605839116,0,0,23020,0,0,0,0,0,0,0,0,0,0,0,0,0,0,0,0,0,0,0,0,0,0,0,0,179,0,0,0
1743619242.001706,600960,21068468,0,pscratch,pscratch-ffff9808886c4000,0,0,298417305668,668688030543,0,0,11468,0,0,0,0,0,0,0,0,0,0,0,0,0,0,0,0,0,0,0,0,0,0,0,0,1257,0,0,0
1743619243.001296,600960,21068468,0,nscratch,nscratch-ffff9808a03be000,0,0,774434370749,15605839116,0,0,23020,0,0,0,0,0,0,0,0,0,0,0,0,0,0,0,0,0,0,0,0,0,0,0,0,179,0,0,0
1743619243.001418,600960,21068468,0,pscratch,pscratch-ffff9808886c4000,0,0,298417305668,668688030543,0,0,11468,0,0,0,0,0,0,0,0,0,0,0,0,0,0,0,0,0,0,0,0,0,0,0,0,1257,0,0,0
1743619244.001977,600960,21068468,0,nscratch,nscratch-ffff9808a03be000,0,0,774434370749,15605839116,0,0,23020,0,0,0,0,0,0,0,0,0,0,0,0,0,0,0,0,0,0,0,0,0,0,0,0,179,0,0,0
1743619244.002081,600960,21068468,0,pscratch,pscratch-ffff9808886c4000,0,0,298417305668,668688030543,0,0,11468,0,0,0,0,0,0,0,0,0,0,0,0,0,0,0,0,0,0,0,0,0,0,0,0,1257,0,0,0
1743619245.001485,600960,21068468,0,nscratch,nscratch-ffff9808a03be000,0,0,774434370749,15605839116,0,0,23020,0,0,0,0,0,0,0,0,0,0,0,0,0,0,0,0,0,0,0,0,0,0,0,0,179,0,0,0
1743619245.001599,600960,21068468,0,pscratch,pscratch-ffff9808886c4000,0,0,298417305668,668688030543,0,0,11468,0,0,0,0,0,0,0,0,0,0,0,0,0,0,0,0,0,0,0,0,0,0,0,0,1257,0,0,0
1743619246.001787,600960,21068468,0,nscratch,nscratch-ffff9808a03be000,0,0,774434370749,15605839116,0,0,23020,0,0,0,0,0,0,0,0,0,0,0,0,0,0,0,0,0,0,0,0,0,0,0,0,179,0,0,0
1743619246.001890,600960,21068468,0,pscratch,pscratch-ffff9808886c4000,0,0,298417305668,668688030543,0,0,11468,0,0,0,0,0,0,0,0,0,0,0,0,0,0,0,0,0,0,0,0,0,0,0,0,1257,0,0,0
1743619247.001441,600960,21068468,0,nscratch,nscratch-ffff9808a03be000,0,0,774434370749,15605839116,0,0,23020,0,0,0,0,0,0,0,0,0,0,0,0,0,0,0,0,0,0,0,0,0,0,0,0,179,0,0,0
1743619247.001551,600960,21068468,0,pscratch,pscratch-ffff9808886c4000,0,0,298417305668,668688030543,0,0,11468,0,0,0,0,0,0,0,0,0,0,0,0,0,0,0,0,0,0,0,0,0,0,0,0,1257,0,0,0
1743619248.001975,600960,21068468,0,nscratch,nscratch-ffff9808a03be000,0,0,774434370749,15605839116,0,0,23020,0,0,0,0,0,0,0,0,0,0,0,0,0,0,0,0,0,0,0,0,0,0,0,0,179,0,0,0
1743619248.002093,600960,21068468,0,pscratch,pscratch-ffff9808886c4000,0,0,298417305668,668688030543,0,0,11468,0,0,0,0,0,0,0,0,0,0,0,0,0,0,0,0,0,0,0,0,0,0,0,0,1257,0,0,0
1743619249.001328,600960,21068468,0,nscratch,nscratch-ffff9808a03be000,0,0,774434370749,15605839116,0,0,23020,0,0,0,0,0,0,0,0,0,0,0,0,0,0,0,0,0,0,0,0,0,0,0,0,179,0,0,0
1743619249.001439,600960,21068468,0,pscratch,pscratch-ffff9808886c4000,0,0,298417305668,668688030543,0,0,11468,0,0,0,0,0,0,0,0,0,0,0,0,0,0,0,0,0,0,0,0,0,0,0,0,1257,0,0,0
1743619250.002057,600960,21068468,0,nscratch,nscratch-ffff9808a03be000,0,0,774434370749,15605839116,0,0,23020,0,0,0,0,0,0,0,0,0,0,0,0,0,0,0,0,0,0,0,0,0,0,0,0,179,0,0,0
1743619250.002177,600960,21068468,0,pscratch,pscratch-ffff9808886c4000,0,0,298417305668,668688030543,0,0,11468,0,0,0,0,0,0,0,0,0,0,0,0,0,0,0,0,0,0,0,0,0,0,0,0,1257,0,0,0
1743619251.001583,600960,21068468,0,nscratch,nscratch-ffff9808a03be000,0,0,774434370749,15605839116,0,0,23020,0,0,0,0,0,0,0,0,0,0,0,0,0,0,0,0,0,0,0,0,0,0,0,0,179,0,0,0
1743619251.001678,600960,21068468,0,pscratch,pscratch-ffff9808886c4000,0,0,298417305668,668688030543,0,0,11468,0,0,0,0,0,0,0,0,0,0,0,0,0,0,0,0,0,0,0,0,0,0,0,0,1257,0,0,0
1743619252.001847,600960,21068468,0,nscratch,nscratch-ffff9808a03be000,0,0,774434370749,15605839116,0,0,23020,0,0,0,0,0,0,0,0,0,0,0,0,0,0,0,0,0,0,0,0,0,0,0,0,179,0,0,0
1743619252.001957,600960,21068468,0,pscratch,pscratch-ffff9808886c4000,0,0,298417305668,668688030543,0,0,11468,0,0,0,0,0,0,0,0,0,0,0,0,0,0,0,0,0,0,0,0,0,0,0,0,1257,0,0,0
1743619253.001496,600960,21068468,0,nscratch,nscratch-ffff9808a03be000,0,0,774434370749,15605839116,0,0,23020,0,0,0,0,0,0,0,0,0,0,0,0,0,0,0,0,0,0,0,0,0,0,0,0,179,0,0,0
1743619253.001600,600960,21068468,0,pscratch,pscratch-ffff9808886c4000,0,0,298417305668,668688030543,0,0,11468,0,0,0,0,0,0,0,0,0,0,0,0,0,0,0,0,0,0,0,0,0,0,0,0,1257,0,0,0
1743619254.001965,600960,21068468,0,nscratch,nscratch-ffff9808a03be000,0,0,774434370749,15605839116,0,0,23020,0,0,0,0,0,0,0,0,0,0,0,0,0,0,0,0,0,0,0,0,0,0,0,0,179,0,0,0
1743619254.002065,600960,21068468,0,pscratch,pscratch-ffff9808886c4000,0,0,298417305668,668688030543,0,0,11468,0,0,0,0,0,0,0,0,0,0,0,0,0,0,0,0,0,0,0,0,0,0,0,0,1257,0,0,0
1743619255.001320,600960,21068468,0,nscratch,nscratch-ffff9808a03be000,0,0,774434370749,15605839116,0,0,23020,0,0,0,0,0,0,0,0,0,0,0,0,0,0,0,0,0,0,0,0,0,0,0,0,179,0,0,0
1743619255.001430,600960,21068468,0,pscratch,pscratch-ffff9808886c4000,0,0,298417305668,668688030543,0,0,11468,0,0,0,0,0,0,0,0,0,0,0,0,0,0,0,0,0,0,0,0,0,0,0,0,1257,0,0,0
1743619256.001924,600960,21068468,0,nscratch,nscratch-ffff9808a03be000,0,0,774434370749,15605839116,0,0,23020,0,0,0,0,0,0,0,0,0,0,0,0,0,0,0,0,0,0,0,0,0,0,0,0,179,0,0,0
1743619256.002055,600960,21068468,0,pscratch,pscratch-ffff9808886c4000,0,0,298417305668,668688030543,0,0,11468,0,0,0,0,0,0,0,0,0,0,0,0,0,0,0,0,0,0,0,0,0,0,0,0,1257,0,0,0
1743619257.001465,600960,21068468,0,nscratch,nscratch-ffff9808a03be000,0,0,774434370749,15605839116,0,0,23020,0,0,0,0,0,0,0,0,0,0,0,0,0,0,0,0,0,0,0,0,0,0,0,0,179,0,0,0
1743619257.001584,600960,21068468,0,pscratch,pscratch-ffff9808886c4000,0,0,298417305668,668688030543,0,0,11468,0,0,0,0,0,0,0,0,0,0,0,0,0,0,0,0,0,0,0,0,0,0,0,0,1257,0,0,0
1743619258.001799,600960,21068468,0,nscratch,nscratch-ffff9808a03be000,0,0,774434370749,15605839116,0,0,23020,0,0,0,0,0,0,0,0,0,0,0,0,0,0,0,0,0,0,0,0,0,0,0,0,179,0,0,0
1743619258.001901,600960,21068468,0,pscratch,pscratch-ffff9808886c4000,0,0,298417305668,668688030543,0,0,11468,0,0,0,0,0,0,0,0,0,0,0,0,0,0,0,0,0,0,0,0,0,0,0,0,1257,0,0,0
1743619259.001500,600960,21068468,0,nscratch,nscratch-ffff9808a03be000,0,0,774434370749,15605839116,0,0,23020,0,0,0,0,0,0,0,0,0,0,0,0,0,0,0,0,0,0,0,0,0,0,0,0,179,0,0,0
1743619259.001654,600960,21068468,0,pscratch,pscratch-ffff9808886c4000,0,0,298417305668,668688030543,0,0,11468,0,0,0,0,0,0,0,0,0,0,0,0,0,0,0,0,0,0,0,0,0,0,0,0,1257,0,0,0
1743619260.002189,600960,21068468,0,nscratch,nscratch-ffff9808a03be000,0,0,774434370749,15605839116,0,0,23020,0,0,0,0,0,0,0,0,0,0,0,0,0,0,0,0,0,0,0,0,0,0,0,0,179,0,0,0
1743619260.002355,600960,21068468,0,pscratch,pscratch-ffff9808886c4000,0,0,298417305668,668688030543,0,0,11468,0,0,0,0,0,0,0,0,0,0,0,0,0,0,0,0,0,0,0,0,0,0,0,0,1257,0,0,0
1743619261.001603,600960,21068468,0,nscratch,nscratch-ffff9808a03be000,0,0,774434370749,15605839116,0,0,23020,0,0,0,0,0,0,0,0,0,0,0,0,0,0,0,0,0,0,0,0,0,0,0,0,179,0,0,0
1743619261.001761,600960,21068468,0,pscratch,pscratch-ffff9808886c4000,0,0,298417305668,668688030543,0,0,11468,0,0,0,0,0,0,0,0,0,0,0,0,0,0,0,0,0,0,0,0,0,0,0,0,1257,0,0,0
1743619262.001500,600960,21068468,0,nscratch,nscratch-ffff9808a03be000,0,0,774434370749,15605839116,0,0,23020,0,0,0,0,0,0,0,0,0,0,0,0,0,0,0,0,0,0,0,0,0,0,0,0,179,0,0,0
1743619262.001669,600960,21068468,0,pscratch,pscratch-ffff9808886c4000,0,0,298417305668,668688030543,0,0,11468,0,0,0,0,0,0,0,0,0,0,0,0,0,0,0,0,0,0,0,0,0,0,0,0,1257,0,0,0
1743619263.002166,600960,21068468,0,nscratch,nscratch-ffff9808a03be000,0,0,774434370749,15605839116,0,0,23020,0,0,0,0,0,0,0,0,0,0,0,0,0,0,0,0,0,0,0,0,0,0,0,0,179,0,0,0
1743619263.002322,600960,21068468,0,pscratch,pscratch-ffff9808886c4000,0,0,298417305668,668688030543,0,0,11468,0,0,0,0,0,0,0,0,0,0,0,0,0,0,0,0,0,0,0,0,0,0,0,0,1257,0,0,0
1743619264.001565,600960,21068468,0,nscratch,nscratch-ffff9808a03be000,0,0,774434370749,15605839116,0,0,23020,0,0,0,0,0,0,0,0,0,0,0,0,0,0,0,0,0,0,0,0,0,0,0,0,179,0,0,0
1743619264.001732,600960,21068468,0,pscratch,pscratch-ffff9808886c4000,0,0,298417305668,668688030543,0,0,11468,0,0,0,0,0,0,0,0,0,0,0,0,0,0,0,0,0,0,0,0,0,0,0,0,1257,0,0,0
1743619265.002422,600960,21068468,0,nscratch,nscratch-ffff9808a03be000,0,0,774434370749,15605839116,0,0,23020,0,0,0,0,0,0,0,0,0,0,0,0,0,0,0,0,0,0,0,0,0,0,0,0,179,0,0,0
1743619265.002577,600960,21068468,0,pscratch,pscratch-ffff9808886c4000,0,0,298417305668,668688030543,0,0,11468,0,0,0,0,0,0,0,0,0,0,0,0,0,0,0,0,0,0,0,0,0,0,0,0,1257,0,0,0
1743619266.002133,600960,21068468,0,nscratch,nscratch-ffff9808a03be000,0,0,774434370749,15605839116,0,0,23020,0,0,0,0,0,0,0,0,0,0,0,0,0,0,0,0,0,0,0,0,0,0,0,0,179,0,0,0
1743619266.002300,600960,21068468,0,pscratch,pscratch-ffff9808886c4000,0,0,298417305668,668688030543,0,0,11468,0,0,0,0,0,0,0,0,0,0,0,0,0,0,0,0,0,0,0,0,0,0,0,0,1257,0,0,0
1743619267.001539,600960,21068468,0,nscratch,nscratch-ffff9808a03be000,0,0,774434370749,15605839116,0,0,23020,0,0,0,0,0,0,0,0,0,0,0,0,0,0,0,0,0,0,0,0,0,0,0,0,179,0,0,0
1743619267.001681,600960,21068468,0,pscratch,pscratch-ffff9808886c4000,0,0,298417305668,668688030543,0,0,11468,0,0,0,0,0,0,0,0,0,0,0,0,0,0,0,0,0,0,0,0,0,0,0,0,1257,0,0,0
1743619268.002378,600960,21068468,0,nscratch,nscratch-ffff9808a03be000,0,0,774434370749,15605839116,0,0,23020,0,0,0,0,0,0,0,0,0,0,0,0,0,0,0,0,0,0,0,0,0,0,0,0,179,0,0,0
1743619268.002541,600960,21068468,0,pscratch,pscratch-ffff9808886c4000,0,0,298417305668,668688030543,0,0,11468,0,0,0,0,0,0,0,0,0,0,0,0,0,0,0,0,0,0,0,0,0,0,0,0,1257,0,0,0
1743619269.001437,600960,21068468,0,nscratch,nscratch-ffff9808a03be000,0,0,774434370749,15605839116,0,0,23020,0,0,0,0,0,0,0,0,0,0,0,0,0,0,0,0,0,0,0,0,0,0,0,0,179,0,0,0
1743619269.001585,600960,21068468,0,pscratch,pscratch-ffff9808886c4000,0,0,298417305668,668688030543,0,0,11468,0,0,0,0,0,0,0,0,0,0,0,0,0,0,0,0,0,0,0,0,0,0,0,0,1257,0,0,0
1743619270.001196,600960,21068468,0,nscratch,nscratch-ffff9808a03be000,0,0,774434370749,15605839116,0,0,23020,0,0,0,0,0,0,0,0,0,0,0,0,0,0,0,0,0,0,0,0,0,0,0,0,179,0,0,0
1743619270.001359,600960,21068468,0,pscratch,pscratch-ffff9808886c4000,0,0,298417305668,668688030543,0,0,11468,0,0,0,0,0,0,0,0,0,0,0,0,0,0,0,0,0,0,0,0,0,0,0,0,1257,0,0,0
1743619271.002077,600960,21068468,0,nscratch,nscratch-ffff9808a03be000,0,0,774434370749,15605839116,0,0,23020,0,0,0,0,0,0,0,0,0,0,0,0,0,0,0,0,0,0,0,0,0,0,0,0,179,0,0,0
1743619271.002244,600960,21068468,0,pscratch,pscratch-ffff9808886c4000,0,0,298417305668,668688030543,0,0,11468,0,0,0,0,0,0,0,0,0,0,0,0,0,0,0,0,0,0,0,0,0,0,0,0,1257,0,0,0
1743619272.001407,600960,21068468,0,nscratch,nscratch-ffff9808a03be000,0,0,774434370749,15605839116,0,0,23020,0,0,0,0,0,0,0,0,0,0,0,0,0,0,0,0,0,0,0,0,0,0,0,0,179,0,0,0
1743619272.001518,600960,21068468,0,pscratch,pscratch-ffff9808886c4000,0,0,298417305668,668688030543,0,0,11468,0,0,0,0,0,0,0,0,0,0,0,0,0,0,0,0,0,0,0,0,0,0,0,0,1257,0,0,0
1743619273.001161,600960,21068468,0,nscratch,nscratch-ffff9808a03be000,0,0,774434370749,15605839116,0,0,23020,0,0,0,0,0,0,0,0,0,0,0,0,0,0,0,0,0,0,0,0,0,0,0,0,179,0,0,0
1743619273.001276,600960,21068468,0,pscratch,pscratch-ffff9808886c4000,0,0,298417305668,668688030543,0,0,11468,0,0,0,0,0,0,0,0,0,0,0,0,0,0,0,0,0,0,0,0,0,0,0,0,1257,0,0,0
1743619274.001393,600960,21068468,0,nscratch,nscratch-ffff9808a03be000,0,0,774434370749,15605839116,0,0,23020,0,0,0,0,0,0,0,0,0,0,0,0,0,0,0,0,0,0,0,0,0,0,0,0,179,0,0,0
1743619274.001514,600960,21068468,0,pscratch,pscratch-ffff9808886c4000,0,0,298417305668,668688030543,0,0,11468,0,0,0,0,0,0,0,0,0,0,0,0,0,0,0,0,0,0,0,0,0,0,0,0,1257,0,0,0
1743619275.001900,600960,21068468,0,nscratch,nscratch-ffff9808a03be000,0,0,774434370749,15605839116,0,0,23020,0,0,0,0,0,0,0,0,0,0,0,0,0,0,0,0,0,0,0,0,0,0,0,0,179,0,0,0
1743619275.002005,600960,21068468,0,pscratch,pscratch-ffff9808886c4000,0,0,298417305668,668688030543,0,0,11468,0,0,0,0,0,0,0,0,0,0,0,0,0,0,0,0,0,0,0,0,0,0,0,0,1257,0,0,0
1743619276.001380,600960,21068468,0,nscratch,nscratch-ffff9808a03be000,0,0,774434370749,15605839116,0,0,23020,0,0,0,0,0,0,0,0,0,0,0,0,0,0,0,0,0,0,0,0,0,0,0,0,179,0,0,0
1743619276.001544,600960,21068468,0,pscratch,pscratch-ffff9808886c4000,0,0,298417305668,668688030543,0,0,11468,0,0,0,0,0,0,0,0,0,0,0,0,0,0,0,0,0,0,0,0,0,0,0,0,1257,0,0,0
1743619277.002350,600960,21068468,0,nscratch,nscratch-ffff9808a03be000,0,0,774434370749,15605839116,0,0,23020,0,0,0,0,0,0,0,0,0,0,0,0,0,0,0,0,0,0,0,0,0,0,0,0,179,0,0,0
1743619277.002450,600960,21068468,0,pscratch,pscratch-ffff9808886c4000,0,0,298417305668,668688030543,0,0,11468,0,0,0,0,0,0,0,0,0,0,0,0,0,0,0,0,0,0,0,0,0,0,0,0,1257,0,0,0
1743619278.001870,600960,21068468,0,nscratch,nscratch-ffff9808a03be000,0,0,774434370749,15605839116,0,0,23020,0,0,0,0,0,0,0,0,0,0,0,0,0,0,0,0,0,0,0,0,0,0,0,0,179,0,0,0
1743619278.001981,600960,21068468,0,pscratch,pscratch-ffff9808886c4000,0,0,298417305668,668688030543,0,0,11468,0,0,0,0,0,0,0,0,0,0,0,0,0,0,0,0,0,0,0,0,0,0,0,0,1257,0,0,0
1743619279.001677,600960,21068468,0,nscratch,nscratch-ffff9808a03be000,0,0,774434370749,15605839116,0,0,23020,0,0,0,0,0,0,0,0,0,0,0,0,0,0,0,0,0,0,0,0,0,0,0,0,179,0,0,0
1743619279.001799,600960,21068468,0,pscratch,pscratch-ffff9808886c4000,0,0,298417305668,668688030543,0,0,11468,0,0,0,0,0,0,0,0,0,0,0,0,0,0,0,0,0,0,0,0,0,0,0,0,1257,0,0,0
1743619280.001728,600960,21068468,0,nscratch,nscratch-ffff9808a03be000,0,0,774434370749,15605839116,0,0,23020,0,0,0,0,0,0,0,0,0,0,0,0,0,0,0,0,0,0,0,0,0,0,0,0,179,0,0,0
1743619280.001837,600960,21068468,0,pscratch,pscratch-ffff9808886c4000,0,0,298417305668,668688030543,0,0,11468,0,0,0,0,0,0,0,0,0,0,0,0,0,0,0,0,0,0,0,0,0,0,0,0,1257,0,0,0
1743619281.002211,600960,21068468,0,nscratch,nscratch-ffff9808a03be000,0,0,774434370749,15605839116,0,0,23020,0,0,0,0,0,0,0,0,0,0,0,0,0,0,0,0,0,0,0,0,0,0,0,0,179,0,0,0
1743619281.002318,600960,21068468,0,pscratch,pscratch-ffff9808886c4000,0,0,298417305668,668688030543,0,0,11468,0,0,0,0,0,0,0,0,0,0,0,0,0,0,0,0,0,0,0,0,0,0,0,0,1257,0,0,0
1743619282.001421,600960,21068468,0,nscratch,nscratch-ffff9808a03be000,0,0,774434370749,15605839116,0,0,23020,0,0,0,0,0,0,0,0,0,0,0,0,0,0,0,0,0,0,0,0,0,0,0,0,179,0,0,0
1743619282.001494,600960,21068468,0,pscratch,pscratch-ffff9808886c4000,0,0,298417305668,668688030543,0,0,11468,0,0,0,0,0,0,0,0,0,0,0,0,0,0,0,0,0,0,0,0,0,0,0,0,1257,0,0,0
1743619283.001845,600960,21068468,0,nscratch,nscratch-ffff9808a03be000,0,0,774434370749,15605839116,0,0,23020,0,0,0,0,0,0,0,0,0,0,0,0,0,0,0,0,0,0,0,0,0,0,0,0,179,0,0,0
1743619283.001919,600960,21068468,0,pscratch,pscratch-ffff9808886c4000,0,0,298417305668,668688030543,0,0,11468,0,0,0,0,0,0,0,0,0,0,0,0,0,0,0,0,0,0,0,0,0,0,0,0,1257,0,0,0
1743619284.002301,600960,21068468,0,nscratch,nscratch-ffff9808a03be000,0,0,774434370749,15605839116,0,0,23020,0,0,0,0,0,0,0,0,0,0,0,0,0,0,0,0,0,0,0,0,0,0,0,0,179,0,0,0
1743619284.002415,600960,21068468,0,pscratch,pscratch-ffff9808886c4000,0,0,298417305668,668688030543,0,0,11468,0,0,0,0,0,0,0,0,0,0,0,0,0,0,0,0,0,0,0,0,0,0,0,0,1257,0,0,0
1743619285.001543,600960,21068468,0,nscratch,nscratch-ffff9808a03be000,0,0,774434370749,15605839116,0,0,23020,0,0,0,0,0,0,0,0,0,0,0,0,0,0,0,0,0,0,0,0,0,0,0,0,179,0,0,0
1743619285.001651,600960,21068468,0,pscratch,pscratch-ffff9808886c4000,0,0,298417305668,668688030543,0,0,11468,0,0,0,0,0,0,0,0,0,0,0,0,0,0,0,0,0,0,0,0,0,0,0,0,1257,0,0,0
1743619286.002143,600960,21068468,0,nscratch,nscratch-ffff9808a03be000,0,0,774434370749,15605839116,0,0,23020,0,0,0,0,0,0,0,0,0,0,0,0,0,0,0,0,0,0,0,0,0,0,0,0,179,0,0,0
1743619286.002251,600960,21068468,0,pscratch,pscratch-ffff9808886c4000,0,0,298417305668,668688030543,0,0,11468,0,0,0,0,0,0,0,0,0,0,0,0,0,0,0,0,0,0,0,0,0,0,0,0,1257,0,0,0
1743619287.001584,600960,21068468,0,nscratch,nscratch-ffff9808a03be000,0,0,774434370749,15605839116,0,0,23020,0,0,0,0,0,0,0,0,0,0,0,0,0,0,0,0,0,0,0,0,0,0,0,0,179,0,0,0
1743619287.001693,600960,21068468,0,pscratch,pscratch-ffff9808886c4000,0,0,298417305668,668688030543,0,0,11468,0,0,0,0,0,0,0,0,0,0,0,0,0,0,0,0,0,0,0,0,0,0,0,0,1257,0,0,0
1743619288.001825,600960,21068468,0,nscratch,nscratch-ffff9808a03be000,0,0,774434370749,15605839116,0,0,23020,0,0,0,0,0,0,0,0,0,0,0,0,0,0,0,0,0,0,0,0,0,0,0,0,179,0,0,0
1743619288.001935,600960,21068468,0,pscratch,pscratch-ffff9808886c4000,0,0,298417305668,668688030543,0,0,11468,0,0,0,0,0,0,0,0,0,0,0,0,0,0,0,0,0,0,0,0,0,0,0,0,1257,0,0,0
1743619289.001416,600960,21068468,0,nscratch,nscratch-ffff9808a03be000,0,0,774434370749,15605839116,0,0,23020,0,0,0,0,0,0,0,0,0,0,0,0,0,0,0,0,0,0,0,0,0,0,0,0,179,0,0,0
1743619289.001524,600960,21068468,0,pscratch,pscratch-ffff9808886c4000,0,0,298417305668,668688030543,0,0,11468,0,0,0,0,0,0,0,0,0,0,0,0,0,0,0,0,0,0,0,0,0,0,0,0,1257,0,0,0
1743619290.001882,600960,21068468,0,nscratch,nscratch-ffff9808a03be000,0,0,774434370749,15605839116,0,0,23020,0,0,0,0,0,0,0,0,0,0,0,0,0,0,0,0,0,0,0,0,0,0,0,0,179,0,0,0
1743619290.001997,600960,21068468,0,pscratch,pscratch-ffff9808886c4000,0,0,298417305668,668688030543,0,0,11468,0,0,0,0,0,0,0,0,0,0,0,0,0,0,0,0,0,0,0,0,0,0,0,0,1257,0,0,0
1743619291.001122,600960,21068468,0,nscratch,nscratch-ffff9808a03be000,0,0,774434370749,15605839116,0,0,23020,0,0,0,0,0,0,0,0,0,0,0,0,0,0,0,0,0,0,0,0,0,0,0,0,179,0,0,0
1743619291.001229,600960,21068468,0,pscratch,pscratch-ffff9808886c4000,0,0,298417305668,668688030543,0,0,11468,0,0,0,0,0,0,0,0,0,0,0,0,0,0,0,0,0,0,0,0,0,0,0,0,1257,0,0,0
1743619292.001717,600960,21068468,0,nscratch,nscratch-ffff9808a03be000,0,0,774434370749,15605839116,0,0,23020,0,0,0,0,0,0,0,0,0,0,0,0,0,0,0,0,0,0,0,0,0,0,0,0,179,0,0,0
1743619292.001827,600960,21068468,0,pscratch,pscratch-ffff9808886c4000,0,0,298417305668,668688030543,0,0,11468,0,0,0,0,0,0,0,0,0,0,0,0,0,0,0,0,0,0,0,0,0,0,0,0,1257,0,0,0
1743619293.002163,600960,21068468,0,nscratch,nscratch-ffff9808a03be000,0,0,774434370749,15605839116,0,0,23020,0,0,0,0,0,0,0,0,0,0,0,0,0,0,0,0,0,0,0,0,0,0,0,0,179,0,0,0
1743619293.002270,600960,21068468,0,pscratch,pscratch-ffff9808886c4000,0,0,298417305668,668688030543,0,0,11468,0,0,0,0,0,0,0,0,0,0,0,0,0,0,0,0,0,0,0,0,0,0,0,0,1257,0,0,0
1743619294.001398,600960,21068468,0,nscratch,nscratch-ffff9808a03be000,0,0,774434370749,15605839116,0,0,23020,0,0,0,0,0,0,0,0,0,0,0,0,0,0,0,0,0,0,0,0,0,0,0,0,179,0,0,0
1743619294.001507,600960,21068468,0,pscratch,pscratch-ffff9808886c4000,0,0,298417305668,668688030543,0,0,11468,0,0,0,0,0,0,0,0,0,0,0,0,0,0,0,0,0,0,0,0,0,0,0,0,1257,0,0,0
1743619295.002045,600960,21068468,0,nscratch,nscratch-ffff9808a03be000,0,0,774434370749,15605839116,0,0,23020,0,0,0,0,0,0,0,0,0,0,0,0,0,0,0,0,0,0,0,0,0,0,0,0,179,0,0,0
1743619295.002158,600960,21068468,0,pscratch,pscratch-ffff9808886c4000,0,0,298417305668,668688030543,0,0,11468,0,0,0,0,0,0,0,0,0,0,0,0,0,0,0,0,0,0,0,0,0,0,0,0,1257,0,0,0
1743619296.001516,600960,21068468,0,nscratch,nscratch-ffff9808a03be000,0,0,774434370749,15605839116,0,0,23020,0,0,0,0,0,0,0,0,0,0,0,0,0,0,0,0,0,0,0,0,0,0,0,0,179,0,0,0
1743619296.001628,600960,21068468,0,pscratch,pscratch-ffff9808886c4000,0,0,298417305668,668688030543,0,0,11468,0,0,0,0,0,0,0,0,0,0,0,0,0,0,0,0,0,0,0,0,0,0,0,0,1257,0,0,0
1743619297.001758,600960,21068468,0,nscratch,nscratch-ffff9808a03be000,0,0,774434370749,15605839116,0,0,23020,0,0,0,0,0,0,0,0,0,0,0,0,0,0,0,0,0,0,0,0,0,0,0,0,179,0,0,0
1743619297.001867,600960,21068468,0,pscratch,pscratch-ffff9808886c4000,0,0,298417305668,668688030543,0,0,11468,0,0,0,0,0,0,0,0,0,0,0,0,0,0,0,0,0,0,0,0,0,0,0,0,1257,0,0,0
1743619298.001358,600960,21068468,0,nscratch,nscratch-ffff9808a03be000,0,0,774434370749,15605839116,0,0,23020,0,0,0,0,0,0,0,0,0,0,0,0,0,0,0,0,0,0,0,0,0,0,0,0,179,0,0,0
1743619298.001465,600960,21068468,0,pscratch,pscratch-ffff9808886c4000,0,0,298417305668,668688030543,0,0,11468,0,0,0,0,0,0,0,0,0,0,0,0,0,0,0,0,0,0,0,0,0,0,0,0,1257,0,0,0
1743619299.001817,600960,21068468,0,nscratch,nscratch-ffff9808a03be000,0,0,774434370749,15605839116,0,0,23020,0,0,0,0,0,0,0,0,0,0,0,0,0,0,0,0,0,0,0,0,0,0,0,0,179,0,0,0
1743619299.001931,600960,21068468,0,pscratch,pscratch-ffff9808886c4000,0,0,298417305668,668688030543,0,0,11468,0,0,0,0,0,0,0,0,0,0,0,0,0,0,0,0,0,0,0,0,0,0,0,0,1257,0,0,0
1743619300.002079,600960,21068468,0,nscratch,nscratch-ffff9808a03be000,0,0,774434370749,15605839116,0,0,23020,0,0,0,0,0,0,0,0,0,0,0,0,0,0,0,0,0,0,0,0,0,0,0,0,179,0,0,0
1743619300.002187,600960,21068468,0,pscratch,pscratch-ffff9808886c4000,0,0,298417305668,668688030543,0,0,11468,0,0,0,0,0,0,0,0,0,0,0,0,0,0,0,0,0,0,0,0,0,0,0,0,1257,0,0,0
1743619301.001727,600960,21068468,0,nscratch,nscratch-ffff9808a03be000,0,0,774434370749,15605839116,0,0,23020,0,0,0,0,0,0,0,0,0,0,0,0,0,0,0,0,0,0,0,0,0,0,0,0,179,0,0,0
1743619301.001836,600960,21068468,0,pscratch,pscratch-ffff9808886c4000,0,0,298417305668,668688030543,0,0,11468,0,0,0,0,0,0,0,0,0,0,0,0,0,0,0,0,0,0,0,0,0,0,0,0,1257,0,0,0
1743619302.002174,600960,21068468,0,nscratch,nscratch-ffff9808a03be000,0,0,774434370749,15605839116,0,0,23020,0,0,0,0,0,0,0,0,0,0,0,0,0,0,0,0,0,0,0,0,0,0,0,0,179,0,0,0
1743619302.002284,600960,21068468,0,pscratch,pscratch-ffff9808886c4000,0,0,298417305668,668688030543,0,0,11468,0,0,0,0,0,0,0,0,0,0,0,0,0,0,0,0,0,0,0,0,0,0,0,0,1257,0,0,0
1743619303.001424,600960,21068468,0,nscratch,nscratch-ffff9808a03be000,0,0,774434370749,15605839116,0,0,23020,0,0,0,0,0,0,0,0,0,0,0,0,0,0,0,0,0,0,0,0,0,0,0,0,179,0,0,0
1743619303.001531,600960,21068468,0,pscratch,pscratch-ffff9808886c4000,0,0,298417305668,668688030543,0,0,11468,0,0,0,0,0,0,0,0,0,0,0,0,0,0,0,0,0,0,0,0,0,0,0,0,1257,0,0,0
1743619304.002026,600960,21068468,0,nscratch,nscratch-ffff9808a03be000,0,0,774434370749,15605839116,0,0,23020,0,0,0,0,0,0,0,0,0,0,0,0,0,0,0,0,0,0,0,0,0,0,0,0,179,0,0,0
1743619304.002134,600960,21068468,0,pscratch,pscratch-ffff9808886c4000,0,0,298417305668,668688030543,0,0,11468,0,0,0,0,0,0,0,0,0,0,0,0,0,0,0,0,0,0,0,0,0,0,0,0,1257,0,0,0
1743619305.001469,600960,21068468,0,nscratch,nscratch-ffff9808a03be000,0,0,774434370749,15605839116,0,0,23020,0,0,0,0,0,0,0,0,0,0,0,0,0,0,0,0,0,0,0,0,0,0,0,0,179,0,0,0
1743619305.001578,600960,21068468,0,pscratch,pscratch-ffff9808886c4000,0,0,298417305668,668688030543,0,0,11468,0,0,0,0,0,0,0,0,0,0,0,0,0,0,0,0,0,0,0,0,0,0,0,0,1257,0,0,0
1743619306.001710,600960,21068468,0,nscratch,nscratch-ffff9808a03be000,0,0,774434370749,15605839116,0,0,23020,0,0,0,0,0,0,0,0,0,0,0,0,0,0,0,0,0,0,0,0,0,0,0,0,179,0,0,0
1743619306.001819,600960,21068468,0,pscratch,pscratch-ffff9808886c4000,0,0,298417305668,668688030543,0,0,11468,0,0,0,0,0,0,0,0,0,0,0,0,0,0,0,0,0,0,0,0,0,0,0,0,1257,0,0,0
1743619307.001315,600960,21068468,0,nscratch,nscratch-ffff9808a03be000,0,0,774434370749,15605839116,0,0,23020,0,0,0,0,0,0,0,0,0,0,0,0,0,0,0,0,0,0,0,0,0,0,0,0,179,0,0,0
1743619307.001425,600960,21068468,0,pscratch,pscratch-ffff9808886c4000,0,0,298417305668,668688030543,0,0,11468,0,0,0,0,0,0,0,0,0,0,0,0,0,0,0,0,0,0,0,0,0,0,0,0,1257,0,0,0
1743619308.001755,600960,21068468,0,nscratch,nscratch-ffff9808a03be000,0,0,774434370749,15605839116,0,0,23020,0,0,0,0,0,0,0,0,0,0,0,0,0,0,0,0,0,0,0,0,0,0,0,0,179,0,0,0
1743619308.001865,600960,21068468,0,pscratch,pscratch-ffff9808886c4000,0,0,298417305668,668688030543,0,0,11468,0,0,0,0,0,0,0,0,0,0,0,0,0,0,0,0,0,0,0,0,0,0,0,0,1257,0,0,0
1743619309.001999,600960,21068468,0,nscratch,nscratch-ffff9808a03be000,0,0,774434370749,15605839116,0,0,23020,0,0,0,0,0,0,0,0,0,0,0,0,0,0,0,0,0,0,0,0,0,0,0,0,179,0,0,0
1743619309.002107,600960,21068468,0,pscratch,pscratch-ffff9808886c4000,0,0,298417305668,668688030543,0,0,11468,0,0,0,0,0,0,0,0,0,0,0,0,0,0,0,0,0,0,0,0,0,0,0,0,1257,0,0,0
1743619310.001594,600960,21068468,0,nscratch,nscratch-ffff9808a03be000,0,0,774434370749,15605839116,0,0,23020,0,0,0,0,0,0,0,0,0,0,0,0,0,0,0,0,0,0,0,0,0,0,0,0,179,0,0,0
1743619310.001716,600960,21068468,0,pscratch,pscratch-ffff9808886c4000,0,0,298417305668,668688030543,0,0,11468,0,0,0,0,0,0,0,0,0,0,0,0,0,0,0,0,0,0,0,0,0,0,0,0,1257,0,0,0
1743619311.002072,600960,21068468,0,nscratch,nscratch-ffff9808a03be000,0,0,774434370749,15605839116,0,0,23020,0,0,0,0,0,0,0,0,0,0,0,0,0,0,0,0,0,0,0,0,0,0,0,0,179,0,0,0
1743619311.002181,600960,21068468,0,pscratch,pscratch-ffff9808886c4000,0,0,298417305668,668688030543,0,0,11468,0,0,0,0,0,0,0,0,0,0,0,0,0,0,0,0,0,0,0,0,0,0,0,0,1257,0,0,0
1743619312.001310,600960,21068468,0,nscratch,nscratch-ffff9808a03be000,0,0,774434370749,15605839116,0,0,23020,0,0,0,0,0,0,0,0,0,0,0,0,0,0,0,0,0,0,0,0,0,0,0,0,179,0,0,0
1743619312.001417,600960,21068468,0,pscratch,pscratch-ffff9808886c4000,0,0,298417305668,668688030543,0,0,11468,0,0,0,0,0,0,0,0,0,0,0,0,0,0,0,0,0,0,0,0,0,0,0,0,1257,0,0,0
1743619313.001899,600960,21068468,0,nscratch,nscratch-ffff9808a03be000,0,0,774434370749,15605839116,0,0,23020,0,0,0,0,0,0,0,0,0,0,0,0,0,0,0,0,0,0,0,0,0,0,0,0,179,0,0,0
1743619313.002014,600960,21068468,0,pscratch,pscratch-ffff9808886c4000,0,0,298417305668,668688030543,0,0,11468,0,0,0,0,0,0,0,0,0,0,0,0,0,0,0,0,0,0,0,0,0,0,0,0,1257,0,0,0
1743619314.001369,600960,21068468,0,nscratch,nscratch-ffff9808a03be000,0,0,774434370749,15605839116,0,0,23020,0,0,0,0,0,0,0,0,0,0,0,0,0,0,0,0,0,0,0,0,0,0,0,0,179,0,0,0
1743619314.001479,600960,21068468,0,pscratch,pscratch-ffff9808886c4000,0,0,298417305668,668688030543,0,0,11468,0,0,0,0,0,0,0,0,0,0,0,0,0,0,0,0,0,0,0,0,0,0,0,0,1257,0,0,0
1743619315.001605,600960,21068468,0,nscratch,nscratch-ffff9808a03be000,0,0,774434370749,15605839116,0,0,23020,0,0,0,0,0,0,0,0,0,0,0,0,0,0,0,0,0,0,0,0,0,0,0,0,179,0,0,0
1743619315.001712,600960,21068468,0,pscratch,pscratch-ffff9808886c4000,0,0,298417305668,668688030543,0,0,11468,0,0,0,0,0,0,0,0,0,0,0,0,0,0,0,0,0,0,0,0,0,0,0,0,1257,0,0,0
1743619316.002208,600960,21068468,0,nscratch,nscratch-ffff9808a03be000,0,0,774434370749,15605839116,0,0,23020,0,0,0,0,0,0,0,0,0,0,0,0,0,0,0,0,0,0,0,0,0,0,0,0,179,0,0,0
1743619316.002318,600960,21068468,0,pscratch,pscratch-ffff9808886c4000,0,0,298417305668,668688030543,0,0,11468,0,0,0,0,0,0,0,0,0,0,0,0,0,0,0,0,0,0,0,0,0,0,0,0,1257,0,0,0
1743619317.001657,600960,21068468,0,nscratch,nscratch-ffff9808a03be000,0,0,774434370749,15605839116,0,0,23020,0,0,0,0,0,0,0,0,0,0,0,0,0,0,0,0,0,0,0,0,0,0,0,0,179,0,0,0
1743619317.001765,600960,21068468,0,pscratch,pscratch-ffff9808886c4000,0,0,298417305668,668688030543,0,0,11468,0,0,0,0,0,0,0,0,0,0,0,0,0,0,0,0,0,0,0,0,0,0,0,0,1257,0,0,0
1743619318.001895,600960,21068468,0,nscratch,nscratch-ffff9808a03be000,0,0,774434370749,15605839116,0,0,23020,0,0,0,0,0,0,0,0,0,0,0,0,0,0,0,0,0,0,0,0,0,0,0,0,179,0,0,0
1743619318.002008,600960,21068468,0,pscratch,pscratch-ffff9808886c4000,0,0,298417305668,668688030543,0,0,11468,0,0,0,0,0,0,0,0,0,0,0,0,0,0,0,0,0,0,0,0,0,0,0,0,1257,0,0,0
1743619319.001485,600960,21068468,0,nscratch,nscratch-ffff9808a03be000,0,0,774434370749,15605839116,0,0,23020,0,0,0,0,0,0,0,0,0,0,0,0,0,0,0,0,0,0,0,0,0,0,0,0,179,0,0,0
1743619319.001595,600960,21068468,0,pscratch,pscratch-ffff9808886c4000,0,0,298417305668,668688030543,0,0,11468,0,0,0,0,0,0,0,0,0,0,0,0,0,0,0,0,0,0,0,0,0,0,0,0,1257,0,0,0
1743619320.001931,600960,21068468,0,nscratch,nscratch-ffff9808a03be000,0,0,774434370749,15605839116,0,0,23020,0,0,0,0,0,0,0,0,0,0,0,0,0,0,0,0,0,0,0,0,0,0,0,0,179,0,0,0
1743619320.002046,600960,21068468,0,pscratch,pscratch-ffff9808886c4000,0,0,298417305668,668688030543,0,0,11468,0,0,0,0,0,0,0,0,0,0,0,0,0,0,0,0,0,0,0,0,0,0,0,0,1257,0,0,0
1743619321.001173,600960,21068468,0,nscratch,nscratch-ffff9808a03be000,0,0,774434370749,15605839116,0,0,23020,0,0,0,0,0,0,0,0,0,0,0,0,0,0,0,0,0,0,0,0,0,0,0,0,179,0,0,0
1743619321.001281,600960,21068468,0,pscratch,pscratch-ffff9808886c4000,0,0,298417305668,668688030543,0,0,11468,0,0,0,0,0,0,0,0,0,0,0,0,0,0,0,0,0,0,0,0,0,0,0,0,1257,0,0,0
1743619322.001767,600960,21068468,0,nscratch,nscratch-ffff9808a03be000,0,0,774434370749,15605839116,0,0,23020,0,0,0,0,0,0,0,0,0,0,0,0,0,0,0,0,0,0,0,0,0,0,0,0,179,0,0,0
1743619322.001875,600960,21068468,0,pscratch,pscratch-ffff9808886c4000,0,0,298417305668,668688030543,0,0,11468,0,0,0,0,0,0,0,0,0,0,0,0,0,0,0,0,0,0,0,0,0,0,0,0,1257,0,0,0
1743619323.002212,600960,21068468,0,nscratch,nscratch-ffff9808a03be000,0,0,774434370749,15605839116,0,0,23020,0,0,0,0,0,0,0,0,0,0,0,0,0,0,0,0,0,0,0,0,0,0,0,0,179,0,0,0
1743619323.002320,600960,21068468,0,pscratch,pscratch-ffff9808886c4000,0,0,298417305668,668688030543,0,0,11468,0,0,0,0,0,0,0,0,0,0,0,0,0,0,0,0,0,0,0,0,0,0,0,0,1257,0,0,0
1743619324.001453,600960,21068468,0,nscratch,nscratch-ffff9808a03be000,0,0,774434370749,15605839116,0,0,23020,0,0,0,0,0,0,0,0,0,0,0,0,0,0,0,0,0,0,0,0,0,0,0,0,179,0,0,0
1743619324.001566,600960,21068468,0,pscratch,pscratch-ffff9808886c4000,0,0,298417305668,668688030543,0,0,11468,0,0,0,0,0,0,0,0,0,0,0,0,0,0,0,0,0,0,0,0,0,0,0,0,1257,0,0,0
1743619325.002054,600960,21068468,0,nscratch,nscratch-ffff9808a03be000,0,0,774434370749,15605839116,0,0,23020,0,0,0,0,0,0,0,0,0,0,0,0,0,0,0,0,0,0,0,0,0,0,0,0,179,0,0,0
1743619325.002161,600960,21068468,0,pscratch,pscratch-ffff9808886c4000,0,0,298417305668,668688030543,0,0,11468,0,0,0,0,0,0,0,0,0,0,0,0,0,0,0,0,0,0,0,0,0,0,0,0,1257,0,0,0
1743619326.001490,600960,21068468,0,nscratch,nscratch-ffff9808a03be000,0,0,774434370749,15605839116,0,0,23020,0,0,0,0,0,0,0,0,0,0,0,0,0,0,0,0,0,0,0,0,0,0,0,0,179,0,0,0
1743619326.001598,600960,21068468,0,pscratch,pscratch-ffff9808886c4000,0,0,298417305668,668688030543,0,0,11468,0,0,0,0,0,0,0,0,0,0,0,0,0,0,0,0,0,0,0,0,0,0,0,0,1257,0,0,0
1743619327.001730,600960,21068468,0,nscratch,nscratch-ffff9808a03be000,0,0,774434370749,15605839116,0,0,23020,0,0,0,0,0,0,0,0,0,0,0,0,0,0,0,0,0,0,0,0,0,0,0,0,179,0,0,0
1743619327.001839,600960,21068468,0,pscratch,pscratch-ffff9808886c4000,0,0,298417305668,668688030543,0,0,11468,0,0,0,0,0,0,0,0,0,0,0,0,0,0,0,0,0,0,0,0,0,0,0,0,1257,0,0,0
1743619328.001325,600960,21068468,0,nscratch,nscratch-ffff9808a03be000,0,0,774434370749,15605839116,0,0,23020,0,0,0,0,0,0,0,0,0,0,0,0,0,0,0,0,0,0,0,0,0,0,0,0,179,0,0,0
1743619328.001435,600960,21068468,0,pscratch,pscratch-ffff9808886c4000,0,0,298417305668,668688030543,0,0,11468,0,0,0,0,0,0,0,0,0,0,0,0,0,0,0,0,0,0,0,0,0,0,0,0,1257,0,0,0
1743619329.001776,600960,21068468,0,nscratch,nscratch-ffff9808a03be000,0,0,774434370749,15605839116,0,0,23020,0,0,0,0,0,0,0,0,0,0,0,0,0,0,0,0,0,0,0,0,0,0,0,0,179,0,0,0
1743619329.001883,600960,21068468,0,pscratch,pscratch-ffff9808886c4000,0,0,298417305668,668688030543,0,0,11468,0,0,0,0,0,0,0,0,0,0,0,0,0,0,0,0,0,0,0,0,0,0,0,0,1257,0,0,0
1743619330.002020,600960,21068468,0,nscratch,nscratch-ffff9808a03be000,0,0,774434370749,15605839116,0,0,23020,0,0,0,0,0,0,0,0,0,0,0,0,0,0,0,0,0,0,0,0,0,0,0,0,179,0,0,0
1743619330.002130,600960,21068468,0,pscratch,pscratch-ffff9808886c4000,0,0,298417305668,668688030543,0,0,11468,0,0,0,0,0,0,0,0,0,0,0,0,0,0,0,0,0,0,0,0,0,0,0,0,1257,0,0,0
1743619331.001625,600960,21068468,0,nscratch,nscratch-ffff9808a03be000,0,0,774434370749,15605839116,0,0,23020,0,0,0,0,0,0,0,0,0,0,0,0,0,0,0,0,0,0,0,0,0,0,0,0,179,0,0,0
1743619331.001732,600960,21068468,0,pscratch,pscratch-ffff9808886c4000,0,0,298417305668,668688030543,0,0,11468,0,0,0,0,0,0,0,0,0,0,0,0,0,0,0,0,0,0,0,0,0,0,0,0,1257,0,0,0
1743619332.002080,600960,21068468,0,nscratch,nscratch-ffff9808a03be000,0,0,774434370749,15605839116,0,0,23020,0,0,0,0,0,0,0,0,0,0,0,0,0,0,0,0,0,0,0,0,0,0,0,0,179,0,0,0
1743619332.002187,600960,21068468,0,pscratch,pscratch-ffff9808886c4000,0,0,298417305668,668688030543,0,0,11468,0,0,0,0,0,0,0,0,0,0,0,0,0,0,0,0,0,0,0,0,0,0,0,0,1257,0,0,0
1743619333.001314,600960,21068468,0,nscratch,nscratch-ffff9808a03be000,0,0,774434370749,15605839116,0,0,23020,0,0,0,0,0,0,0,0,0,0,0,0,0,0,0,0,0,0,0,0,0,0,0,0,179,0,0,0
1743619333.001423,600960,21068468,0,pscratch,pscratch-ffff9808886c4000,0,0,298417305668,668688030543,0,0,11468,0,0,0,0,0,0,0,0,0,0,0,0,0,0,0,0,0,0,0,0,0,0,0,0,1257,0,0,0
1743619334.001923,600960,21068468,0,nscratch,nscratch-ffff9808a03be000,0,0,774434370749,15605839116,0,0,23020,0,0,0,0,0,0,0,0,0,0,0,0,0,0,0,0,0,0,0,0,0,0,0,0,179,0,0,0
1743619334.002039,600960,21068468,0,pscratch,pscratch-ffff9808886c4000,0,0,298417305668,668688030543,0,0,11468,0,0,0,0,0,0,0,0,0,0,0,0,0,0,0,0,0,0,0,0,0,0,0,0,1257,0,0,0
1743619335.001365,600960,21068468,0,nscratch,nscratch-ffff9808a03be000,0,0,774434370749,15605839116,0,0,23020,0,0,0,0,0,0,0,0,0,0,0,0,0,0,0,0,0,0,0,0,0,0,0,0,179,0,0,0
1743619335.001472,600960,21068468,0,pscratch,pscratch-ffff9808886c4000,0,0,298417305668,668688030543,0,0,11468,0,0,0,0,0,0,0,0,0,0,0,0,0,0,0,0,0,0,0,0,0,0,0,0,1257,0,0,0
1743619336.001602,600960,21068468,0,nscratch,nscratch-ffff9808a03be000,0,0,774434370749,15605839116,0,0,23020,0,0,0,0,0,0,0,0,0,0,0,0,0,0,0,0,0,0,0,0,0,0,0,0,179,0,0,0
1743619336.001711,600960,21068468,0,pscratch,pscratch-ffff9808886c4000,0,0,298417305668,668688030543,0,0,11468,0,0,0,0,0,0,0,0,0,0,0,0,0,0,0,0,0,0,0,0,0,0,0,0,1257,0,0,0
1743619337.002375,600960,21068468,0,nscratch,nscratch-ffff9808a03be000,0,0,774434370749,15605839116,0,0,23020,0,0,0,0,0,0,0,0,0,0,0,0,0,0,0,0,0,0,0,0,0,0,0,0,179,0,0,0
1743619337.002487,600960,21068468,0,pscratch,pscratch-ffff9808886c4000,0,0,298417305668,668688030543,0,0,11468,0,0,0,0,0,0,0,0,0,0,0,0,0,0,0,0,0,0,0,0,0,0,0,0,1257,0,0,0
1743619338.001827,600960,21068468,0,nscratch,nscratch-ffff9808a03be000,0,0,774434370749,15605839116,0,0,23020,0,0,0,0,0,0,0,0,0,0,0,0,0,0,0,0,0,0,0,0,0,0,0,0,179,0,0,0
1743619338.001934,600960,21068468,0,pscratch,pscratch-ffff9808886c4000,0,0,298417305668,668688030543,0,0,11468,0,0,0,0,0,0,0,0,0,0,0,0,0,0,0,0,0,0,0,0,0,0,0,0,1257,0,0,0
1743619339.002066,600960,21068468,0,nscratch,nscratch-ffff9808a03be000,0,0,774434370749,15605839116,0,0,23020,0,0,0,0,0,0,0,0,0,0,0,0,0,0,0,0,0,0,0,0,0,0,0,0,179,0,0,0
1743619339.002174,600960,21068468,0,pscratch,pscratch-ffff9808886c4000,0,0,298417305668,668688030543,0,0,11468,0,0,0,0,0,0,0,0,0,0,0,0,0,0,0,0,0,0,0,0,0,0,0,0,1257,0,0,0
1743619340.001648,600960,21068468,0,nscratch,nscratch-ffff9808a03be000,0,0,774434370749,15605839116,0,0,23020,0,0,0,0,0,0,0,0,0,0,0,0,0,0,0,0,0,0,0,0,0,0,0,0,179,0,0,0
1743619340.001760,600960,21068468,0,pscratch,pscratch-ffff9808886c4000,0,0,298417305668,668688030543,0,0,11468,0,0,0,0,0,0,0,0,0,0,0,0,0,0,0,0,0,0,0,0,0,0,0,0,1257,0,0,0
1743619341.001376,600960,21068468,0,nscratch,nscratch-ffff9808a03be000,0,0,774434370749,15605839116,0,0,23020,0,0,0,0,0,0,0,0,0,0,0,0,0,0,0,0,0,0,0,0,0,0,0,0,179,0,0,0
1743619341.001455,600960,21068468,0,pscratch,pscratch-ffff9808886c4000,0,0,298417305668,668688030543,0,0,11468,0,0,0,0,0,0,0,0,0,0,0,0,0,0,0,0,0,0,0,0,0,0,0,0,1257,0,0,0
1743619342.001599,600960,21068468,0,nscratch,nscratch-ffff9808a03be000,0,0,774434370749,15605839116,0,0,23020,0,0,0,0,0,0,0,0,0,0,0,0,0,0,0,0,0,0,0,0,0,0,0,0,179,0,0,0
1743619342.001675,600960,21068468,0,pscratch,pscratch-ffff9808886c4000,0,0,298417305668,668688030543,0,0,11468,0,0,0,0,0,0,0,0,0,0,0,0,0,0,0,0,0,0,0,0,0,0,0,0,1257,0,0,0
1743619343.002061,600960,21068468,0,nscratch,nscratch-ffff9808a03be000,0,0,774434370749,15605839116,0,0,23020,0,0,0,0,0,0,0,0,0,0,0,0,0,0,0,0,0,0,0,0,0,0,0,0,179,0,0,0
1743619343.002138,600960,21068468,0,pscratch,pscratch-ffff9808886c4000,0,0,298417305668,668688030543,0,0,11468,0,0,0,0,0,0,0,0,0,0,0,0,0,0,0,0,0,0,0,0,0,0,0,0,1257,0,0,0
1743619344.001288,600960,21068468,0,nscratch,nscratch-ffff9808a03be000,0,0,774434370749,15605839116,0,0,23020,0,0,0,0,0,0,0,0,0,0,0,0,0,0,0,0,0,0,0,0,0,0,0,0,179,0,0,0
1743619344.001395,600960,21068468,0,pscratch,pscratch-ffff9808886c4000,0,0,298417305668,668688030543,0,0,11468,0,0,0,0,0,0,0,0,0,0,0,0,0,0,0,0,0,0,0,0,0,0,0,0,1257,0,0,0
1743619345.001524,600960,21068468,0,nscratch,nscratch-ffff9808a03be000,0,0,774434370749,15605839116,0,0,23020,0,0,0,0,0,0,0,0,0,0,0,0,0,0,0,0,0,0,0,0,0,0,0,0,179,0,0,0
1743619345.001633,600960,21068468,0,pscratch,pscratch-ffff9808886c4000,0,0,298417305668,668688030543,0,0,11468,0,0,0,0,0,0,0,0,0,0,0,0,0,0,0,0,0,0,0,0,0,0,0,0,1257,0,0,0
1743619346.002130,600960,21068468,0,nscratch,nscratch-ffff9808a03be000,0,0,774434370749,15605839116,0,0,23020,0,0,0,0,0,0,0,0,0,0,0,0,0,0,0,0,0,0,0,0,0,0,0,0,179,0,0,0
1743619346.002238,600960,21068468,0,pscratch,pscratch-ffff9808886c4000,0,0,298417305668,668688030543,0,0,11468,0,0,0,0,0,0,0,0,0,0,0,0,0,0,0,0,0,0,0,0,0,0,0,0,1257,0,0,0
1743619347.001567,600960,21068468,0,nscratch,nscratch-ffff9808a03be000,0,0,774434370749,15605839116,0,0,23020,0,0,0,0,0,0,0,0,0,0,0,0,0,0,0,0,0,0,0,0,0,0,0,0,179,0,0,0
1743619347.001675,600960,21068468,0,pscratch,pscratch-ffff9808886c4000,0,0,298417305668,668688030543,0,0,11468,0,0,0,0,0,0,0,0,0,0,0,0,0,0,0,0,0,0,0,0,0,0,0,0,1257,0,0,0
1743619348.001804,600960,21068468,0,nscratch,nscratch-ffff9808a03be000,0,0,774434370749,15605839116,0,0,23020,0,0,0,0,0,0,0,0,0,0,0,0,0,0,0,0,0,0,0,0,0,0,0,0,179,0,0,0
1743619348.001912,600960,21068468,0,pscratch,pscratch-ffff9808886c4000,0,0,298417305668,668688030543,0,0,11468,0,0,0,0,0,0,0,0,0,0,0,0,0,0,0,0,0,0,0,0,0,0,0,0,1257,0,0,0
1743619349.001390,600960,21068468,0,nscratch,nscratch-ffff9808a03be000,0,0,774434370749,15605839116,0,0,23020,0,0,0,0,0,0,0,0,0,0,0,0,0,0,0,0,0,0,0,0,0,0,0,0,179,0,0,0
1743619349.001498,600960,21068468,0,pscratch,pscratch-ffff9808886c4000,0,0,298417305668,668688030543,0,0,11468,0,0,0,0,0,0,0,0,0,0,0,0,0,0,0,0,0,0,0,0,0,0,0,0,1257,0,0,0
1743619350.001837,600960,21068468,0,nscratch,nscratch-ffff9808a03be000,0,0,774434370749,15605839116,0,0,23020,0,0,0,0,0,0,0,0,0,0,0,0,0,0,0,0,0,0,0,0,0,0,0,0,179,0,0,0
1743619350.001965,600960,21068468,0,pscratch,pscratch-ffff9808886c4000,0,0,298417305668,668688030543,0,0,11468,0,0,0,0,0,0,0,0,0,0,0,0,0,0,0,0,0,0,0,0,0,0,0,0,1257,0,0,0
1743619351.002104,600960,21068468,0,nscratch,nscratch-ffff9808a03be000,0,0,774434370749,15605839116,0,0,23020,0,0,0,0,0,0,0,0,0,0,0,0,0,0,0,0,0,0,0,0,0,0,0,0,179,0,0,0
1743619351.002213,600960,21068468,0,pscratch,pscratch-ffff9808886c4000,0,0,298417305668,668688030543,0,0,11468,0,0,0,0,0,0,0,0,0,0,0,0,0,0,0,0,0,0,0,0,0,0,0,0,1257,0,0,0
1743619352.001704,600960,21068468,0,nscratch,nscratch-ffff9808a03be000,0,0,774434370749,15605839116,0,0,23020,0,0,0,0,0,0,0,0,0,0,0,0,0,0,0,0,0,0,0,0,0,0,0,0,179,0,0,0
1743619352.001814,600960,21068468,0,pscratch,pscratch-ffff9808886c4000,0,0,298417305668,668688030543,0,0,11468,0,0,0,0,0,0,0,0,0,0,0,0,0,0,0,0,0,0,0,0,0,0,0,0,1257,0,0,0
1743619353.002149,600960,21068468,0,nscratch,nscratch-ffff9808a03be000,0,0,774434370749,15605839116,0,0,23020,0,0,0,0,0,0,0,0,0,0,0,0,0,0,0,0,0,0,0,0,0,0,0,0,179,0,0,0
1743619353.002256,600960,21068468,0,pscratch,pscratch-ffff9808886c4000,0,0,298417305668,668688030543,0,0,11468,0,0,0,0,0,0,0,0,0,0,0,0,0,0,0,0,0,0,0,0,0,0,0,0,1257,0,0,0
1743619354.001383,600960,21068468,0,nscratch,nscratch-ffff9808a03be000,0,0,774434370749,15605839116,0,0,23020,0,0,0,0,0,0,0,0,0,0,0,0,0,0,0,0,0,0,0,0,0,0,0,0,179,0,0,0
1743619354.001491,600960,21068468,0,pscratch,pscratch-ffff9808886c4000,0,0,298417305668,668688030543,0,0,11468,0,0,0,0,0,0,0,0,0,0,0,0,0,0,0,0,0,0,0,0,0,0,0,0,1257,0,0,0
1743619355.001162,600960,21068468,0,nscratch,nscratch-ffff9808a03be000,0,0,774434370749,15605839116,0,0,23020,0,0,0,0,0,0,0,0,0,0,0,0,0,0,0,0,0,0,0,0,0,0,0,0,179,0,0,0
1743619355.001240,600960,21068468,0,pscratch,pscratch-ffff9808886c4000,0,0,298417305668,668688030543,0,0,11468,0,0,0,0,0,0,0,0,0,0,0,0,0,0,0,0,0,0,0,0,0,0,0,0,1257,0,0,0
1743619356.001248,600960,21068468,0,nscratch,nscratch-ffff9808a03be000,0,0,774434370749,15605839116,0,0,23020,0,0,0,0,0,0,0,0,0,0,0,0,0,0,0,0,0,0,0,0,0,0,0,0,179,0,0,0
1743619356.001330,600960,21068468,0,pscratch,pscratch-ffff9808886c4000,0,0,298417305668,668688030543,0,0,11468,0,0,0,0,0,0,0,0,0,0,0,0,0,0,0,0,0,0,0,0,0,0,0,0,1257,0,0,0
1743619357.001472,600960,21068468,0,nscratch,nscratch-ffff9808a03be000,0,0,774434370749,15605839116,0,0,23020,0,0,0,0,0,0,0,0,0,0,0,0,0,0,0,0,0,0,0,0,0,0,0,0,179,0,0,0
1743619357.001547,600960,21068468,0,pscratch,pscratch-ffff9808886c4000,0,0,298417305668,668688030543,0,0,11468,0,0,0,0,0,0,0,0,0,0,0,0,0,0,0,0,0,0,0,0,0,0,0,0,1257,0,0,0
1743619358.001937,600960,21068468,0,nscratch,nscratch-ffff9808a03be000,0,0,774434370749,15605839116,0,0,23020,0,0,0,0,0,0,0,0,0,0,0,0,0,0,0,0,0,0,0,0,0,0,0,0,179,0,0,0
1743619358.002050,600960,21068468,0,pscratch,pscratch-ffff9808886c4000,0,0,298417305668,668688030543,0,0,11468,0,0,0,0,0,0,0,0,0,0,0,0,0,0,0,0,0,0,0,0,0,0,0,0,1257,0,0,0
1743619359.001204,600960,21068468,0,nscratch,nscratch-ffff9808a03be000,0,0,774434370749,15605839116,0,0,23020,0,0,0,0,0,0,0,0,0,0,0,0,0,0,0,0,0,0,0,0,0,0,0,0,179,0,0,0
1743619359.001286,600960,21068468,0,pscratch,pscratch-ffff9808886c4000,0,0,298417305668,668688030543,0,0,11468,0,0,0,0,0,0,0,0,0,0,0,0,0,0,0,0,0,0,0,0,0,0,0,0,1257,0,0,0
1743619360.001081,600960,21068468,0,nscratch,nscratch-ffff9808a03be000,0,0,774434370749,15605839116,0,0,23020,0,0,0,0,0,0,0,0,0,0,0,0,0,0,0,0,0,0,0,0,0,0,0,0,179,0,0,0
1743619360.001153,600960,21068468,0,pscratch,pscratch-ffff9808886c4000,0,0,298417305668,668688030543,0,0,11468,0,0,0,0,0,0,0,0,0,0,0,0,0,0,0,0,0,0,0,0,0,0,0,0,1257,0,0,0
1743619361.001540,600960,21068468,0,nscratch,nscratch-ffff9808a03be000,0,0,774434370749,15605839116,0,0,23020,0,0,0,0,0,0,0,0,0,0,0,0,0,0,0,0,0,0,0,0,0,0,0,0,179,0,0,0
1743619361.001614,600960,21068468,0,pscratch,pscratch-ffff9808886c4000,0,0,298417305668,668688030543,0,0,11468,0,0,0,0,0,0,0,0,0,0,0,0,0,0,0,0,0,0,0,0,0,0,0,0,1257,0,0,0
1743619362.001890,600960,21068468,0,nscratch,nscratch-ffff9808a03be000,0,0,774434370749,15605839116,0,0,23020,0,0,0,0,0,0,0,0,0,0,0,0,0,0,0,0,0,0,0,0,0,0,0,0,179,0,0,0
1743619362.001975,600960,21068468,0,pscratch,pscratch-ffff9808886c4000,0,0,298417305668,668688030543,0,0,11468,0,0,0,0,0,0,0,0,0,0,0,0,0,0,0,0,0,0,0,0,0,0,0,0,1257,0,0,0
1743619363.002096,600960,21068468,0,nscratch,nscratch-ffff9808a03be000,0,0,774434370749,15605839116,0,0,23020,0,0,0,0,0,0,0,0,0,0,0,0,0,0,0,0,0,0,0,0,0,0,0,0,179,0,0,0
1743619363.002169,600960,21068468,0,pscratch,pscratch-ffff9808886c4000,0,0,298417305668,668688030543,0,0,11468,0,0,0,0,0,0,0,0,0,0,0,0,0,0,0,0,0,0,0,0,0,0,0,0,1257,0,0,0
1743619364.001531,600960,21068468,0,nscratch,nscratch-ffff9808a03be000,0,0,774434370749,15605839116,0,0,23020,0,0,0,0,0,0,0,0,0,0,0,0,0,0,0,0,0,0,0,0,0,0,0,0,179,0,0,0
1743619364.001605,600960,21068468,0,pscratch,pscratch-ffff9808886c4000,0,0,298417305668,668688030543,0,0,11468,0,0,0,0,0,0,0,0,0,0,0,0,0,0,0,0,0,0,0,0,0,0,0,0,1257,0,0,0
1743619365.001841,600960,21068468,0,nscratch,nscratch-ffff9808a03be000,0,0,774434370749,15605839116,0,0,23020,0,0,0,0,0,0,0,0,0,0,0,0,0,0,0,0,0,0,0,0,0,0,0,0,179,0,0,0
1743619365.001913,600960,21068468,0,pscratch,pscratch-ffff9808886c4000,0,0,298417305668,668688030543,0,0,11468,0,0,0,0,0,0,0,0,0,0,0,0,0,0,0,0,0,0,0,0,0,0,0,0,1257,0,0,0
1743619366.002030,600960,21068468,0,nscratch,nscratch-ffff9808a03be000,0,0,774434370749,15605839116,0,0,23020,0,0,0,0,0,0,0,0,0,0,0,0,0,0,0,0,0,0,0,0,0,0,0,0,179,0,0,0
1743619366.002108,600960,21068468,0,pscratch,pscratch-ffff9808886c4000,0,0,298417305668,668688030543,0,0,11468,0,0,0,0,0,0,0,0,0,0,0,0,0,0,0,0,0,0,0,0,0,0,0,0,1257,0,0,0
1743619367.001471,600960,21068468,0,nscratch,nscratch-ffff9808a03be000,0,0,774434370749,15605839116,0,0,23020,0,0,0,0,0,0,0,0,0,0,0,0,0,0,0,0,0,0,0,0,0,0,0,0,179,0,0,0
1743619367.001546,600960,21068468,0,pscratch,pscratch-ffff9808886c4000,0,0,298417305668,668688030543,0,0,11468,0,0,0,0,0,0,0,0,0,0,0,0,0,0,0,0,0,0,0,0,0,0,0,0,1257,0,0,0
1743619368.001823,600960,21068468,0,nscratch,nscratch-ffff9808a03be000,0,0,774434370749,15605839116,0,0,23020,0,0,0,0,0,0,0,0,0,0,0,0,0,0,0,0,0,0,0,0,0,0,0,0,179,0,0,0
1743619368.001953,600960,21068468,0,pscratch,pscratch-ffff9808886c4000,0,0,298417305668,668688030543,0,0,11468,0,0,0,0,0,0,0,0,0,0,0,0,0,0,0,0,0,0,0,0,0,0,0,0,1257,0,0,0
1743619369.002047,600960,21068468,0,nscratch,nscratch-ffff9808a03be000,0,0,774434370749,15605839116,0,0,23020,0,0,0,0,0,0,0,0,0,0,0,0,0,0,0,0,0,0,0,0,0,0,0,0,179,0,0,0
1743619369.002120,600960,21068468,0,pscratch,pscratch-ffff9808886c4000,0,0,298417305668,668688030543,0,0,11468,0,0,0,0,0,0,0,0,0,0,0,0,0,0,0,0,0,0,0,0,0,0,0,0,1257,0,0,0
1743619370.001562,600960,21068468,0,nscratch,nscratch-ffff9808a03be000,0,0,774434370749,15605839116,0,0,23020,0,0,0,0,0,0,0,0,0,0,0,0,0,0,0,0,0,0,0,0,0,0,0,0,179,0,0,0
1743619370.001675,600960,21068468,0,pscratch,pscratch-ffff9808886c4000,0,0,298417305668,668688030543,0,0,11468,0,0,0,0,0,0,0,0,0,0,0,0,0,0,0,0,0,0,0,0,0,0,0,0,1257,0,0,0
1743619371.001917,600960,21068468,0,nscratch,nscratch-ffff9808a03be000,0,0,774434370749,15605839116,0,0,23020,0,0,0,0,0,0,0,0,0,0,0,0,0,0,0,0,0,0,0,0,0,0,0,0,179,0,0,0
1743619371.001995,600960,21068468,0,pscratch,pscratch-ffff9808886c4000,0,0,298417305668,668688030543,0,0,11468,0,0,0,0,0,0,0,0,0,0,0,0,0,0,0,0,0,0,0,0,0,0,0,0,1257,0,0,0
1743619372.002139,600960,21068468,0,nscratch,nscratch-ffff9808a03be000,0,0,774434370749,15605839116,0,0,23020,0,0,0,0,0,0,0,0,0,0,0,0,0,0,0,0,0,0,0,0,0,0,0,0,179,0,0,0
1743619372.002214,600960,21068468,0,pscratch,pscratch-ffff9808886c4000,0,0,298417305668,668688030543,0,0,11468,0,0,0,0,0,0,0,0,0,0,0,0,0,0,0,0,0,0,0,0,0,0,0,0,1257,0,0,0
1743619373.001579,600960,21068468,0,nscratch,nscratch-ffff9808a03be000,0,0,774434370749,15605839116,0,0,23020,0,0,0,0,0,0,0,0,0,0,0,0,0,0,0,0,0,0,0,0,0,0,0,0,179,0,0,0
1743619373.001654,600960,21068468,0,pscratch,pscratch-ffff9808886c4000,0,0,298417305668,668688030543,0,0,11468,0,0,0,0,0,0,0,0,0,0,0,0,0,0,0,0,0,0,0,0,0,0,0,0,1257,0,0,0
1743619374.001203,600960,21068468,0,nscratch,nscratch-ffff9808a03be000,0,0,774434370749,15605839116,0,0,23020,0,0,0,0,0,0,0,0,0,0,0,0,0,0,0,0,0,0,0,0,0,0,0,0,179,0,0,0
1743619374.001276,600960,21068468,0,pscratch,pscratch-ffff9808886c4000,0,0,298417305668,668688030543,0,0,11468,0,0,0,0,0,0,0,0,0,0,0,0,0,0,0,0,0,0,0,0,0,0,0,0,1257,0,0,0
1743619375.001409,600960,21068468,0,nscratch,nscratch-ffff9808a03be000,0,0,774434370749,15605839116,0,0,23020,0,0,0,0,0,0,0,0,0,0,0,0,0,0,0,0,0,0,0,0,0,0,0,0,179,0,0,0
1743619375.001482,600960,21068468,0,pscratch,pscratch-ffff9808886c4000,0,0,298417305668,668688030543,0,0,11468,0,0,0,0,0,0,0,0,0,0,0,0,0,0,0,0,0,0,0,0,0,0,0,0,1257,0,0,0
1743619376.001809,600960,21068468,0,nscratch,nscratch-ffff9808a03be000,0,0,774434370749,15605839116,0,0,23020,0,0,0,0,0,0,0,0,0,0,0,0,0,0,0,0,0,0,0,0,0,0,0,0,179,0,0,0
1743619376.001883,600960,21068468,0,pscratch,pscratch-ffff9808886c4000,0,0,298417305668,668688030543,0,0,11468,0,0,0,0,0,0,0,0,0,0,0,0,0,0,0,0,0,0,0,0,0,0,0,0,1257,0,0,0
1743619377.001203,600960,21068468,0,nscratch,nscratch-ffff9808a03be000,0,0,774434370749,15605839116,0,0,23020,0,0,0,0,0,0,0,0,0,0,0,0,0,0,0,0,0,0,0,0,0,0,0,0,179,0,0,0
1743619377.001277,600960,21068468,0,pscratch,pscratch-ffff9808886c4000,0,0,298417305668,668688030543,0,0,11468,0,0,0,0,0,0,0,0,0,0,0,0,0,0,0,0,0,0,0,0,0,0,0,0,1257,0,0,0
1743619378.001419,600960,21068468,0,nscratch,nscratch-ffff9808a03be000,0,0,774434370749,15605839116,0,0,23020,0,0,0,0,0,0,0,0,0,0,0,0,0,0,0,0,0,0,0,0,0,0,0,0,179,0,0,0
1743619378.001495,600960,21068468,0,pscratch,pscratch-ffff9808886c4000,0,0,298417305668,668688030543,0,0,11468,0,0,0,0,0,0,0,0,0,0,0,0,0,0,0,0,0,0,0,0,0,0,0,0,1257,0,0,0
1743619379.001853,600960,21068468,0,nscratch,nscratch-ffff9808a03be000,0,0,774434370749,15605839116,0,0,23020,0,0,0,0,0,0,0,0,0,0,0,0,0,0,0,0,0,0,0,0,0,0,0,0,179,0,0,0
1743619379.001936,600960,21068468,0,pscratch,pscratch-ffff9808886c4000,0,0,298417305668,668688030543,0,0,11468,0,0,0,0,0,0,0,0,0,0,0,0,0,0,0,0,0,0,0,0,0,0,0,0,1257,0,0,0
1743619380.002361,600960,21068468,0,nscratch,nscratch-ffff9808a03be000,0,0,774434370749,15605839116,0,0,23020,0,0,0,0,0,0,0,0,0,0,0,0,0,0,0,0,0,0,0,0,0,0,0,0,179,0,0,0
1743619380.002469,600960,21068468,0,pscratch,pscratch-ffff9808886c4000,0,0,298417305668,668688030543,0,0,11468,0,0,0,0,0,0,0,0,0,0,0,0,0,0,0,0,0,0,0,0,0,0,0,0,1257,0,0,0
1743619381.001616,600960,21068468,0,nscratch,nscratch-ffff9808a03be000,0,0,774434370749,15605839116,0,0,23020,0,0,0,0,0,0,0,0,0,0,0,0,0,0,0,0,0,0,0,0,0,0,0,0,179,0,0,0
1743619381.001693,600960,21068468,0,pscratch,pscratch-ffff9808886c4000,0,0,298417305668,668688030543,0,0,11468,0,0,0,0,0,0,0,0,0,0,0,0,0,0,0,0,0,0,0,0,0,0,0,0,1257,0,0,0
1743619382.002073,600960,21068468,0,nscratch,nscratch-ffff9808a03be000,0,0,774434370749,15605839116,0,0,23020,0,0,0,0,0,0,0,0,0,0,0,0,0,0,0,0,0,0,0,0,0,0,0,0,179,0,0,0
1743619382.002147,600960,21068468,0,pscratch,pscratch-ffff9808886c4000,0,0,298417305668,668688030543,0,0,11468,0,0,0,0,0,0,0,0,0,0,0,0,0,0,0,0,0,0,0,0,0,0,0,0,1257,0,0,0
1743619383.001427,600960,21068468,0,nscratch,nscratch-ffff9808a03be000,0,0,774434370749,15605839116,0,0,23020,0,0,0,0,0,0,0,0,0,0,0,0,0,0,0,0,0,0,0,0,0,0,0,0,179,0,0,0
1743619383.001500,600960,21068468,0,pscratch,pscratch-ffff9808886c4000,0,0,298417305668,668688030543,0,0,11468,0,0,0,0,0,0,0,0,0,0,0,0,0,0,0,0,0,0,0,0,0,0,0,0,1257,0,0,0
1743619384.001090,600960,21068468,0,nscratch,nscratch-ffff9808a03be000,0,0,774434370749,15605839116,0,0,23020,0,0,0,0,0,0,0,0,0,0,0,0,0,0,0,0,0,0,0,0,0,0,0,0,179,0,0,0
1743619384.001202,600960,21068468,0,pscratch,pscratch-ffff9808886c4000,0,0,298417305668,668688030543,0,0,11468,0,0,0,0,0,0,0,0,0,0,0,0,0,0,0,0,0,0,0,0,0,0,0,0,1257,0,0,0
1743619385.001151,600960,21068468,0,nscratch,nscratch-ffff9808a03be000,0,0,774434370749,15605839116,0,0,23020,0,0,0,0,0,0,0,0,0,0,0,0,0,0,0,0,0,0,0,0,0,0,0,0,179,0,0,0
1743619385.001222,600960,21068468,0,pscratch,pscratch-ffff9808886c4000,0,0,298417305668,668688030543,0,0,11468,0,0,0,0,0,0,0,0,0,0,0,0,0,0,0,0,0,0,0,0,0,0,0,0,1257,0,0,0
1743619386.001506,600960,21068468,0,nscratch,nscratch-ffff9808a03be000,0,0,774434370749,15605839116,0,0,23020,0,0,0,0,0,0,0,0,0,0,0,0,0,0,0,0,0,0,0,0,0,0,0,0,179,0,0,0
1743619386.001622,600960,21068468,0,pscratch,pscratch-ffff9808886c4000,0,0,298417305668,668688030543,0,0,11468,0,0,0,0,0,0,0,0,0,0,0,0,0,0,0,0,0,0,0,0,0,0,0,0,1257,0,0,0
1743619387.001782,600960,21068468,0,nscratch,nscratch-ffff9808a03be000,0,0,774434370749,15605839116,0,0,23020,0,0,0,0,0,0,0,0,0,0,0,0,0,0,0,0,0,0,0,0,0,0,0,0,179,0,0,0
1743619387.001900,600960,21068468,0,pscratch,pscratch-ffff9808886c4000,0,0,298417305668,668688030543,0,0,11468,0,0,0,0,0,0,0,0,0,0,0,0,0,0,0,0,0,0,0,0,0,0,0,0,1257,0,0,0
1743619388.001153,600960,21068468,0,nscratch,nscratch-ffff9808a03be000,0,0,774434370749,15605839116,0,0,23020,0,0,0,0,0,0,0,0,0,0,0,0,0,0,0,0,0,0,0,0,0,0,0,0,179,0,0,0
1743619388.001225,600960,21068468,0,pscratch,pscratch-ffff9808886c4000,0,0,298417305668,668688030543,0,0,11468,0,0,0,0,0,0,0,0,0,0,0,0,0,0,0,0,0,0,0,0,0,0,0,0,1257,0,0,0
1743619389.001535,600960,21068468,0,nscratch,nscratch-ffff9808a03be000,0,0,774434370749,15605839116,0,0,23020,0,0,0,0,0,0,0,0,0,0,0,0,0,0,0,0,0,0,0,0,0,0,0,0,179,0,0,0
1743619389.001607,600960,21068468,0,pscratch,pscratch-ffff9808886c4000,0,0,298417305668,668688030543,0,0,11468,0,0,0,0,0,0,0,0,0,0,0,0,0,0,0,0,0,0,0,0,0,0,0,0,1257,0,0,0
1743619390.001083,600960,21068468,0,nscratch,nscratch-ffff9808a03be000,0,0,774434370749,15605839116,0,0,23020,0,0,0,0,0,0,0,0,0,0,0,0,0,0,0,0,0,0,0,0,0,0,0,0,179,0,0,0
1743619390.001158,600960,21068468,0,pscratch,pscratch-ffff9808886c4000,0,0,298417305668,668688030543,0,0,11468,0,0,0,0,0,0,0,0,0,0,0,0,0,0,0,0,0,0,0,0,0,0,0,0,1257,0,0,0
1743619391.001539,600960,21068468,0,nscratch,nscratch-ffff9808a03be000,0,0,774434370749,15605839116,0,0,23020,0,0,0,0,0,0,0,0,0,0,0,0,0,0,0,0,0,0,0,0,0,0,0,0,179,0,0,0
1743619391.001611,600960,21068468,0,pscratch,pscratch-ffff9808886c4000,0,0,298417305668,668688030543,0,0,11468,0,0,0,0,0,0,0,0,0,0,0,0,0,0,0,0,0,0,0,0,0,0,0,0,1257,0,0,0
1743619392.001196,600960,21068468,0,nscratch,nscratch-ffff9808a03be000,0,0,774434370749,15605839116,0,0,23020,0,0,0,0,0,0,0,0,0,0,0,0,0,0,0,0,0,0,0,0,0,0,0,0,179,0,0,0
1743619392.001268,600960,21068468,0,pscratch,pscratch-ffff9808886c4000,0,0,298417305668,668688030543,0,0,11468,0,0,0,0,0,0,0,0,0,0,0,0,0,0,0,0,0,0,0,0,0,0,0,0,1257,0,0,0
1743619393.001408,600960,21068468,0,nscratch,nscratch-ffff9808a03be000,0,0,774434370749,15605839116,0,0,23020,0,0,0,0,0,0,0,0,0,0,0,0,0,0,0,0,0,0,0,0,0,0,0,0,179,0,0,0
1743619393.001483,600960,21068468,0,pscratch,pscratch-ffff9808886c4000,0,0,298417305668,668688030543,0,0,11468,0,0,0,0,0,0,0,0,0,0,0,0,0,0,0,0,0,0,0,0,0,0,0,0,1257,0,0,0
1743619394.001930,600960,21068468,0,nscratch,nscratch-ffff9808a03be000,0,0,774434370749,15605839116,0,0,23020,0,0,0,0,0,0,0,0,0,0,0,0,0,0,0,0,0,0,0,0,0,0,0,0,179,0,0,0
1743619394.002044,600960,21068468,0,pscratch,pscratch-ffff9808886c4000,0,0,298417305668,668688030543,0,0,11468,0,0,0,0,0,0,0,0,0,0,0,0,0,0,0,0,0,0,0,0,0,0,0,0,1257,0,0,0
1743619395.001338,600960,21068468,0,nscratch,nscratch-ffff9808a03be000,0,0,774434370749,15605839116,0,0,23020,0,0,0,0,0,0,0,0,0,0,0,0,0,0,0,0,0,0,0,0,0,0,0,0,179,0,0,0
1743619395.001411,600960,21068468,0,pscratch,pscratch-ffff9808886c4000,0,0,298417305668,668688030543,0,0,11468,0,0,0,0,0,0,0,0,0,0,0,0,0,0,0,0,0,0,0,0,0,0,0,0,1257,0,0,0
1743619396.001549,600960,21068468,0,nscratch,nscratch-ffff9808a03be000,0,0,774434370749,15605839116,0,0,23020,0,0,0,0,0,0,0,0,0,0,0,0,0,0,0,0,0,0,0,0,0,0,0,0,179,0,0,0
1743619396.001647,600960,21068468,0,pscratch,pscratch-ffff9808886c4000,0,0,298417305668,668688030543,0,0,11468,0,0,0,0,0,0,0,0,0,0,0,0,0,0,0,0,0,0,0,0,0,0,0,0,1257,0,0,0
1743619397.001188,600960,21068468,0,nscratch,nscratch-ffff9808a03be000,0,0,774434370749,15605839116,0,0,23020,0,0,0,0,0,0,0,0,0,0,0,0,0,0,0,0,0,0,0,0,0,0,0,0,179,0,0,0
1743619397.001262,600960,21068468,0,pscratch,pscratch-ffff9808886c4000,0,0,298417305668,668688030543,0,0,11468,0,0,0,0,0,0,0,0,0,0,0,0,0,0,0,0,0,0,0,0,0,0,0,0,1257,0,0,0
1743619398.001540,600960,21068468,0,nscratch,nscratch-ffff9808a03be000,0,0,774434370749,15605839116,0,0,23020,0,0,0,0,0,0,0,0,0,0,0,0,0,0,0,0,0,0,0,0,0,0,0,0,179,0,0,0
1743619398.001627,600960,21068468,0,pscratch,pscratch-ffff9808886c4000,0,0,298417305668,668688030543,0,0,11468,0,0,0,0,0,0,0,0,0,0,0,0,0,0,0,0,0,0,0,0,0,0,0,0,1257,0,0,0
1743619399.001774,600960,21068468,0,nscratch,nscratch-ffff9808a03be000,0,0,774434370749,15605839116,0,0,23020,0,0,0,0,0,0,0,0,0,0,0,0,0,0,0,0,0,0,0,0,0,0,0,0,179,0,0,0
1743619399.001847,600960,21068468,0,pscratch,pscratch-ffff9808886c4000,0,0,298417305668,668688030543,0,0,11468,0,0,0,0,0,0,0,0,0,0,0,0,0,0,0,0,0,0,0,0,0,0,0,0,1257,0,0,0
1743619400.002159,600960,21068468,0,nscratch,nscratch-ffff9808a03be000,0,0,774434370749,15605839116,0,0,23020,0,0,0,0,0,0,0,0,0,0,0,0,0,0,0,0,0,0,0,0,0,0,0,0,179,0,0,0
1743619400.002235,600960,21068468,0,pscratch,pscratch-ffff9808886c4000,0,0,298417305668,668688030543,0,0,11468,0,0,0,0,0,0,0,0,0,0,0,0,0,0,0,0,0,0,0,0,0,0,0,0,1257,0,0,0
1743619401.001511,600960,21068468,0,nscratch,nscratch-ffff9808a03be000,0,0,774434370749,15605839116,0,0,23020,0,0,0,0,0,0,0,0,0,0,0,0,0,0,0,0,0,0,0,0,0,0,0,0,179,0,0,0
1743619401.001587,600960,21068468,0,pscratch,pscratch-ffff9808886c4000,0,0,298417305668,668688030543,0,0,11468,0,0,0,0,0,0,0,0,0,0,0,0,0,0,0,0,0,0,0,0,0,0,0,0,1257,0,0,0
1743619402.001727,600960,21068468,0,nscratch,nscratch-ffff9808a03be000,0,0,774434370749,15605839116,0,0,23020,0,0,0,0,0,0,0,0,0,0,0,0,0,0,0,0,0,0,0,0,0,0,0,0,179,0,0,0
1743619402.001817,600960,21068468,0,pscratch,pscratch-ffff9808886c4000,0,0,298417305668,668688030543,0,0,11468,0,0,0,0,0,0,0,0,0,0,0,0,0,0,0,0,0,0,0,0,0,0,0,0,1257,0,0,0
1743619403.002152,600960,21068468,0,nscratch,nscratch-ffff9808a03be000,0,0,774434370749,15605839116,0,0,23020,0,0,0,0,0,0,0,0,0,0,0,0,0,0,0,0,0,0,0,0,0,0,0,0,179,0,0,0
1743619403.002226,600960,21068468,0,pscratch,pscratch-ffff9808886c4000,0,0,298417305668,668688030543,0,0,11468,0,0,0,0,0,0,0,0,0,0,0,0,0,0,0,0,0,0,0,0,0,0,0,0,1257,0,0,0
1743619404.001195,600960,21068468,0,nscratch,nscratch-ffff9808a03be000,0,0,774434370749,15605839116,0,0,23020,0,0,0,0,0,0,0,0,0,0,0,0,0,0,0,0,0,0,0,0,0,0,0,0,179,0,0,0
1743619404.001267,600960,21068468,0,pscratch,pscratch-ffff9808886c4000,0,0,298417305668,668688030543,0,0,11468,0,0,0,0,0,0,0,0,0,0,0,0,0,0,0,0,0,0,0,0,0,0,0,0,1257,0,0,0
1743619405.001410,600960,21068468,0,nscratch,nscratch-ffff9808a03be000,0,0,774434370749,15605839116,0,0,23020,0,0,0,0,0,0,0,0,0,0,0,0,0,0,0,0,0,0,0,0,0,0,0,0,179,0,0,0
1743619405.001489,600960,21068468,0,pscratch,pscratch-ffff9808886c4000,0,0,298417305668,668688030543,0,0,11468,0,0,0,0,0,0,0,0,0,0,0,0,0,0,0,0,0,0,0,0,0,0,0,0,1257,0,0,0
1743619406.001818,600960,21068468,0,nscratch,nscratch-ffff9808a03be000,0,0,774434370749,15605839116,0,0,23020,0,0,0,0,0,0,0,0,0,0,0,0,0,0,0,0,0,0,0,0,0,0,0,0,179,0,0,0
1743619406.001894,600960,21068468,0,pscratch,pscratch-ffff9808886c4000,0,0,298417305668,668688030543,0,0,11468,0,0,0,0,0,0,0,0,0,0,0,0,0,0,0,0,0,0,0,0,0,0,0,0,1257,0,0,0
1743619407.001214,600960,21068468,0,nscratch,nscratch-ffff9808a03be000,0,0,774434370749,15605839116,0,0,23020,0,0,0,0,0,0,0,0,0,0,0,0,0,0,0,0,0,0,0,0,0,0,0,0,179,0,0,0
1743619407.001286,600960,21068468,0,pscratch,pscratch-ffff9808886c4000,0,0,298417305668,668688030543,0,0,11468,0,0,0,0,0,0,0,0,0,0,0,0,0,0,0,0,0,0,0,0,0,0,0,0,1257,0,0,0
1743619408.001079,600960,21068468,0,nscratch,nscratch-ffff9808a03be000,0,0,774434370749,15605839116,0,0,23020,0,0,0,0,0,0,0,0,0,0,0,0,0,0,0,0,0,0,0,0,0,0,0,0,179,0,0,0
1743619408.001152,600960,21068468,0,pscratch,pscratch-ffff9808886c4000,0,0,298417305668,668688030543,0,0,11468,0,0,0,0,0,0,0,0,0,0,0,0,0,0,0,0,0,0,0,0,0,0,0,0,1257,0,0,0
1743619409.001512,600960,21068468,0,nscratch,nscratch-ffff9808a03be000,0,0,774434370749,15605839116,0,0,23020,0,0,0,0,0,0,0,0,0,0,0,0,0,0,0,0,0,0,0,0,0,0,0,0,179,0,0,0
1743619409.001587,600960,21068468,0,pscratch,pscratch-ffff9808886c4000,0,0,298417305668,668688030543,0,0,11468,0,0,0,0,0,0,0,0,0,0,0,0,0,0,0,0,0,0,0,0,0,0,0,0,1257,0,0,0
1743619410.001988,600960,21068468,0,nscratch,nscratch-ffff9808a03be000,0,0,774434370749,15605839116,0,0,23020,0,0,0,0,0,0,0,0,0,0,0,0,0,0,0,0,0,0,0,0,0,0,0,0,179,0,0,0
1743619410.002103,600960,21068468,0,pscratch,pscratch-ffff9808886c4000,0,0,298417305668,668688030543,0,0,11468,0,0,0,0,0,0,0,0,0,0,0,0,0,0,0,0,0,0,0,0,0,0,0,0,1257,0,0,0
1743619411.001247,600960,21068468,0,nscratch,nscratch-ffff9808a03be000,0,0,774434370749,15605839116,0,0,23020,0,0,0,0,0,0,0,0,0,0,0,0,0,0,0,0,0,0,0,0,0,0,0,0,179,0,0,0
1743619411.001321,600960,21068468,0,pscratch,pscratch-ffff9808886c4000,0,0,298417305668,668688030543,0,0,11468,0,0,0,0,0,0,0,0,0,0,0,0,0,0,0,0,0,0,0,0,0,0,0,0,1257,0,0,0
1743619412.001198,600960,21068468,0,nscratch,nscratch-ffff9808a03be000,0,0,774434370749,15605839116,0,0,23020,0,0,0,0,0,0,0,0,0,0,0,0,0,0,0,0,0,0,0,0,0,0,0,0,179,0,0,0
1743619412.001294,600960,21068468,0,pscratch,pscratch-ffff9808886c4000,0,0,298417305668,668688030543,0,0,11468,0,0,0,0,0,0,0,0,0,0,0,0,0,0,0,0,0,0,0,0,0,0,0,0,1257,0,0,0
1743619413.001571,600960,21068468,0,nscratch,nscratch-ffff9808a03be000,0,0,774434370749,15605839116,0,0,23020,0,0,0,0,0,0,0,0,0,0,0,0,0,0,0,0,0,0,0,0,0,0,0,0,179,0,0,0
1743619413.001648,600960,21068468,0,pscratch,pscratch-ffff9808886c4000,0,0,298417305668,668688030543,0,0,11468,0,0,0,0,0,0,0,0,0,0,0,0,0,0,0,0,0,0,0,0,0,0,0,0,1257,0,0,0
1743619414.001757,600960,21068468,0,nscratch,nscratch-ffff9808a03be000,0,0,774434370749,15605839116,0,0,23020,0,0,0,0,0,0,0,0,0,0,0,0,0,0,0,0,0,0,0,0,0,0,0,0,179,0,0,0
1743619414.001829,600960,21068468,0,pscratch,pscratch-ffff9808886c4000,0,0,298417305668,668688030543,0,0,11468,0,0,0,0,0,0,0,0,0,0,0,0,0,0,0,0,0,0,0,0,0,0,0,0,1257,0,0,0
1743619415.002029,600960,21068468,0,nscratch,nscratch-ffff9808a03be000,0,0,774434370749,15605839116,0,0,23020,0,0,0,0,0,0,0,0,0,0,0,0,0,0,0,0,0,0,0,0,0,0,0,0,179,0,0,0
1743619415.002103,600960,21068468,0,pscratch,pscratch-ffff9808886c4000,0,0,298417305668,668688030543,0,0,11468,0,0,0,0,0,0,0,0,0,0,0,0,0,0,0,0,0,0,0,0,0,0,0,0,1257,0,0,0
1743619416.001391,600960,21068468,0,nscratch,nscratch-ffff9808a03be000,0,0,774434370749,15605839116,0,0,23020,0,0,0,0,0,0,0,0,0,0,0,0,0,0,0,0,0,0,0,0,0,0,0,0,179,0,0,0
1743619416.001467,600960,21068468,0,pscratch,pscratch-ffff9808886c4000,0,0,298417305668,668688030543,0,0,11468,0,0,0,0,0,0,0,0,0,0,0,0,0,0,0,0,0,0,0,0,0,0,0,0,1257,0,0,0
1743619417.001577,600960,21068468,0,nscratch,nscratch-ffff9808a03be000,0,0,774434370749,15605839116,0,0,23020,0,0,0,0,0,0,0,0,0,0,0,0,0,0,0,0,0,0,0,0,0,0,0,0,179,0,0,0
1743619417.001651,600960,21068468,0,pscratch,pscratch-ffff9808886c4000,0,0,298417305668,668688030543,0,0,11468,0,0,0,0,0,0,0,0,0,0,0,0,0,0,0,0,0,0,0,0,0,0,0,0,1257,0,0,0
1743619418.001991,600960,21068468,0,nscratch,nscratch-ffff9808a03be000,0,0,774434370749,15605839116,0,0,23020,0,0,0,0,0,0,0,0,0,0,0,0,0,0,0,0,0,0,0,0,0,0,0,0,179,0,0,0
1743619418.002067,600960,21068468,0,pscratch,pscratch-ffff9808886c4000,0,0,298417305668,668688030543,0,0,11468,0,0,0,0,0,0,0,0,0,0,0,0,0,0,0,0,0,0,0,0,0,0,0,0,1257,0,0,0
1743619419.001203,600960,21068468,0,nscratch,nscratch-ffff9808a03be000,0,0,774434370749,15605839116,0,0,23020,0,0,0,0,0,0,0,0,0,0,0,0,0,0,0,0,0,0,0,0,0,0,0,0,179,0,0,0
1743619419.001277,600960,21068468,0,pscratch,pscratch-ffff9808886c4000,0,0,298417305668,668688030543,0,0,11468,0,0,0,0,0,0,0,0,0,0,0,0,0,0,0,0,0,0,0,0,0,0,0,0,1257,0,0,0
1743619420.001079,600960,21068468,0,nscratch,nscratch-ffff9808a03be000,0,0,774434370749,15605839116,0,0,23020,0,0,0,0,0,0,0,0,0,0,0,0,0,0,0,0,0,0,0,0,0,0,0,0,179,0,0,0
1743619420.001152,600960,21068468,0,pscratch,pscratch-ffff9808886c4000,0,0,298417305668,668688030543,0,0,11468,0,0,0,0,0,0,0,0,0,0,0,0,0,0,0,0,0,0,0,0,0,0,0,0,1257,0,0,0
1743619421.001550,600960,21068468,0,nscratch,nscratch-ffff9808a03be000,0,0,774434370749,15605839116,0,0,23020,0,0,0,0,0,0,0,0,0,0,0,0,0,0,0,0,0,0,0,0,0,0,0,0,179,0,0,0
1743619421.001624,600960,21068468,0,pscratch,pscratch-ffff9808886c4000,0,0,298417305668,668688030543,0,0,11468,0,0,0,0,0,0,0,0,0,0,0,0,0,0,0,0,0,0,0,0,0,0,0,0,1257,0,0,0
1743619422.001912,600960,21068468,0,nscratch,nscratch-ffff9808a03be000,0,0,774434370749,15605839116,0,0,23020,0,0,0,0,0,0,0,0,0,0,0,0,0,0,0,0,0,0,0,0,0,0,0,0,179,0,0,0
1743619422.001993,600960,21068468,0,pscratch,pscratch-ffff9808886c4000,0,0,298417305668,668688030543,0,0,11468,0,0,0,0,0,0,0,0,0,0,0,0,0,0,0,0,0,0,0,0,0,0,0,0,1257,0,0,0
1743619423.002102,600960,21068468,0,nscratch,nscratch-ffff9808a03be000,0,0,774434370749,15605839116,0,0,23020,0,0,0,0,0,0,0,0,0,0,0,0,0,0,0,0,0,0,0,0,0,0,0,0,179,0,0,0
1743619423.002189,600960,21068468,0,pscratch,pscratch-ffff9808886c4000,0,0,298417305668,668688030543,0,0,11468,0,0,0,0,0,0,0,0,0,0,0,0,0,0,0,0,0,0,0,0,0,0,0,0,1257,0,0,0
1743619424.001193,600960,21068468,0,nscratch,nscratch-ffff9808a03be000,0,0,774434370749,15605839116,0,0,23020,0,0,0,0,0,0,0,0,0,0,0,0,0,0,0,0,0,0,0,0,0,0,0,0,179,0,0,0
1743619424.001267,600960,21068468,0,pscratch,pscratch-ffff9808886c4000,0,0,298417305668,668688030543,0,0,11468,0,0,0,0,0,0,0,0,0,0,0,0,0,0,0,0,0,0,0,0,0,0,0,0,1257,0,0,0
1743619425.001542,600960,21068468,0,nscratch,nscratch-ffff9808a03be000,0,0,774434370749,15605839116,0,0,23020,0,0,0,0,0,0,0,0,0,0,0,0,0,0,0,0,0,0,0,0,0,0,0,0,179,0,0,0
1743619425.001615,600960,21068468,0,pscratch,pscratch-ffff9808886c4000,0,0,298417305668,668688030543,0,0,11468,0,0,0,0,0,0,0,0,0,0,0,0,0,0,0,0,0,0,0,0,0,0,0,0,1257,0,0,0
1743619426.001757,600960,21068468,0,nscratch,nscratch-ffff9808a03be000,0,0,774434370749,15605839116,0,0,23020,0,0,0,0,0,0,0,0,0,0,0,0,0,0,0,0,0,0,0,0,0,0,0,0,179,0,0,0
1743619426.001832,600960,21068468,0,pscratch,pscratch-ffff9808886c4000,0,0,298417305668,668688030543,0,0,11468,0,0,0,0,0,0,0,0,0,0,0,0,0,0,0,0,0,0,0,0,0,0,0,0,1257,0,0,0
1743619427.002203,600960,21068468,0,nscratch,nscratch-ffff9808a03be000,0,0,774434370749,15605839116,0,0,23020,0,0,0,0,0,0,0,0,0,0,0,0,0,0,0,0,0,0,0,0,0,0,0,0,179,0,0,0
1743619427.002276,600960,21068468,0,pscratch,pscratch-ffff9808886c4000,0,0,298417305668,668688030543,0,0,11468,0,0,0,0,0,0,0,0,0,0,0,0,0,0,0,0,0,0,0,0,0,0,0,0,1257,0,0,0
1743619428.001509,600960,21068468,0,nscratch,nscratch-ffff9808a03be000,0,0,774434370749,15605839116,0,0,23020,0,0,0,0,0,0,0,0,0,0,0,0,0,0,0,0,0,0,0,0,0,0,0,0,179,0,0,0
1743619428.001581,600960,21068468,0,pscratch,pscratch-ffff9808886c4000,0,0,298417305668,668688030543,0,0,11468,0,0,0,0,0,0,0,0,0,0,0,0,0,0,0,0,0,0,0,0,0,0,0,0,1257,0,0,0
1743619429.001057,600960,21068468,0,nscratch,nscratch-ffff9808a03be000,0,0,774434370749,15605839116,0,0,23020,0,0,0,0,0,0,0,0,0,0,0,0,0,0,0,0,0,0,0,0,0,0,0,0,179,0,0,0
1743619429.001130,600960,21068468,0,pscratch,pscratch-ffff9808886c4000,0,0,298417305668,668688030543,0,0,11468,0,0,0,0,0,0,0,0,0,0,0,0,0,0,0,0,0,0,0,0,0,0,0,0,1257,0,0,0
1743619430.001150,600960,21068468,0,nscratch,nscratch-ffff9808a03be000,0,0,774434370749,15605839116,0,0,23020,0,0,0,0,0,0,0,0,0,0,0,0,0,0,0,0,0,0,0,0,0,0,0,0,179,0,0,0
1743619430.001223,600960,21068468,0,pscratch,pscratch-ffff9808886c4000,0,0,298417305668,668688030543,0,0,11468,0,0,0,0,0,0,0,0,0,0,0,0,0,0,0,0,0,0,0,0,0,0,0,0,1257,0,0,0
1743619431.001549,600960,21068468,0,nscratch,nscratch-ffff9808a03be000,0,0,774434370749,15605839116,0,0,23020,0,0,0,0,0,0,0,0,0,0,0,0,0,0,0,0,0,0,0,0,0,0,0,0,179,0,0,0
1743619431.001638,600960,21068468,0,pscratch,pscratch-ffff9808886c4000,0,0,298417305668,668688030543,0,0,11468,0,0,0,0,0,0,0,0,0,0,0,0,0,0,0,0,0,0,0,0,0,0,0,0,1257,0,0,0
1743619432.001088,600960,21068468,0,nscratch,nscratch-ffff9808a03be000,0,0,774434370749,15605839116,0,0,23020,0,0,0,0,0,0,0,0,0,0,0,0,0,0,0,0,0,0,0,0,0,0,0,0,179,0,0,0
1743619432.001163,600960,21068468,0,pscratch,pscratch-ffff9808886c4000,0,0,298417305668,668688030543,0,0,11468,0,0,0,0,0,0,0,0,0,0,0,0,0,0,0,0,0,0,0,0,0,0,0,0,1257,0,0,0
1743619433.001542,600960,21068468,0,nscratch,nscratch-ffff9808a03be000,0,0,774434370749,15605839116,0,0,23020,0,0,0,0,0,0,0,0,0,0,0,0,0,0,0,0,0,0,0,0,0,0,0,0,179,0,0,0
1743619433.001617,600960,21068468,0,pscratch,pscratch-ffff9808886c4000,0,0,298417305668,668688030543,0,0,11468,0,0,0,0,0,0,0,0,0,0,0,0,0,0,0,0,0,0,0,0,0,0,0,0,1257,0,0,0
1743619434.001880,600960,21068468,0,nscratch,nscratch-ffff9808a03be000,0,0,774434370749,15605839116,0,0,23020,0,0,0,0,0,0,0,0,0,0,0,0,0,0,0,0,0,0,0,0,0,0,0,0,179,0,0,0
1743619434.001962,600960,21068468,0,pscratch,pscratch-ffff9808886c4000,0,0,298417305668,668688030543,0,0,11468,0,0,0,0,0,0,0,0,0,0,0,0,0,0,0,0,0,0,0,0,0,0,0,0,1257,0,0,0
1743619435.002080,600960,21068468,0,nscratch,nscratch-ffff9808a03be000,0,0,774434370749,15605839116,0,0,23020,0,0,0,0,0,0,0,0,0,0,0,0,0,0,0,0,0,0,0,0,0,0,0,0,179,0,0,0
1743619435.002153,600960,21068468,0,pscratch,pscratch-ffff9808886c4000,0,0,298417305668,668688030543,0,0,11468,0,0,0,0,0,0,0,0,0,0,0,0,0,0,0,0,0,0,0,0,0,0,0,0,1257,0,0,0
1743619436.001193,600960,21068468,0,nscratch,nscratch-ffff9808a03be000,0,0,774434370749,15605839116,0,0,23020,0,0,0,0,0,0,0,0,0,0,0,0,0,0,0,0,0,0,0,0,0,0,0,0,179,0,0,0
1743619436.001276,600960,21068468,0,pscratch,pscratch-ffff9808886c4000,0,0,298417305668,668688030543,0,0,11468,0,0,0,0,0,0,0,0,0,0,0,0,0,0,0,0,0,0,0,0,0,0,0,0,1257,0,0,0
1743619437.001554,600960,21068468,0,nscratch,nscratch-ffff9808a03be000,0,0,774434370749,15605839116,0,0,23020,0,0,0,0,0,0,0,0,0,0,0,0,0,0,0,0,0,0,0,0,0,0,0,0,179,0,0,0
1743619437.001630,600960,21068468,0,pscratch,pscratch-ffff9808886c4000,0,0,298417305668,668688030543,0,0,11468,0,0,0,0,0,0,0,0,0,0,0,0,0,0,0,0,0,0,0,0,0,0,0,0,1257,0,0,0
1743619438.001771,600960,21068468,0,nscratch,nscratch-ffff9808a03be000,0,0,774434370749,15605839116,0,0,23020,0,0,0,0,0,0,0,0,0,0,0,0,0,0,0,0,0,0,0,0,0,0,0,0,179,0,0,0
1743619438.001846,600960,21068468,0,pscratch,pscratch-ffff9808886c4000,0,0,298417305668,668688030543,0,0,11468,0,0,0,0,0,0,0,0,0,0,0,0,0,0,0,0,0,0,0,0,0,0,0,0,1257,0,0,0
1743619439.002151,600960,21068468,0,nscratch,nscratch-ffff9808a03be000,0,0,774434370749,15605839116,0,0,23020,0,0,0,0,0,0,0,0,0,0,0,0,0,0,0,0,0,0,0,0,0,0,0,0,179,0,0,0
1743619439.002227,600960,21068468,0,pscratch,pscratch-ffff9808886c4000,0,0,298417305668,668688030543,0,0,11468,0,0,0,0,0,0,0,0,0,0,0,0,0,0,0,0,0,0,0,0,0,0,0,0,1257,0,0,0
1743619440.001513,600960,21068468,0,nscratch,nscratch-ffff9808a03be000,0,0,774434370749,15605839116,0,0,23020,0,0,0,0,0,0,0,0,0,0,0,0,0,0,0,0,0,0,0,0,0,0,0,0,179,0,0,0
1743619440.001623,600960,21068468,0,pscratch,pscratch-ffff9808886c4000,0,0,298417305668,668688030543,0,0,11468,0,0,0,0,0,0,0,0,0,0,0,0,0,0,0,0,0,0,0,0,0,0,0,0,1257,0,0,0
1743619441.001766,600960,21068468,0,nscratch,nscratch-ffff9808a03be000,0,0,774434370749,15605839116,0,0,23020,0,0,0,0,0,0,0,0,0,0,0,0,0,0,0,0,0,0,0,0,0,0,0,0,179,0,0,0
1743619441.001841,600960,21068468,0,pscratch,pscratch-ffff9808886c4000,0,0,298417305668,668688030543,0,0,11468,0,0,0,0,0,0,0,0,0,0,0,0,0,0,0,0,0,0,0,0,0,0,0,0,1257,0,0,0
1743619442.002218,600960,21068468,0,nscratch,nscratch-ffff9808a03be000,0,0,774434370749,15605839116,0,0,23020,0,0,0,0,0,0,0,0,0,0,0,0,0,0,0,0,0,0,0,0,0,0,0,0,179,0,0,0
1743619442.002292,600960,21068468,0,pscratch,pscratch-ffff9808886c4000,0,0,298417305668,668688030543,0,0,11468,0,0,0,0,0,0,0,0,0,0,0,0,0,0,0,0,0,0,0,0,0,0,0,0,1257,0,0,0
1743619443.001533,600960,21068468,0,nscratch,nscratch-ffff9808a03be000,0,0,774434370749,15605839116,0,0,23020,0,0,0,0,0,0,0,0,0,0,0,0,0,0,0,0,0,0,0,0,0,0,0,0,179,0,0,0
1743619443.001605,600960,21068468,0,pscratch,pscratch-ffff9808886c4000,0,0,298417305668,668688030543,0,0,11468,0,0,0,0,0,0,0,0,0,0,0,0,0,0,0,0,0,0,0,0,0,0,0,0,1257,0,0,0
1743619444.001747,600960,21068468,0,nscratch,nscratch-ffff9808a03be000,0,0,774434370749,15605839116,0,0,23020,0,0,0,0,0,0,0,0,0,0,0,0,0,0,0,0,0,0,0,0,0,0,0,0,179,0,0,0
1743619444.001823,600960,21068468,0,pscratch,pscratch-ffff9808886c4000,0,0,298417305668,668688030543,0,0,11468,0,0,0,0,0,0,0,0,0,0,0,0,0,0,0,0,0,0,0,0,0,0,0,0,1257,0,0,0
1743619445.002151,600960,21068468,0,nscratch,nscratch-ffff9808a03be000,0,0,774434370749,15605839116,0,0,23020,0,0,0,0,0,0,0,0,0,0,0,0,0,0,0,0,0,0,0,0,0,0,0,0,179,0,0,0
1743619445.002223,600960,21068468,0,pscratch,pscratch-ffff9808886c4000,0,0,298417305668,668688030543,0,0,11468,0,0,0,0,0,0,0,0,0,0,0,0,0,0,0,0,0,0,0,0,0,0,0,0,1257,0,0,0
1743619446.001225,600960,21068468,0,nscratch,nscratch-ffff9808a03be000,0,0,774434370749,15605839116,0,0,23020,0,0,0,0,0,0,0,0,0,0,0,0,0,0,0,0,0,0,0,0,0,0,0,0,179,0,0,0
1743619446.001305,600960,21068468,0,pscratch,pscratch-ffff9808886c4000,0,0,298417305668,668688030543,0,0,11468,0,0,0,0,0,0,0,0,0,0,0,0,0,0,0,0,0,0,0,0,0,0,0,0,1257,0,0,0
1743619447.001419,600960,21068468,0,nscratch,nscratch-ffff9808a03be000,0,0,774434370749,15605839116,0,0,23020,0,0,0,0,0,0,0,0,0,0,0,0,0,0,0,0,0,0,0,0,0,0,0,0,179,0,0,0
1743619447.001495,600960,21068468,0,pscratch,pscratch-ffff9808886c4000,0,0,298417305668,668688030543,0,0,11468,0,0,0,0,0,0,0,0,0,0,0,0,0,0,0,0,0,0,0,0,0,0,0,0,1257,0,0,0
1743619448.001205,600960,21068468,0,nscratch,nscratch-ffff9808a03be000,0,0,774434370749,15605839116,0,0,23020,0,0,0,0,0,0,0,0,0,0,0,0,0,0,0,0,0,0,0,0,0,0,0,0,179,0,0,0
1743619448.001329,600960,21068468,0,pscratch,pscratch-ffff9808886c4000,0,0,298417305668,668688030543,0,0,11468,0,0,0,0,0,0,0,0,0,0,0,0,0,0,0,0,0,0,0,0,0,0,0,0,1257,0,0,0
1743619449.001684,600960,21068468,0,nscratch,nscratch-ffff9808a03be000,0,0,774434370749,15605839116,0,0,23020,0,0,0,0,0,0,0,0,0,0,0,0,0,0,0,0,0,0,0,0,0,0,0,0,179,0,0,0
1743619449.001768,600960,21068468,0,pscratch,pscratch-ffff9808886c4000,0,0,298417305668,668688030543,0,0,11468,0,0,0,0,0,0,0,0,0,0,0,0,0,0,0,0,0,0,0,0,0,0,0,0,1257,0,0,0
1743619450.001918,600960,21068468,0,nscratch,nscratch-ffff9808a03be000,0,0,774434370749,15605839116,0,0,23020,0,0,0,0,0,0,0,0,0,0,0,0,0,0,0,0,0,0,0,0,0,0,0,0,179,0,0,0
1743619450.002046,600960,21068468,0,pscratch,pscratch-ffff9808886c4000,0,0,298417305668,668688030543,0,0,11468,0,0,0,0,0,0,0,0,0,0,0,0,0,0,0,0,0,0,0,0,0,0,0,0,1257,0,0,0
1743619451.001541,600960,21068468,0,nscratch,nscratch-ffff9808a03be000,0,0,774434370749,15605839116,0,0,23020,0,0,0,0,0,0,0,0,0,0,0,0,0,0,0,0,0,0,0,0,0,0,0,0,179,0,0,0
1743619451.001616,600960,21068468,0,pscratch,pscratch-ffff9808886c4000,0,0,298417305668,668688030543,0,0,11468,0,0,0,0,0,0,0,0,0,0,0,0,0,0,0,0,0,0,0,0,0,0,0,0,1257,0,0,0
1743619452.001203,600960,21068468,0,nscratch,nscratch-ffff9808a03be000,0,0,774434370749,15605839116,0,0,23020,0,0,0,0,0,0,0,0,0,0,0,0,0,0,0,0,0,0,0,0,0,0,0,0,179,0,0,0
1743619452.001274,600960,21068468,0,pscratch,pscratch-ffff9808886c4000,0,0,298417305668,668688030543,0,0,11468,0,0,0,0,0,0,0,0,0,0,0,0,0,0,0,0,0,0,0,0,0,0,0,0,1257,0,0,0
1743619453.001050,600960,21068468,0,nscratch,nscratch-ffff9808a03be000,0,0,774434370749,15605839116,0,0,23020,0,0,0,0,0,0,0,0,0,0,0,0,0,0,0,0,0,0,0,0,0,0,0,0,179,0,0,0
1743619453.001124,600960,21068468,0,pscratch,pscratch-ffff9808886c4000,0,0,298417305668,668688030543,0,0,11468,0,0,0,0,0,0,0,0,0,0,0,0,0,0,0,0,0,0,0,0,0,0,0,0,1257,0,0,0
1743619454.001150,600960,21068468,0,nscratch,nscratch-ffff9808a03be000,0,0,774434370749,15605839116,0,0,23020,0,0,0,0,0,0,0,0,0,0,0,0,0,0,0,0,0,0,0,0,0,0,0,0,179,0,0,0
1743619454.001223,600960,21068468,0,pscratch,pscratch-ffff9808886c4000,0,0,298417305668,668688030543,0,0,11468,0,0,0,0,0,0,0,0,0,0,0,0,0,0,0,0,0,0,0,0,0,0,0,0,1257,0,0,0
1743619455.001507,600960,21068468,0,nscratch,nscratch-ffff9808a03be000,0,0,774434370749,15605839116,0,0,23020,0,0,0,0,0,0,0,0,0,0,0,0,0,0,0,0,0,0,0,0,0,0,0,0,179,0,0,0
1743619455.001581,600960,21068468,0,pscratch,pscratch-ffff9808886c4000,0,0,298417305668,668688030543,0,0,11468,0,0,0,0,0,0,0,0,0,0,0,0,0,0,0,0,0,0,0,0,0,0,0,0,1257,0,0,0
1743619456.001691,600960,21068468,0,nscratch,nscratch-ffff9808a03be000,0,0,774434370749,15605839116,0,0,23020,0,0,0,0,0,0,0,0,0,0,0,0,0,0,0,0,0,0,0,0,0,0,0,0,179,0,0,0
1743619456.001763,600960,21068468,0,pscratch,pscratch-ffff9808886c4000,0,0,298417305668,668688030543,0,0,11468,0,0,0,0,0,0,0,0,0,0,0,0,0,0,0,0,0,0,0,0,0,0,0,0,1257,0,0,0
1743619457.001152,600960,21068468,0,nscratch,nscratch-ffff9808a03be000,0,0,774434370749,15605839116,0,0,23020,0,0,0,0,0,0,0,0,0,0,0,0,0,0,0,0,0,0,0,0,0,0,0,0,179,0,0,0
1743619457.001225,600960,21068468,0,pscratch,pscratch-ffff9808886c4000,0,0,298417305668,668688030543,0,0,11468,0,0,0,0,0,0,0,0,0,0,0,0,0,0,0,0,0,0,0,0,0,0,0,0,1257,0,0,0
1743619458.001499,600960,21068468,0,nscratch,nscratch-ffff9808a03be000,0,0,774434370749,15605839116,0,0,23020,0,0,0,0,0,0,0,0,0,0,0,0,0,0,0,0,0,0,0,0,0,0,0,0,179,0,0,0
1743619458.001574,600960,21068468,0,pscratch,pscratch-ffff9808886c4000,0,0,298417305668,668688030543,0,0,11468,0,0,0,0,0,0,0,0,0,0,0,0,0,0,0,0,0,0,0,0,0,0,0,0,1257,0,0,0
1743619459.001047,600960,21068468,0,nscratch,nscratch-ffff9808a03be000,0,0,774434370749,15605839116,0,0,23020,0,0,0,0,0,0,0,0,0,0,0,0,0,0,0,0,0,0,0,0,0,0,0,0,179,0,0,0
1743619459.001120,600960,21068468,0,pscratch,pscratch-ffff9808886c4000,0,0,298417305668,668688030543,0,0,11468,0,0,0,0,0,0,0,0,0,0,0,0,0,0,0,0,0,0,0,0,0,0,0,0,1257,0,0,0
1743619460.001149,600960,21068468,0,nscratch,nscratch-ffff9808a03be000,0,0,774434370749,15605839116,0,0,23020,0,0,0,0,0,0,0,0,0,0,0,0,0,0,0,0,0,0,0,0,0,0,0,0,179,0,0,0
1743619460.001222,600960,21068468,0,pscratch,pscratch-ffff9808886c4000,0,0,298417305668,668688030543,0,0,11468,0,0,0,0,0,0,0,0,0,0,0,0,0,0,0,0,0,0,0,0,0,0,0,0,1257,0,0,0
1743619466.001165,600960,21068468,0,nscratch,nscratch-ffff9808a03be000,0,0,774434370749,15605839116,0,0,23020,0,0,0,0,0,0,0,0,0,0,0,0,0,0,0,0,0,0,0,0,0,0,0,0,179,0,0,0
1743619466.001240,600960,21068468,0,pscratch,pscratch-ffff9808886c4000,0,0,298417305668,668688030543,0,0,11468,0,0,0,0,0,0,0,0,0,0,0,0,0,0,0,0,0,0,0,0,0,0,0,0,1257,0,0,0
1743619469.001513,600960,21068468,0,nscratch,nscratch-ffff9808a03be000,0,0,774434370749,15605839116,0,0,23020,0,0,0,0,0,0,0,0,0,0,0,0,0,0,0,0,0,0,0,0,0,0,0,0,179,0,0,0
1743619469.001587,600960,21068468,0,pscratch,pscratch-ffff9808886c4000,0,0,298417305668,668688030543,0,0,11468,0,0,0,0,0,0,0,0,0,0,0,0,0,0,0,0,0,0,0,0,0,0,0,0,1257,0,0,0
1743619470.001863,600960,21068468,0,nscratch,nscratch-ffff9808a03be000,0,0,774434370749,15605839116,0,0,23020,0,0,0,0,0,0,0,0,0,0,0,0,0,0,0,0,0,0,0,0,0,0,0,0,179,0,0,0
1743619470.001936,600960,21068468,0,pscratch,pscratch-ffff9808886c4000,0,0,298417305668,668688030543,0,0,11468,0,0,0,0,0,0,0,0,0,0,0,0,0,0,0,0,0,0,0,0,0,0,0,0,1257,0,0,0
1743619471.002105,600960,21068468,0,nscratch,nscratch-ffff9808a03be000,0,0,774434370749,15605839116,0,0,23020,0,0,0,0,0,0,0,0,0,0,0,0,0,0,0,0,0,0,0,0,0,0,0,0,179,0,0,0
1743619471.002190,600960,21068468,0,pscratch,pscratch-ffff9808886c4000,0,0,298417305668,668688030543,0,0,11468,0,0,0,0,0,0,0,0,0,0,0,0,0,0,0,0,0,0,0,0,0,0,0,0,1257,0,0,0
1743619472.001558,600960,21068468,0,nscratch,nscratch-ffff9808a03be000,0,0,774434370749,15605839116,0,0,23020,0,0,0,0,0,0,0,0,0,0,0,0,0,0,0,0,0,0,0,0,0,0,0,0,179,0,0,0
1743619472.001633,600960,21068468,0,pscratch,pscratch-ffff9808886c4000,0,0,298417305668,668688030543,0,0,11468,0,0,0,0,0,0,0,0,0,0,0,0,0,0,0,0,0,0,0,0,0,0,0,0,1257,0,0,0
1743619473.001912,600960,21068468,0,nscratch,nscratch-ffff9808a03be000,0,0,774434370749,15605839116,0,0,23020,0,0,0,0,0,0,0,0,0,0,0,0,0,0,0,0,0,0,0,0,0,0,0,0,179,0,0,0
1743619473.001995,600960,21068468,0,pscratch,pscratch-ffff9808886c4000,0,0,298417305668,668688030543,0,0,11468,0,0,0,0,0,0,0,0,0,0,0,0,0,0,0,0,0,0,0,0,0,0,0,0,1257,0,0,0
1743619474.002139,600960,21068468,0,nscratch,nscratch-ffff9808a03be000,0,0,774434370749,15605839116,0,0,23020,0,0,0,0,0,0,0,0,0,0,0,0,0,0,0,0,0,0,0,0,0,0,0,0,179,0,0,0
1743619474.002214,600960,21068468,0,pscratch,pscratch-ffff9808886c4000,0,0,298417305668,668688030543,0,0,11468,0,0,0,0,0,0,0,0,0,0,0,0,0,0,0,0,0,0,0,0,0,0,0,0,1257,0,0,0
1743619475.001581,600960,21068468,0,nscratch,nscratch-ffff9808a03be000,0,0,774434370749,15605839116,0,0,23020,0,0,0,0,0,0,0,0,0,0,0,0,0,0,0,0,0,0,0,0,0,0,0,0,179,0,0,0
1743619475.001655,600960,21068468,0,pscratch,pscratch-ffff9808886c4000,0,0,298417305668,668688030543,0,0,11468,0,0,0,0,0,0,0,0,0,0,0,0,0,0,0,0,0,0,0,0,0,0,0,0,1257,0,0,0
1743619476.001933,600960,21068468,0,nscratch,nscratch-ffff9808a03be000,0,0,774434370749,15605839116,0,0,23020,0,0,0,0,0,0,0,0,0,0,0,0,0,0,0,0,0,0,0,0,0,0,0,0,179,0,0,0
1743619476.002019,600960,21068468,0,pscratch,pscratch-ffff9808886c4000,0,0,298417305668,668688030543,0,0,11468,0,0,0,0,0,0,0,0,0,0,0,0,0,0,0,0,0,0,0,0,0,0,0,0,1257,0,0,0
1743619477.001157,600960,21068468,0,nscratch,nscratch-ffff9808a03be000,0,0,774434370749,15605839116,0,0,23020,0,0,0,0,0,0,0,0,0,0,0,0,0,0,0,0,0,0,0,0,0,0,0,0,179,0,0,0
1743619477.001233,600960,21068468,0,pscratch,pscratch-ffff9808886c4000,0,0,298417305668,668688030543,0,0,11468,0,0,0,0,0,0,0,0,0,0,0,0,0,0,0,0,0,0,0,0,0,0,0,0,1257,0,0,0
1743619478.001598,600960,21068468,0,nscratch,nscratch-ffff9808a03be000,0,0,774434370749,15605839116,0,0,23020,0,0,0,0,0,0,0,0,0,0,0,0,0,0,0,0,0,0,0,0,0,0,0,0,179,0,0,0
1743619478.001672,600960,21068468,0,pscratch,pscratch-ffff9808886c4000,0,0,298417305668,668688030543,0,0,11468,0,0,0,0,0,0,0,0,0,0,0,0,0,0,0,0,0,0,0,0,0,0,0,0,1257,0,0,0
1743619479.001956,600960,21068468,0,nscratch,nscratch-ffff9808a03be000,0,0,774434370749,15605839116,0,0,23020,0,0,0,0,0,0,0,0,0,0,0,0,0,0,0,0,0,0,0,0,0,0,0,0,179,0,0,0
1743619479.002032,600960,21068468,0,pscratch,pscratch-ffff9808886c4000,0,0,298417305668,668688030543,0,0,11468,0,0,0,0,0,0,0,0,0,0,0,0,0,0,0,0,0,0,0,0,0,0,0,0,1257,0,0,0
1743619480.001174,600960,21068468,0,nscratch,nscratch-ffff9808a03be000,0,0,774434370749,15605839116,0,0,23020,0,0,0,0,0,0,0,0,0,0,0,0,0,0,0,0,0,0,0,0,0,0,0,0,179,0,0,0
1743619480.001249,600960,21068468,0,pscratch,pscratch-ffff9808886c4000,0,0,298417305668,668688030543,0,0,11468,0,0,0,0,0,0,0,0,0,0,0,0,0,0,0,0,0,0,0,0,0,0,0,0,1257,0,0,0
1743619486.002087,600960,21068468,0,nscratch,nscratch-ffff9808a03be000,0,0,774434370749,15605839116,0,0,23020,0,0,0,0,0,0,0,0,0,0,0,0,0,0,0,0,0,0,0,0,0,0,0,0,179,0,0,0
1743619486.002210,600960,21068468,0,pscratch,pscratch-ffff9808886c4000,0,0,298417305668,668688030543,0,0,11468,0,0,0,0,0,0,0,0,0,0,0,0,0,0,0,0,0,0,0,0,0,0,0,0,1257,0,0,0
1743619487.001706,600960,21068468,0,nscratch,nscratch-ffff9808a03be000,0,0,774434370749,15605839116,0,0,23020,0,0,0,0,0,0,0,0,0,0,0,0,0,0,0,0,0,0,0,0,0,0,0,0,179,0,0,0
1743619487.001832,600960,21068468,0,pscratch,pscratch-ffff9808886c4000,0,0,298417305668,668688030543,0,0,11468,0,0,0,0,0,0,0,0,0,0,0,0,0,0,0,0,0,0,0,0,0,0,0,0,1257,0,0,0
1743619488.002179,600960,21068468,0,nscratch,nscratch-ffff9808a03be000,0,0,774434370749,15605839116,0,0,23020,0,0,0,0,0,0,0,0,0,0,0,0,0,0,0,0,0,0,0,0,0,0,0,0,179,0,0,0
1743619488.002304,600960,21068468,0,pscratch,pscratch-ffff9808886c4000,0,0,298417305668,668688030543,0,0,11468,0,0,0,0,0,0,0,0,0,0,0,0,0,0,0,0,0,0,0,0,0,0,0,0,1257,0,0,0
1743619489.001445,600960,21068468,0,nscratch,nscratch-ffff9808a03be000,0,0,774434370749,15605839116,0,0,23020,0,0,0,0,0,0,0,0,0,0,0,0,0,0,0,0,0,0,0,0,0,0,0,0,179,0,0,0
1743619489.001569,600960,21068468,0,pscratch,pscratch-ffff9808886c4000,0,0,298417305668,668688030543,0,0,11468,0,0,0,0,0,0,0,0,0,0,0,0,0,0,0,0,0,0,0,0,0,0,0,0,1257,0,0,0
1743619490.002069,600960,21068468,0,nscratch,nscratch-ffff9808a03be000,0,0,774434370749,15605839116,0,0,23020,0,0,0,0,0,0,0,0,0,0,0,0,0,0,0,0,0,0,0,0,0,0,0,0,179,0,0,0
1743619490.002196,600960,21068468,0,pscratch,pscratch-ffff9808886c4000,0,0,298417305668,668688030543,0,0,11468,0,0,0,0,0,0,0,0,0,0,0,0,0,0,0,0,0,0,0,0,0,0,0,0,1257,0,0,0
1743619491.001538,600960,21068468,0,nscratch,nscratch-ffff9808a03be000,0,0,774434370749,15605839116,0,0,23020,0,0,0,0,0,0,0,0,0,0,0,0,0,0,0,0,0,0,0,0,0,0,0,0,179,0,0,0
1743619491.001662,600960,21068468,0,pscratch,pscratch-ffff9808886c4000,0,0,298417305668,668688030543,0,0,11468,0,0,0,0,0,0,0,0,0,0,0,0,0,0,0,0,0,0,0,0,0,0,0,0,1257,0,0,0
1743619492.001801,600960,21068468,0,nscratch,nscratch-ffff9808a03be000,0,0,774434370749,15605839116,0,0,23020,0,0,0,0,0,0,0,0,0,0,0,0,0,0,0,0,0,0,0,0,0,0,0,0,179,0,0,0
1743619492.001923,600960,21068468,0,pscratch,pscratch-ffff9808886c4000,0,0,298417305668,668688030543,0,0,11468,0,0,0,0,0,0,0,0,0,0,0,0,0,0,0,0,0,0,0,0,0,0,0,0,1257,0,0,0
1743619493.001189,600960,21068468,0,nscratch,nscratch-ffff9808a03be000,0,0,774434370749,15605839116,0,0,23020,0,0,0,0,0,0,0,0,0,0,0,0,0,0,0,0,0,0,0,0,0,0,0,0,179,0,0,0
1743619493.001281,600960,21068468,0,pscratch,pscratch-ffff9808886c4000,0,0,298417305668,668688030543,0,0,11468,0,0,0,0,0,0,0,0,0,0,0,0,0,0,0,0,0,0,0,0,0,0,0,0,1257,0,0,0
1743619494.001619,600960,21068468,0,nscratch,nscratch-ffff9808a03be000,0,0,774434370749,15605839116,0,0,23020,0,0,0,0,0,0,0,0,0,0,0,0,0,0,0,0,0,0,0,0,0,0,0,0,179,0,0,0
1743619494.001725,600960,21068468,0,pscratch,pscratch-ffff9808886c4000,0,0,298417305668,668688030543,0,0,11468,0,0,0,0,0,0,0,0,0,0,0,0,0,0,0,0,0,0,0,0,0,0,0,0,1257,0,0,0
1743619495.001888,600960,21068468,0,nscratch,nscratch-ffff9808a03be000,0,0,774434370749,15605839116,0,0,23020,0,0,0,0,0,0,0,0,0,0,0,0,0,0,0,0,0,0,0,0,0,0,0,0,179,0,0,0
1743619495.002000,600960,21068468,0,pscratch,pscratch-ffff9808886c4000,0,0,298417305668,668688030543,0,0,11468,0,0,0,0,0,0,0,0,0,0,0,0,0,0,0,0,0,0,0,0,0,0,0,0,1257,0,0,0
1743619496.001223,600960,21068468,0,nscratch,nscratch-ffff9808a03be000,0,0,774434370749,15605839116,0,0,23020,0,0,0,0,0,0,0,0,0,0,0,0,0,0,0,0,0,0,0,0,0,0,0,0,179,0,0,0
1743619496.001295,600960,21068468,0,pscratch,pscratch-ffff9808886c4000,0,0,298417305668,668688030543,0,0,11468,0,0,0,0,0,0,0,0,0,0,0,0,0,0,0,0,0,0,0,0,0,0,0,0,1257,0,0,0
1743619497.001583,600960,21068468,0,nscratch,nscratch-ffff9808a03be000,0,0,774434370749,15605839116,0,0,23020,0,0,0,0,0,0,0,0,0,0,0,0,0,0,0,0,0,0,0,0,0,0,0,0,179,0,0,0
1743619497.001655,600960,21068468,0,pscratch,pscratch-ffff9808886c4000,0,0,298417305668,668688030543,0,0,11468,0,0,0,0,0,0,0,0,0,0,0,0,0,0,0,0,0,0,0,0,0,0,0,0,1257,0,0,0
1743619498.001047,600960,21068468,0,nscratch,nscratch-ffff9808a03be000,0,0,774434370749,15605839116,0,0,23020,0,0,0,0,0,0,0,0,0,0,0,0,0,0,0,0,0,0,0,0,0,0,0,0,179,0,0,0
1743619498.001120,600960,21068468,0,pscratch,pscratch-ffff9808886c4000,0,0,298417305668,668688030543,0,0,11468,0,0,0,0,0,0,0,0,0,0,0,0,0,0,0,0,0,0,0,0,0,0,0,0,1257,0,0,0
1743619499.001149,600960,21068468,0,nscratch,nscratch-ffff9808a03be000,0,0,774434370749,15605839116,0,0,23020,0,0,0,0,0,0,0,0,0,0,0,0,0,0,0,0,0,0,0,0,0,0,0,0,179,0,0,0
1743619499.001221,600960,21068468,0,pscratch,pscratch-ffff9808886c4000,0,0,298417305668,668688030543,0,0,11468,0,0,0,0,0,0,0,0,0,0,0,0,0,0,0,0,0,0,0,0,0,0,0,0,1257,0,0,0
1743619500.001166,600960,21068468,0,nscratch,nscratch-ffff9808a03be000,0,0,774434370749,15605839116,0,0,23020,0,0,0,0,0,0,0,0,0,0,0,0,0,0,0,0,0,0,0,0,0,0,0,0,179,0,0,0
1743619500.001237,600960,21068468,0,pscratch,pscratch-ffff9808886c4000,0,0,298417305668,668688030543,0,0,11468,0,0,0,0,0,0,0,0,0,0,0,0,0,0,0,0,0,0,0,0,0,0,0,0,1257,0,0,0
1743619501.001047,600960,21068468,0,nscratch,nscratch-ffff9808a03be000,0,0,774434370749,15605839116,0,0,23020,0,0,0,0,0,0,0,0,0,0,0,0,0,0,0,0,0,0,0,0,0,0,0,0,179,0,0,0
1743619501.001120,600960,21068468,0,pscratch,pscratch-ffff9808886c4000,0,0,298417305668,668688030543,0,0,11468,0,0,0,0,0,0,0,0,0,0,0,0,0,0,0,0,0,0,0,0,0,0,0,0,1257,0,0,0
1743619502.001481,600960,21068468,0,nscratch,nscratch-ffff9808a03be000,0,0,774434370749,15605839116,0,0,23020,0,0,0,0,0,0,0,0,0,0,0,0,0,0,0,0,0,0,0,0,0,0,0,0,179,0,0,0
1743619502.001555,600960,21068468,0,pscratch,pscratch-ffff9808886c4000,0,0,298417305668,668688030543,0,0,11468,0,0,0,0,0,0,0,0,0,0,0,0,0,0,0,0,0,0,0,0,0,0,0,0,1257,0,0,0
1743619503.001830,600960,21068468,0,nscratch,nscratch-ffff9808a03be000,0,0,774434370749,15605839116,0,0,23020,0,0,0,0,0,0,0,0,0,0,0,0,0,0,0,0,0,0,0,0,0,0,0,0,179,0,0,0
1743619503.001903,600960,21068468,0,pscratch,pscratch-ffff9808886c4000,0,0,298417305668,668688030543,0,0,11468,0,0,0,0,0,0,0,0,0,0,0,0,0,0,0,0,0,0,0,0,0,0,0,0,1257,0,0,0
1743619504.001047,600960,21068468,0,nscratch,nscratch-ffff9808a03be000,0,0,774434370749,15605839116,0,0,23020,0,0,0,0,0,0,0,0,0,0,0,0,0,0,0,0,0,0,0,0,0,0,0,0,179,0,0,0
1743619504.001119,600960,21068468,0,pscratch,pscratch-ffff9808886c4000,0,0,298417305668,668688030543,0,0,11468,0,0,0,0,0,0,0,0,0,0,0,0,0,0,0,0,0,0,0,0,0,0,0,0,1257,0,0,0
1743619505.001479,600960,21068468,0,nscratch,nscratch-ffff9808a03be000,0,0,774434370749,15605839116,0,0,23020,0,0,0,0,0,0,0,0,0,0,0,0,0,0,0,0,0,0,0,0,0,0,0,0,179,0,0,0
1743619505.001554,600960,21068468,0,pscratch,pscratch-ffff9808886c4000,0,0,298417305668,668688030543,0,0,11468,0,0,0,0,0,0,0,0,0,0,0,0,0,0,0,0,0,0,0,0,0,0,0,0,1257,0,0,0
1743619506.001828,600960,21068468,0,nscratch,nscratch-ffff9808a03be000,0,0,774434370749,15605839116,0,0,23020,0,0,0,0,0,0,0,0,0,0,0,0,0,0,0,0,0,0,0,0,0,0,0,0,179,0,0,0
1743619506.001902,600960,21068468,0,pscratch,pscratch-ffff9808886c4000,0,0,298417305668,668688030543,0,0,11468,0,0,0,0,0,0,0,0,0,0,0,0,0,0,0,0,0,0,0,0,0,0,0,0,1257,0,0,0
1743619507.002052,600960,21068468,0,nscratch,nscratch-ffff9808a03be000,0,0,774434370749,15605839116,0,0,23020,0,0,0,0,0,0,0,0,0,0,0,0,0,0,0,0,0,0,0,0,0,0,0,0,179,0,0,0
1743619507.002130,600960,21068468,0,pscratch,pscratch-ffff9808886c4000,0,0,298417305668,668688030543,0,0,11468,0,0,0,0,0,0,0,0,0,0,0,0,0,0,0,0,0,0,0,0,0,0,0,0,1257,0,0,0
1743619508.001150,600960,21068468,0,nscratch,nscratch-ffff9808a03be000,0,0,774434370749,15605839116,0,0,23020,0,0,0,0,0,0,0,0,0,0,0,0,0,0,0,0,0,0,0,0,0,0,0,0,179,0,0,0
1743619508.001222,600960,21068468,0,pscratch,pscratch-ffff9808886c4000,0,0,298417305668,668688030543,0,0,11468,0,0,0,0,0,0,0,0,0,0,0,0,0,0,0,0,0,0,0,0,0,0,0,0,1257,0,0,0
1743619509.001217,600960,21068468,0,nscratch,nscratch-ffff9808a03be000,0,0,774434370749,15605839116,0,0,23020,0,0,0,0,0,0,0,0,0,0,0,0,0,0,0,0,0,0,0,0,0,0,0,0,179,0,0,0
1743619509.001324,600960,21068468,0,pscratch,pscratch-ffff9808886c4000,0,0,298417305668,668688030543,0,0,11468,0,0,0,0,0,0,0,0,0,0,0,0,0,0,0,0,0,0,0,0,0,0,0,0,1257,0,0,0
1743619510.001085,600960,21068468,0,nscratch,nscratch-ffff9808a03be000,0,0,774434370749,15605839116,0,0,23020,0,0,0,0,0,0,0,0,0,0,0,0,0,0,0,0,0,0,0,0,0,0,0,0,179,0,0,0
1743619510.001160,600960,21068468,0,pscratch,pscratch-ffff9808886c4000,0,0,298417305668,668688030543,0,0,11468,0,0,0,0,0,0,0,0,0,0,0,0,0,0,0,0,0,0,0,0,0,0,0,0,1257,0,0,0
1743619511.001609,600960,21068468,0,nscratch,nscratch-ffff9808a03be000,0,0,774434370749,15605839116,0,0,23020,0,0,0,0,0,0,0,0,0,0,0,0,0,0,0,0,0,0,0,0,0,0,0,0,179,0,0,0
1743619511.001692,600960,21068468,0,pscratch,pscratch-ffff9808886c4000,0,0,298417305668,668688030543,0,0,11468,0,0,0,0,0,0,0,0,0,0,0,0,0,0,0,0,0,0,0,0,0,0,0,0,1257,0,0,0
1743619512.001934,600960,21068468,0,nscratch,nscratch-ffff9808a03be000,0,0,774434370749,15605839116,0,0,23020,0,0,0,0,0,0,0,0,0,0,0,0,0,0,0,0,0,0,0,0,0,0,0,0,179,0,0,0
1743619512.002015,600960,21068468,0,pscratch,pscratch-ffff9808886c4000,0,0,298417305668,668688030543,0,0,11468,0,0,0,0,0,0,0,0,0,0,0,0,0,0,0,0,0,0,0,0,0,0,0,0,1257,0,0,0
1743619513.001046,600960,21068468,0,nscratch,nscratch-ffff9808a03be000,0,0,774434370749,15605839116,0,0,23020,0,0,0,0,0,0,0,0,0,0,0,0,0,0,0,0,0,0,0,0,0,0,0,0,179,0,0,0
1743619513.001119,600960,21068468,0,pscratch,pscratch-ffff9808886c4000,0,0,298417305668,668688030543,0,0,11468,0,0,0,0,0,0,0,0,0,0,0,0,0,0,0,0,0,0,0,0,0,0,0,0,1257,0,0,0
1743619514.001148,600960,21068468,0,nscratch,nscratch-ffff9808a03be000,0,0,774434370749,15605839116,0,0,23020,0,0,0,0,0,0,0,0,0,0,0,0,0,0,0,0,0,0,0,0,0,0,0,0,179,0,0,0
1743619514.001221,600960,21068468,0,pscratch,pscratch-ffff9808886c4000,0,0,298417305668,668688030543,0,0,11468,0,0,0,0,0,0,0,0,0,0,0,0,0,0,0,0,0,0,0,0,0,0,0,0,1257,0,0,0
1743619515.001493,600960,21068468,0,nscratch,nscratch-ffff9808a03be000,0,0,774434370749,15605839116,0,0,23020,0,0,0,0,0,0,0,0,0,0,0,0,0,0,0,0,0,0,0,0,0,0,0,0,179,0,0,0
1743619515.001568,600960,21068468,0,pscratch,pscratch-ffff9808886c4000,0,0,298417305668,668688030543,0,0,11468,0,0,0,0,0,0,0,0,0,0,0,0,0,0,0,0,0,0,0,0,0,0,0,0,1257,0,0,0
1743619516.001085,600960,21068468,0,nscratch,nscratch-ffff9808a03be000,0,0,774434370749,15605839116,0,0,23020,0,0,0,0,0,0,0,0,0,0,0,0,0,0,0,0,0,0,0,0,0,0,0,0,179,0,0,0
1743619516.001160,600960,21068468,0,pscratch,pscratch-ffff9808886c4000,0,0,298417305668,668688030543,0,0,11468,0,0,0,0,0,0,0,0,0,0,0,0,0,0,0,0,0,0,0,0,0,0,0,0,1257,0,0,0
1743619517.001525,600960,21068468,0,nscratch,nscratch-ffff9808a03be000,0,0,774434370749,15605839116,0,0,23020,0,0,0,0,0,0,0,0,0,0,0,0,0,0,0,0,0,0,0,0,0,0,0,0,179,0,0,0
1743619517.001599,600960,21068468,0,pscratch,pscratch-ffff9808886c4000,0,0,298417305668,668688030543,0,0,11468,0,0,0,0,0,0,0,0,0,0,0,0,0,0,0,0,0,0,0,0,0,0,0,0,1257,0,0,0
1743619518.001877,600960,21068468,0,nscratch,nscratch-ffff9808a03be000,0,0,774434370749,15605839116,0,0,23020,0,0,0,0,0,0,0,0,0,0,0,0,0,0,0,0,0,0,0,0,0,0,0,0,179,0,0,0
1743619518.001962,600960,21068468,0,pscratch,pscratch-ffff9808886c4000,0,0,298417305668,668688030543,0,0,11468,0,0,0,0,0,0,0,0,0,0,0,0,0,0,0,0,0,0,0,0,0,0,0,0,1257,0,0,0
1743619519.002105,600960,21068468,0,nscratch,nscratch-ffff9808a03be000,0,0,774434370749,15605839116,0,0,23020,0,0,0,0,0,0,0,0,0,0,0,0,0,0,0,0,0,0,0,0,0,0,0,0,179,0,0,0
1743619519.002179,600960,21068468,0,pscratch,pscratch-ffff9808886c4000,0,0,298417305668,668688030543,0,0,11468,0,0,0,0,0,0,0,0,0,0,0,0,0,0,0,0,0,0,0,0,0,0,0,0,1257,0,0,0
1743619520.001265,600960,21068468,0,nscratch,nscratch-ffff9808a03be000,0,0,774434370749,15605839116,0,0,23020,0,0,0,0,0,0,0,0,0,0,0,0,0,0,0,0,0,0,0,0,0,0,0,0,179,0,0,0
1743619520.001362,600960,21068468,0,pscratch,pscratch-ffff9808886c4000,0,0,298417305668,668688030543,0,0,11468,0,0,0,0,0,0,0,0,0,0,0,0,0,0,0,0,0,0,0,0,0,0,0,0,1257,0,0,0
1743619521.001201,600960,21068468,0,nscratch,nscratch-ffff9808a03be000,0,0,774434370749,15605839116,0,0,23020,0,0,0,0,0,0,0,0,0,0,0,0,0,0,0,0,0,0,0,0,0,0,0,0,179,0,0,0
1743619521.001274,600960,21068468,0,pscratch,pscratch-ffff9808886c4000,0,0,298417305668,668688030543,0,0,11468,0,0,0,0,0,0,0,0,0,0,0,0,0,0,0,0,0,0,0,0,0,0,0,0,1257,0,0,0
1743619522.001410,600960,21068468,0,nscratch,nscratch-ffff9808a03be000,0,0,774434370749,15605839116,0,0,23020,0,0,0,0,0,0,0,0,0,0,0,0,0,0,0,0,0,0,0,0,0,0,0,0,179,0,0,0
1743619522.001515,600960,21068468,0,pscratch,pscratch-ffff9808886c4000,0,0,298417305668,668688030543,0,0,11468,0,0,0,0,0,0,0,0,0,0,0,0,0,0,0,0,0,0,0,0,0,0,0,0,1257,0,0,0
1743619523.001149,600960,21068468,0,nscratch,nscratch-ffff9808a03be000,0,0,774434370749,15605839116,0,0,23020,0,0,0,0,0,0,0,0,0,0,0,0,0,0,0,0,0,0,0,0,0,0,0,0,179,0,0,0
1743619523.001221,600960,21068468,0,pscratch,pscratch-ffff9808886c4000,0,0,298417305668,668688030543,0,0,11468,0,0,0,0,0,0,0,0,0,0,0,0,0,0,0,0,0,0,0,0,0,0,0,0,1257,0,0,0
1743619524.001508,600960,21068468,0,nscratch,nscratch-ffff9808a03be000,0,0,774434370749,15605839116,0,0,23020,0,0,0,0,0,0,0,0,0,0,0,0,0,0,0,0,0,0,0,0,0,0,0,0,179,0,0,0
1743619524.001584,600960,21068468,0,pscratch,pscratch-ffff9808886c4000,0,0,298417305668,668688030543,0,0,11468,0,0,0,0,0,0,0,0,0,0,0,0,0,0,0,0,0,0,0,0,0,0,0,0,1257,0,0,0
1743619525.001733,600960,21068468,0,nscratch,nscratch-ffff9808a03be000,0,0,774434370749,15605839116,0,0,23020,0,0,0,0,0,0,0,0,0,0,0,0,0,0,0,0,0,0,0,0,0,0,0,0,179,0,0,0
1743619525.001810,600960,21068468,0,pscratch,pscratch-ffff9808886c4000,0,0,298417305668,668688030543,0,0,11468,0,0,0,0,0,0,0,0,0,0,0,0,0,0,0,0,0,0,0,0,0,0,0,0,1257,0,0,0
1743619526.001149,600960,21068468,0,nscratch,nscratch-ffff9808a03be000,0,0,774434370749,15605839116,0,0,23020,0,0,0,0,0,0,0,0,0,0,0,0,0,0,0,0,0,0,0,0,0,0,0,0,179,0,0,0
1743619526.001221,600960,21068468,0,pscratch,pscratch-ffff9808886c4000,0,0,298417305668,668688030543,0,0,11468,0,0,0,0,0,0,0,0,0,0,0,0,0,0,0,0,0,0,0,0,0,0,0,0,1257,0,0,0
1743619527.001495,600960,21068468,0,nscratch,nscratch-ffff9808a03be000,0,0,774434370749,15605839116,0,0,23020,0,0,0,0,0,0,0,0,0,0,0,0,0,0,0,0,0,0,0,0,0,0,0,0,179,0,0,0
1743619527.001568,600960,21068468,0,pscratch,pscratch-ffff9808886c4000,0,0,298417305668,668688030543,0,0,11468,0,0,0,0,0,0,0,0,0,0,0,0,0,0,0,0,0,0,0,0,0,0,0,0,1257,0,0,0
1743619528.001710,600960,21068468,0,nscratch,nscratch-ffff9808a03be000,0,0,774434370749,15605839116,0,0,23020,0,0,0,0,0,0,0,0,0,0,0,0,0,0,0,0,0,0,0,0,0,0,0,0,179,0,0,0
1743619528.001785,600960,21068468,0,pscratch,pscratch-ffff9808886c4000,0,0,298417305668,668688030543,0,0,11468,0,0,0,0,0,0,0,0,0,0,0,0,0,0,0,0,0,0,0,0,0,0,0,0,1257,0,0,0
1743619529.001148,600960,21068468,0,nscratch,nscratch-ffff9808a03be000,0,0,774434370749,15605839116,0,0,23020,0,0,0,0,0,0,0,0,0,0,0,0,0,0,0,0,0,0,0,0,0,0,0,0,179,0,0,0
1743619529.001220,600960,21068468,0,pscratch,pscratch-ffff9808886c4000,0,0,298417305668,668688030543,0,0,11468,0,0,0,0,0,0,0,0,0,0,0,0,0,0,0,0,0,0,0,0,0,0,0,0,1257,0,0,0
1743619530.001162,600960,21068468,0,nscratch,nscratch-ffff9808a03be000,0,0,774434370749,15605839116,0,0,23020,0,0,0,0,0,0,0,0,0,0,0,0,0,0,0,0,0,0,0,0,0,0,0,0,179,0,0,0
1743619530.001242,600960,21068468,0,pscratch,pscratch-ffff9808886c4000,0,0,298417305668,668688030543,0,0,11468,0,0,0,0,0,0,0,0,0,0,0,0,0,0,0,0,0,0,0,0,0,0,0,0,1257,0,0,0
1743619531.001396,600960,21068468,0,nscratch,nscratch-ffff9808a03be000,0,0,774434370749,15605839116,0,0,23020,0,0,0,0,0,0,0,0,0,0,0,0,0,0,0,0,0,0,0,0,0,0,0,0,179,0,0,0
1743619531.001500,600960,21068468,0,pscratch,pscratch-ffff9808886c4000,0,0,298417305668,668688030543,0,0,11468,0,0,0,0,0,0,0,0,0,0,0,0,0,0,0,0,0,0,0,0,0,0,0,0,1257,0,0,0
1743619532.001149,600960,21068468,0,nscratch,nscratch-ffff9808a03be000,0,0,774434370749,15605839116,0,0,23020,0,0,0,0,0,0,0,0,0,0,0,0,0,0,0,0,0,0,0,0,0,0,0,0,179,0,0,0
1743619532.001222,600960,21068468,0,pscratch,pscratch-ffff9808886c4000,0,0,298417305668,668688030543,0,0,11468,0,0,0,0,0,0,0,0,0,0,0,0,0,0,0,0,0,0,0,0,0,0,0,0,1257,0,0,0
1743619533.001205,600960,21068468,0,nscratch,nscratch-ffff9808a03be000,0,0,774434370749,15605839116,0,0,23020,0,0,0,0,0,0,0,0,0,0,0,0,0,0,0,0,0,0,0,0,0,0,0,0,179,0,0,0
1743619533.001279,600960,21068468,0,pscratch,pscratch-ffff9808886c4000,0,0,298417305668,668688030543,0,0,11468,0,0,0,0,0,0,0,0,0,0,0,0,0,0,0,0,0,0,0,0,0,0,0,0,1257,0,0,0
1743619534.001421,600960,21068468,0,nscratch,nscratch-ffff9808a03be000,0,0,774434370749,15605839116,0,0,23020,0,0,0,0,0,0,0,0,0,0,0,0,0,0,0,0,0,0,0,0,0,0,0,0,179,0,0,0
1743619534.001496,600960,21068468,0,pscratch,pscratch-ffff9808886c4000,0,0,298417305668,668688030543,0,0,11468,0,0,0,0,0,0,0,0,0,0,0,0,0,0,0,0,0,0,0,0,0,0,0,0,1257,0,0,0
1743619535.001837,600960,21068468,0,nscratch,nscratch-ffff9808a03be000,0,0,774434370749,15605839116,0,0,23020,0,0,0,0,0,0,0,0,0,0,0,0,0,0,0,0,0,0,0,0,0,0,0,0,179,0,0,0
1743619535.001913,600960,21068468,0,pscratch,pscratch-ffff9808886c4000,0,0,298417305668,668688030543,0,0,11468,0,0,0,0,0,0,0,0,0,0,0,0,0,0,0,0,0,0,0,0,0,0,0,0,1257,0,0,0
1743619536.001195,600960,21068468,0,nscratch,nscratch-ffff9808a03be000,0,0,774434370749,15605839116,0,0,23020,0,0,0,0,0,0,0,0,0,0,0,0,0,0,0,0,0,0,0,0,0,0,0,0,179,0,0,0
1743619536.001266,600960,21068468,0,pscratch,pscratch-ffff9808886c4000,0,0,298417305668,668688030543,0,0,11468,0,0,0,0,0,0,0,0,0,0,0,0,0,0,0,0,0,0,0,0,0,0,0,0,1257,0,0,0
1743619537.001048,600960,21068468,0,nscratch,nscratch-ffff9808a03be000,0,0,774434370749,15605839116,0,0,23020,0,0,0,0,0,0,0,0,0,0,0,0,0,0,0,0,0,0,0,0,0,0,0,0,179,0,0,0
1743619537.001120,600960,21068468,0,pscratch,pscratch-ffff9808886c4000,0,0,298417305668,668688030543,0,0,11468,0,0,0,0,0,0,0,0,0,0,0,0,0,0,0,0,0,0,0,0,0,0,0,0,1257,0,0,0
1743619538.001441,600960,21068468,0,nscratch,nscratch-ffff9808a03be000,0,0,774434370749,15605839116,0,0,23020,0,0,0,0,0,0,0,0,0,0,0,0,0,0,0,0,0,0,0,0,0,0,0,0,179,0,0,0
1743619538.001515,600960,21068468,0,pscratch,pscratch-ffff9808886c4000,0,0,298417305668,668688030543,0,0,11468,0,0,0,0,0,0,0,0,0,0,0,0,0,0,0,0,0,0,0,0,0,0,0,0,1257,0,0,0
1743619539.001777,600960,21068468,0,nscratch,nscratch-ffff9808a03be000,0,0,774434370749,15605839116,0,0,23020,0,0,0,0,0,0,0,0,0,0,0,0,0,0,0,0,0,0,0,0,0,0,0,0,179,0,0,0
1743619539.001849,600960,21068468,0,pscratch,pscratch-ffff9808886c4000,0,0,298417305668,668688030543,0,0,11468,0,0,0,0,0,0,0,0,0,0,0,0,0,0,0,0,0,0,0,0,0,0,0,0,1257,0,0,0
1743619540.001080,600960,21068468,0,nscratch,nscratch-ffff9808a03be000,0,0,774434370749,15605839116,0,0,23020,0,0,0,0,0,0,0,0,0,0,0,0,0,0,0,0,0,0,0,0,0,0,0,0,179,0,0,0
1743619540.001153,600960,21068468,0,pscratch,pscratch-ffff9808886c4000,0,0,298417305668,668688030543,0,0,11468,0,0,0,0,0,0,0,0,0,0,0,0,0,0,0,0,0,0,0,0,0,0,0,0,1257,0,0,0
1743619541.001515,600960,21068468,0,nscratch,nscratch-ffff9808a03be000,0,0,774434370749,15605839116,0,0,23020,0,0,0,0,0,0,0,0,0,0,0,0,0,0,0,0,0,0,0,0,0,0,0,0,179,0,0,0
1743619541.001591,600960,21068468,0,pscratch,pscratch-ffff9808886c4000,0,0,298417305668,668688030543,0,0,11468,0,0,0,0,0,0,0,0,0,0,0,0,0,0,0,0,0,0,0,0,0,0,0,0,1257,0,0,0
1743619542.001162,600960,21068468,0,nscratch,nscratch-ffff9808a03be000,0,0,774434370749,15605839116,0,0,23020,0,0,0,0,0,0,0,0,0,0,0,0,0,0,0,0,0,0,0,0,0,0,0,0,179,0,0,0
1743619542.001233,600960,21068468,0,pscratch,pscratch-ffff9808886c4000,0,0,298417305668,668688030543,0,0,11468,0,0,0,0,0,0,0,0,0,0,0,0,0,0,0,0,0,0,0,0,0,0,0,0,1257,0,0,0
1743619543.001046,600960,21068468,0,nscratch,nscratch-ffff9808a03be000,0,0,774434370749,15605839116,0,0,23020,0,0,0,0,0,0,0,0,0,0,0,0,0,0,0,0,0,0,0,0,0,0,0,0,179,0,0,0
1743619543.001119,600960,21068468,0,pscratch,pscratch-ffff9808886c4000,0,0,298417305668,668688030543,0,0,11468,0,0,0,0,0,0,0,0,0,0,0,0,0,0,0,0,0,0,0,0,0,0,0,0,1257,0,0,0
1743619544.001515,600960,21068468,0,nscratch,nscratch-ffff9808a03be000,0,0,774434370749,15605839116,0,0,23020,0,0,0,0,0,0,0,0,0,0,0,0,0,0,0,0,0,0,0,0,0,0,0,0,179,0,0,0
1743619544.001623,600960,21068468,0,pscratch,pscratch-ffff9808886c4000,0,0,298417305668,668688030543,0,0,11468,0,0,0,0,0,0,0,0,0,0,0,0,0,0,0,0,0,0,0,0,0,0,0,0,1257,0,0,0
1743619545.001165,600960,21068468,0,nscratch,nscratch-ffff9808a03be000,0,0,774434370749,15605839116,0,0,23020,0,0,0,0,0,0,0,0,0,0,0,0,0,0,0,0,0,0,0,0,0,0,0,0,179,0,0,0
1743619545.001236,600960,21068468,0,pscratch,pscratch-ffff9808886c4000,0,0,298417305668,668688030543,0,0,11468,0,0,0,0,0,0,0,0,0,0,0,0,0,0,0,0,0,0,0,0,0,0,0,0,1257,0,0,0
1743619546.001375,600960,21068468,0,nscratch,nscratch-ffff9808a03be000,0,0,774434370749,15605839116,0,0,23020,0,0,0,0,0,0,0,0,0,0,0,0,0,0,0,0,0,0,0,0,0,0,0,0,179,0,0,0
1743619546.001450,600960,21068468,0,pscratch,pscratch-ffff9808886c4000,0,0,298417305668,668688030543,0,0,11468,0,0,0,0,0,0,0,0,0,0,0,0,0,0,0,0,0,0,0,0,0,0,0,0,1257,0,0,0
1743619547.001780,600960,21068468,0,nscratch,nscratch-ffff9808a03be000,0,0,774434370749,15605839116,0,0,23020,0,0,0,0,0,0,0,0,0,0,0,0,0,0,0,0,0,0,0,0,0,0,0,0,179,0,0,0
1743619547.001852,600960,21068468,0,pscratch,pscratch-ffff9808886c4000,0,0,298417305668,668688030543,0,0,11468,0,0,0,0,0,0,0,0,0,0,0,0,0,0,0,0,0,0,0,0,0,0,0,0,1257,0,0,0
1743619548.002095,600960,21068468,0,nscratch,nscratch-ffff9808a03be000,0,0,774434370749,15605839116,0,0,23020,0,0,0,0,0,0,0,0,0,0,0,0,0,0,0,0,0,0,0,0,0,0,0,0,179,0,0,0
1743619548.002167,600960,21068468,0,pscratch,pscratch-ffff9808886c4000,0,0,298417305668,668688030543,0,0,11468,0,0,0,0,0,0,0,0,0,0,0,0,0,0,0,0,0,0,0,0,0,0,0,0,1257,0,0,0
1743619549.001086,600960,21068468,0,nscratch,nscratch-ffff9808a03be000,0,0,774434370749,15605839116,0,0,23020,0,0,0,0,0,0,0,0,0,0,0,0,0,0,0,0,0,0,0,0,0,0,0,0,179,0,0,0
1743619549.001162,600960,21068468,0,pscratch,pscratch-ffff9808886c4000,0,0,298417305668,668688030543,0,0,11468,0,0,0,0,0,0,0,0,0,0,0,0,0,0,0,0,0,0,0,0,0,0,0,0,1257,0,0,0
1743619550.001528,600960,21068468,0,nscratch,nscratch-ffff9808a03be000,0,0,774434370749,15605839116,0,0,23020,0,0,0,0,0,0,0,0,0,0,0,0,0,0,0,0,0,0,0,0,0,0,0,0,179,0,0,0
1743619550.001603,600960,21068468,0,pscratch,pscratch-ffff9808886c4000,0,0,298417305668,668688030543,0,0,11468,0,0,0,0,0,0,0,0,0,0,0,0,0,0,0,0,0,0,0,0,0,0,0,0,1257,0,0,0
1743619551.001877,600960,21068468,0,nscratch,nscratch-ffff9808a03be000,0,0,774434370749,15605839116,0,0,23020,0,0,0,0,0,0,0,0,0,0,0,0,0,0,0,0,0,0,0,0,0,0,0,0,179,0,0,0
1743619551.001961,600960,21068468,0,pscratch,pscratch-ffff9808886c4000,0,0,298417305668,668688030543,0,0,11468,0,0,0,0,0,0,0,0,0,0,0,0,0,0,0,0,0,0,0,0,0,0,0,0,1257,0,0,0
1743619552.002086,600960,21068468,0,nscratch,nscratch-ffff9808a03be000,0,0,774434370749,15605839116,0,0,23020,0,0,0,0,0,0,0,0,0,0,0,0,0,0,0,0,0,0,0,0,0,0,0,0,179,0,0,0
1743619552.002160,600960,21068468,0,pscratch,pscratch-ffff9808886c4000,0,0,298417305668,668688030543,0,0,11468,0,0,0,0,0,0,0,0,0,0,0,0,0,0,0,0,0,0,0,0,0,0,0,0,1257,0,0,0
1743619553.001495,600960,21068468,0,nscratch,nscratch-ffff9808a03be000,0,0,774434370749,15605839116,0,0,23020,0,0,0,0,0,0,0,0,0,0,0,0,0,0,0,0,0,0,0,0,0,0,0,0,179,0,0,0
1743619553.001573,600960,21068468,0,pscratch,pscratch-ffff9808886c4000,0,0,298417305668,668688030543,0,0,11468,0,0,0,0,0,0,0,0,0,0,0,0,0,0,0,0,0,0,0,0,0,0,0,0,1257,0,0,0
1743619554.001852,600960,21068468,0,nscratch,nscratch-ffff9808a03be000,0,0,774434370749,15605839116,0,0,23020,0,0,0,0,0,0,0,0,0,0,0,0,0,0,0,0,0,0,0,0,0,0,0,0,179,0,0,0
1743619554.001924,600960,21068468,0,pscratch,pscratch-ffff9808886c4000,0,0,298417305668,668688030543,0,0,11468,0,0,0,0,0,0,0,0,0,0,0,0,0,0,0,0,0,0,0,0,0,0,0,0,1257,0,0,0
1743619555.002079,600960,21068468,0,nscratch,nscratch-ffff9808a03be000,0,0,774434370749,15605839116,0,0,23020,0,0,0,0,0,0,0,0,0,0,0,0,0,0,0,0,0,0,0,0,0,0,0,0,179,0,0,0
1743619555.002154,600960,21068468,0,pscratch,pscratch-ffff9808886c4000,0,0,298417305668,668688030543,0,0,11468,0,0,0,0,0,0,0,0,0,0,0,0,0,0,0,0,0,0,0,0,0,0,0,0,1257,0,0,0
1743619556.001225,600960,21068468,0,nscratch,nscratch-ffff9808a03be000,0,0,774434370749,15605839116,0,0,23020,0,0,0,0,0,0,0,0,0,0,0,0,0,0,0,0,0,0,0,0,0,0,0,0,179,0,0,0
1743619556.001299,600960,21068468,0,pscratch,pscratch-ffff9808886c4000,0,0,298417305668,668688030543,0,0,11468,0,0,0,0,0,0,0,0,0,0,0,0,0,0,0,0,0,0,0,0,0,0,0,0,1257,0,0,0
1743619557.001162,600960,21068468,0,nscratch,nscratch-ffff9808a03be000,0,0,774434370749,15605839116,0,0,23020,0,0,0,0,0,0,0,0,0,0,0,0,0,0,0,0,0,0,0,0,0,0,0,0,179,0,0,0
1743619557.001234,600960,21068468,0,pscratch,pscratch-ffff9808886c4000,0,0,298417305668,668688030543,0,0,11468,0,0,0,0,0,0,0,0,0,0,0,0,0,0,0,0,0,0,0,0,0,0,0,0,1257,0,0,0
1743619558.001046,600960,21068468,0,nscratch,nscratch-ffff9808a03be000,0,0,774434370749,15605839116,0,0,23020,0,0,0,0,0,0,0,0,0,0,0,0,0,0,0,0,0,0,0,0,0,0,0,0,179,0,0,0
1743619558.001118,600960,21068468,0,pscratch,pscratch-ffff9808886c4000,0,0,298417305668,668688030543,0,0,11468,0,0,0,0,0,0,0,0,0,0,0,0,0,0,0,0,0,0,0,0,0,0,0,0,1257,0,0,0
1743619559.001462,600960,21068468,0,nscratch,nscratch-ffff9808a03be000,0,0,774434370749,15605839116,0,0,23020,0,0,0,0,0,0,0,0,0,0,0,0,0,0,0,0,0,0,0,0,0,0,0,0,179,0,0,0
1743619559.001536,600960,21068468,0,pscratch,pscratch-ffff9808886c4000,0,0,298417305668,668688030543,0,0,11468,0,0,0,0,0,0,0,0,0,0,0,0,0,0,0,0,0,0,0,0,0,0,0,0,1257,0,0,0
1743619560.001778,600960,21068468,0,nscratch,nscratch-ffff9808a03be000,0,0,774434370749,15605839116,0,0,23020,0,0,0,0,0,0,0,0,0,0,0,0,0,0,0,0,0,0,0,0,0,0,0,0,179,0,0,0
1743619560.001852,600960,21068468,0,pscratch,pscratch-ffff9808886c4000,0,0,298417305668,668688030543,0,0,11468,0,0,0,0,0,0,0,0,0,0,0,0,0,0,0,0,0,0,0,0,0,0,0,0,1257,0,0,0
1743619561.001993,600960,21068468,0,nscratch,nscratch-ffff9808a03be000,0,0,774434370749,15605839116,0,0,23020,0,0,0,0,0,0,0,0,0,0,0,0,0,0,0,0,0,0,0,0,0,0,0,0,179,0,0,0
1743619561.002067,600960,21068468,0,pscratch,pscratch-ffff9808886c4000,0,0,298417305668,668688030543,0,0,11468,0,0,0,0,0,0,0,0,0,0,0,0,0,0,0,0,0,0,0,0,0,0,0,0,1257,0,0,0
1743619562.001428,600960,21068468,0,nscratch,nscratch-ffff9808a03be000,0,0,774434370749,15605839116,0,0,23020,0,0,0,0,0,0,0,0,0,0,0,0,0,0,0,0,0,0,0,0,0,0,0,0,179,0,0,0
1743619562.001502,600960,21068468,0,pscratch,pscratch-ffff9808886c4000,0,0,298417305668,668688030543,0,0,11468,0,0,0,0,0,0,0,0,0,0,0,0,0,0,0,0,0,0,0,0,0,0,0,0,1257,0,0,0
1743619563.001775,600960,21068468,0,nscratch,nscratch-ffff9808a03be000,0,0,774434370749,15605839116,0,0,23020,0,0,0,0,0,0,0,0,0,0,0,0,0,0,0,0,0,0,0,0,0,0,0,0,179,0,0,0
1743619563.001849,600960,21068468,0,pscratch,pscratch-ffff9808886c4000,0,0,298417305668,668688030543,0,0,11468,0,0,0,0,0,0,0,0,0,0,0,0,0,0,0,0,0,0,0,0,0,0,0,0,1257,0,0,0
1743619564.002009,600960,21068468,0,nscratch,nscratch-ffff9808a03be000,0,0,774434370749,15605839116,0,0,23020,0,0,0,0,0,0,0,0,0,0,0,0,0,0,0,0,0,0,0,0,0,0,0,0,179,0,0,0
1743619564.002087,600960,21068468,0,pscratch,pscratch-ffff9808886c4000,0,0,298417305668,668688030543,0,0,11468,0,0,0,0,0,0,0,0,0,0,0,0,0,0,0,0,0,0,0,0,0,0,0,0,1257,0,0,0
1743619565.001450,600960,21068468,0,nscratch,nscratch-ffff9808a03be000,0,0,774434370749,15605839116,0,0,23020,0,0,0,0,0,0,0,0,0,0,0,0,0,0,0,0,0,0,0,0,0,0,0,0,179,0,0,0
1743619565.001524,600960,21068468,0,pscratch,pscratch-ffff9808886c4000,0,0,298417305668,668688030543,0,0,11468,0,0,0,0,0,0,0,0,0,0,0,0,0,0,0,0,0,0,0,0,0,0,0,0,1257,0,0,0
1743619566.001209,600960,21068468,0,nscratch,nscratch-ffff9808a03be000,0,0,774434370749,15605839116,0,0,23020,0,0,0,0,0,0,0,0,0,0,0,0,0,0,0,0,0,0,0,0,0,0,0,0,179,0,0,0
1743619566.001283,600960,21068468,0,pscratch,pscratch-ffff9808886c4000,0,0,298417305668,668688030543,0,0,11468,0,0,0,0,0,0,0,0,0,0,0,0,0,0,0,0,0,0,0,0,0,0,0,0,1257,0,0,0
1743619567.001430,600960,21068468,0,nscratch,nscratch-ffff9808a03be000,0,0,774434370749,15605839116,0,0,23020,0,0,0,0,0,0,0,0,0,0,0,0,0,0,0,0,0,0,0,0,0,0,0,0,179,0,0,0
1743619567.001505,600960,21068468,0,pscratch,pscratch-ffff9808886c4000,0,0,298417305668,668688030543,0,0,11468,0,0,0,0,0,0,0,0,0,0,0,0,0,0,0,0,0,0,0,0,0,0,0,0,1257,0,0,0
1743619568.001182,600960,21068468,0,nscratch,nscratch-ffff9808a03be000,0,0,774434370749,15605839116,0,0,23020,0,0,0,0,0,0,0,0,0,0,0,0,0,0,0,0,0,0,0,0,0,0,0,0,179,0,0,0
1743619568.001257,600960,21068468,0,pscratch,pscratch-ffff9808886c4000,0,0,298417305668,668688030543,0,0,11468,0,0,0,0,0,0,0,0,0,0,0,0,0,0,0,0,0,0,0,0,0,0,0,0,1257,0,0,0
1743619569.001529,600960,21068468,0,nscratch,nscratch-ffff9808a03be000,0,0,774434370749,15605839116,0,0,23020,0,0,0,0,0,0,0,0,0,0,0,0,0,0,0,0,0,0,0,0,0,0,0,0,179,0,0,0
1743619569.001602,600960,21068468,0,pscratch,pscratch-ffff9808886c4000,0,0,298417305668,668688030543,0,0,11468,0,0,0,0,0,0,0,0,0,0,0,0,0,0,0,0,0,0,0,0,0,0,0,0,1257,0,0,0
1743619570.001712,600960,21068468,0,nscratch,nscratch-ffff9808a03be000,0,0,774434370749,15605839116,0,0,23020,0,0,0,0,0,0,0,0,0,0,0,0,0,0,0,0,0,0,0,0,0,0,0,0,179,0,0,0
1743619570.001788,600960,21068468,0,pscratch,pscratch-ffff9808886c4000,0,0,298417305668,668688030543,0,0,11468,0,0,0,0,0,0,0,0,0,0,0,0,0,0,0,0,0,0,0,0,0,0,0,0,1257,0,0,0
1743619571.002224,600960,21068468,0,nscratch,nscratch-ffff9808a03be000,0,0,774434370749,15605839116,0,0,23020,0,0,0,0,0,0,0,0,0,0,0,0,0,0,0,0,0,0,0,0,0,0,0,0,179,0,0,0
1743619571.002301,600960,21068468,0,pscratch,pscratch-ffff9808886c4000,0,0,298417305668,668688030543,0,0,11468,0,0,0,0,0,0,0,0,0,0,0,0,0,0,0,0,0,0,0,0,0,0,0,0,1257,0,0,0
1743619572.001577,600960,21068468,0,nscratch,nscratch-ffff9808a03be000,0,0,774434370749,15605839116,0,0,23020,0,0,0,0,0,0,0,0,0,0,0,0,0,0,0,0,0,0,0,0,0,0,0,0,179,0,0,0
1743619572.001651,600960,21068468,0,pscratch,pscratch-ffff9808886c4000,0,0,298417305668,668688030543,0,0,11468,0,0,0,0,0,0,0,0,0,0,0,0,0,0,0,0,0,0,0,0,0,0,0,0,1257,0,0,0
1743619573.001047,600960,21068468,0,nscratch,nscratch-ffff9808a03be000,0,0,774434370749,15605839116,0,0,23020,0,0,0,0,0,0,0,0,0,0,0,0,0,0,0,0,0,0,0,0,0,0,0,0,179,0,0,0
1743619573.001120,600960,21068468,0,pscratch,pscratch-ffff9808886c4000,0,0,298417305668,668688030543,0,0,11468,0,0,0,0,0,0,0,0,0,0,0,0,0,0,0,0,0,0,0,0,0,0,0,0,1257,0,0,0
1743619574.001150,600960,21068468,0,nscratch,nscratch-ffff9808a03be000,0,0,774434370749,15605839116,0,0,23020,0,0,0,0,0,0,0,0,0,0,0,0,0,0,0,0,0,0,0,0,0,0,0,0,179,0,0,0
1743619574.001222,600960,21068468,0,pscratch,pscratch-ffff9808886c4000,0,0,298417305668,668688030543,0,0,11468,0,0,0,0,0,0,0,0,0,0,0,0,0,0,0,0,0,0,0,0,0,0,0,0,1257,0,0,0
1743619575.001501,600960,21068468,0,nscratch,nscratch-ffff9808a03be000,0,0,774434370749,15605839116,0,0,23020,0,0,0,0,0,0,0,0,0,0,0,0,0,0,0,0,0,0,0,0,0,0,0,0,179,0,0,0
1743619575.001578,600960,21068468,0,pscratch,pscratch-ffff9808886c4000,0,0,298417305668,668688030543,0,0,11468,0,0,0,0,0,0,0,0,0,0,0,0,0,0,0,0,0,0,0,0,0,0,0,0,1257,0,0,0
1743619576.001047,600960,21068468,0,nscratch,nscratch-ffff9808a03be000,0,0,774434370749,15605839116,0,0,23020,0,0,0,0,0,0,0,0,0,0,0,0,0,0,0,0,0,0,0,0,0,0,0,0,179,0,0,0
1743619576.001120,600960,21068468,0,pscratch,pscratch-ffff9808886c4000,0,0,298417305668,668688030543,0,0,11468,0,0,0,0,0,0,0,0,0,0,0,0,0,0,0,0,0,0,0,0,0,0,0,0,1257,0,0,0
1743619577.001154,600960,21068468,0,nscratch,nscratch-ffff9808a03be000,0,0,774434370749,15605839116,0,0,23020,0,0,0,0,0,0,0,0,0,0,0,0,0,0,0,0,0,0,0,0,0,0,0,0,179,0,0,0
1743619577.001227,600960,21068468,0,pscratch,pscratch-ffff9808886c4000,0,0,298417305668,668688030543,0,0,11468,0,0,0,0,0,0,0,0,0,0,0,0,0,0,0,0,0,0,0,0,0,0,0,0,1257,0,0,0
1743619578.001177,600960,21068468,0,nscratch,nscratch-ffff9808a03be000,0,0,774434370749,15605839116,0,0,23020,0,0,0,0,0,0,0,0,0,0,0,0,0,0,0,0,0,0,0,0,0,0,0,0,179,0,0,0
1743619578.001249,600960,21068468,0,pscratch,pscratch-ffff9808886c4000,0,0,298417305668,668688030543,0,0,11468,0,0,0,0,0,0,0,0,0,0,0,0,0,0,0,0,0,0,0,0,0,0,0,0,1257,0,0,0
1743619579.001084,600960,21068468,0,nscratch,nscratch-ffff9808a03be000,0,0,774434370749,15605839116,0,0,23020,0,0,0,0,0,0,0,0,0,0,0,0,0,0,0,0,0,0,0,0,0,0,0,0,179,0,0,0
1743619579.001159,600960,21068468,0,pscratch,pscratch-ffff9808886c4000,0,0,298417305668,668688030543,0,0,11468,0,0,0,0,0,0,0,0,0,0,0,0,0,0,0,0,0,0,0,0,0,0,0,0,1257,0,0,0
1743619580.001219,600960,21068468,0,nscratch,nscratch-ffff9808a03be000,0,0,774434370749,15605839116,0,0,23020,0,0,0,0,0,0,0,0,0,0,0,0,0,0,0,0,0,0,0,0,0,0,0,0,179,0,0,0
1743619580.001294,600960,21068468,0,pscratch,pscratch-ffff9808886c4000,0,0,298417305668,668688030543,0,0,11468,0,0,0,0,0,0,0,0,0,0,0,0,0,0,0,0,0,0,0,0,0,0,0,0,1257,0,0,0
1743619581.001200,600960,21068468,0,nscratch,nscratch-ffff9808a03be000,0,0,774434370749,15605839116,0,0,23020,0,0,0,0,0,0,0,0,0,0,0,0,0,0,0,0,0,0,0,0,0,0,0,0,179,0,0,0
1743619581.001274,600960,21068468,0,pscratch,pscratch-ffff9808886c4000,0,0,298417305668,668688030543,0,0,11468,0,0,0,0,0,0,0,0,0,0,0,0,0,0,0,0,0,0,0,0,0,0,0,0,1257,0,0,0
1743619582.001416,600960,21068468,0,nscratch,nscratch-ffff9808a03be000,0,0,774434370749,15605839116,0,0,23020,0,0,0,0,0,0,0,0,0,0,0,0,0,0,0,0,0,0,0,0,0,0,0,0,179,0,0,0
1743619582.001492,600960,21068468,0,pscratch,pscratch-ffff9808886c4000,0,0,298417305668,668688030543,0,0,11468,0,0,0,0,0,0,0,0,0,0,0,0,0,0,0,0,0,0,0,0,0,0,0,0,1257,0,0,0
1743619583.001985,600960,21068468,0,nscratch,nscratch-ffff9808a03be000,0,0,774434370749,15605839116,0,0,23020,0,0,0,0,0,0,0,0,0,0,0,0,0,0,0,0,0,0,0,0,0,0,0,0,179,0,0,0
1743619583.002067,600960,21068468,0,pscratch,pscratch-ffff9808886c4000,0,0,298417305668,668688030543,0,0,11468,0,0,0,0,0,0,0,0,0,0,0,0,0,0,0,0,0,0,0,0,0,0,0,0,1257,0,0,0
1743619584.001197,600960,21068468,0,nscratch,nscratch-ffff9808a03be000,0,0,774434370749,15605839116,0,0,23020,0,0,0,0,0,0,0,0,0,0,0,0,0,0,0,0,0,0,0,0,0,0,0,0,179,0,0,0
1743619584.001269,600960,21068468,0,pscratch,pscratch-ffff9808886c4000,0,0,298417305668,668688030543,0,0,11468,0,0,0,0,0,0,0,0,0,0,0,0,0,0,0,0,0,0,0,0,0,0,0,0,1257,0,0,0
1743619585.001407,600960,21068468,0,nscratch,nscratch-ffff9808a03be000,0,0,774434370749,15605839116,0,0,23020,0,0,0,0,0,0,0,0,0,0,0,0,0,0,0,0,0,0,0,0,0,0,0,0,179,0,0,0
1743619585.001482,600960,21068468,0,pscratch,pscratch-ffff9808886c4000,0,0,298417305668,668688030543,0,0,11468,0,0,0,0,0,0,0,0,0,0,0,0,0,0,0,0,0,0,0,0,0,0,0,0,1257,0,0,0
1743619586.001148,600960,21068468,0,nscratch,nscratch-ffff9808a03be000,0,0,774434370749,15605839116,0,0,23020,0,0,0,0,0,0,0,0,0,0,0,0,0,0,0,0,0,0,0,0,0,0,0,0,179,0,0,0
1743619586.001220,600960,21068468,0,pscratch,pscratch-ffff9808886c4000,0,0,298417305668,668688030543,0,0,11468,0,0,0,0,0,0,0,0,0,0,0,0,0,0,0,0,0,0,0,0,0,0,0,0,1257,0,0,0
1743619587.001163,600960,21068468,0,nscratch,nscratch-ffff9808a03be000,0,0,774434370749,15605839116,0,0,23020,0,0,0,0,0,0,0,0,0,0,0,0,0,0,0,0,0,0,0,0,0,0,0,0,179,0,0,0
1743619587.001234,600960,21068468,0,pscratch,pscratch-ffff9808886c4000,0,0,298417305668,668688030543,0,0,11468,0,0,0,0,0,0,0,0,0,0,0,0,0,0,0,0,0,0,0,0,0,0,0,0,1257,0,0,0
1743619588.001386,600960,21068468,0,nscratch,nscratch-ffff9808a03be000,0,0,774434370749,15605839116,0,0,23020,0,0,0,0,0,0,0,0,0,0,0,0,0,0,0,0,0,0,0,0,0,0,0,0,179,0,0,0
1743619588.001461,600960,21068468,0,pscratch,pscratch-ffff9808886c4000,0,0,298417305668,668688030543,0,0,11468,0,0,0,0,0,0,0,0,0,0,0,0,0,0,0,0,0,0,0,0,0,0,0,0,1257,0,0,0
1743619589.001150,600960,21068468,0,nscratch,nscratch-ffff9808a03be000,0,0,774434370749,15605839116,0,0,23020,0,0,0,0,0,0,0,0,0,0,0,0,0,0,0,0,0,0,0,0,0,0,0,0,179,0,0,0
1743619589.001222,600960,21068468,0,pscratch,pscratch-ffff9808886c4000,0,0,298417305668,668688030543,0,0,11468,0,0,0,0,0,0,0,0,0,0,0,0,0,0,0,0,0,0,0,0,0,0,0,0,1257,0,0,0
1743619590.001162,600960,21068468,0,nscratch,nscratch-ffff9808a03be000,0,0,774434370749,15605839116,0,0,23020,0,0,0,0,0,0,0,0,0,0,0,0,0,0,0,0,0,0,0,0,0,0,0,0,179,0,0,0
1743619590.001233,600960,21068468,0,pscratch,pscratch-ffff9808886c4000,0,0,298417305668,668688030543,0,0,11468,0,0,0,0,0,0,0,0,0,0,0,0,0,0,0,0,0,0,0,0,0,0,0,0,1257,0,0,0
1743619591.001050,600960,21068468,0,nscratch,nscratch-ffff9808a03be000,0,0,774434370749,15605839116,0,0,23020,0,0,0,0,0,0,0,0,0,0,0,0,0,0,0,0,0,0,0,0,0,0,0,0,179,0,0,0
1743619591.001124,600960,21068468,0,pscratch,pscratch-ffff9808886c4000,0,0,298417305668,668688030543,0,0,11468,0,0,0,0,0,0,0,0,0,0,0,0,0,0,0,0,0,0,0,0,0,0,0,0,1257,0,0,0
1743619592.001491,600960,21068468,0,nscratch,nscratch-ffff9808a03be000,0,0,774434370749,15605839116,0,0,23020,0,0,0,0,0,0,0,0,0,0,0,0,0,0,0,0,0,0,0,0,0,0,0,0,179,0,0,0
1743619592.001567,600960,21068468,0,pscratch,pscratch-ffff9808886c4000,0,0,298417305668,668688030543,0,0,11468,0,0,0,0,0,0,0,0,0,0,0,0,0,0,0,0,0,0,0,0,0,0,0,0,1257,0,0,0
1743619593.001832,600960,21068468,0,nscratch,nscratch-ffff9808a03be000,0,0,774434370749,15605839116,0,0,23020,0,0,0,0,0,0,0,0,0,0,0,0,0,0,0,0,0,0,0,0,0,0,0,0,179,0,0,0
1743619593.001904,600960,21068468,0,pscratch,pscratch-ffff9808886c4000,0,0,298417305668,668688030543,0,0,11468,0,0,0,0,0,0,0,0,0,0,0,0,0,0,0,0,0,0,0,0,0,0,0,0,1257,0,0,0
1743619594.001085,600960,21068468,0,nscratch,nscratch-ffff9808a03be000,0,0,774434370749,15605839116,0,0,23020,0,0,0,0,0,0,0,0,0,0,0,0,0,0,0,0,0,0,0,0,0,0,0,0,179,0,0,0
1743619594.001160,600960,21068468,0,pscratch,pscratch-ffff9808886c4000,0,0,298417305668,668688030543,0,0,11468,0,0,0,0,0,0,0,0,0,0,0,0,0,0,0,0,0,0,0,0,0,0,0,0,1257,0,0,0
1743619595.001555,600960,21068468,0,nscratch,nscratch-ffff9808a03be000,0,0,774434370749,15605839116,0,0,23020,0,0,0,0,0,0,0,0,0,0,0,0,0,0,0,0,0,0,0,0,0,0,0,0,179,0,0,0
1743619595.001660,600960,21068468,0,pscratch,pscratch-ffff9808886c4000,0,0,298417305668,668688030543,0,0,11468,0,0,0,0,0,0,0,0,0,0,0,0,0,0,0,0,0,0,0,0,0,0,0,0,1257,0,0,0
1743619596.001232,600960,21068468,0,nscratch,nscratch-ffff9808a03be000,0,0,774434370749,15605839116,0,0,23020,0,0,0,0,0,0,0,0,0,0,0,0,0,0,0,0,0,0,0,0,0,0,0,0,179,0,0,0
1743619596.001305,600960,21068468,0,pscratch,pscratch-ffff9808886c4000,0,0,298417305668,668688030543,0,0,11468,0,0,0,0,0,0,0,0,0,0,0,0,0,0,0,0,0,0,0,0,0,0,0,0,1257,0,0,0
1743619597.001445,600960,21068468,0,nscratch,nscratch-ffff9808a03be000,0,0,774434370749,15605839116,0,0,23020,0,0,0,0,0,0,0,0,0,0,0,0,0,0,0,0,0,0,0,0,0,0,0,0,179,0,0,0
1743619597.001519,600960,21068468,0,pscratch,pscratch-ffff9808886c4000,0,0,298417305668,668688030543,0,0,11468,0,0,0,0,0,0,0,0,0,0,0,0,0,0,0,0,0,0,0,0,0,0,0,0,1257,0,0,0
1743619598.001148,600960,21068468,0,nscratch,nscratch-ffff9808a03be000,0,0,774434370749,15605839116,0,0,23020,0,0,0,0,0,0,0,0,0,0,0,0,0,0,0,0,0,0,0,0,0,0,0,0,179,0,0,0
1743619598.001220,600960,21068468,0,pscratch,pscratch-ffff9808886c4000,0,0,298417305668,668688030543,0,0,11468,0,0,0,0,0,0,0,0,0,0,0,0,0,0,0,0,0,0,0,0,0,0,0,0,1257,0,0,0
1743619599.001205,600960,21068468,0,nscratch,nscratch-ffff9808a03be000,0,0,774434370749,15605839116,0,0,23020,0,0,0,0,0,0,0,0,0,0,0,0,0,0,0,0,0,0,0,0,0,0,0,0,179,0,0,0
1743619599.001279,600960,21068468,0,pscratch,pscratch-ffff9808886c4000,0,0,298417305668,668688030543,0,0,11468,0,0,0,0,0,0,0,0,0,0,0,0,0,0,0,0,0,0,0,0,0,0,0,0,1257,0,0,0
1743619600.001079,600960,21068468,0,nscratch,nscratch-ffff9808a03be000,0,0,774434370749,15605839116,0,0,23020,0,0,0,0,0,0,0,0,0,0,0,0,0,0,0,0,0,0,0,0,0,0,0,0,179,0,0,0
1743619600.001152,600960,21068468,0,pscratch,pscratch-ffff9808886c4000,0,0,298417305668,668688030543,0,0,11468,0,0,0,0,0,0,0,0,0,0,0,0,0,0,0,0,0,0,0,0,0,0,0,0,1257,0,0,0
1743619601.001189,600960,21068468,0,nscratch,nscratch-ffff9808a03be000,0,0,774434370749,15605839116,0,0,23020,0,0,0,0,0,0,0,0,0,0,0,0,0,0,0,0,0,0,0,0,0,0,0,0,179,0,0,0
1743619601.001263,600960,21068468,0,pscratch,pscratch-ffff9808886c4000,0,0,298417305668,668688030543,0,0,11468,0,0,0,0,0,0,0,0,0,0,0,0,0,0,0,0,0,0,0,0,0,0,0,0,1257,0,0,0
1743619602.001537,600960,21068468,0,nscratch,nscratch-ffff9808a03be000,0,0,774434370749,15605839116,0,0,23020,0,0,0,0,0,0,0,0,0,0,0,0,0,0,0,0,0,0,0,0,0,0,0,0,179,0,0,0
1743619602.001611,600960,21068468,0,pscratch,pscratch-ffff9808886c4000,0,0,298417305668,668688030543,0,0,11468,0,0,0,0,0,0,0,0,0,0,0,0,0,0,0,0,0,0,0,0,0,0,0,0,1257,0,0,0
1743619603.001749,600960,21068468,0,nscratch,nscratch-ffff9808a03be000,0,0,774434370749,15605839116,0,0,23020,0,0,0,0,0,0,0,0,0,0,0,0,0,0,0,0,0,0,0,0,0,0,0,0,179,0,0,0
1743619603.001825,600960,21068468,0,pscratch,pscratch-ffff9808886c4000,0,0,298417305668,668688030543,0,0,11468,0,0,0,0,0,0,0,0,0,0,0,0,0,0,0,0,0,0,0,0,0,0,0,0,1257,0,0,0
1743619604.001185,600960,21068468,0,nscratch,nscratch-ffff9808a03be000,0,0,774434370749,15605839116,0,0,23020,0,0,0,0,0,0,0,0,0,0,0,0,0,0,0,0,0,0,0,0,0,0,0,0,179,0,0,0
1743619604.001258,600960,21068468,0,pscratch,pscratch-ffff9808886c4000,0,0,298417305668,668688030543,0,0,11468,0,0,0,0,0,0,0,0,0,0,0,0,0,0,0,0,0,0,0,0,0,0,0,0,1257,0,0,0
1743619605.001204,600960,21068468,0,nscratch,nscratch-ffff9808a03be000,0,0,774434370749,15605839116,0,0,23020,0,0,0,0,0,0,0,0,0,0,0,0,0,0,0,0,0,0,0,0,0,0,0,0,179,0,0,0
1743619605.001278,600960,21068468,0,pscratch,pscratch-ffff9808886c4000,0,0,298417305668,668688030543,0,0,11468,0,0,0,0,0,0,0,0,0,0,0,0,0,0,0,0,0,0,0,0,0,0,0,0,1257,0,0,0
1743619606.001417,600960,21068468,0,nscratch,nscratch-ffff9808a03be000,0,0,774434370749,15605839116,0,0,23020,0,0,0,0,0,0,0,0,0,0,0,0,0,0,0,0,0,0,0,0,0,0,0,0,179,0,0,0
1743619606.001492,600960,21068468,0,pscratch,pscratch-ffff9808886c4000,0,0,298417305668,668688030543,0,0,11468,0,0,0,0,0,0,0,0,0,0,0,0,0,0,0,0,0,0,0,0,0,0,0,0,1257,0,0,0
1743619607.001908,600960,21068468,0,nscratch,nscratch-ffff9808a03be000,0,0,774434370749,15605839116,0,0,23020,0,0,0,0,0,0,0,0,0,0,0,0,0,0,0,0,0,0,0,0,0,0,0,0,179,0,0,0
1743619607.002048,600960,21068468,0,pscratch,pscratch-ffff9808886c4000,0,0,298417305668,668688030543,0,0,11468,0,0,0,0,0,0,0,0,0,0,0,0,0,0,0,0,0,0,0,0,0,0,0,0,1257,0,0,0
1743619608.001195,600960,21068468,0,nscratch,nscratch-ffff9808a03be000,0,0,774434370749,15605839116,0,0,23020,0,0,0,0,0,0,0,0,0,0,0,0,0,0,0,0,0,0,0,0,0,0,0,0,179,0,0,0
1743619608.001267,600960,21068468,0,pscratch,pscratch-ffff9808886c4000,0,0,298417305668,668688030543,0,0,11468,0,0,0,0,0,0,0,0,0,0,0,0,0,0,0,0,0,0,0,0,0,0,0,0,1257,0,0,0
1743619609.001047,600960,21068468,0,nscratch,nscratch-ffff9808a03be000,0,0,774434370749,15605839116,0,0,23020,0,0,0,0,0,0,0,0,0,0,0,0,0,0,0,0,0,0,0,0,0,0,0,0,179,0,0,0
1743619609.001120,600960,21068468,0,pscratch,pscratch-ffff9808886c4000,0,0,298417305668,668688030543,0,0,11468,0,0,0,0,0,0,0,0,0,0,0,0,0,0,0,0,0,0,0,0,0,0,0,0,1257,0,0,0
1743619610.001140,600960,21068468,0,nscratch,nscratch-ffff9808a03be000,0,0,774434370749,15605839116,0,0,23020,0,0,0,0,0,0,0,0,0,0,0,0,0,0,0,0,0,0,0,0,0,0,0,0,179,0,0,0
1743619610.001210,600960,21068468,0,pscratch,pscratch-ffff9808886c4000,0,0,298417305668,668688030543,0,0,11468,0,0,0,0,0,0,0,0,0,0,0,0,0,0,0,0,0,0,0,0,0,0,0,0,1257,0,0,0
1743619611.001225,600960,21068468,0,nscratch,nscratch-ffff9808a03be000,0,0,774434370749,15605839116,0,0,23020,0,0,0,0,0,0,0,0,0,0,0,0,0,0,0,0,0,0,0,0,0,0,0,0,179,0,0,0
1743619611.001345,600960,21068468,0,pscratch,pscratch-ffff9808886c4000,0,0,298417305668,668688030543,0,0,11468,0,0,0,0,0,0,0,0,0,0,0,0,0,0,0,0,0,0,0,0,0,0,0,0,1257,0,0,0
1743619612.001077,600960,21068468,0,nscratch,nscratch-ffff9808a03be000,0,0,774434370749,15605839116,0,0,23020,0,0,0,0,0,0,0,0,0,0,0,0,0,0,0,0,0,0,0,0,0,0,0,0,179,0,0,0
1743619612.001150,600960,21068468,0,pscratch,pscratch-ffff9808886c4000,0,0,298417305668,668688030543,0,0,11468,0,0,0,0,0,0,0,0,0,0,0,0,0,0,0,0,0,0,0,0,0,0,0,0,1257,0,0,0
1743619613.001516,600960,21068468,0,nscratch,nscratch-ffff9808a03be000,0,0,774434370749,15605839116,0,0,23020,0,0,0,0,0,0,0,0,0,0,0,0,0,0,0,0,0,0,0,0,0,0,0,0,179,0,0,0
1743619613.001590,600960,21068468,0,pscratch,pscratch-ffff9808886c4000,0,0,298417305668,668688030543,0,0,11468,0,0,0,0,0,0,0,0,0,0,0,0,0,0,0,0,0,0,0,0,0,0,0,0,1257,0,0,0
1743619614.001874,600960,21068468,0,nscratch,nscratch-ffff9808a03be000,0,0,774434370749,15605839116,0,0,23020,0,0,0,0,0,0,0,0,0,0,0,0,0,0,0,0,0,0,0,0,0,0,0,0,179,0,0,0
1743619614.001957,600960,21068468,0,pscratch,pscratch-ffff9808886c4000,0,0,298417305668,668688030543,0,0,11468,0,0,0,0,0,0,0,0,0,0,0,0,0,0,0,0,0,0,0,0,0,0,0,0,1257,0,0,0
1743619615.002049,600960,21068468,0,nscratch,nscratch-ffff9808a03be000,0,0,774434370749,15605839116,0,0,23020,0,0,0,0,0,0,0,0,0,0,0,0,0,0,0,0,0,0,0,0,0,0,0,0,179,0,0,0
1743619615.002122,600960,21068468,0,pscratch,pscratch-ffff9808886c4000,0,0,298417305668,668688030543,0,0,11468,0,0,0,0,0,0,0,0,0,0,0,0,0,0,0,0,0,0,0,0,0,0,0,0,1257,0,0,0
1743619616.001506,600960,21068468,0,nscratch,nscratch-ffff9808a03be000,0,0,774434370749,15605839116,0,0,23020,0,0,0,0,0,0,0,0,0,0,0,0,0,0,0,0,0,0,0,0,0,0,0,0,179,0,0,0
1743619616.001581,600960,21068468,0,pscratch,pscratch-ffff9808886c4000,0,0,298417305668,668688030543,0,0,11468,0,0,0,0,0,0,0,0,0,0,0,0,0,0,0,0,0,0,0,0,0,0,0,0,1257,0,0,0
1743619617.001875,600960,21068468,0,nscratch,nscratch-ffff9808a03be000,0,0,774434370749,15605839116,0,0,23020,0,0,0,0,0,0,0,0,0,0,0,0,0,0,0,0,0,0,0,0,0,0,0,0,179,0,0,0
1743619617.001955,600960,21068468,0,pscratch,pscratch-ffff9808886c4000,0,0,298417305668,668688030543,0,0,11468,0,0,0,0,0,0,0,0,0,0,0,0,0,0,0,0,0,0,0,0,0,0,0,0,1257,0,0,0
1743619618.002103,600960,21068468,0,nscratch,nscratch-ffff9808a03be000,0,0,774434370749,15605839116,0,0,23020,0,0,0,0,0,0,0,0,0,0,0,0,0,0,0,0,0,0,0,0,0,0,0,0,179,0,0,0
1743619618.002181,600960,21068468,0,pscratch,pscratch-ffff9808886c4000,0,0,298417305668,668688030543,0,0,11468,0,0,0,0,0,0,0,0,0,0,0,0,0,0,0,0,0,0,0,0,0,0,0,0,1257,0,0,0
1743619619.001515,600960,21068468,0,nscratch,nscratch-ffff9808a03be000,0,0,774434370749,15605839116,0,0,23020,0,0,0,0,0,0,0,0,0,0,0,0,0,0,0,0,0,0,0,0,0,0,0,0,179,0,0,0
1743619619.001587,600960,21068468,0,pscratch,pscratch-ffff9808886c4000,0,0,298417305668,668688030543,0,0,11468,0,0,0,0,0,0,0,0,0,0,0,0,0,0,0,0,0,0,0,0,0,0,0,0,1257,0,0,0
1743619620.001198,600960,21068468,0,nscratch,nscratch-ffff9808a03be000,0,0,774434370749,15605839116,0,0,23020,0,0,0,0,0,0,0,0,0,0,0,0,0,0,0,0,0,0,0,0,0,0,0,0,179,0,0,0
1743619620.001269,600960,21068468,0,pscratch,pscratch-ffff9808886c4000,0,0,298417305668,668688030543,0,0,11468,0,0,0,0,0,0,0,0,0,0,0,0,0,0,0,0,0,0,0,0,0,0,0,0,1257,0,0,0
1743619621.001059,600960,21068468,0,nscratch,nscratch-ffff9808a03be000,0,0,774434370749,15605839116,0,0,23020,0,0,0,0,0,0,0,0,0,0,0,0,0,0,0,0,0,0,0,0,0,0,0,0,179,0,0,0
1743619621.001132,600960,21068468,0,pscratch,pscratch-ffff9808886c4000,0,0,298417305668,668688030543,0,0,11468,0,0,0,0,0,0,0,0,0,0,0,0,0,0,0,0,0,0,0,0,0,0,0,0,1257,0,0,0
1743619622.001189,600960,21068468,0,nscratch,nscratch-ffff9808a03be000,0,0,774434370749,15605839116,0,0,23020,0,0,0,0,0,0,0,0,0,0,0,0,0,0,0,0,0,0,0,0,0,0,0,0,179,0,0,0
1743619622.001264,600960,21068468,0,pscratch,pscratch-ffff9808886c4000,0,0,298417305668,668688030543,0,0,11468,0,0,0,0,0,0,0,0,0,0,0,0,0,0,0,0,0,0,0,0,0,0,0,0,1257,0,0,0
1743619623.001569,600960,21068468,0,nscratch,nscratch-ffff9808a03be000,0,0,774434370749,15605839116,0,0,23020,0,0,0,0,0,0,0,0,0,0,0,0,0,0,0,0,0,0,0,0,0,0,0,0,179,0,0,0
1743619623.001641,600960,21068468,0,pscratch,pscratch-ffff9808886c4000,0,0,298417305668,668688030543,0,0,11468,0,0,0,0,0,0,0,0,0,0,0,0,0,0,0,0,0,0,0,0,0,0,0,0,1257,0,0,0
1743619624.001079,600960,21068468,0,nscratch,nscratch-ffff9808a03be000,0,0,774434370749,15605839116,0,0,23020,0,0,0,0,0,0,0,0,0,0,0,0,0,0,0,0,0,0,0,0,0,0,0,0,179,0,0,0
1743619624.001151,600960,21068468,0,pscratch,pscratch-ffff9808886c4000,0,0,298417305668,668688030543,0,0,11468,0,0,0,0,0,0,0,0,0,0,0,0,0,0,0,0,0,0,0,0,0,0,0,0,1257,0,0,0
1743619625.001514,600960,21068468,0,nscratch,nscratch-ffff9808a03be000,0,0,774434370749,15605839116,0,0,23020,0,0,0,0,0,0,0,0,0,0,0,0,0,0,0,0,0,0,0,0,0,0,0,0,179,0,0,0
1743619625.001590,600960,21068468,0,pscratch,pscratch-ffff9808886c4000,0,0,298417305668,668688030543,0,0,11468,0,0,0,0,0,0,0,0,0,0,0,0,0,0,0,0,0,0,0,0,0,0,0,0,1257,0,0,0
1743619626.001869,600960,21068468,0,nscratch,nscratch-ffff9808a03be000,0,0,774434370749,15605839116,0,0,23020,0,0,0,0,0,0,0,0,0,0,0,0,0,0,0,0,0,0,0,0,0,0,0,0,179,0,0,0
1743619626.001953,600960,21068468,0,pscratch,pscratch-ffff9808886c4000,0,0,298417305668,668688030543,0,0,11468,0,0,0,0,0,0,0,0,0,0,0,0,0,0,0,0,0,0,0,0,0,0,0,0,1257,0,0,0
1743619627.002055,600960,21068468,0,nscratch,nscratch-ffff9808a03be000,0,0,774434370749,15605839116,0,0,23020,0,0,0,0,0,0,0,0,0,0,0,0,0,0,0,0,0,0,0,0,0,0,0,0,179,0,0,0
1743619627.002128,600960,21068468,0,pscratch,pscratch-ffff9808886c4000,0,0,298417305668,668688030543,0,0,11468,0,0,0,0,0,0,0,0,0,0,0,0,0,0,0,0,0,0,0,0,0,0,0,0,1257,0,0,0
1743619628.001487,600960,21068468,0,nscratch,nscratch-ffff9808a03be000,0,0,774434370749,15605839116,0,0,23020,0,0,0,0,0,0,0,0,0,0,0,0,0,0,0,0,0,0,0,0,0,0,0,0,179,0,0,0
1743619628.001577,600960,21068468,0,pscratch,pscratch-ffff9808886c4000,0,0,298417305668,668688030543,0,0,11468,0,0,0,0,0,0,0,0,0,0,0,0,0,0,0,0,0,0,0,0,0,0,0,0,1257,0,0,0
1743619629.001852,600960,21068468,0,nscratch,nscratch-ffff9808a03be000,0,0,774434370749,15605839116,0,0,23020,0,0,0,0,0,0,0,0,0,0,0,0,0,0,0,0,0,0,0,0,0,0,0,0,179,0,0,0
1743619629.001949,600960,21068468,0,pscratch,pscratch-ffff9808886c4000,0,0,298417305668,668688030543,0,0,11468,0,0,0,0,0,0,0,0,0,0,0,0,0,0,0,0,0,0,0,0,0,0,0,0,1257,0,0,0
1743619630.002079,600960,21068468,0,nscratch,nscratch-ffff9808a03be000,0,0,774434370749,15605839116,0,0,23020,0,0,0,0,0,0,0,0,0,0,0,0,0,0,0,0,0,0,0,0,0,0,0,0,179,0,0,0
1743619630.002154,600960,21068468,0,pscratch,pscratch-ffff9808886c4000,0,0,298417305668,668688030543,0,0,11468,0,0,0,0,0,0,0,0,0,0,0,0,0,0,0,0,0,0,0,0,0,0,0,0,1257,0,0,0
1743619631.000820,600960,21068468,0,nscratch,nscratch-ffff9808a03be000,0,0,774434370749,15605839116,0,0,23020,0,0,0,0,0,0,0,0,0,0,0,0,0,0,0,0,0,0,0,0,0,0,0,0,179,0,0,0
1743619631.000929,600960,21068468,0,pscratch,pscratch-ffff9808886c4000,0,0,298417305668,668688030543,0,0,11468,0,0,0,0,0,0,0,0,0,0,0,0,0,0,0,0,0,0,0,0,0,0,0,0,1257,0,0,0
1743619632.001537,600960,21068468,0,nscratch,nscratch-ffff9808a03be000,0,0,774434370749,15605839116,0,0,23020,0,0,0,0,0,0,0,0,0,0,0,0,0,0,0,0,0,0,0,0,0,0,0,0,179,0,0,0
1743619632.001610,600960,21068468,0,pscratch,pscratch-ffff9808886c4000,0,0,298417305668,668688030543,0,0,11468,0,0,0,0,0,0,0,0,0,0,0,0,0,0,0,0,0,0,0,0,0,0,0,0,1257,0,0,0
1743619633.001753,600960,21068468,0,nscratch,nscratch-ffff9808a03be000,0,0,774434370749,15605839116,0,0,23020,0,0,0,0,0,0,0,0,0,0,0,0,0,0,0,0,0,0,0,0,0,0,0,0,179,0,0,0
1743619633.001834,600960,21068468,0,pscratch,pscratch-ffff9808886c4000,0,0,298417305668,668688030543,0,0,11468,0,0,0,0,0,0,0,0,0,0,0,0,0,0,0,0,0,0,0,0,0,0,0,0,1257,0,0,0
1743619634.002221,600960,21068468,0,nscratch,nscratch-ffff9808a03be000,0,0,774434370749,15605839116,0,0,23020,0,0,0,0,0,0,0,0,0,0,0,0,0,0,0,0,0,0,0,0,0,0,0,0,179,0,0,0
1743619634.002296,600960,21068468,0,pscratch,pscratch-ffff9808886c4000,0,0,298417305668,668688030543,0,0,11468,0,0,0,0,0,0,0,0,0,0,0,0,0,0,0,0,0,0,0,0,0,0,0,0,1257,0,0,0
1743619635.001205,600960,21068468,0,nscratch,nscratch-ffff9808a03be000,0,0,774434370749,15605839116,0,0,23020,0,0,0,0,0,0,0,0,0,0,0,0,0,0,0,0,0,0,0,0,0,0,0,0,179,0,0,0
1743619635.001279,600960,21068468,0,pscratch,pscratch-ffff9808886c4000,0,0,298417305668,668688030543,0,0,11468,0,0,0,0,0,0,0,0,0,0,0,0,0,0,0,0,0,0,0,0,0,0,0,0,1257,0,0,0
1743619636.001424,600960,21068468,0,nscratch,nscratch-ffff9808a03be000,0,0,774434370749,15605839116,0,0,23020,0,0,0,0,0,0,0,0,0,0,0,0,0,0,0,0,0,0,0,0,0,0,0,0,179,0,0,0
1743619636.001500,600960,21068468,0,pscratch,pscratch-ffff9808886c4000,0,0,298417305668,668688030543,0,0,11468,0,0,0,0,0,0,0,0,0,0,0,0,0,0,0,0,0,0,0,0,0,0,0,0,1257,0,0,0
1743619637.001871,600960,21068468,0,nscratch,nscratch-ffff9808a03be000,0,0,774434370749,15605839116,0,0,23020,0,0,0,0,0,0,0,0,0,0,0,0,0,0,0,0,0,0,0,0,0,0,0,0,179,0,0,0
1743619637.001958,600960,21068468,0,pscratch,pscratch-ffff9808886c4000,0,0,298417305668,668688030543,0,0,11468,0,0,0,0,0,0,0,0,0,0,0,0,0,0,0,0,0,0,0,0,0,0,0,0,1257,0,0,0
1743619638.002197,600960,21068468,0,nscratch,nscratch-ffff9808a03be000,0,0,774434370749,15605839116,0,0,23020,0,0,0,0,0,0,0,0,0,0,0,0,0,0,0,0,0,0,0,0,0,0,0,0,179,0,0,0
1743619638.002270,600960,21068468,0,pscratch,pscratch-ffff9808886c4000,0,0,298417305668,668688030543,0,0,11468,0,0,0,0,0,0,0,0,0,0,0,0,0,0,0,0,0,0,0,0,0,0,0,0,1257,0,0,0
1743619639.001391,600960,21068468,0,nscratch,nscratch-ffff9808a03be000,0,0,774434370749,15605839116,0,0,23020,0,0,0,0,0,0,0,0,0,0,0,0,0,0,0,0,0,0,0,0,0,0,0,0,179,0,0,0
1743619639.001479,600960,21068468,0,pscratch,pscratch-ffff9808886c4000,0,0,298417305668,668688030543,0,0,11468,0,0,0,0,0,0,0,0,0,0,0,0,0,0,0,0,0,0,0,0,0,0,0,0,1257,0,0,0
1743619640.001860,600960,21068468,0,nscratch,nscratch-ffff9808a03be000,0,0,774434370749,15605839116,0,0,23020,0,0,0,0,0,0,0,0,0,0,0,0,0,0,0,0,0,0,0,0,0,0,0,0,179,0,0,0
1743619640.001950,600960,21068468,0,pscratch,pscratch-ffff9808886c4000,0,0,298417305668,668688030543,0,0,11468,0,0,0,0,0,0,0,0,0,0,0,0,0,0,0,0,0,0,0,0,0,0,0,0,1257,0,0,0
1743619641.002212,600960,21068468,0,nscratch,nscratch-ffff9808a03be000,0,0,774434370749,15605839116,0,0,23020,0,0,0,0,0,0,0,0,0,0,0,0,0,0,0,0,0,0,0,0,0,0,0,0,179,0,0,0
1743619641.002295,600960,21068468,0,pscratch,pscratch-ffff9808886c4000,0,0,298417305668,668688030543,0,0,11468,0,0,0,0,0,0,0,0,0,0,0,0,0,0,0,0,0,0,0,0,0,0,0,0,1257,0,0,0
1743619642.000846,600960,21068468,0,nscratch,nscratch-ffff9808a03be000,0,0,774434370749,15605839116,0,0,23020,0,0,0,0,0,0,0,0,0,0,0,0,0,0,0,0,0,0,0,0,0,0,0,0,179,0,0,0
1743619642.000921,600960,21068468,0,pscratch,pscratch-ffff9808886c4000,0,0,298417305668,668688030543,0,0,11468,0,0,0,0,0,0,0,0,0,0,0,0,0,0,0,0,0,0,0,0,0,0,0,0,1257,0,0,0
1743619643.001296,600960,21068468,0,nscratch,nscratch-ffff9808a03be000,0,0,774434370749,15605839116,0,0,23020,0,0,0,0,0,0,0,0,0,0,0,0,0,0,0,0,0,0,0,0,0,0,0,0,179,0,0,0
1743619643.001370,600960,21068468,0,pscratch,pscratch-ffff9808886c4000,0,0,298417305668,668688030543,0,0,11468,0,0,0,0,0,0,0,0,0,0,0,0,0,0,0,0,0,0,0,0,0,0,0,0,1257,0,0,0
1743619644.001613,600960,21068468,0,nscratch,nscratch-ffff9808a03be000,0,0,774434370749,15605839116,0,0,23020,0,0,0,0,0,0,0,0,0,0,0,0,0,0,0,0,0,0,0,0,0,0,0,0,179,0,0,0
1743619644.001695,600960,21068468,0,pscratch,pscratch-ffff9808886c4000,0,0,298417305668,668688030543,0,0,11468,0,0,0,0,0,0,0,0,0,0,0,0,0,0,0,0,0,0,0,0,0,0,0,0,1257,0,0,0
1743619645.001050,600960,21068468,0,nscratch,nscratch-ffff9808a03be000,0,0,774434370749,15605839116,0,0,23020,0,0,0,0,0,0,0,0,0,0,0,0,0,0,0,0,0,0,0,0,0,0,0,0,179,0,0,0
1743619645.001125,600960,21068468,0,pscratch,pscratch-ffff9808886c4000,0,0,298417305668,668688030543,0,0,11468,0,0,0,0,0,0,0,0,0,0,0,0,0,0,0,0,0,0,0,0,0,0,0,0,1257,0,0,0
1743619646.001488,600960,21068468,0,nscratch,nscratch-ffff9808a03be000,0,0,774434370749,15605839116,0,0,23020,0,0,0,0,0,0,0,0,0,0,0,0,0,0,0,0,0,0,0,0,0,0,0,0,179,0,0,0
1743619646.001563,600960,21068468,0,pscratch,pscratch-ffff9808886c4000,0,0,298417305668,668688030543,0,0,11468,0,0,0,0,0,0,0,0,0,0,0,0,0,0,0,0,0,0,0,0,0,0,0,0,1257,0,0,0
1743619647.001838,600960,21068468,0,nscratch,nscratch-ffff9808a03be000,0,0,774434370749,15605839116,0,0,23020,0,0,0,0,0,0,0,0,0,0,0,0,0,0,0,0,0,0,0,0,0,0,0,0,179,0,0,0
1743619647.001913,600960,21068468,0,pscratch,pscratch-ffff9808886c4000,0,0,298417305668,668688030543,0,0,11468,0,0,0,0,0,0,0,0,0,0,0,0,0,0,0,0,0,0,0,0,0,0,0,0,1257,0,0,0
1743619648.002064,600960,21068468,0,nscratch,nscratch-ffff9808a03be000,0,0,774434370749,15605839116,0,0,23020,0,0,0,0,0,0,0,0,0,0,0,0,0,0,0,0,0,0,0,0,0,0,0,0,179,0,0,0
1743619648.002140,600960,21068468,0,pscratch,pscratch-ffff9808886c4000,0,0,298417305668,668688030543,0,0,11468,0,0,0,0,0,0,0,0,0,0,0,0,0,0,0,0,0,0,0,0,0,0,0,0,1257,0,0,0
1743619649.001501,600960,21068468,0,nscratch,nscratch-ffff9808a03be000,0,0,774434370749,15605839116,0,0,23020,0,0,0,0,0,0,0,0,0,0,0,0,0,0,0,0,0,0,0,0,0,0,0,0,179,0,0,0
1743619649.001575,600960,21068468,0,pscratch,pscratch-ffff9808886c4000,0,0,298417305668,668688030543,0,0,11468,0,0,0,0,0,0,0,0,0,0,0,0,0,0,0,0,0,0,0,0,0,0,0,0,1257,0,0,0
1743619650.001897,600960,21068468,0,nscratch,nscratch-ffff9808a03be000,0,0,774434370749,15605839116,0,0,23020,0,0,0,0,0,0,0,0,0,0,0,0,0,0,0,0,0,0,0,0,0,0,0,0,179,0,0,0
1743619650.001992,600960,21068468,0,pscratch,pscratch-ffff9808886c4000,0,0,298417305668,668688030543,0,0,11468,0,0,0,0,0,0,0,0,0,0,0,0,0,0,0,0,0,0,0,0,0,0,0,0,1257,0,0,0
1743619651.002139,600960,21068468,0,nscratch,nscratch-ffff9808a03be000,0,0,774434370749,15605839116,0,0,23020,0,0,0,0,0,0,0,0,0,0,0,0,0,0,0,0,0,0,0,0,0,0,0,0,179,0,0,0
1743619651.002214,600960,21068468,0,pscratch,pscratch-ffff9808886c4000,0,0,298417305668,668688030543,0,0,11468,0,0,0,0,0,0,0,0,0,0,0,0,0,0,0,0,0,0,0,0,0,0,0,0,1257,0,0,0
1743619652.001465,600960,21068468,0,nscratch,nscratch-ffff9808a03be000,0,0,774434370749,15605839116,0,0,23020,0,0,0,0,0,0,0,0,0,0,0,0,0,0,0,0,0,0,0,0,0,0,0,0,179,0,0,0
1743619652.001549,600960,21068468,0,pscratch,pscratch-ffff9808886c4000,0,0,298417305668,668688030543,0,0,11468,0,0,0,0,0,0,0,0,0,0,0,0,0,0,0,0,0,0,0,0,0,0,0,0,1257,0,0,0
1743619653.001808,600960,21068468,0,nscratch,nscratch-ffff9808a03be000,0,0,774434370749,15605839116,0,0,23020,0,0,0,0,0,0,0,0,0,0,0,0,0,0,0,0,0,0,0,0,0,0,0,0,179,0,0,0
1743619653.001906,600960,21068468,0,pscratch,pscratch-ffff9808886c4000,0,0,298417305668,668688030543,0,0,11468,0,0,0,0,0,0,0,0,0,0,0,0,0,0,0,0,0,0,0,0,0,0,0,0,1257,0,0,0
1743619654.002027,600960,21068468,0,nscratch,nscratch-ffff9808a03be000,0,0,774434370749,15605839116,0,0,23020,0,0,0,0,0,0,0,0,0,0,0,0,0,0,0,0,0,0,0,0,0,0,0,0,179,0,0,0
1743619654.002110,600960,21068468,0,pscratch,pscratch-ffff9808886c4000,0,0,298417305668,668688030543,0,0,11468,0,0,0,0,0,0,0,0,0,0,0,0,0,0,0,0,0,0,0,0,0,0,0,0,1257,0,0,0
1743619655.001476,600960,21068468,0,nscratch,nscratch-ffff9808a03be000,0,0,774434370749,15605839116,0,0,23020,0,0,0,0,0,0,0,0,0,0,0,0,0,0,0,0,0,0,0,0,0,0,0,0,179,0,0,0
1743619655.001558,600960,21068468,0,pscratch,pscratch-ffff9808886c4000,0,0,298417305668,668688030543,0,0,11468,0,0,0,0,0,0,0,0,0,0,0,0,0,0,0,0,0,0,0,0,0,0,0,0,1257,0,0,0
1743619656.001822,600960,21068468,0,nscratch,nscratch-ffff9808a03be000,0,0,774434370749,15605839116,0,0,23020,0,0,0,0,0,0,0,0,0,0,0,0,0,0,0,0,0,0,0,0,0,0,0,0,179,0,0,0
1743619656.001906,600960,21068468,0,pscratch,pscratch-ffff9808886c4000,0,0,298417305668,668688030543,0,0,11468,0,0,0,0,0,0,0,0,0,0,0,0,0,0,0,0,0,0,0,0,0,0,0,0,1257,0,0,0
1743619657.002060,600960,21068468,0,nscratch,nscratch-ffff9808a03be000,0,0,774434370749,15605839116,0,0,23020,0,0,0,0,0,0,0,0,0,0,0,0,0,0,0,0,0,0,0,0,0,0,0,0,179,0,0,0
1743619657.002138,600960,21068468,0,pscratch,pscratch-ffff9808886c4000,0,0,298417305668,668688030543,0,0,11468,0,0,0,0,0,0,0,0,0,0,0,0,0,0,0,0,0,0,0,0,0,0,0,0,1257,0,0,0
1743619658.001494,600960,21068468,0,nscratch,nscratch-ffff9808a03be000,0,0,774434370749,15605839116,0,0,23020,0,0,0,0,0,0,0,0,0,0,0,0,0,0,0,0,0,0,0,0,0,0,0,0,179,0,0,0
1743619658.001581,600960,21068468,0,pscratch,pscratch-ffff9808886c4000,0,0,298417305668,668688030543,0,0,11468,0,0,0,0,0,0,0,0,0,0,0,0,0,0,0,0,0,0,0,0,0,0,0,0,1257,0,0,0
1743619659.001838,600960,21068468,0,nscratch,nscratch-ffff9808a03be000,0,0,774434370749,15605839116,0,0,23020,0,0,0,0,0,0,0,0,0,0,0,0,0,0,0,0,0,0,0,0,0,0,0,0,179,0,0,0
1743619659.001918,600960,21068468,0,pscratch,pscratch-ffff9808886c4000,0,0,298417305668,668688030543,0,0,11468,0,0,0,0,0,0,0,0,0,0,0,0,0,0,0,0,0,0,0,0,0,0,0,0,1257,0,0,0
1743619660.002033,600960,21068468,0,nscratch,nscratch-ffff9808a03be000,0,0,774434370749,15605839116,0,0,23020,0,0,0,0,0,0,0,0,0,0,0,0,0,0,0,0,0,0,0,0,0,0,0,0,179,0,0,0
1743619660.002120,600960,21068468,0,pscratch,pscratch-ffff9808886c4000,0,0,298417305668,668688030543,0,0,11468,0,0,0,0,0,0,0,0,0,0,0,0,0,0,0,0,0,0,0,0,0,0,0,0,1257,0,0,0
1743619661.001478,600960,21068468,0,nscratch,nscratch-ffff9808a03be000,0,0,774434370749,15605839116,0,0,23020,0,0,0,0,0,0,0,0,0,0,0,0,0,0,0,0,0,0,0,0,0,0,0,0,179,0,0,0
1743619661.001557,600960,21068468,0,pscratch,pscratch-ffff9808886c4000,0,0,298417305668,668688030543,0,0,11468,0,0,0,0,0,0,0,0,0,0,0,0,0,0,0,0,0,0,0,0,0,0,0,0,1257,0,0,0
1743619662.001808,600960,21068468,0,nscratch,nscratch-ffff9808a03be000,0,0,774434370749,15605839116,0,0,23020,0,0,0,0,0,0,0,0,0,0,0,0,0,0,0,0,0,0,0,0,0,0,0,0,179,0,0,0
1743619662.001894,600960,21068468,0,pscratch,pscratch-ffff9808886c4000,0,0,298417305668,668688030543,0,0,11468,0,0,0,0,0,0,0,0,0,0,0,0,0,0,0,0,0,0,0,0,0,0,0,0,1257,0,0,0
1743619663.002043,600960,21068468,0,nscratch,nscratch-ffff9808a03be000,0,0,774434370749,15605839116,0,0,23020,0,0,0,0,0,0,0,0,0,0,0,0,0,0,0,0,0,0,0,0,0,0,0,0,179,0,0,0
1743619663.002119,600960,21068468,0,pscratch,pscratch-ffff9808886c4000,0,0,298417305668,668688030543,0,0,11468,0,0,0,0,0,0,0,0,0,0,0,0,0,0,0,0,0,0,0,0,0,0,0,0,1257,0,0,0
1743619664.001492,600960,21068468,0,nscratch,nscratch-ffff9808a03be000,0,0,774434370749,15605839116,0,0,23020,0,0,0,0,0,0,0,0,0,0,0,0,0,0,0,0,0,0,0,0,0,0,0,0,179,0,0,0
1743619664.001566,600960,21068468,0,pscratch,pscratch-ffff9808886c4000,0,0,298417305668,668688030543,0,0,11468,0,0,0,0,0,0,0,0,0,0,0,0,0,0,0,0,0,0,0,0,0,0,0,0,1257,0,0,0
1743619665.001843,600960,21068468,0,nscratch,nscratch-ffff9808a03be000,0,0,774434370749,15605839116,0,0,23020,0,0,0,0,0,0,0,0,0,0,0,0,0,0,0,0,0,0,0,0,0,0,0,0,179,0,0,0
1743619665.001918,600960,21068468,0,pscratch,pscratch-ffff9808886c4000,0,0,298417305668,668688030543,0,0,11468,0,0,0,0,0,0,0,0,0,0,0,0,0,0,0,0,0,0,0,0,0,0,0,0,1257,0,0,0
1743619666.002061,600960,21068468,0,nscratch,nscratch-ffff9808a03be000,0,0,774434370749,15605839116,0,0,23020,0,0,0,0,0,0,0,0,0,0,0,0,0,0,0,0,0,0,0,0,0,0,0,0,179,0,0,0
1743619666.002139,600960,21068468,0,pscratch,pscratch-ffff9808886c4000,0,0,298417305668,668688030543,0,0,11468,0,0,0,0,0,0,0,0,0,0,0,0,0,0,0,0,0,0,0,0,0,0,0,0,1257,0,0,0
1743619667.001500,600960,21068468,0,nscratch,nscratch-ffff9808a03be000,0,0,774434370749,15605839116,0,0,23020,0,0,0,0,0,0,0,0,0,0,0,0,0,0,0,0,0,0,0,0,0,0,0,0,179,0,0,0
1743619667.001584,600960,21068468,0,pscratch,pscratch-ffff9808886c4000,0,0,298417305668,668688030543,0,0,11468,0,0,0,0,0,0,0,0,0,0,0,0,0,0,0,0,0,0,0,0,0,0,0,0,1257,0,0,0
1743619668.001858,600960,21068468,0,nscratch,nscratch-ffff9808a03be000,0,0,774434370749,15605839116,0,0,23020,0,0,0,0,0,0,0,0,0,0,0,0,0,0,0,0,0,0,0,0,0,0,0,0,179,0,0,0
1743619668.001939,600960,21068468,0,pscratch,pscratch-ffff9808886c4000,0,0,298417305668,668688030543,0,0,11468,0,0,0,0,0,0,0,0,0,0,0,0,0,0,0,0,0,0,0,0,0,0,0,0,1257,0,0,0
1743619669.002063,600960,21068468,0,nscratch,nscratch-ffff9808a03be000,0,0,774434370749,15605839116,0,0,23020,0,0,0,0,0,0,0,0,0,0,0,0,0,0,0,0,0,0,0,0,0,0,0,0,179,0,0,0
1743619669.002153,600960,21068468,0,pscratch,pscratch-ffff9808886c4000,0,0,298417305668,668688030543,0,0,11468,0,0,0,0,0,0,0,0,0,0,0,0,0,0,0,0,0,0,0,0,0,0,0,0,1257,0,0,0
1743619670.001509,600960,21068468,0,nscratch,nscratch-ffff9808a03be000,0,0,774434370749,15605839116,0,0,23020,0,0,0,0,0,0,0,0,0,0,0,0,0,0,0,0,0,0,0,0,0,0,0,0,179,0,0,0
1743619670.001589,600960,21068468,0,pscratch,pscratch-ffff9808886c4000,0,0,298417305668,668688030543,0,0,11468,0,0,0,0,0,0,0,0,0,0,0,0,0,0,0,0,0,0,0,0,0,0,0,0,1257,0,0,0
1743619671.001846,600960,21068468,0,nscratch,nscratch-ffff9808a03be000,0,0,774434370749,15605839116,0,0,23020,0,0,0,0,0,0,0,0,0,0,0,0,0,0,0,0,0,0,0,0,0,0,0,0,179,0,0,0
1743619671.001932,600960,21068468,0,pscratch,pscratch-ffff9808886c4000,0,0,298417305668,668688030543,0,0,11468,0,0,0,0,0,0,0,0,0,0,0,0,0,0,0,0,0,0,0,0,0,0,0,0,1257,0,0,0
1743619672.002043,600960,21068468,0,nscratch,nscratch-ffff9808a03be000,0,0,774434370749,15605839116,0,0,23020,0,0,0,0,0,0,0,0,0,0,0,0,0,0,0,0,0,0,0,0,0,0,0,0,179,0,0,0
1743619672.002128,600960,21068468,0,pscratch,pscratch-ffff9808886c4000,0,0,298417305668,668688030543,0,0,11468,0,0,0,0,0,0,0,0,0,0,0,0,0,0,0,0,0,0,0,0,0,0,0,0,1257,0,0,0
1743619673.001481,600960,21068468,0,nscratch,nscratch-ffff9808a03be000,0,0,774434370749,15605839116,0,0,23020,0,0,0,0,0,0,0,0,0,0,0,0,0,0,0,0,0,0,0,0,0,0,0,0,179,0,0,0
1743619673.001568,600960,21068468,0,pscratch,pscratch-ffff9808886c4000,0,0,298417305668,668688030543,0,0,11468,0,0,0,0,0,0,0,0,0,0,0,0,0,0,0,0,0,0,0,0,0,0,0,0,1257,0,0,0
1743619674.001810,600960,21068468,0,nscratch,nscratch-ffff9808a03be000,0,0,774434370749,15605839116,0,0,23020,0,0,0,0,0,0,0,0,0,0,0,0,0,0,0,0,0,0,0,0,0,0,0,0,179,0,0,0
1743619674.001889,600960,21068468,0,pscratch,pscratch-ffff9808886c4000,0,0,298417305668,668688030543,0,0,11468,0,0,0,0,0,0,0,0,0,0,0,0,0,0,0,0,0,0,0,0,0,0,0,0,1257,0,0,0
1743619675.002003,600960,21068468,0,nscratch,nscratch-ffff9808a03be000,0,0,774434370749,15605839116,0,0,23020,0,0,0,0,0,0,0,0,0,0,0,0,0,0,0,0,0,0,0,0,0,0,0,0,179,0,0,0
1743619675.002101,600960,21068468,0,pscratch,pscratch-ffff9808886c4000,0,0,298417305668,668688030543,0,0,11468,0,0,0,0,0,0,0,0,0,0,0,0,0,0,0,0,0,0,0,0,0,0,0,0,1257,0,0,0
1743619676.001457,600960,21068468,0,nscratch,nscratch-ffff9808a03be000,0,0,774434370749,15605839116,0,0,23020,0,0,0,0,0,0,0,0,0,0,0,0,0,0,0,0,0,0,0,0,0,0,0,0,179,0,0,0
1743619676.001544,600960,21068468,0,pscratch,pscratch-ffff9808886c4000,0,0,298417305668,668688030543,0,0,11468,0,0,0,0,0,0,0,0,0,0,0,0,0,0,0,0,0,0,0,0,0,0,0,0,1257,0,0,0
1743619677.001833,600960,21068468,0,nscratch,nscratch-ffff9808a03be000,0,0,774434370749,15605839116,0,0,23020,0,0,0,0,0,0,0,0,0,0,0,0,0,0,0,0,0,0,0,0,0,0,0,0,179,0,0,0
1743619677.001910,600960,21068468,0,pscratch,pscratch-ffff9808886c4000,0,0,298417305668,668688030543,0,0,11468,0,0,0,0,0,0,0,0,0,0,0,0,0,0,0,0,0,0,0,0,0,0,0,0,1257,0,0,0
1743619678.002051,600960,21068468,0,nscratch,nscratch-ffff9808a03be000,0,0,774434370749,15605839116,0,0,23020,0,0,0,0,0,0,0,0,0,0,0,0,0,0,0,0,0,0,0,0,0,0,0,0,179,0,0,0
1743619678.002126,600960,21068468,0,pscratch,pscratch-ffff9808886c4000,0,0,298417305668,668688030543,0,0,11468,0,0,0,0,0,0,0,0,0,0,0,0,0,0,0,0,0,0,0,0,0,0,0,0,1257,0,0,0
1743619679.001491,600960,21068468,0,nscratch,nscratch-ffff9808a03be000,0,0,774434370749,15605839116,0,0,23020,0,0,0,0,0,0,0,0,0,0,0,0,0,0,0,0,0,0,0,0,0,0,0,0,179,0,0,0
1743619679.001568,600960,21068468,0,pscratch,pscratch-ffff9808886c4000,0,0,298417305668,668688030543,0,0,11468,0,0,0,0,0,0,0,0,0,0,0,0,0,0,0,0,0,0,0,0,0,0,0,0,1257,0,0,0
1743619680.001847,600960,21068468,0,nscratch,nscratch-ffff9808a03be000,0,0,774434370749,15605839116,0,0,23020,0,0,0,0,0,0,0,0,0,0,0,0,0,0,0,0,0,0,0,0,0,0,0,0,179,0,0,0
1743619680.001921,600960,21068468,0,pscratch,pscratch-ffff9808886c4000,0,0,298417305668,668688030543,0,0,11468,0,0,0,0,0,0,0,0,0,0,0,0,0,0,0,0,0,0,0,0,0,0,0,0,1257,0,0,0
1743619681.002063,600960,21068468,0,nscratch,nscratch-ffff9808a03be000,0,0,774434370749,15605839116,0,0,23020,0,0,0,0,0,0,0,0,0,0,0,0,0,0,0,0,0,0,0,0,0,0,0,0,179,0,0,0
1743619681.002150,600960,21068468,0,pscratch,pscratch-ffff9808886c4000,0,0,298417305668,668688030543,0,0,11468,0,0,0,0,0,0,0,0,0,0,0,0,0,0,0,0,0,0,0,0,0,0,0,0,1257,0,0,0
1743619682.001513,600960,21068468,0,nscratch,nscratch-ffff9808a03be000,0,0,774434370749,15605839116,0,0,23020,0,0,0,0,0,0,0,0,0,0,0,0,0,0,0,0,0,0,0,0,0,0,0,0,179,0,0,0
1743619682.001596,600960,21068468,0,pscratch,pscratch-ffff9808886c4000,0,0,298417305668,668688030543,0,0,11468,0,0,0,0,0,0,0,0,0,0,0,0,0,0,0,0,0,0,0,0,0,0,0,0,1257,0,0,0
1743619683.001852,600960,21068468,0,nscratch,nscratch-ffff9808a03be000,0,0,774434370749,15605839116,0,0,23020,0,0,0,0,0,0,0,0,0,0,0,0,0,0,0,0,0,0,0,0,0,0,0,0,179,0,0,0
1743619683.001935,600960,21068468,0,pscratch,pscratch-ffff9808886c4000,0,0,298417305668,668688030543,0,0,11468,0,0,0,0,0,0,0,0,0,0,0,0,0,0,0,0,0,0,0,0,0,0,0,0,1257,0,0,0
1743619684.002078,600960,21068468,0,nscratch,nscratch-ffff9808a03be000,0,0,774434370749,15605839116,0,0,23020,0,0,0,0,0,0,0,0,0,0,0,0,0,0,0,0,0,0,0,0,0,0,0,0,179,0,0,0
1743619684.002154,600960,21068468,0,pscratch,pscratch-ffff9808886c4000,0,0,298417305668,668688030543,0,0,11468,0,0,0,0,0,0,0,0,0,0,0,0,0,0,0,0,0,0,0,0,0,0,0,0,1257,0,0,0
1743619685.001265,600960,21068468,0,nscratch,nscratch-ffff9808a03be000,0,0,774434370749,15605839116,0,0,23020,0,0,0,0,0,0,0,0,0,0,0,0,0,0,0,0,0,0,0,0,0,0,0,0,179,0,0,0
1743619685.001370,600960,21068468,0,pscratch,pscratch-ffff9808886c4000,0,0,298417305668,668688030543,0,0,11468,0,0,0,0,0,0,0,0,0,0,0,0,0,0,0,0,0,0,0,0,0,0,0,0,1257,0,0,0
1743619686.001739,600960,21068468,0,nscratch,nscratch-ffff9808a03be000,0,0,774434370749,15605839116,0,0,23020,0,0,0,0,0,0,0,0,0,0,0,0,0,0,0,0,0,0,0,0,0,0,0,0,179,0,0,0
1743619686.001831,600960,21068468,0,pscratch,pscratch-ffff9808886c4000,0,0,298417305668,668688030543,0,0,11468,0,0,0,0,0,0,0,0,0,0,0,0,0,0,0,0,0,0,0,0,0,0,0,0,1257,0,0,0
1743619687.001171,600960,21068468,0,nscratch,nscratch-ffff9808a03be000,0,0,774434370749,15605839116,0,0,23020,0,0,0,0,0,0,0,0,0,0,0,0,0,0,0,0,0,0,0,0,0,0,0,0,179,0,0,0
1743619687.001338,600960,21068468,0,pscratch,pscratch-ffff9808886c4000,0,0,298417305668,668688030543,0,0,11468,0,0,0,0,0,0,0,0,0,0,0,0,0,0,0,0,0,0,0,0,0,0,0,0,1257,0,0,0
1743619688.001300,600960,21068468,0,nscratch,nscratch-ffff9808a03be000,0,0,774434370749,15605839116,0,0,23020,0,0,0,0,0,0,0,0,0,0,0,0,0,0,0,0,0,0,0,0,0,0,0,0,179,0,0,0
1743619688.001457,600960,21068468,0,pscratch,pscratch-ffff9808886c4000,0,0,298417305668,668688030543,0,0,11468,0,0,0,0,0,0,0,0,0,0,0,0,0,0,0,0,0,0,0,0,0,0,0,0,1257,0,0,0
1743619689.001425,600960,21068468,0,nscratch,nscratch-ffff9808a03be000,0,0,774434370749,15605839116,0,0,23020,0,0,0,0,0,0,0,0,0,0,0,0,0,0,0,0,0,0,0,0,0,0,0,0,179,0,0,0
1743619689.001532,600960,21068468,0,pscratch,pscratch-ffff9808886c4000,0,0,298417305668,668688030543,0,0,11468,0,0,0,0,0,0,0,0,0,0,0,0,0,0,0,0,0,0,0,0,0,0,0,0,1257,0,0,0
1743619690.001136,600960,21068468,0,nscratch,nscratch-ffff9808a03be000,0,0,774434370749,15605839116,0,0,23020,0,0,0,0,0,0,0,0,0,0,0,0,0,0,0,0,0,0,0,0,0,0,0,0,179,0,0,0
1743619690.001225,600960,21068468,0,pscratch,pscratch-ffff9808886c4000,0,0,298417305668,668688030543,0,0,11468,0,0,0,0,0,0,0,0,0,0,0,0,0,0,0,0,0,0,0,0,0,0,0,0,1257,0,0,0
