timestamp,component_id,job_id,app_id,fs_name,llite,dirty_pages_hits,dirty_pages_misses,read_bytes.sum,write_bytes.sum,brw_read.sum,brw_write.sum,ioctl,open,close,mmap,page_fault,page_mkwrite,seek,fsync,readdir,setattr,truncate,flock,getattr,create,link,unlink,symlink,mkdir,rmdir,mknod,rename,statfs,alloc_inode,setxattr,getxattr,getxattr_hits,listxattr,removexattr,inode_permission
1743619781.001564,600960,21068470,0,nscratch,nscratch-ffff9808a03be000,0,0,774434370749,15605839116,0,0,23020,0,0,0,0,0,0,0,0,0,0,0,0,0,0,0,0,0,0,0,0,0,0,0,0,179,0,0,0
1743619781.001660,600960,21068470,0,pscratch,pscratch-ffff9808886c4000,0,0,298417305668,668688030543,0,0,11468,0,0,0,0,0,0,0,0,0,0,0,0,0,0,0,0,0,0,0,0,0,0,0,0,1257,0,0,0
1743619782.002088,600960,21068470,0,nscratch,nscratch-ffff9808a03be000,0,0,774434370749,15605839116,0,0,23020,0,0,0,0,0,0,0,0,0,0,0,0,0,0,0,0,0,0,0,0,0,0,0,0,179,0,0,0
1743619782.002208,600960,21068470,0,pscratch,pscratch-ffff9808886c4000,0,0,298417305668,668688030543,0,0,11468,0,0,0,0,0,0,0,0,0,0,0,0,0,0,0,0,0,0,0,0,0,0,0,0,1257,0,0,0
1743619783.001447,600960,21068470,0,nscratch,nscratch-ffff9808a03be000,0,0,774434370749,15605839116,0,0,23020,0,0,0,0,0,0,0,0,0,0,0,0,0,0,0,0,0,0,0,0,0,0,0,0,179,0,0,0
1743619783.001550,600960,21068470,0,pscratch,pscratch-ffff9808886c4000,0,0,298417305668,668688030543,0,0,11468,0,0,0,0,0,0,0,0,0,0,0,0,0,0,0,0,0,0,0,0,0,0,0,0,1257,0,0,0
1743619784.002277,600960,21068470,0,nscratch,nscratch-ffff9808a03be000,0,0,774434370749,15605839116,0,0,23020,0,0,0,0,0,0,0,0,0,0,0,0,0,0,0,0,0,0,0,0,0,0,0,0,179,0,0,0
1743619784.002417,600960,21068470,0,pscratch,pscratch-ffff9808886c4000,0,0,298417305668,668688030543,0,0,11468,0,0,0,0,0,0,0,0,0,0,0,0,0,0,0,0,0,0,0,0,0,0,0,0,1257,0,0,0
1743619785.001927,600960,21068470,0,nscratch,nscratch-ffff9808a03be000,0,0,774434370749,15605839116,0,0,23020,0,0,0,0,0,0,0,0,0,0,0,0,0,0,0,0,0,0,0,0,0,0,0,0,179,0,0,0
1743619785.002108,600960,21068470,0,pscratch,pscratch-ffff9808886c4000,0,0,298417305668,668688030543,0,0,11468,0,0,0,0,0,0,0,0,0,0,0,0,0,0,0,0,0,0,0,0,0,0,0,0,1257,0,0,0
1743619786.001138,600960,21068470,0,nscratch,nscratch-ffff9808a03be000,0,0,774434370749,15605839116,0,0,23020,0,0,0,0,0,0,0,0,0,0,0,0,0,0,0,0,0,0,0,0,0,0,0,0,179,0,0,0
1743619786.001240,600960,21068470,0,pscratch,pscratch-ffff9808886c4000,0,0,298417305668,668688030543,0,0,11468,0,0,0,0,0,0,0,0,0,0,0,0,0,0,0,0,0,0,0,0,0,0,0,0,1257,0,0,0
1743619787.001753,600960,21068470,0,nscratch,nscratch-ffff9808a03be000,0,0,774434370749,15605839116,0,0,23020,0,0,0,0,0,0,0,0,0,0,0,0,0,0,0,0,0,0,0,0,0,0,0,0,179,0,0,0
1743619787.001853,600960,21068470,0,pscratch,pscratch-ffff9808886c4000,0,0,298417305668,668688030543,0,0,11468,0,0,0,0,0,0,0,0,0,0,0,0,0,0,0,0,0,0,0,0,0,0,0,0,1257,0,0,0
1743619788.002281,600960,21068470,0,nscratch,nscratch-ffff9808a03be000,0,0,774434370749,15605839116,0,0,23020,0,0,0,0,0,0,0,0,0,0,0,0,0,0,0,0,0,0,0,0,0,0,0,0,179,0,0,0
1743619788.002384,600960,21068470,0,pscratch,pscratch-ffff9808886c4000,0,0,298417305668,668688030543,0,0,11468,0,0,0,0,0,0,0,0,0,0,0,0,0,0,0,0,0,0,0,0,0,0,0,0,1257,0,0,0
1743619789.001596,600960,21068470,0,nscratch,nscratch-ffff9808a03be000,0,0,774434370749,15605839116,0,0,23020,0,0,0,0,0,0,0,0,0,0,0,0,0,0,0,0,0,0,0,0,0,0,0,0,179,0,0,0
1743619789.001700,600960,21068470,0,pscratch,pscratch-ffff9808886c4000,0,0,298417305668,668688030543,0,0,11468,0,0,0,0,0,0,0,0,0,0,0,0,0,0,0,0,0,0,0,0,0,0,0,0,1257,0,0,0
1743619790.001356,600960,21068470,0,nscratch,nscratch-ffff9808a03be000,0,0,774434370749,15605839116,0,0,23020,0,0,0,0,0,0,0,0,0,0,0,0,0,0,0,0,0,0,0,0,0,0,0,0,179,0,0,0
1743619790.001471,600960,21068470,0,pscratch,pscratch-ffff9808886c4000,0,0,298417305668,668688030543,0,0,11468,0,0,0,0,0,0,0,0,0,0,0,0,0,0,0,0,0,0,0,0,0,0,0,0,1257,0,0,0
1743619791.001791,600960,21068470,0,nscratch,nscratch-ffff9808a03be000,0,0,774434370749,15605839116,0,0,23020,0,0,0,0,0,0,0,0,0,0,0,0,0,0,0,0,0,0,0,0,0,0,0,0,179,0,0,0
1743619791.001864,600960,21068470,0,pscratch,pscratch-ffff9808886c4000,0,0,298417305668,668688030543,0,0,11468,0,0,0,0,0,0,0,0,0,0,0,0,0,0,0,0,0,0,0,0,0,0,0,0,1257,0,0,0
1743619792.002028,600960,21068470,0,nscratch,nscratch-ffff9808a03be000,0,0,774434370749,15605839116,0,0,23020,0,0,0,0,0,0,0,0,0,0,0,0,0,0,0,0,0,0,0,0,0,0,0,0,179,0,0,0
1743619792.002111,600960,21068470,0,pscratch,pscratch-ffff9808886c4000,0,0,298417305668,668688030543,0,0,11468,0,0,0,0,0,0,0,0,0,0,0,0,0,0,0,0,0,0,0,0,0,0,0,0,1257,0,0,0
1743619793.001445,600960,21068470,0,nscratch,nscratch-ffff9808a03be000,0,0,774434370749,15605839116,0,0,23020,0,0,0,0,0,0,0,0,0,0,0,0,0,0,0,0,0,0,0,0,0,0,0,0,179,0,0,0
1743619793.001512,600960,21068470,0,pscratch,pscratch-ffff9808886c4000,0,0,298417305668,668688030543,0,0,11468,0,0,0,0,0,0,0,0,0,0,0,0,0,0,0,0,0,0,0,0,0,0,0,0,1257,0,0,0
1743619794.001792,600960,21068470,0,nscratch,nscratch-ffff9808a03be000,0,0,774434370749,15605839116,0,0,23020,0,0,0,0,0,0,0,0,0,0,0,0,0,0,0,0,0,0,0,0,0,0,0,0,179,0,0,0
1743619794.001860,600960,21068470,0,pscratch,pscratch-ffff9808886c4000,0,0,298417305668,668688030543,0,0,11468,0,0,0,0,0,0,0,0,0,0,0,0,0,0,0,0,0,0,0,0,0,0,0,0,1257,0,0,0
1743619795.001114,600960,21068470,0,nscratch,nscratch-ffff9808a03be000,0,0,774434370749,15605839116,0,0,23020,0,0,0,0,0,0,0,0,0,0,0,0,0,0,0,0,0,0,0,0,0,0,0,0,179,0,0,0
1743619795.001183,600960,21068470,0,pscratch,pscratch-ffff9808886c4000,0,0,298417305668,668688030543,0,0,11468,0,0,0,0,0,0,0,0,0,0,0,0,0,0,0,0,0,0,0,0,0,0,0,0,1257,0,0,0
1743619796.001623,600960,21068470,0,nscratch,nscratch-ffff9808a03be000,0,0,774434370749,15605839116,0,0,23020,0,0,0,0,0,0,0,0,0,0,0,0,0,0,0,0,0,0,0,0,0,0,0,0,179,0,0,0
1743619796.001693,600960,21068470,0,pscratch,pscratch-ffff9808886c4000,0,0,298417305668,668688030543,0,0,11468,0,0,0,0,0,0,0,0,0,0,0,0,0,0,0,0,0,0,0,0,0,0,0,0,1257,0,0,0
1743619797.002171,600960,21068470,0,nscratch,nscratch-ffff9808a03be000,0,0,774434370749,15605839116,0,0,23020,0,0,0,0,0,0,0,0,0,0,0,0,0,0,0,0,0,0,0,0,0,0,0,0,179,0,0,0
1743619797.002242,600960,21068470,0,pscratch,pscratch-ffff9808886c4000,0,0,298417305668,668688030543,0,0,11468,0,0,0,0,0,0,0,0,0,0,0,0,0,0,0,0,0,0,0,0,0,0,0,0,1257,0,0,0
1743619798.001414,600960,21068470,0,nscratch,nscratch-ffff9808a03be000,0,0,774434370749,15605839116,0,0,23020,0,0,0,0,0,0,0,0,0,0,0,0,0,0,0,0,0,0,0,0,0,0,0,0,179,0,0,0
1743619798.001483,600960,21068470,0,pscratch,pscratch-ffff9808886c4000,0,0,298417305668,668688030543,0,0,11468,0,0,0,0,0,0,0,0,0,0,0,0,0,0,0,0,0,0,0,0,0,0,0,0,1257,0,0,0
1743619799.001866,600960,21068470,0,nscratch,nscratch-ffff9808a03be000,0,0,774434370749,15605839116,0,0,23020,0,0,0,0,0,0,0,0,0,0,0,0,0,0,0,0,0,0,0,0,0,0,0,0,179,0,0,0
1743619799.001937,600960,21068470,0,pscratch,pscratch-ffff9808886c4000,0,0,298417305668,668688030543,0,0,11468,0,0,0,0,0,0,0,0,0,0,0,0,0,0,0,0,0,0,0,0,0,0,0,0,1257,0,0,0
1743619800.002267,600960,21068470,0,nscratch,nscratch-ffff9808a03be000,0,0,774434370749,15605839116,0,0,23020,0,0,0,0,0,0,0,0,0,0,0,0,0,0,0,0,0,0,0,0,0,0,0,0,179,0,0,0
1743619800.002357,600960,21068470,0,pscratch,pscratch-ffff9808886c4000,0,0,298417305668,668688030543,0,0,11468,0,0,0,0,0,0,0,0,0,0,0,0,0,0,0,0,0,0,0,0,0,0,0,0,1257,0,0,0
1743619801.001493,600960,21068470,0,nscratch,nscratch-ffff9808a03be000,0,0,774434370749,15605839116,0,0,23020,0,0,0,0,0,0,0,0,0,0,0,0,0,0,0,0,0,0,0,0,0,0,0,0,179,0,0,0
1743619801.001560,600960,21068470,0,pscratch,pscratch-ffff9808886c4000,0,0,298417305668,668688030543,0,0,11468,0,0,0,0,0,0,0,0,0,0,0,0,0,0,0,0,0,0,0,0,0,0,0,0,1257,0,0,0
1743619802.001963,600960,21068470,0,nscratch,nscratch-ffff9808a03be000,0,0,774434370749,15605839116,0,0,23020,0,0,0,0,0,0,0,0,0,0,0,0,0,0,0,0,0,0,0,0,0,0,0,0,179,0,0,0
1743619802.002036,600960,21068470,0,pscratch,pscratch-ffff9808886c4000,0,0,298417305668,668688030543,0,0,11468,0,0,0,0,0,0,0,0,0,0,0,0,0,0,0,0,0,0,0,0,0,0,0,0,1257,0,0,0
1743619803.001315,600960,21068470,0,nscratch,nscratch-ffff9808a03be000,0,0,774434370749,15605839116,0,0,23020,0,0,0,0,0,0,0,0,0,0,0,0,0,0,0,0,0,0,0,0,0,0,0,0,179,0,0,0
1743619803.001384,600960,21068470,0,pscratch,pscratch-ffff9808886c4000,0,0,298417305668,668688030543,0,0,11468,0,0,0,0,0,0,0,0,0,0,0,0,0,0,0,0,0,0,0,0,0,0,0,0,1257,0,0,0
1743619804.001542,600960,21068470,0,nscratch,nscratch-ffff9808a03be000,0,0,774434370749,15605839116,0,0,23020,0,0,0,0,0,0,0,0,0,0,0,0,0,0,0,0,0,0,0,0,0,0,0,0,179,0,0,0
1743619804.001615,600960,21068470,0,pscratch,pscratch-ffff9808886c4000,0,0,298417305668,668688030543,0,0,11468,0,0,0,0,0,0,0,0,0,0,0,0,0,0,0,0,0,0,0,0,0,0,0,0,1257,0,0,0
1743619805.002034,600960,21068470,0,nscratch,nscratch-ffff9808a03be000,0,0,774434370749,15605839116,0,0,23020,0,0,0,0,0,0,0,0,0,0,0,0,0,0,0,0,0,0,0,0,0,0,0,0,179,0,0,0
1743619805.002110,600960,21068470,0,pscratch,pscratch-ffff9808886c4000,0,0,298417305668,668688030543,0,0,11468,0,0,0,0,0,0,0,0,0,0,0,0,0,0,0,0,0,0,0,0,0,0,0,0,1257,0,0,0
1743619806.001625,600960,21068470,0,nscratch,nscratch-ffff9808a03be000,0,0,774434370749,15605839116,0,0,23020,0,0,0,0,0,0,0,0,0,0,0,0,0,0,0,0,0,0,0,0,0,0,0,0,179,0,0,0
1743619806.001702,600960,21068470,0,pscratch,pscratch-ffff9808886c4000,0,0,298417305668,668688030543,0,0,11468,0,0,0,0,0,0,0,0,0,0,0,0,0,0,0,0,0,0,0,0,0,0,0,0,1257,0,0,0
1743619807.001844,600960,21068470,0,nscratch,nscratch-ffff9808a03be000,0,0,774434370749,15605839116,0,0,23020,0,0,0,0,0,0,0,0,0,0,0,0,0,0,0,0,0,0,0,0,0,0,0,0,179,0,0,0
1743619807.001917,600960,21068470,0,pscratch,pscratch-ffff9808886c4000,0,0,298417305668,668688030543,0,0,11468,0,0,0,0,0,0,0,0,0,0,0,0,0,0,0,0,0,0,0,0,0,0,0,0,1257,0,0,0
1743619808.001509,600960,21068470,0,nscratch,nscratch-ffff9808a03be000,0,0,774434370749,15605839116,0,0,23020,0,0,0,0,0,0,0,0,0,0,0,0,0,0,0,0,0,0,0,0,0,0,0,0,179,0,0,0
1743619808.001572,600960,21068470,0,pscratch,pscratch-ffff9808886c4000,0,0,298417305668,668688030543,0,0,11468,0,0,0,0,0,0,0,0,0,0,0,0,0,0,0,0,0,0,0,0,0,0,0,0,1257,0,0,0
1743619809.001850,600960,21068470,0,nscratch,nscratch-ffff9808a03be000,0,0,774434370749,15605839116,0,0,23020,0,0,0,0,0,0,0,0,0,0,0,0,0,0,0,0,0,0,0,0,0,0,0,0,179,0,0,0
1743619809.001912,600960,21068470,0,pscratch,pscratch-ffff9808886c4000,0,0,298417305668,668688030543,0,0,11468,0,0,0,0,0,0,0,0,0,0,0,0,0,0,0,0,0,0,0,0,0,0,0,0,1257,0,0,0
1743619810.002101,600960,21068470,0,nscratch,nscratch-ffff9808a03be000,0,0,774434370749,15605839116,0,0,23020,0,0,0,0,0,0,0,0,0,0,0,0,0,0,0,0,0,0,0,0,0,0,0,0,179,0,0,0
1743619810.002178,600960,21068470,0,pscratch,pscratch-ffff9808886c4000,0,0,298417305668,668688030543,0,0,11468,0,0,0,0,0,0,0,0,0,0,0,0,0,0,0,0,0,0,0,0,0,0,0,0,1257,0,0,0
1743619811.001589,600960,21068470,0,nscratch,nscratch-ffff9808a03be000,0,0,774434370749,15605839116,0,0,23020,0,0,0,0,0,0,0,0,0,0,0,0,0,0,0,0,0,0,0,0,0,0,0,0,179,0,0,0
1743619811.001656,600960,21068470,0,pscratch,pscratch-ffff9808886c4000,0,0,298417305668,668688030543,0,0,11468,0,0,0,0,0,0,0,0,0,0,0,0,0,0,0,0,0,0,0,0,0,0,0,0,1257,0,0,0
1743619812.001913,600960,21068470,0,nscratch,nscratch-ffff9808a03be000,0,0,774434370749,15605839116,0,0,23020,0,0,0,0,0,0,0,0,0,0,0,0,0,0,0,0,0,0,0,0,0,0,0,0,179,0,0,0
1743619812.001997,600960,21068470,0,pscratch,pscratch-ffff9808886c4000,0,0,298417305668,668688030543,0,0,11468,0,0,0,0,0,0,0,0,0,0,0,0,0,0,0,0,0,0,0,0,0,0,0,0,1257,0,0,0
1743619813.001173,600960,21068470,0,nscratch,nscratch-ffff9808a03be000,0,0,774434370749,15605839116,0,0,23020,0,0,0,0,0,0,0,0,0,0,0,0,0,0,0,0,0,0,0,0,0,0,0,0,179,0,0,0
1743619813.001246,600960,21068470,0,pscratch,pscratch-ffff9808886c4000,0,0,298417305668,668688030543,0,0,11468,0,0,0,0,0,0,0,0,0,0,0,0,0,0,0,0,0,0,0,0,0,0,0,0,1257,0,0,0
1743619814.001685,600960,21068470,0,nscratch,nscratch-ffff9808a03be000,0,0,774434370749,15605839116,0,0,23020,0,0,0,0,0,0,0,0,0,0,0,0,0,0,0,0,0,0,0,0,0,0,0,0,179,0,0,0
1743619814.001756,600960,21068470,0,pscratch,pscratch-ffff9808886c4000,0,0,298417305668,668688030543,0,0,11468,0,0,0,0,0,0,0,0,0,0,0,0,0,0,0,0,0,0,0,0,0,0,0,0,1257,0,0,0
1743619815.001284,600960,21068470,0,nscratch,nscratch-ffff9808a03be000,0,0,774434370749,15605839116,0,0,23020,0,0,0,0,0,0,0,0,0,0,0,0,0,0,0,0,0,0,0,0,0,0,0,0,179,0,0,0
1743619815.001348,600960,21068470,0,pscratch,pscratch-ffff9808886c4000,0,0,298417305668,668688030543,0,0,11468,0,0,0,0,0,0,0,0,0,0,0,0,0,0,0,0,0,0,0,0,0,0,0,0,1257,0,0,0
1743619816.001498,600960,21068470,0,nscratch,nscratch-ffff9808a03be000,0,0,774434370749,15605839116,0,0,23020,0,0,0,0,0,0,0,0,0,0,0,0,0,0,0,0,0,0,0,0,0,0,0,0,179,0,0,0
1743619816.001572,600960,21068470,0,pscratch,pscratch-ffff9808886c4000,0,0,298417305668,668688030543,0,0,11468,0,0,0,0,0,0,0,0,0,0,0,0,0,0,0,0,0,0,0,0,0,0,0,0,1257,0,0,0
1743619817.001157,600960,21068470,0,nscratch,nscratch-ffff9808a03be000,0,0,774434370749,15605839116,0,0,23020,0,0,0,0,0,0,0,0,0,0,0,0,0,0,0,0,0,0,0,0,0,0,0,0,179,0,0,0
1743619817.001230,600960,21068470,0,pscratch,pscratch-ffff9808886c4000,0,0,298417305668,668688030543,0,0,11468,0,0,0,0,0,0,0,0,0,0,0,0,0,0,0,0,0,0,0,0,0,0,0,0,1257,0,0,0
1743619818.001539,600960,21068470,0,nscratch,nscratch-ffff9808a03be000,0,0,774434370749,15605839116,0,0,23020,0,0,0,0,0,0,0,0,0,0,0,0,0,0,0,0,0,0,0,0,0,0,0,0,179,0,0,0
1743619818.001607,600960,21068470,0,pscratch,pscratch-ffff9808886c4000,0,0,298417305668,668688030543,0,0,11468,0,0,0,0,0,0,0,0,0,0,0,0,0,0,0,0,0,0,0,0,0,0,0,0,1257,0,0,0
1743619819.001750,600960,21068470,0,nscratch,nscratch-ffff9808a03be000,0,0,774434370749,15605839116,0,0,23020,0,0,0,0,0,0,0,0,0,0,0,0,0,0,0,0,0,0,0,0,0,0,0,0,179,0,0,0
1743619819.001822,600960,21068470,0,pscratch,pscratch-ffff9808886c4000,0,0,298417305668,668688030543,0,0,11468,0,0,0,0,0,0,0,0,0,0,0,0,0,0,0,0,0,0,0,0,0,0,0,0,1257,0,0,0
1743619820.002224,600960,21068470,0,nscratch,nscratch-ffff9808a03be000,0,0,774434370749,15605839116,0,0,23020,0,0,0,0,0,0,0,0,0,0,0,0,0,0,0,0,0,0,0,0,0,0,0,0,179,0,0,0
1743619820.002326,600960,21068470,0,pscratch,pscratch-ffff9808886c4000,0,0,298417305668,668688030543,0,0,11468,0,0,0,0,0,0,0,0,0,0,0,0,0,0,0,0,0,0,0,0,0,0,0,0,1257,0,0,0
1743619821.001639,600960,21068470,0,nscratch,nscratch-ffff9808a03be000,0,0,774434370749,15605839116,0,0,23020,0,0,0,0,0,0,0,0,0,0,0,0,0,0,0,0,0,0,0,0,0,0,0,0,179,0,0,0
1743619821.001711,600960,21068470,0,pscratch,pscratch-ffff9808886c4000,0,0,298417305668,668688030543,0,0,11468,0,0,0,0,0,0,0,0,0,0,0,0,0,0,0,0,0,0,0,0,0,0,0,0,1257,0,0,0
1743619822.001868,600960,21068470,0,nscratch,nscratch-ffff9808a03be000,0,0,774434370749,15605839116,0,0,23020,0,0,0,0,0,0,0,0,0,0,0,0,0,0,0,0,0,0,0,0,0,0,0,0,179,0,0,0
1743619822.001940,600960,21068470,0,pscratch,pscratch-ffff9808886c4000,0,0,298417305668,668688030543,0,0,11468,0,0,0,0,0,0,0,0,0,0,0,0,0,0,0,0,0,0,0,0,0,0,0,0,1257,0,0,0
1743619823.001322,600960,21068470,0,nscratch,nscratch-ffff9808a03be000,0,0,774434370749,15605839116,0,0,23020,0,0,0,0,0,0,0,0,0,0,0,0,0,0,0,0,0,0,0,0,0,0,0,0,179,0,0,0
1743619823.001391,600960,21068470,0,pscratch,pscratch-ffff9808886c4000,0,0,298417305668,668688030543,0,0,11468,0,0,0,0,0,0,0,0,0,0,0,0,0,0,0,0,0,0,0,0,0,0,0,0,1257,0,0,0
1743619824.001642,600960,21068470,0,nscratch,nscratch-ffff9808a03be000,0,0,774434370749,15605839116,0,0,23020,0,0,0,0,0,0,0,0,0,0,0,0,0,0,0,0,0,0,0,0,0,0,0,0,179,0,0,0
1743619824.001721,600960,21068470,0,pscratch,pscratch-ffff9808886c4000,0,0,298417305668,668688030543,0,0,11468,0,0,0,0,0,0,0,0,0,0,0,0,0,0,0,0,0,0,0,0,0,0,0,0,1257,0,0,0
1743619825.001881,600960,21068470,0,nscratch,nscratch-ffff9808a03be000,0,0,774434370749,15605839116,0,0,23020,0,0,0,0,0,0,0,0,0,0,0,0,0,0,0,0,0,0,0,0,0,0,0,0,179,0,0,0
1743619825.001977,600960,21068470,0,pscratch,pscratch-ffff9808886c4000,0,0,298417305668,668688030543,0,0,11468,0,0,0,0,0,0,0,0,0,0,0,0,0,0,0,0,0,0,0,0,0,0,0,0,1257,0,0,0
1743619826.001380,600960,21068470,0,nscratch,nscratch-ffff9808a03be000,0,0,774434370749,15605839116,0,0,23020,0,0,0,0,0,0,0,0,0,0,0,0,0,0,0,0,0,0,0,0,0,0,0,0,179,0,0,0
1743619826.001452,600960,21068470,0,pscratch,pscratch-ffff9808886c4000,0,0,298417305668,668688030543,0,0,11468,0,0,0,0,0,0,0,0,0,0,0,0,0,0,0,0,0,0,0,0,0,0,0,0,1257,0,0,0
1743619827.001719,600960,21068470,0,nscratch,nscratch-ffff9808a03be000,0,0,774434370749,15605839116,0,0,23020,0,0,0,0,0,0,0,0,0,0,0,0,0,0,0,0,0,0,0,0,0,0,0,0,179,0,0,0
1743619827.001786,600960,21068470,0,pscratch,pscratch-ffff9808886c4000,0,0,298417305668,668688030543,0,0,11468,0,0,0,0,0,0,0,0,0,0,0,0,0,0,0,0,0,0,0,0,0,0,0,0,1257,0,0,0
1743619828.002049,600960,21068470,0,nscratch,nscratch-ffff9808a03be000,0,0,774434370749,15605839116,0,0,23020,0,0,0,0,0,0,0,0,0,0,0,0,0,0,0,0,0,0,0,0,0,0,0,0,179,0,0,0
1743619828.002158,600960,21068470,0,pscratch,pscratch-ffff9808886c4000,0,0,298417305668,668688030543,0,0,11468,0,0,0,0,0,0,0,0,0,0,0,0,0,0,0,0,0,0,0,0,0,0,0,0,1257,0,0,0
1743619829.001504,600960,21068470,0,nscratch,nscratch-ffff9808a03be000,0,0,774434370749,15605839116,0,0,23020,0,0,0,0,0,0,0,0,0,0,0,0,0,0,0,0,0,0,0,0,0,0,0,0,179,0,0,0
1743619829.001573,600960,21068470,0,pscratch,pscratch-ffff9808886c4000,0,0,298417305668,668688030543,0,0,11468,0,0,0,0,0,0,0,0,0,0,0,0,0,0,0,0,0,0,0,0,0,0,0,0,1257,0,0,0
1743619830.001863,600960,21068470,0,nscratch,nscratch-ffff9808a03be000,0,0,774434370749,15605839116,0,0,23020,0,0,0,0,0,0,0,0,0,0,0,0,0,0,0,0,0,0,0,0,0,0,0,0,179,0,0,0
1743619830.001937,600960,21068470,0,pscratch,pscratch-ffff9808886c4000,0,0,298417305668,668688030543,0,0,11468,0,0,0,0,0,0,0,0,0,0,0,0,0,0,0,0,0,0,0,0,0,0,0,0,1257,0,0,0
1743619831.002076,600960,21068470,0,nscratch,nscratch-ffff9808a03be000,0,0,774434370749,15605839116,0,0,23020,0,0,0,0,0,0,0,0,0,0,0,0,0,0,0,0,0,0,0,0,0,0,0,0,179,0,0,0
1743619831.002149,600960,21068470,0,pscratch,pscratch-ffff9808886c4000,0,0,298417305668,668688030543,0,0,11468,0,0,0,0,0,0,0,0,0,0,0,0,0,0,0,0,0,0,0,0,0,0,0,0,1257,0,0,0
1743619832.001509,600960,21068470,0,nscratch,nscratch-ffff9808a03be000,0,0,774434370749,15605839116,0,0,23020,0,0,0,0,0,0,0,0,0,0,0,0,0,0,0,0,0,0,0,0,0,0,0,0,179,0,0,0
1743619832.001580,600960,21068470,0,pscratch,pscratch-ffff9808886c4000,0,0,298417305668,668688030543,0,0,11468,0,0,0,0,0,0,0,0,0,0,0,0,0,0,0,0,0,0,0,0,0,0,0,0,1257,0,0,0
1743619833.001863,600960,21068470,0,nscratch,nscratch-ffff9808a03be000,0,0,774434370749,15605839116,0,0,23020,0,0,0,0,0,0,0,0,0,0,0,0,0,0,0,0,0,0,0,0,0,0,0,0,179,0,0,0
1743619833.001934,600960,21068470,0,pscratch,pscratch-ffff9808886c4000,0,0,298417305668,668688030543,0,0,11468,0,0,0,0,0,0,0,0,0,0,0,0,0,0,0,0,0,0,0,0,0,0,0,0,1257,0,0,0
1743619834.002086,600960,21068470,0,nscratch,nscratch-ffff9808a03be000,0,0,774434370749,15605839116,0,0,23020,0,0,0,0,0,0,0,0,0,0,0,0,0,0,0,0,0,0,0,0,0,0,0,0,179,0,0,0
1743619834.002151,600960,21068470,0,pscratch,pscratch-ffff9808886c4000,0,0,298417305668,668688030543,0,0,11468,0,0,0,0,0,0,0,0,0,0,0,0,0,0,0,0,0,0,0,0,0,0,0,0,1257,0,0,0
1743619835.001779,600960,21068470,0,nscratch,nscratch-ffff9808a03be000,0,0,774434370749,15605839116,0,0,23020,0,0,0,0,0,0,0,0,0,0,0,0,0,0,0,0,0,0,0,0,0,0,0,0,179,0,0,0
1743619835.001855,600960,21068470,0,pscratch,pscratch-ffff9808886c4000,0,0,298417305668,668688030543,0,0,11468,0,0,0,0,0,0,0,0,0,0,0,0,0,0,0,0,0,0,0,0,0,0,0,0,1257,0,0,0
1743619836.002159,600960,21068470,0,nscratch,nscratch-ffff9808a03be000,0,0,774434370749,15605839116,0,0,23020,0,0,0,0,0,0,0,0,0,0,0,0,0,0,0,0,0,0,0,0,0,0,0,0,179,0,0,0
1743619836.002233,600960,21068470,0,pscratch,pscratch-ffff9808886c4000,0,0,298417305668,668688030543,0,0,11468,0,0,0,0,0,0,0,0,0,0,0,0,0,0,0,0,0,0,0,0,0,0,0,0,1257,0,0,0
1743619837.001376,600960,21068470,0,nscratch,nscratch-ffff9808a03be000,0,0,774434370749,15605839116,0,0,23020,0,0,0,0,0,0,0,0,0,0,0,0,0,0,0,0,0,0,0,0,0,0,0,0,179,0,0,0
1743619837.001464,600960,21068470,0,pscratch,pscratch-ffff9808886c4000,0,0,298417305668,668688030543,0,0,11468,0,0,0,0,0,0,0,0,0,0,0,0,0,0,0,0,0,0,0,0,0,0,0,0,1257,0,0,0
1743619838.001833,600960,21068470,0,nscratch,nscratch-ffff9808a03be000,0,0,774434370749,15605839116,0,0,23020,0,0,0,0,0,0,0,0,0,0,0,0,0,0,0,0,0,0,0,0,0,0,0,0,179,0,0,0
1743619838.001905,600960,21068470,0,pscratch,pscratch-ffff9808886c4000,0,0,298417305668,668688030543,0,0,11468,0,0,0,0,0,0,0,0,0,0,0,0,0,0,0,0,0,0,0,0,0,0,0,0,1257,0,0,0
1743619839.002190,600960,21068470,0,nscratch,nscratch-ffff9808a03be000,0,0,774434370749,15605839116,0,0,23020,0,0,0,0,0,0,0,0,0,0,0,0,0,0,0,0,0,0,0,0,0,0,0,0,179,0,0,0
1743619839.002261,600960,21068470,0,pscratch,pscratch-ffff9808886c4000,0,0,298417305668,668688030543,0,0,11468,0,0,0,0,0,0,0,0,0,0,0,0,0,0,0,0,0,0,0,0,0,0,0,0,1257,0,0,0
1743619840.001416,600960,21068470,0,nscratch,nscratch-ffff9808a03be000,0,0,774434370749,15605839116,0,0,23020,0,0,0,0,0,0,0,0,0,0,0,0,0,0,0,0,0,0,0,0,0,0,0,0,179,0,0,0
1743619840.001493,600960,21068470,0,pscratch,pscratch-ffff9808886c4000,0,0,298417305668,668688030543,0,0,11468,0,0,0,0,0,0,0,0,0,0,0,0,0,0,0,0,0,0,0,0,0,0,0,0,1257,0,0,0
1743619841.001970,600960,21068470,0,nscratch,nscratch-ffff9808a03be000,0,0,774434370749,15605839116,0,0,23020,0,0,0,0,0,0,0,0,0,0,0,0,0,0,0,0,0,0,0,0,0,0,0,0,179,0,0,0
1743619841.002032,600960,21068470,0,pscratch,pscratch-ffff9808886c4000,0,0,298417305668,668688030543,0,0,11468,0,0,0,0,0,0,0,0,0,0,0,0,0,0,0,0,0,0,0,0,0,0,0,0,1257,0,0,0
1743619842.001317,600960,21068470,0,nscratch,nscratch-ffff9808a03be000,0,0,774434370749,15605839116,0,0,23020,0,0,0,0,0,0,0,0,0,0,0,0,0,0,0,0,0,0,0,0,0,0,0,0,179,0,0,0
1743619842.001388,600960,21068470,0,pscratch,pscratch-ffff9808886c4000,0,0,298417305668,668688030543,0,0,11468,0,0,0,0,0,0,0,0,0,0,0,0,0,0,0,0,0,0,0,0,0,0,0,0,1257,0,0,0
1743619843.001522,600960,21068470,0,nscratch,nscratch-ffff9808a03be000,0,0,774434370749,15605839116,0,0,23020,0,0,0,0,0,0,0,0,0,0,0,0,0,0,0,0,0,0,0,0,0,0,0,0,179,0,0,0
1743619843.001592,600960,21068470,0,pscratch,pscratch-ffff9808886c4000,0,0,298417305668,668688030543,0,0,11468,0,0,0,0,0,0,0,0,0,0,0,0,0,0,0,0,0,0,0,0,0,0,0,0,1257,0,0,0
1743619844.001955,600960,21068470,0,nscratch,nscratch-ffff9808a03be000,0,0,774434370749,15605839116,0,0,23020,0,0,0,0,0,0,0,0,0,0,0,0,0,0,0,0,0,0,0,0,0,0,0,0,179,0,0,0
1743619844.002027,600960,21068470,0,pscratch,pscratch-ffff9808886c4000,0,0,298417305668,668688030543,0,0,11468,0,0,0,0,0,0,0,0,0,0,0,0,0,0,0,0,0,0,0,0,0,0,0,0,1257,0,0,0
1743619845.001291,600960,21068470,0,nscratch,nscratch-ffff9808a03be000,0,0,774434370749,15605839116,0,0,23020,0,0,0,0,0,0,0,0,0,0,0,0,0,0,0,0,0,0,0,0,0,0,0,0,179,0,0,0
1743619845.001361,600960,21068470,0,pscratch,pscratch-ffff9808886c4000,0,0,298417305668,668688030543,0,0,11468,0,0,0,0,0,0,0,0,0,0,0,0,0,0,0,0,0,0,0,0,0,0,0,0,1257,0,0,0
1743619846.001499,600960,21068470,0,nscratch,nscratch-ffff9808a03be000,0,0,774434370749,15605839116,0,0,23020,0,0,0,0,0,0,0,0,0,0,0,0,0,0,0,0,0,0,0,0,0,0,0,0,179,0,0,0
1743619846.001571,600960,21068470,0,pscratch,pscratch-ffff9808886c4000,0,0,298417305668,668688030543,0,0,11468,0,0,0,0,0,0,0,0,0,0,0,0,0,0,0,0,0,0,0,0,0,0,0,0,1257,0,0,0
1743619847.002065,600960,21068470,0,nscratch,nscratch-ffff9808a03be000,0,0,774434370749,15605839116,0,0,23020,0,0,0,0,0,0,0,0,0,0,0,0,0,0,0,0,0,0,0,0,0,0,0,0,179,0,0,0
1743619847.002141,600960,21068470,0,pscratch,pscratch-ffff9808886c4000,0,0,298417305668,668688030543,0,0,11468,0,0,0,0,0,0,0,0,0,0,0,0,0,0,0,0,0,0,0,0,0,0,0,0,1257,0,0,0
1743619848.001421,600960,21068470,0,nscratch,nscratch-ffff9808a03be000,0,0,774434370749,15605839116,0,0,23020,0,0,0,0,0,0,0,0,0,0,0,0,0,0,0,0,0,0,0,0,0,0,0,0,179,0,0,0
1743619848.001490,600960,21068470,0,pscratch,pscratch-ffff9808886c4000,0,0,298417305668,668688030543,0,0,11468,0,0,0,0,0,0,0,0,0,0,0,0,0,0,0,0,0,0,0,0,0,0,0,0,1257,0,0,0
1743619849.001641,600960,21068470,0,nscratch,nscratch-ffff9808a03be000,0,0,774434370749,15605839116,0,0,23020,0,0,0,0,0,0,0,0,0,0,0,0,0,0,0,0,0,0,0,0,0,0,0,0,179,0,0,0
1743619849.001713,600960,21068470,0,pscratch,pscratch-ffff9808886c4000,0,0,298417305668,668688030543,0,0,11468,0,0,0,0,0,0,0,0,0,0,0,0,0,0,0,0,0,0,0,0,0,0,0,0,1257,0,0,0
1743619850.002105,600960,21068470,0,nscratch,nscratch-ffff9808a03be000,0,0,774434370749,15605839116,0,0,23020,0,0,0,0,0,0,0,0,0,0,0,0,0,0,0,0,0,0,0,0,0,0,0,0,179,0,0,0
1743619850.002179,600960,21068470,0,pscratch,pscratch-ffff9808886c4000,0,0,298417305668,668688030543,0,0,11468,0,0,0,0,0,0,0,0,0,0,0,0,0,0,0,0,0,0,0,0,0,0,0,0,1257,0,0,0
1743619851.001619,600960,21068470,0,nscratch,nscratch-ffff9808a03be000,0,0,774434370749,15605839116,0,0,23020,0,0,0,0,0,0,0,0,0,0,0,0,0,0,0,0,0,0,0,0,0,0,0,0,179,0,0,0
1743619851.001688,600960,21068470,0,pscratch,pscratch-ffff9808886c4000,0,0,298417305668,668688030543,0,0,11468,0,0,0,0,0,0,0,0,0,0,0,0,0,0,0,0,0,0,0,0,0,0,0,0,1257,0,0,0
1743619852.001832,600960,21068470,0,nscratch,nscratch-ffff9808a03be000,0,0,774434370749,15605839116,0,0,23020,0,0,0,0,0,0,0,0,0,0,0,0,0,0,0,0,0,0,0,0,0,0,0,0,179,0,0,0
1743619852.001903,600960,21068470,0,pscratch,pscratch-ffff9808886c4000,0,0,298417305668,668688030543,0,0,11468,0,0,0,0,0,0,0,0,0,0,0,0,0,0,0,0,0,0,0,0,0,0,0,0,1257,0,0,0
1743619853.001328,600960,21068470,0,nscratch,nscratch-ffff9808a03be000,0,0,774434370749,15605839116,0,0,23020,0,0,0,0,0,0,0,0,0,0,0,0,0,0,0,0,0,0,0,0,0,0,0,0,179,0,0,0
1743619853.001397,600960,21068470,0,pscratch,pscratch-ffff9808886c4000,0,0,298417305668,668688030543,0,0,11468,0,0,0,0,0,0,0,0,0,0,0,0,0,0,0,0,0,0,0,0,0,0,0,0,1257,0,0,0
1743619854.001678,600960,21068470,0,nscratch,nscratch-ffff9808a03be000,0,0,774434370749,15605839116,0,0,23020,0,0,0,0,0,0,0,0,0,0,0,0,0,0,0,0,0,0,0,0,0,0,0,0,179,0,0,0
1743619854.001747,600960,21068470,0,pscratch,pscratch-ffff9808886c4000,0,0,298417305668,668688030543,0,0,11468,0,0,0,0,0,0,0,0,0,0,0,0,0,0,0,0,0,0,0,0,0,0,0,0,1257,0,0,0
1743619855.001920,600960,21068470,0,nscratch,nscratch-ffff9808a03be000,0,0,774434370749,15605839116,0,0,23020,0,0,0,0,0,0,0,0,0,0,0,0,0,0,0,0,0,0,0,0,0,0,0,0,179,0,0,0
1743619855.002018,600960,21068470,0,pscratch,pscratch-ffff9808886c4000,0,0,298417305668,668688030543,0,0,11468,0,0,0,0,0,0,0,0,0,0,0,0,0,0,0,0,0,0,0,0,0,0,0,0,1257,0,0,0
1743619856.001386,600960,21068470,0,nscratch,nscratch-ffff9808a03be000,0,0,774434370749,15605839116,0,0,23020,0,0,0,0,0,0,0,0,0,0,0,0,0,0,0,0,0,0,0,0,0,0,0,0,179,0,0,0
1743619856.001453,600960,21068470,0,pscratch,pscratch-ffff9808886c4000,0,0,298417305668,668688030543,0,0,11468,0,0,0,0,0,0,0,0,0,0,0,0,0,0,0,0,0,0,0,0,0,0,0,0,1257,0,0,0
1743619857.001716,600960,21068470,0,nscratch,nscratch-ffff9808a03be000,0,0,774434370749,15605839116,0,0,23020,0,0,0,0,0,0,0,0,0,0,0,0,0,0,0,0,0,0,0,0,0,0,0,0,179,0,0,0
1743619857.001784,600960,21068470,0,pscratch,pscratch-ffff9808886c4000,0,0,298417305668,668688030543,0,0,11468,0,0,0,0,0,0,0,0,0,0,0,0,0,0,0,0,0,0,0,0,0,0,0,0,1257,0,0,0
1743619858.001938,600960,21068470,0,nscratch,nscratch-ffff9808a03be000,0,0,774434370749,15605839116,0,0,23020,0,0,0,0,0,0,0,0,0,0,0,0,0,0,0,0,0,0,0,0,0,0,0,0,179,0,0,0
1743619858.002015,600960,21068470,0,pscratch,pscratch-ffff9808886c4000,0,0,298417305668,668688030543,0,0,11468,0,0,0,0,0,0,0,0,0,0,0,0,0,0,0,0,0,0,0,0,0,0,0,0,1257,0,0,0
1743619859.001358,600960,21068470,0,nscratch,nscratch-ffff9808a03be000,0,0,774434370749,15605839116,0,0,23020,0,0,0,0,0,0,0,0,0,0,0,0,0,0,0,0,0,0,0,0,0,0,0,0,179,0,0,0
1743619859.001424,600960,21068470,0,pscratch,pscratch-ffff9808886c4000,0,0,298417305668,668688030543,0,0,11468,0,0,0,0,0,0,0,0,0,0,0,0,0,0,0,0,0,0,0,0,0,0,0,0,1257,0,0,0
1743619860.001961,600960,21068470,0,nscratch,nscratch-ffff9808a03be000,0,0,774434370749,15605839116,0,0,23020,0,0,0,0,0,0,0,0,0,0,0,0,0,0,0,0,0,0,0,0,0,0,0,0,179,0,0,0
1743619860.002039,600960,21068470,0,pscratch,pscratch-ffff9808886c4000,0,0,298417305668,668688030543,0,0,11468,0,0,0,0,0,0,0,0,0,0,0,0,0,0,0,0,0,0,0,0,0,0,0,0,1257,0,0,0
1743619861.001209,600960,21068470,0,nscratch,nscratch-ffff9808a03be000,0,0,774434370749,15605839116,0,0,23020,0,0,0,0,0,0,0,0,0,0,0,0,0,0,0,0,0,0,0,0,0,0,0,0,179,0,0,0
1743619861.001281,600960,21068470,0,pscratch,pscratch-ffff9808886c4000,0,0,298417305668,668688030543,0,0,11468,0,0,0,0,0,0,0,0,0,0,0,0,0,0,0,0,0,0,0,0,0,0,0,0,1257,0,0,0
1743619862.001652,600960,21068470,0,nscratch,nscratch-ffff9808a03be000,0,0,774434370749,15605839116,0,0,23020,0,0,0,0,0,0,0,0,0,0,0,0,0,0,0,0,0,0,0,0,0,0,0,0,179,0,0,0
1743619862.001721,600960,21068470,0,pscratch,pscratch-ffff9808886c4000,0,0,298417305668,668688030543,0,0,11468,0,0,0,0,0,0,0,0,0,0,0,0,0,0,0,0,0,0,0,0,0,0,0,0,1257,0,0,0
1743619863.001978,600960,21068470,0,nscratch,nscratch-ffff9808a03be000,0,0,774434370749,15605839116,0,0,23020,0,0,0,0,0,0,0,0,0,0,0,0,0,0,0,0,0,0,0,0,0,0,0,0,179,0,0,0
1743619863.002057,600960,21068470,0,pscratch,pscratch-ffff9808886c4000,0,0,298417305668,668688030543,0,0,11468,0,0,0,0,0,0,0,0,0,0,0,0,0,0,0,0,0,0,0,0,0,0,0,0,1257,0,0,0
1743619864.001334,600960,21068470,0,nscratch,nscratch-ffff9808a03be000,0,0,774434370749,15605839116,0,0,23020,0,0,0,0,0,0,0,0,0,0,0,0,0,0,0,0,0,0,0,0,0,0,0,0,179,0,0,0
1743619864.001477,600960,21068470,0,pscratch,pscratch-ffff9808886c4000,0,0,298417305668,668688030543,0,0,11468,0,0,0,0,0,0,0,0,0,0,0,0,0,0,0,0,0,0,0,0,0,0,0,0,1257,0,0,0
1743619865.001152,600960,21068470,0,nscratch,nscratch-ffff9808a03be000,0,0,774434370749,15605839116,0,0,23020,0,0,0,0,0,0,0,0,0,0,0,0,0,0,0,0,0,0,0,0,0,0,0,0,179,0,0,0
1743619865.001219,600960,21068470,0,pscratch,pscratch-ffff9808886c4000,0,0,298417305668,668688030543,0,0,11468,0,0,0,0,0,0,0,0,0,0,0,0,0,0,0,0,0,0,0,0,0,0,0,0,1257,0,0,0
1743619866.001513,600960,21068470,0,nscratch,nscratch-ffff9808a03be000,0,0,774434370749,15605839116,0,0,23020,0,0,0,0,0,0,0,0,0,0,0,0,0,0,0,0,0,0,0,0,0,0,0,0,179,0,0,0
1743619866.001586,600960,21068470,0,pscratch,pscratch-ffff9808886c4000,0,0,298417305668,668688030543,0,0,11468,0,0,0,0,0,0,0,0,0,0,0,0,0,0,0,0,0,0,0,0,0,0,0,0,1257,0,0,0
1743619867.001724,600960,21068470,0,nscratch,nscratch-ffff9808a03be000,0,0,774434370749,15605839116,0,0,23020,0,0,0,0,0,0,0,0,0,0,0,0,0,0,0,0,0,0,0,0,0,0,0,0,179,0,0,0
1743619867.001794,600960,21068470,0,pscratch,pscratch-ffff9808886c4000,0,0,298417305668,668688030543,0,0,11468,0,0,0,0,0,0,0,0,0,0,0,0,0,0,0,0,0,0,0,0,0,0,0,0,1257,0,0,0
1743619868.002166,600960,21068470,0,nscratch,nscratch-ffff9808a03be000,0,0,774434370749,15605839116,0,0,23020,0,0,0,0,0,0,0,0,0,0,0,0,0,0,0,0,0,0,0,0,0,0,0,0,179,0,0,0
1743619868.002238,600960,21068470,0,pscratch,pscratch-ffff9808886c4000,0,0,298417305668,668688030543,0,0,11468,0,0,0,0,0,0,0,0,0,0,0,0,0,0,0,0,0,0,0,0,0,0,0,0,1257,0,0,0
1743619869.001506,600960,21068470,0,nscratch,nscratch-ffff9808a03be000,0,0,774434370749,15605839116,0,0,23020,0,0,0,0,0,0,0,0,0,0,0,0,0,0,0,0,0,0,0,0,0,0,0,0,179,0,0,0
1743619869.001590,600960,21068470,0,pscratch,pscratch-ffff9808886c4000,0,0,298417305668,668688030543,0,0,11468,0,0,0,0,0,0,0,0,0,0,0,0,0,0,0,0,0,0,0,0,0,0,0,0,1257,0,0,0
1743619870.001720,600960,21068470,0,nscratch,nscratch-ffff9808a03be000,0,0,774434370749,15605839116,0,0,23020,0,0,0,0,0,0,0,0,0,0,0,0,0,0,0,0,0,0,0,0,0,0,0,0,179,0,0,0
1743619870.001787,600960,21068470,0,pscratch,pscratch-ffff9808886c4000,0,0,298417305668,668688030543,0,0,11468,0,0,0,0,0,0,0,0,0,0,0,0,0,0,0,0,0,0,0,0,0,0,0,0,1257,0,0,0
1743619871.002194,600960,21068470,0,nscratch,nscratch-ffff9808a03be000,0,0,774434370749,15605839116,0,0,23020,0,0,0,0,0,0,0,0,0,0,0,0,0,0,0,0,0,0,0,0,0,0,0,0,179,0,0,0
1743619871.002265,600960,21068470,0,pscratch,pscratch-ffff9808886c4000,0,0,298417305668,668688030543,0,0,11468,0,0,0,0,0,0,0,0,0,0,0,0,0,0,0,0,0,0,0,0,0,0,0,0,1257,0,0,0
1743619872.001551,600960,21068470,0,nscratch,nscratch-ffff9808a03be000,0,0,774434370749,15605839116,0,0,23020,0,0,0,0,0,0,0,0,0,0,0,0,0,0,0,0,0,0,0,0,0,0,0,0,179,0,0,0
1743619872.001623,600960,21068470,0,pscratch,pscratch-ffff9808886c4000,0,0,298417305668,668688030543,0,0,11468,0,0,0,0,0,0,0,0,0,0,0,0,0,0,0,0,0,0,0,0,0,0,0,0,1257,0,0,0
1743619873.001752,600960,21068470,0,nscratch,nscratch-ffff9808a03be000,0,0,774434370749,15605839116,0,0,23020,0,0,0,0,0,0,0,0,0,0,0,0,0,0,0,0,0,0,0,0,0,0,0,0,179,0,0,0
1743619873.001819,600960,21068470,0,pscratch,pscratch-ffff9808886c4000,0,0,298417305668,668688030543,0,0,11468,0,0,0,0,0,0,0,0,0,0,0,0,0,0,0,0,0,0,0,0,0,0,0,0,1257,0,0,0
1743619874.002191,600960,21068470,0,nscratch,nscratch-ffff9808a03be000,0,0,774434370749,15605839116,0,0,23020,0,0,0,0,0,0,0,0,0,0,0,0,0,0,0,0,0,0,0,0,0,0,0,0,179,0,0,0
1743619874.002259,600960,21068470,0,pscratch,pscratch-ffff9808886c4000,0,0,298417305668,668688030543,0,0,11468,0,0,0,0,0,0,0,0,0,0,0,0,0,0,0,0,0,0,0,0,0,0,0,0,1257,0,0,0
1743619875.001651,600960,21068470,0,nscratch,nscratch-ffff9808a03be000,0,0,774434370749,15605839116,0,0,23020,0,0,0,0,0,0,0,0,0,0,0,0,0,0,0,0,0,0,0,0,0,0,0,0,179,0,0,0
1743619875.001727,600960,21068470,0,pscratch,pscratch-ffff9808886c4000,0,0,298417305668,668688030543,0,0,11468,0,0,0,0,0,0,0,0,0,0,0,0,0,0,0,0,0,0,0,0,0,0,0,0,1257,0,0,0
1743619876.001860,600960,21068470,0,nscratch,nscratch-ffff9808a03be000,0,0,774434370749,15605839116,0,0,23020,0,0,0,0,0,0,0,0,0,0,0,0,0,0,0,0,0,0,0,0,0,0,0,0,179,0,0,0
1743619876.001960,600960,21068470,0,pscratch,pscratch-ffff9808886c4000,0,0,298417305668,668688030543,0,0,11468,0,0,0,0,0,0,0,0,0,0,0,0,0,0,0,0,0,0,0,0,0,0,0,0,1257,0,0,0
1743619877.001346,600960,21068470,0,nscratch,nscratch-ffff9808a03be000,0,0,774434370749,15605839116,0,0,23020,0,0,0,0,0,0,0,0,0,0,0,0,0,0,0,0,0,0,0,0,0,0,0,0,179,0,0,0
1743619877.001418,600960,21068470,0,pscratch,pscratch-ffff9808886c4000,0,0,298417305668,668688030543,0,0,11468,0,0,0,0,0,0,0,0,0,0,0,0,0,0,0,0,0,0,0,0,0,0,0,0,1257,0,0,0
1743619878.001694,600960,21068470,0,nscratch,nscratch-ffff9808a03be000,0,0,774434370749,15605839116,0,0,23020,0,0,0,0,0,0,0,0,0,0,0,0,0,0,0,0,0,0,0,0,0,0,0,0,179,0,0,0
1743619878.001762,600960,21068470,0,pscratch,pscratch-ffff9808886c4000,0,0,298417305668,668688030543,0,0,11468,0,0,0,0,0,0,0,0,0,0,0,0,0,0,0,0,0,0,0,0,0,0,0,0,1257,0,0,0
1743619879.001922,600960,21068470,0,nscratch,nscratch-ffff9808a03be000,0,0,774434370749,15605839116,0,0,23020,0,0,0,0,0,0,0,0,0,0,0,0,0,0,0,0,0,0,0,0,0,0,0,0,179,0,0,0
1743619879.002021,600960,21068470,0,pscratch,pscratch-ffff9808886c4000,0,0,298417305668,668688030543,0,0,11468,0,0,0,0,0,0,0,0,0,0,0,0,0,0,0,0,0,0,0,0,0,0,0,0,1257,0,0,0
1743619880.001469,600960,21068470,0,nscratch,nscratch-ffff9808a03be000,0,0,774434370749,15605839116,0,0,23020,0,0,0,0,0,0,0,0,0,0,0,0,0,0,0,0,0,0,0,0,0,0,0,0,179,0,0,0
1743619880.001562,600960,21068470,0,pscratch,pscratch-ffff9808886c4000,0,0,298417305668,668688030543,0,0,11468,0,0,0,0,0,0,0,0,0,0,0,0,0,0,0,0,0,0,0,0,0,0,0,0,1257,0,0,0
1743619881.001797,600960,21068470,0,nscratch,nscratch-ffff9808a03be000,0,0,774434370749,15605839116,0,0,23020,0,0,0,0,0,0,0,0,0,0,0,0,0,0,0,0,0,0,0,0,0,0,0,0,179,0,0,0
1743619881.001858,600960,21068470,0,pscratch,pscratch-ffff9808886c4000,0,0,298417305668,668688030543,0,0,11468,0,0,0,0,0,0,0,0,0,0,0,0,0,0,0,0,0,0,0,0,0,0,0,0,1257,0,0,0
1743619882.002025,600960,21068470,0,nscratch,nscratch-ffff9808a03be000,0,0,774434370749,15605839116,0,0,23020,0,0,0,0,0,0,0,0,0,0,0,0,0,0,0,0,0,0,0,0,0,0,0,0,179,0,0,0
1743619882.002101,600960,21068470,0,pscratch,pscratch-ffff9808886c4000,0,0,298417305668,668688030543,0,0,11468,0,0,0,0,0,0,0,0,0,0,0,0,0,0,0,0,0,0,0,0,0,0,0,0,1257,0,0,0
1743619883.001499,600960,21068470,0,nscratch,nscratch-ffff9808a03be000,0,0,774434370749,15605839116,0,0,23020,0,0,0,0,0,0,0,0,0,0,0,0,0,0,0,0,0,0,0,0,0,0,0,0,179,0,0,0
1743619883.001568,600960,21068470,0,pscratch,pscratch-ffff9808886c4000,0,0,298417305668,668688030543,0,0,11468,0,0,0,0,0,0,0,0,0,0,0,0,0,0,0,0,0,0,0,0,0,0,0,0,1257,0,0,0
1743619884.001880,600960,21068470,0,nscratch,nscratch-ffff9808a03be000,0,0,774434370749,15605839116,0,0,23020,0,0,0,0,0,0,0,0,0,0,0,0,0,0,0,0,0,0,0,0,0,0,0,0,179,0,0,0
1743619884.001982,600960,21068470,0,pscratch,pscratch-ffff9808886c4000,0,0,298417305668,668688030543,0,0,11468,0,0,0,0,0,0,0,0,0,0,0,0,0,0,0,0,0,0,0,0,0,0,0,0,1257,0,0,0
1743619885.002133,600960,21068470,0,nscratch,nscratch-ffff9808a03be000,0,0,774434370749,15605839116,0,0,23020,0,0,0,0,0,0,0,0,0,0,0,0,0,0,0,0,0,0,0,0,0,0,0,0,179,0,0,0
1743619885.002198,600960,21068470,0,pscratch,pscratch-ffff9808886c4000,0,0,298417305668,668688030543,0,0,11468,0,0,0,0,0,0,0,0,0,0,0,0,0,0,0,0,0,0,0,0,0,0,0,0,1257,0,0,0
1743619886.001539,600960,21068470,0,nscratch,nscratch-ffff9808a03be000,0,0,774434370749,15605839116,0,0,23020,0,0,0,0,0,0,0,0,0,0,0,0,0,0,0,0,0,0,0,0,0,0,0,0,179,0,0,0
1743619886.001606,600960,21068470,0,pscratch,pscratch-ffff9808886c4000,0,0,298417305668,668688030543,0,0,11468,0,0,0,0,0,0,0,0,0,0,0,0,0,0,0,0,0,0,0,0,0,0,0,0,1257,0,0,0
1743619887.001895,600960,21068470,0,nscratch,nscratch-ffff9808a03be000,0,0,774434370749,15605839116,0,0,23020,0,0,0,0,0,0,0,0,0,0,0,0,0,0,0,0,0,0,0,0,0,0,0,0,179,0,0,0
1743619887.001971,600960,21068470,0,pscratch,pscratch-ffff9808886c4000,0,0,298417305668,668688030543,0,0,11468,0,0,0,0,0,0,0,0,0,0,0,0,0,0,0,0,0,0,0,0,0,0,0,0,1257,0,0,0
1743619888.002130,600960,21068470,0,nscratch,nscratch-ffff9808a03be000,0,0,774434370749,15605839116,0,0,23020,0,0,0,0,0,0,0,0,0,0,0,0,0,0,0,0,0,0,0,0,0,0,0,0,179,0,0,0
1743619888.002201,600960,21068470,0,pscratch,pscratch-ffff9808886c4000,0,0,298417305668,668688030543,0,0,11468,0,0,0,0,0,0,0,0,0,0,0,0,0,0,0,0,0,0,0,0,0,0,0,0,1257,0,0,0
1743619889.001827,600960,21068470,0,nscratch,nscratch-ffff9808a03be000,0,0,774434370749,15605839116,0,0,23020,0,0,0,0,0,0,0,0,0,0,0,0,0,0,0,0,0,0,0,0,0,0,0,0,179,0,0,0
1743619889.001903,600960,21068470,0,pscratch,pscratch-ffff9808886c4000,0,0,298417305668,668688030543,0,0,11468,0,0,0,0,0,0,0,0,0,0,0,0,0,0,0,0,0,0,0,0,0,0,0,0,1257,0,0,0
1743619890.002194,600960,21068470,0,nscratch,nscratch-ffff9808a03be000,0,0,774434370749,15605839116,0,0,23020,0,0,0,0,0,0,0,0,0,0,0,0,0,0,0,0,0,0,0,0,0,0,0,0,179,0,0,0
1743619890.002268,600960,21068470,0,pscratch,pscratch-ffff9808886c4000,0,0,298417305668,668688030543,0,0,11468,0,0,0,0,0,0,0,0,0,0,0,0,0,0,0,0,0,0,0,0,0,0,0,0,1257,0,0,0
1743619891.001531,600960,21068470,0,nscratch,nscratch-ffff9808a03be000,0,0,774434370749,15605839116,0,0,23020,0,0,0,0,0,0,0,0,0,0,0,0,0,0,0,0,0,0,0,0,0,0,0,0,179,0,0,0
1743619891.001604,600960,21068470,0,pscratch,pscratch-ffff9808886c4000,0,0,298417305668,668688030543,0,0,11468,0,0,0,0,0,0,0,0,0,0,0,0,0,0,0,0,0,0,0,0,0,0,0,0,1257,0,0,0
1743619892.001179,600960,21068470,0,nscratch,nscratch-ffff9808a03be000,0,0,774434370749,15605839116,0,0,23020,0,0,0,0,0,0,0,0,0,0,0,0,0,0,0,0,0,0,0,0,0,0,0,0,179,0,0,0
1743619892.001268,600960,21068470,0,pscratch,pscratch-ffff9808886c4000,0,0,298417305668,668688030543,0,0,11468,0,0,0,0,0,0,0,0,0,0,0,0,0,0,0,0,0,0,0,0,0,0,0,0,1257,0,0,0
1743619893.001717,600960,21068470,0,nscratch,nscratch-ffff9808a03be000,0,0,774434370749,15605839116,0,0,23020,0,0,0,0,0,0,0,0,0,0,0,0,0,0,0,0,0,0,0,0,0,0,0,0,179,0,0,0
1743619893.001792,600960,21068470,0,pscratch,pscratch-ffff9808886c4000,0,0,298417305668,668688030543,0,0,11468,0,0,0,0,0,0,0,0,0,0,0,0,0,0,0,0,0,0,0,0,0,0,0,0,1257,0,0,0
1743619894.001980,600960,21068470,0,nscratch,nscratch-ffff9808a03be000,0,0,774434370749,15605839116,0,0,23020,0,0,0,0,0,0,0,0,0,0,0,0,0,0,0,0,0,0,0,0,0,0,0,0,179,0,0,0
1743619894.002057,600960,21068470,0,pscratch,pscratch-ffff9808886c4000,0,0,298417305668,668688030543,0,0,11468,0,0,0,0,0,0,0,0,0,0,0,0,0,0,0,0,0,0,0,0,0,0,0,0,1257,0,0,0
1743619895.001445,600960,21068470,0,nscratch,nscratch-ffff9808a03be000,0,0,774434370749,15605839116,0,0,23020,0,0,0,0,0,0,0,0,0,0,0,0,0,0,0,0,0,0,0,0,0,0,0,0,179,0,0,0
1743619895.001516,600960,21068470,0,pscratch,pscratch-ffff9808886c4000,0,0,298417305668,668688030543,0,0,11468,0,0,0,0,0,0,0,0,0,0,0,0,0,0,0,0,0,0,0,0,0,0,0,0,1257,0,0,0
1743619896.001826,600960,21068470,0,nscratch,nscratch-ffff9808a03be000,0,0,774434370749,15605839116,0,0,23020,0,0,0,0,0,0,0,0,0,0,0,0,0,0,0,0,0,0,0,0,0,0,0,0,179,0,0,0
1743619896.001897,600960,21068470,0,pscratch,pscratch-ffff9808886c4000,0,0,298417305668,668688030543,0,0,11468,0,0,0,0,0,0,0,0,0,0,0,0,0,0,0,0,0,0,0,0,0,0,0,0,1257,0,0,0
1743619897.002042,600960,21068470,0,nscratch,nscratch-ffff9808a03be000,0,0,774434370749,15605839116,0,0,23020,0,0,0,0,0,0,0,0,0,0,0,0,0,0,0,0,0,0,0,0,0,0,0,0,179,0,0,0
1743619897.002114,600960,21068470,0,pscratch,pscratch-ffff9808886c4000,0,0,298417305668,668688030543,0,0,11468,0,0,0,0,0,0,0,0,0,0,0,0,0,0,0,0,0,0,0,0,0,0,0,0,1257,0,0,0
1743619898.001463,600960,21068470,0,nscratch,nscratch-ffff9808a03be000,0,0,774434370749,15605839116,0,0,23020,0,0,0,0,0,0,0,0,0,0,0,0,0,0,0,0,0,0,0,0,0,0,0,0,179,0,0,0
1743619898.001532,600960,21068470,0,pscratch,pscratch-ffff9808886c4000,0,0,298417305668,668688030543,0,0,11468,0,0,0,0,0,0,0,0,0,0,0,0,0,0,0,0,0,0,0,0,0,0,0,0,1257,0,0,0
1743619899.001798,600960,21068470,0,nscratch,nscratch-ffff9808a03be000,0,0,774434370749,15605839116,0,0,23020,0,0,0,0,0,0,0,0,0,0,0,0,0,0,0,0,0,0,0,0,0,0,0,0,179,0,0,0
1743619899.001869,600960,21068470,0,pscratch,pscratch-ffff9808886c4000,0,0,298417305668,668688030543,0,0,11468,0,0,0,0,0,0,0,0,0,0,0,0,0,0,0,0,0,0,0,0,0,0,0,0,1257,0,0,0
1743619900.002016,600960,21068470,0,nscratch,nscratch-ffff9808a03be000,0,0,774434370749,15605839116,0,0,23020,0,0,0,0,0,0,0,0,0,0,0,0,0,0,0,0,0,0,0,0,0,0,0,0,179,0,0,0
1743619900.002088,600960,21068470,0,pscratch,pscratch-ffff9808886c4000,0,0,298417305668,668688030543,0,0,11468,0,0,0,0,0,0,0,0,0,0,0,0,0,0,0,0,0,0,0,0,0,0,0,0,1257,0,0,0
1743619901.001454,600960,21068470,0,nscratch,nscratch-ffff9808a03be000,0,0,774434370749,15605839116,0,0,23020,0,0,0,0,0,0,0,0,0,0,0,0,0,0,0,0,0,0,0,0,0,0,0,0,179,0,0,0
1743619901.001523,600960,21068470,0,pscratch,pscratch-ffff9808886c4000,0,0,298417305668,668688030543,0,0,11468,0,0,0,0,0,0,0,0,0,0,0,0,0,0,0,0,0,0,0,0,0,0,0,0,1257,0,0,0
1743619902.001769,600960,21068470,0,nscratch,nscratch-ffff9808a03be000,0,0,774434370749,15605839116,0,0,23020,0,0,0,0,0,0,0,0,0,0,0,0,0,0,0,0,0,0,0,0,0,0,0,0,179,0,0,0
1743619902.001832,600960,21068470,0,pscratch,pscratch-ffff9808886c4000,0,0,298417305668,668688030543,0,0,11468,0,0,0,0,0,0,0,0,0,0,0,0,0,0,0,0,0,0,0,0,0,0,0,0,1257,0,0,0
1743619903.001976,600960,21068470,0,nscratch,nscratch-ffff9808a03be000,0,0,774434370749,15605839116,0,0,23020,0,0,0,0,0,0,0,0,0,0,0,0,0,0,0,0,0,0,0,0,0,0,0,0,179,0,0,0
1743619903.002040,600960,21068470,0,pscratch,pscratch-ffff9808886c4000,0,0,298417305668,668688030543,0,0,11468,0,0,0,0,0,0,0,0,0,0,0,0,0,0,0,0,0,0,0,0,0,0,0,0,1257,0,0,0
1743619904.001440,600960,21068470,0,nscratch,nscratch-ffff9808a03be000,0,0,774434370749,15605839116,0,0,23020,0,0,0,0,0,0,0,0,0,0,0,0,0,0,0,0,0,0,0,0,0,0,0,0,179,0,0,0
1743619904.001513,600960,21068470,0,pscratch,pscratch-ffff9808886c4000,0,0,298417305668,668688030543,0,0,11468,0,0,0,0,0,0,0,0,0,0,0,0,0,0,0,0,0,0,0,0,0,0,0,0,1257,0,0,0
1743619905.001818,600960,21068470,0,nscratch,nscratch-ffff9808a03be000,0,0,774434370749,15605839116,0,0,23020,0,0,0,0,0,0,0,0,0,0,0,0,0,0,0,0,0,0,0,0,0,0,0,0,179,0,0,0
1743619905.001890,600960,21068470,0,pscratch,pscratch-ffff9808886c4000,0,0,298417305668,668688030543,0,0,11468,0,0,0,0,0,0,0,0,0,0,0,0,0,0,0,0,0,0,0,0,0,0,0,0,1257,0,0,0
1743619906.002052,600960,21068470,0,nscratch,nscratch-ffff9808a03be000,0,0,774434370749,15605839116,0,0,23020,0,0,0,0,0,0,0,0,0,0,0,0,0,0,0,0,0,0,0,0,0,0,0,0,179,0,0,0
1743619906.002122,600960,21068470,0,pscratch,pscratch-ffff9808886c4000,0,0,298417305668,668688030543,0,0,11468,0,0,0,0,0,0,0,0,0,0,0,0,0,0,0,0,0,0,0,0,0,0,0,0,1257,0,0,0
1743619907.001518,600960,21068470,0,nscratch,nscratch-ffff9808a03be000,0,0,774434370749,15605839116,0,0,23020,0,0,0,0,0,0,0,0,0,0,0,0,0,0,0,0,0,0,0,0,0,0,0,0,179,0,0,0
1743619907.001590,600960,21068470,0,pscratch,pscratch-ffff9808886c4000,0,0,298417305668,668688030543,0,0,11468,0,0,0,0,0,0,0,0,0,0,0,0,0,0,0,0,0,0,0,0,0,0,0,0,1257,0,0,0
1743619908.001864,600960,21068470,0,nscratch,nscratch-ffff9808a03be000,0,0,774434370749,15605839116,0,0,23020,0,0,0,0,0,0,0,0,0,0,0,0,0,0,0,0,0,0,0,0,0,0,0,0,179,0,0,0
1743619908.001956,600960,21068470,0,pscratch,pscratch-ffff9808886c4000,0,0,298417305668,668688030543,0,0,11468,0,0,0,0,0,0,0,0,0,0,0,0,0,0,0,0,0,0,0,0,0,0,0,0,1257,0,0,0
1743619909.002097,600960,21068470,0,nscratch,nscratch-ffff9808a03be000,0,0,774434370749,15605839116,0,0,23020,0,0,0,0,0,0,0,0,0,0,0,0,0,0,0,0,0,0,0,0,0,0,0,0,179,0,0,0
1743619909.002182,600960,21068470,0,pscratch,pscratch-ffff9808886c4000,0,0,298417305668,668688030543,0,0,11468,0,0,0,0,0,0,0,0,0,0,0,0,0,0,0,0,0,0,0,0,0,0,0,0,1257,0,0,0
1743619910.001542,600960,21068470,0,nscratch,nscratch-ffff9808a03be000,0,0,774434370749,15605839116,0,0,23020,0,0,0,0,0,0,0,0,0,0,0,0,0,0,0,0,0,0,0,0,0,0,0,0,179,0,0,0
1743619910.001610,600960,21068470,0,pscratch,pscratch-ffff9808886c4000,0,0,298417305668,668688030543,0,0,11468,0,0,0,0,0,0,0,0,0,0,0,0,0,0,0,0,0,0,0,0,0,0,0,0,1257,0,0,0
1743619911.001895,600960,21068470,0,nscratch,nscratch-ffff9808a03be000,0,0,774434370749,15605839116,0,0,23020,0,0,0,0,0,0,0,0,0,0,0,0,0,0,0,0,0,0,0,0,0,0,0,0,179,0,0,0
1743619911.001973,600960,21068470,0,pscratch,pscratch-ffff9808886c4000,0,0,298417305668,668688030543,0,0,11468,0,0,0,0,0,0,0,0,0,0,0,0,0,0,0,0,0,0,0,0,0,0,0,0,1257,0,0,0
1743619912.002130,600960,21068470,0,nscratch,nscratch-ffff9808a03be000,0,0,774434370749,15605839116,0,0,23020,0,0,0,0,0,0,0,0,0,0,0,0,0,0,0,0,0,0,0,0,0,0,0,0,179,0,0,0
1743619912.002206,600960,21068470,0,pscratch,pscratch-ffff9808886c4000,0,0,298417305668,668688030543,0,0,11468,0,0,0,0,0,0,0,0,0,0,0,0,0,0,0,0,0,0,0,0,0,0,0,0,1257,0,0,0
1743619913.001617,600960,21068470,0,nscratch,nscratch-ffff9808a03be000,0,0,774434370749,15605839116,0,0,23020,0,0,0,0,0,0,0,0,0,0,0,0,0,0,0,0,0,0,0,0,0,0,0,0,179,0,0,0
1743619913.001686,600960,21068470,0,pscratch,pscratch-ffff9808886c4000,0,0,298417305668,668688030543,0,0,11468,0,0,0,0,0,0,0,0,0,0,0,0,0,0,0,0,0,0,0,0,0,0,0,0,1257,0,0,0
1743619914.002008,600960,21068470,0,nscratch,nscratch-ffff9808a03be000,0,0,774434370749,15605839116,0,0,23020,0,0,0,0,0,0,0,0,0,0,0,0,0,0,0,0,0,0,0,0,0,0,0,0,179,0,0,0
1743619914.002080,600960,21068470,0,pscratch,pscratch-ffff9808886c4000,0,0,298417305668,668688030543,0,0,11468,0,0,0,0,0,0,0,0,0,0,0,0,0,0,0,0,0,0,0,0,0,0,0,0,1257,0,0,0
1743619915.001221,600960,21068470,0,nscratch,nscratch-ffff9808a03be000,0,0,774434370749,15605839116,0,0,23020,0,0,0,0,0,0,0,0,0,0,0,0,0,0,0,0,0,0,0,0,0,0,0,0,179,0,0,0
1743619915.001309,600960,21068470,0,pscratch,pscratch-ffff9808886c4000,0,0,298417305668,668688030543,0,0,11468,0,0,0,0,0,0,0,0,0,0,0,0,0,0,0,0,0,0,0,0,0,0,0,0,1257,0,0,0
1743619916.001683,600960,21068470,0,nscratch,nscratch-ffff9808a03be000,0,0,774434370749,15605839116,0,0,23020,0,0,0,0,0,0,0,0,0,0,0,0,0,0,0,0,0,0,0,0,0,0,0,0,179,0,0,0
1743619916.001752,600960,21068470,0,pscratch,pscratch-ffff9808886c4000,0,0,298417305668,668688030543,0,0,11468,0,0,0,0,0,0,0,0,0,0,0,0,0,0,0,0,0,0,0,0,0,0,0,0,1257,0,0,0
1743619917.002040,600960,21068470,0,nscratch,nscratch-ffff9808a03be000,0,0,774434370749,15605839116,0,0,23020,0,0,0,0,0,0,0,0,0,0,0,0,0,0,0,0,0,0,0,0,0,0,0,0,179,0,0,0
1743619917.002113,600960,21068470,0,pscratch,pscratch-ffff9808886c4000,0,0,298417305668,668688030543,0,0,11468,0,0,0,0,0,0,0,0,0,0,0,0,0,0,0,0,0,0,0,0,0,0,0,0,1257,0,0,0
1743619918.001380,600960,21068470,0,nscratch,nscratch-ffff9808a03be000,0,0,774434370749,15605839116,0,0,23020,0,0,0,0,0,0,0,0,0,0,0,0,0,0,0,0,0,0,0,0,0,0,0,0,179,0,0,0
1743619918.001540,600960,21068470,0,pscratch,pscratch-ffff9808886c4000,0,0,298417305668,668688030543,0,0,11468,0,0,0,0,0,0,0,0,0,0,0,0,0,0,0,0,0,0,0,0,0,0,0,0,1257,0,0,0
1743619919.001950,600960,21068470,0,nscratch,nscratch-ffff9808a03be000,0,0,774434370749,15605839116,0,0,23020,0,0,0,0,0,0,0,0,0,0,0,0,0,0,0,0,0,0,0,0,0,0,0,0,179,0,0,0
1743619919.002022,600960,21068470,0,pscratch,pscratch-ffff9808886c4000,0,0,298417305668,668688030543,0,0,11468,0,0,0,0,0,0,0,0,0,0,0,0,0,0,0,0,0,0,0,0,0,0,0,0,1257,0,0,0
1743619924.001500,600960,21068470,0,nscratch,nscratch-ffff9808a03be000,0,0,774434370749,15605839116,0,0,23020,0,0,0,0,0,0,0,0,0,0,0,0,0,0,0,0,0,0,0,0,0,0,0,0,179,0,0,0
1743619924.001569,600960,21068470,0,pscratch,pscratch-ffff9808886c4000,0,0,298417305668,668688030543,0,0,11468,0,0,0,0,0,0,0,0,0,0,0,0,0,0,0,0,0,0,0,0,0,0,0,0,1257,0,0,0
1743619926.001285,600960,21068470,0,nscratch,nscratch-ffff9808a03be000,0,0,774434370749,15605839116,0,0,23020,0,0,0,0,0,0,0,0,0,0,0,0,0,0,0,0,0,0,0,0,0,0,0,0,179,0,0,0
1743619926.001356,600960,21068470,0,pscratch,pscratch-ffff9808886c4000,0,0,298417305668,668688030543,0,0,11468,0,0,0,0,0,0,0,0,0,0,0,0,0,0,0,0,0,0,0,0,0,0,0,0,1257,0,0,0
1743619927.001515,600960,21068470,0,nscratch,nscratch-ffff9808a03be000,0,0,774434370749,15605839116,0,0,23020,0,0,0,0,0,0,0,0,0,0,0,0,0,0,0,0,0,0,0,0,0,0,0,0,179,0,0,0
1743619927.001586,600960,21068470,0,pscratch,pscratch-ffff9808886c4000,0,0,298417305668,668688030543,0,0,11468,0,0,0,0,0,0,0,0,0,0,0,0,0,0,0,0,0,0,0,0,0,0,0,0,1257,0,0,0
1743619928.001981,600960,21068470,0,nscratch,nscratch-ffff9808a03be000,0,0,774434370749,15605839116,0,0,23020,0,0,0,0,0,0,0,0,0,0,0,0,0,0,0,0,0,0,0,0,0,0,0,0,179,0,0,0
1743619928.002059,600960,21068470,0,pscratch,pscratch-ffff9808886c4000,0,0,298417305668,668688030543,0,0,11468,0,0,0,0,0,0,0,0,0,0,0,0,0,0,0,0,0,0,0,0,0,0,0,0,1257,0,0,0
1743619929.001320,600960,21068470,0,nscratch,nscratch-ffff9808a03be000,0,0,774434370749,15605839116,0,0,23020,0,0,0,0,0,0,0,0,0,0,0,0,0,0,0,0,0,0,0,0,0,0,0,0,179,0,0,0
1743619929.001388,600960,21068470,0,pscratch,pscratch-ffff9808886c4000,0,0,298417305668,668688030543,0,0,11468,0,0,0,0,0,0,0,0,0,0,0,0,0,0,0,0,0,0,0,0,0,0,0,0,1257,0,0,0
1743619930.001554,600960,21068470,0,nscratch,nscratch-ffff9808a03be000,0,0,774434370749,15605839116,0,0,23020,0,0,0,0,0,0,0,0,0,0,0,0,0,0,0,0,0,0,0,0,0,0,0,0,179,0,0,0
1743619930.001658,600960,21068470,0,pscratch,pscratch-ffff9808886c4000,0,0,298417305668,668688030543,0,0,11468,0,0,0,0,0,0,0,0,0,0,0,0,0,0,0,0,0,0,0,0,0,0,0,0,1257,0,0,0
1743619931.002153,600960,21068470,0,nscratch,nscratch-ffff9808a03be000,0,0,774434370749,15605839116,0,0,23020,0,0,0,0,0,0,0,0,0,0,0,0,0,0,0,0,0,0,0,0,0,0,0,0,179,0,0,0
1743619931.002223,600960,21068470,0,pscratch,pscratch-ffff9808886c4000,0,0,298417305668,668688030543,0,0,11468,0,0,0,0,0,0,0,0,0,0,0,0,0,0,0,0,0,0,0,0,0,0,0,0,1257,0,0,0
1743619932.001500,600960,21068470,0,nscratch,nscratch-ffff9808a03be000,0,0,774434370749,15605839116,0,0,23020,0,0,0,0,0,0,0,0,0,0,0,0,0,0,0,0,0,0,0,0,0,0,0,0,179,0,0,0
1743619932.001566,600960,21068470,0,pscratch,pscratch-ffff9808886c4000,0,0,298417305668,668688030543,0,0,11468,0,0,0,0,0,0,0,0,0,0,0,0,0,0,0,0,0,0,0,0,0,0,0,0,1257,0,0,0
1743619933.001045,600960,21068470,0,nscratch,nscratch-ffff9808a03be000,0,0,774434370749,15605839116,0,0,23020,0,0,0,0,0,0,0,0,0,0,0,0,0,0,0,0,0,0,0,0,0,0,0,0,179,0,0,0
1743619933.001119,600960,21068470,0,pscratch,pscratch-ffff9808886c4000,0,0,298417305668,668688030543,0,0,11468,0,0,0,0,0,0,0,0,0,0,0,0,0,0,0,0,0,0,0,0,0,0,0,0,1257,0,0,0
1743619934.001518,600960,21068470,0,nscratch,nscratch-ffff9808a03be000,0,0,774434370749,15605839116,0,0,23020,0,0,0,0,0,0,0,0,0,0,0,0,0,0,0,0,0,0,0,0,0,0,0,0,179,0,0,0
1743619934.001594,600960,21068470,0,pscratch,pscratch-ffff9808886c4000,0,0,298417305668,668688030543,0,0,11468,0,0,0,0,0,0,0,0,0,0,0,0,0,0,0,0,0,0,0,0,0,0,0,0,1257,0,0,0
1743619935.001955,600960,21068470,0,nscratch,nscratch-ffff9808a03be000,0,0,774434370749,15605839116,0,0,23020,0,0,0,0,0,0,0,0,0,0,0,0,0,0,0,0,0,0,0,0,0,0,0,0,179,0,0,0
1743619935.002046,600960,21068470,0,pscratch,pscratch-ffff9808886c4000,0,0,298417305668,668688030543,0,0,11468,0,0,0,0,0,0,0,0,0,0,0,0,0,0,0,0,0,0,0,0,0,0,0,0,1257,0,0,0
1743619936.001301,600960,21068470,0,nscratch,nscratch-ffff9808a03be000,0,0,774434370749,15605839116,0,0,23020,0,0,0,0,0,0,0,0,0,0,0,0,0,0,0,0,0,0,0,0,0,0,0,0,179,0,0,0
1743619936.001430,600960,21068470,0,pscratch,pscratch-ffff9808886c4000,0,0,298417305668,668688030543,0,0,11468,0,0,0,0,0,0,0,0,0,0,0,0,0,0,0,0,0,0,0,0,0,0,0,0,1257,0,0,0
1743619937.001795,600960,21068470,0,nscratch,nscratch-ffff9808a03be000,0,0,774434370749,15605839116,0,0,23020,0,0,0,0,0,0,0,0,0,0,0,0,0,0,0,0,0,0,0,0,0,0,0,0,179,0,0,0
1743619937.001884,600960,21068470,0,pscratch,pscratch-ffff9808886c4000,0,0,298417305668,668688030543,0,0,11468,0,0,0,0,0,0,0,0,0,0,0,0,0,0,0,0,0,0,0,0,0,0,0,0,1257,0,0,0
1743619938.002201,600960,21068470,0,nscratch,nscratch-ffff9808a03be000,0,0,774434370749,15605839116,0,0,23020,0,0,0,0,0,0,0,0,0,0,0,0,0,0,0,0,0,0,0,0,0,0,0,0,179,0,0,0
1743619938.002272,600960,21068470,0,pscratch,pscratch-ffff9808886c4000,0,0,298417305668,668688030543,0,0,11468,0,0,0,0,0,0,0,0,0,0,0,0,0,0,0,0,0,0,0,0,0,0,0,0,1257,0,0,0
1743619939.001526,600960,21068470,0,nscratch,nscratch-ffff9808a03be000,0,0,774434370749,15605839116,0,0,23020,0,0,0,0,0,0,0,0,0,0,0,0,0,0,0,0,0,0,0,0,0,0,0,0,179,0,0,0
1743619939.001680,600960,21068470,0,pscratch,pscratch-ffff9808886c4000,0,0,298417305668,668688030543,0,0,11468,0,0,0,0,0,0,0,0,0,0,0,0,0,0,0,0,0,0,0,0,0,0,0,0,1257,0,0,0
1743619940.002389,600960,21068470,0,nscratch,nscratch-ffff9808a03be000,0,0,774434370749,15605839116,0,0,23020,0,0,0,0,0,0,0,0,0,0,0,0,0,0,0,0,0,0,0,0,0,0,0,0,179,0,0,0
1743619940.002493,600960,21068470,0,pscratch,pscratch-ffff9808886c4000,0,0,298417305668,668688030543,0,0,11468,0,0,0,0,0,0,0,0,0,0,0,0,0,0,0,0,0,0,0,0,0,0,0,0,1257,0,0,0
1743619941.001807,600960,21068470,0,nscratch,nscratch-ffff9808a03be000,0,0,774434370749,15605839116,0,0,23020,0,0,0,0,0,0,0,0,0,0,0,0,0,0,0,0,0,0,0,0,0,0,0,0,179,0,0,0
1743619941.001877,600960,21068470,0,pscratch,pscratch-ffff9808886c4000,0,0,298417305668,668688030543,0,0,11468,0,0,0,0,0,0,0,0,0,0,0,0,0,0,0,0,0,0,0,0,0,0,0,0,1257,0,0,0
1743619942.002024,600960,21068470,0,nscratch,nscratch-ffff9808a03be000,0,0,774434370749,15605839116,0,0,23020,0,0,0,0,0,0,0,0,0,0,0,0,0,0,0,0,0,0,0,0,0,0,0,0,179,0,0,0
1743619942.002095,600960,21068470,0,pscratch,pscratch-ffff9808886c4000,0,0,298417305668,668688030543,0,0,11468,0,0,0,0,0,0,0,0,0,0,0,0,0,0,0,0,0,0,0,0,0,0,0,0,1257,0,0,0
1743619948.002048,600960,21068470,0,nscratch,nscratch-ffff9808a03be000,0,0,774434370749,15605839116,0,0,23020,0,0,0,0,0,0,0,0,0,0,0,0,0,0,0,0,0,0,0,0,0,0,0,0,179,0,0,0
1743619948.002117,600960,21068470,0,pscratch,pscratch-ffff9808886c4000,0,0,298417305668,668688030543,0,0,11468,0,0,0,0,0,0,0,0,0,0,0,0,0,0,0,0,0,0,0,0,0,0,0,0,1257,0,0,0
1743619949.001466,600960,21068470,0,nscratch,nscratch-ffff9808a03be000,0,0,774434370749,15605839116,0,0,23020,0,0,0,0,0,0,0,0,0,0,0,0,0,0,0,0,0,0,0,0,0,0,0,0,179,0,0,0
1743619949.001551,600960,21068470,0,pscratch,pscratch-ffff9808886c4000,0,0,298417305668,668688030543,0,0,11468,0,0,0,0,0,0,0,0,0,0,0,0,0,0,0,0,0,0,0,0,0,0,0,0,1257,0,0,0
1743619950.002090,600960,21068470,0,nscratch,nscratch-ffff9808a03be000,0,0,774434370749,15605839116,0,0,23020,0,0,0,0,0,0,0,0,0,0,0,0,0,0,0,0,0,0,0,0,0,0,0,0,179,0,0,0
1743619950.002217,600960,21068470,0,pscratch,pscratch-ffff9808886c4000,0,0,298417305668,668688030543,0,0,11468,0,0,0,0,0,0,0,0,0,0,0,0,0,0,0,0,0,0,0,0,0,0,0,0,1257,0,0,0
1743619951.001483,600960,21068470,0,nscratch,nscratch-ffff9808a03be000,0,0,774434370749,15605839116,0,0,23020,0,0,0,0,0,0,0,0,0,0,0,0,0,0,0,0,0,0,0,0,0,0,0,0,179,0,0,0
1743619951.001560,600960,21068470,0,pscratch,pscratch-ffff9808886c4000,0,0,298417305668,668688030543,0,0,11468,0,0,0,0,0,0,0,0,0,0,0,0,0,0,0,0,0,0,0,0,0,0,0,0,1257,0,0,0
1743619952.001959,600960,21068470,0,nscratch,nscratch-ffff9808a03be000,0,0,774434370749,15605839116,0,0,23020,0,0,0,0,0,0,0,0,0,0,0,0,0,0,0,0,0,0,0,0,0,0,0,0,179,0,0,0
1743619952.002035,600960,21068470,0,pscratch,pscratch-ffff9808886c4000,0,0,298417305668,668688030543,0,0,11468,0,0,0,0,0,0,0,0,0,0,0,0,0,0,0,0,0,0,0,0,0,0,0,0,1257,0,0,0
1743619953.001308,600960,21068470,0,nscratch,nscratch-ffff9808a03be000,0,0,774434370749,15605839116,0,0,23020,0,0,0,0,0,0,0,0,0,0,0,0,0,0,0,0,0,0,0,0,0,0,0,0,179,0,0,0
1743619953.001377,600960,21068470,0,pscratch,pscratch-ffff9808886c4000,0,0,298417305668,668688030543,0,0,11468,0,0,0,0,0,0,0,0,0,0,0,0,0,0,0,0,0,0,0,0,0,0,0,0,1257,0,0,0
1743619954.001515,600960,21068470,0,nscratch,nscratch-ffff9808a03be000,0,0,774434370749,15605839116,0,0,23020,0,0,0,0,0,0,0,0,0,0,0,0,0,0,0,0,0,0,0,0,0,0,0,0,179,0,0,0
1743619954.001584,600960,21068470,0,pscratch,pscratch-ffff9808886c4000,0,0,298417305668,668688030543,0,0,11468,0,0,0,0,0,0,0,0,0,0,0,0,0,0,0,0,0,0,0,0,0,0,0,0,1257,0,0,0
1743619955.001993,600960,21068470,0,nscratch,nscratch-ffff9808a03be000,0,0,774434370749,15605839116,0,0,23020,0,0,0,0,0,0,0,0,0,0,0,0,0,0,0,0,0,0,0,0,0,0,0,0,179,0,0,0
1743619955.002081,600960,21068470,0,pscratch,pscratch-ffff9808886c4000,0,0,298417305668,668688030543,0,0,11468,0,0,0,0,0,0,0,0,0,0,0,0,0,0,0,0,0,0,0,0,0,0,0,0,1257,0,0,0
1743619956.001347,600960,21068470,0,nscratch,nscratch-ffff9808a03be000,0,0,774434370749,15605839116,0,0,23020,0,0,0,0,0,0,0,0,0,0,0,0,0,0,0,0,0,0,0,0,0,0,0,0,179,0,0,0
1743619956.001413,600960,21068470,0,pscratch,pscratch-ffff9808886c4000,0,0,298417305668,668688030543,0,0,11468,0,0,0,0,0,0,0,0,0,0,0,0,0,0,0,0,0,0,0,0,0,0,0,0,1257,0,0,0
1743619957.001569,600960,21068470,0,nscratch,nscratch-ffff9808a03be000,0,0,774434370749,15605839116,0,0,23020,0,0,0,0,0,0,0,0,0,0,0,0,0,0,0,0,0,0,0,0,0,0,0,0,179,0,0,0
1743619957.001678,600960,21068470,0,pscratch,pscratch-ffff9808886c4000,0,0,298417305668,668688030543,0,0,11468,0,0,0,0,0,0,0,0,0,0,0,0,0,0,0,0,0,0,0,0,0,0,0,0,1257,0,0,0
1743619958.002054,600960,21068470,0,nscratch,nscratch-ffff9808a03be000,0,0,774434370749,15605839116,0,0,23020,0,0,0,0,0,0,0,0,0,0,0,0,0,0,0,0,0,0,0,0,0,0,0,0,179,0,0,0
1743619958.002125,600960,21068470,0,pscratch,pscratch-ffff9808886c4000,0,0,298417305668,668688030543,0,0,11468,0,0,0,0,0,0,0,0,0,0,0,0,0,0,0,0,0,0,0,0,0,0,0,0,1257,0,0,0
1743619959.001377,600960,21068470,0,nscratch,nscratch-ffff9808a03be000,0,0,774434370749,15605839116,0,0,23020,0,0,0,0,0,0,0,0,0,0,0,0,0,0,0,0,0,0,0,0,0,0,0,0,179,0,0,0
1743619959.001443,600960,21068470,0,pscratch,pscratch-ffff9808886c4000,0,0,298417305668,668688030543,0,0,11468,0,0,0,0,0,0,0,0,0,0,0,0,0,0,0,0,0,0,0,0,0,0,0,0,1257,0,0,0
1743619960.001588,600960,21068470,0,nscratch,nscratch-ffff9808a03be000,0,0,774434370749,15605839116,0,0,23020,0,0,0,0,0,0,0,0,0,0,0,0,0,0,0,0,0,0,0,0,0,0,0,0,179,0,0,0
1743619960.001660,600960,21068470,0,pscratch,pscratch-ffff9808886c4000,0,0,298417305668,668688030543,0,0,11468,0,0,0,0,0,0,0,0,0,0,0,0,0,0,0,0,0,0,0,0,0,0,0,0,1257,0,0,0
1743619961.002090,600960,21068470,0,nscratch,nscratch-ffff9808a03be000,0,0,774434370749,15605839116,0,0,23020,0,0,0,0,0,0,0,0,0,0,0,0,0,0,0,0,0,0,0,0,0,0,0,0,179,0,0,0
1743619961.002167,600960,21068470,0,pscratch,pscratch-ffff9808886c4000,0,0,298417305668,668688030543,0,0,11468,0,0,0,0,0,0,0,0,0,0,0,0,0,0,0,0,0,0,0,0,0,0,0,0,1257,0,0,0
1743619962.001487,600960,21068470,0,nscratch,nscratch-ffff9808a03be000,0,0,774434370749,15605839116,0,0,23020,0,0,0,0,0,0,0,0,0,0,0,0,0,0,0,0,0,0,0,0,0,0,0,0,179,0,0,0
1743619962.001561,600960,21068470,0,pscratch,pscratch-ffff9808886c4000,0,0,298417305668,668688030543,0,0,11468,0,0,0,0,0,0,0,0,0,0,0,0,0,0,0,0,0,0,0,0,0,0,0,0,1257,0,0,0
1743619963.001705,600960,21068470,0,nscratch,nscratch-ffff9808a03be000,0,0,774434370749,15605839116,0,0,23020,0,0,0,0,0,0,0,0,0,0,0,0,0,0,0,0,0,0,0,0,0,0,0,0,179,0,0,0
1743619963.001778,600960,21068470,0,pscratch,pscratch-ffff9808886c4000,0,0,298417305668,668688030543,0,0,11468,0,0,0,0,0,0,0,0,0,0,0,0,0,0,0,0,0,0,0,0,0,0,0,0,1257,0,0,0
1743619964.002199,600960,21068470,0,nscratch,nscratch-ffff9808a03be000,0,0,774434370749,15605839116,0,0,23020,0,0,0,0,0,0,0,0,0,0,0,0,0,0,0,0,0,0,0,0,0,0,0,0,179,0,0,0
1743619964.002271,600960,21068470,0,pscratch,pscratch-ffff9808886c4000,0,0,298417305668,668688030543,0,0,11468,0,0,0,0,0,0,0,0,0,0,0,0,0,0,0,0,0,0,0,0,0,0,0,0,1257,0,0,0
1743619965.001558,600960,21068470,0,nscratch,nscratch-ffff9808a03be000,0,0,774434370749,15605839116,0,0,23020,0,0,0,0,0,0,0,0,0,0,0,0,0,0,0,0,0,0,0,0,0,0,0,0,179,0,0,0
1743619965.001628,600960,21068470,0,pscratch,pscratch-ffff9808886c4000,0,0,298417305668,668688030543,0,0,11468,0,0,0,0,0,0,0,0,0,0,0,0,0,0,0,0,0,0,0,0,0,0,0,0,1257,0,0,0
1743619966.001784,600960,21068470,0,nscratch,nscratch-ffff9808a03be000,0,0,774434370749,15605839116,0,0,23020,0,0,0,0,0,0,0,0,0,0,0,0,0,0,0,0,0,0,0,0,0,0,0,0,179,0,0,0
1743619966.001855,600960,21068470,0,pscratch,pscratch-ffff9808886c4000,0,0,298417305668,668688030543,0,0,11468,0,0,0,0,0,0,0,0,0,0,0,0,0,0,0,0,0,0,0,0,0,0,0,0,1257,0,0,0
1743619967.002222,600960,21068470,0,nscratch,nscratch-ffff9808a03be000,0,0,774434370749,15605839116,0,0,23020,0,0,0,0,0,0,0,0,0,0,0,0,0,0,0,0,0,0,0,0,0,0,0,0,179,0,0,0
1743619967.002294,600960,21068470,0,pscratch,pscratch-ffff9808886c4000,0,0,298417305668,668688030543,0,0,11468,0,0,0,0,0,0,0,0,0,0,0,0,0,0,0,0,0,0,0,0,0,0,0,0,1257,0,0,0
1743619968.001587,600960,21068470,0,nscratch,nscratch-ffff9808a03be000,0,0,774434370749,15605839116,0,0,23020,0,0,0,0,0,0,0,0,0,0,0,0,0,0,0,0,0,0,0,0,0,0,0,0,179,0,0,0
1743619968.001672,600960,21068470,0,pscratch,pscratch-ffff9808886c4000,0,0,298417305668,668688030543,0,0,11468,0,0,0,0,0,0,0,0,0,0,0,0,0,0,0,0,0,0,0,0,0,0,0,0,1257,0,0,0
1743619969.001848,600960,21068470,0,nscratch,nscratch-ffff9808a03be000,0,0,774434370749,15605839116,0,0,23020,0,0,0,0,0,0,0,0,0,0,0,0,0,0,0,0,0,0,0,0,0,0,0,0,179,0,0,0
1743619969.001920,600960,21068470,0,pscratch,pscratch-ffff9808886c4000,0,0,298417305668,668688030543,0,0,11468,0,0,0,0,0,0,0,0,0,0,0,0,0,0,0,0,0,0,0,0,0,0,0,0,1257,0,0,0
1743619970.001310,600960,21068470,0,nscratch,nscratch-ffff9808a03be000,0,0,774434370749,15605839116,0,0,23020,0,0,0,0,0,0,0,0,0,0,0,0,0,0,0,0,0,0,0,0,0,0,0,0,179,0,0,0
1743619970.001379,600960,21068470,0,pscratch,pscratch-ffff9808886c4000,0,0,298417305668,668688030543,0,0,11468,0,0,0,0,0,0,0,0,0,0,0,0,0,0,0,0,0,0,0,0,0,0,0,0,1257,0,0,0
1743619971.001932,600960,21068470,0,nscratch,nscratch-ffff9808a03be000,0,0,774434370749,15605839116,0,0,23020,0,0,0,0,0,0,0,0,0,0,0,0,0,0,0,0,0,0,0,0,0,0,0,0,179,0,0,0
1743619971.002026,600960,21068470,0,pscratch,pscratch-ffff9808886c4000,0,0,298417305668,668688030543,0,0,11468,0,0,0,0,0,0,0,0,0,0,0,0,0,0,0,0,0,0,0,0,0,0,0,0,1257,0,0,0
1743619972.001209,600960,21068470,0,nscratch,nscratch-ffff9808a03be000,0,0,774434370749,15605839116,0,0,23020,0,0,0,0,0,0,0,0,0,0,0,0,0,0,0,0,0,0,0,0,0,0,0,0,179,0,0,0
1743619972.001282,600960,21068470,0,pscratch,pscratch-ffff9808886c4000,0,0,298417305668,668688030543,0,0,11468,0,0,0,0,0,0,0,0,0,0,0,0,0,0,0,0,0,0,0,0,0,0,0,0,1257,0,0,0
1743619973.001632,600960,21068470,0,nscratch,nscratch-ffff9808a03be000,0,0,774434370749,15605839116,0,0,23020,0,0,0,0,0,0,0,0,0,0,0,0,0,0,0,0,0,0,0,0,0,0,0,0,179,0,0,0
1743619973.001717,600960,21068470,0,pscratch,pscratch-ffff9808886c4000,0,0,298417305668,668688030543,0,0,11468,0,0,0,0,0,0,0,0,0,0,0,0,0,0,0,0,0,0,0,0,0,0,0,0,1257,0,0,0
1743619974.001987,600960,21068470,0,nscratch,nscratch-ffff9808a03be000,0,0,774434370749,15605839116,0,0,23020,0,0,0,0,0,0,0,0,0,0,0,0,0,0,0,0,0,0,0,0,0,0,0,0,179,0,0,0
1743619974.002057,600960,21068470,0,pscratch,pscratch-ffff9808886c4000,0,0,298417305668,668688030543,0,0,11468,0,0,0,0,0,0,0,0,0,0,0,0,0,0,0,0,0,0,0,0,0,0,0,0,1257,0,0,0
1743619975.001195,600960,21068470,0,nscratch,nscratch-ffff9808a03be000,0,0,774434370749,15605839116,0,0,23020,0,0,0,0,0,0,0,0,0,0,0,0,0,0,0,0,0,0,0,0,0,0,0,0,179,0,0,0
1743619975.001297,600960,21068470,0,pscratch,pscratch-ffff9808886c4000,0,0,298417305668,668688030543,0,0,11468,0,0,0,0,0,0,0,0,0,0,0,0,0,0,0,0,0,0,0,0,0,0,0,0,1257,0,0,0
1743619976.001656,600960,21068470,0,nscratch,nscratch-ffff9808a03be000,0,0,774434370749,15605839116,0,0,23020,0,0,0,0,0,0,0,0,0,0,0,0,0,0,0,0,0,0,0,0,0,0,0,0,179,0,0,0
1743619976.001743,600960,21068470,0,pscratch,pscratch-ffff9808886c4000,0,0,298417305668,668688030543,0,0,11468,0,0,0,0,0,0,0,0,0,0,0,0,0,0,0,0,0,0,0,0,0,0,0,0,1257,0,0,0
1743619981.001283,600960,21068470,0,nscratch,nscratch-ffff9808a03be000,0,0,774434370749,15605839116,0,0,23020,0,0,0,0,0,0,0,0,0,0,0,0,0,0,0,0,0,0,0,0,0,0,0,0,179,0,0,0
1743619981.001350,600960,21068470,0,pscratch,pscratch-ffff9808886c4000,0,0,298417305668,668688030543,0,0,11468,0,0,0,0,0,0,0,0,0,0,0,0,0,0,0,0,0,0,0,0,0,0,0,0,1257,0,0,0
1743619982.001705,600960,21068470,0,nscratch,nscratch-ffff9808a03be000,0,0,774434370749,15605839116,0,0,23020,0,0,0,0,0,0,0,0,0,0,0,0,0,0,0,0,0,0,0,0,0,0,0,0,179,0,0,0
1743619982.001774,600960,21068470,0,pscratch,pscratch-ffff9808886c4000,0,0,298417305668,668688030543,0,0,11468,0,0,0,0,0,0,0,0,0,0,0,0,0,0,0,0,0,0,0,0,0,0,0,0,1257,0,0,0
1743619983.002037,600960,21068470,0,nscratch,nscratch-ffff9808a03be000,0,0,774434370749,15605839116,0,0,23020,0,0,0,0,0,0,0,0,0,0,0,0,0,0,0,0,0,0,0,0,0,0,0,0,179,0,0,0
1743619983.002106,600960,21068470,0,pscratch,pscratch-ffff9808886c4000,0,0,298417305668,668688030543,0,0,11468,0,0,0,0,0,0,0,0,0,0,0,0,0,0,0,0,0,0,0,0,0,0,0,0,1257,0,0,0
1743619984.001237,600960,21068470,0,nscratch,nscratch-ffff9808a03be000,0,0,774434370749,15605839116,0,0,23020,0,0,0,0,0,0,0,0,0,0,0,0,0,0,0,0,0,0,0,0,0,0,0,0,179,0,0,0
1743619984.001304,600960,21068470,0,pscratch,pscratch-ffff9808886c4000,0,0,298417305668,668688030543,0,0,11468,0,0,0,0,0,0,0,0,0,0,0,0,0,0,0,0,0,0,0,0,0,0,0,0,1257,0,0,0
1743619985.001652,600960,21068470,0,nscratch,nscratch-ffff9808a03be000,0,0,774434370749,15605839116,0,0,23020,0,0,0,0,0,0,0,0,0,0,0,0,0,0,0,0,0,0,0,0,0,0,0,0,179,0,0,0
1743619985.001723,600960,21068470,0,pscratch,pscratch-ffff9808886c4000,0,0,298417305668,668688030543,0,0,11468,0,0,0,0,0,0,0,0,0,0,0,0,0,0,0,0,0,0,0,0,0,0,0,0,1257,0,0,0
1743619986.002025,600960,21068470,0,nscratch,nscratch-ffff9808a03be000,0,0,774434370749,15605839116,0,0,23020,0,0,0,0,0,0,0,0,0,0,0,0,0,0,0,0,0,0,0,0,0,0,0,0,179,0,0,0
1743619986.002094,600960,21068470,0,pscratch,pscratch-ffff9808886c4000,0,0,298417305668,668688030543,0,0,11468,0,0,0,0,0,0,0,0,0,0,0,0,0,0,0,0,0,0,0,0,0,0,0,0,1257,0,0,0
1743619987.001229,600960,21068470,0,nscratch,nscratch-ffff9808a03be000,0,0,774434370749,15605839116,0,0,23020,0,0,0,0,0,0,0,0,0,0,0,0,0,0,0,0,0,0,0,0,0,0,0,0,179,0,0,0
1743619987.001315,600960,21068470,0,pscratch,pscratch-ffff9808886c4000,0,0,298417305668,668688030543,0,0,11468,0,0,0,0,0,0,0,0,0,0,0,0,0,0,0,0,0,0,0,0,0,0,0,0,1257,0,0,0
1743619988.001695,600960,21068470,0,nscratch,nscratch-ffff9808a03be000,0,0,774434370749,15605839116,0,0,23020,0,0,0,0,0,0,0,0,0,0,0,0,0,0,0,0,0,0,0,0,0,0,0,0,179,0,0,0
1743619988.001767,600960,21068470,0,pscratch,pscratch-ffff9808886c4000,0,0,298417305668,668688030543,0,0,11468,0,0,0,0,0,0,0,0,0,0,0,0,0,0,0,0,0,0,0,0,0,0,0,0,1257,0,0,0
1743619989.002054,600960,21068470,0,nscratch,nscratch-ffff9808a03be000,0,0,774434370749,15605839116,0,0,23020,0,0,0,0,0,0,0,0,0,0,0,0,0,0,0,0,0,0,0,0,0,0,0,0,179,0,0,0
1743619989.002125,600960,21068470,0,pscratch,pscratch-ffff9808886c4000,0,0,298417305668,668688030543,0,0,11468,0,0,0,0,0,0,0,0,0,0,0,0,0,0,0,0,0,0,0,0,0,0,0,0,1257,0,0,0
1743619990.001261,600960,21068470,0,nscratch,nscratch-ffff9808a03be000,0,0,774434370749,15605839116,0,0,23020,0,0,0,0,0,0,0,0,0,0,0,0,0,0,0,0,0,0,0,0,0,0,0,0,179,0,0,0
1743619990.001370,600960,21068470,0,pscratch,pscratch-ffff9808886c4000,0,0,298417305668,668688030543,0,0,11468,0,0,0,0,0,0,0,0,0,0,0,0,0,0,0,0,0,0,0,0,0,0,0,0,1257,0,0,0
1743619991.001807,600960,21068470,0,nscratch,nscratch-ffff9808a03be000,0,0,774434370749,15605839116,0,0,23020,0,0,0,0,0,0,0,0,0,0,0,0,0,0,0,0,0,0,0,0,0,0,0,0,179,0,0,0
1743619991.001879,600960,21068470,0,pscratch,pscratch-ffff9808886c4000,0,0,298417305668,668688030543,0,0,11468,0,0,0,0,0,0,0,0,0,0,0,0,0,0,0,0,0,0,0,0,0,0,0,0,1257,0,0,0
1743619992.002169,600960,21068470,0,nscratch,nscratch-ffff9808a03be000,0,0,774434370749,15605839116,0,0,23020,0,0,0,0,0,0,0,0,0,0,0,0,0,0,0,0,0,0,0,0,0,0,0,0,179,0,0,0
1743619992.002238,600960,21068470,0,pscratch,pscratch-ffff9808886c4000,0,0,298417305668,668688030543,0,0,11468,0,0,0,0,0,0,0,0,0,0,0,0,0,0,0,0,0,0,0,0,0,0,0,0,1257,0,0,0
1743619998.002091,600960,21068470,0,nscratch,nscratch-ffff9808a03be000,0,0,774434370749,15605839116,0,0,23020,0,0,0,0,0,0,0,0,0,0,0,0,0,0,0,0,0,0,0,0,0,0,0,0,179,0,0,0
1743619998.002159,600960,21068470,0,pscratch,pscratch-ffff9808886c4000,0,0,298417305668,668688030543,0,0,11468,0,0,0,0,0,0,0,0,0,0,0,0,0,0,0,0,0,0,0,0,0,0,0,0,1257,0,0,0
1743619999.001291,600960,21068470,0,nscratch,nscratch-ffff9808a03be000,0,0,774434370749,15605839116,0,0,23020,0,0,0,0,0,0,0,0,0,0,0,0,0,0,0,0,0,0,0,0,0,0,0,0,179,0,0,0
1743619999.001358,600960,21068470,0,pscratch,pscratch-ffff9808886c4000,0,0,298417305668,668688030543,0,0,11468,0,0,0,0,0,0,0,0,0,0,0,0,0,0,0,0,0,0,0,0,0,0,0,0,1257,0,0,0
1743620001.002091,600960,21068470,0,nscratch,nscratch-ffff9808a03be000,0,0,774434370749,15605839116,0,0,23020,0,0,0,0,0,0,0,0,0,0,0,0,0,0,0,0,0,0,0,0,0,0,0,0,179,0,0,0
1743620001.002162,600960,21068470,0,pscratch,pscratch-ffff9808886c4000,0,0,298417305668,668688030543,0,0,11468,0,0,0,0,0,0,0,0,0,0,0,0,0,0,0,0,0,0,0,0,0,0,0,0,1257,0,0,0
1743620002.001294,600960,21068470,0,nscratch,nscratch-ffff9808a03be000,0,0,774434370749,15605839116,0,0,23020,0,0,0,0,0,0,0,0,0,0,0,0,0,0,0,0,0,0,0,0,0,0,0,0,179,0,0,0
1743620002.001380,600960,21068470,0,pscratch,pscratch-ffff9808886c4000,0,0,298417305668,668688030543,0,0,11468,0,0,0,0,0,0,0,0,0,0,0,0,0,0,0,0,0,0,0,0,0,0,0,0,1257,0,0,0
1743620003.001728,600960,21068470,0,nscratch,nscratch-ffff9808a03be000,0,0,774434370749,15605839116,0,0,23020,0,0,0,0,0,0,0,0,0,0,0,0,0,0,0,0,0,0,0,0,0,0,0,0,179,0,0,0
1743620003.001813,600960,21068470,0,pscratch,pscratch-ffff9808886c4000,0,0,298417305668,668688030543,0,0,11468,0,0,0,0,0,0,0,0,0,0,0,0,0,0,0,0,0,0,0,0,0,0,0,0,1257,0,0,0
1743620004.002136,600960,21068470,0,nscratch,nscratch-ffff9808a03be000,0,0,774434370749,15605839116,0,0,23020,0,0,0,0,0,0,0,0,0,0,0,0,0,0,0,0,0,0,0,0,0,0,0,0,179,0,0,0
1743620004.002207,600960,21068470,0,pscratch,pscratch-ffff9808886c4000,0,0,298417305668,668688030543,0,0,11468,0,0,0,0,0,0,0,0,0,0,0,0,0,0,0,0,0,0,0,0,0,0,0,0,1257,0,0,0
1743620005.001340,600960,21068470,0,nscratch,nscratch-ffff9808a03be000,0,0,774434370749,15605839116,0,0,23020,0,0,0,0,0,0,0,0,0,0,0,0,0,0,0,0,0,0,0,0,0,0,0,0,179,0,0,0
1743620005.001407,600960,21068470,0,pscratch,pscratch-ffff9808886c4000,0,0,298417305668,668688030543,0,0,11468,0,0,0,0,0,0,0,0,0,0,0,0,0,0,0,0,0,0,0,0,0,0,0,0,1257,0,0,0
1743620006.001750,600960,21068470,0,nscratch,nscratch-ffff9808a03be000,0,0,774434370749,15605839116,0,0,23020,0,0,0,0,0,0,0,0,0,0,0,0,0,0,0,0,0,0,0,0,0,0,0,0,179,0,0,0
1743620006.001820,600960,21068470,0,pscratch,pscratch-ffff9808886c4000,0,0,298417305668,668688030543,0,0,11468,0,0,0,0,0,0,0,0,0,0,0,0,0,0,0,0,0,0,0,0,0,0,0,0,1257,0,0,0
1743620007.002109,600960,21068470,0,nscratch,nscratch-ffff9808a03be000,0,0,774434370749,15605839116,0,0,23020,0,0,0,0,0,0,0,0,0,0,0,0,0,0,0,0,0,0,0,0,0,0,0,0,179,0,0,0
1743620007.002180,600960,21068470,0,pscratch,pscratch-ffff9808886c4000,0,0,298417305668,668688030543,0,0,11468,0,0,0,0,0,0,0,0,0,0,0,0,0,0,0,0,0,0,0,0,0,0,0,0,1257,0,0,0
1743620008.001315,600960,21068470,0,nscratch,nscratch-ffff9808a03be000,0,0,774434370749,15605839116,0,0,23020,0,0,0,0,0,0,0,0,0,0,0,0,0,0,0,0,0,0,0,0,0,0,0,0,179,0,0,0
1743620008.001384,600960,21068470,0,pscratch,pscratch-ffff9808886c4000,0,0,298417305668,668688030543,0,0,11468,0,0,0,0,0,0,0,0,0,0,0,0,0,0,0,0,0,0,0,0,0,0,0,0,1257,0,0,0
1743620009.001756,600960,21068470,0,nscratch,nscratch-ffff9808a03be000,0,0,774434370749,15605839116,0,0,23020,0,0,0,0,0,0,0,0,0,0,0,0,0,0,0,0,0,0,0,0,0,0,0,0,179,0,0,0
1743620009.001824,600960,21068470,0,pscratch,pscratch-ffff9808886c4000,0,0,298417305668,668688030543,0,0,11468,0,0,0,0,0,0,0,0,0,0,0,0,0,0,0,0,0,0,0,0,0,0,0,0,1257,0,0,0
1743620010.002110,600960,21068470,0,nscratch,nscratch-ffff9808a03be000,0,0,774434370749,15605839116,0,0,23020,0,0,0,0,0,0,0,0,0,0,0,0,0,0,0,0,0,0,0,0,0,0,0,0,179,0,0,0
1743620010.002198,600960,21068470,0,pscratch,pscratch-ffff9808886c4000,0,0,298417305668,668688030543,0,0,11468,0,0,0,0,0,0,0,0,0,0,0,0,0,0,0,0,0,0,0,0,0,0,0,0,1257,0,0,0
1743620011.001063,600960,21068470,0,nscratch,nscratch-ffff9808a03be000,0,0,774434370749,15605839116,0,0,23020,0,0,0,0,0,0,0,0,0,0,0,0,0,0,0,0,0,0,0,0,0,0,0,0,179,0,0,0
1743620011.001152,600960,21068470,0,pscratch,pscratch-ffff9808886c4000,0,0,298417305668,668688030543,0,0,11468,0,0,0,0,0,0,0,0,0,0,0,0,0,0,0,0,0,0,0,0,0,0,0,0,1257,0,0,0
1743620012.001559,600960,21068470,0,nscratch,nscratch-ffff9808a03be000,0,0,774434370749,15605839116,0,0,23020,0,0,0,0,0,0,0,0,0,0,0,0,0,0,0,0,0,0,0,0,0,0,0,0,179,0,0,0
1743620012.001619,600960,21068470,0,pscratch,pscratch-ffff9808886c4000,0,0,298417305668,668688030543,0,0,11468,0,0,0,0,0,0,0,0,0,0,0,0,0,0,0,0,0,0,0,0,0,0,0,0,1257,0,0,0
1743620013.001866,600960,21068470,0,nscratch,nscratch-ffff9808a03be000,0,0,774434370749,15605839116,0,0,23020,0,0,0,0,0,0,0,0,0,0,0,0,0,0,0,0,0,0,0,0,0,0,0,0,179,0,0,0
1743620013.001975,600960,21068470,0,pscratch,pscratch-ffff9808886c4000,0,0,298417305668,668688030543,0,0,11468,0,0,0,0,0,0,0,0,0,0,0,0,0,0,0,0,0,0,0,0,0,0,0,0,1257,0,0,0
1743620014.002123,600960,21068470,0,nscratch,nscratch-ffff9808a03be000,0,0,774434370749,15605839116,0,0,23020,0,0,0,0,0,0,0,0,0,0,0,0,0,0,0,0,0,0,0,0,0,0,0,0,179,0,0,0
1743620014.002196,600960,21068470,0,pscratch,pscratch-ffff9808886c4000,0,0,298417305668,668688030543,0,0,11468,0,0,0,0,0,0,0,0,0,0,0,0,0,0,0,0,0,0,0,0,0,0,0,0,1257,0,0,0
1743620015.001556,600960,21068470,0,nscratch,nscratch-ffff9808a03be000,0,0,774434370749,15605839116,0,0,23020,0,0,0,0,0,0,0,0,0,0,0,0,0,0,0,0,0,0,0,0,0,0,0,0,179,0,0,0
1743620015.001625,600960,21068470,0,pscratch,pscratch-ffff9808886c4000,0,0,298417305668,668688030543,0,0,11468,0,0,0,0,0,0,0,0,0,0,0,0,0,0,0,0,0,0,0,0,0,0,0,0,1257,0,0,0
1743620016.001938,600960,21068470,0,nscratch,nscratch-ffff9808a03be000,0,0,774434370749,15605839116,0,0,23020,0,0,0,0,0,0,0,0,0,0,0,0,0,0,0,0,0,0,0,0,0,0,0,0,179,0,0,0
1743620016.002035,600960,21068470,0,pscratch,pscratch-ffff9808886c4000,0,0,298417305668,668688030543,0,0,11468,0,0,0,0,0,0,0,0,0,0,0,0,0,0,0,0,0,0,0,0,0,0,0,0,1257,0,0,0
1743620022.002174,600960,21068470,0,nscratch,nscratch-ffff9808a03be000,0,0,774434370749,15605839116,0,0,23020,0,0,0,0,0,0,0,0,0,0,0,0,0,0,0,0,0,0,0,0,0,0,0,0,179,0,0,0
1743620022.002245,600960,21068470,0,pscratch,pscratch-ffff9808886c4000,0,0,298417305668,668688030543,0,0,11468,0,0,0,0,0,0,0,0,0,0,0,0,0,0,0,0,0,0,0,0,0,0,0,0,1257,0,0,0
1743620024.001930,600960,21068470,0,nscratch,nscratch-ffff9808a03be000,0,0,774434370749,15605839116,0,0,23020,0,0,0,0,0,0,0,0,0,0,0,0,0,0,0,0,0,0,0,0,0,0,0,0,179,0,0,0
1743620024.002038,600960,21068470,0,pscratch,pscratch-ffff9808886c4000,0,0,298417305668,668688030543,0,0,11468,0,0,0,0,0,0,0,0,0,0,0,0,0,0,0,0,0,0,0,0,0,0,0,0,1257,0,0,0
1743620025.001320,600960,21068470,0,nscratch,nscratch-ffff9808a03be000,0,0,774434370749,15605839116,0,0,23020,0,0,0,0,0,0,0,0,0,0,0,0,0,0,0,0,0,0,0,0,0,0,0,0,179,0,0,0
1743620025.001390,600960,21068470,0,pscratch,pscratch-ffff9808886c4000,0,0,298417305668,668688030543,0,0,11468,0,0,0,0,0,0,0,0,0,0,0,0,0,0,0,0,0,0,0,0,0,0,0,0,1257,0,0,0
1743620026.001546,600960,21068470,0,nscratch,nscratch-ffff9808a03be000,0,0,774434370749,15605839116,0,0,23020,0,0,0,0,0,0,0,0,0,0,0,0,0,0,0,0,0,0,0,0,0,0,0,0,179,0,0,0
1743620026.001623,600960,21068470,0,pscratch,pscratch-ffff9808886c4000,0,0,298417305668,668688030543,0,0,11468,0,0,0,0,0,0,0,0,0,0,0,0,0,0,0,0,0,0,0,0,0,0,0,0,1257,0,0,0
1743620027.002040,600960,21068470,0,nscratch,nscratch-ffff9808a03be000,0,0,774434370749,15605839116,0,0,23020,0,0,0,0,0,0,0,0,0,0,0,0,0,0,0,0,0,0,0,0,0,0,0,0,179,0,0,0
1743620027.002117,600960,21068470,0,pscratch,pscratch-ffff9808886c4000,0,0,298417305668,668688030543,0,0,11468,0,0,0,0,0,0,0,0,0,0,0,0,0,0,0,0,0,0,0,0,0,0,0,0,1257,0,0,0
1743620028.001414,600960,21068470,0,nscratch,nscratch-ffff9808a03be000,0,0,774434370749,15605839116,0,0,23020,0,0,0,0,0,0,0,0,0,0,0,0,0,0,0,0,0,0,0,0,0,0,0,0,179,0,0,0
1743620028.001505,600960,21068470,0,pscratch,pscratch-ffff9808886c4000,0,0,298417305668,668688030543,0,0,11468,0,0,0,0,0,0,0,0,0,0,0,0,0,0,0,0,0,0,0,0,0,0,0,0,1257,0,0,0
1743620029.001645,600960,21068470,0,nscratch,nscratch-ffff9808a03be000,0,0,774434370749,15605839116,0,0,23020,0,0,0,0,0,0,0,0,0,0,0,0,0,0,0,0,0,0,0,0,0,0,0,0,179,0,0,0
1743620029.001732,600960,21068470,0,pscratch,pscratch-ffff9808886c4000,0,0,298417305668,668688030543,0,0,11468,0,0,0,0,0,0,0,0,0,0,0,0,0,0,0,0,0,0,0,0,0,0,0,0,1257,0,0,0
1743620034.001668,600960,21068470,0,nscratch,nscratch-ffff9808a03be000,0,0,774434370749,15605839116,0,0,23020,0,0,0,0,0,0,0,0,0,0,0,0,0,0,0,0,0,0,0,0,0,0,0,0,179,0,0,0
1743620034.001740,600960,21068470,0,pscratch,pscratch-ffff9808886c4000,0,0,298417305668,668688030543,0,0,11468,0,0,0,0,0,0,0,0,0,0,0,0,0,0,0,0,0,0,0,0,0,0,0,0,1257,0,0,0
1743620035.001885,600960,21068470,0,nscratch,nscratch-ffff9808a03be000,0,0,774434370749,15605839116,0,0,23020,0,0,0,0,0,0,0,0,0,0,0,0,0,0,0,0,0,0,0,0,0,0,0,0,179,0,0,0
1743620035.001980,600960,21068470,0,pscratch,pscratch-ffff9808886c4000,0,0,298417305668,668688030543,0,0,11468,0,0,0,0,0,0,0,0,0,0,0,0,0,0,0,0,0,0,0,0,0,0,0,0,1257,0,0,0
1743620036.001465,600960,21068470,0,nscratch,nscratch-ffff9808a03be000,0,0,774434370749,15605839116,0,0,23020,0,0,0,0,0,0,0,0,0,0,0,0,0,0,0,0,0,0,0,0,0,0,0,0,179,0,0,0
1743620036.001536,600960,21068470,0,pscratch,pscratch-ffff9808886c4000,0,0,298417305668,668688030543,0,0,11468,0,0,0,0,0,0,0,0,0,0,0,0,0,0,0,0,0,0,0,0,0,0,0,0,1257,0,0,0
1743620037.001823,600960,21068470,0,nscratch,nscratch-ffff9808a03be000,0,0,774434370749,15605839116,0,0,23020,0,0,0,0,0,0,0,0,0,0,0,0,0,0,0,0,0,0,0,0,0,0,0,0,179,0,0,0
1743620037.001892,600960,21068470,0,pscratch,pscratch-ffff9808886c4000,0,0,298417305668,668688030543,0,0,11468,0,0,0,0,0,0,0,0,0,0,0,0,0,0,0,0,0,0,0,0,0,0,0,0,1257,0,0,0
1743620038.002055,600960,21068470,0,nscratch,nscratch-ffff9808a03be000,0,0,774434370749,15605839116,0,0,23020,0,0,0,0,0,0,0,0,0,0,0,0,0,0,0,0,0,0,0,0,0,0,0,0,179,0,0,0
1743620038.002126,600960,21068470,0,pscratch,pscratch-ffff9808886c4000,0,0,298417305668,668688030543,0,0,11468,0,0,0,0,0,0,0,0,0,0,0,0,0,0,0,0,0,0,0,0,0,0,0,0,1257,0,0,0
1743620039.001506,600960,21068470,0,nscratch,nscratch-ffff9808a03be000,0,0,774434370749,15605839116,0,0,23020,0,0,0,0,0,0,0,0,0,0,0,0,0,0,0,0,0,0,0,0,0,0,0,0,179,0,0,0
1743620039.001575,600960,21068470,0,pscratch,pscratch-ffff9808886c4000,0,0,298417305668,668688030543,0,0,11468,0,0,0,0,0,0,0,0,0,0,0,0,0,0,0,0,0,0,0,0,0,0,0,0,1257,0,0,0
1743620045.001691,600960,21068470,0,nscratch,nscratch-ffff9808a03be000,0,0,774434370749,15605839116,0,0,23020,0,0,0,0,0,0,0,0,0,0,0,0,0,0,0,0,0,0,0,0,0,0,0,0,179,0,0,0
1743620045.001760,600960,21068470,0,pscratch,pscratch-ffff9808886c4000,0,0,298417305668,668688030543,0,0,11468,0,0,0,0,0,0,0,0,0,0,0,0,0,0,0,0,0,0,0,0,0,0,0,0,1257,0,0,0
1743620046.002076,600960,21068470,0,nscratch,nscratch-ffff9808a03be000,0,0,774434370749,15605839116,0,0,23020,0,0,0,0,0,0,0,0,0,0,0,0,0,0,0,0,0,0,0,0,0,0,0,0,179,0,0,0
1743620046.002151,600960,21068470,0,pscratch,pscratch-ffff9808886c4000,0,0,298417305668,668688030543,0,0,11468,0,0,0,0,0,0,0,0,0,0,0,0,0,0,0,0,0,0,0,0,0,0,0,0,1257,0,0,0
1743620047.001425,600960,21068470,0,nscratch,nscratch-ffff9808a03be000,0,0,774434370749,15605839116,0,0,23020,0,0,0,0,0,0,0,0,0,0,0,0,0,0,0,0,0,0,0,0,0,0,0,0,179,0,0,0
1743620047.001518,600960,21068470,0,pscratch,pscratch-ffff9808886c4000,0,0,298417305668,668688030543,0,0,11468,0,0,0,0,0,0,0,0,0,0,0,0,0,0,0,0,0,0,0,0,0,0,0,0,1257,0,0,0
1743620048.001306,600960,21068470,0,nscratch,nscratch-ffff9808a03be000,0,0,774434370749,15605839116,0,0,23020,0,0,0,0,0,0,0,0,0,0,0,0,0,0,0,0,0,0,0,0,0,0,0,0,179,0,0,0
1743620048.001404,600960,21068470,0,pscratch,pscratch-ffff9808886c4000,0,0,298417305668,668688030543,0,0,11468,0,0,0,0,0,0,0,0,0,0,0,0,0,0,0,0,0,0,0,0,0,0,0,0,1257,0,0,0
1743620049.001775,600960,21068470,0,nscratch,nscratch-ffff9808a03be000,0,0,774434370749,15605839116,0,0,23020,0,0,0,0,0,0,0,0,0,0,0,0,0,0,0,0,0,0,0,0,0,0,0,0,179,0,0,0
1743620049.001873,600960,21068470,0,pscratch,pscratch-ffff9808886c4000,0,0,298417305668,668688030543,0,0,11468,0,0,0,0,0,0,0,0,0,0,0,0,0,0,0,0,0,0,0,0,0,0,0,0,1257,0,0,0
1743620050.002057,600960,21068470,0,nscratch,nscratch-ffff9808a03be000,0,0,774434370749,15605839116,0,0,23020,0,0,0,0,0,0,0,0,0,0,0,0,0,0,0,0,0,0,0,0,0,0,0,0,179,0,0,0
1743620050.002163,600960,21068470,0,pscratch,pscratch-ffff9808886c4000,0,0,298417305668,668688030543,0,0,11468,0,0,0,0,0,0,0,0,0,0,0,0,0,0,0,0,0,0,0,0,0,0,0,0,1257,0,0,0
1743620051.001321,600960,21068470,0,nscratch,nscratch-ffff9808a03be000,0,0,774434370749,15605839116,0,0,23020,0,0,0,0,0,0,0,0,0,0,0,0,0,0,0,0,0,0,0,0,0,0,0,0,179,0,0,0
1743620051.001435,600960,21068470,0,pscratch,pscratch-ffff9808886c4000,0,0,298417305668,668688030543,0,0,11468,0,0,0,0,0,0,0,0,0,0,0,0,0,0,0,0,0,0,0,0,0,0,0,0,1257,0,0,0
1743620052.001811,600960,21068470,0,nscratch,nscratch-ffff9808a03be000,0,0,774434370749,15605839116,0,0,23020,0,0,0,0,0,0,0,0,0,0,0,0,0,0,0,0,0,0,0,0,0,0,0,0,179,0,0,0
1743620052.001917,600960,21068470,0,pscratch,pscratch-ffff9808886c4000,0,0,298417305668,668688030543,0,0,11468,0,0,0,0,0,0,0,0,0,0,0,0,0,0,0,0,0,0,0,0,0,0,0,0,1257,0,0,0
1743620053.002054,600960,21068470,0,nscratch,nscratch-ffff9808a03be000,0,0,774434370749,15605839116,0,0,23020,0,0,0,0,0,0,0,0,0,0,0,0,0,0,0,0,0,0,0,0,0,0,0,0,179,0,0,0
1743620053.002124,600960,21068470,0,pscratch,pscratch-ffff9808886c4000,0,0,298417305668,668688030543,0,0,11468,0,0,0,0,0,0,0,0,0,0,0,0,0,0,0,0,0,0,0,0,0,0,0,0,1257,0,0,0
1743620054.001471,600960,21068470,0,nscratch,nscratch-ffff9808a03be000,0,0,774434370749,15605839116,0,0,23020,0,0,0,0,0,0,0,0,0,0,0,0,0,0,0,0,0,0,0,0,0,0,0,0,179,0,0,0
1743620054.001539,600960,21068470,0,pscratch,pscratch-ffff9808886c4000,0,0,298417305668,668688030543,0,0,11468,0,0,0,0,0,0,0,0,0,0,0,0,0,0,0,0,0,0,0,0,0,0,0,0,1257,0,0,0
1743620055.001827,600960,21068470,0,nscratch,nscratch-ffff9808a03be000,0,0,774434370749,15605839116,0,0,23020,0,0,0,0,0,0,0,0,0,0,0,0,0,0,0,0,0,0,0,0,0,0,0,0,179,0,0,0
1743620055.001895,600960,21068470,0,pscratch,pscratch-ffff9808886c4000,0,0,298417305668,668688030543,0,0,11468,0,0,0,0,0,0,0,0,0,0,0,0,0,0,0,0,0,0,0,0,0,0,0,0,1257,0,0,0
1743620056.002062,600960,21068470,0,nscratch,nscratch-ffff9808a03be000,0,0,774434370749,15605839116,0,0,23020,0,0,0,0,0,0,0,0,0,0,0,0,0,0,0,0,0,0,0,0,0,0,0,0,179,0,0,0
1743620056.002133,600960,21068470,0,pscratch,pscratch-ffff9808886c4000,0,0,298417305668,668688030543,0,0,11468,0,0,0,0,0,0,0,0,0,0,0,0,0,0,0,0,0,0,0,0,0,0,0,0,1257,0,0,0
1743620057.001473,600960,21068470,0,nscratch,nscratch-ffff9808a03be000,0,0,774434370749,15605839116,0,0,23020,0,0,0,0,0,0,0,0,0,0,0,0,0,0,0,0,0,0,0,0,0,0,0,0,179,0,0,0
1743620057.001541,600960,21068470,0,pscratch,pscratch-ffff9808886c4000,0,0,298417305668,668688030543,0,0,11468,0,0,0,0,0,0,0,0,0,0,0,0,0,0,0,0,0,0,0,0,0,0,0,0,1257,0,0,0
1743620058.001826,600960,21068470,0,nscratch,nscratch-ffff9808a03be000,0,0,774434370749,15605839116,0,0,23020,0,0,0,0,0,0,0,0,0,0,0,0,0,0,0,0,0,0,0,0,0,0,0,0,179,0,0,0
1743620058.001893,600960,21068470,0,pscratch,pscratch-ffff9808886c4000,0,0,298417305668,668688030543,0,0,11468,0,0,0,0,0,0,0,0,0,0,0,0,0,0,0,0,0,0,0,0,0,0,0,0,1257,0,0,0
1743620059.002031,600960,21068470,0,nscratch,nscratch-ffff9808a03be000,0,0,774434370749,15605839116,0,0,23020,0,0,0,0,0,0,0,0,0,0,0,0,0,0,0,0,0,0,0,0,0,0,0,0,179,0,0,0
1743620059.002100,600960,21068470,0,pscratch,pscratch-ffff9808886c4000,0,0,298417305668,668688030543,0,0,11468,0,0,0,0,0,0,0,0,0,0,0,0,0,0,0,0,0,0,0,0,0,0,0,0,1257,0,0,0
1743620065.001906,600960,21068470,0,nscratch,nscratch-ffff9808a03be000,0,0,774434370749,15605839116,0,0,23020,0,0,0,0,0,0,0,0,0,0,0,0,0,0,0,0,0,0,0,0,0,0,0,0,179,0,0,0
1743620065.001999,600960,21068470,0,pscratch,pscratch-ffff9808886c4000,0,0,298417305668,668688030543,0,0,11468,0,0,0,0,0,0,0,0,0,0,0,0,0,0,0,0,0,0,0,0,0,0,0,0,1257,0,0,0
1743620066.001326,600960,21068470,0,nscratch,nscratch-ffff9808a03be000,0,0,774434370749,15605839116,0,0,23020,0,0,0,0,0,0,0,0,0,0,0,0,0,0,0,0,0,0,0,0,0,0,0,0,179,0,0,0
1743620066.001410,600960,21068470,0,pscratch,pscratch-ffff9808886c4000,0,0,298417305668,668688030543,0,0,11468,0,0,0,0,0,0,0,0,0,0,0,0,0,0,0,0,0,0,0,0,0,0,0,0,1257,0,0,0
1743620067.001831,600960,21068470,0,nscratch,nscratch-ffff9808a03be000,0,0,774434370749,15605839116,0,0,23020,0,0,0,0,0,0,0,0,0,0,0,0,0,0,0,0,0,0,0,0,0,0,0,0,179,0,0,0
1743620067.001904,600960,21068470,0,pscratch,pscratch-ffff9808886c4000,0,0,298417305668,668688030543,0,0,11468,0,0,0,0,0,0,0,0,0,0,0,0,0,0,0,0,0,0,0,0,0,0,0,0,1257,0,0,0
1743620068.002061,600960,21068470,0,nscratch,nscratch-ffff9808a03be000,0,0,774434370749,15605839116,0,0,23020,0,0,0,0,0,0,0,0,0,0,0,0,0,0,0,0,0,0,0,0,0,0,0,0,179,0,0,0
1743620068.002131,600960,21068470,0,pscratch,pscratch-ffff9808886c4000,0,0,298417305668,668688030543,0,0,11468,0,0,0,0,0,0,0,0,0,0,0,0,0,0,0,0,0,0,0,0,0,0,0,0,1257,0,0,0
1743620069.001552,600960,21068470,0,nscratch,nscratch-ffff9808a03be000,0,0,774434370749,15605839116,0,0,23020,0,0,0,0,0,0,0,0,0,0,0,0,0,0,0,0,0,0,0,0,0,0,0,0,179,0,0,0
1743620069.001616,600960,21068470,0,pscratch,pscratch-ffff9808886c4000,0,0,298417305668,668688030543,0,0,11468,0,0,0,0,0,0,0,0,0,0,0,0,0,0,0,0,0,0,0,0,0,0,0,0,1257,0,0,0
1743620070.001897,600960,21068470,0,nscratch,nscratch-ffff9808a03be000,0,0,774434370749,15605839116,0,0,23020,0,0,0,0,0,0,0,0,0,0,0,0,0,0,0,0,0,0,0,0,0,0,0,0,179,0,0,0
1743620070.001976,600960,21068470,0,pscratch,pscratch-ffff9808886c4000,0,0,298417305668,668688030543,0,0,11468,0,0,0,0,0,0,0,0,0,0,0,0,0,0,0,0,0,0,0,0,0,0,0,0,1257,0,0,0
1743620071.002141,600960,21068470,0,nscratch,nscratch-ffff9808a03be000,0,0,774434370749,15605839116,0,0,23020,0,0,0,0,0,0,0,0,0,0,0,0,0,0,0,0,0,0,0,0,0,0,0,0,179,0,0,0
1743620071.002212,600960,21068470,0,pscratch,pscratch-ffff9808886c4000,0,0,298417305668,668688030543,0,0,11468,0,0,0,0,0,0,0,0,0,0,0,0,0,0,0,0,0,0,0,0,0,0,0,0,1257,0,0,0
1743620072.001671,600960,21068470,0,nscratch,nscratch-ffff9808a03be000,0,0,774434370749,15605839116,0,0,23020,0,0,0,0,0,0,0,0,0,0,0,0,0,0,0,0,0,0,0,0,0,0,0,0,179,0,0,0
1743620072.001740,600960,21068470,0,pscratch,pscratch-ffff9808886c4000,0,0,298417305668,668688030543,0,0,11468,0,0,0,0,0,0,0,0,0,0,0,0,0,0,0,0,0,0,0,0,0,0,0,0,1257,0,0,0
1743620073.002065,600960,21068470,0,nscratch,nscratch-ffff9808a03be000,0,0,774434370749,15605839116,0,0,23020,0,0,0,0,0,0,0,0,0,0,0,0,0,0,0,0,0,0,0,0,0,0,0,0,179,0,0,0
1743620073.002150,600960,21068470,0,pscratch,pscratch-ffff9808886c4000,0,0,298417305668,668688030543,0,0,11468,0,0,0,0,0,0,0,0,0,0,0,0,0,0,0,0,0,0,0,0,0,0,0,0,1257,0,0,0
1743620078.002028,600960,21068470,0,nscratch,nscratch-ffff9808a03be000,0,0,774434370749,15605839116,0,0,23020,0,0,0,0,0,0,0,0,0,0,0,0,0,0,0,0,0,0,0,0,0,0,0,0,179,0,0,0
1743620078.002099,600960,21068470,0,pscratch,pscratch-ffff9808886c4000,0,0,298417305668,668688030543,0,0,11468,0,0,0,0,0,0,0,0,0,0,0,0,0,0,0,0,0,0,0,0,0,0,0,0,1257,0,0,0
1743620080.001651,600960,21068470,0,nscratch,nscratch-ffff9808a03be000,0,0,774434370749,15605839116,0,0,23020,0,0,0,0,0,0,0,0,0,0,0,0,0,0,0,0,0,0,0,0,0,0,0,0,179,0,0,0
1743620080.001732,600960,21068470,0,pscratch,pscratch-ffff9808886c4000,0,0,298417305668,668688030543,0,0,11468,0,0,0,0,0,0,0,0,0,0,0,0,0,0,0,0,0,0,0,0,0,0,0,0,1257,0,0,0
1743620081.002149,600960,21068470,0,nscratch,nscratch-ffff9808a03be000,0,0,774434370749,15605839116,0,0,23020,0,0,0,0,0,0,0,0,0,0,0,0,0,0,0,0,0,0,0,0,0,0,0,0,179,0,0,0
1743620081.002219,600960,21068470,0,pscratch,pscratch-ffff9808886c4000,0,0,298417305668,668688030543,0,0,11468,0,0,0,0,0,0,0,0,0,0,0,0,0,0,0,0,0,0,0,0,0,0,0,0,1257,0,0,0
1743620082.001482,600960,21068470,0,nscratch,nscratch-ffff9808a03be000,0,0,774434370749,15605839116,0,0,23020,0,0,0,0,0,0,0,0,0,0,0,0,0,0,0,0,0,0,0,0,0,0,0,0,179,0,0,0
1743620082.001549,600960,21068470,0,pscratch,pscratch-ffff9808886c4000,0,0,298417305668,668688030543,0,0,11468,0,0,0,0,0,0,0,0,0,0,0,0,0,0,0,0,0,0,0,0,0,0,0,0,1257,0,0,0
1743620095.001547,600960,21068470,0,nscratch,nscratch-ffff9808a03be000,0,0,774434370749,15605839116,0,0,23020,0,0,0,0,0,0,0,0,0,0,0,0,0,0,0,0,0,0,0,0,0,0,0,0,179,0,0,0
1743620095.001619,600960,21068470,0,pscratch,pscratch-ffff9808886c4000,0,0,298417305668,668688030543,0,0,11468,0,0,0,0,0,0,0,0,0,0,0,0,0,0,0,0,0,0,0,0,0,0,0,0,1257,0,0,0
1743620097.001173,600960,21068470,0,nscratch,nscratch-ffff9808a03be000,0,0,774434370749,15605839116,0,0,23020,0,0,0,0,0,0,0,0,0,0,0,0,0,0,0,0,0,0,0,0,0,0,0,0,179,0,0,0
1743620097.001238,600960,21068470,0,pscratch,pscratch-ffff9808886c4000,0,0,298417305668,668688030543,0,0,11468,0,0,0,0,0,0,0,0,0,0,0,0,0,0,0,0,0,0,0,0,0,0,0,0,1257,0,0,0
1743620098.001374,600960,21068470,0,nscratch,nscratch-ffff9808a03be000,0,0,774434370749,15605839116,0,0,23020,0,0,0,0,0,0,0,0,0,0,0,0,0,0,0,0,0,0,0,0,0,0,0,0,179,0,0,0
1743620098.001442,600960,21068470,0,pscratch,pscratch-ffff9808886c4000,0,0,298417305668,668688030543,0,0,11468,0,0,0,0,0,0,0,0,0,0,0,0,0,0,0,0,0,0,0,0,0,0,0,0,1257,0,0,0
1743620099.001834,600960,21068470,0,nscratch,nscratch-ffff9808a03be000,0,0,774434370749,15605839116,0,0,23020,0,0,0,0,0,0,0,0,0,0,0,0,0,0,0,0,0,0,0,0,0,0,0,0,179,0,0,0
1743620099.001903,600960,21068470,0,pscratch,pscratch-ffff9808886c4000,0,0,298417305668,668688030543,0,0,11468,0,0,0,0,0,0,0,0,0,0,0,0,0,0,0,0,0,0,0,0,0,0,0,0,1257,0,0,0
1743620101.001385,600960,21068470,0,nscratch,nscratch-ffff9808a03be000,0,0,774434370749,15605839116,0,0,23020,0,0,0,0,0,0,0,0,0,0,0,0,0,0,0,0,0,0,0,0,0,0,0,0,179,0,0,0
1743620101.001451,600960,21068470,0,pscratch,pscratch-ffff9808886c4000,0,0,298417305668,668688030543,0,0,11468,0,0,0,0,0,0,0,0,0,0,0,0,0,0,0,0,0,0,0,0,0,0,0,0,1257,0,0,0
1743620102.001861,600960,21068470,0,nscratch,nscratch-ffff9808a03be000,0,0,774434370749,15605839116,0,0,23020,0,0,0,0,0,0,0,0,0,0,0,0,0,0,0,0,0,0,0,0,0,0,0,0,179,0,0,0
1743620102.001935,600960,21068470,0,pscratch,pscratch-ffff9808886c4000,0,0,298417305668,668688030543,0,0,11468,0,0,0,0,0,0,0,0,0,0,0,0,0,0,0,0,0,0,0,0,0,0,0,0,1257,0,0,0
1743620103.002243,600960,21068470,0,nscratch,nscratch-ffff9808a03be000,0,0,774434370749,15605839116,0,0,23020,0,0,0,0,0,0,0,0,0,0,0,0,0,0,0,0,0,0,0,0,0,0,0,0,179,0,0,0
1743620103.002329,600960,21068470,0,pscratch,pscratch-ffff9808886c4000,0,0,298417305668,668688030543,0,0,11468,0,0,0,0,0,0,0,0,0,0,0,0,0,0,0,0,0,0,0,0,0,0,0,0,1257,0,0,0
1743620104.001586,600960,21068470,0,nscratch,nscratch-ffff9808a03be000,0,0,774434370749,15605839116,0,0,23020,0,0,0,0,0,0,0,0,0,0,0,0,0,0,0,0,0,0,0,0,0,0,0,0,179,0,0,0
1743620104.001740,600960,21068470,0,pscratch,pscratch-ffff9808886c4000,0,0,298417305668,668688030543,0,0,11468,0,0,0,0,0,0,0,0,0,0,0,0,0,0,0,0,0,0,0,0,0,0,0,0,1257,0,0,0
1743620105.002118,600960,21068470,0,nscratch,nscratch-ffff9808a03be000,0,0,774434370749,15605839116,0,0,23020,0,0,0,0,0,0,0,0,0,0,0,0,0,0,0,0,0,0,0,0,0,0,0,0,179,0,0,0
1743620105.002188,600960,21068470,0,pscratch,pscratch-ffff9808886c4000,0,0,298417305668,668688030543,0,0,11468,0,0,0,0,0,0,0,0,0,0,0,0,0,0,0,0,0,0,0,0,0,0,0,0,1257,0,0,0
1743620106.001447,600960,21068470,0,nscratch,nscratch-ffff9808a03be000,0,0,774434370749,15605839116,0,0,23020,0,0,0,0,0,0,0,0,0,0,0,0,0,0,0,0,0,0,0,0,0,0,0,0,179,0,0,0
1743620106.001518,600960,21068470,0,pscratch,pscratch-ffff9808886c4000,0,0,298417305668,668688030543,0,0,11468,0,0,0,0,0,0,0,0,0,0,0,0,0,0,0,0,0,0,0,0,0,0,0,0,1257,0,0,0
1743620112.002060,600960,21068470,0,nscratch,nscratch-ffff9808a03be000,0,0,774434370749,15605839116,0,0,23020,0,0,0,0,0,0,0,0,0,0,0,0,0,0,0,0,0,0,0,0,0,0,0,0,179,0,0,0
1743620112.002125,600960,21068470,0,pscratch,pscratch-ffff9808886c4000,0,0,298417305668,668688030543,0,0,11468,0,0,0,0,0,0,0,0,0,0,0,0,0,0,0,0,0,0,0,0,0,0,0,0,1257,0,0,0
1743620113.001387,600960,21068470,0,nscratch,nscratch-ffff9808a03be000,0,0,774434370749,15605839116,0,0,23020,0,0,0,0,0,0,0,0,0,0,0,0,0,0,0,0,0,0,0,0,0,0,0,0,179,0,0,0
1743620113.001560,600960,21068470,0,pscratch,pscratch-ffff9808886c4000,0,0,298417305668,668688030543,0,0,11468,0,0,0,0,0,0,0,0,0,0,0,0,0,0,0,0,0,0,0,0,0,0,0,0,1257,0,0,0
1743620115.001536,600960,21068470,0,nscratch,nscratch-ffff9808a03be000,0,0,774434370749,15605839116,0,0,23020,0,0,0,0,0,0,0,0,0,0,0,0,0,0,0,0,0,0,0,0,0,0,0,0,179,0,0,0
1743620115.001599,600960,21068470,0,pscratch,pscratch-ffff9808886c4000,0,0,298417305668,668688030543,0,0,11468,0,0,0,0,0,0,0,0,0,0,0,0,0,0,0,0,0,0,0,0,0,0,0,0,1257,0,0,0
1743620116.001756,600960,21068470,0,nscratch,nscratch-ffff9808a03be000,0,0,774434370749,15605839116,0,0,23020,0,0,0,0,0,0,0,0,0,0,0,0,0,0,0,0,0,0,0,0,0,0,0,0,179,0,0,0
1743620116.001827,600960,21068470,0,pscratch,pscratch-ffff9808886c4000,0,0,298417305668,668688030543,0,0,11468,0,0,0,0,0,0,0,0,0,0,0,0,0,0,0,0,0,0,0,0,0,0,0,0,1257,0,0,0
1743620117.002173,600960,21068470,0,nscratch,nscratch-ffff9808a03be000,0,0,774434370749,15605839116,0,0,23020,0,0,0,0,0,0,0,0,0,0,0,0,0,0,0,0,0,0,0,0,0,0,0,0,179,0,0,0
1743620117.002259,600960,21068470,0,pscratch,pscratch-ffff9808886c4000,0,0,298417305668,668688030543,0,0,11468,0,0,0,0,0,0,0,0,0,0,0,0,0,0,0,0,0,0,0,0,0,0,0,0,1257,0,0,0
1743620118.001504,600960,21068470,0,nscratch,nscratch-ffff9808a03be000,0,0,774434370749,15605839116,0,0,23020,0,0,0,0,0,0,0,0,0,0,0,0,0,0,0,0,0,0,0,0,0,0,0,0,179,0,0,0
1743620118.001571,600960,21068470,0,pscratch,pscratch-ffff9808886c4000,0,0,298417305668,668688030543,0,0,11468,0,0,0,0,0,0,0,0,0,0,0,0,0,0,0,0,0,0,0,0,0,0,0,0,1257,0,0,0
1743620119.001717,600960,21068470,0,nscratch,nscratch-ffff9808a03be000,0,0,774434370749,15605839116,0,0,23020,0,0,0,0,0,0,0,0,0,0,0,0,0,0,0,0,0,0,0,0,0,0,0,0,179,0,0,0
1743620119.001788,600960,21068470,0,pscratch,pscratch-ffff9808886c4000,0,0,298417305668,668688030543,0,0,11468,0,0,0,0,0,0,0,0,0,0,0,0,0,0,0,0,0,0,0,0,0,0,0,0,1257,0,0,0
1743620120.002155,600960,21068470,0,nscratch,nscratch-ffff9808a03be000,0,0,774434370749,15605839116,0,0,23020,0,0,0,0,0,0,0,0,0,0,0,0,0,0,0,0,0,0,0,0,0,0,0,0,179,0,0,0
1743620120.002228,600960,21068470,0,pscratch,pscratch-ffff9808886c4000,0,0,298417305668,668688030543,0,0,11468,0,0,0,0,0,0,0,0,0,0,0,0,0,0,0,0,0,0,0,0,0,0,0,0,1257,0,0,0
1743620121.001496,600960,21068470,0,nscratch,nscratch-ffff9808a03be000,0,0,774434370749,15605839116,0,0,23020,0,0,0,0,0,0,0,0,0,0,0,0,0,0,0,0,0,0,0,0,0,0,0,0,179,0,0,0
1743620121.001564,600960,21068470,0,pscratch,pscratch-ffff9808886c4000,0,0,298417305668,668688030543,0,0,11468,0,0,0,0,0,0,0,0,0,0,0,0,0,0,0,0,0,0,0,0,0,0,0,0,1257,0,0,0
1743620122.001701,600960,21068470,0,nscratch,nscratch-ffff9808a03be000,0,0,774434370749,15605839116,0,0,23020,0,0,0,0,0,0,0,0,0,0,0,0,0,0,0,0,0,0,0,0,0,0,0,0,179,0,0,0
1743620122.001770,600960,21068470,0,pscratch,pscratch-ffff9808886c4000,0,0,298417305668,668688030543,0,0,11468,0,0,0,0,0,0,0,0,0,0,0,0,0,0,0,0,0,0,0,0,0,0,0,0,1257,0,0,0
1743620123.002117,600960,21068470,0,nscratch,nscratch-ffff9808a03be000,0,0,774434370749,15605839116,0,0,23020,0,0,0,0,0,0,0,0,0,0,0,0,0,0,0,0,0,0,0,0,0,0,0,0,179,0,0,0
1743620123.002186,600960,21068470,0,pscratch,pscratch-ffff9808886c4000,0,0,298417305668,668688030543,0,0,11468,0,0,0,0,0,0,0,0,0,0,0,0,0,0,0,0,0,0,0,0,0,0,0,0,1257,0,0,0
1743620124.001426,600960,21068470,0,nscratch,nscratch-ffff9808a03be000,0,0,774434370749,15605839116,0,0,23020,0,0,0,0,0,0,0,0,0,0,0,0,0,0,0,0,0,0,0,0,0,0,0,0,179,0,0,0
1743620124.001490,600960,21068470,0,pscratch,pscratch-ffff9808886c4000,0,0,298417305668,668688030543,0,0,11468,0,0,0,0,0,0,0,0,0,0,0,0,0,0,0,0,0,0,0,0,0,0,0,0,1257,0,0,0
1743620125.001626,600960,21068470,0,nscratch,nscratch-ffff9808a03be000,0,0,774434370749,15605839116,0,0,23020,0,0,0,0,0,0,0,0,0,0,0,0,0,0,0,0,0,0,0,0,0,0,0,0,179,0,0,0
1743620125.001695,600960,21068470,0,pscratch,pscratch-ffff9808886c4000,0,0,298417305668,668688030543,0,0,11468,0,0,0,0,0,0,0,0,0,0,0,0,0,0,0,0,0,0,0,0,0,0,0,0,1257,0,0,0
1743620126.002038,600960,21068470,0,nscratch,nscratch-ffff9808a03be000,0,0,774434370749,15605839116,0,0,23020,0,0,0,0,0,0,0,0,0,0,0,0,0,0,0,0,0,0,0,0,0,0,0,0,179,0,0,0
1743620126.002106,600960,21068470,0,pscratch,pscratch-ffff9808886c4000,0,0,298417305668,668688030543,0,0,11468,0,0,0,0,0,0,0,0,0,0,0,0,0,0,0,0,0,0,0,0,0,0,0,0,1257,0,0,0
1743620127.001380,600960,21068470,0,nscratch,nscratch-ffff9808a03be000,0,0,774434370749,15605839116,0,0,23020,0,0,0,0,0,0,0,0,0,0,0,0,0,0,0,0,0,0,0,0,0,0,0,0,179,0,0,0
1743620127.001469,600960,21068470,0,pscratch,pscratch-ffff9808886c4000,0,0,298417305668,668688030543,0,0,11468,0,0,0,0,0,0,0,0,0,0,0,0,0,0,0,0,0,0,0,0,0,0,0,0,1257,0,0,0
1743620128.001611,600960,21068470,0,nscratch,nscratch-ffff9808a03be000,0,0,774434370749,15605839116,0,0,23020,0,0,0,0,0,0,0,0,0,0,0,0,0,0,0,0,0,0,0,0,0,0,0,0,179,0,0,0
1743620128.001698,600960,21068470,0,pscratch,pscratch-ffff9808886c4000,0,0,298417305668,668688030543,0,0,11468,0,0,0,0,0,0,0,0,0,0,0,0,0,0,0,0,0,0,0,0,0,0,0,0,1257,0,0,0
1743620129.002068,600960,21068470,0,nscratch,nscratch-ffff9808a03be000,0,0,774434370749,15605839116,0,0,23020,0,0,0,0,0,0,0,0,0,0,0,0,0,0,0,0,0,0,0,0,0,0,0,0,179,0,0,0
1743620129.002139,600960,21068470,0,pscratch,pscratch-ffff9808886c4000,0,0,298417305668,668688030543,0,0,11468,0,0,0,0,0,0,0,0,0,0,0,0,0,0,0,0,0,0,0,0,0,0,0,0,1257,0,0,0
1743620130.001412,600960,21068470,0,nscratch,nscratch-ffff9808a03be000,0,0,774434370749,15605839116,0,0,23020,0,0,0,0,0,0,0,0,0,0,0,0,0,0,0,0,0,0,0,0,0,0,0,0,179,0,0,0
1743620130.001485,600960,21068470,0,pscratch,pscratch-ffff9808886c4000,0,0,298417305668,668688030543,0,0,11468,0,0,0,0,0,0,0,0,0,0,0,0,0,0,0,0,0,0,0,0,0,0,0,0,1257,0,0,0
1743620131.001608,600960,21068470,0,nscratch,nscratch-ffff9808a03be000,0,0,774434370749,15605839116,0,0,23020,0,0,0,0,0,0,0,0,0,0,0,0,0,0,0,0,0,0,0,0,0,0,0,0,179,0,0,0
1743620131.001670,600960,21068470,0,pscratch,pscratch-ffff9808886c4000,0,0,298417305668,668688030543,0,0,11468,0,0,0,0,0,0,0,0,0,0,0,0,0,0,0,0,0,0,0,0,0,0,0,0,1257,0,0,0
1743620132.002047,600960,21068470,0,nscratch,nscratch-ffff9808a03be000,0,0,774434370749,15605839116,0,0,23020,0,0,0,0,0,0,0,0,0,0,0,0,0,0,0,0,0,0,0,0,0,0,0,0,179,0,0,0
1743620132.002121,600960,21068470,0,pscratch,pscratch-ffff9808886c4000,0,0,298417305668,668688030543,0,0,11468,0,0,0,0,0,0,0,0,0,0,0,0,0,0,0,0,0,0,0,0,0,0,0,0,1257,0,0,0
1743620133.001383,600960,21068470,0,nscratch,nscratch-ffff9808a03be000,0,0,774434370749,15605839116,0,0,23020,0,0,0,0,0,0,0,0,0,0,0,0,0,0,0,0,0,0,0,0,0,0,0,0,179,0,0,0
1743620133.001448,600960,21068470,0,pscratch,pscratch-ffff9808886c4000,0,0,298417305668,668688030543,0,0,11468,0,0,0,0,0,0,0,0,0,0,0,0,0,0,0,0,0,0,0,0,0,0,0,0,1257,0,0,0
1743620134.001601,600960,21068470,0,nscratch,nscratch-ffff9808a03be000,0,0,774434370749,15605839116,0,0,23020,0,0,0,0,0,0,0,0,0,0,0,0,0,0,0,0,0,0,0,0,0,0,0,0,179,0,0,0
1743620134.001686,600960,21068470,0,pscratch,pscratch-ffff9808886c4000,0,0,298417305668,668688030543,0,0,11468,0,0,0,0,0,0,0,0,0,0,0,0,0,0,0,0,0,0,0,0,0,0,0,0,1257,0,0,0
1743620135.002040,600960,21068470,0,nscratch,nscratch-ffff9808a03be000,0,0,774434370749,15605839116,0,0,23020,0,0,0,0,0,0,0,0,0,0,0,0,0,0,0,0,0,0,0,0,0,0,0,0,179,0,0,0
1743620135.002108,600960,21068470,0,pscratch,pscratch-ffff9808886c4000,0,0,298417305668,668688030543,0,0,11468,0,0,0,0,0,0,0,0,0,0,0,0,0,0,0,0,0,0,0,0,0,0,0,0,1257,0,0,0
1743620136.001353,600960,21068470,0,nscratch,nscratch-ffff9808a03be000,0,0,774434370749,15605839116,0,0,23020,0,0,0,0,0,0,0,0,0,0,0,0,0,0,0,0,0,0,0,0,0,0,0,0,179,0,0,0
1743620136.001418,600960,21068470,0,pscratch,pscratch-ffff9808886c4000,0,0,298417305668,668688030543,0,0,11468,0,0,0,0,0,0,0,0,0,0,0,0,0,0,0,0,0,0,0,0,0,0,0,0,1257,0,0,0
1743620137.001541,600960,21068470,0,nscratch,nscratch-ffff9808a03be000,0,0,774434370749,15605839116,0,0,23020,0,0,0,0,0,0,0,0,0,0,0,0,0,0,0,0,0,0,0,0,0,0,0,0,179,0,0,0
1743620137.001605,600960,21068470,0,pscratch,pscratch-ffff9808886c4000,0,0,298417305668,668688030543,0,0,11468,0,0,0,0,0,0,0,0,0,0,0,0,0,0,0,0,0,0,0,0,0,0,0,0,1257,0,0,0
1743620138.001933,600960,21068470,0,nscratch,nscratch-ffff9808a03be000,0,0,774434370749,15605839116,0,0,23020,0,0,0,0,0,0,0,0,0,0,0,0,0,0,0,0,0,0,0,0,0,0,0,0,179,0,0,0
1743620138.002009,600960,21068470,0,pscratch,pscratch-ffff9808886c4000,0,0,298417305668,668688030543,0,0,11468,0,0,0,0,0,0,0,0,0,0,0,0,0,0,0,0,0,0,0,0,0,0,0,0,1257,0,0,0
1743620139.001269,600960,21068470,0,nscratch,nscratch-ffff9808a03be000,0,0,774434370749,15605839116,0,0,23020,0,0,0,0,0,0,0,0,0,0,0,0,0,0,0,0,0,0,0,0,0,0,0,0,179,0,0,0
1743620139.001354,600960,21068470,0,pscratch,pscratch-ffff9808886c4000,0,0,298417305668,668688030543,0,0,11468,0,0,0,0,0,0,0,0,0,0,0,0,0,0,0,0,0,0,0,0,0,0,0,0,1257,0,0,0
1743620140.001484,600960,21068470,0,nscratch,nscratch-ffff9808a03be000,0,0,774434370749,15605839116,0,0,23020,0,0,0,0,0,0,0,0,0,0,0,0,0,0,0,0,0,0,0,0,0,0,0,0,179,0,0,0
1743620140.001552,600960,21068470,0,pscratch,pscratch-ffff9808886c4000,0,0,298417305668,668688030543,0,0,11468,0,0,0,0,0,0,0,0,0,0,0,0,0,0,0,0,0,0,0,0,0,0,0,0,1257,0,0,0
1743620141.001942,600960,21068470,0,nscratch,nscratch-ffff9808a03be000,0,0,774434370749,15605839116,0,0,23020,0,0,0,0,0,0,0,0,0,0,0,0,0,0,0,0,0,0,0,0,0,0,0,0,179,0,0,0
1743620141.002021,600960,21068470,0,pscratch,pscratch-ffff9808886c4000,0,0,298417305668,668688030543,0,0,11468,0,0,0,0,0,0,0,0,0,0,0,0,0,0,0,0,0,0,0,0,0,0,0,0,1257,0,0,0
1743620142.001323,600960,21068470,0,nscratch,nscratch-ffff9808a03be000,0,0,774434370749,15605839116,0,0,23020,0,0,0,0,0,0,0,0,0,0,0,0,0,0,0,0,0,0,0,0,0,0,0,0,179,0,0,0
1743620142.001391,600960,21068470,0,pscratch,pscratch-ffff9808886c4000,0,0,298417305668,668688030543,0,0,11468,0,0,0,0,0,0,0,0,0,0,0,0,0,0,0,0,0,0,0,0,0,0,0,0,1257,0,0,0
1743620143.001568,600960,21068470,0,nscratch,nscratch-ffff9808a03be000,0,0,774434370749,15605839116,0,0,23020,0,0,0,0,0,0,0,0,0,0,0,0,0,0,0,0,0,0,0,0,0,0,0,0,179,0,0,0
1743620143.001657,600960,21068470,0,pscratch,pscratch-ffff9808886c4000,0,0,298417305668,668688030543,0,0,11468,0,0,0,0,0,0,0,0,0,0,0,0,0,0,0,0,0,0,0,0,0,0,0,0,1257,0,0,0
1743620144.002048,600960,21068470,0,nscratch,nscratch-ffff9808a03be000,0,0,774434370749,15605839116,0,0,23020,0,0,0,0,0,0,0,0,0,0,0,0,0,0,0,0,0,0,0,0,0,0,0,0,179,0,0,0
1743620144.002121,600960,21068470,0,pscratch,pscratch-ffff9808886c4000,0,0,298417305668,668688030543,0,0,11468,0,0,0,0,0,0,0,0,0,0,0,0,0,0,0,0,0,0,0,0,0,0,0,0,1257,0,0,0
1743620145.001383,600960,21068470,0,nscratch,nscratch-ffff9808a03be000,0,0,774434370749,15605839116,0,0,23020,0,0,0,0,0,0,0,0,0,0,0,0,0,0,0,0,0,0,0,0,0,0,0,0,179,0,0,0
1743620145.001449,600960,21068470,0,pscratch,pscratch-ffff9808886c4000,0,0,298417305668,668688030543,0,0,11468,0,0,0,0,0,0,0,0,0,0,0,0,0,0,0,0,0,0,0,0,0,0,0,0,1257,0,0,0
1743620146.001600,600960,21068470,0,nscratch,nscratch-ffff9808a03be000,0,0,774434370749,15605839116,0,0,23020,0,0,0,0,0,0,0,0,0,0,0,0,0,0,0,0,0,0,0,0,0,0,0,0,179,0,0,0
1743620146.001674,600960,21068470,0,pscratch,pscratch-ffff9808886c4000,0,0,298417305668,668688030543,0,0,11468,0,0,0,0,0,0,0,0,0,0,0,0,0,0,0,0,0,0,0,0,0,0,0,0,1257,0,0,0
1743620147.002054,600960,21068470,0,nscratch,nscratch-ffff9808a03be000,0,0,774434370749,15605839116,0,0,23020,0,0,0,0,0,0,0,0,0,0,0,0,0,0,0,0,0,0,0,0,0,0,0,0,179,0,0,0
1743620147.002121,600960,21068470,0,pscratch,pscratch-ffff9808886c4000,0,0,298417305668,668688030543,0,0,11468,0,0,0,0,0,0,0,0,0,0,0,0,0,0,0,0,0,0,0,0,0,0,0,0,1257,0,0,0
1743620148.001361,600960,21068470,0,nscratch,nscratch-ffff9808a03be000,0,0,774434370749,15605839116,0,0,23020,0,0,0,0,0,0,0,0,0,0,0,0,0,0,0,0,0,0,0,0,0,0,0,0,179,0,0,0
1743620148.001427,600960,21068470,0,pscratch,pscratch-ffff9808886c4000,0,0,298417305668,668688030543,0,0,11468,0,0,0,0,0,0,0,0,0,0,0,0,0,0,0,0,0,0,0,0,0,0,0,0,1257,0,0,0
1743620149.001556,600960,21068470,0,nscratch,nscratch-ffff9808a03be000,0,0,774434370749,15605839116,0,0,23020,0,0,0,0,0,0,0,0,0,0,0,0,0,0,0,0,0,0,0,0,0,0,0,0,179,0,0,0
1743620149.001622,600960,21068470,0,pscratch,pscratch-ffff9808886c4000,0,0,298417305668,668688030543,0,0,11468,0,0,0,0,0,0,0,0,0,0,0,0,0,0,0,0,0,0,0,0,0,0,0,0,1257,0,0,0
1743620150.001932,600960,21068470,0,nscratch,nscratch-ffff9808a03be000,0,0,774434370749,15605839116,0,0,23020,0,0,0,0,0,0,0,0,0,0,0,0,0,0,0,0,0,0,0,0,0,0,0,0,179,0,0,0
1743620150.002013,600960,21068470,0,pscratch,pscratch-ffff9808886c4000,0,0,298417305668,668688030543,0,0,11468,0,0,0,0,0,0,0,0,0,0,0,0,0,0,0,0,0,0,0,0,0,0,0,0,1257,0,0,0
1743620151.001262,600960,21068470,0,nscratch,nscratch-ffff9808a03be000,0,0,774434370749,15605839116,0,0,23020,0,0,0,0,0,0,0,0,0,0,0,0,0,0,0,0,0,0,0,0,0,0,0,0,179,0,0,0
1743620151.001347,600960,21068470,0,pscratch,pscratch-ffff9808886c4000,0,0,298417305668,668688030543,0,0,11468,0,0,0,0,0,0,0,0,0,0,0,0,0,0,0,0,0,0,0,0,0,0,0,0,1257,0,0,0
1743620152.001477,600960,21068470,0,nscratch,nscratch-ffff9808a03be000,0,0,774434370749,15605839116,0,0,23020,0,0,0,0,0,0,0,0,0,0,0,0,0,0,0,0,0,0,0,0,0,0,0,0,179,0,0,0
1743620152.001563,600960,21068470,0,pscratch,pscratch-ffff9808886c4000,0,0,298417305668,668688030543,0,0,11468,0,0,0,0,0,0,0,0,0,0,0,0,0,0,0,0,0,0,0,0,0,0,0,0,1257,0,0,0
1743620153.001915,600960,21068470,0,nscratch,nscratch-ffff9808a03be000,0,0,774434370749,15605839116,0,0,23020,0,0,0,0,0,0,0,0,0,0,0,0,0,0,0,0,0,0,0,0,0,0,0,0,179,0,0,0
1743620153.001990,600960,21068470,0,pscratch,pscratch-ffff9808886c4000,0,0,298417305668,668688030543,0,0,11468,0,0,0,0,0,0,0,0,0,0,0,0,0,0,0,0,0,0,0,0,0,0,0,0,1257,0,0,0
1743620154.001254,600960,21068470,0,nscratch,nscratch-ffff9808a03be000,0,0,774434370749,15605839116,0,0,23020,0,0,0,0,0,0,0,0,0,0,0,0,0,0,0,0,0,0,0,0,0,0,0,0,179,0,0,0
1743620154.001321,600960,21068470,0,pscratch,pscratch-ffff9808886c4000,0,0,298417305668,668688030543,0,0,11468,0,0,0,0,0,0,0,0,0,0,0,0,0,0,0,0,0,0,0,0,0,0,0,0,1257,0,0,0
1743620155.001451,600960,21068470,0,nscratch,nscratch-ffff9808a03be000,0,0,774434370749,15605839116,0,0,23020,0,0,0,0,0,0,0,0,0,0,0,0,0,0,0,0,0,0,0,0,0,0,0,0,179,0,0,0
1743620155.001539,600960,21068470,0,pscratch,pscratch-ffff9808886c4000,0,0,298417305668,668688030543,0,0,11468,0,0,0,0,0,0,0,0,0,0,0,0,0,0,0,0,0,0,0,0,0,0,0,0,1257,0,0,0
1743620156.001886,600960,21068470,0,nscratch,nscratch-ffff9808a03be000,0,0,774434370749,15605839116,0,0,23020,0,0,0,0,0,0,0,0,0,0,0,0,0,0,0,0,0,0,0,0,0,0,0,0,179,0,0,0
1743620156.001964,600960,21068470,0,pscratch,pscratch-ffff9808886c4000,0,0,298417305668,668688030543,0,0,11468,0,0,0,0,0,0,0,0,0,0,0,0,0,0,0,0,0,0,0,0,0,0,0,0,1257,0,0,0
1743620157.002220,600960,21068470,0,nscratch,nscratch-ffff9808a03be000,0,0,774434370749,15605839116,0,0,23020,0,0,0,0,0,0,0,0,0,0,0,0,0,0,0,0,0,0,0,0,0,0,0,0,179,0,0,0
1743620157.002291,600960,21068470,0,pscratch,pscratch-ffff9808886c4000,0,0,298417305668,668688030543,0,0,11468,0,0,0,0,0,0,0,0,0,0,0,0,0,0,0,0,0,0,0,0,0,0,0,0,1257,0,0,0
1743620158.001417,600960,21068470,0,nscratch,nscratch-ffff9808a03be000,0,0,774434370749,15605839116,0,0,23020,0,0,0,0,0,0,0,0,0,0,0,0,0,0,0,0,0,0,0,0,0,0,0,0,179,0,0,0
1743620158.001485,600960,21068470,0,pscratch,pscratch-ffff9808886c4000,0,0,298417305668,668688030543,0,0,11468,0,0,0,0,0,0,0,0,0,0,0,0,0,0,0,0,0,0,0,0,0,0,0,0,1257,0,0,0
1743620159.001854,600960,21068470,0,nscratch,nscratch-ffff9808a03be000,0,0,774434370749,15605839116,0,0,23020,0,0,0,0,0,0,0,0,0,0,0,0,0,0,0,0,0,0,0,0,0,0,0,0,179,0,0,0
1743620159.001922,600960,21068470,0,pscratch,pscratch-ffff9808886c4000,0,0,298417305668,668688030543,0,0,11468,0,0,0,0,0,0,0,0,0,0,0,0,0,0,0,0,0,0,0,0,0,0,0,0,1257,0,0,0
1743620160.002204,600960,21068470,0,nscratch,nscratch-ffff9808a03be000,0,0,774434370749,15605839116,0,0,23020,0,0,0,0,0,0,0,0,0,0,0,0,0,0,0,0,0,0,0,0,0,0,0,0,179,0,0,0
1743620160.002278,600960,21068470,0,pscratch,pscratch-ffff9808886c4000,0,0,298417305668,668688030543,0,0,11468,0,0,0,0,0,0,0,0,0,0,0,0,0,0,0,0,0,0,0,0,0,0,0,0,1257,0,0,0
1743620161.001409,600960,21068470,0,nscratch,nscratch-ffff9808a03be000,0,0,774434370749,15605839116,0,0,23020,0,0,0,0,0,0,0,0,0,0,0,0,0,0,0,0,0,0,0,0,0,0,0,0,179,0,0,0
1743620161.001475,600960,21068470,0,pscratch,pscratch-ffff9808886c4000,0,0,298417305668,668688030543,0,0,11468,0,0,0,0,0,0,0,0,0,0,0,0,0,0,0,0,0,0,0,0,0,0,0,0,1257,0,0,0
1743620162.001802,600960,21068470,0,nscratch,nscratch-ffff9808a03be000,0,0,774434370749,15605839116,0,0,23020,0,0,0,0,0,0,0,0,0,0,0,0,0,0,0,0,0,0,0,0,0,0,0,0,179,0,0,0
1743620162.001889,600960,21068470,0,pscratch,pscratch-ffff9808886c4000,0,0,298417305668,668688030543,0,0,11468,0,0,0,0,0,0,0,0,0,0,0,0,0,0,0,0,0,0,0,0,0,0,0,0,1257,0,0,0
1743620163.002147,600960,21068470,0,nscratch,nscratch-ffff9808a03be000,0,0,774434370749,15605839116,0,0,23020,0,0,0,0,0,0,0,0,0,0,0,0,0,0,0,0,0,0,0,0,0,0,0,0,179,0,0,0
1743620163.002214,600960,21068470,0,pscratch,pscratch-ffff9808886c4000,0,0,298417305668,668688030543,0,0,11468,0,0,0,0,0,0,0,0,0,0,0,0,0,0,0,0,0,0,0,0,0,0,0,0,1257,0,0,0
1743620164.001362,600960,21068470,0,nscratch,nscratch-ffff9808a03be000,0,0,774434370749,15605839116,0,0,23020,0,0,0,0,0,0,0,0,0,0,0,0,0,0,0,0,0,0,0,0,0,0,0,0,179,0,0,0
1743620164.001434,600960,21068470,0,pscratch,pscratch-ffff9808886c4000,0,0,298417305668,668688030543,0,0,11468,0,0,0,0,0,0,0,0,0,0,0,0,0,0,0,0,0,0,0,0,0,0,0,0,1257,0,0,0
1743620165.001791,600960,21068470,0,nscratch,nscratch-ffff9808a03be000,0,0,774434370749,15605839116,0,0,23020,0,0,0,0,0,0,0,0,0,0,0,0,0,0,0,0,0,0,0,0,0,0,0,0,179,0,0,0
1743620165.001876,600960,21068470,0,pscratch,pscratch-ffff9808886c4000,0,0,298417305668,668688030543,0,0,11468,0,0,0,0,0,0,0,0,0,0,0,0,0,0,0,0,0,0,0,0,0,0,0,0,1257,0,0,0
1743620166.002142,600960,21068470,0,nscratch,nscratch-ffff9808a03be000,0,0,774434370749,15605839116,0,0,23020,0,0,0,0,0,0,0,0,0,0,0,0,0,0,0,0,0,0,0,0,0,0,0,0,179,0,0,0
1743620166.002212,600960,21068470,0,pscratch,pscratch-ffff9808886c4000,0,0,298417305668,668688030543,0,0,11468,0,0,0,0,0,0,0,0,0,0,0,0,0,0,0,0,0,0,0,0,0,0,0,0,1257,0,0,0
1743620167.001340,600960,21068470,0,nscratch,nscratch-ffff9808a03be000,0,0,774434370749,15605839116,0,0,23020,0,0,0,0,0,0,0,0,0,0,0,0,0,0,0,0,0,0,0,0,0,0,0,0,179,0,0,0
1743620167.001426,600960,21068470,0,pscratch,pscratch-ffff9808886c4000,0,0,298417305668,668688030543,0,0,11468,0,0,0,0,0,0,0,0,0,0,0,0,0,0,0,0,0,0,0,0,0,0,0,0,1257,0,0,0
1743620168.001765,600960,21068470,0,nscratch,nscratch-ffff9808a03be000,0,0,774434370749,15605839116,0,0,23020,0,0,0,0,0,0,0,0,0,0,0,0,0,0,0,0,0,0,0,0,0,0,0,0,179,0,0,0
1743620168.001835,600960,21068470,0,pscratch,pscratch-ffff9808886c4000,0,0,298417305668,668688030543,0,0,11468,0,0,0,0,0,0,0,0,0,0,0,0,0,0,0,0,0,0,0,0,0,0,0,0,1257,0,0,0
1743620169.002152,600960,21068470,0,nscratch,nscratch-ffff9808a03be000,0,0,774434370749,15605839116,0,0,23020,0,0,0,0,0,0,0,0,0,0,0,0,0,0,0,0,0,0,0,0,0,0,0,0,179,0,0,0
1743620169.002220,600960,21068470,0,pscratch,pscratch-ffff9808886c4000,0,0,298417305668,668688030543,0,0,11468,0,0,0,0,0,0,0,0,0,0,0,0,0,0,0,0,0,0,0,0,0,0,0,0,1257,0,0,0
1743620170.001344,600960,21068470,0,nscratch,nscratch-ffff9808a03be000,0,0,774434370749,15605839116,0,0,23020,0,0,0,0,0,0,0,0,0,0,0,0,0,0,0,0,0,0,0,0,0,0,0,0,179,0,0,0
1743620170.001410,600960,21068470,0,pscratch,pscratch-ffff9808886c4000,0,0,298417305668,668688030543,0,0,11468,0,0,0,0,0,0,0,0,0,0,0,0,0,0,0,0,0,0,0,0,0,0,0,0,1257,0,0,0
1743620171.001749,600960,21068470,0,nscratch,nscratch-ffff9808a03be000,0,0,774434370749,15605839116,0,0,23020,0,0,0,0,0,0,0,0,0,0,0,0,0,0,0,0,0,0,0,0,0,0,0,0,179,0,0,0
1743620171.001818,600960,21068470,0,pscratch,pscratch-ffff9808886c4000,0,0,298417305668,668688030543,0,0,11468,0,0,0,0,0,0,0,0,0,0,0,0,0,0,0,0,0,0,0,0,0,0,0,0,1257,0,0,0
1743620172.002074,600960,21068470,0,nscratch,nscratch-ffff9808a03be000,0,0,774434370749,15605839116,0,0,23020,0,0,0,0,0,0,0,0,0,0,0,0,0,0,0,0,0,0,0,0,0,0,0,0,179,0,0,0
1743620172.002141,600960,21068470,0,pscratch,pscratch-ffff9808886c4000,0,0,298417305668,668688030543,0,0,11468,0,0,0,0,0,0,0,0,0,0,0,0,0,0,0,0,0,0,0,0,0,0,0,0,1257,0,0,0
1743620173.001286,600960,21068470,0,nscratch,nscratch-ffff9808a03be000,0,0,774434370749,15605839116,0,0,23020,0,0,0,0,0,0,0,0,0,0,0,0,0,0,0,0,0,0,0,0,0,0,0,0,179,0,0,0
1743620173.001355,600960,21068470,0,pscratch,pscratch-ffff9808886c4000,0,0,298417305668,668688030543,0,0,11468,0,0,0,0,0,0,0,0,0,0,0,0,0,0,0,0,0,0,0,0,0,0,0,0,1257,0,0,0
1743620174.001681,600960,21068470,0,nscratch,nscratch-ffff9808a03be000,0,0,774434370749,15605839116,0,0,23020,0,0,0,0,0,0,0,0,0,0,0,0,0,0,0,0,0,0,0,0,0,0,0,0,179,0,0,0
1743620174.001747,600960,21068470,0,pscratch,pscratch-ffff9808886c4000,0,0,298417305668,668688030543,0,0,11468,0,0,0,0,0,0,0,0,0,0,0,0,0,0,0,0,0,0,0,0,0,0,0,0,1257,0,0,0
1743620175.002029,600960,21068470,0,nscratch,nscratch-ffff9808a03be000,0,0,774434370749,15605839116,0,0,23020,0,0,0,0,0,0,0,0,0,0,0,0,0,0,0,0,0,0,0,0,0,0,0,0,179,0,0,0
1743620175.002101,600960,21068470,0,pscratch,pscratch-ffff9808886c4000,0,0,298417305668,668688030543,0,0,11468,0,0,0,0,0,0,0,0,0,0,0,0,0,0,0,0,0,0,0,0,0,0,0,0,1257,0,0,0
1743620181.002021,600960,21068470,0,nscratch,nscratch-ffff9808a03be000,0,0,774434370749,15605839116,0,0,23020,0,0,0,0,0,0,0,0,0,0,0,0,0,0,0,0,0,0,0,0,0,0,0,0,179,0,0,0
1743620181.002089,600960,21068470,0,pscratch,pscratch-ffff9808886c4000,0,0,298417305668,668688030543,0,0,11468,0,0,0,0,0,0,0,0,0,0,0,0,0,0,0,0,0,0,0,0,0,0,0,0,1257,0,0,0
1743620183.001610,600960,21068470,0,nscratch,nscratch-ffff9808a03be000,0,0,774434370749,15605839116,0,0,23020,0,0,0,0,0,0,0,0,0,0,0,0,0,0,0,0,0,0,0,0,0,0,0,0,179,0,0,0
1743620183.001669,600960,21068470,0,pscratch,pscratch-ffff9808886c4000,0,0,298417305668,668688030543,0,0,11468,0,0,0,0,0,0,0,0,0,0,0,0,0,0,0,0,0,0,0,0,0,0,0,0,1257,0,0,0
1743620184.001991,600960,21068470,0,nscratch,nscratch-ffff9808a03be000,0,0,774434370749,15605839116,0,0,23020,0,0,0,0,0,0,0,0,0,0,0,0,0,0,0,0,0,0,0,0,0,0,0,0,179,0,0,0
1743620184.002066,600960,21068470,0,pscratch,pscratch-ffff9808886c4000,0,0,298417305668,668688030543,0,0,11468,0,0,0,0,0,0,0,0,0,0,0,0,0,0,0,0,0,0,0,0,0,0,0,0,1257,0,0,0
1743620185.001332,600960,21068470,0,nscratch,nscratch-ffff9808a03be000,0,0,774434370749,15605839116,0,0,23020,0,0,0,0,0,0,0,0,0,0,0,0,0,0,0,0,0,0,0,0,0,0,0,0,179,0,0,0
1743620185.001482,600960,21068470,0,pscratch,pscratch-ffff9808886c4000,0,0,298417305668,668688030543,0,0,11468,0,0,0,0,0,0,0,0,0,0,0,0,0,0,0,0,0,0,0,0,0,0,0,0,1257,0,0,0
1743620186.001822,600960,21068470,0,nscratch,nscratch-ffff9808a03be000,0,0,774434370749,15605839116,0,0,23020,0,0,0,0,0,0,0,0,0,0,0,0,0,0,0,0,0,0,0,0,0,0,0,0,179,0,0,0
1743620186.001891,600960,21068470,0,pscratch,pscratch-ffff9808886c4000,0,0,298417305668,668688030543,0,0,11468,0,0,0,0,0,0,0,0,0,0,0,0,0,0,0,0,0,0,0,0,0,0,0,0,1257,0,0,0
1743620187.002149,600960,21068470,0,nscratch,nscratch-ffff9808a03be000,0,0,774434370749,15605839116,0,0,23020,0,0,0,0,0,0,0,0,0,0,0,0,0,0,0,0,0,0,0,0,0,0,0,0,179,0,0,0
1743620187.002215,600960,21068470,0,pscratch,pscratch-ffff9808886c4000,0,0,298417305668,668688030543,0,0,11468,0,0,0,0,0,0,0,0,0,0,0,0,0,0,0,0,0,0,0,0,0,0,0,0,1257,0,0,0
1743620188.001346,600960,21068470,0,nscratch,nscratch-ffff9808a03be000,0,0,774434370749,15605839116,0,0,23020,0,0,0,0,0,0,0,0,0,0,0,0,0,0,0,0,0,0,0,0,0,0,0,0,179,0,0,0
1743620188.001414,600960,21068470,0,pscratch,pscratch-ffff9808886c4000,0,0,298417305668,668688030543,0,0,11468,0,0,0,0,0,0,0,0,0,0,0,0,0,0,0,0,0,0,0,0,0,0,0,0,1257,0,0,0
1743620189.001817,600960,21068470,0,nscratch,nscratch-ffff9808a03be000,0,0,774434370749,15605839116,0,0,23020,0,0,0,0,0,0,0,0,0,0,0,0,0,0,0,0,0,0,0,0,0,0,0,0,179,0,0,0
1743620189.001930,600960,21068470,0,pscratch,pscratch-ffff9808886c4000,0,0,298417305668,668688030543,0,0,11468,0,0,0,0,0,0,0,0,0,0,0,0,0,0,0,0,0,0,0,0,0,0,0,0,1257,0,0,0
1743620190.002184,600960,21068470,0,nscratch,nscratch-ffff9808a03be000,0,0,774434370749,15605839116,0,0,23020,0,0,0,0,0,0,0,0,0,0,0,0,0,0,0,0,0,0,0,0,0,0,0,0,179,0,0,0
1743620190.002255,600960,21068470,0,pscratch,pscratch-ffff9808886c4000,0,0,298417305668,668688030543,0,0,11468,0,0,0,0,0,0,0,0,0,0,0,0,0,0,0,0,0,0,0,0,0,0,0,0,1257,0,0,0
1743620191.001390,600960,21068470,0,nscratch,nscratch-ffff9808a03be000,0,0,774434370749,15605839116,0,0,23020,0,0,0,0,0,0,0,0,0,0,0,0,0,0,0,0,0,0,0,0,0,0,0,0,179,0,0,0
1743620191.001458,600960,21068470,0,pscratch,pscratch-ffff9808886c4000,0,0,298417305668,668688030543,0,0,11468,0,0,0,0,0,0,0,0,0,0,0,0,0,0,0,0,0,0,0,0,0,0,0,0,1257,0,0,0
1743620192.001798,600960,21068470,0,nscratch,nscratch-ffff9808a03be000,0,0,774434370749,15605839116,0,0,23020,0,0,0,0,0,0,0,0,0,0,0,0,0,0,0,0,0,0,0,0,0,0,0,0,179,0,0,0
1743620192.001869,600960,21068470,0,pscratch,pscratch-ffff9808886c4000,0,0,298417305668,668688030543,0,0,11468,0,0,0,0,0,0,0,0,0,0,0,0,0,0,0,0,0,0,0,0,0,0,0,0,1257,0,0,0
1743620193.002132,600960,21068470,0,nscratch,nscratch-ffff9808a03be000,0,0,774434370749,15605839116,0,0,23020,0,0,0,0,0,0,0,0,0,0,0,0,0,0,0,0,0,0,0,0,0,0,0,0,179,0,0,0
1743620193.002202,600960,21068470,0,pscratch,pscratch-ffff9808886c4000,0,0,298417305668,668688030543,0,0,11468,0,0,0,0,0,0,0,0,0,0,0,0,0,0,0,0,0,0,0,0,0,0,0,0,1257,0,0,0
1743620194.001424,600960,21068470,0,nscratch,nscratch-ffff9808a03be000,0,0,774434370749,15605839116,0,0,23020,0,0,0,0,0,0,0,0,0,0,0,0,0,0,0,0,0,0,0,0,0,0,0,0,179,0,0,0
1743620194.001490,600960,21068470,0,pscratch,pscratch-ffff9808886c4000,0,0,298417305668,668688030543,0,0,11468,0,0,0,0,0,0,0,0,0,0,0,0,0,0,0,0,0,0,0,0,0,0,0,0,1257,0,0,0
1743620195.001831,600960,21068470,0,nscratch,nscratch-ffff9808a03be000,0,0,774434370749,15605839116,0,0,23020,0,0,0,0,0,0,0,0,0,0,0,0,0,0,0,0,0,0,0,0,0,0,0,0,179,0,0,0
1743620195.001900,600960,21068470,0,pscratch,pscratch-ffff9808886c4000,0,0,298417305668,668688030543,0,0,11468,0,0,0,0,0,0,0,0,0,0,0,0,0,0,0,0,0,0,0,0,0,0,0,0,1257,0,0,0
1743620196.002195,600960,21068470,0,nscratch,nscratch-ffff9808a03be000,0,0,774434370749,15605839116,0,0,23020,0,0,0,0,0,0,0,0,0,0,0,0,0,0,0,0,0,0,0,0,0,0,0,0,179,0,0,0
1743620196.002264,600960,21068470,0,pscratch,pscratch-ffff9808886c4000,0,0,298417305668,668688030543,0,0,11468,0,0,0,0,0,0,0,0,0,0,0,0,0,0,0,0,0,0,0,0,0,0,0,0,1257,0,0,0
1743620197.001393,600960,21068470,0,nscratch,nscratch-ffff9808a03be000,0,0,774434370749,15605839116,0,0,23020,0,0,0,0,0,0,0,0,0,0,0,0,0,0,0,0,0,0,0,0,0,0,0,0,179,0,0,0
1743620197.001458,600960,21068470,0,pscratch,pscratch-ffff9808886c4000,0,0,298417305668,668688030543,0,0,11468,0,0,0,0,0,0,0,0,0,0,0,0,0,0,0,0,0,0,0,0,0,0,0,0,1257,0,0,0
1743620198.001827,600960,21068470,0,nscratch,nscratch-ffff9808a03be000,0,0,774434370749,15605839116,0,0,23020,0,0,0,0,0,0,0,0,0,0,0,0,0,0,0,0,0,0,0,0,0,0,0,0,179,0,0,0
1743620198.001895,600960,21068470,0,pscratch,pscratch-ffff9808886c4000,0,0,298417305668,668688030543,0,0,11468,0,0,0,0,0,0,0,0,0,0,0,0,0,0,0,0,0,0,0,0,0,0,0,0,1257,0,0,0
1743620199.002151,600960,21068470,0,nscratch,nscratch-ffff9808a03be000,0,0,774434370749,15605839116,0,0,23020,0,0,0,0,0,0,0,0,0,0,0,0,0,0,0,0,0,0,0,0,0,0,0,0,179,0,0,0
1743620199.002219,600960,21068470,0,pscratch,pscratch-ffff9808886c4000,0,0,298417305668,668688030543,0,0,11468,0,0,0,0,0,0,0,0,0,0,0,0,0,0,0,0,0,0,0,0,0,0,0,0,1257,0,0,0
1743620200.001471,600960,21068470,0,nscratch,nscratch-ffff9808a03be000,0,0,774434370749,15605839116,0,0,23020,0,0,0,0,0,0,0,0,0,0,0,0,0,0,0,0,0,0,0,0,0,0,0,0,179,0,0,0
1743620200.001540,600960,21068470,0,pscratch,pscratch-ffff9808886c4000,0,0,298417305668,668688030543,0,0,11468,0,0,0,0,0,0,0,0,0,0,0,0,0,0,0,0,0,0,0,0,0,0,0,0,1257,0,0,0
1743620201.001905,600960,21068470,0,nscratch,nscratch-ffff9808a03be000,0,0,774434370749,15605839116,0,0,23020,0,0,0,0,0,0,0,0,0,0,0,0,0,0,0,0,0,0,0,0,0,0,0,0,179,0,0,0
1743620201.001982,600960,21068470,0,pscratch,pscratch-ffff9808886c4000,0,0,298417305668,668688030543,0,0,11468,0,0,0,0,0,0,0,0,0,0,0,0,0,0,0,0,0,0,0,0,0,0,0,0,1257,0,0,0
1743620202.002234,600960,21068470,0,nscratch,nscratch-ffff9808a03be000,0,0,774434370749,15605839116,0,0,23020,0,0,0,0,0,0,0,0,0,0,0,0,0,0,0,0,0,0,0,0,0,0,0,0,179,0,0,0
1743620202.002302,600960,21068470,0,pscratch,pscratch-ffff9808886c4000,0,0,298417305668,668688030543,0,0,11468,0,0,0,0,0,0,0,0,0,0,0,0,0,0,0,0,0,0,0,0,0,0,0,0,1257,0,0,0
1743620203.001447,600960,21068470,0,nscratch,nscratch-ffff9808a03be000,0,0,774434370749,15605839116,0,0,23020,0,0,0,0,0,0,0,0,0,0,0,0,0,0,0,0,0,0,0,0,0,0,0,0,179,0,0,0
1743620203.001533,600960,21068470,0,pscratch,pscratch-ffff9808886c4000,0,0,298417305668,668688030543,0,0,11468,0,0,0,0,0,0,0,0,0,0,0,0,0,0,0,0,0,0,0,0,0,0,0,0,1257,0,0,0
1743620204.001875,600960,21068470,0,nscratch,nscratch-ffff9808a03be000,0,0,774434370749,15605839116,0,0,23020,0,0,0,0,0,0,0,0,0,0,0,0,0,0,0,0,0,0,0,0,0,0,0,0,179,0,0,0
1743620204.001951,600960,21068470,0,pscratch,pscratch-ffff9808886c4000,0,0,298417305668,668688030543,0,0,11468,0,0,0,0,0,0,0,0,0,0,0,0,0,0,0,0,0,0,0,0,0,0,0,0,1257,0,0,0
1743620205.002244,600960,21068470,0,nscratch,nscratch-ffff9808a03be000,0,0,774434370749,15605839116,0,0,23020,0,0,0,0,0,0,0,0,0,0,0,0,0,0,0,0,0,0,0,0,0,0,0,0,179,0,0,0
1743620205.002321,600960,21068470,0,pscratch,pscratch-ffff9808886c4000,0,0,298417305668,668688030543,0,0,11468,0,0,0,0,0,0,0,0,0,0,0,0,0,0,0,0,0,0,0,0,0,0,0,0,1257,0,0,0
1743620206.001455,600960,21068470,0,nscratch,nscratch-ffff9808a03be000,0,0,774434370749,15605839116,0,0,23020,0,0,0,0,0,0,0,0,0,0,0,0,0,0,0,0,0,0,0,0,0,0,0,0,179,0,0,0
1743620206.001525,600960,21068470,0,pscratch,pscratch-ffff9808886c4000,0,0,298417305668,668688030543,0,0,11468,0,0,0,0,0,0,0,0,0,0,0,0,0,0,0,0,0,0,0,0,0,0,0,0,1257,0,0,0
1743620207.001872,600960,21068470,0,nscratch,nscratch-ffff9808a03be000,0,0,774434370749,15605839116,0,0,23020,0,0,0,0,0,0,0,0,0,0,0,0,0,0,0,0,0,0,0,0,0,0,0,0,179,0,0,0
1743620207.001950,600960,21068470,0,pscratch,pscratch-ffff9808886c4000,0,0,298417305668,668688030543,0,0,11468,0,0,0,0,0,0,0,0,0,0,0,0,0,0,0,0,0,0,0,0,0,0,0,0,1257,0,0,0
1743620208.002208,600960,21068470,0,nscratch,nscratch-ffff9808a03be000,0,0,774434370749,15605839116,0,0,23020,0,0,0,0,0,0,0,0,0,0,0,0,0,0,0,0,0,0,0,0,0,0,0,0,179,0,0,0
1743620208.002278,600960,21068470,0,pscratch,pscratch-ffff9808886c4000,0,0,298417305668,668688030543,0,0,11468,0,0,0,0,0,0,0,0,0,0,0,0,0,0,0,0,0,0,0,0,0,0,0,0,1257,0,0,0
1743620209.001097,600960,21068470,0,nscratch,nscratch-ffff9808a03be000,0,0,774434370749,15605839116,0,0,23020,0,0,0,0,0,0,0,0,0,0,0,0,0,0,0,0,0,0,0,0,0,0,0,0,179,0,0,0
1743620209.001183,600960,21068470,0,pscratch,pscratch-ffff9808886c4000,0,0,298417305668,668688030543,0,0,11468,0,0,0,0,0,0,0,0,0,0,0,0,0,0,0,0,0,0,0,0,0,0,0,0,1257,0,0,0
1743620210.001538,600960,21068470,0,nscratch,nscratch-ffff9808a03be000,0,0,774434370749,15605839116,0,0,23020,0,0,0,0,0,0,0,0,0,0,0,0,0,0,0,0,0,0,0,0,0,0,0,0,179,0,0,0
1743620210.001599,600960,21068470,0,pscratch,pscratch-ffff9808886c4000,0,0,298417305668,668688030543,0,0,11468,0,0,0,0,0,0,0,0,0,0,0,0,0,0,0,0,0,0,0,0,0,0,0,0,1257,0,0,0
1743620216.001544,600960,21068470,0,nscratch,nscratch-ffff9808a03be000,0,0,774434370749,15605839116,0,0,23020,0,0,0,0,0,0,0,0,0,0,0,0,0,0,0,0,0,0,0,0,0,0,0,0,179,0,0,0
1743620216.001615,600960,21068470,0,pscratch,pscratch-ffff9808886c4000,0,0,298417305668,668688030543,0,0,11468,0,0,0,0,0,0,0,0,0,0,0,0,0,0,0,0,0,0,0,0,0,0,0,0,1257,0,0,0
1743620217.001871,600960,21068470,0,nscratch,nscratch-ffff9808a03be000,0,0,774434370749,15605839116,0,0,23020,0,0,0,0,0,0,0,0,0,0,0,0,0,0,0,0,0,0,0,0,0,0,0,0,179,0,0,0
1743620217.001942,600960,21068470,0,pscratch,pscratch-ffff9808886c4000,0,0,298417305668,668688030543,0,0,11468,0,0,0,0,0,0,0,0,0,0,0,0,0,0,0,0,0,0,0,0,0,0,0,0,1257,0,0,0
1743620218.002085,600960,21068470,0,nscratch,nscratch-ffff9808a03be000,0,0,774434370749,15605839116,0,0,23020,0,0,0,0,0,0,0,0,0,0,0,0,0,0,0,0,0,0,0,0,0,0,0,0,179,0,0,0
1743620218.002156,600960,21068470,0,pscratch,pscratch-ffff9808886c4000,0,0,298417305668,668688030543,0,0,11468,0,0,0,0,0,0,0,0,0,0,0,0,0,0,0,0,0,0,0,0,0,0,0,0,1257,0,0,0
1743620220.001842,600960,21068470,0,nscratch,nscratch-ffff9808a03be000,0,0,774434370749,15605839116,0,0,23020,0,0,0,0,0,0,0,0,0,0,0,0,0,0,0,0,0,0,0,0,0,0,0,0,179,0,0,0
1743620220.001916,600960,21068470,0,pscratch,pscratch-ffff9808886c4000,0,0,298417305668,668688030543,0,0,11468,0,0,0,0,0,0,0,0,0,0,0,0,0,0,0,0,0,0,0,0,0,0,0,0,1257,0,0,0
1743620233.001782,600960,21068470,0,nscratch,nscratch-ffff9808a03be000,0,0,774434370749,15605839116,0,0,23020,0,0,0,0,0,0,0,0,0,0,0,0,0,0,0,0,0,0,0,0,0,0,0,0,179,0,0,0
1743620233.001853,600960,21068470,0,pscratch,pscratch-ffff9808886c4000,0,0,298417305668,668688030543,0,0,11468,0,0,0,0,0,0,0,0,0,0,0,0,0,0,0,0,0,0,0,0,0,0,0,0,1257,0,0,0
1743620234.002202,600960,21068470,0,nscratch,nscratch-ffff9808a03be000,0,0,774434370749,15605839116,0,0,23020,0,0,0,0,0,0,0,0,0,0,0,0,0,0,0,0,0,0,0,0,0,0,0,0,179,0,0,0
1743620234.002272,600960,21068470,0,pscratch,pscratch-ffff9808886c4000,0,0,298417305668,668688030543,0,0,11468,0,0,0,0,0,0,0,0,0,0,0,0,0,0,0,0,0,0,0,0,0,0,0,0,1257,0,0,0
1743620235.001528,600960,21068470,0,nscratch,nscratch-ffff9808a03be000,0,0,774434370749,15605839116,0,0,23020,0,0,0,0,0,0,0,0,0,0,0,0,0,0,0,0,0,0,0,0,0,0,0,0,179,0,0,0
1743620235.001597,600960,21068470,0,pscratch,pscratch-ffff9808886c4000,0,0,298417305668,668688030543,0,0,11468,0,0,0,0,0,0,0,0,0,0,0,0,0,0,0,0,0,0,0,0,0,0,0,0,1257,0,0,0
1743620236.001727,600960,21068470,0,nscratch,nscratch-ffff9808a03be000,0,0,774434370749,15605839116,0,0,23020,0,0,0,0,0,0,0,0,0,0,0,0,0,0,0,0,0,0,0,0,0,0,0,0,179,0,0,0
1743620236.001795,600960,21068470,0,pscratch,pscratch-ffff9808886c4000,0,0,298417305668,668688030543,0,0,11468,0,0,0,0,0,0,0,0,0,0,0,0,0,0,0,0,0,0,0,0,0,0,0,0,1257,0,0,0
1743620237.002170,600960,21068470,0,nscratch,nscratch-ffff9808a03be000,0,0,774434370749,15605839116,0,0,23020,0,0,0,0,0,0,0,0,0,0,0,0,0,0,0,0,0,0,0,0,0,0,0,0,179,0,0,0
1743620237.002238,600960,21068470,0,pscratch,pscratch-ffff9808886c4000,0,0,298417305668,668688030543,0,0,11468,0,0,0,0,0,0,0,0,0,0,0,0,0,0,0,0,0,0,0,0,0,0,0,0,1257,0,0,0
1743620238.001179,600960,21068470,0,nscratch,nscratch-ffff9808a03be000,0,0,774434370749,15605839116,0,0,23020,0,0,0,0,0,0,0,0,0,0,0,0,0,0,0,0,0,0,0,0,0,0,0,0,179,0,0,0
1743620238.001244,600960,21068470,0,pscratch,pscratch-ffff9808886c4000,0,0,298417305668,668688030543,0,0,11468,0,0,0,0,0,0,0,0,0,0,0,0,0,0,0,0,0,0,0,0,0,0,0,0,1257,0,0,0
1743620239.001416,600960,21068470,0,nscratch,nscratch-ffff9808a03be000,0,0,774434370749,15605839116,0,0,23020,0,0,0,0,0,0,0,0,0,0,0,0,0,0,0,0,0,0,0,0,0,0,0,0,179,0,0,0
1743620239.001495,600960,21068470,0,pscratch,pscratch-ffff9808886c4000,0,0,298417305668,668688030543,0,0,11468,0,0,0,0,0,0,0,0,0,0,0,0,0,0,0,0,0,0,0,0,0,0,0,0,1257,0,0,0
1743620240.001871,600960,21068470,0,nscratch,nscratch-ffff9808a03be000,0,0,774434370749,15605839116,0,0,23020,0,0,0,0,0,0,0,0,0,0,0,0,0,0,0,0,0,0,0,0,0,0,0,0,179,0,0,0
1743620240.002030,600960,21068470,0,pscratch,pscratch-ffff9808886c4000,0,0,298417305668,668688030543,0,0,11468,0,0,0,0,0,0,0,0,0,0,0,0,0,0,0,0,0,0,0,0,0,0,0,0,1257,0,0,0
1743620245.001559,600960,21068470,0,nscratch,nscratch-ffff9808a03be000,0,0,774434370749,15605839116,0,0,23020,0,0,0,0,0,0,0,0,0,0,0,0,0,0,0,0,0,0,0,0,0,0,0,0,179,0,0,0
1743620245.001630,600960,21068470,0,pscratch,pscratch-ffff9808886c4000,0,0,298417305668,668688030543,0,0,11468,0,0,0,0,0,0,0,0,0,0,0,0,0,0,0,0,0,0,0,0,0,0,0,0,1257,0,0,0
1743620246.002017,600960,21068470,0,nscratch,nscratch-ffff9808a03be000,0,0,774434370749,15605839116,0,0,23020,0,0,0,0,0,0,0,0,0,0,0,0,0,0,0,0,0,0,0,0,0,0,0,0,179,0,0,0
1743620246.002086,600960,21068470,0,pscratch,pscratch-ffff9808886c4000,0,0,298417305668,668688030543,0,0,11468,0,0,0,0,0,0,0,0,0,0,0,0,0,0,0,0,0,0,0,0,0,0,0,0,1257,0,0,0
1743620247.001325,600960,21068470,0,nscratch,nscratch-ffff9808a03be000,0,0,774434370749,15605839116,0,0,23020,0,0,0,0,0,0,0,0,0,0,0,0,0,0,0,0,0,0,0,0,0,0,0,0,179,0,0,0
1743620247.001390,600960,21068470,0,pscratch,pscratch-ffff9808886c4000,0,0,298417305668,668688030543,0,0,11468,0,0,0,0,0,0,0,0,0,0,0,0,0,0,0,0,0,0,0,0,0,0,0,0,1257,0,0,0
1743620248.001532,600960,21068470,0,nscratch,nscratch-ffff9808a03be000,0,0,774434370749,15605839116,0,0,23020,0,0,0,0,0,0,0,0,0,0,0,0,0,0,0,0,0,0,0,0,0,0,0,0,179,0,0,0
1743620248.001601,600960,21068470,0,pscratch,pscratch-ffff9808886c4000,0,0,298417305668,668688030543,0,0,11468,0,0,0,0,0,0,0,0,0,0,0,0,0,0,0,0,0,0,0,0,0,0,0,0,1257,0,0,0
1743620249.001911,600960,21068470,0,nscratch,nscratch-ffff9808a03be000,0,0,774434370749,15605839116,0,0,23020,0,0,0,0,0,0,0,0,0,0,0,0,0,0,0,0,0,0,0,0,0,0,0,0,179,0,0,0
1743620249.001977,600960,21068470,0,pscratch,pscratch-ffff9808886c4000,0,0,298417305668,668688030543,0,0,11468,0,0,0,0,0,0,0,0,0,0,0,0,0,0,0,0,0,0,0,0,0,0,0,0,1257,0,0,0
1743620250.002166,600960,21068470,0,nscratch,nscratch-ffff9808a03be000,0,0,774434370749,15605839116,0,0,23020,0,0,0,0,0,0,0,0,0,0,0,0,0,0,0,0,0,0,0,0,0,0,0,0,179,0,0,0
1743620250.002238,600960,21068470,0,pscratch,pscratch-ffff9808886c4000,0,0,298417305668,668688030543,0,0,11468,0,0,0,0,0,0,0,0,0,0,0,0,0,0,0,0,0,0,0,0,0,0,0,0,1257,0,0,0
1743620251.001362,600960,21068470,0,nscratch,nscratch-ffff9808a03be000,0,0,774434370749,15605839116,0,0,23020,0,0,0,0,0,0,0,0,0,0,0,0,0,0,0,0,0,0,0,0,0,0,0,0,179,0,0,0
1743620251.001428,600960,21068470,0,pscratch,pscratch-ffff9808886c4000,0,0,298417305668,668688030543,0,0,11468,0,0,0,0,0,0,0,0,0,0,0,0,0,0,0,0,0,0,0,0,0,0,0,0,1257,0,0,0
1743620252.001915,600960,21068470,0,nscratch,nscratch-ffff9808a03be000,0,0,774434370749,15605839116,0,0,23020,0,0,0,0,0,0,0,0,0,0,0,0,0,0,0,0,0,0,0,0,0,0,0,0,179,0,0,0
1743620252.002012,600960,21068470,0,pscratch,pscratch-ffff9808886c4000,0,0,298417305668,668688030543,0,0,11468,0,0,0,0,0,0,0,0,0,0,0,0,0,0,0,0,0,0,0,0,0,0,0,0,1257,0,0,0
1743620253.001356,600960,21068470,0,nscratch,nscratch-ffff9808a03be000,0,0,774434370749,15605839116,0,0,23020,0,0,0,0,0,0,0,0,0,0,0,0,0,0,0,0,0,0,0,0,0,0,0,0,179,0,0,0
1743620253.001424,600960,21068470,0,pscratch,pscratch-ffff9808886c4000,0,0,298417305668,668688030543,0,0,11468,0,0,0,0,0,0,0,0,0,0,0,0,0,0,0,0,0,0,0,0,0,0,0,0,1257,0,0,0
1743620254.001597,600960,21068470,0,nscratch,nscratch-ffff9808a03be000,0,0,774434370749,15605839116,0,0,23020,0,0,0,0,0,0,0,0,0,0,0,0,0,0,0,0,0,0,0,0,0,0,0,0,179,0,0,0
1743620254.001671,600960,21068470,0,pscratch,pscratch-ffff9808886c4000,0,0,298417305668,668688030543,0,0,11468,0,0,0,0,0,0,0,0,0,0,0,0,0,0,0,0,0,0,0,0,0,0,0,0,1257,0,0,0
1743620255.002038,600960,21068470,0,nscratch,nscratch-ffff9808a03be000,0,0,774434370749,15605839116,0,0,23020,0,0,0,0,0,0,0,0,0,0,0,0,0,0,0,0,0,0,0,0,0,0,0,0,179,0,0,0
1743620255.002109,600960,21068470,0,pscratch,pscratch-ffff9808886c4000,0,0,298417305668,668688030543,0,0,11468,0,0,0,0,0,0,0,0,0,0,0,0,0,0,0,0,0,0,0,0,0,0,0,0,1257,0,0,0
1743620256.001364,600960,21068470,0,nscratch,nscratch-ffff9808a03be000,0,0,774434370749,15605839116,0,0,23020,0,0,0,0,0,0,0,0,0,0,0,0,0,0,0,0,0,0,0,0,0,0,0,0,179,0,0,0
1743620256.001433,600960,21068470,0,pscratch,pscratch-ffff9808886c4000,0,0,298417305668,668688030543,0,0,11468,0,0,0,0,0,0,0,0,0,0,0,0,0,0,0,0,0,0,0,0,0,0,0,0,1257,0,0,0
1743620257.001568,600960,21068470,0,nscratch,nscratch-ffff9808a03be000,0,0,774434370749,15605839116,0,0,23020,0,0,0,0,0,0,0,0,0,0,0,0,0,0,0,0,0,0,0,0,0,0,0,0,179,0,0,0
1743620257.001636,600960,21068470,0,pscratch,pscratch-ffff9808886c4000,0,0,298417305668,668688030543,0,0,11468,0,0,0,0,0,0,0,0,0,0,0,0,0,0,0,0,0,0,0,0,0,0,0,0,1257,0,0,0
1743620258.001167,600960,21068470,0,nscratch,nscratch-ffff9808a03be000,0,0,774434370749,15605839116,0,0,23020,0,0,0,0,0,0,0,0,0,0,0,0,0,0,0,0,0,0,0,0,0,0,0,0,179,0,0,0
1743620258.001233,600960,21068470,0,pscratch,pscratch-ffff9808886c4000,0,0,298417305668,668688030543,0,0,11468,0,0,0,0,0,0,0,0,0,0,0,0,0,0,0,0,0,0,0,0,0,0,0,0,1257,0,0,0
1743620259.001495,600960,21068470,0,nscratch,nscratch-ffff9808a03be000,0,0,774434370749,15605839116,0,0,23020,0,0,0,0,0,0,0,0,0,0,0,0,0,0,0,0,0,0,0,0,0,0,0,0,179,0,0,0
1743620259.001563,600960,21068470,0,pscratch,pscratch-ffff9808886c4000,0,0,298417305668,668688030543,0,0,11468,0,0,0,0,0,0,0,0,0,0,0,0,0,0,0,0,0,0,0,0,0,0,0,0,1257,0,0,0
1743620260.001718,600960,21068470,0,nscratch,nscratch-ffff9808a03be000,0,0,774434370749,15605839116,0,0,23020,0,0,0,0,0,0,0,0,0,0,0,0,0,0,0,0,0,0,0,0,0,0,0,0,179,0,0,0
1743620260.001790,600960,21068470,0,pscratch,pscratch-ffff9808886c4000,0,0,298417305668,668688030543,0,0,11468,0,0,0,0,0,0,0,0,0,0,0,0,0,0,0,0,0,0,0,0,0,0,0,0,1257,0,0,0
1743620261.002134,600960,21068470,0,nscratch,nscratch-ffff9808a03be000,0,0,774434370749,15605839116,0,0,23020,0,0,0,0,0,0,0,0,0,0,0,0,0,0,0,0,0,0,0,0,0,0,0,0,179,0,0,0
1743620261.002204,600960,21068470,0,pscratch,pscratch-ffff9808886c4000,0,0,298417305668,668688030543,0,0,11468,0,0,0,0,0,0,0,0,0,0,0,0,0,0,0,0,0,0,0,0,0,0,0,0,1257,0,0,0
1743620262.001448,600960,21068470,0,nscratch,nscratch-ffff9808a03be000,0,0,774434370749,15605839116,0,0,23020,0,0,0,0,0,0,0,0,0,0,0,0,0,0,0,0,0,0,0,0,0,0,0,0,179,0,0,0
1743620262.001513,600960,21068470,0,pscratch,pscratch-ffff9808886c4000,0,0,298417305668,668688030543,0,0,11468,0,0,0,0,0,0,0,0,0,0,0,0,0,0,0,0,0,0,0,0,0,0,0,0,1257,0,0,0
1743620263.001646,600960,21068470,0,nscratch,nscratch-ffff9808a03be000,0,0,774434370749,15605839116,0,0,23020,0,0,0,0,0,0,0,0,0,0,0,0,0,0,0,0,0,0,0,0,0,0,0,0,179,0,0,0
1743620263.001714,600960,21068470,0,pscratch,pscratch-ffff9808886c4000,0,0,298417305668,668688030543,0,0,11468,0,0,0,0,0,0,0,0,0,0,0,0,0,0,0,0,0,0,0,0,0,0,0,0,1257,0,0,0
1743620264.002053,600960,21068470,0,nscratch,nscratch-ffff9808a03be000,0,0,774434370749,15605839116,0,0,23020,0,0,0,0,0,0,0,0,0,0,0,0,0,0,0,0,0,0,0,0,0,0,0,0,179,0,0,0
1743620264.002120,600960,21068470,0,pscratch,pscratch-ffff9808886c4000,0,0,298417305668,668688030543,0,0,11468,0,0,0,0,0,0,0,0,0,0,0,0,0,0,0,0,0,0,0,0,0,0,0,0,1257,0,0,0
1743620265.001364,600960,21068470,0,nscratch,nscratch-ffff9808a03be000,0,0,774434370749,15605839116,0,0,23020,0,0,0,0,0,0,0,0,0,0,0,0,0,0,0,0,0,0,0,0,0,0,0,0,179,0,0,0
1743620265.001426,600960,21068470,0,pscratch,pscratch-ffff9808886c4000,0,0,298417305668,668688030543,0,0,11468,0,0,0,0,0,0,0,0,0,0,0,0,0,0,0,0,0,0,0,0,0,0,0,0,1257,0,0,0
1743620266.001626,600960,21068470,0,nscratch,nscratch-ffff9808a03be000,0,0,774434370749,15605839116,0,0,23020,0,0,0,0,0,0,0,0,0,0,0,0,0,0,0,0,0,0,0,0,0,0,0,0,179,0,0,0
1743620266.001695,600960,21068470,0,pscratch,pscratch-ffff9808886c4000,0,0,298417305668,668688030543,0,0,11468,0,0,0,0,0,0,0,0,0,0,0,0,0,0,0,0,0,0,0,0,0,0,0,0,1257,0,0,0
1743620267.002036,600960,21068470,0,nscratch,nscratch-ffff9808a03be000,0,0,774434370749,15605839116,0,0,23020,0,0,0,0,0,0,0,0,0,0,0,0,0,0,0,0,0,0,0,0,0,0,0,0,179,0,0,0
1743620267.002105,600960,21068470,0,pscratch,pscratch-ffff9808886c4000,0,0,298417305668,668688030543,0,0,11468,0,0,0,0,0,0,0,0,0,0,0,0,0,0,0,0,0,0,0,0,0,0,0,0,1257,0,0,0
1743620268.001606,600960,21068470,0,nscratch,nscratch-ffff9808a03be000,0,0,774434370749,15605839116,0,0,23020,0,0,0,0,0,0,0,0,0,0,0,0,0,0,0,0,0,0,0,0,0,0,0,0,179,0,0,0
1743620268.001678,600960,21068470,0,pscratch,pscratch-ffff9808886c4000,0,0,298417305668,668688030543,0,0,11468,0,0,0,0,0,0,0,0,0,0,0,0,0,0,0,0,0,0,0,0,0,0,0,0,1257,0,0,0
1743620269.001837,600960,21068470,0,nscratch,nscratch-ffff9808a03be000,0,0,774434370749,15605839116,0,0,23020,0,0,0,0,0,0,0,0,0,0,0,0,0,0,0,0,0,0,0,0,0,0,0,0,179,0,0,0
1743620269.001911,600960,21068470,0,pscratch,pscratch-ffff9808886c4000,0,0,298417305668,668688030543,0,0,11468,0,0,0,0,0,0,0,0,0,0,0,0,0,0,0,0,0,0,0,0,0,0,0,0,1257,0,0,0
1743620270.001258,600960,21068470,0,nscratch,nscratch-ffff9808a03be000,0,0,774434370749,15605839116,0,0,23020,0,0,0,0,0,0,0,0,0,0,0,0,0,0,0,0,0,0,0,0,0,0,0,0,179,0,0,0
1743620270.001323,600960,21068470,0,pscratch,pscratch-ffff9808886c4000,0,0,298417305668,668688030543,0,0,11468,0,0,0,0,0,0,0,0,0,0,0,0,0,0,0,0,0,0,0,0,0,0,0,0,1257,0,0,0
1743620271.001585,600960,21068470,0,nscratch,nscratch-ffff9808a03be000,0,0,774434370749,15605839116,0,0,23020,0,0,0,0,0,0,0,0,0,0,0,0,0,0,0,0,0,0,0,0,0,0,0,0,179,0,0,0
1743620271.001655,600960,21068470,0,pscratch,pscratch-ffff9808886c4000,0,0,298417305668,668688030543,0,0,11468,0,0,0,0,0,0,0,0,0,0,0,0,0,0,0,0,0,0,0,0,0,0,0,0,1257,0,0,0
1743620272.001784,600960,21068470,0,nscratch,nscratch-ffff9808a03be000,0,0,774434370749,15605839116,0,0,23020,0,0,0,0,0,0,0,0,0,0,0,0,0,0,0,0,0,0,0,0,0,0,0,0,179,0,0,0
1743620272.001852,600960,21068470,0,pscratch,pscratch-ffff9808886c4000,0,0,298417305668,668688030543,0,0,11468,0,0,0,0,0,0,0,0,0,0,0,0,0,0,0,0,0,0,0,0,0,0,0,0,1257,0,0,0
1743620273.002183,600960,21068470,0,nscratch,nscratch-ffff9808a03be000,0,0,774434370749,15605839116,0,0,23020,0,0,0,0,0,0,0,0,0,0,0,0,0,0,0,0,0,0,0,0,0,0,0,0,179,0,0,0
1743620273.002253,600960,21068470,0,pscratch,pscratch-ffff9808886c4000,0,0,298417305668,668688030543,0,0,11468,0,0,0,0,0,0,0,0,0,0,0,0,0,0,0,0,0,0,0,0,0,0,0,0,1257,0,0,0
1743620274.001518,600960,21068470,0,nscratch,nscratch-ffff9808a03be000,0,0,774434370749,15605839116,0,0,23020,0,0,0,0,0,0,0,0,0,0,0,0,0,0,0,0,0,0,0,0,0,0,0,0,179,0,0,0
1743620274.001587,600960,21068470,0,pscratch,pscratch-ffff9808886c4000,0,0,298417305668,668688030543,0,0,11468,0,0,0,0,0,0,0,0,0,0,0,0,0,0,0,0,0,0,0,0,0,0,0,0,1257,0,0,0
1743620275.001732,600960,21068470,0,nscratch,nscratch-ffff9808a03be000,0,0,774434370749,15605839116,0,0,23020,0,0,0,0,0,0,0,0,0,0,0,0,0,0,0,0,0,0,0,0,0,0,0,0,179,0,0,0
1743620275.001821,600960,21068470,0,pscratch,pscratch-ffff9808886c4000,0,0,298417305668,668688030543,0,0,11468,0,0,0,0,0,0,0,0,0,0,0,0,0,0,0,0,0,0,0,0,0,0,0,0,1257,0,0,0
1743620280.001691,600960,21068470,0,nscratch,nscratch-ffff9808a03be000,0,0,774434370749,15605839116,0,0,23020,0,0,0,0,0,0,0,0,0,0,0,0,0,0,0,0,0,0,0,0,0,0,0,0,179,0,0,0
1743620280.001773,600960,21068470,0,pscratch,pscratch-ffff9808886c4000,0,0,298417305668,668688030543,0,0,11468,0,0,0,0,0,0,0,0,0,0,0,0,0,0,0,0,0,0,0,0,0,0,0,0,1257,0,0,0
1743620281.001924,600960,21068470,0,nscratch,nscratch-ffff9808a03be000,0,0,774434370749,15605839116,0,0,23020,0,0,0,0,0,0,0,0,0,0,0,0,0,0,0,0,0,0,0,0,0,0,0,0,179,0,0,0
1743620281.002029,600960,21068470,0,pscratch,pscratch-ffff9808886c4000,0,0,298417305668,668688030543,0,0,11468,0,0,0,0,0,0,0,0,0,0,0,0,0,0,0,0,0,0,0,0,0,0,0,0,1257,0,0,0
1743620282.001580,600960,21068470,0,nscratch,nscratch-ffff9808a03be000,0,0,774434370749,15605839116,0,0,23020,0,0,0,0,0,0,0,0,0,0,0,0,0,0,0,0,0,0,0,0,0,0,0,0,179,0,0,0
1743620282.001649,600960,21068470,0,pscratch,pscratch-ffff9808886c4000,0,0,298417305668,668688030543,0,0,11468,0,0,0,0,0,0,0,0,0,0,0,0,0,0,0,0,0,0,0,0,0,0,0,0,1257,0,0,0
1743620283.002009,600960,21068470,0,nscratch,nscratch-ffff9808a03be000,0,0,774434370749,15605839116,0,0,23020,0,0,0,0,0,0,0,0,0,0,0,0,0,0,0,0,0,0,0,0,0,0,0,0,179,0,0,0
1743620283.002081,600960,21068470,0,pscratch,pscratch-ffff9808886c4000,0,0,298417305668,668688030543,0,0,11468,0,0,0,0,0,0,0,0,0,0,0,0,0,0,0,0,0,0,0,0,0,0,0,0,1257,0,0,0
1743620284.001211,600960,21068470,0,nscratch,nscratch-ffff9808a03be000,0,0,774434370749,15605839116,0,0,23020,0,0,0,0,0,0,0,0,0,0,0,0,0,0,0,0,0,0,0,0,0,0,0,0,179,0,0,0
1743620284.001277,600960,21068470,0,pscratch,pscratch-ffff9808886c4000,0,0,298417305668,668688030543,0,0,11468,0,0,0,0,0,0,0,0,0,0,0,0,0,0,0,0,0,0,0,0,0,0,0,0,1257,0,0,0
1743620285.001617,600960,21068470,0,nscratch,nscratch-ffff9808a03be000,0,0,774434370749,15605839116,0,0,23020,0,0,0,0,0,0,0,0,0,0,0,0,0,0,0,0,0,0,0,0,0,0,0,0,179,0,0,0
1743620285.001684,600960,21068470,0,pscratch,pscratch-ffff9808886c4000,0,0,298417305668,668688030543,0,0,11468,0,0,0,0,0,0,0,0,0,0,0,0,0,0,0,0,0,0,0,0,0,0,0,0,1257,0,0,0
1743620286.001968,600960,21068470,0,nscratch,nscratch-ffff9808a03be000,0,0,774434370749,15605839116,0,0,23020,0,0,0,0,0,0,0,0,0,0,0,0,0,0,0,0,0,0,0,0,0,0,0,0,179,0,0,0
1743620286.002058,600960,21068470,0,pscratch,pscratch-ffff9808886c4000,0,0,298417305668,668688030543,0,0,11468,0,0,0,0,0,0,0,0,0,0,0,0,0,0,0,0,0,0,0,0,0,0,0,0,1257,0,0,0
1743620287.001182,600960,21068470,0,nscratch,nscratch-ffff9808a03be000,0,0,774434370749,15605839116,0,0,23020,0,0,0,0,0,0,0,0,0,0,0,0,0,0,0,0,0,0,0,0,0,0,0,0,179,0,0,0
1743620287.001247,600960,21068470,0,pscratch,pscratch-ffff9808886c4000,0,0,298417305668,668688030543,0,0,11468,0,0,0,0,0,0,0,0,0,0,0,0,0,0,0,0,0,0,0,0,0,0,0,0,1257,0,0,0
1743620288.001589,600960,21068470,0,nscratch,nscratch-ffff9808a03be000,0,0,774434370749,15605839116,0,0,23020,0,0,0,0,0,0,0,0,0,0,0,0,0,0,0,0,0,0,0,0,0,0,0,0,179,0,0,0
1743620288.001658,600960,21068470,0,pscratch,pscratch-ffff9808886c4000,0,0,298417305668,668688030543,0,0,11468,0,0,0,0,0,0,0,0,0,0,0,0,0,0,0,0,0,0,0,0,0,0,0,0,1257,0,0,0
1743620289.001951,600960,21068470,0,nscratch,nscratch-ffff9808a03be000,0,0,774434370749,15605839116,0,0,23020,0,0,0,0,0,0,0,0,0,0,0,0,0,0,0,0,0,0,0,0,0,0,0,0,179,0,0,0
1743620289.002021,600960,21068470,0,pscratch,pscratch-ffff9808886c4000,0,0,298417305668,668688030543,0,0,11468,0,0,0,0,0,0,0,0,0,0,0,0,0,0,0,0,0,0,0,0,0,0,0,0,1257,0,0,0
1743620290.001146,600960,21068470,0,nscratch,nscratch-ffff9808a03be000,0,0,774434370749,15605839116,0,0,23020,0,0,0,0,0,0,0,0,0,0,0,0,0,0,0,0,0,0,0,0,0,0,0,0,179,0,0,0
1743620290.001212,600960,21068470,0,pscratch,pscratch-ffff9808886c4000,0,0,298417305668,668688030543,0,0,11468,0,0,0,0,0,0,0,0,0,0,0,0,0,0,0,0,0,0,0,0,0,0,0,0,1257,0,0,0
1743620291.001540,600960,21068470,0,nscratch,nscratch-ffff9808a03be000,0,0,774434370749,15605839116,0,0,23020,0,0,0,0,0,0,0,0,0,0,0,0,0,0,0,0,0,0,0,0,0,0,0,0,179,0,0,0
1743620291.001608,600960,21068470,0,pscratch,pscratch-ffff9808886c4000,0,0,298417305668,668688030543,0,0,11468,0,0,0,0,0,0,0,0,0,0,0,0,0,0,0,0,0,0,0,0,0,0,0,0,1257,0,0,0
1743620292.001857,600960,21068470,0,nscratch,nscratch-ffff9808a03be000,0,0,774434370749,15605839116,0,0,23020,0,0,0,0,0,0,0,0,0,0,0,0,0,0,0,0,0,0,0,0,0,0,0,0,179,0,0,0
1743620292.001924,600960,21068470,0,pscratch,pscratch-ffff9808886c4000,0,0,298417305668,668688030543,0,0,11468,0,0,0,0,0,0,0,0,0,0,0,0,0,0,0,0,0,0,0,0,0,0,0,0,1257,0,0,0
1743620293.002057,600960,21068470,0,nscratch,nscratch-ffff9808a03be000,0,0,774434370749,15605839116,0,0,23020,0,0,0,0,0,0,0,0,0,0,0,0,0,0,0,0,0,0,0,0,0,0,0,0,179,0,0,0
1743620293.002125,600960,21068470,0,pscratch,pscratch-ffff9808886c4000,0,0,298417305668,668688030543,0,0,11468,0,0,0,0,0,0,0,0,0,0,0,0,0,0,0,0,0,0,0,0,0,0,0,0,1257,0,0,0
1743620294.001480,600960,21068470,0,nscratch,nscratch-ffff9808a03be000,0,0,774434370749,15605839116,0,0,23020,0,0,0,0,0,0,0,0,0,0,0,0,0,0,0,0,0,0,0,0,0,0,0,0,179,0,0,0
1743620294.001548,600960,21068470,0,pscratch,pscratch-ffff9808886c4000,0,0,298417305668,668688030543,0,0,11468,0,0,0,0,0,0,0,0,0,0,0,0,0,0,0,0,0,0,0,0,0,0,0,0,1257,0,0,0
1743620295.001822,600960,21068470,0,nscratch,nscratch-ffff9808a03be000,0,0,774434370749,15605839116,0,0,23020,0,0,0,0,0,0,0,0,0,0,0,0,0,0,0,0,0,0,0,0,0,0,0,0,179,0,0,0
1743620295.001892,600960,21068470,0,pscratch,pscratch-ffff9808886c4000,0,0,298417305668,668688030543,0,0,11468,0,0,0,0,0,0,0,0,0,0,0,0,0,0,0,0,0,0,0,0,0,0,0,0,1257,0,0,0
1743620296.002047,600960,21068470,0,nscratch,nscratch-ffff9808a03be000,0,0,774434370749,15605839116,0,0,23020,0,0,0,0,0,0,0,0,0,0,0,0,0,0,0,0,0,0,0,0,0,0,0,0,179,0,0,0
1743620296.002117,600960,21068470,0,pscratch,pscratch-ffff9808886c4000,0,0,298417305668,668688030543,0,0,11468,0,0,0,0,0,0,0,0,0,0,0,0,0,0,0,0,0,0,0,0,0,0,0,0,1257,0,0,0
1743620301.001783,600960,21068470,0,nscratch,nscratch-ffff9808a03be000,0,0,774434370749,15605839116,0,0,23020,0,0,0,0,0,0,0,0,0,0,0,0,0,0,0,0,0,0,0,0,0,0,0,0,179,0,0,0
1743620301.001853,600960,21068470,0,pscratch,pscratch-ffff9808886c4000,0,0,298417305668,668688030543,0,0,11468,0,0,0,0,0,0,0,0,0,0,0,0,0,0,0,0,0,0,0,0,0,0,0,0,1257,0,0,0
1743620302.001074,600960,21068470,0,nscratch,nscratch-ffff9808a03be000,0,0,774434370749,15605839116,0,0,23020,0,0,0,0,0,0,0,0,0,0,0,0,0,0,0,0,0,0,0,0,0,0,0,0,179,0,0,0
1743620302.001140,600960,21068470,0,pscratch,pscratch-ffff9808886c4000,0,0,298417305668,668688030543,0,0,11468,0,0,0,0,0,0,0,0,0,0,0,0,0,0,0,0,0,0,0,0,0,0,0,0,1257,0,0,0
1743620303.001460,600960,21068470,0,nscratch,nscratch-ffff9808a03be000,0,0,774434370749,15605839116,0,0,23020,0,0,0,0,0,0,0,0,0,0,0,0,0,0,0,0,0,0,0,0,0,0,0,0,179,0,0,0
1743620303.001525,600960,21068470,0,pscratch,pscratch-ffff9808886c4000,0,0,298417305668,668688030543,0,0,11468,0,0,0,0,0,0,0,0,0,0,0,0,0,0,0,0,0,0,0,0,0,0,0,0,1257,0,0,0
1743620304.001793,600960,21068470,0,nscratch,nscratch-ffff9808a03be000,0,0,774434370749,15605839116,0,0,23020,0,0,0,0,0,0,0,0,0,0,0,0,0,0,0,0,0,0,0,0,0,0,0,0,179,0,0,0
1743620304.001861,600960,21068470,0,pscratch,pscratch-ffff9808886c4000,0,0,298417305668,668688030543,0,0,11468,0,0,0,0,0,0,0,0,0,0,0,0,0,0,0,0,0,0,0,0,0,0,0,0,1257,0,0,0
1743620305.002001,600960,21068470,0,nscratch,nscratch-ffff9808a03be000,0,0,774434370749,15605839116,0,0,23020,0,0,0,0,0,0,0,0,0,0,0,0,0,0,0,0,0,0,0,0,0,0,0,0,179,0,0,0
1743620305.002086,600960,21068470,0,pscratch,pscratch-ffff9808886c4000,0,0,298417305668,668688030543,0,0,11468,0,0,0,0,0,0,0,0,0,0,0,0,0,0,0,0,0,0,0,0,0,0,0,0,1257,0,0,0
1743620306.001407,600960,21068470,0,nscratch,nscratch-ffff9808a03be000,0,0,774434370749,15605839116,0,0,23020,0,0,0,0,0,0,0,0,0,0,0,0,0,0,0,0,0,0,0,0,0,0,0,0,179,0,0,0
1743620306.001473,600960,21068470,0,pscratch,pscratch-ffff9808886c4000,0,0,298417305668,668688030543,0,0,11468,0,0,0,0,0,0,0,0,0,0,0,0,0,0,0,0,0,0,0,0,0,0,0,0,1257,0,0,0
1743620307.001749,600960,21068470,0,nscratch,nscratch-ffff9808a03be000,0,0,774434370749,15605839116,0,0,23020,0,0,0,0,0,0,0,0,0,0,0,0,0,0,0,0,0,0,0,0,0,0,0,0,179,0,0,0
1743620307.001816,600960,21068470,0,pscratch,pscratch-ffff9808886c4000,0,0,298417305668,668688030543,0,0,11468,0,0,0,0,0,0,0,0,0,0,0,0,0,0,0,0,0,0,0,0,0,0,0,0,1257,0,0,0
1743620308.001970,600960,21068470,0,nscratch,nscratch-ffff9808a03be000,0,0,774434370749,15605839116,0,0,23020,0,0,0,0,0,0,0,0,0,0,0,0,0,0,0,0,0,0,0,0,0,0,0,0,179,0,0,0
1743620308.002040,600960,21068470,0,pscratch,pscratch-ffff9808886c4000,0,0,298417305668,668688030543,0,0,11468,0,0,0,0,0,0,0,0,0,0,0,0,0,0,0,0,0,0,0,0,0,0,0,0,1257,0,0,0
1743620313.001179,600960,21068470,0,nscratch,nscratch-ffff9808a03be000,0,0,774434370749,15605839116,0,0,23020,0,0,0,0,0,0,0,0,0,0,0,0,0,0,0,0,0,0,0,0,0,0,0,0,179,0,0,0
1743620313.001244,600960,21068470,0,pscratch,pscratch-ffff9808886c4000,0,0,298417305668,668688030543,0,0,11468,0,0,0,0,0,0,0,0,0,0,0,0,0,0,0,0,0,0,0,0,0,0,0,0,1257,0,0,0
1743620314.001507,600960,21068470,0,nscratch,nscratch-ffff9808a03be000,0,0,774434370749,15605839116,0,0,23020,0,0,0,0,0,0,0,0,0,0,0,0,0,0,0,0,0,0,0,0,0,0,0,0,179,0,0,0
1743620314.001594,600960,21068470,0,pscratch,pscratch-ffff9808886c4000,0,0,298417305668,668688030543,0,0,11468,0,0,0,0,0,0,0,0,0,0,0,0,0,0,0,0,0,0,0,0,0,0,0,0,1257,0,0,0
1743620315.001939,600960,21068470,0,nscratch,nscratch-ffff9808a03be000,0,0,774434370749,15605839116,0,0,23020,0,0,0,0,0,0,0,0,0,0,0,0,0,0,0,0,0,0,0,0,0,0,0,0,179,0,0,0
1743620315.002031,600960,21068470,0,pscratch,pscratch-ffff9808886c4000,0,0,298417305668,668688030543,0,0,11468,0,0,0,0,0,0,0,0,0,0,0,0,0,0,0,0,0,0,0,0,0,0,0,0,1257,0,0,0
1743620316.001272,600960,21068470,0,nscratch,nscratch-ffff9808a03be000,0,0,774434370749,15605839116,0,0,23020,0,0,0,0,0,0,0,0,0,0,0,0,0,0,0,0,0,0,0,0,0,0,0,0,179,0,0,0
1743620316.001337,600960,21068470,0,pscratch,pscratch-ffff9808886c4000,0,0,298417305668,668688030543,0,0,11468,0,0,0,0,0,0,0,0,0,0,0,0,0,0,0,0,0,0,0,0,0,0,0,0,1257,0,0,0
1743620317.001462,600960,21068470,0,nscratch,nscratch-ffff9808a03be000,0,0,774434370749,15605839116,0,0,23020,0,0,0,0,0,0,0,0,0,0,0,0,0,0,0,0,0,0,0,0,0,0,0,0,179,0,0,0
1743620317.001528,600960,21068470,0,pscratch,pscratch-ffff9808886c4000,0,0,298417305668,668688030543,0,0,11468,0,0,0,0,0,0,0,0,0,0,0,0,0,0,0,0,0,0,0,0,0,0,0,0,1257,0,0,0
1743620318.001894,600960,21068470,0,nscratch,nscratch-ffff9808a03be000,0,0,774434370749,15605839116,0,0,23020,0,0,0,0,0,0,0,0,0,0,0,0,0,0,0,0,0,0,0,0,0,0,0,0,179,0,0,0
1743620318.001971,600960,21068470,0,pscratch,pscratch-ffff9808886c4000,0,0,298417305668,668688030543,0,0,11468,0,0,0,0,0,0,0,0,0,0,0,0,0,0,0,0,0,0,0,0,0,0,0,0,1257,0,0,0
1743620319.002238,600960,21068470,0,nscratch,nscratch-ffff9808a03be000,0,0,774434370749,15605839116,0,0,23020,0,0,0,0,0,0,0,0,0,0,0,0,0,0,0,0,0,0,0,0,0,0,0,0,179,0,0,0
1743620319.002306,600960,21068470,0,pscratch,pscratch-ffff9808886c4000,0,0,298417305668,668688030543,0,0,11468,0,0,0,0,0,0,0,0,0,0,0,0,0,0,0,0,0,0,0,0,0,0,0,0,1257,0,0,0
1743620320.001429,600960,21068470,0,nscratch,nscratch-ffff9808a03be000,0,0,774434370749,15605839116,0,0,23020,0,0,0,0,0,0,0,0,0,0,0,0,0,0,0,0,0,0,0,0,0,0,0,0,179,0,0,0
1743620320.001495,600960,21068470,0,pscratch,pscratch-ffff9808886c4000,0,0,298417305668,668688030543,0,0,11468,0,0,0,0,0,0,0,0,0,0,0,0,0,0,0,0,0,0,0,0,0,0,0,0,1257,0,0,0
1743620321.001849,600960,21068470,0,nscratch,nscratch-ffff9808a03be000,0,0,774434370749,15605839116,0,0,23020,0,0,0,0,0,0,0,0,0,0,0,0,0,0,0,0,0,0,0,0,0,0,0,0,179,0,0,0
1743620321.001917,600960,21068470,0,pscratch,pscratch-ffff9808886c4000,0,0,298417305668,668688030543,0,0,11468,0,0,0,0,0,0,0,0,0,0,0,0,0,0,0,0,0,0,0,0,0,0,0,0,1257,0,0,0
1743620326.001326,600960,21068470,0,nscratch,nscratch-ffff9808a03be000,0,0,774434370749,15605839116,0,0,23020,0,0,0,0,0,0,0,0,0,0,0,0,0,0,0,0,0,0,0,0,0,0,0,0,179,0,0,0
1743620326.001395,600960,21068470,0,pscratch,pscratch-ffff9808886c4000,0,0,298417305668,668688030543,0,0,11468,0,0,0,0,0,0,0,0,0,0,0,0,0,0,0,0,0,0,0,0,0,0,0,0,1257,0,0,0
1743620328.001317,600960,21068470,0,nscratch,nscratch-ffff9808a03be000,0,0,774434370749,15605839116,0,0,23020,0,0,0,0,0,0,0,0,0,0,0,0,0,0,0,0,0,0,0,0,0,0,0,0,179,0,0,0
1743620328.001385,600960,21068470,0,pscratch,pscratch-ffff9808886c4000,0,0,298417305668,668688030543,0,0,11468,0,0,0,0,0,0,0,0,0,0,0,0,0,0,0,0,0,0,0,0,0,0,0,0,1257,0,0,0
1743620330.001257,600960,21068470,0,nscratch,nscratch-ffff9808a03be000,0,0,774434370749,15605839116,0,0,23020,0,0,0,0,0,0,0,0,0,0,0,0,0,0,0,0,0,0,0,0,0,0,0,0,179,0,0,0
1743620330.001330,600960,21068470,0,pscratch,pscratch-ffff9808886c4000,0,0,298417305668,668688030543,0,0,11468,0,0,0,0,0,0,0,0,0,0,0,0,0,0,0,0,0,0,0,0,0,0,0,0,1257,0,0,0
1743620331.001581,600960,21068470,0,nscratch,nscratch-ffff9808a03be000,0,0,774434370749,15605839116,0,0,23020,0,0,0,0,0,0,0,0,0,0,0,0,0,0,0,0,0,0,0,0,0,0,0,0,179,0,0,0
1743620331.001646,600960,21068470,0,pscratch,pscratch-ffff9808886c4000,0,0,298417305668,668688030543,0,0,11468,0,0,0,0,0,0,0,0,0,0,0,0,0,0,0,0,0,0,0,0,0,0,0,0,1257,0,0,0
1743620332.001781,600960,21068470,0,nscratch,nscratch-ffff9808a03be000,0,0,774434370749,15605839116,0,0,23020,0,0,0,0,0,0,0,0,0,0,0,0,0,0,0,0,0,0,0,0,0,0,0,0,179,0,0,0
1743620332.001849,600960,21068470,0,pscratch,pscratch-ffff9808886c4000,0,0,298417305668,668688030543,0,0,11468,0,0,0,0,0,0,0,0,0,0,0,0,0,0,0,0,0,0,0,0,0,0,0,0,1257,0,0,0
1743620333.002234,600960,21068470,0,nscratch,nscratch-ffff9808a03be000,0,0,774434370749,15605839116,0,0,23020,0,0,0,0,0,0,0,0,0,0,0,0,0,0,0,0,0,0,0,0,0,0,0,0,179,0,0,0
1743620333.002309,600960,21068470,0,pscratch,pscratch-ffff9808886c4000,0,0,298417305668,668688030543,0,0,11468,0,0,0,0,0,0,0,0,0,0,0,0,0,0,0,0,0,0,0,0,0,0,0,0,1257,0,0,0
1743620334.001594,600960,21068470,0,nscratch,nscratch-ffff9808a03be000,0,0,774434370749,15605839116,0,0,23020,0,0,0,0,0,0,0,0,0,0,0,0,0,0,0,0,0,0,0,0,0,0,0,0,179,0,0,0
1743620334.001667,600960,21068470,0,pscratch,pscratch-ffff9808886c4000,0,0,298417305668,668688030543,0,0,11468,0,0,0,0,0,0,0,0,0,0,0,0,0,0,0,0,0,0,0,0,0,0,0,0,1257,0,0,0
1743620335.001797,600960,21068470,0,nscratch,nscratch-ffff9808a03be000,0,0,774434370749,15605839116,0,0,23020,0,0,0,0,0,0,0,0,0,0,0,0,0,0,0,0,0,0,0,0,0,0,0,0,179,0,0,0
1743620335.001882,600960,21068470,0,pscratch,pscratch-ffff9808886c4000,0,0,298417305668,668688030543,0,0,11468,0,0,0,0,0,0,0,0,0,0,0,0,0,0,0,0,0,0,0,0,0,0,0,0,1257,0,0,0
1743620336.001289,600960,21068470,0,nscratch,nscratch-ffff9808a03be000,0,0,774434370749,15605839116,0,0,23020,0,0,0,0,0,0,0,0,0,0,0,0,0,0,0,0,0,0,0,0,0,0,0,0,179,0,0,0
1743620336.001359,600960,21068470,0,pscratch,pscratch-ffff9808886c4000,0,0,298417305668,668688030543,0,0,11468,0,0,0,0,0,0,0,0,0,0,0,0,0,0,0,0,0,0,0,0,0,0,0,0,1257,0,0,0
1743620337.001435,600960,21068470,0,nscratch,nscratch-ffff9808a03be000,0,0,774434370749,15605839116,0,0,23020,0,0,0,0,0,0,0,0,0,0,0,0,0,0,0,0,0,0,0,0,0,0,0,0,179,0,0,0
1743620337.001508,600960,21068470,0,pscratch,pscratch-ffff9808886c4000,0,0,298417305668,668688030543,0,0,11468,0,0,0,0,0,0,0,0,0,0,0,0,0,0,0,0,0,0,0,0,0,0,0,0,1257,0,0,0
1743620338.001783,600960,21068470,0,nscratch,nscratch-ffff9808a03be000,0,0,774434370749,15605839116,0,0,23020,0,0,0,0,0,0,0,0,0,0,0,0,0,0,0,0,0,0,0,0,0,0,0,0,179,0,0,0
1743620338.001891,600960,21068470,0,pscratch,pscratch-ffff9808886c4000,0,0,298417305668,668688030543,0,0,11468,0,0,0,0,0,0,0,0,0,0,0,0,0,0,0,0,0,0,0,0,0,0,0,0,1257,0,0,0
1743620344.001269,600960,21068470,0,nscratch,nscratch-ffff9808a03be000,0,0,774434370749,15605839116,0,0,23020,0,0,0,0,0,0,0,0,0,0,0,0,0,0,0,0,0,0,0,0,0,0,0,0,179,0,0,0
1743620344.001341,600960,21068470,0,pscratch,pscratch-ffff9808886c4000,0,0,298417305668,668688030543,0,0,11468,0,0,0,0,0,0,0,0,0,0,0,0,0,0,0,0,0,0,0,0,0,0,0,0,1257,0,0,0
1743620345.001722,600960,21068470,0,nscratch,nscratch-ffff9808a03be000,0,0,774434370749,15605839116,0,0,23020,0,0,0,0,0,0,0,0,0,0,0,0,0,0,0,0,0,0,0,0,0,0,0,0,179,0,0,0
1743620345.001793,600960,21068470,0,pscratch,pscratch-ffff9808886c4000,0,0,298417305668,668688030543,0,0,11468,0,0,0,0,0,0,0,0,0,0,0,0,0,0,0,0,0,0,0,0,0,0,0,0,1257,0,0,0
1743620346.002071,600960,21068470,0,nscratch,nscratch-ffff9808a03be000,0,0,774434370749,15605839116,0,0,23020,0,0,0,0,0,0,0,0,0,0,0,0,0,0,0,0,0,0,0,0,0,0,0,0,179,0,0,0
1743620346.002139,600960,21068470,0,pscratch,pscratch-ffff9808886c4000,0,0,298417305668,668688030543,0,0,11468,0,0,0,0,0,0,0,0,0,0,0,0,0,0,0,0,0,0,0,0,0,0,0,0,1257,0,0,0
1743620347.001273,600960,21068470,0,nscratch,nscratch-ffff9808a03be000,0,0,774434370749,15605839116,0,0,23020,0,0,0,0,0,0,0,0,0,0,0,0,0,0,0,0,0,0,0,0,0,0,0,0,179,0,0,0
1743620347.001340,600960,21068470,0,pscratch,pscratch-ffff9808886c4000,0,0,298417305668,668688030543,0,0,11468,0,0,0,0,0,0,0,0,0,0,0,0,0,0,0,0,0,0,0,0,0,0,0,0,1257,0,0,0
1743620348.001688,600960,21068470,0,nscratch,nscratch-ffff9808a03be000,0,0,774434370749,15605839116,0,0,23020,0,0,0,0,0,0,0,0,0,0,0,0,0,0,0,0,0,0,0,0,0,0,0,0,179,0,0,0
1743620348.001757,600960,21068470,0,pscratch,pscratch-ffff9808886c4000,0,0,298417305668,668688030543,0,0,11468,0,0,0,0,0,0,0,0,0,0,0,0,0,0,0,0,0,0,0,0,0,0,0,0,1257,0,0,0
1743620349.002021,600960,21068470,0,nscratch,nscratch-ffff9808a03be000,0,0,774434370749,15605839116,0,0,23020,0,0,0,0,0,0,0,0,0,0,0,0,0,0,0,0,0,0,0,0,0,0,0,0,179,0,0,0
1743620349.002090,600960,21068470,0,pscratch,pscratch-ffff9808886c4000,0,0,298417305668,668688030543,0,0,11468,0,0,0,0,0,0,0,0,0,0,0,0,0,0,0,0,0,0,0,0,0,0,0,0,1257,0,0,0
1743620350.001244,600960,21068470,0,nscratch,nscratch-ffff9808a03be000,0,0,774434370749,15605839116,0,0,23020,0,0,0,0,0,0,0,0,0,0,0,0,0,0,0,0,0,0,0,0,0,0,0,0,179,0,0,0
1743620350.001314,600960,21068470,0,pscratch,pscratch-ffff9808886c4000,0,0,298417305668,668688030543,0,0,11468,0,0,0,0,0,0,0,0,0,0,0,0,0,0,0,0,0,0,0,0,0,0,0,0,1257,0,0,0
1743620351.001690,600960,21068470,0,nscratch,nscratch-ffff9808a03be000,0,0,774434370749,15605839116,0,0,23020,0,0,0,0,0,0,0,0,0,0,0,0,0,0,0,0,0,0,0,0,0,0,0,0,179,0,0,0
1743620351.001759,600960,21068470,0,pscratch,pscratch-ffff9808886c4000,0,0,298417305668,668688030543,0,0,11468,0,0,0,0,0,0,0,0,0,0,0,0,0,0,0,0,0,0,0,0,0,0,0,0,1257,0,0,0
1743620352.002204,600960,21068470,0,nscratch,nscratch-ffff9808a03be000,0,0,774434370749,15605839116,0,0,23020,0,0,0,0,0,0,0,0,0,0,0,0,0,0,0,0,0,0,0,0,0,0,0,0,179,0,0,0
1743620352.002290,600960,21068470,0,pscratch,pscratch-ffff9808886c4000,0,0,298417305668,668688030543,0,0,11468,0,0,0,0,0,0,0,0,0,0,0,0,0,0,0,0,0,0,0,0,0,0,0,0,1257,0,0,0
1743620353.001421,600960,21068470,0,nscratch,nscratch-ffff9808a03be000,0,0,774434370749,15605839116,0,0,23020,0,0,0,0,0,0,0,0,0,0,0,0,0,0,0,0,0,0,0,0,0,0,0,0,179,0,0,0
1743620353.001488,600960,21068470,0,pscratch,pscratch-ffff9808886c4000,0,0,298417305668,668688030543,0,0,11468,0,0,0,0,0,0,0,0,0,0,0,0,0,0,0,0,0,0,0,0,0,0,0,0,1257,0,0,0
1743620354.001892,600960,21068470,0,nscratch,nscratch-ffff9808a03be000,0,0,774434370749,15605839116,0,0,23020,0,0,0,0,0,0,0,0,0,0,0,0,0,0,0,0,0,0,0,0,0,0,0,0,179,0,0,0
1743620354.001981,600960,21068470,0,pscratch,pscratch-ffff9808886c4000,0,0,298417305668,668688030543,0,0,11468,0,0,0,0,0,0,0,0,0,0,0,0,0,0,0,0,0,0,0,0,0,0,0,0,1257,0,0,0
1743620355.002290,600960,21068470,0,nscratch,nscratch-ffff9808a03be000,0,0,774434370749,15605839116,0,0,23020,0,0,0,0,0,0,0,0,0,0,0,0,0,0,0,0,0,0,0,0,0,0,0,0,179,0,0,0
1743620355.002361,600960,21068470,0,pscratch,pscratch-ffff9808886c4000,0,0,298417305668,668688030543,0,0,11468,0,0,0,0,0,0,0,0,0,0,0,0,0,0,0,0,0,0,0,0,0,0,0,0,1257,0,0,0
1743620356.001634,600960,21068470,0,nscratch,nscratch-ffff9808a03be000,0,0,774434370749,15605839116,0,0,23020,0,0,0,0,0,0,0,0,0,0,0,0,0,0,0,0,0,0,0,0,0,0,0,0,179,0,0,0
1743620356.001794,600960,21068470,0,pscratch,pscratch-ffff9808886c4000,0,0,298417305668,668688030543,0,0,11468,0,0,0,0,0,0,0,0,0,0,0,0,0,0,0,0,0,0,0,0,0,0,0,0,1257,0,0,0
1743620357.001280,600960,21068470,0,nscratch,nscratch-ffff9808a03be000,0,0,774434370749,15605839116,0,0,23020,0,0,0,0,0,0,0,0,0,0,0,0,0,0,0,0,0,0,0,0,0,0,0,0,179,0,0,0
1743620357.001352,600960,21068470,0,pscratch,pscratch-ffff9808886c4000,0,0,298417305668,668688030543,0,0,11468,0,0,0,0,0,0,0,0,0,0,0,0,0,0,0,0,0,0,0,0,0,0,0,0,1257,0,0,0
1743620363.001384,600960,21068470,0,nscratch,nscratch-ffff9808a03be000,0,0,774434370749,15605839116,0,0,23020,0,0,0,0,0,0,0,0,0,0,0,0,0,0,0,0,0,0,0,0,0,0,0,0,179,0,0,0
1743620363.001450,600960,21068470,0,pscratch,pscratch-ffff9808886c4000,0,0,298417305668,668688030543,0,0,11468,0,0,0,0,0,0,0,0,0,0,0,0,0,0,0,0,0,0,0,0,0,0,0,0,1257,0,0,0
1743620364.001743,600960,21068470,0,nscratch,nscratch-ffff9808a03be000,0,0,774434370749,15605839116,0,0,23020,0,0,0,0,0,0,0,0,0,0,0,0,0,0,0,0,0,0,0,0,0,0,0,0,179,0,0,0
1743620364.001813,600960,21068470,0,pscratch,pscratch-ffff9808886c4000,0,0,298417305668,668688030543,0,0,11468,0,0,0,0,0,0,0,0,0,0,0,0,0,0,0,0,0,0,0,0,0,0,0,0,1257,0,0,0
1743620365.001973,600960,21068470,0,nscratch,nscratch-ffff9808a03be000,0,0,774434370749,15605839116,0,0,23020,0,0,0,0,0,0,0,0,0,0,0,0,0,0,0,0,0,0,0,0,0,0,0,0,179,0,0,0
1743620365.002083,600960,21068470,0,pscratch,pscratch-ffff9808886c4000,0,0,298417305668,668688030543,0,0,11468,0,0,0,0,0,0,0,0,0,0,0,0,0,0,0,0,0,0,0,0,0,0,0,0,1257,0,0,0
1743620366.001457,600960,21068470,0,nscratch,nscratch-ffff9808a03be000,0,0,774434370749,15605839116,0,0,23020,0,0,0,0,0,0,0,0,0,0,0,0,0,0,0,0,0,0,0,0,0,0,0,0,179,0,0,0
1743620366.001531,600960,21068470,0,pscratch,pscratch-ffff9808886c4000,0,0,298417305668,668688030543,0,0,11468,0,0,0,0,0,0,0,0,0,0,0,0,0,0,0,0,0,0,0,0,0,0,0,0,1257,0,0,0
1743620367.001814,600960,21068470,0,nscratch,nscratch-ffff9808a03be000,0,0,774434370749,15605839116,0,0,23020,0,0,0,0,0,0,0,0,0,0,0,0,0,0,0,0,0,0,0,0,0,0,0,0,179,0,0,0
1743620367.001885,600960,21068470,0,pscratch,pscratch-ffff9808886c4000,0,0,298417305668,668688030543,0,0,11468,0,0,0,0,0,0,0,0,0,0,0,0,0,0,0,0,0,0,0,0,0,0,0,0,1257,0,0,0
1743620368.002060,600960,21068470,0,nscratch,nscratch-ffff9808a03be000,0,0,774434370749,15605839116,0,0,23020,0,0,0,0,0,0,0,0,0,0,0,0,0,0,0,0,0,0,0,0,0,0,0,0,179,0,0,0
1743620368.002136,600960,21068470,0,pscratch,pscratch-ffff9808886c4000,0,0,298417305668,668688030543,0,0,11468,0,0,0,0,0,0,0,0,0,0,0,0,0,0,0,0,0,0,0,0,0,0,0,0,1257,0,0,0
1743620369.001543,600960,21068470,0,nscratch,nscratch-ffff9808a03be000,0,0,774434370749,15605839116,0,0,23020,0,0,0,0,0,0,0,0,0,0,0,0,0,0,0,0,0,0,0,0,0,0,0,0,179,0,0,0
1743620369.001614,600960,21068470,0,pscratch,pscratch-ffff9808886c4000,0,0,298417305668,668688030543,0,0,11468,0,0,0,0,0,0,0,0,0,0,0,0,0,0,0,0,0,0,0,0,0,0,0,0,1257,0,0,0
1743620370.001907,600960,21068470,0,nscratch,nscratch-ffff9808a03be000,0,0,774434370749,15605839116,0,0,23020,0,0,0,0,0,0,0,0,0,0,0,0,0,0,0,0,0,0,0,0,0,0,0,0,179,0,0,0
1743620370.002072,600960,21068470,0,pscratch,pscratch-ffff9808886c4000,0,0,298417305668,668688030543,0,0,11468,0,0,0,0,0,0,0,0,0,0,0,0,0,0,0,0,0,0,0,0,0,0,0,0,1257,0,0,0
1743620371.001280,600960,21068470,0,nscratch,nscratch-ffff9808a03be000,0,0,774434370749,15605839116,0,0,23020,0,0,0,0,0,0,0,0,0,0,0,0,0,0,0,0,0,0,0,0,0,0,0,0,179,0,0,0
1743620371.001352,600960,21068470,0,pscratch,pscratch-ffff9808886c4000,0,0,298417305668,668688030543,0,0,11468,0,0,0,0,0,0,0,0,0,0,0,0,0,0,0,0,0,0,0,0,0,0,0,0,1257,0,0,0
1743620372.001757,600960,21068470,0,nscratch,nscratch-ffff9808a03be000,0,0,774434370749,15605839116,0,0,23020,0,0,0,0,0,0,0,0,0,0,0,0,0,0,0,0,0,0,0,0,0,0,0,0,179,0,0,0
1743620372.001830,600960,21068470,0,pscratch,pscratch-ffff9808886c4000,0,0,298417305668,668688030543,0,0,11468,0,0,0,0,0,0,0,0,0,0,0,0,0,0,0,0,0,0,0,0,0,0,0,0,1257,0,0,0
1743620373.002176,600960,21068470,0,nscratch,nscratch-ffff9808a03be000,0,0,774434370749,15605839116,0,0,23020,0,0,0,0,0,0,0,0,0,0,0,0,0,0,0,0,0,0,0,0,0,0,0,0,179,0,0,0
1743620373.002252,600960,21068470,0,pscratch,pscratch-ffff9808886c4000,0,0,298417305668,668688030543,0,0,11468,0,0,0,0,0,0,0,0,0,0,0,0,0,0,0,0,0,0,0,0,0,0,0,0,1257,0,0,0
1743620374.001439,600960,21068470,0,nscratch,nscratch-ffff9808a03be000,0,0,774434370749,15605839116,0,0,23020,0,0,0,0,0,0,0,0,0,0,0,0,0,0,0,0,0,0,0,0,0,0,0,0,179,0,0,0
1743620374.001511,600960,21068470,0,pscratch,pscratch-ffff9808886c4000,0,0,298417305668,668688030543,0,0,11468,0,0,0,0,0,0,0,0,0,0,0,0,0,0,0,0,0,0,0,0,0,0,0,0,1257,0,0,0
1743620375.001883,600960,21068470,0,nscratch,nscratch-ffff9808a03be000,0,0,774434370749,15605839116,0,0,23020,0,0,0,0,0,0,0,0,0,0,0,0,0,0,0,0,0,0,0,0,0,0,0,0,179,0,0,0
1743620375.001977,600960,21068470,0,pscratch,pscratch-ffff9808886c4000,0,0,298417305668,668688030543,0,0,11468,0,0,0,0,0,0,0,0,0,0,0,0,0,0,0,0,0,0,0,0,0,0,0,0,1257,0,0,0
1743620376.002237,600960,21068470,0,nscratch,nscratch-ffff9808a03be000,0,0,774434370749,15605839116,0,0,23020,0,0,0,0,0,0,0,0,0,0,0,0,0,0,0,0,0,0,0,0,0,0,0,0,179,0,0,0
1743620376.002305,600960,21068470,0,pscratch,pscratch-ffff9808886c4000,0,0,298417305668,668688030543,0,0,11468,0,0,0,0,0,0,0,0,0,0,0,0,0,0,0,0,0,0,0,0,0,0,0,0,1257,0,0,0
1743620384.002116,600960,21068470,0,nscratch,nscratch-ffff9808a03be000,0,0,774434370749,15605839116,0,0,23020,0,0,0,0,0,0,0,0,0,0,0,0,0,0,0,0,0,0,0,0,0,0,0,0,179,0,0,0
1743620384.002214,600960,21068470,0,pscratch,pscratch-ffff9808886c4000,0,0,298417305668,668688030543,0,0,11468,0,0,0,0,0,0,0,0,0,0,0,0,0,0,0,0,0,0,0,0,0,0,0,0,1257,0,0,0
1743620385.001605,600960,21068470,0,nscratch,nscratch-ffff9808a03be000,0,0,774434370749,15605839116,0,0,23020,0,0,0,0,0,0,0,0,0,0,0,0,0,0,0,0,0,0,0,0,0,0,0,0,179,0,0,0
1743620385.001701,600960,21068470,0,pscratch,pscratch-ffff9808886c4000,0,0,298417305668,668688030543,0,0,11468,0,0,0,0,0,0,0,0,0,0,0,0,0,0,0,0,0,0,0,0,0,0,0,0,1257,0,0,0
1743620386.001866,600960,21068470,0,nscratch,nscratch-ffff9808a03be000,0,0,774434370749,15605839116,0,0,23020,0,0,0,0,0,0,0,0,0,0,0,0,0,0,0,0,0,0,0,0,0,0,0,0,179,0,0,0
1743620386.001969,600960,21068470,0,pscratch,pscratch-ffff9808886c4000,0,0,298417305668,668688030543,0,0,11468,0,0,0,0,0,0,0,0,0,0,0,0,0,0,0,0,0,0,0,0,0,0,0,0,1257,0,0,0
1743620387.001434,600960,21068470,0,nscratch,nscratch-ffff9808a03be000,0,0,774434370749,15605839116,0,0,23020,0,0,0,0,0,0,0,0,0,0,0,0,0,0,0,0,0,0,0,0,0,0,0,0,179,0,0,0
1743620387.001498,600960,21068470,0,pscratch,pscratch-ffff9808886c4000,0,0,298417305668,668688030543,0,0,11468,0,0,0,0,0,0,0,0,0,0,0,0,0,0,0,0,0,0,0,0,0,0,0,0,1257,0,0,0
1743620388.001780,600960,21068470,0,nscratch,nscratch-ffff9808a03be000,0,0,774434370749,15605839116,0,0,23020,0,0,0,0,0,0,0,0,0,0,0,0,0,0,0,0,0,0,0,0,0,0,0,0,179,0,0,0
1743620388.001851,600960,21068470,0,pscratch,pscratch-ffff9808886c4000,0,0,298417305668,668688030543,0,0,11468,0,0,0,0,0,0,0,0,0,0,0,0,0,0,0,0,0,0,0,0,0,0,0,0,1257,0,0,0
1743620389.002095,600960,21068470,0,nscratch,nscratch-ffff9808a03be000,0,0,774434370749,15605839116,0,0,23020,0,0,0,0,0,0,0,0,0,0,0,0,0,0,0,0,0,0,0,0,0,0,0,0,179,0,0,0
1743620389.002170,600960,21068470,0,pscratch,pscratch-ffff9808886c4000,0,0,298417305668,668688030543,0,0,11468,0,0,0,0,0,0,0,0,0,0,0,0,0,0,0,0,0,0,0,0,0,0,0,0,1257,0,0,0
1743620390.001548,600960,21068470,0,nscratch,nscratch-ffff9808a03be000,0,0,774434370749,15605839116,0,0,23020,0,0,0,0,0,0,0,0,0,0,0,0,0,0,0,0,0,0,0,0,0,0,0,0,179,0,0,0
1743620390.001617,600960,21068470,0,pscratch,pscratch-ffff9808886c4000,0,0,298417305668,668688030543,0,0,11468,0,0,0,0,0,0,0,0,0,0,0,0,0,0,0,0,0,0,0,0,0,0,0,0,1257,0,0,0
