timestamp,component_id,job_id,app_id,fs_name,llite,dirty_pages_hits,dirty_pages_misses,read_bytes.sum,write_bytes.sum,brw_read.sum,brw_write.sum,ioctl,open,close,mmap,page_fault,page_mkwrite,seek,fsync,readdir,setattr,truncate,flock,getattr,create,link,unlink,symlink,mkdir,rmdir,mknod,rename,statfs,alloc_inode,setxattr,getxattr,getxattr_hits,listxattr,removexattr,inode_permission
1743619781.001473,600855,21068469,0,nscratch,nscratch-ffffa03b0426b000,0,0,10355247390040,905049378378,0,0,98179,0,0,0,0,0,0,0,0,0,0,0,0,0,0,0,0,0,0,0,0,0,0,0,0,60771,0,0,0
1743619781.001761,600855,21068469,0,pscratch,pscratch-ffffa03b0861a000,0,0,219402878101,374678341559,0,0,30987,0,0,0,0,0,0,0,0,0,0,0,0,0,0,0,0,0,0,0,0,0,0,0,0,14968,0,0,0
1743619782.002024,600855,21068469,0,nscratch,nscratch-ffffa03b0426b000,0,0,10355247390040,905049378378,0,0,98179,0,0,0,0,0,0,0,0,0,0,0,0,0,0,0,0,0,0,0,0,0,0,0,0,60771,0,0,0
1743619782.002143,600855,21068469,0,pscratch,pscratch-ffffa03b0861a000,0,0,219402878101,374678341559,0,0,30987,0,0,0,0,0,0,0,0,0,0,0,0,0,0,0,0,0,0,0,0,0,0,0,0,14968,0,0,0
1743619783.001796,600855,21068469,0,nscratch,nscratch-ffffa03b0426b000,0,0,10355247390040,905049378378,0,0,98179,0,0,0,0,0,0,0,0,0,0,0,0,0,0,0,0,0,0,0,0,0,0,0,0,60771,0,0,0
1743619783.001915,600855,21068469,0,pscratch,pscratch-ffffa03b0861a000,0,0,219402878101,374678341559,0,0,30987,0,0,0,0,0,0,0,0,0,0,0,0,0,0,0,0,0,0,0,0,0,0,0,0,14968,0,0,0
1743619784.001825,600855,21068469,0,nscratch,nscratch-ffffa03b0426b000,0,0,10355247390040,905049378378,0,0,98179,0,0,0,0,0,0,0,0,0,0,0,0,0,0,0,0,0,0,0,0,0,0,0,0,60771,0,0,0
1743619784.002030,600855,21068469,0,pscratch,pscratch-ffffa03b0861a000,0,0,219402878101,374678341559,0,0,30987,0,0,0,0,0,0,0,0,0,0,0,0,0,0,0,0,0,0,0,0,0,0,0,0,14968,0,0,0
1743619785.001027,600855,21068469,0,nscratch,nscratch-ffffa03b0426b000,0,0,10355247390040,905049378378,0,0,98179,0,0,0,0,0,0,0,0,0,0,0,0,0,0,0,0,0,0,0,0,0,0,0,0,60771,0,0,0
1743619785.001126,600855,21068469,0,pscratch,pscratch-ffffa03b0861a000,0,0,219402878101,374678341559,0,0,30987,0,0,0,0,0,0,0,0,0,0,0,0,0,0,0,0,0,0,0,0,0,0,0,0,14968,0,0,0
1743619786.001706,600855,21068469,0,nscratch,nscratch-ffffa03b0426b000,0,0,10355247390040,905049378378,0,0,98179,0,0,0,0,0,0,0,0,0,0,0,0,0,0,0,0,0,0,0,0,0,0,0,0,60771,0,0,0
1743619786.001932,600855,21068469,0,pscratch,pscratch-ffffa03b0861a000,0,0,219402878101,374678341559,0,0,30987,0,0,0,0,0,0,0,0,0,0,0,0,0,0,0,0,0,0,0,0,0,0,0,0,14968,0,0,0
1743619787.001950,600855,21068469,0,nscratch,nscratch-ffffa03b0426b000,0,0,10355247390040,905049378378,0,0,98179,0,0,0,0,0,0,0,0,0,0,0,0,0,0,0,0,0,0,0,0,0,0,0,0,60771,0,0,0
1743619787.002047,600855,21068469,0,pscratch,pscratch-ffffa03b0861a000,0,0,219402878101,374678341559,0,0,30987,0,0,0,0,0,0,0,0,0,0,0,0,0,0,0,0,0,0,0,0,0,0,0,0,14968,0,0,0
1743619788.001484,600855,21068469,0,nscratch,nscratch-ffffa03b0426b000,0,0,10355247390040,905049378378,0,0,98179,0,0,0,0,0,0,0,0,0,0,0,0,0,0,0,0,0,0,0,0,0,0,0,0,60771,0,0,0
1743619788.001580,600855,21068469,0,pscratch,pscratch-ffffa03b0861a000,0,0,219402878101,374678341559,0,0,30987,0,0,0,0,0,0,0,0,0,0,0,0,0,0,0,0,0,0,0,0,0,0,0,0,14968,0,0,0
1743619789.001286,600855,21068469,0,nscratch,nscratch-ffffa03b0426b000,0,0,10355247390040,905049378378,0,0,98179,0,0,0,0,0,0,0,0,0,0,0,0,0,0,0,0,0,0,0,0,0,0,0,0,60771,0,0,0
1743619789.001387,600855,21068469,0,pscratch,pscratch-ffffa03b0861a000,0,0,219402878101,374678341559,0,0,30987,0,0,0,0,0,0,0,0,0,0,0,0,0,0,0,0,0,0,0,0,0,0,0,0,14968,0,0,0
1743619790.000826,600855,21068469,0,nscratch,nscratch-ffffa03b0426b000,0,0,10355247390040,905049378378,0,0,98179,0,0,0,0,0,0,0,0,0,0,0,0,0,0,0,0,0,0,0,0,0,0,0,0,60771,0,0,0
1743619790.000981,600855,21068469,0,pscratch,pscratch-ffffa03b0861a000,0,0,219402878101,374678341559,0,0,30987,0,0,0,0,0,0,0,0,0,0,0,0,0,0,0,0,0,0,0,0,0,0,0,0,14968,0,0,0
1743619791.001067,600855,21068469,0,nscratch,nscratch-ffffa03b0426b000,0,0,10355247390040,905049378378,0,0,98179,0,0,0,0,0,0,0,0,0,0,0,0,0,0,0,0,0,0,0,0,0,0,0,0,60771,0,0,0
1743619791.001186,600855,21068469,0,pscratch,pscratch-ffffa03b0861a000,0,0,219402878101,374678341559,0,0,30987,0,0,0,0,0,0,0,0,0,0,0,0,0,0,0,0,0,0,0,0,0,0,0,0,14968,0,0,0
1743619792.000998,600855,21068469,0,nscratch,nscratch-ffffa03b0426b000,0,0,10355247390040,905049378378,0,0,98179,0,0,0,0,0,0,0,0,0,0,0,0,0,0,0,0,0,0,0,0,0,0,0,0,60771,0,0,0
1743619792.001103,600855,21068469,0,pscratch,pscratch-ffffa03b0861a000,0,0,219402878101,374678341559,0,0,30987,0,0,0,0,0,0,0,0,0,0,0,0,0,0,0,0,0,0,0,0,0,0,0,0,14968,0,0,0
1743619793.000879,600855,21068469,0,nscratch,nscratch-ffffa03b0426b000,0,0,10355247390040,905049378378,0,0,98179,0,0,0,0,0,0,0,0,0,0,0,0,0,0,0,0,0,0,0,0,0,0,0,0,60771,0,0,0
1743619793.001022,600855,21068469,0,pscratch,pscratch-ffffa03b0861a000,0,0,219402878101,374678341559,0,0,30987,0,0,0,0,0,0,0,0,0,0,0,0,0,0,0,0,0,0,0,0,0,0,0,0,14968,0,0,0
1743619794.001819,600855,21068469,0,nscratch,nscratch-ffffa03b0426b000,0,0,10355247390040,905049378378,0,0,98179,0,0,0,0,0,0,0,0,0,0,0,0,0,0,0,0,0,0,0,0,0,0,0,0,60771,0,0,0
1743619794.001979,600855,21068469,0,pscratch,pscratch-ffffa03b0861a000,0,0,219402878101,374678341559,0,0,30987,0,0,0,0,0,0,0,0,0,0,0,0,0,0,0,0,0,0,0,0,0,0,0,0,14968,0,0,0
1743619795.001584,600855,21068469,0,nscratch,nscratch-ffffa03b0426b000,0,0,10355247390040,905049378378,0,0,98179,0,0,0,0,0,0,0,0,0,0,0,0,0,0,0,0,0,0,0,0,0,0,0,0,60771,0,0,0
1743619795.001749,600855,21068469,0,pscratch,pscratch-ffffa03b0861a000,0,0,219402878101,374678341559,0,0,30987,0,0,0,0,0,0,0,0,0,0,0,0,0,0,0,0,0,0,0,0,0,0,0,0,14968,0,0,0
1743619796.002023,600855,21068469,0,nscratch,nscratch-ffffa03b0426b000,0,0,10355247390040,905049378378,0,0,98179,0,0,0,0,0,0,0,0,0,0,0,0,0,0,0,0,0,0,0,0,0,0,0,0,60771,0,0,0
1743619796.002128,600855,21068469,0,pscratch,pscratch-ffffa03b0861a000,0,0,219402878101,374678341559,0,0,30987,0,0,0,0,0,0,0,0,0,0,0,0,0,0,0,0,0,0,0,0,0,0,0,0,14968,0,0,0
1743619797.001798,600855,21068469,0,nscratch,nscratch-ffffa03b0426b000,0,0,10355247390040,905049378378,0,0,98179,0,0,0,0,0,0,0,0,0,0,0,0,0,0,0,0,0,0,0,0,0,0,0,0,60771,0,0,0
1743619797.001948,600855,21068469,0,pscratch,pscratch-ffffa03b0861a000,0,0,219402878101,374678341559,0,0,30987,0,0,0,0,0,0,0,0,0,0,0,0,0,0,0,0,0,0,0,0,0,0,0,0,14968,0,0,0
1743619798.002348,600855,21068469,0,nscratch,nscratch-ffffa03b0426b000,0,0,10355247390040,905049378378,0,0,98179,0,0,0,0,0,0,0,0,0,0,0,0,0,0,0,0,0,0,0,0,0,0,0,0,60771,0,0,0
1743619798.002461,600855,21068469,0,pscratch,pscratch-ffffa03b0861a000,0,0,219402878101,374678341559,0,0,30987,0,0,0,0,0,0,0,0,0,0,0,0,0,0,0,0,0,0,0,0,0,0,0,0,14968,0,0,0
1743619799.001758,600855,21068469,0,nscratch,nscratch-ffffa03b0426b000,0,0,10355247390040,905049378378,0,0,98179,0,0,0,0,0,0,0,0,0,0,0,0,0,0,0,0,0,0,0,0,0,0,0,0,60771,0,0,0
1743619799.001852,600855,21068469,0,pscratch,pscratch-ffffa03b0861a000,0,0,219402878101,374678341559,0,0,30987,0,0,0,0,0,0,0,0,0,0,0,0,0,0,0,0,0,0,0,0,0,0,0,0,14968,0,0,0
1743619800.001407,600855,21068469,0,nscratch,nscratch-ffffa03b0426b000,0,0,10355247390040,905049378378,0,0,98179,0,0,0,0,0,0,0,0,0,0,0,0,0,0,0,0,0,0,0,0,0,0,0,0,60771,0,0,0
1743619800.001514,600855,21068469,0,pscratch,pscratch-ffffa03b0861a000,0,0,219402878101,374678341559,0,0,30987,0,0,0,0,0,0,0,0,0,0,0,0,0,0,0,0,0,0,0,0,0,0,0,0,14968,0,0,0
1743619801.001912,600855,21068469,0,nscratch,nscratch-ffffa03b0426b000,0,0,10355247390040,905049378378,0,0,98179,0,0,0,0,0,0,0,0,0,0,0,0,0,0,0,0,0,0,0,0,0,0,0,0,60771,0,0,0
1743619801.002022,600855,21068469,0,pscratch,pscratch-ffffa03b0861a000,0,0,219402878101,374678341559,0,0,30987,0,0,0,0,0,0,0,0,0,0,0,0,0,0,0,0,0,0,0,0,0,0,0,0,14968,0,0,0
1743619802.001199,600855,21068469,0,nscratch,nscratch-ffffa03b0426b000,0,0,10355247390040,905049378378,0,0,98179,0,0,0,0,0,0,0,0,0,0,0,0,0,0,0,0,0,0,0,0,0,0,0,0,60771,0,0,0
1743619802.001307,600855,21068469,0,pscratch,pscratch-ffffa03b0861a000,0,0,219402878101,374678341559,0,0,30987,0,0,0,0,0,0,0,0,0,0,0,0,0,0,0,0,0,0,0,0,0,0,0,0,14968,0,0,0
1743619803.001851,600855,21068469,0,nscratch,nscratch-ffffa03b0426b000,0,0,10355247390040,905049378378,0,0,98179,0,0,0,0,0,0,0,0,0,0,0,0,0,0,0,0,0,0,0,0,0,0,0,0,60771,0,0,0
1743619803.001962,600855,21068469,0,pscratch,pscratch-ffffa03b0861a000,0,0,219402878101,374678341559,0,0,30987,0,0,0,0,0,0,0,0,0,0,0,0,0,0,0,0,0,0,0,0,0,0,0,0,14968,0,0,0
1743619804.002156,600855,21068469,0,nscratch,nscratch-ffffa03b0426b000,0,0,10355247390040,905049378378,0,0,98179,0,0,0,0,0,0,0,0,0,0,0,0,0,0,0,0,0,0,0,0,0,0,0,0,60771,0,0,0
1743619804.002241,600855,21068469,0,pscratch,pscratch-ffffa03b0861a000,0,0,219402878101,374678341559,0,0,30987,0,0,0,0,0,0,0,0,0,0,0,0,0,0,0,0,0,0,0,0,0,0,0,0,14968,0,0,0
1743619805.001490,600855,21068469,0,nscratch,nscratch-ffffa03b0426b000,0,0,10355247390040,905049378378,0,0,98179,0,0,0,0,0,0,0,0,0,0,0,0,0,0,0,0,0,0,0,0,0,0,0,0,60771,0,0,0
1743619805.001587,600855,21068469,0,pscratch,pscratch-ffffa03b0861a000,0,0,219402878101,374678341559,0,0,30987,0,0,0,0,0,0,0,0,0,0,0,0,0,0,0,0,0,0,0,0,0,0,0,0,14968,0,0,0
1743619806.002303,600855,21068469,0,nscratch,nscratch-ffffa03b0426b000,0,0,10355247390040,905049378378,0,0,98179,0,0,0,0,0,0,0,0,0,0,0,0,0,0,0,0,0,0,0,0,0,0,0,0,60771,0,0,0
1743619806.002456,600855,21068469,0,pscratch,pscratch-ffffa03b0861a000,0,0,219402878101,374678341559,0,0,30987,0,0,0,0,0,0,0,0,0,0,0,0,0,0,0,0,0,0,0,0,0,0,0,0,14968,0,0,0
1743619807.001099,600855,21068469,0,nscratch,nscratch-ffffa03b0426b000,0,0,10355247390040,905049378378,0,0,98179,0,0,0,0,0,0,0,0,0,0,0,0,0,0,0,0,0,0,0,0,0,0,0,0,60771,0,0,0
1743619807.001208,600855,21068469,0,pscratch,pscratch-ffffa03b0861a000,0,0,219402878101,374678341559,0,0,30987,0,0,0,0,0,0,0,0,0,0,0,0,0,0,0,0,0,0,0,0,0,0,0,0,14968,0,0,0
1743619808.000816,600855,21068469,0,nscratch,nscratch-ffffa03b0426b000,0,0,10355247390040,905049378378,0,0,98179,0,0,0,0,0,0,0,0,0,0,0,0,0,0,0,0,0,0,0,0,0,0,0,0,60771,0,0,0
1743619808.000914,600855,21068469,0,pscratch,pscratch-ffffa03b0861a000,0,0,219402878101,374678341559,0,0,30987,0,0,0,0,0,0,0,0,0,0,0,0,0,0,0,0,0,0,0,0,0,0,0,0,14968,0,0,0
1743619809.000991,600855,21068469,0,nscratch,nscratch-ffffa03b0426b000,0,0,10355247390040,905049378378,0,0,98179,0,0,0,0,0,0,0,0,0,0,0,0,0,0,0,0,0,0,0,0,0,0,0,0,60771,0,0,0
1743619809.001086,600855,21068469,0,pscratch,pscratch-ffffa03b0861a000,0,0,219402878101,374678341559,0,0,30987,0,0,0,0,0,0,0,0,0,0,0,0,0,0,0,0,0,0,0,0,0,0,0,0,14968,0,0,0
1743619810.001656,600855,21068469,0,nscratch,nscratch-ffffa03b0426b000,0,0,10355247390040,905049378378,0,0,98179,0,0,0,0,0,0,0,0,0,0,0,0,0,0,0,0,0,0,0,0,0,0,0,0,60771,0,0,0
1743619810.001811,600855,21068469,0,pscratch,pscratch-ffffa03b0861a000,0,0,219402878101,374678341559,0,0,30987,0,0,0,0,0,0,0,0,0,0,0,0,0,0,0,0,0,0,0,0,0,0,0,0,14968,0,0,0
1743619811.002114,600855,21068469,0,nscratch,nscratch-ffffa03b0426b000,0,0,10355247390040,905049378378,0,0,98179,0,0,0,0,0,0,0,0,0,0,0,0,0,0,0,0,0,0,0,0,0,0,0,0,60771,0,0,0
1743619811.002238,600855,21068469,0,pscratch,pscratch-ffffa03b0861a000,0,0,219402878101,374678341559,0,0,30987,0,0,0,0,0,0,0,0,0,0,0,0,0,0,0,0,0,0,0,0,0,0,0,0,14968,0,0,0
1743619812.001976,600855,21068469,0,nscratch,nscratch-ffffa03b0426b000,0,0,10355247390040,905049378378,0,0,98179,0,0,0,0,0,0,0,0,0,0,0,0,0,0,0,0,0,0,0,0,0,0,0,0,60771,0,0,0
1743619812.002131,600855,21068469,0,pscratch,pscratch-ffffa03b0861a000,0,0,219402878101,374678341559,0,0,30987,0,0,0,0,0,0,0,0,0,0,0,0,0,0,0,0,0,0,0,0,0,0,0,0,14968,0,0,0
1743619813.001689,600855,21068469,0,nscratch,nscratch-ffffa03b0426b000,0,0,10355247390040,905049378378,0,0,98179,0,0,0,0,0,0,0,0,0,0,0,0,0,0,0,0,0,0,0,0,0,0,0,0,60771,0,0,0
1743619813.001848,600855,21068469,0,pscratch,pscratch-ffffa03b0861a000,0,0,219402878101,374678341559,0,0,30987,0,0,0,0,0,0,0,0,0,0,0,0,0,0,0,0,0,0,0,0,0,0,0,0,14968,0,0,0
1743619814.002135,600855,21068469,0,nscratch,nscratch-ffffa03b0426b000,0,0,10355247390040,905049378378,0,0,98179,0,0,0,0,0,0,0,0,0,0,0,0,0,0,0,0,0,0,0,0,0,0,0,0,60771,0,0,0
1743619814.002298,600855,21068469,0,pscratch,pscratch-ffffa03b0861a000,0,0,219402878101,374678341559,0,0,30987,0,0,0,0,0,0,0,0,0,0,0,0,0,0,0,0,0,0,0,0,0,0,0,0,14968,0,0,0
1743619815.001005,600855,21068469,0,nscratch,nscratch-ffffa03b0426b000,0,0,10355247390040,905049378378,0,0,98179,0,0,0,0,0,0,0,0,0,0,0,0,0,0,0,0,0,0,0,0,0,0,0,0,60771,0,0,0
1743619815.001161,600855,21068469,0,pscratch,pscratch-ffffa03b0861a000,0,0,219402878101,374678341559,0,0,30987,0,0,0,0,0,0,0,0,0,0,0,0,0,0,0,0,0,0,0,0,0,0,0,0,14968,0,0,0
1743619816.001688,600855,21068469,0,nscratch,nscratch-ffffa03b0426b000,0,0,10355247390040,905049378378,0,0,98179,0,0,0,0,0,0,0,0,0,0,0,0,0,0,0,0,0,0,0,0,0,0,0,0,60771,0,0,0
1743619816.001801,600855,21068469,0,pscratch,pscratch-ffffa03b0861a000,0,0,219402878101,374678341559,0,0,30987,0,0,0,0,0,0,0,0,0,0,0,0,0,0,0,0,0,0,0,0,0,0,0,0,14968,0,0,0
1743619817.002096,600855,21068469,0,nscratch,nscratch-ffffa03b0426b000,0,0,10355247390040,905049378378,0,0,98179,0,0,0,0,0,0,0,0,0,0,0,0,0,0,0,0,0,0,0,0,0,0,0,0,60771,0,0,0
1743619817.002255,600855,21068469,0,pscratch,pscratch-ffffa03b0861a000,0,0,219402878101,374678341559,0,0,30987,0,0,0,0,0,0,0,0,0,0,0,0,0,0,0,0,0,0,0,0,0,0,0,0,14968,0,0,0
1743619818.002031,600855,21068469,0,nscratch,nscratch-ffffa03b0426b000,0,0,10355247390040,905049378378,0,0,98179,0,0,0,0,0,0,0,0,0,0,0,0,0,0,0,0,0,0,0,0,0,0,0,0,60771,0,0,0
1743619818.002184,600855,21068469,0,pscratch,pscratch-ffffa03b0861a000,0,0,219402878101,374678341559,0,0,30987,0,0,0,0,0,0,0,0,0,0,0,0,0,0,0,0,0,0,0,0,0,0,0,0,14968,0,0,0
1743619819.001781,600855,21068469,0,nscratch,nscratch-ffffa03b0426b000,0,0,10355247390040,905049378378,0,0,98179,0,0,0,0,0,0,0,0,0,0,0,0,0,0,0,0,0,0,0,0,0,0,0,0,60771,0,0,0
1743619819.001938,600855,21068469,0,pscratch,pscratch-ffffa03b0861a000,0,0,219402878101,374678341559,0,0,30987,0,0,0,0,0,0,0,0,0,0,0,0,0,0,0,0,0,0,0,0,0,0,0,0,14968,0,0,0
1743619820.002262,600855,21068469,0,nscratch,nscratch-ffffa03b0426b000,0,0,10355247390040,905049378378,0,0,98179,0,0,0,0,0,0,0,0,0,0,0,0,0,0,0,0,0,0,0,0,0,0,0,0,60771,0,0,0
1743619820.002444,600855,21068469,0,pscratch,pscratch-ffffa03b0861a000,0,0,219402878101,374678341559,0,0,30987,0,0,0,0,0,0,0,0,0,0,0,0,0,0,0,0,0,0,0,0,0,0,0,0,14968,0,0,0
1743619821.002201,600855,21068469,0,nscratch,nscratch-ffffa03b0426b000,0,0,10355247390040,905049378378,0,0,98179,0,0,0,0,0,0,0,0,0,0,0,0,0,0,0,0,0,0,0,0,0,0,0,0,60771,0,0,0
1743619821.002343,600855,21068469,0,pscratch,pscratch-ffffa03b0861a000,0,0,219402878101,374678341559,0,0,30987,0,0,0,0,0,0,0,0,0,0,0,0,0,0,0,0,0,0,0,0,0,0,0,0,14968,0,0,0
1743619822.001955,600855,21068469,0,nscratch,nscratch-ffffa03b0426b000,0,0,10355247390040,905049378378,0,0,98179,0,0,0,0,0,0,0,0,0,0,0,0,0,0,0,0,0,0,0,0,0,0,0,0,60771,0,0,0
1743619822.002109,600855,21068469,0,pscratch,pscratch-ffffa03b0861a000,0,0,219402878101,374678341559,0,0,30987,0,0,0,0,0,0,0,0,0,0,0,0,0,0,0,0,0,0,0,0,0,0,0,0,14968,0,0,0
1743619823.000851,600855,21068469,0,nscratch,nscratch-ffffa03b0426b000,0,0,10355247390040,905049378378,0,0,98179,0,0,0,0,0,0,0,0,0,0,0,0,0,0,0,0,0,0,0,0,0,0,0,0,60771,0,0,0
1743619823.000952,600855,21068469,0,pscratch,pscratch-ffffa03b0861a000,0,0,219402878101,374678341559,0,0,30987,0,0,0,0,0,0,0,0,0,0,0,0,0,0,0,0,0,0,0,0,0,0,0,0,14968,0,0,0
1743619824.001520,600855,21068469,0,nscratch,nscratch-ffffa03b0426b000,0,0,10355247390040,905049378378,0,0,98179,0,0,0,0,0,0,0,0,0,0,0,0,0,0,0,0,0,0,0,0,0,0,0,0,60771,0,0,0
1743619824.001656,600855,21068469,0,pscratch,pscratch-ffffa03b0861a000,0,0,219402878101,374678341559,0,0,30987,0,0,0,0,0,0,0,0,0,0,0,0,0,0,0,0,0,0,0,0,0,0,0,0,14968,0,0,0
1743619825.002111,600855,21068469,0,nscratch,nscratch-ffffa03b0426b000,0,0,10355247390040,905049378378,0,0,98179,0,0,0,0,0,0,0,0,0,0,0,0,0,0,0,0,0,0,0,0,0,0,0,0,60771,0,0,0
1743619825.002224,600855,21068469,0,pscratch,pscratch-ffffa03b0861a000,0,0,219402878101,374678341559,0,0,30987,0,0,0,0,0,0,0,0,0,0,0,0,0,0,0,0,0,0,0,0,0,0,0,0,14968,0,0,0
1743619826.001498,600855,21068469,0,nscratch,nscratch-ffffa03b0426b000,0,0,10355247390040,905049378378,0,0,98179,0,0,0,0,0,0,0,0,0,0,0,0,0,0,0,0,0,0,0,0,0,0,0,0,60771,0,0,0
1743619826.001616,600855,21068469,0,pscratch,pscratch-ffffa03b0861a000,0,0,219402878101,374678341559,0,0,30987,0,0,0,0,0,0,0,0,0,0,0,0,0,0,0,0,0,0,0,0,0,0,0,0,14968,0,0,0
1743619827.002194,600855,21068469,0,nscratch,nscratch-ffffa03b0426b000,0,0,10355247390040,905049378378,0,0,98179,0,0,0,0,0,0,0,0,0,0,0,0,0,0,0,0,0,0,0,0,0,0,0,0,60771,0,0,0
1743619827.002312,600855,21068469,0,pscratch,pscratch-ffffa03b0861a000,0,0,219402878101,374678341559,0,0,30987,0,0,0,0,0,0,0,0,0,0,0,0,0,0,0,0,0,0,0,0,0,0,0,0,14968,0,0,0
1743619828.001788,600855,21068469,0,nscratch,nscratch-ffffa03b0426b000,0,0,10355247390040,905049378378,0,0,98179,0,0,0,0,0,0,0,0,0,0,0,0,0,0,0,0,0,0,0,0,0,0,0,0,60771,0,0,0
1743619828.001903,600855,21068469,0,pscratch,pscratch-ffffa03b0861a000,0,0,219402878101,374678341559,0,0,30987,0,0,0,0,0,0,0,0,0,0,0,0,0,0,0,0,0,0,0,0,0,0,0,0,14968,0,0,0
1743619829.002160,600855,21068469,0,nscratch,nscratch-ffffa03b0426b000,0,0,10355247390040,905049378378,0,0,98179,0,0,0,0,0,0,0,0,0,0,0,0,0,0,0,0,0,0,0,0,0,0,0,0,60771,0,0,0
1743619829.002276,600855,21068469,0,pscratch,pscratch-ffffa03b0861a000,0,0,219402878101,374678341559,0,0,30987,0,0,0,0,0,0,0,0,0,0,0,0,0,0,0,0,0,0,0,0,0,0,0,0,14968,0,0,0
1743619830.001956,600855,21068469,0,nscratch,nscratch-ffffa03b0426b000,0,0,10355247390040,905049378378,0,0,98179,0,0,0,0,0,0,0,0,0,0,0,0,0,0,0,0,0,0,0,0,0,0,0,0,60771,0,0,0
1743619830.002110,600855,21068469,0,pscratch,pscratch-ffffa03b0861a000,0,0,219402878101,374678341559,0,0,30987,0,0,0,0,0,0,0,0,0,0,0,0,0,0,0,0,0,0,0,0,0,0,0,0,14968,0,0,0
1743619831.001679,600855,21068469,0,nscratch,nscratch-ffffa03b0426b000,0,0,10355247390040,905049378378,0,0,98179,0,0,0,0,0,0,0,0,0,0,0,0,0,0,0,0,0,0,0,0,0,0,0,0,60771,0,0,0
1743619831.001824,600855,21068469,0,pscratch,pscratch-ffffa03b0861a000,0,0,219402878101,374678341559,0,0,30987,0,0,0,0,0,0,0,0,0,0,0,0,0,0,0,0,0,0,0,0,0,0,0,0,14968,0,0,0
1743619832.002136,600855,21068469,0,nscratch,nscratch-ffffa03b0426b000,0,0,10355247390040,905049378378,0,0,98179,0,0,0,0,0,0,0,0,0,0,0,0,0,0,0,0,0,0,0,0,0,0,0,0,60771,0,0,0
1743619832.002294,600855,21068469,0,pscratch,pscratch-ffffa03b0861a000,0,0,219402878101,374678341559,0,0,30987,0,0,0,0,0,0,0,0,0,0,0,0,0,0,0,0,0,0,0,0,0,0,0,0,14968,0,0,0
1743619833.002073,600855,21068469,0,nscratch,nscratch-ffffa03b0426b000,0,0,10355247390040,905049378378,0,0,98179,0,0,0,0,0,0,0,0,0,0,0,0,0,0,0,0,0,0,0,0,0,0,0,0,60771,0,0,0
1743619833.002242,600855,21068469,0,pscratch,pscratch-ffffa03b0861a000,0,0,219402878101,374678341559,0,0,30987,0,0,0,0,0,0,0,0,0,0,0,0,0,0,0,0,0,0,0,0,0,0,0,0,14968,0,0,0
1743619834.001858,600855,21068469,0,nscratch,nscratch-ffffa03b0426b000,0,0,10355247390040,905049378378,0,0,98179,0,0,0,0,0,0,0,0,0,0,0,0,0,0,0,0,0,0,0,0,0,0,0,0,60771,0,0,0
1743619834.002026,600855,21068469,0,pscratch,pscratch-ffffa03b0861a000,0,0,219402878101,374678341559,0,0,30987,0,0,0,0,0,0,0,0,0,0,0,0,0,0,0,0,0,0,0,0,0,0,0,0,14968,0,0,0
1743619835.001325,600855,21068469,0,nscratch,nscratch-ffffa03b0426b000,0,0,10355247390040,905049378378,0,0,98179,0,0,0,0,0,0,0,0,0,0,0,0,0,0,0,0,0,0,0,0,0,0,0,0,60771,0,0,0
1743619835.001480,600855,21068469,0,pscratch,pscratch-ffffa03b0861a000,0,0,219402878101,374678341559,0,0,30987,0,0,0,0,0,0,0,0,0,0,0,0,0,0,0,0,0,0,0,0,0,0,0,0,14968,0,0,0
1743619836.002232,600855,21068469,0,nscratch,nscratch-ffffa03b0426b000,0,0,10355247390040,905049378378,0,0,98179,0,0,0,0,0,0,0,0,0,0,0,0,0,0,0,0,0,0,0,0,0,0,0,0,60771,0,0,0
1743619836.002383,600855,21068469,0,pscratch,pscratch-ffffa03b0861a000,0,0,219402878101,374678341559,0,0,30987,0,0,0,0,0,0,0,0,0,0,0,0,0,0,0,0,0,0,0,0,0,0,0,0,14968,0,0,0
1743619837.001979,600855,21068469,0,nscratch,nscratch-ffffa03b0426b000,0,0,10355247390040,905049378378,0,0,98179,0,0,0,0,0,0,0,0,0,0,0,0,0,0,0,0,0,0,0,0,0,0,0,0,60771,0,0,0
1743619837.002144,600855,21068469,0,pscratch,pscratch-ffffa03b0861a000,0,0,219402878101,374678341559,0,0,30987,0,0,0,0,0,0,0,0,0,0,0,0,0,0,0,0,0,0,0,0,0,0,0,0,14968,0,0,0
1743619838.001484,600855,21068469,0,nscratch,nscratch-ffffa03b0426b000,0,0,10355247390040,905049378378,0,0,98179,0,0,0,0,0,0,0,0,0,0,0,0,0,0,0,0,0,0,0,0,0,0,0,0,60771,0,0,0
1743619838.001673,600855,21068469,0,pscratch,pscratch-ffffa03b0861a000,0,0,219402878101,374678341559,0,0,30987,0,0,0,0,0,0,0,0,0,0,0,0,0,0,0,0,0,0,0,0,0,0,0,0,14968,0,0,0
1743619839.002457,600855,21068469,0,nscratch,nscratch-ffffa03b0426b000,0,0,10355247390040,905049378378,0,0,98179,0,0,0,0,0,0,0,0,0,0,0,0,0,0,0,0,0,0,0,0,0,0,0,0,60771,0,0,0
1743619839.002612,600855,21068469,0,pscratch,pscratch-ffffa03b0861a000,0,0,219402878101,374678341559,0,0,30987,0,0,0,0,0,0,0,0,0,0,0,0,0,0,0,0,0,0,0,0,0,0,0,0,14968,0,0,0
1743619840.002203,600855,21068469,0,nscratch,nscratch-ffffa03b0426b000,0,0,10355247390040,905049378378,0,0,98179,0,0,0,0,0,0,0,0,0,0,0,0,0,0,0,0,0,0,0,0,0,0,0,0,60771,0,0,0
1743619840.002356,600855,21068469,0,pscratch,pscratch-ffffa03b0861a000,0,0,219402878101,374678341559,0,0,30987,0,0,0,0,0,0,0,0,0,0,0,0,0,0,0,0,0,0,0,0,0,0,0,0,14968,0,0,0
1743619841.001715,600855,21068469,0,nscratch,nscratch-ffffa03b0426b000,0,0,10355247390040,905049378378,0,0,98179,0,0,0,0,0,0,0,0,0,0,0,0,0,0,0,0,0,0,0,0,0,0,0,0,60771,0,0,0
1743619841.001880,600855,21068469,0,pscratch,pscratch-ffffa03b0861a000,0,0,219402878101,374678341559,0,0,30987,0,0,0,0,0,0,0,0,0,0,0,0,0,0,0,0,0,0,0,0,0,0,0,0,14968,0,0,0
1743619842.001679,600855,21068469,0,nscratch,nscratch-ffffa03b0426b000,0,0,10355247390040,905049378378,0,0,98179,0,0,0,0,0,0,0,0,0,0,0,0,0,0,0,0,0,0,0,0,0,0,0,0,60771,0,0,0
1743619842.001833,600855,21068469,0,pscratch,pscratch-ffffa03b0861a000,0,0,219402878101,374678341559,0,0,30987,0,0,0,0,0,0,0,0,0,0,0,0,0,0,0,0,0,0,0,0,0,0,0,0,14968,0,0,0
1743619843.002393,600855,21068469,0,nscratch,nscratch-ffffa03b0426b000,0,0,10355247390040,905049378378,0,0,98179,0,0,0,0,0,0,0,0,0,0,0,0,0,0,0,0,0,0,0,0,0,0,0,0,60771,0,0,0
1743619843.002548,600855,21068469,0,pscratch,pscratch-ffffa03b0861a000,0,0,219402878101,374678341559,0,0,30987,0,0,0,0,0,0,0,0,0,0,0,0,0,0,0,0,0,0,0,0,0,0,0,0,14968,0,0,0
1743619844.000961,600855,21068469,0,nscratch,nscratch-ffffa03b0426b000,0,0,10355247390040,905049378378,0,0,98179,0,0,0,0,0,0,0,0,0,0,0,0,0,0,0,0,0,0,0,0,0,0,0,0,60771,0,0,0
1743619844.001121,600855,21068469,0,pscratch,pscratch-ffffa03b0861a000,0,0,219402878101,374678341559,0,0,30987,0,0,0,0,0,0,0,0,0,0,0,0,0,0,0,0,0,0,0,0,0,0,0,0,14968,0,0,0
1743619845.001913,600855,21068469,0,nscratch,nscratch-ffffa03b0426b000,0,0,10355247390040,905049378378,0,0,98179,0,0,0,0,0,0,0,0,0,0,0,0,0,0,0,0,0,0,0,0,0,0,0,0,60771,0,0,0
1743619845.002061,600855,21068469,0,pscratch,pscratch-ffffa03b0861a000,0,0,219402878101,374678341559,0,0,30987,0,0,0,0,0,0,0,0,0,0,0,0,0,0,0,0,0,0,0,0,0,0,0,0,14968,0,0,0
1743619846.001637,600855,21068469,0,nscratch,nscratch-ffffa03b0426b000,0,0,10355247390040,905049378378,0,0,98179,0,0,0,0,0,0,0,0,0,0,0,0,0,0,0,0,0,0,0,0,0,0,0,0,60771,0,0,0
1743619846.001789,600855,21068469,0,pscratch,pscratch-ffffa03b0861a000,0,0,219402878101,374678341559,0,0,30987,0,0,0,0,0,0,0,0,0,0,0,0,0,0,0,0,0,0,0,0,0,0,0,0,14968,0,0,0
1743619847.002078,600855,21068469,0,nscratch,nscratch-ffffa03b0426b000,0,0,10355247390040,905049378378,0,0,98179,0,0,0,0,0,0,0,0,0,0,0,0,0,0,0,0,0,0,0,0,0,0,0,0,60771,0,0,0
1743619847.002244,600855,21068469,0,pscratch,pscratch-ffffa03b0861a000,0,0,219402878101,374678341559,0,0,30987,0,0,0,0,0,0,0,0,0,0,0,0,0,0,0,0,0,0,0,0,0,0,0,0,14968,0,0,0
1743619848.001992,600855,21068469,0,nscratch,nscratch-ffffa03b0426b000,0,0,10355247390040,905049378378,0,0,98179,0,0,0,0,0,0,0,0,0,0,0,0,0,0,0,0,0,0,0,0,0,0,0,0,60771,0,0,0
1743619848.002149,600855,21068469,0,pscratch,pscratch-ffffa03b0861a000,0,0,219402878101,374678341559,0,0,30987,0,0,0,0,0,0,0,0,0,0,0,0,0,0,0,0,0,0,0,0,0,0,0,0,14968,0,0,0
1743619849.001738,600855,21068469,0,nscratch,nscratch-ffffa03b0426b000,0,0,10355247390040,905049378378,0,0,98179,0,0,0,0,0,0,0,0,0,0,0,0,0,0,0,0,0,0,0,0,0,0,0,0,60771,0,0,0
1743619849.001895,600855,21068469,0,pscratch,pscratch-ffffa03b0861a000,0,0,219402878101,374678341559,0,0,30987,0,0,0,0,0,0,0,0,0,0,0,0,0,0,0,0,0,0,0,0,0,0,0,0,14968,0,0,0
1743619850.002197,600855,21068469,0,nscratch,nscratch-ffffa03b0426b000,0,0,10355247390040,905049378378,0,0,98179,0,0,0,0,0,0,0,0,0,0,0,0,0,0,0,0,0,0,0,0,0,0,0,0,60771,0,0,0
1743619850.002355,600855,21068469,0,pscratch,pscratch-ffffa03b0861a000,0,0,219402878101,374678341559,0,0,30987,0,0,0,0,0,0,0,0,0,0,0,0,0,0,0,0,0,0,0,0,0,0,0,0,14968,0,0,0
1743619851.002886,600855,21068469,0,nscratch,nscratch-ffffa03b0426b000,0,0,10355247390040,905049378378,0,0,98179,0,0,0,0,0,0,0,0,0,0,0,0,0,0,0,0,0,0,0,0,0,0,0,0,60771,0,0,0
1743619851.003137,600855,21068469,0,pscratch,pscratch-ffffa03b0861a000,0,0,219402878101,374678341559,0,0,30987,0,0,0,0,0,0,0,0,0,0,0,0,0,0,0,0,0,0,0,0,0,0,0,0,14968,0,0,0
1743619852.001216,600855,21068469,0,nscratch,nscratch-ffffa03b0426b000,0,0,10355247390040,905049378378,0,0,98179,0,0,0,0,0,0,0,0,0,0,0,0,0,0,0,0,0,0,0,0,0,0,0,0,60771,0,0,0
1743619852.001380,600855,21068469,0,pscratch,pscratch-ffffa03b0861a000,0,0,219402878101,374678341559,0,0,30987,0,0,0,0,0,0,0,0,0,0,0,0,0,0,0,0,0,0,0,0,0,0,0,0,14968,0,0,0
1743619853.001706,600855,21068469,0,nscratch,nscratch-ffffa03b0426b000,0,0,10355247390040,905049378378,0,0,98179,0,0,0,0,0,0,0,0,0,0,0,0,0,0,0,0,0,0,0,0,0,0,0,0,60771,0,0,0
1743619853.001868,600855,21068469,0,pscratch,pscratch-ffffa03b0861a000,0,0,219402878101,374678341559,0,0,30987,0,0,0,0,0,0,0,0,0,0,0,0,0,0,0,0,0,0,0,0,0,0,0,0,14968,0,0,0
1743619854.001506,600855,21068469,0,nscratch,nscratch-ffffa03b0426b000,0,0,10355247390040,905049378378,0,0,98179,0,0,0,0,0,0,0,0,0,0,0,0,0,0,0,0,0,0,0,0,0,0,0,0,60771,0,0,0
1743619854.001761,600855,21068469,0,pscratch,pscratch-ffffa03b0861a000,0,0,219402878101,374678341559,0,0,30987,0,0,0,0,0,0,0,0,0,0,0,0,0,0,0,0,0,0,0,0,0,0,0,0,14968,0,0,0
1743619855.002221,600855,21068469,0,nscratch,nscratch-ffffa03b0426b000,0,0,10355247390040,905049378378,0,0,98179,0,0,0,0,0,0,0,0,0,0,0,0,0,0,0,0,0,0,0,0,0,0,0,0,60771,0,0,0
1743619855.002378,600855,21068469,0,pscratch,pscratch-ffffa03b0861a000,0,0,219402878101,374678341559,0,0,30987,0,0,0,0,0,0,0,0,0,0,0,0,0,0,0,0,0,0,0,0,0,0,0,0,14968,0,0,0
1743619856.001722,600855,21068469,0,nscratch,nscratch-ffffa03b0426b000,0,0,10355247390040,905049378378,0,0,98179,0,0,0,0,0,0,0,0,0,0,0,0,0,0,0,0,0,0,0,0,0,0,0,0,60771,0,0,0
1743619856.001890,600855,21068469,0,pscratch,pscratch-ffffa03b0861a000,0,0,219402878101,374678341559,0,0,30987,0,0,0,0,0,0,0,0,0,0,0,0,0,0,0,0,0,0,0,0,0,0,0,0,14968,0,0,0
1743619857.001710,600855,21068469,0,nscratch,nscratch-ffffa03b0426b000,0,0,10355247390040,905049378378,0,0,98179,0,0,0,0,0,0,0,0,0,0,0,0,0,0,0,0,0,0,0,0,0,0,0,0,60771,0,0,0
1743619857.001870,600855,21068469,0,pscratch,pscratch-ffffa03b0861a000,0,0,219402878101,374678341559,0,0,30987,0,0,0,0,0,0,0,0,0,0,0,0,0,0,0,0,0,0,0,0,0,0,0,0,14968,0,0,0
1743619858.002407,600855,21068469,0,nscratch,nscratch-ffffa03b0426b000,0,0,10355247390040,905049378378,0,0,98179,0,0,0,0,0,0,0,0,0,0,0,0,0,0,0,0,0,0,0,0,0,0,0,0,60771,0,0,0
1743619858.002545,600855,21068469,0,pscratch,pscratch-ffffa03b0861a000,0,0,219402878101,374678341559,0,0,30987,0,0,0,0,0,0,0,0,0,0,0,0,0,0,0,0,0,0,0,0,0,0,0,0,14968,0,0,0
1743619859.001912,600855,21068469,0,nscratch,nscratch-ffffa03b0426b000,0,0,10355247390040,905049378378,0,0,98179,0,0,0,0,0,0,0,0,0,0,0,0,0,0,0,0,0,0,0,0,0,0,0,0,60771,0,0,0
1743619859.002079,600855,21068469,0,pscratch,pscratch-ffffa03b0861a000,0,0,219402878101,374678341559,0,0,30987,0,0,0,0,0,0,0,0,0,0,0,0,0,0,0,0,0,0,0,0,0,0,0,0,14968,0,0,0
1743619860.001914,600855,21068469,0,nscratch,nscratch-ffffa03b0426b000,0,0,10355247390040,905049378378,0,0,98179,0,0,0,0,0,0,0,0,0,0,0,0,0,0,0,0,0,0,0,0,0,0,0,0,60771,0,0,0
1743619860.002073,600855,21068469,0,pscratch,pscratch-ffffa03b0861a000,0,0,219402878101,374678341559,0,0,30987,0,0,0,0,0,0,0,0,0,0,0,0,0,0,0,0,0,0,0,0,0,0,0,0,14968,0,0,0
1743619861.001660,600855,21068469,0,nscratch,nscratch-ffffa03b0426b000,0,0,10355247390040,905049378378,0,0,98179,0,0,0,0,0,0,0,0,0,0,0,0,0,0,0,0,0,0,0,0,0,0,0,0,60771,0,0,0
1743619861.001829,600855,21068469,0,pscratch,pscratch-ffffa03b0861a000,0,0,219402878101,374678341559,0,0,30987,0,0,0,0,0,0,0,0,0,0,0,0,0,0,0,0,0,0,0,0,0,0,0,0,14968,0,0,0
1743619862.002115,600855,21068469,0,nscratch,nscratch-ffffa03b0426b000,0,0,10355247390040,905049378378,0,0,98179,0,0,0,0,0,0,0,0,0,0,0,0,0,0,0,0,0,0,0,0,0,0,0,0,60771,0,0,0
1743619862.002280,600855,21068469,0,pscratch,pscratch-ffffa03b0861a000,0,0,219402878101,374678341559,0,0,30987,0,0,0,0,0,0,0,0,0,0,0,0,0,0,0,0,0,0,0,0,0,0,0,0,14968,0,0,0
1743619863.002475,600855,21068469,0,nscratch,nscratch-ffffa03b0426b000,0,0,10355247390040,905049378378,0,0,98179,0,0,0,0,0,0,0,0,0,0,0,0,0,0,0,0,0,0,0,0,0,0,0,0,60771,0,0,0
1743619863.002740,600855,21068469,0,pscratch,pscratch-ffffa03b0861a000,0,0,219402878101,374678341559,0,0,30987,0,0,0,0,0,0,0,0,0,0,0,0,0,0,0,0,0,0,0,0,0,0,0,0,14968,0,0,0
1743619864.001553,600855,21068469,0,nscratch,nscratch-ffffa03b0426b000,0,0,10355247390040,905049378378,0,0,98179,0,0,0,0,0,0,0,0,0,0,0,0,0,0,0,0,0,0,0,0,0,0,0,0,60771,0,0,0
1743619864.001703,600855,21068469,0,pscratch,pscratch-ffffa03b0861a000,0,0,219402878101,374678341559,0,0,30987,0,0,0,0,0,0,0,0,0,0,0,0,0,0,0,0,0,0,0,0,0,0,0,0,14968,0,0,0
1743619865.001934,600855,21068469,0,nscratch,nscratch-ffffa03b0426b000,0,0,10355247390040,905049378378,0,0,98179,0,0,0,0,0,0,0,0,0,0,0,0,0,0,0,0,0,0,0,0,0,0,0,0,60771,0,0,0
1743619865.002036,600855,21068469,0,pscratch,pscratch-ffffa03b0861a000,0,0,219402878101,374678341559,0,0,30987,0,0,0,0,0,0,0,0,0,0,0,0,0,0,0,0,0,0,0,0,0,0,0,0,14968,0,0,0
1743619866.001617,600855,21068469,0,nscratch,nscratch-ffffa03b0426b000,0,0,10355247390040,905049378378,0,0,98179,0,0,0,0,0,0,0,0,0,0,0,0,0,0,0,0,0,0,0,0,0,0,0,0,60771,0,0,0
1743619866.001745,600855,21068469,0,pscratch,pscratch-ffffa03b0861a000,0,0,219402878101,374678341559,0,0,30987,0,0,0,0,0,0,0,0,0,0,0,0,0,0,0,0,0,0,0,0,0,0,0,0,14968,0,0,0
1743619867.002185,600855,21068469,0,nscratch,nscratch-ffffa03b0426b000,0,0,10355247390040,905049378378,0,0,98179,0,0,0,0,0,0,0,0,0,0,0,0,0,0,0,0,0,0,0,0,0,0,0,0,60771,0,0,0
1743619867.002294,600855,21068469,0,pscratch,pscratch-ffffa03b0861a000,0,0,219402878101,374678341559,0,0,30987,0,0,0,0,0,0,0,0,0,0,0,0,0,0,0,0,0,0,0,0,0,0,0,0,14968,0,0,0
1743619868.001562,600855,21068469,0,nscratch,nscratch-ffffa03b0426b000,0,0,10355247390040,905049378378,0,0,98179,0,0,0,0,0,0,0,0,0,0,0,0,0,0,0,0,0,0,0,0,0,0,0,0,60771,0,0,0
1743619868.001703,600855,21068469,0,pscratch,pscratch-ffffa03b0861a000,0,0,219402878101,374678341559,0,0,30987,0,0,0,0,0,0,0,0,0,0,0,0,0,0,0,0,0,0,0,0,0,0,0,0,14968,0,0,0
1743619869.002295,600855,21068469,0,nscratch,nscratch-ffffa03b0426b000,0,0,10355247390040,905049378378,0,0,98179,0,0,0,0,0,0,0,0,0,0,0,0,0,0,0,0,0,0,0,0,0,0,0,0,60771,0,0,0
1743619869.002394,600855,21068469,0,pscratch,pscratch-ffffa03b0861a000,0,0,219402878101,374678341559,0,0,30987,0,0,0,0,0,0,0,0,0,0,0,0,0,0,0,0,0,0,0,0,0,0,0,0,14968,0,0,0
1743619870.001824,600855,21068469,0,nscratch,nscratch-ffffa03b0426b000,0,0,10355247390040,905049378378,0,0,98179,0,0,0,0,0,0,0,0,0,0,0,0,0,0,0,0,0,0,0,0,0,0,0,0,60771,0,0,0
1743619870.001943,600855,21068469,0,pscratch,pscratch-ffffa03b0861a000,0,0,219402878101,374678341559,0,0,30987,0,0,0,0,0,0,0,0,0,0,0,0,0,0,0,0,0,0,0,0,0,0,0,0,14968,0,0,0
1743619871.002190,600855,21068469,0,nscratch,nscratch-ffffa03b0426b000,0,0,10355247390040,905049378378,0,0,98179,0,0,0,0,0,0,0,0,0,0,0,0,0,0,0,0,0,0,0,0,0,0,0,0,60771,0,0,0
1743619871.002304,600855,21068469,0,pscratch,pscratch-ffffa03b0861a000,0,0,219402878101,374678341559,0,0,30987,0,0,0,0,0,0,0,0,0,0,0,0,0,0,0,0,0,0,0,0,0,0,0,0,14968,0,0,0
1743619872.001936,600855,21068469,0,nscratch,nscratch-ffffa03b0426b000,0,0,10355247390040,905049378378,0,0,98179,0,0,0,0,0,0,0,0,0,0,0,0,0,0,0,0,0,0,0,0,0,0,0,0,60771,0,0,0
1743619872.002042,600855,21068469,0,pscratch,pscratch-ffffa03b0861a000,0,0,219402878101,374678341559,0,0,30987,0,0,0,0,0,0,0,0,0,0,0,0,0,0,0,0,0,0,0,0,0,0,0,0,14968,0,0,0
1743619873.001002,600855,21068469,0,nscratch,nscratch-ffffa03b0426b000,0,0,10355247390040,905049378378,0,0,98179,0,0,0,0,0,0,0,0,0,0,0,0,0,0,0,0,0,0,0,0,0,0,0,0,60771,0,0,0
1743619873.001102,600855,21068469,0,pscratch,pscratch-ffffa03b0861a000,0,0,219402878101,374678341559,0,0,30987,0,0,0,0,0,0,0,0,0,0,0,0,0,0,0,0,0,0,0,0,0,0,0,0,14968,0,0,0
1743619874.000936,600855,21068469,0,nscratch,nscratch-ffffa03b0426b000,0,0,10355247390040,905049378378,0,0,98179,0,0,0,0,0,0,0,0,0,0,0,0,0,0,0,0,0,0,0,0,0,0,0,0,60771,0,0,0
1743619874.001087,600855,21068469,0,pscratch,pscratch-ffffa03b0861a000,0,0,219402878101,374678341559,0,0,30987,0,0,0,0,0,0,0,0,0,0,0,0,0,0,0,0,0,0,0,0,0,0,0,0,14968,0,0,0
1743619875.001889,600855,21068469,0,nscratch,nscratch-ffffa03b0426b000,0,0,10355247390040,905049378378,0,0,98179,0,0,0,0,0,0,0,0,0,0,0,0,0,0,0,0,0,0,0,0,0,0,0,0,60771,0,0,0
1743619875.002046,600855,21068469,0,pscratch,pscratch-ffffa03b0861a000,0,0,219402878101,374678341559,0,0,30987,0,0,0,0,0,0,0,0,0,0,0,0,0,0,0,0,0,0,0,0,0,0,0,0,14968,0,0,0
1743619876.001668,600855,21068469,0,nscratch,nscratch-ffffa03b0426b000,0,0,10355247390040,905049378378,0,0,98179,0,0,0,0,0,0,0,0,0,0,0,0,0,0,0,0,0,0,0,0,0,0,0,0,60771,0,0,0
1743619876.001827,600855,21068469,0,pscratch,pscratch-ffffa03b0861a000,0,0,219402878101,374678341559,0,0,30987,0,0,0,0,0,0,0,0,0,0,0,0,0,0,0,0,0,0,0,0,0,0,0,0,14968,0,0,0
1743619877.002125,600855,21068469,0,nscratch,nscratch-ffffa03b0426b000,0,0,10355247390040,905049378378,0,0,98179,0,0,0,0,0,0,0,0,0,0,0,0,0,0,0,0,0,0,0,0,0,0,0,0,60771,0,0,0
1743619877.002279,600855,21068469,0,pscratch,pscratch-ffffa03b0861a000,0,0,219402878101,374678341559,0,0,30987,0,0,0,0,0,0,0,0,0,0,0,0,0,0,0,0,0,0,0,0,0,0,0,0,14968,0,0,0
1743619878.002058,600855,21068469,0,nscratch,nscratch-ffffa03b0426b000,0,0,10355247390040,905049378378,0,0,98179,0,0,0,0,0,0,0,0,0,0,0,0,0,0,0,0,0,0,0,0,0,0,0,0,60771,0,0,0
1743619878.002225,600855,21068469,0,pscratch,pscratch-ffffa03b0861a000,0,0,219402878101,374678341559,0,0,30987,0,0,0,0,0,0,0,0,0,0,0,0,0,0,0,0,0,0,0,0,0,0,0,0,14968,0,0,0
1743619879.001869,600855,21068469,0,nscratch,nscratch-ffffa03b0426b000,0,0,10355247390040,905049378378,0,0,98179,0,0,0,0,0,0,0,0,0,0,0,0,0,0,0,0,0,0,0,0,0,0,0,0,60771,0,0,0
1743619879.002034,600855,21068469,0,pscratch,pscratch-ffffa03b0861a000,0,0,219402878101,374678341559,0,0,30987,0,0,0,0,0,0,0,0,0,0,0,0,0,0,0,0,0,0,0,0,0,0,0,0,14968,0,0,0
1743619880.001644,600855,21068469,0,nscratch,nscratch-ffffa03b0426b000,0,0,10355247390040,905049378378,0,0,98179,0,0,0,0,0,0,0,0,0,0,0,0,0,0,0,0,0,0,0,0,0,0,0,0,60771,0,0,0
1743619880.001886,600855,21068469,0,pscratch,pscratch-ffffa03b0861a000,0,0,219402878101,374678341559,0,0,30987,0,0,0,0,0,0,0,0,0,0,0,0,0,0,0,0,0,0,0,0,0,0,0,0,14968,0,0,0
1743619881.001783,600855,21068469,0,nscratch,nscratch-ffffa03b0426b000,0,0,10355247390040,905049378378,0,0,98179,0,0,0,0,0,0,0,0,0,0,0,0,0,0,0,0,0,0,0,0,0,0,0,0,60771,0,0,0
1743619881.001949,600855,21068469,0,pscratch,pscratch-ffffa03b0861a000,0,0,219402878101,374678341559,0,0,30987,0,0,0,0,0,0,0,0,0,0,0,0,0,0,0,0,0,0,0,0,0,0,0,0,14968,0,0,0
1743619882.002501,600855,21068469,0,nscratch,nscratch-ffffa03b0426b000,0,0,10355247390040,905049378378,0,0,98179,0,0,0,0,0,0,0,0,0,0,0,0,0,0,0,0,0,0,0,0,0,0,0,0,60771,0,0,0
1743619882.002671,600855,21068469,0,pscratch,pscratch-ffffa03b0861a000,0,0,219402878101,374678341559,0,0,30987,0,0,0,0,0,0,0,0,0,0,0,0,0,0,0,0,0,0,0,0,0,0,0,0,14968,0,0,0
1743619883.001966,600855,21068469,0,nscratch,nscratch-ffffa03b0426b000,0,0,10355247390040,905049378378,0,0,98179,0,0,0,0,0,0,0,0,0,0,0,0,0,0,0,0,0,0,0,0,0,0,0,0,60771,0,0,0
1743619883.002126,600855,21068469,0,pscratch,pscratch-ffffa03b0861a000,0,0,219402878101,374678341559,0,0,30987,0,0,0,0,0,0,0,0,0,0,0,0,0,0,0,0,0,0,0,0,0,0,0,0,14968,0,0,0
1743619884.001913,600855,21068469,0,nscratch,nscratch-ffffa03b0426b000,0,0,10355247390040,905049378378,0,0,98179,0,0,0,0,0,0,0,0,0,0,0,0,0,0,0,0,0,0,0,0,0,0,0,0,60771,0,0,0
1743619884.002066,600855,21068469,0,pscratch,pscratch-ffffa03b0861a000,0,0,219402878101,374678341559,0,0,30987,0,0,0,0,0,0,0,0,0,0,0,0,0,0,0,0,0,0,0,0,0,0,0,0,14968,0,0,0
1743619885.001948,600855,21068469,0,nscratch,nscratch-ffffa03b0426b000,0,0,10355247390040,905049378378,0,0,98179,0,0,0,0,0,0,0,0,0,0,0,0,0,0,0,0,0,0,0,0,0,0,0,0,60771,0,0,0
1743619885.002159,600855,21068469,0,pscratch,pscratch-ffffa03b0861a000,0,0,219402878101,374678341559,0,0,30987,0,0,0,0,0,0,0,0,0,0,0,0,0,0,0,0,0,0,0,0,0,0,0,0,14968,0,0,0
1743619886.001481,600855,21068469,0,nscratch,nscratch-ffffa03b0426b000,0,0,10355247390040,905049378378,0,0,98179,0,0,0,0,0,0,0,0,0,0,0,0,0,0,0,0,0,0,0,0,0,0,0,0,60771,0,0,0
1743619886.001651,600855,21068469,0,pscratch,pscratch-ffffa03b0861a000,0,0,219402878101,374678341559,0,0,30987,0,0,0,0,0,0,0,0,0,0,0,0,0,0,0,0,0,0,0,0,0,0,0,0,14968,0,0,0
1743619887.002386,600855,21068469,0,nscratch,nscratch-ffffa03b0426b000,0,0,10355247390040,905049378378,0,0,98179,0,0,0,0,0,0,0,0,0,0,0,0,0,0,0,0,0,0,0,0,0,0,0,0,60771,0,0,0
1743619887.002540,600855,21068469,0,pscratch,pscratch-ffffa03b0861a000,0,0,219402878101,374678341559,0,0,30987,0,0,0,0,0,0,0,0,0,0,0,0,0,0,0,0,0,0,0,0,0,0,0,0,14968,0,0,0
1743619888.002157,600855,21068469,0,nscratch,nscratch-ffffa03b0426b000,0,0,10355247390040,905049378378,0,0,98179,0,0,0,0,0,0,0,0,0,0,0,0,0,0,0,0,0,0,0,0,0,0,0,0,60771,0,0,0
1743619888.002309,600855,21068469,0,pscratch,pscratch-ffffa03b0861a000,0,0,219402878101,374678341559,0,0,30987,0,0,0,0,0,0,0,0,0,0,0,0,0,0,0,0,0,0,0,0,0,0,0,0,14968,0,0,0
1743619889.001628,600855,21068469,0,nscratch,nscratch-ffffa03b0426b000,0,0,10355247390040,905049378378,0,0,98179,0,0,0,0,0,0,0,0,0,0,0,0,0,0,0,0,0,0,0,0,0,0,0,0,60771,0,0,0
1743619889.001785,600855,21068469,0,pscratch,pscratch-ffffa03b0861a000,0,0,219402878101,374678341559,0,0,30987,0,0,0,0,0,0,0,0,0,0,0,0,0,0,0,0,0,0,0,0,0,0,0,0,14968,0,0,0
1743619890.001541,600855,21068469,0,nscratch,nscratch-ffffa03b0426b000,0,0,10355247390040,905049378378,0,0,98179,0,0,0,0,0,0,0,0,0,0,0,0,0,0,0,0,0,0,0,0,0,0,0,0,60771,0,0,0
1743619890.001706,600855,21068469,0,pscratch,pscratch-ffffa03b0861a000,0,0,219402878101,374678341559,0,0,30987,0,0,0,0,0,0,0,0,0,0,0,0,0,0,0,0,0,0,0,0,0,0,0,0,14968,0,0,0
1743619891.002311,600855,21068469,0,nscratch,nscratch-ffffa03b0426b000,0,0,10355247390040,905049378378,0,0,98179,0,0,0,0,0,0,0,0,0,0,0,0,0,0,0,0,0,0,0,0,0,0,0,0,60771,0,0,0
1743619891.002467,600855,21068469,0,pscratch,pscratch-ffffa03b0861a000,0,0,219402878101,374678341559,0,0,30987,0,0,0,0,0,0,0,0,0,0,0,0,0,0,0,0,0,0,0,0,0,0,0,0,14968,0,0,0
1743619892.001788,600855,21068469,0,nscratch,nscratch-ffffa03b0426b000,0,0,10355247390040,905049378378,0,0,98179,0,0,0,0,0,0,0,0,0,0,0,0,0,0,0,0,0,0,0,0,0,0,0,0,60771,0,0,0
1743619892.001953,600855,21068469,0,pscratch,pscratch-ffffa03b0861a000,0,0,219402878101,374678341559,0,0,30987,0,0,0,0,0,0,0,0,0,0,0,0,0,0,0,0,0,0,0,0,0,0,0,0,14968,0,0,0
1743619893.001742,600855,21068469,0,nscratch,nscratch-ffffa03b0426b000,0,0,10355247390040,905049378378,0,0,98179,0,0,0,0,0,0,0,0,0,0,0,0,0,0,0,0,0,0,0,0,0,0,0,0,60771,0,0,0
1743619893.001908,600855,21068469,0,pscratch,pscratch-ffffa03b0861a000,0,0,219402878101,374678341559,0,0,30987,0,0,0,0,0,0,0,0,0,0,0,0,0,0,0,0,0,0,0,0,0,0,0,0,14968,0,0,0
1743619894.002448,600855,21068469,0,nscratch,nscratch-ffffa03b0426b000,0,0,10355247390040,905049378378,0,0,98179,0,0,0,0,0,0,0,0,0,0,0,0,0,0,0,0,0,0,0,0,0,0,0,0,60771,0,0,0
1743619894.002587,600855,21068469,0,pscratch,pscratch-ffffa03b0861a000,0,0,219402878101,374678341559,0,0,30987,0,0,0,0,0,0,0,0,0,0,0,0,0,0,0,0,0,0,0,0,0,0,0,0,14968,0,0,0
1743619895.001917,600855,21068469,0,nscratch,nscratch-ffffa03b0426b000,0,0,10355247390040,905049378378,0,0,98179,0,0,0,0,0,0,0,0,0,0,0,0,0,0,0,0,0,0,0,0,0,0,0,0,60771,0,0,0
1743619895.002073,600855,21068469,0,pscratch,pscratch-ffffa03b0861a000,0,0,219402878101,374678341559,0,0,30987,0,0,0,0,0,0,0,0,0,0,0,0,0,0,0,0,0,0,0,0,0,0,0,0,14968,0,0,0
1743619896.001833,600855,21068469,0,nscratch,nscratch-ffffa03b0426b000,0,0,10355247390040,905049378378,0,0,98179,0,0,0,0,0,0,0,0,0,0,0,0,0,0,0,0,0,0,0,0,0,0,0,0,60771,0,0,0
1743619896.001988,600855,21068469,0,pscratch,pscratch-ffffa03b0861a000,0,0,219402878101,374678341559,0,0,30987,0,0,0,0,0,0,0,0,0,0,0,0,0,0,0,0,0,0,0,0,0,0,0,0,14968,0,0,0
1743619897.001576,600855,21068469,0,nscratch,nscratch-ffffa03b0426b000,0,0,10355247390040,905049378378,0,0,98179,0,0,0,0,0,0,0,0,0,0,0,0,0,0,0,0,0,0,0,0,0,0,0,0,60771,0,0,0
1743619897.001745,600855,21068469,0,pscratch,pscratch-ffffa03b0861a000,0,0,219402878101,374678341559,0,0,30987,0,0,0,0,0,0,0,0,0,0,0,0,0,0,0,0,0,0,0,0,0,0,0,0,14968,0,0,0
1743619898.002043,600855,21068469,0,nscratch,nscratch-ffffa03b0426b000,0,0,10355247390040,905049378378,0,0,98179,0,0,0,0,0,0,0,0,0,0,0,0,0,0,0,0,0,0,0,0,0,0,0,0,60771,0,0,0
1743619898.002203,600855,21068469,0,pscratch,pscratch-ffffa03b0861a000,0,0,219402878101,374678341559,0,0,30987,0,0,0,0,0,0,0,0,0,0,0,0,0,0,0,0,0,0,0,0,0,0,0,0,14968,0,0,0
1743619899.001962,600855,21068469,0,nscratch,nscratch-ffffa03b0426b000,0,0,10355247390040,905049378378,0,0,98179,0,0,0,0,0,0,0,0,0,0,0,0,0,0,0,0,0,0,0,0,0,0,0,0,60771,0,0,0
1743619899.002116,600855,21068469,0,pscratch,pscratch-ffffa03b0861a000,0,0,219402878101,374678341559,0,0,30987,0,0,0,0,0,0,0,0,0,0,0,0,0,0,0,0,0,0,0,0,0,0,0,0,14968,0,0,0
1743619900.001744,600855,21068469,0,nscratch,nscratch-ffffa03b0426b000,0,0,10355247390040,905049378378,0,0,98179,0,0,0,0,0,0,0,0,0,0,0,0,0,0,0,0,0,0,0,0,0,0,0,0,60771,0,0,0
1743619900.001919,600855,21068469,0,pscratch,pscratch-ffffa03b0861a000,0,0,219402878101,374678341559,0,0,30987,0,0,0,0,0,0,0,0,0,0,0,0,0,0,0,0,0,0,0,0,0,0,0,0,14968,0,0,0
1743619901.002211,600855,21068469,0,nscratch,nscratch-ffffa03b0426b000,0,0,10355247390040,905049378378,0,0,98179,0,0,0,0,0,0,0,0,0,0,0,0,0,0,0,0,0,0,0,0,0,0,0,0,60771,0,0,0
1743619901.002356,600855,21068469,0,pscratch,pscratch-ffffa03b0861a000,0,0,219402878101,374678341559,0,0,30987,0,0,0,0,0,0,0,0,0,0,0,0,0,0,0,0,0,0,0,0,0,0,0,0,14968,0,0,0
1743619902.002130,600855,21068469,0,nscratch,nscratch-ffffa03b0426b000,0,0,10355247390040,905049378378,0,0,98179,0,0,0,0,0,0,0,0,0,0,0,0,0,0,0,0,0,0,0,0,0,0,0,0,60771,0,0,0
1743619902.002299,600855,21068469,0,pscratch,pscratch-ffffa03b0861a000,0,0,219402878101,374678341559,0,0,30987,0,0,0,0,0,0,0,0,0,0,0,0,0,0,0,0,0,0,0,0,0,0,0,0,14968,0,0,0
1743619903.001936,600855,21068469,0,nscratch,nscratch-ffffa03b0426b000,0,0,10355247390040,905049378378,0,0,98179,0,0,0,0,0,0,0,0,0,0,0,0,0,0,0,0,0,0,0,0,0,0,0,0,60771,0,0,0
1743619903.002091,600855,21068469,0,pscratch,pscratch-ffffa03b0861a000,0,0,219402878101,374678341559,0,0,30987,0,0,0,0,0,0,0,0,0,0,0,0,0,0,0,0,0,0,0,0,0,0,0,0,14968,0,0,0
1743619904.001420,600855,21068469,0,nscratch,nscratch-ffffa03b0426b000,0,0,10355247390040,905049378378,0,0,98179,0,0,0,0,0,0,0,0,0,0,0,0,0,0,0,0,0,0,0,0,0,0,0,0,60771,0,0,0
1743619904.001580,600855,21068469,0,pscratch,pscratch-ffffa03b0861a000,0,0,219402878101,374678341559,0,0,30987,0,0,0,0,0,0,0,0,0,0,0,0,0,0,0,0,0,0,0,0,0,0,0,0,14968,0,0,0
1743619905.002350,600855,21068469,0,nscratch,nscratch-ffffa03b0426b000,0,0,10355247390040,905049378378,0,0,98179,0,0,0,0,0,0,0,0,0,0,0,0,0,0,0,0,0,0,0,0,0,0,0,0,60771,0,0,0
1743619905.002505,600855,21068469,0,pscratch,pscratch-ffffa03b0861a000,0,0,219402878101,374678341559,0,0,30987,0,0,0,0,0,0,0,0,0,0,0,0,0,0,0,0,0,0,0,0,0,0,0,0,14968,0,0,0
1743619906.002151,600855,21068469,0,nscratch,nscratch-ffffa03b0426b000,0,0,10355247390040,905049378378,0,0,98179,0,0,0,0,0,0,0,0,0,0,0,0,0,0,0,0,0,0,0,0,0,0,0,0,60771,0,0,0
1743619906.002312,600855,21068469,0,pscratch,pscratch-ffffa03b0861a000,0,0,219402878101,374678341559,0,0,30987,0,0,0,0,0,0,0,0,0,0,0,0,0,0,0,0,0,0,0,0,0,0,0,0,14968,0,0,0
1743619907.001643,600855,21068469,0,nscratch,nscratch-ffffa03b0426b000,0,0,10355247390040,905049378378,0,0,98179,0,0,0,0,0,0,0,0,0,0,0,0,0,0,0,0,0,0,0,0,0,0,0,0,60771,0,0,0
1743619907.001798,600855,21068469,0,pscratch,pscratch-ffffa03b0861a000,0,0,219402878101,374678341559,0,0,30987,0,0,0,0,0,0,0,0,0,0,0,0,0,0,0,0,0,0,0,0,0,0,0,0,14968,0,0,0
1743619908.001549,600855,21068469,0,nscratch,nscratch-ffffa03b0426b000,0,0,10355247390040,905049378378,0,0,98179,0,0,0,0,0,0,0,0,0,0,0,0,0,0,0,0,0,0,0,0,0,0,0,0,60771,0,0,0
1743619908.001714,600855,21068469,0,pscratch,pscratch-ffffa03b0861a000,0,0,219402878101,374678341559,0,0,30987,0,0,0,0,0,0,0,0,0,0,0,0,0,0,0,0,0,0,0,0,0,0,0,0,14968,0,0,0
1743619909.002291,600855,21068469,0,nscratch,nscratch-ffffa03b0426b000,0,0,10355247390040,905049378378,0,0,98179,0,0,0,0,0,0,0,0,0,0,0,0,0,0,0,0,0,0,0,0,0,0,0,0,60771,0,0,0
1743619909.002444,600855,21068469,0,pscratch,pscratch-ffffa03b0861a000,0,0,219402878101,374678341559,0,0,30987,0,0,0,0,0,0,0,0,0,0,0,0,0,0,0,0,0,0,0,0,0,0,0,0,14968,0,0,0
1743619910.001742,600855,21068469,0,nscratch,nscratch-ffffa03b0426b000,0,0,10355247390040,905049378378,0,0,98179,0,0,0,0,0,0,0,0,0,0,0,0,0,0,0,0,0,0,0,0,0,0,0,0,60771,0,0,0
1743619910.001898,600855,21068469,0,pscratch,pscratch-ffffa03b0861a000,0,0,219402878101,374678341559,0,0,30987,0,0,0,0,0,0,0,0,0,0,0,0,0,0,0,0,0,0,0,0,0,0,0,0,14968,0,0,0
1743619911.001685,600855,21068469,0,nscratch,nscratch-ffffa03b0426b000,0,0,10355247390040,905049378378,0,0,98179,0,0,0,0,0,0,0,0,0,0,0,0,0,0,0,0,0,0,0,0,0,0,0,0,60771,0,0,0
1743619911.002182,600855,21068469,0,pscratch,pscratch-ffffa03b0861a000,0,0,219402878101,374678341559,0,0,30987,0,0,0,0,0,0,0,0,0,0,0,0,0,0,0,0,0,0,0,0,0,0,0,0,14968,0,0,0
1743619912.001796,600855,21068469,0,nscratch,nscratch-ffffa03b0426b000,0,0,10355247390040,905049378378,0,0,98179,0,0,0,0,0,0,0,0,0,0,0,0,0,0,0,0,0,0,0,0,0,0,0,0,60771,0,0,0
1743619912.001942,600855,21068469,0,pscratch,pscratch-ffffa03b0861a000,0,0,219402878101,374678341559,0,0,30987,0,0,0,0,0,0,0,0,0,0,0,0,0,0,0,0,0,0,0,0,0,0,0,0,14968,0,0,0
1743619913.002253,600855,21068469,0,nscratch,nscratch-ffffa03b0426b000,0,0,10355247390040,905049378378,0,0,98179,0,0,0,0,0,0,0,0,0,0,0,0,0,0,0,0,0,0,0,0,0,0,0,0,60771,0,0,0
1743619913.002408,600855,21068469,0,pscratch,pscratch-ffffa03b0861a000,0,0,219402878101,374678341559,0,0,30987,0,0,0,0,0,0,0,0,0,0,0,0,0,0,0,0,0,0,0,0,0,0,0,0,14968,0,0,0
1743619914.002160,600855,21068469,0,nscratch,nscratch-ffffa03b0426b000,0,0,10355247390040,905049378378,0,0,98179,0,0,0,0,0,0,0,0,0,0,0,0,0,0,0,0,0,0,0,0,0,0,0,0,60771,0,0,0
1743619914.002320,600855,21068469,0,pscratch,pscratch-ffffa03b0861a000,0,0,219402878101,374678341559,0,0,30987,0,0,0,0,0,0,0,0,0,0,0,0,0,0,0,0,0,0,0,0,0,0,0,0,14968,0,0,0
1743619915.001945,600855,21068469,0,nscratch,nscratch-ffffa03b0426b000,0,0,10355247390040,905049378378,0,0,98179,0,0,0,0,0,0,0,0,0,0,0,0,0,0,0,0,0,0,0,0,0,0,0,0,60771,0,0,0
1743619915.002103,600855,21068469,0,pscratch,pscratch-ffffa03b0861a000,0,0,219402878101,374678341559,0,0,30987,0,0,0,0,0,0,0,0,0,0,0,0,0,0,0,0,0,0,0,0,0,0,0,0,14968,0,0,0
1743619916.001436,600855,21068469,0,nscratch,nscratch-ffffa03b0426b000,0,0,10355247390040,905049378378,0,0,98179,0,0,0,0,0,0,0,0,0,0,0,0,0,0,0,0,0,0,0,0,0,0,0,0,60771,0,0,0
1743619916.001599,600855,21068469,0,pscratch,pscratch-ffffa03b0861a000,0,0,219402878101,374678341559,0,0,30987,0,0,0,0,0,0,0,0,0,0,0,0,0,0,0,0,0,0,0,0,0,0,0,0,14968,0,0,0
1743619917.002374,600855,21068469,0,nscratch,nscratch-ffffa03b0426b000,0,0,10355247390040,905049378378,0,0,98179,0,0,0,0,0,0,0,0,0,0,0,0,0,0,0,0,0,0,0,0,0,0,0,0,60771,0,0,0
1743619917.002544,600855,21068469,0,pscratch,pscratch-ffffa03b0861a000,0,0,219402878101,374678341559,0,0,30987,0,0,0,0,0,0,0,0,0,0,0,0,0,0,0,0,0,0,0,0,0,0,0,0,14968,0,0,0
1743619918.002143,600855,21068469,0,nscratch,nscratch-ffffa03b0426b000,0,0,10355247390040,905049378378,0,0,98179,0,0,0,0,0,0,0,0,0,0,0,0,0,0,0,0,0,0,0,0,0,0,0,0,60771,0,0,0
1743619918.002298,600855,21068469,0,pscratch,pscratch-ffffa03b0861a000,0,0,219402878101,374678341559,0,0,30987,0,0,0,0,0,0,0,0,0,0,0,0,0,0,0,0,0,0,0,0,0,0,0,0,14968,0,0,0
1743619919.001629,600855,21068469,0,nscratch,nscratch-ffffa03b0426b000,0,0,10355247390040,905049378378,0,0,98179,0,0,0,0,0,0,0,0,0,0,0,0,0,0,0,0,0,0,0,0,0,0,0,0,60771,0,0,0
1743619919.001791,600855,21068469,0,pscratch,pscratch-ffffa03b0861a000,0,0,219402878101,374678341559,0,0,30987,0,0,0,0,0,0,0,0,0,0,0,0,0,0,0,0,0,0,0,0,0,0,0,0,14968,0,0,0
1743619920.000660,600855,21068469,0,nscratch,nscratch-ffffa03b0426b000,0,0,10355247390040,905049378378,0,0,98179,0,0,0,0,0,0,0,0,0,0,0,0,0,0,0,0,0,0,0,0,0,0,0,0,60771,0,0,0
1743619920.000776,600855,21068469,0,pscratch,pscratch-ffffa03b0861a000,0,0,219402878101,374678341559,0,0,30987,0,0,0,0,0,0,0,0,0,0,0,0,0,0,0,0,0,0,0,0,0,0,0,0,14968,0,0,0
1743619921.002228,600855,21068469,0,nscratch,nscratch-ffffa03b0426b000,0,0,10355247390040,905049378378,0,0,98179,0,0,0,0,0,0,0,0,0,0,0,0,0,0,0,0,0,0,0,0,0,0,0,0,60771,0,0,0
1743619921.002342,600855,21068469,0,pscratch,pscratch-ffffa03b0861a000,0,0,219402878101,374678341559,0,0,30987,0,0,0,0,0,0,0,0,0,0,0,0,0,0,0,0,0,0,0,0,0,0,0,0,14968,0,0,0
1743619922.001616,600855,21068469,0,nscratch,nscratch-ffffa03b0426b000,0,0,10355247390040,905049378378,0,0,98179,0,0,0,0,0,0,0,0,0,0,0,0,0,0,0,0,0,0,0,0,0,0,0,0,60771,0,0,0
1743619922.001752,600855,21068469,0,pscratch,pscratch-ffffa03b0861a000,0,0,219402878101,374678341559,0,0,30987,0,0,0,0,0,0,0,0,0,0,0,0,0,0,0,0,0,0,0,0,0,0,0,0,14968,0,0,0
1743619923.002337,600855,21068469,0,nscratch,nscratch-ffffa03b0426b000,0,0,10355247390040,905049378378,0,0,98179,0,0,0,0,0,0,0,0,0,0,0,0,0,0,0,0,0,0,0,0,0,0,0,0,60771,0,0,0
1743619923.002449,600855,21068469,0,pscratch,pscratch-ffffa03b0861a000,0,0,219402878101,374678341559,0,0,30987,0,0,0,0,0,0,0,0,0,0,0,0,0,0,0,0,0,0,0,0,0,0,0,0,14968,0,0,0
1743619924.001902,600855,21068469,0,nscratch,nscratch-ffffa03b0426b000,0,0,10355247390040,905049378378,0,0,98179,0,0,0,0,0,0,0,0,0,0,0,0,0,0,0,0,0,0,0,0,0,0,0,0,60771,0,0,0
1743619924.002019,600855,21068469,0,pscratch,pscratch-ffffa03b0861a000,0,0,219402878101,374678341559,0,0,30987,0,0,0,0,0,0,0,0,0,0,0,0,0,0,0,0,0,0,0,0,0,0,0,0,14968,0,0,0
1743619925.001274,600855,21068469,0,nscratch,nscratch-ffffa03b0426b000,0,0,10355247390040,905049378378,0,0,98179,0,0,0,0,0,0,0,0,0,0,0,0,0,0,0,0,0,0,0,0,0,0,0,0,60771,0,0,0
1743619925.001387,600855,21068469,0,pscratch,pscratch-ffffa03b0861a000,0,0,219402878101,374678341559,0,0,30987,0,0,0,0,0,0,0,0,0,0,0,0,0,0,0,0,0,0,0,0,0,0,0,0,14968,0,0,0
1743619926.002048,600855,21068469,0,nscratch,nscratch-ffffa03b0426b000,0,0,10355247390040,905049378378,0,0,98179,0,0,0,0,0,0,0,0,0,0,0,0,0,0,0,0,0,0,0,0,0,0,0,0,60771,0,0,0
1743619926.002182,600855,21068469,0,pscratch,pscratch-ffffa03b0861a000,0,0,219402878101,374678341559,0,0,30987,0,0,0,0,0,0,0,0,0,0,0,0,0,0,0,0,0,0,0,0,0,0,0,0,14968,0,0,0
1743619927.001718,600855,21068469,0,nscratch,nscratch-ffffa03b0426b000,0,0,10355247390040,905049378378,0,0,98179,0,0,0,0,0,0,0,0,0,0,0,0,0,0,0,0,0,0,0,0,0,0,0,0,60771,0,0,0
1743619927.001837,600855,21068469,0,pscratch,pscratch-ffffa03b0861a000,0,0,219402878101,374678341559,0,0,30987,0,0,0,0,0,0,0,0,0,0,0,0,0,0,0,0,0,0,0,0,0,0,0,0,14968,0,0,0
1743619928.002230,600855,21068469,0,nscratch,nscratch-ffffa03b0426b000,0,0,10355247390040,905049378378,0,0,98179,0,0,0,0,0,0,0,0,0,0,0,0,0,0,0,0,0,0,0,0,0,0,0,0,60771,0,0,0
1743619928.002465,600855,21068469,0,pscratch,pscratch-ffffa03b0861a000,0,0,219402878101,374678341559,0,0,30987,0,0,0,0,0,0,0,0,0,0,0,0,0,0,0,0,0,0,0,0,0,0,0,0,14968,0,0,0
1743619929.002376,600855,21068469,0,nscratch,nscratch-ffffa03b0426b000,0,0,10355247390040,905049378378,0,0,98179,0,0,0,0,0,0,0,0,0,0,0,0,0,0,0,0,0,0,0,0,0,0,0,0,60771,0,0,0
1743619929.002530,600855,21068469,0,pscratch,pscratch-ffffa03b0861a000,0,0,219402878101,374678341559,0,0,30987,0,0,0,0,0,0,0,0,0,0,0,0,0,0,0,0,0,0,0,0,0,0,0,0,14968,0,0,0
1743619930.002165,600855,21068469,0,nscratch,nscratch-ffffa03b0426b000,0,0,10355247390040,905049378378,0,0,98179,0,0,0,0,0,0,0,0,0,0,0,0,0,0,0,0,0,0,0,0,0,0,0,0,60771,0,0,0
1743619930.002331,600855,21068469,0,pscratch,pscratch-ffffa03b0861a000,0,0,219402878101,374678341559,0,0,30987,0,0,0,0,0,0,0,0,0,0,0,0,0,0,0,0,0,0,0,0,0,0,0,0,14968,0,0,0
1743619931.001738,600855,21068469,0,nscratch,nscratch-ffffa03b0426b000,0,0,10355247390040,905049378378,0,0,98179,0,0,0,0,0,0,0,0,0,0,0,0,0,0,0,0,0,0,0,0,0,0,0,0,60771,0,0,0
1743619931.001901,600855,21068469,0,pscratch,pscratch-ffffa03b0861a000,0,0,219402878101,374678341559,0,0,30987,0,0,0,0,0,0,0,0,0,0,0,0,0,0,0,0,0,0,0,0,0,0,0,0,14968,0,0,0
1743619932.001723,600855,21068469,0,nscratch,nscratch-ffffa03b0426b000,0,0,10355247390040,905049378378,0,0,98179,0,0,0,0,0,0,0,0,0,0,0,0,0,0,0,0,0,0,0,0,0,0,0,0,60771,0,0,0
1743619932.001881,600855,21068469,0,pscratch,pscratch-ffffa03b0861a000,0,0,219402878101,374678341559,0,0,30987,0,0,0,0,0,0,0,0,0,0,0,0,0,0,0,0,0,0,0,0,0,0,0,0,14968,0,0,0
1743619933.002497,600855,21068469,0,nscratch,nscratch-ffffa03b0426b000,0,0,10355247390040,905049378378,0,0,98179,0,0,0,0,0,0,0,0,0,0,0,0,0,0,0,0,0,0,0,0,0,0,0,0,60771,0,0,0
1743619933.002678,600855,21068469,0,pscratch,pscratch-ffffa03b0861a000,0,0,219402878101,374678341559,0,0,30987,0,0,0,0,0,0,0,0,0,0,0,0,0,0,0,0,0,0,0,0,0,0,0,0,14968,0,0,0
1743619934.001997,600855,21068469,0,nscratch,nscratch-ffffa03b0426b000,0,0,10355247390040,905049378378,0,0,98179,0,0,0,0,0,0,0,0,0,0,0,0,0,0,0,0,0,0,0,0,0,0,0,0,60771,0,0,0
1743619934.002158,600855,21068469,0,pscratch,pscratch-ffffa03b0861a000,0,0,219402878101,374678341559,0,0,30987,0,0,0,0,0,0,0,0,0,0,0,0,0,0,0,0,0,0,0,0,0,0,0,0,14968,0,0,0
1743619935.001966,600855,21068469,0,nscratch,nscratch-ffffa03b0426b000,0,0,10355247390040,905049378378,0,0,98179,0,0,0,0,0,0,0,0,0,0,0,0,0,0,0,0,0,0,0,0,0,0,0,0,60771,0,0,0
1743619935.002122,600855,21068469,0,pscratch,pscratch-ffffa03b0861a000,0,0,219402878101,374678341559,0,0,30987,0,0,0,0,0,0,0,0,0,0,0,0,0,0,0,0,0,0,0,0,0,0,0,0,14968,0,0,0
1743619936.001761,600855,21068469,0,nscratch,nscratch-ffffa03b0426b000,0,0,10355247390040,905049378378,0,0,98179,0,0,0,0,0,0,0,0,0,0,0,0,0,0,0,0,0,0,0,0,0,0,0,0,60771,0,0,0
1743619936.001930,600855,21068469,0,pscratch,pscratch-ffffa03b0861a000,0,0,219402878101,374678341559,0,0,30987,0,0,0,0,0,0,0,0,0,0,0,0,0,0,0,0,0,0,0,0,0,0,0,0,14968,0,0,0
1743619937.002261,600855,21068469,0,nscratch,nscratch-ffffa03b0426b000,0,0,10355247390040,905049378378,0,0,98179,0,0,0,0,0,0,0,0,0,0,0,0,0,0,0,0,0,0,0,0,0,0,0,0,60771,0,0,0
1743619937.002419,600855,21068469,0,pscratch,pscratch-ffffa03b0861a000,0,0,219402878101,374678341559,0,0,30987,0,0,0,0,0,0,0,0,0,0,0,0,0,0,0,0,0,0,0,0,0,0,0,0,14968,0,0,0
1743619938.002220,600855,21068469,0,nscratch,nscratch-ffffa03b0426b000,0,0,10355247390040,905049378378,0,0,98179,0,0,0,0,0,0,0,0,0,0,0,0,0,0,0,0,0,0,0,0,0,0,0,0,60771,0,0,0
1743619938.002375,600855,21068469,0,pscratch,pscratch-ffffa03b0861a000,0,0,219402878101,374678341559,0,0,30987,0,0,0,0,0,0,0,0,0,0,0,0,0,0,0,0,0,0,0,0,0,0,0,0,14968,0,0,0
1743619939.001987,600855,21068469,0,nscratch,nscratch-ffffa03b0426b000,0,0,10355247390040,905049378378,0,0,98179,0,0,0,0,0,0,0,0,0,0,0,0,0,0,0,0,0,0,0,0,0,0,0,0,60771,0,0,0
1743619939.002143,600855,21068469,0,pscratch,pscratch-ffffa03b0861a000,0,0,219402878101,374678341559,0,0,30987,0,0,0,0,0,0,0,0,0,0,0,0,0,0,0,0,0,0,0,0,0,0,0,0,14968,0,0,0
1743619940.001489,600855,21068469,0,nscratch,nscratch-ffffa03b0426b000,0,0,10355247390040,905049378378,0,0,98179,0,0,0,0,0,0,0,0,0,0,0,0,0,0,0,0,0,0,0,0,0,0,0,0,60771,0,0,0
1743619940.001662,600855,21068469,0,pscratch,pscratch-ffffa03b0861a000,0,0,219402878101,374678341559,0,0,30987,0,0,0,0,0,0,0,0,0,0,0,0,0,0,0,0,0,0,0,0,0,0,0,0,14968,0,0,0
1743619941.002441,600855,21068469,0,nscratch,nscratch-ffffa03b0426b000,0,0,10355247390040,905049378378,0,0,98179,0,0,0,0,0,0,0,0,0,0,0,0,0,0,0,0,0,0,0,0,0,0,0,0,60771,0,0,0
1743619941.002592,600855,21068469,0,pscratch,pscratch-ffffa03b0861a000,0,0,219402878101,374678341559,0,0,30987,0,0,0,0,0,0,0,0,0,0,0,0,0,0,0,0,0,0,0,0,0,0,0,0,14968,0,0,0
1743619942.002204,600855,21068469,0,nscratch,nscratch-ffffa03b0426b000,0,0,10355247390040,905049378378,0,0,98179,0,0,0,0,0,0,0,0,0,0,0,0,0,0,0,0,0,0,0,0,0,0,0,0,60771,0,0,0
1743619942.002353,600855,21068469,0,pscratch,pscratch-ffffa03b0861a000,0,0,219402878101,374678341559,0,0,30987,0,0,0,0,0,0,0,0,0,0,0,0,0,0,0,0,0,0,0,0,0,0,0,0,14968,0,0,0
1743619943.001681,600855,21068469,0,nscratch,nscratch-ffffa03b0426b000,0,0,10355247390040,905049378378,0,0,98179,0,0,0,0,0,0,0,0,0,0,0,0,0,0,0,0,0,0,0,0,0,0,0,0,60771,0,0,0
1743619943.001851,600855,21068469,0,pscratch,pscratch-ffffa03b0861a000,0,0,219402878101,374678341559,0,0,30987,0,0,0,0,0,0,0,0,0,0,0,0,0,0,0,0,0,0,0,0,0,0,0,0,14968,0,0,0
1743619944.001658,600855,21068469,0,nscratch,nscratch-ffffa03b0426b000,0,0,10355247390040,905049378378,0,0,98179,0,0,0,0,0,0,0,0,0,0,0,0,0,0,0,0,0,0,0,0,0,0,0,0,60771,0,0,0
1743619944.001820,600855,21068469,0,pscratch,pscratch-ffffa03b0861a000,0,0,219402878101,374678341559,0,0,30987,0,0,0,0,0,0,0,0,0,0,0,0,0,0,0,0,0,0,0,0,0,0,0,0,14968,0,0,0
1743619945.002432,600855,21068469,0,nscratch,nscratch-ffffa03b0426b000,0,0,10355247390040,905049378378,0,0,98179,0,0,0,0,0,0,0,0,0,0,0,0,0,0,0,0,0,0,0,0,0,0,0,0,60771,0,0,0
1743619945.002587,600855,21068469,0,pscratch,pscratch-ffffa03b0861a000,0,0,219402878101,374678341559,0,0,30987,0,0,0,0,0,0,0,0,0,0,0,0,0,0,0,0,0,0,0,0,0,0,0,0,14968,0,0,0
1743619946.001921,600855,21068469,0,nscratch,nscratch-ffffa03b0426b000,0,0,10355247390040,905049378378,0,0,98179,0,0,0,0,0,0,0,0,0,0,0,0,0,0,0,0,0,0,0,0,0,0,0,0,60771,0,0,0
1743619946.002076,600855,21068469,0,pscratch,pscratch-ffffa03b0861a000,0,0,219402878101,374678341559,0,0,30987,0,0,0,0,0,0,0,0,0,0,0,0,0,0,0,0,0,0,0,0,0,0,0,0,14968,0,0,0
1743619947.001868,600855,21068469,0,nscratch,nscratch-ffffa03b0426b000,0,0,10355247390040,905049378378,0,0,98179,0,0,0,0,0,0,0,0,0,0,0,0,0,0,0,0,0,0,0,0,0,0,0,0,60771,0,0,0
1743619947.002042,600855,21068469,0,pscratch,pscratch-ffffa03b0861a000,0,0,219402878101,374678341559,0,0,30987,0,0,0,0,0,0,0,0,0,0,0,0,0,0,0,0,0,0,0,0,0,0,0,0,14968,0,0,0
1743619948.001664,600855,21068469,0,nscratch,nscratch-ffffa03b0426b000,0,0,10355247390040,905049378378,0,0,98179,0,0,0,0,0,0,0,0,0,0,0,0,0,0,0,0,0,0,0,0,0,0,0,0,60771,0,0,0
1743619948.001819,600855,21068469,0,pscratch,pscratch-ffffa03b0861a000,0,0,219402878101,374678341559,0,0,30987,0,0,0,0,0,0,0,0,0,0,0,0,0,0,0,0,0,0,0,0,0,0,0,0,14968,0,0,0
1743619949.002145,600855,21068469,0,nscratch,nscratch-ffffa03b0426b000,0,0,10355247390040,905049378378,0,0,98179,0,0,0,0,0,0,0,0,0,0,0,0,0,0,0,0,0,0,0,0,0,0,0,0,60771,0,0,0
1743619949.002308,600855,21068469,0,pscratch,pscratch-ffffa03b0861a000,0,0,219402878101,374678341559,0,0,30987,0,0,0,0,0,0,0,0,0,0,0,0,0,0,0,0,0,0,0,0,0,0,0,0,14968,0,0,0
1743619950.002102,600855,21068469,0,nscratch,nscratch-ffffa03b0426b000,0,0,10355247390040,905049378378,0,0,98179,0,0,0,0,0,0,0,0,0,0,0,0,0,0,0,0,0,0,0,0,0,0,0,0,60771,0,0,0
1743619950.002254,600855,21068469,0,pscratch,pscratch-ffffa03b0861a000,0,0,219402878101,374678341559,0,0,30987,0,0,0,0,0,0,0,0,0,0,0,0,0,0,0,0,0,0,0,0,0,0,0,0,14968,0,0,0
1743619951.001881,600855,21068469,0,nscratch,nscratch-ffffa03b0426b000,0,0,10355247390040,905049378378,0,0,98179,0,0,0,0,0,0,0,0,0,0,0,0,0,0,0,0,0,0,0,0,0,0,0,0,60771,0,0,0
1743619951.002041,600855,21068469,0,pscratch,pscratch-ffffa03b0861a000,0,0,219402878101,374678341559,0,0,30987,0,0,0,0,0,0,0,0,0,0,0,0,0,0,0,0,0,0,0,0,0,0,0,0,14968,0,0,0
1743619952.001373,600855,21068469,0,nscratch,nscratch-ffffa03b0426b000,0,0,10355247390040,905049378378,0,0,98179,0,0,0,0,0,0,0,0,0,0,0,0,0,0,0,0,0,0,0,0,0,0,0,0,60771,0,0,0
1743619952.001524,600855,21068469,0,pscratch,pscratch-ffffa03b0861a000,0,0,219402878101,374678341559,0,0,30987,0,0,0,0,0,0,0,0,0,0,0,0,0,0,0,0,0,0,0,0,0,0,0,0,14968,0,0,0
1743619953.002350,600855,21068469,0,nscratch,nscratch-ffffa03b0426b000,0,0,10355247390040,905049378378,0,0,98179,0,0,0,0,0,0,0,0,0,0,0,0,0,0,0,0,0,0,0,0,0,0,0,0,60771,0,0,0
1743619953.002506,600855,21068469,0,pscratch,pscratch-ffffa03b0861a000,0,0,219402878101,374678341559,0,0,30987,0,0,0,0,0,0,0,0,0,0,0,0,0,0,0,0,0,0,0,0,0,0,0,0,14968,0,0,0
1743619954.002106,600855,21068469,0,nscratch,nscratch-ffffa03b0426b000,0,0,10355247390040,905049378378,0,0,98179,0,0,0,0,0,0,0,0,0,0,0,0,0,0,0,0,0,0,0,0,0,0,0,0,60771,0,0,0
1743619954.002256,600855,21068469,0,pscratch,pscratch-ffffa03b0861a000,0,0,219402878101,374678341559,0,0,30987,0,0,0,0,0,0,0,0,0,0,0,0,0,0,0,0,0,0,0,0,0,0,0,0,14968,0,0,0
1743619955.001585,600855,21068469,0,nscratch,nscratch-ffffa03b0426b000,0,0,10355247390040,905049378378,0,0,98179,0,0,0,0,0,0,0,0,0,0,0,0,0,0,0,0,0,0,0,0,0,0,0,0,60771,0,0,0
1743619955.001762,600855,21068469,0,pscratch,pscratch-ffffa03b0861a000,0,0,219402878101,374678341559,0,0,30987,0,0,0,0,0,0,0,0,0,0,0,0,0,0,0,0,0,0,0,0,0,0,0,0,14968,0,0,0
1743619956.001545,600855,21068469,0,nscratch,nscratch-ffffa03b0426b000,0,0,10355247390040,905049378378,0,0,98179,0,0,0,0,0,0,0,0,0,0,0,0,0,0,0,0,0,0,0,0,0,0,0,0,60771,0,0,0
1743619956.001717,600855,21068469,0,pscratch,pscratch-ffffa03b0861a000,0,0,219402878101,374678341559,0,0,30987,0,0,0,0,0,0,0,0,0,0,0,0,0,0,0,0,0,0,0,0,0,0,0,0,14968,0,0,0
1743619957.002301,600855,21068469,0,nscratch,nscratch-ffffa03b0426b000,0,0,10355247390040,905049378378,0,0,98179,0,0,0,0,0,0,0,0,0,0,0,0,0,0,0,0,0,0,0,0,0,0,0,0,60771,0,0,0
1743619957.002459,600855,21068469,0,pscratch,pscratch-ffffa03b0861a000,0,0,219402878101,374678341559,0,0,30987,0,0,0,0,0,0,0,0,0,0,0,0,0,0,0,0,0,0,0,0,0,0,0,0,14968,0,0,0
1743619958.001783,600855,21068469,0,nscratch,nscratch-ffffa03b0426b000,0,0,10355247390040,905049378378,0,0,98179,0,0,0,0,0,0,0,0,0,0,0,0,0,0,0,0,0,0,0,0,0,0,0,0,60771,0,0,0
1743619958.001935,600855,21068469,0,pscratch,pscratch-ffffa03b0861a000,0,0,219402878101,374678341559,0,0,30987,0,0,0,0,0,0,0,0,0,0,0,0,0,0,0,0,0,0,0,0,0,0,0,0,14968,0,0,0
1743619959.001738,600855,21068469,0,nscratch,nscratch-ffffa03b0426b000,0,0,10355247390040,905049378378,0,0,98179,0,0,0,0,0,0,0,0,0,0,0,0,0,0,0,0,0,0,0,0,0,0,0,0,60771,0,0,0
1743619959.001895,600855,21068469,0,pscratch,pscratch-ffffa03b0861a000,0,0,219402878101,374678341559,0,0,30987,0,0,0,0,0,0,0,0,0,0,0,0,0,0,0,0,0,0,0,0,0,0,0,0,14968,0,0,0
1743619960.002507,600855,21068469,0,nscratch,nscratch-ffffa03b0426b000,0,0,10355247390040,905049378378,0,0,98179,0,0,0,0,0,0,0,0,0,0,0,0,0,0,0,0,0,0,0,0,0,0,0,0,60771,0,0,0
1743619960.002679,600855,21068469,0,pscratch,pscratch-ffffa03b0861a000,0,0,219402878101,374678341559,0,0,30987,0,0,0,0,0,0,0,0,0,0,0,0,0,0,0,0,0,0,0,0,0,0,0,0,14968,0,0,0
1743619961.002006,600855,21068469,0,nscratch,nscratch-ffffa03b0426b000,0,0,10355247390040,905049378378,0,0,98179,0,0,0,0,0,0,0,0,0,0,0,0,0,0,0,0,0,0,0,0,0,0,0,0,60771,0,0,0
1743619961.002166,600855,21068469,0,pscratch,pscratch-ffffa03b0861a000,0,0,219402878101,374678341559,0,0,30987,0,0,0,0,0,0,0,0,0,0,0,0,0,0,0,0,0,0,0,0,0,0,0,0,14968,0,0,0
1743619962.001958,600855,21068469,0,nscratch,nscratch-ffffa03b0426b000,0,0,10355247390040,905049378378,0,0,98179,0,0,0,0,0,0,0,0,0,0,0,0,0,0,0,0,0,0,0,0,0,0,0,0,60771,0,0,0
1743619962.002118,600855,21068469,0,pscratch,pscratch-ffffa03b0861a000,0,0,219402878101,374678341559,0,0,30987,0,0,0,0,0,0,0,0,0,0,0,0,0,0,0,0,0,0,0,0,0,0,0,0,14968,0,0,0
1743619963.001735,600855,21068469,0,nscratch,nscratch-ffffa03b0426b000,0,0,10355247390040,905049378378,0,0,98179,0,0,0,0,0,0,0,0,0,0,0,0,0,0,0,0,0,0,0,0,0,0,0,0,60771,0,0,0
1743619963.001893,600855,21068469,0,pscratch,pscratch-ffffa03b0861a000,0,0,219402878101,374678341559,0,0,30987,0,0,0,0,0,0,0,0,0,0,0,0,0,0,0,0,0,0,0,0,0,0,0,0,14968,0,0,0
1743619964.002206,600855,21068469,0,nscratch,nscratch-ffffa03b0426b000,0,0,10355247390040,905049378378,0,0,98179,0,0,0,0,0,0,0,0,0,0,0,0,0,0,0,0,0,0,0,0,0,0,0,0,60771,0,0,0
1743619964.002360,600855,21068469,0,pscratch,pscratch-ffffa03b0861a000,0,0,219402878101,374678341559,0,0,30987,0,0,0,0,0,0,0,0,0,0,0,0,0,0,0,0,0,0,0,0,0,0,0,0,14968,0,0,0
1743619965.002145,600855,21068469,0,nscratch,nscratch-ffffa03b0426b000,0,0,10355247390040,905049378378,0,0,98179,0,0,0,0,0,0,0,0,0,0,0,0,0,0,0,0,0,0,0,0,0,0,0,0,60771,0,0,0
1743619965.002304,600855,21068469,0,pscratch,pscratch-ffffa03b0861a000,0,0,219402878101,374678341559,0,0,30987,0,0,0,0,0,0,0,0,0,0,0,0,0,0,0,0,0,0,0,0,0,0,0,0,14968,0,0,0
1743619966.001958,600855,21068469,0,nscratch,nscratch-ffffa03b0426b000,0,0,10355247390040,905049378378,0,0,98179,0,0,0,0,0,0,0,0,0,0,0,0,0,0,0,0,0,0,0,0,0,0,0,0,60771,0,0,0
1743619966.002112,600855,21068469,0,pscratch,pscratch-ffffa03b0861a000,0,0,219402878101,374678341559,0,0,30987,0,0,0,0,0,0,0,0,0,0,0,0,0,0,0,0,0,0,0,0,0,0,0,0,14968,0,0,0
1743619967.001345,600855,21068469,0,nscratch,nscratch-ffffa03b0426b000,0,0,10355247390040,905049378378,0,0,98179,0,0,0,0,0,0,0,0,0,0,0,0,0,0,0,0,0,0,0,0,0,0,0,0,60771,0,0,0
1743619967.001447,600855,21068469,0,pscratch,pscratch-ffffa03b0861a000,0,0,219402878101,374678341559,0,0,30987,0,0,0,0,0,0,0,0,0,0,0,0,0,0,0,0,0,0,0,0,0,0,0,0,14968,0,0,0
1743619968.001987,600855,21068469,0,nscratch,nscratch-ffffa03b0426b000,0,0,10355247390040,905049378378,0,0,98179,0,0,0,0,0,0,0,0,0,0,0,0,0,0,0,0,0,0,0,0,0,0,0,0,60771,0,0,0
1743619968.002100,600855,21068469,0,pscratch,pscratch-ffffa03b0861a000,0,0,219402878101,374678341559,0,0,30987,0,0,0,0,0,0,0,0,0,0,0,0,0,0,0,0,0,0,0,0,0,0,0,0,14968,0,0,0
1743619969.001392,600855,21068469,0,nscratch,nscratch-ffffa03b0426b000,0,0,10355247390040,905049378378,0,0,98179,0,0,0,0,0,0,0,0,0,0,0,0,0,0,0,0,0,0,0,0,0,0,0,0,60771,0,0,0
1743619969.001457,600855,21068469,0,pscratch,pscratch-ffffa03b0861a000,0,0,219402878101,374678341559,0,0,30987,0,0,0,0,0,0,0,0,0,0,0,0,0,0,0,0,0,0,0,0,0,0,0,0,14968,0,0,0
1743619970.001607,600855,21068469,0,nscratch,nscratch-ffffa03b0426b000,0,0,10355247390040,905049378378,0,0,98179,0,0,0,0,0,0,0,0,0,0,0,0,0,0,0,0,0,0,0,0,0,0,0,0,60771,0,0,0
1743619970.001688,600855,21068469,0,pscratch,pscratch-ffffa03b0861a000,0,0,219402878101,374678341559,0,0,30987,0,0,0,0,0,0,0,0,0,0,0,0,0,0,0,0,0,0,0,0,0,0,0,0,14968,0,0,0
1743619971.002152,600855,21068469,0,nscratch,nscratch-ffffa03b0426b000,0,0,10355247390040,905049378378,0,0,98179,0,0,0,0,0,0,0,0,0,0,0,0,0,0,0,0,0,0,0,0,0,0,0,0,60771,0,0,0
1743619971.002254,600855,21068469,0,pscratch,pscratch-ffffa03b0861a000,0,0,219402878101,374678341559,0,0,30987,0,0,0,0,0,0,0,0,0,0,0,0,0,0,0,0,0,0,0,0,0,0,0,0,14968,0,0,0
1743619972.001617,600855,21068469,0,nscratch,nscratch-ffffa03b0426b000,0,0,10355247390040,905049378378,0,0,98179,0,0,0,0,0,0,0,0,0,0,0,0,0,0,0,0,0,0,0,0,0,0,0,0,60771,0,0,0
1743619972.001735,600855,21068469,0,pscratch,pscratch-ffffa03b0861a000,0,0,219402878101,374678341559,0,0,30987,0,0,0,0,0,0,0,0,0,0,0,0,0,0,0,0,0,0,0,0,0,0,0,0,14968,0,0,0
1743619973.001884,600855,21068469,0,nscratch,nscratch-ffffa03b0426b000,0,0,10355247390040,905049378378,0,0,98179,0,0,0,0,0,0,0,0,0,0,0,0,0,0,0,0,0,0,0,0,0,0,0,0,60771,0,0,0
1743619973.001983,600855,21068469,0,pscratch,pscratch-ffffa03b0861a000,0,0,219402878101,374678341559,0,0,30987,0,0,0,0,0,0,0,0,0,0,0,0,0,0,0,0,0,0,0,0,0,0,0,0,14968,0,0,0
1743619974.001477,600855,21068469,0,nscratch,nscratch-ffffa03b0426b000,0,0,10355247390040,905049378378,0,0,98179,0,0,0,0,0,0,0,0,0,0,0,0,0,0,0,0,0,0,0,0,0,0,0,0,60771,0,0,0
1743619974.001572,600855,21068469,0,pscratch,pscratch-ffffa03b0861a000,0,0,219402878101,374678341559,0,0,30987,0,0,0,0,0,0,0,0,0,0,0,0,0,0,0,0,0,0,0,0,0,0,0,0,14968,0,0,0
1743619975.001931,600855,21068469,0,nscratch,nscratch-ffffa03b0426b000,0,0,10355247390040,905049378378,0,0,98179,0,0,0,0,0,0,0,0,0,0,0,0,0,0,0,0,0,0,0,0,0,0,0,0,60771,0,0,0
1743619975.002027,600855,21068469,0,pscratch,pscratch-ffffa03b0861a000,0,0,219402878101,374678341559,0,0,30987,0,0,0,0,0,0,0,0,0,0,0,0,0,0,0,0,0,0,0,0,0,0,0,0,14968,0,0,0
1743619976.001178,600855,21068469,0,nscratch,nscratch-ffffa03b0426b000,0,0,10355247390040,905049378378,0,0,98179,0,0,0,0,0,0,0,0,0,0,0,0,0,0,0,0,0,0,0,0,0,0,0,0,60771,0,0,0
1743619976.001272,600855,21068469,0,pscratch,pscratch-ffffa03b0861a000,0,0,219402878101,374678341559,0,0,30987,0,0,0,0,0,0,0,0,0,0,0,0,0,0,0,0,0,0,0,0,0,0,0,0,14968,0,0,0
1743619977.001785,600855,21068469,0,nscratch,nscratch-ffffa03b0426b000,0,0,10355247390040,905049378378,0,0,98179,0,0,0,0,0,0,0,0,0,0,0,0,0,0,0,0,0,0,0,0,0,0,0,0,60771,0,0,0
1743619977.001882,600855,21068469,0,pscratch,pscratch-ffffa03b0861a000,0,0,219402878101,374678341559,0,0,30987,0,0,0,0,0,0,0,0,0,0,0,0,0,0,0,0,0,0,0,0,0,0,0,0,14968,0,0,0
1743619978.002237,600855,21068469,0,nscratch,nscratch-ffffa03b0426b000,0,0,10355247390040,905049378378,0,0,98179,0,0,0,0,0,0,0,0,0,0,0,0,0,0,0,0,0,0,0,0,0,0,0,0,60771,0,0,0
1743619978.002333,600855,21068469,0,pscratch,pscratch-ffffa03b0861a000,0,0,219402878101,374678341559,0,0,30987,0,0,0,0,0,0,0,0,0,0,0,0,0,0,0,0,0,0,0,0,0,0,0,0,14968,0,0,0
1743619979.001482,600855,21068469,0,nscratch,nscratch-ffffa03b0426b000,0,0,10355247390040,905049378378,0,0,98179,0,0,0,0,0,0,0,0,0,0,0,0,0,0,0,0,0,0,0,0,0,0,0,0,60771,0,0,0
1743619979.001577,600855,21068469,0,pscratch,pscratch-ffffa03b0861a000,0,0,219402878101,374678341559,0,0,30987,0,0,0,0,0,0,0,0,0,0,0,0,0,0,0,0,0,0,0,0,0,0,0,0,14968,0,0,0
1743619980.002103,600855,21068469,0,nscratch,nscratch-ffffa03b0426b000,0,0,10355247390040,905049378378,0,0,98179,0,0,0,0,0,0,0,0,0,0,0,0,0,0,0,0,0,0,0,0,0,0,0,0,60771,0,0,0
1743619980.002222,600855,21068469,0,pscratch,pscratch-ffffa03b0861a000,0,0,219402878101,374678341559,0,0,30987,0,0,0,0,0,0,0,0,0,0,0,0,0,0,0,0,0,0,0,0,0,0,0,0,14968,0,0,0
1743619981.001572,600855,21068469,0,nscratch,nscratch-ffffa03b0426b000,0,0,10355247390040,905049378378,0,0,98179,0,0,0,0,0,0,0,0,0,0,0,0,0,0,0,0,0,0,0,0,0,0,0,0,60771,0,0,0
1743619981.001674,600855,21068469,0,pscratch,pscratch-ffffa03b0861a000,0,0,219402878101,374678341559,0,0,30987,0,0,0,0,0,0,0,0,0,0,0,0,0,0,0,0,0,0,0,0,0,0,0,0,14968,0,0,0
1743619982.001823,600855,21068469,0,nscratch,nscratch-ffffa03b0426b000,0,0,10355247390040,905049378378,0,0,98179,0,0,0,0,0,0,0,0,0,0,0,0,0,0,0,0,0,0,0,0,0,0,0,0,60771,0,0,0
1743619982.001921,600855,21068469,0,pscratch,pscratch-ffffa03b0861a000,0,0,219402878101,374678341559,0,0,30987,0,0,0,0,0,0,0,0,0,0,0,0,0,0,0,0,0,0,0,0,0,0,0,0,14968,0,0,0
1743619983.001416,600855,21068469,0,nscratch,nscratch-ffffa03b0426b000,0,0,10355247390040,905049378378,0,0,98179,0,0,0,0,0,0,0,0,0,0,0,0,0,0,0,0,0,0,0,0,0,0,0,0,60771,0,0,0
1743619983.001512,600855,21068469,0,pscratch,pscratch-ffffa03b0861a000,0,0,219402878101,374678341559,0,0,30987,0,0,0,0,0,0,0,0,0,0,0,0,0,0,0,0,0,0,0,0,0,0,0,0,14968,0,0,0
1743619984.001888,600855,21068469,0,nscratch,nscratch-ffffa03b0426b000,0,0,10355247390040,905049378378,0,0,98179,0,0,0,0,0,0,0,0,0,0,0,0,0,0,0,0,0,0,0,0,0,0,0,0,60771,0,0,0
1743619984.001985,600855,21068469,0,pscratch,pscratch-ffffa03b0861a000,0,0,219402878101,374678341559,0,0,30987,0,0,0,0,0,0,0,0,0,0,0,0,0,0,0,0,0,0,0,0,0,0,0,0,14968,0,0,0
1743619985.002136,600855,21068469,0,nscratch,nscratch-ffffa03b0426b000,0,0,10355247390040,905049378378,0,0,98179,0,0,0,0,0,0,0,0,0,0,0,0,0,0,0,0,0,0,0,0,0,0,0,0,60771,0,0,0
1743619985.002234,600855,21068469,0,pscratch,pscratch-ffffa03b0861a000,0,0,219402878101,374678341559,0,0,30987,0,0,0,0,0,0,0,0,0,0,0,0,0,0,0,0,0,0,0,0,0,0,0,0,14968,0,0,0
1743619986.001746,600855,21068469,0,nscratch,nscratch-ffffa03b0426b000,0,0,10355247390040,905049378378,0,0,98179,0,0,0,0,0,0,0,0,0,0,0,0,0,0,0,0,0,0,0,0,0,0,0,0,60771,0,0,0
1743619986.001846,600855,21068469,0,pscratch,pscratch-ffffa03b0861a000,0,0,219402878101,374678341559,0,0,30987,0,0,0,0,0,0,0,0,0,0,0,0,0,0,0,0,0,0,0,0,0,0,0,0,14968,0,0,0
1743619987.002194,600855,21068469,0,nscratch,nscratch-ffffa03b0426b000,0,0,10355247390040,905049378378,0,0,98179,0,0,0,0,0,0,0,0,0,0,0,0,0,0,0,0,0,0,0,0,0,0,0,0,60771,0,0,0
1743619987.002291,600855,21068469,0,pscratch,pscratch-ffffa03b0861a000,0,0,219402878101,374678341559,0,0,30987,0,0,0,0,0,0,0,0,0,0,0,0,0,0,0,0,0,0,0,0,0,0,0,0,14968,0,0,0
1743619988.001431,600855,21068469,0,nscratch,nscratch-ffffa03b0426b000,0,0,10355247390040,905049378378,0,0,98179,0,0,0,0,0,0,0,0,0,0,0,0,0,0,0,0,0,0,0,0,0,0,0,0,60771,0,0,0
1743619988.001527,600855,21068469,0,pscratch,pscratch-ffffa03b0861a000,0,0,219402878101,374678341559,0,0,30987,0,0,0,0,0,0,0,0,0,0,0,0,0,0,0,0,0,0,0,0,0,0,0,0,14968,0,0,0
1743619989.002050,600855,21068469,0,nscratch,nscratch-ffffa03b0426b000,0,0,10355247390040,905049378378,0,0,98179,0,0,0,0,0,0,0,0,0,0,0,0,0,0,0,0,0,0,0,0,0,0,0,0,60771,0,0,0
1743619989.002148,600855,21068469,0,pscratch,pscratch-ffffa03b0861a000,0,0,219402878101,374678341559,0,0,30987,0,0,0,0,0,0,0,0,0,0,0,0,0,0,0,0,0,0,0,0,0,0,0,0,14968,0,0,0
1743619990.001499,600855,21068469,0,nscratch,nscratch-ffffa03b0426b000,0,0,10355247390040,905049378378,0,0,98179,0,0,0,0,0,0,0,0,0,0,0,0,0,0,0,0,0,0,0,0,0,0,0,0,60771,0,0,0
1743619990.001595,600855,21068469,0,pscratch,pscratch-ffffa03b0861a000,0,0,219402878101,374678341559,0,0,30987,0,0,0,0,0,0,0,0,0,0,0,0,0,0,0,0,0,0,0,0,0,0,0,0,14968,0,0,0
1743619991.001754,600855,21068469,0,nscratch,nscratch-ffffa03b0426b000,0,0,10355247390040,905049378378,0,0,98179,0,0,0,0,0,0,0,0,0,0,0,0,0,0,0,0,0,0,0,0,0,0,0,0,60771,0,0,0
1743619991.001852,600855,21068469,0,pscratch,pscratch-ffffa03b0861a000,0,0,219402878101,374678341559,0,0,30987,0,0,0,0,0,0,0,0,0,0,0,0,0,0,0,0,0,0,0,0,0,0,0,0,14968,0,0,0
1743619992.001343,600855,21068469,0,nscratch,nscratch-ffffa03b0426b000,0,0,10355247390040,905049378378,0,0,98179,0,0,0,0,0,0,0,0,0,0,0,0,0,0,0,0,0,0,0,0,0,0,0,0,60771,0,0,0
1743619992.001437,600855,21068469,0,pscratch,pscratch-ffffa03b0861a000,0,0,219402878101,374678341559,0,0,30987,0,0,0,0,0,0,0,0,0,0,0,0,0,0,0,0,0,0,0,0,0,0,0,0,14968,0,0,0
1743619993.001804,600855,21068469,0,nscratch,nscratch-ffffa03b0426b000,0,0,10355247390040,905049378378,0,0,98179,0,0,0,0,0,0,0,0,0,0,0,0,0,0,0,0,0,0,0,0,0,0,0,0,60771,0,0,0
1743619993.001903,600855,21068469,0,pscratch,pscratch-ffffa03b0861a000,0,0,219402878101,374678341559,0,0,30987,0,0,0,0,0,0,0,0,0,0,0,0,0,0,0,0,0,0,0,0,0,0,0,0,14968,0,0,0
1743619994.002062,600855,21068469,0,nscratch,nscratch-ffffa03b0426b000,0,0,10355247390040,905049378378,0,0,98179,0,0,0,0,0,0,0,0,0,0,0,0,0,0,0,0,0,0,0,0,0,0,0,0,60771,0,0,0
1743619994.002160,600855,21068469,0,pscratch,pscratch-ffffa03b0861a000,0,0,219402878101,374678341559,0,0,30987,0,0,0,0,0,0,0,0,0,0,0,0,0,0,0,0,0,0,0,0,0,0,0,0,14968,0,0,0
1743619995.001677,600855,21068469,0,nscratch,nscratch-ffffa03b0426b000,0,0,10355247390040,905049378378,0,0,98179,0,0,0,0,0,0,0,0,0,0,0,0,0,0,0,0,0,0,0,0,0,0,0,0,60771,0,0,0
1743619995.001777,600855,21068469,0,pscratch,pscratch-ffffa03b0861a000,0,0,219402878101,374678341559,0,0,30987,0,0,0,0,0,0,0,0,0,0,0,0,0,0,0,0,0,0,0,0,0,0,0,0,14968,0,0,0
1743619996.002139,600855,21068469,0,nscratch,nscratch-ffffa03b0426b000,0,0,10355247390040,905049378378,0,0,98179,0,0,0,0,0,0,0,0,0,0,0,0,0,0,0,0,0,0,0,0,0,0,0,0,60771,0,0,0
1743619996.002235,600855,21068469,0,pscratch,pscratch-ffffa03b0861a000,0,0,219402878101,374678341559,0,0,30987,0,0,0,0,0,0,0,0,0,0,0,0,0,0,0,0,0,0,0,0,0,0,0,0,14968,0,0,0
1743619997.001387,600855,21068469,0,nscratch,nscratch-ffffa03b0426b000,0,0,10355247390040,905049378378,0,0,98179,0,0,0,0,0,0,0,0,0,0,0,0,0,0,0,0,0,0,0,0,0,0,0,0,60771,0,0,0
1743619997.001483,600855,21068469,0,pscratch,pscratch-ffffa03b0861a000,0,0,219402878101,374678341559,0,0,30987,0,0,0,0,0,0,0,0,0,0,0,0,0,0,0,0,0,0,0,0,0,0,0,0,14968,0,0,0
1743619998.001997,600855,21068469,0,nscratch,nscratch-ffffa03b0426b000,0,0,10355247390040,905049378378,0,0,98179,0,0,0,0,0,0,0,0,0,0,0,0,0,0,0,0,0,0,0,0,0,0,0,0,60771,0,0,0
1743619998.002094,600855,21068469,0,pscratch,pscratch-ffffa03b0861a000,0,0,219402878101,374678341559,0,0,30987,0,0,0,0,0,0,0,0,0,0,0,0,0,0,0,0,0,0,0,0,0,0,0,0,14968,0,0,0
1743619999.001450,600855,21068469,0,nscratch,nscratch-ffffa03b0426b000,0,0,10355247390040,905049378378,0,0,98179,0,0,0,0,0,0,0,0,0,0,0,0,0,0,0,0,0,0,0,0,0,0,0,0,60771,0,0,0
1743619999.001545,600855,21068469,0,pscratch,pscratch-ffffa03b0861a000,0,0,219402878101,374678341559,0,0,30987,0,0,0,0,0,0,0,0,0,0,0,0,0,0,0,0,0,0,0,0,0,0,0,0,14968,0,0,0
1743620000.001727,600855,21068469,0,nscratch,nscratch-ffffa03b0426b000,0,0,10355247390040,905049378378,0,0,98179,0,0,0,0,0,0,0,0,0,0,0,0,0,0,0,0,0,0,0,0,0,0,0,0,60771,0,0,0
1743620000.001825,600855,21068469,0,pscratch,pscratch-ffffa03b0861a000,0,0,219402878101,374678341559,0,0,30987,0,0,0,0,0,0,0,0,0,0,0,0,0,0,0,0,0,0,0,0,0,0,0,0,14968,0,0,0
1743620001.001333,600855,21068469,0,nscratch,nscratch-ffffa03b0426b000,0,0,10355247390040,905049378378,0,0,98179,0,0,0,0,0,0,0,0,0,0,0,0,0,0,0,0,0,0,0,0,0,0,0,0,60771,0,0,0
1743620001.001428,600855,21068469,0,pscratch,pscratch-ffffa03b0861a000,0,0,219402878101,374678341559,0,0,30987,0,0,0,0,0,0,0,0,0,0,0,0,0,0,0,0,0,0,0,0,0,0,0,0,14968,0,0,0
1743620002.001786,600855,21068469,0,nscratch,nscratch-ffffa03b0426b000,0,0,10355247390040,905049378378,0,0,98179,0,0,0,0,0,0,0,0,0,0,0,0,0,0,0,0,0,0,0,0,0,0,0,0,60771,0,0,0
1743620002.001893,600855,21068469,0,pscratch,pscratch-ffffa03b0861a000,0,0,219402878101,374678341559,0,0,30987,0,0,0,0,0,0,0,0,0,0,0,0,0,0,0,0,0,0,0,0,0,0,0,0,14968,0,0,0
1743620003.002046,600855,21068469,0,nscratch,nscratch-ffffa03b0426b000,0,0,10355247390040,905049378378,0,0,98179,0,0,0,0,0,0,0,0,0,0,0,0,0,0,0,0,0,0,0,0,0,0,0,0,60771,0,0,0
1743620003.002144,600855,21068469,0,pscratch,pscratch-ffffa03b0861a000,0,0,219402878101,374678341559,0,0,30987,0,0,0,0,0,0,0,0,0,0,0,0,0,0,0,0,0,0,0,0,0,0,0,0,14968,0,0,0
1743620004.001669,600855,21068469,0,nscratch,nscratch-ffffa03b0426b000,0,0,10355247390040,905049378378,0,0,98179,0,0,0,0,0,0,0,0,0,0,0,0,0,0,0,0,0,0,0,0,0,0,0,0,60771,0,0,0
1743620004.001768,600855,21068469,0,pscratch,pscratch-ffffa03b0861a000,0,0,219402878101,374678341559,0,0,30987,0,0,0,0,0,0,0,0,0,0,0,0,0,0,0,0,0,0,0,0,0,0,0,0,14968,0,0,0
1743620005.002130,600855,21068469,0,nscratch,nscratch-ffffa03b0426b000,0,0,10355247390040,905049378378,0,0,98179,0,0,0,0,0,0,0,0,0,0,0,0,0,0,0,0,0,0,0,0,0,0,0,0,60771,0,0,0
1743620005.002229,600855,21068469,0,pscratch,pscratch-ffffa03b0861a000,0,0,219402878101,374678341559,0,0,30987,0,0,0,0,0,0,0,0,0,0,0,0,0,0,0,0,0,0,0,0,0,0,0,0,14968,0,0,0
1743620006.001377,600855,21068469,0,nscratch,nscratch-ffffa03b0426b000,0,0,10355247390040,905049378378,0,0,98179,0,0,0,0,0,0,0,0,0,0,0,0,0,0,0,0,0,0,0,0,0,0,0,0,60771,0,0,0
1743620006.001481,600855,21068469,0,pscratch,pscratch-ffffa03b0861a000,0,0,219402878101,374678341559,0,0,30987,0,0,0,0,0,0,0,0,0,0,0,0,0,0,0,0,0,0,0,0,0,0,0,0,14968,0,0,0
1743620007.001992,600855,21068469,0,nscratch,nscratch-ffffa03b0426b000,0,0,10355247390040,905049378378,0,0,98179,0,0,0,0,0,0,0,0,0,0,0,0,0,0,0,0,0,0,0,0,0,0,0,0,60771,0,0,0
1743620007.002090,600855,21068469,0,pscratch,pscratch-ffffa03b0861a000,0,0,219402878101,374678341559,0,0,30987,0,0,0,0,0,0,0,0,0,0,0,0,0,0,0,0,0,0,0,0,0,0,0,0,14968,0,0,0
1743620008.001445,600855,21068469,0,nscratch,nscratch-ffffa03b0426b000,0,0,10355247390040,905049378378,0,0,98179,0,0,0,0,0,0,0,0,0,0,0,0,0,0,0,0,0,0,0,0,0,0,0,0,60771,0,0,0
1743620008.001541,600855,21068469,0,pscratch,pscratch-ffffa03b0861a000,0,0,219402878101,374678341559,0,0,30987,0,0,0,0,0,0,0,0,0,0,0,0,0,0,0,0,0,0,0,0,0,0,0,0,14968,0,0,0
1743620009.001712,600855,21068469,0,nscratch,nscratch-ffffa03b0426b000,0,0,10355247390040,905049378378,0,0,98179,0,0,0,0,0,0,0,0,0,0,0,0,0,0,0,0,0,0,0,0,0,0,0,0,60771,0,0,0
1743620009.001809,600855,21068469,0,pscratch,pscratch-ffffa03b0861a000,0,0,219402878101,374678341559,0,0,30987,0,0,0,0,0,0,0,0,0,0,0,0,0,0,0,0,0,0,0,0,0,0,0,0,14968,0,0,0
1743620010.002311,600855,21068469,0,nscratch,nscratch-ffffa03b0426b000,0,0,10355247390040,905049378378,0,0,98179,0,0,0,0,0,0,0,0,0,0,0,0,0,0,0,0,0,0,0,0,0,0,0,0,60771,0,0,0
1743620010.002407,600855,21068469,0,pscratch,pscratch-ffffa03b0861a000,0,0,219402878101,374678341559,0,0,30987,0,0,0,0,0,0,0,0,0,0,0,0,0,0,0,0,0,0,0,0,0,0,0,0,14968,0,0,0
1743620011.001798,600855,21068469,0,nscratch,nscratch-ffffa03b0426b000,0,0,10355247390040,905049378378,0,0,98179,0,0,0,0,0,0,0,0,0,0,0,0,0,0,0,0,0,0,0,0,0,0,0,0,60771,0,0,0
1743620011.001896,600855,21068469,0,pscratch,pscratch-ffffa03b0861a000,0,0,219402878101,374678341559,0,0,30987,0,0,0,0,0,0,0,0,0,0,0,0,0,0,0,0,0,0,0,0,0,0,0,0,14968,0,0,0
1743620012.002051,600855,21068469,0,nscratch,nscratch-ffffa03b0426b000,0,0,10355247390040,905049378378,0,0,98179,0,0,0,0,0,0,0,0,0,0,0,0,0,0,0,0,0,0,0,0,0,0,0,0,60771,0,0,0
1743620012.002152,600855,21068469,0,pscratch,pscratch-ffffa03b0861a000,0,0,219402878101,374678341559,0,0,30987,0,0,0,0,0,0,0,0,0,0,0,0,0,0,0,0,0,0,0,0,0,0,0,0,14968,0,0,0
1743620013.001677,600855,21068469,0,nscratch,nscratch-ffffa03b0426b000,0,0,10355247390040,905049378378,0,0,98179,0,0,0,0,0,0,0,0,0,0,0,0,0,0,0,0,0,0,0,0,0,0,0,0,60771,0,0,0
1743620013.001776,600855,21068469,0,pscratch,pscratch-ffffa03b0861a000,0,0,219402878101,374678341559,0,0,30987,0,0,0,0,0,0,0,0,0,0,0,0,0,0,0,0,0,0,0,0,0,0,0,0,14968,0,0,0
1743620014.002146,600855,21068469,0,nscratch,nscratch-ffffa03b0426b000,0,0,10355247390040,905049378378,0,0,98179,0,0,0,0,0,0,0,0,0,0,0,0,0,0,0,0,0,0,0,0,0,0,0,0,60771,0,0,0
1743620014.002244,600855,21068469,0,pscratch,pscratch-ffffa03b0861a000,0,0,219402878101,374678341559,0,0,30987,0,0,0,0,0,0,0,0,0,0,0,0,0,0,0,0,0,0,0,0,0,0,0,0,14968,0,0,0
1743620015.001392,600855,21068469,0,nscratch,nscratch-ffffa03b0426b000,0,0,10355247390040,905049378378,0,0,98179,0,0,0,0,0,0,0,0,0,0,0,0,0,0,0,0,0,0,0,0,0,0,0,0,60771,0,0,0
1743620015.001487,600855,21068469,0,pscratch,pscratch-ffffa03b0861a000,0,0,219402878101,374678341559,0,0,30987,0,0,0,0,0,0,0,0,0,0,0,0,0,0,0,0,0,0,0,0,0,0,0,0,14968,0,0,0
1743620016.002003,600855,21068469,0,nscratch,nscratch-ffffa03b0426b000,0,0,10355247390040,905049378378,0,0,98179,0,0,0,0,0,0,0,0,0,0,0,0,0,0,0,0,0,0,0,0,0,0,0,0,60771,0,0,0
1743620016.002103,600855,21068469,0,pscratch,pscratch-ffffa03b0861a000,0,0,219402878101,374678341559,0,0,30987,0,0,0,0,0,0,0,0,0,0,0,0,0,0,0,0,0,0,0,0,0,0,0,0,14968,0,0,0
1743620017.001461,600855,21068469,0,nscratch,nscratch-ffffa03b0426b000,0,0,10355247390040,905049378378,0,0,98179,0,0,0,0,0,0,0,0,0,0,0,0,0,0,0,0,0,0,0,0,0,0,0,0,60771,0,0,0
1743620017.001557,600855,21068469,0,pscratch,pscratch-ffffa03b0861a000,0,0,219402878101,374678341559,0,0,30987,0,0,0,0,0,0,0,0,0,0,0,0,0,0,0,0,0,0,0,0,0,0,0,0,14968,0,0,0
1743620018.001720,600855,21068469,0,nscratch,nscratch-ffffa03b0426b000,0,0,10355247390040,905049378378,0,0,98179,0,0,0,0,0,0,0,0,0,0,0,0,0,0,0,0,0,0,0,0,0,0,0,0,60771,0,0,0
1743620018.001819,600855,21068469,0,pscratch,pscratch-ffffa03b0861a000,0,0,219402878101,374678341559,0,0,30987,0,0,0,0,0,0,0,0,0,0,0,0,0,0,0,0,0,0,0,0,0,0,0,0,14968,0,0,0
1743620019.001323,600855,21068469,0,nscratch,nscratch-ffffa03b0426b000,0,0,10355247390040,905049378378,0,0,98179,0,0,0,0,0,0,0,0,0,0,0,0,0,0,0,0,0,0,0,0,0,0,0,0,60771,0,0,0
1743620019.001420,600855,21068469,0,pscratch,pscratch-ffffa03b0861a000,0,0,219402878101,374678341559,0,0,30987,0,0,0,0,0,0,0,0,0,0,0,0,0,0,0,0,0,0,0,0,0,0,0,0,14968,0,0,0
1743620020.001781,600855,21068469,0,nscratch,nscratch-ffffa03b0426b000,0,0,10355247390040,905049378378,0,0,98179,0,0,0,0,0,0,0,0,0,0,0,0,0,0,0,0,0,0,0,0,0,0,0,0,60771,0,0,0
1743620020.001876,600855,21068469,0,pscratch,pscratch-ffffa03b0861a000,0,0,219402878101,374678341559,0,0,30987,0,0,0,0,0,0,0,0,0,0,0,0,0,0,0,0,0,0,0,0,0,0,0,0,14968,0,0,0
1743620021.002031,600855,21068469,0,nscratch,nscratch-ffffa03b0426b000,0,0,10355247390040,905049378378,0,0,98179,0,0,0,0,0,0,0,0,0,0,0,0,0,0,0,0,0,0,0,0,0,0,0,0,60771,0,0,0
1743620021.002127,600855,21068469,0,pscratch,pscratch-ffffa03b0861a000,0,0,219402878101,374678341559,0,0,30987,0,0,0,0,0,0,0,0,0,0,0,0,0,0,0,0,0,0,0,0,0,0,0,0,14968,0,0,0
1743620022.001648,600855,21068469,0,nscratch,nscratch-ffffa03b0426b000,0,0,10355247390040,905049378378,0,0,98179,0,0,0,0,0,0,0,0,0,0,0,0,0,0,0,0,0,0,0,0,0,0,0,0,60771,0,0,0
1743620022.001747,600855,21068469,0,pscratch,pscratch-ffffa03b0861a000,0,0,219402878101,374678341559,0,0,30987,0,0,0,0,0,0,0,0,0,0,0,0,0,0,0,0,0,0,0,0,0,0,0,0,14968,0,0,0
1743620023.002101,600855,21068469,0,nscratch,nscratch-ffffa03b0426b000,0,0,10355247390040,905049378378,0,0,98179,0,0,0,0,0,0,0,0,0,0,0,0,0,0,0,0,0,0,0,0,0,0,0,0,60771,0,0,0
1743620023.002196,600855,21068469,0,pscratch,pscratch-ffffa03b0861a000,0,0,219402878101,374678341559,0,0,30987,0,0,0,0,0,0,0,0,0,0,0,0,0,0,0,0,0,0,0,0,0,0,0,0,14968,0,0,0
1743620024.001342,600855,21068469,0,nscratch,nscratch-ffffa03b0426b000,0,0,10355247390040,905049378378,0,0,98179,0,0,0,0,0,0,0,0,0,0,0,0,0,0,0,0,0,0,0,0,0,0,0,0,60771,0,0,0
1743620024.001437,600855,21068469,0,pscratch,pscratch-ffffa03b0861a000,0,0,219402878101,374678341559,0,0,30987,0,0,0,0,0,0,0,0,0,0,0,0,0,0,0,0,0,0,0,0,0,0,0,0,14968,0,0,0
1743620025.001960,600855,21068469,0,nscratch,nscratch-ffffa03b0426b000,0,0,10355247390040,905049378378,0,0,98179,0,0,0,0,0,0,0,0,0,0,0,0,0,0,0,0,0,0,0,0,0,0,0,0,60771,0,0,0
1743620025.002061,600855,21068469,0,pscratch,pscratch-ffffa03b0861a000,0,0,219402878101,374678341559,0,0,30987,0,0,0,0,0,0,0,0,0,0,0,0,0,0,0,0,0,0,0,0,0,0,0,0,14968,0,0,0
1743620026.001408,600855,21068469,0,nscratch,nscratch-ffffa03b0426b000,0,0,10355247390040,905049378378,0,0,98179,0,0,0,0,0,0,0,0,0,0,0,0,0,0,0,0,0,0,0,0,0,0,0,0,60771,0,0,0
1743620026.001503,600855,21068469,0,pscratch,pscratch-ffffa03b0861a000,0,0,219402878101,374678341559,0,0,30987,0,0,0,0,0,0,0,0,0,0,0,0,0,0,0,0,0,0,0,0,0,0,0,0,14968,0,0,0
1743620027.001664,600855,21068469,0,nscratch,nscratch-ffffa03b0426b000,0,0,10355247390040,905049378378,0,0,98179,0,0,0,0,0,0,0,0,0,0,0,0,0,0,0,0,0,0,0,0,0,0,0,0,60771,0,0,0
1743620027.001761,600855,21068469,0,pscratch,pscratch-ffffa03b0861a000,0,0,219402878101,374678341559,0,0,30987,0,0,0,0,0,0,0,0,0,0,0,0,0,0,0,0,0,0,0,0,0,0,0,0,14968,0,0,0
1743620028.002263,600855,21068469,0,nscratch,nscratch-ffffa03b0426b000,0,0,10355247390040,905049378378,0,0,98179,0,0,0,0,0,0,0,0,0,0,0,0,0,0,0,0,0,0,0,0,0,0,0,0,60771,0,0,0
1743620028.002362,600855,21068469,0,pscratch,pscratch-ffffa03b0861a000,0,0,219402878101,374678341559,0,0,30987,0,0,0,0,0,0,0,0,0,0,0,0,0,0,0,0,0,0,0,0,0,0,0,0,14968,0,0,0
1743620029.001723,600855,21068469,0,nscratch,nscratch-ffffa03b0426b000,0,0,10355247390040,905049378378,0,0,98179,0,0,0,0,0,0,0,0,0,0,0,0,0,0,0,0,0,0,0,0,0,0,0,0,60771,0,0,0
1743620029.001822,600855,21068469,0,pscratch,pscratch-ffffa03b0861a000,0,0,219402878101,374678341559,0,0,30987,0,0,0,0,0,0,0,0,0,0,0,0,0,0,0,0,0,0,0,0,0,0,0,0,14968,0,0,0
1743620030.001994,600855,21068469,0,nscratch,nscratch-ffffa03b0426b000,0,0,10355247390040,905049378378,0,0,98179,0,0,0,0,0,0,0,0,0,0,0,0,0,0,0,0,0,0,0,0,0,0,0,0,60771,0,0,0
1743620030.002091,600855,21068469,0,pscratch,pscratch-ffffa03b0861a000,0,0,219402878101,374678341559,0,0,30987,0,0,0,0,0,0,0,0,0,0,0,0,0,0,0,0,0,0,0,0,0,0,0,0,14968,0,0,0
1743620031.001608,600855,21068469,0,nscratch,nscratch-ffffa03b0426b000,0,0,10355247390040,905049378378,0,0,98179,0,0,0,0,0,0,0,0,0,0,0,0,0,0,0,0,0,0,0,0,0,0,0,0,60771,0,0,0
1743620031.001711,600855,21068469,0,pscratch,pscratch-ffffa03b0861a000,0,0,219402878101,374678341559,0,0,30987,0,0,0,0,0,0,0,0,0,0,0,0,0,0,0,0,0,0,0,0,0,0,0,0,14968,0,0,0
1743620032.002232,600855,21068469,0,nscratch,nscratch-ffffa03b0426b000,0,0,10355247390040,905049378378,0,0,98179,0,0,0,0,0,0,0,0,0,0,0,0,0,0,0,0,0,0,0,0,0,0,0,0,60771,0,0,0
1743620032.002330,600855,21068469,0,pscratch,pscratch-ffffa03b0861a000,0,0,219402878101,374678341559,0,0,30987,0,0,0,0,0,0,0,0,0,0,0,0,0,0,0,0,0,0,0,0,0,0,0,0,14968,0,0,0
1743620033.001481,600855,21068469,0,nscratch,nscratch-ffffa03b0426b000,0,0,10355247390040,905049378378,0,0,98179,0,0,0,0,0,0,0,0,0,0,0,0,0,0,0,0,0,0,0,0,0,0,0,0,60771,0,0,0
1743620033.001576,600855,21068469,0,pscratch,pscratch-ffffa03b0861a000,0,0,219402878101,374678341559,0,0,30987,0,0,0,0,0,0,0,0,0,0,0,0,0,0,0,0,0,0,0,0,0,0,0,0,14968,0,0,0
1743620034.002094,600855,21068469,0,nscratch,nscratch-ffffa03b0426b000,0,0,10355247390040,905049378378,0,0,98179,0,0,0,0,0,0,0,0,0,0,0,0,0,0,0,0,0,0,0,0,0,0,0,0,60771,0,0,0
1743620034.002190,600855,21068469,0,pscratch,pscratch-ffffa03b0861a000,0,0,219402878101,374678341559,0,0,30987,0,0,0,0,0,0,0,0,0,0,0,0,0,0,0,0,0,0,0,0,0,0,0,0,14968,0,0,0
1743620035.001535,600855,21068469,0,nscratch,nscratch-ffffa03b0426b000,0,0,10355247390040,905049378378,0,0,98179,0,0,0,0,0,0,0,0,0,0,0,0,0,0,0,0,0,0,0,0,0,0,0,0,60771,0,0,0
1743620035.001637,600855,21068469,0,pscratch,pscratch-ffffa03b0861a000,0,0,219402878101,374678341559,0,0,30987,0,0,0,0,0,0,0,0,0,0,0,0,0,0,0,0,0,0,0,0,0,0,0,0,14968,0,0,0
1743620036.001788,600855,21068469,0,nscratch,nscratch-ffffa03b0426b000,0,0,10355247390040,905049378378,0,0,98179,0,0,0,0,0,0,0,0,0,0,0,0,0,0,0,0,0,0,0,0,0,0,0,0,60771,0,0,0
1743620036.001882,600855,21068469,0,pscratch,pscratch-ffffa03b0861a000,0,0,219402878101,374678341559,0,0,30987,0,0,0,0,0,0,0,0,0,0,0,0,0,0,0,0,0,0,0,0,0,0,0,0,14968,0,0,0
1743620037.001374,600855,21068469,0,nscratch,nscratch-ffffa03b0426b000,0,0,10355247390040,905049378378,0,0,98179,0,0,0,0,0,0,0,0,0,0,0,0,0,0,0,0,0,0,0,0,0,0,0,0,60771,0,0,0
1743620037.001469,600855,21068469,0,pscratch,pscratch-ffffa03b0861a000,0,0,219402878101,374678341559,0,0,30987,0,0,0,0,0,0,0,0,0,0,0,0,0,0,0,0,0,0,0,0,0,0,0,0,14968,0,0,0
1743620038.001825,600855,21068469,0,nscratch,nscratch-ffffa03b0426b000,0,0,10355247390040,905049378378,0,0,98179,0,0,0,0,0,0,0,0,0,0,0,0,0,0,0,0,0,0,0,0,0,0,0,0,60771,0,0,0
1743620038.001923,600855,21068469,0,pscratch,pscratch-ffffa03b0861a000,0,0,219402878101,374678341559,0,0,30987,0,0,0,0,0,0,0,0,0,0,0,0,0,0,0,0,0,0,0,0,0,0,0,0,14968,0,0,0
1743620039.002072,600855,21068469,0,nscratch,nscratch-ffffa03b0426b000,0,0,10355247390040,905049378378,0,0,98179,0,0,0,0,0,0,0,0,0,0,0,0,0,0,0,0,0,0,0,0,0,0,0,0,60771,0,0,0
1743620039.002170,600855,21068469,0,pscratch,pscratch-ffffa03b0861a000,0,0,219402878101,374678341559,0,0,30987,0,0,0,0,0,0,0,0,0,0,0,0,0,0,0,0,0,0,0,0,0,0,0,0,14968,0,0,0
1743620040.001681,600855,21068469,0,nscratch,nscratch-ffffa03b0426b000,0,0,10355247390040,905049378378,0,0,98179,0,0,0,0,0,0,0,0,0,0,0,0,0,0,0,0,0,0,0,0,0,0,0,0,60771,0,0,0
1743620040.001778,600855,21068469,0,pscratch,pscratch-ffffa03b0861a000,0,0,219402878101,374678341559,0,0,30987,0,0,0,0,0,0,0,0,0,0,0,0,0,0,0,0,0,0,0,0,0,0,0,0,14968,0,0,0
1743620041.002154,600855,21068469,0,nscratch,nscratch-ffffa03b0426b000,0,0,10355247390040,905049378378,0,0,98179,0,0,0,0,0,0,0,0,0,0,0,0,0,0,0,0,0,0,0,0,0,0,0,0,60771,0,0,0
1743620041.002253,600855,21068469,0,pscratch,pscratch-ffffa03b0861a000,0,0,219402878101,374678341559,0,0,30987,0,0,0,0,0,0,0,0,0,0,0,0,0,0,0,0,0,0,0,0,0,0,0,0,14968,0,0,0
1743620042.001405,600855,21068469,0,nscratch,nscratch-ffffa03b0426b000,0,0,10355247390040,905049378378,0,0,98179,0,0,0,0,0,0,0,0,0,0,0,0,0,0,0,0,0,0,0,0,0,0,0,0,60771,0,0,0
1743620042.001501,600855,21068469,0,pscratch,pscratch-ffffa03b0861a000,0,0,219402878101,374678341559,0,0,30987,0,0,0,0,0,0,0,0,0,0,0,0,0,0,0,0,0,0,0,0,0,0,0,0,14968,0,0,0
1743620043.002014,600855,21068469,0,nscratch,nscratch-ffffa03b0426b000,0,0,10355247390040,905049378378,0,0,98179,0,0,0,0,0,0,0,0,0,0,0,0,0,0,0,0,0,0,0,0,0,0,0,0,60771,0,0,0
1743620043.002112,600855,21068469,0,pscratch,pscratch-ffffa03b0861a000,0,0,219402878101,374678341559,0,0,30987,0,0,0,0,0,0,0,0,0,0,0,0,0,0,0,0,0,0,0,0,0,0,0,0,14968,0,0,0
1743620044.001461,600855,21068469,0,nscratch,nscratch-ffffa03b0426b000,0,0,10355247390040,905049378378,0,0,98179,0,0,0,0,0,0,0,0,0,0,0,0,0,0,0,0,0,0,0,0,0,0,0,0,60771,0,0,0
1743620044.001559,600855,21068469,0,pscratch,pscratch-ffffa03b0861a000,0,0,219402878101,374678341559,0,0,30987,0,0,0,0,0,0,0,0,0,0,0,0,0,0,0,0,0,0,0,0,0,0,0,0,14968,0,0,0
1743620045.001718,600855,21068469,0,nscratch,nscratch-ffffa03b0426b000,0,0,10355247390040,905049378378,0,0,98179,0,0,0,0,0,0,0,0,0,0,0,0,0,0,0,0,0,0,0,0,0,0,0,0,60771,0,0,0
1743620045.001819,600855,21068469,0,pscratch,pscratch-ffffa03b0861a000,0,0,219402878101,374678341559,0,0,30987,0,0,0,0,0,0,0,0,0,0,0,0,0,0,0,0,0,0,0,0,0,0,0,0,14968,0,0,0
1743620046.001317,600855,21068469,0,nscratch,nscratch-ffffa03b0426b000,0,0,10355247390040,905049378378,0,0,98179,0,0,0,0,0,0,0,0,0,0,0,0,0,0,0,0,0,0,0,0,0,0,0,0,60771,0,0,0
1743620046.001415,600855,21068469,0,pscratch,pscratch-ffffa03b0861a000,0,0,219402878101,374678341559,0,0,30987,0,0,0,0,0,0,0,0,0,0,0,0,0,0,0,0,0,0,0,0,0,0,0,0,14968,0,0,0
1743620047.001787,600855,21068469,0,nscratch,nscratch-ffffa03b0426b000,0,0,10355247390040,905049378378,0,0,98179,0,0,0,0,0,0,0,0,0,0,0,0,0,0,0,0,0,0,0,0,0,0,0,0,60771,0,0,0
1743620047.001886,600855,21068469,0,pscratch,pscratch-ffffa03b0861a000,0,0,219402878101,374678341559,0,0,30987,0,0,0,0,0,0,0,0,0,0,0,0,0,0,0,0,0,0,0,0,0,0,0,0,14968,0,0,0
1743620048.002048,600855,21068469,0,nscratch,nscratch-ffffa03b0426b000,0,0,10355247390040,905049378378,0,0,98179,0,0,0,0,0,0,0,0,0,0,0,0,0,0,0,0,0,0,0,0,0,0,0,0,60771,0,0,0
1743620048.002148,600855,21068469,0,pscratch,pscratch-ffffa03b0861a000,0,0,219402878101,374678341559,0,0,30987,0,0,0,0,0,0,0,0,0,0,0,0,0,0,0,0,0,0,0,0,0,0,0,0,14968,0,0,0
1743620049.001684,600855,21068469,0,nscratch,nscratch-ffffa03b0426b000,0,0,10355247390040,905049378378,0,0,98179,0,0,0,0,0,0,0,0,0,0,0,0,0,0,0,0,0,0,0,0,0,0,0,0,60771,0,0,0
1743620049.001781,600855,21068469,0,pscratch,pscratch-ffffa03b0861a000,0,0,219402878101,374678341559,0,0,30987,0,0,0,0,0,0,0,0,0,0,0,0,0,0,0,0,0,0,0,0,0,0,0,0,14968,0,0,0
1743620050.002166,600855,21068469,0,nscratch,nscratch-ffffa03b0426b000,0,0,10355247390040,905049378378,0,0,98179,0,0,0,0,0,0,0,0,0,0,0,0,0,0,0,0,0,0,0,0,0,0,0,0,60771,0,0,0
1743620050.002263,600855,21068469,0,pscratch,pscratch-ffffa03b0861a000,0,0,219402878101,374678341559,0,0,30987,0,0,0,0,0,0,0,0,0,0,0,0,0,0,0,0,0,0,0,0,0,0,0,0,14968,0,0,0
1743620051.001418,600855,21068469,0,nscratch,nscratch-ffffa03b0426b000,0,0,10355247390040,905049378378,0,0,98179,0,0,0,0,0,0,0,0,0,0,0,0,0,0,0,0,0,0,0,0,0,0,0,0,60771,0,0,0
1743620051.001516,600855,21068469,0,pscratch,pscratch-ffffa03b0861a000,0,0,219402878101,374678341559,0,0,30987,0,0,0,0,0,0,0,0,0,0,0,0,0,0,0,0,0,0,0,0,0,0,0,0,14968,0,0,0
1743620052.002035,600855,21068469,0,nscratch,nscratch-ffffa03b0426b000,0,0,10355247390040,905049378378,0,0,98179,0,0,0,0,0,0,0,0,0,0,0,0,0,0,0,0,0,0,0,0,0,0,0,0,60771,0,0,0
1743620052.002133,600855,21068469,0,pscratch,pscratch-ffffa03b0861a000,0,0,219402878101,374678341559,0,0,30987,0,0,0,0,0,0,0,0,0,0,0,0,0,0,0,0,0,0,0,0,0,0,0,0,14968,0,0,0
1743620053.001480,600855,21068469,0,nscratch,nscratch-ffffa03b0426b000,0,0,10355247390040,905049378378,0,0,98179,0,0,0,0,0,0,0,0,0,0,0,0,0,0,0,0,0,0,0,0,0,0,0,0,60771,0,0,0
1743620053.001574,600855,21068469,0,pscratch,pscratch-ffffa03b0861a000,0,0,219402878101,374678341559,0,0,30987,0,0,0,0,0,0,0,0,0,0,0,0,0,0,0,0,0,0,0,0,0,0,0,0,14968,0,0,0
1743620054.001726,600855,21068469,0,nscratch,nscratch-ffffa03b0426b000,0,0,10355247390040,905049378378,0,0,98179,0,0,0,0,0,0,0,0,0,0,0,0,0,0,0,0,0,0,0,0,0,0,0,0,60771,0,0,0
1743620054.001823,600855,21068469,0,pscratch,pscratch-ffffa03b0861a000,0,0,219402878101,374678341559,0,0,30987,0,0,0,0,0,0,0,0,0,0,0,0,0,0,0,0,0,0,0,0,0,0,0,0,14968,0,0,0
1743620055.001330,600855,21068469,0,nscratch,nscratch-ffffa03b0426b000,0,0,10355247390040,905049378378,0,0,98179,0,0,0,0,0,0,0,0,0,0,0,0,0,0,0,0,0,0,0,0,0,0,0,0,60771,0,0,0
1743620055.001425,600855,21068469,0,pscratch,pscratch-ffffa03b0861a000,0,0,219402878101,374678341559,0,0,30987,0,0,0,0,0,0,0,0,0,0,0,0,0,0,0,0,0,0,0,0,0,0,0,0,14968,0,0,0
1743620056.001788,600855,21068469,0,nscratch,nscratch-ffffa03b0426b000,0,0,10355247390040,905049378378,0,0,98179,0,0,0,0,0,0,0,0,0,0,0,0,0,0,0,0,0,0,0,0,0,0,0,0,60771,0,0,0
1743620056.001885,600855,21068469,0,pscratch,pscratch-ffffa03b0861a000,0,0,219402878101,374678341559,0,0,30987,0,0,0,0,0,0,0,0,0,0,0,0,0,0,0,0,0,0,0,0,0,0,0,0,14968,0,0,0
1743620057.002038,600855,21068469,0,nscratch,nscratch-ffffa03b0426b000,0,0,10355247390040,905049378378,0,0,98179,0,0,0,0,0,0,0,0,0,0,0,0,0,0,0,0,0,0,0,0,0,0,0,0,60771,0,0,0
1743620057.002136,600855,21068469,0,pscratch,pscratch-ffffa03b0861a000,0,0,219402878101,374678341559,0,0,30987,0,0,0,0,0,0,0,0,0,0,0,0,0,0,0,0,0,0,0,0,0,0,0,0,14968,0,0,0
1743620058.001643,600855,21068469,0,nscratch,nscratch-ffffa03b0426b000,0,0,10355247390040,905049378378,0,0,98179,0,0,0,0,0,0,0,0,0,0,0,0,0,0,0,0,0,0,0,0,0,0,0,0,60771,0,0,0
1743620058.001743,600855,21068469,0,pscratch,pscratch-ffffa03b0861a000,0,0,219402878101,374678341559,0,0,30987,0,0,0,0,0,0,0,0,0,0,0,0,0,0,0,0,0,0,0,0,0,0,0,0,14968,0,0,0
1743620059.002094,600855,21068469,0,nscratch,nscratch-ffffa03b0426b000,0,0,10355247390040,905049378378,0,0,98179,0,0,0,0,0,0,0,0,0,0,0,0,0,0,0,0,0,0,0,0,0,0,0,0,60771,0,0,0
1743620059.002189,600855,21068469,0,pscratch,pscratch-ffffa03b0861a000,0,0,219402878101,374678341559,0,0,30987,0,0,0,0,0,0,0,0,0,0,0,0,0,0,0,0,0,0,0,0,0,0,0,0,14968,0,0,0
1743620060.001343,600855,21068469,0,nscratch,nscratch-ffffa03b0426b000,0,0,10355247390040,905049378378,0,0,98179,0,0,0,0,0,0,0,0,0,0,0,0,0,0,0,0,0,0,0,0,0,0,0,0,60771,0,0,0
1743620060.001437,600855,21068469,0,pscratch,pscratch-ffffa03b0861a000,0,0,219402878101,374678341559,0,0,30987,0,0,0,0,0,0,0,0,0,0,0,0,0,0,0,0,0,0,0,0,0,0,0,0,14968,0,0,0
1743620061.001978,600855,21068469,0,nscratch,nscratch-ffffa03b0426b000,0,0,10355247390040,905049378378,0,0,98179,0,0,0,0,0,0,0,0,0,0,0,0,0,0,0,0,0,0,0,0,0,0,0,0,60771,0,0,0
1743620061.002076,600855,21068469,0,pscratch,pscratch-ffffa03b0861a000,0,0,219402878101,374678341559,0,0,30987,0,0,0,0,0,0,0,0,0,0,0,0,0,0,0,0,0,0,0,0,0,0,0,0,14968,0,0,0
1743620062.001423,600855,21068469,0,nscratch,nscratch-ffffa03b0426b000,0,0,10355247390040,905049378378,0,0,98179,0,0,0,0,0,0,0,0,0,0,0,0,0,0,0,0,0,0,0,0,0,0,0,0,60771,0,0,0
1743620062.001521,600855,21068469,0,pscratch,pscratch-ffffa03b0861a000,0,0,219402878101,374678341559,0,0,30987,0,0,0,0,0,0,0,0,0,0,0,0,0,0,0,0,0,0,0,0,0,0,0,0,14968,0,0,0
1743620063.001674,600855,21068469,0,nscratch,nscratch-ffffa03b0426b000,0,0,10355247390040,905049378378,0,0,98179,0,0,0,0,0,0,0,0,0,0,0,0,0,0,0,0,0,0,0,0,0,0,0,0,60771,0,0,0
1743620063.001773,600855,21068469,0,pscratch,pscratch-ffffa03b0861a000,0,0,219402878101,374678341559,0,0,30987,0,0,0,0,0,0,0,0,0,0,0,0,0,0,0,0,0,0,0,0,0,0,0,0,14968,0,0,0
1743620064.002277,600855,21068469,0,nscratch,nscratch-ffffa03b0426b000,0,0,10355247390040,905049378378,0,0,98179,0,0,0,0,0,0,0,0,0,0,0,0,0,0,0,0,0,0,0,0,0,0,0,0,60771,0,0,0
1743620064.002375,600855,21068469,0,pscratch,pscratch-ffffa03b0861a000,0,0,219402878101,374678341559,0,0,30987,0,0,0,0,0,0,0,0,0,0,0,0,0,0,0,0,0,0,0,0,0,0,0,0,14968,0,0,0
1743620065.001753,600855,21068469,0,nscratch,nscratch-ffffa03b0426b000,0,0,10355247390040,905049378378,0,0,98179,0,0,0,0,0,0,0,0,0,0,0,0,0,0,0,0,0,0,0,0,0,0,0,0,60771,0,0,0
1743620065.001849,600855,21068469,0,pscratch,pscratch-ffffa03b0861a000,0,0,219402878101,374678341559,0,0,30987,0,0,0,0,0,0,0,0,0,0,0,0,0,0,0,0,0,0,0,0,0,0,0,0,14968,0,0,0
1743620066.002003,600855,21068469,0,nscratch,nscratch-ffffa03b0426b000,0,0,10355247390040,905049378378,0,0,98179,0,0,0,0,0,0,0,0,0,0,0,0,0,0,0,0,0,0,0,0,0,0,0,0,60771,0,0,0
1743620066.002097,600855,21068469,0,pscratch,pscratch-ffffa03b0861a000,0,0,219402878101,374678341559,0,0,30987,0,0,0,0,0,0,0,0,0,0,0,0,0,0,0,0,0,0,0,0,0,0,0,0,14968,0,0,0
1743620067.001596,600855,21068469,0,nscratch,nscratch-ffffa03b0426b000,0,0,10355247390040,905049378378,0,0,98179,0,0,0,0,0,0,0,0,0,0,0,0,0,0,0,0,0,0,0,0,0,0,0,0,60771,0,0,0
1743620067.001698,600855,21068469,0,pscratch,pscratch-ffffa03b0861a000,0,0,219402878101,374678341559,0,0,30987,0,0,0,0,0,0,0,0,0,0,0,0,0,0,0,0,0,0,0,0,0,0,0,0,14968,0,0,0
1743620068.002050,600855,21068469,0,nscratch,nscratch-ffffa03b0426b000,0,0,10355247390040,905049378378,0,0,98179,0,0,0,0,0,0,0,0,0,0,0,0,0,0,0,0,0,0,0,0,0,0,0,0,60771,0,0,0
1743620068.002148,600855,21068469,0,pscratch,pscratch-ffffa03b0861a000,0,0,219402878101,374678341559,0,0,30987,0,0,0,0,0,0,0,0,0,0,0,0,0,0,0,0,0,0,0,0,0,0,0,0,14968,0,0,0
1743620069.001298,600855,21068469,0,nscratch,nscratch-ffffa03b0426b000,0,0,10355247390040,905049378378,0,0,98179,0,0,0,0,0,0,0,0,0,0,0,0,0,0,0,0,0,0,0,0,0,0,0,0,60771,0,0,0
1743620069.001393,600855,21068469,0,pscratch,pscratch-ffffa03b0861a000,0,0,219402878101,374678341559,0,0,30987,0,0,0,0,0,0,0,0,0,0,0,0,0,0,0,0,0,0,0,0,0,0,0,0,14968,0,0,0
1743620070.001893,600855,21068469,0,nscratch,nscratch-ffffa03b0426b000,0,0,10355247390040,905049378378,0,0,98179,0,0,0,0,0,0,0,0,0,0,0,0,0,0,0,0,0,0,0,0,0,0,0,0,60771,0,0,0
1743620070.001988,600855,21068469,0,pscratch,pscratch-ffffa03b0861a000,0,0,219402878101,374678341559,0,0,30987,0,0,0,0,0,0,0,0,0,0,0,0,0,0,0,0,0,0,0,0,0,0,0,0,14968,0,0,0
1743620071.001331,600855,21068469,0,nscratch,nscratch-ffffa03b0426b000,0,0,10355247390040,905049378378,0,0,98179,0,0,0,0,0,0,0,0,0,0,0,0,0,0,0,0,0,0,0,0,0,0,0,0,60771,0,0,0
1743620071.001426,600855,21068469,0,pscratch,pscratch-ffffa03b0861a000,0,0,219402878101,374678341559,0,0,30987,0,0,0,0,0,0,0,0,0,0,0,0,0,0,0,0,0,0,0,0,0,0,0,0,14968,0,0,0
1743620072.001577,600855,21068469,0,nscratch,nscratch-ffffa03b0426b000,0,0,10355247390040,905049378378,0,0,98179,0,0,0,0,0,0,0,0,0,0,0,0,0,0,0,0,0,0,0,0,0,0,0,0,60771,0,0,0
1743620072.001680,600855,21068469,0,pscratch,pscratch-ffffa03b0861a000,0,0,219402878101,374678341559,0,0,30987,0,0,0,0,0,0,0,0,0,0,0,0,0,0,0,0,0,0,0,0,0,0,0,0,14968,0,0,0
1743620073.002180,600855,21068469,0,nscratch,nscratch-ffffa03b0426b000,0,0,10355247390040,905049378378,0,0,98179,0,0,0,0,0,0,0,0,0,0,0,0,0,0,0,0,0,0,0,0,0,0,0,0,60771,0,0,0
1743620073.002278,600855,21068469,0,pscratch,pscratch-ffffa03b0861a000,0,0,219402878101,374678341559,0,0,30987,0,0,0,0,0,0,0,0,0,0,0,0,0,0,0,0,0,0,0,0,0,0,0,0,14968,0,0,0
1743620074.001639,600855,21068469,0,nscratch,nscratch-ffffa03b0426b000,0,0,10355247390040,905049378378,0,0,98179,0,0,0,0,0,0,0,0,0,0,0,0,0,0,0,0,0,0,0,0,0,0,0,0,60771,0,0,0
1743620074.001736,600855,21068469,0,pscratch,pscratch-ffffa03b0861a000,0,0,219402878101,374678341559,0,0,30987,0,0,0,0,0,0,0,0,0,0,0,0,0,0,0,0,0,0,0,0,0,0,0,0,14968,0,0,0
1743620075.001889,600855,21068469,0,nscratch,nscratch-ffffa03b0426b000,0,0,10355247390040,905049378378,0,0,98179,0,0,0,0,0,0,0,0,0,0,0,0,0,0,0,0,0,0,0,0,0,0,0,0,60771,0,0,0
1743620075.001987,600855,21068469,0,pscratch,pscratch-ffffa03b0861a000,0,0,219402878101,374678341559,0,0,30987,0,0,0,0,0,0,0,0,0,0,0,0,0,0,0,0,0,0,0,0,0,0,0,0,14968,0,0,0
1743620076.001492,600855,21068469,0,nscratch,nscratch-ffffa03b0426b000,0,0,10355247390040,905049378378,0,0,98179,0,0,0,0,0,0,0,0,0,0,0,0,0,0,0,0,0,0,0,0,0,0,0,0,60771,0,0,0
1743620076.001589,600855,21068469,0,pscratch,pscratch-ffffa03b0861a000,0,0,219402878101,374678341559,0,0,30987,0,0,0,0,0,0,0,0,0,0,0,0,0,0,0,0,0,0,0,0,0,0,0,0,14968,0,0,0
1743620077.001958,600855,21068469,0,nscratch,nscratch-ffffa03b0426b000,0,0,10355247390040,905049378378,0,0,98179,0,0,0,0,0,0,0,0,0,0,0,0,0,0,0,0,0,0,0,0,0,0,0,0,60771,0,0,0
1743620077.002055,600855,21068469,0,pscratch,pscratch-ffffa03b0861a000,0,0,219402878101,374678341559,0,0,30987,0,0,0,0,0,0,0,0,0,0,0,0,0,0,0,0,0,0,0,0,0,0,0,0,14968,0,0,0
1743620078.001202,600855,21068469,0,nscratch,nscratch-ffffa03b0426b000,0,0,10355247390040,905049378378,0,0,98179,0,0,0,0,0,0,0,0,0,0,0,0,0,0,0,0,0,0,0,0,0,0,0,0,60771,0,0,0
1743620078.001298,600855,21068469,0,pscratch,pscratch-ffffa03b0861a000,0,0,219402878101,374678341559,0,0,30987,0,0,0,0,0,0,0,0,0,0,0,0,0,0,0,0,0,0,0,0,0,0,0,0,14968,0,0,0
1743620079.001809,600855,21068469,0,nscratch,nscratch-ffffa03b0426b000,0,0,10355247390040,905049378378,0,0,98179,0,0,0,0,0,0,0,0,0,0,0,0,0,0,0,0,0,0,0,0,0,0,0,0,60771,0,0,0
1743620079.001907,600855,21068469,0,pscratch,pscratch-ffffa03b0861a000,0,0,219402878101,374678341559,0,0,30987,0,0,0,0,0,0,0,0,0,0,0,0,0,0,0,0,0,0,0,0,0,0,0,0,14968,0,0,0
1743620080.002280,600855,21068469,0,nscratch,nscratch-ffffa03b0426b000,0,0,10355247390040,905049378378,0,0,98179,0,0,0,0,0,0,0,0,0,0,0,0,0,0,0,0,0,0,0,0,0,0,0,0,60771,0,0,0
1743620080.002375,600855,21068469,0,pscratch,pscratch-ffffa03b0861a000,0,0,219402878101,374678341559,0,0,30987,0,0,0,0,0,0,0,0,0,0,0,0,0,0,0,0,0,0,0,0,0,0,0,0,14968,0,0,0
1743620081.001531,600855,21068469,0,nscratch,nscratch-ffffa03b0426b000,0,0,10355247390040,905049378378,0,0,98179,0,0,0,0,0,0,0,0,0,0,0,0,0,0,0,0,0,0,0,0,0,0,0,0,60771,0,0,0
1743620081.001636,600855,21068469,0,pscratch,pscratch-ffffa03b0861a000,0,0,219402878101,374678341559,0,0,30987,0,0,0,0,0,0,0,0,0,0,0,0,0,0,0,0,0,0,0,0,0,0,0,0,14968,0,0,0
1743620082.002136,600855,21068469,0,nscratch,nscratch-ffffa03b0426b000,0,0,10355247390040,905049378378,0,0,98179,0,0,0,0,0,0,0,0,0,0,0,0,0,0,0,0,0,0,0,0,0,0,0,0,60771,0,0,0
1743620082.002236,600855,21068469,0,pscratch,pscratch-ffffa03b0861a000,0,0,219402878101,374678341559,0,0,30987,0,0,0,0,0,0,0,0,0,0,0,0,0,0,0,0,0,0,0,0,0,0,0,0,14968,0,0,0
1743620083.001578,600855,21068469,0,nscratch,nscratch-ffffa03b0426b000,0,0,10355247390040,905049378378,0,0,98179,0,0,0,0,0,0,0,0,0,0,0,0,0,0,0,0,0,0,0,0,0,0,0,0,60771,0,0,0
1743620083.001679,600855,21068469,0,pscratch,pscratch-ffffa03b0861a000,0,0,219402878101,374678341559,0,0,30987,0,0,0,0,0,0,0,0,0,0,0,0,0,0,0,0,0,0,0,0,0,0,0,0,14968,0,0,0
1743620084.001830,600855,21068469,0,nscratch,nscratch-ffffa03b0426b000,0,0,10355247390040,905049378378,0,0,98179,0,0,0,0,0,0,0,0,0,0,0,0,0,0,0,0,0,0,0,0,0,0,0,0,60771,0,0,0
1743620084.001925,600855,21068469,0,pscratch,pscratch-ffffa03b0861a000,0,0,219402878101,374678341559,0,0,30987,0,0,0,0,0,0,0,0,0,0,0,0,0,0,0,0,0,0,0,0,0,0,0,0,14968,0,0,0
1743620085.001004,600855,21068469,0,nscratch,nscratch-ffffa03b0426b000,0,0,10355247390040,905049378378,0,0,98179,0,0,0,0,0,0,0,0,0,0,0,0,0,0,0,0,0,0,0,0,0,0,0,0,60771,0,0,0
1743620085.001075,600855,21068469,0,pscratch,pscratch-ffffa03b0861a000,0,0,219402878101,374678341559,0,0,30987,0,0,0,0,0,0,0,0,0,0,0,0,0,0,0,0,0,0,0,0,0,0,0,0,14968,0,0,0
1743620086.001354,600855,21068469,0,nscratch,nscratch-ffffa03b0426b000,0,0,10355247390040,905049378378,0,0,98179,0,0,0,0,0,0,0,0,0,0,0,0,0,0,0,0,0,0,0,0,0,0,0,0,60771,0,0,0
1743620086.001420,600855,21068469,0,pscratch,pscratch-ffffa03b0861a000,0,0,219402878101,374678341559,0,0,30987,0,0,0,0,0,0,0,0,0,0,0,0,0,0,0,0,0,0,0,0,0,0,0,0,14968,0,0,0
1743620087.001570,600855,21068469,0,nscratch,nscratch-ffffa03b0426b000,0,0,10355247390040,905049378378,0,0,98179,0,0,0,0,0,0,0,0,0,0,0,0,0,0,0,0,0,0,0,0,0,0,0,0,60771,0,0,0
1743620087.001660,600855,21068469,0,pscratch,pscratch-ffffa03b0861a000,0,0,219402878101,374678341559,0,0,30987,0,0,0,0,0,0,0,0,0,0,0,0,0,0,0,0,0,0,0,0,0,0,0,0,14968,0,0,0
1743620088.002032,600855,21068469,0,nscratch,nscratch-ffffa03b0426b000,0,0,10355247390040,905049378378,0,0,98179,0,0,0,0,0,0,0,0,0,0,0,0,0,0,0,0,0,0,0,0,0,0,0,0,60771,0,0,0
1743620088.002101,600855,21068469,0,pscratch,pscratch-ffffa03b0861a000,0,0,219402878101,374678341559,0,0,30987,0,0,0,0,0,0,0,0,0,0,0,0,0,0,0,0,0,0,0,0,0,0,0,0,14968,0,0,0
1743620089.001394,600855,21068469,0,nscratch,nscratch-ffffa03b0426b000,0,0,10355247390040,905049378378,0,0,98179,0,0,0,0,0,0,0,0,0,0,0,0,0,0,0,0,0,0,0,0,0,0,0,0,60771,0,0,0
1743620089.001461,600855,21068469,0,pscratch,pscratch-ffffa03b0861a000,0,0,219402878101,374678341559,0,0,30987,0,0,0,0,0,0,0,0,0,0,0,0,0,0,0,0,0,0,0,0,0,0,0,0,14968,0,0,0
1743620090.001618,600855,21068469,0,nscratch,nscratch-ffffa03b0426b000,0,0,10355247390040,905049378378,0,0,98179,0,0,0,0,0,0,0,0,0,0,0,0,0,0,0,0,0,0,0,0,0,0,0,0,60771,0,0,0
1743620090.001701,600855,21068469,0,pscratch,pscratch-ffffa03b0861a000,0,0,219402878101,374678341559,0,0,30987,0,0,0,0,0,0,0,0,0,0,0,0,0,0,0,0,0,0,0,0,0,0,0,0,14968,0,0,0
1743620091.002081,600855,21068469,0,nscratch,nscratch-ffffa03b0426b000,0,0,10355247390040,905049378378,0,0,98179,0,0,0,0,0,0,0,0,0,0,0,0,0,0,0,0,0,0,0,0,0,0,0,0,60771,0,0,0
1743620091.002150,600855,21068469,0,pscratch,pscratch-ffffa03b0861a000,0,0,219402878101,374678341559,0,0,30987,0,0,0,0,0,0,0,0,0,0,0,0,0,0,0,0,0,0,0,0,0,0,0,0,14968,0,0,0
1743620092.001430,600855,21068469,0,nscratch,nscratch-ffffa03b0426b000,0,0,10355247390040,905049378378,0,0,98179,0,0,0,0,0,0,0,0,0,0,0,0,0,0,0,0,0,0,0,0,0,0,0,0,60771,0,0,0
1743620092.001496,600855,21068469,0,pscratch,pscratch-ffffa03b0861a000,0,0,219402878101,374678341559,0,0,30987,0,0,0,0,0,0,0,0,0,0,0,0,0,0,0,0,0,0,0,0,0,0,0,0,14968,0,0,0
1743620093.001656,600855,21068469,0,nscratch,nscratch-ffffa03b0426b000,0,0,10355247390040,905049378378,0,0,98179,0,0,0,0,0,0,0,0,0,0,0,0,0,0,0,0,0,0,0,0,0,0,0,0,60771,0,0,0
1743620093.001727,600855,21068469,0,pscratch,pscratch-ffffa03b0861a000,0,0,219402878101,374678341559,0,0,30987,0,0,0,0,0,0,0,0,0,0,0,0,0,0,0,0,0,0,0,0,0,0,0,0,14968,0,0,0
1743620094.002078,600855,21068469,0,nscratch,nscratch-ffffa03b0426b000,0,0,10355247390040,905049378378,0,0,98179,0,0,0,0,0,0,0,0,0,0,0,0,0,0,0,0,0,0,0,0,0,0,0,0,60771,0,0,0
1743620094.002146,600855,21068469,0,pscratch,pscratch-ffffa03b0861a000,0,0,219402878101,374678341559,0,0,30987,0,0,0,0,0,0,0,0,0,0,0,0,0,0,0,0,0,0,0,0,0,0,0,0,14968,0,0,0
1743620095.001423,600855,21068469,0,nscratch,nscratch-ffffa03b0426b000,0,0,10355247390040,905049378378,0,0,98179,0,0,0,0,0,0,0,0,0,0,0,0,0,0,0,0,0,0,0,0,0,0,0,0,60771,0,0,0
1743620095.001489,600855,21068469,0,pscratch,pscratch-ffffa03b0861a000,0,0,219402878101,374678341559,0,0,30987,0,0,0,0,0,0,0,0,0,0,0,0,0,0,0,0,0,0,0,0,0,0,0,0,14968,0,0,0
1743620096.001653,600855,21068469,0,nscratch,nscratch-ffffa03b0426b000,0,0,10355247390040,905049378378,0,0,98179,0,0,0,0,0,0,0,0,0,0,0,0,0,0,0,0,0,0,0,0,0,0,0,0,60771,0,0,0
1743620096.001723,600855,21068469,0,pscratch,pscratch-ffffa03b0861a000,0,0,219402878101,374678341559,0,0,30987,0,0,0,0,0,0,0,0,0,0,0,0,0,0,0,0,0,0,0,0,0,0,0,0,14968,0,0,0
1743620097.002093,600855,21068469,0,nscratch,nscratch-ffffa03b0426b000,0,0,10355247390040,905049378378,0,0,98179,0,0,0,0,0,0,0,0,0,0,0,0,0,0,0,0,0,0,0,0,0,0,0,0,60771,0,0,0
1743620097.002161,600855,21068469,0,pscratch,pscratch-ffffa03b0861a000,0,0,219402878101,374678341559,0,0,30987,0,0,0,0,0,0,0,0,0,0,0,0,0,0,0,0,0,0,0,0,0,0,0,0,14968,0,0,0
1743620098.001445,600855,21068469,0,nscratch,nscratch-ffffa03b0426b000,0,0,10355247390040,905049378378,0,0,98179,0,0,0,0,0,0,0,0,0,0,0,0,0,0,0,0,0,0,0,0,0,0,0,0,60771,0,0,0
1743620098.001516,600855,21068469,0,pscratch,pscratch-ffffa03b0861a000,0,0,219402878101,374678341559,0,0,30987,0,0,0,0,0,0,0,0,0,0,0,0,0,0,0,0,0,0,0,0,0,0,0,0,14968,0,0,0
1743620099.001676,600855,21068469,0,nscratch,nscratch-ffffa03b0426b000,0,0,10355247390040,905049378378,0,0,98179,0,0,0,0,0,0,0,0,0,0,0,0,0,0,0,0,0,0,0,0,0,0,0,0,60771,0,0,0
1743620099.001745,600855,21068469,0,pscratch,pscratch-ffffa03b0861a000,0,0,219402878101,374678341559,0,0,30987,0,0,0,0,0,0,0,0,0,0,0,0,0,0,0,0,0,0,0,0,0,0,0,0,14968,0,0,0
1743620100.002102,600855,21068469,0,nscratch,nscratch-ffffa03b0426b000,0,0,10355247390040,905049378378,0,0,98179,0,0,0,0,0,0,0,0,0,0,0,0,0,0,0,0,0,0,0,0,0,0,0,0,60771,0,0,0
1743620100.002167,600855,21068469,0,pscratch,pscratch-ffffa03b0861a000,0,0,219402878101,374678341559,0,0,30987,0,0,0,0,0,0,0,0,0,0,0,0,0,0,0,0,0,0,0,0,0,0,0,0,14968,0,0,0
1743620101.001449,600855,21068469,0,nscratch,nscratch-ffffa03b0426b000,0,0,10355247390040,905049378378,0,0,98179,0,0,0,0,0,0,0,0,0,0,0,0,0,0,0,0,0,0,0,0,0,0,0,0,60771,0,0,0
1743620101.001517,600855,21068469,0,pscratch,pscratch-ffffa03b0861a000,0,0,219402878101,374678341559,0,0,30987,0,0,0,0,0,0,0,0,0,0,0,0,0,0,0,0,0,0,0,0,0,0,0,0,14968,0,0,0
1743620102.001674,600855,21068469,0,nscratch,nscratch-ffffa03b0426b000,0,0,10355247390040,905049378378,0,0,98179,0,0,0,0,0,0,0,0,0,0,0,0,0,0,0,0,0,0,0,0,0,0,0,0,60771,0,0,0
1743620102.001743,600855,21068469,0,pscratch,pscratch-ffffa03b0861a000,0,0,219402878101,374678341559,0,0,30987,0,0,0,0,0,0,0,0,0,0,0,0,0,0,0,0,0,0,0,0,0,0,0,0,14968,0,0,0
1743620103.002126,600855,21068469,0,nscratch,nscratch-ffffa03b0426b000,0,0,10355247390040,905049378378,0,0,98179,0,0,0,0,0,0,0,0,0,0,0,0,0,0,0,0,0,0,0,0,0,0,0,0,60771,0,0,0
1743620103.002194,600855,21068469,0,pscratch,pscratch-ffffa03b0861a000,0,0,219402878101,374678341559,0,0,30987,0,0,0,0,0,0,0,0,0,0,0,0,0,0,0,0,0,0,0,0,0,0,0,0,14968,0,0,0
1743620104.001477,600855,21068469,0,nscratch,nscratch-ffffa03b0426b000,0,0,10355247390040,905049378378,0,0,98179,0,0,0,0,0,0,0,0,0,0,0,0,0,0,0,0,0,0,0,0,0,0,0,0,60771,0,0,0
1743620104.001546,600855,21068469,0,pscratch,pscratch-ffffa03b0861a000,0,0,219402878101,374678341559,0,0,30987,0,0,0,0,0,0,0,0,0,0,0,0,0,0,0,0,0,0,0,0,0,0,0,0,14968,0,0,0
1743620105.001712,600855,21068469,0,nscratch,nscratch-ffffa03b0426b000,0,0,10355247390040,905049378378,0,0,98179,0,0,0,0,0,0,0,0,0,0,0,0,0,0,0,0,0,0,0,0,0,0,0,0,60771,0,0,0
1743620105.001782,600855,21068469,0,pscratch,pscratch-ffffa03b0861a000,0,0,219402878101,374678341559,0,0,30987,0,0,0,0,0,0,0,0,0,0,0,0,0,0,0,0,0,0,0,0,0,0,0,0,14968,0,0,0
1743620106.002161,600855,21068469,0,nscratch,nscratch-ffffa03b0426b000,0,0,10355247390040,905049378378,0,0,98179,0,0,0,0,0,0,0,0,0,0,0,0,0,0,0,0,0,0,0,0,0,0,0,0,60771,0,0,0
1743620106.002227,600855,21068469,0,pscratch,pscratch-ffffa03b0861a000,0,0,219402878101,374678341559,0,0,30987,0,0,0,0,0,0,0,0,0,0,0,0,0,0,0,0,0,0,0,0,0,0,0,0,14968,0,0,0
1743620107.001516,600855,21068469,0,nscratch,nscratch-ffffa03b0426b000,0,0,10355247390040,905049378378,0,0,98179,0,0,0,0,0,0,0,0,0,0,0,0,0,0,0,0,0,0,0,0,0,0,0,0,60771,0,0,0
1743620107.001582,600855,21068469,0,pscratch,pscratch-ffffa03b0861a000,0,0,219402878101,374678341559,0,0,30987,0,0,0,0,0,0,0,0,0,0,0,0,0,0,0,0,0,0,0,0,0,0,0,0,14968,0,0,0
1743620108.001738,600855,21068469,0,nscratch,nscratch-ffffa03b0426b000,0,0,10355247390040,905049378378,0,0,98179,0,0,0,0,0,0,0,0,0,0,0,0,0,0,0,0,0,0,0,0,0,0,0,0,60771,0,0,0
1743620108.001809,600855,21068469,0,pscratch,pscratch-ffffa03b0861a000,0,0,219402878101,374678341559,0,0,30987,0,0,0,0,0,0,0,0,0,0,0,0,0,0,0,0,0,0,0,0,0,0,0,0,14968,0,0,0
1743620109.002182,600855,21068469,0,nscratch,nscratch-ffffa03b0426b000,0,0,10355247390040,905049378378,0,0,98179,0,0,0,0,0,0,0,0,0,0,0,0,0,0,0,0,0,0,0,0,0,0,0,0,60771,0,0,0
1743620109.002249,600855,21068469,0,pscratch,pscratch-ffffa03b0861a000,0,0,219402878101,374678341559,0,0,30987,0,0,0,0,0,0,0,0,0,0,0,0,0,0,0,0,0,0,0,0,0,0,0,0,14968,0,0,0
1743620110.001526,600855,21068469,0,nscratch,nscratch-ffffa03b0426b000,0,0,10355247390040,905049378378,0,0,98179,0,0,0,0,0,0,0,0,0,0,0,0,0,0,0,0,0,0,0,0,0,0,0,0,60771,0,0,0
1743620110.001592,600855,21068469,0,pscratch,pscratch-ffffa03b0861a000,0,0,219402878101,374678341559,0,0,30987,0,0,0,0,0,0,0,0,0,0,0,0,0,0,0,0,0,0,0,0,0,0,0,0,14968,0,0,0
1743620111.001746,600855,21068469,0,nscratch,nscratch-ffffa03b0426b000,0,0,10355247390040,905049378378,0,0,98179,0,0,0,0,0,0,0,0,0,0,0,0,0,0,0,0,0,0,0,0,0,0,0,0,60771,0,0,0
1743620111.001815,600855,21068469,0,pscratch,pscratch-ffffa03b0861a000,0,0,219402878101,374678341559,0,0,30987,0,0,0,0,0,0,0,0,0,0,0,0,0,0,0,0,0,0,0,0,0,0,0,0,14968,0,0,0
1743620112.002187,600855,21068469,0,nscratch,nscratch-ffffa03b0426b000,0,0,10355247390040,905049378378,0,0,98179,0,0,0,0,0,0,0,0,0,0,0,0,0,0,0,0,0,0,0,0,0,0,0,0,60771,0,0,0
1743620112.002256,600855,21068469,0,pscratch,pscratch-ffffa03b0861a000,0,0,219402878101,374678341559,0,0,30987,0,0,0,0,0,0,0,0,0,0,0,0,0,0,0,0,0,0,0,0,0,0,0,0,14968,0,0,0
1743620113.001541,600855,21068469,0,nscratch,nscratch-ffffa03b0426b000,0,0,10355247390040,905049378378,0,0,98179,0,0,0,0,0,0,0,0,0,0,0,0,0,0,0,0,0,0,0,0,0,0,0,0,60771,0,0,0
1743620113.001609,600855,21068469,0,pscratch,pscratch-ffffa03b0861a000,0,0,219402878101,374678341559,0,0,30987,0,0,0,0,0,0,0,0,0,0,0,0,0,0,0,0,0,0,0,0,0,0,0,0,14968,0,0,0
1743620114.001760,600855,21068469,0,nscratch,nscratch-ffffa03b0426b000,0,0,10355247390040,905049378378,0,0,98179,0,0,0,0,0,0,0,0,0,0,0,0,0,0,0,0,0,0,0,0,0,0,0,0,60771,0,0,0
1743620114.001829,600855,21068469,0,pscratch,pscratch-ffffa03b0861a000,0,0,219402878101,374678341559,0,0,30987,0,0,0,0,0,0,0,0,0,0,0,0,0,0,0,0,0,0,0,0,0,0,0,0,14968,0,0,0
1743620115.002205,600855,21068469,0,nscratch,nscratch-ffffa03b0426b000,0,0,10355247390040,905049378378,0,0,98179,0,0,0,0,0,0,0,0,0,0,0,0,0,0,0,0,0,0,0,0,0,0,0,0,60771,0,0,0
1743620115.002274,600855,21068469,0,pscratch,pscratch-ffffa03b0861a000,0,0,219402878101,374678341559,0,0,30987,0,0,0,0,0,0,0,0,0,0,0,0,0,0,0,0,0,0,0,0,0,0,0,0,14968,0,0,0
1743620116.001552,600855,21068469,0,nscratch,nscratch-ffffa03b0426b000,0,0,10355247390040,905049378378,0,0,98179,0,0,0,0,0,0,0,0,0,0,0,0,0,0,0,0,0,0,0,0,0,0,0,0,60771,0,0,0
1743620116.001629,600855,21068469,0,pscratch,pscratch-ffffa03b0861a000,0,0,219402878101,374678341559,0,0,30987,0,0,0,0,0,0,0,0,0,0,0,0,0,0,0,0,0,0,0,0,0,0,0,0,14968,0,0,0
1743620117.001770,600855,21068469,0,nscratch,nscratch-ffffa03b0426b000,0,0,10355247390040,905049378378,0,0,98179,0,0,0,0,0,0,0,0,0,0,0,0,0,0,0,0,0,0,0,0,0,0,0,0,60771,0,0,0
1743620117.001837,600855,21068469,0,pscratch,pscratch-ffffa03b0861a000,0,0,219402878101,374678341559,0,0,30987,0,0,0,0,0,0,0,0,0,0,0,0,0,0,0,0,0,0,0,0,0,0,0,0,14968,0,0,0
1743620118.002212,600855,21068469,0,nscratch,nscratch-ffffa03b0426b000,0,0,10355247390040,905049378378,0,0,98179,0,0,0,0,0,0,0,0,0,0,0,0,0,0,0,0,0,0,0,0,0,0,0,0,60771,0,0,0
1743620118.002278,600855,21068469,0,pscratch,pscratch-ffffa03b0861a000,0,0,219402878101,374678341559,0,0,30987,0,0,0,0,0,0,0,0,0,0,0,0,0,0,0,0,0,0,0,0,0,0,0,0,14968,0,0,0
1743620119.001658,600855,21068469,0,nscratch,nscratch-ffffa03b0426b000,0,0,10355247390040,905049378378,0,0,98179,0,0,0,0,0,0,0,0,0,0,0,0,0,0,0,0,0,0,0,0,0,0,0,0,60771,0,0,0
1743620119.001759,600855,21068469,0,pscratch,pscratch-ffffa03b0861a000,0,0,219402878101,374678341559,0,0,30987,0,0,0,0,0,0,0,0,0,0,0,0,0,0,0,0,0,0,0,0,0,0,0,0,14968,0,0,0
1743620120.001928,600855,21068469,0,nscratch,nscratch-ffffa03b0426b000,0,0,10355247390040,905049378378,0,0,98179,0,0,0,0,0,0,0,0,0,0,0,0,0,0,0,0,0,0,0,0,0,0,0,0,60771,0,0,0
1743620120.002024,600855,21068469,0,pscratch,pscratch-ffffa03b0861a000,0,0,219402878101,374678341559,0,0,30987,0,0,0,0,0,0,0,0,0,0,0,0,0,0,0,0,0,0,0,0,0,0,0,0,14968,0,0,0
1743620121.000959,600855,21068469,0,nscratch,nscratch-ffffa03b0426b000,0,0,10355247390040,905049378378,0,0,98179,0,0,0,0,0,0,0,0,0,0,0,0,0,0,0,0,0,0,0,0,0,0,0,0,60771,0,0,0
1743620121.001058,600855,21068469,0,pscratch,pscratch-ffffa03b0861a000,0,0,219402878101,374678341559,0,0,30987,0,0,0,0,0,0,0,0,0,0,0,0,0,0,0,0,0,0,0,0,0,0,0,0,14968,0,0,0
1743620122.001428,600855,21068469,0,nscratch,nscratch-ffffa03b0426b000,0,0,10355247390040,905049378378,0,0,98179,0,0,0,0,0,0,0,0,0,0,0,0,0,0,0,0,0,0,0,0,0,0,0,0,60771,0,0,0
1743620122.001526,600855,21068469,0,pscratch,pscratch-ffffa03b0861a000,0,0,219402878101,374678341559,0,0,30987,0,0,0,0,0,0,0,0,0,0,0,0,0,0,0,0,0,0,0,0,0,0,0,0,14968,0,0,0
1743620123.001682,600855,21068469,0,nscratch,nscratch-ffffa03b0426b000,0,0,10355247390040,905049378378,0,0,98179,0,0,0,0,0,0,0,0,0,0,0,0,0,0,0,0,0,0,0,0,0,0,0,0,60771,0,0,0
1743620123.001780,600855,21068469,0,pscratch,pscratch-ffffa03b0861a000,0,0,219402878101,374678341559,0,0,30987,0,0,0,0,0,0,0,0,0,0,0,0,0,0,0,0,0,0,0,0,0,0,0,0,14968,0,0,0
1743620124.002293,600855,21068469,0,nscratch,nscratch-ffffa03b0426b000,0,0,10355247390040,905049378378,0,0,98179,0,0,0,0,0,0,0,0,0,0,0,0,0,0,0,0,0,0,0,0,0,0,0,0,60771,0,0,0
1743620124.002393,600855,21068469,0,pscratch,pscratch-ffffa03b0861a000,0,0,219402878101,374678341559,0,0,30987,0,0,0,0,0,0,0,0,0,0,0,0,0,0,0,0,0,0,0,0,0,0,0,0,14968,0,0,0
1743620125.001747,600855,21068469,0,nscratch,nscratch-ffffa03b0426b000,0,0,10355247390040,905049378378,0,0,98179,0,0,0,0,0,0,0,0,0,0,0,0,0,0,0,0,0,0,0,0,0,0,0,0,60771,0,0,0
1743620125.001843,600855,21068469,0,pscratch,pscratch-ffffa03b0861a000,0,0,219402878101,374678341559,0,0,30987,0,0,0,0,0,0,0,0,0,0,0,0,0,0,0,0,0,0,0,0,0,0,0,0,14968,0,0,0
1743620126.001995,600855,21068469,0,nscratch,nscratch-ffffa03b0426b000,0,0,10355247390040,905049378378,0,0,98179,0,0,0,0,0,0,0,0,0,0,0,0,0,0,0,0,0,0,0,0,0,0,0,0,60771,0,0,0
1743620126.002094,600855,21068469,0,pscratch,pscratch-ffffa03b0861a000,0,0,219402878101,374678341559,0,0,30987,0,0,0,0,0,0,0,0,0,0,0,0,0,0,0,0,0,0,0,0,0,0,0,0,14968,0,0,0
1743620127.001585,600855,21068469,0,nscratch,nscratch-ffffa03b0426b000,0,0,10355247390040,905049378378,0,0,98179,0,0,0,0,0,0,0,0,0,0,0,0,0,0,0,0,0,0,0,0,0,0,0,0,60771,0,0,0
1743620127.001688,600855,21068469,0,pscratch,pscratch-ffffa03b0861a000,0,0,219402878101,374678341559,0,0,30987,0,0,0,0,0,0,0,0,0,0,0,0,0,0,0,0,0,0,0,0,0,0,0,0,14968,0,0,0
1743620128.002044,600855,21068469,0,nscratch,nscratch-ffffa03b0426b000,0,0,10355247390040,905049378378,0,0,98179,0,0,0,0,0,0,0,0,0,0,0,0,0,0,0,0,0,0,0,0,0,0,0,0,60771,0,0,0
1743620128.002143,600855,21068469,0,pscratch,pscratch-ffffa03b0861a000,0,0,219402878101,374678341559,0,0,30987,0,0,0,0,0,0,0,0,0,0,0,0,0,0,0,0,0,0,0,0,0,0,0,0,14968,0,0,0
1743620129.001291,600855,21068469,0,nscratch,nscratch-ffffa03b0426b000,0,0,10355247390040,905049378378,0,0,98179,0,0,0,0,0,0,0,0,0,0,0,0,0,0,0,0,0,0,0,0,0,0,0,0,60771,0,0,0
1743620129.001386,600855,21068469,0,pscratch,pscratch-ffffa03b0861a000,0,0,219402878101,374678341559,0,0,30987,0,0,0,0,0,0,0,0,0,0,0,0,0,0,0,0,0,0,0,0,0,0,0,0,14968,0,0,0
1743620130.001887,600855,21068469,0,nscratch,nscratch-ffffa03b0426b000,0,0,10355247390040,905049378378,0,0,98179,0,0,0,0,0,0,0,0,0,0,0,0,0,0,0,0,0,0,0,0,0,0,0,0,60771,0,0,0
1743620130.002001,600855,21068469,0,pscratch,pscratch-ffffa03b0861a000,0,0,219402878101,374678341559,0,0,30987,0,0,0,0,0,0,0,0,0,0,0,0,0,0,0,0,0,0,0,0,0,0,0,0,14968,0,0,0
1743620131.001371,600855,21068469,0,nscratch,nscratch-ffffa03b0426b000,0,0,10355247390040,905049378378,0,0,98179,0,0,0,0,0,0,0,0,0,0,0,0,0,0,0,0,0,0,0,0,0,0,0,0,60771,0,0,0
1743620131.001467,600855,21068469,0,pscratch,pscratch-ffffa03b0861a000,0,0,219402878101,374678341559,0,0,30987,0,0,0,0,0,0,0,0,0,0,0,0,0,0,0,0,0,0,0,0,0,0,0,0,14968,0,0,0
1743620132.001634,600855,21068469,0,nscratch,nscratch-ffffa03b0426b000,0,0,10355247390040,905049378378,0,0,98179,0,0,0,0,0,0,0,0,0,0,0,0,0,0,0,0,0,0,0,0,0,0,0,0,60771,0,0,0
1743620132.001731,600855,21068469,0,pscratch,pscratch-ffffa03b0861a000,0,0,219402878101,374678341559,0,0,30987,0,0,0,0,0,0,0,0,0,0,0,0,0,0,0,0,0,0,0,0,0,0,0,0,14968,0,0,0
1743620133.002231,600855,21068469,0,nscratch,nscratch-ffffa03b0426b000,0,0,10355247390040,905049378378,0,0,98179,0,0,0,0,0,0,0,0,0,0,0,0,0,0,0,0,0,0,0,0,0,0,0,0,60771,0,0,0
1743620133.002329,600855,21068469,0,pscratch,pscratch-ffffa03b0861a000,0,0,219402878101,374678341559,0,0,30987,0,0,0,0,0,0,0,0,0,0,0,0,0,0,0,0,0,0,0,0,0,0,0,0,14968,0,0,0
1743620134.001696,600855,21068469,0,nscratch,nscratch-ffffa03b0426b000,0,0,10355247390040,905049378378,0,0,98179,0,0,0,0,0,0,0,0,0,0,0,0,0,0,0,0,0,0,0,0,0,0,0,0,60771,0,0,0
1743620134.001798,600855,21068469,0,pscratch,pscratch-ffffa03b0861a000,0,0,219402878101,374678341559,0,0,30987,0,0,0,0,0,0,0,0,0,0,0,0,0,0,0,0,0,0,0,0,0,0,0,0,14968,0,0,0
1743620135.001950,600855,21068469,0,nscratch,nscratch-ffffa03b0426b000,0,0,10355247390040,905049378378,0,0,98179,0,0,0,0,0,0,0,0,0,0,0,0,0,0,0,0,0,0,0,0,0,0,0,0,60771,0,0,0
1743620135.002045,600855,21068469,0,pscratch,pscratch-ffffa03b0861a000,0,0,219402878101,374678341559,0,0,30987,0,0,0,0,0,0,0,0,0,0,0,0,0,0,0,0,0,0,0,0,0,0,0,0,14968,0,0,0
1743620136.001548,600855,21068469,0,nscratch,nscratch-ffffa03b0426b000,0,0,10355247390040,905049378378,0,0,98179,0,0,0,0,0,0,0,0,0,0,0,0,0,0,0,0,0,0,0,0,0,0,0,0,60771,0,0,0
1743620136.001651,600855,21068469,0,pscratch,pscratch-ffffa03b0861a000,0,0,219402878101,374678341559,0,0,30987,0,0,0,0,0,0,0,0,0,0,0,0,0,0,0,0,0,0,0,0,0,0,0,0,14968,0,0,0
1743620137.002021,600855,21068469,0,nscratch,nscratch-ffffa03b0426b000,0,0,10355247390040,905049378378,0,0,98179,0,0,0,0,0,0,0,0,0,0,0,0,0,0,0,0,0,0,0,0,0,0,0,0,60771,0,0,0
1743620137.002118,600855,21068469,0,pscratch,pscratch-ffffa03b0861a000,0,0,219402878101,374678341559,0,0,30987,0,0,0,0,0,0,0,0,0,0,0,0,0,0,0,0,0,0,0,0,0,0,0,0,14968,0,0,0
1743620138.001263,600855,21068469,0,nscratch,nscratch-ffffa03b0426b000,0,0,10355247390040,905049378378,0,0,98179,0,0,0,0,0,0,0,0,0,0,0,0,0,0,0,0,0,0,0,0,0,0,0,0,60771,0,0,0
1743620138.001358,600855,21068469,0,pscratch,pscratch-ffffa03b0861a000,0,0,219402878101,374678341559,0,0,30987,0,0,0,0,0,0,0,0,0,0,0,0,0,0,0,0,0,0,0,0,0,0,0,0,14968,0,0,0
1743620139.001871,600855,21068469,0,nscratch,nscratch-ffffa03b0426b000,0,0,10355247390040,905049378378,0,0,98179,0,0,0,0,0,0,0,0,0,0,0,0,0,0,0,0,0,0,0,0,0,0,0,0,60771,0,0,0
1743620139.001970,600855,21068469,0,pscratch,pscratch-ffffa03b0861a000,0,0,219402878101,374678341559,0,0,30987,0,0,0,0,0,0,0,0,0,0,0,0,0,0,0,0,0,0,0,0,0,0,0,0,14968,0,0,0
1743620140.002329,600855,21068469,0,nscratch,nscratch-ffffa03b0426b000,0,0,10355247390040,905049378378,0,0,98179,0,0,0,0,0,0,0,0,0,0,0,0,0,0,0,0,0,0,0,0,0,0,0,0,60771,0,0,0
1743620140.002429,600855,21068469,0,pscratch,pscratch-ffffa03b0861a000,0,0,219402878101,374678341559,0,0,30987,0,0,0,0,0,0,0,0,0,0,0,0,0,0,0,0,0,0,0,0,0,0,0,0,14968,0,0,0
1743620141.001595,600855,21068469,0,nscratch,nscratch-ffffa03b0426b000,0,0,10355247390040,905049378378,0,0,98179,0,0,0,0,0,0,0,0,0,0,0,0,0,0,0,0,0,0,0,0,0,0,0,0,60771,0,0,0
1743620141.001698,600855,21068469,0,pscratch,pscratch-ffffa03b0861a000,0,0,219402878101,374678341559,0,0,30987,0,0,0,0,0,0,0,0,0,0,0,0,0,0,0,0,0,0,0,0,0,0,0,0,14968,0,0,0
1743620142.002214,600855,21068469,0,nscratch,nscratch-ffffa03b0426b000,0,0,10355247390040,905049378378,0,0,98179,0,0,0,0,0,0,0,0,0,0,0,0,0,0,0,0,0,0,0,0,0,0,0,0,60771,0,0,0
1743620142.002311,600855,21068469,0,pscratch,pscratch-ffffa03b0861a000,0,0,219402878101,374678341559,0,0,30987,0,0,0,0,0,0,0,0,0,0,0,0,0,0,0,0,0,0,0,0,0,0,0,0,14968,0,0,0
1743620143.001673,600855,21068469,0,nscratch,nscratch-ffffa03b0426b000,0,0,10355247390040,905049378378,0,0,98179,0,0,0,0,0,0,0,0,0,0,0,0,0,0,0,0,0,0,0,0,0,0,0,0,60771,0,0,0
1743620143.001771,600855,21068469,0,pscratch,pscratch-ffffa03b0861a000,0,0,219402878101,374678341559,0,0,30987,0,0,0,0,0,0,0,0,0,0,0,0,0,0,0,0,0,0,0,0,0,0,0,0,14968,0,0,0
1743620144.001924,600855,21068469,0,nscratch,nscratch-ffffa03b0426b000,0,0,10355247390040,905049378378,0,0,98179,0,0,0,0,0,0,0,0,0,0,0,0,0,0,0,0,0,0,0,0,0,0,0,0,60771,0,0,0
1743620144.002022,600855,21068469,0,pscratch,pscratch-ffffa03b0861a000,0,0,219402878101,374678341559,0,0,30987,0,0,0,0,0,0,0,0,0,0,0,0,0,0,0,0,0,0,0,0,0,0,0,0,14968,0,0,0
1743620145.001516,600855,21068469,0,nscratch,nscratch-ffffa03b0426b000,0,0,10355247390040,905049378378,0,0,98179,0,0,0,0,0,0,0,0,0,0,0,0,0,0,0,0,0,0,0,0,0,0,0,0,60771,0,0,0
1743620145.001611,600855,21068469,0,pscratch,pscratch-ffffa03b0861a000,0,0,219402878101,374678341559,0,0,30987,0,0,0,0,0,0,0,0,0,0,0,0,0,0,0,0,0,0,0,0,0,0,0,0,14968,0,0,0
1743620146.001977,600855,21068469,0,nscratch,nscratch-ffffa03b0426b000,0,0,10355247390040,905049378378,0,0,98179,0,0,0,0,0,0,0,0,0,0,0,0,0,0,0,0,0,0,0,0,0,0,0,0,60771,0,0,0
1743620146.002075,600855,21068469,0,pscratch,pscratch-ffffa03b0861a000,0,0,219402878101,374678341559,0,0,30987,0,0,0,0,0,0,0,0,0,0,0,0,0,0,0,0,0,0,0,0,0,0,0,0,14968,0,0,0
1743620147.001222,600855,21068469,0,nscratch,nscratch-ffffa03b0426b000,0,0,10355247390040,905049378378,0,0,98179,0,0,0,0,0,0,0,0,0,0,0,0,0,0,0,0,0,0,0,0,0,0,0,0,60771,0,0,0
1743620147.001317,600855,21068469,0,pscratch,pscratch-ffffa03b0861a000,0,0,219402878101,374678341559,0,0,30987,0,0,0,0,0,0,0,0,0,0,0,0,0,0,0,0,0,0,0,0,0,0,0,0,14968,0,0,0
1743620148.001815,600855,21068469,0,nscratch,nscratch-ffffa03b0426b000,0,0,10355247390040,905049378378,0,0,98179,0,0,0,0,0,0,0,0,0,0,0,0,0,0,0,0,0,0,0,0,0,0,0,0,60771,0,0,0
1743620148.001911,600855,21068469,0,pscratch,pscratch-ffffa03b0861a000,0,0,219402878101,374678341559,0,0,30987,0,0,0,0,0,0,0,0,0,0,0,0,0,0,0,0,0,0,0,0,0,0,0,0,14968,0,0,0
1743620149.002280,600855,21068469,0,nscratch,nscratch-ffffa03b0426b000,0,0,10355247390040,905049378378,0,0,98179,0,0,0,0,0,0,0,0,0,0,0,0,0,0,0,0,0,0,0,0,0,0,0,0,60771,0,0,0
1743620149.002379,600855,21068469,0,pscratch,pscratch-ffffa03b0861a000,0,0,219402878101,374678341559,0,0,30987,0,0,0,0,0,0,0,0,0,0,0,0,0,0,0,0,0,0,0,0,0,0,0,0,14968,0,0,0
1743620150.001529,600855,21068469,0,nscratch,nscratch-ffffa03b0426b000,0,0,10355247390040,905049378378,0,0,98179,0,0,0,0,0,0,0,0,0,0,0,0,0,0,0,0,0,0,0,0,0,0,0,0,60771,0,0,0
1743620150.001631,600855,21068469,0,pscratch,pscratch-ffffa03b0861a000,0,0,219402878101,374678341559,0,0,30987,0,0,0,0,0,0,0,0,0,0,0,0,0,0,0,0,0,0,0,0,0,0,0,0,14968,0,0,0
1743620151.002150,600855,21068469,0,nscratch,nscratch-ffffa03b0426b000,0,0,10355247390040,905049378378,0,0,98179,0,0,0,0,0,0,0,0,0,0,0,0,0,0,0,0,0,0,0,0,0,0,0,0,60771,0,0,0
1743620151.002245,600855,21068469,0,pscratch,pscratch-ffffa03b0861a000,0,0,219402878101,374678341559,0,0,30987,0,0,0,0,0,0,0,0,0,0,0,0,0,0,0,0,0,0,0,0,0,0,0,0,14968,0,0,0
1743620152.001597,600855,21068469,0,nscratch,nscratch-ffffa03b0426b000,0,0,10355247390040,905049378378,0,0,98179,0,0,0,0,0,0,0,0,0,0,0,0,0,0,0,0,0,0,0,0,0,0,0,0,60771,0,0,0
1743620152.001701,600855,21068469,0,pscratch,pscratch-ffffa03b0861a000,0,0,219402878101,374678341559,0,0,30987,0,0,0,0,0,0,0,0,0,0,0,0,0,0,0,0,0,0,0,0,0,0,0,0,14968,0,0,0
1743620153.001856,600855,21068469,0,nscratch,nscratch-ffffa03b0426b000,0,0,10355247390040,905049378378,0,0,98179,0,0,0,0,0,0,0,0,0,0,0,0,0,0,0,0,0,0,0,0,0,0,0,0,60771,0,0,0
1743620153.001953,600855,21068469,0,pscratch,pscratch-ffffa03b0861a000,0,0,219402878101,374678341559,0,0,30987,0,0,0,0,0,0,0,0,0,0,0,0,0,0,0,0,0,0,0,0,0,0,0,0,14968,0,0,0
1743620154.001460,600855,21068469,0,nscratch,nscratch-ffffa03b0426b000,0,0,10355247390040,905049378378,0,0,98179,0,0,0,0,0,0,0,0,0,0,0,0,0,0,0,0,0,0,0,0,0,0,0,0,60771,0,0,0
1743620154.001559,600855,21068469,0,pscratch,pscratch-ffffa03b0861a000,0,0,219402878101,374678341559,0,0,30987,0,0,0,0,0,0,0,0,0,0,0,0,0,0,0,0,0,0,0,0,0,0,0,0,14968,0,0,0
1743620155.001922,600855,21068469,0,nscratch,nscratch-ffffa03b0426b000,0,0,10355247390040,905049378378,0,0,98179,0,0,0,0,0,0,0,0,0,0,0,0,0,0,0,0,0,0,0,0,0,0,0,0,60771,0,0,0
1743620155.002017,600855,21068469,0,pscratch,pscratch-ffffa03b0861a000,0,0,219402878101,374678341559,0,0,30987,0,0,0,0,0,0,0,0,0,0,0,0,0,0,0,0,0,0,0,0,0,0,0,0,14968,0,0,0
1743620156.001167,600855,21068469,0,nscratch,nscratch-ffffa03b0426b000,0,0,10355247390040,905049378378,0,0,98179,0,0,0,0,0,0,0,0,0,0,0,0,0,0,0,0,0,0,0,0,0,0,0,0,60771,0,0,0
1743620156.001261,600855,21068469,0,pscratch,pscratch-ffffa03b0861a000,0,0,219402878101,374678341559,0,0,30987,0,0,0,0,0,0,0,0,0,0,0,0,0,0,0,0,0,0,0,0,0,0,0,0,14968,0,0,0
1743620157.001765,600855,21068469,0,nscratch,nscratch-ffffa03b0426b000,0,0,10355247390040,905049378378,0,0,98179,0,0,0,0,0,0,0,0,0,0,0,0,0,0,0,0,0,0,0,0,0,0,0,0,60771,0,0,0
1743620157.001864,600855,21068469,0,pscratch,pscratch-ffffa03b0861a000,0,0,219402878101,374678341559,0,0,30987,0,0,0,0,0,0,0,0,0,0,0,0,0,0,0,0,0,0,0,0,0,0,0,0,14968,0,0,0
1743620158.002219,600855,21068469,0,nscratch,nscratch-ffffa03b0426b000,0,0,10355247390040,905049378378,0,0,98179,0,0,0,0,0,0,0,0,0,0,0,0,0,0,0,0,0,0,0,0,0,0,0,0,60771,0,0,0
1743620158.002315,600855,21068469,0,pscratch,pscratch-ffffa03b0861a000,0,0,219402878101,374678341559,0,0,30987,0,0,0,0,0,0,0,0,0,0,0,0,0,0,0,0,0,0,0,0,0,0,0,0,14968,0,0,0
1743620159.001462,600855,21068469,0,nscratch,nscratch-ffffa03b0426b000,0,0,10355247390040,905049378378,0,0,98179,0,0,0,0,0,0,0,0,0,0,0,0,0,0,0,0,0,0,0,0,0,0,0,0,60771,0,0,0
1743620159.001556,600855,21068469,0,pscratch,pscratch-ffffa03b0861a000,0,0,219402878101,374678341559,0,0,30987,0,0,0,0,0,0,0,0,0,0,0,0,0,0,0,0,0,0,0,0,0,0,0,0,14968,0,0,0
1743620160.002099,600855,21068469,0,nscratch,nscratch-ffffa03b0426b000,0,0,10355247390040,905049378378,0,0,98179,0,0,0,0,0,0,0,0,0,0,0,0,0,0,0,0,0,0,0,0,0,0,0,0,60771,0,0,0
1743620160.002197,600855,21068469,0,pscratch,pscratch-ffffa03b0861a000,0,0,219402878101,374678341559,0,0,30987,0,0,0,0,0,0,0,0,0,0,0,0,0,0,0,0,0,0,0,0,0,0,0,0,14968,0,0,0
1743620161.001546,600855,21068469,0,nscratch,nscratch-ffffa03b0426b000,0,0,10355247390040,905049378378,0,0,98179,0,0,0,0,0,0,0,0,0,0,0,0,0,0,0,0,0,0,0,0,0,0,0,0,60771,0,0,0
1743620161.001648,600855,21068469,0,pscratch,pscratch-ffffa03b0861a000,0,0,219402878101,374678341559,0,0,30987,0,0,0,0,0,0,0,0,0,0,0,0,0,0,0,0,0,0,0,0,0,0,0,0,14968,0,0,0
1743620162.001811,600855,21068469,0,nscratch,nscratch-ffffa03b0426b000,0,0,10355247390040,905049378378,0,0,98179,0,0,0,0,0,0,0,0,0,0,0,0,0,0,0,0,0,0,0,0,0,0,0,0,60771,0,0,0
1743620162.001907,600855,21068469,0,pscratch,pscratch-ffffa03b0861a000,0,0,219402878101,374678341559,0,0,30987,0,0,0,0,0,0,0,0,0,0,0,0,0,0,0,0,0,0,0,0,0,0,0,0,14968,0,0,0
1743620163.001401,600855,21068469,0,nscratch,nscratch-ffffa03b0426b000,0,0,10355247390040,905049378378,0,0,98179,0,0,0,0,0,0,0,0,0,0,0,0,0,0,0,0,0,0,0,0,0,0,0,0,60771,0,0,0
1743620163.001496,600855,21068469,0,pscratch,pscratch-ffffa03b0861a000,0,0,219402878101,374678341559,0,0,30987,0,0,0,0,0,0,0,0,0,0,0,0,0,0,0,0,0,0,0,0,0,0,0,0,14968,0,0,0
1743620164.001851,600855,21068469,0,nscratch,nscratch-ffffa03b0426b000,0,0,10355247390040,905049378378,0,0,98179,0,0,0,0,0,0,0,0,0,0,0,0,0,0,0,0,0,0,0,0,0,0,0,0,60771,0,0,0
1743620164.001956,600855,21068469,0,pscratch,pscratch-ffffa03b0861a000,0,0,219402878101,374678341559,0,0,30987,0,0,0,0,0,0,0,0,0,0,0,0,0,0,0,0,0,0,0,0,0,0,0,0,14968,0,0,0
1743620165.002106,600855,21068469,0,nscratch,nscratch-ffffa03b0426b000,0,0,10355247390040,905049378378,0,0,98179,0,0,0,0,0,0,0,0,0,0,0,0,0,0,0,0,0,0,0,0,0,0,0,0,60771,0,0,0
1743620165.002204,600855,21068469,0,pscratch,pscratch-ffffa03b0861a000,0,0,219402878101,374678341559,0,0,30987,0,0,0,0,0,0,0,0,0,0,0,0,0,0,0,0,0,0,0,0,0,0,0,0,14968,0,0,0
1743620166.001723,600855,21068469,0,nscratch,nscratch-ffffa03b0426b000,0,0,10355247390040,905049378378,0,0,98179,0,0,0,0,0,0,0,0,0,0,0,0,0,0,0,0,0,0,0,0,0,0,0,0,60771,0,0,0
1743620166.001825,600855,21068469,0,pscratch,pscratch-ffffa03b0861a000,0,0,219402878101,374678341559,0,0,30987,0,0,0,0,0,0,0,0,0,0,0,0,0,0,0,0,0,0,0,0,0,0,0,0,14968,0,0,0
1743620167.002187,600855,21068469,0,nscratch,nscratch-ffffa03b0426b000,0,0,10355247390040,905049378378,0,0,98179,0,0,0,0,0,0,0,0,0,0,0,0,0,0,0,0,0,0,0,0,0,0,0,0,60771,0,0,0
1743620167.002286,600855,21068469,0,pscratch,pscratch-ffffa03b0861a000,0,0,219402878101,374678341559,0,0,30987,0,0,0,0,0,0,0,0,0,0,0,0,0,0,0,0,0,0,0,0,0,0,0,0,14968,0,0,0
1743620168.001435,600855,21068469,0,nscratch,nscratch-ffffa03b0426b000,0,0,10355247390040,905049378378,0,0,98179,0,0,0,0,0,0,0,0,0,0,0,0,0,0,0,0,0,0,0,0,0,0,0,0,60771,0,0,0
1743620168.001531,600855,21068469,0,pscratch,pscratch-ffffa03b0861a000,0,0,219402878101,374678341559,0,0,30987,0,0,0,0,0,0,0,0,0,0,0,0,0,0,0,0,0,0,0,0,0,0,0,0,14968,0,0,0
1743620169.002056,600855,21068469,0,nscratch,nscratch-ffffa03b0426b000,0,0,10355247390040,905049378378,0,0,98179,0,0,0,0,0,0,0,0,0,0,0,0,0,0,0,0,0,0,0,0,0,0,0,0,60771,0,0,0
1743620169.002154,600855,21068469,0,pscratch,pscratch-ffffa03b0861a000,0,0,219402878101,374678341559,0,0,30987,0,0,0,0,0,0,0,0,0,0,0,0,0,0,0,0,0,0,0,0,0,0,0,0,14968,0,0,0
1743620170.001505,600855,21068469,0,nscratch,nscratch-ffffa03b0426b000,0,0,10355247390040,905049378378,0,0,98179,0,0,0,0,0,0,0,0,0,0,0,0,0,0,0,0,0,0,0,0,0,0,0,0,60771,0,0,0
1743620170.001603,600855,21068469,0,pscratch,pscratch-ffffa03b0861a000,0,0,219402878101,374678341559,0,0,30987,0,0,0,0,0,0,0,0,0,0,0,0,0,0,0,0,0,0,0,0,0,0,0,0,14968,0,0,0
1743620171.001849,600855,21068469,0,nscratch,nscratch-ffffa03b0426b000,0,0,10355247390040,905049378378,0,0,98179,0,0,0,0,0,0,0,0,0,0,0,0,0,0,0,0,0,0,0,0,0,0,0,0,60771,0,0,0
1743620171.001948,600855,21068469,0,pscratch,pscratch-ffffa03b0861a000,0,0,219402878101,374678341559,0,0,30987,0,0,0,0,0,0,0,0,0,0,0,0,0,0,0,0,0,0,0,0,0,0,0,0,14968,0,0,0
1743620172.001457,600855,21068469,0,nscratch,nscratch-ffffa03b0426b000,0,0,10355247390040,905049378378,0,0,98179,0,0,0,0,0,0,0,0,0,0,0,0,0,0,0,0,0,0,0,0,0,0,0,0,60771,0,0,0
1743620172.001555,600855,21068469,0,pscratch,pscratch-ffffa03b0861a000,0,0,219402878101,374678341559,0,0,30987,0,0,0,0,0,0,0,0,0,0,0,0,0,0,0,0,0,0,0,0,0,0,0,0,14968,0,0,0
1743620173.001924,600855,21068469,0,nscratch,nscratch-ffffa03b0426b000,0,0,10355247390040,905049378378,0,0,98179,0,0,0,0,0,0,0,0,0,0,0,0,0,0,0,0,0,0,0,0,0,0,0,0,60771,0,0,0
1743620173.002024,600855,21068469,0,pscratch,pscratch-ffffa03b0861a000,0,0,219402878101,374678341559,0,0,30987,0,0,0,0,0,0,0,0,0,0,0,0,0,0,0,0,0,0,0,0,0,0,0,0,14968,0,0,0
1743620174.001171,600855,21068469,0,nscratch,nscratch-ffffa03b0426b000,0,0,10355247390040,905049378378,0,0,98179,0,0,0,0,0,0,0,0,0,0,0,0,0,0,0,0,0,0,0,0,0,0,0,0,60771,0,0,0
1743620174.001267,600855,21068469,0,pscratch,pscratch-ffffa03b0861a000,0,0,219402878101,374678341559,0,0,30987,0,0,0,0,0,0,0,0,0,0,0,0,0,0,0,0,0,0,0,0,0,0,0,0,14968,0,0,0
1743620175.001774,600855,21068469,0,nscratch,nscratch-ffffa03b0426b000,0,0,10355247390040,905049378378,0,0,98179,0,0,0,0,0,0,0,0,0,0,0,0,0,0,0,0,0,0,0,0,0,0,0,0,60771,0,0,0
1743620175.001869,600855,21068469,0,pscratch,pscratch-ffffa03b0861a000,0,0,219402878101,374678341559,0,0,30987,0,0,0,0,0,0,0,0,0,0,0,0,0,0,0,0,0,0,0,0,0,0,0,0,14968,0,0,0
1743620176.002223,600855,21068469,0,nscratch,nscratch-ffffa03b0426b000,0,0,10355247390040,905049378378,0,0,98179,0,0,0,0,0,0,0,0,0,0,0,0,0,0,0,0,0,0,0,0,0,0,0,0,60771,0,0,0
1743620176.002321,600855,21068469,0,pscratch,pscratch-ffffa03b0861a000,0,0,219402878101,374678341559,0,0,30987,0,0,0,0,0,0,0,0,0,0,0,0,0,0,0,0,0,0,0,0,0,0,0,0,14968,0,0,0
1743620177.001469,600855,21068469,0,nscratch,nscratch-ffffa03b0426b000,0,0,10355247390040,905049378378,0,0,98179,0,0,0,0,0,0,0,0,0,0,0,0,0,0,0,0,0,0,0,0,0,0,0,0,60771,0,0,0
1743620177.001563,600855,21068469,0,pscratch,pscratch-ffffa03b0861a000,0,0,219402878101,374678341559,0,0,30987,0,0,0,0,0,0,0,0,0,0,0,0,0,0,0,0,0,0,0,0,0,0,0,0,14968,0,0,0
1743620178.002064,600855,21068469,0,nscratch,nscratch-ffffa03b0426b000,0,0,10355247390040,905049378378,0,0,98179,0,0,0,0,0,0,0,0,0,0,0,0,0,0,0,0,0,0,0,0,0,0,0,0,60771,0,0,0
1743620178.002163,600855,21068469,0,pscratch,pscratch-ffffa03b0861a000,0,0,219402878101,374678341559,0,0,30987,0,0,0,0,0,0,0,0,0,0,0,0,0,0,0,0,0,0,0,0,0,0,0,0,14968,0,0,0
1743620179.001506,600855,21068469,0,nscratch,nscratch-ffffa03b0426b000,0,0,10355247390040,905049378378,0,0,98179,0,0,0,0,0,0,0,0,0,0,0,0,0,0,0,0,0,0,0,0,0,0,0,0,60771,0,0,0
1743620179.001600,600855,21068469,0,pscratch,pscratch-ffffa03b0861a000,0,0,219402878101,374678341559,0,0,30987,0,0,0,0,0,0,0,0,0,0,0,0,0,0,0,0,0,0,0,0,0,0,0,0,14968,0,0,0
1743620180.001752,600855,21068469,0,nscratch,nscratch-ffffa03b0426b000,0,0,10355247390040,905049378378,0,0,98179,0,0,0,0,0,0,0,0,0,0,0,0,0,0,0,0,0,0,0,0,0,0,0,0,60771,0,0,0
1743620180.001858,600855,21068469,0,pscratch,pscratch-ffffa03b0861a000,0,0,219402878101,374678341559,0,0,30987,0,0,0,0,0,0,0,0,0,0,0,0,0,0,0,0,0,0,0,0,0,0,0,0,14968,0,0,0
1743620181.001361,600855,21068469,0,nscratch,nscratch-ffffa03b0426b000,0,0,10355247390040,905049378378,0,0,98179,0,0,0,0,0,0,0,0,0,0,0,0,0,0,0,0,0,0,0,0,0,0,0,0,60771,0,0,0
1743620181.001458,600855,21068469,0,pscratch,pscratch-ffffa03b0861a000,0,0,219402878101,374678341559,0,0,30987,0,0,0,0,0,0,0,0,0,0,0,0,0,0,0,0,0,0,0,0,0,0,0,0,14968,0,0,0
1743620182.001810,600855,21068469,0,nscratch,nscratch-ffffa03b0426b000,0,0,10355247390040,905049378378,0,0,98179,0,0,0,0,0,0,0,0,0,0,0,0,0,0,0,0,0,0,0,0,0,0,0,0,60771,0,0,0
1743620182.001905,600855,21068469,0,pscratch,pscratch-ffffa03b0861a000,0,0,219402878101,374678341559,0,0,30987,0,0,0,0,0,0,0,0,0,0,0,0,0,0,0,0,0,0,0,0,0,0,0,0,14968,0,0,0
1743620183.002057,600855,21068469,0,nscratch,nscratch-ffffa03b0426b000,0,0,10355247390040,905049378378,0,0,98179,0,0,0,0,0,0,0,0,0,0,0,0,0,0,0,0,0,0,0,0,0,0,0,0,60771,0,0,0
1743620183.002153,600855,21068469,0,pscratch,pscratch-ffffa03b0861a000,0,0,219402878101,374678341559,0,0,30987,0,0,0,0,0,0,0,0,0,0,0,0,0,0,0,0,0,0,0,0,0,0,0,0,14968,0,0,0
1743620184.001662,600855,21068469,0,nscratch,nscratch-ffffa03b0426b000,0,0,10355247390040,905049378378,0,0,98179,0,0,0,0,0,0,0,0,0,0,0,0,0,0,0,0,0,0,0,0,0,0,0,0,60771,0,0,0
1743620184.001757,600855,21068469,0,pscratch,pscratch-ffffa03b0861a000,0,0,219402878101,374678341559,0,0,30987,0,0,0,0,0,0,0,0,0,0,0,0,0,0,0,0,0,0,0,0,0,0,0,0,14968,0,0,0
1743620185.002107,600855,21068469,0,nscratch,nscratch-ffffa03b0426b000,0,0,10355247390040,905049378378,0,0,98179,0,0,0,0,0,0,0,0,0,0,0,0,0,0,0,0,0,0,0,0,0,0,0,0,60771,0,0,0
1743620185.002205,600855,21068469,0,pscratch,pscratch-ffffa03b0861a000,0,0,219402878101,374678341559,0,0,30987,0,0,0,0,0,0,0,0,0,0,0,0,0,0,0,0,0,0,0,0,0,0,0,0,14968,0,0,0
1743620186.001359,600855,21068469,0,nscratch,nscratch-ffffa03b0426b000,0,0,10355247390040,905049378378,0,0,98179,0,0,0,0,0,0,0,0,0,0,0,0,0,0,0,0,0,0,0,0,0,0,0,0,60771,0,0,0
1743620186.001455,600855,21068469,0,pscratch,pscratch-ffffa03b0861a000,0,0,219402878101,374678341559,0,0,30987,0,0,0,0,0,0,0,0,0,0,0,0,0,0,0,0,0,0,0,0,0,0,0,0,14968,0,0,0
1743620187.001973,600855,21068469,0,nscratch,nscratch-ffffa03b0426b000,0,0,10355247390040,905049378378,0,0,98179,0,0,0,0,0,0,0,0,0,0,0,0,0,0,0,0,0,0,0,0,0,0,0,0,60771,0,0,0
1743620187.002073,600855,21068469,0,pscratch,pscratch-ffffa03b0861a000,0,0,219402878101,374678341559,0,0,30987,0,0,0,0,0,0,0,0,0,0,0,0,0,0,0,0,0,0,0,0,0,0,0,0,14968,0,0,0
1743620188.001432,600855,21068469,0,nscratch,nscratch-ffffa03b0426b000,0,0,10355247390040,905049378378,0,0,98179,0,0,0,0,0,0,0,0,0,0,0,0,0,0,0,0,0,0,0,0,0,0,0,0,60771,0,0,0
1743620188.001527,600855,21068469,0,pscratch,pscratch-ffffa03b0861a000,0,0,219402878101,374678341559,0,0,30987,0,0,0,0,0,0,0,0,0,0,0,0,0,0,0,0,0,0,0,0,0,0,0,0,14968,0,0,0
1743620189.001687,600855,21068469,0,nscratch,nscratch-ffffa03b0426b000,0,0,10355247390040,905049378378,0,0,98179,0,0,0,0,0,0,0,0,0,0,0,0,0,0,0,0,0,0,0,0,0,0,0,0,60771,0,0,0
1743620189.001788,600855,21068469,0,pscratch,pscratch-ffffa03b0861a000,0,0,219402878101,374678341559,0,0,30987,0,0,0,0,0,0,0,0,0,0,0,0,0,0,0,0,0,0,0,0,0,0,0,0,14968,0,0,0
1743620190.002340,600855,21068469,0,nscratch,nscratch-ffffa03b0426b000,0,0,10355247390040,905049378378,0,0,98179,0,0,0,0,0,0,0,0,0,0,0,0,0,0,0,0,0,0,0,0,0,0,0,0,60771,0,0,0
1743620190.002452,600855,21068469,0,pscratch,pscratch-ffffa03b0861a000,0,0,219402878101,374678341559,0,0,30987,0,0,0,0,0,0,0,0,0,0,0,0,0,0,0,0,0,0,0,0,0,0,0,0,14968,0,0,0
1743620191.001823,600855,21068469,0,nscratch,nscratch-ffffa03b0426b000,0,0,10355247390040,905049378378,0,0,98179,0,0,0,0,0,0,0,0,0,0,0,0,0,0,0,0,0,0,0,0,0,0,0,0,60771,0,0,0
1743620191.001922,600855,21068469,0,pscratch,pscratch-ffffa03b0861a000,0,0,219402878101,374678341559,0,0,30987,0,0,0,0,0,0,0,0,0,0,0,0,0,0,0,0,0,0,0,0,0,0,0,0,14968,0,0,0
1743620192.002072,600855,21068469,0,nscratch,nscratch-ffffa03b0426b000,0,0,10355247390040,905049378378,0,0,98179,0,0,0,0,0,0,0,0,0,0,0,0,0,0,0,0,0,0,0,0,0,0,0,0,60771,0,0,0
1743620192.002169,600855,21068469,0,pscratch,pscratch-ffffa03b0861a000,0,0,219402878101,374678341559,0,0,30987,0,0,0,0,0,0,0,0,0,0,0,0,0,0,0,0,0,0,0,0,0,0,0,0,14968,0,0,0
1743620193.001678,600855,21068469,0,nscratch,nscratch-ffffa03b0426b000,0,0,10355247390040,905049378378,0,0,98179,0,0,0,0,0,0,0,0,0,0,0,0,0,0,0,0,0,0,0,0,0,0,0,0,60771,0,0,0
1743620193.001773,600855,21068469,0,pscratch,pscratch-ffffa03b0861a000,0,0,219402878101,374678341559,0,0,30987,0,0,0,0,0,0,0,0,0,0,0,0,0,0,0,0,0,0,0,0,0,0,0,0,14968,0,0,0
1743620194.002130,600855,21068469,0,nscratch,nscratch-ffffa03b0426b000,0,0,10355247390040,905049378378,0,0,98179,0,0,0,0,0,0,0,0,0,0,0,0,0,0,0,0,0,0,0,0,0,0,0,0,60771,0,0,0
1743620194.002228,600855,21068469,0,pscratch,pscratch-ffffa03b0861a000,0,0,219402878101,374678341559,0,0,30987,0,0,0,0,0,0,0,0,0,0,0,0,0,0,0,0,0,0,0,0,0,0,0,0,14968,0,0,0
1743620195.001379,600855,21068469,0,nscratch,nscratch-ffffa03b0426b000,0,0,10355247390040,905049378378,0,0,98179,0,0,0,0,0,0,0,0,0,0,0,0,0,0,0,0,0,0,0,0,0,0,0,0,60771,0,0,0
1743620195.001474,600855,21068469,0,pscratch,pscratch-ffffa03b0861a000,0,0,219402878101,374678341559,0,0,30987,0,0,0,0,0,0,0,0,0,0,0,0,0,0,0,0,0,0,0,0,0,0,0,0,14968,0,0,0
1743620196.001987,600855,21068469,0,nscratch,nscratch-ffffa03b0426b000,0,0,10355247390040,905049378378,0,0,98179,0,0,0,0,0,0,0,0,0,0,0,0,0,0,0,0,0,0,0,0,0,0,0,0,60771,0,0,0
1743620196.002086,600855,21068469,0,pscratch,pscratch-ffffa03b0861a000,0,0,219402878101,374678341559,0,0,30987,0,0,0,0,0,0,0,0,0,0,0,0,0,0,0,0,0,0,0,0,0,0,0,0,14968,0,0,0
1743620197.001437,600855,21068469,0,nscratch,nscratch-ffffa03b0426b000,0,0,10355247390040,905049378378,0,0,98179,0,0,0,0,0,0,0,0,0,0,0,0,0,0,0,0,0,0,0,0,0,0,0,0,60771,0,0,0
1743620197.001532,600855,21068469,0,pscratch,pscratch-ffffa03b0861a000,0,0,219402878101,374678341559,0,0,30987,0,0,0,0,0,0,0,0,0,0,0,0,0,0,0,0,0,0,0,0,0,0,0,0,14968,0,0,0
1743620198.001687,600855,21068469,0,nscratch,nscratch-ffffa03b0426b000,0,0,10355247390040,905049378378,0,0,98179,0,0,0,0,0,0,0,0,0,0,0,0,0,0,0,0,0,0,0,0,0,0,0,0,60771,0,0,0
1743620198.001785,600855,21068469,0,pscratch,pscratch-ffffa03b0861a000,0,0,219402878101,374678341559,0,0,30987,0,0,0,0,0,0,0,0,0,0,0,0,0,0,0,0,0,0,0,0,0,0,0,0,14968,0,0,0
1743620199.002281,600855,21068469,0,nscratch,nscratch-ffffa03b0426b000,0,0,10355247390040,905049378378,0,0,98179,0,0,0,0,0,0,0,0,0,0,0,0,0,0,0,0,0,0,0,0,0,0,0,0,60771,0,0,0
1743620199.002376,600855,21068469,0,pscratch,pscratch-ffffa03b0861a000,0,0,219402878101,374678341559,0,0,30987,0,0,0,0,0,0,0,0,0,0,0,0,0,0,0,0,0,0,0,0,0,0,0,0,14968,0,0,0
1743620200.001740,600855,21068469,0,nscratch,nscratch-ffffa03b0426b000,0,0,10355247390040,905049378378,0,0,98179,0,0,0,0,0,0,0,0,0,0,0,0,0,0,0,0,0,0,0,0,0,0,0,0,60771,0,0,0
1743620200.001837,600855,21068469,0,pscratch,pscratch-ffffa03b0861a000,0,0,219402878101,374678341559,0,0,30987,0,0,0,0,0,0,0,0,0,0,0,0,0,0,0,0,0,0,0,0,0,0,0,0,14968,0,0,0
1743620201.001994,600855,21068469,0,nscratch,nscratch-ffffa03b0426b000,0,0,10355247390040,905049378378,0,0,98179,0,0,0,0,0,0,0,0,0,0,0,0,0,0,0,0,0,0,0,0,0,0,0,0,60771,0,0,0
1743620201.002093,600855,21068469,0,pscratch,pscratch-ffffa03b0861a000,0,0,219402878101,374678341559,0,0,30987,0,0,0,0,0,0,0,0,0,0,0,0,0,0,0,0,0,0,0,0,0,0,0,0,14968,0,0,0
1743620202.001602,600855,21068469,0,nscratch,nscratch-ffffa03b0426b000,0,0,10355247390040,905049378378,0,0,98179,0,0,0,0,0,0,0,0,0,0,0,0,0,0,0,0,0,0,0,0,0,0,0,0,60771,0,0,0
1743620202.001705,600855,21068469,0,pscratch,pscratch-ffffa03b0861a000,0,0,219402878101,374678341559,0,0,30987,0,0,0,0,0,0,0,0,0,0,0,0,0,0,0,0,0,0,0,0,0,0,0,0,14968,0,0,0
1743620203.002072,600855,21068469,0,nscratch,nscratch-ffffa03b0426b000,0,0,10355247390040,905049378378,0,0,98179,0,0,0,0,0,0,0,0,0,0,0,0,0,0,0,0,0,0,0,0,0,0,0,0,60771,0,0,0
1743620203.002172,600855,21068469,0,pscratch,pscratch-ffffa03b0861a000,0,0,219402878101,374678341559,0,0,30987,0,0,0,0,0,0,0,0,0,0,0,0,0,0,0,0,0,0,0,0,0,0,0,0,14968,0,0,0
1743620204.001325,600855,21068469,0,nscratch,nscratch-ffffa03b0426b000,0,0,10355247390040,905049378378,0,0,98179,0,0,0,0,0,0,0,0,0,0,0,0,0,0,0,0,0,0,0,0,0,0,0,0,60771,0,0,0
1743620204.001423,600855,21068469,0,pscratch,pscratch-ffffa03b0861a000,0,0,219402878101,374678341559,0,0,30987,0,0,0,0,0,0,0,0,0,0,0,0,0,0,0,0,0,0,0,0,0,0,0,0,14968,0,0,0
1743620205.001953,600855,21068469,0,nscratch,nscratch-ffffa03b0426b000,0,0,10355247390040,905049378378,0,0,98179,0,0,0,0,0,0,0,0,0,0,0,0,0,0,0,0,0,0,0,0,0,0,0,0,60771,0,0,0
1743620205.002052,600855,21068469,0,pscratch,pscratch-ffffa03b0861a000,0,0,219402878101,374678341559,0,0,30987,0,0,0,0,0,0,0,0,0,0,0,0,0,0,0,0,0,0,0,0,0,0,0,0,14968,0,0,0
1743620206.001397,600855,21068469,0,nscratch,nscratch-ffffa03b0426b000,0,0,10355247390040,905049378378,0,0,98179,0,0,0,0,0,0,0,0,0,0,0,0,0,0,0,0,0,0,0,0,0,0,0,0,60771,0,0,0
1743620206.001496,600855,21068469,0,pscratch,pscratch-ffffa03b0861a000,0,0,219402878101,374678341559,0,0,30987,0,0,0,0,0,0,0,0,0,0,0,0,0,0,0,0,0,0,0,0,0,0,0,0,14968,0,0,0
1743620207.001650,600855,21068469,0,nscratch,nscratch-ffffa03b0426b000,0,0,10355247390040,905049378378,0,0,98179,0,0,0,0,0,0,0,0,0,0,0,0,0,0,0,0,0,0,0,0,0,0,0,0,60771,0,0,0
1743620207.001748,600855,21068469,0,pscratch,pscratch-ffffa03b0861a000,0,0,219402878101,374678341559,0,0,30987,0,0,0,0,0,0,0,0,0,0,0,0,0,0,0,0,0,0,0,0,0,0,0,0,14968,0,0,0
1743620208.002272,600855,21068469,0,nscratch,nscratch-ffffa03b0426b000,0,0,10355247390040,905049378378,0,0,98179,0,0,0,0,0,0,0,0,0,0,0,0,0,0,0,0,0,0,0,0,0,0,0,0,60771,0,0,0
1743620208.002367,600855,21068469,0,pscratch,pscratch-ffffa03b0861a000,0,0,219402878101,374678341559,0,0,30987,0,0,0,0,0,0,0,0,0,0,0,0,0,0,0,0,0,0,0,0,0,0,0,0,14968,0,0,0
1743620209.001719,600855,21068469,0,nscratch,nscratch-ffffa03b0426b000,0,0,10355247390040,905049378378,0,0,98179,0,0,0,0,0,0,0,0,0,0,0,0,0,0,0,0,0,0,0,0,0,0,0,0,60771,0,0,0
1743620209.001817,600855,21068469,0,pscratch,pscratch-ffffa03b0861a000,0,0,219402878101,374678341559,0,0,30987,0,0,0,0,0,0,0,0,0,0,0,0,0,0,0,0,0,0,0,0,0,0,0,0,14968,0,0,0
1743620210.001986,600855,21068469,0,nscratch,nscratch-ffffa03b0426b000,0,0,10355247390040,905049378378,0,0,98179,0,0,0,0,0,0,0,0,0,0,0,0,0,0,0,0,0,0,0,0,0,0,0,0,60771,0,0,0
1743620210.002084,600855,21068469,0,pscratch,pscratch-ffffa03b0861a000,0,0,219402878101,374678341559,0,0,30987,0,0,0,0,0,0,0,0,0,0,0,0,0,0,0,0,0,0,0,0,0,0,0,0,14968,0,0,0
1743620211.001590,600855,21068469,0,nscratch,nscratch-ffffa03b0426b000,0,0,10355247390040,905049378378,0,0,98179,0,0,0,0,0,0,0,0,0,0,0,0,0,0,0,0,0,0,0,0,0,0,0,0,60771,0,0,0
1743620211.001695,600855,21068469,0,pscratch,pscratch-ffffa03b0861a000,0,0,219402878101,374678341559,0,0,30987,0,0,0,0,0,0,0,0,0,0,0,0,0,0,0,0,0,0,0,0,0,0,0,0,14968,0,0,0
1743620212.002054,600855,21068469,0,nscratch,nscratch-ffffa03b0426b000,0,0,10355247390040,905049378378,0,0,98179,0,0,0,0,0,0,0,0,0,0,0,0,0,0,0,0,0,0,0,0,0,0,0,0,60771,0,0,0
1743620212.002151,600855,21068469,0,pscratch,pscratch-ffffa03b0861a000,0,0,219402878101,374678341559,0,0,30987,0,0,0,0,0,0,0,0,0,0,0,0,0,0,0,0,0,0,0,0,0,0,0,0,14968,0,0,0
1743620213.001295,600855,21068469,0,nscratch,nscratch-ffffa03b0426b000,0,0,10355247390040,905049378378,0,0,98179,0,0,0,0,0,0,0,0,0,0,0,0,0,0,0,0,0,0,0,0,0,0,0,0,60771,0,0,0
1743620213.001391,600855,21068469,0,pscratch,pscratch-ffffa03b0861a000,0,0,219402878101,374678341559,0,0,30987,0,0,0,0,0,0,0,0,0,0,0,0,0,0,0,0,0,0,0,0,0,0,0,0,14968,0,0,0
1743620214.001903,600855,21068469,0,nscratch,nscratch-ffffa03b0426b000,0,0,10355247390040,905049378378,0,0,98179,0,0,0,0,0,0,0,0,0,0,0,0,0,0,0,0,0,0,0,0,0,0,0,0,60771,0,0,0
1743620214.002001,600855,21068469,0,pscratch,pscratch-ffffa03b0861a000,0,0,219402878101,374678341559,0,0,30987,0,0,0,0,0,0,0,0,0,0,0,0,0,0,0,0,0,0,0,0,0,0,0,0,14968,0,0,0
1743620215.001351,600855,21068469,0,nscratch,nscratch-ffffa03b0426b000,0,0,10355247390040,905049378378,0,0,98179,0,0,0,0,0,0,0,0,0,0,0,0,0,0,0,0,0,0,0,0,0,0,0,0,60771,0,0,0
1743620215.001445,600855,21068469,0,pscratch,pscratch-ffffa03b0861a000,0,0,219402878101,374678341559,0,0,30987,0,0,0,0,0,0,0,0,0,0,0,0,0,0,0,0,0,0,0,0,0,0,0,0,14968,0,0,0
1743620216.001597,600855,21068469,0,nscratch,nscratch-ffffa03b0426b000,0,0,10355247390040,905049378378,0,0,98179,0,0,0,0,0,0,0,0,0,0,0,0,0,0,0,0,0,0,0,0,0,0,0,0,60771,0,0,0
1743620216.001702,600855,21068469,0,pscratch,pscratch-ffffa03b0861a000,0,0,219402878101,374678341559,0,0,30987,0,0,0,0,0,0,0,0,0,0,0,0,0,0,0,0,0,0,0,0,0,0,0,0,14968,0,0,0
1743620217.002207,600855,21068469,0,nscratch,nscratch-ffffa03b0426b000,0,0,10355247390040,905049378378,0,0,98179,0,0,0,0,0,0,0,0,0,0,0,0,0,0,0,0,0,0,0,0,0,0,0,0,60771,0,0,0
1743620217.002301,600855,21068469,0,pscratch,pscratch-ffffa03b0861a000,0,0,219402878101,374678341559,0,0,30987,0,0,0,0,0,0,0,0,0,0,0,0,0,0,0,0,0,0,0,0,0,0,0,0,14968,0,0,0
1743620218.001655,600855,21068469,0,nscratch,nscratch-ffffa03b0426b000,0,0,10355247390040,905049378378,0,0,98179,0,0,0,0,0,0,0,0,0,0,0,0,0,0,0,0,0,0,0,0,0,0,0,0,60771,0,0,0
1743620218.001755,600855,21068469,0,pscratch,pscratch-ffffa03b0861a000,0,0,219402878101,374678341559,0,0,30987,0,0,0,0,0,0,0,0,0,0,0,0,0,0,0,0,0,0,0,0,0,0,0,0,14968,0,0,0
1743620219.001905,600855,21068469,0,nscratch,nscratch-ffffa03b0426b000,0,0,10355247390040,905049378378,0,0,98179,0,0,0,0,0,0,0,0,0,0,0,0,0,0,0,0,0,0,0,0,0,0,0,0,60771,0,0,0
1743620219.002003,600855,21068469,0,pscratch,pscratch-ffffa03b0861a000,0,0,219402878101,374678341559,0,0,30987,0,0,0,0,0,0,0,0,0,0,0,0,0,0,0,0,0,0,0,0,0,0,0,0,14968,0,0,0
1743620220.001523,600855,21068469,0,nscratch,nscratch-ffffa03b0426b000,0,0,10355247390040,905049378378,0,0,98179,0,0,0,0,0,0,0,0,0,0,0,0,0,0,0,0,0,0,0,0,0,0,0,0,60771,0,0,0
1743620220.001643,600855,21068469,0,pscratch,pscratch-ffffa03b0861a000,0,0,219402878101,374678341559,0,0,30987,0,0,0,0,0,0,0,0,0,0,0,0,0,0,0,0,0,0,0,0,0,0,0,0,14968,0,0,0
1743620221.002029,600855,21068469,0,nscratch,nscratch-ffffa03b0426b000,0,0,10355247390040,905049378378,0,0,98179,0,0,0,0,0,0,0,0,0,0,0,0,0,0,0,0,0,0,0,0,0,0,0,0,60771,0,0,0
1743620221.002125,600855,21068469,0,pscratch,pscratch-ffffa03b0861a000,0,0,219402878101,374678341559,0,0,30987,0,0,0,0,0,0,0,0,0,0,0,0,0,0,0,0,0,0,0,0,0,0,0,0,14968,0,0,0
1743620222.001271,600855,21068469,0,nscratch,nscratch-ffffa03b0426b000,0,0,10355247390040,905049378378,0,0,98179,0,0,0,0,0,0,0,0,0,0,0,0,0,0,0,0,0,0,0,0,0,0,0,0,60771,0,0,0
1743620222.001365,600855,21068469,0,pscratch,pscratch-ffffa03b0861a000,0,0,219402878101,374678341559,0,0,30987,0,0,0,0,0,0,0,0,0,0,0,0,0,0,0,0,0,0,0,0,0,0,0,0,14968,0,0,0
1743620223.001872,600855,21068469,0,nscratch,nscratch-ffffa03b0426b000,0,0,10355247390040,905049378378,0,0,98179,0,0,0,0,0,0,0,0,0,0,0,0,0,0,0,0,0,0,0,0,0,0,0,0,60771,0,0,0
1743620223.001968,600855,21068469,0,pscratch,pscratch-ffffa03b0861a000,0,0,219402878101,374678341559,0,0,30987,0,0,0,0,0,0,0,0,0,0,0,0,0,0,0,0,0,0,0,0,0,0,0,0,14968,0,0,0
1743620224.002326,600855,21068469,0,nscratch,nscratch-ffffa03b0426b000,0,0,10355247390040,905049378378,0,0,98179,0,0,0,0,0,0,0,0,0,0,0,0,0,0,0,0,0,0,0,0,0,0,0,0,60771,0,0,0
1743620224.002421,600855,21068469,0,pscratch,pscratch-ffffa03b0861a000,0,0,219402878101,374678341559,0,0,30987,0,0,0,0,0,0,0,0,0,0,0,0,0,0,0,0,0,0,0,0,0,0,0,0,14968,0,0,0
1743620225.001570,600855,21068469,0,nscratch,nscratch-ffffa03b0426b000,0,0,10355247390040,905049378378,0,0,98179,0,0,0,0,0,0,0,0,0,0,0,0,0,0,0,0,0,0,0,0,0,0,0,0,60771,0,0,0
1743620225.001669,600855,21068469,0,pscratch,pscratch-ffffa03b0861a000,0,0,219402878101,374678341559,0,0,30987,0,0,0,0,0,0,0,0,0,0,0,0,0,0,0,0,0,0,0,0,0,0,0,0,14968,0,0,0
1743620226.002168,600855,21068469,0,nscratch,nscratch-ffffa03b0426b000,0,0,10355247390040,905049378378,0,0,98179,0,0,0,0,0,0,0,0,0,0,0,0,0,0,0,0,0,0,0,0,0,0,0,0,60771,0,0,0
1743620226.002267,600855,21068469,0,pscratch,pscratch-ffffa03b0861a000,0,0,219402878101,374678341559,0,0,30987,0,0,0,0,0,0,0,0,0,0,0,0,0,0,0,0,0,0,0,0,0,0,0,0,14968,0,0,0
1743620227.001614,600855,21068469,0,nscratch,nscratch-ffffa03b0426b000,0,0,10355247390040,905049378378,0,0,98179,0,0,0,0,0,0,0,0,0,0,0,0,0,0,0,0,0,0,0,0,0,0,0,0,60771,0,0,0
1743620227.001714,600855,21068469,0,pscratch,pscratch-ffffa03b0861a000,0,0,219402878101,374678341559,0,0,30987,0,0,0,0,0,0,0,0,0,0,0,0,0,0,0,0,0,0,0,0,0,0,0,0,14968,0,0,0
1743620228.001865,600855,21068469,0,nscratch,nscratch-ffffa03b0426b000,0,0,10355247390040,905049378378,0,0,98179,0,0,0,0,0,0,0,0,0,0,0,0,0,0,0,0,0,0,0,0,0,0,0,0,60771,0,0,0
1743620228.001977,600855,21068469,0,pscratch,pscratch-ffffa03b0861a000,0,0,219402878101,374678341559,0,0,30987,0,0,0,0,0,0,0,0,0,0,0,0,0,0,0,0,0,0,0,0,0,0,0,0,14968,0,0,0
1743620229.001467,600855,21068469,0,nscratch,nscratch-ffffa03b0426b000,0,0,10355247390040,905049378378,0,0,98179,0,0,0,0,0,0,0,0,0,0,0,0,0,0,0,0,0,0,0,0,0,0,0,0,60771,0,0,0
1743620229.001562,600855,21068469,0,pscratch,pscratch-ffffa03b0861a000,0,0,219402878101,374678341559,0,0,30987,0,0,0,0,0,0,0,0,0,0,0,0,0,0,0,0,0,0,0,0,0,0,0,0,14968,0,0,0
1743620230.001954,600855,21068469,0,nscratch,nscratch-ffffa03b0426b000,0,0,10355247390040,905049378378,0,0,98179,0,0,0,0,0,0,0,0,0,0,0,0,0,0,0,0,0,0,0,0,0,0,0,0,60771,0,0,0
1743620230.002050,600855,21068469,0,pscratch,pscratch-ffffa03b0861a000,0,0,219402878101,374678341559,0,0,30987,0,0,0,0,0,0,0,0,0,0,0,0,0,0,0,0,0,0,0,0,0,0,0,0,14968,0,0,0
1743620231.001468,600855,21068469,0,nscratch,nscratch-ffffa03b0426b000,0,0,10355247390040,905049378378,0,0,98179,0,0,0,0,0,0,0,0,0,0,0,0,0,0,0,0,0,0,0,0,0,0,0,0,60771,0,0,0
1743620231.001563,600855,21068469,0,pscratch,pscratch-ffffa03b0861a000,0,0,219402878101,374678341559,0,0,30987,0,0,0,0,0,0,0,0,0,0,0,0,0,0,0,0,0,0,0,0,0,0,0,0,14968,0,0,0
1743620232.002074,600855,21068469,0,nscratch,nscratch-ffffa03b0426b000,0,0,10355247390040,905049378378,0,0,98179,0,0,0,0,0,0,0,0,0,0,0,0,0,0,0,0,0,0,0,0,0,0,0,0,60771,0,0,0
1743620232.002169,600855,21068469,0,pscratch,pscratch-ffffa03b0861a000,0,0,219402878101,374678341559,0,0,30987,0,0,0,0,0,0,0,0,0,0,0,0,0,0,0,0,0,0,0,0,0,0,0,0,14968,0,0,0
1743620233.001516,600855,21068469,0,nscratch,nscratch-ffffa03b0426b000,0,0,10355247390040,905049378378,0,0,98179,0,0,0,0,0,0,0,0,0,0,0,0,0,0,0,0,0,0,0,0,0,0,0,0,60771,0,0,0
1743620233.001610,600855,21068469,0,pscratch,pscratch-ffffa03b0861a000,0,0,219402878101,374678341559,0,0,30987,0,0,0,0,0,0,0,0,0,0,0,0,0,0,0,0,0,0,0,0,0,0,0,0,14968,0,0,0
1743620234.001764,600855,21068469,0,nscratch,nscratch-ffffa03b0426b000,0,0,10355247390040,905049378378,0,0,98179,0,0,0,0,0,0,0,0,0,0,0,0,0,0,0,0,0,0,0,0,0,0,0,0,60771,0,0,0
1743620234.001858,600855,21068469,0,pscratch,pscratch-ffffa03b0861a000,0,0,219402878101,374678341559,0,0,30987,0,0,0,0,0,0,0,0,0,0,0,0,0,0,0,0,0,0,0,0,0,0,0,0,14968,0,0,0
1743620235.001362,600855,21068469,0,nscratch,nscratch-ffffa03b0426b000,0,0,10355247390040,905049378378,0,0,98179,0,0,0,0,0,0,0,0,0,0,0,0,0,0,0,0,0,0,0,0,0,0,0,0,60771,0,0,0
1743620235.001458,600855,21068469,0,pscratch,pscratch-ffffa03b0861a000,0,0,219402878101,374678341559,0,0,30987,0,0,0,0,0,0,0,0,0,0,0,0,0,0,0,0,0,0,0,0,0,0,0,0,14968,0,0,0
1743620236.001824,600855,21068469,0,nscratch,nscratch-ffffa03b0426b000,0,0,10355247390040,905049378378,0,0,98179,0,0,0,0,0,0,0,0,0,0,0,0,0,0,0,0,0,0,0,0,0,0,0,0,60771,0,0,0
1743620236.001921,600855,21068469,0,pscratch,pscratch-ffffa03b0861a000,0,0,219402878101,374678341559,0,0,30987,0,0,0,0,0,0,0,0,0,0,0,0,0,0,0,0,0,0,0,0,0,0,0,0,14968,0,0,0
1743620237.002073,600855,21068469,0,nscratch,nscratch-ffffa03b0426b000,0,0,10355247390040,905049378378,0,0,98179,0,0,0,0,0,0,0,0,0,0,0,0,0,0,0,0,0,0,0,0,0,0,0,0,60771,0,0,0
1743620237.002171,600855,21068469,0,pscratch,pscratch-ffffa03b0861a000,0,0,219402878101,374678341559,0,0,30987,0,0,0,0,0,0,0,0,0,0,0,0,0,0,0,0,0,0,0,0,0,0,0,0,14968,0,0,0
1743620238.001677,600855,21068469,0,nscratch,nscratch-ffffa03b0426b000,0,0,10355247390040,905049378378,0,0,98179,0,0,0,0,0,0,0,0,0,0,0,0,0,0,0,0,0,0,0,0,0,0,0,0,60771,0,0,0
1743620238.001773,600855,21068469,0,pscratch,pscratch-ffffa03b0861a000,0,0,219402878101,374678341559,0,0,30987,0,0,0,0,0,0,0,0,0,0,0,0,0,0,0,0,0,0,0,0,0,0,0,0,14968,0,0,0
1743620239.002116,600855,21068469,0,nscratch,nscratch-ffffa03b0426b000,0,0,10355247390040,905049378378,0,0,98179,0,0,0,0,0,0,0,0,0,0,0,0,0,0,0,0,0,0,0,0,0,0,0,0,60771,0,0,0
1743620239.002215,600855,21068469,0,pscratch,pscratch-ffffa03b0861a000,0,0,219402878101,374678341559,0,0,30987,0,0,0,0,0,0,0,0,0,0,0,0,0,0,0,0,0,0,0,0,0,0,0,0,14968,0,0,0
1743620240.001363,600855,21068469,0,nscratch,nscratch-ffffa03b0426b000,0,0,10355247390040,905049378378,0,0,98179,0,0,0,0,0,0,0,0,0,0,0,0,0,0,0,0,0,0,0,0,0,0,0,0,60771,0,0,0
1743620240.001457,600855,21068469,0,pscratch,pscratch-ffffa03b0861a000,0,0,219402878101,374678341559,0,0,30987,0,0,0,0,0,0,0,0,0,0,0,0,0,0,0,0,0,0,0,0,0,0,0,0,14968,0,0,0
1743620241.001983,600855,21068469,0,nscratch,nscratch-ffffa03b0426b000,0,0,10355247390040,905049378378,0,0,98179,0,0,0,0,0,0,0,0,0,0,0,0,0,0,0,0,0,0,0,0,0,0,0,0,60771,0,0,0
1743620241.002083,600855,21068469,0,pscratch,pscratch-ffffa03b0861a000,0,0,219402878101,374678341559,0,0,30987,0,0,0,0,0,0,0,0,0,0,0,0,0,0,0,0,0,0,0,0,0,0,0,0,14968,0,0,0
1743620242.001442,600855,21068469,0,nscratch,nscratch-ffffa03b0426b000,0,0,10355247390040,905049378378,0,0,98179,0,0,0,0,0,0,0,0,0,0,0,0,0,0,0,0,0,0,0,0,0,0,0,0,60771,0,0,0
1743620242.001536,600855,21068469,0,pscratch,pscratch-ffffa03b0861a000,0,0,219402878101,374678341559,0,0,30987,0,0,0,0,0,0,0,0,0,0,0,0,0,0,0,0,0,0,0,0,0,0,0,0,14968,0,0,0
1743620243.001692,600855,21068469,0,nscratch,nscratch-ffffa03b0426b000,0,0,10355247390040,905049378378,0,0,98179,0,0,0,0,0,0,0,0,0,0,0,0,0,0,0,0,0,0,0,0,0,0,0,0,60771,0,0,0
1743620243.001788,600855,21068469,0,pscratch,pscratch-ffffa03b0861a000,0,0,219402878101,374678341559,0,0,30987,0,0,0,0,0,0,0,0,0,0,0,0,0,0,0,0,0,0,0,0,0,0,0,0,14968,0,0,0
1743620244.002290,600855,21068469,0,nscratch,nscratch-ffffa03b0426b000,0,0,10355247390040,905049378378,0,0,98179,0,0,0,0,0,0,0,0,0,0,0,0,0,0,0,0,0,0,0,0,0,0,0,0,60771,0,0,0
1743620244.002387,600855,21068469,0,pscratch,pscratch-ffffa03b0861a000,0,0,219402878101,374678341559,0,0,30987,0,0,0,0,0,0,0,0,0,0,0,0,0,0,0,0,0,0,0,0,0,0,0,0,14968,0,0,0
1743620245.001751,600855,21068469,0,nscratch,nscratch-ffffa03b0426b000,0,0,10355247390040,905049378378,0,0,98179,0,0,0,0,0,0,0,0,0,0,0,0,0,0,0,0,0,0,0,0,0,0,0,0,60771,0,0,0
1743620245.001849,600855,21068469,0,pscratch,pscratch-ffffa03b0861a000,0,0,219402878101,374678341559,0,0,30987,0,0,0,0,0,0,0,0,0,0,0,0,0,0,0,0,0,0,0,0,0,0,0,0,14968,0,0,0
1743620246.002002,600855,21068469,0,nscratch,nscratch-ffffa03b0426b000,0,0,10355247390040,905049378378,0,0,98179,0,0,0,0,0,0,0,0,0,0,0,0,0,0,0,0,0,0,0,0,0,0,0,0,60771,0,0,0
1743620246.002099,600855,21068469,0,pscratch,pscratch-ffffa03b0861a000,0,0,219402878101,374678341559,0,0,30987,0,0,0,0,0,0,0,0,0,0,0,0,0,0,0,0,0,0,0,0,0,0,0,0,14968,0,0,0
1743620247.001600,600855,21068469,0,nscratch,nscratch-ffffa03b0426b000,0,0,10355247390040,905049378378,0,0,98179,0,0,0,0,0,0,0,0,0,0,0,0,0,0,0,0,0,0,0,0,0,0,0,0,60771,0,0,0
1743620247.001705,600855,21068469,0,pscratch,pscratch-ffffa03b0861a000,0,0,219402878101,374678341559,0,0,30987,0,0,0,0,0,0,0,0,0,0,0,0,0,0,0,0,0,0,0,0,0,0,0,0,14968,0,0,0
1743620248.002069,600855,21068469,0,nscratch,nscratch-ffffa03b0426b000,0,0,10355247390040,905049378378,0,0,98179,0,0,0,0,0,0,0,0,0,0,0,0,0,0,0,0,0,0,0,0,0,0,0,0,60771,0,0,0
1743620248.002165,600855,21068469,0,pscratch,pscratch-ffffa03b0861a000,0,0,219402878101,374678341559,0,0,30987,0,0,0,0,0,0,0,0,0,0,0,0,0,0,0,0,0,0,0,0,0,0,0,0,14968,0,0,0
1743620249.001312,600855,21068469,0,nscratch,nscratch-ffffa03b0426b000,0,0,10355247390040,905049378378,0,0,98179,0,0,0,0,0,0,0,0,0,0,0,0,0,0,0,0,0,0,0,0,0,0,0,0,60771,0,0,0
1743620249.001406,600855,21068469,0,pscratch,pscratch-ffffa03b0861a000,0,0,219402878101,374678341559,0,0,30987,0,0,0,0,0,0,0,0,0,0,0,0,0,0,0,0,0,0,0,0,0,0,0,0,14968,0,0,0
1743620250.001926,600855,21068469,0,nscratch,nscratch-ffffa03b0426b000,0,0,10355247390040,905049378378,0,0,98179,0,0,0,0,0,0,0,0,0,0,0,0,0,0,0,0,0,0,0,0,0,0,0,0,60771,0,0,0
1743620250.002023,600855,21068469,0,pscratch,pscratch-ffffa03b0861a000,0,0,219402878101,374678341559,0,0,30987,0,0,0,0,0,0,0,0,0,0,0,0,0,0,0,0,0,0,0,0,0,0,0,0,14968,0,0,0
1743620251.001385,600855,21068469,0,nscratch,nscratch-ffffa03b0426b000,0,0,10355247390040,905049378378,0,0,98179,0,0,0,0,0,0,0,0,0,0,0,0,0,0,0,0,0,0,0,0,0,0,0,0,60771,0,0,0
1743620251.001481,600855,21068469,0,pscratch,pscratch-ffffa03b0861a000,0,0,219402878101,374678341559,0,0,30987,0,0,0,0,0,0,0,0,0,0,0,0,0,0,0,0,0,0,0,0,0,0,0,0,14968,0,0,0
1743620252.001648,600855,21068469,0,nscratch,nscratch-ffffa03b0426b000,0,0,10355247390040,905049378378,0,0,98179,0,0,0,0,0,0,0,0,0,0,0,0,0,0,0,0,0,0,0,0,0,0,0,0,60771,0,0,0
1743620252.001748,600855,21068469,0,pscratch,pscratch-ffffa03b0861a000,0,0,219402878101,374678341559,0,0,30987,0,0,0,0,0,0,0,0,0,0,0,0,0,0,0,0,0,0,0,0,0,0,0,0,14968,0,0,0
1743620253.002272,600855,21068469,0,nscratch,nscratch-ffffa03b0426b000,0,0,10355247390040,905049378378,0,0,98179,0,0,0,0,0,0,0,0,0,0,0,0,0,0,0,0,0,0,0,0,0,0,0,0,60771,0,0,0
1743620253.002368,600855,21068469,0,pscratch,pscratch-ffffa03b0861a000,0,0,219402878101,374678341559,0,0,30987,0,0,0,0,0,0,0,0,0,0,0,0,0,0,0,0,0,0,0,0,0,0,0,0,14968,0,0,0
1743620254.001725,600855,21068469,0,nscratch,nscratch-ffffa03b0426b000,0,0,10355247390040,905049378378,0,0,98179,0,0,0,0,0,0,0,0,0,0,0,0,0,0,0,0,0,0,0,0,0,0,0,0,60771,0,0,0
1743620254.001824,600855,21068469,0,pscratch,pscratch-ffffa03b0861a000,0,0,219402878101,374678341559,0,0,30987,0,0,0,0,0,0,0,0,0,0,0,0,0,0,0,0,0,0,0,0,0,0,0,0,14968,0,0,0
1743620255.001976,600855,21068469,0,nscratch,nscratch-ffffa03b0426b000,0,0,10355247390040,905049378378,0,0,98179,0,0,0,0,0,0,0,0,0,0,0,0,0,0,0,0,0,0,0,0,0,0,0,0,60771,0,0,0
1743620255.002073,600855,21068469,0,pscratch,pscratch-ffffa03b0861a000,0,0,219402878101,374678341559,0,0,30987,0,0,0,0,0,0,0,0,0,0,0,0,0,0,0,0,0,0,0,0,0,0,0,0,14968,0,0,0
1743620256.001584,600855,21068469,0,nscratch,nscratch-ffffa03b0426b000,0,0,10355247390040,905049378378,0,0,98179,0,0,0,0,0,0,0,0,0,0,0,0,0,0,0,0,0,0,0,0,0,0,0,0,60771,0,0,0
1743620256.001689,600855,21068469,0,pscratch,pscratch-ffffa03b0861a000,0,0,219402878101,374678341559,0,0,30987,0,0,0,0,0,0,0,0,0,0,0,0,0,0,0,0,0,0,0,0,0,0,0,0,14968,0,0,0
1743620257.002044,600855,21068469,0,nscratch,nscratch-ffffa03b0426b000,0,0,10355247390040,905049378378,0,0,98179,0,0,0,0,0,0,0,0,0,0,0,0,0,0,0,0,0,0,0,0,0,0,0,0,60771,0,0,0
1743620257.002141,600855,21068469,0,pscratch,pscratch-ffffa03b0861a000,0,0,219402878101,374678341559,0,0,30987,0,0,0,0,0,0,0,0,0,0,0,0,0,0,0,0,0,0,0,0,0,0,0,0,14968,0,0,0
1743620258.001288,600855,21068469,0,nscratch,nscratch-ffffa03b0426b000,0,0,10355247390040,905049378378,0,0,98179,0,0,0,0,0,0,0,0,0,0,0,0,0,0,0,0,0,0,0,0,0,0,0,0,60771,0,0,0
1743620258.001385,600855,21068469,0,pscratch,pscratch-ffffa03b0861a000,0,0,219402878101,374678341559,0,0,30987,0,0,0,0,0,0,0,0,0,0,0,0,0,0,0,0,0,0,0,0,0,0,0,0,14968,0,0,0
1743620259.001904,600855,21068469,0,nscratch,nscratch-ffffa03b0426b000,0,0,10355247390040,905049378378,0,0,98179,0,0,0,0,0,0,0,0,0,0,0,0,0,0,0,0,0,0,0,0,0,0,0,0,60771,0,0,0
1743620259.002004,600855,21068469,0,pscratch,pscratch-ffffa03b0861a000,0,0,219402878101,374678341559,0,0,30987,0,0,0,0,0,0,0,0,0,0,0,0,0,0,0,0,0,0,0,0,0,0,0,0,14968,0,0,0
1743620260.001353,600855,21068469,0,nscratch,nscratch-ffffa03b0426b000,0,0,10355247390040,905049378378,0,0,98179,0,0,0,0,0,0,0,0,0,0,0,0,0,0,0,0,0,0,0,0,0,0,0,0,60771,0,0,0
1743620260.001448,600855,21068469,0,pscratch,pscratch-ffffa03b0861a000,0,0,219402878101,374678341559,0,0,30987,0,0,0,0,0,0,0,0,0,0,0,0,0,0,0,0,0,0,0,0,0,0,0,0,14968,0,0,0
1743620261.001605,600855,21068469,0,nscratch,nscratch-ffffa03b0426b000,0,0,10355247390040,905049378378,0,0,98179,0,0,0,0,0,0,0,0,0,0,0,0,0,0,0,0,0,0,0,0,0,0,0,0,60771,0,0,0
1743620261.001710,600855,21068469,0,pscratch,pscratch-ffffa03b0861a000,0,0,219402878101,374678341559,0,0,30987,0,0,0,0,0,0,0,0,0,0,0,0,0,0,0,0,0,0,0,0,0,0,0,0,14968,0,0,0
1743620262.002215,600855,21068469,0,nscratch,nscratch-ffffa03b0426b000,0,0,10355247390040,905049378378,0,0,98179,0,0,0,0,0,0,0,0,0,0,0,0,0,0,0,0,0,0,0,0,0,0,0,0,60771,0,0,0
1743620262.002310,600855,21068469,0,pscratch,pscratch-ffffa03b0861a000,0,0,219402878101,374678341559,0,0,30987,0,0,0,0,0,0,0,0,0,0,0,0,0,0,0,0,0,0,0,0,0,0,0,0,14968,0,0,0
1743620263.001679,600855,21068469,0,nscratch,nscratch-ffffa03b0426b000,0,0,10355247390040,905049378378,0,0,98179,0,0,0,0,0,0,0,0,0,0,0,0,0,0,0,0,0,0,0,0,0,0,0,0,60771,0,0,0
1743620263.001779,600855,21068469,0,pscratch,pscratch-ffffa03b0861a000,0,0,219402878101,374678341559,0,0,30987,0,0,0,0,0,0,0,0,0,0,0,0,0,0,0,0,0,0,0,0,0,0,0,0,14968,0,0,0
1743620264.001926,600855,21068469,0,nscratch,nscratch-ffffa03b0426b000,0,0,10355247390040,905049378378,0,0,98179,0,0,0,0,0,0,0,0,0,0,0,0,0,0,0,0,0,0,0,0,0,0,0,0,60771,0,0,0
1743620264.002020,600855,21068469,0,pscratch,pscratch-ffffa03b0861a000,0,0,219402878101,374678341559,0,0,30987,0,0,0,0,0,0,0,0,0,0,0,0,0,0,0,0,0,0,0,0,0,0,0,0,14968,0,0,0
1743620265.001530,600855,21068469,0,nscratch,nscratch-ffffa03b0426b000,0,0,10355247390040,905049378378,0,0,98179,0,0,0,0,0,0,0,0,0,0,0,0,0,0,0,0,0,0,0,0,0,0,0,0,60771,0,0,0
1743620265.001634,600855,21068469,0,pscratch,pscratch-ffffa03b0861a000,0,0,219402878101,374678341559,0,0,30987,0,0,0,0,0,0,0,0,0,0,0,0,0,0,0,0,0,0,0,0,0,0,0,0,14968,0,0,0
1743620266.001996,600855,21068469,0,nscratch,nscratch-ffffa03b0426b000,0,0,10355247390040,905049378378,0,0,98179,0,0,0,0,0,0,0,0,0,0,0,0,0,0,0,0,0,0,0,0,0,0,0,0,60771,0,0,0
1743620266.002094,600855,21068469,0,pscratch,pscratch-ffffa03b0861a000,0,0,219402878101,374678341559,0,0,30987,0,0,0,0,0,0,0,0,0,0,0,0,0,0,0,0,0,0,0,0,0,0,0,0,14968,0,0,0
1743620267.001242,600855,21068469,0,nscratch,nscratch-ffffa03b0426b000,0,0,10355247390040,905049378378,0,0,98179,0,0,0,0,0,0,0,0,0,0,0,0,0,0,0,0,0,0,0,0,0,0,0,0,60771,0,0,0
1743620267.001336,600855,21068469,0,pscratch,pscratch-ffffa03b0861a000,0,0,219402878101,374678341559,0,0,30987,0,0,0,0,0,0,0,0,0,0,0,0,0,0,0,0,0,0,0,0,0,0,0,0,14968,0,0,0
1743620268.001851,600855,21068469,0,nscratch,nscratch-ffffa03b0426b000,0,0,10355247390040,905049378378,0,0,98179,0,0,0,0,0,0,0,0,0,0,0,0,0,0,0,0,0,0,0,0,0,0,0,0,60771,0,0,0
1743620268.001958,600855,21068469,0,pscratch,pscratch-ffffa03b0861a000,0,0,219402878101,374678341559,0,0,30987,0,0,0,0,0,0,0,0,0,0,0,0,0,0,0,0,0,0,0,0,0,0,0,0,14968,0,0,0
1743620269.002319,600855,21068469,0,nscratch,nscratch-ffffa03b0426b000,0,0,10355247390040,905049378378,0,0,98179,0,0,0,0,0,0,0,0,0,0,0,0,0,0,0,0,0,0,0,0,0,0,0,0,60771,0,0,0
1743620269.002413,600855,21068469,0,pscratch,pscratch-ffffa03b0861a000,0,0,219402878101,374678341559,0,0,30987,0,0,0,0,0,0,0,0,0,0,0,0,0,0,0,0,0,0,0,0,0,0,0,0,14968,0,0,0
1743620270.001551,600855,21068469,0,nscratch,nscratch-ffffa03b0426b000,0,0,10355247390040,905049378378,0,0,98179,0,0,0,0,0,0,0,0,0,0,0,0,0,0,0,0,0,0,0,0,0,0,0,0,60771,0,0,0
1743620270.001653,600855,21068469,0,pscratch,pscratch-ffffa03b0861a000,0,0,219402878101,374678341559,0,0,30987,0,0,0,0,0,0,0,0,0,0,0,0,0,0,0,0,0,0,0,0,0,0,0,0,14968,0,0,0
1743620271.002160,600855,21068469,0,nscratch,nscratch-ffffa03b0426b000,0,0,10355247390040,905049378378,0,0,98179,0,0,0,0,0,0,0,0,0,0,0,0,0,0,0,0,0,0,0,0,0,0,0,0,60771,0,0,0
1743620271.002256,600855,21068469,0,pscratch,pscratch-ffffa03b0861a000,0,0,219402878101,374678341559,0,0,30987,0,0,0,0,0,0,0,0,0,0,0,0,0,0,0,0,0,0,0,0,0,0,0,0,14968,0,0,0
1743620272.001600,600855,21068469,0,nscratch,nscratch-ffffa03b0426b000,0,0,10355247390040,905049378378,0,0,98179,0,0,0,0,0,0,0,0,0,0,0,0,0,0,0,0,0,0,0,0,0,0,0,0,60771,0,0,0
1743620272.001702,600855,21068469,0,pscratch,pscratch-ffffa03b0861a000,0,0,219402878101,374678341559,0,0,30987,0,0,0,0,0,0,0,0,0,0,0,0,0,0,0,0,0,0,0,0,0,0,0,0,14968,0,0,0
1743620273.001852,600855,21068469,0,nscratch,nscratch-ffffa03b0426b000,0,0,10355247390040,905049378378,0,0,98179,0,0,0,0,0,0,0,0,0,0,0,0,0,0,0,0,0,0,0,0,0,0,0,0,60771,0,0,0
1743620273.001949,600855,21068469,0,pscratch,pscratch-ffffa03b0861a000,0,0,219402878101,374678341559,0,0,30987,0,0,0,0,0,0,0,0,0,0,0,0,0,0,0,0,0,0,0,0,0,0,0,0,14968,0,0,0
1743620274.001448,600855,21068469,0,nscratch,nscratch-ffffa03b0426b000,0,0,10355247390040,905049378378,0,0,98179,0,0,0,0,0,0,0,0,0,0,0,0,0,0,0,0,0,0,0,0,0,0,0,0,60771,0,0,0
1743620274.001543,600855,21068469,0,pscratch,pscratch-ffffa03b0861a000,0,0,219402878101,374678341559,0,0,30987,0,0,0,0,0,0,0,0,0,0,0,0,0,0,0,0,0,0,0,0,0,0,0,0,14968,0,0,0
1743620275.001904,600855,21068469,0,nscratch,nscratch-ffffa03b0426b000,0,0,10355247390040,905049378378,0,0,98179,0,0,0,0,0,0,0,0,0,0,0,0,0,0,0,0,0,0,0,0,0,0,0,0,60771,0,0,0
1743620275.002003,600855,21068469,0,pscratch,pscratch-ffffa03b0861a000,0,0,219402878101,374678341559,0,0,30987,0,0,0,0,0,0,0,0,0,0,0,0,0,0,0,0,0,0,0,0,0,0,0,0,14968,0,0,0
1743620276.001151,600855,21068469,0,nscratch,nscratch-ffffa03b0426b000,0,0,10355247390040,905049378378,0,0,98179,0,0,0,0,0,0,0,0,0,0,0,0,0,0,0,0,0,0,0,0,0,0,0,0,60771,0,0,0
1743620276.001245,600855,21068469,0,pscratch,pscratch-ffffa03b0861a000,0,0,219402878101,374678341559,0,0,30987,0,0,0,0,0,0,0,0,0,0,0,0,0,0,0,0,0,0,0,0,0,0,0,0,14968,0,0,0
1743620277.001756,600855,21068469,0,nscratch,nscratch-ffffa03b0426b000,0,0,10355247390040,905049378378,0,0,98179,0,0,0,0,0,0,0,0,0,0,0,0,0,0,0,0,0,0,0,0,0,0,0,0,60771,0,0,0
1743620277.001855,600855,21068469,0,pscratch,pscratch-ffffa03b0861a000,0,0,219402878101,374678341559,0,0,30987,0,0,0,0,0,0,0,0,0,0,0,0,0,0,0,0,0,0,0,0,0,0,0,0,14968,0,0,0
1743620278.002204,600855,21068469,0,nscratch,nscratch-ffffa03b0426b000,0,0,10355247390040,905049378378,0,0,98179,0,0,0,0,0,0,0,0,0,0,0,0,0,0,0,0,0,0,0,0,0,0,0,0,60771,0,0,0
1743620278.002303,600855,21068469,0,pscratch,pscratch-ffffa03b0861a000,0,0,219402878101,374678341559,0,0,30987,0,0,0,0,0,0,0,0,0,0,0,0,0,0,0,0,0,0,0,0,0,0,0,0,14968,0,0,0
1743620279.001463,600855,21068469,0,nscratch,nscratch-ffffa03b0426b000,0,0,10355247390040,905049378378,0,0,98179,0,0,0,0,0,0,0,0,0,0,0,0,0,0,0,0,0,0,0,0,0,0,0,0,60771,0,0,0
1743620279.001561,600855,21068469,0,pscratch,pscratch-ffffa03b0861a000,0,0,219402878101,374678341559,0,0,30987,0,0,0,0,0,0,0,0,0,0,0,0,0,0,0,0,0,0,0,0,0,0,0,0,14968,0,0,0
1743620280.002070,600855,21068469,0,nscratch,nscratch-ffffa03b0426b000,0,0,10355247390040,905049378378,0,0,98179,0,0,0,0,0,0,0,0,0,0,0,0,0,0,0,0,0,0,0,0,0,0,0,0,60771,0,0,0
1743620280.002174,600855,21068469,0,pscratch,pscratch-ffffa03b0861a000,0,0,219402878101,374678341559,0,0,30987,0,0,0,0,0,0,0,0,0,0,0,0,0,0,0,0,0,0,0,0,0,0,0,0,14968,0,0,0
1743620281.001549,600855,21068469,0,nscratch,nscratch-ffffa03b0426b000,0,0,10355247390040,905049378378,0,0,98179,0,0,0,0,0,0,0,0,0,0,0,0,0,0,0,0,0,0,0,0,0,0,0,0,60771,0,0,0
1743620281.001652,600855,21068469,0,pscratch,pscratch-ffffa03b0861a000,0,0,219402878101,374678341559,0,0,30987,0,0,0,0,0,0,0,0,0,0,0,0,0,0,0,0,0,0,0,0,0,0,0,0,14968,0,0,0
1743620282.001800,600855,21068469,0,nscratch,nscratch-ffffa03b0426b000,0,0,10355247390040,905049378378,0,0,98179,0,0,0,0,0,0,0,0,0,0,0,0,0,0,0,0,0,0,0,0,0,0,0,0,60771,0,0,0
1743620282.001896,600855,21068469,0,pscratch,pscratch-ffffa03b0861a000,0,0,219402878101,374678341559,0,0,30987,0,0,0,0,0,0,0,0,0,0,0,0,0,0,0,0,0,0,0,0,0,0,0,0,14968,0,0,0
1743620283.001399,600855,21068469,0,nscratch,nscratch-ffffa03b0426b000,0,0,10355247390040,905049378378,0,0,98179,0,0,0,0,0,0,0,0,0,0,0,0,0,0,0,0,0,0,0,0,0,0,0,0,60771,0,0,0
1743620283.001493,600855,21068469,0,pscratch,pscratch-ffffa03b0861a000,0,0,219402878101,374678341559,0,0,30987,0,0,0,0,0,0,0,0,0,0,0,0,0,0,0,0,0,0,0,0,0,0,0,0,14968,0,0,0
1743620284.001857,600855,21068469,0,nscratch,nscratch-ffffa03b0426b000,0,0,10355247390040,905049378378,0,0,98179,0,0,0,0,0,0,0,0,0,0,0,0,0,0,0,0,0,0,0,0,0,0,0,0,60771,0,0,0
1743620284.001955,600855,21068469,0,pscratch,pscratch-ffffa03b0861a000,0,0,219402878101,374678341559,0,0,30987,0,0,0,0,0,0,0,0,0,0,0,0,0,0,0,0,0,0,0,0,0,0,0,0,14968,0,0,0
1743620285.002101,600855,21068469,0,nscratch,nscratch-ffffa03b0426b000,0,0,10355247390040,905049378378,0,0,98179,0,0,0,0,0,0,0,0,0,0,0,0,0,0,0,0,0,0,0,0,0,0,0,0,60771,0,0,0
1743620285.002199,600855,21068469,0,pscratch,pscratch-ffffa03b0861a000,0,0,219402878101,374678341559,0,0,30987,0,0,0,0,0,0,0,0,0,0,0,0,0,0,0,0,0,0,0,0,0,0,0,0,14968,0,0,0
1743620286.001714,600855,21068469,0,nscratch,nscratch-ffffa03b0426b000,0,0,10355247390040,905049378378,0,0,98179,0,0,0,0,0,0,0,0,0,0,0,0,0,0,0,0,0,0,0,0,0,0,0,0,60771,0,0,0
1743620286.001813,600855,21068469,0,pscratch,pscratch-ffffa03b0861a000,0,0,219402878101,374678341559,0,0,30987,0,0,0,0,0,0,0,0,0,0,0,0,0,0,0,0,0,0,0,0,0,0,0,0,14968,0,0,0
1743620287.002186,600855,21068469,0,nscratch,nscratch-ffffa03b0426b000,0,0,10355247390040,905049378378,0,0,98179,0,0,0,0,0,0,0,0,0,0,0,0,0,0,0,0,0,0,0,0,0,0,0,0,60771,0,0,0
1743620287.002283,600855,21068469,0,pscratch,pscratch-ffffa03b0861a000,0,0,219402878101,374678341559,0,0,30987,0,0,0,0,0,0,0,0,0,0,0,0,0,0,0,0,0,0,0,0,0,0,0,0,14968,0,0,0
1743620288.001430,600855,21068469,0,nscratch,nscratch-ffffa03b0426b000,0,0,10355247390040,905049378378,0,0,98179,0,0,0,0,0,0,0,0,0,0,0,0,0,0,0,0,0,0,0,0,0,0,0,0,60771,0,0,0
1743620288.001526,600855,21068469,0,pscratch,pscratch-ffffa03b0861a000,0,0,219402878101,374678341559,0,0,30987,0,0,0,0,0,0,0,0,0,0,0,0,0,0,0,0,0,0,0,0,0,0,0,0,14968,0,0,0
1743620289.002055,600855,21068469,0,nscratch,nscratch-ffffa03b0426b000,0,0,10355247390040,905049378378,0,0,98179,0,0,0,0,0,0,0,0,0,0,0,0,0,0,0,0,0,0,0,0,0,0,0,0,60771,0,0,0
1743620289.002153,600855,21068469,0,pscratch,pscratch-ffffa03b0861a000,0,0,219402878101,374678341559,0,0,30987,0,0,0,0,0,0,0,0,0,0,0,0,0,0,0,0,0,0,0,0,0,0,0,0,14968,0,0,0
1743620290.001501,600855,21068469,0,nscratch,nscratch-ffffa03b0426b000,0,0,10355247390040,905049378378,0,0,98179,0,0,0,0,0,0,0,0,0,0,0,0,0,0,0,0,0,0,0,0,0,0,0,0,60771,0,0,0
1743620290.001597,600855,21068469,0,pscratch,pscratch-ffffa03b0861a000,0,0,219402878101,374678341559,0,0,30987,0,0,0,0,0,0,0,0,0,0,0,0,0,0,0,0,0,0,0,0,0,0,0,0,14968,0,0,0
1743620291.001917,600855,21068469,0,nscratch,nscratch-ffffa03b0426b000,0,0,10355247390040,905049378378,0,0,98179,0,0,0,0,0,0,0,0,0,0,0,0,0,0,0,0,0,0,0,0,0,0,0,0,60771,0,0,0
1743620291.002017,600855,21068469,0,pscratch,pscratch-ffffa03b0861a000,0,0,219402878101,374678341559,0,0,30987,0,0,0,0,0,0,0,0,0,0,0,0,0,0,0,0,0,0,0,0,0,0,0,0,14968,0,0,0
1743620292.001523,600855,21068469,0,nscratch,nscratch-ffffa03b0426b000,0,0,10355247390040,905049378378,0,0,98179,0,0,0,0,0,0,0,0,0,0,0,0,0,0,0,0,0,0,0,0,0,0,0,0,60771,0,0,0
1743620292.001630,600855,21068469,0,pscratch,pscratch-ffffa03b0861a000,0,0,219402878101,374678341559,0,0,30987,0,0,0,0,0,0,0,0,0,0,0,0,0,0,0,0,0,0,0,0,0,0,0,0,14968,0,0,0
1743620293.001997,600855,21068469,0,nscratch,nscratch-ffffa03b0426b000,0,0,10355247390040,905049378378,0,0,98179,0,0,0,0,0,0,0,0,0,0,0,0,0,0,0,0,0,0,0,0,0,0,0,0,60771,0,0,0
1743620293.002096,600855,21068469,0,pscratch,pscratch-ffffa03b0861a000,0,0,219402878101,374678341559,0,0,30987,0,0,0,0,0,0,0,0,0,0,0,0,0,0,0,0,0,0,0,0,0,0,0,0,14968,0,0,0
1743620294.001243,600855,21068469,0,nscratch,nscratch-ffffa03b0426b000,0,0,10355247390040,905049378378,0,0,98179,0,0,0,0,0,0,0,0,0,0,0,0,0,0,0,0,0,0,0,0,0,0,0,0,60771,0,0,0
1743620294.001338,600855,21068469,0,pscratch,pscratch-ffffa03b0861a000,0,0,219402878101,374678341559,0,0,30987,0,0,0,0,0,0,0,0,0,0,0,0,0,0,0,0,0,0,0,0,0,0,0,0,14968,0,0,0
1743620295.001844,600855,21068469,0,nscratch,nscratch-ffffa03b0426b000,0,0,10355247390040,905049378378,0,0,98179,0,0,0,0,0,0,0,0,0,0,0,0,0,0,0,0,0,0,0,0,0,0,0,0,60771,0,0,0
1743620295.001941,600855,21068469,0,pscratch,pscratch-ffffa03b0861a000,0,0,219402878101,374678341559,0,0,30987,0,0,0,0,0,0,0,0,0,0,0,0,0,0,0,0,0,0,0,0,0,0,0,0,14968,0,0,0
1743620296.002296,600855,21068469,0,nscratch,nscratch-ffffa03b0426b000,0,0,10355247390040,905049378378,0,0,98179,0,0,0,0,0,0,0,0,0,0,0,0,0,0,0,0,0,0,0,0,0,0,0,0,60771,0,0,0
1743620296.002390,600855,21068469,0,pscratch,pscratch-ffffa03b0861a000,0,0,219402878101,374678341559,0,0,30987,0,0,0,0,0,0,0,0,0,0,0,0,0,0,0,0,0,0,0,0,0,0,0,0,14968,0,0,0
1743620297.001537,600855,21068469,0,nscratch,nscratch-ffffa03b0426b000,0,0,10355247390040,905049378378,0,0,98179,0,0,0,0,0,0,0,0,0,0,0,0,0,0,0,0,0,0,0,0,0,0,0,0,60771,0,0,0
1743620297.001640,600855,21068469,0,pscratch,pscratch-ffffa03b0861a000,0,0,219402878101,374678341559,0,0,30987,0,0,0,0,0,0,0,0,0,0,0,0,0,0,0,0,0,0,0,0,0,0,0,0,14968,0,0,0
1743620298.002144,600855,21068469,0,nscratch,nscratch-ffffa03b0426b000,0,0,10355247390040,905049378378,0,0,98179,0,0,0,0,0,0,0,0,0,0,0,0,0,0,0,0,0,0,0,0,0,0,0,0,60771,0,0,0
1743620298.002243,600855,21068469,0,pscratch,pscratch-ffffa03b0861a000,0,0,219402878101,374678341559,0,0,30987,0,0,0,0,0,0,0,0,0,0,0,0,0,0,0,0,0,0,0,0,0,0,0,0,14968,0,0,0
1743620299.001595,600855,21068469,0,nscratch,nscratch-ffffa03b0426b000,0,0,10355247390040,905049378378,0,0,98179,0,0,0,0,0,0,0,0,0,0,0,0,0,0,0,0,0,0,0,0,0,0,0,0,60771,0,0,0
1743620299.001700,600855,21068469,0,pscratch,pscratch-ffffa03b0861a000,0,0,219402878101,374678341559,0,0,30987,0,0,0,0,0,0,0,0,0,0,0,0,0,0,0,0,0,0,0,0,0,0,0,0,14968,0,0,0
1743620300.001852,600855,21068469,0,nscratch,nscratch-ffffa03b0426b000,0,0,10355247390040,905049378378,0,0,98179,0,0,0,0,0,0,0,0,0,0,0,0,0,0,0,0,0,0,0,0,0,0,0,0,60771,0,0,0
1743620300.001970,600855,21068469,0,pscratch,pscratch-ffffa03b0861a000,0,0,219402878101,374678341559,0,0,30987,0,0,0,0,0,0,0,0,0,0,0,0,0,0,0,0,0,0,0,0,0,0,0,0,14968,0,0,0
1743620301.001481,600855,21068469,0,nscratch,nscratch-ffffa03b0426b000,0,0,10355247390040,905049378378,0,0,98179,0,0,0,0,0,0,0,0,0,0,0,0,0,0,0,0,0,0,0,0,0,0,0,0,60771,0,0,0
1743620301.001576,600855,21068469,0,pscratch,pscratch-ffffa03b0861a000,0,0,219402878101,374678341559,0,0,30987,0,0,0,0,0,0,0,0,0,0,0,0,0,0,0,0,0,0,0,0,0,0,0,0,14968,0,0,0
1743620302.001930,600855,21068469,0,nscratch,nscratch-ffffa03b0426b000,0,0,10355247390040,905049378378,0,0,98179,0,0,0,0,0,0,0,0,0,0,0,0,0,0,0,0,0,0,0,0,0,0,0,0,60771,0,0,0
1743620302.002028,600855,21068469,0,pscratch,pscratch-ffffa03b0861a000,0,0,219402878101,374678341559,0,0,30987,0,0,0,0,0,0,0,0,0,0,0,0,0,0,0,0,0,0,0,0,0,0,0,0,14968,0,0,0
1743620303.001175,600855,21068469,0,nscratch,nscratch-ffffa03b0426b000,0,0,10355247390040,905049378378,0,0,98179,0,0,0,0,0,0,0,0,0,0,0,0,0,0,0,0,0,0,0,0,0,0,0,0,60771,0,0,0
1743620303.001268,600855,21068469,0,pscratch,pscratch-ffffa03b0861a000,0,0,219402878101,374678341559,0,0,30987,0,0,0,0,0,0,0,0,0,0,0,0,0,0,0,0,0,0,0,0,0,0,0,0,14968,0,0,0
1743620304.001774,600855,21068469,0,nscratch,nscratch-ffffa03b0426b000,0,0,10355247390040,905049378378,0,0,98179,0,0,0,0,0,0,0,0,0,0,0,0,0,0,0,0,0,0,0,0,0,0,0,0,60771,0,0,0
1743620304.001872,600855,21068469,0,pscratch,pscratch-ffffa03b0861a000,0,0,219402878101,374678341559,0,0,30987,0,0,0,0,0,0,0,0,0,0,0,0,0,0,0,0,0,0,0,0,0,0,0,0,14968,0,0,0
1743620305.002230,600855,21068469,0,nscratch,nscratch-ffffa03b0426b000,0,0,10355247390040,905049378378,0,0,98179,0,0,0,0,0,0,0,0,0,0,0,0,0,0,0,0,0,0,0,0,0,0,0,0,60771,0,0,0
1743620305.002328,600855,21068469,0,pscratch,pscratch-ffffa03b0861a000,0,0,219402878101,374678341559,0,0,30987,0,0,0,0,0,0,0,0,0,0,0,0,0,0,0,0,0,0,0,0,0,0,0,0,14968,0,0,0
1743620306.001479,600855,21068469,0,nscratch,nscratch-ffffa03b0426b000,0,0,10355247390040,905049378378,0,0,98179,0,0,0,0,0,0,0,0,0,0,0,0,0,0,0,0,0,0,0,0,0,0,0,0,60771,0,0,0
1743620306.001578,600855,21068469,0,pscratch,pscratch-ffffa03b0861a000,0,0,219402878101,374678341559,0,0,30987,0,0,0,0,0,0,0,0,0,0,0,0,0,0,0,0,0,0,0,0,0,0,0,0,14968,0,0,0
1743620307.002095,600855,21068469,0,nscratch,nscratch-ffffa03b0426b000,0,0,10355247390040,905049378378,0,0,98179,0,0,0,0,0,0,0,0,0,0,0,0,0,0,0,0,0,0,0,0,0,0,0,0,60771,0,0,0
1743620307.002193,600855,21068469,0,pscratch,pscratch-ffffa03b0861a000,0,0,219402878101,374678341559,0,0,30987,0,0,0,0,0,0,0,0,0,0,0,0,0,0,0,0,0,0,0,0,0,0,0,0,14968,0,0,0
1743620308.001544,600855,21068469,0,nscratch,nscratch-ffffa03b0426b000,0,0,10355247390040,905049378378,0,0,98179,0,0,0,0,0,0,0,0,0,0,0,0,0,0,0,0,0,0,0,0,0,0,0,0,60771,0,0,0
1743620308.001650,600855,21068469,0,pscratch,pscratch-ffffa03b0861a000,0,0,219402878101,374678341559,0,0,30987,0,0,0,0,0,0,0,0,0,0,0,0,0,0,0,0,0,0,0,0,0,0,0,0,14968,0,0,0
1743620309.001812,600855,21068469,0,nscratch,nscratch-ffffa03b0426b000,0,0,10355247390040,905049378378,0,0,98179,0,0,0,0,0,0,0,0,0,0,0,0,0,0,0,0,0,0,0,0,0,0,0,0,60771,0,0,0
1743620309.001908,600855,21068469,0,pscratch,pscratch-ffffa03b0861a000,0,0,219402878101,374678341559,0,0,30987,0,0,0,0,0,0,0,0,0,0,0,0,0,0,0,0,0,0,0,0,0,0,0,0,14968,0,0,0
1743620310.001414,600855,21068469,0,nscratch,nscratch-ffffa03b0426b000,0,0,10355247390040,905049378378,0,0,98179,0,0,0,0,0,0,0,0,0,0,0,0,0,0,0,0,0,0,0,0,0,0,0,0,60771,0,0,0
1743620310.001510,600855,21068469,0,pscratch,pscratch-ffffa03b0861a000,0,0,219402878101,374678341559,0,0,30987,0,0,0,0,0,0,0,0,0,0,0,0,0,0,0,0,0,0,0,0,0,0,0,0,14968,0,0,0
1743620311.001871,600855,21068469,0,nscratch,nscratch-ffffa03b0426b000,0,0,10355247390040,905049378378,0,0,98179,0,0,0,0,0,0,0,0,0,0,0,0,0,0,0,0,0,0,0,0,0,0,0,0,60771,0,0,0
1743620311.001966,600855,21068469,0,pscratch,pscratch-ffffa03b0861a000,0,0,219402878101,374678341559,0,0,30987,0,0,0,0,0,0,0,0,0,0,0,0,0,0,0,0,0,0,0,0,0,0,0,0,14968,0,0,0
1743620312.002115,600855,21068469,0,nscratch,nscratch-ffffa03b0426b000,0,0,10355247390040,905049378378,0,0,98179,0,0,0,0,0,0,0,0,0,0,0,0,0,0,0,0,0,0,0,0,0,0,0,0,60771,0,0,0
1743620312.002209,600855,21068469,0,pscratch,pscratch-ffffa03b0861a000,0,0,219402878101,374678341559,0,0,30987,0,0,0,0,0,0,0,0,0,0,0,0,0,0,0,0,0,0,0,0,0,0,0,0,14968,0,0,0
1743620313.001705,600855,21068469,0,nscratch,nscratch-ffffa03b0426b000,0,0,10355247390040,905049378378,0,0,98179,0,0,0,0,0,0,0,0,0,0,0,0,0,0,0,0,0,0,0,0,0,0,0,0,60771,0,0,0
1743620313.001800,600855,21068469,0,pscratch,pscratch-ffffa03b0861a000,0,0,219402878101,374678341559,0,0,30987,0,0,0,0,0,0,0,0,0,0,0,0,0,0,0,0,0,0,0,0,0,0,0,0,14968,0,0,0
1743620314.002154,600855,21068469,0,nscratch,nscratch-ffffa03b0426b000,0,0,10355247390040,905049378378,0,0,98179,0,0,0,0,0,0,0,0,0,0,0,0,0,0,0,0,0,0,0,0,0,0,0,0,60771,0,0,0
1743620314.002253,600855,21068469,0,pscratch,pscratch-ffffa03b0861a000,0,0,219402878101,374678341559,0,0,30987,0,0,0,0,0,0,0,0,0,0,0,0,0,0,0,0,0,0,0,0,0,0,0,0,14968,0,0,0
1743620315.001398,600855,21068469,0,nscratch,nscratch-ffffa03b0426b000,0,0,10355247390040,905049378378,0,0,98179,0,0,0,0,0,0,0,0,0,0,0,0,0,0,0,0,0,0,0,0,0,0,0,0,60771,0,0,0
1743620315.001492,600855,21068469,0,pscratch,pscratch-ffffa03b0861a000,0,0,219402878101,374678341559,0,0,30987,0,0,0,0,0,0,0,0,0,0,0,0,0,0,0,0,0,0,0,0,0,0,0,0,14968,0,0,0
1743620316.002018,600855,21068469,0,nscratch,nscratch-ffffa03b0426b000,0,0,10355247390040,905049378378,0,0,98179,0,0,0,0,0,0,0,0,0,0,0,0,0,0,0,0,0,0,0,0,0,0,0,0,60771,0,0,0
1743620316.002116,600855,21068469,0,pscratch,pscratch-ffffa03b0861a000,0,0,219402878101,374678341559,0,0,30987,0,0,0,0,0,0,0,0,0,0,0,0,0,0,0,0,0,0,0,0,0,0,0,0,14968,0,0,0
1743620317.001469,600855,21068469,0,nscratch,nscratch-ffffa03b0426b000,0,0,10355247390040,905049378378,0,0,98179,0,0,0,0,0,0,0,0,0,0,0,0,0,0,0,0,0,0,0,0,0,0,0,0,60771,0,0,0
1743620317.001565,600855,21068469,0,pscratch,pscratch-ffffa03b0861a000,0,0,219402878101,374678341559,0,0,30987,0,0,0,0,0,0,0,0,0,0,0,0,0,0,0,0,0,0,0,0,0,0,0,0,14968,0,0,0
1743620318.001723,600855,21068469,0,nscratch,nscratch-ffffa03b0426b000,0,0,10355247390040,905049378378,0,0,98179,0,0,0,0,0,0,0,0,0,0,0,0,0,0,0,0,0,0,0,0,0,0,0,0,60771,0,0,0
1743620318.001819,600855,21068469,0,pscratch,pscratch-ffffa03b0861a000,0,0,219402878101,374678341559,0,0,30987,0,0,0,0,0,0,0,0,0,0,0,0,0,0,0,0,0,0,0,0,0,0,0,0,14968,0,0,0
1743620319.001316,600855,21068469,0,nscratch,nscratch-ffffa03b0426b000,0,0,10355247390040,905049378378,0,0,98179,0,0,0,0,0,0,0,0,0,0,0,0,0,0,0,0,0,0,0,0,0,0,0,0,60771,0,0,0
1743620319.001418,600855,21068469,0,pscratch,pscratch-ffffa03b0861a000,0,0,219402878101,374678341559,0,0,30987,0,0,0,0,0,0,0,0,0,0,0,0,0,0,0,0,0,0,0,0,0,0,0,0,14968,0,0,0
1743620320.001798,600855,21068469,0,nscratch,nscratch-ffffa03b0426b000,0,0,10355247390040,905049378378,0,0,98179,0,0,0,0,0,0,0,0,0,0,0,0,0,0,0,0,0,0,0,0,0,0,0,0,60771,0,0,0
1743620320.001896,600855,21068469,0,pscratch,pscratch-ffffa03b0861a000,0,0,219402878101,374678341559,0,0,30987,0,0,0,0,0,0,0,0,0,0,0,0,0,0,0,0,0,0,0,0,0,0,0,0,14968,0,0,0
1743620321.002055,600855,21068469,0,nscratch,nscratch-ffffa03b0426b000,0,0,10355247390040,905049378378,0,0,98179,0,0,0,0,0,0,0,0,0,0,0,0,0,0,0,0,0,0,0,0,0,0,0,0,60771,0,0,0
1743620321.002156,600855,21068469,0,pscratch,pscratch-ffffa03b0861a000,0,0,219402878101,374678341559,0,0,30987,0,0,0,0,0,0,0,0,0,0,0,0,0,0,0,0,0,0,0,0,0,0,0,0,14968,0,0,0
1743620322.001682,600855,21068469,0,nscratch,nscratch-ffffa03b0426b000,0,0,10355247390040,905049378378,0,0,98179,0,0,0,0,0,0,0,0,0,0,0,0,0,0,0,0,0,0,0,0,0,0,0,0,60771,0,0,0
1743620322.001783,600855,21068469,0,pscratch,pscratch-ffffa03b0861a000,0,0,219402878101,374678341559,0,0,30987,0,0,0,0,0,0,0,0,0,0,0,0,0,0,0,0,0,0,0,0,0,0,0,0,14968,0,0,0
1743620323.002135,600855,21068469,0,nscratch,nscratch-ffffa03b0426b000,0,0,10355247390040,905049378378,0,0,98179,0,0,0,0,0,0,0,0,0,0,0,0,0,0,0,0,0,0,0,0,0,0,0,0,60771,0,0,0
1743620323.002233,600855,21068469,0,pscratch,pscratch-ffffa03b0861a000,0,0,219402878101,374678341559,0,0,30987,0,0,0,0,0,0,0,0,0,0,0,0,0,0,0,0,0,0,0,0,0,0,0,0,14968,0,0,0
1743620324.001379,600855,21068469,0,nscratch,nscratch-ffffa03b0426b000,0,0,10355247390040,905049378378,0,0,98179,0,0,0,0,0,0,0,0,0,0,0,0,0,0,0,0,0,0,0,0,0,0,0,0,60771,0,0,0
1743620324.001474,600855,21068469,0,pscratch,pscratch-ffffa03b0861a000,0,0,219402878101,374678341559,0,0,30987,0,0,0,0,0,0,0,0,0,0,0,0,0,0,0,0,0,0,0,0,0,0,0,0,14968,0,0,0
1743620325.001995,600855,21068469,0,nscratch,nscratch-ffffa03b0426b000,0,0,10355247390040,905049378378,0,0,98179,0,0,0,0,0,0,0,0,0,0,0,0,0,0,0,0,0,0,0,0,0,0,0,0,60771,0,0,0
1743620325.002090,600855,21068469,0,pscratch,pscratch-ffffa03b0861a000,0,0,219402878101,374678341559,0,0,30987,0,0,0,0,0,0,0,0,0,0,0,0,0,0,0,0,0,0,0,0,0,0,0,0,14968,0,0,0
1743620326.001442,600855,21068469,0,nscratch,nscratch-ffffa03b0426b000,0,0,10355247390040,905049378378,0,0,98179,0,0,0,0,0,0,0,0,0,0,0,0,0,0,0,0,0,0,0,0,0,0,0,0,60771,0,0,0
1743620326.001538,600855,21068469,0,pscratch,pscratch-ffffa03b0861a000,0,0,219402878101,374678341559,0,0,30987,0,0,0,0,0,0,0,0,0,0,0,0,0,0,0,0,0,0,0,0,0,0,0,0,14968,0,0,0
1743620327.001692,600855,21068469,0,nscratch,nscratch-ffffa03b0426b000,0,0,10355247390040,905049378378,0,0,98179,0,0,0,0,0,0,0,0,0,0,0,0,0,0,0,0,0,0,0,0,0,0,0,0,60771,0,0,0
1743620327.001789,600855,21068469,0,pscratch,pscratch-ffffa03b0861a000,0,0,219402878101,374678341559,0,0,30987,0,0,0,0,0,0,0,0,0,0,0,0,0,0,0,0,0,0,0,0,0,0,0,0,14968,0,0,0
1743620328.002301,600855,21068469,0,nscratch,nscratch-ffffa03b0426b000,0,0,10355247390040,905049378378,0,0,98179,0,0,0,0,0,0,0,0,0,0,0,0,0,0,0,0,0,0,0,0,0,0,0,0,60771,0,0,0
1743620328.002398,600855,21068469,0,pscratch,pscratch-ffffa03b0861a000,0,0,219402878101,374678341559,0,0,30987,0,0,0,0,0,0,0,0,0,0,0,0,0,0,0,0,0,0,0,0,0,0,0,0,14968,0,0,0
1743620329.001766,600855,21068469,0,nscratch,nscratch-ffffa03b0426b000,0,0,10355247390040,905049378378,0,0,98179,0,0,0,0,0,0,0,0,0,0,0,0,0,0,0,0,0,0,0,0,0,0,0,0,60771,0,0,0
1743620329.001865,600855,21068469,0,pscratch,pscratch-ffffa03b0861a000,0,0,219402878101,374678341559,0,0,30987,0,0,0,0,0,0,0,0,0,0,0,0,0,0,0,0,0,0,0,0,0,0,0,0,14968,0,0,0
1743620330.002016,600855,21068469,0,nscratch,nscratch-ffffa03b0426b000,0,0,10355247390040,905049378378,0,0,98179,0,0,0,0,0,0,0,0,0,0,0,0,0,0,0,0,0,0,0,0,0,0,0,0,60771,0,0,0
1743620330.002127,600855,21068469,0,pscratch,pscratch-ffffa03b0861a000,0,0,219402878101,374678341559,0,0,30987,0,0,0,0,0,0,0,0,0,0,0,0,0,0,0,0,0,0,0,0,0,0,0,0,14968,0,0,0
1743620331.001646,600855,21068469,0,nscratch,nscratch-ffffa03b0426b000,0,0,10355247390040,905049378378,0,0,98179,0,0,0,0,0,0,0,0,0,0,0,0,0,0,0,0,0,0,0,0,0,0,0,0,60771,0,0,0
1743620331.001744,600855,21068469,0,pscratch,pscratch-ffffa03b0861a000,0,0,219402878101,374678341559,0,0,30987,0,0,0,0,0,0,0,0,0,0,0,0,0,0,0,0,0,0,0,0,0,0,0,0,14968,0,0,0
1743620332.002094,600855,21068469,0,nscratch,nscratch-ffffa03b0426b000,0,0,10355247390040,905049378378,0,0,98179,0,0,0,0,0,0,0,0,0,0,0,0,0,0,0,0,0,0,0,0,0,0,0,0,60771,0,0,0
1743620332.002189,600855,21068469,0,pscratch,pscratch-ffffa03b0861a000,0,0,219402878101,374678341559,0,0,30987,0,0,0,0,0,0,0,0,0,0,0,0,0,0,0,0,0,0,0,0,0,0,0,0,14968,0,0,0
1743620333.001336,600855,21068469,0,nscratch,nscratch-ffffa03b0426b000,0,0,10355247390040,905049378378,0,0,98179,0,0,0,0,0,0,0,0,0,0,0,0,0,0,0,0,0,0,0,0,0,0,0,0,60771,0,0,0
1743620333.001431,600855,21068469,0,pscratch,pscratch-ffffa03b0861a000,0,0,219402878101,374678341559,0,0,30987,0,0,0,0,0,0,0,0,0,0,0,0,0,0,0,0,0,0,0,0,0,0,0,0,14968,0,0,0
1743620334.001964,600855,21068469,0,nscratch,nscratch-ffffa03b0426b000,0,0,10355247390040,905049378378,0,0,98179,0,0,0,0,0,0,0,0,0,0,0,0,0,0,0,0,0,0,0,0,0,0,0,0,60771,0,0,0
1743620334.002060,600855,21068469,0,pscratch,pscratch-ffffa03b0861a000,0,0,219402878101,374678341559,0,0,30987,0,0,0,0,0,0,0,0,0,0,0,0,0,0,0,0,0,0,0,0,0,0,0,0,14968,0,0,0
1743620335.001403,600855,21068469,0,nscratch,nscratch-ffffa03b0426b000,0,0,10355247390040,905049378378,0,0,98179,0,0,0,0,0,0,0,0,0,0,0,0,0,0,0,0,0,0,0,0,0,0,0,0,60771,0,0,0
1743620335.001497,600855,21068469,0,pscratch,pscratch-ffffa03b0861a000,0,0,219402878101,374678341559,0,0,30987,0,0,0,0,0,0,0,0,0,0,0,0,0,0,0,0,0,0,0,0,0,0,0,0,14968,0,0,0
1743620336.001652,600855,21068469,0,nscratch,nscratch-ffffa03b0426b000,0,0,10355247390040,905049378378,0,0,98179,0,0,0,0,0,0,0,0,0,0,0,0,0,0,0,0,0,0,0,0,0,0,0,0,60771,0,0,0
1743620336.001748,600855,21068469,0,pscratch,pscratch-ffffa03b0861a000,0,0,219402878101,374678341559,0,0,30987,0,0,0,0,0,0,0,0,0,0,0,0,0,0,0,0,0,0,0,0,0,0,0,0,14968,0,0,0
1743620337.002247,600855,21068469,0,nscratch,nscratch-ffffa03b0426b000,0,0,10355247390040,905049378378,0,0,98179,0,0,0,0,0,0,0,0,0,0,0,0,0,0,0,0,0,0,0,0,0,0,0,0,60771,0,0,0
1743620337.002347,600855,21068469,0,pscratch,pscratch-ffffa03b0861a000,0,0,219402878101,374678341559,0,0,30987,0,0,0,0,0,0,0,0,0,0,0,0,0,0,0,0,0,0,0,0,0,0,0,0,14968,0,0,0
1743620338.001716,600855,21068469,0,nscratch,nscratch-ffffa03b0426b000,0,0,10355247390040,905049378378,0,0,98179,0,0,0,0,0,0,0,0,0,0,0,0,0,0,0,0,0,0,0,0,0,0,0,0,60771,0,0,0
1743620338.001821,600855,21068469,0,pscratch,pscratch-ffffa03b0861a000,0,0,219402878101,374678341559,0,0,30987,0,0,0,0,0,0,0,0,0,0,0,0,0,0,0,0,0,0,0,0,0,0,0,0,14968,0,0,0
1743620339.001972,600855,21068469,0,nscratch,nscratch-ffffa03b0426b000,0,0,10355247390040,905049378378,0,0,98179,0,0,0,0,0,0,0,0,0,0,0,0,0,0,0,0,0,0,0,0,0,0,0,0,60771,0,0,0
1743620339.002071,600855,21068469,0,pscratch,pscratch-ffffa03b0861a000,0,0,219402878101,374678341559,0,0,30987,0,0,0,0,0,0,0,0,0,0,0,0,0,0,0,0,0,0,0,0,0,0,0,0,14968,0,0,0
1743620340.001574,600855,21068469,0,nscratch,nscratch-ffffa03b0426b000,0,0,10355247390040,905049378378,0,0,98179,0,0,0,0,0,0,0,0,0,0,0,0,0,0,0,0,0,0,0,0,0,0,0,0,60771,0,0,0
1743620340.001677,600855,21068469,0,pscratch,pscratch-ffffa03b0861a000,0,0,219402878101,374678341559,0,0,30987,0,0,0,0,0,0,0,0,0,0,0,0,0,0,0,0,0,0,0,0,0,0,0,0,14968,0,0,0
1743620341.002063,600855,21068469,0,nscratch,nscratch-ffffa03b0426b000,0,0,10355247390040,905049378378,0,0,98179,0,0,0,0,0,0,0,0,0,0,0,0,0,0,0,0,0,0,0,0,0,0,0,0,60771,0,0,0
1743620341.002160,600855,21068469,0,pscratch,pscratch-ffffa03b0861a000,0,0,219402878101,374678341559,0,0,30987,0,0,0,0,0,0,0,0,0,0,0,0,0,0,0,0,0,0,0,0,0,0,0,0,14968,0,0,0
1743620342.001304,600855,21068469,0,nscratch,nscratch-ffffa03b0426b000,0,0,10355247390040,905049378378,0,0,98179,0,0,0,0,0,0,0,0,0,0,0,0,0,0,0,0,0,0,0,0,0,0,0,0,60771,0,0,0
1743620342.001398,600855,21068469,0,pscratch,pscratch-ffffa03b0861a000,0,0,219402878101,374678341559,0,0,30987,0,0,0,0,0,0,0,0,0,0,0,0,0,0,0,0,0,0,0,0,0,0,0,0,14968,0,0,0
1743620343.001911,600855,21068469,0,nscratch,nscratch-ffffa03b0426b000,0,0,10355247390040,905049378378,0,0,98179,0,0,0,0,0,0,0,0,0,0,0,0,0,0,0,0,0,0,0,0,0,0,0,0,60771,0,0,0
1743620343.002010,600855,21068469,0,pscratch,pscratch-ffffa03b0861a000,0,0,219402878101,374678341559,0,0,30987,0,0,0,0,0,0,0,0,0,0,0,0,0,0,0,0,0,0,0,0,0,0,0,0,14968,0,0,0
1743620344.001359,600855,21068469,0,nscratch,nscratch-ffffa03b0426b000,0,0,10355247390040,905049378378,0,0,98179,0,0,0,0,0,0,0,0,0,0,0,0,0,0,0,0,0,0,0,0,0,0,0,0,60771,0,0,0
1743620344.001455,600855,21068469,0,pscratch,pscratch-ffffa03b0861a000,0,0,219402878101,374678341559,0,0,30987,0,0,0,0,0,0,0,0,0,0,0,0,0,0,0,0,0,0,0,0,0,0,0,0,14968,0,0,0
1743620345.001607,600855,21068469,0,nscratch,nscratch-ffffa03b0426b000,0,0,10355247390040,905049378378,0,0,98179,0,0,0,0,0,0,0,0,0,0,0,0,0,0,0,0,0,0,0,0,0,0,0,0,60771,0,0,0
1743620345.001711,600855,21068469,0,pscratch,pscratch-ffffa03b0861a000,0,0,219402878101,374678341559,0,0,30987,0,0,0,0,0,0,0,0,0,0,0,0,0,0,0,0,0,0,0,0,0,0,0,0,14968,0,0,0
1743620346.002223,600855,21068469,0,nscratch,nscratch-ffffa03b0426b000,0,0,10355247390040,905049378378,0,0,98179,0,0,0,0,0,0,0,0,0,0,0,0,0,0,0,0,0,0,0,0,0,0,0,0,60771,0,0,0
1743620346.002319,600855,21068469,0,pscratch,pscratch-ffffa03b0861a000,0,0,219402878101,374678341559,0,0,30987,0,0,0,0,0,0,0,0,0,0,0,0,0,0,0,0,0,0,0,0,0,0,0,0,14968,0,0,0
1743620347.001682,600855,21068469,0,nscratch,nscratch-ffffa03b0426b000,0,0,10355247390040,905049378378,0,0,98179,0,0,0,0,0,0,0,0,0,0,0,0,0,0,0,0,0,0,0,0,0,0,0,0,60771,0,0,0
1743620347.001781,600855,21068469,0,pscratch,pscratch-ffffa03b0861a000,0,0,219402878101,374678341559,0,0,30987,0,0,0,0,0,0,0,0,0,0,0,0,0,0,0,0,0,0,0,0,0,0,0,0,14968,0,0,0
1743620348.001933,600855,21068469,0,nscratch,nscratch-ffffa03b0426b000,0,0,10355247390040,905049378378,0,0,98179,0,0,0,0,0,0,0,0,0,0,0,0,0,0,0,0,0,0,0,0,0,0,0,0,60771,0,0,0
1743620348.002030,600855,21068469,0,pscratch,pscratch-ffffa03b0861a000,0,0,219402878101,374678341559,0,0,30987,0,0,0,0,0,0,0,0,0,0,0,0,0,0,0,0,0,0,0,0,0,0,0,0,14968,0,0,0
1743620349.001532,600855,21068469,0,nscratch,nscratch-ffffa03b0426b000,0,0,10355247390040,905049378378,0,0,98179,0,0,0,0,0,0,0,0,0,0,0,0,0,0,0,0,0,0,0,0,0,0,0,0,60771,0,0,0
1743620349.001637,600855,21068469,0,pscratch,pscratch-ffffa03b0861a000,0,0,219402878101,374678341559,0,0,30987,0,0,0,0,0,0,0,0,0,0,0,0,0,0,0,0,0,0,0,0,0,0,0,0,14968,0,0,0
1743620350.001989,600855,21068469,0,nscratch,nscratch-ffffa03b0426b000,0,0,10355247390040,905049378378,0,0,98179,0,0,0,0,0,0,0,0,0,0,0,0,0,0,0,0,0,0,0,0,0,0,0,0,60771,0,0,0
1743620350.002085,600855,21068469,0,pscratch,pscratch-ffffa03b0861a000,0,0,219402878101,374678341559,0,0,30987,0,0,0,0,0,0,0,0,0,0,0,0,0,0,0,0,0,0,0,0,0,0,0,0,14968,0,0,0
1743620351.001459,600855,21068469,0,nscratch,nscratch-ffffa03b0426b000,0,0,10355247390040,905049378378,0,0,98179,0,0,0,0,0,0,0,0,0,0,0,0,0,0,0,0,0,0,0,0,0,0,0,0,60771,0,0,0
1743620351.001555,600855,21068469,0,pscratch,pscratch-ffffa03b0861a000,0,0,219402878101,374678341559,0,0,30987,0,0,0,0,0,0,0,0,0,0,0,0,0,0,0,0,0,0,0,0,0,0,0,0,14968,0,0,0
1743620352.002067,600855,21068469,0,nscratch,nscratch-ffffa03b0426b000,0,0,10355247390040,905049378378,0,0,98179,0,0,0,0,0,0,0,0,0,0,0,0,0,0,0,0,0,0,0,0,0,0,0,0,60771,0,0,0
1743620352.002164,600855,21068469,0,pscratch,pscratch-ffffa03b0861a000,0,0,219402878101,374678341559,0,0,30987,0,0,0,0,0,0,0,0,0,0,0,0,0,0,0,0,0,0,0,0,0,0,0,0,14968,0,0,0
1743620353.001516,600855,21068469,0,nscratch,nscratch-ffffa03b0426b000,0,0,10355247390040,905049378378,0,0,98179,0,0,0,0,0,0,0,0,0,0,0,0,0,0,0,0,0,0,0,0,0,0,0,0,60771,0,0,0
1743620353.001611,600855,21068469,0,pscratch,pscratch-ffffa03b0861a000,0,0,219402878101,374678341559,0,0,30987,0,0,0,0,0,0,0,0,0,0,0,0,0,0,0,0,0,0,0,0,0,0,0,0,14968,0,0,0
1743620354.001765,600855,21068469,0,nscratch,nscratch-ffffa03b0426b000,0,0,10355247390040,905049378378,0,0,98179,0,0,0,0,0,0,0,0,0,0,0,0,0,0,0,0,0,0,0,0,0,0,0,0,60771,0,0,0
1743620354.001859,600855,21068469,0,pscratch,pscratch-ffffa03b0861a000,0,0,219402878101,374678341559,0,0,30987,0,0,0,0,0,0,0,0,0,0,0,0,0,0,0,0,0,0,0,0,0,0,0,0,14968,0,0,0
1743620355.001369,600855,21068469,0,nscratch,nscratch-ffffa03b0426b000,0,0,10355247390040,905049378378,0,0,98179,0,0,0,0,0,0,0,0,0,0,0,0,0,0,0,0,0,0,0,0,0,0,0,0,60771,0,0,0
1743620355.001464,600855,21068469,0,pscratch,pscratch-ffffa03b0861a000,0,0,219402878101,374678341559,0,0,30987,0,0,0,0,0,0,0,0,0,0,0,0,0,0,0,0,0,0,0,0,0,0,0,0,14968,0,0,0
1743620356.001829,600855,21068469,0,nscratch,nscratch-ffffa03b0426b000,0,0,10355247390040,905049378378,0,0,98179,0,0,0,0,0,0,0,0,0,0,0,0,0,0,0,0,0,0,0,0,0,0,0,0,60771,0,0,0
1743620356.001927,600855,21068469,0,pscratch,pscratch-ffffa03b0861a000,0,0,219402878101,374678341559,0,0,30987,0,0,0,0,0,0,0,0,0,0,0,0,0,0,0,0,0,0,0,0,0,0,0,0,14968,0,0,0
1743620357.002079,600855,21068469,0,nscratch,nscratch-ffffa03b0426b000,0,0,10355247390040,905049378378,0,0,98179,0,0,0,0,0,0,0,0,0,0,0,0,0,0,0,0,0,0,0,0,0,0,0,0,60771,0,0,0
1743620357.002177,600855,21068469,0,pscratch,pscratch-ffffa03b0861a000,0,0,219402878101,374678341559,0,0,30987,0,0,0,0,0,0,0,0,0,0,0,0,0,0,0,0,0,0,0,0,0,0,0,0,14968,0,0,0
1743620358.001680,600855,21068469,0,nscratch,nscratch-ffffa03b0426b000,0,0,10355247390040,905049378378,0,0,98179,0,0,0,0,0,0,0,0,0,0,0,0,0,0,0,0,0,0,0,0,0,0,0,0,60771,0,0,0
1743620358.001789,600855,21068469,0,pscratch,pscratch-ffffa03b0861a000,0,0,219402878101,374678341559,0,0,30987,0,0,0,0,0,0,0,0,0,0,0,0,0,0,0,0,0,0,0,0,0,0,0,0,14968,0,0,0
1743620359.002153,600855,21068469,0,nscratch,nscratch-ffffa03b0426b000,0,0,10355247390040,905049378378,0,0,98179,0,0,0,0,0,0,0,0,0,0,0,0,0,0,0,0,0,0,0,0,0,0,0,0,60771,0,0,0
1743620359.002250,600855,21068469,0,pscratch,pscratch-ffffa03b0861a000,0,0,219402878101,374678341559,0,0,30987,0,0,0,0,0,0,0,0,0,0,0,0,0,0,0,0,0,0,0,0,0,0,0,0,14968,0,0,0
1743620360.001398,600855,21068469,0,nscratch,nscratch-ffffa03b0426b000,0,0,10355247390040,905049378378,0,0,98179,0,0,0,0,0,0,0,0,0,0,0,0,0,0,0,0,0,0,0,0,0,0,0,0,60771,0,0,0
1743620360.001493,600855,21068469,0,pscratch,pscratch-ffffa03b0861a000,0,0,219402878101,374678341559,0,0,30987,0,0,0,0,0,0,0,0,0,0,0,0,0,0,0,0,0,0,0,0,0,0,0,0,14968,0,0,0
1743620361.002005,600855,21068469,0,nscratch,nscratch-ffffa03b0426b000,0,0,10355247390040,905049378378,0,0,98179,0,0,0,0,0,0,0,0,0,0,0,0,0,0,0,0,0,0,0,0,0,0,0,0,60771,0,0,0
1743620361.002105,600855,21068469,0,pscratch,pscratch-ffffa03b0861a000,0,0,219402878101,374678341559,0,0,30987,0,0,0,0,0,0,0,0,0,0,0,0,0,0,0,0,0,0,0,0,0,0,0,0,14968,0,0,0
1743620362.001453,600855,21068469,0,nscratch,nscratch-ffffa03b0426b000,0,0,10355247390040,905049378378,0,0,98179,0,0,0,0,0,0,0,0,0,0,0,0,0,0,0,0,0,0,0,0,0,0,0,0,60771,0,0,0
1743620362.001549,600855,21068469,0,pscratch,pscratch-ffffa03b0861a000,0,0,219402878101,374678341559,0,0,30987,0,0,0,0,0,0,0,0,0,0,0,0,0,0,0,0,0,0,0,0,0,0,0,0,14968,0,0,0
1743620363.001703,600855,21068469,0,nscratch,nscratch-ffffa03b0426b000,0,0,10355247390040,905049378378,0,0,98179,0,0,0,0,0,0,0,0,0,0,0,0,0,0,0,0,0,0,0,0,0,0,0,0,60771,0,0,0
1743620363.001799,600855,21068469,0,pscratch,pscratch-ffffa03b0861a000,0,0,219402878101,374678341559,0,0,30987,0,0,0,0,0,0,0,0,0,0,0,0,0,0,0,0,0,0,0,0,0,0,0,0,14968,0,0,0
1743620364.002309,600855,21068469,0,nscratch,nscratch-ffffa03b0426b000,0,0,10355247390040,905049378378,0,0,98179,0,0,0,0,0,0,0,0,0,0,0,0,0,0,0,0,0,0,0,0,0,0,0,0,60771,0,0,0
1743620364.002404,600855,21068469,0,pscratch,pscratch-ffffa03b0861a000,0,0,219402878101,374678341559,0,0,30987,0,0,0,0,0,0,0,0,0,0,0,0,0,0,0,0,0,0,0,0,0,0,0,0,14968,0,0,0
1743620365.001781,600855,21068469,0,nscratch,nscratch-ffffa03b0426b000,0,0,10355247390040,905049378378,0,0,98179,0,0,0,0,0,0,0,0,0,0,0,0,0,0,0,0,0,0,0,0,0,0,0,0,60771,0,0,0
1743620365.001877,600855,21068469,0,pscratch,pscratch-ffffa03b0861a000,0,0,219402878101,374678341559,0,0,30987,0,0,0,0,0,0,0,0,0,0,0,0,0,0,0,0,0,0,0,0,0,0,0,0,14968,0,0,0
1743620366.002029,600855,21068469,0,nscratch,nscratch-ffffa03b0426b000,0,0,10355247390040,905049378378,0,0,98179,0,0,0,0,0,0,0,0,0,0,0,0,0,0,0,0,0,0,0,0,0,0,0,0,60771,0,0,0
1743620366.002127,600855,21068469,0,pscratch,pscratch-ffffa03b0861a000,0,0,219402878101,374678341559,0,0,30987,0,0,0,0,0,0,0,0,0,0,0,0,0,0,0,0,0,0,0,0,0,0,0,0,14968,0,0,0
1743620367.001639,600855,21068469,0,nscratch,nscratch-ffffa03b0426b000,0,0,10355247390040,905049378378,0,0,98179,0,0,0,0,0,0,0,0,0,0,0,0,0,0,0,0,0,0,0,0,0,0,0,0,60771,0,0,0
1743620367.001735,600855,21068469,0,pscratch,pscratch-ffffa03b0861a000,0,0,219402878101,374678341559,0,0,30987,0,0,0,0,0,0,0,0,0,0,0,0,0,0,0,0,0,0,0,0,0,0,0,0,14968,0,0,0
1743620368.002091,600855,21068469,0,nscratch,nscratch-ffffa03b0426b000,0,0,10355247390040,905049378378,0,0,98179,0,0,0,0,0,0,0,0,0,0,0,0,0,0,0,0,0,0,0,0,0,0,0,0,60771,0,0,0
1743620368.002189,600855,21068469,0,pscratch,pscratch-ffffa03b0861a000,0,0,219402878101,374678341559,0,0,30987,0,0,0,0,0,0,0,0,0,0,0,0,0,0,0,0,0,0,0,0,0,0,0,0,14968,0,0,0
1743620369.001333,600855,21068469,0,nscratch,nscratch-ffffa03b0426b000,0,0,10355247390040,905049378378,0,0,98179,0,0,0,0,0,0,0,0,0,0,0,0,0,0,0,0,0,0,0,0,0,0,0,0,60771,0,0,0
1743620369.001428,600855,21068469,0,pscratch,pscratch-ffffa03b0861a000,0,0,219402878101,374678341559,0,0,30987,0,0,0,0,0,0,0,0,0,0,0,0,0,0,0,0,0,0,0,0,0,0,0,0,14968,0,0,0
1743620370.001959,600855,21068469,0,nscratch,nscratch-ffffa03b0426b000,0,0,10355247390040,905049378378,0,0,98179,0,0,0,0,0,0,0,0,0,0,0,0,0,0,0,0,0,0,0,0,0,0,0,0,60771,0,0,0
1743620370.002057,600855,21068469,0,pscratch,pscratch-ffffa03b0861a000,0,0,219402878101,374678341559,0,0,30987,0,0,0,0,0,0,0,0,0,0,0,0,0,0,0,0,0,0,0,0,0,0,0,0,14968,0,0,0
1743620371.001420,600855,21068469,0,nscratch,nscratch-ffffa03b0426b000,0,0,10355247390040,905049378378,0,0,98179,0,0,0,0,0,0,0,0,0,0,0,0,0,0,0,0,0,0,0,0,0,0,0,0,60771,0,0,0
1743620371.001519,600855,21068469,0,pscratch,pscratch-ffffa03b0861a000,0,0,219402878101,374678341559,0,0,30987,0,0,0,0,0,0,0,0,0,0,0,0,0,0,0,0,0,0,0,0,0,0,0,0,14968,0,0,0
1743620372.001689,600855,21068469,0,nscratch,nscratch-ffffa03b0426b000,0,0,10355247390040,905049378378,0,0,98179,0,0,0,0,0,0,0,0,0,0,0,0,0,0,0,0,0,0,0,0,0,0,0,0,60771,0,0,0
1743620372.001790,600855,21068469,0,pscratch,pscratch-ffffa03b0861a000,0,0,219402878101,374678341559,0,0,30987,0,0,0,0,0,0,0,0,0,0,0,0,0,0,0,0,0,0,0,0,0,0,0,0,14968,0,0,0
1743620373.002301,600855,21068469,0,nscratch,nscratch-ffffa03b0426b000,0,0,10355247390040,905049378378,0,0,98179,0,0,0,0,0,0,0,0,0,0,0,0,0,0,0,0,0,0,0,0,0,0,0,0,60771,0,0,0
1743620373.002395,600855,21068469,0,pscratch,pscratch-ffffa03b0861a000,0,0,219402878101,374678341559,0,0,30987,0,0,0,0,0,0,0,0,0,0,0,0,0,0,0,0,0,0,0,0,0,0,0,0,14968,0,0,0
1743620374.001764,600855,21068469,0,nscratch,nscratch-ffffa03b0426b000,0,0,10355247390040,905049378378,0,0,98179,0,0,0,0,0,0,0,0,0,0,0,0,0,0,0,0,0,0,0,0,0,0,0,0,60771,0,0,0
1743620374.001859,600855,21068469,0,pscratch,pscratch-ffffa03b0861a000,0,0,219402878101,374678341559,0,0,30987,0,0,0,0,0,0,0,0,0,0,0,0,0,0,0,0,0,0,0,0,0,0,0,0,14968,0,0,0
1743620375.002007,600855,21068469,0,nscratch,nscratch-ffffa03b0426b000,0,0,10355247390040,905049378378,0,0,98179,0,0,0,0,0,0,0,0,0,0,0,0,0,0,0,0,0,0,0,0,0,0,0,0,60771,0,0,0
1743620375.002102,600855,21068469,0,pscratch,pscratch-ffffa03b0861a000,0,0,219402878101,374678341559,0,0,30987,0,0,0,0,0,0,0,0,0,0,0,0,0,0,0,0,0,0,0,0,0,0,0,0,14968,0,0,0
1743620376.001602,600855,21068469,0,nscratch,nscratch-ffffa03b0426b000,0,0,10355247390040,905049378378,0,0,98179,0,0,0,0,0,0,0,0,0,0,0,0,0,0,0,0,0,0,0,0,0,0,0,0,60771,0,0,0
1743620376.001709,600855,21068469,0,pscratch,pscratch-ffffa03b0861a000,0,0,219402878101,374678341559,0,0,30987,0,0,0,0,0,0,0,0,0,0,0,0,0,0,0,0,0,0,0,0,0,0,0,0,14968,0,0,0
1743620377.002099,600855,21068469,0,nscratch,nscratch-ffffa03b0426b000,0,0,10355247390040,905049378378,0,0,98179,0,0,0,0,0,0,0,0,0,0,0,0,0,0,0,0,0,0,0,0,0,0,0,0,60771,0,0,0
1743620377.002183,600855,21068469,0,pscratch,pscratch-ffffa03b0861a000,0,0,219402878101,374678341559,0,0,30987,0,0,0,0,0,0,0,0,0,0,0,0,0,0,0,0,0,0,0,0,0,0,0,0,14968,0,0,0
1743620378.001484,600855,21068469,0,nscratch,nscratch-ffffa03b0426b000,0,0,10355247390040,905049378378,0,0,98179,0,0,0,0,0,0,0,0,0,0,0,0,0,0,0,0,0,0,0,0,0,0,0,0,60771,0,0,0
1743620378.001613,600855,21068469,0,pscratch,pscratch-ffffa03b0861a000,0,0,219402878101,374678341559,0,0,30987,0,0,0,0,0,0,0,0,0,0,0,0,0,0,0,0,0,0,0,0,0,0,0,0,14968,0,0,0
1743620379.002056,600855,21068469,0,nscratch,nscratch-ffffa03b0426b000,0,0,10355247390040,905049378378,0,0,98179,0,0,0,0,0,0,0,0,0,0,0,0,0,0,0,0,0,0,0,0,0,0,0,0,60771,0,0,0
1743620379.002125,600855,21068469,0,pscratch,pscratch-ffffa03b0861a000,0,0,219402878101,374678341559,0,0,30987,0,0,0,0,0,0,0,0,0,0,0,0,0,0,0,0,0,0,0,0,0,0,0,0,14968,0,0,0
1743620380.001453,600855,21068469,0,nscratch,nscratch-ffffa03b0426b000,0,0,10355247390040,905049378378,0,0,98179,0,0,0,0,0,0,0,0,0,0,0,0,0,0,0,0,0,0,0,0,0,0,0,0,60771,0,0,0
1743620380.001532,600855,21068469,0,pscratch,pscratch-ffffa03b0861a000,0,0,219402878101,374678341559,0,0,30987,0,0,0,0,0,0,0,0,0,0,0,0,0,0,0,0,0,0,0,0,0,0,0,0,14968,0,0,0
1743620381.001742,600855,21068469,0,nscratch,nscratch-ffffa03b0426b000,0,0,10355247390040,905049378378,0,0,98179,0,0,0,0,0,0,0,0,0,0,0,0,0,0,0,0,0,0,0,0,0,0,0,0,60771,0,0,0
1743620381.001813,600855,21068469,0,pscratch,pscratch-ffffa03b0861a000,0,0,219402878101,374678341559,0,0,30987,0,0,0,0,0,0,0,0,0,0,0,0,0,0,0,0,0,0,0,0,0,0,0,0,14968,0,0,0
1743620382.002289,600855,21068469,0,nscratch,nscratch-ffffa03b0426b000,0,0,10355247390040,905049378378,0,0,98179,0,0,0,0,0,0,0,0,0,0,0,0,0,0,0,0,0,0,0,0,0,0,0,0,60771,0,0,0
1743620382.002371,600855,21068469,0,pscratch,pscratch-ffffa03b0861a000,0,0,219402878101,374678341559,0,0,30987,0,0,0,0,0,0,0,0,0,0,0,0,0,0,0,0,0,0,0,0,0,0,0,0,14968,0,0,0
1743620383.001852,600855,21068469,0,nscratch,nscratch-ffffa03b0426b000,0,0,10355247390040,905049378378,0,0,98179,0,0,0,0,0,0,0,0,0,0,0,0,0,0,0,0,0,0,0,0,0,0,0,0,60771,0,0,0
1743620383.002001,600855,21068469,0,pscratch,pscratch-ffffa03b0861a000,0,0,219402878101,374678341559,0,0,30987,0,0,0,0,0,0,0,0,0,0,0,0,0,0,0,0,0,0,0,0,0,0,0,0,14968,0,0,0
1743620384.001404,600855,21068469,0,nscratch,nscratch-ffffa03b0426b000,0,0,10355247390040,905049378378,0,0,98179,0,0,0,0,0,0,0,0,0,0,0,0,0,0,0,0,0,0,0,0,0,0,0,0,60771,0,0,0
1743620384.001545,600855,21068469,0,pscratch,pscratch-ffffa03b0861a000,0,0,219402878101,374678341559,0,0,30987,0,0,0,0,0,0,0,0,0,0,0,0,0,0,0,0,0,0,0,0,0,0,0,0,14968,0,0,0
1743620385.002035,600855,21068469,0,nscratch,nscratch-ffffa03b0426b000,0,0,10355247390040,905049378378,0,0,98179,0,0,0,0,0,0,0,0,0,0,0,0,0,0,0,0,0,0,0,0,0,0,0,0,60771,0,0,0
1743620385.002158,600855,21068469,0,pscratch,pscratch-ffffa03b0861a000,0,0,219402878101,374678341559,0,0,30987,0,0,0,0,0,0,0,0,0,0,0,0,0,0,0,0,0,0,0,0,0,0,0,0,14968,0,0,0
1743620386.001582,600855,21068469,0,nscratch,nscratch-ffffa03b0426b000,0,0,10355247390040,905049378378,0,0,98179,0,0,0,0,0,0,0,0,0,0,0,0,0,0,0,0,0,0,0,0,0,0,0,0,60771,0,0,0
1743620386.001746,600855,21068469,0,pscratch,pscratch-ffffa03b0861a000,0,0,219402878101,374678341559,0,0,30987,0,0,0,0,0,0,0,0,0,0,0,0,0,0,0,0,0,0,0,0,0,0,0,0,14968,0,0,0
1743620387.002061,600855,21068469,0,nscratch,nscratch-ffffa03b0426b000,0,0,10355247390040,905049378378,0,0,98179,0,0,0,0,0,0,0,0,0,0,0,0,0,0,0,0,0,0,0,0,0,0,0,0,60771,0,0,0
1743620387.002211,600855,21068469,0,pscratch,pscratch-ffffa03b0861a000,0,0,219402878101,374678341559,0,0,30987,0,0,0,0,0,0,0,0,0,0,0,0,0,0,0,0,0,0,0,0,0,0,0,0,14968,0,0,0
1743620388.001851,600855,21068469,0,nscratch,nscratch-ffffa03b0426b000,0,0,10355247390040,905049378378,0,0,98179,0,0,0,0,0,0,0,0,0,0,0,0,0,0,0,0,0,0,0,0,0,0,0,0,60771,0,0,0
1743620388.001919,600855,21068469,0,pscratch,pscratch-ffffa03b0861a000,0,0,219402878101,374678341559,0,0,30987,0,0,0,0,0,0,0,0,0,0,0,0,0,0,0,0,0,0,0,0,0,0,0,0,14968,0,0,0
1743620389.002475,600855,21068469,0,nscratch,nscratch-ffffa03b0426b000,0,0,10355247390040,905049378378,0,0,98179,0,0,0,0,0,0,0,0,0,0,0,0,0,0,0,0,0,0,0,0,0,0,0,0,60771,0,0,0
1743620389.002540,600855,21068469,0,pscratch,pscratch-ffffa03b0861a000,0,0,219402878101,374678341559,0,0,30987,0,0,0,0,0,0,0,0,0,0,0,0,0,0,0,0,0,0,0,0,0,0,0,0,14968,0,0,0
1743620390.001838,600855,21068469,0,nscratch,nscratch-ffffa03b0426b000,0,0,10355247390040,905049378378,0,0,98179,0,0,0,0,0,0,0,0,0,0,0,0,0,0,0,0,0,0,0,0,0,0,0,0,60771,0,0,0
1743620390.001918,600855,21068469,0,pscratch,pscratch-ffffa03b0861a000,0,0,219402878101,374678341559,0,0,30987,0,0,0,0,0,0,0,0,0,0,0,0,0,0,0,0,0,0,0,0,0,0,0,0,14968,0,0,0
