timestamp,component_id,job_id,app_id,fs_name,llite,dirty_pages_hits,dirty_pages_misses,read_bytes.sum,write_bytes.sum,brw_read.sum,brw_write.sum,ioctl,open,close,mmap,page_fault,page_mkwrite,seek,fsync,readdir,setattr,truncate,flock,getattr,create,link,unlink,symlink,mkdir,rmdir,mknod,rename,statfs,alloc_inode,setxattr,getxattr,getxattr_hits,listxattr,removexattr,inode_permission
1743620471.001709,600855,21068471,0,nscratch,nscratch-ffffa03b0426b000,0,0,10355247390040,905049378378,0,0,98179,0,0,0,0,0,0,0,0,0,0,0,0,0,0,0,0,0,0,0,0,0,0,0,0,60771,0,0,0
1743620471.001802,600855,21068471,0,pscratch,pscratch-ffffa03b0861a000,0,0,219402878101,374678341559,0,0,30987,0,0,0,0,0,0,0,0,0,0,0,0,0,0,0,0,0,0,0,0,0,0,0,0,14968,0,0,0
1743620472.002114,600855,21068471,0,nscratch,nscratch-ffffa03b0426b000,0,0,10355247390040,905049378378,0,0,98179,0,0,0,0,0,0,0,0,0,0,0,0,0,0,0,0,0,0,0,0,0,0,0,0,60771,0,0,0
1743620472.002204,600855,21068471,0,pscratch,pscratch-ffffa03b0861a000,0,0,219402878101,374678341559,0,0,30987,0,0,0,0,0,0,0,0,0,0,0,0,0,0,0,0,0,0,0,0,0,0,0,0,14968,0,0,0
1743620473.001522,600855,21068471,0,nscratch,nscratch-ffffa03b0426b000,0,0,10355247390040,905049378378,0,0,98179,0,0,0,0,0,0,0,0,0,0,0,0,0,0,0,0,0,0,0,0,0,0,0,0,60771,0,0,0
1743620473.001587,600855,21068471,0,pscratch,pscratch-ffffa03b0861a000,0,0,219402878101,374678341559,0,0,30987,0,0,0,0,0,0,0,0,0,0,0,0,0,0,0,0,0,0,0,0,0,0,0,0,14968,0,0,0
1743620474.001819,600855,21068471,0,nscratch,nscratch-ffffa03b0426b000,0,0,10355247390040,905049378378,0,0,98179,0,0,0,0,0,0,0,0,0,0,0,0,0,0,0,0,0,0,0,0,0,0,0,0,60771,0,0,0
1743620474.001888,600855,21068471,0,pscratch,pscratch-ffffa03b0861a000,0,0,219402878101,374678341559,0,0,30987,0,0,0,0,0,0,0,0,0,0,0,0,0,0,0,0,0,0,0,0,0,0,0,0,14968,0,0,0
1743620475.001325,600855,21068471,0,nscratch,nscratch-ffffa03b0426b000,0,0,10355247390040,905049378378,0,0,98179,0,0,0,0,0,0,0,0,0,0,0,0,0,0,0,0,0,0,0,0,0,0,0,0,60771,0,0,0
1743620475.001392,600855,21068471,0,pscratch,pscratch-ffffa03b0861a000,0,0,219402878101,374678341559,0,0,30987,0,0,0,0,0,0,0,0,0,0,0,0,0,0,0,0,0,0,0,0,0,0,0,0,14968,0,0,0
1743620476.000995,600855,21068471,0,nscratch,nscratch-ffffa03b0426b000,0,0,10355247390040,905049378378,0,0,98179,0,0,0,0,0,0,0,0,0,0,0,0,0,0,0,0,0,0,0,0,0,0,0,0,60771,0,0,0
1743620476.001062,600855,21068471,0,pscratch,pscratch-ffffa03b0861a000,0,0,219402878101,374678341559,0,0,30987,0,0,0,0,0,0,0,0,0,0,0,0,0,0,0,0,0,0,0,0,0,0,0,0,14968,0,0,0
1743620477.000896,600855,21068471,0,nscratch,nscratch-ffffa03b0426b000,0,0,10355247390040,905049378378,0,0,98179,0,0,0,0,0,0,0,0,0,0,0,0,0,0,0,0,0,0,0,0,0,0,0,0,60771,0,0,0
1743620477.001000,600855,21068471,0,pscratch,pscratch-ffffa03b0861a000,0,0,219402878101,374678341559,0,0,30987,0,0,0,0,0,0,0,0,0,0,0,0,0,0,0,0,0,0,0,0,0,0,0,0,14968,0,0,0
1743620478.001155,600855,21068471,0,nscratch,nscratch-ffffa03b0426b000,0,0,10355247390040,905049378378,0,0,98179,0,0,0,0,0,0,0,0,0,0,0,0,0,0,0,0,0,0,0,0,0,0,0,0,60771,0,0,0
1743620478.001281,600855,21068471,0,pscratch,pscratch-ffffa03b0861a000,0,0,219402878101,374678341559,0,0,30987,0,0,0,0,0,0,0,0,0,0,0,0,0,0,0,0,0,0,0,0,0,0,0,0,14968,0,0,0
1743620479.001037,600855,21068471,0,nscratch,nscratch-ffffa03b0426b000,0,0,10355247390040,905049378378,0,0,98179,0,0,0,0,0,0,0,0,0,0,0,0,0,0,0,0,0,0,0,0,0,0,0,0,60771,0,0,0
1743620479.001128,600855,21068471,0,pscratch,pscratch-ffffa03b0861a000,0,0,219402878101,374678341559,0,0,30987,0,0,0,0,0,0,0,0,0,0,0,0,0,0,0,0,0,0,0,0,0,0,0,0,14968,0,0,0
1743620480.001366,600855,21068471,0,nscratch,nscratch-ffffa03b0426b000,0,0,10355247390040,905049378378,0,0,98179,0,0,0,0,0,0,0,0,0,0,0,0,0,0,0,0,0,0,0,0,0,0,0,0,60771,0,0,0
1743620480.001460,600855,21068471,0,pscratch,pscratch-ffffa03b0861a000,0,0,219402878101,374678341559,0,0,30987,0,0,0,0,0,0,0,0,0,0,0,0,0,0,0,0,0,0,0,0,0,0,0,0,14968,0,0,0
1743620481.000988,600855,21068471,0,nscratch,nscratch-ffffa03b0426b000,0,0,10355247390040,905049378378,0,0,98179,0,0,0,0,0,0,0,0,0,0,0,0,0,0,0,0,0,0,0,0,0,0,0,0,60771,0,0,0
1743620481.001083,600855,21068471,0,pscratch,pscratch-ffffa03b0861a000,0,0,219402878101,374678341559,0,0,30987,0,0,0,0,0,0,0,0,0,0,0,0,0,0,0,0,0,0,0,0,0,0,0,0,14968,0,0,0
1743620482.001572,600855,21068471,0,nscratch,nscratch-ffffa03b0426b000,0,0,10355247390040,905049378378,0,0,98179,0,0,0,0,0,0,0,0,0,0,0,0,0,0,0,0,0,0,0,0,0,0,0,0,60771,0,0,0
1743620482.001681,600855,21068471,0,pscratch,pscratch-ffffa03b0861a000,0,0,219402878101,374678341559,0,0,30987,0,0,0,0,0,0,0,0,0,0,0,0,0,0,0,0,0,0,0,0,0,0,0,0,14968,0,0,0
1743620483.002010,600855,21068471,0,nscratch,nscratch-ffffa03b0426b000,0,0,10355247390040,905049378378,0,0,98179,0,0,0,0,0,0,0,0,0,0,0,0,0,0,0,0,0,0,0,0,0,0,0,0,60771,0,0,0
1743620483.002172,600855,21068471,0,pscratch,pscratch-ffffa03b0861a000,0,0,219402878101,374678341559,0,0,30987,0,0,0,0,0,0,0,0,0,0,0,0,0,0,0,0,0,0,0,0,0,0,0,0,14968,0,0,0
1743620484.001966,600855,21068471,0,nscratch,nscratch-ffffa03b0426b000,0,0,10355247390040,905049378378,0,0,98179,0,0,0,0,0,0,0,0,0,0,0,0,0,0,0,0,0,0,0,0,0,0,0,0,60771,0,0,0
1743620484.002136,600855,21068471,0,pscratch,pscratch-ffffa03b0861a000,0,0,219402878101,374678341559,0,0,30987,0,0,0,0,0,0,0,0,0,0,0,0,0,0,0,0,0,0,0,0,0,0,0,0,14968,0,0,0
1743620485.001721,600855,21068471,0,nscratch,nscratch-ffffa03b0426b000,0,0,10355247390040,905049378378,0,0,98179,0,0,0,0,0,0,0,0,0,0,0,0,0,0,0,0,0,0,0,0,0,0,0,0,60771,0,0,0
1743620485.001864,600855,21068471,0,pscratch,pscratch-ffffa03b0861a000,0,0,219402878101,374678341559,0,0,30987,0,0,0,0,0,0,0,0,0,0,0,0,0,0,0,0,0,0,0,0,0,0,0,0,14968,0,0,0
1743620486.001929,600855,21068471,0,nscratch,nscratch-ffffa03b0426b000,0,0,10355247390040,905049378378,0,0,98179,0,0,0,0,0,0,0,0,0,0,0,0,0,0,0,0,0,0,0,0,0,0,0,0,60771,0,0,0
1743620486.002092,600855,21068471,0,pscratch,pscratch-ffffa03b0861a000,0,0,219402878101,374678341559,0,0,30987,0,0,0,0,0,0,0,0,0,0,0,0,0,0,0,0,0,0,0,0,0,0,0,0,14968,0,0,0
1743620487.001844,600855,21068471,0,nscratch,nscratch-ffffa03b0426b000,0,0,10355247390040,905049378378,0,0,98179,0,0,0,0,0,0,0,0,0,0,0,0,0,0,0,0,0,0,0,0,0,0,0,0,60771,0,0,0
1743620487.001998,600855,21068471,0,pscratch,pscratch-ffffa03b0861a000,0,0,219402878101,374678341559,0,0,30987,0,0,0,0,0,0,0,0,0,0,0,0,0,0,0,0,0,0,0,0,0,0,0,0,14968,0,0,0
1743620488.001154,600855,21068471,0,nscratch,nscratch-ffffa03b0426b000,0,0,10355247390040,905049378378,0,0,98179,0,0,0,0,0,0,0,0,0,0,0,0,0,0,0,0,0,0,0,0,0,0,0,0,60771,0,0,0
1743620488.001303,600855,21068471,0,pscratch,pscratch-ffffa03b0861a000,0,0,219402878101,374678341559,0,0,30987,0,0,0,0,0,0,0,0,0,0,0,0,0,0,0,0,0,0,0,0,0,0,0,0,14968,0,0,0
1743620489.001483,600855,21068471,0,nscratch,nscratch-ffffa03b0426b000,0,0,10355247390040,905049378378,0,0,98179,0,0,0,0,0,0,0,0,0,0,0,0,0,0,0,0,0,0,0,0,0,0,0,0,60771,0,0,0
1743620489.001590,600855,21068471,0,pscratch,pscratch-ffffa03b0861a000,0,0,219402878101,374678341559,0,0,30987,0,0,0,0,0,0,0,0,0,0,0,0,0,0,0,0,0,0,0,0,0,0,0,0,14968,0,0,0
1743620490.002137,600855,21068471,0,nscratch,nscratch-ffffa03b0426b000,0,0,10355247390040,905049378378,0,0,98179,0,0,0,0,0,0,0,0,0,0,0,0,0,0,0,0,0,0,0,0,0,0,0,0,60771,0,0,0
1743620490.002247,600855,21068471,0,pscratch,pscratch-ffffa03b0861a000,0,0,219402878101,374678341559,0,0,30987,0,0,0,0,0,0,0,0,0,0,0,0,0,0,0,0,0,0,0,0,0,0,0,0,14968,0,0,0
1743620491.001633,600855,21068471,0,nscratch,nscratch-ffffa03b0426b000,0,0,10355247390040,905049378378,0,0,98179,0,0,0,0,0,0,0,0,0,0,0,0,0,0,0,0,0,0,0,0,0,0,0,0,60771,0,0,0
1743620491.001740,600855,21068471,0,pscratch,pscratch-ffffa03b0861a000,0,0,219402878101,374678341559,0,0,30987,0,0,0,0,0,0,0,0,0,0,0,0,0,0,0,0,0,0,0,0,0,0,0,0,14968,0,0,0
1743620492.001813,600855,21068471,0,nscratch,nscratch-ffffa03b0426b000,0,0,10355247390040,905049378378,0,0,98179,0,0,0,0,0,0,0,0,0,0,0,0,0,0,0,0,0,0,0,0,0,0,0,0,60771,0,0,0
1743620492.001926,600855,21068471,0,pscratch,pscratch-ffffa03b0861a000,0,0,219402878101,374678341559,0,0,30987,0,0,0,0,0,0,0,0,0,0,0,0,0,0,0,0,0,0,0,0,0,0,0,0,14968,0,0,0
1743620493.000937,600855,21068471,0,nscratch,nscratch-ffffa03b0426b000,0,0,10355247390040,905049378378,0,0,98179,0,0,0,0,0,0,0,0,0,0,0,0,0,0,0,0,0,0,0,0,0,0,0,0,60771,0,0,0
1743620493.001004,600855,21068471,0,pscratch,pscratch-ffffa03b0861a000,0,0,219402878101,374678341559,0,0,30987,0,0,0,0,0,0,0,0,0,0,0,0,0,0,0,0,0,0,0,0,0,0,0,0,14968,0,0,0
1743620494.001479,600855,21068471,0,nscratch,nscratch-ffffa03b0426b000,0,0,10355247390040,905049378378,0,0,98179,0,0,0,0,0,0,0,0,0,0,0,0,0,0,0,0,0,0,0,0,0,0,0,0,60771,0,0,0
1743620494.001593,600855,21068471,0,pscratch,pscratch-ffffa03b0861a000,0,0,219402878101,374678341559,0,0,30987,0,0,0,0,0,0,0,0,0,0,0,0,0,0,0,0,0,0,0,0,0,0,0,0,14968,0,0,0
1743620495.001846,600855,21068471,0,nscratch,nscratch-ffffa03b0426b000,0,0,10355247390040,905049378378,0,0,98179,0,0,0,0,0,0,0,0,0,0,0,0,0,0,0,0,0,0,0,0,0,0,0,0,60771,0,0,0
1743620495.001964,600855,21068471,0,pscratch,pscratch-ffffa03b0861a000,0,0,219402878101,374678341559,0,0,30987,0,0,0,0,0,0,0,0,0,0,0,0,0,0,0,0,0,0,0,0,0,0,0,0,14968,0,0,0
1743620496.000920,600855,21068471,0,nscratch,nscratch-ffffa03b0426b000,0,0,10355247390040,905049378378,0,0,98179,0,0,0,0,0,0,0,0,0,0,0,0,0,0,0,0,0,0,0,0,0,0,0,0,60771,0,0,0
1743620496.001013,600855,21068471,0,pscratch,pscratch-ffffa03b0861a000,0,0,219402878101,374678341559,0,0,30987,0,0,0,0,0,0,0,0,0,0,0,0,0,0,0,0,0,0,0,0,0,0,0,0,14968,0,0,0
1743620497.001589,600855,21068471,0,nscratch,nscratch-ffffa03b0426b000,0,0,10355247390040,905049378378,0,0,98179,0,0,0,0,0,0,0,0,0,0,0,0,0,0,0,0,0,0,0,0,0,0,0,0,60771,0,0,0
1743620497.001747,600855,21068471,0,pscratch,pscratch-ffffa03b0861a000,0,0,219402878101,374678341559,0,0,30987,0,0,0,0,0,0,0,0,0,0,0,0,0,0,0,0,0,0,0,0,0,0,0,0,14968,0,0,0
1743620498.001836,600855,21068471,0,nscratch,nscratch-ffffa03b0426b000,0,0,10355247390040,905049378378,0,0,98179,0,0,0,0,0,0,0,0,0,0,0,0,0,0,0,0,0,0,0,0,0,0,0,0,60771,0,0,0
1743620498.001952,600855,21068471,0,pscratch,pscratch-ffffa03b0861a000,0,0,219402878101,374678341559,0,0,30987,0,0,0,0,0,0,0,0,0,0,0,0,0,0,0,0,0,0,0,0,0,0,0,0,14968,0,0,0
1743620499.001012,600855,21068471,0,nscratch,nscratch-ffffa03b0426b000,0,0,10355247390040,905049378378,0,0,98179,0,0,0,0,0,0,0,0,0,0,0,0,0,0,0,0,0,0,0,0,0,0,0,0,60771,0,0,0
1743620499.001123,600855,21068471,0,pscratch,pscratch-ffffa03b0861a000,0,0,219402878101,374678341559,0,0,30987,0,0,0,0,0,0,0,0,0,0,0,0,0,0,0,0,0,0,0,0,0,0,0,0,14968,0,0,0
1743620500.001067,600855,21068471,0,nscratch,nscratch-ffffa03b0426b000,0,0,10355247390040,905049378378,0,0,98179,0,0,0,0,0,0,0,0,0,0,0,0,0,0,0,0,0,0,0,0,0,0,0,0,60771,0,0,0
1743620500.001181,600855,21068471,0,pscratch,pscratch-ffffa03b0861a000,0,0,219402878101,374678341559,0,0,30987,0,0,0,0,0,0,0,0,0,0,0,0,0,0,0,0,0,0,0,0,0,0,0,0,14968,0,0,0
1743620501.001502,600855,21068471,0,nscratch,nscratch-ffffa03b0426b000,0,0,10355247390040,905049378378,0,0,98179,0,0,0,0,0,0,0,0,0,0,0,0,0,0,0,0,0,0,0,0,0,0,0,0,60771,0,0,0
1743620501.001684,600855,21068471,0,pscratch,pscratch-ffffa03b0861a000,0,0,219402878101,374678341559,0,0,30987,0,0,0,0,0,0,0,0,0,0,0,0,0,0,0,0,0,0,0,0,0,0,0,0,14968,0,0,0
1743620502.002442,600855,21068471,0,nscratch,nscratch-ffffa03b0426b000,0,0,10355247390040,905049378378,0,0,98179,0,0,0,0,0,0,0,0,0,0,0,0,0,0,0,0,0,0,0,0,0,0,0,0,60771,0,0,0
1743620502.002588,600855,21068471,0,pscratch,pscratch-ffffa03b0861a000,0,0,219402878101,374678341559,0,0,30987,0,0,0,0,0,0,0,0,0,0,0,0,0,0,0,0,0,0,0,0,0,0,0,0,14968,0,0,0
1743620503.002157,600855,21068471,0,nscratch,nscratch-ffffa03b0426b000,0,0,10355247390040,905049378378,0,0,98179,0,0,0,0,0,0,0,0,0,0,0,0,0,0,0,0,0,0,0,0,0,0,0,0,60771,0,0,0
1743620503.002295,600855,21068471,0,pscratch,pscratch-ffffa03b0861a000,0,0,219402878101,374678341559,0,0,30987,0,0,0,0,0,0,0,0,0,0,0,0,0,0,0,0,0,0,0,0,0,0,0,0,14968,0,0,0
1743620504.001992,600855,21068471,0,nscratch,nscratch-ffffa03b0426b000,0,0,10355247390040,905049378378,0,0,98179,0,0,0,0,0,0,0,0,0,0,0,0,0,0,0,0,0,0,0,0,0,0,0,0,60771,0,0,0
1743620504.002247,600855,21068471,0,pscratch,pscratch-ffffa03b0861a000,0,0,219402878101,374678341559,0,0,30987,0,0,0,0,0,0,0,0,0,0,0,0,0,0,0,0,0,0,0,0,0,0,0,0,14968,0,0,0
1743620505.002151,600855,21068471,0,nscratch,nscratch-ffffa03b0426b000,0,0,10355247390040,905049378378,0,0,98179,0,0,0,0,0,0,0,0,0,0,0,0,0,0,0,0,0,0,0,0,0,0,0,0,60771,0,0,0
1743620505.002308,600855,21068471,0,pscratch,pscratch-ffffa03b0861a000,0,0,219402878101,374678341559,0,0,30987,0,0,0,0,0,0,0,0,0,0,0,0,0,0,0,0,0,0,0,0,0,0,0,0,14968,0,0,0
1743620506.002329,600855,21068471,0,nscratch,nscratch-ffffa03b0426b000,0,0,10355247390040,905049378378,0,0,98179,0,0,0,0,0,0,0,0,0,0,0,0,0,0,0,0,0,0,0,0,0,0,0,0,60771,0,0,0
1743620506.002570,600855,21068471,0,pscratch,pscratch-ffffa03b0861a000,0,0,219402878101,374678341559,0,0,30987,0,0,0,0,0,0,0,0,0,0,0,0,0,0,0,0,0,0,0,0,0,0,0,0,14968,0,0,0
1743620507.001901,600855,21068471,0,nscratch,nscratch-ffffa03b0426b000,0,0,10355247390040,905049378378,0,0,98179,0,0,0,0,0,0,0,0,0,0,0,0,0,0,0,0,0,0,0,0,0,0,0,0,60771,0,0,0
1743620507.002053,600855,21068471,0,pscratch,pscratch-ffffa03b0861a000,0,0,219402878101,374678341559,0,0,30987,0,0,0,0,0,0,0,0,0,0,0,0,0,0,0,0,0,0,0,0,0,0,0,0,14968,0,0,0
1743620508.001862,600855,21068471,0,nscratch,nscratch-ffffa03b0426b000,0,0,10355247390040,905049378378,0,0,98179,0,0,0,0,0,0,0,0,0,0,0,0,0,0,0,0,0,0,0,0,0,0,0,0,60771,0,0,0
1743620508.002022,600855,21068471,0,pscratch,pscratch-ffffa03b0861a000,0,0,219402878101,374678341559,0,0,30987,0,0,0,0,0,0,0,0,0,0,0,0,0,0,0,0,0,0,0,0,0,0,0,0,14968,0,0,0
1743620509.001654,600855,21068471,0,nscratch,nscratch-ffffa03b0426b000,0,0,10355247390040,905049378378,0,0,98179,0,0,0,0,0,0,0,0,0,0,0,0,0,0,0,0,0,0,0,0,0,0,0,0,60771,0,0,0
1743620509.001811,600855,21068471,0,pscratch,pscratch-ffffa03b0861a000,0,0,219402878101,374678341559,0,0,30987,0,0,0,0,0,0,0,0,0,0,0,0,0,0,0,0,0,0,0,0,0,0,0,0,14968,0,0,0
1743620510.001891,600855,21068471,0,nscratch,nscratch-ffffa03b0426b000,0,0,10355247390040,905049378378,0,0,98179,0,0,0,0,0,0,0,0,0,0,0,0,0,0,0,0,0,0,0,0,0,0,0,0,60771,0,0,0
1743620510.002020,600855,21068471,0,pscratch,pscratch-ffffa03b0861a000,0,0,219402878101,374678341559,0,0,30987,0,0,0,0,0,0,0,0,0,0,0,0,0,0,0,0,0,0,0,0,0,0,0,0,14968,0,0,0
1743620511.001044,600855,21068471,0,nscratch,nscratch-ffffa03b0426b000,0,0,10355247390040,905049378378,0,0,98179,0,0,0,0,0,0,0,0,0,0,0,0,0,0,0,0,0,0,0,0,0,0,0,0,60771,0,0,0
1743620511.001160,600855,21068471,0,pscratch,pscratch-ffffa03b0861a000,0,0,219402878101,374678341559,0,0,30987,0,0,0,0,0,0,0,0,0,0,0,0,0,0,0,0,0,0,0,0,0,0,0,0,14968,0,0,0
1743620512.001376,600855,21068471,0,nscratch,nscratch-ffffa03b0426b000,0,0,10355247390040,905049378378,0,0,98179,0,0,0,0,0,0,0,0,0,0,0,0,0,0,0,0,0,0,0,0,0,0,0,0,60771,0,0,0
1743620512.001564,600855,21068471,0,pscratch,pscratch-ffffa03b0861a000,0,0,219402878101,374678341559,0,0,30987,0,0,0,0,0,0,0,0,0,0,0,0,0,0,0,0,0,0,0,0,0,0,0,0,14968,0,0,0
1743620513.000892,600855,21068471,0,nscratch,nscratch-ffffa03b0426b000,0,0,10355247390040,905049378378,0,0,98179,0,0,0,0,0,0,0,0,0,0,0,0,0,0,0,0,0,0,0,0,0,0,0,0,60771,0,0,0
1743620513.001011,600855,21068471,0,pscratch,pscratch-ffffa03b0861a000,0,0,219402878101,374678341559,0,0,30987,0,0,0,0,0,0,0,0,0,0,0,0,0,0,0,0,0,0,0,0,0,0,0,0,14968,0,0,0
1743620514.001314,600855,21068471,0,nscratch,nscratch-ffffa03b0426b000,0,0,10355247390040,905049378378,0,0,98179,0,0,0,0,0,0,0,0,0,0,0,0,0,0,0,0,0,0,0,0,0,0,0,0,60771,0,0,0
1743620514.001501,600855,21068471,0,pscratch,pscratch-ffffa03b0861a000,0,0,219402878101,374678341559,0,0,30987,0,0,0,0,0,0,0,0,0,0,0,0,0,0,0,0,0,0,0,0,0,0,0,0,14968,0,0,0
1743620515.001066,600855,21068471,0,nscratch,nscratch-ffffa03b0426b000,0,0,10355247390040,905049378378,0,0,98179,0,0,0,0,0,0,0,0,0,0,0,0,0,0,0,0,0,0,0,0,0,0,0,0,60771,0,0,0
1743620515.001182,600855,21068471,0,pscratch,pscratch-ffffa03b0861a000,0,0,219402878101,374678341559,0,0,30987,0,0,0,0,0,0,0,0,0,0,0,0,0,0,0,0,0,0,0,0,0,0,0,0,14968,0,0,0
1743620516.001513,600855,21068471,0,nscratch,nscratch-ffffa03b0426b000,0,0,10355247390040,905049378378,0,0,98179,0,0,0,0,0,0,0,0,0,0,0,0,0,0,0,0,0,0,0,0,0,0,0,0,60771,0,0,0
1743620516.001697,600855,21068471,0,pscratch,pscratch-ffffa03b0861a000,0,0,219402878101,374678341559,0,0,30987,0,0,0,0,0,0,0,0,0,0,0,0,0,0,0,0,0,0,0,0,0,0,0,0,14968,0,0,0
1743620517.002061,600855,21068471,0,nscratch,nscratch-ffffa03b0426b000,0,0,10355247390040,905049378378,0,0,98179,0,0,0,0,0,0,0,0,0,0,0,0,0,0,0,0,0,0,0,0,0,0,0,0,60771,0,0,0
1743620517.002175,600855,21068471,0,pscratch,pscratch-ffffa03b0861a000,0,0,219402878101,374678341559,0,0,30987,0,0,0,0,0,0,0,0,0,0,0,0,0,0,0,0,0,0,0,0,0,0,0,0,14968,0,0,0
1743620518.001682,600855,21068471,0,nscratch,nscratch-ffffa03b0426b000,0,0,10355247390040,905049378378,0,0,98179,0,0,0,0,0,0,0,0,0,0,0,0,0,0,0,0,0,0,0,0,0,0,0,0,60771,0,0,0
1743620518.001799,600855,21068471,0,pscratch,pscratch-ffffa03b0861a000,0,0,219402878101,374678341559,0,0,30987,0,0,0,0,0,0,0,0,0,0,0,0,0,0,0,0,0,0,0,0,0,0,0,0,14968,0,0,0
1743620519.002037,600855,21068471,0,nscratch,nscratch-ffffa03b0426b000,0,0,10355247390040,905049378378,0,0,98179,0,0,0,0,0,0,0,0,0,0,0,0,0,0,0,0,0,0,0,0,0,0,0,0,60771,0,0,0
1743620519.002144,600855,21068471,0,pscratch,pscratch-ffffa03b0861a000,0,0,219402878101,374678341559,0,0,30987,0,0,0,0,0,0,0,0,0,0,0,0,0,0,0,0,0,0,0,0,0,0,0,0,14968,0,0,0
1743620520.001779,600855,21068471,0,nscratch,nscratch-ffffa03b0426b000,0,0,10355247390040,905049378378,0,0,98179,0,0,0,0,0,0,0,0,0,0,0,0,0,0,0,0,0,0,0,0,0,0,0,0,60771,0,0,0
1743620520.001901,600855,21068471,0,pscratch,pscratch-ffffa03b0861a000,0,0,219402878101,374678341559,0,0,30987,0,0,0,0,0,0,0,0,0,0,0,0,0,0,0,0,0,0,0,0,0,0,0,0,14968,0,0,0
1743620521.002517,600855,21068471,0,nscratch,nscratch-ffffa03b0426b000,0,0,10355247390040,905049378378,0,0,98179,0,0,0,0,0,0,0,0,0,0,0,0,0,0,0,0,0,0,0,0,0,0,0,0,60771,0,0,0
1743620521.002647,600855,21068471,0,pscratch,pscratch-ffffa03b0861a000,0,0,219402878101,374678341559,0,0,30987,0,0,0,0,0,0,0,0,0,0,0,0,0,0,0,0,0,0,0,0,0,0,0,0,14968,0,0,0
1743620522.001873,600855,21068471,0,nscratch,nscratch-ffffa03b0426b000,0,0,10355247390040,905049378378,0,0,98179,0,0,0,0,0,0,0,0,0,0,0,0,0,0,0,0,0,0,0,0,0,0,0,0,60771,0,0,0
1743620522.001978,600855,21068471,0,pscratch,pscratch-ffffa03b0861a000,0,0,219402878101,374678341559,0,0,30987,0,0,0,0,0,0,0,0,0,0,0,0,0,0,0,0,0,0,0,0,0,0,0,0,14968,0,0,0
1743620523.001570,600855,21068471,0,nscratch,nscratch-ffffa03b0426b000,0,0,10355247390040,905049378378,0,0,98179,0,0,0,0,0,0,0,0,0,0,0,0,0,0,0,0,0,0,0,0,0,0,0,0,60771,0,0,0
1743620523.001697,600855,21068471,0,pscratch,pscratch-ffffa03b0861a000,0,0,219402878101,374678341559,0,0,30987,0,0,0,0,0,0,0,0,0,0,0,0,0,0,0,0,0,0,0,0,0,0,0,0,14968,0,0,0
1743620524.002189,600855,21068471,0,nscratch,nscratch-ffffa03b0426b000,0,0,10355247390040,905049378378,0,0,98179,0,0,0,0,0,0,0,0,0,0,0,0,0,0,0,0,0,0,0,0,0,0,0,0,60771,0,0,0
1743620524.002293,600855,21068471,0,pscratch,pscratch-ffffa03b0861a000,0,0,219402878101,374678341559,0,0,30987,0,0,0,0,0,0,0,0,0,0,0,0,0,0,0,0,0,0,0,0,0,0,0,0,14968,0,0,0
1743620525.001563,600855,21068471,0,nscratch,nscratch-ffffa03b0426b000,0,0,10355247390040,905049378378,0,0,98179,0,0,0,0,0,0,0,0,0,0,0,0,0,0,0,0,0,0,0,0,0,0,0,0,60771,0,0,0
1743620525.001690,600855,21068471,0,pscratch,pscratch-ffffa03b0861a000,0,0,219402878101,374678341559,0,0,30987,0,0,0,0,0,0,0,0,0,0,0,0,0,0,0,0,0,0,0,0,0,0,0,0,14968,0,0,0
1743620526.002281,600855,21068471,0,nscratch,nscratch-ffffa03b0426b000,0,0,10355247390040,905049378378,0,0,98179,0,0,0,0,0,0,0,0,0,0,0,0,0,0,0,0,0,0,0,0,0,0,0,0,60771,0,0,0
1743620526.002380,600855,21068471,0,pscratch,pscratch-ffffa03b0861a000,0,0,219402878101,374678341559,0,0,30987,0,0,0,0,0,0,0,0,0,0,0,0,0,0,0,0,0,0,0,0,0,0,0,0,14968,0,0,0
1743620527.001181,600855,21068471,0,nscratch,nscratch-ffffa03b0426b000,0,0,10355247390040,905049378378,0,0,98179,0,0,0,0,0,0,0,0,0,0,0,0,0,0,0,0,0,0,0,0,0,0,0,0,60771,0,0,0
1743620527.001294,600855,21068471,0,pscratch,pscratch-ffffa03b0861a000,0,0,219402878101,374678341559,0,0,30987,0,0,0,0,0,0,0,0,0,0,0,0,0,0,0,0,0,0,0,0,0,0,0,0,14968,0,0,0
1743620528.000859,600855,21068471,0,nscratch,nscratch-ffffa03b0426b000,0,0,10355247390040,905049378378,0,0,98179,0,0,0,0,0,0,0,0,0,0,0,0,0,0,0,0,0,0,0,0,0,0,0,0,60771,0,0,0
1743620528.000976,600855,21068471,0,pscratch,pscratch-ffffa03b0861a000,0,0,219402878101,374678341559,0,0,30987,0,0,0,0,0,0,0,0,0,0,0,0,0,0,0,0,0,0,0,0,0,0,0,0,14968,0,0,0
1743620529.001044,600855,21068471,0,nscratch,nscratch-ffffa03b0426b000,0,0,10355247390040,905049378378,0,0,98179,0,0,0,0,0,0,0,0,0,0,0,0,0,0,0,0,0,0,0,0,0,0,0,0,60771,0,0,0
1743620529.001159,600855,21068471,0,pscratch,pscratch-ffffa03b0861a000,0,0,219402878101,374678341559,0,0,30987,0,0,0,0,0,0,0,0,0,0,0,0,0,0,0,0,0,0,0,0,0,0,0,0,14968,0,0,0
1743620530.001695,600855,21068471,0,nscratch,nscratch-ffffa03b0426b000,0,0,10355247390040,905049378378,0,0,98179,0,0,0,0,0,0,0,0,0,0,0,0,0,0,0,0,0,0,0,0,0,0,0,0,60771,0,0,0
1743620530.001816,600855,21068471,0,pscratch,pscratch-ffffa03b0861a000,0,0,219402878101,374678341559,0,0,30987,0,0,0,0,0,0,0,0,0,0,0,0,0,0,0,0,0,0,0,0,0,0,0,0,14968,0,0,0
1743620531.002289,600855,21068471,0,nscratch,nscratch-ffffa03b0426b000,0,0,10355247390040,905049378378,0,0,98179,0,0,0,0,0,0,0,0,0,0,0,0,0,0,0,0,0,0,0,0,0,0,0,0,60771,0,0,0
1743620531.002482,600855,21068471,0,pscratch,pscratch-ffffa03b0861a000,0,0,219402878101,374678341559,0,0,30987,0,0,0,0,0,0,0,0,0,0,0,0,0,0,0,0,0,0,0,0,0,0,0,0,14968,0,0,0
1743620532.002116,600855,21068471,0,nscratch,nscratch-ffffa03b0426b000,0,0,10355247390040,905049378378,0,0,98179,0,0,0,0,0,0,0,0,0,0,0,0,0,0,0,0,0,0,0,0,0,0,0,0,60771,0,0,0
1743620532.002247,600855,21068471,0,pscratch,pscratch-ffffa03b0861a000,0,0,219402878101,374678341559,0,0,30987,0,0,0,0,0,0,0,0,0,0,0,0,0,0,0,0,0,0,0,0,0,0,0,0,14968,0,0,0
1743620533.001066,600855,21068471,0,nscratch,nscratch-ffffa03b0426b000,0,0,10355247390040,905049378378,0,0,98179,0,0,0,0,0,0,0,0,0,0,0,0,0,0,0,0,0,0,0,0,0,0,0,0,60771,0,0,0
1743620533.001182,600855,21068471,0,pscratch,pscratch-ffffa03b0861a000,0,0,219402878101,374678341559,0,0,30987,0,0,0,0,0,0,0,0,0,0,0,0,0,0,0,0,0,0,0,0,0,0,0,0,14968,0,0,0
1743620534.000889,600855,21068471,0,nscratch,nscratch-ffffa03b0426b000,0,0,10355247390040,905049378378,0,0,98179,0,0,0,0,0,0,0,0,0,0,0,0,0,0,0,0,0,0,0,0,0,0,0,0,60771,0,0,0
1743620534.001006,600855,21068471,0,pscratch,pscratch-ffffa03b0861a000,0,0,219402878101,374678341559,0,0,30987,0,0,0,0,0,0,0,0,0,0,0,0,0,0,0,0,0,0,0,0,0,0,0,0,14968,0,0,0
1743620535.001037,600855,21068471,0,nscratch,nscratch-ffffa03b0426b000,0,0,10355247390040,905049378378,0,0,98179,0,0,0,0,0,0,0,0,0,0,0,0,0,0,0,0,0,0,0,0,0,0,0,0,60771,0,0,0
1743620535.001151,600855,21068471,0,pscratch,pscratch-ffffa03b0861a000,0,0,219402878101,374678341559,0,0,30987,0,0,0,0,0,0,0,0,0,0,0,0,0,0,0,0,0,0,0,0,0,0,0,0,14968,0,0,0
1743620536.001067,600855,21068471,0,nscratch,nscratch-ffffa03b0426b000,0,0,10355247390040,905049378378,0,0,98179,0,0,0,0,0,0,0,0,0,0,0,0,0,0,0,0,0,0,0,0,0,0,0,0,60771,0,0,0
1743620536.001182,600855,21068471,0,pscratch,pscratch-ffffa03b0861a000,0,0,219402878101,374678341559,0,0,30987,0,0,0,0,0,0,0,0,0,0,0,0,0,0,0,0,0,0,0,0,0,0,0,0,14968,0,0,0
1743620537.000919,600855,21068471,0,nscratch,nscratch-ffffa03b0426b000,0,0,10355247390040,905049378378,0,0,98179,0,0,0,0,0,0,0,0,0,0,0,0,0,0,0,0,0,0,0,0,0,0,0,0,60771,0,0,0
1743620537.001037,600855,21068471,0,pscratch,pscratch-ffffa03b0861a000,0,0,219402878101,374678341559,0,0,30987,0,0,0,0,0,0,0,0,0,0,0,0,0,0,0,0,0,0,0,0,0,0,0,0,14968,0,0,0
1743620538.001634,600855,21068471,0,nscratch,nscratch-ffffa03b0426b000,0,0,10355247390040,905049378378,0,0,98179,0,0,0,0,0,0,0,0,0,0,0,0,0,0,0,0,0,0,0,0,0,0,0,0,60771,0,0,0
1743620538.001763,600855,21068471,0,pscratch,pscratch-ffffa03b0861a000,0,0,219402878101,374678341559,0,0,30987,0,0,0,0,0,0,0,0,0,0,0,0,0,0,0,0,0,0,0,0,0,0,0,0,14968,0,0,0
1743620539.002073,600855,21068471,0,nscratch,nscratch-ffffa03b0426b000,0,0,10355247390040,905049378378,0,0,98179,0,0,0,0,0,0,0,0,0,0,0,0,0,0,0,0,0,0,0,0,0,0,0,0,60771,0,0,0
1743620539.002187,600855,21068471,0,pscratch,pscratch-ffffa03b0861a000,0,0,219402878101,374678341559,0,0,30987,0,0,0,0,0,0,0,0,0,0,0,0,0,0,0,0,0,0,0,0,0,0,0,0,14968,0,0,0
1743620540.001382,600855,21068471,0,nscratch,nscratch-ffffa03b0426b000,0,0,10355247390040,905049378378,0,0,98179,0,0,0,0,0,0,0,0,0,0,0,0,0,0,0,0,0,0,0,0,0,0,0,0,60771,0,0,0
1743620540.001510,600855,21068471,0,pscratch,pscratch-ffffa03b0861a000,0,0,219402878101,374678341559,0,0,30987,0,0,0,0,0,0,0,0,0,0,0,0,0,0,0,0,0,0,0,0,0,0,0,0,14968,0,0,0
1743620541.002043,600855,21068471,0,nscratch,nscratch-ffffa03b0426b000,0,0,10355247390040,905049378378,0,0,98179,0,0,0,0,0,0,0,0,0,0,0,0,0,0,0,0,0,0,0,0,0,0,0,0,60771,0,0,0
1743620541.002156,600855,21068471,0,pscratch,pscratch-ffffa03b0861a000,0,0,219402878101,374678341559,0,0,30987,0,0,0,0,0,0,0,0,0,0,0,0,0,0,0,0,0,0,0,0,0,0,0,0,14968,0,0,0
1743620542.001075,600855,21068471,0,nscratch,nscratch-ffffa03b0426b000,0,0,10355247390040,905049378378,0,0,98179,0,0,0,0,0,0,0,0,0,0,0,0,0,0,0,0,0,0,0,0,0,0,0,0,60771,0,0,0
1743620542.001189,600855,21068471,0,pscratch,pscratch-ffffa03b0861a000,0,0,219402878101,374678341559,0,0,30987,0,0,0,0,0,0,0,0,0,0,0,0,0,0,0,0,0,0,0,0,0,0,0,0,14968,0,0,0
1743620543.001164,600855,21068471,0,nscratch,nscratch-ffffa03b0426b000,0,0,10355247390040,905049378378,0,0,98179,0,0,0,0,0,0,0,0,0,0,0,0,0,0,0,0,0,0,0,0,0,0,0,0,60771,0,0,0
1743620543.001281,600855,21068471,0,pscratch,pscratch-ffffa03b0861a000,0,0,219402878101,374678341559,0,0,30987,0,0,0,0,0,0,0,0,0,0,0,0,0,0,0,0,0,0,0,0,0,0,0,0,14968,0,0,0
1743620544.000990,600855,21068471,0,nscratch,nscratch-ffffa03b0426b000,0,0,10355247390040,905049378378,0,0,98179,0,0,0,0,0,0,0,0,0,0,0,0,0,0,0,0,0,0,0,0,0,0,0,0,60771,0,0,0
1743620544.001095,600855,21068471,0,pscratch,pscratch-ffffa03b0861a000,0,0,219402878101,374678341559,0,0,30987,0,0,0,0,0,0,0,0,0,0,0,0,0,0,0,0,0,0,0,0,0,0,0,0,14968,0,0,0
1743620545.001201,600855,21068471,0,nscratch,nscratch-ffffa03b0426b000,0,0,10355247390040,905049378378,0,0,98179,0,0,0,0,0,0,0,0,0,0,0,0,0,0,0,0,0,0,0,0,0,0,0,0,60771,0,0,0
1743620545.001362,600855,21068471,0,pscratch,pscratch-ffffa03b0861a000,0,0,219402878101,374678341559,0,0,30987,0,0,0,0,0,0,0,0,0,0,0,0,0,0,0,0,0,0,0,0,0,0,0,0,14968,0,0,0
1743620546.001705,600855,21068471,0,nscratch,nscratch-ffffa03b0426b000,0,0,10355247390040,905049378378,0,0,98179,0,0,0,0,0,0,0,0,0,0,0,0,0,0,0,0,0,0,0,0,0,0,0,0,60771,0,0,0
1743620546.001873,600855,21068471,0,pscratch,pscratch-ffffa03b0861a000,0,0,219402878101,374678341559,0,0,30987,0,0,0,0,0,0,0,0,0,0,0,0,0,0,0,0,0,0,0,0,0,0,0,0,14968,0,0,0
1743620547.001156,600855,21068471,0,nscratch,nscratch-ffffa03b0426b000,0,0,10355247390040,905049378378,0,0,98179,0,0,0,0,0,0,0,0,0,0,0,0,0,0,0,0,0,0,0,0,0,0,0,0,60771,0,0,0
1743620547.001285,600855,21068471,0,pscratch,pscratch-ffffa03b0861a000,0,0,219402878101,374678341559,0,0,30987,0,0,0,0,0,0,0,0,0,0,0,0,0,0,0,0,0,0,0,0,0,0,0,0,14968,0,0,0
1743620548.001768,600855,21068471,0,nscratch,nscratch-ffffa03b0426b000,0,0,10355247390040,905049378378,0,0,98179,0,0,0,0,0,0,0,0,0,0,0,0,0,0,0,0,0,0,0,0,0,0,0,0,60771,0,0,0
1743620548.001863,600855,21068471,0,pscratch,pscratch-ffffa03b0861a000,0,0,219402878101,374678341559,0,0,30987,0,0,0,0,0,0,0,0,0,0,0,0,0,0,0,0,0,0,0,0,0,0,0,0,14968,0,0,0
1743620549.002090,600855,21068471,0,nscratch,nscratch-ffffa03b0426b000,0,0,10355247390040,905049378378,0,0,98179,0,0,0,0,0,0,0,0,0,0,0,0,0,0,0,0,0,0,0,0,0,0,0,0,60771,0,0,0
1743620549.002190,600855,21068471,0,pscratch,pscratch-ffffa03b0861a000,0,0,219402878101,374678341559,0,0,30987,0,0,0,0,0,0,0,0,0,0,0,0,0,0,0,0,0,0,0,0,0,0,0,0,14968,0,0,0
1743620550.001753,600855,21068471,0,nscratch,nscratch-ffffa03b0426b000,0,0,10355247390040,905049378378,0,0,98179,0,0,0,0,0,0,0,0,0,0,0,0,0,0,0,0,0,0,0,0,0,0,0,0,60771,0,0,0
1743620550.001852,600855,21068471,0,pscratch,pscratch-ffffa03b0861a000,0,0,219402878101,374678341559,0,0,30987,0,0,0,0,0,0,0,0,0,0,0,0,0,0,0,0,0,0,0,0,0,0,0,0,14968,0,0,0
1743620551.002249,600855,21068471,0,nscratch,nscratch-ffffa03b0426b000,0,0,10355247390040,905049378378,0,0,98179,0,0,0,0,0,0,0,0,0,0,0,0,0,0,0,0,0,0,0,0,0,0,0,0,60771,0,0,0
1743620551.002343,600855,21068471,0,pscratch,pscratch-ffffa03b0861a000,0,0,219402878101,374678341559,0,0,30987,0,0,0,0,0,0,0,0,0,0,0,0,0,0,0,0,0,0,0,0,0,0,0,0,14968,0,0,0
1743620552.001569,600855,21068471,0,nscratch,nscratch-ffffa03b0426b000,0,0,10355247390040,905049378378,0,0,98179,0,0,0,0,0,0,0,0,0,0,0,0,0,0,0,0,0,0,0,0,0,0,0,0,60771,0,0,0
1743620552.001684,600855,21068471,0,pscratch,pscratch-ffffa03b0861a000,0,0,219402878101,374678341559,0,0,30987,0,0,0,0,0,0,0,0,0,0,0,0,0,0,0,0,0,0,0,0,0,0,0,0,14968,0,0,0
1743620553.002216,600855,21068471,0,nscratch,nscratch-ffffa03b0426b000,0,0,10355247390040,905049378378,0,0,98179,0,0,0,0,0,0,0,0,0,0,0,0,0,0,0,0,0,0,0,0,0,0,0,0,60771,0,0,0
1743620553.002313,600855,21068471,0,pscratch,pscratch-ffffa03b0861a000,0,0,219402878101,374678341559,0,0,30987,0,0,0,0,0,0,0,0,0,0,0,0,0,0,0,0,0,0,0,0,0,0,0,0,14968,0,0,0
1743620554.001798,600855,21068471,0,nscratch,nscratch-ffffa03b0426b000,0,0,10355247390040,905049378378,0,0,98179,0,0,0,0,0,0,0,0,0,0,0,0,0,0,0,0,0,0,0,0,0,0,0,0,60771,0,0,0
1743620554.001897,600855,21068471,0,pscratch,pscratch-ffffa03b0861a000,0,0,219402878101,374678341559,0,0,30987,0,0,0,0,0,0,0,0,0,0,0,0,0,0,0,0,0,0,0,0,0,0,0,0,14968,0,0,0
1743620555.002124,600855,21068471,0,nscratch,nscratch-ffffa03b0426b000,0,0,10355247390040,905049378378,0,0,98179,0,0,0,0,0,0,0,0,0,0,0,0,0,0,0,0,0,0,0,0,0,0,0,0,60771,0,0,0
1743620555.002225,600855,21068471,0,pscratch,pscratch-ffffa03b0861a000,0,0,219402878101,374678341559,0,0,30987,0,0,0,0,0,0,0,0,0,0,0,0,0,0,0,0,0,0,0,0,0,0,0,0,14968,0,0,0
1743620556.001794,600855,21068471,0,nscratch,nscratch-ffffa03b0426b000,0,0,10355247390040,905049378378,0,0,98179,0,0,0,0,0,0,0,0,0,0,0,0,0,0,0,0,0,0,0,0,0,0,0,0,60771,0,0,0
1743620556.001894,600855,21068471,0,pscratch,pscratch-ffffa03b0861a000,0,0,219402878101,374678341559,0,0,30987,0,0,0,0,0,0,0,0,0,0,0,0,0,0,0,0,0,0,0,0,0,0,0,0,14968,0,0,0
1743620557.002310,600855,21068471,0,nscratch,nscratch-ffffa03b0426b000,0,0,10355247390040,905049378378,0,0,98179,0,0,0,0,0,0,0,0,0,0,0,0,0,0,0,0,0,0,0,0,0,0,0,0,60771,0,0,0
1743620557.002405,600855,21068471,0,pscratch,pscratch-ffffa03b0861a000,0,0,219402878101,374678341559,0,0,30987,0,0,0,0,0,0,0,0,0,0,0,0,0,0,0,0,0,0,0,0,0,0,0,0,14968,0,0,0
1743620558.001679,600855,21068471,0,nscratch,nscratch-ffffa03b0426b000,0,0,10355247390040,905049378378,0,0,98179,0,0,0,0,0,0,0,0,0,0,0,0,0,0,0,0,0,0,0,0,0,0,0,0,60771,0,0,0
1743620558.001781,600855,21068471,0,pscratch,pscratch-ffffa03b0861a000,0,0,219402878101,374678341559,0,0,30987,0,0,0,0,0,0,0,0,0,0,0,0,0,0,0,0,0,0,0,0,0,0,0,0,14968,0,0,0
1743620559.002298,600855,21068471,0,nscratch,nscratch-ffffa03b0426b000,0,0,10355247390040,905049378378,0,0,98179,0,0,0,0,0,0,0,0,0,0,0,0,0,0,0,0,0,0,0,0,0,0,0,0,60771,0,0,0
1743620559.002394,600855,21068471,0,pscratch,pscratch-ffffa03b0861a000,0,0,219402878101,374678341559,0,0,30987,0,0,0,0,0,0,0,0,0,0,0,0,0,0,0,0,0,0,0,0,0,0,0,0,14968,0,0,0
1743620560.001201,600855,21068471,0,nscratch,nscratch-ffffa03b0426b000,0,0,10355247390040,905049378378,0,0,98179,0,0,0,0,0,0,0,0,0,0,0,0,0,0,0,0,0,0,0,0,0,0,0,0,60771,0,0,0
1743620560.001364,600855,21068471,0,pscratch,pscratch-ffffa03b0861a000,0,0,219402878101,374678341559,0,0,30987,0,0,0,0,0,0,0,0,0,0,0,0,0,0,0,0,0,0,0,0,0,0,0,0,14968,0,0,0
1743620561.001679,600855,21068471,0,nscratch,nscratch-ffffa03b0426b000,0,0,10355247390040,905049378378,0,0,98179,0,0,0,0,0,0,0,0,0,0,0,0,0,0,0,0,0,0,0,0,0,0,0,0,60771,0,0,0
1743620561.001824,600855,21068471,0,pscratch,pscratch-ffffa03b0861a000,0,0,219402878101,374678341559,0,0,30987,0,0,0,0,0,0,0,0,0,0,0,0,0,0,0,0,0,0,0,0,0,0,0,0,14968,0,0,0
1743620562.001575,600855,21068471,0,nscratch,nscratch-ffffa03b0426b000,0,0,10355247390040,905049378378,0,0,98179,0,0,0,0,0,0,0,0,0,0,0,0,0,0,0,0,0,0,0,0,0,0,0,0,60771,0,0,0
1743620562.001763,600855,21068471,0,pscratch,pscratch-ffffa03b0861a000,0,0,219402878101,374678341559,0,0,30987,0,0,0,0,0,0,0,0,0,0,0,0,0,0,0,0,0,0,0,0,0,0,0,0,14968,0,0,0
1743620563.002062,600855,21068471,0,nscratch,nscratch-ffffa03b0426b000,0,0,10355247390040,905049378378,0,0,98179,0,0,0,0,0,0,0,0,0,0,0,0,0,0,0,0,0,0,0,0,0,0,0,0,60771,0,0,0
1743620563.002174,600855,21068471,0,pscratch,pscratch-ffffa03b0861a000,0,0,219402878101,374678341559,0,0,30987,0,0,0,0,0,0,0,0,0,0,0,0,0,0,0,0,0,0,0,0,0,0,0,0,14968,0,0,0
1743620564.001442,600855,21068471,0,nscratch,nscratch-ffffa03b0426b000,0,0,10355247390040,905049378378,0,0,98179,0,0,0,0,0,0,0,0,0,0,0,0,0,0,0,0,0,0,0,0,0,0,0,0,60771,0,0,0
1743620564.001558,600855,21068471,0,pscratch,pscratch-ffffa03b0861a000,0,0,219402878101,374678341559,0,0,30987,0,0,0,0,0,0,0,0,0,0,0,0,0,0,0,0,0,0,0,0,0,0,0,0,14968,0,0,0
1743620565.002193,600855,21068471,0,nscratch,nscratch-ffffa03b0426b000,0,0,10355247390040,905049378378,0,0,98179,0,0,0,0,0,0,0,0,0,0,0,0,0,0,0,0,0,0,0,0,0,0,0,0,60771,0,0,0
1743620565.002308,600855,21068471,0,pscratch,pscratch-ffffa03b0861a000,0,0,219402878101,374678341559,0,0,30987,0,0,0,0,0,0,0,0,0,0,0,0,0,0,0,0,0,0,0,0,0,0,0,0,14968,0,0,0
1743620566.001791,600855,21068471,0,nscratch,nscratch-ffffa03b0426b000,0,0,10355247390040,905049378378,0,0,98179,0,0,0,0,0,0,0,0,0,0,0,0,0,0,0,0,0,0,0,0,0,0,0,0,60771,0,0,0
1743620566.001904,600855,21068471,0,pscratch,pscratch-ffffa03b0861a000,0,0,219402878101,374678341559,0,0,30987,0,0,0,0,0,0,0,0,0,0,0,0,0,0,0,0,0,0,0,0,0,0,0,0,14968,0,0,0
1743620567.002166,600855,21068471,0,nscratch,nscratch-ffffa03b0426b000,0,0,10355247390040,905049378378,0,0,98179,0,0,0,0,0,0,0,0,0,0,0,0,0,0,0,0,0,0,0,0,0,0,0,0,60771,0,0,0
1743620567.002282,600855,21068471,0,pscratch,pscratch-ffffa03b0861a000,0,0,219402878101,374678341559,0,0,30987,0,0,0,0,0,0,0,0,0,0,0,0,0,0,0,0,0,0,0,0,0,0,0,0,14968,0,0,0
1743620568.001912,600855,21068471,0,nscratch,nscratch-ffffa03b0426b000,0,0,10355247390040,905049378378,0,0,98179,0,0,0,0,0,0,0,0,0,0,0,0,0,0,0,0,0,0,0,0,0,0,0,0,60771,0,0,0
1743620568.002043,600855,21068471,0,pscratch,pscratch-ffffa03b0861a000,0,0,219402878101,374678341559,0,0,30987,0,0,0,0,0,0,0,0,0,0,0,0,0,0,0,0,0,0,0,0,0,0,0,0,14968,0,0,0
1743620569.001731,600855,21068471,0,nscratch,nscratch-ffffa03b0426b000,0,0,10355247390040,905049378378,0,0,98179,0,0,0,0,0,0,0,0,0,0,0,0,0,0,0,0,0,0,0,0,0,0,0,0,60771,0,0,0
1743620569.001898,600855,21068471,0,pscratch,pscratch-ffffa03b0861a000,0,0,219402878101,374678341559,0,0,30987,0,0,0,0,0,0,0,0,0,0,0,0,0,0,0,0,0,0,0,0,0,0,0,0,14968,0,0,0
1743620570.002178,600855,21068471,0,nscratch,nscratch-ffffa03b0426b000,0,0,10355247390040,905049378378,0,0,98179,0,0,0,0,0,0,0,0,0,0,0,0,0,0,0,0,0,0,0,0,0,0,0,0,60771,0,0,0
1743620570.002288,600855,21068471,0,pscratch,pscratch-ffffa03b0861a000,0,0,219402878101,374678341559,0,0,30987,0,0,0,0,0,0,0,0,0,0,0,0,0,0,0,0,0,0,0,0,0,0,0,0,14968,0,0,0
1743620571.001889,600855,21068471,0,nscratch,nscratch-ffffa03b0426b000,0,0,10355247390040,905049378378,0,0,98179,0,0,0,0,0,0,0,0,0,0,0,0,0,0,0,0,0,0,0,0,0,0,0,0,60771,0,0,0
1743620571.002004,600855,21068471,0,pscratch,pscratch-ffffa03b0861a000,0,0,219402878101,374678341559,0,0,30987,0,0,0,0,0,0,0,0,0,0,0,0,0,0,0,0,0,0,0,0,0,0,0,0,14968,0,0,0
1743620572.001478,600855,21068471,0,nscratch,nscratch-ffffa03b0426b000,0,0,10355247390040,905049378378,0,0,98179,0,0,0,0,0,0,0,0,0,0,0,0,0,0,0,0,0,0,0,0,0,0,0,0,60771,0,0,0
1743620572.001593,600855,21068471,0,pscratch,pscratch-ffffa03b0861a000,0,0,219402878101,374678341559,0,0,30987,0,0,0,0,0,0,0,0,0,0,0,0,0,0,0,0,0,0,0,0,0,0,0,0,14968,0,0,0
1743620573.002033,600855,21068471,0,nscratch,nscratch-ffffa03b0426b000,0,0,10355247390040,905049378378,0,0,98179,0,0,0,0,0,0,0,0,0,0,0,0,0,0,0,0,0,0,0,0,0,0,0,0,60771,0,0,0
1743620573.002200,600855,21068471,0,pscratch,pscratch-ffffa03b0861a000,0,0,219402878101,374678341559,0,0,30987,0,0,0,0,0,0,0,0,0,0,0,0,0,0,0,0,0,0,0,0,0,0,0,0,14968,0,0,0
1743620574.001923,600855,21068471,0,nscratch,nscratch-ffffa03b0426b000,0,0,10355247390040,905049378378,0,0,98179,0,0,0,0,0,0,0,0,0,0,0,0,0,0,0,0,0,0,0,0,0,0,0,0,60771,0,0,0
1743620574.002043,600855,21068471,0,pscratch,pscratch-ffffa03b0861a000,0,0,219402878101,374678341559,0,0,30987,0,0,0,0,0,0,0,0,0,0,0,0,0,0,0,0,0,0,0,0,0,0,0,0,14968,0,0,0
1743620575.001518,600855,21068471,0,nscratch,nscratch-ffffa03b0426b000,0,0,10355247390040,905049378378,0,0,98179,0,0,0,0,0,0,0,0,0,0,0,0,0,0,0,0,0,0,0,0,0,0,0,0,60771,0,0,0
1743620575.001639,600855,21068471,0,pscratch,pscratch-ffffa03b0861a000,0,0,219402878101,374678341559,0,0,30987,0,0,0,0,0,0,0,0,0,0,0,0,0,0,0,0,0,0,0,0,0,0,0,0,14968,0,0,0
1743620576.001855,600855,21068471,0,nscratch,nscratch-ffffa03b0426b000,0,0,10355247390040,905049378378,0,0,98179,0,0,0,0,0,0,0,0,0,0,0,0,0,0,0,0,0,0,0,0,0,0,0,0,60771,0,0,0
1743620576.001963,600855,21068471,0,pscratch,pscratch-ffffa03b0861a000,0,0,219402878101,374678341559,0,0,30987,0,0,0,0,0,0,0,0,0,0,0,0,0,0,0,0,0,0,0,0,0,0,0,0,14968,0,0,0
1743620577.001172,600855,21068471,0,nscratch,nscratch-ffffa03b0426b000,0,0,10355247390040,905049378378,0,0,98179,0,0,0,0,0,0,0,0,0,0,0,0,0,0,0,0,0,0,0,0,0,0,0,0,60771,0,0,0
1743620577.001340,600855,21068471,0,pscratch,pscratch-ffffa03b0861a000,0,0,219402878101,374678341559,0,0,30987,0,0,0,0,0,0,0,0,0,0,0,0,0,0,0,0,0,0,0,0,0,0,0,0,14968,0,0,0
1743620578.001982,600855,21068471,0,nscratch,nscratch-ffffa03b0426b000,0,0,10355247390040,905049378378,0,0,98179,0,0,0,0,0,0,0,0,0,0,0,0,0,0,0,0,0,0,0,0,0,0,0,0,60771,0,0,0
1743620578.002134,600855,21068471,0,pscratch,pscratch-ffffa03b0861a000,0,0,219402878101,374678341559,0,0,30987,0,0,0,0,0,0,0,0,0,0,0,0,0,0,0,0,0,0,0,0,0,0,0,0,14968,0,0,0
1743620579.001459,600855,21068471,0,nscratch,nscratch-ffffa03b0426b000,0,0,10355247390040,905049378378,0,0,98179,0,0,0,0,0,0,0,0,0,0,0,0,0,0,0,0,0,0,0,0,0,0,0,0,60771,0,0,0
1743620579.001629,600855,21068471,0,pscratch,pscratch-ffffa03b0861a000,0,0,219402878101,374678341559,0,0,30987,0,0,0,0,0,0,0,0,0,0,0,0,0,0,0,0,0,0,0,0,0,0,0,0,14968,0,0,0
1743620580.002669,600855,21068471,0,nscratch,nscratch-ffffa03b0426b000,0,0,10355247390040,905049378378,0,0,98179,0,0,0,0,0,0,0,0,0,0,0,0,0,0,0,0,0,0,0,0,0,0,0,0,60771,0,0,0
1743620580.002886,600855,21068471,0,pscratch,pscratch-ffffa03b0861a000,0,0,219402878101,374678341559,0,0,30987,0,0,0,0,0,0,0,0,0,0,0,0,0,0,0,0,0,0,0,0,0,0,0,0,14968,0,0,0
1743620581.002562,600855,21068471,0,nscratch,nscratch-ffffa03b0426b000,0,0,10355247390040,905049378378,0,0,98179,0,0,0,0,0,0,0,0,0,0,0,0,0,0,0,0,0,0,0,0,0,0,0,0,60771,0,0,0
1743620581.002739,600855,21068471,0,pscratch,pscratch-ffffa03b0861a000,0,0,219402878101,374678341559,0,0,30987,0,0,0,0,0,0,0,0,0,0,0,0,0,0,0,0,0,0,0,0,0,0,0,0,14968,0,0,0
1743620582.002071,600855,21068471,0,nscratch,nscratch-ffffa03b0426b000,0,0,10355247390040,905049378378,0,0,98179,0,0,0,0,0,0,0,0,0,0,0,0,0,0,0,0,0,0,0,0,0,0,0,0,60771,0,0,0
1743620582.002235,600855,21068471,0,pscratch,pscratch-ffffa03b0861a000,0,0,219402878101,374678341559,0,0,30987,0,0,0,0,0,0,0,0,0,0,0,0,0,0,0,0,0,0,0,0,0,0,0,0,14968,0,0,0
1743620583.002053,600855,21068471,0,nscratch,nscratch-ffffa03b0426b000,0,0,10355247390040,905049378378,0,0,98179,0,0,0,0,0,0,0,0,0,0,0,0,0,0,0,0,0,0,0,0,0,0,0,0,60771,0,0,0
1743620583.002212,600855,21068471,0,pscratch,pscratch-ffffa03b0861a000,0,0,219402878101,374678341559,0,0,30987,0,0,0,0,0,0,0,0,0,0,0,0,0,0,0,0,0,0,0,0,0,0,0,0,14968,0,0,0
1743620584.001838,600855,21068471,0,nscratch,nscratch-ffffa03b0426b000,0,0,10355247390040,905049378378,0,0,98179,0,0,0,0,0,0,0,0,0,0,0,0,0,0,0,0,0,0,0,0,0,0,0,0,60771,0,0,0
1743620584.002004,600855,21068471,0,pscratch,pscratch-ffffa03b0861a000,0,0,219402878101,374678341559,0,0,30987,0,0,0,0,0,0,0,0,0,0,0,0,0,0,0,0,0,0,0,0,0,0,0,0,14968,0,0,0
1743620585.001322,600855,21068471,0,nscratch,nscratch-ffffa03b0426b000,0,0,10355247390040,905049378378,0,0,98179,0,0,0,0,0,0,0,0,0,0,0,0,0,0,0,0,0,0,0,0,0,0,0,0,60771,0,0,0
1743620585.001482,600855,21068471,0,pscratch,pscratch-ffffa03b0861a000,0,0,219402878101,374678341559,0,0,30987,0,0,0,0,0,0,0,0,0,0,0,0,0,0,0,0,0,0,0,0,0,0,0,0,14968,0,0,0
1743620586.002296,600855,21068471,0,nscratch,nscratch-ffffa03b0426b000,0,0,10355247390040,905049378378,0,0,98179,0,0,0,0,0,0,0,0,0,0,0,0,0,0,0,0,0,0,0,0,0,0,0,0,60771,0,0,0
1743620586.002451,600855,21068471,0,pscratch,pscratch-ffffa03b0861a000,0,0,219402878101,374678341559,0,0,30987,0,0,0,0,0,0,0,0,0,0,0,0,0,0,0,0,0,0,0,0,0,0,0,0,14968,0,0,0
1743620587.002382,600855,21068471,0,nscratch,nscratch-ffffa03b0426b000,0,0,10355247390040,905049378378,0,0,98179,0,0,0,0,0,0,0,0,0,0,0,0,0,0,0,0,0,0,0,0,0,0,0,0,60771,0,0,0
1743620587.002599,600855,21068471,0,pscratch,pscratch-ffffa03b0861a000,0,0,219402878101,374678341559,0,0,30987,0,0,0,0,0,0,0,0,0,0,0,0,0,0,0,0,0,0,0,0,0,0,0,0,14968,0,0,0
1743620588.001934,600855,21068471,0,nscratch,nscratch-ffffa03b0426b000,0,0,10355247390040,905049378378,0,0,98179,0,0,0,0,0,0,0,0,0,0,0,0,0,0,0,0,0,0,0,0,0,0,0,0,60771,0,0,0
1743620588.002091,600855,21068471,0,pscratch,pscratch-ffffa03b0861a000,0,0,219402878101,374678341559,0,0,30987,0,0,0,0,0,0,0,0,0,0,0,0,0,0,0,0,0,0,0,0,0,0,0,0,14968,0,0,0
1743620589.001898,600855,21068471,0,nscratch,nscratch-ffffa03b0426b000,0,0,10355247390040,905049378378,0,0,98179,0,0,0,0,0,0,0,0,0,0,0,0,0,0,0,0,0,0,0,0,0,0,0,0,60771,0,0,0
1743620589.002055,600855,21068471,0,pscratch,pscratch-ffffa03b0861a000,0,0,219402878101,374678341559,0,0,30987,0,0,0,0,0,0,0,0,0,0,0,0,0,0,0,0,0,0,0,0,0,0,0,0,14968,0,0,0
1743620590.001617,600855,21068471,0,nscratch,nscratch-ffffa03b0426b000,0,0,10355247390040,905049378378,0,0,98179,0,0,0,0,0,0,0,0,0,0,0,0,0,0,0,0,0,0,0,0,0,0,0,0,60771,0,0,0
1743620590.001770,600855,21068471,0,pscratch,pscratch-ffffa03b0861a000,0,0,219402878101,374678341559,0,0,30987,0,0,0,0,0,0,0,0,0,0,0,0,0,0,0,0,0,0,0,0,0,0,0,0,14968,0,0,0
1743620591.002102,600855,21068471,0,nscratch,nscratch-ffffa03b0426b000,0,0,10355247390040,905049378378,0,0,98179,0,0,0,0,0,0,0,0,0,0,0,0,0,0,0,0,0,0,0,0,0,0,0,0,60771,0,0,0
1743620591.002265,600855,21068471,0,pscratch,pscratch-ffffa03b0861a000,0,0,219402878101,374678341559,0,0,30987,0,0,0,0,0,0,0,0,0,0,0,0,0,0,0,0,0,0,0,0,0,0,0,0,14968,0,0,0
1743620592.002036,600855,21068471,0,nscratch,nscratch-ffffa03b0426b000,0,0,10355247390040,905049378378,0,0,98179,0,0,0,0,0,0,0,0,0,0,0,0,0,0,0,0,0,0,0,0,0,0,0,0,60771,0,0,0
1743620592.002189,600855,21068471,0,pscratch,pscratch-ffffa03b0861a000,0,0,219402878101,374678341559,0,0,30987,0,0,0,0,0,0,0,0,0,0,0,0,0,0,0,0,0,0,0,0,0,0,0,0,14968,0,0,0
1743620593.001809,600855,21068471,0,nscratch,nscratch-ffffa03b0426b000,0,0,10355247390040,905049378378,0,0,98179,0,0,0,0,0,0,0,0,0,0,0,0,0,0,0,0,0,0,0,0,0,0,0,0,60771,0,0,0
1743620593.001964,600855,21068471,0,pscratch,pscratch-ffffa03b0861a000,0,0,219402878101,374678341559,0,0,30987,0,0,0,0,0,0,0,0,0,0,0,0,0,0,0,0,0,0,0,0,0,0,0,0,14968,0,0,0
1743620594.002246,600855,21068471,0,nscratch,nscratch-ffffa03b0426b000,0,0,10355247390040,905049378378,0,0,98179,0,0,0,0,0,0,0,0,0,0,0,0,0,0,0,0,0,0,0,0,0,0,0,0,60771,0,0,0
1743620594.002394,600855,21068471,0,pscratch,pscratch-ffffa03b0861a000,0,0,219402878101,374678341559,0,0,30987,0,0,0,0,0,0,0,0,0,0,0,0,0,0,0,0,0,0,0,0,0,0,0,0,14968,0,0,0
1743620595.002185,600855,21068471,0,nscratch,nscratch-ffffa03b0426b000,0,0,10355247390040,905049378378,0,0,98179,0,0,0,0,0,0,0,0,0,0,0,0,0,0,0,0,0,0,0,0,0,0,0,0,60771,0,0,0
1743620595.002344,600855,21068471,0,pscratch,pscratch-ffffa03b0861a000,0,0,219402878101,374678341559,0,0,30987,0,0,0,0,0,0,0,0,0,0,0,0,0,0,0,0,0,0,0,0,0,0,0,0,14968,0,0,0
1743620596.002183,600855,21068471,0,nscratch,nscratch-ffffa03b0426b000,0,0,10355247390040,905049378378,0,0,98179,0,0,0,0,0,0,0,0,0,0,0,0,0,0,0,0,0,0,0,0,0,0,0,0,60771,0,0,0
1743620596.002373,600855,21068471,0,pscratch,pscratch-ffffa03b0861a000,0,0,219402878101,374678341559,0,0,30987,0,0,0,0,0,0,0,0,0,0,0,0,0,0,0,0,0,0,0,0,0,0,0,0,14968,0,0,0
1743620597.001701,600855,21068471,0,nscratch,nscratch-ffffa03b0426b000,0,0,10355247390040,905049378378,0,0,98179,0,0,0,0,0,0,0,0,0,0,0,0,0,0,0,0,0,0,0,0,0,0,0,0,60771,0,0,0
1743620597.001870,600855,21068471,0,pscratch,pscratch-ffffa03b0861a000,0,0,219402878101,374678341559,0,0,30987,0,0,0,0,0,0,0,0,0,0,0,0,0,0,0,0,0,0,0,0,0,0,0,0,14968,0,0,0
1743620598.001692,600855,21068471,0,nscratch,nscratch-ffffa03b0426b000,0,0,10355247390040,905049378378,0,0,98179,0,0,0,0,0,0,0,0,0,0,0,0,0,0,0,0,0,0,0,0,0,0,0,0,60771,0,0,0
1743620598.001854,600855,21068471,0,pscratch,pscratch-ffffa03b0861a000,0,0,219402878101,374678341559,0,0,30987,0,0,0,0,0,0,0,0,0,0,0,0,0,0,0,0,0,0,0,0,0,0,0,0,14968,0,0,0
1743620599.002529,600855,21068471,0,nscratch,nscratch-ffffa03b0426b000,0,0,10355247390040,905049378378,0,0,98179,0,0,0,0,0,0,0,0,0,0,0,0,0,0,0,0,0,0,0,0,0,0,0,0,60771,0,0,0
1743620599.002729,600855,21068471,0,pscratch,pscratch-ffffa03b0861a000,0,0,219402878101,374678341559,0,0,30987,0,0,0,0,0,0,0,0,0,0,0,0,0,0,0,0,0,0,0,0,0,0,0,0,14968,0,0,0
1743620600.002070,600855,21068471,0,nscratch,nscratch-ffffa03b0426b000,0,0,10355247390040,905049378378,0,0,98179,0,0,0,0,0,0,0,0,0,0,0,0,0,0,0,0,0,0,0,0,0,0,0,0,60771,0,0,0
1743620600.002246,600855,21068471,0,pscratch,pscratch-ffffa03b0861a000,0,0,219402878101,374678341559,0,0,30987,0,0,0,0,0,0,0,0,0,0,0,0,0,0,0,0,0,0,0,0,0,0,0,0,14968,0,0,0
1743620601.002006,600855,21068471,0,nscratch,nscratch-ffffa03b0426b000,0,0,10355247390040,905049378378,0,0,98179,0,0,0,0,0,0,0,0,0,0,0,0,0,0,0,0,0,0,0,0,0,0,0,0,60771,0,0,0
1743620601.002148,600855,21068471,0,pscratch,pscratch-ffffa03b0861a000,0,0,219402878101,374678341559,0,0,30987,0,0,0,0,0,0,0,0,0,0,0,0,0,0,0,0,0,0,0,0,0,0,0,0,14968,0,0,0
1743620602.001188,600855,21068471,0,nscratch,nscratch-ffffa03b0426b000,0,0,10355247390040,905049378378,0,0,98179,0,0,0,0,0,0,0,0,0,0,0,0,0,0,0,0,0,0,0,0,0,0,0,0,60771,0,0,0
1743620602.001350,600855,21068471,0,pscratch,pscratch-ffffa03b0861a000,0,0,219402878101,374678341559,0,0,30987,0,0,0,0,0,0,0,0,0,0,0,0,0,0,0,0,0,0,0,0,0,0,0,0,14968,0,0,0
1743620603.001970,600855,21068471,0,nscratch,nscratch-ffffa03b0426b000,0,0,10355247390040,905049378378,0,0,98179,0,0,0,0,0,0,0,0,0,0,0,0,0,0,0,0,0,0,0,0,0,0,0,0,60771,0,0,0
1743620603.002129,600855,21068471,0,pscratch,pscratch-ffffa03b0861a000,0,0,219402878101,374678341559,0,0,30987,0,0,0,0,0,0,0,0,0,0,0,0,0,0,0,0,0,0,0,0,0,0,0,0,14968,0,0,0
1743620604.001920,600855,21068471,0,nscratch,nscratch-ffffa03b0426b000,0,0,10355247390040,905049378378,0,0,98179,0,0,0,0,0,0,0,0,0,0,0,0,0,0,0,0,0,0,0,0,0,0,0,0,60771,0,0,0
1743620604.002083,600855,21068471,0,pscratch,pscratch-ffffa03b0861a000,0,0,219402878101,374678341559,0,0,30987,0,0,0,0,0,0,0,0,0,0,0,0,0,0,0,0,0,0,0,0,0,0,0,0,14968,0,0,0
1743620605.001688,600855,21068471,0,nscratch,nscratch-ffffa03b0426b000,0,0,10355247390040,905049378378,0,0,98179,0,0,0,0,0,0,0,0,0,0,0,0,0,0,0,0,0,0,0,0,0,0,0,0,60771,0,0,0
1743620605.001843,600855,21068471,0,pscratch,pscratch-ffffa03b0861a000,0,0,219402878101,374678341559,0,0,30987,0,0,0,0,0,0,0,0,0,0,0,0,0,0,0,0,0,0,0,0,0,0,0,0,14968,0,0,0
1743620606.002152,600855,21068471,0,nscratch,nscratch-ffffa03b0426b000,0,0,10355247390040,905049378378,0,0,98179,0,0,0,0,0,0,0,0,0,0,0,0,0,0,0,0,0,0,0,0,0,0,0,0,60771,0,0,0
1743620606.002313,600855,21068471,0,pscratch,pscratch-ffffa03b0861a000,0,0,219402878101,374678341559,0,0,30987,0,0,0,0,0,0,0,0,0,0,0,0,0,0,0,0,0,0,0,0,0,0,0,0,14968,0,0,0
1743620607.002371,600855,21068471,0,nscratch,nscratch-ffffa03b0426b000,0,0,10355247390040,905049378378,0,0,98179,0,0,0,0,0,0,0,0,0,0,0,0,0,0,0,0,0,0,0,0,0,0,0,0,60771,0,0,0
1743620607.002584,600855,21068471,0,pscratch,pscratch-ffffa03b0861a000,0,0,219402878101,374678341559,0,0,30987,0,0,0,0,0,0,0,0,0,0,0,0,0,0,0,0,0,0,0,0,0,0,0,0,14968,0,0,0
1743620608.002234,600855,21068471,0,nscratch,nscratch-ffffa03b0426b000,0,0,10355247390040,905049378378,0,0,98179,0,0,0,0,0,0,0,0,0,0,0,0,0,0,0,0,0,0,0,0,0,0,0,0,60771,0,0,0
1743620608.002390,600855,21068471,0,pscratch,pscratch-ffffa03b0861a000,0,0,219402878101,374678341559,0,0,30987,0,0,0,0,0,0,0,0,0,0,0,0,0,0,0,0,0,0,0,0,0,0,0,0,14968,0,0,0
1743620609.001731,600855,21068471,0,nscratch,nscratch-ffffa03b0426b000,0,0,10355247390040,905049378378,0,0,98179,0,0,0,0,0,0,0,0,0,0,0,0,0,0,0,0,0,0,0,0,0,0,0,0,60771,0,0,0
1743620609.001897,600855,21068471,0,pscratch,pscratch-ffffa03b0861a000,0,0,219402878101,374678341559,0,0,30987,0,0,0,0,0,0,0,0,0,0,0,0,0,0,0,0,0,0,0,0,0,0,0,0,14968,0,0,0
1743620610.001732,600855,21068471,0,nscratch,nscratch-ffffa03b0426b000,0,0,10355247390040,905049378378,0,0,98179,0,0,0,0,0,0,0,0,0,0,0,0,0,0,0,0,0,0,0,0,0,0,0,0,60771,0,0,0
1743620610.001920,600855,21068471,0,pscratch,pscratch-ffffa03b0861a000,0,0,219402878101,374678341559,0,0,30987,0,0,0,0,0,0,0,0,0,0,0,0,0,0,0,0,0,0,0,0,0,0,0,0,14968,0,0,0
1743620611.002543,600855,21068471,0,nscratch,nscratch-ffffa03b0426b000,0,0,10355247390040,905049378378,0,0,98179,0,0,0,0,0,0,0,0,0,0,0,0,0,0,0,0,0,0,0,0,0,0,0,0,60771,0,0,0
1743620611.002719,600855,21068471,0,pscratch,pscratch-ffffa03b0861a000,0,0,219402878101,374678341559,0,0,30987,0,0,0,0,0,0,0,0,0,0,0,0,0,0,0,0,0,0,0,0,0,0,0,0,14968,0,0,0
1743620612.002046,600855,21068471,0,nscratch,nscratch-ffffa03b0426b000,0,0,10355247390040,905049378378,0,0,98179,0,0,0,0,0,0,0,0,0,0,0,0,0,0,0,0,0,0,0,0,0,0,0,0,60771,0,0,0
1743620612.002209,600855,21068471,0,pscratch,pscratch-ffffa03b0861a000,0,0,219402878101,374678341559,0,0,30987,0,0,0,0,0,0,0,0,0,0,0,0,0,0,0,0,0,0,0,0,0,0,0,0,14968,0,0,0
1743620613.001896,600855,21068471,0,nscratch,nscratch-ffffa03b0426b000,0,0,10355247390040,905049378378,0,0,98179,0,0,0,0,0,0,0,0,0,0,0,0,0,0,0,0,0,0,0,0,0,0,0,0,60771,0,0,0
1743620613.002012,600855,21068471,0,pscratch,pscratch-ffffa03b0861a000,0,0,219402878101,374678341559,0,0,30987,0,0,0,0,0,0,0,0,0,0,0,0,0,0,0,0,0,0,0,0,0,0,0,0,14968,0,0,0
1743620614.001470,600855,21068471,0,nscratch,nscratch-ffffa03b0426b000,0,0,10355247390040,905049378378,0,0,98179,0,0,0,0,0,0,0,0,0,0,0,0,0,0,0,0,0,0,0,0,0,0,0,0,60771,0,0,0
1743620614.001592,600855,21068471,0,pscratch,pscratch-ffffa03b0861a000,0,0,219402878101,374678341559,0,0,30987,0,0,0,0,0,0,0,0,0,0,0,0,0,0,0,0,0,0,0,0,0,0,0,0,14968,0,0,0
1743620615.001865,600855,21068471,0,nscratch,nscratch-ffffa03b0426b000,0,0,10355247390040,905049378378,0,0,98179,0,0,0,0,0,0,0,0,0,0,0,0,0,0,0,0,0,0,0,0,0,0,0,0,60771,0,0,0
1743620615.001987,600855,21068471,0,pscratch,pscratch-ffffa03b0861a000,0,0,219402878101,374678341559,0,0,30987,0,0,0,0,0,0,0,0,0,0,0,0,0,0,0,0,0,0,0,0,0,0,0,0,14968,0,0,0
1743620616.001588,600855,21068471,0,nscratch,nscratch-ffffa03b0426b000,0,0,10355247390040,905049378378,0,0,98179,0,0,0,0,0,0,0,0,0,0,0,0,0,0,0,0,0,0,0,0,0,0,0,0,60771,0,0,0
1743620616.001724,600855,21068471,0,pscratch,pscratch-ffffa03b0861a000,0,0,219402878101,374678341559,0,0,30987,0,0,0,0,0,0,0,0,0,0,0,0,0,0,0,0,0,0,0,0,0,0,0,0,14968,0,0,0
1743620617.002198,600855,21068471,0,nscratch,nscratch-ffffa03b0426b000,0,0,10355247390040,905049378378,0,0,98179,0,0,0,0,0,0,0,0,0,0,0,0,0,0,0,0,0,0,0,0,0,0,0,0,60771,0,0,0
1743620617.002314,600855,21068471,0,pscratch,pscratch-ffffa03b0861a000,0,0,219402878101,374678341559,0,0,30987,0,0,0,0,0,0,0,0,0,0,0,0,0,0,0,0,0,0,0,0,0,0,0,0,14968,0,0,0
1743620618.001579,600855,21068471,0,nscratch,nscratch-ffffa03b0426b000,0,0,10355247390040,905049378378,0,0,98179,0,0,0,0,0,0,0,0,0,0,0,0,0,0,0,0,0,0,0,0,0,0,0,0,60771,0,0,0
1743620618.001706,600855,21068471,0,pscratch,pscratch-ffffa03b0861a000,0,0,219402878101,374678341559,0,0,30987,0,0,0,0,0,0,0,0,0,0,0,0,0,0,0,0,0,0,0,0,0,0,0,0,14968,0,0,0
1743620619.002296,600855,21068471,0,nscratch,nscratch-ffffa03b0426b000,0,0,10355247390040,905049378378,0,0,98179,0,0,0,0,0,0,0,0,0,0,0,0,0,0,0,0,0,0,0,0,0,0,0,0,60771,0,0,0
1743620619.002409,600855,21068471,0,pscratch,pscratch-ffffa03b0861a000,0,0,219402878101,374678341559,0,0,30987,0,0,0,0,0,0,0,0,0,0,0,0,0,0,0,0,0,0,0,0,0,0,0,0,14968,0,0,0
1743620620.001211,600855,21068471,0,nscratch,nscratch-ffffa03b0426b000,0,0,10355247390040,905049378378,0,0,98179,0,0,0,0,0,0,0,0,0,0,0,0,0,0,0,0,0,0,0,0,0,0,0,0,60771,0,0,0
1743620620.001367,600855,21068471,0,pscratch,pscratch-ffffa03b0861a000,0,0,219402878101,374678341559,0,0,30987,0,0,0,0,0,0,0,0,0,0,0,0,0,0,0,0,0,0,0,0,0,0,0,0,14968,0,0,0
1743620621.001696,600855,21068471,0,nscratch,nscratch-ffffa03b0426b000,0,0,10355247390040,905049378378,0,0,98179,0,0,0,0,0,0,0,0,0,0,0,0,0,0,0,0,0,0,0,0,0,0,0,0,60771,0,0,0
1743620621.001859,600855,21068471,0,pscratch,pscratch-ffffa03b0861a000,0,0,219402878101,374678341559,0,0,30987,0,0,0,0,0,0,0,0,0,0,0,0,0,0,0,0,0,0,0,0,0,0,0,0,14968,0,0,0
1743620622.001657,600855,21068471,0,nscratch,nscratch-ffffa03b0426b000,0,0,10355247390040,905049378378,0,0,98179,0,0,0,0,0,0,0,0,0,0,0,0,0,0,0,0,0,0,0,0,0,0,0,0,60771,0,0,0
1743620622.001818,600855,21068471,0,pscratch,pscratch-ffffa03b0861a000,0,0,219402878101,374678341559,0,0,30987,0,0,0,0,0,0,0,0,0,0,0,0,0,0,0,0,0,0,0,0,0,0,0,0,14968,0,0,0
1743620623.002399,600855,21068471,0,nscratch,nscratch-ffffa03b0426b000,0,0,10355247390040,905049378378,0,0,98179,0,0,0,0,0,0,0,0,0,0,0,0,0,0,0,0,0,0,0,0,0,0,0,0,60771,0,0,0
1743620623.002548,600855,21068471,0,pscratch,pscratch-ffffa03b0861a000,0,0,219402878101,374678341559,0,0,30987,0,0,0,0,0,0,0,0,0,0,0,0,0,0,0,0,0,0,0,0,0,0,0,0,14968,0,0,0
1743620624.002029,600855,21068471,0,nscratch,nscratch-ffffa03b0426b000,0,0,10355247390040,905049378378,0,0,98179,0,0,0,0,0,0,0,0,0,0,0,0,0,0,0,0,0,0,0,0,0,0,0,0,60771,0,0,0
1743620624.002243,600855,21068471,0,pscratch,pscratch-ffffa03b0861a000,0,0,219402878101,374678341559,0,0,30987,0,0,0,0,0,0,0,0,0,0,0,0,0,0,0,0,0,0,0,0,0,0,0,0,14968,0,0,0
1743620625.002085,600855,21068471,0,nscratch,nscratch-ffffa03b0426b000,0,0,10355247390040,905049378378,0,0,98179,0,0,0,0,0,0,0,0,0,0,0,0,0,0,0,0,0,0,0,0,0,0,0,0,60771,0,0,0
1743620625.002238,600855,21068471,0,pscratch,pscratch-ffffa03b0861a000,0,0,219402878101,374678341559,0,0,30987,0,0,0,0,0,0,0,0,0,0,0,0,0,0,0,0,0,0,0,0,0,0,0,0,14968,0,0,0
1743620626.001862,600855,21068471,0,nscratch,nscratch-ffffa03b0426b000,0,0,10355247390040,905049378378,0,0,98179,0,0,0,0,0,0,0,0,0,0,0,0,0,0,0,0,0,0,0,0,0,0,0,0,60771,0,0,0
1743620626.002021,600855,21068471,0,pscratch,pscratch-ffffa03b0861a000,0,0,219402878101,374678341559,0,0,30987,0,0,0,0,0,0,0,0,0,0,0,0,0,0,0,0,0,0,0,0,0,0,0,0,14968,0,0,0
1743620627.000896,600855,21068471,0,nscratch,nscratch-ffffa03b0426b000,0,0,10355247390040,905049378378,0,0,98179,0,0,0,0,0,0,0,0,0,0,0,0,0,0,0,0,0,0,0,0,0,0,0,0,60771,0,0,0
1743620627.001013,600855,21068471,0,pscratch,pscratch-ffffa03b0861a000,0,0,219402878101,374678341559,0,0,30987,0,0,0,0,0,0,0,0,0,0,0,0,0,0,0,0,0,0,0,0,0,0,0,0,14968,0,0,0
1743620628.001609,600855,21068471,0,nscratch,nscratch-ffffa03b0426b000,0,0,10355247390040,905049378378,0,0,98179,0,0,0,0,0,0,0,0,0,0,0,0,0,0,0,0,0,0,0,0,0,0,0,0,60771,0,0,0
1743620628.001731,600855,21068471,0,pscratch,pscratch-ffffa03b0861a000,0,0,219402878101,374678341559,0,0,30987,0,0,0,0,0,0,0,0,0,0,0,0,0,0,0,0,0,0,0,0,0,0,0,0,14968,0,0,0
1743620629.002199,600855,21068471,0,nscratch,nscratch-ffffa03b0426b000,0,0,10355247390040,905049378378,0,0,98179,0,0,0,0,0,0,0,0,0,0,0,0,0,0,0,0,0,0,0,0,0,0,0,0,60771,0,0,0
1743620629.002314,600855,21068471,0,pscratch,pscratch-ffffa03b0861a000,0,0,219402878101,374678341559,0,0,30987,0,0,0,0,0,0,0,0,0,0,0,0,0,0,0,0,0,0,0,0,0,0,0,0,14968,0,0,0
1743620630.001588,600855,21068471,0,nscratch,nscratch-ffffa03b0426b000,0,0,10355247390040,905049378378,0,0,98179,0,0,0,0,0,0,0,0,0,0,0,0,0,0,0,0,0,0,0,0,0,0,0,0,60771,0,0,0
1743620630.001711,600855,21068471,0,pscratch,pscratch-ffffa03b0861a000,0,0,219402878101,374678341559,0,0,30987,0,0,0,0,0,0,0,0,0,0,0,0,0,0,0,0,0,0,0,0,0,0,0,0,14968,0,0,0
1743620631.002320,600855,21068471,0,nscratch,nscratch-ffffa03b0426b000,0,0,10355247390040,905049378378,0,0,98179,0,0,0,0,0,0,0,0,0,0,0,0,0,0,0,0,0,0,0,0,0,0,0,0,60771,0,0,0
1743620631.002434,600855,21068471,0,pscratch,pscratch-ffffa03b0861a000,0,0,219402878101,374678341559,0,0,30987,0,0,0,0,0,0,0,0,0,0,0,0,0,0,0,0,0,0,0,0,0,0,0,0,14968,0,0,0
1743620632.001932,600855,21068471,0,nscratch,nscratch-ffffa03b0426b000,0,0,10355247390040,905049378378,0,0,98179,0,0,0,0,0,0,0,0,0,0,0,0,0,0,0,0,0,0,0,0,0,0,0,0,60771,0,0,0
1743620632.002032,600855,21068471,0,pscratch,pscratch-ffffa03b0861a000,0,0,219402878101,374678341559,0,0,30987,0,0,0,0,0,0,0,0,0,0,0,0,0,0,0,0,0,0,0,0,0,0,0,0,14968,0,0,0
1743620633.001320,600855,21068471,0,nscratch,nscratch-ffffa03b0426b000,0,0,10355247390040,905049378378,0,0,98179,0,0,0,0,0,0,0,0,0,0,0,0,0,0,0,0,0,0,0,0,0,0,0,0,60771,0,0,0
1743620633.001440,600855,21068471,0,pscratch,pscratch-ffffa03b0861a000,0,0,219402878101,374678341559,0,0,30987,0,0,0,0,0,0,0,0,0,0,0,0,0,0,0,0,0,0,0,0,0,0,0,0,14968,0,0,0
1743620634.002004,600855,21068471,0,nscratch,nscratch-ffffa03b0426b000,0,0,10355247390040,905049378378,0,0,98179,0,0,0,0,0,0,0,0,0,0,0,0,0,0,0,0,0,0,0,0,0,0,0,0,60771,0,0,0
1743620634.002101,600855,21068471,0,pscratch,pscratch-ffffa03b0861a000,0,0,219402878101,374678341559,0,0,30987,0,0,0,0,0,0,0,0,0,0,0,0,0,0,0,0,0,0,0,0,0,0,0,0,14968,0,0,0
1743620635.001597,600855,21068471,0,nscratch,nscratch-ffffa03b0426b000,0,0,10355247390040,905049378378,0,0,98179,0,0,0,0,0,0,0,0,0,0,0,0,0,0,0,0,0,0,0,0,0,0,0,0,60771,0,0,0
1743620635.001745,600855,21068471,0,pscratch,pscratch-ffffa03b0861a000,0,0,219402878101,374678341559,0,0,30987,0,0,0,0,0,0,0,0,0,0,0,0,0,0,0,0,0,0,0,0,0,0,0,0,14968,0,0,0
1743620636.002009,600855,21068471,0,nscratch,nscratch-ffffa03b0426b000,0,0,10355247390040,905049378378,0,0,98179,0,0,0,0,0,0,0,0,0,0,0,0,0,0,0,0,0,0,0,0,0,0,0,0,60771,0,0,0
1743620636.002126,600855,21068471,0,pscratch,pscratch-ffffa03b0861a000,0,0,219402878101,374678341559,0,0,30987,0,0,0,0,0,0,0,0,0,0,0,0,0,0,0,0,0,0,0,0,0,0,0,0,14968,0,0,0
1743620637.001751,600855,21068471,0,nscratch,nscratch-ffffa03b0426b000,0,0,10355247390040,905049378378,0,0,98179,0,0,0,0,0,0,0,0,0,0,0,0,0,0,0,0,0,0,0,0,0,0,0,0,60771,0,0,0
1743620637.001853,600855,21068471,0,pscratch,pscratch-ffffa03b0861a000,0,0,219402878101,374678341559,0,0,30987,0,0,0,0,0,0,0,0,0,0,0,0,0,0,0,0,0,0,0,0,0,0,0,0,14968,0,0,0
1743620638.002317,600855,21068471,0,nscratch,nscratch-ffffa03b0426b000,0,0,10355247390040,905049378378,0,0,98179,0,0,0,0,0,0,0,0,0,0,0,0,0,0,0,0,0,0,0,0,0,0,0,0,60771,0,0,0
1743620638.002414,600855,21068471,0,pscratch,pscratch-ffffa03b0861a000,0,0,219402878101,374678341559,0,0,30987,0,0,0,0,0,0,0,0,0,0,0,0,0,0,0,0,0,0,0,0,0,0,0,0,14968,0,0,0
1743620639.001664,600855,21068471,0,nscratch,nscratch-ffffa03b0426b000,0,0,10355247390040,905049378378,0,0,98179,0,0,0,0,0,0,0,0,0,0,0,0,0,0,0,0,0,0,0,0,0,0,0,0,60771,0,0,0
1743620639.001768,600855,21068471,0,pscratch,pscratch-ffffa03b0861a000,0,0,219402878101,374678341559,0,0,30987,0,0,0,0,0,0,0,0,0,0,0,0,0,0,0,0,0,0,0,0,0,0,0,0,14968,0,0,0
1743620640.002427,600855,21068471,0,nscratch,nscratch-ffffa03b0426b000,0,0,10355247390040,905049378378,0,0,98179,0,0,0,0,0,0,0,0,0,0,0,0,0,0,0,0,0,0,0,0,0,0,0,0,60771,0,0,0
1743620640.002542,600855,21068471,0,pscratch,pscratch-ffffa03b0861a000,0,0,219402878101,374678341559,0,0,30987,0,0,0,0,0,0,0,0,0,0,0,0,0,0,0,0,0,0,0,0,0,0,0,0,14968,0,0,0
1743620641.001972,600855,21068471,0,nscratch,nscratch-ffffa03b0426b000,0,0,10355247390040,905049378378,0,0,98179,0,0,0,0,0,0,0,0,0,0,0,0,0,0,0,0,0,0,0,0,0,0,0,0,60771,0,0,0
1743620641.002071,600855,21068471,0,pscratch,pscratch-ffffa03b0861a000,0,0,219402878101,374678341559,0,0,30987,0,0,0,0,0,0,0,0,0,0,0,0,0,0,0,0,0,0,0,0,0,0,0,0,14968,0,0,0
1743620642.001342,600855,21068471,0,nscratch,nscratch-ffffa03b0426b000,0,0,10355247390040,905049378378,0,0,98179,0,0,0,0,0,0,0,0,0,0,0,0,0,0,0,0,0,0,0,0,0,0,0,0,60771,0,0,0
1743620642.001459,600855,21068471,0,pscratch,pscratch-ffffa03b0861a000,0,0,219402878101,374678341559,0,0,30987,0,0,0,0,0,0,0,0,0,0,0,0,0,0,0,0,0,0,0,0,0,0,0,0,14968,0,0,0
1743620643.002044,600855,21068471,0,nscratch,nscratch-ffffa03b0426b000,0,0,10355247390040,905049378378,0,0,98179,0,0,0,0,0,0,0,0,0,0,0,0,0,0,0,0,0,0,0,0,0,0,0,0,60771,0,0,0
1743620643.002143,600855,21068471,0,pscratch,pscratch-ffffa03b0861a000,0,0,219402878101,374678341559,0,0,30987,0,0,0,0,0,0,0,0,0,0,0,0,0,0,0,0,0,0,0,0,0,0,0,0,14968,0,0,0
1743620644.001600,600855,21068471,0,nscratch,nscratch-ffffa03b0426b000,0,0,10355247390040,905049378378,0,0,98179,0,0,0,0,0,0,0,0,0,0,0,0,0,0,0,0,0,0,0,0,0,0,0,0,60771,0,0,0
1743620644.001716,600855,21068471,0,pscratch,pscratch-ffffa03b0861a000,0,0,219402878101,374678341559,0,0,30987,0,0,0,0,0,0,0,0,0,0,0,0,0,0,0,0,0,0,0,0,0,0,0,0,14968,0,0,0
1743620645.001965,600855,21068471,0,nscratch,nscratch-ffffa03b0426b000,0,0,10355247390040,905049378378,0,0,98179,0,0,0,0,0,0,0,0,0,0,0,0,0,0,0,0,0,0,0,0,0,0,0,0,60771,0,0,0
1743620645.002083,600855,21068471,0,pscratch,pscratch-ffffa03b0861a000,0,0,219402878101,374678341559,0,0,30987,0,0,0,0,0,0,0,0,0,0,0,0,0,0,0,0,0,0,0,0,0,0,0,0,14968,0,0,0
1743620646.001711,600855,21068471,0,nscratch,nscratch-ffffa03b0426b000,0,0,10355247390040,905049378378,0,0,98179,0,0,0,0,0,0,0,0,0,0,0,0,0,0,0,0,0,0,0,0,0,0,0,0,60771,0,0,0
1743620646.001819,600855,21068471,0,pscratch,pscratch-ffffa03b0861a000,0,0,219402878101,374678341559,0,0,30987,0,0,0,0,0,0,0,0,0,0,0,0,0,0,0,0,0,0,0,0,0,0,0,0,14968,0,0,0
1743620647.002065,600855,21068471,0,nscratch,nscratch-ffffa03b0426b000,0,0,10355247390040,905049378378,0,0,98179,0,0,0,0,0,0,0,0,0,0,0,0,0,0,0,0,0,0,0,0,0,0,0,0,60771,0,0,0
1743620647.002169,600855,21068471,0,pscratch,pscratch-ffffa03b0861a000,0,0,219402878101,374678341559,0,0,30987,0,0,0,0,0,0,0,0,0,0,0,0,0,0,0,0,0,0,0,0,0,0,0,0,14968,0,0,0
1743620648.001365,600855,21068471,0,nscratch,nscratch-ffffa03b0426b000,0,0,10355247390040,905049378378,0,0,98179,0,0,0,0,0,0,0,0,0,0,0,0,0,0,0,0,0,0,0,0,0,0,0,0,60771,0,0,0
1743620648.001463,600855,21068471,0,pscratch,pscratch-ffffa03b0861a000,0,0,219402878101,374678341559,0,0,30987,0,0,0,0,0,0,0,0,0,0,0,0,0,0,0,0,0,0,0,0,0,0,0,0,14968,0,0,0
1743620649.001002,600855,21068471,0,nscratch,nscratch-ffffa03b0426b000,0,0,10355247390040,905049378378,0,0,98179,0,0,0,0,0,0,0,0,0,0,0,0,0,0,0,0,0,0,0,0,0,0,0,0,60771,0,0,0
1743620649.001092,600855,21068471,0,pscratch,pscratch-ffffa03b0861a000,0,0,219402878101,374678341559,0,0,30987,0,0,0,0,0,0,0,0,0,0,0,0,0,0,0,0,0,0,0,0,0,0,0,0,14968,0,0,0
1743620650.001542,600855,21068471,0,nscratch,nscratch-ffffa03b0426b000,0,0,10355247390040,905049378378,0,0,98179,0,0,0,0,0,0,0,0,0,0,0,0,0,0,0,0,0,0,0,0,0,0,0,0,60771,0,0,0
1743620650.001654,600855,21068471,0,pscratch,pscratch-ffffa03b0861a000,0,0,219402878101,374678341559,0,0,30987,0,0,0,0,0,0,0,0,0,0,0,0,0,0,0,0,0,0,0,0,0,0,0,0,14968,0,0,0
1743620651.001904,600855,21068471,0,nscratch,nscratch-ffffa03b0426b000,0,0,10355247390040,905049378378,0,0,98179,0,0,0,0,0,0,0,0,0,0,0,0,0,0,0,0,0,0,0,0,0,0,0,0,60771,0,0,0
1743620651.002037,600855,21068471,0,pscratch,pscratch-ffffa03b0861a000,0,0,219402878101,374678341559,0,0,30987,0,0,0,0,0,0,0,0,0,0,0,0,0,0,0,0,0,0,0,0,0,0,0,0,14968,0,0,0
1743620652.001809,600855,21068471,0,nscratch,nscratch-ffffa03b0426b000,0,0,10355247390040,905049378378,0,0,98179,0,0,0,0,0,0,0,0,0,0,0,0,0,0,0,0,0,0,0,0,0,0,0,0,60771,0,0,0
1743620652.001967,600855,21068471,0,pscratch,pscratch-ffffa03b0861a000,0,0,219402878101,374678341559,0,0,30987,0,0,0,0,0,0,0,0,0,0,0,0,0,0,0,0,0,0,0,0,0,0,0,0,14968,0,0,0
1743620653.001465,600855,21068471,0,nscratch,nscratch-ffffa03b0426b000,0,0,10355247390040,905049378378,0,0,98179,0,0,0,0,0,0,0,0,0,0,0,0,0,0,0,0,0,0,0,0,0,0,0,0,60771,0,0,0
1743620653.001596,600855,21068471,0,pscratch,pscratch-ffffa03b0861a000,0,0,219402878101,374678341559,0,0,30987,0,0,0,0,0,0,0,0,0,0,0,0,0,0,0,0,0,0,0,0,0,0,0,0,14968,0,0,0
1743620654.001794,600855,21068471,0,nscratch,nscratch-ffffa03b0426b000,0,0,10355247390040,905049378378,0,0,98179,0,0,0,0,0,0,0,0,0,0,0,0,0,0,0,0,0,0,0,0,0,0,0,0,60771,0,0,0
1743620654.001908,600855,21068471,0,pscratch,pscratch-ffffa03b0861a000,0,0,219402878101,374678341559,0,0,30987,0,0,0,0,0,0,0,0,0,0,0,0,0,0,0,0,0,0,0,0,0,0,0,0,14968,0,0,0
1743620655.001442,600855,21068471,0,nscratch,nscratch-ffffa03b0426b000,0,0,10355247390040,905049378378,0,0,98179,0,0,0,0,0,0,0,0,0,0,0,0,0,0,0,0,0,0,0,0,0,0,0,0,60771,0,0,0
1743620655.001551,600855,21068471,0,pscratch,pscratch-ffffa03b0861a000,0,0,219402878101,374678341559,0,0,30987,0,0,0,0,0,0,0,0,0,0,0,0,0,0,0,0,0,0,0,0,0,0,0,0,14968,0,0,0
1743620656.001947,600855,21068471,0,nscratch,nscratch-ffffa03b0426b000,0,0,10355247390040,905049378378,0,0,98179,0,0,0,0,0,0,0,0,0,0,0,0,0,0,0,0,0,0,0,0,0,0,0,0,60771,0,0,0
1743620656.002060,600855,21068471,0,pscratch,pscratch-ffffa03b0861a000,0,0,219402878101,374678341559,0,0,30987,0,0,0,0,0,0,0,0,0,0,0,0,0,0,0,0,0,0,0,0,0,0,0,0,14968,0,0,0
1743620657.001237,600855,21068471,0,nscratch,nscratch-ffffa03b0426b000,0,0,10355247390040,905049378378,0,0,98179,0,0,0,0,0,0,0,0,0,0,0,0,0,0,0,0,0,0,0,0,0,0,0,0,60771,0,0,0
1743620657.001347,600855,21068471,0,pscratch,pscratch-ffffa03b0861a000,0,0,219402878101,374678341559,0,0,30987,0,0,0,0,0,0,0,0,0,0,0,0,0,0,0,0,0,0,0,0,0,0,0,0,14968,0,0,0
1743620658.001896,600855,21068471,0,nscratch,nscratch-ffffa03b0426b000,0,0,10355247390040,905049378378,0,0,98179,0,0,0,0,0,0,0,0,0,0,0,0,0,0,0,0,0,0,0,0,0,0,0,0,60771,0,0,0
1743620658.002009,600855,21068471,0,pscratch,pscratch-ffffa03b0861a000,0,0,219402878101,374678341559,0,0,30987,0,0,0,0,0,0,0,0,0,0,0,0,0,0,0,0,0,0,0,0,0,0,0,0,14968,0,0,0
1743620659.001380,600855,21068471,0,nscratch,nscratch-ffffa03b0426b000,0,0,10355247390040,905049378378,0,0,98179,0,0,0,0,0,0,0,0,0,0,0,0,0,0,0,0,0,0,0,0,0,0,0,0,60771,0,0,0
1743620659.001489,600855,21068471,0,pscratch,pscratch-ffffa03b0861a000,0,0,219402878101,374678341559,0,0,30987,0,0,0,0,0,0,0,0,0,0,0,0,0,0,0,0,0,0,0,0,0,0,0,0,14968,0,0,0
1743620660.001663,600855,21068471,0,nscratch,nscratch-ffffa03b0426b000,0,0,10355247390040,905049378378,0,0,98179,0,0,0,0,0,0,0,0,0,0,0,0,0,0,0,0,0,0,0,0,0,0,0,0,60771,0,0,0
1743620660.001773,600855,21068471,0,pscratch,pscratch-ffffa03b0861a000,0,0,219402878101,374678341559,0,0,30987,0,0,0,0,0,0,0,0,0,0,0,0,0,0,0,0,0,0,0,0,0,0,0,0,14968,0,0,0
1743620661.002305,600855,21068471,0,nscratch,nscratch-ffffa03b0426b000,0,0,10355247390040,905049378378,0,0,98179,0,0,0,0,0,0,0,0,0,0,0,0,0,0,0,0,0,0,0,0,0,0,0,0,60771,0,0,0
1743620661.002418,600855,21068471,0,pscratch,pscratch-ffffa03b0861a000,0,0,219402878101,374678341559,0,0,30987,0,0,0,0,0,0,0,0,0,0,0,0,0,0,0,0,0,0,0,0,0,0,0,0,14968,0,0,0
1743620662.001799,600855,21068471,0,nscratch,nscratch-ffffa03b0426b000,0,0,10355247390040,905049378378,0,0,98179,0,0,0,0,0,0,0,0,0,0,0,0,0,0,0,0,0,0,0,0,0,0,0,0,60771,0,0,0
1743620662.001908,600855,21068471,0,pscratch,pscratch-ffffa03b0861a000,0,0,219402878101,374678341559,0,0,30987,0,0,0,0,0,0,0,0,0,0,0,0,0,0,0,0,0,0,0,0,0,0,0,0,14968,0,0,0
1743620663.002076,600855,21068471,0,nscratch,nscratch-ffffa03b0426b000,0,0,10355247390040,905049378378,0,0,98179,0,0,0,0,0,0,0,0,0,0,0,0,0,0,0,0,0,0,0,0,0,0,0,0,60771,0,0,0
1743620663.002185,600855,21068471,0,pscratch,pscratch-ffffa03b0861a000,0,0,219402878101,374678341559,0,0,30987,0,0,0,0,0,0,0,0,0,0,0,0,0,0,0,0,0,0,0,0,0,0,0,0,14968,0,0,0
1743620664.001713,600855,21068471,0,nscratch,nscratch-ffffa03b0426b000,0,0,10355247390040,905049378378,0,0,98179,0,0,0,0,0,0,0,0,0,0,0,0,0,0,0,0,0,0,0,0,0,0,0,0,60771,0,0,0
1743620664.001822,600855,21068471,0,pscratch,pscratch-ffffa03b0861a000,0,0,219402878101,374678341559,0,0,30987,0,0,0,0,0,0,0,0,0,0,0,0,0,0,0,0,0,0,0,0,0,0,0,0,14968,0,0,0
1743620665.002194,600855,21068471,0,nscratch,nscratch-ffffa03b0426b000,0,0,10355247390040,905049378378,0,0,98179,0,0,0,0,0,0,0,0,0,0,0,0,0,0,0,0,0,0,0,0,0,0,0,0,60771,0,0,0
1743620665.002306,600855,21068471,0,pscratch,pscratch-ffffa03b0861a000,0,0,219402878101,374678341559,0,0,30987,0,0,0,0,0,0,0,0,0,0,0,0,0,0,0,0,0,0,0,0,0,0,0,0,14968,0,0,0
1743620666.001474,600855,21068471,0,nscratch,nscratch-ffffa03b0426b000,0,0,10355247390040,905049378378,0,0,98179,0,0,0,0,0,0,0,0,0,0,0,0,0,0,0,0,0,0,0,0,0,0,0,0,60771,0,0,0
1743620666.001586,600855,21068471,0,pscratch,pscratch-ffffa03b0861a000,0,0,219402878101,374678341559,0,0,30987,0,0,0,0,0,0,0,0,0,0,0,0,0,0,0,0,0,0,0,0,0,0,0,0,14968,0,0,0
1743620667.002135,600855,21068471,0,nscratch,nscratch-ffffa03b0426b000,0,0,10355247390040,905049378378,0,0,98179,0,0,0,0,0,0,0,0,0,0,0,0,0,0,0,0,0,0,0,0,0,0,0,0,60771,0,0,0
1743620667.002247,600855,21068471,0,pscratch,pscratch-ffffa03b0861a000,0,0,219402878101,374678341559,0,0,30987,0,0,0,0,0,0,0,0,0,0,0,0,0,0,0,0,0,0,0,0,0,0,0,0,14968,0,0,0
1743620668.001625,600855,21068471,0,nscratch,nscratch-ffffa03b0426b000,0,0,10355247390040,905049378378,0,0,98179,0,0,0,0,0,0,0,0,0,0,0,0,0,0,0,0,0,0,0,0,0,0,0,0,60771,0,0,0
1743620668.001735,600855,21068471,0,pscratch,pscratch-ffffa03b0861a000,0,0,219402878101,374678341559,0,0,30987,0,0,0,0,0,0,0,0,0,0,0,0,0,0,0,0,0,0,0,0,0,0,0,0,14968,0,0,0
1743620669.001907,600855,21068471,0,nscratch,nscratch-ffffa03b0426b000,0,0,10355247390040,905049378378,0,0,98179,0,0,0,0,0,0,0,0,0,0,0,0,0,0,0,0,0,0,0,0,0,0,0,0,60771,0,0,0
1743620669.002019,600855,21068471,0,pscratch,pscratch-ffffa03b0861a000,0,0,219402878101,374678341559,0,0,30987,0,0,0,0,0,0,0,0,0,0,0,0,0,0,0,0,0,0,0,0,0,0,0,0,14968,0,0,0
1743620670.001545,600855,21068471,0,nscratch,nscratch-ffffa03b0426b000,0,0,10355247390040,905049378378,0,0,98179,0,0,0,0,0,0,0,0,0,0,0,0,0,0,0,0,0,0,0,0,0,0,0,0,60771,0,0,0
1743620670.001660,600855,21068471,0,pscratch,pscratch-ffffa03b0861a000,0,0,219402878101,374678341559,0,0,30987,0,0,0,0,0,0,0,0,0,0,0,0,0,0,0,0,0,0,0,0,0,0,0,0,14968,0,0,0
1743620671.002038,600855,21068471,0,nscratch,nscratch-ffffa03b0426b000,0,0,10355247390040,905049378378,0,0,98179,0,0,0,0,0,0,0,0,0,0,0,0,0,0,0,0,0,0,0,0,0,0,0,0,60771,0,0,0
1743620671.002150,600855,21068471,0,pscratch,pscratch-ffffa03b0861a000,0,0,219402878101,374678341559,0,0,30987,0,0,0,0,0,0,0,0,0,0,0,0,0,0,0,0,0,0,0,0,0,0,0,0,14968,0,0,0
1743620672.001316,600855,21068471,0,nscratch,nscratch-ffffa03b0426b000,0,0,10355247390040,905049378378,0,0,98179,0,0,0,0,0,0,0,0,0,0,0,0,0,0,0,0,0,0,0,0,0,0,0,0,60771,0,0,0
1743620672.001424,600855,21068471,0,pscratch,pscratch-ffffa03b0861a000,0,0,219402878101,374678341559,0,0,30987,0,0,0,0,0,0,0,0,0,0,0,0,0,0,0,0,0,0,0,0,0,0,0,0,14968,0,0,0
1743620673.001956,600855,21068471,0,nscratch,nscratch-ffffa03b0426b000,0,0,10355247390040,905049378378,0,0,98179,0,0,0,0,0,0,0,0,0,0,0,0,0,0,0,0,0,0,0,0,0,0,0,0,60771,0,0,0
1743620673.002075,600855,21068471,0,pscratch,pscratch-ffffa03b0861a000,0,0,219402878101,374678341559,0,0,30987,0,0,0,0,0,0,0,0,0,0,0,0,0,0,0,0,0,0,0,0,0,0,0,0,14968,0,0,0
1743620674.001447,600855,21068471,0,nscratch,nscratch-ffffa03b0426b000,0,0,10355247390040,905049378378,0,0,98179,0,0,0,0,0,0,0,0,0,0,0,0,0,0,0,0,0,0,0,0,0,0,0,0,60771,0,0,0
1743620674.001555,600855,21068471,0,pscratch,pscratch-ffffa03b0861a000,0,0,219402878101,374678341559,0,0,30987,0,0,0,0,0,0,0,0,0,0,0,0,0,0,0,0,0,0,0,0,0,0,0,0,14968,0,0,0
1743620675.001230,600855,21068471,0,nscratch,nscratch-ffffa03b0426b000,0,0,10355247390040,905049378378,0,0,98179,0,0,0,0,0,0,0,0,0,0,0,0,0,0,0,0,0,0,0,0,0,0,0,0,60771,0,0,0
1743620675.001302,600855,21068471,0,pscratch,pscratch-ffffa03b0861a000,0,0,219402878101,374678341559,0,0,30987,0,0,0,0,0,0,0,0,0,0,0,0,0,0,0,0,0,0,0,0,0,0,0,0,14968,0,0,0
1743620676.001700,600855,21068471,0,nscratch,nscratch-ffffa03b0426b000,0,0,10355247390040,905049378378,0,0,98179,0,0,0,0,0,0,0,0,0,0,0,0,0,0,0,0,0,0,0,0,0,0,0,0,60771,0,0,0
1743620676.001770,600855,21068471,0,pscratch,pscratch-ffffa03b0861a000,0,0,219402878101,374678341559,0,0,30987,0,0,0,0,0,0,0,0,0,0,0,0,0,0,0,0,0,0,0,0,0,0,0,0,14968,0,0,0
1743620677.002048,600855,21068471,0,nscratch,nscratch-ffffa03b0426b000,0,0,10355247390040,905049378378,0,0,98179,0,0,0,0,0,0,0,0,0,0,0,0,0,0,0,0,0,0,0,0,0,0,0,0,60771,0,0,0
1743620677.002115,600855,21068471,0,pscratch,pscratch-ffffa03b0861a000,0,0,219402878101,374678341559,0,0,30987,0,0,0,0,0,0,0,0,0,0,0,0,0,0,0,0,0,0,0,0,0,0,0,0,14968,0,0,0
1743620678.001282,600855,21068471,0,nscratch,nscratch-ffffa03b0426b000,0,0,10355247390040,905049378378,0,0,98179,0,0,0,0,0,0,0,0,0,0,0,0,0,0,0,0,0,0,0,0,0,0,0,0,60771,0,0,0
1743620678.001349,600855,21068471,0,pscratch,pscratch-ffffa03b0861a000,0,0,219402878101,374678341559,0,0,30987,0,0,0,0,0,0,0,0,0,0,0,0,0,0,0,0,0,0,0,0,0,0,0,0,14968,0,0,0
1743620679.001766,600855,21068471,0,nscratch,nscratch-ffffa03b0426b000,0,0,10355247390040,905049378378,0,0,98179,0,0,0,0,0,0,0,0,0,0,0,0,0,0,0,0,0,0,0,0,0,0,0,0,60771,0,0,0
1743620679.001833,600855,21068471,0,pscratch,pscratch-ffffa03b0861a000,0,0,219402878101,374678341559,0,0,30987,0,0,0,0,0,0,0,0,0,0,0,0,0,0,0,0,0,0,0,0,0,0,0,0,14968,0,0,0
1743620680.002129,600855,21068471,0,nscratch,nscratch-ffffa03b0426b000,0,0,10355247390040,905049378378,0,0,98179,0,0,0,0,0,0,0,0,0,0,0,0,0,0,0,0,0,0,0,0,0,0,0,0,60771,0,0,0
1743620680.002193,600855,21068471,0,pscratch,pscratch-ffffa03b0861a000,0,0,219402878101,374678341559,0,0,30987,0,0,0,0,0,0,0,0,0,0,0,0,0,0,0,0,0,0,0,0,0,0,0,0,14968,0,0,0
1743620681.001344,600855,21068471,0,nscratch,nscratch-ffffa03b0426b000,0,0,10355247390040,905049378378,0,0,98179,0,0,0,0,0,0,0,0,0,0,0,0,0,0,0,0,0,0,0,0,0,0,0,0,60771,0,0,0
1743620681.001411,600855,21068471,0,pscratch,pscratch-ffffa03b0861a000,0,0,219402878101,374678341559,0,0,30987,0,0,0,0,0,0,0,0,0,0,0,0,0,0,0,0,0,0,0,0,0,0,0,0,14968,0,0,0
1743620682.001844,600855,21068471,0,nscratch,nscratch-ffffa03b0426b000,0,0,10355247390040,905049378378,0,0,98179,0,0,0,0,0,0,0,0,0,0,0,0,0,0,0,0,0,0,0,0,0,0,0,0,60771,0,0,0
1743620682.001911,600855,21068471,0,pscratch,pscratch-ffffa03b0861a000,0,0,219402878101,374678341559,0,0,30987,0,0,0,0,0,0,0,0,0,0,0,0,0,0,0,0,0,0,0,0,0,0,0,0,14968,0,0,0
1743620683.002196,600855,21068471,0,nscratch,nscratch-ffffa03b0426b000,0,0,10355247390040,905049378378,0,0,98179,0,0,0,0,0,0,0,0,0,0,0,0,0,0,0,0,0,0,0,0,0,0,0,0,60771,0,0,0
1743620683.002263,600855,21068471,0,pscratch,pscratch-ffffa03b0861a000,0,0,219402878101,374678341559,0,0,30987,0,0,0,0,0,0,0,0,0,0,0,0,0,0,0,0,0,0,0,0,0,0,0,0,14968,0,0,0
1743620684.001412,600855,21068471,0,nscratch,nscratch-ffffa03b0426b000,0,0,10355247390040,905049378378,0,0,98179,0,0,0,0,0,0,0,0,0,0,0,0,0,0,0,0,0,0,0,0,0,0,0,0,60771,0,0,0
1743620684.001482,600855,21068471,0,pscratch,pscratch-ffffa03b0861a000,0,0,219402878101,374678341559,0,0,30987,0,0,0,0,0,0,0,0,0,0,0,0,0,0,0,0,0,0,0,0,0,0,0,0,14968,0,0,0
1743620685.001854,600855,21068471,0,nscratch,nscratch-ffffa03b0426b000,0,0,10355247390040,905049378378,0,0,98179,0,0,0,0,0,0,0,0,0,0,0,0,0,0,0,0,0,0,0,0,0,0,0,0,60771,0,0,0
1743620685.001923,600855,21068471,0,pscratch,pscratch-ffffa03b0861a000,0,0,219402878101,374678341559,0,0,30987,0,0,0,0,0,0,0,0,0,0,0,0,0,0,0,0,0,0,0,0,0,0,0,0,14968,0,0,0
1743620686.002203,600855,21068471,0,nscratch,nscratch-ffffa03b0426b000,0,0,10355247390040,905049378378,0,0,98179,0,0,0,0,0,0,0,0,0,0,0,0,0,0,0,0,0,0,0,0,0,0,0,0,60771,0,0,0
1743620686.002269,600855,21068471,0,pscratch,pscratch-ffffa03b0861a000,0,0,219402878101,374678341559,0,0,30987,0,0,0,0,0,0,0,0,0,0,0,0,0,0,0,0,0,0,0,0,0,0,0,0,14968,0,0,0
1743620687.001417,600855,21068471,0,nscratch,nscratch-ffffa03b0426b000,0,0,10355247390040,905049378378,0,0,98179,0,0,0,0,0,0,0,0,0,0,0,0,0,0,0,0,0,0,0,0,0,0,0,0,60771,0,0,0
1743620687.001502,600855,21068471,0,pscratch,pscratch-ffffa03b0861a000,0,0,219402878101,374678341559,0,0,30987,0,0,0,0,0,0,0,0,0,0,0,0,0,0,0,0,0,0,0,0,0,0,0,0,14968,0,0,0
1743620688.001878,600855,21068471,0,nscratch,nscratch-ffffa03b0426b000,0,0,10355247390040,905049378378,0,0,98179,0,0,0,0,0,0,0,0,0,0,0,0,0,0,0,0,0,0,0,0,0,0,0,0,60771,0,0,0
1743620688.001951,600855,21068471,0,pscratch,pscratch-ffffa03b0861a000,0,0,219402878101,374678341559,0,0,30987,0,0,0,0,0,0,0,0,0,0,0,0,0,0,0,0,0,0,0,0,0,0,0,0,14968,0,0,0
1743620689.002244,600855,21068471,0,nscratch,nscratch-ffffa03b0426b000,0,0,10355247390040,905049378378,0,0,98179,0,0,0,0,0,0,0,0,0,0,0,0,0,0,0,0,0,0,0,0,0,0,0,0,60771,0,0,0
1743620689.002315,600855,21068471,0,pscratch,pscratch-ffffa03b0861a000,0,0,219402878101,374678341559,0,0,30987,0,0,0,0,0,0,0,0,0,0,0,0,0,0,0,0,0,0,0,0,0,0,0,0,14968,0,0,0
1743620690.001469,600855,21068471,0,nscratch,nscratch-ffffa03b0426b000,0,0,10355247390040,905049378378,0,0,98179,0,0,0,0,0,0,0,0,0,0,0,0,0,0,0,0,0,0,0,0,0,0,0,0,60771,0,0,0
1743620690.001534,600855,21068471,0,pscratch,pscratch-ffffa03b0861a000,0,0,219402878101,374678341559,0,0,30987,0,0,0,0,0,0,0,0,0,0,0,0,0,0,0,0,0,0,0,0,0,0,0,0,14968,0,0,0
1743620691.001884,600855,21068471,0,nscratch,nscratch-ffffa03b0426b000,0,0,10355247390040,905049378378,0,0,98179,0,0,0,0,0,0,0,0,0,0,0,0,0,0,0,0,0,0,0,0,0,0,0,0,60771,0,0,0
1743620691.001950,600855,21068471,0,pscratch,pscratch-ffffa03b0861a000,0,0,219402878101,374678341559,0,0,30987,0,0,0,0,0,0,0,0,0,0,0,0,0,0,0,0,0,0,0,0,0,0,0,0,14968,0,0,0
1743620692.002234,600855,21068471,0,nscratch,nscratch-ffffa03b0426b000,0,0,10355247390040,905049378378,0,0,98179,0,0,0,0,0,0,0,0,0,0,0,0,0,0,0,0,0,0,0,0,0,0,0,0,60771,0,0,0
1743620692.002298,600855,21068471,0,pscratch,pscratch-ffffa03b0861a000,0,0,219402878101,374678341559,0,0,30987,0,0,0,0,0,0,0,0,0,0,0,0,0,0,0,0,0,0,0,0,0,0,0,0,14968,0,0,0
1743620693.001417,600855,21068471,0,nscratch,nscratch-ffffa03b0426b000,0,0,10355247390040,905049378378,0,0,98179,0,0,0,0,0,0,0,0,0,0,0,0,0,0,0,0,0,0,0,0,0,0,0,0,60771,0,0,0
1743620693.001482,600855,21068471,0,pscratch,pscratch-ffffa03b0861a000,0,0,219402878101,374678341559,0,0,30987,0,0,0,0,0,0,0,0,0,0,0,0,0,0,0,0,0,0,0,0,0,0,0,0,14968,0,0,0
1743620694.001863,600855,21068471,0,nscratch,nscratch-ffffa03b0426b000,0,0,10355247390040,905049378378,0,0,98179,0,0,0,0,0,0,0,0,0,0,0,0,0,0,0,0,0,0,0,0,0,0,0,0,60771,0,0,0
1743620694.001929,600855,21068471,0,pscratch,pscratch-ffffa03b0861a000,0,0,219402878101,374678341559,0,0,30987,0,0,0,0,0,0,0,0,0,0,0,0,0,0,0,0,0,0,0,0,0,0,0,0,14968,0,0,0
1743620695.002179,600855,21068471,0,nscratch,nscratch-ffffa03b0426b000,0,0,10355247390040,905049378378,0,0,98179,0,0,0,0,0,0,0,0,0,0,0,0,0,0,0,0,0,0,0,0,0,0,0,0,60771,0,0,0
1743620695.002243,600855,21068471,0,pscratch,pscratch-ffffa03b0861a000,0,0,219402878101,374678341559,0,0,30987,0,0,0,0,0,0,0,0,0,0,0,0,0,0,0,0,0,0,0,0,0,0,0,0,14968,0,0,0
1743620696.001391,600855,21068471,0,nscratch,nscratch-ffffa03b0426b000,0,0,10355247390040,905049378378,0,0,98179,0,0,0,0,0,0,0,0,0,0,0,0,0,0,0,0,0,0,0,0,0,0,0,0,60771,0,0,0
1743620696.001458,600855,21068471,0,pscratch,pscratch-ffffa03b0861a000,0,0,219402878101,374678341559,0,0,30987,0,0,0,0,0,0,0,0,0,0,0,0,0,0,0,0,0,0,0,0,0,0,0,0,14968,0,0,0
1743620697.001811,600855,21068471,0,nscratch,nscratch-ffffa03b0426b000,0,0,10355247390040,905049378378,0,0,98179,0,0,0,0,0,0,0,0,0,0,0,0,0,0,0,0,0,0,0,0,0,0,0,0,60771,0,0,0
1743620697.001875,600855,21068471,0,pscratch,pscratch-ffffa03b0861a000,0,0,219402878101,374678341559,0,0,30987,0,0,0,0,0,0,0,0,0,0,0,0,0,0,0,0,0,0,0,0,0,0,0,0,14968,0,0,0
1743620698.002179,600855,21068471,0,nscratch,nscratch-ffffa03b0426b000,0,0,10355247390040,905049378378,0,0,98179,0,0,0,0,0,0,0,0,0,0,0,0,0,0,0,0,0,0,0,0,0,0,0,0,60771,0,0,0
1743620698.002246,600855,21068471,0,pscratch,pscratch-ffffa03b0861a000,0,0,219402878101,374678341559,0,0,30987,0,0,0,0,0,0,0,0,0,0,0,0,0,0,0,0,0,0,0,0,0,0,0,0,14968,0,0,0
1743620699.001366,600855,21068471,0,nscratch,nscratch-ffffa03b0426b000,0,0,10355247390040,905049378378,0,0,98179,0,0,0,0,0,0,0,0,0,0,0,0,0,0,0,0,0,0,0,0,0,0,0,0,60771,0,0,0
1743620699.001431,600855,21068471,0,pscratch,pscratch-ffffa03b0861a000,0,0,219402878101,374678341559,0,0,30987,0,0,0,0,0,0,0,0,0,0,0,0,0,0,0,0,0,0,0,0,0,0,0,0,14968,0,0,0
1743620700.001885,600855,21068471,0,nscratch,nscratch-ffffa03b0426b000,0,0,10355247390040,905049378378,0,0,98179,0,0,0,0,0,0,0,0,0,0,0,0,0,0,0,0,0,0,0,0,0,0,0,0,60771,0,0,0
1743620700.001950,600855,21068471,0,pscratch,pscratch-ffffa03b0861a000,0,0,219402878101,374678341559,0,0,30987,0,0,0,0,0,0,0,0,0,0,0,0,0,0,0,0,0,0,0,0,0,0,0,0,14968,0,0,0
1743620701.002197,600855,21068471,0,nscratch,nscratch-ffffa03b0426b000,0,0,10355247390040,905049378378,0,0,98179,0,0,0,0,0,0,0,0,0,0,0,0,0,0,0,0,0,0,0,0,0,0,0,0,60771,0,0,0
1743620701.002261,600855,21068471,0,pscratch,pscratch-ffffa03b0861a000,0,0,219402878101,374678341559,0,0,30987,0,0,0,0,0,0,0,0,0,0,0,0,0,0,0,0,0,0,0,0,0,0,0,0,14968,0,0,0
1743620702.001409,600855,21068471,0,nscratch,nscratch-ffffa03b0426b000,0,0,10355247390040,905049378378,0,0,98179,0,0,0,0,0,0,0,0,0,0,0,0,0,0,0,0,0,0,0,0,0,0,0,0,60771,0,0,0
1743620702.001475,600855,21068471,0,pscratch,pscratch-ffffa03b0861a000,0,0,219402878101,374678341559,0,0,30987,0,0,0,0,0,0,0,0,0,0,0,0,0,0,0,0,0,0,0,0,0,0,0,0,14968,0,0,0
1743620703.001845,600855,21068471,0,nscratch,nscratch-ffffa03b0426b000,0,0,10355247390040,905049378378,0,0,98179,0,0,0,0,0,0,0,0,0,0,0,0,0,0,0,0,0,0,0,0,0,0,0,0,60771,0,0,0
1743620703.001912,600855,21068471,0,pscratch,pscratch-ffffa03b0861a000,0,0,219402878101,374678341559,0,0,30987,0,0,0,0,0,0,0,0,0,0,0,0,0,0,0,0,0,0,0,0,0,0,0,0,14968,0,0,0
1743620704.002167,600855,21068471,0,nscratch,nscratch-ffffa03b0426b000,0,0,10355247390040,905049378378,0,0,98179,0,0,0,0,0,0,0,0,0,0,0,0,0,0,0,0,0,0,0,0,0,0,0,0,60771,0,0,0
1743620704.002233,600855,21068471,0,pscratch,pscratch-ffffa03b0861a000,0,0,219402878101,374678341559,0,0,30987,0,0,0,0,0,0,0,0,0,0,0,0,0,0,0,0,0,0,0,0,0,0,0,0,14968,0,0,0
1743620705.001383,600855,21068471,0,nscratch,nscratch-ffffa03b0426b000,0,0,10355247390040,905049378378,0,0,98179,0,0,0,0,0,0,0,0,0,0,0,0,0,0,0,0,0,0,0,0,0,0,0,0,60771,0,0,0
1743620705.001449,600855,21068471,0,pscratch,pscratch-ffffa03b0861a000,0,0,219402878101,374678341559,0,0,30987,0,0,0,0,0,0,0,0,0,0,0,0,0,0,0,0,0,0,0,0,0,0,0,0,14968,0,0,0
1743620706.001811,600855,21068471,0,nscratch,nscratch-ffffa03b0426b000,0,0,10355247390040,905049378378,0,0,98179,0,0,0,0,0,0,0,0,0,0,0,0,0,0,0,0,0,0,0,0,0,0,0,0,60771,0,0,0
1743620706.001876,600855,21068471,0,pscratch,pscratch-ffffa03b0861a000,0,0,219402878101,374678341559,0,0,30987,0,0,0,0,0,0,0,0,0,0,0,0,0,0,0,0,0,0,0,0,0,0,0,0,14968,0,0,0
1743620707.002128,600855,21068471,0,nscratch,nscratch-ffffa03b0426b000,0,0,10355247390040,905049378378,0,0,98179,0,0,0,0,0,0,0,0,0,0,0,0,0,0,0,0,0,0,0,0,0,0,0,0,60771,0,0,0
1743620707.002197,600855,21068471,0,pscratch,pscratch-ffffa03b0861a000,0,0,219402878101,374678341559,0,0,30987,0,0,0,0,0,0,0,0,0,0,0,0,0,0,0,0,0,0,0,0,0,0,0,0,14968,0,0,0
1743620708.001351,600855,21068471,0,nscratch,nscratch-ffffa03b0426b000,0,0,10355247390040,905049378378,0,0,98179,0,0,0,0,0,0,0,0,0,0,0,0,0,0,0,0,0,0,0,0,0,0,0,0,60771,0,0,0
1743620708.001418,600855,21068471,0,pscratch,pscratch-ffffa03b0861a000,0,0,219402878101,374678341559,0,0,30987,0,0,0,0,0,0,0,0,0,0,0,0,0,0,0,0,0,0,0,0,0,0,0,0,14968,0,0,0
1743620709.001820,600855,21068471,0,nscratch,nscratch-ffffa03b0426b000,0,0,10355247390040,905049378378,0,0,98179,0,0,0,0,0,0,0,0,0,0,0,0,0,0,0,0,0,0,0,0,0,0,0,0,60771,0,0,0
1743620709.001886,600855,21068471,0,pscratch,pscratch-ffffa03b0861a000,0,0,219402878101,374678341559,0,0,30987,0,0,0,0,0,0,0,0,0,0,0,0,0,0,0,0,0,0,0,0,0,0,0,0,14968,0,0,0
1743620710.002292,600855,21068471,0,nscratch,nscratch-ffffa03b0426b000,0,0,10355247390040,905049378378,0,0,98179,0,0,0,0,0,0,0,0,0,0,0,0,0,0,0,0,0,0,0,0,0,0,0,0,60771,0,0,0
1743620710.002359,600855,21068471,0,pscratch,pscratch-ffffa03b0861a000,0,0,219402878101,374678341559,0,0,30987,0,0,0,0,0,0,0,0,0,0,0,0,0,0,0,0,0,0,0,0,0,0,0,0,14968,0,0,0
1743620711.001483,600855,21068471,0,nscratch,nscratch-ffffa03b0426b000,0,0,10355247390040,905049378378,0,0,98179,0,0,0,0,0,0,0,0,0,0,0,0,0,0,0,0,0,0,0,0,0,0,0,0,60771,0,0,0
1743620711.001547,600855,21068471,0,pscratch,pscratch-ffffa03b0861a000,0,0,219402878101,374678341559,0,0,30987,0,0,0,0,0,0,0,0,0,0,0,0,0,0,0,0,0,0,0,0,0,0,0,0,14968,0,0,0
1743620712.001936,600855,21068471,0,nscratch,nscratch-ffffa03b0426b000,0,0,10355247390040,905049378378,0,0,98179,0,0,0,0,0,0,0,0,0,0,0,0,0,0,0,0,0,0,0,0,0,0,0,0,60771,0,0,0
1743620712.002003,600855,21068471,0,pscratch,pscratch-ffffa03b0861a000,0,0,219402878101,374678341559,0,0,30987,0,0,0,0,0,0,0,0,0,0,0,0,0,0,0,0,0,0,0,0,0,0,0,0,14968,0,0,0
1743620713.001288,600855,21068471,0,nscratch,nscratch-ffffa03b0426b000,0,0,10355247390040,905049378378,0,0,98179,0,0,0,0,0,0,0,0,0,0,0,0,0,0,0,0,0,0,0,0,0,0,0,0,60771,0,0,0
1743620713.001353,600855,21068471,0,pscratch,pscratch-ffffa03b0861a000,0,0,219402878101,374678341559,0,0,30987,0,0,0,0,0,0,0,0,0,0,0,0,0,0,0,0,0,0,0,0,0,0,0,0,14968,0,0,0
1743620714.001502,600855,21068471,0,nscratch,nscratch-ffffa03b0426b000,0,0,10355247390040,905049378378,0,0,98179,0,0,0,0,0,0,0,0,0,0,0,0,0,0,0,0,0,0,0,0,0,0,0,0,60771,0,0,0
1743620714.001589,600855,21068471,0,pscratch,pscratch-ffffa03b0861a000,0,0,219402878101,374678341559,0,0,30987,0,0,0,0,0,0,0,0,0,0,0,0,0,0,0,0,0,0,0,0,0,0,0,0,14968,0,0,0
1743620715.001937,600855,21068471,0,nscratch,nscratch-ffffa03b0426b000,0,0,10355247390040,905049378378,0,0,98179,0,0,0,0,0,0,0,0,0,0,0,0,0,0,0,0,0,0,0,0,0,0,0,0,60771,0,0,0
1743620715.002003,600855,21068471,0,pscratch,pscratch-ffffa03b0861a000,0,0,219402878101,374678341559,0,0,30987,0,0,0,0,0,0,0,0,0,0,0,0,0,0,0,0,0,0,0,0,0,0,0,0,14968,0,0,0
1743620716.001286,600855,21068471,0,nscratch,nscratch-ffffa03b0426b000,0,0,10355247390040,905049378378,0,0,98179,0,0,0,0,0,0,0,0,0,0,0,0,0,0,0,0,0,0,0,0,0,0,0,0,60771,0,0,0
1743620716.001352,600855,21068471,0,pscratch,pscratch-ffffa03b0861a000,0,0,219402878101,374678341559,0,0,30987,0,0,0,0,0,0,0,0,0,0,0,0,0,0,0,0,0,0,0,0,0,0,0,0,14968,0,0,0
1743620717.001472,600855,21068471,0,nscratch,nscratch-ffffa03b0426b000,0,0,10355247390040,905049378378,0,0,98179,0,0,0,0,0,0,0,0,0,0,0,0,0,0,0,0,0,0,0,0,0,0,0,0,60771,0,0,0
1743620717.001539,600855,21068471,0,pscratch,pscratch-ffffa03b0861a000,0,0,219402878101,374678341559,0,0,30987,0,0,0,0,0,0,0,0,0,0,0,0,0,0,0,0,0,0,0,0,0,0,0,0,14968,0,0,0
1743620718.001932,600855,21068471,0,nscratch,nscratch-ffffa03b0426b000,0,0,10355247390040,905049378378,0,0,98179,0,0,0,0,0,0,0,0,0,0,0,0,0,0,0,0,0,0,0,0,0,0,0,0,60771,0,0,0
1743620718.002000,600855,21068471,0,pscratch,pscratch-ffffa03b0861a000,0,0,219402878101,374678341559,0,0,30987,0,0,0,0,0,0,0,0,0,0,0,0,0,0,0,0,0,0,0,0,0,0,0,0,14968,0,0,0
1743620719.001282,600855,21068471,0,nscratch,nscratch-ffffa03b0426b000,0,0,10355247390040,905049378378,0,0,98179,0,0,0,0,0,0,0,0,0,0,0,0,0,0,0,0,0,0,0,0,0,0,0,0,60771,0,0,0
1743620719.001348,600855,21068471,0,pscratch,pscratch-ffffa03b0861a000,0,0,219402878101,374678341559,0,0,30987,0,0,0,0,0,0,0,0,0,0,0,0,0,0,0,0,0,0,0,0,0,0,0,0,14968,0,0,0
1743620720.001499,600855,21068471,0,nscratch,nscratch-ffffa03b0426b000,0,0,10355247390040,905049378378,0,0,98179,0,0,0,0,0,0,0,0,0,0,0,0,0,0,0,0,0,0,0,0,0,0,0,0,60771,0,0,0
1743620720.001565,600855,21068471,0,pscratch,pscratch-ffffa03b0861a000,0,0,219402878101,374678341559,0,0,30987,0,0,0,0,0,0,0,0,0,0,0,0,0,0,0,0,0,0,0,0,0,0,0,0,14968,0,0,0
1743620721.001953,600855,21068471,0,nscratch,nscratch-ffffa03b0426b000,0,0,10355247390040,905049378378,0,0,98179,0,0,0,0,0,0,0,0,0,0,0,0,0,0,0,0,0,0,0,0,0,0,0,0,60771,0,0,0
1743620721.002030,600855,21068471,0,pscratch,pscratch-ffffa03b0861a000,0,0,219402878101,374678341559,0,0,30987,0,0,0,0,0,0,0,0,0,0,0,0,0,0,0,0,0,0,0,0,0,0,0,0,14968,0,0,0
1743620722.001309,600855,21068471,0,nscratch,nscratch-ffffa03b0426b000,0,0,10355247390040,905049378378,0,0,98179,0,0,0,0,0,0,0,0,0,0,0,0,0,0,0,0,0,0,0,0,0,0,0,0,60771,0,0,0
1743620722.001390,600855,21068471,0,pscratch,pscratch-ffffa03b0861a000,0,0,219402878101,374678341559,0,0,30987,0,0,0,0,0,0,0,0,0,0,0,0,0,0,0,0,0,0,0,0,0,0,0,0,14968,0,0,0
1743620723.001542,600855,21068471,0,nscratch,nscratch-ffffa03b0426b000,0,0,10355247390040,905049378378,0,0,98179,0,0,0,0,0,0,0,0,0,0,0,0,0,0,0,0,0,0,0,0,0,0,0,0,60771,0,0,0
1743620723.001609,600855,21068471,0,pscratch,pscratch-ffffa03b0861a000,0,0,219402878101,374678341559,0,0,30987,0,0,0,0,0,0,0,0,0,0,0,0,0,0,0,0,0,0,0,0,0,0,0,0,14968,0,0,0
1743620724.002025,600855,21068471,0,nscratch,nscratch-ffffa03b0426b000,0,0,10355247390040,905049378378,0,0,98179,0,0,0,0,0,0,0,0,0,0,0,0,0,0,0,0,0,0,0,0,0,0,0,0,60771,0,0,0
1743620724.002091,600855,21068471,0,pscratch,pscratch-ffffa03b0861a000,0,0,219402878101,374678341559,0,0,30987,0,0,0,0,0,0,0,0,0,0,0,0,0,0,0,0,0,0,0,0,0,0,0,0,14968,0,0,0
1743620725.001372,600855,21068471,0,nscratch,nscratch-ffffa03b0426b000,0,0,10355247390040,905049378378,0,0,98179,0,0,0,0,0,0,0,0,0,0,0,0,0,0,0,0,0,0,0,0,0,0,0,0,60771,0,0,0
1743620725.001437,600855,21068471,0,pscratch,pscratch-ffffa03b0861a000,0,0,219402878101,374678341559,0,0,30987,0,0,0,0,0,0,0,0,0,0,0,0,0,0,0,0,0,0,0,0,0,0,0,0,14968,0,0,0
1743620726.001604,600855,21068471,0,nscratch,nscratch-ffffa03b0426b000,0,0,10355247390040,905049378378,0,0,98179,0,0,0,0,0,0,0,0,0,0,0,0,0,0,0,0,0,0,0,0,0,0,0,0,60771,0,0,0
1743620726.001680,600855,21068471,0,pscratch,pscratch-ffffa03b0861a000,0,0,219402878101,374678341559,0,0,30987,0,0,0,0,0,0,0,0,0,0,0,0,0,0,0,0,0,0,0,0,0,0,0,0,14968,0,0,0
1743620727.002019,600855,21068471,0,nscratch,nscratch-ffffa03b0426b000,0,0,10355247390040,905049378378,0,0,98179,0,0,0,0,0,0,0,0,0,0,0,0,0,0,0,0,0,0,0,0,0,0,0,0,60771,0,0,0
1743620727.002090,600855,21068471,0,pscratch,pscratch-ffffa03b0861a000,0,0,219402878101,374678341559,0,0,30987,0,0,0,0,0,0,0,0,0,0,0,0,0,0,0,0,0,0,0,0,0,0,0,0,14968,0,0,0
1743620728.001374,600855,21068471,0,nscratch,nscratch-ffffa03b0426b000,0,0,10355247390040,905049378378,0,0,98179,0,0,0,0,0,0,0,0,0,0,0,0,0,0,0,0,0,0,0,0,0,0,0,0,60771,0,0,0
1743620728.001442,600855,21068471,0,pscratch,pscratch-ffffa03b0861a000,0,0,219402878101,374678341559,0,0,30987,0,0,0,0,0,0,0,0,0,0,0,0,0,0,0,0,0,0,0,0,0,0,0,0,14968,0,0,0
1743620729.001573,600855,21068471,0,nscratch,nscratch-ffffa03b0426b000,0,0,10355247390040,905049378378,0,0,98179,0,0,0,0,0,0,0,0,0,0,0,0,0,0,0,0,0,0,0,0,0,0,0,0,60771,0,0,0
1743620729.001645,600855,21068471,0,pscratch,pscratch-ffffa03b0861a000,0,0,219402878101,374678341559,0,0,30987,0,0,0,0,0,0,0,0,0,0,0,0,0,0,0,0,0,0,0,0,0,0,0,0,14968,0,0,0
1743620730.002000,600855,21068471,0,nscratch,nscratch-ffffa03b0426b000,0,0,10355247390040,905049378378,0,0,98179,0,0,0,0,0,0,0,0,0,0,0,0,0,0,0,0,0,0,0,0,0,0,0,0,60771,0,0,0
1743620730.002068,600855,21068471,0,pscratch,pscratch-ffffa03b0861a000,0,0,219402878101,374678341559,0,0,30987,0,0,0,0,0,0,0,0,0,0,0,0,0,0,0,0,0,0,0,0,0,0,0,0,14968,0,0,0
1743620731.001359,600855,21068471,0,nscratch,nscratch-ffffa03b0426b000,0,0,10355247390040,905049378378,0,0,98179,0,0,0,0,0,0,0,0,0,0,0,0,0,0,0,0,0,0,0,0,0,0,0,0,60771,0,0,0
1743620731.001423,600855,21068471,0,pscratch,pscratch-ffffa03b0861a000,0,0,219402878101,374678341559,0,0,30987,0,0,0,0,0,0,0,0,0,0,0,0,0,0,0,0,0,0,0,0,0,0,0,0,14968,0,0,0
1743620732.001575,600855,21068471,0,nscratch,nscratch-ffffa03b0426b000,0,0,10355247390040,905049378378,0,0,98179,0,0,0,0,0,0,0,0,0,0,0,0,0,0,0,0,0,0,0,0,0,0,0,0,60771,0,0,0
1743620732.001653,600855,21068471,0,pscratch,pscratch-ffffa03b0861a000,0,0,219402878101,374678341559,0,0,30987,0,0,0,0,0,0,0,0,0,0,0,0,0,0,0,0,0,0,0,0,0,0,0,0,14968,0,0,0
1743620733.002038,600855,21068471,0,nscratch,nscratch-ffffa03b0426b000,0,0,10355247390040,905049378378,0,0,98179,0,0,0,0,0,0,0,0,0,0,0,0,0,0,0,0,0,0,0,0,0,0,0,0,60771,0,0,0
1743620733.002105,600855,21068471,0,pscratch,pscratch-ffffa03b0861a000,0,0,219402878101,374678341559,0,0,30987,0,0,0,0,0,0,0,0,0,0,0,0,0,0,0,0,0,0,0,0,0,0,0,0,14968,0,0,0
1743620734.001409,600855,21068471,0,nscratch,nscratch-ffffa03b0426b000,0,0,10355247390040,905049378378,0,0,98179,0,0,0,0,0,0,0,0,0,0,0,0,0,0,0,0,0,0,0,0,0,0,0,0,60771,0,0,0
1743620734.001475,600855,21068471,0,pscratch,pscratch-ffffa03b0861a000,0,0,219402878101,374678341559,0,0,30987,0,0,0,0,0,0,0,0,0,0,0,0,0,0,0,0,0,0,0,0,0,0,0,0,14968,0,0,0
1743620735.001599,600855,21068471,0,nscratch,nscratch-ffffa03b0426b000,0,0,10355247390040,905049378378,0,0,98179,0,0,0,0,0,0,0,0,0,0,0,0,0,0,0,0,0,0,0,0,0,0,0,0,60771,0,0,0
1743620735.001674,600855,21068471,0,pscratch,pscratch-ffffa03b0861a000,0,0,219402878101,374678341559,0,0,30987,0,0,0,0,0,0,0,0,0,0,0,0,0,0,0,0,0,0,0,0,0,0,0,0,14968,0,0,0
1743620736.002063,600855,21068471,0,nscratch,nscratch-ffffa03b0426b000,0,0,10355247390040,905049378378,0,0,98179,0,0,0,0,0,0,0,0,0,0,0,0,0,0,0,0,0,0,0,0,0,0,0,0,60771,0,0,0
1743620736.002128,600855,21068471,0,pscratch,pscratch-ffffa03b0861a000,0,0,219402878101,374678341559,0,0,30987,0,0,0,0,0,0,0,0,0,0,0,0,0,0,0,0,0,0,0,0,0,0,0,0,14968,0,0,0
1743620737.001404,600855,21068471,0,nscratch,nscratch-ffffa03b0426b000,0,0,10355247390040,905049378378,0,0,98179,0,0,0,0,0,0,0,0,0,0,0,0,0,0,0,0,0,0,0,0,0,0,0,0,60771,0,0,0
1743620737.001470,600855,21068471,0,pscratch,pscratch-ffffa03b0861a000,0,0,219402878101,374678341559,0,0,30987,0,0,0,0,0,0,0,0,0,0,0,0,0,0,0,0,0,0,0,0,0,0,0,0,14968,0,0,0
1743620738.001594,600855,21068471,0,nscratch,nscratch-ffffa03b0426b000,0,0,10355247390040,905049378378,0,0,98179,0,0,0,0,0,0,0,0,0,0,0,0,0,0,0,0,0,0,0,0,0,0,0,0,60771,0,0,0
1743620738.001666,600855,21068471,0,pscratch,pscratch-ffffa03b0861a000,0,0,219402878101,374678341559,0,0,30987,0,0,0,0,0,0,0,0,0,0,0,0,0,0,0,0,0,0,0,0,0,0,0,0,14968,0,0,0
1743620739.002013,600855,21068471,0,nscratch,nscratch-ffffa03b0426b000,0,0,10355247390040,905049378378,0,0,98179,0,0,0,0,0,0,0,0,0,0,0,0,0,0,0,0,0,0,0,0,0,0,0,0,60771,0,0,0
1743620739.002083,600855,21068471,0,pscratch,pscratch-ffffa03b0861a000,0,0,219402878101,374678341559,0,0,30987,0,0,0,0,0,0,0,0,0,0,0,0,0,0,0,0,0,0,0,0,0,0,0,0,14968,0,0,0
1743620740.001376,600855,21068471,0,nscratch,nscratch-ffffa03b0426b000,0,0,10355247390040,905049378378,0,0,98179,0,0,0,0,0,0,0,0,0,0,0,0,0,0,0,0,0,0,0,0,0,0,0,0,60771,0,0,0
1743620740.001442,600855,21068471,0,pscratch,pscratch-ffffa03b0861a000,0,0,219402878101,374678341559,0,0,30987,0,0,0,0,0,0,0,0,0,0,0,0,0,0,0,0,0,0,0,0,0,0,0,0,14968,0,0,0
1743620741.001592,600855,21068471,0,nscratch,nscratch-ffffa03b0426b000,0,0,10355247390040,905049378378,0,0,98179,0,0,0,0,0,0,0,0,0,0,0,0,0,0,0,0,0,0,0,0,0,0,0,0,60771,0,0,0
1743620741.001669,600855,21068471,0,pscratch,pscratch-ffffa03b0861a000,0,0,219402878101,374678341559,0,0,30987,0,0,0,0,0,0,0,0,0,0,0,0,0,0,0,0,0,0,0,0,0,0,0,0,14968,0,0,0
1743620742.002043,600855,21068471,0,nscratch,nscratch-ffffa03b0426b000,0,0,10355247390040,905049378378,0,0,98179,0,0,0,0,0,0,0,0,0,0,0,0,0,0,0,0,0,0,0,0,0,0,0,0,60771,0,0,0
1743620742.002112,600855,21068471,0,pscratch,pscratch-ffffa03b0861a000,0,0,219402878101,374678341559,0,0,30987,0,0,0,0,0,0,0,0,0,0,0,0,0,0,0,0,0,0,0,0,0,0,0,0,14968,0,0,0
1743620743.001392,600855,21068471,0,nscratch,nscratch-ffffa03b0426b000,0,0,10355247390040,905049378378,0,0,98179,0,0,0,0,0,0,0,0,0,0,0,0,0,0,0,0,0,0,0,0,0,0,0,0,60771,0,0,0
1743620743.001457,600855,21068471,0,pscratch,pscratch-ffffa03b0861a000,0,0,219402878101,374678341559,0,0,30987,0,0,0,0,0,0,0,0,0,0,0,0,0,0,0,0,0,0,0,0,0,0,0,0,14968,0,0,0
1743620744.001617,600855,21068471,0,nscratch,nscratch-ffffa03b0426b000,0,0,10355247390040,905049378378,0,0,98179,0,0,0,0,0,0,0,0,0,0,0,0,0,0,0,0,0,0,0,0,0,0,0,0,60771,0,0,0
1743620744.001693,600855,21068471,0,pscratch,pscratch-ffffa03b0861a000,0,0,219402878101,374678341559,0,0,30987,0,0,0,0,0,0,0,0,0,0,0,0,0,0,0,0,0,0,0,0,0,0,0,0,14968,0,0,0
1743620745.002084,600855,21068471,0,nscratch,nscratch-ffffa03b0426b000,0,0,10355247390040,905049378378,0,0,98179,0,0,0,0,0,0,0,0,0,0,0,0,0,0,0,0,0,0,0,0,0,0,0,0,60771,0,0,0
1743620745.002152,600855,21068471,0,pscratch,pscratch-ffffa03b0861a000,0,0,219402878101,374678341559,0,0,30987,0,0,0,0,0,0,0,0,0,0,0,0,0,0,0,0,0,0,0,0,0,0,0,0,14968,0,0,0
1743620746.001431,600855,21068471,0,nscratch,nscratch-ffffa03b0426b000,0,0,10355247390040,905049378378,0,0,98179,0,0,0,0,0,0,0,0,0,0,0,0,0,0,0,0,0,0,0,0,0,0,0,0,60771,0,0,0
1743620746.001497,600855,21068471,0,pscratch,pscratch-ffffa03b0861a000,0,0,219402878101,374678341559,0,0,30987,0,0,0,0,0,0,0,0,0,0,0,0,0,0,0,0,0,0,0,0,0,0,0,0,14968,0,0,0
1743620747.001666,600855,21068471,0,nscratch,nscratch-ffffa03b0426b000,0,0,10355247390040,905049378378,0,0,98179,0,0,0,0,0,0,0,0,0,0,0,0,0,0,0,0,0,0,0,0,0,0,0,0,60771,0,0,0
1743620747.001750,600855,21068471,0,pscratch,pscratch-ffffa03b0861a000,0,0,219402878101,374678341559,0,0,30987,0,0,0,0,0,0,0,0,0,0,0,0,0,0,0,0,0,0,0,0,0,0,0,0,14968,0,0,0
1743620748.002151,600855,21068471,0,nscratch,nscratch-ffffa03b0426b000,0,0,10355247390040,905049378378,0,0,98179,0,0,0,0,0,0,0,0,0,0,0,0,0,0,0,0,0,0,0,0,0,0,0,0,60771,0,0,0
1743620748.002220,600855,21068471,0,pscratch,pscratch-ffffa03b0861a000,0,0,219402878101,374678341559,0,0,30987,0,0,0,0,0,0,0,0,0,0,0,0,0,0,0,0,0,0,0,0,0,0,0,0,14968,0,0,0
1743620749.001516,600855,21068471,0,nscratch,nscratch-ffffa03b0426b000,0,0,10355247390040,905049378378,0,0,98179,0,0,0,0,0,0,0,0,0,0,0,0,0,0,0,0,0,0,0,0,0,0,0,0,60771,0,0,0
1743620749.001583,600855,21068471,0,pscratch,pscratch-ffffa03b0861a000,0,0,219402878101,374678341559,0,0,30987,0,0,0,0,0,0,0,0,0,0,0,0,0,0,0,0,0,0,0,0,0,0,0,0,14968,0,0,0
1743620750.001729,600855,21068471,0,nscratch,nscratch-ffffa03b0426b000,0,0,10355247390040,905049378378,0,0,98179,0,0,0,0,0,0,0,0,0,0,0,0,0,0,0,0,0,0,0,0,0,0,0,0,60771,0,0,0
1743620750.001796,600855,21068471,0,pscratch,pscratch-ffffa03b0861a000,0,0,219402878101,374678341559,0,0,30987,0,0,0,0,0,0,0,0,0,0,0,0,0,0,0,0,0,0,0,0,0,0,0,0,14968,0,0,0
1743620751.002184,600855,21068471,0,nscratch,nscratch-ffffa03b0426b000,0,0,10355247390040,905049378378,0,0,98179,0,0,0,0,0,0,0,0,0,0,0,0,0,0,0,0,0,0,0,0,0,0,0,0,60771,0,0,0
1743620751.002251,600855,21068471,0,pscratch,pscratch-ffffa03b0861a000,0,0,219402878101,374678341559,0,0,30987,0,0,0,0,0,0,0,0,0,0,0,0,0,0,0,0,0,0,0,0,0,0,0,0,14968,0,0,0
1743620752.001528,600855,21068471,0,nscratch,nscratch-ffffa03b0426b000,0,0,10355247390040,905049378378,0,0,98179,0,0,0,0,0,0,0,0,0,0,0,0,0,0,0,0,0,0,0,0,0,0,0,0,60771,0,0,0
1743620752.001594,600855,21068471,0,pscratch,pscratch-ffffa03b0861a000,0,0,219402878101,374678341559,0,0,30987,0,0,0,0,0,0,0,0,0,0,0,0,0,0,0,0,0,0,0,0,0,0,0,0,14968,0,0,0
1743620753.001774,600855,21068471,0,nscratch,nscratch-ffffa03b0426b000,0,0,10355247390040,905049378378,0,0,98179,0,0,0,0,0,0,0,0,0,0,0,0,0,0,0,0,0,0,0,0,0,0,0,0,60771,0,0,0
1743620753.001845,600855,21068471,0,pscratch,pscratch-ffffa03b0861a000,0,0,219402878101,374678341559,0,0,30987,0,0,0,0,0,0,0,0,0,0,0,0,0,0,0,0,0,0,0,0,0,0,0,0,14968,0,0,0
1743620754.002218,600855,21068471,0,nscratch,nscratch-ffffa03b0426b000,0,0,10355247390040,905049378378,0,0,98179,0,0,0,0,0,0,0,0,0,0,0,0,0,0,0,0,0,0,0,0,0,0,0,0,60771,0,0,0
1743620754.002284,600855,21068471,0,pscratch,pscratch-ffffa03b0861a000,0,0,219402878101,374678341559,0,0,30987,0,0,0,0,0,0,0,0,0,0,0,0,0,0,0,0,0,0,0,0,0,0,0,0,14968,0,0,0
1743620755.001562,600855,21068471,0,nscratch,nscratch-ffffa03b0426b000,0,0,10355247390040,905049378378,0,0,98179,0,0,0,0,0,0,0,0,0,0,0,0,0,0,0,0,0,0,0,0,0,0,0,0,60771,0,0,0
1743620755.001638,600855,21068471,0,pscratch,pscratch-ffffa03b0861a000,0,0,219402878101,374678341559,0,0,30987,0,0,0,0,0,0,0,0,0,0,0,0,0,0,0,0,0,0,0,0,0,0,0,0,14968,0,0,0
1743620756.001791,600855,21068471,0,nscratch,nscratch-ffffa03b0426b000,0,0,10355247390040,905049378378,0,0,98179,0,0,0,0,0,0,0,0,0,0,0,0,0,0,0,0,0,0,0,0,0,0,0,0,60771,0,0,0
1743620756.001858,600855,21068471,0,pscratch,pscratch-ffffa03b0861a000,0,0,219402878101,374678341559,0,0,30987,0,0,0,0,0,0,0,0,0,0,0,0,0,0,0,0,0,0,0,0,0,0,0,0,14968,0,0,0
1743620757.002231,600855,21068471,0,nscratch,nscratch-ffffa03b0426b000,0,0,10355247390040,905049378378,0,0,98179,0,0,0,0,0,0,0,0,0,0,0,0,0,0,0,0,0,0,0,0,0,0,0,0,60771,0,0,0
1743620757.002299,600855,21068471,0,pscratch,pscratch-ffffa03b0861a000,0,0,219402878101,374678341559,0,0,30987,0,0,0,0,0,0,0,0,0,0,0,0,0,0,0,0,0,0,0,0,0,0,0,0,14968,0,0,0
1743620758.001577,600855,21068471,0,nscratch,nscratch-ffffa03b0426b000,0,0,10355247390040,905049378378,0,0,98179,0,0,0,0,0,0,0,0,0,0,0,0,0,0,0,0,0,0,0,0,0,0,0,0,60771,0,0,0
1743620758.001650,600855,21068471,0,pscratch,pscratch-ffffa03b0861a000,0,0,219402878101,374678341559,0,0,30987,0,0,0,0,0,0,0,0,0,0,0,0,0,0,0,0,0,0,0,0,0,0,0,0,14968,0,0,0
1743620759.001802,600855,21068471,0,nscratch,nscratch-ffffa03b0426b000,0,0,10355247390040,905049378378,0,0,98179,0,0,0,0,0,0,0,0,0,0,0,0,0,0,0,0,0,0,0,0,0,0,0,0,60771,0,0,0
1743620759.001872,600855,21068471,0,pscratch,pscratch-ffffa03b0861a000,0,0,219402878101,374678341559,0,0,30987,0,0,0,0,0,0,0,0,0,0,0,0,0,0,0,0,0,0,0,0,0,0,0,0,14968,0,0,0
1743620760.001256,600855,21068471,0,nscratch,nscratch-ffffa03b0426b000,0,0,10355247390040,905049378378,0,0,98179,0,0,0,0,0,0,0,0,0,0,0,0,0,0,0,0,0,0,0,0,0,0,0,0,60771,0,0,0
1743620760.001322,600855,21068471,0,pscratch,pscratch-ffffa03b0861a000,0,0,219402878101,374678341559,0,0,30987,0,0,0,0,0,0,0,0,0,0,0,0,0,0,0,0,0,0,0,0,0,0,0,0,14968,0,0,0
1743620761.001611,600855,21068471,0,nscratch,nscratch-ffffa03b0426b000,0,0,10355247390040,905049378378,0,0,98179,0,0,0,0,0,0,0,0,0,0,0,0,0,0,0,0,0,0,0,0,0,0,0,0,60771,0,0,0
1743620761.001686,600855,21068471,0,pscratch,pscratch-ffffa03b0861a000,0,0,219402878101,374678341559,0,0,30987,0,0,0,0,0,0,0,0,0,0,0,0,0,0,0,0,0,0,0,0,0,0,0,0,14968,0,0,0
1743620762.001846,600855,21068471,0,nscratch,nscratch-ffffa03b0426b000,0,0,10355247390040,905049378378,0,0,98179,0,0,0,0,0,0,0,0,0,0,0,0,0,0,0,0,0,0,0,0,0,0,0,0,60771,0,0,0
1743620762.001915,600855,21068471,0,pscratch,pscratch-ffffa03b0861a000,0,0,219402878101,374678341559,0,0,30987,0,0,0,0,0,0,0,0,0,0,0,0,0,0,0,0,0,0,0,0,0,0,0,0,14968,0,0,0
1743620763.001290,600855,21068471,0,nscratch,nscratch-ffffa03b0426b000,0,0,10355247390040,905049378378,0,0,98179,0,0,0,0,0,0,0,0,0,0,0,0,0,0,0,0,0,0,0,0,0,0,0,0,60771,0,0,0
1743620763.001357,600855,21068471,0,pscratch,pscratch-ffffa03b0861a000,0,0,219402878101,374678341559,0,0,30987,0,0,0,0,0,0,0,0,0,0,0,0,0,0,0,0,0,0,0,0,0,0,0,0,14968,0,0,0
1743620764.001665,600855,21068471,0,nscratch,nscratch-ffffa03b0426b000,0,0,10355247390040,905049378378,0,0,98179,0,0,0,0,0,0,0,0,0,0,0,0,0,0,0,0,0,0,0,0,0,0,0,0,60771,0,0,0
1743620764.001736,600855,21068471,0,pscratch,pscratch-ffffa03b0861a000,0,0,219402878101,374678341559,0,0,30987,0,0,0,0,0,0,0,0,0,0,0,0,0,0,0,0,0,0,0,0,0,0,0,0,14968,0,0,0
1743620765.001899,600855,21068471,0,nscratch,nscratch-ffffa03b0426b000,0,0,10355247390040,905049378378,0,0,98179,0,0,0,0,0,0,0,0,0,0,0,0,0,0,0,0,0,0,0,0,0,0,0,0,60771,0,0,0
1743620765.001968,600855,21068471,0,pscratch,pscratch-ffffa03b0861a000,0,0,219402878101,374678341559,0,0,30987,0,0,0,0,0,0,0,0,0,0,0,0,0,0,0,0,0,0,0,0,0,0,0,0,14968,0,0,0
1743620766.001371,600855,21068471,0,nscratch,nscratch-ffffa03b0426b000,0,0,10355247390040,905049378378,0,0,98179,0,0,0,0,0,0,0,0,0,0,0,0,0,0,0,0,0,0,0,0,0,0,0,0,60771,0,0,0
1743620766.001439,600855,21068471,0,pscratch,pscratch-ffffa03b0861a000,0,0,219402878101,374678341559,0,0,30987,0,0,0,0,0,0,0,0,0,0,0,0,0,0,0,0,0,0,0,0,0,0,0,0,14968,0,0,0
1743620767.001716,600855,21068471,0,nscratch,nscratch-ffffa03b0426b000,0,0,10355247390040,905049378378,0,0,98179,0,0,0,0,0,0,0,0,0,0,0,0,0,0,0,0,0,0,0,0,0,0,0,0,60771,0,0,0
1743620767.001790,600855,21068471,0,pscratch,pscratch-ffffa03b0861a000,0,0,219402878101,374678341559,0,0,30987,0,0,0,0,0,0,0,0,0,0,0,0,0,0,0,0,0,0,0,0,0,0,0,0,14968,0,0,0
1743620768.001966,600855,21068471,0,nscratch,nscratch-ffffa03b0426b000,0,0,10355247390040,905049378378,0,0,98179,0,0,0,0,0,0,0,0,0,0,0,0,0,0,0,0,0,0,0,0,0,0,0,0,60771,0,0,0
1743620768.002039,600855,21068471,0,pscratch,pscratch-ffffa03b0861a000,0,0,219402878101,374678341559,0,0,30987,0,0,0,0,0,0,0,0,0,0,0,0,0,0,0,0,0,0,0,0,0,0,0,0,14968,0,0,0
1743620769.001408,600855,21068471,0,nscratch,nscratch-ffffa03b0426b000,0,0,10355247390040,905049378378,0,0,98179,0,0,0,0,0,0,0,0,0,0,0,0,0,0,0,0,0,0,0,0,0,0,0,0,60771,0,0,0
1743620769.001474,600855,21068471,0,pscratch,pscratch-ffffa03b0861a000,0,0,219402878101,374678341559,0,0,30987,0,0,0,0,0,0,0,0,0,0,0,0,0,0,0,0,0,0,0,0,0,0,0,0,14968,0,0,0
1743620770.001972,600855,21068471,0,nscratch,nscratch-ffffa03b0426b000,0,0,10355247390040,905049378378,0,0,98179,0,0,0,0,0,0,0,0,0,0,0,0,0,0,0,0,0,0,0,0,0,0,0,0,60771,0,0,0
1743620770.002044,600855,21068471,0,pscratch,pscratch-ffffa03b0861a000,0,0,219402878101,374678341559,0,0,30987,0,0,0,0,0,0,0,0,0,0,0,0,0,0,0,0,0,0,0,0,0,0,0,0,14968,0,0,0
1743620771.001193,600855,21068471,0,nscratch,nscratch-ffffa03b0426b000,0,0,10355247390040,905049378378,0,0,98179,0,0,0,0,0,0,0,0,0,0,0,0,0,0,0,0,0,0,0,0,0,0,0,0,60771,0,0,0
1743620771.001272,600855,21068471,0,pscratch,pscratch-ffffa03b0861a000,0,0,219402878101,374678341559,0,0,30987,0,0,0,0,0,0,0,0,0,0,0,0,0,0,0,0,0,0,0,0,0,0,0,0,14968,0,0,0
1743620772.001653,600855,21068471,0,nscratch,nscratch-ffffa03b0426b000,0,0,10355247390040,905049378378,0,0,98179,0,0,0,0,0,0,0,0,0,0,0,0,0,0,0,0,0,0,0,0,0,0,0,0,60771,0,0,0
1743620772.001736,600855,21068471,0,pscratch,pscratch-ffffa03b0861a000,0,0,219402878101,374678341559,0,0,30987,0,0,0,0,0,0,0,0,0,0,0,0,0,0,0,0,0,0,0,0,0,0,0,0,14968,0,0,0
1743620773.002021,600855,21068471,0,nscratch,nscratch-ffffa03b0426b000,0,0,10355247390040,905049378378,0,0,98179,0,0,0,0,0,0,0,0,0,0,0,0,0,0,0,0,0,0,0,0,0,0,0,0,60771,0,0,0
1743620773.002086,600855,21068471,0,pscratch,pscratch-ffffa03b0861a000,0,0,219402878101,374678341559,0,0,30987,0,0,0,0,0,0,0,0,0,0,0,0,0,0,0,0,0,0,0,0,0,0,0,0,14968,0,0,0
1743620774.001246,600855,21068471,0,nscratch,nscratch-ffffa03b0426b000,0,0,10355247390040,905049378378,0,0,98179,0,0,0,0,0,0,0,0,0,0,0,0,0,0,0,0,0,0,0,0,0,0,0,0,60771,0,0,0
1743620774.001329,600855,21068471,0,pscratch,pscratch-ffffa03b0861a000,0,0,219402878101,374678341559,0,0,30987,0,0,0,0,0,0,0,0,0,0,0,0,0,0,0,0,0,0,0,0,0,0,0,0,14968,0,0,0
1743620775.001690,600855,21068471,0,nscratch,nscratch-ffffa03b0426b000,0,0,10355247390040,905049378378,0,0,98179,0,0,0,0,0,0,0,0,0,0,0,0,0,0,0,0,0,0,0,0,0,0,0,0,60771,0,0,0
1743620775.001756,600855,21068471,0,pscratch,pscratch-ffffa03b0861a000,0,0,219402878101,374678341559,0,0,30987,0,0,0,0,0,0,0,0,0,0,0,0,0,0,0,0,0,0,0,0,0,0,0,0,14968,0,0,0
1743620776.002021,600855,21068471,0,nscratch,nscratch-ffffa03b0426b000,0,0,10355247390040,905049378378,0,0,98179,0,0,0,0,0,0,0,0,0,0,0,0,0,0,0,0,0,0,0,0,0,0,0,0,60771,0,0,0
1743620776.002092,600855,21068471,0,pscratch,pscratch-ffffa03b0861a000,0,0,219402878101,374678341559,0,0,30987,0,0,0,0,0,0,0,0,0,0,0,0,0,0,0,0,0,0,0,0,0,0,0,0,14968,0,0,0
1743620777.001242,600855,21068471,0,nscratch,nscratch-ffffa03b0426b000,0,0,10355247390040,905049378378,0,0,98179,0,0,0,0,0,0,0,0,0,0,0,0,0,0,0,0,0,0,0,0,0,0,0,0,60771,0,0,0
1743620777.001308,600855,21068471,0,pscratch,pscratch-ffffa03b0861a000,0,0,219402878101,374678341559,0,0,30987,0,0,0,0,0,0,0,0,0,0,0,0,0,0,0,0,0,0,0,0,0,0,0,0,14968,0,0,0
1743620778.001702,600855,21068471,0,nscratch,nscratch-ffffa03b0426b000,0,0,10355247390040,905049378378,0,0,98179,0,0,0,0,0,0,0,0,0,0,0,0,0,0,0,0,0,0,0,0,0,0,0,0,60771,0,0,0
1743620778.001770,600855,21068471,0,pscratch,pscratch-ffffa03b0861a000,0,0,219402878101,374678341559,0,0,30987,0,0,0,0,0,0,0,0,0,0,0,0,0,0,0,0,0,0,0,0,0,0,0,0,14968,0,0,0
1743620779.001899,600855,21068471,0,nscratch,nscratch-ffffa03b0426b000,0,0,10355247390040,905049378378,0,0,98179,0,0,0,0,0,0,0,0,0,0,0,0,0,0,0,0,0,0,0,0,0,0,0,0,60771,0,0,0
1743620779.001966,600855,21068471,0,pscratch,pscratch-ffffa03b0861a000,0,0,219402878101,374678341559,0,0,30987,0,0,0,0,0,0,0,0,0,0,0,0,0,0,0,0,0,0,0,0,0,0,0,0,14968,0,0,0
1743620780.002119,600855,21068471,0,nscratch,nscratch-ffffa03b0426b000,0,0,10355247390040,905049378378,0,0,98179,0,0,0,0,0,0,0,0,0,0,0,0,0,0,0,0,0,0,0,0,0,0,0,0,60771,0,0,0
1743620780.002189,600855,21068471,0,pscratch,pscratch-ffffa03b0861a000,0,0,219402878101,374678341559,0,0,30987,0,0,0,0,0,0,0,0,0,0,0,0,0,0,0,0,0,0,0,0,0,0,0,0,14968,0,0,0
1743620781.001565,600855,21068471,0,nscratch,nscratch-ffffa03b0426b000,0,0,10355247390040,905049378378,0,0,98179,0,0,0,0,0,0,0,0,0,0,0,0,0,0,0,0,0,0,0,0,0,0,0,0,60771,0,0,0
1743620781.001640,600855,21068471,0,pscratch,pscratch-ffffa03b0861a000,0,0,219402878101,374678341559,0,0,30987,0,0,0,0,0,0,0,0,0,0,0,0,0,0,0,0,0,0,0,0,0,0,0,0,14968,0,0,0
1743620782.001902,600855,21068471,0,nscratch,nscratch-ffffa03b0426b000,0,0,10355247390040,905049378378,0,0,98179,0,0,0,0,0,0,0,0,0,0,0,0,0,0,0,0,0,0,0,0,0,0,0,0,60771,0,0,0
1743620782.001965,600855,21068471,0,pscratch,pscratch-ffffa03b0861a000,0,0,219402878101,374678341559,0,0,30987,0,0,0,0,0,0,0,0,0,0,0,0,0,0,0,0,0,0,0,0,0,0,0,0,14968,0,0,0
1743620783.002119,600855,21068471,0,nscratch,nscratch-ffffa03b0426b000,0,0,10355247390040,905049378378,0,0,98179,0,0,0,0,0,0,0,0,0,0,0,0,0,0,0,0,0,0,0,0,0,0,0,0,60771,0,0,0
1743620783.002185,600855,21068471,0,pscratch,pscratch-ffffa03b0861a000,0,0,219402878101,374678341559,0,0,30987,0,0,0,0,0,0,0,0,0,0,0,0,0,0,0,0,0,0,0,0,0,0,0,0,14968,0,0,0
1743620784.001558,600855,21068471,0,nscratch,nscratch-ffffa03b0426b000,0,0,10355247390040,905049378378,0,0,98179,0,0,0,0,0,0,0,0,0,0,0,0,0,0,0,0,0,0,0,0,0,0,0,0,60771,0,0,0
1743620784.001642,600855,21068471,0,pscratch,pscratch-ffffa03b0861a000,0,0,219402878101,374678341559,0,0,30987,0,0,0,0,0,0,0,0,0,0,0,0,0,0,0,0,0,0,0,0,0,0,0,0,14968,0,0,0
1743620785.001937,600855,21068471,0,nscratch,nscratch-ffffa03b0426b000,0,0,10355247390040,905049378378,0,0,98179,0,0,0,0,0,0,0,0,0,0,0,0,0,0,0,0,0,0,0,0,0,0,0,0,60771,0,0,0
1743620785.002005,600855,21068471,0,pscratch,pscratch-ffffa03b0861a000,0,0,219402878101,374678341559,0,0,30987,0,0,0,0,0,0,0,0,0,0,0,0,0,0,0,0,0,0,0,0,0,0,0,0,14968,0,0,0
1743620786.001155,600855,21068471,0,nscratch,nscratch-ffffa03b0426b000,0,0,10355247390040,905049378378,0,0,98179,0,0,0,0,0,0,0,0,0,0,0,0,0,0,0,0,0,0,0,0,0,0,0,0,60771,0,0,0
1743620786.001223,600855,21068471,0,pscratch,pscratch-ffffa03b0861a000,0,0,219402878101,374678341559,0,0,30987,0,0,0,0,0,0,0,0,0,0,0,0,0,0,0,0,0,0,0,0,0,0,0,0,14968,0,0,0
1743620787.001612,600855,21068471,0,nscratch,nscratch-ffffa03b0426b000,0,0,10355247390040,905049378378,0,0,98179,0,0,0,0,0,0,0,0,0,0,0,0,0,0,0,0,0,0,0,0,0,0,0,0,60771,0,0,0
1743620787.001690,600855,21068471,0,pscratch,pscratch-ffffa03b0861a000,0,0,219402878101,374678341559,0,0,30987,0,0,0,0,0,0,0,0,0,0,0,0,0,0,0,0,0,0,0,0,0,0,0,0,14968,0,0,0
1743620788.001996,600855,21068471,0,nscratch,nscratch-ffffa03b0426b000,0,0,10355247390040,905049378378,0,0,98179,0,0,0,0,0,0,0,0,0,0,0,0,0,0,0,0,0,0,0,0,0,0,0,0,60771,0,0,0
1743620788.002076,600855,21068471,0,pscratch,pscratch-ffffa03b0861a000,0,0,219402878101,374678341559,0,0,30987,0,0,0,0,0,0,0,0,0,0,0,0,0,0,0,0,0,0,0,0,0,0,0,0,14968,0,0,0
1743620789.001221,600855,21068471,0,nscratch,nscratch-ffffa03b0426b000,0,0,10355247390040,905049378378,0,0,98179,0,0,0,0,0,0,0,0,0,0,0,0,0,0,0,0,0,0,0,0,0,0,0,0,60771,0,0,0
1743620789.001286,600855,21068471,0,pscratch,pscratch-ffffa03b0861a000,0,0,219402878101,374678341559,0,0,30987,0,0,0,0,0,0,0,0,0,0,0,0,0,0,0,0,0,0,0,0,0,0,0,0,14968,0,0,0
1743620790.001688,600855,21068471,0,nscratch,nscratch-ffffa03b0426b000,0,0,10355247390040,905049378378,0,0,98179,0,0,0,0,0,0,0,0,0,0,0,0,0,0,0,0,0,0,0,0,0,0,0,0,60771,0,0,0
1743620790.001761,600855,21068471,0,pscratch,pscratch-ffffa03b0861a000,0,0,219402878101,374678341559,0,0,30987,0,0,0,0,0,0,0,0,0,0,0,0,0,0,0,0,0,0,0,0,0,0,0,0,14968,0,0,0
1743620791.002046,600855,21068471,0,nscratch,nscratch-ffffa03b0426b000,0,0,10355247390040,905049378378,0,0,98179,0,0,0,0,0,0,0,0,0,0,0,0,0,0,0,0,0,0,0,0,0,0,0,0,60771,0,0,0
1743620791.002114,600855,21068471,0,pscratch,pscratch-ffffa03b0861a000,0,0,219402878101,374678341559,0,0,30987,0,0,0,0,0,0,0,0,0,0,0,0,0,0,0,0,0,0,0,0,0,0,0,0,14968,0,0,0
1743620792.001260,600855,21068471,0,nscratch,nscratch-ffffa03b0426b000,0,0,10355247390040,905049378378,0,0,98179,0,0,0,0,0,0,0,0,0,0,0,0,0,0,0,0,0,0,0,0,0,0,0,0,60771,0,0,0
1743620792.001328,600855,21068471,0,pscratch,pscratch-ffffa03b0861a000,0,0,219402878101,374678341559,0,0,30987,0,0,0,0,0,0,0,0,0,0,0,0,0,0,0,0,0,0,0,0,0,0,0,0,14968,0,0,0
1743620793.001726,600855,21068471,0,nscratch,nscratch-ffffa03b0426b000,0,0,10355247390040,905049378378,0,0,98179,0,0,0,0,0,0,0,0,0,0,0,0,0,0,0,0,0,0,0,0,0,0,0,0,60771,0,0,0
1743620793.001796,600855,21068471,0,pscratch,pscratch-ffffa03b0861a000,0,0,219402878101,374678341559,0,0,30987,0,0,0,0,0,0,0,0,0,0,0,0,0,0,0,0,0,0,0,0,0,0,0,0,14968,0,0,0
1743620794.002089,600855,21068471,0,nscratch,nscratch-ffffa03b0426b000,0,0,10355247390040,905049378378,0,0,98179,0,0,0,0,0,0,0,0,0,0,0,0,0,0,0,0,0,0,0,0,0,0,0,0,60771,0,0,0
1743620794.002161,600855,21068471,0,pscratch,pscratch-ffffa03b0861a000,0,0,219402878101,374678341559,0,0,30987,0,0,0,0,0,0,0,0,0,0,0,0,0,0,0,0,0,0,0,0,0,0,0,0,14968,0,0,0
1743620795.000766,600855,21068471,0,nscratch,nscratch-ffffa03b0426b000,0,0,10355247390040,905049378378,0,0,98179,0,0,0,0,0,0,0,0,0,0,0,0,0,0,0,0,0,0,0,0,0,0,0,0,60771,0,0,0
1743620795.000832,600855,21068471,0,pscratch,pscratch-ffffa03b0861a000,0,0,219402878101,374678341559,0,0,30987,0,0,0,0,0,0,0,0,0,0,0,0,0,0,0,0,0,0,0,0,0,0,0,0,14968,0,0,0
1743620796.002172,600855,21068471,0,nscratch,nscratch-ffffa03b0426b000,0,0,10355247390040,905049378378,0,0,98179,0,0,0,0,0,0,0,0,0,0,0,0,0,0,0,0,0,0,0,0,0,0,0,0,60771,0,0,0
1743620796.002238,600855,21068471,0,pscratch,pscratch-ffffa03b0861a000,0,0,219402878101,374678341559,0,0,30987,0,0,0,0,0,0,0,0,0,0,0,0,0,0,0,0,0,0,0,0,0,0,0,0,14968,0,0,0
1743620797.001527,600855,21068471,0,nscratch,nscratch-ffffa03b0426b000,0,0,10355247390040,905049378378,0,0,98179,0,0,0,0,0,0,0,0,0,0,0,0,0,0,0,0,0,0,0,0,0,0,0,0,60771,0,0,0
1743620797.001593,600855,21068471,0,pscratch,pscratch-ffffa03b0861a000,0,0,219402878101,374678341559,0,0,30987,0,0,0,0,0,0,0,0,0,0,0,0,0,0,0,0,0,0,0,0,0,0,0,0,14968,0,0,0
1743620798.001749,600855,21068471,0,nscratch,nscratch-ffffa03b0426b000,0,0,10355247390040,905049378378,0,0,98179,0,0,0,0,0,0,0,0,0,0,0,0,0,0,0,0,0,0,0,0,0,0,0,0,60771,0,0,0
1743620798.001818,600855,21068471,0,pscratch,pscratch-ffffa03b0861a000,0,0,219402878101,374678341559,0,0,30987,0,0,0,0,0,0,0,0,0,0,0,0,0,0,0,0,0,0,0,0,0,0,0,0,14968,0,0,0
1743620799.002204,600855,21068471,0,nscratch,nscratch-ffffa03b0426b000,0,0,10355247390040,905049378378,0,0,98179,0,0,0,0,0,0,0,0,0,0,0,0,0,0,0,0,0,0,0,0,0,0,0,0,60771,0,0,0
1743620799.002273,600855,21068471,0,pscratch,pscratch-ffffa03b0861a000,0,0,219402878101,374678341559,0,0,30987,0,0,0,0,0,0,0,0,0,0,0,0,0,0,0,0,0,0,0,0,0,0,0,0,14968,0,0,0
1743620800.001551,600855,21068471,0,nscratch,nscratch-ffffa03b0426b000,0,0,10355247390040,905049378378,0,0,98179,0,0,0,0,0,0,0,0,0,0,0,0,0,0,0,0,0,0,0,0,0,0,0,0,60771,0,0,0
1743620800.001626,600855,21068471,0,pscratch,pscratch-ffffa03b0861a000,0,0,219402878101,374678341559,0,0,30987,0,0,0,0,0,0,0,0,0,0,0,0,0,0,0,0,0,0,0,0,0,0,0,0,14968,0,0,0
1743620801.001776,600855,21068471,0,nscratch,nscratch-ffffa03b0426b000,0,0,10355247390040,905049378378,0,0,98179,0,0,0,0,0,0,0,0,0,0,0,0,0,0,0,0,0,0,0,0,0,0,0,0,60771,0,0,0
1743620801.001843,600855,21068471,0,pscratch,pscratch-ffffa03b0861a000,0,0,219402878101,374678341559,0,0,30987,0,0,0,0,0,0,0,0,0,0,0,0,0,0,0,0,0,0,0,0,0,0,0,0,14968,0,0,0
1743620802.002186,600855,21068471,0,nscratch,nscratch-ffffa03b0426b000,0,0,10355247390040,905049378378,0,0,98179,0,0,0,0,0,0,0,0,0,0,0,0,0,0,0,0,0,0,0,0,0,0,0,0,60771,0,0,0
1743620802.002253,600855,21068471,0,pscratch,pscratch-ffffa03b0861a000,0,0,219402878101,374678341559,0,0,30987,0,0,0,0,0,0,0,0,0,0,0,0,0,0,0,0,0,0,0,0,0,0,0,0,14968,0,0,0
1743620803.001525,600855,21068471,0,nscratch,nscratch-ffffa03b0426b000,0,0,10355247390040,905049378378,0,0,98179,0,0,0,0,0,0,0,0,0,0,0,0,0,0,0,0,0,0,0,0,0,0,0,0,60771,0,0,0
1743620803.001588,600855,21068471,0,pscratch,pscratch-ffffa03b0861a000,0,0,219402878101,374678341559,0,0,30987,0,0,0,0,0,0,0,0,0,0,0,0,0,0,0,0,0,0,0,0,0,0,0,0,14968,0,0,0
1743620804.001717,600855,21068471,0,nscratch,nscratch-ffffa03b0426b000,0,0,10355247390040,905049378378,0,0,98179,0,0,0,0,0,0,0,0,0,0,0,0,0,0,0,0,0,0,0,0,0,0,0,0,60771,0,0,0
1743620804.001784,600855,21068471,0,pscratch,pscratch-ffffa03b0861a000,0,0,219402878101,374678341559,0,0,30987,0,0,0,0,0,0,0,0,0,0,0,0,0,0,0,0,0,0,0,0,0,0,0,0,14968,0,0,0
1743620805.001889,600855,21068471,0,nscratch,nscratch-ffffa03b0426b000,0,0,10355247390040,905049378378,0,0,98179,0,0,0,0,0,0,0,0,0,0,0,0,0,0,0,0,0,0,0,0,0,0,0,0,60771,0,0,0
1743620805.001957,600855,21068471,0,pscratch,pscratch-ffffa03b0861a000,0,0,219402878101,374678341559,0,0,30987,0,0,0,0,0,0,0,0,0,0,0,0,0,0,0,0,0,0,0,0,0,0,0,0,14968,0,0,0
1743620806.002271,600855,21068471,0,nscratch,nscratch-ffffa03b0426b000,0,0,10355247390040,905049378378,0,0,98179,0,0,0,0,0,0,0,0,0,0,0,0,0,0,0,0,0,0,0,0,0,0,0,0,60771,0,0,0
1743620806.002336,600855,21068471,0,pscratch,pscratch-ffffa03b0861a000,0,0,219402878101,374678341559,0,0,30987,0,0,0,0,0,0,0,0,0,0,0,0,0,0,0,0,0,0,0,0,0,0,0,0,14968,0,0,0
1743620807.001452,600855,21068471,0,nscratch,nscratch-ffffa03b0426b000,0,0,10355247390040,905049378378,0,0,98179,0,0,0,0,0,0,0,0,0,0,0,0,0,0,0,0,0,0,0,0,0,0,0,0,60771,0,0,0
1743620807.001517,600855,21068471,0,pscratch,pscratch-ffffa03b0861a000,0,0,219402878101,374678341559,0,0,30987,0,0,0,0,0,0,0,0,0,0,0,0,0,0,0,0,0,0,0,0,0,0,0,0,14968,0,0,0
1743620808.001893,600855,21068471,0,nscratch,nscratch-ffffa03b0426b000,0,0,10355247390040,905049378378,0,0,98179,0,0,0,0,0,0,0,0,0,0,0,0,0,0,0,0,0,0,0,0,0,0,0,0,60771,0,0,0
1743620808.001958,600855,21068471,0,pscratch,pscratch-ffffa03b0861a000,0,0,219402878101,374678341559,0,0,30987,0,0,0,0,0,0,0,0,0,0,0,0,0,0,0,0,0,0,0,0,0,0,0,0,14968,0,0,0
1743620809.002246,600855,21068471,0,nscratch,nscratch-ffffa03b0426b000,0,0,10355247390040,905049378378,0,0,98179,0,0,0,0,0,0,0,0,0,0,0,0,0,0,0,0,0,0,0,0,0,0,0,0,60771,0,0,0
1743620809.002311,600855,21068471,0,pscratch,pscratch-ffffa03b0861a000,0,0,219402878101,374678341559,0,0,30987,0,0,0,0,0,0,0,0,0,0,0,0,0,0,0,0,0,0,0,0,0,0,0,0,14968,0,0,0
1743620810.000834,600855,21068471,0,nscratch,nscratch-ffffa03b0426b000,0,0,10355247390040,905049378378,0,0,98179,0,0,0,0,0,0,0,0,0,0,0,0,0,0,0,0,0,0,0,0,0,0,0,0,60771,0,0,0
1743620810.000945,600855,21068471,0,pscratch,pscratch-ffffa03b0861a000,0,0,219402878101,374678341559,0,0,30987,0,0,0,0,0,0,0,0,0,0,0,0,0,0,0,0,0,0,0,0,0,0,0,0,14968,0,0,0
1743620811.001478,600855,21068471,0,nscratch,nscratch-ffffa03b0426b000,0,0,10355247390040,905049378378,0,0,98179,0,0,0,0,0,0,0,0,0,0,0,0,0,0,0,0,0,0,0,0,0,0,0,0,60771,0,0,0
1743620811.001587,600855,21068471,0,pscratch,pscratch-ffffa03b0861a000,0,0,219402878101,374678341559,0,0,30987,0,0,0,0,0,0,0,0,0,0,0,0,0,0,0,0,0,0,0,0,0,0,0,0,14968,0,0,0
1743620812.001967,600855,21068471,0,nscratch,nscratch-ffffa03b0426b000,0,0,10355247390040,905049378378,0,0,98179,0,0,0,0,0,0,0,0,0,0,0,0,0,0,0,0,0,0,0,0,0,0,0,0,60771,0,0,0
1743620812.002079,600855,21068471,0,pscratch,pscratch-ffffa03b0861a000,0,0,219402878101,374678341559,0,0,30987,0,0,0,0,0,0,0,0,0,0,0,0,0,0,0,0,0,0,0,0,0,0,0,0,14968,0,0,0
1743620813.001246,600855,21068471,0,nscratch,nscratch-ffffa03b0426b000,0,0,10355247390040,905049378378,0,0,98179,0,0,0,0,0,0,0,0,0,0,0,0,0,0,0,0,0,0,0,0,0,0,0,0,60771,0,0,0
1743620813.001355,600855,21068471,0,pscratch,pscratch-ffffa03b0861a000,0,0,219402878101,374678341559,0,0,30987,0,0,0,0,0,0,0,0,0,0,0,0,0,0,0,0,0,0,0,0,0,0,0,0,14968,0,0,0
1743620814.001889,600855,21068471,0,nscratch,nscratch-ffffa03b0426b000,0,0,10355247390040,905049378378,0,0,98179,0,0,0,0,0,0,0,0,0,0,0,0,0,0,0,0,0,0,0,0,0,0,0,0,60771,0,0,0
1743620814.002000,600855,21068471,0,pscratch,pscratch-ffffa03b0861a000,0,0,219402878101,374678341559,0,0,30987,0,0,0,0,0,0,0,0,0,0,0,0,0,0,0,0,0,0,0,0,0,0,0,0,14968,0,0,0
1743620815.001370,600855,21068471,0,nscratch,nscratch-ffffa03b0426b000,0,0,10355247390040,905049378378,0,0,98179,0,0,0,0,0,0,0,0,0,0,0,0,0,0,0,0,0,0,0,0,0,0,0,0,60771,0,0,0
1743620815.001478,600855,21068471,0,pscratch,pscratch-ffffa03b0861a000,0,0,219402878101,374678341559,0,0,30987,0,0,0,0,0,0,0,0,0,0,0,0,0,0,0,0,0,0,0,0,0,0,0,0,14968,0,0,0
1743620816.001655,600855,21068471,0,nscratch,nscratch-ffffa03b0426b000,0,0,10355247390040,905049378378,0,0,98179,0,0,0,0,0,0,0,0,0,0,0,0,0,0,0,0,0,0,0,0,0,0,0,0,60771,0,0,0
1743620816.001769,600855,21068471,0,pscratch,pscratch-ffffa03b0861a000,0,0,219402878101,374678341559,0,0,30987,0,0,0,0,0,0,0,0,0,0,0,0,0,0,0,0,0,0,0,0,0,0,0,0,14968,0,0,0
1743620817.002307,600855,21068471,0,nscratch,nscratch-ffffa03b0426b000,0,0,10355247390040,905049378378,0,0,98179,0,0,0,0,0,0,0,0,0,0,0,0,0,0,0,0,0,0,0,0,0,0,0,0,60771,0,0,0
1743620817.002420,600855,21068471,0,pscratch,pscratch-ffffa03b0861a000,0,0,219402878101,374678341559,0,0,30987,0,0,0,0,0,0,0,0,0,0,0,0,0,0,0,0,0,0,0,0,0,0,0,0,14968,0,0,0
1743620818.001802,600855,21068471,0,nscratch,nscratch-ffffa03b0426b000,0,0,10355247390040,905049378378,0,0,98179,0,0,0,0,0,0,0,0,0,0,0,0,0,0,0,0,0,0,0,0,0,0,0,0,60771,0,0,0
1743620818.001911,600855,21068471,0,pscratch,pscratch-ffffa03b0861a000,0,0,219402878101,374678341559,0,0,30987,0,0,0,0,0,0,0,0,0,0,0,0,0,0,0,0,0,0,0,0,0,0,0,0,14968,0,0,0
1743620819.002085,600855,21068471,0,nscratch,nscratch-ffffa03b0426b000,0,0,10355247390040,905049378378,0,0,98179,0,0,0,0,0,0,0,0,0,0,0,0,0,0,0,0,0,0,0,0,0,0,0,0,60771,0,0,0
1743620819.002195,600855,21068471,0,pscratch,pscratch-ffffa03b0861a000,0,0,219402878101,374678341559,0,0,30987,0,0,0,0,0,0,0,0,0,0,0,0,0,0,0,0,0,0,0,0,0,0,0,0,14968,0,0,0
1743620820.001740,600855,21068471,0,nscratch,nscratch-ffffa03b0426b000,0,0,10355247390040,905049378378,0,0,98179,0,0,0,0,0,0,0,0,0,0,0,0,0,0,0,0,0,0,0,0,0,0,0,0,60771,0,0,0
1743620820.001855,600855,21068471,0,pscratch,pscratch-ffffa03b0861a000,0,0,219402878101,374678341559,0,0,30987,0,0,0,0,0,0,0,0,0,0,0,0,0,0,0,0,0,0,0,0,0,0,0,0,14968,0,0,0
1743620821.002237,600855,21068471,0,nscratch,nscratch-ffffa03b0426b000,0,0,10355247390040,905049378378,0,0,98179,0,0,0,0,0,0,0,0,0,0,0,0,0,0,0,0,0,0,0,0,0,0,0,0,60771,0,0,0
1743620821.002349,600855,21068471,0,pscratch,pscratch-ffffa03b0861a000,0,0,219402878101,374678341559,0,0,30987,0,0,0,0,0,0,0,0,0,0,0,0,0,0,0,0,0,0,0,0,0,0,0,0,14968,0,0,0
1743620822.001516,600855,21068471,0,nscratch,nscratch-ffffa03b0426b000,0,0,10355247390040,905049378378,0,0,98179,0,0,0,0,0,0,0,0,0,0,0,0,0,0,0,0,0,0,0,0,0,0,0,0,60771,0,0,0
1743620822.001633,600855,21068471,0,pscratch,pscratch-ffffa03b0861a000,0,0,219402878101,374678341559,0,0,30987,0,0,0,0,0,0,0,0,0,0,0,0,0,0,0,0,0,0,0,0,0,0,0,0,14968,0,0,0
1743620823.002157,600855,21068471,0,nscratch,nscratch-ffffa03b0426b000,0,0,10355247390040,905049378378,0,0,98179,0,0,0,0,0,0,0,0,0,0,0,0,0,0,0,0,0,0,0,0,0,0,0,0,60771,0,0,0
1743620823.002267,600855,21068471,0,pscratch,pscratch-ffffa03b0861a000,0,0,219402878101,374678341559,0,0,30987,0,0,0,0,0,0,0,0,0,0,0,0,0,0,0,0,0,0,0,0,0,0,0,0,14968,0,0,0
1743620824.001647,600855,21068471,0,nscratch,nscratch-ffffa03b0426b000,0,0,10355247390040,905049378378,0,0,98179,0,0,0,0,0,0,0,0,0,0,0,0,0,0,0,0,0,0,0,0,0,0,0,0,60771,0,0,0
1743620824.001758,600855,21068471,0,pscratch,pscratch-ffffa03b0861a000,0,0,219402878101,374678341559,0,0,30987,0,0,0,0,0,0,0,0,0,0,0,0,0,0,0,0,0,0,0,0,0,0,0,0,14968,0,0,0
1743620825.001929,600855,21068471,0,nscratch,nscratch-ffffa03b0426b000,0,0,10355247390040,905049378378,0,0,98179,0,0,0,0,0,0,0,0,0,0,0,0,0,0,0,0,0,0,0,0,0,0,0,0,60771,0,0,0
1743620825.002041,600855,21068471,0,pscratch,pscratch-ffffa03b0861a000,0,0,219402878101,374678341559,0,0,30987,0,0,0,0,0,0,0,0,0,0,0,0,0,0,0,0,0,0,0,0,0,0,0,0,14968,0,0,0
1743620826.001566,600855,21068471,0,nscratch,nscratch-ffffa03b0426b000,0,0,10355247390040,905049378378,0,0,98179,0,0,0,0,0,0,0,0,0,0,0,0,0,0,0,0,0,0,0,0,0,0,0,0,60771,0,0,0
1743620826.001681,600855,21068471,0,pscratch,pscratch-ffffa03b0861a000,0,0,219402878101,374678341559,0,0,30987,0,0,0,0,0,0,0,0,0,0,0,0,0,0,0,0,0,0,0,0,0,0,0,0,14968,0,0,0
1743620827.001950,600855,21068471,0,nscratch,nscratch-ffffa03b0426b000,0,0,10355247390040,905049378378,0,0,98179,0,0,0,0,0,0,0,0,0,0,0,0,0,0,0,0,0,0,0,0,0,0,0,0,60771,0,0,0
1743620827.002017,600855,21068471,0,pscratch,pscratch-ffffa03b0861a000,0,0,219402878101,374678341559,0,0,30987,0,0,0,0,0,0,0,0,0,0,0,0,0,0,0,0,0,0,0,0,0,0,0,0,14968,0,0,0
1743620828.000768,600855,21068471,0,nscratch,nscratch-ffffa03b0426b000,0,0,10355247390040,905049378378,0,0,98179,0,0,0,0,0,0,0,0,0,0,0,0,0,0,0,0,0,0,0,0,0,0,0,0,60771,0,0,0
1743620828.000834,600855,21068471,0,pscratch,pscratch-ffffa03b0861a000,0,0,219402878101,374678341559,0,0,30987,0,0,0,0,0,0,0,0,0,0,0,0,0,0,0,0,0,0,0,0,0,0,0,0,14968,0,0,0
1743620829.002221,600855,21068471,0,nscratch,nscratch-ffffa03b0426b000,0,0,10355247390040,905049378378,0,0,98179,0,0,0,0,0,0,0,0,0,0,0,0,0,0,0,0,0,0,0,0,0,0,0,0,60771,0,0,0
1743620829.002287,600855,21068471,0,pscratch,pscratch-ffffa03b0861a000,0,0,219402878101,374678341559,0,0,30987,0,0,0,0,0,0,0,0,0,0,0,0,0,0,0,0,0,0,0,0,0,0,0,0,14968,0,0,0
1743620830.001553,600855,21068471,0,nscratch,nscratch-ffffa03b0426b000,0,0,10355247390040,905049378378,0,0,98179,0,0,0,0,0,0,0,0,0,0,0,0,0,0,0,0,0,0,0,0,0,0,0,0,60771,0,0,0
1743620830.001645,600855,21068471,0,pscratch,pscratch-ffffa03b0861a000,0,0,219402878101,374678341559,0,0,30987,0,0,0,0,0,0,0,0,0,0,0,0,0,0,0,0,0,0,0,0,0,0,0,0,14968,0,0,0
1743620831.001770,600855,21068471,0,nscratch,nscratch-ffffa03b0426b000,0,0,10355247390040,905049378378,0,0,98179,0,0,0,0,0,0,0,0,0,0,0,0,0,0,0,0,0,0,0,0,0,0,0,0,60771,0,0,0
1743620831.001840,600855,21068471,0,pscratch,pscratch-ffffa03b0861a000,0,0,219402878101,374678341559,0,0,30987,0,0,0,0,0,0,0,0,0,0,0,0,0,0,0,0,0,0,0,0,0,0,0,0,14968,0,0,0
1743620832.002212,600855,21068471,0,nscratch,nscratch-ffffa03b0426b000,0,0,10355247390040,905049378378,0,0,98179,0,0,0,0,0,0,0,0,0,0,0,0,0,0,0,0,0,0,0,0,0,0,0,0,60771,0,0,0
1743620832.002282,600855,21068471,0,pscratch,pscratch-ffffa03b0861a000,0,0,219402878101,374678341559,0,0,30987,0,0,0,0,0,0,0,0,0,0,0,0,0,0,0,0,0,0,0,0,0,0,0,0,14968,0,0,0
1743620833.000885,600855,21068471,0,nscratch,nscratch-ffffa03b0426b000,0,0,10355247390040,905049378378,0,0,98179,0,0,0,0,0,0,0,0,0,0,0,0,0,0,0,0,0,0,0,0,0,0,0,0,60771,0,0,0
1743620833.000950,600855,21068471,0,pscratch,pscratch-ffffa03b0861a000,0,0,219402878101,374678341559,0,0,30987,0,0,0,0,0,0,0,0,0,0,0,0,0,0,0,0,0,0,0,0,0,0,0,0,14968,0,0,0
1743620834.002102,600855,21068471,0,nscratch,nscratch-ffffa03b0426b000,0,0,10355247390040,905049378378,0,0,98179,0,0,0,0,0,0,0,0,0,0,0,0,0,0,0,0,0,0,0,0,0,0,0,0,60771,0,0,0
1743620834.002182,600855,21068471,0,pscratch,pscratch-ffffa03b0861a000,0,0,219402878101,374678341559,0,0,30987,0,0,0,0,0,0,0,0,0,0,0,0,0,0,0,0,0,0,0,0,0,0,0,0,14968,0,0,0
1743620835.001560,600855,21068471,0,nscratch,nscratch-ffffa03b0426b000,0,0,10355247390040,905049378378,0,0,98179,0,0,0,0,0,0,0,0,0,0,0,0,0,0,0,0,0,0,0,0,0,0,0,0,60771,0,0,0
1743620835.001636,600855,21068471,0,pscratch,pscratch-ffffa03b0861a000,0,0,219402878101,374678341559,0,0,30987,0,0,0,0,0,0,0,0,0,0,0,0,0,0,0,0,0,0,0,0,0,0,0,0,14968,0,0,0
1743620836.002029,600855,21068471,0,nscratch,nscratch-ffffa03b0426b000,0,0,10355247390040,905049378378,0,0,98179,0,0,0,0,0,0,0,0,0,0,0,0,0,0,0,0,0,0,0,0,0,0,0,0,60771,0,0,0
1743620836.002141,600855,21068471,0,pscratch,pscratch-ffffa03b0861a000,0,0,219402878101,374678341559,0,0,30987,0,0,0,0,0,0,0,0,0,0,0,0,0,0,0,0,0,0,0,0,0,0,0,0,14968,0,0,0
1743620837.001317,600855,21068471,0,nscratch,nscratch-ffffa03b0426b000,0,0,10355247390040,905049378378,0,0,98179,0,0,0,0,0,0,0,0,0,0,0,0,0,0,0,0,0,0,0,0,0,0,0,0,60771,0,0,0
1743620837.001428,600855,21068471,0,pscratch,pscratch-ffffa03b0861a000,0,0,219402878101,374678341559,0,0,30987,0,0,0,0,0,0,0,0,0,0,0,0,0,0,0,0,0,0,0,0,0,0,0,0,14968,0,0,0
1743620838.001971,600855,21068471,0,nscratch,nscratch-ffffa03b0426b000,0,0,10355247390040,905049378378,0,0,98179,0,0,0,0,0,0,0,0,0,0,0,0,0,0,0,0,0,0,0,0,0,0,0,0,60771,0,0,0
1743620838.002084,600855,21068471,0,pscratch,pscratch-ffffa03b0861a000,0,0,219402878101,374678341559,0,0,30987,0,0,0,0,0,0,0,0,0,0,0,0,0,0,0,0,0,0,0,0,0,0,0,0,14968,0,0,0
1743620839.001452,600855,21068471,0,nscratch,nscratch-ffffa03b0426b000,0,0,10355247390040,905049378378,0,0,98179,0,0,0,0,0,0,0,0,0,0,0,0,0,0,0,0,0,0,0,0,0,0,0,0,60771,0,0,0
1743620839.001560,600855,21068471,0,pscratch,pscratch-ffffa03b0861a000,0,0,219402878101,374678341559,0,0,30987,0,0,0,0,0,0,0,0,0,0,0,0,0,0,0,0,0,0,0,0,0,0,0,0,14968,0,0,0
1743620840.001733,600855,21068471,0,nscratch,nscratch-ffffa03b0426b000,0,0,10355247390040,905049378378,0,0,98179,0,0,0,0,0,0,0,0,0,0,0,0,0,0,0,0,0,0,0,0,0,0,0,0,60771,0,0,0
1743620840.001841,600855,21068471,0,pscratch,pscratch-ffffa03b0861a000,0,0,219402878101,374678341559,0,0,30987,0,0,0,0,0,0,0,0,0,0,0,0,0,0,0,0,0,0,0,0,0,0,0,0,14968,0,0,0
1743620841.001365,600855,21068471,0,nscratch,nscratch-ffffa03b0426b000,0,0,10355247390040,905049378378,0,0,98179,0,0,0,0,0,0,0,0,0,0,0,0,0,0,0,0,0,0,0,0,0,0,0,0,60771,0,0,0
1743620841.001477,600855,21068471,0,pscratch,pscratch-ffffa03b0861a000,0,0,219402878101,374678341559,0,0,30987,0,0,0,0,0,0,0,0,0,0,0,0,0,0,0,0,0,0,0,0,0,0,0,0,14968,0,0,0
1743620842.001861,600855,21068471,0,nscratch,nscratch-ffffa03b0426b000,0,0,10355247390040,905049378378,0,0,98179,0,0,0,0,0,0,0,0,0,0,0,0,0,0,0,0,0,0,0,0,0,0,0,0,60771,0,0,0
1743620842.001972,600855,21068471,0,pscratch,pscratch-ffffa03b0861a000,0,0,219402878101,374678341559,0,0,30987,0,0,0,0,0,0,0,0,0,0,0,0,0,0,0,0,0,0,0,0,0,0,0,0,14968,0,0,0
1743620843.002143,600855,21068471,0,nscratch,nscratch-ffffa03b0426b000,0,0,10355247390040,905049378378,0,0,98179,0,0,0,0,0,0,0,0,0,0,0,0,0,0,0,0,0,0,0,0,0,0,0,0,60771,0,0,0
1743620843.002252,600855,21068471,0,pscratch,pscratch-ffffa03b0861a000,0,0,219402878101,374678341559,0,0,30987,0,0,0,0,0,0,0,0,0,0,0,0,0,0,0,0,0,0,0,0,0,0,0,0,14968,0,0,0
1743620844.001783,600855,21068471,0,nscratch,nscratch-ffffa03b0426b000,0,0,10355247390040,905049378378,0,0,98179,0,0,0,0,0,0,0,0,0,0,0,0,0,0,0,0,0,0,0,0,0,0,0,0,60771,0,0,0
1743620844.001894,600855,21068471,0,pscratch,pscratch-ffffa03b0861a000,0,0,219402878101,374678341559,0,0,30987,0,0,0,0,0,0,0,0,0,0,0,0,0,0,0,0,0,0,0,0,0,0,0,0,14968,0,0,0
1743620845.002272,600855,21068471,0,nscratch,nscratch-ffffa03b0426b000,0,0,10355247390040,905049378378,0,0,98179,0,0,0,0,0,0,0,0,0,0,0,0,0,0,0,0,0,0,0,0,0,0,0,0,60771,0,0,0
1743620845.002380,600855,21068471,0,pscratch,pscratch-ffffa03b0861a000,0,0,219402878101,374678341559,0,0,30987,0,0,0,0,0,0,0,0,0,0,0,0,0,0,0,0,0,0,0,0,0,0,0,0,14968,0,0,0
1743620846.001559,600855,21068471,0,nscratch,nscratch-ffffa03b0426b000,0,0,10355247390040,905049378378,0,0,98179,0,0,0,0,0,0,0,0,0,0,0,0,0,0,0,0,0,0,0,0,0,0,0,0,60771,0,0,0
1743620846.001678,600855,21068471,0,pscratch,pscratch-ffffa03b0861a000,0,0,219402878101,374678341559,0,0,30987,0,0,0,0,0,0,0,0,0,0,0,0,0,0,0,0,0,0,0,0,0,0,0,0,14968,0,0,0
1743620847.002220,600855,21068471,0,nscratch,nscratch-ffffa03b0426b000,0,0,10355247390040,905049378378,0,0,98179,0,0,0,0,0,0,0,0,0,0,0,0,0,0,0,0,0,0,0,0,0,0,0,0,60771,0,0,0
1743620847.002333,600855,21068471,0,pscratch,pscratch-ffffa03b0861a000,0,0,219402878101,374678341559,0,0,30987,0,0,0,0,0,0,0,0,0,0,0,0,0,0,0,0,0,0,0,0,0,0,0,0,14968,0,0,0
1743620848.001719,600855,21068471,0,nscratch,nscratch-ffffa03b0426b000,0,0,10355247390040,905049378378,0,0,98179,0,0,0,0,0,0,0,0,0,0,0,0,0,0,0,0,0,0,0,0,0,0,0,0,60771,0,0,0
1743620848.001832,600855,21068471,0,pscratch,pscratch-ffffa03b0861a000,0,0,219402878101,374678341559,0,0,30987,0,0,0,0,0,0,0,0,0,0,0,0,0,0,0,0,0,0,0,0,0,0,0,0,14968,0,0,0
1743620849.002004,600855,21068471,0,nscratch,nscratch-ffffa03b0426b000,0,0,10355247390040,905049378378,0,0,98179,0,0,0,0,0,0,0,0,0,0,0,0,0,0,0,0,0,0,0,0,0,0,0,0,60771,0,0,0
1743620849.002113,600855,21068471,0,pscratch,pscratch-ffffa03b0861a000,0,0,219402878101,374678341559,0,0,30987,0,0,0,0,0,0,0,0,0,0,0,0,0,0,0,0,0,0,0,0,0,0,0,0,14968,0,0,0
1743620850.001640,600855,21068471,0,nscratch,nscratch-ffffa03b0426b000,0,0,10355247390040,905049378378,0,0,98179,0,0,0,0,0,0,0,0,0,0,0,0,0,0,0,0,0,0,0,0,0,0,0,0,60771,0,0,0
1743620850.001749,600855,21068471,0,pscratch,pscratch-ffffa03b0861a000,0,0,219402878101,374678341559,0,0,30987,0,0,0,0,0,0,0,0,0,0,0,0,0,0,0,0,0,0,0,0,0,0,0,0,14968,0,0,0
1743620851.002126,600855,21068471,0,nscratch,nscratch-ffffa03b0426b000,0,0,10355247390040,905049378378,0,0,98179,0,0,0,0,0,0,0,0,0,0,0,0,0,0,0,0,0,0,0,0,0,0,0,0,60771,0,0,0
1743620851.002238,600855,21068471,0,pscratch,pscratch-ffffa03b0861a000,0,0,219402878101,374678341559,0,0,30987,0,0,0,0,0,0,0,0,0,0,0,0,0,0,0,0,0,0,0,0,0,0,0,0,14968,0,0,0
1743620852.001406,600855,21068471,0,nscratch,nscratch-ffffa03b0426b000,0,0,10355247390040,905049378378,0,0,98179,0,0,0,0,0,0,0,0,0,0,0,0,0,0,0,0,0,0,0,0,0,0,0,0,60771,0,0,0
1743620852.001517,600855,21068471,0,pscratch,pscratch-ffffa03b0861a000,0,0,219402878101,374678341559,0,0,30987,0,0,0,0,0,0,0,0,0,0,0,0,0,0,0,0,0,0,0,0,0,0,0,0,14968,0,0,0
1743620853.002066,600855,21068471,0,nscratch,nscratch-ffffa03b0426b000,0,0,10355247390040,905049378378,0,0,98179,0,0,0,0,0,0,0,0,0,0,0,0,0,0,0,0,0,0,0,0,0,0,0,0,60771,0,0,0
1743620853.002179,600855,21068471,0,pscratch,pscratch-ffffa03b0861a000,0,0,219402878101,374678341559,0,0,30987,0,0,0,0,0,0,0,0,0,0,0,0,0,0,0,0,0,0,0,0,0,0,0,0,14968,0,0,0
1743620854.001556,600855,21068471,0,nscratch,nscratch-ffffa03b0426b000,0,0,10355247390040,905049378378,0,0,98179,0,0,0,0,0,0,0,0,0,0,0,0,0,0,0,0,0,0,0,0,0,0,0,0,60771,0,0,0
1743620854.001684,600855,21068471,0,pscratch,pscratch-ffffa03b0861a000,0,0,219402878101,374678341559,0,0,30987,0,0,0,0,0,0,0,0,0,0,0,0,0,0,0,0,0,0,0,0,0,0,0,0,14968,0,0,0
1743620855.001857,600855,21068471,0,nscratch,nscratch-ffffa03b0426b000,0,0,10355247390040,905049378378,0,0,98179,0,0,0,0,0,0,0,0,0,0,0,0,0,0,0,0,0,0,0,0,0,0,0,0,60771,0,0,0
1743620855.001969,600855,21068471,0,pscratch,pscratch-ffffa03b0861a000,0,0,219402878101,374678341559,0,0,30987,0,0,0,0,0,0,0,0,0,0,0,0,0,0,0,0,0,0,0,0,0,0,0,0,14968,0,0,0
1743620856.001503,600855,21068471,0,nscratch,nscratch-ffffa03b0426b000,0,0,10355247390040,905049378378,0,0,98179,0,0,0,0,0,0,0,0,0,0,0,0,0,0,0,0,0,0,0,0,0,0,0,0,60771,0,0,0
1743620856.001615,600855,21068471,0,pscratch,pscratch-ffffa03b0861a000,0,0,219402878101,374678341559,0,0,30987,0,0,0,0,0,0,0,0,0,0,0,0,0,0,0,0,0,0,0,0,0,0,0,0,14968,0,0,0
1743620857.002019,600855,21068471,0,nscratch,nscratch-ffffa03b0426b000,0,0,10355247390040,905049378378,0,0,98179,0,0,0,0,0,0,0,0,0,0,0,0,0,0,0,0,0,0,0,0,0,0,0,0,60771,0,0,0
1743620857.002131,600855,21068471,0,pscratch,pscratch-ffffa03b0861a000,0,0,219402878101,374678341559,0,0,30987,0,0,0,0,0,0,0,0,0,0,0,0,0,0,0,0,0,0,0,0,0,0,0,0,14968,0,0,0
1743620858.001300,600855,21068471,0,nscratch,nscratch-ffffa03b0426b000,0,0,10355247390040,905049378378,0,0,98179,0,0,0,0,0,0,0,0,0,0,0,0,0,0,0,0,0,0,0,0,0,0,0,0,60771,0,0,0
1743620858.001411,600855,21068471,0,pscratch,pscratch-ffffa03b0861a000,0,0,219402878101,374678341559,0,0,30987,0,0,0,0,0,0,0,0,0,0,0,0,0,0,0,0,0,0,0,0,0,0,0,0,14968,0,0,0
1743620859.001944,600855,21068471,0,nscratch,nscratch-ffffa03b0426b000,0,0,10355247390040,905049378378,0,0,98179,0,0,0,0,0,0,0,0,0,0,0,0,0,0,0,0,0,0,0,0,0,0,0,0,60771,0,0,0
1743620859.002056,600855,21068471,0,pscratch,pscratch-ffffa03b0861a000,0,0,219402878101,374678341559,0,0,30987,0,0,0,0,0,0,0,0,0,0,0,0,0,0,0,0,0,0,0,0,0,0,0,0,14968,0,0,0
1743620860.001429,600855,21068471,0,nscratch,nscratch-ffffa03b0426b000,0,0,10355247390040,905049378378,0,0,98179,0,0,0,0,0,0,0,0,0,0,0,0,0,0,0,0,0,0,0,0,0,0,0,0,60771,0,0,0
1743620860.001540,600855,21068471,0,pscratch,pscratch-ffffa03b0861a000,0,0,219402878101,374678341559,0,0,30987,0,0,0,0,0,0,0,0,0,0,0,0,0,0,0,0,0,0,0,0,0,0,0,0,14968,0,0,0
1743620861.001716,600855,21068471,0,nscratch,nscratch-ffffa03b0426b000,0,0,10355247390040,905049378378,0,0,98179,0,0,0,0,0,0,0,0,0,0,0,0,0,0,0,0,0,0,0,0,0,0,0,0,60771,0,0,0
1743620861.001828,600855,21068471,0,pscratch,pscratch-ffffa03b0861a000,0,0,219402878101,374678341559,0,0,30987,0,0,0,0,0,0,0,0,0,0,0,0,0,0,0,0,0,0,0,0,0,0,0,0,14968,0,0,0
1743620862.001376,600855,21068471,0,nscratch,nscratch-ffffa03b0426b000,0,0,10355247390040,905049378378,0,0,98179,0,0,0,0,0,0,0,0,0,0,0,0,0,0,0,0,0,0,0,0,0,0,0,0,60771,0,0,0
1743620862.001485,600855,21068471,0,pscratch,pscratch-ffffa03b0861a000,0,0,219402878101,374678341559,0,0,30987,0,0,0,0,0,0,0,0,0,0,0,0,0,0,0,0,0,0,0,0,0,0,0,0,14968,0,0,0
1743620863.001870,600855,21068471,0,nscratch,nscratch-ffffa03b0426b000,0,0,10355247390040,905049378378,0,0,98179,0,0,0,0,0,0,0,0,0,0,0,0,0,0,0,0,0,0,0,0,0,0,0,0,60771,0,0,0
1743620863.001981,600855,21068471,0,pscratch,pscratch-ffffa03b0861a000,0,0,219402878101,374678341559,0,0,30987,0,0,0,0,0,0,0,0,0,0,0,0,0,0,0,0,0,0,0,0,0,0,0,0,14968,0,0,0
1743620864.002157,600855,21068471,0,nscratch,nscratch-ffffa03b0426b000,0,0,10355247390040,905049378378,0,0,98179,0,0,0,0,0,0,0,0,0,0,0,0,0,0,0,0,0,0,0,0,0,0,0,0,60771,0,0,0
1743620864.002268,600855,21068471,0,pscratch,pscratch-ffffa03b0861a000,0,0,219402878101,374678341559,0,0,30987,0,0,0,0,0,0,0,0,0,0,0,0,0,0,0,0,0,0,0,0,0,0,0,0,14968,0,0,0
1743620865.001804,600855,21068471,0,nscratch,nscratch-ffffa03b0426b000,0,0,10355247390040,905049378378,0,0,98179,0,0,0,0,0,0,0,0,0,0,0,0,0,0,0,0,0,0,0,0,0,0,0,0,60771,0,0,0
1743620865.001916,600855,21068471,0,pscratch,pscratch-ffffa03b0861a000,0,0,219402878101,374678341559,0,0,30987,0,0,0,0,0,0,0,0,0,0,0,0,0,0,0,0,0,0,0,0,0,0,0,0,14968,0,0,0
1743620866.002294,600855,21068471,0,nscratch,nscratch-ffffa03b0426b000,0,0,10355247390040,905049378378,0,0,98179,0,0,0,0,0,0,0,0,0,0,0,0,0,0,0,0,0,0,0,0,0,0,0,0,60771,0,0,0
1743620866.002403,600855,21068471,0,pscratch,pscratch-ffffa03b0861a000,0,0,219402878101,374678341559,0,0,30987,0,0,0,0,0,0,0,0,0,0,0,0,0,0,0,0,0,0,0,0,0,0,0,0,14968,0,0,0
1743620867.001581,600855,21068471,0,nscratch,nscratch-ffffa03b0426b000,0,0,10355247390040,905049378378,0,0,98179,0,0,0,0,0,0,0,0,0,0,0,0,0,0,0,0,0,0,0,0,0,0,0,0,60771,0,0,0
1743620867.001705,600855,21068471,0,pscratch,pscratch-ffffa03b0861a000,0,0,219402878101,374678341559,0,0,30987,0,0,0,0,0,0,0,0,0,0,0,0,0,0,0,0,0,0,0,0,0,0,0,0,14968,0,0,0
1743620868.002237,600855,21068471,0,nscratch,nscratch-ffffa03b0426b000,0,0,10355247390040,905049378378,0,0,98179,0,0,0,0,0,0,0,0,0,0,0,0,0,0,0,0,0,0,0,0,0,0,0,0,60771,0,0,0
1743620868.002347,600855,21068471,0,pscratch,pscratch-ffffa03b0861a000,0,0,219402878101,374678341559,0,0,30987,0,0,0,0,0,0,0,0,0,0,0,0,0,0,0,0,0,0,0,0,0,0,0,0,14968,0,0,0
1743620869.001725,600855,21068471,0,nscratch,nscratch-ffffa03b0426b000,0,0,10355247390040,905049378378,0,0,98179,0,0,0,0,0,0,0,0,0,0,0,0,0,0,0,0,0,0,0,0,0,0,0,0,60771,0,0,0
1743620869.001850,600855,21068471,0,pscratch,pscratch-ffffa03b0861a000,0,0,219402878101,374678341559,0,0,30987,0,0,0,0,0,0,0,0,0,0,0,0,0,0,0,0,0,0,0,0,0,0,0,0,14968,0,0,0
1743620870.002024,600855,21068471,0,nscratch,nscratch-ffffa03b0426b000,0,0,10355247390040,905049378378,0,0,98179,0,0,0,0,0,0,0,0,0,0,0,0,0,0,0,0,0,0,0,0,0,0,0,0,60771,0,0,0
1743620870.002147,600855,21068471,0,pscratch,pscratch-ffffa03b0861a000,0,0,219402878101,374678341559,0,0,30987,0,0,0,0,0,0,0,0,0,0,0,0,0,0,0,0,0,0,0,0,0,0,0,0,14968,0,0,0
1743620871.001692,600855,21068471,0,nscratch,nscratch-ffffa03b0426b000,0,0,10355247390040,905049378378,0,0,98179,0,0,0,0,0,0,0,0,0,0,0,0,0,0,0,0,0,0,0,0,0,0,0,0,60771,0,0,0
1743620871.001805,600855,21068471,0,pscratch,pscratch-ffffa03b0861a000,0,0,219402878101,374678341559,0,0,30987,0,0,0,0,0,0,0,0,0,0,0,0,0,0,0,0,0,0,0,0,0,0,0,0,14968,0,0,0
1743620872.002188,600855,21068471,0,nscratch,nscratch-ffffa03b0426b000,0,0,10355247390040,905049378378,0,0,98179,0,0,0,0,0,0,0,0,0,0,0,0,0,0,0,0,0,0,0,0,0,0,0,0,60771,0,0,0
1743620872.002298,600855,21068471,0,pscratch,pscratch-ffffa03b0861a000,0,0,219402878101,374678341559,0,0,30987,0,0,0,0,0,0,0,0,0,0,0,0,0,0,0,0,0,0,0,0,0,0,0,0,14968,0,0,0
1743620873.001463,600855,21068471,0,nscratch,nscratch-ffffa03b0426b000,0,0,10355247390040,905049378378,0,0,98179,0,0,0,0,0,0,0,0,0,0,0,0,0,0,0,0,0,0,0,0,0,0,0,0,60771,0,0,0
1743620873.001572,600855,21068471,0,pscratch,pscratch-ffffa03b0861a000,0,0,219402878101,374678341559,0,0,30987,0,0,0,0,0,0,0,0,0,0,0,0,0,0,0,0,0,0,0,0,0,0,0,0,14968,0,0,0
1743620874.002113,600855,21068471,0,nscratch,nscratch-ffffa03b0426b000,0,0,10355247390040,905049378378,0,0,98179,0,0,0,0,0,0,0,0,0,0,0,0,0,0,0,0,0,0,0,0,0,0,0,0,60771,0,0,0
1743620874.002224,600855,21068471,0,pscratch,pscratch-ffffa03b0861a000,0,0,219402878101,374678341559,0,0,30987,0,0,0,0,0,0,0,0,0,0,0,0,0,0,0,0,0,0,0,0,0,0,0,0,14968,0,0,0
1743620875.001608,600855,21068471,0,nscratch,nscratch-ffffa03b0426b000,0,0,10355247390040,905049378378,0,0,98179,0,0,0,0,0,0,0,0,0,0,0,0,0,0,0,0,0,0,0,0,0,0,0,0,60771,0,0,0
1743620875.001726,600855,21068471,0,pscratch,pscratch-ffffa03b0861a000,0,0,219402878101,374678341559,0,0,30987,0,0,0,0,0,0,0,0,0,0,0,0,0,0,0,0,0,0,0,0,0,0,0,0,14968,0,0,0
1743620876.001894,600855,21068471,0,nscratch,nscratch-ffffa03b0426b000,0,0,10355247390040,905049378378,0,0,98179,0,0,0,0,0,0,0,0,0,0,0,0,0,0,0,0,0,0,0,0,0,0,0,0,60771,0,0,0
1743620876.002006,600855,21068471,0,pscratch,pscratch-ffffa03b0861a000,0,0,219402878101,374678341559,0,0,30987,0,0,0,0,0,0,0,0,0,0,0,0,0,0,0,0,0,0,0,0,0,0,0,0,14968,0,0,0
1743620877.001543,600855,21068471,0,nscratch,nscratch-ffffa03b0426b000,0,0,10355247390040,905049378378,0,0,98179,0,0,0,0,0,0,0,0,0,0,0,0,0,0,0,0,0,0,0,0,0,0,0,0,60771,0,0,0
1743620877.001663,600855,21068471,0,pscratch,pscratch-ffffa03b0861a000,0,0,219402878101,374678341559,0,0,30987,0,0,0,0,0,0,0,0,0,0,0,0,0,0,0,0,0,0,0,0,0,0,0,0,14968,0,0,0
1743620878.002045,600855,21068471,0,nscratch,nscratch-ffffa03b0426b000,0,0,10355247390040,905049378378,0,0,98179,0,0,0,0,0,0,0,0,0,0,0,0,0,0,0,0,0,0,0,0,0,0,0,0,60771,0,0,0
1743620878.002154,600855,21068471,0,pscratch,pscratch-ffffa03b0861a000,0,0,219402878101,374678341559,0,0,30987,0,0,0,0,0,0,0,0,0,0,0,0,0,0,0,0,0,0,0,0,0,0,0,0,14968,0,0,0
1743620879.001321,600855,21068471,0,nscratch,nscratch-ffffa03b0426b000,0,0,10355247390040,905049378378,0,0,98179,0,0,0,0,0,0,0,0,0,0,0,0,0,0,0,0,0,0,0,0,0,0,0,0,60771,0,0,0
1743620879.001432,600855,21068471,0,pscratch,pscratch-ffffa03b0861a000,0,0,219402878101,374678341559,0,0,30987,0,0,0,0,0,0,0,0,0,0,0,0,0,0,0,0,0,0,0,0,0,0,0,0,14968,0,0,0
1743620880.001968,600855,21068471,0,nscratch,nscratch-ffffa03b0426b000,0,0,10355247390040,905049378378,0,0,98179,0,0,0,0,0,0,0,0,0,0,0,0,0,0,0,0,0,0,0,0,0,0,0,0,60771,0,0,0
1743620880.002078,600855,21068471,0,pscratch,pscratch-ffffa03b0861a000,0,0,219402878101,374678341559,0,0,30987,0,0,0,0,0,0,0,0,0,0,0,0,0,0,0,0,0,0,0,0,0,0,0,0,14968,0,0,0
1743620881.001452,600855,21068471,0,nscratch,nscratch-ffffa03b0426b000,0,0,10355247390040,905049378378,0,0,98179,0,0,0,0,0,0,0,0,0,0,0,0,0,0,0,0,0,0,0,0,0,0,0,0,60771,0,0,0
1743620881.001561,600855,21068471,0,pscratch,pscratch-ffffa03b0861a000,0,0,219402878101,374678341559,0,0,30987,0,0,0,0,0,0,0,0,0,0,0,0,0,0,0,0,0,0,0,0,0,0,0,0,14968,0,0,0
1743620882.001751,600855,21068471,0,nscratch,nscratch-ffffa03b0426b000,0,0,10355247390040,905049378378,0,0,98179,0,0,0,0,0,0,0,0,0,0,0,0,0,0,0,0,0,0,0,0,0,0,0,0,60771,0,0,0
1743620882.001864,600855,21068471,0,pscratch,pscratch-ffffa03b0861a000,0,0,219402878101,374678341559,0,0,30987,0,0,0,0,0,0,0,0,0,0,0,0,0,0,0,0,0,0,0,0,0,0,0,0,14968,0,0,0
1743620883.001394,600855,21068471,0,nscratch,nscratch-ffffa03b0426b000,0,0,10355247390040,905049378378,0,0,98179,0,0,0,0,0,0,0,0,0,0,0,0,0,0,0,0,0,0,0,0,0,0,0,0,60771,0,0,0
1743620883.001506,600855,21068471,0,pscratch,pscratch-ffffa03b0861a000,0,0,219402878101,374678341559,0,0,30987,0,0,0,0,0,0,0,0,0,0,0,0,0,0,0,0,0,0,0,0,0,0,0,0,14968,0,0,0
1743620884.001892,600855,21068471,0,nscratch,nscratch-ffffa03b0426b000,0,0,10355247390040,905049378378,0,0,98179,0,0,0,0,0,0,0,0,0,0,0,0,0,0,0,0,0,0,0,0,0,0,0,0,60771,0,0,0
1743620884.002003,600855,21068471,0,pscratch,pscratch-ffffa03b0861a000,0,0,219402878101,374678341559,0,0,30987,0,0,0,0,0,0,0,0,0,0,0,0,0,0,0,0,0,0,0,0,0,0,0,0,14968,0,0,0
1743620885.001168,600855,21068471,0,nscratch,nscratch-ffffa03b0426b000,0,0,10355247390040,905049378378,0,0,98179,0,0,0,0,0,0,0,0,0,0,0,0,0,0,0,0,0,0,0,0,0,0,0,0,60771,0,0,0
1743620885.001277,600855,21068471,0,pscratch,pscratch-ffffa03b0861a000,0,0,219402878101,374678341559,0,0,30987,0,0,0,0,0,0,0,0,0,0,0,0,0,0,0,0,0,0,0,0,0,0,0,0,14968,0,0,0
1743620886.001811,600855,21068471,0,nscratch,nscratch-ffffa03b0426b000,0,0,10355247390040,905049378378,0,0,98179,0,0,0,0,0,0,0,0,0,0,0,0,0,0,0,0,0,0,0,0,0,0,0,0,60771,0,0,0
1743620886.001920,600855,21068471,0,pscratch,pscratch-ffffa03b0861a000,0,0,219402878101,374678341559,0,0,30987,0,0,0,0,0,0,0,0,0,0,0,0,0,0,0,0,0,0,0,0,0,0,0,0,14968,0,0,0
1743620887.002315,600855,21068471,0,nscratch,nscratch-ffffa03b0426b000,0,0,10355247390040,905049378378,0,0,98179,0,0,0,0,0,0,0,0,0,0,0,0,0,0,0,0,0,0,0,0,0,0,0,0,60771,0,0,0
1743620887.002427,600855,21068471,0,pscratch,pscratch-ffffa03b0861a000,0,0,219402878101,374678341559,0,0,30987,0,0,0,0,0,0,0,0,0,0,0,0,0,0,0,0,0,0,0,0,0,0,0,0,14968,0,0,0
1743620888.001596,600855,21068471,0,nscratch,nscratch-ffffa03b0426b000,0,0,10355247390040,905049378378,0,0,98179,0,0,0,0,0,0,0,0,0,0,0,0,0,0,0,0,0,0,0,0,0,0,0,0,60771,0,0,0
1743620888.001713,600855,21068471,0,pscratch,pscratch-ffffa03b0861a000,0,0,219402878101,374678341559,0,0,30987,0,0,0,0,0,0,0,0,0,0,0,0,0,0,0,0,0,0,0,0,0,0,0,0,14968,0,0,0
1743620889.002247,600855,21068471,0,nscratch,nscratch-ffffa03b0426b000,0,0,10355247390040,905049378378,0,0,98179,0,0,0,0,0,0,0,0,0,0,0,0,0,0,0,0,0,0,0,0,0,0,0,0,60771,0,0,0
1743620889.002358,600855,21068471,0,pscratch,pscratch-ffffa03b0861a000,0,0,219402878101,374678341559,0,0,30987,0,0,0,0,0,0,0,0,0,0,0,0,0,0,0,0,0,0,0,0,0,0,0,0,14968,0,0,0
1743620890.001744,600855,21068471,0,nscratch,nscratch-ffffa03b0426b000,0,0,10355247390040,905049378378,0,0,98179,0,0,0,0,0,0,0,0,0,0,0,0,0,0,0,0,0,0,0,0,0,0,0,0,60771,0,0,0
1743620890.001992,600855,21068471,0,pscratch,pscratch-ffffa03b0861a000,0,0,219402878101,374678341559,0,0,30987,0,0,0,0,0,0,0,0,0,0,0,0,0,0,0,0,0,0,0,0,0,0,0,0,14968,0,0,0
1743620891.002166,600855,21068471,0,nscratch,nscratch-ffffa03b0426b000,0,0,10355247390040,905049378378,0,0,98179,0,0,0,0,0,0,0,0,0,0,0,0,0,0,0,0,0,0,0,0,0,0,0,0,60771,0,0,0
1743620891.002276,600855,21068471,0,pscratch,pscratch-ffffa03b0861a000,0,0,219402878101,374678341559,0,0,30987,0,0,0,0,0,0,0,0,0,0,0,0,0,0,0,0,0,0,0,0,0,0,0,0,14968,0,0,0
1743620892.001805,600855,21068471,0,nscratch,nscratch-ffffa03b0426b000,0,0,10355247390040,905049378378,0,0,98179,0,0,0,0,0,0,0,0,0,0,0,0,0,0,0,0,0,0,0,0,0,0,0,0,60771,0,0,0
1743620892.001914,600855,21068471,0,pscratch,pscratch-ffffa03b0861a000,0,0,219402878101,374678341559,0,0,30987,0,0,0,0,0,0,0,0,0,0,0,0,0,0,0,0,0,0,0,0,0,0,0,0,14968,0,0,0
1743620893.002291,600855,21068471,0,nscratch,nscratch-ffffa03b0426b000,0,0,10355247390040,905049378378,0,0,98179,0,0,0,0,0,0,0,0,0,0,0,0,0,0,0,0,0,0,0,0,0,0,0,0,60771,0,0,0
1743620893.002402,600855,21068471,0,pscratch,pscratch-ffffa03b0861a000,0,0,219402878101,374678341559,0,0,30987,0,0,0,0,0,0,0,0,0,0,0,0,0,0,0,0,0,0,0,0,0,0,0,0,14968,0,0,0
1743620894.001571,600855,21068471,0,nscratch,nscratch-ffffa03b0426b000,0,0,10355247390040,905049378378,0,0,98179,0,0,0,0,0,0,0,0,0,0,0,0,0,0,0,0,0,0,0,0,0,0,0,0,60771,0,0,0
1743620894.001686,600855,21068471,0,pscratch,pscratch-ffffa03b0861a000,0,0,219402878101,374678341559,0,0,30987,0,0,0,0,0,0,0,0,0,0,0,0,0,0,0,0,0,0,0,0,0,0,0,0,14968,0,0,0
1743620895.002216,600855,21068471,0,nscratch,nscratch-ffffa03b0426b000,0,0,10355247390040,905049378378,0,0,98179,0,0,0,0,0,0,0,0,0,0,0,0,0,0,0,0,0,0,0,0,0,0,0,0,60771,0,0,0
1743620895.002328,600855,21068471,0,pscratch,pscratch-ffffa03b0861a000,0,0,219402878101,374678341559,0,0,30987,0,0,0,0,0,0,0,0,0,0,0,0,0,0,0,0,0,0,0,0,0,0,0,0,14968,0,0,0
1743620896.001711,600855,21068471,0,nscratch,nscratch-ffffa03b0426b000,0,0,10355247390040,905049378378,0,0,98179,0,0,0,0,0,0,0,0,0,0,0,0,0,0,0,0,0,0,0,0,0,0,0,0,60771,0,0,0
1743620896.001823,600855,21068471,0,pscratch,pscratch-ffffa03b0861a000,0,0,219402878101,374678341559,0,0,30987,0,0,0,0,0,0,0,0,0,0,0,0,0,0,0,0,0,0,0,0,0,0,0,0,14968,0,0,0
1743620897.002016,600855,21068471,0,nscratch,nscratch-ffffa03b0426b000,0,0,10355247390040,905049378378,0,0,98179,0,0,0,0,0,0,0,0,0,0,0,0,0,0,0,0,0,0,0,0,0,0,0,0,60771,0,0,0
1743620897.002130,600855,21068471,0,pscratch,pscratch-ffffa03b0861a000,0,0,219402878101,374678341559,0,0,30987,0,0,0,0,0,0,0,0,0,0,0,0,0,0,0,0,0,0,0,0,0,0,0,0,14968,0,0,0
1743620898.001663,600855,21068471,0,nscratch,nscratch-ffffa03b0426b000,0,0,10355247390040,905049378378,0,0,98179,0,0,0,0,0,0,0,0,0,0,0,0,0,0,0,0,0,0,0,0,0,0,0,0,60771,0,0,0
1743620898.001775,600855,21068471,0,pscratch,pscratch-ffffa03b0861a000,0,0,219402878101,374678341559,0,0,30987,0,0,0,0,0,0,0,0,0,0,0,0,0,0,0,0,0,0,0,0,0,0,0,0,14968,0,0,0
1743620899.002157,600855,21068471,0,nscratch,nscratch-ffffa03b0426b000,0,0,10355247390040,905049378378,0,0,98179,0,0,0,0,0,0,0,0,0,0,0,0,0,0,0,0,0,0,0,0,0,0,0,0,60771,0,0,0
1743620899.002266,600855,21068471,0,pscratch,pscratch-ffffa03b0861a000,0,0,219402878101,374678341559,0,0,30987,0,0,0,0,0,0,0,0,0,0,0,0,0,0,0,0,0,0,0,0,0,0,0,0,14968,0,0,0
1743620900.001434,600855,21068471,0,nscratch,nscratch-ffffa03b0426b000,0,0,10355247390040,905049378378,0,0,98179,0,0,0,0,0,0,0,0,0,0,0,0,0,0,0,0,0,0,0,0,0,0,0,0,60771,0,0,0
1743620900.001544,600855,21068471,0,pscratch,pscratch-ffffa03b0861a000,0,0,219402878101,374678341559,0,0,30987,0,0,0,0,0,0,0,0,0,0,0,0,0,0,0,0,0,0,0,0,0,0,0,0,14968,0,0,0
1743620901.002096,600855,21068471,0,nscratch,nscratch-ffffa03b0426b000,0,0,10355247390040,905049378378,0,0,98179,0,0,0,0,0,0,0,0,0,0,0,0,0,0,0,0,0,0,0,0,0,0,0,0,60771,0,0,0
1743620901.002207,600855,21068471,0,pscratch,pscratch-ffffa03b0861a000,0,0,219402878101,374678341559,0,0,30987,0,0,0,0,0,0,0,0,0,0,0,0,0,0,0,0,0,0,0,0,0,0,0,0,14968,0,0,0
1743620902.001577,600855,21068471,0,nscratch,nscratch-ffffa03b0426b000,0,0,10355247390040,905049378378,0,0,98179,0,0,0,0,0,0,0,0,0,0,0,0,0,0,0,0,0,0,0,0,0,0,0,0,60771,0,0,0
1743620902.001696,600855,21068471,0,pscratch,pscratch-ffffa03b0861a000,0,0,219402878101,374678341559,0,0,30987,0,0,0,0,0,0,0,0,0,0,0,0,0,0,0,0,0,0,0,0,0,0,0,0,14968,0,0,0
1743620903.001868,600855,21068471,0,nscratch,nscratch-ffffa03b0426b000,0,0,10355247390040,905049378378,0,0,98179,0,0,0,0,0,0,0,0,0,0,0,0,0,0,0,0,0,0,0,0,0,0,0,0,60771,0,0,0
1743620903.001979,600855,21068471,0,pscratch,pscratch-ffffa03b0861a000,0,0,219402878101,374678341559,0,0,30987,0,0,0,0,0,0,0,0,0,0,0,0,0,0,0,0,0,0,0,0,0,0,0,0,14968,0,0,0
1743620904.001507,600855,21068471,0,nscratch,nscratch-ffffa03b0426b000,0,0,10355247390040,905049378378,0,0,98179,0,0,0,0,0,0,0,0,0,0,0,0,0,0,0,0,0,0,0,0,0,0,0,0,60771,0,0,0
1743620904.001617,600855,21068471,0,pscratch,pscratch-ffffa03b0861a000,0,0,219402878101,374678341559,0,0,30987,0,0,0,0,0,0,0,0,0,0,0,0,0,0,0,0,0,0,0,0,0,0,0,0,14968,0,0,0
1743620905.002010,600855,21068471,0,nscratch,nscratch-ffffa03b0426b000,0,0,10355247390040,905049378378,0,0,98179,0,0,0,0,0,0,0,0,0,0,0,0,0,0,0,0,0,0,0,0,0,0,0,0,60771,0,0,0
1743620905.002119,600855,21068471,0,pscratch,pscratch-ffffa03b0861a000,0,0,219402878101,374678341559,0,0,30987,0,0,0,0,0,0,0,0,0,0,0,0,0,0,0,0,0,0,0,0,0,0,0,0,14968,0,0,0
1743620906.001284,600855,21068471,0,nscratch,nscratch-ffffa03b0426b000,0,0,10355247390040,905049378378,0,0,98179,0,0,0,0,0,0,0,0,0,0,0,0,0,0,0,0,0,0,0,0,0,0,0,0,60771,0,0,0
1743620906.001392,600855,21068471,0,pscratch,pscratch-ffffa03b0861a000,0,0,219402878101,374678341559,0,0,30987,0,0,0,0,0,0,0,0,0,0,0,0,0,0,0,0,0,0,0,0,0,0,0,0,14968,0,0,0
1743620907.001932,600855,21068471,0,nscratch,nscratch-ffffa03b0426b000,0,0,10355247390040,905049378378,0,0,98179,0,0,0,0,0,0,0,0,0,0,0,0,0,0,0,0,0,0,0,0,0,0,0,0,60771,0,0,0
1743620907.002041,600855,21068471,0,pscratch,pscratch-ffffa03b0861a000,0,0,219402878101,374678341559,0,0,30987,0,0,0,0,0,0,0,0,0,0,0,0,0,0,0,0,0,0,0,0,0,0,0,0,14968,0,0,0
1743620908.001427,600855,21068471,0,nscratch,nscratch-ffffa03b0426b000,0,0,10355247390040,905049378378,0,0,98179,0,0,0,0,0,0,0,0,0,0,0,0,0,0,0,0,0,0,0,0,0,0,0,0,60771,0,0,0
1743620908.001538,600855,21068471,0,pscratch,pscratch-ffffa03b0861a000,0,0,219402878101,374678341559,0,0,30987,0,0,0,0,0,0,0,0,0,0,0,0,0,0,0,0,0,0,0,0,0,0,0,0,14968,0,0,0
1743620909.001713,600855,21068471,0,nscratch,nscratch-ffffa03b0426b000,0,0,10355247390040,905049378378,0,0,98179,0,0,0,0,0,0,0,0,0,0,0,0,0,0,0,0,0,0,0,0,0,0,0,0,60771,0,0,0
1743620909.001822,600855,21068471,0,pscratch,pscratch-ffffa03b0861a000,0,0,219402878101,374678341559,0,0,30987,0,0,0,0,0,0,0,0,0,0,0,0,0,0,0,0,0,0,0,0,0,0,0,0,14968,0,0,0
1743620910.001346,600855,21068471,0,nscratch,nscratch-ffffa03b0426b000,0,0,10355247390040,905049378378,0,0,98179,0,0,0,0,0,0,0,0,0,0,0,0,0,0,0,0,0,0,0,0,0,0,0,0,60771,0,0,0
1743620910.001458,600855,21068471,0,pscratch,pscratch-ffffa03b0861a000,0,0,219402878101,374678341559,0,0,30987,0,0,0,0,0,0,0,0,0,0,0,0,0,0,0,0,0,0,0,0,0,0,0,0,14968,0,0,0
1743620911.001840,600855,21068471,0,nscratch,nscratch-ffffa03b0426b000,0,0,10355247390040,905049378378,0,0,98179,0,0,0,0,0,0,0,0,0,0,0,0,0,0,0,0,0,0,0,0,0,0,0,0,60771,0,0,0
1743620911.001951,600855,21068471,0,pscratch,pscratch-ffffa03b0861a000,0,0,219402878101,374678341559,0,0,30987,0,0,0,0,0,0,0,0,0,0,0,0,0,0,0,0,0,0,0,0,0,0,0,0,14968,0,0,0
1743620912.002119,600855,21068471,0,nscratch,nscratch-ffffa03b0426b000,0,0,10355247390040,905049378378,0,0,98179,0,0,0,0,0,0,0,0,0,0,0,0,0,0,0,0,0,0,0,0,0,0,0,0,60771,0,0,0
1743620912.002231,600855,21068471,0,pscratch,pscratch-ffffa03b0861a000,0,0,219402878101,374678341559,0,0,30987,0,0,0,0,0,0,0,0,0,0,0,0,0,0,0,0,0,0,0,0,0,0,0,0,14968,0,0,0
1743620913.001767,600855,21068471,0,nscratch,nscratch-ffffa03b0426b000,0,0,10355247390040,905049378378,0,0,98179,0,0,0,0,0,0,0,0,0,0,0,0,0,0,0,0,0,0,0,0,0,0,0,0,60771,0,0,0
1743620913.001877,600855,21068471,0,pscratch,pscratch-ffffa03b0861a000,0,0,219402878101,374678341559,0,0,30987,0,0,0,0,0,0,0,0,0,0,0,0,0,0,0,0,0,0,0,0,0,0,0,0,14968,0,0,0
1743620914.002256,600855,21068471,0,nscratch,nscratch-ffffa03b0426b000,0,0,10355247390040,905049378378,0,0,98179,0,0,0,0,0,0,0,0,0,0,0,0,0,0,0,0,0,0,0,0,0,0,0,0,60771,0,0,0
1743620914.002368,600855,21068471,0,pscratch,pscratch-ffffa03b0861a000,0,0,219402878101,374678341559,0,0,30987,0,0,0,0,0,0,0,0,0,0,0,0,0,0,0,0,0,0,0,0,0,0,0,0,14968,0,0,0
1743620915.001535,600855,21068471,0,nscratch,nscratch-ffffa03b0426b000,0,0,10355247390040,905049378378,0,0,98179,0,0,0,0,0,0,0,0,0,0,0,0,0,0,0,0,0,0,0,0,0,0,0,0,60771,0,0,0
1743620915.001650,600855,21068471,0,pscratch,pscratch-ffffa03b0861a000,0,0,219402878101,374678341559,0,0,30987,0,0,0,0,0,0,0,0,0,0,0,0,0,0,0,0,0,0,0,0,0,0,0,0,14968,0,0,0
1743620916.002178,600855,21068471,0,nscratch,nscratch-ffffa03b0426b000,0,0,10355247390040,905049378378,0,0,98179,0,0,0,0,0,0,0,0,0,0,0,0,0,0,0,0,0,0,0,0,0,0,0,0,60771,0,0,0
1743620916.002290,600855,21068471,0,pscratch,pscratch-ffffa03b0861a000,0,0,219402878101,374678341559,0,0,30987,0,0,0,0,0,0,0,0,0,0,0,0,0,0,0,0,0,0,0,0,0,0,0,0,14968,0,0,0
1743620917.001679,600855,21068471,0,nscratch,nscratch-ffffa03b0426b000,0,0,10355247390040,905049378378,0,0,98179,0,0,0,0,0,0,0,0,0,0,0,0,0,0,0,0,0,0,0,0,0,0,0,0,60771,0,0,0
1743620917.001789,600855,21068471,0,pscratch,pscratch-ffffa03b0861a000,0,0,219402878101,374678341559,0,0,30987,0,0,0,0,0,0,0,0,0,0,0,0,0,0,0,0,0,0,0,0,0,0,0,0,14968,0,0,0
1743620918.001802,600855,21068471,0,nscratch,nscratch-ffffa03b0426b000,0,0,10355247390040,905049378378,0,0,98179,0,0,0,0,0,0,0,0,0,0,0,0,0,0,0,0,0,0,0,0,0,0,0,0,60771,0,0,0
1743620918.001916,600855,21068471,0,pscratch,pscratch-ffffa03b0861a000,0,0,219402878101,374678341559,0,0,30987,0,0,0,0,0,0,0,0,0,0,0,0,0,0,0,0,0,0,0,0,0,0,0,0,14968,0,0,0
1743620919.001442,600855,21068471,0,nscratch,nscratch-ffffa03b0426b000,0,0,10355247390040,905049378378,0,0,98179,0,0,0,0,0,0,0,0,0,0,0,0,0,0,0,0,0,0,0,0,0,0,0,0,60771,0,0,0
1743620919.001550,600855,21068471,0,pscratch,pscratch-ffffa03b0861a000,0,0,219402878101,374678341559,0,0,30987,0,0,0,0,0,0,0,0,0,0,0,0,0,0,0,0,0,0,0,0,0,0,0,0,14968,0,0,0
1743620920.001933,600855,21068471,0,nscratch,nscratch-ffffa03b0426b000,0,0,10355247390040,905049378378,0,0,98179,0,0,0,0,0,0,0,0,0,0,0,0,0,0,0,0,0,0,0,0,0,0,0,0,60771,0,0,0
1743620920.002045,600855,21068471,0,pscratch,pscratch-ffffa03b0861a000,0,0,219402878101,374678341559,0,0,30987,0,0,0,0,0,0,0,0,0,0,0,0,0,0,0,0,0,0,0,0,0,0,0,0,14968,0,0,0
1743620921.001213,600855,21068471,0,nscratch,nscratch-ffffa03b0426b000,0,0,10355247390040,905049378378,0,0,98179,0,0,0,0,0,0,0,0,0,0,0,0,0,0,0,0,0,0,0,0,0,0,0,0,60771,0,0,0
1743620921.001322,600855,21068471,0,pscratch,pscratch-ffffa03b0861a000,0,0,219402878101,374678341559,0,0,30987,0,0,0,0,0,0,0,0,0,0,0,0,0,0,0,0,0,0,0,0,0,0,0,0,14968,0,0,0
1743620922.001854,600855,21068471,0,nscratch,nscratch-ffffa03b0426b000,0,0,10355247390040,905049378378,0,0,98179,0,0,0,0,0,0,0,0,0,0,0,0,0,0,0,0,0,0,0,0,0,0,0,0,60771,0,0,0
1743620922.001967,600855,21068471,0,pscratch,pscratch-ffffa03b0861a000,0,0,219402878101,374678341559,0,0,30987,0,0,0,0,0,0,0,0,0,0,0,0,0,0,0,0,0,0,0,0,0,0,0,0,14968,0,0,0
1743620923.002344,600855,21068471,0,nscratch,nscratch-ffffa03b0426b000,0,0,10355247390040,905049378378,0,0,98179,0,0,0,0,0,0,0,0,0,0,0,0,0,0,0,0,0,0,0,0,0,0,0,0,60771,0,0,0
1743620923.002453,600855,21068471,0,pscratch,pscratch-ffffa03b0861a000,0,0,219402878101,374678341559,0,0,30987,0,0,0,0,0,0,0,0,0,0,0,0,0,0,0,0,0,0,0,0,0,0,0,0,14968,0,0,0
1743620924.001627,600855,21068471,0,nscratch,nscratch-ffffa03b0426b000,0,0,10355247390040,905049378378,0,0,98179,0,0,0,0,0,0,0,0,0,0,0,0,0,0,0,0,0,0,0,0,0,0,0,0,60771,0,0,0
1743620924.001737,600855,21068471,0,pscratch,pscratch-ffffa03b0861a000,0,0,219402878101,374678341559,0,0,30987,0,0,0,0,0,0,0,0,0,0,0,0,0,0,0,0,0,0,0,0,0,0,0,0,14968,0,0,0
1743620925.002269,600855,21068471,0,nscratch,nscratch-ffffa03b0426b000,0,0,10355247390040,905049378378,0,0,98179,0,0,0,0,0,0,0,0,0,0,0,0,0,0,0,0,0,0,0,0,0,0,0,0,60771,0,0,0
1743620925.002380,600855,21068471,0,pscratch,pscratch-ffffa03b0861a000,0,0,219402878101,374678341559,0,0,30987,0,0,0,0,0,0,0,0,0,0,0,0,0,0,0,0,0,0,0,0,0,0,0,0,14968,0,0,0
1743620926.001758,600855,21068471,0,nscratch,nscratch-ffffa03b0426b000,0,0,10355247390040,905049378378,0,0,98179,0,0,0,0,0,0,0,0,0,0,0,0,0,0,0,0,0,0,0,0,0,0,0,0,60771,0,0,0
1743620926.001870,600855,21068471,0,pscratch,pscratch-ffffa03b0861a000,0,0,219402878101,374678341559,0,0,30987,0,0,0,0,0,0,0,0,0,0,0,0,0,0,0,0,0,0,0,0,0,0,0,0,14968,0,0,0
1743620927.002051,600855,21068471,0,nscratch,nscratch-ffffa03b0426b000,0,0,10355247390040,905049378378,0,0,98179,0,0,0,0,0,0,0,0,0,0,0,0,0,0,0,0,0,0,0,0,0,0,0,0,60771,0,0,0
1743620927.002162,600855,21068471,0,pscratch,pscratch-ffffa03b0861a000,0,0,219402878101,374678341559,0,0,30987,0,0,0,0,0,0,0,0,0,0,0,0,0,0,0,0,0,0,0,0,0,0,0,0,14968,0,0,0
1743620928.001697,600855,21068471,0,nscratch,nscratch-ffffa03b0426b000,0,0,10355247390040,905049378378,0,0,98179,0,0,0,0,0,0,0,0,0,0,0,0,0,0,0,0,0,0,0,0,0,0,0,0,60771,0,0,0
1743620928.001809,600855,21068471,0,pscratch,pscratch-ffffa03b0861a000,0,0,219402878101,374678341559,0,0,30987,0,0,0,0,0,0,0,0,0,0,0,0,0,0,0,0,0,0,0,0,0,0,0,0,14968,0,0,0
1743620929.002187,600855,21068471,0,nscratch,nscratch-ffffa03b0426b000,0,0,10355247390040,905049378378,0,0,98179,0,0,0,0,0,0,0,0,0,0,0,0,0,0,0,0,0,0,0,0,0,0,0,0,60771,0,0,0
1743620929.002295,600855,21068471,0,pscratch,pscratch-ffffa03b0861a000,0,0,219402878101,374678341559,0,0,30987,0,0,0,0,0,0,0,0,0,0,0,0,0,0,0,0,0,0,0,0,0,0,0,0,14968,0,0,0
1743620930.001459,600855,21068471,0,nscratch,nscratch-ffffa03b0426b000,0,0,10355247390040,905049378378,0,0,98179,0,0,0,0,0,0,0,0,0,0,0,0,0,0,0,0,0,0,0,0,0,0,0,0,60771,0,0,0
1743620930.001568,600855,21068471,0,pscratch,pscratch-ffffa03b0861a000,0,0,219402878101,374678341559,0,0,30987,0,0,0,0,0,0,0,0,0,0,0,0,0,0,0,0,0,0,0,0,0,0,0,0,14968,0,0,0
1743620931.002103,600855,21068471,0,nscratch,nscratch-ffffa03b0426b000,0,0,10355247390040,905049378378,0,0,98179,0,0,0,0,0,0,0,0,0,0,0,0,0,0,0,0,0,0,0,0,0,0,0,0,60771,0,0,0
1743620931.002214,600855,21068471,0,pscratch,pscratch-ffffa03b0861a000,0,0,219402878101,374678341559,0,0,30987,0,0,0,0,0,0,0,0,0,0,0,0,0,0,0,0,0,0,0,0,0,0,0,0,14968,0,0,0
1743620932.001595,600855,21068471,0,nscratch,nscratch-ffffa03b0426b000,0,0,10355247390040,905049378378,0,0,98179,0,0,0,0,0,0,0,0,0,0,0,0,0,0,0,0,0,0,0,0,0,0,0,0,60771,0,0,0
1743620932.001713,600855,21068471,0,pscratch,pscratch-ffffa03b0861a000,0,0,219402878101,374678341559,0,0,30987,0,0,0,0,0,0,0,0,0,0,0,0,0,0,0,0,0,0,0,0,0,0,0,0,14968,0,0,0
1743620933.000936,600855,21068471,0,nscratch,nscratch-ffffa03b0426b000,0,0,10355247390040,905049378378,0,0,98179,0,0,0,0,0,0,0,0,0,0,0,0,0,0,0,0,0,0,0,0,0,0,0,0,60771,0,0,0
1743620933.001007,600855,21068471,0,pscratch,pscratch-ffffa03b0861a000,0,0,219402878101,374678341559,0,0,30987,0,0,0,0,0,0,0,0,0,0,0,0,0,0,0,0,0,0,0,0,0,0,0,0,14968,0,0,0
1743620934.000874,600855,21068471,0,nscratch,nscratch-ffffa03b0426b000,0,0,10355247390040,905049378378,0,0,98179,0,0,0,0,0,0,0,0,0,0,0,0,0,0,0,0,0,0,0,0,0,0,0,0,60771,0,0,0
1743620934.000940,600855,21068471,0,pscratch,pscratch-ffffa03b0861a000,0,0,219402878101,374678341559,0,0,30987,0,0,0,0,0,0,0,0,0,0,0,0,0,0,0,0,0,0,0,0,0,0,0,0,14968,0,0,0
1743620935.002222,600855,21068471,0,nscratch,nscratch-ffffa03b0426b000,0,0,10355247390040,905049378378,0,0,98179,0,0,0,0,0,0,0,0,0,0,0,0,0,0,0,0,0,0,0,0,0,0,0,0,60771,0,0,0
1743620935.002287,600855,21068471,0,pscratch,pscratch-ffffa03b0861a000,0,0,219402878101,374678341559,0,0,30987,0,0,0,0,0,0,0,0,0,0,0,0,0,0,0,0,0,0,0,0,0,0,0,0,14968,0,0,0
1743620936.001438,600855,21068471,0,nscratch,nscratch-ffffa03b0426b000,0,0,10355247390040,905049378378,0,0,98179,0,0,0,0,0,0,0,0,0,0,0,0,0,0,0,0,0,0,0,0,0,0,0,0,60771,0,0,0
1743620936.001506,600855,21068471,0,pscratch,pscratch-ffffa03b0861a000,0,0,219402878101,374678341559,0,0,30987,0,0,0,0,0,0,0,0,0,0,0,0,0,0,0,0,0,0,0,0,0,0,0,0,14968,0,0,0
1743620937.001884,600855,21068471,0,nscratch,nscratch-ffffa03b0426b000,0,0,10355247390040,905049378378,0,0,98179,0,0,0,0,0,0,0,0,0,0,0,0,0,0,0,0,0,0,0,0,0,0,0,0,60771,0,0,0
1743620937.001951,600855,21068471,0,pscratch,pscratch-ffffa03b0861a000,0,0,219402878101,374678341559,0,0,30987,0,0,0,0,0,0,0,0,0,0,0,0,0,0,0,0,0,0,0,0,0,0,0,0,14968,0,0,0
1743620938.002233,600855,21068471,0,nscratch,nscratch-ffffa03b0426b000,0,0,10355247390040,905049378378,0,0,98179,0,0,0,0,0,0,0,0,0,0,0,0,0,0,0,0,0,0,0,0,0,0,0,0,60771,0,0,0
1743620938.002301,600855,21068471,0,pscratch,pscratch-ffffa03b0861a000,0,0,219402878101,374678341559,0,0,30987,0,0,0,0,0,0,0,0,0,0,0,0,0,0,0,0,0,0,0,0,0,0,0,0,14968,0,0,0
1743620939.001447,600855,21068471,0,nscratch,nscratch-ffffa03b0426b000,0,0,10355247390040,905049378378,0,0,98179,0,0,0,0,0,0,0,0,0,0,0,0,0,0,0,0,0,0,0,0,0,0,0,0,60771,0,0,0
1743620939.001513,600855,21068471,0,pscratch,pscratch-ffffa03b0861a000,0,0,219402878101,374678341559,0,0,30987,0,0,0,0,0,0,0,0,0,0,0,0,0,0,0,0,0,0,0,0,0,0,0,0,14968,0,0,0
1743620940.001886,600855,21068471,0,nscratch,nscratch-ffffa03b0426b000,0,0,10355247390040,905049378378,0,0,98179,0,0,0,0,0,0,0,0,0,0,0,0,0,0,0,0,0,0,0,0,0,0,0,0,60771,0,0,0
1743620940.001972,600855,21068471,0,pscratch,pscratch-ffffa03b0861a000,0,0,219402878101,374678341559,0,0,30987,0,0,0,0,0,0,0,0,0,0,0,0,0,0,0,0,0,0,0,0,0,0,0,0,14968,0,0,0
1743620941.001265,600855,21068471,0,nscratch,nscratch-ffffa03b0426b000,0,0,10355247390040,905049378378,0,0,98179,0,0,0,0,0,0,0,0,0,0,0,0,0,0,0,0,0,0,0,0,0,0,0,0,60771,0,0,0
1743620941.001330,600855,21068471,0,pscratch,pscratch-ffffa03b0861a000,0,0,219402878101,374678341559,0,0,30987,0,0,0,0,0,0,0,0,0,0,0,0,0,0,0,0,0,0,0,0,0,0,0,0,14968,0,0,0
1743620942.001490,600855,21068471,0,nscratch,nscratch-ffffa03b0426b000,0,0,10355247390040,905049378378,0,0,98179,0,0,0,0,0,0,0,0,0,0,0,0,0,0,0,0,0,0,0,0,0,0,0,0,60771,0,0,0
1743620942.001557,600855,21068471,0,pscratch,pscratch-ffffa03b0861a000,0,0,219402878101,374678341559,0,0,30987,0,0,0,0,0,0,0,0,0,0,0,0,0,0,0,0,0,0,0,0,0,0,0,0,14968,0,0,0
1743620943.001935,600855,21068471,0,nscratch,nscratch-ffffa03b0426b000,0,0,10355247390040,905049378378,0,0,98179,0,0,0,0,0,0,0,0,0,0,0,0,0,0,0,0,0,0,0,0,0,0,0,0,60771,0,0,0
1743620943.002001,600855,21068471,0,pscratch,pscratch-ffffa03b0861a000,0,0,219402878101,374678341559,0,0,30987,0,0,0,0,0,0,0,0,0,0,0,0,0,0,0,0,0,0,0,0,0,0,0,0,14968,0,0,0
1743620944.001279,600855,21068471,0,nscratch,nscratch-ffffa03b0426b000,0,0,10355247390040,905049378378,0,0,98179,0,0,0,0,0,0,0,0,0,0,0,0,0,0,0,0,0,0,0,0,0,0,0,0,60771,0,0,0
1743620944.001344,600855,21068471,0,pscratch,pscratch-ffffa03b0861a000,0,0,219402878101,374678341559,0,0,30987,0,0,0,0,0,0,0,0,0,0,0,0,0,0,0,0,0,0,0,0,0,0,0,0,14968,0,0,0
1743620945.001496,600855,21068471,0,nscratch,nscratch-ffffa03b0426b000,0,0,10355247390040,905049378378,0,0,98179,0,0,0,0,0,0,0,0,0,0,0,0,0,0,0,0,0,0,0,0,0,0,0,0,60771,0,0,0
1743620945.001563,600855,21068471,0,pscratch,pscratch-ffffa03b0861a000,0,0,219402878101,374678341559,0,0,30987,0,0,0,0,0,0,0,0,0,0,0,0,0,0,0,0,0,0,0,0,0,0,0,0,14968,0,0,0
1743620946.001947,600855,21068471,0,nscratch,nscratch-ffffa03b0426b000,0,0,10355247390040,905049378378,0,0,98179,0,0,0,0,0,0,0,0,0,0,0,0,0,0,0,0,0,0,0,0,0,0,0,0,60771,0,0,0
1743620946.002016,600855,21068471,0,pscratch,pscratch-ffffa03b0861a000,0,0,219402878101,374678341559,0,0,30987,0,0,0,0,0,0,0,0,0,0,0,0,0,0,0,0,0,0,0,0,0,0,0,0,14968,0,0,0
1743620947.001301,600855,21068471,0,nscratch,nscratch-ffffa03b0426b000,0,0,10355247390040,905049378378,0,0,98179,0,0,0,0,0,0,0,0,0,0,0,0,0,0,0,0,0,0,0,0,0,0,0,0,60771,0,0,0
1743620947.001366,600855,21068471,0,pscratch,pscratch-ffffa03b0861a000,0,0,219402878101,374678341559,0,0,30987,0,0,0,0,0,0,0,0,0,0,0,0,0,0,0,0,0,0,0,0,0,0,0,0,14968,0,0,0
1743620948.001532,600855,21068471,0,nscratch,nscratch-ffffa03b0426b000,0,0,10355247390040,905049378378,0,0,98179,0,0,0,0,0,0,0,0,0,0,0,0,0,0,0,0,0,0,0,0,0,0,0,0,60771,0,0,0
1743620948.001601,600855,21068471,0,pscratch,pscratch-ffffa03b0861a000,0,0,219402878101,374678341559,0,0,30987,0,0,0,0,0,0,0,0,0,0,0,0,0,0,0,0,0,0,0,0,0,0,0,0,14968,0,0,0
1743620949.001872,600855,21068471,0,nscratch,nscratch-ffffa03b0426b000,0,0,10355247390040,905049378378,0,0,98179,0,0,0,0,0,0,0,0,0,0,0,0,0,0,0,0,0,0,0,0,0,0,0,0,60771,0,0,0
1743620949.001941,600855,21068471,0,pscratch,pscratch-ffffa03b0861a000,0,0,219402878101,374678341559,0,0,30987,0,0,0,0,0,0,0,0,0,0,0,0,0,0,0,0,0,0,0,0,0,0,0,0,14968,0,0,0
1743620950.002241,600855,21068471,0,nscratch,nscratch-ffffa03b0426b000,0,0,10355247390040,905049378378,0,0,98179,0,0,0,0,0,0,0,0,0,0,0,0,0,0,0,0,0,0,0,0,0,0,0,0,60771,0,0,0
1743620950.002310,600855,21068471,0,pscratch,pscratch-ffffa03b0861a000,0,0,219402878101,374678341559,0,0,30987,0,0,0,0,0,0,0,0,0,0,0,0,0,0,0,0,0,0,0,0,0,0,0,0,14968,0,0,0
1743620951.001460,600855,21068471,0,nscratch,nscratch-ffffa03b0426b000,0,0,10355247390040,905049378378,0,0,98179,0,0,0,0,0,0,0,0,0,0,0,0,0,0,0,0,0,0,0,0,0,0,0,0,60771,0,0,0
1743620951.001527,600855,21068471,0,pscratch,pscratch-ffffa03b0861a000,0,0,219402878101,374678341559,0,0,30987,0,0,0,0,0,0,0,0,0,0,0,0,0,0,0,0,0,0,0,0,0,0,0,0,14968,0,0,0
1743620952.001882,600855,21068471,0,nscratch,nscratch-ffffa03b0426b000,0,0,10355247390040,905049378378,0,0,98179,0,0,0,0,0,0,0,0,0,0,0,0,0,0,0,0,0,0,0,0,0,0,0,0,60771,0,0,0
1743620952.001951,600855,21068471,0,pscratch,pscratch-ffffa03b0861a000,0,0,219402878101,374678341559,0,0,30987,0,0,0,0,0,0,0,0,0,0,0,0,0,0,0,0,0,0,0,0,0,0,0,0,14968,0,0,0
1743620953.002230,600855,21068471,0,nscratch,nscratch-ffffa03b0426b000,0,0,10355247390040,905049378378,0,0,98179,0,0,0,0,0,0,0,0,0,0,0,0,0,0,0,0,0,0,0,0,0,0,0,0,60771,0,0,0
1743620953.002296,600855,21068471,0,pscratch,pscratch-ffffa03b0861a000,0,0,219402878101,374678341559,0,0,30987,0,0,0,0,0,0,0,0,0,0,0,0,0,0,0,0,0,0,0,0,0,0,0,0,14968,0,0,0
1743620954.001449,600855,21068471,0,nscratch,nscratch-ffffa03b0426b000,0,0,10355247390040,905049378378,0,0,98179,0,0,0,0,0,0,0,0,0,0,0,0,0,0,0,0,0,0,0,0,0,0,0,0,60771,0,0,0
1743620954.001518,600855,21068471,0,pscratch,pscratch-ffffa03b0861a000,0,0,219402878101,374678341559,0,0,30987,0,0,0,0,0,0,0,0,0,0,0,0,0,0,0,0,0,0,0,0,0,0,0,0,14968,0,0,0
1743620955.001897,600855,21068471,0,nscratch,nscratch-ffffa03b0426b000,0,0,10355247390040,905049378378,0,0,98179,0,0,0,0,0,0,0,0,0,0,0,0,0,0,0,0,0,0,0,0,0,0,0,0,60771,0,0,0
1743620955.001964,600855,21068471,0,pscratch,pscratch-ffffa03b0861a000,0,0,219402878101,374678341559,0,0,30987,0,0,0,0,0,0,0,0,0,0,0,0,0,0,0,0,0,0,0,0,0,0,0,0,14968,0,0,0
1743620956.002249,600855,21068471,0,nscratch,nscratch-ffffa03b0426b000,0,0,10355247390040,905049378378,0,0,98179,0,0,0,0,0,0,0,0,0,0,0,0,0,0,0,0,0,0,0,0,0,0,0,0,60771,0,0,0
1743620956.002317,600855,21068471,0,pscratch,pscratch-ffffa03b0861a000,0,0,219402878101,374678341559,0,0,30987,0,0,0,0,0,0,0,0,0,0,0,0,0,0,0,0,0,0,0,0,0,0,0,0,14968,0,0,0
1743620957.001465,600855,21068471,0,nscratch,nscratch-ffffa03b0426b000,0,0,10355247390040,905049378378,0,0,98179,0,0,0,0,0,0,0,0,0,0,0,0,0,0,0,0,0,0,0,0,0,0,0,0,60771,0,0,0
1743620957.001532,600855,21068471,0,pscratch,pscratch-ffffa03b0861a000,0,0,219402878101,374678341559,0,0,30987,0,0,0,0,0,0,0,0,0,0,0,0,0,0,0,0,0,0,0,0,0,0,0,0,14968,0,0,0
1743620958.001917,600855,21068471,0,nscratch,nscratch-ffffa03b0426b000,0,0,10355247390040,905049378378,0,0,98179,0,0,0,0,0,0,0,0,0,0,0,0,0,0,0,0,0,0,0,0,0,0,0,0,60771,0,0,0
1743620958.001985,600855,21068471,0,pscratch,pscratch-ffffa03b0861a000,0,0,219402878101,374678341559,0,0,30987,0,0,0,0,0,0,0,0,0,0,0,0,0,0,0,0,0,0,0,0,0,0,0,0,14968,0,0,0
1743620959.001266,600855,21068471,0,nscratch,nscratch-ffffa03b0426b000,0,0,10355247390040,905049378378,0,0,98179,0,0,0,0,0,0,0,0,0,0,0,0,0,0,0,0,0,0,0,0,0,0,0,0,60771,0,0,0
1743620959.001331,600855,21068471,0,pscratch,pscratch-ffffa03b0861a000,0,0,219402878101,374678341559,0,0,30987,0,0,0,0,0,0,0,0,0,0,0,0,0,0,0,0,0,0,0,0,0,0,0,0,14968,0,0,0
1743620960.001452,600855,21068471,0,nscratch,nscratch-ffffa03b0426b000,0,0,10355247390040,905049378378,0,0,98179,0,0,0,0,0,0,0,0,0,0,0,0,0,0,0,0,0,0,0,0,0,0,0,0,60771,0,0,0
1743620960.001517,600855,21068471,0,pscratch,pscratch-ffffa03b0861a000,0,0,219402878101,374678341559,0,0,30987,0,0,0,0,0,0,0,0,0,0,0,0,0,0,0,0,0,0,0,0,0,0,0,0,14968,0,0,0
1743620961.001932,600855,21068471,0,nscratch,nscratch-ffffa03b0426b000,0,0,10355247390040,905049378378,0,0,98179,0,0,0,0,0,0,0,0,0,0,0,0,0,0,0,0,0,0,0,0,0,0,0,0,60771,0,0,0
1743620961.001999,600855,21068471,0,pscratch,pscratch-ffffa03b0861a000,0,0,219402878101,374678341559,0,0,30987,0,0,0,0,0,0,0,0,0,0,0,0,0,0,0,0,0,0,0,0,0,0,0,0,14968,0,0,0
1743620962.001280,600855,21068471,0,nscratch,nscratch-ffffa03b0426b000,0,0,10355247390040,905049378378,0,0,98179,0,0,0,0,0,0,0,0,0,0,0,0,0,0,0,0,0,0,0,0,0,0,0,0,60771,0,0,0
1743620962.001349,600855,21068471,0,pscratch,pscratch-ffffa03b0861a000,0,0,219402878101,374678341559,0,0,30987,0,0,0,0,0,0,0,0,0,0,0,0,0,0,0,0,0,0,0,0,0,0,0,0,14968,0,0,0
1743620963.001501,600855,21068471,0,nscratch,nscratch-ffffa03b0426b000,0,0,10355247390040,905049378378,0,0,98179,0,0,0,0,0,0,0,0,0,0,0,0,0,0,0,0,0,0,0,0,0,0,0,0,60771,0,0,0
1743620963.001598,600855,21068471,0,pscratch,pscratch-ffffa03b0861a000,0,0,219402878101,374678341559,0,0,30987,0,0,0,0,0,0,0,0,0,0,0,0,0,0,0,0,0,0,0,0,0,0,0,0,14968,0,0,0
1743620964.001945,600855,21068471,0,nscratch,nscratch-ffffa03b0426b000,0,0,10355247390040,905049378378,0,0,98179,0,0,0,0,0,0,0,0,0,0,0,0,0,0,0,0,0,0,0,0,0,0,0,0,60771,0,0,0
1743620964.002014,600855,21068471,0,pscratch,pscratch-ffffa03b0861a000,0,0,219402878101,374678341559,0,0,30987,0,0,0,0,0,0,0,0,0,0,0,0,0,0,0,0,0,0,0,0,0,0,0,0,14968,0,0,0
1743620965.001298,600855,21068471,0,nscratch,nscratch-ffffa03b0426b000,0,0,10355247390040,905049378378,0,0,98179,0,0,0,0,0,0,0,0,0,0,0,0,0,0,0,0,0,0,0,0,0,0,0,0,60771,0,0,0
1743620965.001364,600855,21068471,0,pscratch,pscratch-ffffa03b0861a000,0,0,219402878101,374678341559,0,0,30987,0,0,0,0,0,0,0,0,0,0,0,0,0,0,0,0,0,0,0,0,0,0,0,0,14968,0,0,0
1743620966.001523,600855,21068471,0,nscratch,nscratch-ffffa03b0426b000,0,0,10355247390040,905049378378,0,0,98179,0,0,0,0,0,0,0,0,0,0,0,0,0,0,0,0,0,0,0,0,0,0,0,0,60771,0,0,0
1743620966.001590,600855,21068471,0,pscratch,pscratch-ffffa03b0861a000,0,0,219402878101,374678341559,0,0,30987,0,0,0,0,0,0,0,0,0,0,0,0,0,0,0,0,0,0,0,0,0,0,0,0,14968,0,0,0
1743620967.001971,600855,21068471,0,nscratch,nscratch-ffffa03b0426b000,0,0,10355247390040,905049378378,0,0,98179,0,0,0,0,0,0,0,0,0,0,0,0,0,0,0,0,0,0,0,0,0,0,0,0,60771,0,0,0
1743620967.002040,600855,21068471,0,pscratch,pscratch-ffffa03b0861a000,0,0,219402878101,374678341559,0,0,30987,0,0,0,0,0,0,0,0,0,0,0,0,0,0,0,0,0,0,0,0,0,0,0,0,14968,0,0,0
1743620968.001319,600855,21068471,0,nscratch,nscratch-ffffa03b0426b000,0,0,10355247390040,905049378378,0,0,98179,0,0,0,0,0,0,0,0,0,0,0,0,0,0,0,0,0,0,0,0,0,0,0,0,60771,0,0,0
1743620968.001392,600855,21068471,0,pscratch,pscratch-ffffa03b0861a000,0,0,219402878101,374678341559,0,0,30987,0,0,0,0,0,0,0,0,0,0,0,0,0,0,0,0,0,0,0,0,0,0,0,0,14968,0,0,0
1743620969.001544,600855,21068471,0,nscratch,nscratch-ffffa03b0426b000,0,0,10355247390040,905049378378,0,0,98179,0,0,0,0,0,0,0,0,0,0,0,0,0,0,0,0,0,0,0,0,0,0,0,0,60771,0,0,0
1743620969.001611,600855,21068471,0,pscratch,pscratch-ffffa03b0861a000,0,0,219402878101,374678341559,0,0,30987,0,0,0,0,0,0,0,0,0,0,0,0,0,0,0,0,0,0,0,0,0,0,0,0,14968,0,0,0
1743620970.002021,600855,21068471,0,nscratch,nscratch-ffffa03b0426b000,0,0,10355247390040,905049378378,0,0,98179,0,0,0,0,0,0,0,0,0,0,0,0,0,0,0,0,0,0,0,0,0,0,0,0,60771,0,0,0
1743620970.002085,600855,21068471,0,pscratch,pscratch-ffffa03b0861a000,0,0,219402878101,374678341559,0,0,30987,0,0,0,0,0,0,0,0,0,0,0,0,0,0,0,0,0,0,0,0,0,0,0,0,14968,0,0,0
1743620971.001360,600855,21068471,0,nscratch,nscratch-ffffa03b0426b000,0,0,10355247390040,905049378378,0,0,98179,0,0,0,0,0,0,0,0,0,0,0,0,0,0,0,0,0,0,0,0,0,0,0,0,60771,0,0,0
1743620971.001426,600855,21068471,0,pscratch,pscratch-ffffa03b0861a000,0,0,219402878101,374678341559,0,0,30987,0,0,0,0,0,0,0,0,0,0,0,0,0,0,0,0,0,0,0,0,0,0,0,0,14968,0,0,0
1743620972.001577,600855,21068471,0,nscratch,nscratch-ffffa03b0426b000,0,0,10355247390040,905049378378,0,0,98179,0,0,0,0,0,0,0,0,0,0,0,0,0,0,0,0,0,0,0,0,0,0,0,0,60771,0,0,0
1743620972.001654,600855,21068471,0,pscratch,pscratch-ffffa03b0861a000,0,0,219402878101,374678341559,0,0,30987,0,0,0,0,0,0,0,0,0,0,0,0,0,0,0,0,0,0,0,0,0,0,0,0,14968,0,0,0
1743620973.002029,600855,21068471,0,nscratch,nscratch-ffffa03b0426b000,0,0,10355247390040,905049378378,0,0,98179,0,0,0,0,0,0,0,0,0,0,0,0,0,0,0,0,0,0,0,0,0,0,0,0,60771,0,0,0
1743620973.002096,600855,21068471,0,pscratch,pscratch-ffffa03b0861a000,0,0,219402878101,374678341559,0,0,30987,0,0,0,0,0,0,0,0,0,0,0,0,0,0,0,0,0,0,0,0,0,0,0,0,14968,0,0,0
1743620974.001379,600855,21068471,0,nscratch,nscratch-ffffa03b0426b000,0,0,10355247390040,905049378378,0,0,98179,0,0,0,0,0,0,0,0,0,0,0,0,0,0,0,0,0,0,0,0,0,0,0,0,60771,0,0,0
1743620974.001446,600855,21068471,0,pscratch,pscratch-ffffa03b0861a000,0,0,219402878101,374678341559,0,0,30987,0,0,0,0,0,0,0,0,0,0,0,0,0,0,0,0,0,0,0,0,0,0,0,0,14968,0,0,0
1743620975.001601,600855,21068471,0,nscratch,nscratch-ffffa03b0426b000,0,0,10355247390040,905049378378,0,0,98179,0,0,0,0,0,0,0,0,0,0,0,0,0,0,0,0,0,0,0,0,0,0,0,0,60771,0,0,0
1743620975.001674,600855,21068471,0,pscratch,pscratch-ffffa03b0861a000,0,0,219402878101,374678341559,0,0,30987,0,0,0,0,0,0,0,0,0,0,0,0,0,0,0,0,0,0,0,0,0,0,0,0,14968,0,0,0
1743620976.002050,600855,21068471,0,nscratch,nscratch-ffffa03b0426b000,0,0,10355247390040,905049378378,0,0,98179,0,0,0,0,0,0,0,0,0,0,0,0,0,0,0,0,0,0,0,0,0,0,0,0,60771,0,0,0
1743620976.002119,600855,21068471,0,pscratch,pscratch-ffffa03b0861a000,0,0,219402878101,374678341559,0,0,30987,0,0,0,0,0,0,0,0,0,0,0,0,0,0,0,0,0,0,0,0,0,0,0,0,14968,0,0,0
1743620977.001404,600855,21068471,0,nscratch,nscratch-ffffa03b0426b000,0,0,10355247390040,905049378378,0,0,98179,0,0,0,0,0,0,0,0,0,0,0,0,0,0,0,0,0,0,0,0,0,0,0,0,60771,0,0,0
1743620977.001470,600855,21068471,0,pscratch,pscratch-ffffa03b0861a000,0,0,219402878101,374678341559,0,0,30987,0,0,0,0,0,0,0,0,0,0,0,0,0,0,0,0,0,0,0,0,0,0,0,0,14968,0,0,0
1743620978.001632,600855,21068471,0,nscratch,nscratch-ffffa03b0426b000,0,0,10355247390040,905049378378,0,0,98179,0,0,0,0,0,0,0,0,0,0,0,0,0,0,0,0,0,0,0,0,0,0,0,0,60771,0,0,0
1743620978.001699,600855,21068471,0,pscratch,pscratch-ffffa03b0861a000,0,0,219402878101,374678341559,0,0,30987,0,0,0,0,0,0,0,0,0,0,0,0,0,0,0,0,0,0,0,0,0,0,0,0,14968,0,0,0
1743620979.002079,600855,21068471,0,nscratch,nscratch-ffffa03b0426b000,0,0,10355247390040,905049378378,0,0,98179,0,0,0,0,0,0,0,0,0,0,0,0,0,0,0,0,0,0,0,0,0,0,0,0,60771,0,0,0
1743620979.002148,600855,21068471,0,pscratch,pscratch-ffffa03b0861a000,0,0,219402878101,374678341559,0,0,30987,0,0,0,0,0,0,0,0,0,0,0,0,0,0,0,0,0,0,0,0,0,0,0,0,14968,0,0,0
1743620980.001431,600855,21068471,0,nscratch,nscratch-ffffa03b0426b000,0,0,10355247390040,905049378378,0,0,98179,0,0,0,0,0,0,0,0,0,0,0,0,0,0,0,0,0,0,0,0,0,0,0,0,60771,0,0,0
1743620980.001496,600855,21068471,0,pscratch,pscratch-ffffa03b0861a000,0,0,219402878101,374678341559,0,0,30987,0,0,0,0,0,0,0,0,0,0,0,0,0,0,0,0,0,0,0,0,0,0,0,0,14968,0,0,0
1743620981.001656,600855,21068471,0,nscratch,nscratch-ffffa03b0426b000,0,0,10355247390040,905049378378,0,0,98179,0,0,0,0,0,0,0,0,0,0,0,0,0,0,0,0,0,0,0,0,0,0,0,0,60771,0,0,0
1743620981.001724,600855,21068471,0,pscratch,pscratch-ffffa03b0861a000,0,0,219402878101,374678341559,0,0,30987,0,0,0,0,0,0,0,0,0,0,0,0,0,0,0,0,0,0,0,0,0,0,0,0,14968,0,0,0
1743620982.002099,600855,21068471,0,nscratch,nscratch-ffffa03b0426b000,0,0,10355247390040,905049378378,0,0,98179,0,0,0,0,0,0,0,0,0,0,0,0,0,0,0,0,0,0,0,0,0,0,0,0,60771,0,0,0
1743620982.002168,600855,21068471,0,pscratch,pscratch-ffffa03b0861a000,0,0,219402878101,374678341559,0,0,30987,0,0,0,0,0,0,0,0,0,0,0,0,0,0,0,0,0,0,0,0,0,0,0,0,14968,0,0,0
1743620983.001452,600855,21068471,0,nscratch,nscratch-ffffa03b0426b000,0,0,10355247390040,905049378378,0,0,98179,0,0,0,0,0,0,0,0,0,0,0,0,0,0,0,0,0,0,0,0,0,0,0,0,60771,0,0,0
1743620983.001518,600855,21068471,0,pscratch,pscratch-ffffa03b0861a000,0,0,219402878101,374678341559,0,0,30987,0,0,0,0,0,0,0,0,0,0,0,0,0,0,0,0,0,0,0,0,0,0,0,0,14968,0,0,0
1743620984.001675,600855,21068471,0,nscratch,nscratch-ffffa03b0426b000,0,0,10355247390040,905049378378,0,0,98179,0,0,0,0,0,0,0,0,0,0,0,0,0,0,0,0,0,0,0,0,0,0,0,0,60771,0,0,0
1743620984.001743,600855,21068471,0,pscratch,pscratch-ffffa03b0861a000,0,0,219402878101,374678341559,0,0,30987,0,0,0,0,0,0,0,0,0,0,0,0,0,0,0,0,0,0,0,0,0,0,0,0,14968,0,0,0
1743620985.002139,600855,21068471,0,nscratch,nscratch-ffffa03b0426b000,0,0,10355247390040,905049378378,0,0,98179,0,0,0,0,0,0,0,0,0,0,0,0,0,0,0,0,0,0,0,0,0,0,0,0,60771,0,0,0
1743620985.002208,600855,21068471,0,pscratch,pscratch-ffffa03b0861a000,0,0,219402878101,374678341559,0,0,30987,0,0,0,0,0,0,0,0,0,0,0,0,0,0,0,0,0,0,0,0,0,0,0,0,14968,0,0,0
1743620986.001485,600855,21068471,0,nscratch,nscratch-ffffa03b0426b000,0,0,10355247390040,905049378378,0,0,98179,0,0,0,0,0,0,0,0,0,0,0,0,0,0,0,0,0,0,0,0,0,0,0,0,60771,0,0,0
1743620986.001552,600855,21068471,0,pscratch,pscratch-ffffa03b0861a000,0,0,219402878101,374678341559,0,0,30987,0,0,0,0,0,0,0,0,0,0,0,0,0,0,0,0,0,0,0,0,0,0,0,0,14968,0,0,0
1743620987.001710,600855,21068471,0,nscratch,nscratch-ffffa03b0426b000,0,0,10355247390040,905049378378,0,0,98179,0,0,0,0,0,0,0,0,0,0,0,0,0,0,0,0,0,0,0,0,0,0,0,0,60771,0,0,0
1743620987.001787,600855,21068471,0,pscratch,pscratch-ffffa03b0861a000,0,0,219402878101,374678341559,0,0,30987,0,0,0,0,0,0,0,0,0,0,0,0,0,0,0,0,0,0,0,0,0,0,0,0,14968,0,0,0
1743620988.002171,600855,21068471,0,nscratch,nscratch-ffffa03b0426b000,0,0,10355247390040,905049378378,0,0,98179,0,0,0,0,0,0,0,0,0,0,0,0,0,0,0,0,0,0,0,0,0,0,0,0,60771,0,0,0
1743620988.002240,600855,21068471,0,pscratch,pscratch-ffffa03b0861a000,0,0,219402878101,374678341559,0,0,30987,0,0,0,0,0,0,0,0,0,0,0,0,0,0,0,0,0,0,0,0,0,0,0,0,14968,0,0,0
1743620989.001519,600855,21068471,0,nscratch,nscratch-ffffa03b0426b000,0,0,10355247390040,905049378378,0,0,98179,0,0,0,0,0,0,0,0,0,0,0,0,0,0,0,0,0,0,0,0,0,0,0,0,60771,0,0,0
1743620989.001601,600855,21068471,0,pscratch,pscratch-ffffa03b0861a000,0,0,219402878101,374678341559,0,0,30987,0,0,0,0,0,0,0,0,0,0,0,0,0,0,0,0,0,0,0,0,0,0,0,0,14968,0,0,0
1743620990.001766,600855,21068471,0,nscratch,nscratch-ffffa03b0426b000,0,0,10355247390040,905049378378,0,0,98179,0,0,0,0,0,0,0,0,0,0,0,0,0,0,0,0,0,0,0,0,0,0,0,0,60771,0,0,0
1743620990.001834,600855,21068471,0,pscratch,pscratch-ffffa03b0861a000,0,0,219402878101,374678341559,0,0,30987,0,0,0,0,0,0,0,0,0,0,0,0,0,0,0,0,0,0,0,0,0,0,0,0,14968,0,0,0
1743620991.002211,600855,21068471,0,nscratch,nscratch-ffffa03b0426b000,0,0,10355247390040,905049378378,0,0,98179,0,0,0,0,0,0,0,0,0,0,0,0,0,0,0,0,0,0,0,0,0,0,0,0,60771,0,0,0
1743620991.002275,600855,21068471,0,pscratch,pscratch-ffffa03b0861a000,0,0,219402878101,374678341559,0,0,30987,0,0,0,0,0,0,0,0,0,0,0,0,0,0,0,0,0,0,0,0,0,0,0,0,14968,0,0,0
1743620992.001580,600855,21068471,0,nscratch,nscratch-ffffa03b0426b000,0,0,10355247390040,905049378378,0,0,98179,0,0,0,0,0,0,0,0,0,0,0,0,0,0,0,0,0,0,0,0,0,0,0,0,60771,0,0,0
1743620992.001655,600855,21068471,0,pscratch,pscratch-ffffa03b0861a000,0,0,219402878101,374678341559,0,0,30987,0,0,0,0,0,0,0,0,0,0,0,0,0,0,0,0,0,0,0,0,0,0,0,0,14968,0,0,0
1743620993.001788,600855,21068471,0,nscratch,nscratch-ffffa03b0426b000,0,0,10355247390040,905049378378,0,0,98179,0,0,0,0,0,0,0,0,0,0,0,0,0,0,0,0,0,0,0,0,0,0,0,0,60771,0,0,0
1743620993.001855,600855,21068471,0,pscratch,pscratch-ffffa03b0861a000,0,0,219402878101,374678341559,0,0,30987,0,0,0,0,0,0,0,0,0,0,0,0,0,0,0,0,0,0,0,0,0,0,0,0,14968,0,0,0
1743620994.002232,600855,21068471,0,nscratch,nscratch-ffffa03b0426b000,0,0,10355247390040,905049378378,0,0,98179,0,0,0,0,0,0,0,0,0,0,0,0,0,0,0,0,0,0,0,0,0,0,0,0,60771,0,0,0
1743620994.002297,600855,21068471,0,pscratch,pscratch-ffffa03b0861a000,0,0,219402878101,374678341559,0,0,30987,0,0,0,0,0,0,0,0,0,0,0,0,0,0,0,0,0,0,0,0,0,0,0,0,14968,0,0,0
1743620995.001544,600855,21068471,0,nscratch,nscratch-ffffa03b0426b000,0,0,10355247390040,905049378378,0,0,98179,0,0,0,0,0,0,0,0,0,0,0,0,0,0,0,0,0,0,0,0,0,0,0,0,60771,0,0,0
1743620995.001610,600855,21068471,0,pscratch,pscratch-ffffa03b0861a000,0,0,219402878101,374678341559,0,0,30987,0,0,0,0,0,0,0,0,0,0,0,0,0,0,0,0,0,0,0,0,0,0,0,0,14968,0,0,0
1743620996.001770,600855,21068471,0,nscratch,nscratch-ffffa03b0426b000,0,0,10355247390040,905049378378,0,0,98179,0,0,0,0,0,0,0,0,0,0,0,0,0,0,0,0,0,0,0,0,0,0,0,0,60771,0,0,0
1743620996.001837,600855,21068471,0,pscratch,pscratch-ffffa03b0861a000,0,0,219402878101,374678341559,0,0,30987,0,0,0,0,0,0,0,0,0,0,0,0,0,0,0,0,0,0,0,0,0,0,0,0,14968,0,0,0
1743620997.001885,600855,21068471,0,nscratch,nscratch-ffffa03b0426b000,0,0,10355247390040,905049378378,0,0,98179,0,0,0,0,0,0,0,0,0,0,0,0,0,0,0,0,0,0,0,0,0,0,0,0,60771,0,0,0
1743620997.001961,600855,21068471,0,pscratch,pscratch-ffffa03b0861a000,0,0,219402878101,374678341559,0,0,30987,0,0,0,0,0,0,0,0,0,0,0,0,0,0,0,0,0,0,0,0,0,0,0,0,14968,0,0,0
1743620998.002246,600855,21068471,0,nscratch,nscratch-ffffa03b0426b000,0,0,10355247390040,905049378378,0,0,98179,0,0,0,0,0,0,0,0,0,0,0,0,0,0,0,0,0,0,0,0,0,0,0,0,60771,0,0,0
1743620998.002312,600855,21068471,0,pscratch,pscratch-ffffa03b0861a000,0,0,219402878101,374678341559,0,0,30987,0,0,0,0,0,0,0,0,0,0,0,0,0,0,0,0,0,0,0,0,0,0,0,0,14968,0,0,0
1743620999.001460,600855,21068471,0,nscratch,nscratch-ffffa03b0426b000,0,0,10355247390040,905049378378,0,0,98179,0,0,0,0,0,0,0,0,0,0,0,0,0,0,0,0,0,0,0,0,0,0,0,0,60771,0,0,0
1743620999.001530,600855,21068471,0,pscratch,pscratch-ffffa03b0861a000,0,0,219402878101,374678341559,0,0,30987,0,0,0,0,0,0,0,0,0,0,0,0,0,0,0,0,0,0,0,0,0,0,0,0,14968,0,0,0
1743621000.001924,600855,21068471,0,nscratch,nscratch-ffffa03b0426b000,0,0,10355247390040,905049378378,0,0,98179,0,0,0,0,0,0,0,0,0,0,0,0,0,0,0,0,0,0,0,0,0,0,0,0,60771,0,0,0
1743621000.002004,600855,21068471,0,pscratch,pscratch-ffffa03b0861a000,0,0,219402878101,374678341559,0,0,30987,0,0,0,0,0,0,0,0,0,0,0,0,0,0,0,0,0,0,0,0,0,0,0,0,14968,0,0,0
1743621001.001283,600855,21068471,0,nscratch,nscratch-ffffa03b0426b000,0,0,10355247390040,905049378378,0,0,98179,0,0,0,0,0,0,0,0,0,0,0,0,0,0,0,0,0,0,0,0,0,0,0,0,60771,0,0,0
1743621001.001350,600855,21068471,0,pscratch,pscratch-ffffa03b0861a000,0,0,219402878101,374678341559,0,0,30987,0,0,0,0,0,0,0,0,0,0,0,0,0,0,0,0,0,0,0,0,0,0,0,0,14968,0,0,0
1743621002.000769,600855,21068471,0,nscratch,nscratch-ffffa03b0426b000,0,0,10355247390040,905049378378,0,0,98179,0,0,0,0,0,0,0,0,0,0,0,0,0,0,0,0,0,0,0,0,0,0,0,0,60771,0,0,0
1743621002.000836,600855,21068471,0,pscratch,pscratch-ffffa03b0861a000,0,0,219402878101,374678341559,0,0,30987,0,0,0,0,0,0,0,0,0,0,0,0,0,0,0,0,0,0,0,0,0,0,0,0,14968,0,0,0
1743621003.002205,600855,21068471,0,nscratch,nscratch-ffffa03b0426b000,0,0,10355247390040,905049378378,0,0,98179,0,0,0,0,0,0,0,0,0,0,0,0,0,0,0,0,0,0,0,0,0,0,0,0,60771,0,0,0
1743621003.002275,600855,21068471,0,pscratch,pscratch-ffffa03b0861a000,0,0,219402878101,374678341559,0,0,30987,0,0,0,0,0,0,0,0,0,0,0,0,0,0,0,0,0,0,0,0,0,0,0,0,14968,0,0,0
1743621004.001556,600855,21068471,0,nscratch,nscratch-ffffa03b0426b000,0,0,10355247390040,905049378378,0,0,98179,0,0,0,0,0,0,0,0,0,0,0,0,0,0,0,0,0,0,0,0,0,0,0,0,60771,0,0,0
1743621004.001632,600855,21068471,0,pscratch,pscratch-ffffa03b0861a000,0,0,219402878101,374678341559,0,0,30987,0,0,0,0,0,0,0,0,0,0,0,0,0,0,0,0,0,0,0,0,0,0,0,0,14968,0,0,0
1743621005.001787,600855,21068471,0,nscratch,nscratch-ffffa03b0426b000,0,0,10355247390040,905049378378,0,0,98179,0,0,0,0,0,0,0,0,0,0,0,0,0,0,0,0,0,0,0,0,0,0,0,0,60771,0,0,0
1743621005.001855,600855,21068471,0,pscratch,pscratch-ffffa03b0861a000,0,0,219402878101,374678341559,0,0,30987,0,0,0,0,0,0,0,0,0,0,0,0,0,0,0,0,0,0,0,0,0,0,0,0,14968,0,0,0
1743621006.002232,600855,21068471,0,nscratch,nscratch-ffffa03b0426b000,0,0,10355247390040,905049378378,0,0,98179,0,0,0,0,0,0,0,0,0,0,0,0,0,0,0,0,0,0,0,0,0,0,0,0,60771,0,0,0
1743621006.002298,600855,21068471,0,pscratch,pscratch-ffffa03b0861a000,0,0,219402878101,374678341559,0,0,30987,0,0,0,0,0,0,0,0,0,0,0,0,0,0,0,0,0,0,0,0,0,0,0,0,14968,0,0,0
1743621007.001581,600855,21068471,0,nscratch,nscratch-ffffa03b0426b000,0,0,10355247390040,905049378378,0,0,98179,0,0,0,0,0,0,0,0,0,0,0,0,0,0,0,0,0,0,0,0,0,0,0,0,60771,0,0,0
1743621007.001657,600855,21068471,0,pscratch,pscratch-ffffa03b0861a000,0,0,219402878101,374678341559,0,0,30987,0,0,0,0,0,0,0,0,0,0,0,0,0,0,0,0,0,0,0,0,0,0,0,0,14968,0,0,0
1743621008.001778,600855,21068471,0,nscratch,nscratch-ffffa03b0426b000,0,0,10355247390040,905049378378,0,0,98179,0,0,0,0,0,0,0,0,0,0,0,0,0,0,0,0,0,0,0,0,0,0,0,0,60771,0,0,0
1743621008.001846,600855,21068471,0,pscratch,pscratch-ffffa03b0861a000,0,0,219402878101,374678341559,0,0,30987,0,0,0,0,0,0,0,0,0,0,0,0,0,0,0,0,0,0,0,0,0,0,0,0,14968,0,0,0
1743621009.002239,600855,21068471,0,nscratch,nscratch-ffffa03b0426b000,0,0,10355247390040,905049378378,0,0,98179,0,0,0,0,0,0,0,0,0,0,0,0,0,0,0,0,0,0,0,0,0,0,0,0,60771,0,0,0
1743621009.002306,600855,21068471,0,pscratch,pscratch-ffffa03b0861a000,0,0,219402878101,374678341559,0,0,30987,0,0,0,0,0,0,0,0,0,0,0,0,0,0,0,0,0,0,0,0,0,0,0,0,14968,0,0,0
1743621010.001588,600855,21068471,0,nscratch,nscratch-ffffa03b0426b000,0,0,10355247390040,905049378378,0,0,98179,0,0,0,0,0,0,0,0,0,0,0,0,0,0,0,0,0,0,0,0,0,0,0,0,60771,0,0,0
1743621010.001667,600855,21068471,0,pscratch,pscratch-ffffa03b0861a000,0,0,219402878101,374678341559,0,0,30987,0,0,0,0,0,0,0,0,0,0,0,0,0,0,0,0,0,0,0,0,0,0,0,0,14968,0,0,0
1743621011.001817,600855,21068471,0,nscratch,nscratch-ffffa03b0426b000,0,0,10355247390040,905049378378,0,0,98179,0,0,0,0,0,0,0,0,0,0,0,0,0,0,0,0,0,0,0,0,0,0,0,0,60771,0,0,0
1743621011.001884,600855,21068471,0,pscratch,pscratch-ffffa03b0861a000,0,0,219402878101,374678341559,0,0,30987,0,0,0,0,0,0,0,0,0,0,0,0,0,0,0,0,0,0,0,0,0,0,0,0,14968,0,0,0
1743621012.001265,600855,21068471,0,nscratch,nscratch-ffffa03b0426b000,0,0,10355247390040,905049378378,0,0,98179,0,0,0,0,0,0,0,0,0,0,0,0,0,0,0,0,0,0,0,0,0,0,0,0,60771,0,0,0
1743621012.001331,600855,21068471,0,pscratch,pscratch-ffffa03b0861a000,0,0,219402878101,374678341559,0,0,30987,0,0,0,0,0,0,0,0,0,0,0,0,0,0,0,0,0,0,0,0,0,0,0,0,14968,0,0,0
1743621013.001609,600855,21068471,0,nscratch,nscratch-ffffa03b0426b000,0,0,10355247390040,905049378378,0,0,98179,0,0,0,0,0,0,0,0,0,0,0,0,0,0,0,0,0,0,0,0,0,0,0,0,60771,0,0,0
1743621013.001681,600855,21068471,0,pscratch,pscratch-ffffa03b0861a000,0,0,219402878101,374678341559,0,0,30987,0,0,0,0,0,0,0,0,0,0,0,0,0,0,0,0,0,0,0,0,0,0,0,0,14968,0,0,0
1743621014.001802,600855,21068471,0,nscratch,nscratch-ffffa03b0426b000,0,0,10355247390040,905049378378,0,0,98179,0,0,0,0,0,0,0,0,0,0,0,0,0,0,0,0,0,0,0,0,0,0,0,0,60771,0,0,0
1743621014.001868,600855,21068471,0,pscratch,pscratch-ffffa03b0861a000,0,0,219402878101,374678341559,0,0,30987,0,0,0,0,0,0,0,0,0,0,0,0,0,0,0,0,0,0,0,0,0,0,0,0,14968,0,0,0
1743621015.002238,600855,21068471,0,nscratch,nscratch-ffffa03b0426b000,0,0,10355247390040,905049378378,0,0,98179,0,0,0,0,0,0,0,0,0,0,0,0,0,0,0,0,0,0,0,0,0,0,0,0,60771,0,0,0
1743621015.002306,600855,21068471,0,pscratch,pscratch-ffffa03b0861a000,0,0,219402878101,374678341559,0,0,30987,0,0,0,0,0,0,0,0,0,0,0,0,0,0,0,0,0,0,0,0,0,0,0,0,14968,0,0,0
1743621016.001589,600855,21068471,0,nscratch,nscratch-ffffa03b0426b000,0,0,10355247390040,905049378378,0,0,98179,0,0,0,0,0,0,0,0,0,0,0,0,0,0,0,0,0,0,0,0,0,0,0,0,60771,0,0,0
1743621016.001663,600855,21068471,0,pscratch,pscratch-ffffa03b0861a000,0,0,219402878101,374678341559,0,0,30987,0,0,0,0,0,0,0,0,0,0,0,0,0,0,0,0,0,0,0,0,0,0,0,0,14968,0,0,0
1743621017.001814,600855,21068471,0,nscratch,nscratch-ffffa03b0426b000,0,0,10355247390040,905049378378,0,0,98179,0,0,0,0,0,0,0,0,0,0,0,0,0,0,0,0,0,0,0,0,0,0,0,0,60771,0,0,0
1743621017.001883,600855,21068471,0,pscratch,pscratch-ffffa03b0861a000,0,0,219402878101,374678341559,0,0,30987,0,0,0,0,0,0,0,0,0,0,0,0,0,0,0,0,0,0,0,0,0,0,0,0,14968,0,0,0
1743621018.001256,600855,21068471,0,nscratch,nscratch-ffffa03b0426b000,0,0,10355247390040,905049378378,0,0,98179,0,0,0,0,0,0,0,0,0,0,0,0,0,0,0,0,0,0,0,0,0,0,0,0,60771,0,0,0
1743621018.001326,600855,21068471,0,pscratch,pscratch-ffffa03b0861a000,0,0,219402878101,374678341559,0,0,30987,0,0,0,0,0,0,0,0,0,0,0,0,0,0,0,0,0,0,0,0,0,0,0,0,14968,0,0,0
1743621019.001607,600855,21068471,0,nscratch,nscratch-ffffa03b0426b000,0,0,10355247390040,905049378378,0,0,98179,0,0,0,0,0,0,0,0,0,0,0,0,0,0,0,0,0,0,0,0,0,0,0,0,60771,0,0,0
1743621019.001683,600855,21068471,0,pscratch,pscratch-ffffa03b0861a000,0,0,219402878101,374678341559,0,0,30987,0,0,0,0,0,0,0,0,0,0,0,0,0,0,0,0,0,0,0,0,0,0,0,0,14968,0,0,0
1743621020.001834,600855,21068471,0,nscratch,nscratch-ffffa03b0426b000,0,0,10355247390040,905049378378,0,0,98179,0,0,0,0,0,0,0,0,0,0,0,0,0,0,0,0,0,0,0,0,0,0,0,0,60771,0,0,0
1743621020.001903,600855,21068471,0,pscratch,pscratch-ffffa03b0861a000,0,0,219402878101,374678341559,0,0,30987,0,0,0,0,0,0,0,0,0,0,0,0,0,0,0,0,0,0,0,0,0,0,0,0,14968,0,0,0
1743621021.001272,600855,21068471,0,nscratch,nscratch-ffffa03b0426b000,0,0,10355247390040,905049378378,0,0,98179,0,0,0,0,0,0,0,0,0,0,0,0,0,0,0,0,0,0,0,0,0,0,0,0,60771,0,0,0
1743621021.001339,600855,21068471,0,pscratch,pscratch-ffffa03b0861a000,0,0,219402878101,374678341559,0,0,30987,0,0,0,0,0,0,0,0,0,0,0,0,0,0,0,0,0,0,0,0,0,0,0,0,14968,0,0,0
1743621022.001632,600855,21068471,0,nscratch,nscratch-ffffa03b0426b000,0,0,10355247390040,905049378378,0,0,98179,0,0,0,0,0,0,0,0,0,0,0,0,0,0,0,0,0,0,0,0,0,0,0,0,60771,0,0,0
1743621022.001700,600855,21068471,0,pscratch,pscratch-ffffa03b0861a000,0,0,219402878101,374678341559,0,0,30987,0,0,0,0,0,0,0,0,0,0,0,0,0,0,0,0,0,0,0,0,0,0,0,0,14968,0,0,0
1743621023.001852,600855,21068471,0,nscratch,nscratch-ffffa03b0426b000,0,0,10355247390040,905049378378,0,0,98179,0,0,0,0,0,0,0,0,0,0,0,0,0,0,0,0,0,0,0,0,0,0,0,0,60771,0,0,0
1743621023.001923,600855,21068471,0,pscratch,pscratch-ffffa03b0861a000,0,0,219402878101,374678341559,0,0,30987,0,0,0,0,0,0,0,0,0,0,0,0,0,0,0,0,0,0,0,0,0,0,0,0,14968,0,0,0
1743621024.001292,600855,21068471,0,nscratch,nscratch-ffffa03b0426b000,0,0,10355247390040,905049378378,0,0,98179,0,0,0,0,0,0,0,0,0,0,0,0,0,0,0,0,0,0,0,0,0,0,0,0,60771,0,0,0
1743621024.001385,600855,21068471,0,pscratch,pscratch-ffffa03b0861a000,0,0,219402878101,374678341559,0,0,30987,0,0,0,0,0,0,0,0,0,0,0,0,0,0,0,0,0,0,0,0,0,0,0,0,14968,0,0,0
1743621025.001679,600855,21068471,0,nscratch,nscratch-ffffa03b0426b000,0,0,10355247390040,905049378378,0,0,98179,0,0,0,0,0,0,0,0,0,0,0,0,0,0,0,0,0,0,0,0,0,0,0,0,60771,0,0,0
1743621025.001765,600855,21068471,0,pscratch,pscratch-ffffa03b0861a000,0,0,219402878101,374678341559,0,0,30987,0,0,0,0,0,0,0,0,0,0,0,0,0,0,0,0,0,0,0,0,0,0,0,0,14968,0,0,0
1743621026.001916,600855,21068471,0,nscratch,nscratch-ffffa03b0426b000,0,0,10355247390040,905049378378,0,0,98179,0,0,0,0,0,0,0,0,0,0,0,0,0,0,0,0,0,0,0,0,0,0,0,0,60771,0,0,0
1743621026.001983,600855,21068471,0,pscratch,pscratch-ffffa03b0861a000,0,0,219402878101,374678341559,0,0,30987,0,0,0,0,0,0,0,0,0,0,0,0,0,0,0,0,0,0,0,0,0,0,0,0,14968,0,0,0
1743621027.001384,600855,21068471,0,nscratch,nscratch-ffffa03b0426b000,0,0,10355247390040,905049378378,0,0,98179,0,0,0,0,0,0,0,0,0,0,0,0,0,0,0,0,0,0,0,0,0,0,0,0,60771,0,0,0
1743621027.001450,600855,21068471,0,pscratch,pscratch-ffffa03b0861a000,0,0,219402878101,374678341559,0,0,30987,0,0,0,0,0,0,0,0,0,0,0,0,0,0,0,0,0,0,0,0,0,0,0,0,14968,0,0,0
1743621028.001757,600855,21068471,0,nscratch,nscratch-ffffa03b0426b000,0,0,10355247390040,905049378378,0,0,98179,0,0,0,0,0,0,0,0,0,0,0,0,0,0,0,0,0,0,0,0,0,0,0,0,60771,0,0,0
1743621028.001824,600855,21068471,0,pscratch,pscratch-ffffa03b0861a000,0,0,219402878101,374678341559,0,0,30987,0,0,0,0,0,0,0,0,0,0,0,0,0,0,0,0,0,0,0,0,0,0,0,0,14968,0,0,0
1743621029.001972,600855,21068471,0,nscratch,nscratch-ffffa03b0426b000,0,0,10355247390040,905049378378,0,0,98179,0,0,0,0,0,0,0,0,0,0,0,0,0,0,0,0,0,0,0,0,0,0,0,0,60771,0,0,0
1743621029.002054,600855,21068471,0,pscratch,pscratch-ffffa03b0861a000,0,0,219402878101,374678341559,0,0,30987,0,0,0,0,0,0,0,0,0,0,0,0,0,0,0,0,0,0,0,0,0,0,0,0,14968,0,0,0
1743621030.001390,600855,21068471,0,nscratch,nscratch-ffffa03b0426b000,0,0,10355247390040,905049378378,0,0,98179,0,0,0,0,0,0,0,0,0,0,0,0,0,0,0,0,0,0,0,0,0,0,0,0,60771,0,0,0
1743621030.001459,600855,21068471,0,pscratch,pscratch-ffffa03b0861a000,0,0,219402878101,374678341559,0,0,30987,0,0,0,0,0,0,0,0,0,0,0,0,0,0,0,0,0,0,0,0,0,0,0,0,14968,0,0,0
1743621031.001761,600855,21068471,0,nscratch,nscratch-ffffa03b0426b000,0,0,10355247390040,905049378378,0,0,98179,0,0,0,0,0,0,0,0,0,0,0,0,0,0,0,0,0,0,0,0,0,0,0,0,60771,0,0,0
1743621031.001828,600855,21068471,0,pscratch,pscratch-ffffa03b0861a000,0,0,219402878101,374678341559,0,0,30987,0,0,0,0,0,0,0,0,0,0,0,0,0,0,0,0,0,0,0,0,0,0,0,0,14968,0,0,0
1743621032.001982,600855,21068471,0,nscratch,nscratch-ffffa03b0426b000,0,0,10355247390040,905049378378,0,0,98179,0,0,0,0,0,0,0,0,0,0,0,0,0,0,0,0,0,0,0,0,0,0,0,0,60771,0,0,0
1743621032.002052,600855,21068471,0,pscratch,pscratch-ffffa03b0861a000,0,0,219402878101,374678341559,0,0,30987,0,0,0,0,0,0,0,0,0,0,0,0,0,0,0,0,0,0,0,0,0,0,0,0,14968,0,0,0
1743621033.001449,600855,21068471,0,nscratch,nscratch-ffffa03b0426b000,0,0,10355247390040,905049378378,0,0,98179,0,0,0,0,0,0,0,0,0,0,0,0,0,0,0,0,0,0,0,0,0,0,0,0,60771,0,0,0
1743621033.001513,600855,21068471,0,pscratch,pscratch-ffffa03b0861a000,0,0,219402878101,374678341559,0,0,30987,0,0,0,0,0,0,0,0,0,0,0,0,0,0,0,0,0,0,0,0,0,0,0,0,14968,0,0,0
1743621034.001829,600855,21068471,0,nscratch,nscratch-ffffa03b0426b000,0,0,10355247390040,905049378378,0,0,98179,0,0,0,0,0,0,0,0,0,0,0,0,0,0,0,0,0,0,0,0,0,0,0,0,60771,0,0,0
1743621034.001898,600855,21068471,0,pscratch,pscratch-ffffa03b0861a000,0,0,219402878101,374678341559,0,0,30987,0,0,0,0,0,0,0,0,0,0,0,0,0,0,0,0,0,0,0,0,0,0,0,0,14968,0,0,0
1743621035.002025,600855,21068471,0,nscratch,nscratch-ffffa03b0426b000,0,0,10355247390040,905049378378,0,0,98179,0,0,0,0,0,0,0,0,0,0,0,0,0,0,0,0,0,0,0,0,0,0,0,0,60771,0,0,0
1743621035.002093,600855,21068471,0,pscratch,pscratch-ffffa03b0861a000,0,0,219402878101,374678341559,0,0,30987,0,0,0,0,0,0,0,0,0,0,0,0,0,0,0,0,0,0,0,0,0,0,0,0,14968,0,0,0
1743621036.001457,600855,21068471,0,nscratch,nscratch-ffffa03b0426b000,0,0,10355247390040,905049378378,0,0,98179,0,0,0,0,0,0,0,0,0,0,0,0,0,0,0,0,0,0,0,0,0,0,0,0,60771,0,0,0
1743621036.001524,600855,21068471,0,pscratch,pscratch-ffffa03b0861a000,0,0,219402878101,374678341559,0,0,30987,0,0,0,0,0,0,0,0,0,0,0,0,0,0,0,0,0,0,0,0,0,0,0,0,14968,0,0,0
1743621037.001817,600855,21068471,0,nscratch,nscratch-ffffa03b0426b000,0,0,10355247390040,905049378378,0,0,98179,0,0,0,0,0,0,0,0,0,0,0,0,0,0,0,0,0,0,0,0,0,0,0,0,60771,0,0,0
1743621037.001886,600855,21068471,0,pscratch,pscratch-ffffa03b0861a000,0,0,219402878101,374678341559,0,0,30987,0,0,0,0,0,0,0,0,0,0,0,0,0,0,0,0,0,0,0,0,0,0,0,0,14968,0,0,0
1743621038.002047,600855,21068471,0,nscratch,nscratch-ffffa03b0426b000,0,0,10355247390040,905049378378,0,0,98179,0,0,0,0,0,0,0,0,0,0,0,0,0,0,0,0,0,0,0,0,0,0,0,0,60771,0,0,0
1743621038.002114,600855,21068471,0,pscratch,pscratch-ffffa03b0861a000,0,0,219402878101,374678341559,0,0,30987,0,0,0,0,0,0,0,0,0,0,0,0,0,0,0,0,0,0,0,0,0,0,0,0,14968,0,0,0
1743621039.001484,600855,21068471,0,nscratch,nscratch-ffffa03b0426b000,0,0,10355247390040,905049378378,0,0,98179,0,0,0,0,0,0,0,0,0,0,0,0,0,0,0,0,0,0,0,0,0,0,0,0,60771,0,0,0
1743621039.001551,600855,21068471,0,pscratch,pscratch-ffffa03b0861a000,0,0,219402878101,374678341559,0,0,30987,0,0,0,0,0,0,0,0,0,0,0,0,0,0,0,0,0,0,0,0,0,0,0,0,14968,0,0,0
1743621040.001807,600855,21068471,0,nscratch,nscratch-ffffa03b0426b000,0,0,10355247390040,905049378378,0,0,98179,0,0,0,0,0,0,0,0,0,0,0,0,0,0,0,0,0,0,0,0,0,0,0,0,60771,0,0,0
1743621040.001871,600855,21068471,0,pscratch,pscratch-ffffa03b0861a000,0,0,219402878101,374678341559,0,0,30987,0,0,0,0,0,0,0,0,0,0,0,0,0,0,0,0,0,0,0,0,0,0,0,0,14968,0,0,0
1743621041.002022,600855,21068471,0,nscratch,nscratch-ffffa03b0426b000,0,0,10355247390040,905049378378,0,0,98179,0,0,0,0,0,0,0,0,0,0,0,0,0,0,0,0,0,0,0,0,0,0,0,0,60771,0,0,0
1743621041.002099,600855,21068471,0,pscratch,pscratch-ffffa03b0861a000,0,0,219402878101,374678341559,0,0,30987,0,0,0,0,0,0,0,0,0,0,0,0,0,0,0,0,0,0,0,0,0,0,0,0,14968,0,0,0
1743621042.001466,600855,21068471,0,nscratch,nscratch-ffffa03b0426b000,0,0,10355247390040,905049378378,0,0,98179,0,0,0,0,0,0,0,0,0,0,0,0,0,0,0,0,0,0,0,0,0,0,0,0,60771,0,0,0
1743621042.001533,600855,21068471,0,pscratch,pscratch-ffffa03b0861a000,0,0,219402878101,374678341559,0,0,30987,0,0,0,0,0,0,0,0,0,0,0,0,0,0,0,0,0,0,0,0,0,0,0,0,14968,0,0,0
1743621043.001836,600855,21068471,0,nscratch,nscratch-ffffa03b0426b000,0,0,10355247390040,905049378378,0,0,98179,0,0,0,0,0,0,0,0,0,0,0,0,0,0,0,0,0,0,0,0,0,0,0,0,60771,0,0,0
1743621043.001905,600855,21068471,0,pscratch,pscratch-ffffa03b0861a000,0,0,219402878101,374678341559,0,0,30987,0,0,0,0,0,0,0,0,0,0,0,0,0,0,0,0,0,0,0,0,0,0,0,0,14968,0,0,0
1743621044.002059,600855,21068471,0,nscratch,nscratch-ffffa03b0426b000,0,0,10355247390040,905049378378,0,0,98179,0,0,0,0,0,0,0,0,0,0,0,0,0,0,0,0,0,0,0,0,0,0,0,0,60771,0,0,0
1743621044.002129,600855,21068471,0,pscratch,pscratch-ffffa03b0861a000,0,0,219402878101,374678341559,0,0,30987,0,0,0,0,0,0,0,0,0,0,0,0,0,0,0,0,0,0,0,0,0,0,0,0,14968,0,0,0
1743621045.001503,600855,21068471,0,nscratch,nscratch-ffffa03b0426b000,0,0,10355247390040,905049378378,0,0,98179,0,0,0,0,0,0,0,0,0,0,0,0,0,0,0,0,0,0,0,0,0,0,0,0,60771,0,0,0
1743621045.001570,600855,21068471,0,pscratch,pscratch-ffffa03b0861a000,0,0,219402878101,374678341559,0,0,30987,0,0,0,0,0,0,0,0,0,0,0,0,0,0,0,0,0,0,0,0,0,0,0,0,14968,0,0,0
1743621046.001863,600855,21068471,0,nscratch,nscratch-ffffa03b0426b000,0,0,10355247390040,905049378378,0,0,98179,0,0,0,0,0,0,0,0,0,0,0,0,0,0,0,0,0,0,0,0,0,0,0,0,60771,0,0,0
1743621046.001931,600855,21068471,0,pscratch,pscratch-ffffa03b0861a000,0,0,219402878101,374678341559,0,0,30987,0,0,0,0,0,0,0,0,0,0,0,0,0,0,0,0,0,0,0,0,0,0,0,0,14968,0,0,0
1743621047.002081,600855,21068471,0,nscratch,nscratch-ffffa03b0426b000,0,0,10355247390040,905049378378,0,0,98179,0,0,0,0,0,0,0,0,0,0,0,0,0,0,0,0,0,0,0,0,0,0,0,0,60771,0,0,0
1743621047.002149,600855,21068471,0,pscratch,pscratch-ffffa03b0861a000,0,0,219402878101,374678341559,0,0,30987,0,0,0,0,0,0,0,0,0,0,0,0,0,0,0,0,0,0,0,0,0,0,0,0,14968,0,0,0
1743621048.001529,600855,21068471,0,nscratch,nscratch-ffffa03b0426b000,0,0,10355247390040,905049378378,0,0,98179,0,0,0,0,0,0,0,0,0,0,0,0,0,0,0,0,0,0,0,0,0,0,0,0,60771,0,0,0
1743621048.001598,600855,21068471,0,pscratch,pscratch-ffffa03b0861a000,0,0,219402878101,374678341559,0,0,30987,0,0,0,0,0,0,0,0,0,0,0,0,0,0,0,0,0,0,0,0,0,0,0,0,14968,0,0,0
1743621049.001881,600855,21068471,0,nscratch,nscratch-ffffa03b0426b000,0,0,10355247390040,905049378378,0,0,98179,0,0,0,0,0,0,0,0,0,0,0,0,0,0,0,0,0,0,0,0,0,0,0,0,60771,0,0,0
1743621049.001949,600855,21068471,0,pscratch,pscratch-ffffa03b0861a000,0,0,219402878101,374678341559,0,0,30987,0,0,0,0,0,0,0,0,0,0,0,0,0,0,0,0,0,0,0,0,0,0,0,0,14968,0,0,0
1743621050.002105,600855,21068471,0,nscratch,nscratch-ffffa03b0426b000,0,0,10355247390040,905049378378,0,0,98179,0,0,0,0,0,0,0,0,0,0,0,0,0,0,0,0,0,0,0,0,0,0,0,0,60771,0,0,0
1743621050.002176,600855,21068471,0,pscratch,pscratch-ffffa03b0861a000,0,0,219402878101,374678341559,0,0,30987,0,0,0,0,0,0,0,0,0,0,0,0,0,0,0,0,0,0,0,0,0,0,0,0,14968,0,0,0
1743621051.001539,600855,21068471,0,nscratch,nscratch-ffffa03b0426b000,0,0,10355247390040,905049378378,0,0,98179,0,0,0,0,0,0,0,0,0,0,0,0,0,0,0,0,0,0,0,0,0,0,0,0,60771,0,0,0
1743621051.001605,600855,21068471,0,pscratch,pscratch-ffffa03b0861a000,0,0,219402878101,374678341559,0,0,30987,0,0,0,0,0,0,0,0,0,0,0,0,0,0,0,0,0,0,0,0,0,0,0,0,14968,0,0,0
1743621052.001898,600855,21068471,0,nscratch,nscratch-ffffa03b0426b000,0,0,10355247390040,905049378378,0,0,98179,0,0,0,0,0,0,0,0,0,0,0,0,0,0,0,0,0,0,0,0,0,0,0,0,60771,0,0,0
1743621052.001966,600855,21068471,0,pscratch,pscratch-ffffa03b0861a000,0,0,219402878101,374678341559,0,0,30987,0,0,0,0,0,0,0,0,0,0,0,0,0,0,0,0,0,0,0,0,0,0,0,0,14968,0,0,0
1743621053.002119,600855,21068471,0,nscratch,nscratch-ffffa03b0426b000,0,0,10355247390040,905049378378,0,0,98179,0,0,0,0,0,0,0,0,0,0,0,0,0,0,0,0,0,0,0,0,0,0,0,0,60771,0,0,0
1743621053.002186,600855,21068471,0,pscratch,pscratch-ffffa03b0861a000,0,0,219402878101,374678341559,0,0,30987,0,0,0,0,0,0,0,0,0,0,0,0,0,0,0,0,0,0,0,0,0,0,0,0,14968,0,0,0
1743621054.001557,600855,21068471,0,nscratch,nscratch-ffffa03b0426b000,0,0,10355247390040,905049378378,0,0,98179,0,0,0,0,0,0,0,0,0,0,0,0,0,0,0,0,0,0,0,0,0,0,0,0,60771,0,0,0
1743621054.001635,600855,21068471,0,pscratch,pscratch-ffffa03b0861a000,0,0,219402878101,374678341559,0,0,30987,0,0,0,0,0,0,0,0,0,0,0,0,0,0,0,0,0,0,0,0,0,0,0,0,14968,0,0,0
1743621055.001922,600855,21068471,0,nscratch,nscratch-ffffa03b0426b000,0,0,10355247390040,905049378378,0,0,98179,0,0,0,0,0,0,0,0,0,0,0,0,0,0,0,0,0,0,0,0,0,0,0,0,60771,0,0,0
1743621055.001988,600855,21068471,0,pscratch,pscratch-ffffa03b0861a000,0,0,219402878101,374678341559,0,0,30987,0,0,0,0,0,0,0,0,0,0,0,0,0,0,0,0,0,0,0,0,0,0,0,0,14968,0,0,0
1743621056.002138,600855,21068471,0,nscratch,nscratch-ffffa03b0426b000,0,0,10355247390040,905049378378,0,0,98179,0,0,0,0,0,0,0,0,0,0,0,0,0,0,0,0,0,0,0,0,0,0,0,0,60771,0,0,0
1743621056.002204,600855,21068471,0,pscratch,pscratch-ffffa03b0861a000,0,0,219402878101,374678341559,0,0,30987,0,0,0,0,0,0,0,0,0,0,0,0,0,0,0,0,0,0,0,0,0,0,0,0,14968,0,0,0
1743621057.001572,600855,21068471,0,nscratch,nscratch-ffffa03b0426b000,0,0,10355247390040,905049378378,0,0,98179,0,0,0,0,0,0,0,0,0,0,0,0,0,0,0,0,0,0,0,0,0,0,0,0,60771,0,0,0
1743621057.001647,600855,21068471,0,pscratch,pscratch-ffffa03b0861a000,0,0,219402878101,374678341559,0,0,30987,0,0,0,0,0,0,0,0,0,0,0,0,0,0,0,0,0,0,0,0,0,0,0,0,14968,0,0,0
1743621058.001930,600855,21068471,0,nscratch,nscratch-ffffa03b0426b000,0,0,10355247390040,905049378378,0,0,98179,0,0,0,0,0,0,0,0,0,0,0,0,0,0,0,0,0,0,0,0,0,0,0,0,60771,0,0,0
1743621058.001997,600855,21068471,0,pscratch,pscratch-ffffa03b0861a000,0,0,219402878101,374678341559,0,0,30987,0,0,0,0,0,0,0,0,0,0,0,0,0,0,0,0,0,0,0,0,0,0,0,0,14968,0,0,0
1743621059.002146,600855,21068471,0,nscratch,nscratch-ffffa03b0426b000,0,0,10355247390040,905049378378,0,0,98179,0,0,0,0,0,0,0,0,0,0,0,0,0,0,0,0,0,0,0,0,0,0,0,0,60771,0,0,0
1743621059.002218,600855,21068471,0,pscratch,pscratch-ffffa03b0861a000,0,0,219402878101,374678341559,0,0,30987,0,0,0,0,0,0,0,0,0,0,0,0,0,0,0,0,0,0,0,0,0,0,0,0,14968,0,0,0
1743621060.001592,600855,21068471,0,nscratch,nscratch-ffffa03b0426b000,0,0,10355247390040,905049378378,0,0,98179,0,0,0,0,0,0,0,0,0,0,0,0,0,0,0,0,0,0,0,0,0,0,0,0,60771,0,0,0
1743621060.001668,600855,21068471,0,pscratch,pscratch-ffffa03b0861a000,0,0,219402878101,374678341559,0,0,30987,0,0,0,0,0,0,0,0,0,0,0,0,0,0,0,0,0,0,0,0,0,0,0,0,14968,0,0,0
1743621061.001956,600855,21068471,0,nscratch,nscratch-ffffa03b0426b000,0,0,10355247390040,905049378378,0,0,98179,0,0,0,0,0,0,0,0,0,0,0,0,0,0,0,0,0,0,0,0,0,0,0,0,60771,0,0,0
1743621061.002025,600855,21068471,0,pscratch,pscratch-ffffa03b0861a000,0,0,219402878101,374678341559,0,0,30987,0,0,0,0,0,0,0,0,0,0,0,0,0,0,0,0,0,0,0,0,0,0,0,0,14968,0,0,0
1743621062.001181,600855,21068471,0,nscratch,nscratch-ffffa03b0426b000,0,0,10355247390040,905049378378,0,0,98179,0,0,0,0,0,0,0,0,0,0,0,0,0,0,0,0,0,0,0,0,0,0,0,0,60771,0,0,0
1743621062.001247,600855,21068471,0,pscratch,pscratch-ffffa03b0861a000,0,0,219402878101,374678341559,0,0,30987,0,0,0,0,0,0,0,0,0,0,0,0,0,0,0,0,0,0,0,0,0,0,0,0,14968,0,0,0
1743621063.001662,600855,21068471,0,nscratch,nscratch-ffffa03b0426b000,0,0,10355247390040,905049378378,0,0,98179,0,0,0,0,0,0,0,0,0,0,0,0,0,0,0,0,0,0,0,0,0,0,0,0,60771,0,0,0
1743621063.001732,600855,21068471,0,pscratch,pscratch-ffffa03b0861a000,0,0,219402878101,374678341559,0,0,30987,0,0,0,0,0,0,0,0,0,0,0,0,0,0,0,0,0,0,0,0,0,0,0,0,14968,0,0,0
1743621064.002015,600855,21068471,0,nscratch,nscratch-ffffa03b0426b000,0,0,10355247390040,905049378378,0,0,98179,0,0,0,0,0,0,0,0,0,0,0,0,0,0,0,0,0,0,0,0,0,0,0,0,60771,0,0,0
1743621064.002084,600855,21068471,0,pscratch,pscratch-ffffa03b0861a000,0,0,219402878101,374678341559,0,0,30987,0,0,0,0,0,0,0,0,0,0,0,0,0,0,0,0,0,0,0,0,0,0,0,0,14968,0,0,0
1743621065.001232,600855,21068471,0,nscratch,nscratch-ffffa03b0426b000,0,0,10355247390040,905049378378,0,0,98179,0,0,0,0,0,0,0,0,0,0,0,0,0,0,0,0,0,0,0,0,0,0,0,0,60771,0,0,0
1743621065.001300,600855,21068471,0,pscratch,pscratch-ffffa03b0861a000,0,0,219402878101,374678341559,0,0,30987,0,0,0,0,0,0,0,0,0,0,0,0,0,0,0,0,0,0,0,0,0,0,0,0,14968,0,0,0
1743621066.001680,600855,21068471,0,nscratch,nscratch-ffffa03b0426b000,0,0,10355247390040,905049378378,0,0,98179,0,0,0,0,0,0,0,0,0,0,0,0,0,0,0,0,0,0,0,0,0,0,0,0,60771,0,0,0
1743621066.001748,600855,21068471,0,pscratch,pscratch-ffffa03b0861a000,0,0,219402878101,374678341559,0,0,30987,0,0,0,0,0,0,0,0,0,0,0,0,0,0,0,0,0,0,0,0,0,0,0,0,14968,0,0,0
1743621067.002014,600855,21068471,0,nscratch,nscratch-ffffa03b0426b000,0,0,10355247390040,905049378378,0,0,98179,0,0,0,0,0,0,0,0,0,0,0,0,0,0,0,0,0,0,0,0,0,0,0,0,60771,0,0,0
1743621067.002078,600855,21068471,0,pscratch,pscratch-ffffa03b0861a000,0,0,219402878101,374678341559,0,0,30987,0,0,0,0,0,0,0,0,0,0,0,0,0,0,0,0,0,0,0,0,0,0,0,0,14968,0,0,0
1743621068.001225,600855,21068471,0,nscratch,nscratch-ffffa03b0426b000,0,0,10355247390040,905049378378,0,0,98179,0,0,0,0,0,0,0,0,0,0,0,0,0,0,0,0,0,0,0,0,0,0,0,0,60771,0,0,0
1743621068.001292,600855,21068471,0,pscratch,pscratch-ffffa03b0861a000,0,0,219402878101,374678341559,0,0,30987,0,0,0,0,0,0,0,0,0,0,0,0,0,0,0,0,0,0,0,0,0,0,0,0,14968,0,0,0
1743621069.002007,600855,21068471,0,nscratch,nscratch-ffffa03b0426b000,0,0,10355247390040,905049378378,0,0,98179,0,0,0,0,0,0,0,0,0,0,0,0,0,0,0,0,0,0,0,0,0,0,0,0,60771,0,0,0
1743621069.002112,600855,21068471,0,pscratch,pscratch-ffffa03b0861a000,0,0,219402878101,374678341559,0,0,30987,0,0,0,0,0,0,0,0,0,0,0,0,0,0,0,0,0,0,0,0,0,0,0,0,14968,0,0,0
1743621070.001416,600855,21068471,0,nscratch,nscratch-ffffa03b0426b000,0,0,10355247390040,905049378378,0,0,98179,0,0,0,0,0,0,0,0,0,0,0,0,0,0,0,0,0,0,0,0,0,0,0,0,60771,0,0,0
1743621070.001477,600855,21068471,0,pscratch,pscratch-ffffa03b0861a000,0,0,219402878101,374678341559,0,0,30987,0,0,0,0,0,0,0,0,0,0,0,0,0,0,0,0,0,0,0,0,0,0,0,0,14968,0,0,0
1743621071.000823,600855,21068471,0,nscratch,nscratch-ffffa03b0426b000,0,0,10355247390040,905049378378,0,0,98179,0,0,0,0,0,0,0,0,0,0,0,0,0,0,0,0,0,0,0,0,0,0,0,0,60771,0,0,0
1743621071.000901,600855,21068471,0,pscratch,pscratch-ffffa03b0861a000,0,0,219402878101,374678341559,0,0,30987,0,0,0,0,0,0,0,0,0,0,0,0,0,0,0,0,0,0,0,0,0,0,0,0,14968,0,0,0
1743621072.001464,600855,21068471,0,nscratch,nscratch-ffffa03b0426b000,0,0,10355247390040,905049378378,0,0,98179,0,0,0,0,0,0,0,0,0,0,0,0,0,0,0,0,0,0,0,0,0,0,0,0,60771,0,0,0
1743621072.001594,600855,21068471,0,pscratch,pscratch-ffffa03b0861a000,0,0,219402878101,374678341559,0,0,30987,0,0,0,0,0,0,0,0,0,0,0,0,0,0,0,0,0,0,0,0,0,0,0,0,14968,0,0,0
1743621073.002085,600855,21068471,0,nscratch,nscratch-ffffa03b0426b000,0,0,10355247390040,905049378378,0,0,98179,0,0,0,0,0,0,0,0,0,0,0,0,0,0,0,0,0,0,0,0,0,0,0,0,60771,0,0,0
1743621073.002198,600855,21068471,0,pscratch,pscratch-ffffa03b0861a000,0,0,219402878101,374678341559,0,0,30987,0,0,0,0,0,0,0,0,0,0,0,0,0,0,0,0,0,0,0,0,0,0,0,0,14968,0,0,0
1743621074.001374,600855,21068471,0,nscratch,nscratch-ffffa03b0426b000,0,0,10355247390040,905049378378,0,0,98179,0,0,0,0,0,0,0,0,0,0,0,0,0,0,0,0,0,0,0,0,0,0,0,0,60771,0,0,0
1743621074.001449,600855,21068471,0,pscratch,pscratch-ffffa03b0861a000,0,0,219402878101,374678341559,0,0,30987,0,0,0,0,0,0,0,0,0,0,0,0,0,0,0,0,0,0,0,0,0,0,0,0,14968,0,0,0
1743621075.002008,600855,21068471,0,nscratch,nscratch-ffffa03b0426b000,0,0,10355247390040,905049378378,0,0,98179,0,0,0,0,0,0,0,0,0,0,0,0,0,0,0,0,0,0,0,0,0,0,0,0,60771,0,0,0
1743621075.002077,600855,21068471,0,pscratch,pscratch-ffffa03b0861a000,0,0,219402878101,374678341559,0,0,30987,0,0,0,0,0,0,0,0,0,0,0,0,0,0,0,0,0,0,0,0,0,0,0,0,14968,0,0,0
1743621076.001597,600855,21068471,0,nscratch,nscratch-ffffa03b0426b000,0,0,10355247390040,905049378378,0,0,98179,0,0,0,0,0,0,0,0,0,0,0,0,0,0,0,0,0,0,0,0,0,0,0,0,60771,0,0,0
1743621076.001712,600855,21068471,0,pscratch,pscratch-ffffa03b0861a000,0,0,219402878101,374678341559,0,0,30987,0,0,0,0,0,0,0,0,0,0,0,0,0,0,0,0,0,0,0,0,0,0,0,0,14968,0,0,0
1743621077.001877,600855,21068471,0,nscratch,nscratch-ffffa03b0426b000,0,0,10355247390040,905049378378,0,0,98179,0,0,0,0,0,0,0,0,0,0,0,0,0,0,0,0,0,0,0,0,0,0,0,0,60771,0,0,0
1743621077.001964,600855,21068471,0,pscratch,pscratch-ffffa03b0861a000,0,0,219402878101,374678341559,0,0,30987,0,0,0,0,0,0,0,0,0,0,0,0,0,0,0,0,0,0,0,0,0,0,0,0,14968,0,0,0
1743621078.001408,600855,21068471,0,nscratch,nscratch-ffffa03b0426b000,0,0,10355247390040,905049378378,0,0,98179,0,0,0,0,0,0,0,0,0,0,0,0,0,0,0,0,0,0,0,0,0,0,0,0,60771,0,0,0
1743621078.001473,600855,21068471,0,pscratch,pscratch-ffffa03b0861a000,0,0,219402878101,374678341559,0,0,30987,0,0,0,0,0,0,0,0,0,0,0,0,0,0,0,0,0,0,0,0,0,0,0,0,14968,0,0,0
1743621079.001851,600855,21068471,0,nscratch,nscratch-ffffa03b0426b000,0,0,10355247390040,905049378378,0,0,98179,0,0,0,0,0,0,0,0,0,0,0,0,0,0,0,0,0,0,0,0,0,0,0,0,60771,0,0,0
1743621079.001919,600855,21068471,0,pscratch,pscratch-ffffa03b0861a000,0,0,219402878101,374678341559,0,0,30987,0,0,0,0,0,0,0,0,0,0,0,0,0,0,0,0,0,0,0,0,0,0,0,0,14968,0,0,0
1743621080.002158,600855,21068471,0,nscratch,nscratch-ffffa03b0426b000,0,0,10355247390040,905049378378,0,0,98179,0,0,0,0,0,0,0,0,0,0,0,0,0,0,0,0,0,0,0,0,0,0,0,0,60771,0,0,0
1743621080.002321,600855,21068471,0,pscratch,pscratch-ffffa03b0861a000,0,0,219402878101,374678341559,0,0,30987,0,0,0,0,0,0,0,0,0,0,0,0,0,0,0,0,0,0,0,0,0,0,0,0,14968,0,0,0
