timestamp,component_id,job_id,app_id,fs_name,llite,dirty_pages_hits,dirty_pages_misses,read_bytes.sum,write_bytes.sum,brw_read.sum,brw_write.sum,ioctl,open,close,mmap,page_fault,page_mkwrite,seek,fsync,readdir,setattr,truncate,flock,getattr,create,link,unlink,symlink,mkdir,rmdir,mknod,rename,statfs,alloc_inode,setxattr,getxattr,getxattr_hits,listxattr,removexattr,inode_permission
1744061761.001792,600004,21131157,0,nscratch,nscratch-ffff9e3a24612000,0,0,1214706139355,114567275080,0,0,175125,0,0,0,0,0,0,0,0,0,0,0,0,0,0,0,0,0,0,0,0,0,0,0,0,113482,0,0,0
1744061761.001909,600004,21131157,0,pscratch,pscratch-ffff9e2aa9933800,0,0,2591997609047,988530307803,0,0,275187,0,0,0,0,0,0,0,0,0,0,0,0,0,0,0,0,0,0,0,0,0,0,0,0,503310,0,0,0
1744061762.002182,600004,21131157,0,nscratch,nscratch-ffff9e3a24612000,0,0,1214706139355,114567275080,0,0,175125,0,0,0,0,0,0,0,0,0,0,0,0,0,0,0,0,0,0,0,0,0,0,0,0,113482,0,0,0
1744061762.002257,600004,21131157,0,pscratch,pscratch-ffff9e2aa9933800,0,0,2591997609047,988530307803,0,0,275187,0,0,0,0,0,0,0,0,0,0,0,0,0,0,0,0,0,0,0,0,0,0,0,0,503310,0,0,0
1744061763.001426,600004,21131157,0,nscratch,nscratch-ffff9e3a24612000,0,0,1214706139355,114567275080,0,0,175125,0,0,0,0,0,0,0,0,0,0,0,0,0,0,0,0,0,0,0,0,0,0,0,0,113482,0,0,0
1744061763.001502,600004,21131157,0,pscratch,pscratch-ffff9e2aa9933800,0,0,2591997609047,988530307803,0,0,275187,0,0,0,0,0,0,0,0,0,0,0,0,0,0,0,0,0,0,0,0,0,0,0,0,503310,0,0,0
1744061764.001950,600004,21131157,0,nscratch,nscratch-ffff9e3a24612000,0,0,1214706139355,114567275080,0,0,175125,0,0,0,0,0,0,0,0,0,0,0,0,0,0,0,0,0,0,0,0,0,0,0,0,113482,0,0,0
1744061764.002029,600004,21131157,0,pscratch,pscratch-ffff9e2aa9933800,0,0,2591997609047,988530307803,0,0,275187,0,0,0,0,0,0,0,0,0,0,0,0,0,0,0,0,0,0,0,0,0,0,0,0,503310,0,0,0
1744061765.001579,600004,21131157,0,nscratch,nscratch-ffff9e3a24612000,0,0,1214706139355,114567275080,0,0,175125,0,0,0,0,0,0,0,0,0,0,0,0,0,0,0,0,0,0,0,0,0,0,0,0,113482,0,0,0
1744061765.001653,600004,21131157,0,pscratch,pscratch-ffff9e2aa9933800,0,0,2591997625367,988530307803,0,0,275188,0,0,0,0,0,0,0,0,0,0,0,0,0,0,0,0,0,0,0,0,0,0,0,0,503310,0,0,0
1744061766.001880,600004,21131157,0,nscratch,nscratch-ffff9e3a24612000,0,0,1214706139355,114567275080,0,0,175125,0,0,0,0,0,0,0,0,0,0,0,0,0,0,0,0,0,0,0,0,0,0,0,0,113482,0,0,0
1744061766.001979,600004,21131157,0,pscratch,pscratch-ffff9e2aa9933800,0,0,2591997625367,988530307803,0,0,275188,0,0,0,0,0,0,0,0,0,0,0,0,0,0,0,0,0,0,0,0,0,0,0,0,503310,0,0,0
1744061767.001600,600004,21131157,0,nscratch,nscratch-ffff9e3a24612000,0,0,1214706139355,114567275080,0,0,175125,0,0,0,0,0,0,0,0,0,0,0,0,0,0,0,0,0,0,0,0,0,0,0,0,113482,0,0,0
1744061767.001690,600004,21131157,0,pscratch,pscratch-ffff9e2aa9933800,0,0,2592017961163,988530373604,0,0,275230,0,0,0,0,0,0,0,0,0,0,0,0,0,0,0,0,0,0,0,0,0,0,0,0,503310,0,0,0
1744061768.002012,600004,21131157,0,nscratch,nscratch-ffff9e3a24612000,0,0,1214706139355,114567275080,0,0,175125,0,0,0,0,0,0,0,0,0,0,0,0,0,0,0,0,0,0,0,0,0,0,0,0,113482,0,0,0
1744061768.002103,600004,21131157,0,pscratch,pscratch-ffff9e2aa9933800,0,0,2592017961163,988530373604,0,0,275230,0,0,0,0,0,0,0,0,0,0,0,0,0,0,0,0,0,0,0,0,0,0,0,0,503310,0,0,0
1744061769.001383,600004,21131157,0,nscratch,nscratch-ffff9e3a24612000,0,0,1214706139355,114567275080,0,0,175125,0,0,0,0,0,0,0,0,0,0,0,0,0,0,0,0,0,0,0,0,0,0,0,0,113482,0,0,0
1744061769.001458,600004,21131157,0,pscratch,pscratch-ffff9e2aa9933800,0,0,2592017961163,988530373604,0,0,275230,0,0,0,0,0,0,0,0,0,0,0,0,0,0,0,0,0,0,0,0,0,0,0,0,503310,0,0,0
1744061770.001855,600004,21131157,0,nscratch,nscratch-ffff9e3a24612000,0,0,1214706139355,114567275080,0,0,175125,0,0,0,0,0,0,0,0,0,0,0,0,0,0,0,0,0,0,0,0,0,0,0,0,113482,0,0,0
1744061770.001937,600004,21131157,0,pscratch,pscratch-ffff9e2aa9933800,0,0,2592018016931,988530388879,0,0,275230,0,0,0,0,0,0,0,0,0,0,0,0,0,0,0,0,0,0,0,0,0,0,0,0,503310,0,0,0
1744061771.002226,600004,21131157,0,nscratch,nscratch-ffff9e3a24612000,0,0,1214706139355,114567275080,0,0,175125,0,0,0,0,0,0,0,0,0,0,0,0,0,0,0,0,0,0,0,0,0,0,0,0,113482,0,0,0
1744061771.002314,600004,21131157,0,pscratch,pscratch-ffff9e2aa9933800,0,0,2592023819963,988530839327,0,0,275278,0,0,0,0,0,0,0,0,0,0,0,0,0,0,0,0,0,0,0,0,0,0,0,0,503310,0,0,0
1744061772.001588,600004,21131157,0,nscratch,nscratch-ffff9e3a24612000,0,0,1214706139355,114567275080,0,0,175125,0,0,0,0,0,0,0,0,0,0,0,0,0,0,0,0,0,0,0,0,0,0,0,0,113482,0,0,0
1744061772.001689,600004,21131157,0,pscratch,pscratch-ffff9e2aa9933800,0,0,2592023819963,988530839327,0,0,275278,0,0,0,0,0,0,0,0,0,0,0,0,0,0,0,0,0,0,0,0,0,0,0,0,503310,0,0,0
1744061773.002059,600004,21131157,0,nscratch,nscratch-ffff9e3a24612000,0,0,1214706139355,114567275080,0,0,175125,0,0,0,0,0,0,0,0,0,0,0,0,0,0,0,0,0,0,0,0,0,0,0,0,113482,0,0,0
1744061773.002135,600004,21131157,0,pscratch,pscratch-ffff9e2aa9933800,0,0,2592023819963,988530840576,0,0,275278,0,0,0,0,0,0,0,0,0,0,0,0,0,0,0,0,0,0,0,0,0,0,0,0,503310,0,0,0
1744061774.001640,600004,21131157,0,nscratch,nscratch-ffff9e3a24612000,0,0,1214706139355,114567275080,0,0,175125,0,0,0,0,0,0,0,0,0,0,0,0,0,0,0,0,0,0,0,0,0,0,0,0,113482,0,0,0
1744061774.001715,600004,21131157,0,pscratch,pscratch-ffff9e2aa9933800,0,0,2592023819963,988530842253,0,0,275278,0,0,0,0,0,0,0,0,0,0,0,0,0,0,0,0,0,0,0,0,0,0,0,0,503310,0,0,0
1744061775.001862,600004,21131157,0,nscratch,nscratch-ffff9e3a24612000,0,0,1214706139355,114567275080,0,0,175125,0,0,0,0,0,0,0,0,0,0,0,0,0,0,0,0,0,0,0,0,0,0,0,0,113482,0,0,0
1744061775.001939,600004,21131157,0,pscratch,pscratch-ffff9e2aa9933800,0,0,2592023819963,988530850059,0,0,275278,0,0,0,0,0,0,0,0,0,0,0,0,0,0,0,0,0,0,0,0,0,0,0,0,503310,0,0,0
1744061776.001308,600004,21131157,0,nscratch,nscratch-ffff9e3a24612000,0,0,1214706139355,114567275080,0,0,175125,0,0,0,0,0,0,0,0,0,0,0,0,0,0,0,0,0,0,0,0,0,0,0,0,113482,0,0,0
1744061776.001381,600004,21131157,0,pscratch,pscratch-ffff9e2aa9933800,0,0,2592023819963,988530863752,0,0,275278,0,0,0,0,0,0,0,0,0,0,0,0,0,0,0,0,0,0,0,0,0,0,0,0,503310,0,0,0
1744061777.001694,600004,21131157,0,nscratch,nscratch-ffff9e3a24612000,0,0,1214706139355,114567275080,0,0,175125,0,0,0,0,0,0,0,0,0,0,0,0,0,0,0,0,0,0,0,0,0,0,0,0,113482,0,0,0
1744061777.001769,600004,21131157,0,pscratch,pscratch-ffff9e2aa9933800,0,0,2592023819963,988530877831,0,0,275278,0,0,0,0,0,0,0,0,0,0,0,0,0,0,0,0,0,0,0,0,0,0,0,0,503310,0,0,0
1744061778.001919,600004,21131157,0,nscratch,nscratch-ffff9e3a24612000,0,0,1214706139355,114567275080,0,0,175125,0,0,0,0,0,0,0,0,0,0,0,0,0,0,0,0,0,0,0,0,0,0,0,0,113482,0,0,0
1744061778.001995,600004,21131157,0,pscratch,pscratch-ffff9e2aa9933800,0,0,2592023819963,988530890725,0,0,275278,0,0,0,0,0,0,0,0,0,0,0,0,0,0,0,0,0,0,0,0,0,0,0,0,503310,0,0,0
1744061779.001428,600004,21131157,0,nscratch,nscratch-ffff9e3a24612000,0,0,1214706139355,114567275080,0,0,175125,0,0,0,0,0,0,0,0,0,0,0,0,0,0,0,0,0,0,0,0,0,0,0,0,113482,0,0,0
1744061779.001503,600004,21131157,0,pscratch,pscratch-ffff9e2aa9933800,0,0,2592023819963,988530908705,0,0,275278,0,0,0,0,0,0,0,0,0,0,0,0,0,0,0,0,0,0,0,0,0,0,0,0,503310,0,0,0
1744061780.001795,600004,21131157,0,nscratch,nscratch-ffff9e3a24612000,0,0,1214706139355,114567275080,0,0,175125,0,0,0,0,0,0,0,0,0,0,0,0,0,0,0,0,0,0,0,0,0,0,0,0,113482,0,0,0
1744061780.001886,600004,21131157,0,pscratch,pscratch-ffff9e2aa9933800,0,0,2592023819963,988530922977,0,0,275278,0,0,0,0,0,0,0,0,0,0,0,0,0,0,0,0,0,0,0,0,0,0,0,0,503310,0,0,0
1744061781.002037,600004,21131157,0,nscratch,nscratch-ffff9e3a24612000,0,0,1214706139355,114567275080,0,0,175125,0,0,0,0,0,0,0,0,0,0,0,0,0,0,0,0,0,0,0,0,0,0,0,0,113482,0,0,0
1744061781.002117,600004,21131157,0,pscratch,pscratch-ffff9e2aa9933800,0,0,2592023819963,988530937294,0,0,275278,0,0,0,0,0,0,0,0,0,0,0,0,0,0,0,0,0,0,0,0,0,0,0,0,503310,0,0,0
1744061782.001624,600004,21131157,0,nscratch,nscratch-ffff9e3a24612000,0,0,1214706139355,114567275080,0,0,175125,0,0,0,0,0,0,0,0,0,0,0,0,0,0,0,0,0,0,0,0,0,0,0,0,113482,0,0,0
1744061782.001750,600004,21131157,0,pscratch,pscratch-ffff9e2aa9933800,0,0,2592023819963,988530992146,0,0,275310,0,0,0,0,0,0,0,0,0,0,0,0,0,0,0,0,0,0,0,0,0,0,0,0,503310,0,0,0
1744061783.002191,600004,21131157,0,nscratch,nscratch-ffff9e3a24612000,0,0,1214706139355,114567275080,0,0,175125,0,0,0,0,0,0,0,0,0,0,0,0,0,0,0,0,0,0,0,0,0,0,0,0,113482,0,0,0
1744061783.002282,600004,21131157,0,pscratch,pscratch-ffff9e2aa9933800,0,0,2592023819963,988531231862,0,0,275438,0,0,0,0,0,0,0,0,0,0,0,0,0,0,0,0,0,0,0,0,0,0,0,0,503310,0,0,0
1744061784.001423,600004,21131157,0,nscratch,nscratch-ffff9e3a24612000,0,0,1214706139355,114567275080,0,0,175125,0,0,0,0,0,0,0,0,0,0,0,0,0,0,0,0,0,0,0,0,0,0,0,0,113482,0,0,0
1744061784.001509,600004,21131157,0,pscratch,pscratch-ffff9e2aa9933800,0,0,2592023819963,988531516431,0,0,275566,0,0,0,0,0,0,0,0,0,0,0,0,0,0,0,0,0,0,0,0,0,0,0,0,503310,0,0,0
1744061785.001909,600004,21131157,0,nscratch,nscratch-ffff9e3a24612000,0,0,1214706139355,114567275080,0,0,175125,0,0,0,0,0,0,0,0,0,0,0,0,0,0,0,0,0,0,0,0,0,0,0,0,113482,0,0,0
1744061785.002005,600004,21131157,0,pscratch,pscratch-ffff9e2aa9933800,0,0,2592023819963,988531804105,0,0,275710,0,0,0,0,0,0,0,0,0,0,0,0,0,0,0,0,0,0,0,0,0,0,0,0,503310,0,0,0
1744061786.001345,600004,21131157,0,nscratch,nscratch-ffff9e3a24612000,0,0,1214706139355,114567275080,0,0,175125,0,0,0,0,0,0,0,0,0,0,0,0,0,0,0,0,0,0,0,0,0,0,0,0,113482,0,0,0
1744061786.001428,600004,21131157,0,pscratch,pscratch-ffff9e2aa9933800,0,0,2592023819963,988532154264,0,0,275854,0,0,0,0,0,0,0,0,0,0,0,0,0,0,0,0,0,0,0,0,0,0,0,0,503310,0,0,0
1744061787.001578,600004,21131157,0,nscratch,nscratch-ffff9e3a24612000,0,0,1214706139355,114567275080,0,0,175125,0,0,0,0,0,0,0,0,0,0,0,0,0,0,0,0,0,0,0,0,0,0,0,0,113482,0,0,0
1744061787.001665,600004,21131157,0,pscratch,pscratch-ffff9e2aa9933800,0,0,2592023819963,988532460072,0,0,275998,0,0,0,0,0,0,0,0,0,0,0,0,0,0,0,0,0,0,0,0,0,0,0,0,503310,0,0,0
1744061788.002244,600004,21131157,0,nscratch,nscratch-ffff9e3a24612000,0,0,1214706139355,114567275080,0,0,175125,0,0,0,0,0,0,0,0,0,0,0,0,0,0,0,0,0,0,0,0,0,0,0,0,113482,0,0,0
1744061788.002324,600004,21131157,0,pscratch,pscratch-ffff9e2aa9933800,0,0,2592032120771,988533019790,0,0,276110,0,0,0,0,0,0,0,0,0,0,0,0,0,0,0,0,0,0,0,0,0,0,0,0,503310,0,0,0
1744061789.001764,600004,21131157,0,nscratch,nscratch-ffff9e3a24612000,0,0,1214706139355,114567275080,0,0,175125,0,0,0,0,0,0,0,0,0,0,0,0,0,0,0,0,0,0,0,0,0,0,0,0,113482,0,0,0
1744061789.001885,600004,21131157,0,pscratch,pscratch-ffff9e2aa9933800,0,0,2592032536659,988533038795,0,0,276110,0,0,0,0,0,0,0,0,0,0,0,0,0,0,0,0,0,0,0,0,0,0,0,0,503310,0,0,0
1744061790.002043,600004,21131157,0,nscratch,nscratch-ffff9e3a24612000,0,0,1214706139355,114567275080,0,0,175125,0,0,0,0,0,0,0,0,0,0,0,0,0,0,0,0,0,0,0,0,0,0,0,0,113482,0,0,0
1744061790.002163,600004,21131157,0,pscratch,pscratch-ffff9e2aa9933800,0,0,2592093316923,988598650956,0,0,276110,0,0,0,0,0,0,0,0,0,0,0,0,0,0,0,0,0,0,0,0,0,0,0,0,503310,0,0,0
1744061791.001682,600004,21131157,0,nscratch,nscratch-ffff9e3a24612000,0,0,1214706139355,114567275080,0,0,175125,0,0,0,0,0,0,0,0,0,0,0,0,0,0,0,0,0,0,0,0,0,0,0,0,113482,0,0,0
1744061791.001763,600004,21131157,0,pscratch,pscratch-ffff9e2aa9933800,0,0,2592093316923,988598869169,0,0,276110,0,0,0,0,0,0,0,0,0,0,0,0,0,0,0,0,0,0,0,0,0,0,0,0,503310,0,0,0
1744061792.002042,600004,21131157,0,nscratch,nscratch-ffff9e3a24612000,0,0,1214706139355,114567275080,0,0,175125,0,0,0,0,0,0,0,0,0,0,0,0,0,0,0,0,0,0,0,0,0,0,0,0,113482,0,0,0
1744061792.002117,600004,21131157,0,pscratch,pscratch-ffff9e2aa9933800,0,0,2592093316923,988598875023,0,0,276110,0,0,0,0,0,0,0,0,0,0,0,0,0,0,0,0,0,0,0,0,0,0,0,0,503310,0,0,0
1744061793.001390,600004,21131157,0,nscratch,nscratch-ffff9e3a24612000,0,0,1214706139355,114567275080,0,0,175125,0,0,0,0,0,0,0,0,0,0,0,0,0,0,0,0,0,0,0,0,0,0,0,0,113482,0,0,0
1744061793.001471,600004,21131157,0,pscratch,pscratch-ffff9e2aa9933800,0,0,2592093316923,988599095398,0,0,276110,0,0,0,0,0,0,0,0,0,0,0,0,0,0,0,0,0,0,0,0,0,0,0,0,503310,0,0,0
1744061794.001883,600004,21131157,0,nscratch,nscratch-ffff9e3a24612000,0,0,1214706139355,114567275080,0,0,175125,0,0,0,0,0,0,0,0,0,0,0,0,0,0,0,0,0,0,0,0,0,0,0,0,113482,0,0,0
1744061794.001968,600004,21131157,0,pscratch,pscratch-ffff9e2aa9933800,0,0,2592093316923,988599100832,0,0,276110,0,0,0,0,0,0,0,0,0,0,0,0,0,0,0,0,0,0,0,0,0,0,0,0,503310,0,0,0
1744061795.002277,600004,21131157,0,nscratch,nscratch-ffff9e3a24612000,0,0,1214706139355,114567275080,0,0,175125,0,0,0,0,0,0,0,0,0,0,0,0,0,0,0,0,0,0,0,0,0,0,0,0,113482,0,0,0
1744061795.002356,600004,21131157,0,pscratch,pscratch-ffff9e2aa9933800,0,0,2592093316923,988599147200,0,0,276110,0,0,0,0,0,0,0,0,0,0,0,0,0,0,0,0,0,0,0,0,0,0,0,0,503310,0,0,0
1744061796.001517,600004,21131157,0,nscratch,nscratch-ffff9e3a24612000,0,0,1214706139355,114567275080,0,0,175125,0,0,0,0,0,0,0,0,0,0,0,0,0,0,0,0,0,0,0,0,0,0,0,0,113482,0,0,0
1744061796.001595,600004,21131157,0,pscratch,pscratch-ffff9e2aa9933800,0,0,2592093316923,988599334427,0,0,276110,0,0,0,0,0,0,0,0,0,0,0,0,0,0,0,0,0,0,0,0,0,0,0,0,503310,0,0,0
1744061797.002093,600004,21131157,0,nscratch,nscratch-ffff9e3a24612000,0,0,1214706139355,114567275080,0,0,175125,0,0,0,0,0,0,0,0,0,0,0,0,0,0,0,0,0,0,0,0,0,0,0,0,113482,0,0,0
1744061797.002172,600004,21131157,0,pscratch,pscratch-ffff9e2aa9933800,0,0,2592135533299,988648274998,0,0,276110,0,0,0,0,0,0,0,0,0,0,0,0,0,0,0,0,0,0,0,0,0,0,0,0,503310,0,0,0
1744061798.001533,600004,21131157,0,nscratch,nscratch-ffff9e3a24612000,0,0,1214706139355,114567275080,0,0,175125,0,0,0,0,0,0,0,0,0,0,0,0,0,0,0,0,0,0,0,0,0,0,0,0,113482,0,0,0
1744061798.001611,600004,21131157,0,pscratch,pscratch-ffff9e2aa9933800,0,0,2592135533299,988648490002,0,0,276110,0,0,0,0,0,0,0,0,0,0,0,0,0,0,0,0,0,0,0,0,0,0,0,0,503310,0,0,0
1744061799.001852,600004,21131157,0,nscratch,nscratch-ffff9e3a24612000,0,0,1214706139355,114567275080,0,0,175125,0,0,0,0,0,0,0,0,0,0,0,0,0,0,0,0,0,0,0,0,0,0,0,0,113482,0,0,0
1744061799.001930,600004,21131157,0,pscratch,pscratch-ffff9e2aa9933800,0,0,2592135533299,988648496284,0,0,276110,0,0,0,0,0,0,0,0,0,0,0,0,0,0,0,0,0,0,0,0,0,0,0,0,503310,0,0,0
1744061800.001352,600004,21131157,0,nscratch,nscratch-ffff9e3a24612000,0,0,1214706139355,114567275080,0,0,175125,0,0,0,0,0,0,0,0,0,0,0,0,0,0,0,0,0,0,0,0,0,0,0,0,113482,0,0,0
1744061800.001483,600004,21131157,0,pscratch,pscratch-ffff9e2aa9933800,0,0,2592135533299,988648507816,0,0,276110,0,0,0,0,0,0,0,0,0,0,0,0,0,0,0,0,0,0,0,0,0,0,0,0,503310,0,0,0
1744061801.001800,600004,21131157,0,nscratch,nscratch-ffff9e3a24612000,0,0,1214706139355,114567275080,0,0,175125,0,0,0,0,0,0,0,0,0,0,0,0,0,0,0,0,0,0,0,0,0,0,0,0,113482,0,0,0
1744061801.001910,600004,21131157,0,pscratch,pscratch-ffff9e2aa9933800,0,0,2592135533299,988648721723,0,0,276110,0,0,0,0,0,0,0,0,0,0,0,0,0,0,0,0,0,0,0,0,0,0,0,0,503310,0,0,0
1744061802.002057,600004,21131157,0,nscratch,nscratch-ffff9e3a24612000,0,0,1214706139355,114567275080,0,0,175125,0,0,0,0,0,0,0,0,0,0,0,0,0,0,0,0,0,0,0,0,0,0,0,0,113482,0,0,0
1744061802.002136,600004,21131157,0,pscratch,pscratch-ffff9e2aa9933800,0,0,2592135533299,988648731326,0,0,276110,0,0,0,0,0,0,0,0,0,0,0,0,0,0,0,0,0,0,0,0,0,0,0,0,503310,0,0,0
1744061803.001628,600004,21131157,0,nscratch,nscratch-ffff9e3a24612000,0,0,1214706139355,114567275080,0,0,175125,0,0,0,0,0,0,0,0,0,0,0,0,0,0,0,0,0,0,0,0,0,0,0,0,113482,0,0,0
1744061803.001722,600004,21131157,0,pscratch,pscratch-ffff9e2aa9933800,0,0,2592135533299,988648747319,0,0,276110,0,0,0,0,0,0,0,0,0,0,0,0,0,0,0,0,0,0,0,0,0,0,0,0,503310,0,0,0
1744061804.002040,600004,21131157,0,nscratch,nscratch-ffff9e3a24612000,0,0,1214706139355,114567275080,0,0,175125,0,0,0,0,0,0,0,0,0,0,0,0,0,0,0,0,0,0,0,0,0,0,0,0,113482,0,0,0
1744061804.002127,600004,21131157,0,pscratch,pscratch-ffff9e2aa9933800,0,0,2592178052875,988698903080,0,0,276110,0,0,0,0,0,0,0,0,0,0,0,0,0,0,0,0,0,0,0,0,0,0,0,0,503310,0,0,0
1744061805.001408,600004,21131157,0,nscratch,nscratch-ffff9e3a24612000,0,0,1214706139355,114567275080,0,0,175125,0,0,0,0,0,0,0,0,0,0,0,0,0,0,0,0,0,0,0,0,0,0,0,0,113482,0,0,0
1744061805.001525,600004,21131157,0,pscratch,pscratch-ffff9e2aa9933800,0,0,2592178052875,988698908093,0,0,276110,0,0,0,0,0,0,0,0,0,0,0,0,0,0,0,0,0,0,0,0,0,0,0,0,503310,0,0,0
1744061806.001960,600004,21131157,0,nscratch,nscratch-ffff9e3a24612000,0,0,1214706139355,114567275080,0,0,175125,0,0,0,0,0,0,0,0,0,0,0,0,0,0,0,0,0,0,0,0,0,0,0,0,113482,0,0,0
1744061806.002039,600004,21131157,0,pscratch,pscratch-ffff9e2aa9933800,0,0,2592178052875,988698913158,0,0,276110,0,0,0,0,0,0,0,0,0,0,0,0,0,0,0,0,0,0,0,0,0,0,0,0,503310,0,0,0
1744061807.001579,600004,21131157,0,nscratch,nscratch-ffff9e3a24612000,0,0,1214706139355,114567275080,0,0,175125,0,0,0,0,0,0,0,0,0,0,0,0,0,0,0,0,0,0,0,0,0,0,0,0,113482,0,0,0
1744061807.001657,600004,21131157,0,pscratch,pscratch-ffff9e2aa9933800,0,0,2592178052875,988698919250,0,0,276110,0,0,0,0,0,0,0,0,0,0,0,0,0,0,0,0,0,0,0,0,0,0,0,0,503310,0,0,0
1744061808.001820,600004,21131157,0,nscratch,nscratch-ffff9e3a24612000,0,0,1214706139355,114567275080,0,0,175125,0,0,0,0,0,0,0,0,0,0,0,0,0,0,0,0,0,0,0,0,0,0,0,0,113482,0,0,0
1744061808.001906,600004,21131157,0,pscratch,pscratch-ffff9e2aa9933800,0,0,2592178052875,988698928287,0,0,276110,0,0,0,0,0,0,0,0,0,0,0,0,0,0,0,0,0,0,0,0,0,0,0,0,503310,0,0,0
1744061809.001520,600004,21131157,0,nscratch,nscratch-ffff9e3a24612000,0,0,1214706139355,114567275080,0,0,175125,0,0,0,0,0,0,0,0,0,0,0,0,0,0,0,0,0,0,0,0,0,0,0,0,113482,0,0,0
1744061809.001601,600004,21131157,0,pscratch,pscratch-ffff9e2aa9933800,0,0,2592178052875,988699150466,0,0,276110,0,0,0,0,0,0,0,0,0,0,0,0,0,0,0,0,0,0,0,0,0,0,0,0,503310,0,0,0
1744061810.001951,600004,21131157,0,nscratch,nscratch-ffff9e3a24612000,0,0,1214706139355,114567275080,0,0,175125,0,0,0,0,0,0,0,0,0,0,0,0,0,0,0,0,0,0,0,0,0,0,0,0,113482,0,0,0
1744061810.002044,600004,21131157,0,pscratch,pscratch-ffff9e2aa9933800,0,0,2592178052875,988699155056,0,0,276110,0,0,0,0,0,0,0,0,0,0,0,0,0,0,0,0,0,0,0,0,0,0,0,0,503310,0,0,0
1744061811.001307,600004,21131157,0,nscratch,nscratch-ffff9e3a24612000,0,0,1214706139355,114567275080,0,0,175125,0,0,0,0,0,0,0,0,0,0,0,0,0,0,0,0,0,0,0,0,0,0,0,0,113482,0,0,0
1744061811.001382,600004,21131157,0,pscratch,pscratch-ffff9e2aa9933800,0,0,2592178052875,988699155479,0,0,276110,0,0,0,0,0,0,0,0,0,0,0,0,0,0,0,0,0,0,0,0,0,0,0,0,503310,0,0,0
1744061812.001743,600004,21131157,0,nscratch,nscratch-ffff9e3a24612000,0,0,1214706139355,114567275080,0,0,175125,0,0,0,0,0,0,0,0,0,0,0,0,0,0,0,0,0,0,0,0,0,0,0,0,113482,0,0,0
1744061812.001818,600004,21131157,0,pscratch,pscratch-ffff9e2aa9933800,0,0,2592178052875,988699160497,0,0,276110,0,0,0,0,0,0,0,0,0,0,0,0,0,0,0,0,0,0,0,0,0,0,0,0,503310,0,0,0
1744061813.002173,600004,21131157,0,nscratch,nscratch-ffff9e3a24612000,0,0,1214706139355,114567275080,0,0,175125,0,0,0,0,0,0,0,0,0,0,0,0,0,0,0,0,0,0,0,0,0,0,0,0,113482,0,0,0
1744061813.002251,600004,21131157,0,pscratch,pscratch-ffff9e2aa9933800,0,0,2592178052875,988699167865,0,0,276110,0,0,0,0,0,0,0,0,0,0,0,0,0,0,0,0,0,0,0,0,0,0,0,0,503310,0,0,0
1744061814.001551,600004,21131157,0,nscratch,nscratch-ffff9e3a24612000,0,0,1214706139355,114567275080,0,0,175125,0,0,0,0,0,0,0,0,0,0,0,0,0,0,0,0,0,0,0,0,0,0,0,0,113482,0,0,0
1744061814.001632,600004,21131157,0,pscratch,pscratch-ffff9e2aa9933800,0,0,2592178052875,988699393266,0,0,276110,0,0,0,0,0,0,0,0,0,0,0,0,0,0,0,0,0,0,0,0,0,0,0,0,503310,0,0,0
1744061815.002027,600004,21131157,0,nscratch,nscratch-ffff9e3a24612000,0,0,1214706139355,114567275080,0,0,175125,0,0,0,0,0,0,0,0,0,0,0,0,0,0,0,0,0,0,0,0,0,0,0,0,113482,0,0,0
1744061815.002106,600004,21131157,0,pscratch,pscratch-ffff9e2aa9933800,0,0,2592178052875,988699402317,0,0,276110,0,0,0,0,0,0,0,0,0,0,0,0,0,0,0,0,0,0,0,0,0,0,0,0,503310,0,0,0
1744061816.001564,600004,21131157,0,nscratch,nscratch-ffff9e3a24612000,0,0,1214706139355,114567275080,0,0,175125,0,0,0,0,0,0,0,0,0,0,0,0,0,0,0,0,0,0,0,0,0,0,0,0,113482,0,0,0
1744061816.001638,600004,21131157,0,pscratch,pscratch-ffff9e2aa9933800,0,0,2592178052875,988699407334,0,0,276110,0,0,0,0,0,0,0,0,0,0,0,0,0,0,0,0,0,0,0,0,0,0,0,0,503310,0,0,0
1744061817.001780,600004,21131157,0,nscratch,nscratch-ffff9e3a24612000,0,0,1214706139355,114567275080,0,0,175125,0,0,0,0,0,0,0,0,0,0,0,0,0,0,0,0,0,0,0,0,0,0,0,0,113482,0,0,0
1744061817.001884,600004,21131157,0,pscratch,pscratch-ffff9e2aa9933800,0,0,2592220580739,988748828467,0,0,276110,0,0,0,0,0,0,0,0,0,0,0,0,0,0,0,0,0,0,0,0,0,0,0,0,503310,0,0,0
1744061818.001393,600004,21131157,0,nscratch,nscratch-ffff9e3a24612000,0,0,1214706139355,114567275080,0,0,175125,0,0,0,0,0,0,0,0,0,0,0,0,0,0,0,0,0,0,0,0,0,0,0,0,113482,0,0,0
1744061818.001490,600004,21131157,0,pscratch,pscratch-ffff9e2aa9933800,0,0,2592220580739,988748828892,0,0,276110,0,0,0,0,0,0,0,0,0,0,0,0,0,0,0,0,0,0,0,0,0,0,0,0,503310,0,0,0
1744061819.001789,600004,21131157,0,nscratch,nscratch-ffff9e3a24612000,0,0,1214706139355,114567275080,0,0,175125,0,0,0,0,0,0,0,0,0,0,0,0,0,0,0,0,0,0,0,0,0,0,0,0,113482,0,0,0
1744061819.001886,600004,21131157,0,pscratch,pscratch-ffff9e2aa9933800,0,0,2592220580739,988748835412,0,0,276110,0,0,0,0,0,0,0,0,0,0,0,0,0,0,0,0,0,0,0,0,0,0,0,0,503310,0,0,0
1744061820.002048,600004,21131157,0,nscratch,nscratch-ffff9e3a24612000,0,0,1214706139355,114567275080,0,0,175125,0,0,0,0,0,0,0,0,0,0,0,0,0,0,0,0,0,0,0,0,0,0,0,0,113482,0,0,0
1744061820.002189,600004,21131157,0,pscratch,pscratch-ffff9e2aa9933800,0,0,2592220580739,988749064033,0,0,276110,0,0,0,0,0,0,0,0,0,0,0,0,0,0,0,0,0,0,0,0,0,0,0,0,503310,0,0,0
1744061821.001855,600004,21131157,0,nscratch,nscratch-ffff9e3a24612000,0,0,1214706139355,114567275080,0,0,175125,0,0,0,0,0,0,0,0,0,0,0,0,0,0,0,0,0,0,0,0,0,0,0,0,113482,0,0,0
1744061821.001932,600004,21131157,0,pscratch,pscratch-ffff9e2aa9933800,0,0,2592220580739,988749072649,0,0,276110,0,0,0,0,0,0,0,0,0,0,0,0,0,0,0,0,0,0,0,0,0,0,0,0,503310,0,0,0
1744061822.002228,600004,21131157,0,nscratch,nscratch-ffff9e3a24612000,0,0,1214706139355,114567275080,0,0,175125,0,0,0,0,0,0,0,0,0,0,0,0,0,0,0,0,0,0,0,0,0,0,0,0,113482,0,0,0
1744061822.002319,600004,21131157,0,pscratch,pscratch-ffff9e2aa9933800,0,0,2592220580739,988749077698,0,0,276110,0,0,0,0,0,0,0,0,0,0,0,0,0,0,0,0,0,0,0,0,0,0,0,0,503310,0,0,0
1744061823.001596,600004,21131157,0,nscratch,nscratch-ffff9e3a24612000,0,0,1214706139355,114567275080,0,0,175125,0,0,0,0,0,0,0,0,0,0,0,0,0,0,0,0,0,0,0,0,0,0,0,0,113482,0,0,0
1744061823.001771,600004,21131157,0,pscratch,pscratch-ffff9e2aa9933800,0,0,2592220580739,988749084254,0,0,276110,0,0,0,0,0,0,0,0,0,0,0,0,0,0,0,0,0,0,0,0,0,0,0,0,503310,0,0,0
1744061824.002226,600004,21131157,0,nscratch,nscratch-ffff9e3a24612000,0,0,1214706139355,114567275080,0,0,175125,0,0,0,0,0,0,0,0,0,0,0,0,0,0,0,0,0,0,0,0,0,0,0,0,113482,0,0,0
1744061824.002300,600004,21131157,0,pscratch,pscratch-ffff9e2aa9933800,0,0,2592220580739,988749088844,0,0,276110,0,0,0,0,0,0,0,0,0,0,0,0,0,0,0,0,0,0,0,0,0,0,0,0,503310,0,0,0
1744061825.001760,600004,21131157,0,nscratch,nscratch-ffff9e3a24612000,0,0,1214706139355,114567275080,0,0,175125,0,0,0,0,0,0,0,0,0,0,0,0,0,0,0,0,0,0,0,0,0,0,0,0,113482,0,0,0
1744061825.001850,600004,21131157,0,pscratch,pscratch-ffff9e2aa9933800,0,0,2592220580739,988749089694,0,0,276110,0,0,0,0,0,0,0,0,0,0,0,0,0,0,0,0,0,0,0,0,0,0,0,0,503310,0,0,0
1744061826.002019,600004,21131157,0,nscratch,nscratch-ffff9e3a24612000,0,0,1214706139355,114567275080,0,0,175125,0,0,0,0,0,0,0,0,0,0,0,0,0,0,0,0,0,0,0,0,0,0,0,0,113482,0,0,0
1744061826.002122,600004,21131157,0,pscratch,pscratch-ffff9e2aa9933800,0,0,2592220580739,988749317644,0,0,276110,0,0,0,0,0,0,0,0,0,0,0,0,0,0,0,0,0,0,0,0,0,0,0,0,503310,0,0,0
1744061827.001632,600004,21131157,0,nscratch,nscratch-ffff9e3a24612000,0,0,1214706139355,114567275080,0,0,175125,0,0,0,0,0,0,0,0,0,0,0,0,0,0,0,0,0,0,0,0,0,0,0,0,113482,0,0,0
1744061827.001708,600004,21131157,0,pscratch,pscratch-ffff9e2aa9933800,0,0,2592220580739,988749322659,0,0,276110,0,0,0,0,0,0,0,0,0,0,0,0,0,0,0,0,0,0,0,0,0,0,0,0,503310,0,0,0
1744061828.002106,600004,21131157,0,nscratch,nscratch-ffff9e3a24612000,0,0,1214706139355,114567275080,0,0,175125,0,0,0,0,0,0,0,0,0,0,0,0,0,0,0,0,0,0,0,0,0,0,0,0,113482,0,0,0
1744061828.002184,600004,21131157,0,pscratch,pscratch-ffff9e2aa9933800,0,0,2592220580739,988749331279,0,0,276110,0,0,0,0,0,0,0,0,0,0,0,0,0,0,0,0,0,0,0,0,0,0,0,0,503310,0,0,0
1744061829.001353,600004,21131157,0,nscratch,nscratch-ffff9e3a24612000,0,0,1214706139355,114567275080,0,0,175125,0,0,0,0,0,0,0,0,0,0,0,0,0,0,0,0,0,0,0,0,0,0,0,0,113482,0,0,0
1744061829.001429,600004,21131157,0,pscratch,pscratch-ffff9e2aa9933800,0,0,2592220580739,988749337799,0,0,276110,0,0,0,0,0,0,0,0,0,0,0,0,0,0,0,0,0,0,0,0,0,0,0,0,503310,0,0,0
1744061830.002013,600004,21131157,0,nscratch,nscratch-ffff9e3a24612000,0,0,1214706139355,114567275080,0,0,175125,0,0,0,0,0,0,0,0,0,0,0,0,0,0,0,0,0,0,0,0,0,0,0,0,113482,0,0,0
1744061830.002091,600004,21131157,0,pscratch,pscratch-ffff9e2aa9933800,0,0,2592220580739,988749342389,0,0,276110,0,0,0,0,0,0,0,0,0,0,0,0,0,0,0,0,0,0,0,0,0,0,0,0,503310,0,0,0
1744061831.001362,600004,21131157,0,nscratch,nscratch-ffff9e3a24612000,0,0,1214706139355,114567275080,0,0,175125,0,0,0,0,0,0,0,0,0,0,0,0,0,0,0,0,0,0,0,0,0,0,0,0,113482,0,0,0
1744061831.001436,600004,21131157,0,pscratch,pscratch-ffff9e2aa9933800,0,0,2592220580739,988749343238,0,0,276110,0,0,0,0,0,0,0,0,0,0,0,0,0,0,0,0,0,0,0,0,0,0,0,0,503310,0,0,0
1744061832.001611,600004,21131157,0,nscratch,nscratch-ffff9e3a24612000,0,0,1214706139355,114567275080,0,0,175125,0,0,0,0,0,0,0,0,0,0,0,0,0,0,0,0,0,0,0,0,0,0,0,0,113482,0,0,0
1744061832.001695,600004,21131157,0,pscratch,pscratch-ffff9e2aa9933800,0,0,2592263166043,988799101092,0,0,276110,0,0,0,0,0,0,0,0,0,0,0,0,0,0,0,0,0,0,0,0,0,0,0,0,503310,0,0,0
1744061833.002195,600004,21131157,0,nscratch,nscratch-ffff9e3a24612000,0,0,1214706139355,114567275080,0,0,175125,0,0,0,0,0,0,0,0,0,0,0,0,0,0,0,0,0,0,0,0,0,0,0,0,113482,0,0,0
1744061833.002270,600004,21131157,0,pscratch,pscratch-ffff9e2aa9933800,0,0,2592263166043,988799106107,0,0,276110,0,0,0,0,0,0,0,0,0,0,0,0,0,0,0,0,0,0,0,0,0,0,0,0,503310,0,0,0
1744061834.001569,600004,21131157,0,nscratch,nscratch-ffff9e3a24612000,0,0,1214706139355,114567275080,0,0,175125,0,0,0,0,0,0,0,0,0,0,0,0,0,0,0,0,0,0,0,0,0,0,0,0,113482,0,0,0
1744061834.001645,600004,21131157,0,pscratch,pscratch-ffff9e2aa9933800,0,0,2592263166043,988799114723,0,0,276110,0,0,0,0,0,0,0,0,0,0,0,0,0,0,0,0,0,0,0,0,0,0,0,0,503310,0,0,0
1744061835.001779,600004,21131157,0,nscratch,nscratch-ffff9e3a24612000,0,0,1214706139355,114567275080,0,0,175125,0,0,0,0,0,0,0,0,0,0,0,0,0,0,0,0,0,0,0,0,0,0,0,0,113482,0,0,0
1744061835.001883,600004,21131157,0,pscratch,pscratch-ffff9e2aa9933800,0,0,2592263166043,988799121243,0,0,276110,0,0,0,0,0,0,0,0,0,0,0,0,0,0,0,0,0,0,0,0,0,0,0,0,503310,0,0,0
1744061836.001275,600004,21131157,0,nscratch,nscratch-ffff9e3a24612000,0,0,1214706139355,114567275080,0,0,175125,0,0,0,0,0,0,0,0,0,0,0,0,0,0,0,0,0,0,0,0,0,0,0,0,113482,0,0,0
1744061836.001349,600004,21131157,0,pscratch,pscratch-ffff9e2aa9933800,0,0,2592263166043,988799125833,0,0,276110,0,0,0,0,0,0,0,0,0,0,0,0,0,0,0,0,0,0,0,0,0,0,0,0,503310,0,0,0
1744061837.001676,600004,21131157,0,nscratch,nscratch-ffff9e3a24612000,0,0,1214706139355,114567275080,0,0,175125,0,0,0,0,0,0,0,0,0,0,0,0,0,0,0,0,0,0,0,0,0,0,0,0,113482,0,0,0
1744061837.001755,600004,21131157,0,pscratch,pscratch-ffff9e2aa9933800,0,0,2592263166043,988799126731,0,0,276110,0,0,0,0,0,0,0,0,0,0,0,0,0,0,0,0,0,0,0,0,0,0,0,0,503310,0,0,0
1744061838.001962,600004,21131157,0,nscratch,nscratch-ffff9e3a24612000,0,0,1214706139355,114567275080,0,0,175125,0,0,0,0,0,0,0,0,0,0,0,0,0,0,0,0,0,0,0,0,0,0,0,0,113482,0,0,0
1744061838.002048,600004,21131157,0,pscratch,pscratch-ffff9e2aa9933800,0,0,2592263166043,988799357232,0,0,276110,0,0,0,0,0,0,0,0,0,0,0,0,0,0,0,0,0,0,0,0,0,0,0,0,503310,0,0,0
1744061839.001613,600004,21131157,0,nscratch,nscratch-ffff9e3a24612000,0,0,1214706139355,114567275080,0,0,175125,0,0,0,0,0,0,0,0,0,0,0,0,0,0,0,0,0,0,0,0,0,0,0,0,113482,0,0,0
1744061839.001709,600004,21131157,0,pscratch,pscratch-ffff9e2aa9933800,0,0,2592263166043,988799361822,0,0,276110,0,0,0,0,0,0,0,0,0,0,0,0,0,0,0,0,0,0,0,0,0,0,0,0,503310,0,0,0
1744061840.002208,600004,21131157,0,nscratch,nscratch-ffff9e3a24612000,0,0,1214706139355,114567275080,0,0,175125,0,0,0,0,0,0,0,0,0,0,0,0,0,0,0,0,0,0,0,0,0,0,0,0,113482,0,0,0
1744061840.002297,600004,21131157,0,pscratch,pscratch-ffff9e2aa9933800,0,0,2592263166043,988799362247,0,0,276110,0,0,0,0,0,0,0,0,0,0,0,0,0,0,0,0,0,0,0,0,0,0,0,0,503310,0,0,0
1744061841.001579,600004,21131157,0,nscratch,nscratch-ffff9e3a24612000,0,0,1214706139355,114567275080,0,0,175125,0,0,0,0,0,0,0,0,0,0,0,0,0,0,0,0,0,0,0,0,0,0,0,0,113482,0,0,0
1744061841.001696,600004,21131157,0,pscratch,pscratch-ffff9e2aa9933800,0,0,2592263166043,988799376974,0,0,276110,0,0,0,0,0,0,0,0,0,0,0,0,0,0,0,0,0,0,0,0,0,0,0,0,503310,0,0,0
1744061842.002193,600004,21131157,0,nscratch,nscratch-ffff9e3a24612000,0,0,1214706139355,114567275080,0,0,175125,0,0,0,0,0,0,0,0,0,0,0,0,0,0,0,0,0,0,0,0,0,0,0,0,113482,0,0,0
1744061842.002270,600004,21131157,0,pscratch,pscratch-ffff9e2aa9933800,0,0,2592263166043,988799377398,0,0,276110,0,0,0,0,0,0,0,0,0,0,0,0,0,0,0,0,0,0,0,0,0,0,0,0,503310,0,0,0
1744061843.001581,600004,21131157,0,nscratch,nscratch-ffff9e3a24612000,0,0,1214706139355,114567275080,0,0,175125,0,0,0,0,0,0,0,0,0,0,0,0,0,0,0,0,0,0,0,0,0,0,0,0,113482,0,0,0
1744061843.001654,600004,21131157,0,pscratch,pscratch-ffff9e2aa9933800,0,0,2592263166043,988799383978,0,0,276110,0,0,0,0,0,0,0,0,0,0,0,0,0,0,0,0,0,0,0,0,0,0,0,0,503310,0,0,0
1744061844.001966,600004,21131157,0,nscratch,nscratch-ffff9e3a24612000,0,0,1214706139355,114567275080,0,0,175125,0,0,0,0,0,0,0,0,0,0,0,0,0,0,0,0,0,0,0,0,0,0,0,0,113482,0,0,0
1744061844.002112,600004,21131157,0,pscratch,pscratch-ffff9e2aa9933800,0,0,2592263166043,988799613797,0,0,276110,0,0,0,0,0,0,0,0,0,0,0,0,0,0,0,0,0,0,0,0,0,0,0,0,503310,0,0,0
1744061845.001528,600004,21131157,0,nscratch,nscratch-ffff9e3a24612000,0,0,1214706139355,114567275080,0,0,175125,0,0,0,0,0,0,0,0,0,0,0,0,0,0,0,0,0,0,0,0,0,0,0,0,113482,0,0,0
1744061845.001603,600004,21131157,0,pscratch,pscratch-ffff9e2aa9933800,0,0,2592263166043,988799614647,0,0,276110,0,0,0,0,0,0,0,0,0,0,0,0,0,0,0,0,0,0,0,0,0,0,0,0,503310,0,0,0
1744061846.002137,600004,21131157,0,nscratch,nscratch-ffff9e3a24612000,0,0,1214706139355,114567275080,0,0,175125,0,0,0,0,0,0,0,0,0,0,0,0,0,0,0,0,0,0,0,0,0,0,0,0,113482,0,0,0
1744061846.002212,600004,21131157,0,pscratch,pscratch-ffff9e2aa9933800,0,0,2592263166043,988799620087,0,0,276110,0,0,0,0,0,0,0,0,0,0,0,0,0,0,0,0,0,0,0,0,0,0,0,0,503310,0,0,0
1744061847.000946,600004,21131157,0,nscratch,nscratch-ffff9e3a24612000,0,0,1214706139355,114567275080,0,0,175125,0,0,0,0,0,0,0,0,0,0,0,0,0,0,0,0,0,0,0,0,0,0,0,0,113482,0,0,0
1744061847.001069,600004,21131157,0,pscratch,pscratch-ffff9e2aa9933800,0,0,2592305677715,988848852222,0,0,276110,0,0,0,0,0,0,0,0,0,0,0,0,0,0,0,0,0,0,0,0,0,0,0,0,503310,0,0,0
1744061848.001621,600004,21131157,0,nscratch,nscratch-ffff9e3a24612000,0,0,1214706139355,114567275080,0,0,175125,0,0,0,0,0,0,0,0,0,0,0,0,0,0,0,0,0,0,0,0,0,0,0,0,113482,0,0,0
1744061848.001698,600004,21131157,0,pscratch,pscratch-ffff9e2aa9933800,0,0,2592305677715,988848861263,0,0,276110,0,0,0,0,0,0,0,0,0,0,0,0,0,0,0,0,0,0,0,0,0,0,0,0,503310,0,0,0
1744061849.002048,600004,21131157,0,nscratch,nscratch-ffff9e3a24612000,0,0,1214706139355,114567275080,0,0,175125,0,0,0,0,0,0,0,0,0,0,0,0,0,0,0,0,0,0,0,0,0,0,0,0,113482,0,0,0
1744061849.002126,600004,21131157,0,pscratch,pscratch-ffff9e2aa9933800,0,0,2592305677715,988848866703,0,0,276110,0,0,0,0,0,0,0,0,0,0,0,0,0,0,0,0,0,0,0,0,0,0,0,0,503310,0,0,0
1744061850.001411,600004,21131157,0,nscratch,nscratch-ffff9e3a24612000,0,0,1214706139355,114567275080,0,0,175125,0,0,0,0,0,0,0,0,0,0,0,0,0,0,0,0,0,0,0,0,0,0,0,0,113482,0,0,0
1744061850.001555,600004,21131157,0,pscratch,pscratch-ffff9e2aa9933800,0,0,2592305677715,988848866703,0,0,276110,0,0,0,0,0,0,0,0,0,0,0,0,0,0,0,0,0,0,0,0,0,0,0,0,503310,0,0,0
1744061851.001985,600004,21131157,0,nscratch,nscratch-ffff9e3a24612000,0,0,1214706139355,114567275080,0,0,175125,0,0,0,0,0,0,0,0,0,0,0,0,0,0,0,0,0,0,0,0,0,0,0,0,113482,0,0,0
1744061851.002067,600004,21131157,0,pscratch,pscratch-ffff9e2aa9933800,0,0,2592305677715,988849097131,0,0,276110,0,0,0,0,0,0,0,0,0,0,0,0,0,0,0,0,0,0,0,0,0,0,0,0,503310,0,0,0
1744061852.001341,600004,21131157,0,nscratch,nscratch-ffff9e3a24612000,0,0,1214706139355,114567275080,0,0,175125,0,0,0,0,0,0,0,0,0,0,0,0,0,0,0,0,0,0,0,0,0,0,0,0,113482,0,0,0
1744061852.001415,600004,21131157,0,pscratch,pscratch-ffff9e2aa9933800,0,0,2592305677715,988849102801,0,0,276110,0,0,0,0,0,0,0,0,0,0,0,0,0,0,0,0,0,0,0,0,0,0,0,0,503310,0,0,0
1744061853.001661,600004,21131157,0,nscratch,nscratch-ffff9e3a24612000,0,0,1214706139355,114567275080,0,0,175125,0,0,0,0,0,0,0,0,0,0,0,0,0,0,0,0,0,0,0,0,0,0,0,0,113482,0,0,0
1744061853.001775,600004,21131157,0,pscratch,pscratch-ffff9e2aa9933800,0,0,2592305677715,988849103226,0,0,276110,0,0,0,0,0,0,0,0,0,0,0,0,0,0,0,0,0,0,0,0,0,0,0,0,503310,0,0,0
1744061854.002244,600004,21131157,0,nscratch,nscratch-ffff9e3a24612000,0,0,1214706139355,114567275080,0,0,175125,0,0,0,0,0,0,0,0,0,0,0,0,0,0,0,0,0,0,0,0,0,0,0,0,113482,0,0,0
1744061854.002318,600004,21131157,0,pscratch,pscratch-ffff9e2aa9933800,0,0,2592305677715,988849108275,0,0,276110,0,0,0,0,0,0,0,0,0,0,0,0,0,0,0,0,0,0,0,0,0,0,0,0,503310,0,0,0
1744061855.001630,600004,21131157,0,nscratch,nscratch-ffff9e3a24612000,0,0,1214706139355,114567275080,0,0,175125,0,0,0,0,0,0,0,0,0,0,0,0,0,0,0,0,0,0,0,0,0,0,0,0,113482,0,0,0
1744061855.001703,600004,21131157,0,pscratch,pscratch-ffff9e2aa9933800,0,0,2592305677715,988849116468,0,0,276110,0,0,0,0,0,0,0,0,0,0,0,0,0,0,0,0,0,0,0,0,0,0,0,0,503310,0,0,0
1744061856.001848,600004,21131157,0,nscratch,nscratch-ffff9e3a24612000,0,0,1214706139355,114567275080,0,0,175125,0,0,0,0,0,0,0,0,0,0,0,0,0,0,0,0,0,0,0,0,0,0,0,0,113482,0,0,0
1744061856.001946,600004,21131157,0,pscratch,pscratch-ffff9e2aa9933800,0,0,2592305677715,988849121911,0,0,276110,0,0,0,0,0,0,0,0,0,0,0,0,0,0,0,0,0,0,0,0,0,0,0,0,503310,0,0,0
1744061857.001580,600004,21131157,0,nscratch,nscratch-ffff9e3a24612000,0,0,1214706139355,114567275080,0,0,175125,0,0,0,0,0,0,0,0,0,0,0,0,0,0,0,0,0,0,0,0,0,0,0,0,113482,0,0,0
1744061857.001661,600004,21131157,0,pscratch,pscratch-ffff9e2aa9933800,0,0,2592305677715,988849351769,0,0,276110,0,0,0,0,0,0,0,0,0,0,0,0,0,0,0,0,0,0,0,0,0,0,0,0,503310,0,0,0
1744061858.001942,600004,21131157,0,nscratch,nscratch-ffff9e3a24612000,0,0,1214706139355,114567275080,0,0,175125,0,0,0,0,0,0,0,0,0,0,0,0,0,0,0,0,0,0,0,0,0,0,0,0,113482,0,0,0
1744061858.002016,600004,21131157,0,pscratch,pscratch-ffff9e2aa9933800,0,0,2592305677715,988849352619,0,0,276110,0,0,0,0,0,0,0,0,0,0,0,0,0,0,0,0,0,0,0,0,0,0,0,0,503310,0,0,0
1744061859.001254,600004,21131157,0,nscratch,nscratch-ffff9e3a24612000,0,0,1214706139355,114567275080,0,0,175125,0,0,0,0,0,0,0,0,0,0,0,0,0,0,0,0,0,0,0,0,0,0,0,0,113482,0,0,0
1744061859.001349,600004,21131157,0,pscratch,pscratch-ffff9e2aa9933800,0,0,2592305677715,988849359139,0,0,276110,0,0,0,0,0,0,0,0,0,0,0,0,0,0,0,0,0,0,0,0,0,0,0,0,503310,0,0,0
1744061860.001733,600004,21131157,0,nscratch,nscratch-ffff9e3a24612000,0,0,1214706139355,114567275080,0,0,175125,0,0,0,0,0,0,0,0,0,0,0,0,0,0,0,0,0,0,0,0,0,0,0,0,113482,0,0,0
1744061860.001807,600004,21131157,0,pscratch,pscratch-ffff9e2aa9933800,0,0,2592305677715,988849359139,0,0,276110,0,0,0,0,0,0,0,0,0,0,0,0,0,0,0,0,0,0,0,0,0,0,0,0,503310,0,0,0
1744061861.002201,600004,21131157,0,nscratch,nscratch-ffff9e3a24612000,0,0,1214706139355,114567275080,0,0,175125,0,0,0,0,0,0,0,0,0,0,0,0,0,0,0,0,0,0,0,0,0,0,0,0,113482,0,0,0
1744061861.002276,600004,21131157,0,pscratch,pscratch-ffff9e2aa9933800,0,0,2592305677715,988849364156,0,0,276110,0,0,0,0,0,0,0,0,0,0,0,0,0,0,0,0,0,0,0,0,0,0,0,0,503310,0,0,0
1744061862.001555,600004,21131157,0,nscratch,nscratch-ffff9e3a24612000,0,0,1214706139355,114567275080,0,0,175125,0,0,0,0,0,0,0,0,0,0,0,0,0,0,0,0,0,0,0,0,0,0,0,0,113482,0,0,0
1744061862.001727,600004,21131157,0,pscratch,pscratch-ffff9e2aa9933800,0,0,2592305677715,988849369171,0,0,276110,0,0,0,0,0,0,0,0,0,0,0,0,0,0,0,0,0,0,0,0,0,0,0,0,503310,0,0,0
1744061863.002164,600004,21131157,0,nscratch,nscratch-ffff9e3a24612000,0,0,1214706139355,114567275080,0,0,175125,0,0,0,0,0,0,0,0,0,0,0,0,0,0,0,0,0,0,0,0,0,0,0,0,113482,0,0,0
1744061863.002240,600004,21131157,0,pscratch,pscratch-ffff9e2aa9933800,0,0,2592305677715,988849377888,0,0,276110,0,0,0,0,0,0,0,0,0,0,0,0,0,0,0,0,0,0,0,0,0,0,0,0,503310,0,0,0
1744061864.001642,600004,21131157,0,nscratch,nscratch-ffff9e3a24612000,0,0,1214706139355,114567275080,0,0,175125,0,0,0,0,0,0,0,0,0,0,0,0,0,0,0,0,0,0,0,0,0,0,0,0,113482,0,0,0
1744061864.001742,600004,21131157,0,pscratch,pscratch-ffff9e2aa9933800,0,0,2592348197675,988898851124,0,0,276110,0,0,0,0,0,0,0,0,0,0,0,0,0,0,0,0,0,0,0,0,0,0,0,0,503310,0,0,0
1744061865.001994,600004,21131157,0,nscratch,nscratch-ffff9e3a24612000,0,0,1214706139355,114567275080,0,0,175125,0,0,0,0,0,0,0,0,0,0,0,0,0,0,0,0,0,0,0,0,0,0,0,0,113482,0,0,0
1744061865.002072,600004,21131157,0,pscratch,pscratch-ffff9e2aa9933800,0,0,2592348197675,988898851974,0,0,276110,0,0,0,0,0,0,0,0,0,0,0,0,0,0,0,0,0,0,0,0,0,0,0,0,503310,0,0,0
1744061866.001703,600004,21131157,0,nscratch,nscratch-ffff9e3a24612000,0,0,1214706139355,114567275080,0,0,175125,0,0,0,0,0,0,0,0,0,0,0,0,0,0,0,0,0,0,0,0,0,0,0,0,113482,0,0,0
1744061866.001782,600004,21131157,0,pscratch,pscratch-ffff9e2aa9933800,0,0,2592348197675,988898858494,0,0,276110,0,0,0,0,0,0,0,0,0,0,0,0,0,0,0,0,0,0,0,0,0,0,0,0,503310,0,0,0
1744061867.002107,600004,21131157,0,nscratch,nscratch-ffff9e3a24612000,0,0,1214706139355,114567275080,0,0,175125,0,0,0,0,0,0,0,0,0,0,0,0,0,0,0,0,0,0,0,0,0,0,0,0,113482,0,0,0
1744061867.002200,600004,21131157,0,pscratch,pscratch-ffff9e2aa9933800,0,0,2592348197675,988898858918,0,0,276110,0,0,0,0,0,0,0,0,0,0,0,0,0,0,0,0,0,0,0,0,0,0,0,0,503310,0,0,0
1744061868.001481,600004,21131157,0,nscratch,nscratch-ffff9e3a24612000,0,0,1214706139355,114567275080,0,0,175125,0,0,0,0,0,0,0,0,0,0,0,0,0,0,0,0,0,0,0,0,0,0,0,0,113482,0,0,0
1744061868.001653,600004,21131157,0,pscratch,pscratch-ffff9e2aa9933800,0,0,2592348197675,988898863933,0,0,276110,0,0,0,0,0,0,0,0,0,0,0,0,0,0,0,0,0,0,0,0,0,0,0,0,503310,0,0,0
1744061869.002118,600004,21131157,0,nscratch,nscratch-ffff9e3a24612000,0,0,1214706139355,114567275080,0,0,175125,0,0,0,0,0,0,0,0,0,0,0,0,0,0,0,0,0,0,0,0,0,0,0,0,113482,0,0,0
1744061869.002195,600004,21131157,0,pscratch,pscratch-ffff9e2aa9933800,0,0,2592348197675,988898868523,0,0,276110,0,0,0,0,0,0,0,0,0,0,0,0,0,0,0,0,0,0,0,0,0,0,0,0,503310,0,0,0
1744061870.001496,600004,21131157,0,nscratch,nscratch-ffff9e3a24612000,0,0,1214706139355,114567275080,0,0,175125,0,0,0,0,0,0,0,0,0,0,0,0,0,0,0,0,0,0,0,0,0,0,0,0,113482,0,0,0
1744061870.001569,600004,21131157,0,pscratch,pscratch-ffff9e2aa9933800,0,0,2592348197675,988898877140,0,0,276110,0,0,0,0,0,0,0,0,0,0,0,0,0,0,0,0,0,0,0,0,0,0,0,0,503310,0,0,0
1744061871.001711,600004,21131157,0,nscratch,nscratch-ffff9e3a24612000,0,0,1214706139355,114567275080,0,0,175125,0,0,0,0,0,0,0,0,0,0,0,0,0,0,0,0,0,0,0,0,0,0,0,0,113482,0,0,0
1744061871.001798,600004,21131157,0,pscratch,pscratch-ffff9e2aa9933800,0,0,2592348197675,988899107405,0,0,276110,0,0,0,0,0,0,0,0,0,0,0,0,0,0,0,0,0,0,0,0,0,0,0,0,503310,0,0,0
1744061872.002198,600004,21131157,0,nscratch,nscratch-ffff9e3a24612000,0,0,1214706139355,114567275080,0,0,175125,0,0,0,0,0,0,0,0,0,0,0,0,0,0,0,0,0,0,0,0,0,0,0,0,113482,0,0,0
1744061872.002273,600004,21131157,0,pscratch,pscratch-ffff9e2aa9933800,0,0,2592348197675,988899107887,0,0,276110,0,0,0,0,0,0,0,0,0,0,0,0,0,0,0,0,0,0,0,0,0,0,0,0,503310,0,0,0
1744061873.001568,600004,21131157,0,nscratch,nscratch-ffff9e3a24612000,0,0,1214706139355,114567275080,0,0,175125,0,0,0,0,0,0,0,0,0,0,0,0,0,0,0,0,0,0,0,0,0,0,0,0,113482,0,0,0
1744061873.001642,600004,21131157,0,pscratch,pscratch-ffff9e2aa9933800,0,0,2592348197675,988899114466,0,0,276110,0,0,0,0,0,0,0,0,0,0,0,0,0,0,0,0,0,0,0,0,0,0,0,0,503310,0,0,0
1744061874.001780,600004,21131157,0,nscratch,nscratch-ffff9e3a24612000,0,0,1214706139355,114567275080,0,0,175125,0,0,0,0,0,0,0,0,0,0,0,0,0,0,0,0,0,0,0,0,0,0,0,0,113482,0,0,0
1744061874.001887,600004,21131157,0,pscratch,pscratch-ffff9e2aa9933800,0,0,2592348197675,988899114466,0,0,276110,0,0,0,0,0,0,0,0,0,0,0,0,0,0,0,0,0,0,0,0,0,0,0,0,503310,0,0,0
1744061875.001502,600004,21131157,0,nscratch,nscratch-ffff9e3a24612000,0,0,1214706139355,114567275080,0,0,175125,0,0,0,0,0,0,0,0,0,0,0,0,0,0,0,0,0,0,0,0,0,0,0,0,113482,0,0,0
1744061875.001580,600004,21131157,0,pscratch,pscratch-ffff9e2aa9933800,0,0,2592348197675,988899120562,0,0,276110,0,0,0,0,0,0,0,0,0,0,0,0,0,0,0,0,0,0,0,0,0,0,0,0,503310,0,0,0
1744061876.001884,600004,21131157,0,nscratch,nscratch-ffff9e3a24612000,0,0,1214706139355,114567275080,0,0,175125,0,0,0,0,0,0,0,0,0,0,0,0,0,0,0,0,0,0,0,0,0,0,0,0,113482,0,0,0
1744061876.001963,600004,21131157,0,pscratch,pscratch-ffff9e2aa9933800,0,0,2592348197675,988899125152,0,0,276110,0,0,0,0,0,0,0,0,0,0,0,0,0,0,0,0,0,0,0,0,0,0,0,0,503310,0,0,0
1744061877.002244,600004,21131157,0,nscratch,nscratch-ffff9e3a24612000,0,0,1214706139355,114567275080,0,0,175125,0,0,0,0,0,0,0,0,0,0,0,0,0,0,0,0,0,0,0,0,0,0,0,0,113482,0,0,0
1744061877.002348,600004,21131157,0,pscratch,pscratch-ffff9e2aa9933800,0,0,2592348197675,988899133773,0,0,276110,0,0,0,0,0,0,0,0,0,0,0,0,0,0,0,0,0,0,0,0,0,0,0,0,503310,0,0,0
1744061878.001862,600004,21131157,0,nscratch,nscratch-ffff9e3a24612000,0,0,1214706139355,114567275080,0,0,175125,0,0,0,0,0,0,0,0,0,0,0,0,0,0,0,0,0,0,0,0,0,0,0,0,113482,0,0,0
1744061878.001943,600004,21131157,0,pscratch,pscratch-ffff9e2aa9933800,0,0,2592348197675,988899363828,0,0,276110,0,0,0,0,0,0,0,0,0,0,0,0,0,0,0,0,0,0,0,0,0,0,0,0,503310,0,0,0
1744061879.002232,600004,21131157,0,nscratch,nscratch-ffff9e3a24612000,0,0,1214706139355,114567275080,0,0,175125,0,0,0,0,0,0,0,0,0,0,0,0,0,0,0,0,0,0,0,0,0,0,0,0,113482,0,0,0
1744061879.002308,600004,21131157,0,pscratch,pscratch-ffff9e2aa9933800,0,0,2592348197675,988899364254,0,0,276110,0,0,0,0,0,0,0,0,0,0,0,0,0,0,0,0,0,0,0,0,0,0,0,0,503310,0,0,0
1744061880.001587,600004,21131157,0,nscratch,nscratch-ffff9e3a24612000,0,0,1214706139355,114567275080,0,0,175125,0,0,0,0,0,0,0,0,0,0,0,0,0,0,0,0,0,0,0,0,0,0,0,0,113482,0,0,0
1744061880.001760,600004,21131157,0,pscratch,pscratch-ffff9e2aa9933800,0,0,2592348197675,988899370350,0,0,276110,0,0,0,0,0,0,0,0,0,0,0,0,0,0,0,0,0,0,0,0,0,0,0,0,503310,0,0,0
1744061881.002245,600004,21131157,0,nscratch,nscratch-ffff9e3a24612000,0,0,1214706139355,114567275080,0,0,175125,0,0,0,0,0,0,0,0,0,0,0,0,0,0,0,0,0,0,0,0,0,0,0,0,113482,0,0,0
1744061881.002338,600004,21131157,0,pscratch,pscratch-ffff9e2aa9933800,0,0,2592348197675,988899370350,0,0,276110,0,0,0,0,0,0,0,0,0,0,0,0,0,0,0,0,0,0,0,0,0,0,0,0,503310,0,0,0
1744061882.001613,600004,21131157,0,nscratch,nscratch-ffff9e3a24612000,0,0,1214706139355,114567275080,0,0,175125,0,0,0,0,0,0,0,0,0,0,0,0,0,0,0,0,0,0,0,0,0,0,0,0,113482,0,0,0
1744061882.001690,600004,21131157,0,pscratch,pscratch-ffff9e2aa9933800,0,0,2592390775075,988948689883,0,0,276110,0,0,0,0,0,0,0,0,0,0,0,0,0,0,0,0,0,0,0,0,0,0,0,0,503310,0,0,0
1744061883.001827,600004,21131157,0,nscratch,nscratch-ffff9e3a24612000,0,0,1214706139355,114567275080,0,0,175125,0,0,0,0,0,0,0,0,0,0,0,0,0,0,0,0,0,0,0,0,0,0,0,0,113482,0,0,0
1744061883.001936,600004,21131157,0,pscratch,pscratch-ffff9e2aa9933800,0,0,2592390775075,988948689883,0,0,276110,0,0,0,0,0,0,0,0,0,0,0,0,0,0,0,0,0,0,0,0,0,0,0,0,503310,0,0,0
1744061884.001345,600004,21131157,0,nscratch,nscratch-ffff9e3a24612000,0,0,1214706139355,114567275080,0,0,175125,0,0,0,0,0,0,0,0,0,0,0,0,0,0,0,0,0,0,0,0,0,0,0,0,113482,0,0,0
1744061884.001437,600004,21131157,0,pscratch,pscratch-ffff9e2aa9933800,0,0,2592390775075,988948695325,0,0,276110,0,0,0,0,0,0,0,0,0,0,0,0,0,0,0,0,0,0,0,0,0,0,0,0,503310,0,0,0
1744061885.001771,600004,21131157,0,nscratch,nscratch-ffff9e3a24612000,0,0,1214706139355,114567275080,0,0,175125,0,0,0,0,0,0,0,0,0,0,0,0,0,0,0,0,0,0,0,0,0,0,0,0,113482,0,0,0
1744061885.001880,600004,21131157,0,pscratch,pscratch-ffff9e2aa9933800,0,0,2592390775075,988948728476,0,0,276110,0,0,0,0,0,0,0,0,0,0,0,0,0,0,0,0,0,0,0,0,0,0,0,0,503310,0,0,0
1744061886.002020,600004,21131157,0,nscratch,nscratch-ffff9e3a24612000,0,0,1214706139355,114567275080,0,0,175125,0,0,0,0,0,0,0,0,0,0,0,0,0,0,0,0,0,0,0,0,0,0,0,0,113482,0,0,0
1744061886.002096,600004,21131157,0,pscratch,pscratch-ffff9e2aa9933800,0,0,2592390775075,988948935363,0,0,276110,0,0,0,0,0,0,0,0,0,0,0,0,0,0,0,0,0,0,0,0,0,0,0,0,503310,0,0,0
1744061887.001538,600004,21131157,0,nscratch,nscratch-ffff9e3a24612000,0,0,1214706139355,114567275080,0,0,175125,0,0,0,0,0,0,0,0,0,0,0,0,0,0,0,0,0,0,0,0,0,0,0,0,113482,0,0,0
1744061887.001631,600004,21131157,0,pscratch,pscratch-ffff9e2aa9933800,0,0,2592390775075,988948940378,0,0,276110,0,0,0,0,0,0,0,0,0,0,0,0,0,0,0,0,0,0,0,0,0,0,0,0,503310,0,0,0
1744061888.001942,600004,21131157,0,nscratch,nscratch-ffff9e3a24612000,0,0,1214706139355,114567275080,0,0,175125,0,0,0,0,0,0,0,0,0,0,0,0,0,0,0,0,0,0,0,0,0,0,0,0,113482,0,0,0
1744061888.002016,600004,21131157,0,pscratch,pscratch-ffff9e2aa9933800,0,0,2592390775075,988948940804,0,0,276110,0,0,0,0,0,0,0,0,0,0,0,0,0,0,0,0,0,0,0,0,0,0,0,0,503310,0,0,0
1744061889.001157,600004,21131157,0,nscratch,nscratch-ffff9e3a24612000,0,0,1214706139355,114567275080,0,0,175125,0,0,0,0,0,0,0,0,0,0,0,0,0,0,0,0,0,0,0,0,0,0,0,0,113482,0,0,0
1744061889.001234,600004,21131157,0,pscratch,pscratch-ffff9e2aa9933800,0,0,2592390775075,988948945394,0,0,276110,0,0,0,0,0,0,0,0,0,0,0,0,0,0,0,0,0,0,0,0,0,0,0,0,503310,0,0,0
1744061890.001733,600004,21131157,0,nscratch,nscratch-ffff9e3a24612000,0,0,1214706139355,114567275080,0,0,175125,0,0,0,0,0,0,0,0,0,0,0,0,0,0,0,0,0,0,0,0,0,0,0,0,113482,0,0,0
1744061890.001826,600004,21131157,0,pscratch,pscratch-ffff9e2aa9933800,0,0,2592390775075,988948946246,0,0,276110,0,0,0,0,0,0,0,0,0,0,0,0,0,0,0,0,0,0,0,0,0,0,0,0,503310,0,0,0
1744061891.002110,600004,21131157,0,nscratch,nscratch-ffff9e3a24612000,0,0,1214706139355,114567275080,0,0,175125,0,0,0,0,0,0,0,0,0,0,0,0,0,0,0,0,0,0,0,0,0,0,0,0,113482,0,0,0
1744061891.002184,600004,21131157,0,pscratch,pscratch-ffff9e2aa9933800,0,0,2592390775075,988948951315,0,0,276110,0,0,0,0,0,0,0,0,0,0,0,0,0,0,0,0,0,0,0,0,0,0,0,0,503310,0,0,0
1744061892.001416,600004,21131157,0,nscratch,nscratch-ffff9e3a24612000,0,0,1214706139355,114567275080,0,0,175125,0,0,0,0,0,0,0,0,0,0,0,0,0,0,0,0,0,0,0,0,0,0,0,0,113482,0,0,0
1744061892.001491,600004,21131157,0,pscratch,pscratch-ffff9e2aa9933800,0,0,2592390775075,988948951315,0,0,276110,0,0,0,0,0,0,0,0,0,0,0,0,0,0,0,0,0,0,0,0,0,0,0,0,503310,0,0,0
1744061893.001977,600004,21131157,0,nscratch,nscratch-ffff9e3a24612000,0,0,1214706139355,114567275080,0,0,175125,0,0,0,0,0,0,0,0,0,0,0,0,0,0,0,0,0,0,0,0,0,0,0,0,113482,0,0,0
1744061893.002061,600004,21131157,0,pscratch,pscratch-ffff9e2aa9933800,0,0,2592390775075,988949188211,0,0,276110,0,0,0,0,0,0,0,0,0,0,0,0,0,0,0,0,0,0,0,0,0,0,0,0,503310,0,0,0
1744061894.001612,600004,21131157,0,nscratch,nscratch-ffff9e3a24612000,0,0,1214706139355,114567275080,0,0,175125,0,0,0,0,0,0,0,0,0,0,0,0,0,0,0,0,0,0,0,0,0,0,0,0,113482,0,0,0
1744061894.001686,600004,21131157,0,pscratch,pscratch-ffff9e2aa9933800,0,0,2592390775075,988949196402,0,0,276110,0,0,0,0,0,0,0,0,0,0,0,0,0,0,0,0,0,0,0,0,0,0,0,0,503310,0,0,0
1744061895.001822,600004,21131157,0,nscratch,nscratch-ffff9e3a24612000,0,0,1214706139355,114567275080,0,0,175125,0,0,0,0,0,0,0,0,0,0,0,0,0,0,0,0,0,0,0,0,0,0,0,0,113482,0,0,0
1744061895.001929,600004,21131157,0,pscratch,pscratch-ffff9e2aa9933800,0,0,2592390775075,988949202270,0,0,276110,0,0,0,0,0,0,0,0,0,0,0,0,0,0,0,0,0,0,0,0,0,0,0,0,503310,0,0,0
1744061896.001334,600004,21131157,0,nscratch,nscratch-ffff9e3a24612000,0,0,1214706139355,114567275080,0,0,175125,0,0,0,0,0,0,0,0,0,0,0,0,0,0,0,0,0,0,0,0,0,0,0,0,113482,0,0,0
1744061896.001408,600004,21131157,0,pscratch,pscratch-ffff9e2aa9933800,0,0,2592390775075,988949202270,0,0,276110,0,0,0,0,0,0,0,0,0,0,0,0,0,0,0,0,0,0,0,0,0,0,0,0,503310,0,0,0
1744061897.001681,600004,21131157,0,nscratch,nscratch-ffff9e3a24612000,0,0,1214706139355,114567275080,0,0,175125,0,0,0,0,0,0,0,0,0,0,0,0,0,0,0,0,0,0,0,0,0,0,0,0,113482,0,0,0
1744061897.001755,600004,21131157,0,pscratch,pscratch-ffff9e2aa9933800,0,0,2592390775075,988949207712,0,0,276110,0,0,0,0,0,0,0,0,0,0,0,0,0,0,0,0,0,0,0,0,0,0,0,0,503310,0,0,0
1744061898.001922,600004,21131157,0,nscratch,nscratch-ffff9e3a24612000,0,0,1214706139355,114567275080,0,0,175125,0,0,0,0,0,0,0,0,0,0,0,0,0,0,0,0,0,0,0,0,0,0,0,0,113482,0,0,0
1744061898.002002,600004,21131157,0,pscratch,pscratch-ffff9e2aa9933800,0,0,2592390775075,988949212730,0,0,276110,0,0,0,0,0,0,0,0,0,0,0,0,0,0,0,0,0,0,0,0,0,0,0,0,503310,0,0,0
1744061899.001467,600004,21131157,0,nscratch,nscratch-ffff9e3a24612000,0,0,1214706139355,114567275080,0,0,175125,0,0,0,0,0,0,0,0,0,0,0,0,0,0,0,0,0,0,0,0,0,0,0,0,113482,0,0,0
1744061899.001545,600004,21131157,0,pscratch,pscratch-ffff9e2aa9933800,0,0,2592390775075,988949212730,0,0,276110,0,0,0,0,0,0,0,0,0,0,0,0,0,0,0,0,0,0,0,0,0,0,0,0,503310,0,0,0
1744061900.001840,600004,21131157,0,nscratch,nscratch-ffff9e3a24612000,0,0,1214706139355,114567275080,0,0,175125,0,0,0,0,0,0,0,0,0,0,0,0,0,0,0,0,0,0,0,0,0,0,0,0,113482,0,0,0
1744061900.001924,600004,21131157,0,pscratch,pscratch-ffff9e2aa9933800,0,0,2592424841711,988988662651,0,0,276110,0,0,0,0,0,0,0,0,0,0,0,0,0,0,0,0,0,0,0,0,0,0,0,0,503310,0,0,0
1744061901.002205,600004,21131157,0,nscratch,nscratch-ffff9e3a24612000,0,0,1214706139355,114567275080,0,0,175125,0,0,0,0,0,0,0,0,0,0,0,0,0,0,0,0,0,0,0,0,0,0,0,0,113482,0,0,0
1744061901.002323,600004,21131157,0,pscratch,pscratch-ffff9e2aa9933800,0,0,2592433278843,988998636988,0,0,276110,0,0,0,0,0,0,0,0,0,0,0,0,0,0,0,0,0,0,0,0,0,0,0,0,503310,0,0,0
1744061902.001942,600004,21131157,0,nscratch,nscratch-ffff9e3a24612000,0,0,1214706139355,114567275080,0,0,175125,0,0,0,0,0,0,0,0,0,0,0,0,0,0,0,0,0,0,0,0,0,0,0,0,113482,0,0,0
1744061902.002017,600004,21131157,0,pscratch,pscratch-ffff9e2aa9933800,0,0,2592433278843,988998636988,0,0,276110,0,0,0,0,0,0,0,0,0,0,0,0,0,0,0,0,0,0,0,0,0,0,0,0,503310,0,0,0
1744061903.001411,600004,21131157,0,nscratch,nscratch-ffff9e3a24612000,0,0,1214706139355,114567275080,0,0,175125,0,0,0,0,0,0,0,0,0,0,0,0,0,0,0,0,0,0,0,0,0,0,0,0,113482,0,0,0
1744061903.001487,600004,21131157,0,pscratch,pscratch-ffff9e2aa9933800,0,0,2592433278843,988998650765,0,0,276110,0,0,0,0,0,0,0,0,0,0,0,0,0,0,0,0,0,0,0,0,0,0,0,0,503310,0,0,0
1744061904.001692,600004,21131157,0,nscratch,nscratch-ffff9e3a24612000,0,0,1214706139355,114567275080,0,0,175125,0,0,0,0,0,0,0,0,0,0,0,0,0,0,0,0,0,0,0,0,0,0,0,0,113482,0,0,0
1744061904.001787,600004,21131157,0,pscratch,pscratch-ffff9e2aa9933800,0,0,2592433278843,988998655784,0,0,276110,0,0,0,0,0,0,0,0,0,0,0,0,0,0,0,0,0,0,0,0,0,0,0,0,503310,0,0,0
1744061905.002193,600004,21131157,0,nscratch,nscratch-ffff9e3a24612000,0,0,1214706139355,114567275080,0,0,175125,0,0,0,0,0,0,0,0,0,0,0,0,0,0,0,0,0,0,0,0,0,0,0,0,113482,0,0,0
1744061905.002269,600004,21131157,0,pscratch,pscratch-ffff9e2aa9933800,0,0,2592433278843,988998656693,0,0,276110,0,0,0,0,0,0,0,0,0,0,0,0,0,0,0,0,0,0,0,0,0,0,0,0,503310,0,0,0
1744061906.001635,600004,21131157,0,nscratch,nscratch-ffff9e3a24612000,0,0,1214706139355,114567275080,0,0,175125,0,0,0,0,0,0,0,0,0,0,0,0,0,0,0,0,0,0,0,0,0,0,0,0,113482,0,0,0
1744061906.001731,600004,21131157,0,pscratch,pscratch-ffff9e2aa9933800,0,0,2592433278843,988998661283,0,0,276110,0,0,0,0,0,0,0,0,0,0,0,0,0,0,0,0,0,0,0,0,0,0,0,0,503310,0,0,0
1744061907.001949,600004,21131157,0,nscratch,nscratch-ffff9e3a24612000,0,0,1214706139355,114567275080,0,0,175125,0,0,0,0,0,0,0,0,0,0,0,0,0,0,0,0,0,0,0,0,0,0,0,0,113482,0,0,0
1744061907.002044,600004,21131157,0,pscratch,pscratch-ffff9e2aa9933800,0,0,2592433278843,988998661709,0,0,276110,0,0,0,0,0,0,0,0,0,0,0,0,0,0,0,0,0,0,0,0,0,0,0,0,503310,0,0,0
1744061908.001432,600004,21131157,0,nscratch,nscratch-ffff9e3a24612000,0,0,1214706139355,114567275080,0,0,175125,0,0,0,0,0,0,0,0,0,0,0,0,0,0,0,0,0,0,0,0,0,0,0,0,113482,0,0,0
1744061908.001514,600004,21131157,0,pscratch,pscratch-ffff9e2aa9933800,0,0,2592433278843,988998898359,0,0,276110,0,0,0,0,0,0,0,0,0,0,0,0,0,0,0,0,0,0,0,0,0,0,0,0,503310,0,0,0
1744061909.001807,600004,21131157,0,nscratch,nscratch-ffff9e3a24612000,0,0,1214706139355,114567275080,0,0,175125,0,0,0,0,0,0,0,0,0,0,0,0,0,0,0,0,0,0,0,0,0,0,0,0,113482,0,0,0
1744061909.001890,600004,21131157,0,pscratch,pscratch-ffff9e2aa9933800,0,0,2592433278843,988998898785,0,0,276110,0,0,0,0,0,0,0,0,0,0,0,0,0,0,0,0,0,0,0,0,0,0,0,0,503310,0,0,0
1744061910.002048,600004,21131157,0,nscratch,nscratch-ffff9e3a24612000,0,0,1214706139355,114567275080,0,0,175125,0,0,0,0,0,0,0,0,0,0,0,0,0,0,0,0,0,0,0,0,0,0,0,0,113482,0,0,0
1744061910.002187,600004,21131157,0,pscratch,pscratch-ffff9e2aa9933800,0,0,2592433278843,988998904455,0,0,276110,0,0,0,0,0,0,0,0,0,0,0,0,0,0,0,0,0,0,0,0,0,0,0,0,503310,0,0,0
1744061911.001625,600004,21131157,0,nscratch,nscratch-ffff9e3a24612000,0,0,1214706139355,114567275080,0,0,175125,0,0,0,0,0,0,0,0,0,0,0,0,0,0,0,0,0,0,0,0,0,0,0,0,113482,0,0,0
1744061911.001699,600004,21131157,0,pscratch,pscratch-ffff9e2aa9933800,0,0,2592433278843,988998913129,0,0,276110,0,0,0,0,0,0,0,0,0,0,0,0,0,0,0,0,0,0,0,0,0,0,0,0,503310,0,0,0
1744061912.001985,600004,21131157,0,nscratch,nscratch-ffff9e3a24612000,0,0,1214706139355,114567275080,0,0,175125,0,0,0,0,0,0,0,0,0,0,0,0,0,0,0,0,0,0,0,0,0,0,0,0,113482,0,0,0
1744061912.002060,600004,21131157,0,pscratch,pscratch-ffff9e2aa9933800,0,0,2592433278843,988998917719,0,0,276110,0,0,0,0,0,0,0,0,0,0,0,0,0,0,0,0,0,0,0,0,0,0,0,0,503310,0,0,0
1744061913.001341,600004,21131157,0,nscratch,nscratch-ffff9e3a24612000,0,0,1214706139355,114567275080,0,0,175125,0,0,0,0,0,0,0,0,0,0,0,0,0,0,0,0,0,0,0,0,0,0,0,0,113482,0,0,0
1744061913.001419,600004,21131157,0,pscratch,pscratch-ffff9e2aa9933800,0,0,2592433278843,988998918571,0,0,276110,0,0,0,0,0,0,0,0,0,0,0,0,0,0,0,0,0,0,0,0,0,0,0,0,503310,0,0,0
1744061914.001798,600004,21131157,0,nscratch,nscratch-ffff9e3a24612000,0,0,1214706139355,114567275080,0,0,175125,0,0,0,0,0,0,0,0,0,0,0,0,0,0,0,0,0,0,0,0,0,0,0,0,113482,0,0,0
1744061914.001885,600004,21131157,0,pscratch,pscratch-ffff9e2aa9933800,0,0,2592433278843,988998924013,0,0,276110,0,0,0,0,0,0,0,0,0,0,0,0,0,0,0,0,0,0,0,0,0,0,0,0,503310,0,0,0
1744061915.002158,600004,21131157,0,nscratch,nscratch-ffff9e3a24612000,0,0,1214706139355,114567275080,0,0,175125,0,0,0,0,0,0,0,0,0,0,0,0,0,0,0,0,0,0,0,0,0,0,0,0,113482,0,0,0
1744061915.002251,600004,21131157,0,pscratch,pscratch-ffff9e2aa9933800,0,0,2592433278843,988998924438,0,0,276110,0,0,0,0,0,0,0,0,0,0,0,0,0,0,0,0,0,0,0,0,0,0,0,0,503310,0,0,0
1744061916.001524,600004,21131157,0,nscratch,nscratch-ffff9e3a24612000,0,0,1214706139355,114567275080,0,0,175125,0,0,0,0,0,0,0,0,0,0,0,0,0,0,0,0,0,0,0,0,0,0,0,0,113482,0,0,0
1744061916.001616,600004,21131157,0,pscratch,pscratch-ffff9e2aa9933800,0,0,2592433278843,988999160432,0,0,276110,0,0,0,0,0,0,0,0,0,0,0,0,0,0,0,0,0,0,0,0,0,0,0,0,503310,0,0,0
1744061917.002063,600004,21131157,0,nscratch,nscratch-ffff9e3a24612000,0,0,1214706139355,114567275080,0,0,175125,0,0,0,0,0,0,0,0,0,0,0,0,0,0,0,0,0,0,0,0,0,0,0,0,113482,0,0,0
1744061917.002142,600004,21131157,0,pscratch,pscratch-ffff9e2aa9933800,0,0,2592433278843,988999160858,0,0,276110,0,0,0,0,0,0,0,0,0,0,0,0,0,0,0,0,0,0,0,0,0,0,0,0,503310,0,0,0
1744061918.001501,600004,21131157,0,nscratch,nscratch-ffff9e3a24612000,0,0,1214706139355,114567275080,0,0,175125,0,0,0,0,0,0,0,0,0,0,0,0,0,0,0,0,0,0,0,0,0,0,0,0,113482,0,0,0
1744061918.001578,600004,21131157,0,pscratch,pscratch-ffff9e2aa9933800,0,0,2592433278843,988999165448,0,0,276110,0,0,0,0,0,0,0,0,0,0,0,0,0,0,0,0,0,0,0,0,0,0,0,0,503310,0,0,0
1744061919.001736,600004,21131157,0,nscratch,nscratch-ffff9e3a24612000,0,0,1214706139355,114567275080,0,0,175125,0,0,0,0,0,0,0,0,0,0,0,0,0,0,0,0,0,0,0,0,0,0,0,0,113482,0,0,0
1744061919.001816,600004,21131157,0,pscratch,pscratch-ffff9e2aa9933800,0,0,2592433278843,988999174525,0,0,276110,0,0,0,0,0,0,0,0,0,0,0,0,0,0,0,0,0,0,0,0,0,0,0,0,503310,0,0,0
1744061920.002544,600004,21131157,0,nscratch,nscratch-ffff9e3a24612000,0,0,1214706139355,114567275080,0,0,175125,0,0,0,0,0,0,0,0,0,0,0,0,0,0,0,0,0,0,0,0,0,0,0,0,113482,0,0,0
1744061920.002725,600004,21131157,0,pscratch,pscratch-ffff9e2aa9933800,0,0,2592475823667,989048665823,0,0,276110,0,0,0,0,0,0,0,0,0,0,0,0,0,0,0,0,0,0,0,0,0,0,0,0,503310,0,0,0
1744061921.002090,600004,21131157,0,nscratch,nscratch-ffff9e3a24612000,0,0,1214706139355,114567275080,0,0,175125,0,0,0,0,0,0,0,0,0,0,0,0,0,0,0,0,0,0,0,0,0,0,0,0,113482,0,0,0
1744061921.002165,600004,21131157,0,pscratch,pscratch-ffff9e2aa9933800,0,0,2592475823667,989048666249,0,0,276110,0,0,0,0,0,0,0,0,0,0,0,0,0,0,0,0,0,0,0,0,0,0,0,0,503310,0,0,0
1744061922.001303,600004,21131157,0,nscratch,nscratch-ffff9e3a24612000,0,0,1214706139355,114567275080,0,0,175125,0,0,0,0,0,0,0,0,0,0,0,0,0,0,0,0,0,0,0,0,0,0,0,0,113482,0,0,0
1744061922.001378,600004,21131157,0,pscratch,pscratch-ffff9e2aa9933800,0,0,2592475823667,989048672771,0,0,276110,0,0,0,0,0,0,0,0,0,0,0,0,0,0,0,0,0,0,0,0,0,0,0,0,503310,0,0,0
1744061923.001860,600004,21131157,0,nscratch,nscratch-ffff9e3a24612000,0,0,1214706139355,114567275080,0,0,175125,0,0,0,0,0,0,0,0,0,0,0,0,0,0,0,0,0,0,0,0,0,0,0,0,113482,0,0,0
1744061923.001960,600004,21131157,0,pscratch,pscratch-ffff9e2aa9933800,0,0,2592475823667,989048672771,0,0,276110,0,0,0,0,0,0,0,0,0,0,0,0,0,0,0,0,0,0,0,0,0,0,0,0,503310,0,0,0
1744061924.002268,600004,21131157,0,nscratch,nscratch-ffff9e3a24612000,0,0,1214706139355,114567275080,0,0,175125,0,0,0,0,0,0,0,0,0,0,0,0,0,0,0,0,0,0,0,0,0,0,0,0,113482,0,0,0
1744061924.002347,600004,21131157,0,pscratch,pscratch-ffff9e2aa9933800,0,0,2592475823667,989048907901,0,0,276110,0,0,0,0,0,0,0,0,0,0,0,0,0,0,0,0,0,0,0,0,0,0,0,0,503310,0,0,0
1744061925.001489,600004,21131157,0,nscratch,nscratch-ffff9e3a24612000,0,0,1214706139355,114567275080,0,0,175125,0,0,0,0,0,0,0,0,0,0,0,0,0,0,0,0,0,0,0,0,0,0,0,0,113482,0,0,0
1744061925.001564,600004,21131157,0,pscratch,pscratch-ffff9e2aa9933800,0,0,2592475823667,989048908753,0,0,276110,0,0,0,0,0,0,0,0,0,0,0,0,0,0,0,0,0,0,0,0,0,0,0,0,503310,0,0,0
1744061926.001960,600004,21131157,0,nscratch,nscratch-ffff9e3a24612000,0,0,1214706139355,114567275080,0,0,175125,0,0,0,0,0,0,0,0,0,0,0,0,0,0,0,0,0,0,0,0,0,0,0,0,113482,0,0,0
1744061926.002040,600004,21131157,0,pscratch,pscratch-ffff9e2aa9933800,0,0,2592475823667,989048913773,0,0,276110,0,0,0,0,0,0,0,0,0,0,0,0,0,0,0,0,0,0,0,0,0,0,0,0,503310,0,0,0
1744061927.001577,600004,21131157,0,nscratch,nscratch-ffff9e3a24612000,0,0,1214706139355,114567275080,0,0,175125,0,0,0,0,0,0,0,0,0,0,0,0,0,0,0,0,0,0,0,0,0,0,0,0,113482,0,0,0
1744061927.001652,600004,21131157,0,pscratch,pscratch-ffff9e2aa9933800,0,0,2592475823667,989048914199,0,0,276110,0,0,0,0,0,0,0,0,0,0,0,0,0,0,0,0,0,0,0,0,0,0,0,0,503310,0,0,0
1744061928.001790,600004,21131157,0,nscratch,nscratch-ffff9e3a24612000,0,0,1214706139355,114567275080,0,0,175125,0,0,0,0,0,0,0,0,0,0,0,0,0,0,0,0,0,0,0,0,0,0,0,0,113482,0,0,0
1744061928.001875,600004,21131157,0,pscratch,pscratch-ffff9e2aa9933800,0,0,2592475823667,989048918789,0,0,276110,0,0,0,0,0,0,0,0,0,0,0,0,0,0,0,0,0,0,0,0,0,0,0,0,503310,0,0,0
1744061929.002243,600004,21131157,0,nscratch,nscratch-ffff9e3a24612000,0,0,1214706139355,114567275080,0,0,175125,0,0,0,0,0,0,0,0,0,0,0,0,0,0,0,0,0,0,0,0,0,0,0,0,113482,0,0,0
1744061929.002318,600004,21131157,0,pscratch,pscratch-ffff9e2aa9933800,0,0,2592475823667,989048927406,0,0,276110,0,0,0,0,0,0,0,0,0,0,0,0,0,0,0,0,0,0,0,0,0,0,0,0,503310,0,0,0
1744061930.001882,600004,21131157,0,nscratch,nscratch-ffff9e3a24612000,0,0,1214706139355,114567275080,0,0,175125,0,0,0,0,0,0,0,0,0,0,0,0,0,0,0,0,0,0,0,0,0,0,0,0,113482,0,0,0
1744061930.001966,600004,21131157,0,pscratch,pscratch-ffff9e2aa9933800,0,0,2592475823667,989048933076,0,0,276110,0,0,0,0,0,0,0,0,0,0,0,0,0,0,0,0,0,0,0,0,0,0,0,0,503310,0,0,0
1744061931.002134,600004,21131157,0,nscratch,nscratch-ffff9e3a24612000,0,0,1214706139355,114567275080,0,0,175125,0,0,0,0,0,0,0,0,0,0,0,0,0,0,0,0,0,0,0,0,0,0,0,0,113482,0,0,0
1744061931.002227,600004,21131157,0,pscratch,pscratch-ffff9e2aa9933800,0,0,2592475823667,989048933502,0,0,276110,0,0,0,0,0,0,0,0,0,0,0,0,0,0,0,0,0,0,0,0,0,0,0,0,503310,0,0,0
1744061932.001590,600004,21131157,0,nscratch,nscratch-ffff9e3a24612000,0,0,1214706139355,114567275080,0,0,175125,0,0,0,0,0,0,0,0,0,0,0,0,0,0,0,0,0,0,0,0,0,0,0,0,113482,0,0,0
1744061932.001689,600004,21131157,0,pscratch,pscratch-ffff9e2aa9933800,0,0,2592475823667,989048939429,0,0,276110,0,0,0,0,0,0,0,0,0,0,0,0,0,0,0,0,0,0,0,0,0,0,0,0,503310,0,0,0
1744061933.002001,600004,21131157,0,nscratch,nscratch-ffff9e3a24612000,0,0,1214706139355,114567275080,0,0,175125,0,0,0,0,0,0,0,0,0,0,0,0,0,0,0,0,0,0,0,0,0,0,0,0,113482,0,0,0
1744061933.002080,600004,21131157,0,pscratch,pscratch-ffff9e2aa9933800,0,0,2592475823667,989049169038,0,0,276110,0,0,0,0,0,0,0,0,0,0,0,0,0,0,0,0,0,0,0,0,0,0,0,0,503310,0,0,0
1744061934.001301,600004,21131157,0,nscratch,nscratch-ffff9e3a24612000,0,0,1214706139355,114567275080,0,0,175125,0,0,0,0,0,0,0,0,0,0,0,0,0,0,0,0,0,0,0,0,0,0,0,0,113482,0,0,0
1744061934.001378,600004,21131157,0,pscratch,pscratch-ffff9e2aa9933800,0,0,2592475823667,989049169517,0,0,276110,0,0,0,0,0,0,0,0,0,0,0,0,0,0,0,0,0,0,0,0,0,0,0,0,503310,0,0,0
1744061935.001746,600004,21131157,0,nscratch,nscratch-ffff9e3a24612000,0,0,1214706139355,114567275080,0,0,175125,0,0,0,0,0,0,0,0,0,0,0,0,0,0,0,0,0,0,0,0,0,0,0,0,113482,0,0,0
1744061935.001852,600004,21131157,0,pscratch,pscratch-ffff9e2aa9933800,0,0,2592475823667,989049174537,0,0,276110,0,0,0,0,0,0,0,0,0,0,0,0,0,0,0,0,0,0,0,0,0,0,0,0,503310,0,0,0
1744061936.002148,600004,21131157,0,nscratch,nscratch-ffff9e3a24612000,0,0,1214706139355,114567275080,0,0,175125,0,0,0,0,0,0,0,0,0,0,0,0,0,0,0,0,0,0,0,0,0,0,0,0,113482,0,0,0
1744061936.002257,600004,21131157,0,pscratch,pscratch-ffff9e2aa9933800,0,0,2592475823667,989049174963,0,0,276110,0,0,0,0,0,0,0,0,0,0,0,0,0,0,0,0,0,0,0,0,0,0,0,0,503310,0,0,0
1744061937.001465,600004,21131157,0,nscratch,nscratch-ffff9e3a24612000,0,0,1214706139355,114567275080,0,0,175125,0,0,0,0,0,0,0,0,0,0,0,0,0,0,0,0,0,0,0,0,0,0,0,0,113482,0,0,0
1744061937.001542,600004,21131157,0,pscratch,pscratch-ffff9e2aa9933800,0,0,2592475823667,989049179553,0,0,276110,0,0,0,0,0,0,0,0,0,0,0,0,0,0,0,0,0,0,0,0,0,0,0,0,503310,0,0,0
1744061938.001920,600004,21131157,0,nscratch,nscratch-ffff9e3a24612000,0,0,1214706139355,114567275080,0,0,175125,0,0,0,0,0,0,0,0,0,0,0,0,0,0,0,0,0,0,0,0,0,0,0,0,113482,0,0,0
1744061938.002016,600004,21131157,0,pscratch,pscratch-ffff9e2aa9933800,0,0,2592475823667,989049188601,0,0,276110,0,0,0,0,0,0,0,0,0,0,0,0,0,0,0,0,0,0,0,0,0,0,0,0,503310,0,0,0
1744061939.001391,600004,21131157,0,nscratch,nscratch-ffff9e3a24612000,0,0,1214706139355,114567275080,0,0,175125,0,0,0,0,0,0,0,0,0,0,0,0,0,0,0,0,0,0,0,0,0,0,0,0,113482,0,0,0
1744061939.001465,600004,21131157,0,pscratch,pscratch-ffff9e2aa9933800,0,0,2592475823667,989049194271,0,0,276110,0,0,0,0,0,0,0,0,0,0,0,0,0,0,0,0,0,0,0,0,0,0,0,0,503310,0,0,0
1744061940.001616,600004,21131157,0,nscratch,nscratch-ffff9e3a24612000,0,0,1214706139355,114567275080,0,0,175125,0,0,0,0,0,0,0,0,0,0,0,0,0,0,0,0,0,0,0,0,0,0,0,0,113482,0,0,0
1744061940.001696,600004,21131157,0,pscratch,pscratch-ffff9e2aa9933800,0,0,2592475823667,989049195586,0,0,276110,0,0,0,0,0,0,0,0,0,0,0,0,0,0,0,0,0,0,0,0,0,0,0,0,503310,0,0,0
1744061941.002179,600004,21131157,0,nscratch,nscratch-ffff9e3a24612000,0,0,1214706139355,114567275080,0,0,175125,0,0,0,0,0,0,0,0,0,0,0,0,0,0,0,0,0,0,0,0,0,0,0,0,113482,0,0,0
1744061941.002282,600004,21131157,0,pscratch,pscratch-ffff9e2aa9933800,0,0,2592518393163,989098981897,0,0,276110,0,0,0,0,0,0,0,0,0,0,0,0,0,0,0,0,0,0,0,0,0,0,0,0,503310,0,0,0
1744061942.001610,600004,21131157,0,nscratch,nscratch-ffff9e3a24612000,0,0,1214706139355,114567275080,0,0,175125,0,0,0,0,0,0,0,0,0,0,0,0,0,0,0,0,0,0,0,0,0,0,0,0,113482,0,0,0
1744061942.001685,600004,21131157,0,pscratch,pscratch-ffff9e2aa9933800,0,0,2592518393163,989098982021,0,0,276110,0,0,0,0,0,0,0,0,0,0,0,0,0,0,0,0,0,0,0,0,0,0,0,0,503310,0,0,0
1744061943.001822,600004,21131157,0,nscratch,nscratch-ffff9e3a24612000,0,0,1214706139355,114567275080,0,0,175125,0,0,0,0,0,0,0,0,0,0,0,0,0,0,0,0,0,0,0,0,0,0,0,0,113482,0,0,0
1744061943.001930,600004,21131157,0,pscratch,pscratch-ffff9e2aa9933800,0,0,2592518393163,989098982021,0,0,276110,0,0,0,0,0,0,0,0,0,0,0,0,0,0,0,0,0,0,0,0,0,0,0,0,503310,0,0,0
1744061944.001403,600004,21131157,0,nscratch,nscratch-ffff9e3a24612000,0,0,1214706139355,114567275080,0,0,175125,0,0,0,0,0,0,0,0,0,0,0,0,0,0,0,0,0,0,0,0,0,0,0,0,113482,0,0,0
1744061944.001477,600004,21131157,0,pscratch,pscratch-ffff9e2aa9933800,0,0,2592518393163,989098982021,0,0,276110,0,0,0,0,0,0,0,0,0,0,0,0,0,0,0,0,0,0,0,0,0,0,0,0,503310,0,0,0
1744061945.001784,600004,21131157,0,nscratch,nscratch-ffff9e3a24612000,0,0,1214706139355,114567275080,0,0,175125,0,0,0,0,0,0,0,0,0,0,0,0,0,0,0,0,0,0,0,0,0,0,0,0,113482,0,0,0
1744061945.001867,600004,21131157,0,pscratch,pscratch-ffff9e2aa9933800,0,0,2592518393163,989098984449,0,0,276110,0,0,0,0,0,0,0,0,0,0,0,0,0,0,0,0,0,0,0,0,0,0,0,0,503310,0,0,0
1744061946.002017,600004,21131157,0,nscratch,nscratch-ffff9e3a24612000,0,0,1214706139355,114567275080,0,0,175125,0,0,0,0,0,0,0,0,0,0,0,0,0,0,0,0,0,0,0,0,0,0,0,0,113482,0,0,0
1744061946.002096,600004,21131157,0,pscratch,pscratch-ffff9e2aa9933800,0,0,2592518393163,989098984449,0,0,276110,0,0,0,0,0,0,0,0,0,0,0,0,0,0,0,0,0,0,0,0,0,0,0,0,503310,0,0,0
1744061947.001565,600004,21131157,0,nscratch,nscratch-ffff9e3a24612000,0,0,1214706139355,114567275080,0,0,175125,0,0,0,0,0,0,0,0,0,0,0,0,0,0,0,0,0,0,0,0,0,0,0,0,113482,0,0,0
1744061947.001640,600004,21131157,0,pscratch,pscratch-ffff9e2aa9933800,0,0,2592518393163,989098984449,0,0,276110,0,0,0,0,0,0,0,0,0,0,0,0,0,0,0,0,0,0,0,0,0,0,0,0,503310,0,0,0
1744061948.001973,600004,21131157,0,nscratch,nscratch-ffff9e3a24612000,0,0,1214706139355,114567275080,0,0,175125,0,0,0,0,0,0,0,0,0,0,0,0,0,0,0,0,0,0,0,0,0,0,0,0,113482,0,0,0
1744061948.002051,600004,21131157,0,pscratch,pscratch-ffff9e2aa9933800,0,0,2592518393163,989098984449,0,0,276110,0,0,0,0,0,0,0,0,0,0,0,0,0,0,0,0,0,0,0,0,0,0,0,0,503310,0,0,0
1744061949.001332,600004,21131157,0,nscratch,nscratch-ffff9e3a24612000,0,0,1214706139355,114567275080,0,0,175125,0,0,0,0,0,0,0,0,0,0,0,0,0,0,0,0,0,0,0,0,0,0,0,0,113482,0,0,0
1744061949.001503,600004,21131157,0,pscratch,pscratch-ffff9e2aa9933800,0,0,2592518393163,989098984449,0,0,276110,0,0,0,0,0,0,0,0,0,0,0,0,0,0,0,0,0,0,0,0,0,0,0,0,503310,0,0,0
1744061950.001923,600004,21131157,0,nscratch,nscratch-ffff9e3a24612000,0,0,1214706139355,114567275080,0,0,175125,0,0,0,0,0,0,0,0,0,0,0,0,0,0,0,0,0,0,0,0,0,0,0,0,113482,0,0,0
1744061950.001999,600004,21131157,0,pscratch,pscratch-ffff9e2aa9933800,0,0,2592518393163,989098984449,0,0,276110,0,0,0,0,0,0,0,0,0,0,0,0,0,0,0,0,0,0,0,0,0,0,0,0,503310,0,0,0
1744061951.001459,600004,21131157,0,nscratch,nscratch-ffff9e3a24612000,0,0,1214706139355,114567275080,0,0,175125,0,0,0,0,0,0,0,0,0,0,0,0,0,0,0,0,0,0,0,0,0,0,0,0,113482,0,0,0
1744061951.001533,600004,21131157,0,pscratch,pscratch-ffff9e2aa9933800,0,0,2592518393163,989098984449,0,0,276110,0,0,0,0,0,0,0,0,0,0,0,0,0,0,0,0,0,0,0,0,0,0,0,0,503310,0,0,0
1744061952.001785,600004,21131157,0,nscratch,nscratch-ffff9e3a24612000,0,0,1214706139355,114567275080,0,0,175125,0,0,0,0,0,0,0,0,0,0,0,0,0,0,0,0,0,0,0,0,0,0,0,0,113482,0,0,0
1744061952.001889,600004,21131157,0,pscratch,pscratch-ffff9e2aa9933800,0,0,2592518393163,989098984449,0,0,276110,0,0,0,0,0,0,0,0,0,0,0,0,0,0,0,0,0,0,0,0,0,0,0,0,503310,0,0,0
1744061953.001347,600004,21131157,0,nscratch,nscratch-ffff9e3a24612000,0,0,1214706139355,114567275080,0,0,175125,0,0,0,0,0,0,0,0,0,0,0,0,0,0,0,0,0,0,0,0,0,0,0,0,113482,0,0,0
1744061953.001421,600004,21131157,0,pscratch,pscratch-ffff9e2aa9933800,0,0,2592518393163,989098984449,0,0,276110,0,0,0,0,0,0,0,0,0,0,0,0,0,0,0,0,0,0,0,0,0,0,0,0,503310,0,0,0
1744061954.001903,600004,21131157,0,nscratch,nscratch-ffff9e3a24612000,0,0,1214706139355,114567275080,0,0,175125,0,0,0,0,0,0,0,0,0,0,0,0,0,0,0,0,0,0,0,0,0,0,0,0,113482,0,0,0
1744061954.001984,600004,21131157,0,pscratch,pscratch-ffff9e2aa9933800,0,0,2592518393163,989098984449,0,0,276110,0,0,0,0,0,0,0,0,0,0,0,0,0,0,0,0,0,0,0,0,0,0,0,0,503310,0,0,0
1744061955.002135,600004,21131157,0,nscratch,nscratch-ffff9e3a24612000,0,0,1214706139355,114567275080,0,0,175125,0,0,0,0,0,0,0,0,0,0,0,0,0,0,0,0,0,0,0,0,0,0,0,0,113482,0,0,0
1744061955.002214,600004,21131157,0,pscratch,pscratch-ffff9e2aa9933800,0,0,2592518393163,989098984449,0,0,276110,0,0,0,0,0,0,0,0,0,0,0,0,0,0,0,0,0,0,0,0,0,0,0,0,503310,0,0,0
1744061956.001692,600004,21131157,0,nscratch,nscratch-ffff9e3a24612000,0,0,1214706139355,114567275080,0,0,175125,0,0,0,0,0,0,0,0,0,0,0,0,0,0,0,0,0,0,0,0,0,0,0,0,113482,0,0,0
1744061956.001767,600004,21131157,0,pscratch,pscratch-ffff9e2aa9933800,0,0,2592518393163,989098984449,0,0,276110,0,0,0,0,0,0,0,0,0,0,0,0,0,0,0,0,0,0,0,0,0,0,0,0,503310,0,0,0
1744061957.002182,600004,21131157,0,nscratch,nscratch-ffff9e3a24612000,0,0,1214706139355,114567275080,0,0,175125,0,0,0,0,0,0,0,0,0,0,0,0,0,0,0,0,0,0,0,0,0,0,0,0,113482,0,0,0
1744061957.002256,600004,21131157,0,pscratch,pscratch-ffff9e2aa9933800,0,0,2592518393163,989098984449,0,0,276110,0,0,0,0,0,0,0,0,0,0,0,0,0,0,0,0,0,0,0,0,0,0,0,0,503310,0,0,0
1744061958.001495,600004,21131157,0,nscratch,nscratch-ffff9e3a24612000,0,0,1214706139355,114567275080,0,0,175125,0,0,0,0,0,0,0,0,0,0,0,0,0,0,0,0,0,0,0,0,0,0,0,0,113482,0,0,0
1744061958.001570,600004,21131157,0,pscratch,pscratch-ffff9e2aa9933800,0,0,2592518393163,989098984449,0,0,276110,0,0,0,0,0,0,0,0,0,0,0,0,0,0,0,0,0,0,0,0,0,0,0,0,503310,0,0,0
1744061959.002104,600004,21131157,0,nscratch,nscratch-ffff9e3a24612000,0,0,1214706139355,114567275080,0,0,175125,0,0,0,0,0,0,0,0,0,0,0,0,0,0,0,0,0,0,0,0,0,0,0,0,113482,0,0,0
1744061959.002179,600004,21131157,0,pscratch,pscratch-ffff9e2aa9933800,0,0,2592518393163,989098984449,0,0,276110,0,0,0,0,0,0,0,0,0,0,0,0,0,0,0,0,0,0,0,0,0,0,0,0,503310,0,0,0
1744061960.001740,600004,21131157,0,nscratch,nscratch-ffff9e3a24612000,0,0,1214706139355,114567275080,0,0,175125,0,0,0,0,0,0,0,0,0,0,0,0,0,0,0,0,0,0,0,0,0,0,0,0,113482,0,0,0
1744061960.001888,600004,21131157,0,pscratch,pscratch-ffff9e2aa9933800,0,0,2592518393163,989098984449,0,0,276110,0,0,0,0,0,0,0,0,0,0,0,0,0,0,0,0,0,0,0,0,0,0,0,0,503310,0,0,0
1744061961.002040,600004,21131157,0,nscratch,nscratch-ffff9e3a24612000,0,0,1214706139355,114567275080,0,0,175125,0,0,0,0,0,0,0,0,0,0,0,0,0,0,0,0,0,0,0,0,0,0,0,0,113482,0,0,0
1744061961.002121,600004,21131157,0,pscratch,pscratch-ffff9e2aa9933800,0,0,2592518393163,989098984449,0,0,276110,0,0,0,0,0,0,0,0,0,0,0,0,0,0,0,0,0,0,0,0,0,0,0,0,503310,0,0,0
1744061962.001630,600004,21131157,0,nscratch,nscratch-ffff9e3a24612000,0,0,1214706139355,114567275080,0,0,175125,0,0,0,0,0,0,0,0,0,0,0,0,0,0,0,0,0,0,0,0,0,0,0,0,113482,0,0,0
1744061962.001705,600004,21131157,0,pscratch,pscratch-ffff9e2aa9933800,0,0,2592518393163,989098984449,0,0,276110,0,0,0,0,0,0,0,0,0,0,0,0,0,0,0,0,0,0,0,0,0,0,0,0,503310,0,0,0
1744061963.001985,600004,21131157,0,nscratch,nscratch-ffff9e3a24612000,0,0,1214706139355,114567275080,0,0,175125,0,0,0,0,0,0,0,0,0,0,0,0,0,0,0,0,0,0,0,0,0,0,0,0,113482,0,0,0
1744061963.002059,600004,21131157,0,pscratch,pscratch-ffff9e2aa9933800,0,0,2592518393163,989098984449,0,0,276110,0,0,0,0,0,0,0,0,0,0,0,0,0,0,0,0,0,0,0,0,0,0,0,0,503310,0,0,0
1744061964.001328,600004,21131157,0,nscratch,nscratch-ffff9e3a24612000,0,0,1214706139355,114567275080,0,0,175125,0,0,0,0,0,0,0,0,0,0,0,0,0,0,0,0,0,0,0,0,0,0,0,0,113482,0,0,0
1744061964.001405,600004,21131157,0,pscratch,pscratch-ffff9e2aa9933800,0,0,2592518393163,989098984449,0,0,276110,0,0,0,0,0,0,0,0,0,0,0,0,0,0,0,0,0,0,0,0,0,0,0,0,503310,0,0,0
1744061965.001790,600004,21131157,0,nscratch,nscratch-ffff9e3a24612000,0,0,1214706139355,114567275080,0,0,175125,0,0,0,0,0,0,0,0,0,0,0,0,0,0,0,0,0,0,0,0,0,0,0,0,113482,0,0,0
1744061965.001899,600004,21131157,0,pscratch,pscratch-ffff9e2aa9933800,0,0,2592518393163,989098984449,0,0,276110,0,0,0,0,0,0,0,0,0,0,0,0,0,0,0,0,0,0,0,0,0,0,0,0,503310,0,0,0
1744061966.002170,600004,21131157,0,nscratch,nscratch-ffff9e3a24612000,0,0,1214706139355,114567275080,0,0,175125,0,0,0,0,0,0,0,0,0,0,0,0,0,0,0,0,0,0,0,0,0,0,0,0,113482,0,0,0
1744061966.002244,600004,21131157,0,pscratch,pscratch-ffff9e2aa9933800,0,0,2592518393163,989098984449,0,0,276110,0,0,0,0,0,0,0,0,0,0,0,0,0,0,0,0,0,0,0,0,0,0,0,0,503310,0,0,0
1744061967.001523,600004,21131157,0,nscratch,nscratch-ffff9e3a24612000,0,0,1214706139355,114567275080,0,0,175125,0,0,0,0,0,0,0,0,0,0,0,0,0,0,0,0,0,0,0,0,0,0,0,0,113482,0,0,0
1744061967.001695,600004,21131157,0,pscratch,pscratch-ffff9e2aa9933800,0,0,2592518393163,989098984449,0,0,276110,0,0,0,0,0,0,0,0,0,0,0,0,0,0,0,0,0,0,0,0,0,0,0,0,503310,0,0,0
1744061968.002162,600004,21131157,0,nscratch,nscratch-ffff9e3a24612000,0,0,1214706139355,114567275080,0,0,175125,0,0,0,0,0,0,0,0,0,0,0,0,0,0,0,0,0,0,0,0,0,0,0,0,113482,0,0,0
1744061968.002237,600004,21131157,0,pscratch,pscratch-ffff9e2aa9933800,0,0,2592518393163,989098984449,0,0,276110,0,0,0,0,0,0,0,0,0,0,0,0,0,0,0,0,0,0,0,0,0,0,0,0,503310,0,0,0
1744061969.001710,600004,21131157,0,nscratch,nscratch-ffff9e3a24612000,0,0,1214706139355,114567275080,0,0,175125,0,0,0,0,0,0,0,0,0,0,0,0,0,0,0,0,0,0,0,0,0,0,0,0,113482,0,0,0
1744061969.001785,600004,21131157,0,pscratch,pscratch-ffff9e2aa9933800,0,0,2592518393163,989098984449,0,0,276110,0,0,0,0,0,0,0,0,0,0,0,0,0,0,0,0,0,0,0,0,0,0,0,0,503310,0,0,0
1744061970.001930,600004,21131157,0,nscratch,nscratch-ffff9e3a24612000,0,0,1214706139355,114567275080,0,0,175125,0,0,0,0,0,0,0,0,0,0,0,0,0,0,0,0,0,0,0,0,0,0,0,0,113482,0,0,0
1744061970.002027,600004,21131157,0,pscratch,pscratch-ffff9e2aa9933800,0,0,2592518393163,989098984449,0,0,276110,0,0,0,0,0,0,0,0,0,0,0,0,0,0,0,0,0,0,0,0,0,0,0,0,503310,0,0,0
1744061971.001631,600004,21131157,0,nscratch,nscratch-ffff9e3a24612000,0,0,1214706139355,114567275080,0,0,175125,0,0,0,0,0,0,0,0,0,0,0,0,0,0,0,0,0,0,0,0,0,0,0,0,113482,0,0,0
1744061971.001705,600004,21131157,0,pscratch,pscratch-ffff9e2aa9933800,0,0,2592518393163,989098984449,0,0,276110,0,0,0,0,0,0,0,0,0,0,0,0,0,0,0,0,0,0,0,0,0,0,0,0,503310,0,0,0
1744061972.002212,600004,21131157,0,nscratch,nscratch-ffff9e3a24612000,0,0,1214706139355,114567275080,0,0,175125,0,0,0,0,0,0,0,0,0,0,0,0,0,0,0,0,0,0,0,0,0,0,0,0,113482,0,0,0
1744061972.002287,600004,21131157,0,pscratch,pscratch-ffff9e2aa9933800,0,0,2592518393163,989098984449,0,0,276110,0,0,0,0,0,0,0,0,0,0,0,0,0,0,0,0,0,0,0,0,0,0,0,0,503310,0,0,0
1744061973.001423,600004,21131157,0,nscratch,nscratch-ffff9e3a24612000,0,0,1214706139355,114567275080,0,0,175125,0,0,0,0,0,0,0,0,0,0,0,0,0,0,0,0,0,0,0,0,0,0,0,0,113482,0,0,0
1744061973.001497,600004,21131157,0,pscratch,pscratch-ffff9e2aa9933800,0,0,2592518393163,989098984449,0,0,276110,0,0,0,0,0,0,0,0,0,0,0,0,0,0,0,0,0,0,0,0,0,0,0,0,503310,0,0,0
1744061974.002033,600004,21131157,0,nscratch,nscratch-ffff9e3a24612000,0,0,1214706139355,114567275080,0,0,175125,0,0,0,0,0,0,0,0,0,0,0,0,0,0,0,0,0,0,0,0,0,0,0,0,113482,0,0,0
1744061974.002108,600004,21131157,0,pscratch,pscratch-ffff9e2aa9933800,0,0,2592518393163,989098984449,0,0,276110,0,0,0,0,0,0,0,0,0,0,0,0,0,0,0,0,0,0,0,0,0,0,0,0,503310,0,0,0
1744061975.001592,600004,21131157,0,nscratch,nscratch-ffff9e3a24612000,0,0,1214706139355,114567275080,0,0,175125,0,0,0,0,0,0,0,0,0,0,0,0,0,0,0,0,0,0,0,0,0,0,0,0,113482,0,0,0
1744061975.001665,600004,21131157,0,pscratch,pscratch-ffff9e2aa9933800,0,0,2592518393163,989098984449,0,0,276110,0,0,0,0,0,0,0,0,0,0,0,0,0,0,0,0,0,0,0,0,0,0,0,0,503310,0,0,0
1744061976.001807,600004,21131157,0,nscratch,nscratch-ffff9e3a24612000,0,0,1214706139355,114567275080,0,0,175125,0,0,0,0,0,0,0,0,0,0,0,0,0,0,0,0,0,0,0,0,0,0,0,0,113482,0,0,0
1744061976.001893,600004,21131157,0,pscratch,pscratch-ffff9e2aa9933800,0,0,2592518393163,989098984449,0,0,276110,0,0,0,0,0,0,0,0,0,0,0,0,0,0,0,0,0,0,0,0,0,0,0,0,503310,0,0,0
1744061977.001290,600004,21131157,0,nscratch,nscratch-ffff9e3a24612000,0,0,1214706139355,114567275080,0,0,175125,0,0,0,0,0,0,0,0,0,0,0,0,0,0,0,0,0,0,0,0,0,0,0,0,113482,0,0,0
1744061977.001364,600004,21131157,0,pscratch,pscratch-ffff9e2aa9933800,0,0,2592518393163,989098984449,0,0,276110,0,0,0,0,0,0,0,0,0,0,0,0,0,0,0,0,0,0,0,0,0,0,0,0,503310,0,0,0
1744061978.001815,600004,21131157,0,nscratch,nscratch-ffff9e3a24612000,0,0,1214706139355,114567275080,0,0,175125,0,0,0,0,0,0,0,0,0,0,0,0,0,0,0,0,0,0,0,0,0,0,0,0,113482,0,0,0
1744061978.001899,600004,21131157,0,pscratch,pscratch-ffff9e2aa9933800,0,0,2592518393163,989098984449,0,0,276110,0,0,0,0,0,0,0,0,0,0,0,0,0,0,0,0,0,0,0,0,0,0,0,0,503310,0,0,0
1744061979.002063,600004,21131157,0,nscratch,nscratch-ffff9e3a24612000,0,0,1214706139355,114567275080,0,0,175125,0,0,0,0,0,0,0,0,0,0,0,0,0,0,0,0,0,0,0,0,0,0,0,0,113482,0,0,0
1744061979.002138,600004,21131157,0,pscratch,pscratch-ffff9e2aa9933800,0,0,2592518393163,989098984449,0,0,276110,0,0,0,0,0,0,0,0,0,0,0,0,0,0,0,0,0,0,0,0,0,0,0,0,503310,0,0,0
1744061980.001723,600004,21131157,0,nscratch,nscratch-ffff9e3a24612000,0,0,1214706139355,114567275080,0,0,175125,0,0,0,0,0,0,0,0,0,0,0,0,0,0,0,0,0,0,0,0,0,0,0,0,113482,0,0,0
1744061980.001811,600004,21131157,0,pscratch,pscratch-ffff9e2aa9933800,0,0,2592518393163,989098984449,0,0,276110,0,0,0,0,0,0,0,0,0,0,0,0,0,0,0,0,0,0,0,0,0,0,0,0,503310,0,0,0
1744061981.002148,600004,21131157,0,nscratch,nscratch-ffff9e3a24612000,0,0,1214706139355,114567275080,0,0,175125,0,0,0,0,0,0,0,0,0,0,0,0,0,0,0,0,0,0,0,0,0,0,0,0,113482,0,0,0
1744061981.002240,600004,21131157,0,pscratch,pscratch-ffff9e2aa9933800,0,0,2592518393163,989098984449,0,0,276110,0,0,0,0,0,0,0,0,0,0,0,0,0,0,0,0,0,0,0,0,0,0,0,0,503310,0,0,0
1744061982.001519,600004,21131157,0,nscratch,nscratch-ffff9e3a24612000,0,0,1214706139355,114567275080,0,0,175125,0,0,0,0,0,0,0,0,0,0,0,0,0,0,0,0,0,0,0,0,0,0,0,0,113482,0,0,0
1744061982.001665,600004,21131157,0,pscratch,pscratch-ffff9e2aa9933800,0,0,2592518393163,989098984449,0,0,276110,0,0,0,0,0,0,0,0,0,0,0,0,0,0,0,0,0,0,0,0,0,0,0,0,503310,0,0,0
1744061983.002072,600004,21131157,0,nscratch,nscratch-ffff9e3a24612000,0,0,1214706139355,114567275080,0,0,175125,0,0,0,0,0,0,0,0,0,0,0,0,0,0,0,0,0,0,0,0,0,0,0,0,113482,0,0,0
1744061983.002146,600004,21131157,0,pscratch,pscratch-ffff9e2aa9933800,0,0,2592518393163,989098984449,0,0,276110,0,0,0,0,0,0,0,0,0,0,0,0,0,0,0,0,0,0,0,0,0,0,0,0,503310,0,0,0
1744061984.001506,600004,21131157,0,nscratch,nscratch-ffff9e3a24612000,0,0,1214706139355,114567275080,0,0,175125,0,0,0,0,0,0,0,0,0,0,0,0,0,0,0,0,0,0,0,0,0,0,0,0,113482,0,0,0
1744061984.001579,600004,21131157,0,pscratch,pscratch-ffff9e2aa9933800,0,0,2592518393163,989098984449,0,0,276110,0,0,0,0,0,0,0,0,0,0,0,0,0,0,0,0,0,0,0,0,0,0,0,0,503310,0,0,0
1744061985.001721,600004,21131157,0,nscratch,nscratch-ffff9e3a24612000,0,0,1214706139355,114567275080,0,0,175125,0,0,0,0,0,0,0,0,0,0,0,0,0,0,0,0,0,0,0,0,0,0,0,0,113482,0,0,0
1744061985.001796,600004,21131157,0,pscratch,pscratch-ffff9e2aa9933800,0,0,2592518393163,989098984449,0,0,276110,0,0,0,0,0,0,0,0,0,0,0,0,0,0,0,0,0,0,0,0,0,0,0,0,503310,0,0,0
1744061986.002185,600004,21131157,0,nscratch,nscratch-ffff9e3a24612000,0,0,1214706139355,114567275080,0,0,175125,0,0,0,0,0,0,0,0,0,0,0,0,0,0,0,0,0,0,0,0,0,0,0,0,113482,0,0,0
1744061986.002259,600004,21131157,0,pscratch,pscratch-ffff9e2aa9933800,0,0,2592518393163,989098984449,0,0,276110,0,0,0,0,0,0,0,0,0,0,0,0,0,0,0,0,0,0,0,0,0,0,0,0,503310,0,0,0
1744061987.001715,600004,21131157,0,nscratch,nscratch-ffff9e3a24612000,0,0,1214706139355,114567275080,0,0,175125,0,0,0,0,0,0,0,0,0,0,0,0,0,0,0,0,0,0,0,0,0,0,0,0,113482,0,0,0
1744061987.001789,600004,21131157,0,pscratch,pscratch-ffff9e2aa9933800,0,0,2592518393163,989098984449,0,0,276110,0,0,0,0,0,0,0,0,0,0,0,0,0,0,0,0,0,0,0,0,0,0,0,0,503310,0,0,0
1744061988.001935,600004,21131157,0,nscratch,nscratch-ffff9e3a24612000,0,0,1214706139355,114567275080,0,0,175125,0,0,0,0,0,0,0,0,0,0,0,0,0,0,0,0,0,0,0,0,0,0,0,0,113482,0,0,0
1744061988.002011,600004,21131157,0,pscratch,pscratch-ffff9e2aa9933800,0,0,2592518393163,989098984449,0,0,276110,0,0,0,0,0,0,0,0,0,0,0,0,0,0,0,0,0,0,0,0,0,0,0,0,503310,0,0,0
1744061989.001441,600004,21131157,0,nscratch,nscratch-ffff9e3a24612000,0,0,1214706139355,114567275080,0,0,175125,0,0,0,0,0,0,0,0,0,0,0,0,0,0,0,0,0,0,0,0,0,0,0,0,113482,0,0,0
1744061989.001519,600004,21131157,0,pscratch,pscratch-ffff9e2aa9933800,0,0,2592518393163,989098984449,0,0,276110,0,0,0,0,0,0,0,0,0,0,0,0,0,0,0,0,0,0,0,0,0,0,0,0,503310,0,0,0
1744061990.002016,600004,21131157,0,nscratch,nscratch-ffff9e3a24612000,0,0,1214706139355,114567275080,0,0,175125,0,0,0,0,0,0,0,0,0,0,0,0,0,0,0,0,0,0,0,0,0,0,0,0,113482,0,0,0
1744061990.002104,600004,21131157,0,pscratch,pscratch-ffff9e2aa9933800,0,0,2592518393163,989098984449,0,0,276110,0,0,0,0,0,0,0,0,0,0,0,0,0,0,0,0,0,0,0,0,0,0,0,0,503310,0,0,0
1744061991.001378,600004,21131157,0,nscratch,nscratch-ffff9e3a24612000,0,0,1214706139355,114567275080,0,0,175125,0,0,0,0,0,0,0,0,0,0,0,0,0,0,0,0,0,0,0,0,0,0,0,0,113482,0,0,0
1744061991.001556,600004,21131157,0,pscratch,pscratch-ffff9e2aa9933800,0,0,2592518393163,989098984449,0,0,276110,0,0,0,0,0,0,0,0,0,0,0,0,0,0,0,0,0,0,0,0,0,0,0,0,503310,0,0,0
1744061992.001927,600004,21131157,0,nscratch,nscratch-ffff9e3a24612000,0,0,1214706139355,114567275080,0,0,175125,0,0,0,0,0,0,0,0,0,0,0,0,0,0,0,0,0,0,0,0,0,0,0,0,113482,0,0,0
1744061992.002002,600004,21131157,0,pscratch,pscratch-ffff9e2aa9933800,0,0,2592518393163,989098984449,0,0,276110,0,0,0,0,0,0,0,0,0,0,0,0,0,0,0,0,0,0,0,0,0,0,0,0,503310,0,0,0
1744061993.001328,600004,21131157,0,nscratch,nscratch-ffff9e3a24612000,0,0,1214706139355,114567275080,0,0,175125,0,0,0,0,0,0,0,0,0,0,0,0,0,0,0,0,0,0,0,0,0,0,0,0,113482,0,0,0
1744061993.001401,600004,21131157,0,pscratch,pscratch-ffff9e2aa9933800,0,0,2592518393163,989098984449,0,0,276110,0,0,0,0,0,0,0,0,0,0,0,0,0,0,0,0,0,0,0,0,0,0,0,0,503310,0,0,0
1744061994.001540,600004,21131157,0,nscratch,nscratch-ffff9e3a24612000,0,0,1214706139355,114567275080,0,0,175125,0,0,0,0,0,0,0,0,0,0,0,0,0,0,0,0,0,0,0,0,0,0,0,0,113482,0,0,0
1744061994.001615,600004,21131157,0,pscratch,pscratch-ffff9e2aa9933800,0,0,2592518393163,989098984449,0,0,276110,0,0,0,0,0,0,0,0,0,0,0,0,0,0,0,0,0,0,0,0,0,0,0,0,503310,0,0,0
1744061995.002035,600004,21131157,0,nscratch,nscratch-ffff9e3a24612000,0,0,1214706139355,114567275080,0,0,175125,0,0,0,0,0,0,0,0,0,0,0,0,0,0,0,0,0,0,0,0,0,0,0,0,113482,0,0,0
1744061995.002131,600004,21131157,0,pscratch,pscratch-ffff9e2aa9933800,0,0,2592518393163,989098984449,0,0,276110,0,0,0,0,0,0,0,0,0,0,0,0,0,0,0,0,0,0,0,0,0,0,0,0,503310,0,0,0
1744061996.001401,600004,21131157,0,nscratch,nscratch-ffff9e3a24612000,0,0,1214706139355,114567275080,0,0,175125,0,0,0,0,0,0,0,0,0,0,0,0,0,0,0,0,0,0,0,0,0,0,0,0,113482,0,0,0
1744061996.001474,600004,21131157,0,pscratch,pscratch-ffff9e2aa9933800,0,0,2592518393163,989098984449,0,0,276110,0,0,0,0,0,0,0,0,0,0,0,0,0,0,0,0,0,0,0,0,0,0,0,0,503310,0,0,0
1744061997.001615,600004,21131157,0,nscratch,nscratch-ffff9e3a24612000,0,0,1214706139355,114567275080,0,0,175125,0,0,0,0,0,0,0,0,0,0,0,0,0,0,0,0,0,0,0,0,0,0,0,0,113482,0,0,0
1744061997.001691,600004,21131157,0,pscratch,pscratch-ffff9e2aa9933800,0,0,2592518393163,989098984449,0,0,276110,0,0,0,0,0,0,0,0,0,0,0,0,0,0,0,0,0,0,0,0,0,0,0,0,503310,0,0,0
1744061998.002070,600004,21131157,0,nscratch,nscratch-ffff9e3a24612000,0,0,1214706139355,114567275080,0,0,175125,0,0,0,0,0,0,0,0,0,0,0,0,0,0,0,0,0,0,0,0,0,0,0,0,113482,0,0,0
1744061998.002162,600004,21131157,0,pscratch,pscratch-ffff9e2aa9933800,0,0,2592518393163,989098984449,0,0,276110,0,0,0,0,0,0,0,0,0,0,0,0,0,0,0,0,0,0,0,0,0,0,0,0,503310,0,0,0
1744061999.001459,600004,21131157,0,nscratch,nscratch-ffff9e3a24612000,0,0,1214706139355,114567275080,0,0,175125,0,0,0,0,0,0,0,0,0,0,0,0,0,0,0,0,0,0,0,0,0,0,0,0,113482,0,0,0
1744061999.001531,600004,21131157,0,pscratch,pscratch-ffff9e2aa9933800,0,0,2592518393163,989098984449,0,0,276110,0,0,0,0,0,0,0,0,0,0,0,0,0,0,0,0,0,0,0,0,0,0,0,0,503310,0,0,0
1744062000.001681,600004,21131157,0,nscratch,nscratch-ffff9e3a24612000,0,0,1214706139355,114567275080,0,0,175125,0,0,0,0,0,0,0,0,0,0,0,0,0,0,0,0,0,0,0,0,0,0,0,0,113482,0,0,0
1744062000.001759,600004,21131157,0,pscratch,pscratch-ffff9e2aa9933800,0,0,2592518393163,989098984449,0,0,276110,0,0,0,0,0,0,0,0,0,0,0,0,0,0,0,0,0,0,0,0,0,0,0,0,503310,0,0,0
1744062001.002165,600004,21131157,0,nscratch,nscratch-ffff9e3a24612000,0,0,1214706139355,114567275080,0,0,175125,0,0,0,0,0,0,0,0,0,0,0,0,0,0,0,0,0,0,0,0,0,0,0,0,113482,0,0,0
1744062001.002241,600004,21131157,0,pscratch,pscratch-ffff9e2aa9933800,0,0,2592518393163,989098984449,0,0,276110,0,0,0,0,0,0,0,0,0,0,0,0,0,0,0,0,0,0,0,0,0,0,0,0,503310,0,0,0
1744062002.001901,600004,21131157,0,nscratch,nscratch-ffff9e3a24612000,0,0,1214706139355,114567275080,0,0,175125,0,0,0,0,0,0,0,0,0,0,0,0,0,0,0,0,0,0,0,0,0,0,0,0,113482,0,0,0
1744062002.001980,600004,21131157,0,pscratch,pscratch-ffff9e2aa9933800,0,0,2592518393163,989098984449,0,0,276110,0,0,0,0,0,0,0,0,0,0,0,0,0,0,0,0,0,0,0,0,0,0,0,0,503310,0,0,0
1744062003.002146,600004,21131157,0,nscratch,nscratch-ffff9e3a24612000,0,0,1214706139355,114567275080,0,0,175125,0,0,0,0,0,0,0,0,0,0,0,0,0,0,0,0,0,0,0,0,0,0,0,0,113482,0,0,0
1744062003.002222,600004,21131157,0,pscratch,pscratch-ffff9e2aa9933800,0,0,2592518393163,989098984449,0,0,276110,0,0,0,0,0,0,0,0,0,0,0,0,0,0,0,0,0,0,0,0,0,0,0,0,503310,0,0,0
1744062004.001636,600004,21131157,0,nscratch,nscratch-ffff9e3a24612000,0,0,1214706139355,114567275080,0,0,175125,0,0,0,0,0,0,0,0,0,0,0,0,0,0,0,0,0,0,0,0,0,0,0,0,113482,0,0,0
1744062004.001710,600004,21131157,0,pscratch,pscratch-ffff9e2aa9933800,0,0,2592518393163,989098984449,0,0,276110,0,0,0,0,0,0,0,0,0,0,0,0,0,0,0,0,0,0,0,0,0,0,0,0,503310,0,0,0
1744062005.002070,600004,21131157,0,nscratch,nscratch-ffff9e3a24612000,0,0,1214706139355,114567275080,0,0,175125,0,0,0,0,0,0,0,0,0,0,0,0,0,0,0,0,0,0,0,0,0,0,0,0,113482,0,0,0
1744062005.002146,600004,21131157,0,pscratch,pscratch-ffff9e2aa9933800,0,0,2592518393163,989098984449,0,0,276110,0,0,0,0,0,0,0,0,0,0,0,0,0,0,0,0,0,0,0,0,0,0,0,0,503310,0,0,0
1744062006.001420,600004,21131157,0,nscratch,nscratch-ffff9e3a24612000,0,0,1214706139355,114567275080,0,0,175125,0,0,0,0,0,0,0,0,0,0,0,0,0,0,0,0,0,0,0,0,0,0,0,0,113482,0,0,0
1744062006.001592,600004,21131157,0,pscratch,pscratch-ffff9e2aa9933800,0,0,2592518393163,989098984449,0,0,276110,0,0,0,0,0,0,0,0,0,0,0,0,0,0,0,0,0,0,0,0,0,0,0,0,503310,0,0,0
1744062007.002038,600004,21131157,0,nscratch,nscratch-ffff9e3a24612000,0,0,1214706139355,114567275080,0,0,175125,0,0,0,0,0,0,0,0,0,0,0,0,0,0,0,0,0,0,0,0,0,0,0,0,113482,0,0,0
1744062007.002132,600004,21131157,0,pscratch,pscratch-ffff9e2aa9933800,0,0,2592518393163,989098984449,0,0,276110,0,0,0,0,0,0,0,0,0,0,0,0,0,0,0,0,0,0,0,0,0,0,0,0,503310,0,0,0
1744062008.001575,600004,21131157,0,nscratch,nscratch-ffff9e3a24612000,0,0,1214706139355,114567275080,0,0,175125,0,0,0,0,0,0,0,0,0,0,0,0,0,0,0,0,0,0,0,0,0,0,0,0,113482,0,0,0
1744062008.001667,600004,21131157,0,pscratch,pscratch-ffff9e2aa9933800,0,0,2592518393163,989098984449,0,0,276110,0,0,0,0,0,0,0,0,0,0,0,0,0,0,0,0,0,0,0,0,0,0,0,0,503310,0,0,0
1744062009.001913,600004,21131157,0,nscratch,nscratch-ffff9e3a24612000,0,0,1214706139355,114567275080,0,0,175125,0,0,0,0,0,0,0,0,0,0,0,0,0,0,0,0,0,0,0,0,0,0,0,0,113482,0,0,0
1744062009.001994,600004,21131157,0,pscratch,pscratch-ffff9e2aa9933800,0,0,2592518393163,989098984449,0,0,276110,0,0,0,0,0,0,0,0,0,0,0,0,0,0,0,0,0,0,0,0,0,0,0,0,503310,0,0,0
1744062010.001619,600004,21131157,0,nscratch,nscratch-ffff9e3a24612000,0,0,1214706139355,114567275080,0,0,175125,0,0,0,0,0,0,0,0,0,0,0,0,0,0,0,0,0,0,0,0,0,0,0,0,113482,0,0,0
1744062010.001803,600004,21131157,0,pscratch,pscratch-ffff9e2aa9933800,0,0,2592518393163,989098984449,0,0,276110,0,0,0,0,0,0,0,0,0,0,0,0,0,0,0,0,0,0,0,0,0,0,0,0,503310,0,0,0
1744062011.002119,600004,21131157,0,nscratch,nscratch-ffff9e3a24612000,0,0,1214706139355,114567275080,0,0,175125,0,0,0,0,0,0,0,0,0,0,0,0,0,0,0,0,0,0,0,0,0,0,0,0,113482,0,0,0
1744062011.002192,600004,21131157,0,pscratch,pscratch-ffff9e2aa9933800,0,0,2592518393163,989098984449,0,0,276110,0,0,0,0,0,0,0,0,0,0,0,0,0,0,0,0,0,0,0,0,0,0,0,0,503310,0,0,0
1744062012.001042,600004,21131157,0,nscratch,nscratch-ffff9e3a24612000,0,0,1214706139355,114567275080,0,0,175125,0,0,0,0,0,0,0,0,0,0,0,0,0,0,0,0,0,0,0,0,0,0,0,0,113482,0,0,0
1744062012.001157,600004,21131157,0,pscratch,pscratch-ffff9e2aa9933800,0,0,2592518393163,989098984449,0,0,276110,0,0,0,0,0,0,0,0,0,0,0,0,0,0,0,0,0,0,0,0,0,0,0,0,503310,0,0,0
1744062013.001626,600004,21131157,0,nscratch,nscratch-ffff9e3a24612000,0,0,1214706139355,114567275080,0,0,175125,0,0,0,0,0,0,0,0,0,0,0,0,0,0,0,0,0,0,0,0,0,0,0,0,113482,0,0,0
1744062013.001731,600004,21131157,0,pscratch,pscratch-ffff9e2aa9933800,0,0,2592518393163,989098984449,0,0,276110,0,0,0,0,0,0,0,0,0,0,0,0,0,0,0,0,0,0,0,0,0,0,0,0,503310,0,0,0
1744062014.002098,600004,21131157,0,nscratch,nscratch-ffff9e3a24612000,0,0,1214706139355,114567275080,0,0,175125,0,0,0,0,0,0,0,0,0,0,0,0,0,0,0,0,0,0,0,0,0,0,0,0,113482,0,0,0
1744062014.002225,600004,21131157,0,pscratch,pscratch-ffff9e2aa9933800,0,0,2592518393163,989098984449,0,0,276110,0,0,0,0,0,0,0,0,0,0,0,0,0,0,0,0,0,0,0,0,0,0,0,0,503310,0,0,0
1744062015.001452,600004,21131157,0,nscratch,nscratch-ffff9e3a24612000,0,0,1214706139355,114567275080,0,0,175125,0,0,0,0,0,0,0,0,0,0,0,0,0,0,0,0,0,0,0,0,0,0,0,0,113482,0,0,0
1744062015.001550,600004,21131157,0,pscratch,pscratch-ffff9e2aa9933800,0,0,2592518393163,989098984449,0,0,276110,0,0,0,0,0,0,0,0,0,0,0,0,0,0,0,0,0,0,0,0,0,0,0,0,503310,0,0,0
1744062016.001941,600004,21131157,0,nscratch,nscratch-ffff9e3a24612000,0,0,1214706139355,114567275080,0,0,175125,0,0,0,0,0,0,0,0,0,0,0,0,0,0,0,0,0,0,0,0,0,0,0,0,113482,0,0,0
1744062016.002014,600004,21131157,0,pscratch,pscratch-ffff9e2aa9933800,0,0,2592518393163,989098984449,0,0,276110,0,0,0,0,0,0,0,0,0,0,0,0,0,0,0,0,0,0,0,0,0,0,0,0,503310,0,0,0
1744062017.001470,600004,21131157,0,nscratch,nscratch-ffff9e3a24612000,0,0,1214706139355,114567275080,0,0,175125,0,0,0,0,0,0,0,0,0,0,0,0,0,0,0,0,0,0,0,0,0,0,0,0,113482,0,0,0
1744062017.001544,600004,21131157,0,pscratch,pscratch-ffff9e2aa9933800,0,0,2592518393163,989098984449,0,0,276110,0,0,0,0,0,0,0,0,0,0,0,0,0,0,0,0,0,0,0,0,0,0,0,0,503310,0,0,0
1744062018.001683,600004,21131157,0,nscratch,nscratch-ffff9e3a24612000,0,0,1214706139355,114567275080,0,0,175125,0,0,0,0,0,0,0,0,0,0,0,0,0,0,0,0,0,0,0,0,0,0,0,0,113482,0,0,0
1744062018.001759,600004,21131157,0,pscratch,pscratch-ffff9e2aa9933800,0,0,2592518393163,989098984449,0,0,276110,0,0,0,0,0,0,0,0,0,0,0,0,0,0,0,0,0,0,0,0,0,0,0,0,503310,0,0,0
1744062019.002178,600004,21131157,0,nscratch,nscratch-ffff9e3a24612000,0,0,1214706139355,114567275080,0,0,175125,0,0,0,0,0,0,0,0,0,0,0,0,0,0,0,0,0,0,0,0,0,0,0,0,113482,0,0,0
1744062019.002251,600004,21131157,0,pscratch,pscratch-ffff9e2aa9933800,0,0,2592518393163,989098984449,0,0,276110,0,0,0,0,0,0,0,0,0,0,0,0,0,0,0,0,0,0,0,0,0,0,0,0,503310,0,0,0
1744062020.001753,600004,21131157,0,nscratch,nscratch-ffff9e3a24612000,0,0,1214706139355,114567275080,0,0,175125,0,0,0,0,0,0,0,0,0,0,0,0,0,0,0,0,0,0,0,0,0,0,0,0,113482,0,0,0
1744062020.001935,600004,21131157,0,pscratch,pscratch-ffff9e2aa9933800,0,0,2592518393163,989098984449,0,0,276110,0,0,0,0,0,0,0,0,0,0,0,0,0,0,0,0,0,0,0,0,0,0,0,0,503310,0,0,0
1744062021.002080,600004,21131157,0,nscratch,nscratch-ffff9e3a24612000,0,0,1214706139355,114567275080,0,0,175125,0,0,0,0,0,0,0,0,0,0,0,0,0,0,0,0,0,0,0,0,0,0,0,0,113482,0,0,0
1744062021.002156,600004,21131157,0,pscratch,pscratch-ffff9e2aa9933800,0,0,2592518393163,989098984449,0,0,276110,0,0,0,0,0,0,0,0,0,0,0,0,0,0,0,0,0,0,0,0,0,0,0,0,503310,0,0,0
1744062022.001537,600004,21131157,0,nscratch,nscratch-ffff9e3a24612000,0,0,1214706139355,114567275080,0,0,175125,0,0,0,0,0,0,0,0,0,0,0,0,0,0,0,0,0,0,0,0,0,0,0,0,113482,0,0,0
1744062022.001634,600004,21131157,0,pscratch,pscratch-ffff9e2aa9933800,0,0,2592518393163,989098984449,0,0,276110,0,0,0,0,0,0,0,0,0,0,0,0,0,0,0,0,0,0,0,0,0,0,0,0,503310,0,0,0
1744062023.001946,600004,21131157,0,nscratch,nscratch-ffff9e3a24612000,0,0,1214706139355,114567275080,0,0,175125,0,0,0,0,0,0,0,0,0,0,0,0,0,0,0,0,0,0,0,0,0,0,0,0,113482,0,0,0
1744062023.002039,600004,21131157,0,pscratch,pscratch-ffff9e2aa9933800,0,0,2592518393163,989098984449,0,0,276110,0,0,0,0,0,0,0,0,0,0,0,0,0,0,0,0,0,0,0,0,0,0,0,0,503310,0,0,0
1744062024.001202,600004,21131157,0,nscratch,nscratch-ffff9e3a24612000,0,0,1214706139355,114567275080,0,0,175125,0,0,0,0,0,0,0,0,0,0,0,0,0,0,0,0,0,0,0,0,0,0,0,0,113482,0,0,0
1744062024.001278,600004,21131157,0,pscratch,pscratch-ffff9e2aa9933800,0,0,2592518393163,989098984449,0,0,276110,0,0,0,0,0,0,0,0,0,0,0,0,0,0,0,0,0,0,0,0,0,0,0,0,503310,0,0,0
1744062025.001637,600004,21131157,0,nscratch,nscratch-ffff9e3a24612000,0,0,1214706139355,114567275080,0,0,175125,0,0,0,0,0,0,0,0,0,0,0,0,0,0,0,0,0,0,0,0,0,0,0,0,113482,0,0,0
1744062025.001713,600004,21131157,0,pscratch,pscratch-ffff9e2aa9933800,0,0,2592518393163,989098984449,0,0,276110,0,0,0,0,0,0,0,0,0,0,0,0,0,0,0,0,0,0,0,0,0,0,0,0,503310,0,0,0
1744062026.002019,600004,21131157,0,nscratch,nscratch-ffff9e3a24612000,0,0,1214706139355,114567275080,0,0,175125,0,0,0,0,0,0,0,0,0,0,0,0,0,0,0,0,0,0,0,0,0,0,0,0,113482,0,0,0
1744062026.002097,600004,21131157,0,pscratch,pscratch-ffff9e2aa9933800,0,0,2592518393163,989098984449,0,0,276110,0,0,0,0,0,0,0,0,0,0,0,0,0,0,0,0,0,0,0,0,0,0,0,0,503310,0,0,0
1744062027.001327,600004,21131157,0,nscratch,nscratch-ffff9e3a24612000,0,0,1214706139355,114567275080,0,0,175125,0,0,0,0,0,0,0,0,0,0,0,0,0,0,0,0,0,0,0,0,0,0,0,0,113482,0,0,0
1744062027.001402,600004,21131157,0,pscratch,pscratch-ffff9e2aa9933800,0,0,2592518393163,989098984449,0,0,276110,0,0,0,0,0,0,0,0,0,0,0,0,0,0,0,0,0,0,0,0,0,0,0,0,503310,0,0,0
1744062028.001768,600004,21131157,0,nscratch,nscratch-ffff9e3a24612000,0,0,1214706139355,114567275080,0,0,175125,0,0,0,0,0,0,0,0,0,0,0,0,0,0,0,0,0,0,0,0,0,0,0,0,113482,0,0,0
1744062028.001856,600004,21131157,0,pscratch,pscratch-ffff9e2aa9933800,0,0,2592518393163,989098984449,0,0,276110,0,0,0,0,0,0,0,0,0,0,0,0,0,0,0,0,0,0,0,0,0,0,0,0,503310,0,0,0
1744062029.002156,600004,21131157,0,nscratch,nscratch-ffff9e3a24612000,0,0,1214706139355,114567275080,0,0,175125,0,0,0,0,0,0,0,0,0,0,0,0,0,0,0,0,0,0,0,0,0,0,0,0,113482,0,0,0
1744062029.002234,600004,21131157,0,pscratch,pscratch-ffff9e2aa9933800,0,0,2592518393163,989098984449,0,0,276110,0,0,0,0,0,0,0,0,0,0,0,0,0,0,0,0,0,0,0,0,0,0,0,0,503310,0,0,0
1744062030.001517,600004,21131157,0,nscratch,nscratch-ffff9e3a24612000,0,0,1214706139355,114567275080,0,0,175125,0,0,0,0,0,0,0,0,0,0,0,0,0,0,0,0,0,0,0,0,0,0,0,0,113482,0,0,0
1744062030.001703,600004,21131157,0,pscratch,pscratch-ffff9e2aa9933800,0,0,2592518393163,989098984449,0,0,276110,0,0,0,0,0,0,0,0,0,0,0,0,0,0,0,0,0,0,0,0,0,0,0,0,503310,0,0,0
1744062031.001375,600004,21131157,0,nscratch,nscratch-ffff9e3a24612000,0,0,1214706139355,114567275080,0,0,175125,0,0,0,0,0,0,0,0,0,0,0,0,0,0,0,0,0,0,0,0,0,0,0,0,113482,0,0,0
1744062031.001450,600004,21131157,0,pscratch,pscratch-ffff9e2aa9933800,0,0,2592518393163,989098984449,0,0,276110,0,0,0,0,0,0,0,0,0,0,0,0,0,0,0,0,0,0,0,0,0,0,0,0,503310,0,0,0
1744062032.001721,600004,21131157,0,nscratch,nscratch-ffff9e3a24612000,0,0,1214706139355,114567275080,0,0,175125,0,0,0,0,0,0,0,0,0,0,0,0,0,0,0,0,0,0,0,0,0,0,0,0,113482,0,0,0
1744062032.001796,600004,21131157,0,pscratch,pscratch-ffff9e2aa9933800,0,0,2592518393163,989098984449,0,0,276110,0,0,0,0,0,0,0,0,0,0,0,0,0,0,0,0,0,0,0,0,0,0,0,0,503310,0,0,0
1744062033.001965,600004,21131157,0,nscratch,nscratch-ffff9e3a24612000,0,0,1214706139355,114567275080,0,0,175125,0,0,0,0,0,0,0,0,0,0,0,0,0,0,0,0,0,0,0,0,0,0,0,0,113482,0,0,0
1744062033.002039,600004,21131157,0,pscratch,pscratch-ffff9e2aa9933800,0,0,2592518393163,989098984449,0,0,276110,0,0,0,0,0,0,0,0,0,0,0,0,0,0,0,0,0,0,0,0,0,0,0,0,503310,0,0,0
1744062034.001430,600004,21131157,0,nscratch,nscratch-ffff9e3a24612000,0,0,1214706139355,114567275080,0,0,175125,0,0,0,0,0,0,0,0,0,0,0,0,0,0,0,0,0,0,0,0,0,0,0,0,113482,0,0,0
1744062034.001504,600004,21131157,0,pscratch,pscratch-ffff9e2aa9933800,0,0,2592518393163,989098984449,0,0,276110,0,0,0,0,0,0,0,0,0,0,0,0,0,0,0,0,0,0,0,0,0,0,0,0,503310,0,0,0
1744062035.001826,600004,21131157,0,nscratch,nscratch-ffff9e3a24612000,0,0,1214706139355,114567275080,0,0,175125,0,0,0,0,0,0,0,0,0,0,0,0,0,0,0,0,0,0,0,0,0,0,0,0,113482,0,0,0
1744062035.001937,600004,21131157,0,pscratch,pscratch-ffff9e2aa9933800,0,0,2592518393163,989098984449,0,0,276110,0,0,0,0,0,0,0,0,0,0,0,0,0,0,0,0,0,0,0,0,0,0,0,0,503310,0,0,0
1744062036.002123,600004,21131157,0,nscratch,nscratch-ffff9e3a24612000,0,0,1214706139355,114567275080,0,0,175125,0,0,0,0,0,0,0,0,0,0,0,0,0,0,0,0,0,0,0,0,0,0,0,0,113482,0,0,0
1744062036.002198,600004,21131157,0,pscratch,pscratch-ffff9e2aa9933800,0,0,2592518393163,989098984449,0,0,276110,0,0,0,0,0,0,0,0,0,0,0,0,0,0,0,0,0,0,0,0,0,0,0,0,503310,0,0,0
1744062037.001794,600004,21131157,0,nscratch,nscratch-ffff9e3a24612000,0,0,1214706139355,114567275080,0,0,175125,0,0,0,0,0,0,0,0,0,0,0,0,0,0,0,0,0,0,0,0,0,0,0,0,113482,0,0,0
1744062037.001884,600004,21131157,0,pscratch,pscratch-ffff9e2aa9933800,0,0,2592518393163,989098984449,0,0,276110,0,0,0,0,0,0,0,0,0,0,0,0,0,0,0,0,0,0,0,0,0,0,0,0,503310,0,0,0
1744062038.002157,600004,21131157,0,nscratch,nscratch-ffff9e3a24612000,0,0,1214706139355,114567275080,0,0,175125,0,0,0,0,0,0,0,0,0,0,0,0,0,0,0,0,0,0,0,0,0,0,0,0,113482,0,0,0
1744062038.002232,600004,21131157,0,pscratch,pscratch-ffff9e2aa9933800,0,0,2592518393163,989098984449,0,0,276110,0,0,0,0,0,0,0,0,0,0,0,0,0,0,0,0,0,0,0,0,0,0,0,0,503310,0,0,0
1744062039.001510,600004,21131157,0,nscratch,nscratch-ffff9e3a24612000,0,0,1214706139355,114567275080,0,0,175125,0,0,0,0,0,0,0,0,0,0,0,0,0,0,0,0,0,0,0,0,0,0,0,0,113482,0,0,0
1744062039.001652,600004,21131157,0,pscratch,pscratch-ffff9e2aa9933800,0,0,2592518393163,989098984449,0,0,276110,0,0,0,0,0,0,0,0,0,0,0,0,0,0,0,0,0,0,0,0,0,0,0,0,503310,0,0,0
1744062040.002182,600004,21131157,0,nscratch,nscratch-ffff9e3a24612000,0,0,1214706139355,114567275080,0,0,175125,0,0,0,0,0,0,0,0,0,0,0,0,0,0,0,0,0,0,0,0,0,0,0,0,113482,0,0,0
1744062040.002342,600004,21131157,0,pscratch,pscratch-ffff9e2aa9933800,0,0,2592518393163,989098984449,0,0,276110,0,0,0,0,0,0,0,0,0,0,0,0,0,0,0,0,0,0,0,0,0,0,0,0,503310,0,0,0
1744062041.001631,600004,21131157,0,nscratch,nscratch-ffff9e3a24612000,0,0,1214706139355,114567275080,0,0,175125,0,0,0,0,0,0,0,0,0,0,0,0,0,0,0,0,0,0,0,0,0,0,0,0,113482,0,0,0
1744062041.001705,600004,21131157,0,pscratch,pscratch-ffff9e2aa9933800,0,0,2592518393163,989098984449,0,0,276110,0,0,0,0,0,0,0,0,0,0,0,0,0,0,0,0,0,0,0,0,0,0,0,0,503310,0,0,0
1744062042.001854,600004,21131157,0,nscratch,nscratch-ffff9e3a24612000,0,0,1214706139355,114567275080,0,0,175125,0,0,0,0,0,0,0,0,0,0,0,0,0,0,0,0,0,0,0,0,0,0,0,0,113482,0,0,0
1744062042.001932,600004,21131157,0,pscratch,pscratch-ffff9e2aa9933800,0,0,2592518393163,989098984449,0,0,276110,0,0,0,0,0,0,0,0,0,0,0,0,0,0,0,0,0,0,0,0,0,0,0,0,503310,0,0,0
1744062043.001334,600004,21131157,0,nscratch,nscratch-ffff9e3a24612000,0,0,1214706139355,114567275080,0,0,175125,0,0,0,0,0,0,0,0,0,0,0,0,0,0,0,0,0,0,0,0,0,0,0,0,113482,0,0,0
1744062043.001408,600004,21131157,0,pscratch,pscratch-ffff9e2aa9933800,0,0,2592518393163,989098984449,0,0,276110,0,0,0,0,0,0,0,0,0,0,0,0,0,0,0,0,0,0,0,0,0,0,0,0,503310,0,0,0
1744062044.001941,600004,21131157,0,nscratch,nscratch-ffff9e3a24612000,0,0,1214706139355,114567275080,0,0,175125,0,0,0,0,0,0,0,0,0,0,0,0,0,0,0,0,0,0,0,0,0,0,0,0,113482,0,0,0
1744062044.002017,600004,21131157,0,pscratch,pscratch-ffff9e2aa9933800,0,0,2592518393163,989098984449,0,0,276110,0,0,0,0,0,0,0,0,0,0,0,0,0,0,0,0,0,0,0,0,0,0,0,0,503310,0,0,0
1744062045.001238,600004,21131157,0,nscratch,nscratch-ffff9e3a24612000,0,0,1214706139355,114567275080,0,0,175125,0,0,0,0,0,0,0,0,0,0,0,0,0,0,0,0,0,0,0,0,0,0,0,0,113482,0,0,0
1744062045.001313,600004,21131157,0,pscratch,pscratch-ffff9e2aa9933800,0,0,2592518393163,989098984449,0,0,276110,0,0,0,0,0,0,0,0,0,0,0,0,0,0,0,0,0,0,0,0,0,0,0,0,503310,0,0,0
1744062046.001707,600004,21131157,0,nscratch,nscratch-ffff9e3a24612000,0,0,1214706139355,114567275080,0,0,175125,0,0,0,0,0,0,0,0,0,0,0,0,0,0,0,0,0,0,0,0,0,0,0,0,113482,0,0,0
1744062046.001783,600004,21131157,0,pscratch,pscratch-ffff9e2aa9933800,0,0,2592518393163,989098984449,0,0,276110,0,0,0,0,0,0,0,0,0,0,0,0,0,0,0,0,0,0,0,0,0,0,0,0,503310,0,0,0
1744062047.002088,600004,21131157,0,nscratch,nscratch-ffff9e3a24612000,0,0,1214706139355,114567275080,0,0,175125,0,0,0,0,0,0,0,0,0,0,0,0,0,0,0,0,0,0,0,0,0,0,0,0,113482,0,0,0
1744062047.002180,600004,21131157,0,pscratch,pscratch-ffff9e2aa9933800,0,0,2592518393163,989098984449,0,0,276110,0,0,0,0,0,0,0,0,0,0,0,0,0,0,0,0,0,0,0,0,0,0,0,0,503310,0,0,0
1744062048.001468,600004,21131157,0,nscratch,nscratch-ffff9e3a24612000,0,0,1214706139355,114567275080,0,0,175125,0,0,0,0,0,0,0,0,0,0,0,0,0,0,0,0,0,0,0,0,0,0,0,0,113482,0,0,0
1744062048.001641,600004,21131157,0,pscratch,pscratch-ffff9e2aa9933800,0,0,2592518393163,989098984449,0,0,276110,0,0,0,0,0,0,0,0,0,0,0,0,0,0,0,0,0,0,0,0,0,0,0,0,503310,0,0,0
1744062049.002052,600004,21131157,0,nscratch,nscratch-ffff9e3a24612000,0,0,1214706139355,114567275080,0,0,175125,0,0,0,0,0,0,0,0,0,0,0,0,0,0,0,0,0,0,0,0,0,0,0,0,113482,0,0,0
1744062049.002127,600004,21131157,0,pscratch,pscratch-ffff9e2aa9933800,0,0,2592518393163,989098984449,0,0,276110,0,0,0,0,0,0,0,0,0,0,0,0,0,0,0,0,0,0,0,0,0,0,0,0,503310,0,0,0
1744062050.001659,600004,21131157,0,nscratch,nscratch-ffff9e3a24612000,0,0,1214706139355,114567275080,0,0,175125,0,0,0,0,0,0,0,0,0,0,0,0,0,0,0,0,0,0,0,0,0,0,0,0,113482,0,0,0
1744062050.001791,600004,21131157,0,pscratch,pscratch-ffff9e2aa9933800,0,0,2592518393163,989098984449,0,0,276110,0,0,0,0,0,0,0,0,0,0,0,0,0,0,0,0,0,0,0,0,0,0,0,0,503310,0,0,0
1744062051.002072,600004,21131157,0,nscratch,nscratch-ffff9e3a24612000,0,0,1214706139355,114567275080,0,0,175125,0,0,0,0,0,0,0,0,0,0,0,0,0,0,0,0,0,0,0,0,0,0,0,0,113482,0,0,0
1744062051.002206,600004,21131157,0,pscratch,pscratch-ffff9e2aa9933800,0,0,2592518393163,989098984449,0,0,276110,0,0,0,0,0,0,0,0,0,0,0,0,0,0,0,0,0,0,0,0,0,0,0,0,503310,0,0,0
1744062052.001887,600004,21131157,0,nscratch,nscratch-ffff9e3a24612000,0,0,1214706139355,114567275080,0,0,175125,0,0,0,0,0,0,0,0,0,0,0,0,0,0,0,0,0,0,0,0,0,0,0,0,113482,0,0,0
1744062052.001969,600004,21131157,0,pscratch,pscratch-ffff9e2aa9933800,0,0,2592518393163,989098984449,0,0,276110,0,0,0,0,0,0,0,0,0,0,0,0,0,0,0,0,0,0,0,0,0,0,0,0,503310,0,0,0
1744062053.002262,600004,21131157,0,nscratch,nscratch-ffff9e3a24612000,0,0,1214706139355,114567275080,0,0,175125,0,0,0,0,0,0,0,0,0,0,0,0,0,0,0,0,0,0,0,0,0,0,0,0,113482,0,0,0
1744062053.002337,600004,21131157,0,pscratch,pscratch-ffff9e2aa9933800,0,0,2592518393163,989098984449,0,0,276110,0,0,0,0,0,0,0,0,0,0,0,0,0,0,0,0,0,0,0,0,0,0,0,0,503310,0,0,0
1744062054.001510,600004,21131157,0,nscratch,nscratch-ffff9e3a24612000,0,0,1214706139355,114567275080,0,0,175125,0,0,0,0,0,0,0,0,0,0,0,0,0,0,0,0,0,0,0,0,0,0,0,0,113482,0,0,0
1744062054.001585,600004,21131157,0,pscratch,pscratch-ffff9e2aa9933800,0,0,2592518393163,989098984449,0,0,276110,0,0,0,0,0,0,0,0,0,0,0,0,0,0,0,0,0,0,0,0,0,0,0,0,503310,0,0,0
1744062055.001971,600004,21131157,0,nscratch,nscratch-ffff9e3a24612000,0,0,1214706139355,114567275080,0,0,175125,0,0,0,0,0,0,0,0,0,0,0,0,0,0,0,0,0,0,0,0,0,0,0,0,113482,0,0,0
1744062055.002049,600004,21131157,0,pscratch,pscratch-ffff9e2aa9933800,0,0,2592518393163,989098984449,0,0,276110,0,0,0,0,0,0,0,0,0,0,0,0,0,0,0,0,0,0,0,0,0,0,0,0,503310,0,0,0
1744062056.001354,600004,21131157,0,nscratch,nscratch-ffff9e3a24612000,0,0,1214706139355,114567275080,0,0,175125,0,0,0,0,0,0,0,0,0,0,0,0,0,0,0,0,0,0,0,0,0,0,0,0,113482,0,0,0
1744062056.001426,600004,21131157,0,pscratch,pscratch-ffff9e2aa9933800,0,0,2592518393163,989098984449,0,0,276110,0,0,0,0,0,0,0,0,0,0,0,0,0,0,0,0,0,0,0,0,0,0,0,0,503310,0,0,0
1744062057.001687,600004,21131157,0,nscratch,nscratch-ffff9e3a24612000,0,0,1214706139355,114567275080,0,0,175125,0,0,0,0,0,0,0,0,0,0,0,0,0,0,0,0,0,0,0,0,0,0,0,0,113482,0,0,0
1744062057.001766,600004,21131157,0,pscratch,pscratch-ffff9e2aa9933800,0,0,2592518393163,989098984449,0,0,276110,0,0,0,0,0,0,0,0,0,0,0,0,0,0,0,0,0,0,0,0,0,0,0,0,503310,0,0,0
1744062058.002187,600004,21131157,0,nscratch,nscratch-ffff9e3a24612000,0,0,1214706139355,114567275080,0,0,175125,0,0,0,0,0,0,0,0,0,0,0,0,0,0,0,0,0,0,0,0,0,0,0,0,113482,0,0,0
1744062058.002262,600004,21131157,0,pscratch,pscratch-ffff9e2aa9933800,0,0,2592518393163,989098984449,0,0,276110,0,0,0,0,0,0,0,0,0,0,0,0,0,0,0,0,0,0,0,0,0,0,0,0,503310,0,0,0
1744062059.001608,600004,21131157,0,nscratch,nscratch-ffff9e3a24612000,0,0,1214706139355,114567275080,0,0,175125,0,0,0,0,0,0,0,0,0,0,0,0,0,0,0,0,0,0,0,0,0,0,0,0,113482,0,0,0
1744062059.001681,600004,21131157,0,pscratch,pscratch-ffff9e2aa9933800,0,0,2592518393163,989098984449,0,0,276110,0,0,0,0,0,0,0,0,0,0,0,0,0,0,0,0,0,0,0,0,0,0,0,0,503310,0,0,0
1744062060.001905,600004,21131157,0,nscratch,nscratch-ffff9e3a24612000,0,0,1214706139355,114567275080,0,0,175125,0,0,0,0,0,0,0,0,0,0,0,0,0,0,0,0,0,0,0,0,0,0,0,0,113482,0,0,0
1744062060.002028,600004,21131157,0,pscratch,pscratch-ffff9e2aa9933800,0,0,2592518393163,989098984449,0,0,276110,0,0,0,0,0,0,0,0,0,0,0,0,0,0,0,0,0,0,0,0,0,0,0,0,503310,0,0,0
1744062061.001523,600004,21131157,0,nscratch,nscratch-ffff9e3a24612000,0,0,1214706139355,114567275080,0,0,175125,0,0,0,0,0,0,0,0,0,0,0,0,0,0,0,0,0,0,0,0,0,0,0,0,113482,0,0,0
1744062061.001598,600004,21131157,0,pscratch,pscratch-ffff9e2aa9933800,0,0,2592518393163,989098984449,0,0,276110,0,0,0,0,0,0,0,0,0,0,0,0,0,0,0,0,0,0,0,0,0,0,0,0,503310,0,0,0
1744062062.002052,600004,21131157,0,nscratch,nscratch-ffff9e3a24612000,0,0,1214706139355,114567275080,0,0,175125,0,0,0,0,0,0,0,0,0,0,0,0,0,0,0,0,0,0,0,0,0,0,0,0,113482,0,0,0
1744062062.002130,600004,21131157,0,pscratch,pscratch-ffff9e2aa9933800,0,0,2592518393163,989098984449,0,0,276110,0,0,0,0,0,0,0,0,0,0,0,0,0,0,0,0,0,0,0,0,0,0,0,0,503310,0,0,0
1744062063.001408,600004,21131157,0,nscratch,nscratch-ffff9e3a24612000,0,0,1214706139355,114567275080,0,0,175125,0,0,0,0,0,0,0,0,0,0,0,0,0,0,0,0,0,0,0,0,0,0,0,0,113482,0,0,0
1744062063.001580,600004,21131157,0,pscratch,pscratch-ffff9e2aa9933800,0,0,2592518393163,989098984449,0,0,276110,0,0,0,0,0,0,0,0,0,0,0,0,0,0,0,0,0,0,0,0,0,0,0,0,503310,0,0,0
1744062064.002005,600004,21131157,0,nscratch,nscratch-ffff9e3a24612000,0,0,1214706139355,114567275080,0,0,175125,0,0,0,0,0,0,0,0,0,0,0,0,0,0,0,0,0,0,0,0,0,0,0,0,113482,0,0,0
1744062064.002081,600004,21131157,0,pscratch,pscratch-ffff9e2aa9933800,0,0,2592518393163,989098984449,0,0,276110,0,0,0,0,0,0,0,0,0,0,0,0,0,0,0,0,0,0,0,0,0,0,0,0,503310,0,0,0
1744062065.001352,600004,21131157,0,nscratch,nscratch-ffff9e3a24612000,0,0,1214706139355,114567275080,0,0,175125,0,0,0,0,0,0,0,0,0,0,0,0,0,0,0,0,0,0,0,0,0,0,0,0,113482,0,0,0
1744062065.001446,600004,21131157,0,pscratch,pscratch-ffff9e2aa9933800,0,0,2592518393163,989098984449,0,0,276110,0,0,0,0,0,0,0,0,0,0,0,0,0,0,0,0,0,0,0,0,0,0,0,0,503310,0,0,0
1744062066.001611,600004,21131157,0,nscratch,nscratch-ffff9e3a24612000,0,0,1214706139355,114567275080,0,0,175125,0,0,0,0,0,0,0,0,0,0,0,0,0,0,0,0,0,0,0,0,0,0,0,0,113482,0,0,0
1744062066.001688,600004,21131157,0,pscratch,pscratch-ffff9e2aa9933800,0,0,2592518393163,989098984449,0,0,276110,0,0,0,0,0,0,0,0,0,0,0,0,0,0,0,0,0,0,0,0,0,0,0,0,503310,0,0,0
1744062067.002071,600004,21131157,0,nscratch,nscratch-ffff9e3a24612000,0,0,1214706139355,114567275080,0,0,175125,0,0,0,0,0,0,0,0,0,0,0,0,0,0,0,0,0,0,0,0,0,0,0,0,113482,0,0,0
1744062067.002164,600004,21131157,0,pscratch,pscratch-ffff9e2aa9933800,0,0,2592518393163,989098984449,0,0,276110,0,0,0,0,0,0,0,0,0,0,0,0,0,0,0,0,0,0,0,0,0,0,0,0,503310,0,0,0
1744062068.001701,600004,21131157,0,nscratch,nscratch-ffff9e3a24612000,0,0,1214706139355,114567275080,0,0,175125,0,0,0,0,0,0,0,0,0,0,0,0,0,0,0,0,0,0,0,0,0,0,0,0,113482,0,0,0
1744062068.001774,600004,21131157,0,pscratch,pscratch-ffff9e2aa9933800,0,0,2592518393163,989098984449,0,0,276110,0,0,0,0,0,0,0,0,0,0,0,0,0,0,0,0,0,0,0,0,0,0,0,0,503310,0,0,0
1744062069.001976,600004,21131157,0,nscratch,nscratch-ffff9e3a24612000,0,0,1214706139355,114567275080,0,0,175125,0,0,0,0,0,0,0,0,0,0,0,0,0,0,0,0,0,0,0,0,0,0,0,0,113482,0,0,0
1744062069.002052,600004,21131157,0,pscratch,pscratch-ffff9e2aa9933800,0,0,2592518393163,989098984449,0,0,276110,0,0,0,0,0,0,0,0,0,0,0,0,0,0,0,0,0,0,0,0,0,0,0,0,503310,0,0,0
1744062070.001678,600004,21131157,0,nscratch,nscratch-ffff9e3a24612000,0,0,1214706139355,114567275080,0,0,175125,0,0,0,0,0,0,0,0,0,0,0,0,0,0,0,0,0,0,0,0,0,0,0,0,113482,0,0,0
1744062070.001767,600004,21131157,0,pscratch,pscratch-ffff9e2aa9933800,0,0,2592518393163,989098984449,0,0,276110,0,0,0,0,0,0,0,0,0,0,0,0,0,0,0,0,0,0,0,0,0,0,0,0,503310,0,0,0
1744062071.002272,600004,21131157,0,nscratch,nscratch-ffff9e3a24612000,0,0,1214706139355,114567275080,0,0,175125,0,0,0,0,0,0,0,0,0,0,0,0,0,0,0,0,0,0,0,0,0,0,0,0,113482,0,0,0
1744062071.002346,600004,21131157,0,pscratch,pscratch-ffff9e2aa9933800,0,0,2592518393163,989098984449,0,0,276110,0,0,0,0,0,0,0,0,0,0,0,0,0,0,0,0,0,0,0,0,0,0,0,0,503310,0,0,0
1744062072.001618,600004,21131157,0,nscratch,nscratch-ffff9e3a24612000,0,0,1214706139355,114567275080,0,0,175125,0,0,0,0,0,0,0,0,0,0,0,0,0,0,0,0,0,0,0,0,0,0,0,0,113482,0,0,0
1744062072.001693,600004,21131157,0,pscratch,pscratch-ffff9e2aa9933800,0,0,2592518393163,989098984449,0,0,276110,0,0,0,0,0,0,0,0,0,0,0,0,0,0,0,0,0,0,0,0,0,0,0,0,503310,0,0,0
1744062073.002229,600004,21131157,0,nscratch,nscratch-ffff9e3a24612000,0,0,1214706139355,114567275080,0,0,175125,0,0,0,0,0,0,0,0,0,0,0,0,0,0,0,0,0,0,0,0,0,0,0,0,113482,0,0,0
1744062073.002308,600004,21131157,0,pscratch,pscratch-ffff9e2aa9933800,0,0,2592518393163,989098984449,0,0,276110,0,0,0,0,0,0,0,0,0,0,0,0,0,0,0,0,0,0,0,0,0,0,0,0,503310,0,0,0
1744062074.001704,600004,21131157,0,nscratch,nscratch-ffff9e3a24612000,0,0,1214706139355,114567275080,0,0,175125,0,0,0,0,0,0,0,0,0,0,0,0,0,0,0,0,0,0,0,0,0,0,0,0,113482,0,0,0
1744062074.001777,600004,21131157,0,pscratch,pscratch-ffff9e2aa9933800,0,0,2592518393163,989098984449,0,0,276110,0,0,0,0,0,0,0,0,0,0,0,0,0,0,0,0,0,0,0,0,0,0,0,0,503310,0,0,0
1744062075.002209,600004,21131157,0,nscratch,nscratch-ffff9e3a24612000,0,0,1214706139355,114567275080,0,0,175125,0,0,0,0,0,0,0,0,0,0,0,0,0,0,0,0,0,0,0,0,0,0,0,0,113482,0,0,0
1744062075.002285,600004,21131157,0,pscratch,pscratch-ffff9e2aa9933800,0,0,2592518393163,989098984449,0,0,276110,0,0,0,0,0,0,0,0,0,0,0,0,0,0,0,0,0,0,0,0,0,0,0,0,503310,0,0,0
1744062076.001669,600004,21131157,0,nscratch,nscratch-ffff9e3a24612000,0,0,1214706139355,114567275080,0,0,175125,0,0,0,0,0,0,0,0,0,0,0,0,0,0,0,0,0,0,0,0,0,0,0,0,113482,0,0,0
1744062076.001743,600004,21131157,0,pscratch,pscratch-ffff9e2aa9933800,0,0,2592518393163,989098984449,0,0,276110,0,0,0,0,0,0,0,0,0,0,0,0,0,0,0,0,0,0,0,0,0,0,0,0,503310,0,0,0
1744062077.002065,600004,21131157,0,nscratch,nscratch-ffff9e3a24612000,0,0,1214706139355,114567275080,0,0,175125,0,0,0,0,0,0,0,0,0,0,0,0,0,0,0,0,0,0,0,0,0,0,0,0,113482,0,0,0
1744062077.002140,600004,21131157,0,pscratch,pscratch-ffff9e2aa9933800,0,0,2592518393163,989098984449,0,0,276110,0,0,0,0,0,0,0,0,0,0,0,0,0,0,0,0,0,0,0,0,0,0,0,0,503310,0,0,0
1744062078.001418,600004,21131157,0,nscratch,nscratch-ffff9e3a24612000,0,0,1214706139355,114567275080,0,0,175125,0,0,0,0,0,0,0,0,0,0,0,0,0,0,0,0,0,0,0,0,0,0,0,0,113482,0,0,0
1744062078.001583,600004,21131157,0,pscratch,pscratch-ffff9e2aa9933800,0,0,2592518393163,989098984449,0,0,276110,0,0,0,0,0,0,0,0,0,0,0,0,0,0,0,0,0,0,0,0,0,0,0,0,503310,0,0,0
1744062079.001988,600004,21131157,0,nscratch,nscratch-ffff9e3a24612000,0,0,1214706139355,114567275080,0,0,175125,0,0,0,0,0,0,0,0,0,0,0,0,0,0,0,0,0,0,0,0,0,0,0,0,113482,0,0,0
1744062079.002063,600004,21131157,0,pscratch,pscratch-ffff9e2aa9933800,0,0,2592518393163,989098984449,0,0,276110,0,0,0,0,0,0,0,0,0,0,0,0,0,0,0,0,0,0,0,0,0,0,0,0,503310,0,0,0
1744062080.001646,600004,21131157,0,nscratch,nscratch-ffff9e3a24612000,0,0,1214706139355,114567275080,0,0,175125,0,0,0,0,0,0,0,0,0,0,0,0,0,0,0,0,0,0,0,0,0,0,0,0,113482,0,0,0
1744062080.001848,600004,21131157,0,pscratch,pscratch-ffff9e2aa9933800,0,0,2592518393163,989098984449,0,0,276110,0,0,0,0,0,0,0,0,0,0,0,0,0,0,0,0,0,0,0,0,0,0,0,0,503310,0,0,0
1744062081.002012,600004,21131157,0,nscratch,nscratch-ffff9e3a24612000,0,0,1214706139355,114567275080,0,0,175125,0,0,0,0,0,0,0,0,0,0,0,0,0,0,0,0,0,0,0,0,0,0,0,0,113482,0,0,0
1744062081.002089,600004,21131157,0,pscratch,pscratch-ffff9e2aa9933800,0,0,2592518393163,989098984449,0,0,276110,0,0,0,0,0,0,0,0,0,0,0,0,0,0,0,0,0,0,0,0,0,0,0,0,503310,0,0,0
1744062082.001506,600004,21131157,0,nscratch,nscratch-ffff9e3a24612000,0,0,1214706139355,114567275080,0,0,175125,0,0,0,0,0,0,0,0,0,0,0,0,0,0,0,0,0,0,0,0,0,0,0,0,113482,0,0,0
1744062082.001582,600004,21131157,0,pscratch,pscratch-ffff9e2aa9933800,0,0,2592518393163,989098984449,0,0,276110,0,0,0,0,0,0,0,0,0,0,0,0,0,0,0,0,0,0,0,0,0,0,0,0,503310,0,0,0
1744062083.001905,600004,21131157,0,nscratch,nscratch-ffff9e3a24612000,0,0,1214706139355,114567275080,0,0,175125,0,0,0,0,0,0,0,0,0,0,0,0,0,0,0,0,0,0,0,0,0,0,0,0,113482,0,0,0
1744062083.001986,600004,21131157,0,pscratch,pscratch-ffff9e2aa9933800,0,0,2592518393163,989098984449,0,0,276110,0,0,0,0,0,0,0,0,0,0,0,0,0,0,0,0,0,0,0,0,0,0,0,0,503310,0,0,0
1744062084.002129,600004,21131157,0,nscratch,nscratch-ffff9e3a24612000,0,0,1214706139355,114567275080,0,0,175125,0,0,0,0,0,0,0,0,0,0,0,0,0,0,0,0,0,0,0,0,0,0,0,0,113482,0,0,0
1744062084.002206,600004,21131157,0,pscratch,pscratch-ffff9e2aa9933800,0,0,2592518393163,989098984449,0,0,276110,0,0,0,0,0,0,0,0,0,0,0,0,0,0,0,0,0,0,0,0,0,0,0,0,503310,0,0,0
1744062085.001600,600004,21131157,0,nscratch,nscratch-ffff9e3a24612000,0,0,1214706139355,114567275080,0,0,175125,0,0,0,0,0,0,0,0,0,0,0,0,0,0,0,0,0,0,0,0,0,0,0,0,113482,0,0,0
1744062085.001674,600004,21131157,0,pscratch,pscratch-ffff9e2aa9933800,0,0,2592518393163,989098984449,0,0,276110,0,0,0,0,0,0,0,0,0,0,0,0,0,0,0,0,0,0,0,0,0,0,0,0,503310,0,0,0
1744062086.002079,600004,21131157,0,nscratch,nscratch-ffff9e3a24612000,0,0,1214706139355,114567275080,0,0,175125,0,0,0,0,0,0,0,0,0,0,0,0,0,0,0,0,0,0,0,0,0,0,0,0,113482,0,0,0
1744062086.002179,600004,21131157,0,pscratch,pscratch-ffff9e2aa9933800,0,0,2592518393163,989098984449,0,0,276110,0,0,0,0,0,0,0,0,0,0,0,0,0,0,0,0,0,0,0,0,0,0,0,0,503310,0,0,0
1744062087.001405,600004,21131157,0,nscratch,nscratch-ffff9e3a24612000,0,0,1214706139355,114567275080,0,0,175125,0,0,0,0,0,0,0,0,0,0,0,0,0,0,0,0,0,0,0,0,0,0,0,0,113482,0,0,0
1744062087.001481,600004,21131157,0,pscratch,pscratch-ffff9e2aa9933800,0,0,2592518393163,989098984449,0,0,276110,0,0,0,0,0,0,0,0,0,0,0,0,0,0,0,0,0,0,0,0,0,0,0,0,503310,0,0,0
1744062088.002068,600004,21131157,0,nscratch,nscratch-ffff9e3a24612000,0,0,1214706139355,114567275080,0,0,175125,0,0,0,0,0,0,0,0,0,0,0,0,0,0,0,0,0,0,0,0,0,0,0,0,113482,0,0,0
1744062088.002143,600004,21131157,0,pscratch,pscratch-ffff9e2aa9933800,0,0,2592518393163,989098984449,0,0,276110,0,0,0,0,0,0,0,0,0,0,0,0,0,0,0,0,0,0,0,0,0,0,0,0,503310,0,0,0
1744062089.001443,600004,21131157,0,nscratch,nscratch-ffff9e3a24612000,0,0,1214706139355,114567275080,0,0,175125,0,0,0,0,0,0,0,0,0,0,0,0,0,0,0,0,0,0,0,0,0,0,0,0,113482,0,0,0
1744062089.001516,600004,21131157,0,pscratch,pscratch-ffff9e2aa9933800,0,0,2592518393163,989098984449,0,0,276110,0,0,0,0,0,0,0,0,0,0,0,0,0,0,0,0,0,0,0,0,0,0,0,0,503310,0,0,0
1744062090.001778,600004,21131157,0,nscratch,nscratch-ffff9e3a24612000,0,0,1214706139355,114567275080,0,0,175125,0,0,0,0,0,0,0,0,0,0,0,0,0,0,0,0,0,0,0,0,0,0,0,0,113482,0,0,0
1744062090.001926,600004,21131157,0,pscratch,pscratch-ffff9e2aa9933800,0,0,2592518393163,989098984449,0,0,276110,0,0,0,0,0,0,0,0,0,0,0,0,0,0,0,0,0,0,0,0,0,0,0,0,503310,0,0,0
1744062091.001422,600004,21131157,0,nscratch,nscratch-ffff9e3a24612000,0,0,1214706139355,114567275080,0,0,175125,0,0,0,0,0,0,0,0,0,0,0,0,0,0,0,0,0,0,0,0,0,0,0,0,113482,0,0,0
1744062091.001500,600004,21131157,0,pscratch,pscratch-ffff9e2aa9933800,0,0,2592518393163,989098984449,0,0,276110,0,0,0,0,0,0,0,0,0,0,0,0,0,0,0,0,0,0,0,0,0,0,0,0,503310,0,0,0
1744062092.001812,600004,21131157,0,nscratch,nscratch-ffff9e3a24612000,0,0,1214706139355,114567275080,0,0,175125,0,0,0,0,0,0,0,0,0,0,0,0,0,0,0,0,0,0,0,0,0,0,0,0,113482,0,0,0
1744062092.001920,600004,21131157,0,pscratch,pscratch-ffff9e2aa9933800,0,0,2592518393163,989098984449,0,0,276110,0,0,0,0,0,0,0,0,0,0,0,0,0,0,0,0,0,0,0,0,0,0,0,0,503310,0,0,0
1744062093.002075,600004,21131157,0,nscratch,nscratch-ffff9e3a24612000,0,0,1214706139355,114567275080,0,0,175125,0,0,0,0,0,0,0,0,0,0,0,0,0,0,0,0,0,0,0,0,0,0,0,0,113482,0,0,0
1744062093.002169,600004,21131157,0,pscratch,pscratch-ffff9e2aa9933800,0,0,2592518393163,989098984449,0,0,276110,0,0,0,0,0,0,0,0,0,0,0,0,0,0,0,0,0,0,0,0,0,0,0,0,503310,0,0,0
1744062094.001631,600004,21131157,0,nscratch,nscratch-ffff9e3a24612000,0,0,1214706139355,114567275080,0,0,175125,0,0,0,0,0,0,0,0,0,0,0,0,0,0,0,0,0,0,0,0,0,0,0,0,113482,0,0,0
1744062094.001709,600004,21131157,0,pscratch,pscratch-ffff9e2aa9933800,0,0,2592518393163,989098984449,0,0,276110,0,0,0,0,0,0,0,0,0,0,0,0,0,0,0,0,0,0,0,0,0,0,0,0,503310,0,0,0
1744062095.001993,600004,21131157,0,nscratch,nscratch-ffff9e3a24612000,0,0,1214706139355,114567275080,0,0,175125,0,0,0,0,0,0,0,0,0,0,0,0,0,0,0,0,0,0,0,0,0,0,0,0,113482,0,0,0
1744062095.002066,600004,21131157,0,pscratch,pscratch-ffff9e2aa9933800,0,0,2592518393163,989098984449,0,0,276110,0,0,0,0,0,0,0,0,0,0,0,0,0,0,0,0,0,0,0,0,0,0,0,0,503310,0,0,0
1744062096.001334,600004,21131157,0,nscratch,nscratch-ffff9e3a24612000,0,0,1214706139355,114567275080,0,0,175125,0,0,0,0,0,0,0,0,0,0,0,0,0,0,0,0,0,0,0,0,0,0,0,0,113482,0,0,0
1744062096.001411,600004,21131157,0,pscratch,pscratch-ffff9e2aa9933800,0,0,2592518393163,989098984449,0,0,276110,0,0,0,0,0,0,0,0,0,0,0,0,0,0,0,0,0,0,0,0,0,0,0,0,503310,0,0,0
1744062097.001791,600004,21131157,0,nscratch,nscratch-ffff9e3a24612000,0,0,1214706139355,114567275080,0,0,175125,0,0,0,0,0,0,0,0,0,0,0,0,0,0,0,0,0,0,0,0,0,0,0,0,113482,0,0,0
1744062097.001882,600004,21131157,0,pscratch,pscratch-ffff9e2aa9933800,0,0,2592518393163,989098984449,0,0,276110,0,0,0,0,0,0,0,0,0,0,0,0,0,0,0,0,0,0,0,0,0,0,0,0,503310,0,0,0
1744062098.002182,600004,21131157,0,nscratch,nscratch-ffff9e3a24612000,0,0,1214706139355,114567275080,0,0,175125,0,0,0,0,0,0,0,0,0,0,0,0,0,0,0,0,0,0,0,0,0,0,0,0,113482,0,0,0
1744062098.002254,600004,21131157,0,pscratch,pscratch-ffff9e2aa9933800,0,0,2592518393163,989098984449,0,0,276110,0,0,0,0,0,0,0,0,0,0,0,0,0,0,0,0,0,0,0,0,0,0,0,0,503310,0,0,0
1744062099.001390,600004,21131157,0,nscratch,nscratch-ffff9e3a24612000,0,0,1214706139355,114567275080,0,0,175125,0,0,0,0,0,0,0,0,0,0,0,0,0,0,0,0,0,0,0,0,0,0,0,0,113482,0,0,0
1744062099.001465,600004,21131157,0,pscratch,pscratch-ffff9e2aa9933800,0,0,2592518393163,989098984449,0,0,276110,0,0,0,0,0,0,0,0,0,0,0,0,0,0,0,0,0,0,0,0,0,0,0,0,503310,0,0,0
1744062100.002076,600004,21131157,0,nscratch,nscratch-ffff9e3a24612000,0,0,1214706139355,114567275080,0,0,175125,0,0,0,0,0,0,0,0,0,0,0,0,0,0,0,0,0,0,0,0,0,0,0,0,113482,0,0,0
1744062100.002165,600004,21131157,0,pscratch,pscratch-ffff9e2aa9933800,0,0,2592518393163,989098984449,0,0,276110,0,0,0,0,0,0,0,0,0,0,0,0,0,0,0,0,0,0,0,0,0,0,0,0,503310,0,0,0
1744062101.001724,600004,21131157,0,nscratch,nscratch-ffff9e3a24612000,0,0,1214706139355,114567275080,0,0,175125,0,0,0,0,0,0,0,0,0,0,0,0,0,0,0,0,0,0,0,0,0,0,0,0,113482,0,0,0
1744062101.001798,600004,21131157,0,pscratch,pscratch-ffff9e2aa9933800,0,0,2592518393163,989098984449,0,0,276110,0,0,0,0,0,0,0,0,0,0,0,0,0,0,0,0,0,0,0,0,0,0,0,0,503310,0,0,0
1744062102.001990,600004,21131157,0,nscratch,nscratch-ffff9e3a24612000,0,0,1214706139355,114567275080,0,0,175125,0,0,0,0,0,0,0,0,0,0,0,0,0,0,0,0,0,0,0,0,0,0,0,0,113482,0,0,0
1744062102.002067,600004,21131157,0,pscratch,pscratch-ffff9e2aa9933800,0,0,2592518393163,989098984449,0,0,276110,0,0,0,0,0,0,0,0,0,0,0,0,0,0,0,0,0,0,0,0,0,0,0,0,503310,0,0,0
1744062103.001651,600004,21131157,0,nscratch,nscratch-ffff9e3a24612000,0,0,1214706139355,114567275080,0,0,175125,0,0,0,0,0,0,0,0,0,0,0,0,0,0,0,0,0,0,0,0,0,0,0,0,113482,0,0,0
1744062103.001724,600004,21131157,0,pscratch,pscratch-ffff9e2aa9933800,0,0,2592518393163,989098984449,0,0,276110,0,0,0,0,0,0,0,0,0,0,0,0,0,0,0,0,0,0,0,0,0,0,0,0,503310,0,0,0
1744062104.002023,600004,21131157,0,nscratch,nscratch-ffff9e3a24612000,0,0,1214706139355,114567275080,0,0,175125,0,0,0,0,0,0,0,0,0,0,0,0,0,0,0,0,0,0,0,0,0,0,0,0,113482,0,0,0
1744062104.002099,600004,21131157,0,pscratch,pscratch-ffff9e2aa9933800,0,0,2592518393163,989098984449,0,0,276110,0,0,0,0,0,0,0,0,0,0,0,0,0,0,0,0,0,0,0,0,0,0,0,0,503310,0,0,0
1744062105.001271,600004,21131157,0,nscratch,nscratch-ffff9e3a24612000,0,0,1214706139355,114567275080,0,0,175125,0,0,0,0,0,0,0,0,0,0,0,0,0,0,0,0,0,0,0,0,0,0,0,0,113482,0,0,0
1744062105.001346,600004,21131157,0,pscratch,pscratch-ffff9e2aa9933800,0,0,2592518393163,989098984449,0,0,276110,0,0,0,0,0,0,0,0,0,0,0,0,0,0,0,0,0,0,0,0,0,0,0,0,503310,0,0,0
1744062106.001745,600004,21131157,0,nscratch,nscratch-ffff9e3a24612000,0,0,1214706139355,114567275080,0,0,175125,0,0,0,0,0,0,0,0,0,0,0,0,0,0,0,0,0,0,0,0,0,0,0,0,113482,0,0,0
1744062106.001821,600004,21131157,0,pscratch,pscratch-ffff9e2aa9933800,0,0,2592518393163,989098984449,0,0,276110,0,0,0,0,0,0,0,0,0,0,0,0,0,0,0,0,0,0,0,0,0,0,0,0,503310,0,0,0
1744062107.002128,600004,21131157,0,nscratch,nscratch-ffff9e3a24612000,0,0,1214706139355,114567275080,0,0,175125,0,0,0,0,0,0,0,0,0,0,0,0,0,0,0,0,0,0,0,0,0,0,0,0,113482,0,0,0
1744062107.002219,600004,21131157,0,pscratch,pscratch-ffff9e2aa9933800,0,0,2592518393163,989098984449,0,0,276110,0,0,0,0,0,0,0,0,0,0,0,0,0,0,0,0,0,0,0,0,0,0,0,0,503310,0,0,0
1744062108.001498,600004,21131157,0,nscratch,nscratch-ffff9e3a24612000,0,0,1214706139355,114567275080,0,0,175125,0,0,0,0,0,0,0,0,0,0,0,0,0,0,0,0,0,0,0,0,0,0,0,0,113482,0,0,0
1744062108.001616,600004,21131157,0,pscratch,pscratch-ffff9e2aa9933800,0,0,2592518393163,989098984449,0,0,276110,0,0,0,0,0,0,0,0,0,0,0,0,0,0,0,0,0,0,0,0,0,0,0,0,503310,0,0,0
1744062109.002009,600004,21131157,0,nscratch,nscratch-ffff9e3a24612000,0,0,1214706139355,114567275080,0,0,175125,0,0,0,0,0,0,0,0,0,0,0,0,0,0,0,0,0,0,0,0,0,0,0,0,113482,0,0,0
1744062109.002088,600004,21131157,0,pscratch,pscratch-ffff9e2aa9933800,0,0,2592518393163,989098984449,0,0,276110,0,0,0,0,0,0,0,0,0,0,0,0,0,0,0,0,0,0,0,0,0,0,0,0,503310,0,0,0
1744062110.001358,600004,21131157,0,nscratch,nscratch-ffff9e3a24612000,0,0,1214706139355,114567275080,0,0,175125,0,0,0,0,0,0,0,0,0,0,0,0,0,0,0,0,0,0,0,0,0,0,0,0,113482,0,0,0
1744062110.001431,600004,21131157,0,pscratch,pscratch-ffff9e2aa9933800,0,0,2592518393163,989098984449,0,0,276110,0,0,0,0,0,0,0,0,0,0,0,0,0,0,0,0,0,0,0,0,0,0,0,0,503310,0,0,0
1744062111.001632,600004,21131157,0,nscratch,nscratch-ffff9e3a24612000,0,0,1214706139355,114567275080,0,0,175125,0,0,0,0,0,0,0,0,0,0,0,0,0,0,0,0,0,0,0,0,0,0,0,0,113482,0,0,0
1744062111.001707,600004,21131157,0,pscratch,pscratch-ffff9e2aa9933800,0,0,2592518393163,989098984449,0,0,276110,0,0,0,0,0,0,0,0,0,0,0,0,0,0,0,0,0,0,0,0,0,0,0,0,503310,0,0,0
1744062112.002160,600004,21131157,0,nscratch,nscratch-ffff9e3a24612000,0,0,1214706139355,114567275080,0,0,175125,0,0,0,0,0,0,0,0,0,0,0,0,0,0,0,0,0,0,0,0,0,0,0,0,113482,0,0,0
1744062112.002235,600004,21131157,0,pscratch,pscratch-ffff9e2aa9933800,0,0,2592518393163,989098984449,0,0,276110,0,0,0,0,0,0,0,0,0,0,0,0,0,0,0,0,0,0,0,0,0,0,0,0,503310,0,0,0
1744062113.001507,600004,21131157,0,nscratch,nscratch-ffff9e3a24612000,0,0,1214706139355,114567275080,0,0,175125,0,0,0,0,0,0,0,0,0,0,0,0,0,0,0,0,0,0,0,0,0,0,0,0,113482,0,0,0
1744062113.001581,600004,21131157,0,pscratch,pscratch-ffff9e2aa9933800,0,0,2592518393163,989098984449,0,0,276110,0,0,0,0,0,0,0,0,0,0,0,0,0,0,0,0,0,0,0,0,0,0,0,0,503310,0,0,0
1744062114.001722,600004,21131157,0,nscratch,nscratch-ffff9e3a24612000,0,0,1214706139355,114567275080,0,0,175125,0,0,0,0,0,0,0,0,0,0,0,0,0,0,0,0,0,0,0,0,0,0,0,0,113482,0,0,0
1744062114.001799,600004,21131157,0,pscratch,pscratch-ffff9e2aa9933800,0,0,2592518393163,989098984449,0,0,276110,0,0,0,0,0,0,0,0,0,0,0,0,0,0,0,0,0,0,0,0,0,0,0,0,503310,0,0,0
1744062115.002216,600004,21131157,0,nscratch,nscratch-ffff9e3a24612000,0,0,1214706139355,114567275080,0,0,175125,0,0,0,0,0,0,0,0,0,0,0,0,0,0,0,0,0,0,0,0,0,0,0,0,113482,0,0,0
1744062115.002290,600004,21131157,0,pscratch,pscratch-ffff9e2aa9933800,0,0,2592518393163,989098984449,0,0,276110,0,0,0,0,0,0,0,0,0,0,0,0,0,0,0,0,0,0,0,0,0,0,0,0,503310,0,0,0
1744062116.001643,600004,21131157,0,nscratch,nscratch-ffff9e3a24612000,0,0,1214706139355,114567275080,0,0,175125,0,0,0,0,0,0,0,0,0,0,0,0,0,0,0,0,0,0,0,0,0,0,0,0,113482,0,0,0
1744062116.001716,600004,21131157,0,pscratch,pscratch-ffff9e2aa9933800,0,0,2592518393163,989098984449,0,0,276110,0,0,0,0,0,0,0,0,0,0,0,0,0,0,0,0,0,0,0,0,0,0,0,0,503310,0,0,0
1744062117.001990,600004,21131157,0,nscratch,nscratch-ffff9e3a24612000,0,0,1214706139355,114567275080,0,0,175125,0,0,0,0,0,0,0,0,0,0,0,0,0,0,0,0,0,0,0,0,0,0,0,0,113482,0,0,0
1744062117.002066,600004,21131157,0,pscratch,pscratch-ffff9e2aa9933800,0,0,2592518393163,989098984449,0,0,276110,0,0,0,0,0,0,0,0,0,0,0,0,0,0,0,0,0,0,0,0,0,0,0,0,503310,0,0,0
1744062118.001683,600004,21131157,0,nscratch,nscratch-ffff9e3a24612000,0,0,1214706139355,114567275080,0,0,175125,0,0,0,0,0,0,0,0,0,0,0,0,0,0,0,0,0,0,0,0,0,0,0,0,113482,0,0,0
1744062118.001758,600004,21131157,0,pscratch,pscratch-ffff9e2aa9933800,0,0,2592518393163,989098984449,0,0,276110,0,0,0,0,0,0,0,0,0,0,0,0,0,0,0,0,0,0,0,0,0,0,0,0,503310,0,0,0
1744062119.002079,600004,21131157,0,nscratch,nscratch-ffff9e3a24612000,0,0,1214706139355,114567275080,0,0,175125,0,0,0,0,0,0,0,0,0,0,0,0,0,0,0,0,0,0,0,0,0,0,0,0,113482,0,0,0
1744062119.002154,600004,21131157,0,pscratch,pscratch-ffff9e2aa9933800,0,0,2592518393163,989098984449,0,0,276110,0,0,0,0,0,0,0,0,0,0,0,0,0,0,0,0,0,0,0,0,0,0,0,0,503310,0,0,0
1744062120.001363,600004,21131157,0,nscratch,nscratch-ffff9e3a24612000,0,0,1214706139355,114567275080,0,0,175125,0,0,0,0,0,0,0,0,0,0,0,0,0,0,0,0,0,0,0,0,0,0,0,0,113482,0,0,0
1744062120.001438,600004,21131157,0,pscratch,pscratch-ffff9e2aa9933800,0,0,2592518393163,989098984449,0,0,276110,0,0,0,0,0,0,0,0,0,0,0,0,0,0,0,0,0,0,0,0,0,0,0,0,503310,0,0,0
1744062121.002095,600004,21131157,0,nscratch,nscratch-ffff9e3a24612000,0,0,1214706139355,114567275080,0,0,175125,0,0,0,0,0,0,0,0,0,0,0,0,0,0,0,0,0,0,0,0,0,0,0,0,113482,0,0,0
1744062121.002189,600004,21131157,0,pscratch,pscratch-ffff9e2aa9933800,0,0,2592518393163,989098984449,0,0,276110,0,0,0,0,0,0,0,0,0,0,0,0,0,0,0,0,0,0,0,0,0,0,0,0,503310,0,0,0
1744062122.001617,600004,21131157,0,nscratch,nscratch-ffff9e3a24612000,0,0,1214706139355,114567275080,0,0,175125,0,0,0,0,0,0,0,0,0,0,0,0,0,0,0,0,0,0,0,0,0,0,0,0,113482,0,0,0
1744062122.001690,600004,21131157,0,pscratch,pscratch-ffff9e2aa9933800,0,0,2592518393163,989098984449,0,0,276110,0,0,0,0,0,0,0,0,0,0,0,0,0,0,0,0,0,0,0,0,0,0,0,0,503310,0,0,0
1744062123.001943,600004,21131157,0,nscratch,nscratch-ffff9e3a24612000,0,0,1214706139355,114567275080,0,0,175125,0,0,0,0,0,0,0,0,0,0,0,0,0,0,0,0,0,0,0,0,0,0,0,0,113482,0,0,0
1744062123.002020,600004,21131157,0,pscratch,pscratch-ffff9e2aa9933800,0,0,2592518393163,989098984449,0,0,276110,0,0,0,0,0,0,0,0,0,0,0,0,0,0,0,0,0,0,0,0,0,0,0,0,503310,0,0,0
1744062124.001410,600004,21131157,0,nscratch,nscratch-ffff9e3a24612000,0,0,1214706139355,114567275080,0,0,175125,0,0,0,0,0,0,0,0,0,0,0,0,0,0,0,0,0,0,0,0,0,0,0,0,113482,0,0,0
1744062124.001484,600004,21131157,0,pscratch,pscratch-ffff9e2aa9933800,0,0,2592518393163,989098984449,0,0,276110,0,0,0,0,0,0,0,0,0,0,0,0,0,0,0,0,0,0,0,0,0,0,0,0,503310,0,0,0
1744062125.001774,600004,21131157,0,nscratch,nscratch-ffff9e3a24612000,0,0,1214706139355,114567275080,0,0,175125,0,0,0,0,0,0,0,0,0,0,0,0,0,0,0,0,0,0,0,0,0,0,0,0,113482,0,0,0
1744062125.001879,600004,21131157,0,pscratch,pscratch-ffff9e2aa9933800,0,0,2592518393163,989098984449,0,0,276110,0,0,0,0,0,0,0,0,0,0,0,0,0,0,0,0,0,0,0,0,0,0,0,0,503310,0,0,0
1744062126.002031,600004,21131157,0,nscratch,nscratch-ffff9e3a24612000,0,0,1214706139355,114567275080,0,0,175125,0,0,0,0,0,0,0,0,0,0,0,0,0,0,0,0,0,0,0,0,0,0,0,0,113482,0,0,0
1744062126.002110,600004,21131157,0,pscratch,pscratch-ffff9e2aa9933800,0,0,2592518393163,989098984449,0,0,276110,0,0,0,0,0,0,0,0,0,0,0,0,0,0,0,0,0,0,0,0,0,0,0,0,503310,0,0,0
1744062127.001481,600004,21131157,0,nscratch,nscratch-ffff9e3a24612000,0,0,1214706139355,114567275080,0,0,175125,0,0,0,0,0,0,0,0,0,0,0,0,0,0,0,0,0,0,0,0,0,0,0,0,113482,0,0,0
1744062127.001557,600004,21131157,0,pscratch,pscratch-ffff9e2aa9933800,0,0,2592518393163,989098984449,0,0,276110,0,0,0,0,0,0,0,0,0,0,0,0,0,0,0,0,0,0,0,0,0,0,0,0,503310,0,0,0
1744062128.001827,600004,21131157,0,nscratch,nscratch-ffff9e3a24612000,0,0,1214706139355,114567275080,0,0,175125,0,0,0,0,0,0,0,0,0,0,0,0,0,0,0,0,0,0,0,0,0,0,0,0,113482,0,0,0
1744062128.001913,600004,21131157,0,pscratch,pscratch-ffff9e2aa9933800,0,0,2592518393163,989098984449,0,0,276110,0,0,0,0,0,0,0,0,0,0,0,0,0,0,0,0,0,0,0,0,0,0,0,0,503310,0,0,0
1744062129.002076,600004,21131157,0,nscratch,nscratch-ffff9e3a24612000,0,0,1214706139355,114567275080,0,0,175125,0,0,0,0,0,0,0,0,0,0,0,0,0,0,0,0,0,0,0,0,0,0,0,0,113482,0,0,0
1744062129.002154,600004,21131157,0,pscratch,pscratch-ffff9e2aa9933800,0,0,2592518393163,989098984449,0,0,276110,0,0,0,0,0,0,0,0,0,0,0,0,0,0,0,0,0,0,0,0,0,0,0,0,503310,0,0,0
1744062130.001539,600004,21131157,0,nscratch,nscratch-ffff9e3a24612000,0,0,1214706139355,114567275080,0,0,175125,0,0,0,0,0,0,0,0,0,0,0,0,0,0,0,0,0,0,0,0,0,0,0,0,113482,0,0,0
1744062130.001615,600004,21131157,0,pscratch,pscratch-ffff9e2aa9933800,0,0,2592518393163,989098984449,0,0,276110,0,0,0,0,0,0,0,0,0,0,0,0,0,0,0,0,0,0,0,0,0,0,0,0,503310,0,0,0
1744062131.001896,600004,21131157,0,nscratch,nscratch-ffff9e3a24612000,0,0,1214706139355,114567275080,0,0,175125,0,0,0,0,0,0,0,0,0,0,0,0,0,0,0,0,0,0,0,0,0,0,0,0,113482,0,0,0
1744062131.001971,600004,21131157,0,pscratch,pscratch-ffff9e2aa9933800,0,0,2592518393163,989098984449,0,0,276110,0,0,0,0,0,0,0,0,0,0,0,0,0,0,0,0,0,0,0,0,0,0,0,0,503310,0,0,0
1744062132.002129,600004,21131157,0,nscratch,nscratch-ffff9e3a24612000,0,0,1214706139355,114567275080,0,0,175125,0,0,0,0,0,0,0,0,0,0,0,0,0,0,0,0,0,0,0,0,0,0,0,0,113482,0,0,0
1744062132.002206,600004,21131157,0,pscratch,pscratch-ffff9e2aa9933800,0,0,2592518393163,989098984449,0,0,276110,0,0,0,0,0,0,0,0,0,0,0,0,0,0,0,0,0,0,0,0,0,0,0,0,503310,0,0,0
1744062133.001594,600004,21131157,0,nscratch,nscratch-ffff9e3a24612000,0,0,1214706139355,114567275080,0,0,175125,0,0,0,0,0,0,0,0,0,0,0,0,0,0,0,0,0,0,0,0,0,0,0,0,113482,0,0,0
1744062133.001668,600004,21131157,0,pscratch,pscratch-ffff9e2aa9933800,0,0,2592518393163,989098984449,0,0,276110,0,0,0,0,0,0,0,0,0,0,0,0,0,0,0,0,0,0,0,0,0,0,0,0,503310,0,0,0
1744062134.001993,600004,21131157,0,nscratch,nscratch-ffff9e3a24612000,0,0,1214706139355,114567275080,0,0,175125,0,0,0,0,0,0,0,0,0,0,0,0,0,0,0,0,0,0,0,0,0,0,0,0,113482,0,0,0
1744062134.002068,600004,21131157,0,pscratch,pscratch-ffff9e2aa9933800,0,0,2592518393163,989098984449,0,0,276110,0,0,0,0,0,0,0,0,0,0,0,0,0,0,0,0,0,0,0,0,0,0,0,0,503310,0,0,0
1744062135.001346,600004,21131157,0,nscratch,nscratch-ffff9e3a24612000,0,0,1214706139355,114567275080,0,0,175125,0,0,0,0,0,0,0,0,0,0,0,0,0,0,0,0,0,0,0,0,0,0,0,0,113482,0,0,0
1744062135.001506,600004,21131157,0,pscratch,pscratch-ffff9e2aa9933800,0,0,2592518393163,989098984449,0,0,276110,0,0,0,0,0,0,0,0,0,0,0,0,0,0,0,0,0,0,0,0,0,0,0,0,503310,0,0,0
1744062136.001903,600004,21131157,0,nscratch,nscratch-ffff9e3a24612000,0,0,1214706139355,114567275080,0,0,175125,0,0,0,0,0,0,0,0,0,0,0,0,0,0,0,0,0,0,0,0,0,0,0,0,113482,0,0,0
1744062136.001997,600004,21131157,0,pscratch,pscratch-ffff9e2aa9933800,0,0,2592518393163,989098984449,0,0,276110,0,0,0,0,0,0,0,0,0,0,0,0,0,0,0,0,0,0,0,0,0,0,0,0,503310,0,0,0
1744062137.001288,600004,21131157,0,nscratch,nscratch-ffff9e3a24612000,0,0,1214706139355,114567275080,0,0,175125,0,0,0,0,0,0,0,0,0,0,0,0,0,0,0,0,0,0,0,0,0,0,0,0,113482,0,0,0
1744062137.001361,600004,21131157,0,pscratch,pscratch-ffff9e2aa9933800,0,0,2592518393163,989098984449,0,0,276110,0,0,0,0,0,0,0,0,0,0,0,0,0,0,0,0,0,0,0,0,0,0,0,0,503310,0,0,0
1744062138.001500,600004,21131157,0,nscratch,nscratch-ffff9e3a24612000,0,0,1214706139355,114567275080,0,0,175125,0,0,0,0,0,0,0,0,0,0,0,0,0,0,0,0,0,0,0,0,0,0,0,0,113482,0,0,0
1744062138.001575,600004,21131157,0,pscratch,pscratch-ffff9e2aa9933800,0,0,2592518393163,989098984449,0,0,276110,0,0,0,0,0,0,0,0,0,0,0,0,0,0,0,0,0,0,0,0,0,0,0,0,503310,0,0,0
1744062139.002104,600004,21131157,0,nscratch,nscratch-ffff9e3a24612000,0,0,1214706139355,114567275080,0,0,175125,0,0,0,0,0,0,0,0,0,0,0,0,0,0,0,0,0,0,0,0,0,0,0,0,113482,0,0,0
1744062139.002180,600004,21131157,0,pscratch,pscratch-ffff9e2aa9933800,0,0,2592518393163,989098984449,0,0,276110,0,0,0,0,0,0,0,0,0,0,0,0,0,0,0,0,0,0,0,0,0,0,0,0,503310,0,0,0
1744062140.001755,600004,21131157,0,nscratch,nscratch-ffff9e3a24612000,0,0,1214706139355,114567275080,0,0,175125,0,0,0,0,0,0,0,0,0,0,0,0,0,0,0,0,0,0,0,0,0,0,0,0,113482,0,0,0
1744062140.001931,600004,21131157,0,pscratch,pscratch-ffff9e2aa9933800,0,0,2592518393163,989098984449,0,0,276110,0,0,0,0,0,0,0,0,0,0,0,0,0,0,0,0,0,0,0,0,0,0,0,0,503310,0,0,0
1744062141.002091,600004,21131157,0,nscratch,nscratch-ffff9e3a24612000,0,0,1214706139355,114567275080,0,0,175125,0,0,0,0,0,0,0,0,0,0,0,0,0,0,0,0,0,0,0,0,0,0,0,0,113482,0,0,0
1744062141.002184,600004,21131157,0,pscratch,pscratch-ffff9e2aa9933800,0,0,2592518393163,989098984449,0,0,276110,0,0,0,0,0,0,0,0,0,0,0,0,0,0,0,0,0,0,0,0,0,0,0,0,503310,0,0,0
1744062142.001722,600004,21131157,0,nscratch,nscratch-ffff9e3a24612000,0,0,1214706139355,114567275080,0,0,175125,0,0,0,0,0,0,0,0,0,0,0,0,0,0,0,0,0,0,0,0,0,0,0,0,113482,0,0,0
1744062142.001796,600004,21131157,0,pscratch,pscratch-ffff9e2aa9933800,0,0,2592518393163,989098984449,0,0,276110,0,0,0,0,0,0,0,0,0,0,0,0,0,0,0,0,0,0,0,0,0,0,0,0,503310,0,0,0
1744062143.002126,600004,21131157,0,nscratch,nscratch-ffff9e3a24612000,0,0,1214706139355,114567275080,0,0,175125,0,0,0,0,0,0,0,0,0,0,0,0,0,0,0,0,0,0,0,0,0,0,0,0,113482,0,0,0
1744062143.002199,600004,21131157,0,pscratch,pscratch-ffff9e2aa9933800,0,0,2592518393163,989098984449,0,0,276110,0,0,0,0,0,0,0,0,0,0,0,0,0,0,0,0,0,0,0,0,0,0,0,0,503310,0,0,0
1744062144.001365,600004,21131157,0,nscratch,nscratch-ffff9e3a24612000,0,0,1214706139355,114567275080,0,0,175125,0,0,0,0,0,0,0,0,0,0,0,0,0,0,0,0,0,0,0,0,0,0,0,0,113482,0,0,0
1744062144.001439,600004,21131157,0,pscratch,pscratch-ffff9e2aa9933800,0,0,2592518393163,989098984449,0,0,276110,0,0,0,0,0,0,0,0,0,0,0,0,0,0,0,0,0,0,0,0,0,0,0,0,503310,0,0,0
1744062145.002014,600004,21131157,0,nscratch,nscratch-ffff9e3a24612000,0,0,1214706139355,114567275080,0,0,175125,0,0,0,0,0,0,0,0,0,0,0,0,0,0,0,0,0,0,0,0,0,0,0,0,113482,0,0,0
1744062145.002090,600004,21131157,0,pscratch,pscratch-ffff9e2aa9933800,0,0,2592518393163,989098984449,0,0,276110,0,0,0,0,0,0,0,0,0,0,0,0,0,0,0,0,0,0,0,0,0,0,0,0,503310,0,0,0
1744062146.001417,600004,21131157,0,nscratch,nscratch-ffff9e3a24612000,0,0,1214706139355,114567275080,0,0,175125,0,0,0,0,0,0,0,0,0,0,0,0,0,0,0,0,0,0,0,0,0,0,0,0,113482,0,0,0
1744062146.001491,600004,21131157,0,pscratch,pscratch-ffff9e2aa9933800,0,0,2592518393163,989098984449,0,0,276110,0,0,0,0,0,0,0,0,0,0,0,0,0,0,0,0,0,0,0,0,0,0,0,0,503310,0,0,0
1744062147.001649,600004,21131157,0,nscratch,nscratch-ffff9e3a24612000,0,0,1214706139355,114567275080,0,0,175125,0,0,0,0,0,0,0,0,0,0,0,0,0,0,0,0,0,0,0,0,0,0,0,0,113482,0,0,0
1744062147.001726,600004,21131157,0,pscratch,pscratch-ffff9e2aa9933800,0,0,2592518393163,989098984449,0,0,276110,0,0,0,0,0,0,0,0,0,0,0,0,0,0,0,0,0,0,0,0,0,0,0,0,503310,0,0,0
1744062148.002120,600004,21131157,0,nscratch,nscratch-ffff9e3a24612000,0,0,1214706139355,114567275080,0,0,175125,0,0,0,0,0,0,0,0,0,0,0,0,0,0,0,0,0,0,0,0,0,0,0,0,113482,0,0,0
1744062148.002194,600004,21131157,0,pscratch,pscratch-ffff9e2aa9933800,0,0,2592518393163,989098984449,0,0,276110,0,0,0,0,0,0,0,0,0,0,0,0,0,0,0,0,0,0,0,0,0,0,0,0,503310,0,0,0
1744062149.001619,600004,21131157,0,nscratch,nscratch-ffff9e3a24612000,0,0,1214706139355,114567275080,0,0,175125,0,0,0,0,0,0,0,0,0,0,0,0,0,0,0,0,0,0,0,0,0,0,0,0,113482,0,0,0
1744062149.001712,600004,21131157,0,pscratch,pscratch-ffff9e2aa9933800,0,0,2592518393163,989098984449,0,0,276110,0,0,0,0,0,0,0,0,0,0,0,0,0,0,0,0,0,0,0,0,0,0,0,0,503310,0,0,0
1744062150.001885,600004,21131157,0,nscratch,nscratch-ffff9e3a24612000,0,0,1214706139355,114567275080,0,0,175125,0,0,0,0,0,0,0,0,0,0,0,0,0,0,0,0,0,0,0,0,0,0,0,0,113482,0,0,0
1744062150.001981,600004,21131157,0,pscratch,pscratch-ffff9e2aa9933800,0,0,2592518393163,989098984449,0,0,276110,0,0,0,0,0,0,0,0,0,0,0,0,0,0,0,0,0,0,0,0,0,0,0,0,503310,0,0,0
1744062151.001503,600004,21131157,0,nscratch,nscratch-ffff9e3a24612000,0,0,1214706139355,114567275080,0,0,175125,0,0,0,0,0,0,0,0,0,0,0,0,0,0,0,0,0,0,0,0,0,0,0,0,113482,0,0,0
1744062151.001577,600004,21131157,0,pscratch,pscratch-ffff9e2aa9933800,0,0,2592518393163,989098984449,0,0,276110,0,0,0,0,0,0,0,0,0,0,0,0,0,0,0,0,0,0,0,0,0,0,0,0,503310,0,0,0
1744062152.002126,600004,21131157,0,nscratch,nscratch-ffff9e3a24612000,0,0,1214706139355,114567275080,0,0,175125,0,0,0,0,0,0,0,0,0,0,0,0,0,0,0,0,0,0,0,0,0,0,0,0,113482,0,0,0
1744062152.002217,600004,21131157,0,pscratch,pscratch-ffff9e2aa9933800,0,0,2592518393163,989098984449,0,0,276110,0,0,0,0,0,0,0,0,0,0,0,0,0,0,0,0,0,0,0,0,0,0,0,0,503310,0,0,0
1744062153.001500,600004,21131157,0,nscratch,nscratch-ffff9e3a24612000,0,0,1214706139355,114567275080,0,0,175125,0,0,0,0,0,0,0,0,0,0,0,0,0,0,0,0,0,0,0,0,0,0,0,0,113482,0,0,0
1744062153.001656,600004,21131157,0,pscratch,pscratch-ffff9e2aa9933800,0,0,2592518393163,989098984449,0,0,276110,0,0,0,0,0,0,0,0,0,0,0,0,0,0,0,0,0,0,0,0,0,0,0,0,503310,0,0,0
1744062154.002134,600004,21131157,0,nscratch,nscratch-ffff9e3a24612000,0,0,1214706139355,114567275080,0,0,175125,0,0,0,0,0,0,0,0,0,0,0,0,0,0,0,0,0,0,0,0,0,0,0,0,113482,0,0,0
1744062154.002210,600004,21131157,0,pscratch,pscratch-ffff9e2aa9933800,0,0,2592518393163,989098984449,0,0,276110,0,0,0,0,0,0,0,0,0,0,0,0,0,0,0,0,0,0,0,0,0,0,0,0,503310,0,0,0
1744062155.001507,600004,21131157,0,nscratch,nscratch-ffff9e3a24612000,0,0,1214706139355,114567275080,0,0,175125,0,0,0,0,0,0,0,0,0,0,0,0,0,0,0,0,0,0,0,0,0,0,0,0,113482,0,0,0
1744062155.001580,600004,21131157,0,pscratch,pscratch-ffff9e2aa9933800,0,0,2592518393163,989098984449,0,0,276110,0,0,0,0,0,0,0,0,0,0,0,0,0,0,0,0,0,0,0,0,0,0,0,0,503310,0,0,0
1744062156.001880,600004,21131157,0,nscratch,nscratch-ffff9e3a24612000,0,0,1214706139355,114567275080,0,0,175125,0,0,0,0,0,0,0,0,0,0,0,0,0,0,0,0,0,0,0,0,0,0,0,0,113482,0,0,0
1744062156.002009,600004,21131157,0,pscratch,pscratch-ffff9e2aa9933800,0,0,2592518393163,989098984449,0,0,276110,0,0,0,0,0,0,0,0,0,0,0,0,0,0,0,0,0,0,0,0,0,0,0,0,503310,0,0,0
1744062157.001416,600004,21131157,0,nscratch,nscratch-ffff9e3a24612000,0,0,1214706139355,114567275080,0,0,175125,0,0,0,0,0,0,0,0,0,0,0,0,0,0,0,0,0,0,0,0,0,0,0,0,113482,0,0,0
1744062157.001490,600004,21131157,0,pscratch,pscratch-ffff9e2aa9933800,0,0,2592518393163,989098984449,0,0,276110,0,0,0,0,0,0,0,0,0,0,0,0,0,0,0,0,0,0,0,0,0,0,0,0,503310,0,0,0
1744062158.001780,600004,21131157,0,nscratch,nscratch-ffff9e3a24612000,0,0,1214706139355,114567275080,0,0,175125,0,0,0,0,0,0,0,0,0,0,0,0,0,0,0,0,0,0,0,0,0,0,0,0,113482,0,0,0
1744062158.001887,600004,21131157,0,pscratch,pscratch-ffff9e2aa9933800,0,0,2592518393163,989098984449,0,0,276110,0,0,0,0,0,0,0,0,0,0,0,0,0,0,0,0,0,0,0,0,0,0,0,0,503310,0,0,0
1744062159.002028,600004,21131157,0,nscratch,nscratch-ffff9e3a24612000,0,0,1214706139355,114567275080,0,0,175125,0,0,0,0,0,0,0,0,0,0,0,0,0,0,0,0,0,0,0,0,0,0,0,0,113482,0,0,0
1744062159.002105,600004,21131157,0,pscratch,pscratch-ffff9e2aa9933800,0,0,2592518393163,989098984449,0,0,276110,0,0,0,0,0,0,0,0,0,0,0,0,0,0,0,0,0,0,0,0,0,0,0,0,503310,0,0,0
1744062160.001682,600004,21131157,0,nscratch,nscratch-ffff9e3a24612000,0,0,1214706139355,114567275080,0,0,175125,0,0,0,0,0,0,0,0,0,0,0,0,0,0,0,0,0,0,0,0,0,0,0,0,113482,0,0,0
1744062160.001801,600004,21131157,0,pscratch,pscratch-ffff9e2aa9933800,0,0,2592518393163,989098984449,0,0,276110,0,0,0,0,0,0,0,0,0,0,0,0,0,0,0,0,0,0,0,0,0,0,0,0,503310,0,0,0
1744062161.002078,600004,21131157,0,nscratch,nscratch-ffff9e3a24612000,0,0,1214706139355,114567275080,0,0,175125,0,0,0,0,0,0,0,0,0,0,0,0,0,0,0,0,0,0,0,0,0,0,0,0,113482,0,0,0
1744062161.002150,600004,21131157,0,pscratch,pscratch-ffff9e2aa9933800,0,0,2592518393163,989098984449,0,0,276110,0,0,0,0,0,0,0,0,0,0,0,0,0,0,0,0,0,0,0,0,0,0,0,0,503310,0,0,0
1744062162.001316,600004,21131157,0,nscratch,nscratch-ffff9e3a24612000,0,0,1214706139355,114567275080,0,0,175125,0,0,0,0,0,0,0,0,0,0,0,0,0,0,0,0,0,0,0,0,0,0,0,0,113482,0,0,0
1744062162.001393,600004,21131157,0,pscratch,pscratch-ffff9e2aa9933800,0,0,2592518393163,989098984449,0,0,276110,0,0,0,0,0,0,0,0,0,0,0,0,0,0,0,0,0,0,0,0,0,0,0,0,503310,0,0,0
1744062163.001865,600004,21131157,0,nscratch,nscratch-ffff9e3a24612000,0,0,1214706139355,114567275080,0,0,175125,0,0,0,0,0,0,0,0,0,0,0,0,0,0,0,0,0,0,0,0,0,0,0,0,113482,0,0,0
1744062163.001941,600004,21131157,0,pscratch,pscratch-ffff9e2aa9933800,0,0,2592518393163,989098984449,0,0,276110,0,0,0,0,0,0,0,0,0,0,0,0,0,0,0,0,0,0,0,0,0,0,0,0,503310,0,0,0
1744062164.002208,600004,21131157,0,nscratch,nscratch-ffff9e3a24612000,0,0,1214706139355,114567275080,0,0,175125,0,0,0,0,0,0,0,0,0,0,0,0,0,0,0,0,0,0,0,0,0,0,0,0,113482,0,0,0
1744062164.002283,600004,21131157,0,pscratch,pscratch-ffff9e2aa9933800,0,0,2592518393163,989098984449,0,0,276110,0,0,0,0,0,0,0,0,0,0,0,0,0,0,0,0,0,0,0,0,0,0,0,0,503310,0,0,0
1744062165.001565,600004,21131157,0,nscratch,nscratch-ffff9e3a24612000,0,0,1214706139355,114567275080,0,0,175125,0,0,0,0,0,0,0,0,0,0,0,0,0,0,0,0,0,0,0,0,0,0,0,0,113482,0,0,0
1744062165.001738,600004,21131157,0,pscratch,pscratch-ffff9e2aa9933800,0,0,2592518393163,989098984449,0,0,276110,0,0,0,0,0,0,0,0,0,0,0,0,0,0,0,0,0,0,0,0,0,0,0,0,503310,0,0,0
1744062166.002227,600004,21131157,0,nscratch,nscratch-ffff9e3a24612000,0,0,1214706139355,114567275080,0,0,175125,0,0,0,0,0,0,0,0,0,0,0,0,0,0,0,0,0,0,0,0,0,0,0,0,113482,0,0,0
1744062166.002302,600004,21131157,0,pscratch,pscratch-ffff9e2aa9933800,0,0,2592518393163,989098984449,0,0,276110,0,0,0,0,0,0,0,0,0,0,0,0,0,0,0,0,0,0,0,0,0,0,0,0,503310,0,0,0
1744062167.001767,600004,21131157,0,nscratch,nscratch-ffff9e3a24612000,0,0,1214706139355,114567275080,0,0,175125,0,0,0,0,0,0,0,0,0,0,0,0,0,0,0,0,0,0,0,0,0,0,0,0,113482,0,0,0
1744062167.001854,600004,21131157,0,pscratch,pscratch-ffff9e2aa9933800,0,0,2592518393163,989098984449,0,0,276110,0,0,0,0,0,0,0,0,0,0,0,0,0,0,0,0,0,0,0,0,0,0,0,0,503310,0,0,0
1744062168.001994,600004,21131157,0,nscratch,nscratch-ffff9e3a24612000,0,0,1214706139355,114567275080,0,0,175125,0,0,0,0,0,0,0,0,0,0,0,0,0,0,0,0,0,0,0,0,0,0,0,0,113482,0,0,0
1744062168.002069,600004,21131157,0,pscratch,pscratch-ffff9e2aa9933800,0,0,2592518393163,989098984449,0,0,276110,0,0,0,0,0,0,0,0,0,0,0,0,0,0,0,0,0,0,0,0,0,0,0,0,503310,0,0,0
1744062169.001428,600004,21131157,0,nscratch,nscratch-ffff9e3a24612000,0,0,1214706139355,114567275080,0,0,175125,0,0,0,0,0,0,0,0,0,0,0,0,0,0,0,0,0,0,0,0,0,0,0,0,113482,0,0,0
1744062169.001504,600004,21131157,0,pscratch,pscratch-ffff9e2aa9933800,0,0,2592518393163,989098984449,0,0,276110,0,0,0,0,0,0,0,0,0,0,0,0,0,0,0,0,0,0,0,0,0,0,0,0,503310,0,0,0
1744062170.002077,600004,21131157,0,nscratch,nscratch-ffff9e3a24612000,0,0,1214706139355,114567275080,0,0,175125,0,0,0,0,0,0,0,0,0,0,0,0,0,0,0,0,0,0,0,0,0,0,0,0,113482,0,0,0
1744062170.002209,600004,21131157,0,pscratch,pscratch-ffff9e2aa9933800,0,0,2592518393163,989098984449,0,0,276110,0,0,0,0,0,0,0,0,0,0,0,0,0,0,0,0,0,0,0,0,0,0,0,0,503310,0,0,0
1744062171.001441,600004,21131157,0,nscratch,nscratch-ffff9e3a24612000,0,0,1214706139355,114567275080,0,0,175125,0,0,0,0,0,0,0,0,0,0,0,0,0,0,0,0,0,0,0,0,0,0,0,0,113482,0,0,0
1744062171.001516,600004,21131157,0,pscratch,pscratch-ffff9e2aa9933800,0,0,2592518393163,989098984449,0,0,276110,0,0,0,0,0,0,0,0,0,0,0,0,0,0,0,0,0,0,0,0,0,0,0,0,503310,0,0,0
1744062172.002088,600004,21131157,0,nscratch,nscratch-ffff9e3a24612000,0,0,1214706139355,114567275080,0,0,175125,0,0,0,0,0,0,0,0,0,0,0,0,0,0,0,0,0,0,0,0,0,0,0,0,113482,0,0,0
1744062172.002163,600004,21131157,0,pscratch,pscratch-ffff9e2aa9933800,0,0,2592518393163,989098984449,0,0,276110,0,0,0,0,0,0,0,0,0,0,0,0,0,0,0,0,0,0,0,0,0,0,0,0,503310,0,0,0
1744062173.001489,600004,21131157,0,nscratch,nscratch-ffff9e3a24612000,0,0,1214706139355,114567275080,0,0,175125,0,0,0,0,0,0,0,0,0,0,0,0,0,0,0,0,0,0,0,0,0,0,0,0,113482,0,0,0
1744062173.001562,600004,21131157,0,pscratch,pscratch-ffff9e2aa9933800,0,0,2592518393163,989098984449,0,0,276110,0,0,0,0,0,0,0,0,0,0,0,0,0,0,0,0,0,0,0,0,0,0,0,0,503310,0,0,0
1744062174.001733,600004,21131157,0,nscratch,nscratch-ffff9e3a24612000,0,0,1214706139355,114567275080,0,0,175125,0,0,0,0,0,0,0,0,0,0,0,0,0,0,0,0,0,0,0,0,0,0,0,0,113482,0,0,0
1744062174.001808,600004,21131157,0,pscratch,pscratch-ffff9e2aa9933800,0,0,2592518393163,989098984449,0,0,276110,0,0,0,0,0,0,0,0,0,0,0,0,0,0,0,0,0,0,0,0,0,0,0,0,503310,0,0,0
1744062175.002216,600004,21131157,0,nscratch,nscratch-ffff9e3a24612000,0,0,1214706139355,114567275080,0,0,175125,0,0,0,0,0,0,0,0,0,0,0,0,0,0,0,0,0,0,0,0,0,0,0,0,113482,0,0,0
1744062175.002290,600004,21131157,0,pscratch,pscratch-ffff9e2aa9933800,0,0,2592518393163,989098984449,0,0,276110,0,0,0,0,0,0,0,0,0,0,0,0,0,0,0,0,0,0,0,0,0,0,0,0,503310,0,0,0
1744062176.001752,600004,21131157,0,nscratch,nscratch-ffff9e3a24612000,0,0,1214706139355,114567275080,0,0,175125,0,0,0,0,0,0,0,0,0,0,0,0,0,0,0,0,0,0,0,0,0,0,0,0,113482,0,0,0
1744062176.001842,600004,21131157,0,pscratch,pscratch-ffff9e2aa9933800,0,0,2592518393163,989098984449,0,0,276110,0,0,0,0,0,0,0,0,0,0,0,0,0,0,0,0,0,0,0,0,0,0,0,0,503310,0,0,0
1744062177.002026,600004,21131157,0,nscratch,nscratch-ffff9e3a24612000,0,0,1214706139355,114567275080,0,0,175125,0,0,0,0,0,0,0,0,0,0,0,0,0,0,0,0,0,0,0,0,0,0,0,0,113482,0,0,0
1744062177.002101,600004,21131157,0,pscratch,pscratch-ffff9e2aa9933800,0,0,2592518393163,989098984449,0,0,276110,0,0,0,0,0,0,0,0,0,0,0,0,0,0,0,0,0,0,0,0,0,0,0,0,503310,0,0,0
1744062178.001599,600004,21131157,0,nscratch,nscratch-ffff9e3a24612000,0,0,1214706139355,114567275080,0,0,175125,0,0,0,0,0,0,0,0,0,0,0,0,0,0,0,0,0,0,0,0,0,0,0,0,113482,0,0,0
1744062178.001675,600004,21131157,0,pscratch,pscratch-ffff9e2aa9933800,0,0,2592518393163,989098984449,0,0,276110,0,0,0,0,0,0,0,0,0,0,0,0,0,0,0,0,0,0,0,0,0,0,0,0,503310,0,0,0
1744062179.002008,600004,21131157,0,nscratch,nscratch-ffff9e3a24612000,0,0,1214706139355,114567275080,0,0,175125,0,0,0,0,0,0,0,0,0,0,0,0,0,0,0,0,0,0,0,0,0,0,0,0,113482,0,0,0
1744062179.002088,600004,21131157,0,pscratch,pscratch-ffff9e2aa9933800,0,0,2592518393163,989098984449,0,0,276110,0,0,0,0,0,0,0,0,0,0,0,0,0,0,0,0,0,0,0,0,0,0,0,0,503310,0,0,0
1744062180.001248,600004,21131157,0,nscratch,nscratch-ffff9e3a24612000,0,0,1214706139355,114567275080,0,0,175125,0,0,0,0,0,0,0,0,0,0,0,0,0,0,0,0,0,0,0,0,0,0,0,0,113482,0,0,0
1744062180.001323,600004,21131157,0,pscratch,pscratch-ffff9e2aa9933800,0,0,2592518393163,989098984449,0,0,276110,0,0,0,0,0,0,0,0,0,0,0,0,0,0,0,0,0,0,0,0,0,0,0,0,503310,0,0,0
1744062181.001795,600004,21131157,0,nscratch,nscratch-ffff9e3a24612000,0,0,1214706139355,114567275080,0,0,175125,0,0,0,0,0,0,0,0,0,0,0,0,0,0,0,0,0,0,0,0,0,0,0,0,113482,0,0,0
1744062181.001901,600004,21131157,0,pscratch,pscratch-ffff9e2aa9933800,0,0,2592518393163,989098984449,0,0,276110,0,0,0,0,0,0,0,0,0,0,0,0,0,0,0,0,0,0,0,0,0,0,0,0,503310,0,0,0
1744062182.002174,600004,21131157,0,nscratch,nscratch-ffff9e3a24612000,0,0,1214706139355,114567275080,0,0,175125,0,0,0,0,0,0,0,0,0,0,0,0,0,0,0,0,0,0,0,0,0,0,0,0,113482,0,0,0
1744062182.002250,600004,21131157,0,pscratch,pscratch-ffff9e2aa9933800,0,0,2592518393163,989098984449,0,0,276110,0,0,0,0,0,0,0,0,0,0,0,0,0,0,0,0,0,0,0,0,0,0,0,0,503310,0,0,0
1744062183.001531,600004,21131157,0,nscratch,nscratch-ffff9e3a24612000,0,0,1214706139355,114567275080,0,0,175125,0,0,0,0,0,0,0,0,0,0,0,0,0,0,0,0,0,0,0,0,0,0,0,0,113482,0,0,0
1744062183.001660,600004,21131157,0,pscratch,pscratch-ffff9e2aa9933800,0,0,2592518393163,989098984449,0,0,276110,0,0,0,0,0,0,0,0,0,0,0,0,0,0,0,0,0,0,0,0,0,0,0,0,503310,0,0,0
1744062184.002070,600004,21131157,0,nscratch,nscratch-ffff9e3a24612000,0,0,1214706139355,114567275080,0,0,175125,0,0,0,0,0,0,0,0,0,0,0,0,0,0,0,0,0,0,0,0,0,0,0,0,113482,0,0,0
1744062184.002151,600004,21131157,0,pscratch,pscratch-ffff9e2aa9933800,0,0,2592518393163,989098984449,0,0,276110,0,0,0,0,0,0,0,0,0,0,0,0,0,0,0,0,0,0,0,0,0,0,0,0,503310,0,0,0
1744062185.001470,600004,21131157,0,nscratch,nscratch-ffff9e3a24612000,0,0,1214706139355,114567275080,0,0,175125,0,0,0,0,0,0,0,0,0,0,0,0,0,0,0,0,0,0,0,0,0,0,0,0,113482,0,0,0
1744062185.001543,600004,21131157,0,pscratch,pscratch-ffff9e2aa9933800,0,0,2592518393163,989098984449,0,0,276110,0,0,0,0,0,0,0,0,0,0,0,0,0,0,0,0,0,0,0,0,0,0,0,0,503310,0,0,0
1744062186.001776,600004,21131157,0,nscratch,nscratch-ffff9e3a24612000,0,0,1214706139355,114567275080,0,0,175125,0,0,0,0,0,0,0,0,0,0,0,0,0,0,0,0,0,0,0,0,0,0,0,0,113482,0,0,0
1744062186.001863,600004,21131157,0,pscratch,pscratch-ffff9e2aa9933800,0,0,2592518393163,989098984449,0,0,276110,0,0,0,0,0,0,0,0,0,0,0,0,0,0,0,0,0,0,0,0,0,0,0,0,503310,0,0,0
1744062187.002224,600004,21131157,0,nscratch,nscratch-ffff9e3a24612000,0,0,1214706139355,114567275080,0,0,175125,0,0,0,0,0,0,0,0,0,0,0,0,0,0,0,0,0,0,0,0,0,0,0,0,113482,0,0,0
1744062187.002298,600004,21131157,0,pscratch,pscratch-ffff9e2aa9933800,0,0,2592518393163,989098984449,0,0,276110,0,0,0,0,0,0,0,0,0,0,0,0,0,0,0,0,0,0,0,0,0,0,0,0,503310,0,0,0
1744062188.001565,600004,21131157,0,nscratch,nscratch-ffff9e3a24612000,0,0,1214706139355,114567275080,0,0,175125,0,0,0,0,0,0,0,0,0,0,0,0,0,0,0,0,0,0,0,0,0,0,0,0,113482,0,0,0
1744062188.001638,600004,21131157,0,pscratch,pscratch-ffff9e2aa9933800,0,0,2592518393163,989098984449,0,0,276110,0,0,0,0,0,0,0,0,0,0,0,0,0,0,0,0,0,0,0,0,0,0,0,0,503310,0,0,0
1744062189.001781,600004,21131157,0,nscratch,nscratch-ffff9e3a24612000,0,0,1214706139355,114567275080,0,0,175125,0,0,0,0,0,0,0,0,0,0,0,0,0,0,0,0,0,0,0,0,0,0,0,0,113482,0,0,0
1744062189.001870,600004,21131157,0,pscratch,pscratch-ffff9e2aa9933800,0,0,2592518393163,989098984449,0,0,276110,0,0,0,0,0,0,0,0,0,0,0,0,0,0,0,0,0,0,0,0,0,0,0,0,503310,0,0,0
1744062190.002426,600004,21131157,0,nscratch,nscratch-ffff9e3a24612000,0,0,1214706139355,114567275080,0,0,175125,0,0,0,0,0,0,0,0,0,0,0,0,0,0,0,0,0,0,0,0,0,0,0,0,113482,0,0,0
1744062190.002567,600004,21131157,0,pscratch,pscratch-ffff9e2aa9933800,0,0,2592518393163,989098984449,0,0,276110,0,0,0,0,0,0,0,0,0,0,0,0,0,0,0,0,0,0,0,0,0,0,0,0,503310,0,0,0
1744062191.001861,600004,21131157,0,nscratch,nscratch-ffff9e3a24612000,0,0,1214706139355,114567275080,0,0,175125,0,0,0,0,0,0,0,0,0,0,0,0,0,0,0,0,0,0,0,0,0,0,0,0,113482,0,0,0
1744062191.001936,600004,21131157,0,pscratch,pscratch-ffff9e2aa9933800,0,0,2592518393163,989098984449,0,0,276110,0,0,0,0,0,0,0,0,0,0,0,0,0,0,0,0,0,0,0,0,0,0,0,0,503310,0,0,0
1744062192.002138,600004,21131157,0,nscratch,nscratch-ffff9e3a24612000,0,0,1214706139355,114567275080,0,0,175125,0,0,0,0,0,0,0,0,0,0,0,0,0,0,0,0,0,0,0,0,0,0,0,0,113482,0,0,0
1744062192.002215,600004,21131157,0,pscratch,pscratch-ffff9e2aa9933800,0,0,2592518393163,989098984449,0,0,276110,0,0,0,0,0,0,0,0,0,0,0,0,0,0,0,0,0,0,0,0,0,0,0,0,503310,0,0,0
1744062193.001852,600004,21131157,0,nscratch,nscratch-ffff9e3a24612000,0,0,1214706139355,114567275080,0,0,175125,0,0,0,0,0,0,0,0,0,0,0,0,0,0,0,0,0,0,0,0,0,0,0,0,113482,0,0,0
1744062193.001972,600004,21131157,0,pscratch,pscratch-ffff9e2aa9933800,0,0,2592518393163,989098984449,0,0,276110,0,0,0,0,0,0,0,0,0,0,0,0,0,0,0,0,0,0,0,0,0,0,0,0,503310,0,0,0
1744062194.002242,600004,21131157,0,nscratch,nscratch-ffff9e3a24612000,0,0,1214706139355,114567275080,0,0,175125,0,0,0,0,0,0,0,0,0,0,0,0,0,0,0,0,0,0,0,0,0,0,0,0,113482,0,0,0
1744062194.002317,600004,21131157,0,pscratch,pscratch-ffff9e2aa9933800,0,0,2592518393163,989098984449,0,0,276110,0,0,0,0,0,0,0,0,0,0,0,0,0,0,0,0,0,0,0,0,0,0,0,0,503310,0,0,0
1744062195.001607,600004,21131157,0,nscratch,nscratch-ffff9e3a24612000,0,0,1214706139355,114567275080,0,0,175125,0,0,0,0,0,0,0,0,0,0,0,0,0,0,0,0,0,0,0,0,0,0,0,0,113482,0,0,0
1744062195.001683,600004,21131157,0,pscratch,pscratch-ffff9e2aa9933800,0,0,2592518393163,989098984449,0,0,276110,0,0,0,0,0,0,0,0,0,0,0,0,0,0,0,0,0,0,0,0,0,0,0,0,503310,0,0,0
1744062196.002123,600004,21131157,0,nscratch,nscratch-ffff9e3a24612000,0,0,1214706139355,114567275080,0,0,175125,0,0,0,0,0,0,0,0,0,0,0,0,0,0,0,0,0,0,0,0,0,0,0,0,113482,0,0,0
1744062196.002199,600004,21131157,0,pscratch,pscratch-ffff9e2aa9933800,0,0,2592518393163,989098984449,0,0,276110,0,0,0,0,0,0,0,0,0,0,0,0,0,0,0,0,0,0,0,0,0,0,0,0,503310,0,0,0
1744062197.001601,600004,21131157,0,nscratch,nscratch-ffff9e3a24612000,0,0,1214706139355,114567275080,0,0,175125,0,0,0,0,0,0,0,0,0,0,0,0,0,0,0,0,0,0,0,0,0,0,0,0,113482,0,0,0
1744062197.001674,600004,21131157,0,pscratch,pscratch-ffff9e2aa9933800,0,0,2592518393163,989098984449,0,0,276110,0,0,0,0,0,0,0,0,0,0,0,0,0,0,0,0,0,0,0,0,0,0,0,0,503310,0,0,0
1744062198.001816,600004,21131157,0,nscratch,nscratch-ffff9e3a24612000,0,0,1214706139355,114567275080,0,0,175125,0,0,0,0,0,0,0,0,0,0,0,0,0,0,0,0,0,0,0,0,0,0,0,0,113482,0,0,0
1744062198.001948,600004,21131157,0,pscratch,pscratch-ffff9e2aa9933800,0,0,2592518393163,989098984449,0,0,276110,0,0,0,0,0,0,0,0,0,0,0,0,0,0,0,0,0,0,0,0,0,0,0,0,503310,0,0,0
1744062199.001574,600004,21131157,0,nscratch,nscratch-ffff9e3a24612000,0,0,1214706139355,114567275080,0,0,175125,0,0,0,0,0,0,0,0,0,0,0,0,0,0,0,0,0,0,0,0,0,0,0,0,113482,0,0,0
1744062199.001675,600004,21131157,0,pscratch,pscratch-ffff9e2aa9933800,0,0,2592518393163,989098984449,0,0,276110,0,0,0,0,0,0,0,0,0,0,0,0,0,0,0,0,0,0,0,0,0,0,0,0,503310,0,0,0
1744062200.002152,600004,21131157,0,nscratch,nscratch-ffff9e3a24612000,0,0,1214706139355,114567275080,0,0,175125,0,0,0,0,0,0,0,0,0,0,0,0,0,0,0,0,0,0,0,0,0,0,0,0,113482,0,0,0
1744062200.002260,600004,21131157,0,pscratch,pscratch-ffff9e2aa9933800,0,0,2592518393163,989098984449,0,0,276110,0,0,0,0,0,0,0,0,0,0,0,0,0,0,0,0,0,0,0,0,0,0,0,0,503310,0,0,0
1744062201.001397,600004,21131157,0,nscratch,nscratch-ffff9e3a24612000,0,0,1214706139355,114567275080,0,0,175125,0,0,0,0,0,0,0,0,0,0,0,0,0,0,0,0,0,0,0,0,0,0,0,0,113482,0,0,0
1744062201.001471,600004,21131157,0,pscratch,pscratch-ffff9e2aa9933800,0,0,2592518393163,989098984449,0,0,276110,0,0,0,0,0,0,0,0,0,0,0,0,0,0,0,0,0,0,0,0,0,0,0,0,503310,0,0,0
1744062202.002023,600004,21131157,0,nscratch,nscratch-ffff9e3a24612000,0,0,1214706139355,114567275080,0,0,175125,0,0,0,0,0,0,0,0,0,0,0,0,0,0,0,0,0,0,0,0,0,0,0,0,113482,0,0,0
1744062202.002099,600004,21131157,0,pscratch,pscratch-ffff9e2aa9933800,0,0,2592518393163,989098984449,0,0,276110,0,0,0,0,0,0,0,0,0,0,0,0,0,0,0,0,0,0,0,0,0,0,0,0,503310,0,0,0
1744062203.001463,600004,21131157,0,nscratch,nscratch-ffff9e3a24612000,0,0,1214706139355,114567275080,0,0,175125,0,0,0,0,0,0,0,0,0,0,0,0,0,0,0,0,0,0,0,0,0,0,0,0,113482,0,0,0
1744062203.001535,600004,21131157,0,pscratch,pscratch-ffff9e2aa9933800,0,0,2592518393163,989098984449,0,0,276110,0,0,0,0,0,0,0,0,0,0,0,0,0,0,0,0,0,0,0,0,0,0,0,0,503310,0,0,0
1744062204.001728,600004,21131157,0,nscratch,nscratch-ffff9e3a24612000,0,0,1214706139355,114567275080,0,0,175125,0,0,0,0,0,0,0,0,0,0,0,0,0,0,0,0,0,0,0,0,0,0,0,0,113482,0,0,0
1744062204.001803,600004,21131157,0,pscratch,pscratch-ffff9e2aa9933800,0,0,2592518393163,989098984449,0,0,276110,0,0,0,0,0,0,0,0,0,0,0,0,0,0,0,0,0,0,0,0,0,0,0,0,503310,0,0,0
1744062205.002204,600004,21131157,0,nscratch,nscratch-ffff9e3a24612000,0,0,1214706139355,114567275080,0,0,175125,0,0,0,0,0,0,0,0,0,0,0,0,0,0,0,0,0,0,0,0,0,0,0,0,113482,0,0,0
1744062205.002280,600004,21131157,0,pscratch,pscratch-ffff9e2aa9933800,0,0,2592518393163,989098984449,0,0,276110,0,0,0,0,0,0,0,0,0,0,0,0,0,0,0,0,0,0,0,0,0,0,0,0,503310,0,0,0
1744062206.001841,600004,21131157,0,nscratch,nscratch-ffff9e3a24612000,0,0,1214706139355,114567275080,0,0,175125,0,0,0,0,0,0,0,0,0,0,0,0,0,0,0,0,0,0,0,0,0,0,0,0,113482,0,0,0
1744062206.001940,600004,21131157,0,pscratch,pscratch-ffff9e2aa9933800,0,0,2592518393163,989098984449,0,0,276110,0,0,0,0,0,0,0,0,0,0,0,0,0,0,0,0,0,0,0,0,0,0,0,0,503310,0,0,0
1744062207.002105,600004,21131157,0,nscratch,nscratch-ffff9e3a24612000,0,0,1214706139355,114567275080,0,0,175125,0,0,0,0,0,0,0,0,0,0,0,0,0,0,0,0,0,0,0,0,0,0,0,0,113482,0,0,0
1744062207.002180,600004,21131157,0,pscratch,pscratch-ffff9e2aa9933800,0,0,2592518393163,989098984449,0,0,276110,0,0,0,0,0,0,0,0,0,0,0,0,0,0,0,0,0,0,0,0,0,0,0,0,503310,0,0,0
1744062208.001772,600004,21131157,0,nscratch,nscratch-ffff9e3a24612000,0,0,1214706139355,114567275080,0,0,175125,0,0,0,0,0,0,0,0,0,0,0,0,0,0,0,0,0,0,0,0,0,0,0,0,113482,0,0,0
1744062208.001882,600004,21131157,0,pscratch,pscratch-ffff9e2aa9933800,0,0,2592518393163,989098984449,0,0,276110,0,0,0,0,0,0,0,0,0,0,0,0,0,0,0,0,0,0,0,0,0,0,0,0,503310,0,0,0
1744062209.002203,600004,21131157,0,nscratch,nscratch-ffff9e3a24612000,0,0,1214706139355,114567275080,0,0,175125,0,0,0,0,0,0,0,0,0,0,0,0,0,0,0,0,0,0,0,0,0,0,0,0,113482,0,0,0
1744062209.002277,600004,21131157,0,pscratch,pscratch-ffff9e2aa9933800,0,0,2592518393163,989098984449,0,0,276110,0,0,0,0,0,0,0,0,0,0,0,0,0,0,0,0,0,0,0,0,0,0,0,0,503310,0,0,0
1744062210.001569,600004,21131157,0,nscratch,nscratch-ffff9e3a24612000,0,0,1214706139355,114567275080,0,0,175125,0,0,0,0,0,0,0,0,0,0,0,0,0,0,0,0,0,0,0,0,0,0,0,0,113482,0,0,0
1744062210.001760,600004,21131157,0,pscratch,pscratch-ffff9e2aa9933800,0,0,2592518393163,989098984449,0,0,276110,0,0,0,0,0,0,0,0,0,0,0,0,0,0,0,0,0,0,0,0,0,0,0,0,503310,0,0,0
1744062211.002260,600004,21131157,0,nscratch,nscratch-ffff9e3a24612000,0,0,1214706139355,114567275080,0,0,175125,0,0,0,0,0,0,0,0,0,0,0,0,0,0,0,0,0,0,0,0,0,0,0,0,113482,0,0,0
1744062211.002334,600004,21131157,0,pscratch,pscratch-ffff9e2aa9933800,0,0,2592518393163,989098984449,0,0,276110,0,0,0,0,0,0,0,0,0,0,0,0,0,0,0,0,0,0,0,0,0,0,0,0,503310,0,0,0
1744062212.001610,600004,21131157,0,nscratch,nscratch-ffff9e3a24612000,0,0,1214706139355,114567275080,0,0,175125,0,0,0,0,0,0,0,0,0,0,0,0,0,0,0,0,0,0,0,0,0,0,0,0,113482,0,0,0
1744062212.001683,600004,21131157,0,pscratch,pscratch-ffff9e2aa9933800,0,0,2592518393163,989098984449,0,0,276110,0,0,0,0,0,0,0,0,0,0,0,0,0,0,0,0,0,0,0,0,0,0,0,0,503310,0,0,0
1744062213.001825,600004,21131157,0,nscratch,nscratch-ffff9e3a24612000,0,0,1214706139355,114567275080,0,0,175125,0,0,0,0,0,0,0,0,0,0,0,0,0,0,0,0,0,0,0,0,0,0,0,0,113482,0,0,0
1744062213.001914,600004,21131157,0,pscratch,pscratch-ffff9e2aa9933800,0,0,2592518393163,989098984449,0,0,276110,0,0,0,0,0,0,0,0,0,0,0,0,0,0,0,0,0,0,0,0,0,0,0,0,503310,0,0,0
1744062214.001559,600004,21131157,0,nscratch,nscratch-ffff9e3a24612000,0,0,1214706139355,114567275080,0,0,175125,0,0,0,0,0,0,0,0,0,0,0,0,0,0,0,0,0,0,0,0,0,0,0,0,113482,0,0,0
1744062214.001655,600004,21131157,0,pscratch,pscratch-ffff9e2aa9933800,0,0,2592518393163,989098984449,0,0,276110,0,0,0,0,0,0,0,0,0,0,0,0,0,0,0,0,0,0,0,0,0,0,0,0,503310,0,0,0
1744062215.002056,600004,21131157,0,nscratch,nscratch-ffff9e3a24612000,0,0,1214706139355,114567275080,0,0,175125,0,0,0,0,0,0,0,0,0,0,0,0,0,0,0,0,0,0,0,0,0,0,0,0,113482,0,0,0
1744062215.002131,600004,21131157,0,pscratch,pscratch-ffff9e2aa9933800,0,0,2592518393163,989098984449,0,0,276110,0,0,0,0,0,0,0,0,0,0,0,0,0,0,0,0,0,0,0,0,0,0,0,0,503310,0,0,0
1744062216.001340,600004,21131157,0,nscratch,nscratch-ffff9e3a24612000,0,0,1214706139355,114567275080,0,0,175125,0,0,0,0,0,0,0,0,0,0,0,0,0,0,0,0,0,0,0,0,0,0,0,0,113482,0,0,0
1744062216.001415,600004,21131157,0,pscratch,pscratch-ffff9e2aa9933800,0,0,2592518393163,989098984449,0,0,276110,0,0,0,0,0,0,0,0,0,0,0,0,0,0,0,0,0,0,0,0,0,0,0,0,503310,0,0,0
1744062217.001816,600004,21131157,0,nscratch,nscratch-ffff9e3a24612000,0,0,1214706139355,114567275080,0,0,175125,0,0,0,0,0,0,0,0,0,0,0,0,0,0,0,0,0,0,0,0,0,0,0,0,113482,0,0,0
1744062217.001926,600004,21131157,0,pscratch,pscratch-ffff9e2aa9933800,0,0,2592518393163,989098984449,0,0,276110,0,0,0,0,0,0,0,0,0,0,0,0,0,0,0,0,0,0,0,0,0,0,0,0,503310,0,0,0
1744062218.002229,600004,21131157,0,nscratch,nscratch-ffff9e3a24612000,0,0,1214706139355,114567275080,0,0,175125,0,0,0,0,0,0,0,0,0,0,0,0,0,0,0,0,0,0,0,0,0,0,0,0,113482,0,0,0
1744062218.002304,600004,21131157,0,pscratch,pscratch-ffff9e2aa9933800,0,0,2592518393163,989098984449,0,0,276110,0,0,0,0,0,0,0,0,0,0,0,0,0,0,0,0,0,0,0,0,0,0,0,0,503310,0,0,0
1744062219.001464,600004,21131157,0,nscratch,nscratch-ffff9e3a24612000,0,0,1214706139355,114567275080,0,0,175125,0,0,0,0,0,0,0,0,0,0,0,0,0,0,0,0,0,0,0,0,0,0,0,0,113482,0,0,0
1744062219.001560,600004,21131157,0,pscratch,pscratch-ffff9e2aa9933800,0,0,2592518393163,989098984449,0,0,276110,0,0,0,0,0,0,0,0,0,0,0,0,0,0,0,0,0,0,0,0,0,0,0,0,503310,0,0,0
1744062220.002168,600004,21131157,0,nscratch,nscratch-ffff9e3a24612000,0,0,1214706139355,114567275080,0,0,175125,0,0,0,0,0,0,0,0,0,0,0,0,0,0,0,0,0,0,0,0,0,0,0,0,113482,0,0,0
1744062220.002324,600004,21131157,0,pscratch,pscratch-ffff9e2aa9933800,0,0,2592518393163,989098984449,0,0,276110,0,0,0,0,0,0,0,0,0,0,0,0,0,0,0,0,0,0,0,0,0,0,0,0,503310,0,0,0
1744062221.001858,600004,21131157,0,nscratch,nscratch-ffff9e3a24612000,0,0,1214706139355,114567275080,0,0,175125,0,0,0,0,0,0,0,0,0,0,0,0,0,0,0,0,0,0,0,0,0,0,0,0,113482,0,0,0
1744062221.001934,600004,21131157,0,pscratch,pscratch-ffff9e2aa9933800,0,0,2592518393163,989098984449,0,0,276110,0,0,0,0,0,0,0,0,0,0,0,0,0,0,0,0,0,0,0,0,0,0,0,0,503310,0,0,0
1744062222.002100,600004,21131157,0,nscratch,nscratch-ffff9e3a24612000,0,0,1214706139355,114567275080,0,0,175125,0,0,0,0,0,0,0,0,0,0,0,0,0,0,0,0,0,0,0,0,0,0,0,0,113482,0,0,0
1744062222.002176,600004,21131157,0,pscratch,pscratch-ffff9e2aa9933800,0,0,2592518393163,989098984449,0,0,276110,0,0,0,0,0,0,0,0,0,0,0,0,0,0,0,0,0,0,0,0,0,0,0,0,503310,0,0,0
1744062223.001767,600004,21131157,0,nscratch,nscratch-ffff9e3a24612000,0,0,1214706139355,114567275080,0,0,175125,0,0,0,0,0,0,0,0,0,0,0,0,0,0,0,0,0,0,0,0,0,0,0,0,113482,0,0,0
1744062223.001853,600004,21131157,0,pscratch,pscratch-ffff9e2aa9933800,0,0,2592518393163,989098984449,0,0,276110,0,0,0,0,0,0,0,0,0,0,0,0,0,0,0,0,0,0,0,0,0,0,0,0,503310,0,0,0
1744062224.002169,600004,21131157,0,nscratch,nscratch-ffff9e3a24612000,0,0,1214706139355,114567275080,0,0,175125,0,0,0,0,0,0,0,0,0,0,0,0,0,0,0,0,0,0,0,0,0,0,0,0,113482,0,0,0
1744062224.002246,600004,21131157,0,pscratch,pscratch-ffff9e2aa9933800,0,0,2592518393163,989098984449,0,0,276110,0,0,0,0,0,0,0,0,0,0,0,0,0,0,0,0,0,0,0,0,0,0,0,0,503310,0,0,0
1744062225.001547,600004,21131157,0,nscratch,nscratch-ffff9e3a24612000,0,0,1214706139355,114567275080,0,0,175125,0,0,0,0,0,0,0,0,0,0,0,0,0,0,0,0,0,0,0,0,0,0,0,0,113482,0,0,0
1744062225.001688,600004,21131157,0,pscratch,pscratch-ffff9e2aa9933800,0,0,2592518393163,989098984449,0,0,276110,0,0,0,0,0,0,0,0,0,0,0,0,0,0,0,0,0,0,0,0,0,0,0,0,503310,0,0,0
1744062226.002087,600004,21131157,0,nscratch,nscratch-ffff9e3a24612000,0,0,1214706139355,114567275080,0,0,175125,0,0,0,0,0,0,0,0,0,0,0,0,0,0,0,0,0,0,0,0,0,0,0,0,113482,0,0,0
1744062226.002161,600004,21131157,0,pscratch,pscratch-ffff9e2aa9933800,0,0,2592518393163,989098984449,0,0,276110,0,0,0,0,0,0,0,0,0,0,0,0,0,0,0,0,0,0,0,0,0,0,0,0,503310,0,0,0
1744062227.001578,600004,21131157,0,nscratch,nscratch-ffff9e3a24612000,0,0,1214706139355,114567275080,0,0,175125,0,0,0,0,0,0,0,0,0,0,0,0,0,0,0,0,0,0,0,0,0,0,0,0,113482,0,0,0
1744062227.001653,600004,21131157,0,pscratch,pscratch-ffff9e2aa9933800,0,0,2592518393163,989098984449,0,0,276110,0,0,0,0,0,0,0,0,0,0,0,0,0,0,0,0,0,0,0,0,0,0,0,0,503310,0,0,0
1744062228.001798,600004,21131157,0,nscratch,nscratch-ffff9e3a24612000,0,0,1214706139355,114567275080,0,0,175125,0,0,0,0,0,0,0,0,0,0,0,0,0,0,0,0,0,0,0,0,0,0,0,0,113482,0,0,0
1744062228.001907,600004,21131157,0,pscratch,pscratch-ffff9e2aa9933800,0,0,2592518393163,989098984449,0,0,276110,0,0,0,0,0,0,0,0,0,0,0,0,0,0,0,0,0,0,0,0,0,0,0,0,503310,0,0,0
1744062229.001426,600004,21131157,0,nscratch,nscratch-ffff9e3a24612000,0,0,1214706139355,114567275080,0,0,175125,0,0,0,0,0,0,0,0,0,0,0,0,0,0,0,0,0,0,0,0,0,0,0,0,113482,0,0,0
1744062229.001518,600004,21131157,0,pscratch,pscratch-ffff9e2aa9933800,0,0,2592518393163,989098984449,0,0,276110,0,0,0,0,0,0,0,0,0,0,0,0,0,0,0,0,0,0,0,0,0,0,0,0,503310,0,0,0
1744062230.001912,600004,21131157,0,nscratch,nscratch-ffff9e3a24612000,0,0,1214706139355,114567275080,0,0,175125,0,0,0,0,0,0,0,0,0,0,0,0,0,0,0,0,0,0,0,0,0,0,0,0,113482,0,0,0
1744062230.002019,600004,21131157,0,pscratch,pscratch-ffff9e2aa9933800,0,0,2592518393163,989098984449,0,0,276110,0,0,0,0,0,0,0,0,0,0,0,0,0,0,0,0,0,0,0,0,0,0,0,0,503310,0,0,0
1744062231.001160,600004,21131157,0,nscratch,nscratch-ffff9e3a24612000,0,0,1214706139355,114567275080,0,0,175125,0,0,0,0,0,0,0,0,0,0,0,0,0,0,0,0,0,0,0,0,0,0,0,0,113482,0,0,0
1744062231.001235,600004,21131157,0,pscratch,pscratch-ffff9e2aa9933800,0,0,2592518393163,989098984449,0,0,276110,0,0,0,0,0,0,0,0,0,0,0,0,0,0,0,0,0,0,0,0,0,0,0,0,503310,0,0,0
1744062232.001715,600004,21131157,0,nscratch,nscratch-ffff9e3a24612000,0,0,1214706139355,114567275080,0,0,175125,0,0,0,0,0,0,0,0,0,0,0,0,0,0,0,0,0,0,0,0,0,0,0,0,113482,0,0,0
1744062232.001793,600004,21131157,0,pscratch,pscratch-ffff9e2aa9933800,0,0,2592518393163,989098984449,0,0,276110,0,0,0,0,0,0,0,0,0,0,0,0,0,0,0,0,0,0,0,0,0,0,0,0,503310,0,0,0
1744062233.002071,600004,21131157,0,nscratch,nscratch-ffff9e3a24612000,0,0,1214706139355,114567275080,0,0,175125,0,0,0,0,0,0,0,0,0,0,0,0,0,0,0,0,0,0,0,0,0,0,0,0,113482,0,0,0
1744062233.002145,600004,21131157,0,pscratch,pscratch-ffff9e2aa9933800,0,0,2592518393163,989098984449,0,0,276110,0,0,0,0,0,0,0,0,0,0,0,0,0,0,0,0,0,0,0,0,0,0,0,0,503310,0,0,0
1744062234.001285,600004,21131157,0,nscratch,nscratch-ffff9e3a24612000,0,0,1214706139355,114567275080,0,0,175125,0,0,0,0,0,0,0,0,0,0,0,0,0,0,0,0,0,0,0,0,0,0,0,0,113482,0,0,0
1744062234.001360,600004,21131157,0,pscratch,pscratch-ffff9e2aa9933800,0,0,2592518393163,989098984449,0,0,276110,0,0,0,0,0,0,0,0,0,0,0,0,0,0,0,0,0,0,0,0,0,0,0,0,503310,0,0,0
1744062235.001767,600004,21131157,0,nscratch,nscratch-ffff9e3a24612000,0,0,1214706139355,114567275080,0,0,175125,0,0,0,0,0,0,0,0,0,0,0,0,0,0,0,0,0,0,0,0,0,0,0,0,113482,0,0,0
1744062235.001875,600004,21131157,0,pscratch,pscratch-ffff9e2aa9933800,0,0,2592518393163,989098984449,0,0,276110,0,0,0,0,0,0,0,0,0,0,0,0,0,0,0,0,0,0,0,0,0,0,0,0,503310,0,0,0
1744062236.002200,600004,21131157,0,nscratch,nscratch-ffff9e3a24612000,0,0,1214706139355,114567275080,0,0,175125,0,0,0,0,0,0,0,0,0,0,0,0,0,0,0,0,0,0,0,0,0,0,0,0,113482,0,0,0
1744062236.002275,600004,21131157,0,pscratch,pscratch-ffff9e2aa9933800,0,0,2592518393163,989098984449,0,0,276110,0,0,0,0,0,0,0,0,0,0,0,0,0,0,0,0,0,0,0,0,0,0,0,0,503310,0,0,0
1744062237.001560,600004,21131157,0,nscratch,nscratch-ffff9e3a24612000,0,0,1214706139355,114567275080,0,0,175125,0,0,0,0,0,0,0,0,0,0,0,0,0,0,0,0,0,0,0,0,0,0,0,0,113482,0,0,0
1744062237.001732,600004,21131157,0,pscratch,pscratch-ffff9e2aa9933800,0,0,2592518393163,989098984449,0,0,276110,0,0,0,0,0,0,0,0,0,0,0,0,0,0,0,0,0,0,0,0,0,0,0,0,503310,0,0,0
1744062238.002221,600004,21131157,0,nscratch,nscratch-ffff9e3a24612000,0,0,1214706139355,114567275080,0,0,175125,0,0,0,0,0,0,0,0,0,0,0,0,0,0,0,0,0,0,0,0,0,0,0,0,113482,0,0,0
1744062238.002316,600004,21131157,0,pscratch,pscratch-ffff9e2aa9933800,0,0,2592518393163,989098984449,0,0,276110,0,0,0,0,0,0,0,0,0,0,0,0,0,0,0,0,0,0,0,0,0,0,0,0,503310,0,0,0
1744062239.001800,600004,21131157,0,nscratch,nscratch-ffff9e3a24612000,0,0,1214706139355,114567275080,0,0,175125,0,0,0,0,0,0,0,0,0,0,0,0,0,0,0,0,0,0,0,0,0,0,0,0,113482,0,0,0
1744062239.001889,600004,21131157,0,pscratch,pscratch-ffff9e2aa9933800,0,0,2592518393163,989098984449,0,0,276110,0,0,0,0,0,0,0,0,0,0,0,0,0,0,0,0,0,0,0,0,0,0,0,0,503310,0,0,0
1744062240.002071,600004,21131157,0,nscratch,nscratch-ffff9e3a24612000,0,0,1214706139355,114567275080,0,0,175125,0,0,0,0,0,0,0,0,0,0,0,0,0,0,0,0,0,0,0,0,0,0,0,0,113482,0,0,0
1744062240.002216,600004,21131157,0,pscratch,pscratch-ffff9e2aa9933800,0,0,2592518393163,989098984449,0,0,276110,0,0,0,0,0,0,0,0,0,0,0,0,0,0,0,0,0,0,0,0,0,0,0,0,503310,0,0,0
1744062241.001593,600004,21131157,0,nscratch,nscratch-ffff9e3a24612000,0,0,1214706139355,114567275080,0,0,175125,0,0,0,0,0,0,0,0,0,0,0,0,0,0,0,0,0,0,0,0,0,0,0,0,113482,0,0,0
1744062241.001667,600004,21131157,0,pscratch,pscratch-ffff9e2aa9933800,0,0,2592518393163,989098984449,0,0,276110,0,0,0,0,0,0,0,0,0,0,0,0,0,0,0,0,0,0,0,0,0,0,0,0,503310,0,0,0
1744062242.001968,600004,21131157,0,nscratch,nscratch-ffff9e3a24612000,0,0,1214706139355,114567275080,0,0,175125,0,0,0,0,0,0,0,0,0,0,0,0,0,0,0,0,0,0,0,0,0,0,0,0,113482,0,0,0
1744062242.002046,600004,21131157,0,pscratch,pscratch-ffff9e2aa9933800,0,0,2592518393163,989098984449,0,0,276110,0,0,0,0,0,0,0,0,0,0,0,0,0,0,0,0,0,0,0,0,0,0,0,0,503310,0,0,0
1744062243.001322,600004,21131157,0,nscratch,nscratch-ffff9e3a24612000,0,0,1214706139355,114567275080,0,0,175125,0,0,0,0,0,0,0,0,0,0,0,0,0,0,0,0,0,0,0,0,0,0,0,0,113482,0,0,0
1744062243.001504,600004,21131157,0,pscratch,pscratch-ffff9e2aa9933800,0,0,2592518393163,989098984449,0,0,276110,0,0,0,0,0,0,0,0,0,0,0,0,0,0,0,0,0,0,0,0,0,0,0,0,503310,0,0,0
1744062244.001891,600004,21131157,0,nscratch,nscratch-ffff9e3a24612000,0,0,1214706139355,114567275080,0,0,175125,0,0,0,0,0,0,0,0,0,0,0,0,0,0,0,0,0,0,0,0,0,0,0,0,113482,0,0,0
1744062244.001969,600004,21131157,0,pscratch,pscratch-ffff9e2aa9933800,0,0,2592518393163,989098984449,0,0,276110,0,0,0,0,0,0,0,0,0,0,0,0,0,0,0,0,0,0,0,0,0,0,0,0,503310,0,0,0
1744062245.002239,600004,21131157,0,nscratch,nscratch-ffff9e3a24612000,0,0,1214706139355,114567275080,0,0,175125,0,0,0,0,0,0,0,0,0,0,0,0,0,0,0,0,0,0,0,0,0,0,0,0,113482,0,0,0
1744062245.002312,600004,21131157,0,pscratch,pscratch-ffff9e2aa9933800,0,0,2592518393163,989098984449,0,0,276110,0,0,0,0,0,0,0,0,0,0,0,0,0,0,0,0,0,0,0,0,0,0,0,0,503310,0,0,0
1744062246.001502,600004,21131157,0,nscratch,nscratch-ffff9e3a24612000,0,0,1214706139355,114567275080,0,0,175125,0,0,0,0,0,0,0,0,0,0,0,0,0,0,0,0,0,0,0,0,0,0,0,0,113482,0,0,0
1744062246.001599,600004,21131157,0,pscratch,pscratch-ffff9e2aa9933800,0,0,2592518393163,989098984449,0,0,276110,0,0,0,0,0,0,0,0,0,0,0,0,0,0,0,0,0,0,0,0,0,0,0,0,503310,0,0,0
1744062247.001991,600004,21131157,0,nscratch,nscratch-ffff9e3a24612000,0,0,1214706139355,114567275080,0,0,175125,0,0,0,0,0,0,0,0,0,0,0,0,0,0,0,0,0,0,0,0,0,0,0,0,113482,0,0,0
1744062247.002065,600004,21131157,0,pscratch,pscratch-ffff9e2aa9933800,0,0,2592518393163,989098984449,0,0,276110,0,0,0,0,0,0,0,0,0,0,0,0,0,0,0,0,0,0,0,0,0,0,0,0,503310,0,0,0
1744062248.001372,600004,21131157,0,nscratch,nscratch-ffff9e3a24612000,0,0,1214706139355,114567275080,0,0,175125,0,0,0,0,0,0,0,0,0,0,0,0,0,0,0,0,0,0,0,0,0,0,0,0,113482,0,0,0
1744062248.001445,600004,21131157,0,pscratch,pscratch-ffff9e2aa9933800,0,0,2592518393163,989098984449,0,0,276110,0,0,0,0,0,0,0,0,0,0,0,0,0,0,0,0,0,0,0,0,0,0,0,0,503310,0,0,0
1744062249.001609,600004,21131157,0,nscratch,nscratch-ffff9e3a24612000,0,0,1214706139355,114567275080,0,0,175125,0,0,0,0,0,0,0,0,0,0,0,0,0,0,0,0,0,0,0,0,0,0,0,0,113482,0,0,0
1744062249.001685,600004,21131157,0,pscratch,pscratch-ffff9e2aa9933800,0,0,2592518393163,989098984449,0,0,276110,0,0,0,0,0,0,0,0,0,0,0,0,0,0,0,0,0,0,0,0,0,0,0,0,503310,0,0,0
1744062250.002183,600004,21131157,0,nscratch,nscratch-ffff9e3a24612000,0,0,1214706139355,114567275080,0,0,175125,0,0,0,0,0,0,0,0,0,0,0,0,0,0,0,0,0,0,0,0,0,0,0,0,113482,0,0,0
1744062250.002342,600004,21131157,0,pscratch,pscratch-ffff9e2aa9933800,0,0,2592518393163,989098984449,0,0,276110,0,0,0,0,0,0,0,0,0,0,0,0,0,0,0,0,0,0,0,0,0,0,0,0,503310,0,0,0
1744062251.001701,600004,21131157,0,nscratch,nscratch-ffff9e3a24612000,0,0,1214706139355,114567275080,0,0,175125,0,0,0,0,0,0,0,0,0,0,0,0,0,0,0,0,0,0,0,0,0,0,0,0,113482,0,0,0
1744062251.001776,600004,21131157,0,pscratch,pscratch-ffff9e2aa9933800,0,0,2592518393163,989098984449,0,0,276110,0,0,0,0,0,0,0,0,0,0,0,0,0,0,0,0,0,0,0,0,0,0,0,0,503310,0,0,0
1744062252.001929,600004,21131157,0,nscratch,nscratch-ffff9e3a24612000,0,0,1214706139355,114567275080,0,0,175125,0,0,0,0,0,0,0,0,0,0,0,0,0,0,0,0,0,0,0,0,0,0,0,0,113482,0,0,0
1744062252.002024,600004,21131157,0,pscratch,pscratch-ffff9e2aa9933800,0,0,2592518393163,989098984449,0,0,276110,0,0,0,0,0,0,0,0,0,0,0,0,0,0,0,0,0,0,0,0,0,0,0,0,503310,0,0,0
1744062253.001404,600004,21131157,0,nscratch,nscratch-ffff9e3a24612000,0,0,1214706139355,114567275080,0,0,175125,0,0,0,0,0,0,0,0,0,0,0,0,0,0,0,0,0,0,0,0,0,0,0,0,113482,0,0,0
1744062253.001481,600004,21131157,0,pscratch,pscratch-ffff9e2aa9933800,0,0,2592518393163,989098984449,0,0,276110,0,0,0,0,0,0,0,0,0,0,0,0,0,0,0,0,0,0,0,0,0,0,0,0,503310,0,0,0
1744062254.001749,600004,21131157,0,nscratch,nscratch-ffff9e3a24612000,0,0,1214706139355,114567275080,0,0,175125,0,0,0,0,0,0,0,0,0,0,0,0,0,0,0,0,0,0,0,0,0,0,0,0,113482,0,0,0
1744062254.001824,600004,21131157,0,pscratch,pscratch-ffff9e2aa9933800,0,0,2592518393163,989098984449,0,0,276110,0,0,0,0,0,0,0,0,0,0,0,0,0,0,0,0,0,0,0,0,0,0,0,0,503310,0,0,0
1744062255.002162,600004,21131157,0,nscratch,nscratch-ffff9e3a24612000,0,0,1214706139355,114567275080,0,0,175125,0,0,0,0,0,0,0,0,0,0,0,0,0,0,0,0,0,0,0,0,0,0,0,0,113482,0,0,0
1744062255.002237,600004,21131157,0,pscratch,pscratch-ffff9e2aa9933800,0,0,2592518393163,989098984449,0,0,276110,0,0,0,0,0,0,0,0,0,0,0,0,0,0,0,0,0,0,0,0,0,0,0,0,503310,0,0,0
1744062256.001718,600004,21131157,0,nscratch,nscratch-ffff9e3a24612000,0,0,1214706139355,114567275080,0,0,175125,0,0,0,0,0,0,0,0,0,0,0,0,0,0,0,0,0,0,0,0,0,0,0,0,113482,0,0,0
1744062256.001794,600004,21131157,0,pscratch,pscratch-ffff9e2aa9933800,0,0,2592518393163,989098984449,0,0,276110,0,0,0,0,0,0,0,0,0,0,0,0,0,0,0,0,0,0,0,0,0,0,0,0,503310,0,0,0
1744062257.002068,600004,21131157,0,nscratch,nscratch-ffff9e3a24612000,0,0,1214706139355,114567275080,0,0,175125,0,0,0,0,0,0,0,0,0,0,0,0,0,0,0,0,0,0,0,0,0,0,0,0,113482,0,0,0
1744062257.002141,600004,21131157,0,pscratch,pscratch-ffff9e2aa9933800,0,0,2592518393163,989098984449,0,0,276110,0,0,0,0,0,0,0,0,0,0,0,0,0,0,0,0,0,0,0,0,0,0,0,0,503310,0,0,0
1744062258.001314,600004,21131157,0,nscratch,nscratch-ffff9e3a24612000,0,0,1214706139355,114567275080,0,0,175125,0,0,0,0,0,0,0,0,0,0,0,0,0,0,0,0,0,0,0,0,0,0,0,0,113482,0,0,0
1744062258.001390,600004,21131157,0,pscratch,pscratch-ffff9e2aa9933800,0,0,2592518393163,989098984449,0,0,276110,0,0,0,0,0,0,0,0,0,0,0,0,0,0,0,0,0,0,0,0,0,0,0,0,503310,0,0,0
1744062259.001851,600004,21131157,0,nscratch,nscratch-ffff9e3a24612000,0,0,1214706139355,114567275080,0,0,175125,0,0,0,0,0,0,0,0,0,0,0,0,0,0,0,0,0,0,0,0,0,0,0,0,113482,0,0,0
1744062259.001927,600004,21131157,0,pscratch,pscratch-ffff9e2aa9933800,0,0,2592518393163,989098984449,0,0,276110,0,0,0,0,0,0,0,0,0,0,0,0,0,0,0,0,0,0,0,0,0,0,0,0,503310,0,0,0
1744062260.002330,600004,21131157,0,nscratch,nscratch-ffff9e3a24612000,0,0,1214706139355,114567275080,0,0,175125,0,0,0,0,0,0,0,0,0,0,0,0,0,0,0,0,0,0,0,0,0,0,0,0,113482,0,0,0
1744062260.002487,600004,21131157,0,pscratch,pscratch-ffff9e2aa9933800,0,0,2592518393163,989098984449,0,0,276110,0,0,0,0,0,0,0,0,0,0,0,0,0,0,0,0,0,0,0,0,0,0,0,0,503310,0,0,0
1744062261.001756,600004,21131157,0,nscratch,nscratch-ffff9e3a24612000,0,0,1214706139355,114567275080,0,0,175125,0,0,0,0,0,0,0,0,0,0,0,0,0,0,0,0,0,0,0,0,0,0,0,0,113482,0,0,0
1744062261.001860,600004,21131157,0,pscratch,pscratch-ffff9e2aa9933800,0,0,2592518393163,989098984449,0,0,276110,0,0,0,0,0,0,0,0,0,0,0,0,0,0,0,0,0,0,0,0,0,0,0,0,503310,0,0,0
1744062262.002239,600004,21131157,0,nscratch,nscratch-ffff9e3a24612000,0,0,1214706139355,114567275080,0,0,175125,0,0,0,0,0,0,0,0,0,0,0,0,0,0,0,0,0,0,0,0,0,0,0,0,113482,0,0,0
1744062262.002314,600004,21131157,0,pscratch,pscratch-ffff9e2aa9933800,0,0,2592518393163,989098984449,0,0,276110,0,0,0,0,0,0,0,0,0,0,0,0,0,0,0,0,0,0,0,0,0,0,0,0,503310,0,0,0
1744062263.001634,600004,21131157,0,nscratch,nscratch-ffff9e3a24612000,0,0,1214706139355,114567275080,0,0,175125,0,0,0,0,0,0,0,0,0,0,0,0,0,0,0,0,0,0,0,0,0,0,0,0,113482,0,0,0
1744062263.001708,600004,21131157,0,pscratch,pscratch-ffff9e2aa9933800,0,0,2592518393163,989098984449,0,0,276110,0,0,0,0,0,0,0,0,0,0,0,0,0,0,0,0,0,0,0,0,0,0,0,0,503310,0,0,0
1744062264.001859,600004,21131157,0,nscratch,nscratch-ffff9e3a24612000,0,0,1214706139355,114567275080,0,0,175125,0,0,0,0,0,0,0,0,0,0,0,0,0,0,0,0,0,0,0,0,0,0,0,0,113482,0,0,0
1744062264.001959,600004,21131157,0,pscratch,pscratch-ffff9e2aa9933800,0,0,2592518393163,989098984449,0,0,276110,0,0,0,0,0,0,0,0,0,0,0,0,0,0,0,0,0,0,0,0,0,0,0,0,503310,0,0,0
1744062265.001486,600004,21131157,0,nscratch,nscratch-ffff9e3a24612000,0,0,1214706139355,114567275080,0,0,175125,0,0,0,0,0,0,0,0,0,0,0,0,0,0,0,0,0,0,0,0,0,0,0,0,113482,0,0,0
1744062265.001560,600004,21131157,0,pscratch,pscratch-ffff9e2aa9933800,0,0,2592518393163,989098984449,0,0,276110,0,0,0,0,0,0,0,0,0,0,0,0,0,0,0,0,0,0,0,0,0,0,0,0,503310,0,0,0
1744062266.001828,600004,21131157,0,nscratch,nscratch-ffff9e3a24612000,0,0,1214706139355,114567275080,0,0,175125,0,0,0,0,0,0,0,0,0,0,0,0,0,0,0,0,0,0,0,0,0,0,0,0,113482,0,0,0
1744062266.001938,600004,21131157,0,pscratch,pscratch-ffff9e2aa9933800,0,0,2592518393163,989098984449,0,0,276110,0,0,0,0,0,0,0,0,0,0,0,0,0,0,0,0,0,0,0,0,0,0,0,0,503310,0,0,0
1744062267.002087,600004,21131157,0,nscratch,nscratch-ffff9e3a24612000,0,0,1214706139355,114567275080,0,0,175125,0,0,0,0,0,0,0,0,0,0,0,0,0,0,0,0,0,0,0,0,0,0,0,0,113482,0,0,0
1744062267.002183,600004,21131157,0,pscratch,pscratch-ffff9e2aa9933800,0,0,2592518393163,989098984449,0,0,276110,0,0,0,0,0,0,0,0,0,0,0,0,0,0,0,0,0,0,0,0,0,0,0,0,503310,0,0,0
1744062268.001542,600004,21131157,0,nscratch,nscratch-ffff9e3a24612000,0,0,1214706139355,114567275080,0,0,175125,0,0,0,0,0,0,0,0,0,0,0,0,0,0,0,0,0,0,0,0,0,0,0,0,113482,0,0,0
1744062268.001618,600004,21131157,0,pscratch,pscratch-ffff9e2aa9933800,0,0,2592518393163,989098984449,0,0,276110,0,0,0,0,0,0,0,0,0,0,0,0,0,0,0,0,0,0,0,0,0,0,0,0,503310,0,0,0
1744062269.001926,600004,21131157,0,nscratch,nscratch-ffff9e3a24612000,0,0,1214706139355,114567275080,0,0,175125,0,0,0,0,0,0,0,0,0,0,0,0,0,0,0,0,0,0,0,0,0,0,0,0,113482,0,0,0
1744062269.002005,600004,21131157,0,pscratch,pscratch-ffff9e2aa9933800,0,0,2592518393163,989098984449,0,0,276110,0,0,0,0,0,0,0,0,0,0,0,0,0,0,0,0,0,0,0,0,0,0,0,0,503310,0,0,0
1744062270.001285,600004,21131157,0,nscratch,nscratch-ffff9e3a24612000,0,0,1214706139355,114567275080,0,0,175125,0,0,0,0,0,0,0,0,0,0,0,0,0,0,0,0,0,0,0,0,0,0,0,0,113482,0,0,0
1744062270.001410,600004,21131157,0,pscratch,pscratch-ffff9e2aa9933800,0,0,2592518393163,989098984449,0,0,276110,0,0,0,0,0,0,0,0,0,0,0,0,0,0,0,0,0,0,0,0,0,0,0,0,503310,0,0,0
1744062271.001978,600004,21131157,0,nscratch,nscratch-ffff9e3a24612000,0,0,1214706139355,114567275080,0,0,175125,0,0,0,0,0,0,0,0,0,0,0,0,0,0,0,0,0,0,0,0,0,0,0,0,113482,0,0,0
1744062271.002053,600004,21131157,0,pscratch,pscratch-ffff9e2aa9933800,0,0,2592518393163,989098984449,0,0,276110,0,0,0,0,0,0,0,0,0,0,0,0,0,0,0,0,0,0,0,0,0,0,0,0,503310,0,0,0
1744062272.001327,600004,21131157,0,nscratch,nscratch-ffff9e3a24612000,0,0,1214706139355,114567275080,0,0,175125,0,0,0,0,0,0,0,0,0,0,0,0,0,0,0,0,0,0,0,0,0,0,0,0,113482,0,0,0
1744062272.001400,600004,21131157,0,pscratch,pscratch-ffff9e2aa9933800,0,0,2592518393163,989098984449,0,0,276110,0,0,0,0,0,0,0,0,0,0,0,0,0,0,0,0,0,0,0,0,0,0,0,0,503310,0,0,0
1744062273.001567,600004,21131157,0,nscratch,nscratch-ffff9e3a24612000,0,0,1214706139355,114567275080,0,0,175125,0,0,0,0,0,0,0,0,0,0,0,0,0,0,0,0,0,0,0,0,0,0,0,0,113482,0,0,0
1744062273.001647,600004,21131157,0,pscratch,pscratch-ffff9e2aa9933800,0,0,2592518393163,989098984449,0,0,276110,0,0,0,0,0,0,0,0,0,0,0,0,0,0,0,0,0,0,0,0,0,0,0,0,503310,0,0,0
1744062274.002050,600004,21131157,0,nscratch,nscratch-ffff9e3a24612000,0,0,1214706139355,114567275080,0,0,175125,0,0,0,0,0,0,0,0,0,0,0,0,0,0,0,0,0,0,0,0,0,0,0,0,113482,0,0,0
1744062274.002128,600004,21131157,0,pscratch,pscratch-ffff9e2aa9933800,0,0,2592518393163,989098984449,0,0,276110,0,0,0,0,0,0,0,0,0,0,0,0,0,0,0,0,0,0,0,0,0,0,0,0,503310,0,0,0
1744062275.001397,600004,21131157,0,nscratch,nscratch-ffff9e3a24612000,0,0,1214706139355,114567275080,0,0,175125,0,0,0,0,0,0,0,0,0,0,0,0,0,0,0,0,0,0,0,0,0,0,0,0,113482,0,0,0
1744062275.001471,600004,21131157,0,pscratch,pscratch-ffff9e2aa9933800,0,0,2592518393163,989098984449,0,0,276110,0,0,0,0,0,0,0,0,0,0,0,0,0,0,0,0,0,0,0,0,0,0,0,0,503310,0,0,0
1744062276.001690,600004,21131157,0,nscratch,nscratch-ffff9e3a24612000,0,0,1214706139355,114567275080,0,0,175125,0,0,0,0,0,0,0,0,0,0,0,0,0,0,0,0,0,0,0,0,0,0,0,0,113482,0,0,0
1744062276.001787,600004,21131157,0,pscratch,pscratch-ffff9e2aa9933800,0,0,2592518393163,989098984449,0,0,276110,0,0,0,0,0,0,0,0,0,0,0,0,0,0,0,0,0,0,0,0,0,0,0,0,503310,0,0,0
1744062277.002212,600004,21131157,0,nscratch,nscratch-ffff9e3a24612000,0,0,1214706139355,114567275080,0,0,175125,0,0,0,0,0,0,0,0,0,0,0,0,0,0,0,0,0,0,0,0,0,0,0,0,113482,0,0,0
1744062277.002287,600004,21131157,0,pscratch,pscratch-ffff9e2aa9933800,0,0,2592518393163,989098984449,0,0,276110,0,0,0,0,0,0,0,0,0,0,0,0,0,0,0,0,0,0,0,0,0,0,0,0,503310,0,0,0
1744062278.001778,600004,21131157,0,nscratch,nscratch-ffff9e3a24612000,0,0,1214706139355,114567275080,0,0,175125,0,0,0,0,0,0,0,0,0,0,0,0,0,0,0,0,0,0,0,0,0,0,0,0,113482,0,0,0
1744062278.001905,600004,21131157,0,pscratch,pscratch-ffff9e2aa9933800,0,0,2592518393163,989098984449,0,0,276110,0,0,0,0,0,0,0,0,0,0,0,0,0,0,0,0,0,0,0,0,0,0,0,0,503310,0,0,0
1744062279.002068,600004,21131157,0,nscratch,nscratch-ffff9e3a24612000,0,0,1214706139355,114567275080,0,0,175125,0,0,0,0,0,0,0,0,0,0,0,0,0,0,0,0,0,0,0,0,0,0,0,0,113482,0,0,0
1744062279.002149,600004,21131157,0,pscratch,pscratch-ffff9e2aa9933800,0,0,2592518393163,989098984449,0,0,276110,0,0,0,0,0,0,0,0,0,0,0,0,0,0,0,0,0,0,0,0,0,0,0,0,503310,0,0,0
1744062280.001747,600004,21131157,0,nscratch,nscratch-ffff9e3a24612000,0,0,1214706139355,114567275080,0,0,175125,0,0,0,0,0,0,0,0,0,0,0,0,0,0,0,0,0,0,0,0,0,0,0,0,113482,0,0,0
1744062280.001947,600004,21131157,0,pscratch,pscratch-ffff9e2aa9933800,0,0,2592518393163,989098984449,0,0,276110,0,0,0,0,0,0,0,0,0,0,0,0,0,0,0,0,0,0,0,0,0,0,0,0,503310,0,0,0
1744062281.002266,600004,21131157,0,nscratch,nscratch-ffff9e3a24612000,0,0,1214706139355,114567275080,0,0,175125,0,0,0,0,0,0,0,0,0,0,0,0,0,0,0,0,0,0,0,0,0,0,0,0,113482,0,0,0
1744062281.002339,600004,21131157,0,pscratch,pscratch-ffff9e2aa9933800,0,0,2592518393163,989098984449,0,0,276110,0,0,0,0,0,0,0,0,0,0,0,0,0,0,0,0,0,0,0,0,0,0,0,0,503310,0,0,0
1744062282.001497,600004,21131157,0,nscratch,nscratch-ffff9e3a24612000,0,0,1214706139355,114567275080,0,0,175125,0,0,0,0,0,0,0,0,0,0,0,0,0,0,0,0,0,0,0,0,0,0,0,0,113482,0,0,0
1744062282.001574,600004,21131157,0,pscratch,pscratch-ffff9e2aa9933800,0,0,2592518393163,989098984449,0,0,276110,0,0,0,0,0,0,0,0,0,0,0,0,0,0,0,0,0,0,0,0,0,0,0,0,503310,0,0,0
1744062283.001939,600004,21131157,0,nscratch,nscratch-ffff9e3a24612000,0,0,1214706139355,114567275080,0,0,175125,0,0,0,0,0,0,0,0,0,0,0,0,0,0,0,0,0,0,0,0,0,0,0,0,113482,0,0,0
1744062283.002014,600004,21131157,0,pscratch,pscratch-ffff9e2aa9933800,0,0,2592518393163,989098984449,0,0,276110,0,0,0,0,0,0,0,0,0,0,0,0,0,0,0,0,0,0,0,0,0,0,0,0,503310,0,0,0
1744062284.001339,600004,21131157,0,nscratch,nscratch-ffff9e3a24612000,0,0,1214706139355,114567275080,0,0,175125,0,0,0,0,0,0,0,0,0,0,0,0,0,0,0,0,0,0,0,0,0,0,0,0,113482,0,0,0
1744062284.001433,600004,21131157,0,pscratch,pscratch-ffff9e2aa9933800,0,0,2592518393163,989098984449,0,0,276110,0,0,0,0,0,0,0,0,0,0,0,0,0,0,0,0,0,0,0,0,0,0,0,0,503310,0,0,0
1744062285.001594,600004,21131157,0,nscratch,nscratch-ffff9e3a24612000,0,0,1214706139355,114567275080,0,0,175125,0,0,0,0,0,0,0,0,0,0,0,0,0,0,0,0,0,0,0,0,0,0,0,0,113482,0,0,0
1744062285.001673,600004,21131157,0,pscratch,pscratch-ffff9e2aa9933800,0,0,2592518393163,989098984449,0,0,276110,0,0,0,0,0,0,0,0,0,0,0,0,0,0,0,0,0,0,0,0,0,0,0,0,503310,0,0,0
1744062286.002065,600004,21131157,0,nscratch,nscratch-ffff9e3a24612000,0,0,1214706139355,114567275080,0,0,175125,0,0,0,0,0,0,0,0,0,0,0,0,0,0,0,0,0,0,0,0,0,0,0,0,113482,0,0,0
1744062286.002142,600004,21131157,0,pscratch,pscratch-ffff9e2aa9933800,0,0,2592518393163,989098984449,0,0,276110,0,0,0,0,0,0,0,0,0,0,0,0,0,0,0,0,0,0,0,0,0,0,0,0,503310,0,0,0
1744062287.001480,600004,21131157,0,nscratch,nscratch-ffff9e3a24612000,0,0,1214706139355,114567275080,0,0,175125,0,0,0,0,0,0,0,0,0,0,0,0,0,0,0,0,0,0,0,0,0,0,0,0,113482,0,0,0
1744062287.001553,600004,21131157,0,pscratch,pscratch-ffff9e2aa9933800,0,0,2592518393163,989098984449,0,0,276110,0,0,0,0,0,0,0,0,0,0,0,0,0,0,0,0,0,0,0,0,0,0,0,0,503310,0,0,0
1744062288.001731,600004,21131157,0,nscratch,nscratch-ffff9e3a24612000,0,0,1214706139355,114567275080,0,0,175125,0,0,0,0,0,0,0,0,0,0,0,0,0,0,0,0,0,0,0,0,0,0,0,0,113482,0,0,0
1744062288.001805,600004,21131157,0,pscratch,pscratch-ffff9e2aa9933800,0,0,2592518393163,989098984449,0,0,276110,0,0,0,0,0,0,0,0,0,0,0,0,0,0,0,0,0,0,0,0,0,0,0,0,503310,0,0,0
1744062289.002210,600004,21131157,0,nscratch,nscratch-ffff9e3a24612000,0,0,1214706139355,114567275080,0,0,175125,0,0,0,0,0,0,0,0,0,0,0,0,0,0,0,0,0,0,0,0,0,0,0,0,113482,0,0,0
1744062289.002285,600004,21131157,0,pscratch,pscratch-ffff9e2aa9933800,0,0,2592518393163,989098984449,0,0,276110,0,0,0,0,0,0,0,0,0,0,0,0,0,0,0,0,0,0,0,0,0,0,0,0,503310,0,0,0
1744062290.001885,600004,21131157,0,nscratch,nscratch-ffff9e3a24612000,0,0,1214706139355,114567275080,0,0,175125,0,0,0,0,0,0,0,0,0,0,0,0,0,0,0,0,0,0,0,0,0,0,0,0,113482,0,0,0
1744062290.002058,600004,21131157,0,pscratch,pscratch-ffff9e2aa9933800,0,0,2592518393163,989098984449,0,0,276110,0,0,0,0,0,0,0,0,0,0,0,0,0,0,0,0,0,0,0,0,0,0,0,0,503310,0,0,0
1744062291.001344,600004,21131157,0,nscratch,nscratch-ffff9e3a24612000,0,0,1214706139355,114567275080,0,0,175125,0,0,0,0,0,0,0,0,0,0,0,0,0,0,0,0,0,0,0,0,0,0,0,0,113482,0,0,0
1744062291.001517,600004,21131157,0,pscratch,pscratch-ffff9e2aa9933800,0,0,2592518393163,989098984449,0,0,276110,0,0,0,0,0,0,0,0,0,0,0,0,0,0,0,0,0,0,0,0,0,0,0,0,503310,0,0,0
1744062292.001902,600004,21131157,0,nscratch,nscratch-ffff9e3a24612000,0,0,1214706139355,114567275080,0,0,175125,0,0,0,0,0,0,0,0,0,0,0,0,0,0,0,0,0,0,0,0,0,0,0,0,113482,0,0,0
1744062292.001998,600004,21131157,0,pscratch,pscratch-ffff9e2aa9933800,0,0,2592518393163,989098984449,0,0,276110,0,0,0,0,0,0,0,0,0,0,0,0,0,0,0,0,0,0,0,0,0,0,0,0,503310,0,0,0
1744062293.001353,600004,21131157,0,nscratch,nscratch-ffff9e3a24612000,0,0,1214706139355,114567275080,0,0,175125,0,0,0,0,0,0,0,0,0,0,0,0,0,0,0,0,0,0,0,0,0,0,0,0,113482,0,0,0
1744062293.001428,600004,21131157,0,pscratch,pscratch-ffff9e2aa9933800,0,0,2592518393163,989098984449,0,0,276110,0,0,0,0,0,0,0,0,0,0,0,0,0,0,0,0,0,0,0,0,0,0,0,0,503310,0,0,0
1744062294.001587,600004,21131157,0,nscratch,nscratch-ffff9e3a24612000,0,0,1214706139355,114567275080,0,0,175125,0,0,0,0,0,0,0,0,0,0,0,0,0,0,0,0,0,0,0,0,0,0,0,0,113482,0,0,0
1744062294.001663,600004,21131157,0,pscratch,pscratch-ffff9e2aa9933800,0,0,2592518393163,989098984449,0,0,276110,0,0,0,0,0,0,0,0,0,0,0,0,0,0,0,0,0,0,0,0,0,0,0,0,503310,0,0,0
1744062295.002052,600004,21131157,0,nscratch,nscratch-ffff9e3a24612000,0,0,1214706139355,114567275080,0,0,175125,0,0,0,0,0,0,0,0,0,0,0,0,0,0,0,0,0,0,0,0,0,0,0,0,113482,0,0,0
1744062295.002128,600004,21131157,0,pscratch,pscratch-ffff9e2aa9933800,0,0,2592518393163,989098984449,0,0,276110,0,0,0,0,0,0,0,0,0,0,0,0,0,0,0,0,0,0,0,0,0,0,0,0,503310,0,0,0
1744062296.001538,600004,21131157,0,nscratch,nscratch-ffff9e3a24612000,0,0,1214706139355,114567275080,0,0,175125,0,0,0,0,0,0,0,0,0,0,0,0,0,0,0,0,0,0,0,0,0,0,0,0,113482,0,0,0
1744062296.001611,600004,21131157,0,pscratch,pscratch-ffff9e2aa9933800,0,0,2592518393163,989098984449,0,0,276110,0,0,0,0,0,0,0,0,0,0,0,0,0,0,0,0,0,0,0,0,0,0,0,0,503310,0,0,0
1744062297.001778,600004,21131157,0,nscratch,nscratch-ffff9e3a24612000,0,0,1214706139355,114567275080,0,0,175125,0,0,0,0,0,0,0,0,0,0,0,0,0,0,0,0,0,0,0,0,0,0,0,0,113482,0,0,0
1744062297.001884,600004,21131157,0,pscratch,pscratch-ffff9e2aa9933800,0,0,2592518393163,989098984449,0,0,276110,0,0,0,0,0,0,0,0,0,0,0,0,0,0,0,0,0,0,0,0,0,0,0,0,503310,0,0,0
1744062298.001291,600004,21131157,0,nscratch,nscratch-ffff9e3a24612000,0,0,1214706139355,114567275080,0,0,175125,0,0,0,0,0,0,0,0,0,0,0,0,0,0,0,0,0,0,0,0,0,0,0,0,113482,0,0,0
1744062298.001365,600004,21131157,0,pscratch,pscratch-ffff9e2aa9933800,0,0,2592518393163,989098984449,0,0,276110,0,0,0,0,0,0,0,0,0,0,0,0,0,0,0,0,0,0,0,0,0,0,0,0,503310,0,0,0
1744062299.001826,600004,21131157,0,nscratch,nscratch-ffff9e3a24612000,0,0,1214706139355,114567275080,0,0,175125,0,0,0,0,0,0,0,0,0,0,0,0,0,0,0,0,0,0,0,0,0,0,0,0,113482,0,0,0
1744062299.001913,600004,21131157,0,pscratch,pscratch-ffff9e2aa9933800,0,0,2592518393163,989098984449,0,0,276110,0,0,0,0,0,0,0,0,0,0,0,0,0,0,0,0,0,0,0,0,0,0,0,0,503310,0,0,0
1744062300.002160,600004,21131157,0,nscratch,nscratch-ffff9e3a24612000,0,0,1214706139355,114567275080,0,0,175125,0,0,0,0,0,0,0,0,0,0,0,0,0,0,0,0,0,0,0,0,0,0,0,0,113482,0,0,0
1744062300.002315,600004,21131157,0,pscratch,pscratch-ffff9e2aa9933800,0,0,2592518393163,989098984449,0,0,276110,0,0,0,0,0,0,0,0,0,0,0,0,0,0,0,0,0,0,0,0,0,0,0,0,503310,0,0,0
1744062301.001902,600004,21131157,0,nscratch,nscratch-ffff9e3a24612000,0,0,1214706139355,114567275080,0,0,175125,0,0,0,0,0,0,0,0,0,0,0,0,0,0,0,0,0,0,0,0,0,0,0,0,113482,0,0,0
1744062301.001987,600004,21131157,0,pscratch,pscratch-ffff9e2aa9933800,0,0,2592518393163,989098984449,0,0,276110,0,0,0,0,0,0,0,0,0,0,0,0,0,0,0,0,0,0,0,0,0,0,0,0,503310,0,0,0
1744062302.001280,600004,21131157,0,nscratch,nscratch-ffff9e3a24612000,0,0,1214706139355,114567275080,0,0,175125,0,0,0,0,0,0,0,0,0,0,0,0,0,0,0,0,0,0,0,0,0,0,0,0,113482,0,0,0
1744062302.001353,600004,21131157,0,pscratch,pscratch-ffff9e2aa9933800,0,0,2592518393163,989098984449,0,0,276110,0,0,0,0,0,0,0,0,0,0,0,0,0,0,0,0,0,0,0,0,0,0,0,0,503310,0,0,0
1744062303.001520,600004,21131157,0,nscratch,nscratch-ffff9e3a24612000,0,0,1214706139355,114567275080,0,0,175125,0,0,0,0,0,0,0,0,0,0,0,0,0,0,0,0,0,0,0,0,0,0,0,0,113482,0,0,0
1744062303.001595,600004,21131157,0,pscratch,pscratch-ffff9e2aa9933800,0,0,2592518393163,989098984449,0,0,276110,0,0,0,0,0,0,0,0,0,0,0,0,0,0,0,0,0,0,0,0,0,0,0,0,503310,0,0,0
1744062304.001983,600004,21131157,0,nscratch,nscratch-ffff9e3a24612000,0,0,1214706139355,114567275080,0,0,175125,0,0,0,0,0,0,0,0,0,0,0,0,0,0,0,0,0,0,0,0,0,0,0,0,113482,0,0,0
1744062304.002076,600004,21131157,0,pscratch,pscratch-ffff9e2aa9933800,0,0,2592518393163,989098984449,0,0,276110,0,0,0,0,0,0,0,0,0,0,0,0,0,0,0,0,0,0,0,0,0,0,0,0,503310,0,0,0
1744062305.001348,600004,21131157,0,nscratch,nscratch-ffff9e3a24612000,0,0,1214706139355,114567275080,0,0,175125,0,0,0,0,0,0,0,0,0,0,0,0,0,0,0,0,0,0,0,0,0,0,0,0,113482,0,0,0
1744062305.001423,600004,21131157,0,pscratch,pscratch-ffff9e2aa9933800,0,0,2592518393163,989098984449,0,0,276110,0,0,0,0,0,0,0,0,0,0,0,0,0,0,0,0,0,0,0,0,0,0,0,0,503310,0,0,0
1744062306.001691,600004,21131157,0,nscratch,nscratch-ffff9e3a24612000,0,0,1214706139355,114567275080,0,0,175125,0,0,0,0,0,0,0,0,0,0,0,0,0,0,0,0,0,0,0,0,0,0,0,0,113482,0,0,0
1744062306.001766,600004,21131157,0,pscratch,pscratch-ffff9e2aa9933800,0,0,2592518393163,989098984449,0,0,276110,0,0,0,0,0,0,0,0,0,0,0,0,0,0,0,0,0,0,0,0,0,0,0,0,503310,0,0,0
1744062307.002133,600004,21131157,0,nscratch,nscratch-ffff9e3a24612000,0,0,1214706139355,114567275080,0,0,175125,0,0,0,0,0,0,0,0,0,0,0,0,0,0,0,0,0,0,0,0,0,0,0,0,113482,0,0,0
1744062307.002209,600004,21131157,0,pscratch,pscratch-ffff9e2aa9933800,0,0,2592518393163,989098984449,0,0,276110,0,0,0,0,0,0,0,0,0,0,0,0,0,0,0,0,0,0,0,0,0,0,0,0,503310,0,0,0
1744062308.001617,600004,21131157,0,nscratch,nscratch-ffff9e3a24612000,0,0,1214706139355,114567275080,0,0,175125,0,0,0,0,0,0,0,0,0,0,0,0,0,0,0,0,0,0,0,0,0,0,0,0,113482,0,0,0
1744062308.001691,600004,21131157,0,pscratch,pscratch-ffff9e2aa9933800,0,0,2592518393163,989098984449,0,0,276110,0,0,0,0,0,0,0,0,0,0,0,0,0,0,0,0,0,0,0,0,0,0,0,0,503310,0,0,0
1744062309.001859,600004,21131157,0,nscratch,nscratch-ffff9e3a24612000,0,0,1214706139355,114567275080,0,0,175125,0,0,0,0,0,0,0,0,0,0,0,0,0,0,0,0,0,0,0,0,0,0,0,0,113482,0,0,0
1744062309.001937,600004,21131157,0,pscratch,pscratch-ffff9e2aa9933800,0,0,2592518393163,989098984449,0,0,276110,0,0,0,0,0,0,0,0,0,0,0,0,0,0,0,0,0,0,0,0,0,0,0,0,503310,0,0,0
1744062310.001529,600004,21131157,0,nscratch,nscratch-ffff9e3a24612000,0,0,1214706139355,114567275080,0,0,175125,0,0,0,0,0,0,0,0,0,0,0,0,0,0,0,0,0,0,0,0,0,0,0,0,113482,0,0,0
1744062310.001604,600004,21131157,0,pscratch,pscratch-ffff9e2aa9933800,0,0,2592518393163,989098984449,0,0,276110,0,0,0,0,0,0,0,0,0,0,0,0,0,0,0,0,0,0,0,0,0,0,0,0,503310,0,0,0
1744062311.001883,600004,21131157,0,nscratch,nscratch-ffff9e3a24612000,0,0,1214706139355,114567275080,0,0,175125,0,0,0,0,0,0,0,0,0,0,0,0,0,0,0,0,0,0,0,0,0,0,0,0,113482,0,0,0
1744062311.001959,600004,21131157,0,pscratch,pscratch-ffff9e2aa9933800,0,0,2592518393163,989098984449,0,0,276110,0,0,0,0,0,0,0,0,0,0,0,0,0,0,0,0,0,0,0,0,0,0,0,0,503310,0,0,0
1744062312.002099,600004,21131157,0,nscratch,nscratch-ffff9e3a24612000,0,0,1214706139355,114567275080,0,0,175125,0,0,0,0,0,0,0,0,0,0,0,0,0,0,0,0,0,0,0,0,0,0,0,0,113482,0,0,0
1744062312.002174,600004,21131157,0,pscratch,pscratch-ffff9e2aa9933800,0,0,2592518393163,989098984449,0,0,276110,0,0,0,0,0,0,0,0,0,0,0,0,0,0,0,0,0,0,0,0,0,0,0,0,503310,0,0,0
1744062313.001587,600004,21131157,0,nscratch,nscratch-ffff9e3a24612000,0,0,1214706139355,114567275080,0,0,175125,0,0,0,0,0,0,0,0,0,0,0,0,0,0,0,0,0,0,0,0,0,0,0,0,113482,0,0,0
1744062313.001661,600004,21131157,0,pscratch,pscratch-ffff9e2aa9933800,0,0,2592518393163,989098984449,0,0,276110,0,0,0,0,0,0,0,0,0,0,0,0,0,0,0,0,0,0,0,0,0,0,0,0,503310,0,0,0
1744062314.002062,600004,21131157,0,nscratch,nscratch-ffff9e3a24612000,0,0,1214706139355,114567275080,0,0,175125,0,0,0,0,0,0,0,0,0,0,0,0,0,0,0,0,0,0,0,0,0,0,0,0,113482,0,0,0
1744062314.002136,600004,21131157,0,pscratch,pscratch-ffff9e2aa9933800,0,0,2592518393163,989098984449,0,0,276110,0,0,0,0,0,0,0,0,0,0,0,0,0,0,0,0,0,0,0,0,0,0,0,0,503310,0,0,0
1744062315.001414,600004,21131157,0,nscratch,nscratch-ffff9e3a24612000,0,0,1214706139355,114567275080,0,0,175125,0,0,0,0,0,0,0,0,0,0,0,0,0,0,0,0,0,0,0,0,0,0,0,0,113482,0,0,0
1744062315.001585,600004,21131157,0,pscratch,pscratch-ffff9e2aa9933800,0,0,2592518393163,989098984449,0,0,276110,0,0,0,0,0,0,0,0,0,0,0,0,0,0,0,0,0,0,0,0,0,0,0,0,503310,0,0,0
1744062316.002052,600004,21131157,0,nscratch,nscratch-ffff9e3a24612000,0,0,1214706139355,114567275080,0,0,175125,0,0,0,0,0,0,0,0,0,0,0,0,0,0,0,0,0,0,0,0,0,0,0,0,113482,0,0,0
1744062316.002128,600004,21131157,0,pscratch,pscratch-ffff9e2aa9933800,0,0,2592518393163,989098984449,0,0,276110,0,0,0,0,0,0,0,0,0,0,0,0,0,0,0,0,0,0,0,0,0,0,0,0,503310,0,0,0
1744062317.001453,600004,21131157,0,nscratch,nscratch-ffff9e3a24612000,0,0,1214706139355,114567275080,0,0,175125,0,0,0,0,0,0,0,0,0,0,0,0,0,0,0,0,0,0,0,0,0,0,0,0,113482,0,0,0
1744062317.001527,600004,21131157,0,pscratch,pscratch-ffff9e2aa9933800,0,0,2592518393163,989098984449,0,0,276110,0,0,0,0,0,0,0,0,0,0,0,0,0,0,0,0,0,0,0,0,0,0,0,0,503310,0,0,0
1744062318.001708,600004,21131157,0,nscratch,nscratch-ffff9e3a24612000,0,0,1214706139355,114567275080,0,0,175125,0,0,0,0,0,0,0,0,0,0,0,0,0,0,0,0,0,0,0,0,0,0,0,0,113482,0,0,0
1744062318.001783,600004,21131157,0,pscratch,pscratch-ffff9e2aa9933800,0,0,2592518393163,989098984449,0,0,276110,0,0,0,0,0,0,0,0,0,0,0,0,0,0,0,0,0,0,0,0,0,0,0,0,503310,0,0,0
1744062319.002207,600004,21131157,0,nscratch,nscratch-ffff9e3a24612000,0,0,1214706139355,114567275080,0,0,175125,0,0,0,0,0,0,0,0,0,0,0,0,0,0,0,0,0,0,0,0,0,0,0,0,113482,0,0,0
1744062319.002281,600004,21131157,0,pscratch,pscratch-ffff9e2aa9933800,0,0,2592518393163,989098984449,0,0,276110,0,0,0,0,0,0,0,0,0,0,0,0,0,0,0,0,0,0,0,0,0,0,0,0,503310,0,0,0
1744062320.001579,600004,21131157,0,nscratch,nscratch-ffff9e3a24612000,0,0,1214706139355,114567275080,0,0,175125,0,0,0,0,0,0,0,0,0,0,0,0,0,0,0,0,0,0,0,0,0,0,0,0,113482,0,0,0
1744062320.001653,600004,21131157,0,pscratch,pscratch-ffff9e2aa9933800,0,0,2592518393163,989098984449,0,0,276110,0,0,0,0,0,0,0,0,0,0,0,0,0,0,0,0,0,0,0,0,0,0,0,0,503310,0,0,0
1744062321.001948,600004,21131157,0,nscratch,nscratch-ffff9e3a24612000,0,0,1214706139355,114567275080,0,0,175125,0,0,0,0,0,0,0,0,0,0,0,0,0,0,0,0,0,0,0,0,0,0,0,0,113482,0,0,0
1744062321.002060,600004,21131157,0,pscratch,pscratch-ffff9e2aa9933800,0,0,2592518393163,989098984449,0,0,276110,0,0,0,0,0,0,0,0,0,0,0,0,0,0,0,0,0,0,0,0,0,0,0,0,503310,0,0,0
1744062322.001454,600004,21131157,0,nscratch,nscratch-ffff9e3a24612000,0,0,1214706139355,114567275080,0,0,175125,0,0,0,0,0,0,0,0,0,0,0,0,0,0,0,0,0,0,0,0,0,0,0,0,113482,0,0,0
1744062322.001528,600004,21131157,0,pscratch,pscratch-ffff9e2aa9933800,0,0,2592518393163,989098984449,0,0,276110,0,0,0,0,0,0,0,0,0,0,0,0,0,0,0,0,0,0,0,0,0,0,0,0,503310,0,0,0
1744062323.001797,600004,21131157,0,nscratch,nscratch-ffff9e3a24612000,0,0,1214706139355,114567275080,0,0,175125,0,0,0,0,0,0,0,0,0,0,0,0,0,0,0,0,0,0,0,0,0,0,0,0,113482,0,0,0
1744062323.001878,600004,21131157,0,pscratch,pscratch-ffff9e2aa9933800,0,0,2592518393163,989098984449,0,0,276110,0,0,0,0,0,0,0,0,0,0,0,0,0,0,0,0,0,0,0,0,0,0,0,0,503310,0,0,0
1744062324.002131,600004,21131157,0,nscratch,nscratch-ffff9e3a24612000,0,0,1214706139355,114567275080,0,0,175125,0,0,0,0,0,0,0,0,0,0,0,0,0,0,0,0,0,0,0,0,0,0,0,0,113482,0,0,0
1744062324.002207,600004,21131157,0,pscratch,pscratch-ffff9e2aa9933800,0,0,2592518393163,989098984449,0,0,276110,0,0,0,0,0,0,0,0,0,0,0,0,0,0,0,0,0,0,0,0,0,0,0,0,503310,0,0,0
1744062325.001642,600004,21131157,0,nscratch,nscratch-ffff9e3a24612000,0,0,1214706139355,114567275080,0,0,175125,0,0,0,0,0,0,0,0,0,0,0,0,0,0,0,0,0,0,0,0,0,0,0,0,113482,0,0,0
1744062325.001716,600004,21131157,0,pscratch,pscratch-ffff9e2aa9933800,0,0,2592518393163,989098984449,0,0,276110,0,0,0,0,0,0,0,0,0,0,0,0,0,0,0,0,0,0,0,0,0,0,0,0,503310,0,0,0
1744062326.002074,600004,21131157,0,nscratch,nscratch-ffff9e3a24612000,0,0,1214706139355,114567275080,0,0,175125,0,0,0,0,0,0,0,0,0,0,0,0,0,0,0,0,0,0,0,0,0,0,0,0,113482,0,0,0
1744062326.002147,600004,21131157,0,pscratch,pscratch-ffff9e2aa9933800,0,0,2592518393163,989098984449,0,0,276110,0,0,0,0,0,0,0,0,0,0,0,0,0,0,0,0,0,0,0,0,0,0,0,0,503310,0,0,0
1744062327.001309,600004,21131157,0,nscratch,nscratch-ffff9e3a24612000,0,0,1214706139355,114567275080,0,0,175125,0,0,0,0,0,0,0,0,0,0,0,0,0,0,0,0,0,0,0,0,0,0,0,0,113482,0,0,0
1744062327.001384,600004,21131157,0,pscratch,pscratch-ffff9e2aa9933800,0,0,2592518393163,989098984449,0,0,276110,0,0,0,0,0,0,0,0,0,0,0,0,0,0,0,0,0,0,0,0,0,0,0,0,503310,0,0,0
1744062328.001977,600004,21131157,0,nscratch,nscratch-ffff9e3a24612000,0,0,1214706139355,114567275080,0,0,175125,0,0,0,0,0,0,0,0,0,0,0,0,0,0,0,0,0,0,0,0,0,0,0,0,113482,0,0,0
1744062328.002071,600004,21131157,0,pscratch,pscratch-ffff9e2aa9933800,0,0,2592518393163,989098984449,0,0,276110,0,0,0,0,0,0,0,0,0,0,0,0,0,0,0,0,0,0,0,0,0,0,0,0,503310,0,0,0
1744062329.001342,600004,21131157,0,nscratch,nscratch-ffff9e3a24612000,0,0,1214706139355,114567275080,0,0,175125,0,0,0,0,0,0,0,0,0,0,0,0,0,0,0,0,0,0,0,0,0,0,0,0,113482,0,0,0
1744062329.001416,600004,21131157,0,pscratch,pscratch-ffff9e2aa9933800,0,0,2592518393163,989098984449,0,0,276110,0,0,0,0,0,0,0,0,0,0,0,0,0,0,0,0,0,0,0,0,0,0,0,0,503310,0,0,0
1744062330.001706,600004,21131157,0,nscratch,nscratch-ffff9e3a24612000,0,0,1214706139355,114567275080,0,0,175125,0,0,0,0,0,0,0,0,0,0,0,0,0,0,0,0,0,0,0,0,0,0,0,0,113482,0,0,0
1744062330.001917,600004,21131157,0,pscratch,pscratch-ffff9e2aa9933800,0,0,2592518393163,989098984449,0,0,276110,0,0,0,0,0,0,0,0,0,0,0,0,0,0,0,0,0,0,0,0,0,0,0,0,503310,0,0,0
1744062331.001487,600004,21131157,0,nscratch,nscratch-ffff9e3a24612000,0,0,1214706139355,114567275080,0,0,175125,0,0,0,0,0,0,0,0,0,0,0,0,0,0,0,0,0,0,0,0,0,0,0,0,113482,0,0,0
1744062331.001562,600004,21131157,0,pscratch,pscratch-ffff9e2aa9933800,0,0,2592518393163,989098984449,0,0,276110,0,0,0,0,0,0,0,0,0,0,0,0,0,0,0,0,0,0,0,0,0,0,0,0,503310,0,0,0
1744062332.001864,600004,21131157,0,nscratch,nscratch-ffff9e3a24612000,0,0,1214706139355,114567275080,0,0,175125,0,0,0,0,0,0,0,0,0,0,0,0,0,0,0,0,0,0,0,0,0,0,0,0,113482,0,0,0
1744062332.001961,600004,21131157,0,pscratch,pscratch-ffff9e2aa9933800,0,0,2592518393163,989098984449,0,0,276110,0,0,0,0,0,0,0,0,0,0,0,0,0,0,0,0,0,0,0,0,0,0,0,0,503310,0,0,0
1744062333.002124,600004,21131157,0,nscratch,nscratch-ffff9e3a24612000,0,0,1214706139355,114567275080,0,0,175125,0,0,0,0,0,0,0,0,0,0,0,0,0,0,0,0,0,0,0,0,0,0,0,0,113482,0,0,0
1744062333.002202,600004,21131157,0,pscratch,pscratch-ffff9e2aa9933800,0,0,2592518393163,989098984449,0,0,276110,0,0,0,0,0,0,0,0,0,0,0,0,0,0,0,0,0,0,0,0,0,0,0,0,503310,0,0,0
1744062334.001579,600004,21131157,0,nscratch,nscratch-ffff9e3a24612000,0,0,1214706139355,114567275080,0,0,175125,0,0,0,0,0,0,0,0,0,0,0,0,0,0,0,0,0,0,0,0,0,0,0,0,113482,0,0,0
1744062334.001655,600004,21131157,0,pscratch,pscratch-ffff9e2aa9933800,0,0,2592518393163,989098984449,0,0,276110,0,0,0,0,0,0,0,0,0,0,0,0,0,0,0,0,0,0,0,0,0,0,0,0,503310,0,0,0
1744062335.002041,600004,21131157,0,nscratch,nscratch-ffff9e3a24612000,0,0,1214706139355,114567275080,0,0,175125,0,0,0,0,0,0,0,0,0,0,0,0,0,0,0,0,0,0,0,0,0,0,0,0,113482,0,0,0
1744062335.002117,600004,21131157,0,pscratch,pscratch-ffff9e2aa9933800,0,0,2592518393163,989098984449,0,0,276110,0,0,0,0,0,0,0,0,0,0,0,0,0,0,0,0,0,0,0,0,0,0,0,0,503310,0,0,0
1744062336.001292,600004,21131157,0,nscratch,nscratch-ffff9e3a24612000,0,0,1214706139355,114567275080,0,0,175125,0,0,0,0,0,0,0,0,0,0,0,0,0,0,0,0,0,0,0,0,0,0,0,0,113482,0,0,0
1744062336.001367,600004,21131157,0,pscratch,pscratch-ffff9e2aa9933800,0,0,2592518393163,989098984449,0,0,276110,0,0,0,0,0,0,0,0,0,0,0,0,0,0,0,0,0,0,0,0,0,0,0,0,503310,0,0,0
1744062337.001726,600004,21131157,0,nscratch,nscratch-ffff9e3a24612000,0,0,1214706139355,114567275080,0,0,175125,0,0,0,0,0,0,0,0,0,0,0,0,0,0,0,0,0,0,0,0,0,0,0,0,113482,0,0,0
1744062337.001800,600004,21131157,0,pscratch,pscratch-ffff9e2aa9933800,0,0,2592518393163,989098984449,0,0,276110,0,0,0,0,0,0,0,0,0,0,0,0,0,0,0,0,0,0,0,0,0,0,0,0,503310,0,0,0
1744062338.002107,600004,21131157,0,nscratch,nscratch-ffff9e3a24612000,0,0,1214706139355,114567275080,0,0,175125,0,0,0,0,0,0,0,0,0,0,0,0,0,0,0,0,0,0,0,0,0,0,0,0,113482,0,0,0
1744062338.002181,600004,21131157,0,pscratch,pscratch-ffff9e2aa9933800,0,0,2592518393163,989098984449,0,0,276110,0,0,0,0,0,0,0,0,0,0,0,0,0,0,0,0,0,0,0,0,0,0,0,0,503310,0,0,0
1744062339.001345,600004,21131157,0,nscratch,nscratch-ffff9e3a24612000,0,0,1214706139355,114567275080,0,0,175125,0,0,0,0,0,0,0,0,0,0,0,0,0,0,0,0,0,0,0,0,0,0,0,0,113482,0,0,0
1744062339.001420,600004,21131157,0,pscratch,pscratch-ffff9e2aa9933800,0,0,2592518393163,989098984449,0,0,276110,0,0,0,0,0,0,0,0,0,0,0,0,0,0,0,0,0,0,0,0,0,0,0,0,503310,0,0,0
1744062340.002005,600004,21131157,0,nscratch,nscratch-ffff9e3a24612000,0,0,1214706139355,114567275080,0,0,175125,0,0,0,0,0,0,0,0,0,0,0,0,0,0,0,0,0,0,0,0,0,0,0,0,113482,0,0,0
1744062340.002191,600004,21131157,0,pscratch,pscratch-ffff9e2aa9933800,0,0,2592518393163,989098984449,0,0,276110,0,0,0,0,0,0,0,0,0,0,0,0,0,0,0,0,0,0,0,0,0,0,0,0,503310,0,0,0
1744062341.001620,600004,21131157,0,nscratch,nscratch-ffff9e3a24612000,0,0,1214706139355,114567275080,0,0,175125,0,0,0,0,0,0,0,0,0,0,0,0,0,0,0,0,0,0,0,0,0,0,0,0,113482,0,0,0
1744062341.001698,600004,21131157,0,pscratch,pscratch-ffff9e2aa9933800,0,0,2592518393163,989098984449,0,0,276110,0,0,0,0,0,0,0,0,0,0,0,0,0,0,0,0,0,0,0,0,0,0,0,0,503310,0,0,0
1744062342.001896,600004,21131157,0,nscratch,nscratch-ffff9e3a24612000,0,0,1214706139355,114567275080,0,0,175125,0,0,0,0,0,0,0,0,0,0,0,0,0,0,0,0,0,0,0,0,0,0,0,0,113482,0,0,0
1744062342.001976,600004,21131157,0,pscratch,pscratch-ffff9e2aa9933800,0,0,2592518393163,989098984449,0,0,276110,0,0,0,0,0,0,0,0,0,0,0,0,0,0,0,0,0,0,0,0,0,0,0,0,503310,0,0,0
1744062343.001373,600004,21131157,0,nscratch,nscratch-ffff9e3a24612000,0,0,1214706139355,114567275080,0,0,175125,0,0,0,0,0,0,0,0,0,0,0,0,0,0,0,0,0,0,0,0,0,0,0,0,113482,0,0,0
1744062343.001449,600004,21131157,0,pscratch,pscratch-ffff9e2aa9933800,0,0,2592518393163,989098984449,0,0,276110,0,0,0,0,0,0,0,0,0,0,0,0,0,0,0,0,0,0,0,0,0,0,0,0,503310,0,0,0
1744062344.001761,600004,21131157,0,nscratch,nscratch-ffff9e3a24612000,0,0,1214706139355,114567275080,0,0,175125,0,0,0,0,0,0,0,0,0,0,0,0,0,0,0,0,0,0,0,0,0,0,0,0,113482,0,0,0
1744062344.001851,600004,21131157,0,pscratch,pscratch-ffff9e2aa9933800,0,0,2592518393163,989098984449,0,0,276110,0,0,0,0,0,0,0,0,0,0,0,0,0,0,0,0,0,0,0,0,0,0,0,0,503310,0,0,0
1744062345.002014,600004,21131157,0,nscratch,nscratch-ffff9e3a24612000,0,0,1214706139355,114567275080,0,0,175125,0,0,0,0,0,0,0,0,0,0,0,0,0,0,0,0,0,0,0,0,0,0,0,0,113482,0,0,0
1744062345.002095,600004,21131157,0,pscratch,pscratch-ffff9e2aa9933800,0,0,2592518393163,989098984449,0,0,276110,0,0,0,0,0,0,0,0,0,0,0,0,0,0,0,0,0,0,0,0,0,0,0,0,503310,0,0,0
1744062346.001668,600004,21131157,0,nscratch,nscratch-ffff9e3a24612000,0,0,1214706139355,114567275080,0,0,175125,0,0,0,0,0,0,0,0,0,0,0,0,0,0,0,0,0,0,0,0,0,0,0,0,113482,0,0,0
1744062346.001744,600004,21131157,0,pscratch,pscratch-ffff9e2aa9933800,0,0,2592518393163,989098984449,0,0,276110,0,0,0,0,0,0,0,0,0,0,0,0,0,0,0,0,0,0,0,0,0,0,0,0,503310,0,0,0
1744062347.002072,600004,21131157,0,nscratch,nscratch-ffff9e3a24612000,0,0,1214706139355,114567275080,0,0,175125,0,0,0,0,0,0,0,0,0,0,0,0,0,0,0,0,0,0,0,0,0,0,0,0,113482,0,0,0
1744062347.002169,600004,21131157,0,pscratch,pscratch-ffff9e2aa9933800,0,0,2592518393163,989098984449,0,0,276110,0,0,0,0,0,0,0,0,0,0,0,0,0,0,0,0,0,0,0,0,0,0,0,0,503310,0,0,0
1744062348.001443,600004,21131157,0,nscratch,nscratch-ffff9e3a24612000,0,0,1214706139355,114567275080,0,0,175125,0,0,0,0,0,0,0,0,0,0,0,0,0,0,0,0,0,0,0,0,0,0,0,0,113482,0,0,0
1744062348.001616,600004,21131157,0,pscratch,pscratch-ffff9e2aa9933800,0,0,2592518393163,989098984449,0,0,276110,0,0,0,0,0,0,0,0,0,0,0,0,0,0,0,0,0,0,0,0,0,0,0,0,503310,0,0,0
1744062349.002042,600004,21131157,0,nscratch,nscratch-ffff9e3a24612000,0,0,1214706139355,114567275080,0,0,175125,0,0,0,0,0,0,0,0,0,0,0,0,0,0,0,0,0,0,0,0,0,0,0,0,113482,0,0,0
1744062349.002116,600004,21131157,0,pscratch,pscratch-ffff9e2aa9933800,0,0,2592518393163,989098984449,0,0,276110,0,0,0,0,0,0,0,0,0,0,0,0,0,0,0,0,0,0,0,0,0,0,0,0,503310,0,0,0
1744062350.001653,600004,21131157,0,nscratch,nscratch-ffff9e3a24612000,0,0,1214706139355,114567275080,0,0,175125,0,0,0,0,0,0,0,0,0,0,0,0,0,0,0,0,0,0,0,0,0,0,0,0,113482,0,0,0
1744062350.001727,600004,21131157,0,pscratch,pscratch-ffff9e2aa9933800,0,0,2592518393163,989098984449,0,0,276110,0,0,0,0,0,0,0,0,0,0,0,0,0,0,0,0,0,0,0,0,0,0,0,0,503310,0,0,0
1744062351.001895,600004,21131157,0,nscratch,nscratch-ffff9e3a24612000,0,0,1214706139355,114567275080,0,0,175125,0,0,0,0,0,0,0,0,0,0,0,0,0,0,0,0,0,0,0,0,0,0,0,0,113482,0,0,0
1744062351.001977,600004,21131157,0,pscratch,pscratch-ffff9e2aa9933800,0,0,2592518393163,989098984449,0,0,276110,0,0,0,0,0,0,0,0,0,0,0,0,0,0,0,0,0,0,0,0,0,0,0,0,503310,0,0,0
1744062352.001561,600004,21131157,0,nscratch,nscratch-ffff9e3a24612000,0,0,1214706139355,114567275080,0,0,175125,0,0,0,0,0,0,0,0,0,0,0,0,0,0,0,0,0,0,0,0,0,0,0,0,113482,0,0,0
1744062352.001637,600004,21131157,0,pscratch,pscratch-ffff9e2aa9933800,0,0,2592518393163,989098984449,0,0,276110,0,0,0,0,0,0,0,0,0,0,0,0,0,0,0,0,0,0,0,0,0,0,0,0,503310,0,0,0
1744062353.002051,600004,21131157,0,nscratch,nscratch-ffff9e3a24612000,0,0,1214706139355,114567275080,0,0,175125,0,0,0,0,0,0,0,0,0,0,0,0,0,0,0,0,0,0,0,0,0,0,0,0,113482,0,0,0
1744062353.002126,600004,21131157,0,pscratch,pscratch-ffff9e2aa9933800,0,0,2592518393163,989098984449,0,0,276110,0,0,0,0,0,0,0,0,0,0,0,0,0,0,0,0,0,0,0,0,0,0,0,0,503310,0,0,0
1744062354.001404,600004,21131157,0,nscratch,nscratch-ffff9e3a24612000,0,0,1214706139355,114567275080,0,0,175125,0,0,0,0,0,0,0,0,0,0,0,0,0,0,0,0,0,0,0,0,0,0,0,0,113482,0,0,0
1744062354.001480,600004,21131157,0,pscratch,pscratch-ffff9e2aa9933800,0,0,2592518393163,989098984449,0,0,276110,0,0,0,0,0,0,0,0,0,0,0,0,0,0,0,0,0,0,0,0,0,0,0,0,503310,0,0,0
1744062355.001900,600004,21131157,0,nscratch,nscratch-ffff9e3a24612000,0,0,1214706139355,114567275080,0,0,175125,0,0,0,0,0,0,0,0,0,0,0,0,0,0,0,0,0,0,0,0,0,0,0,0,113482,0,0,0
1744062355.001997,600004,21131157,0,pscratch,pscratch-ffff9e2aa9933800,0,0,2592518393163,989098984449,0,0,276110,0,0,0,0,0,0,0,0,0,0,0,0,0,0,0,0,0,0,0,0,0,0,0,0,503310,0,0,0
1744062356.001288,600004,21131157,0,nscratch,nscratch-ffff9e3a24612000,0,0,1214706139355,114567275080,0,0,175125,0,0,0,0,0,0,0,0,0,0,0,0,0,0,0,0,0,0,0,0,0,0,0,0,113482,0,0,0
1744062356.001361,600004,21131157,0,pscratch,pscratch-ffff9e2aa9933800,0,0,2592518393163,989098984449,0,0,276110,0,0,0,0,0,0,0,0,0,0,0,0,0,0,0,0,0,0,0,0,0,0,0,0,503310,0,0,0
1744062357.001503,600004,21131157,0,nscratch,nscratch-ffff9e3a24612000,0,0,1214706139355,114567275080,0,0,175125,0,0,0,0,0,0,0,0,0,0,0,0,0,0,0,0,0,0,0,0,0,0,0,0,113482,0,0,0
1744062357.001580,600004,21131157,0,pscratch,pscratch-ffff9e2aa9933800,0,0,2592518393163,989098984449,0,0,276110,0,0,0,0,0,0,0,0,0,0,0,0,0,0,0,0,0,0,0,0,0,0,0,0,503310,0,0,0
1744062358.002025,600004,21131157,0,nscratch,nscratch-ffff9e3a24612000,0,0,1214706139355,114567275080,0,0,175125,0,0,0,0,0,0,0,0,0,0,0,0,0,0,0,0,0,0,0,0,0,0,0,0,113482,0,0,0
1744062358.002099,600004,21131157,0,pscratch,pscratch-ffff9e2aa9933800,0,0,2592518393163,989098984449,0,0,276110,0,0,0,0,0,0,0,0,0,0,0,0,0,0,0,0,0,0,0,0,0,0,0,0,503310,0,0,0
1744062359.001386,600004,21131157,0,nscratch,nscratch-ffff9e3a24612000,0,0,1214706139355,114567275080,0,0,175125,0,0,0,0,0,0,0,0,0,0,0,0,0,0,0,0,0,0,0,0,0,0,0,0,113482,0,0,0
1744062359.001460,600004,21131157,0,pscratch,pscratch-ffff9e2aa9933800,0,0,2592518393163,989098984449,0,0,276110,0,0,0,0,0,0,0,0,0,0,0,0,0,0,0,0,0,0,0,0,0,0,0,0,503310,0,0,0
1744062360.001678,600004,21131157,0,nscratch,nscratch-ffff9e3a24612000,0,0,1214706139355,114567275080,0,0,175125,0,0,0,0,0,0,0,0,0,0,0,0,0,0,0,0,0,0,0,0,0,0,0,0,113482,0,0,0
1744062360.001753,600004,21131157,0,pscratch,pscratch-ffff9e2aa9933800,0,0,2592518393163,989098984449,0,0,276110,0,0,0,0,0,0,0,0,0,0,0,0,0,0,0,0,0,0,0,0,0,0,0,0,503310,0,0,0
1744062361.002253,600004,21131157,0,nscratch,nscratch-ffff9e3a24612000,0,0,1214706139355,114567275080,0,0,175125,0,0,0,0,0,0,0,0,0,0,0,0,0,0,0,0,0,0,0,0,0,0,0,0,113482,0,0,0
1744062361.002327,600004,21131157,0,pscratch,pscratch-ffff9e2aa9933800,0,0,2592518393163,989098984449,0,0,276110,0,0,0,0,0,0,0,0,0,0,0,0,0,0,0,0,0,0,0,0,0,0,0,0,503310,0,0,0
1744062362.001906,600004,21131157,0,nscratch,nscratch-ffff9e3a24612000,0,0,1214706139355,114567275080,0,0,175125,0,0,0,0,0,0,0,0,0,0,0,0,0,0,0,0,0,0,0,0,0,0,0,0,113482,0,0,0
1744062362.002062,600004,21131157,0,pscratch,pscratch-ffff9e2aa9933800,0,0,2592518621862,989099257555,0,0,276120,0,0,0,0,0,0,0,0,0,0,0,0,0,0,0,0,0,0,0,0,0,0,0,0,503312,0,0,0
1744062363.001276,600004,21131157,0,nscratch,nscratch-ffff9e3a24612000,0,0,1214706139355,114567275080,0,0,175125,0,0,0,0,0,0,0,0,0,0,0,0,0,0,0,0,0,0,0,0,0,0,0,0,113482,0,0,0
1744062363.001383,600004,21131157,0,pscratch,pscratch-ffff9e2aa9933800,0,0,2592518621862,989099257555,0,0,276122,0,0,0,0,0,0,0,0,0,0,0,0,0,0,0,0,0,0,0,0,0,0,0,0,503312,0,0,0
1744062364.001292,600004,21131157,0,nscratch,nscratch-ffff9e3a24612000,0,0,1214706139355,114567275080,0,0,175125,0,0,0,0,0,0,0,0,0,0,0,0,0,0,0,0,0,0,0,0,0,0,0,0,113482,0,0,0
1744062364.001407,600004,21131157,0,pscratch,pscratch-ffff9e2aa9933800,0,0,2592518621862,989099257555,0,0,276122,0,0,0,0,0,0,0,0,0,0,0,0,0,0,0,0,0,0,0,0,0,0,0,0,503312,0,0,0
1744062365.001806,600004,21131157,0,nscratch,nscratch-ffff9e3a24612000,0,0,1214706139355,114567275080,0,0,175125,0,0,0,0,0,0,0,0,0,0,0,0,0,0,0,0,0,0,0,0,0,0,0,0,113482,0,0,0
1744062365.001942,600004,21131157,0,pscratch,pscratch-ffff9e2aa9933800,0,0,2592518621862,989099257555,0,0,276122,0,0,0,0,0,0,0,0,0,0,0,0,0,0,0,0,0,0,0,0,0,0,0,0,503312,0,0,0
1744062366.002210,600004,21131157,0,nscratch,nscratch-ffff9e3a24612000,0,0,1214706139355,114567275080,0,0,175125,0,0,0,0,0,0,0,0,0,0,0,0,0,0,0,0,0,0,0,0,0,0,0,0,113482,0,0,0
1744062366.002327,600004,21131157,0,pscratch,pscratch-ffff9e2aa9933800,0,0,2592518621862,989099257555,0,0,276122,0,0,0,0,0,0,0,0,0,0,0,0,0,0,0,0,0,0,0,0,0,0,0,0,503312,0,0,0
1744062367.001868,600004,21131157,0,nscratch,nscratch-ffff9e3a24612000,0,0,1214706139355,114567275080,0,0,175125,0,0,0,0,0,0,0,0,0,0,0,0,0,0,0,0,0,0,0,0,0,0,0,0,113482,0,0,0
1744062367.001988,600004,21131157,0,pscratch,pscratch-ffff9e2aa9933800,0,0,2592518621862,989099257555,0,0,276122,0,0,0,0,0,0,0,0,0,0,0,0,0,0,0,0,0,0,0,0,0,0,0,0,503312,0,0,0
1744062368.001302,600004,21131157,0,nscratch,nscratch-ffff9e3a24612000,0,0,1214706139355,114567275080,0,0,175125,0,0,0,0,0,0,0,0,0,0,0,0,0,0,0,0,0,0,0,0,0,0,0,0,113482,0,0,0
1744062368.001374,600004,21131157,0,pscratch,pscratch-ffff9e2aa9933800,0,0,2592518621862,989099257555,0,0,276122,0,0,0,0,0,0,0,0,0,0,0,0,0,0,0,0,0,0,0,0,0,0,0,0,503312,0,0,0
1744062369.001537,600004,21131157,0,nscratch,nscratch-ffff9e3a24612000,0,0,1214706139355,114567275080,0,0,175125,0,0,0,0,0,0,0,0,0,0,0,0,0,0,0,0,0,0,0,0,0,0,0,0,113482,0,0,0
1744062369.001614,600004,21131157,0,pscratch,pscratch-ffff9e2aa9933800,0,0,2592518621862,989099257555,0,0,276122,0,0,0,0,0,0,0,0,0,0,0,0,0,0,0,0,0,0,0,0,0,0,0,0,503312,0,0,0
