timestamp,component_id,job_id,app_id,fs_name,llite,dirty_pages_hits,dirty_pages_misses,read_bytes.sum,write_bytes.sum,brw_read.sum,brw_write.sum,ioctl,open,close,mmap,page_fault,page_mkwrite,seek,fsync,readdir,setattr,truncate,flock,getattr,create,link,unlink,symlink,mkdir,rmdir,mknod,rename,statfs,alloc_inode,setxattr,getxattr,getxattr_hits,listxattr,removexattr,inode_permission
1744061761.002363,600039,21131155,0,nscratch,nscratch-ffff9a448cc17800,0,0,2720271217,29413147,0,0,5625,0,0,0,0,0,0,0,0,0,0,0,0,0,0,0,0,0,0,0,0,0,0,0,0,288,0,0,0
1744061761.002515,600039,21131155,0,pscratch,pscratch-ffff9a44613c4800,0,0,238475748186,168927495656,0,0,215417,0,0,0,0,0,0,0,0,0,0,0,0,0,0,0,0,0,0,0,0,0,0,0,0,89776,0,0,0
1744061762.001938,600039,21131155,0,nscratch,nscratch-ffff9a448cc17800,0,0,2720271217,29413147,0,0,5625,0,0,0,0,0,0,0,0,0,0,0,0,0,0,0,0,0,0,0,0,0,0,0,0,288,0,0,0
1744061762.002046,600039,21131155,0,pscratch,pscratch-ffff9a44613c4800,0,0,238475748186,168927495656,0,0,215417,0,0,0,0,0,0,0,0,0,0,0,0,0,0,0,0,0,0,0,0,0,0,0,0,89776,0,0,0
1744061763.001274,600039,21131155,0,nscratch,nscratch-ffff9a448cc17800,0,0,2720271217,29413147,0,0,5625,0,0,0,0,0,0,0,0,0,0,0,0,0,0,0,0,0,0,0,0,0,0,0,0,288,0,0,0
1744061763.001384,600039,21131155,0,pscratch,pscratch-ffff9a44613c4800,0,0,238475748186,168927495656,0,0,215417,0,0,0,0,0,0,0,0,0,0,0,0,0,0,0,0,0,0,0,0,0,0,0,0,89776,0,0,0
1744061764.001940,600039,21131155,0,nscratch,nscratch-ffff9a448cc17800,0,0,2720271217,29413147,0,0,5625,0,0,0,0,0,0,0,0,0,0,0,0,0,0,0,0,0,0,0,0,0,0,0,0,288,0,0,0
1744061764.002057,600039,21131155,0,pscratch,pscratch-ffff9a44613c4800,0,0,238475748186,168927495656,0,0,215417,0,0,0,0,0,0,0,0,0,0,0,0,0,0,0,0,0,0,0,0,0,0,0,0,89776,0,0,0
1744061765.001482,600039,21131155,0,nscratch,nscratch-ffff9a448cc17800,0,0,2720271217,29413147,0,0,5625,0,0,0,0,0,0,0,0,0,0,0,0,0,0,0,0,0,0,0,0,0,0,0,0,288,0,0,0
1744061765.001597,600039,21131155,0,pscratch,pscratch-ffff9a44613c4800,0,0,238475764506,168927495656,0,0,215418,0,0,0,0,0,0,0,0,0,0,0,0,0,0,0,0,0,0,0,0,0,0,0,0,89776,0,0,0
1744061766.001893,600039,21131155,0,nscratch,nscratch-ffff9a448cc17800,0,0,2720271217,29413147,0,0,5625,0,0,0,0,0,0,0,0,0,0,0,0,0,0,0,0,0,0,0,0,0,0,0,0,288,0,0,0
1744061766.002003,600039,21131155,0,pscratch,pscratch-ffff9a44613c4800,0,0,238475764506,168927495656,0,0,215418,0,0,0,0,0,0,0,0,0,0,0,0,0,0,0,0,0,0,0,0,0,0,0,0,89776,0,0,0
1744061767.001507,600039,21131155,0,nscratch,nscratch-ffff9a448cc17800,0,0,2720271217,29413147,0,0,5625,0,0,0,0,0,0,0,0,0,0,0,0,0,0,0,0,0,0,0,0,0,0,0,0,288,0,0,0
1744061767.001615,600039,21131155,0,pscratch,pscratch-ffff9a44613c4800,0,0,238496100302,168927561457,0,0,215460,0,0,0,0,0,0,0,0,0,0,0,0,0,0,0,0,0,0,0,0,0,0,0,0,89776,0,0,0
1744061768.001887,600039,21131155,0,nscratch,nscratch-ffff9a448cc17800,0,0,2720271217,29413147,0,0,5625,0,0,0,0,0,0,0,0,0,0,0,0,0,0,0,0,0,0,0,0,0,0,0,0,288,0,0,0
1744061768.002051,600039,21131155,0,pscratch,pscratch-ffff9a44613c4800,0,0,238496100302,168927561457,0,0,215460,0,0,0,0,0,0,0,0,0,0,0,0,0,0,0,0,0,0,0,0,0,0,0,0,89776,0,0,0
1744061769.001371,600039,21131155,0,nscratch,nscratch-ffff9a448cc17800,0,0,2720271217,29413147,0,0,5625,0,0,0,0,0,0,0,0,0,0,0,0,0,0,0,0,0,0,0,0,0,0,0,0,288,0,0,0
1744061769.001588,600039,21131155,0,pscratch,pscratch-ffff9a44613c4800,0,0,238496100302,168927561457,0,0,215460,0,0,0,0,0,0,0,0,0,0,0,0,0,0,0,0,0,0,0,0,0,0,0,0,89776,0,0,0
1744061770.001744,600039,21131155,0,nscratch,nscratch-ffff9a448cc17800,0,0,2720271217,29413147,0,0,5625,0,0,0,0,0,0,0,0,0,0,0,0,0,0,0,0,0,0,0,0,0,0,0,0,288,0,0,0
1744061770.001850,600039,21131155,0,pscratch,pscratch-ffff9a44613c4800,0,0,238497699574,168927731457,0,0,215460,0,0,0,0,0,0,0,0,0,0,0,0,0,0,0,0,0,0,0,0,0,0,0,0,89776,0,0,0
1744061771.002350,600039,21131155,0,nscratch,nscratch-ffff9a448cc17800,0,0,2720271217,29413147,0,0,5625,0,0,0,0,0,0,0,0,0,0,0,0,0,0,0,0,0,0,0,0,0,0,0,0,288,0,0,0
1744061771.002549,600039,21131155,0,pscratch,pscratch-ffff9a44613c4800,0,0,238501959102,168927982879,0,0,215508,0,0,0,0,0,0,0,0,0,0,0,0,0,0,0,0,0,0,0,0,0,0,0,0,89776,0,0,0
1744061772.001788,600039,21131155,0,nscratch,nscratch-ffff9a448cc17800,0,0,2720271217,29413147,0,0,5625,0,0,0,0,0,0,0,0,0,0,0,0,0,0,0,0,0,0,0,0,0,0,0,0,288,0,0,0
1744061772.001973,600039,21131155,0,pscratch,pscratch-ffff9a44613c4800,0,0,238501959102,168927982879,0,0,215508,0,0,0,0,0,0,0,0,0,0,0,0,0,0,0,0,0,0,0,0,0,0,0,0,89776,0,0,0
1744061773.001711,600039,21131155,0,nscratch,nscratch-ffff9a448cc17800,0,0,2720271217,29413147,0,0,5625,0,0,0,0,0,0,0,0,0,0,0,0,0,0,0,0,0,0,0,0,0,0,0,0,288,0,0,0
1744061773.001892,600039,21131155,0,pscratch,pscratch-ffff9a44613c4800,0,0,238501959102,168927983717,0,0,215508,0,0,0,0,0,0,0,0,0,0,0,0,0,0,0,0,0,0,0,0,0,0,0,0,89776,0,0,0
1744061774.002372,600039,21131155,0,nscratch,nscratch-ffff9a448cc17800,0,0,2720271217,29413147,0,0,5625,0,0,0,0,0,0,0,0,0,0,0,0,0,0,0,0,0,0,0,0,0,0,0,0,288,0,0,0
1744061774.002544,600039,21131155,0,pscratch,pscratch-ffff9a44613c4800,0,0,238501959102,168927985398,0,0,215508,0,0,0,0,0,0,0,0,0,0,0,0,0,0,0,0,0,0,0,0,0,0,0,0,89776,0,0,0
1744061775.001768,600039,21131155,0,nscratch,nscratch-ffff9a448cc17800,0,0,2720271217,29413147,0,0,5625,0,0,0,0,0,0,0,0,0,0,0,0,0,0,0,0,0,0,0,0,0,0,0,0,288,0,0,0
1744061775.001939,600039,21131155,0,pscratch,pscratch-ffff9a44613c4800,0,0,238501959102,168927992201,0,0,215508,0,0,0,0,0,0,0,0,0,0,0,0,0,0,0,0,0,0,0,0,0,0,0,0,89776,0,0,0
1744061776.000740,600039,21131155,0,nscratch,nscratch-ffff9a448cc17800,0,0,2720271217,29413147,0,0,5625,0,0,0,0,0,0,0,0,0,0,0,0,0,0,0,0,0,0,0,0,0,0,0,0,288,0,0,0
1744061776.000879,600039,21131155,0,pscratch,pscratch-ffff9a44613c4800,0,0,238501959102,168928006349,0,0,215508,0,0,0,0,0,0,0,0,0,0,0,0,0,0,0,0,0,0,0,0,0,0,0,0,89776,0,0,0
1744061777.001764,600039,21131155,0,nscratch,nscratch-ffff9a448cc17800,0,0,2720271217,29413147,0,0,5625,0,0,0,0,0,0,0,0,0,0,0,0,0,0,0,0,0,0,0,0,0,0,0,0,288,0,0,0
1744061777.001901,600039,21131155,0,pscratch,pscratch-ffff9a44613c4800,0,0,238501959102,168928020448,0,0,215508,0,0,0,0,0,0,0,0,0,0,0,0,0,0,0,0,0,0,0,0,0,0,0,0,89776,0,0,0
1744061778.002006,600039,21131155,0,nscratch,nscratch-ffff9a448cc17800,0,0,2720271217,29413147,0,0,5625,0,0,0,0,0,0,0,0,0,0,0,0,0,0,0,0,0,0,0,0,0,0,0,0,288,0,0,0
1744061778.002152,600039,21131155,0,pscratch,pscratch-ffff9a44613c4800,0,0,238501959102,168928034344,0,0,215508,0,0,0,0,0,0,0,0,0,0,0,0,0,0,0,0,0,0,0,0,0,0,0,0,89776,0,0,0
1744061779.001677,600039,21131155,0,nscratch,nscratch-ffff9a448cc17800,0,0,2720271217,29413147,0,0,5625,0,0,0,0,0,0,0,0,0,0,0,0,0,0,0,0,0,0,0,0,0,0,0,0,288,0,0,0
1744061779.001813,600039,21131155,0,pscratch,pscratch-ffff9a44613c4800,0,0,238501959102,168928051355,0,0,215508,0,0,0,0,0,0,0,0,0,0,0,0,0,0,0,0,0,0,0,0,0,0,0,0,89776,0,0,0
1744061780.002178,600039,21131155,0,nscratch,nscratch-ffff9a448cc17800,0,0,2720271217,29413147,0,0,5625,0,0,0,0,0,0,0,0,0,0,0,0,0,0,0,0,0,0,0,0,0,0,0,0,288,0,0,0
1744061780.002312,600039,21131155,0,pscratch,pscratch-ffff9a44613c4800,0,0,238501959102,168928065292,0,0,215508,0,0,0,0,0,0,0,0,0,0,0,0,0,0,0,0,0,0,0,0,0,0,0,0,89776,0,0,0
1744061781.001467,600039,21131155,0,nscratch,nscratch-ffff9a448cc17800,0,0,2720271217,29413147,0,0,5625,0,0,0,0,0,0,0,0,0,0,0,0,0,0,0,0,0,0,0,0,0,0,0,0,288,0,0,0
1744061781.001550,600039,21131155,0,pscratch,pscratch-ffff9a44613c4800,0,0,238501959102,168928080023,0,0,215508,0,0,0,0,0,0,0,0,0,0,0,0,0,0,0,0,0,0,0,0,0,0,0,0,89776,0,0,0
1744061782.002116,600039,21131155,0,nscratch,nscratch-ffff9a448cc17800,0,0,2720271217,29413147,0,0,5625,0,0,0,0,0,0,0,0,0,0,0,0,0,0,0,0,0,0,0,0,0,0,0,0,288,0,0,0
1744061782.002241,600039,21131155,0,pscratch,pscratch-ffff9a44613c4800,0,0,238501959102,168928155125,0,0,215556,0,0,0,0,0,0,0,0,0,0,0,0,0,0,0,0,0,0,0,0,0,0,0,0,89776,0,0,0
1744061783.000758,600039,21131155,0,nscratch,nscratch-ffff9a448cc17800,0,0,2720271217,29413147,0,0,5625,0,0,0,0,0,0,0,0,0,0,0,0,0,0,0,0,0,0,0,0,0,0,0,0,288,0,0,0
1744061783.000857,600039,21131155,0,pscratch,pscratch-ffff9a44613c4800,0,0,238501959102,168928402590,0,0,215684,0,0,0,0,0,0,0,0,0,0,0,0,0,0,0,0,0,0,0,0,0,0,0,0,89776,0,0,0
1744061784.002090,600039,21131155,0,nscratch,nscratch-ffff9a448cc17800,0,0,2720271217,29413147,0,0,5625,0,0,0,0,0,0,0,0,0,0,0,0,0,0,0,0,0,0,0,0,0,0,0,0,288,0,0,0
1744061784.002263,600039,21131155,0,pscratch,pscratch-ffff9a44613c4800,0,0,238501959102,168928746749,0,0,215844,0,0,0,0,0,0,0,0,0,0,0,0,0,0,0,0,0,0,0,0,0,0,0,0,89776,0,0,0
1744061785.001820,600039,21131155,0,nscratch,nscratch-ffff9a448cc17800,0,0,2720271217,29413147,0,0,5625,0,0,0,0,0,0,0,0,0,0,0,0,0,0,0,0,0,0,0,0,0,0,0,0,288,0,0,0
1744061785.001964,600039,21131155,0,pscratch,pscratch-ffff9a44613c4800,0,0,238501959102,168929061100,0,0,215988,0,0,0,0,0,0,0,0,0,0,0,0,0,0,0,0,0,0,0,0,0,0,0,0,89776,0,0,0
1744061786.000741,600039,21131155,0,nscratch,nscratch-ffff9a448cc17800,0,0,2720271217,29413147,0,0,5625,0,0,0,0,0,0,0,0,0,0,0,0,0,0,0,0,0,0,0,0,0,0,0,0,288,0,0,0
1744061786.000842,600039,21131155,0,pscratch,pscratch-ffff9a44613c4800,0,0,238501959102,168929429337,0,0,216164,0,0,0,0,0,0,0,0,0,0,0,0,0,0,0,0,0,0,0,0,0,0,0,0,89776,0,0,0
1744061787.002086,600039,21131155,0,nscratch,nscratch-ffff9a448cc17800,0,0,2720271217,29413147,0,0,5625,0,0,0,0,0,0,0,0,0,0,0,0,0,0,0,0,0,0,0,0,0,0,0,0,288,0,0,0
1744061787.002274,600039,21131155,0,pscratch,pscratch-ffff9a44613c4800,0,0,238506422750,168929885065,0,0,216292,0,0,0,0,0,0,0,0,0,0,0,0,0,0,0,0,0,0,0,0,0,0,0,0,89776,0,0,0
1744061788.002049,600039,21131155,0,nscratch,nscratch-ffff9a448cc17800,0,0,2720271217,29413147,0,0,5625,0,0,0,0,0,0,0,0,0,0,0,0,0,0,0,0,0,0,0,0,0,0,0,0,288,0,0,0
1744061788.002230,600039,21131155,0,pscratch,pscratch-ffff9a44613c4800,0,0,238510682278,168930165800,0,0,216340,0,0,0,0,0,0,0,0,0,0,0,0,0,0,0,0,0,0,0,0,0,0,0,0,89776,0,0,0
1744061789.001768,600039,21131155,0,nscratch,nscratch-ffff9a448cc17800,0,0,2720271217,29413147,0,0,5625,0,0,0,0,0,0,0,0,0,0,0,0,0,0,0,0,0,0,0,0,0,0,0,0,288,0,0,0
1744061789.001943,600039,21131155,0,pscratch,pscratch-ffff9a44613c4800,0,0,238537107370,168958493086,0,0,216340,0,0,0,0,0,0,0,0,0,0,0,0,0,0,0,0,0,0,0,0,0,0,0,0,89776,0,0,0
1744061790.002189,600039,21131155,0,nscratch,nscratch-ffff9a448cc17800,0,0,2720271217,29413147,0,0,5625,0,0,0,0,0,0,0,0,0,0,0,0,0,0,0,0,0,0,0,0,0,0,0,0,288,0,0,0
1744061790.002367,600039,21131155,0,pscratch,pscratch-ffff9a44613c4800,0,0,238571462542,168995718517,0,0,216340,0,0,0,0,0,0,0,0,0,0,0,0,0,0,0,0,0,0,0,0,0,0,0,0,89776,0,0,0
1744061791.002052,600039,21131155,0,nscratch,nscratch-ffff9a448cc17800,0,0,2720271217,29413147,0,0,5625,0,0,0,0,0,0,0,0,0,0,0,0,0,0,0,0,0,0,0,0,0,0,0,0,288,0,0,0
1744061791.002228,600039,21131155,0,pscratch,pscratch-ffff9a44613c4800,0,0,238571462542,168995932064,0,0,216340,0,0,0,0,0,0,0,0,0,0,0,0,0,0,0,0,0,0,0,0,0,0,0,0,89776,0,0,0
1744061792.000947,600039,21131155,0,nscratch,nscratch-ffff9a448cc17800,0,0,2720271217,29413147,0,0,5625,0,0,0,0,0,0,0,0,0,0,0,0,0,0,0,0,0,0,0,0,0,0,0,0,288,0,0,0
1744061792.001124,600039,21131155,0,pscratch,pscratch-ffff9a44613c4800,0,0,238571462542,168995944512,0,0,216340,0,0,0,0,0,0,0,0,0,0,0,0,0,0,0,0,0,0,0,0,0,0,0,0,89776,0,0,0
1744061793.001441,600039,21131155,0,nscratch,nscratch-ffff9a448cc17800,0,0,2720271217,29413147,0,0,5625,0,0,0,0,0,0,0,0,0,0,0,0,0,0,0,0,0,0,0,0,0,0,0,0,288,0,0,0
1744061793.001665,600039,21131155,0,pscratch,pscratch-ffff9a44613c4800,0,0,238571462542,168996157185,0,0,216340,0,0,0,0,0,0,0,0,0,0,0,0,0,0,0,0,0,0,0,0,0,0,0,0,89776,0,0,0
1744061794.002376,600039,21131155,0,nscratch,nscratch-ffff9a448cc17800,0,0,2720271217,29413147,0,0,5625,0,0,0,0,0,0,0,0,0,0,0,0,0,0,0,0,0,0,0,0,0,0,0,0,288,0,0,0
1744061794.002567,600039,21131155,0,pscratch,pscratch-ffff9a44613c4800,0,0,238571462542,168996168061,0,0,216340,0,0,0,0,0,0,0,0,0,0,0,0,0,0,0,0,0,0,0,0,0,0,0,0,89776,0,0,0
1744061795.002284,600039,21131155,0,nscratch,nscratch-ffff9a448cc17800,0,0,2720271217,29413147,0,0,5625,0,0,0,0,0,0,0,0,0,0,0,0,0,0,0,0,0,0,0,0,0,0,0,0,288,0,0,0
1744061795.002551,600039,21131155,0,pscratch,pscratch-ffff9a44613c4800,0,0,238571462542,168996382940,0,0,216340,0,0,0,0,0,0,0,0,0,0,0,0,0,0,0,0,0,0,0,0,0,0,0,0,89776,0,0,0
1744061796.001788,600039,21131155,0,nscratch,nscratch-ffff9a448cc17800,0,0,2720271217,29413147,0,0,5625,0,0,0,0,0,0,0,0,0,0,0,0,0,0,0,0,0,0,0,0,0,0,0,0,288,0,0,0
1744061796.001968,600039,21131155,0,pscratch,pscratch-ffff9a44613c4800,0,0,238571462542,168996397441,0,0,216340,0,0,0,0,0,0,0,0,0,0,0,0,0,0,0,0,0,0,0,0,0,0,0,0,89776,0,0,0
1744061797.001747,600039,21131155,0,nscratch,nscratch-ffff9a448cc17800,0,0,2720271217,29413147,0,0,5625,0,0,0,0,0,0,0,0,0,0,0,0,0,0,0,0,0,0,0,0,0,0,0,0,288,0,0,0
1744061797.001957,600039,21131155,0,pscratch,pscratch-ffff9a44613c4800,0,0,238613678918,169045843779,0,0,216340,0,0,0,0,0,0,0,0,0,0,0,0,0,0,0,0,0,0,0,0,0,0,0,0,89776,0,0,0
1744061798.001932,600039,21131155,0,nscratch,nscratch-ffff9a448cc17800,0,0,2720271217,29413147,0,0,5625,0,0,0,0,0,0,0,0,0,0,0,0,0,0,0,0,0,0,0,0,0,0,0,0,288,0,0,0
1744061798.002115,600039,21131155,0,pscratch,pscratch-ffff9a44613c4800,0,0,238613678918,169046059131,0,0,216340,0,0,0,0,0,0,0,0,0,0,0,0,0,0,0,0,0,0,0,0,0,0,0,0,89776,0,0,0
1744061799.000712,600039,21131155,0,nscratch,nscratch-ffff9a448cc17800,0,0,2720271217,29413147,0,0,5625,0,0,0,0,0,0,0,0,0,0,0,0,0,0,0,0,0,0,0,0,0,0,0,0,288,0,0,0
1744061799.000901,600039,21131155,0,pscratch,pscratch-ffff9a44613c4800,0,0,238613678918,169046069586,0,0,216340,0,0,0,0,0,0,0,0,0,0,0,0,0,0,0,0,0,0,0,0,0,0,0,0,89776,0,0,0
1744061800.001661,600039,21131155,0,nscratch,nscratch-ffff9a448cc17800,0,0,2720271217,29413147,0,0,5625,0,0,0,0,0,0,0,0,0,0,0,0,0,0,0,0,0,0,0,0,0,0,0,0,288,0,0,0
1744061800.001843,600039,21131155,0,pscratch,pscratch-ffff9a44613c4800,0,0,238613678918,169046076105,0,0,216340,0,0,0,0,0,0,0,0,0,0,0,0,0,0,0,0,0,0,0,0,0,0,0,0,89776,0,0,0
1744061801.002466,600039,21131155,0,nscratch,nscratch-ffff9a448cc17800,0,0,2720271217,29413147,0,0,5625,0,0,0,0,0,0,0,0,0,0,0,0,0,0,0,0,0,0,0,0,0,0,0,0,288,0,0,0
1744061801.002685,600039,21131155,0,pscratch,pscratch-ffff9a44613c4800,0,0,238613678918,169046294970,0,0,216340,0,0,0,0,0,0,0,0,0,0,0,0,0,0,0,0,0,0,0,0,0,0,0,0,89776,0,0,0
1744061802.001972,600039,21131155,0,nscratch,nscratch-ffff9a448cc17800,0,0,2720271217,29413147,0,0,5625,0,0,0,0,0,0,0,0,0,0,0,0,0,0,0,0,0,0,0,0,0,0,0,0,288,0,0,0
1744061802.002157,600039,21131155,0,pscratch,pscratch-ffff9a44613c4800,0,0,238613678918,169046309466,0,0,216340,0,0,0,0,0,0,0,0,0,0,0,0,0,0,0,0,0,0,0,0,0,0,0,0,89776,0,0,0
1744061803.001927,600039,21131155,0,nscratch,nscratch-ffff9a448cc17800,0,0,2720271217,29413147,0,0,5625,0,0,0,0,0,0,0,0,0,0,0,0,0,0,0,0,0,0,0,0,0,0,0,0,288,0,0,0
1744061803.002119,600039,21131155,0,pscratch,pscratch-ffff9a44613c4800,0,0,238656198494,169096501601,0,0,216340,0,0,0,0,0,0,0,0,0,0,0,0,0,0,0,0,0,0,0,0,0,0,0,0,89776,0,0,0
1744061804.001624,600039,21131155,0,nscratch,nscratch-ffff9a448cc17800,0,0,2720271217,29413147,0,0,5625,0,0,0,0,0,0,0,0,0,0,0,0,0,0,0,0,0,0,0,0,0,0,0,0,288,0,0,0
1744061804.001749,600039,21131155,0,pscratch,pscratch-ffff9a44613c4800,0,0,238656198494,169096502026,0,0,216340,0,0,0,0,0,0,0,0,0,0,0,0,0,0,0,0,0,0,0,0,0,0,0,0,89776,0,0,0
1744061805.001994,600039,21131155,0,nscratch,nscratch-ffff9a448cc17800,0,0,2720271217,29413147,0,0,5625,0,0,0,0,0,0,0,0,0,0,0,0,0,0,0,0,0,0,0,0,0,0,0,0,288,0,0,0
1744061805.002117,600039,21131155,0,pscratch,pscratch-ffff9a44613c4800,0,0,238656198494,169096507041,0,0,216340,0,0,0,0,0,0,0,0,0,0,0,0,0,0,0,0,0,0,0,0,0,0,0,0,89776,0,0,0
1744061806.001706,600039,21131155,0,nscratch,nscratch-ffff9a448cc17800,0,0,2720271217,29413147,0,0,5625,0,0,0,0,0,0,0,0,0,0,0,0,0,0,0,0,0,0,0,0,0,0,0,0,288,0,0,0
1744061806.001829,600039,21131155,0,pscratch,pscratch-ffff9a44613c4800,0,0,238656198494,169096512529,0,0,216340,0,0,0,0,0,0,0,0,0,0,0,0,0,0,0,0,0,0,0,0,0,0,0,0,89776,0,0,0
1744061807.002237,600039,21131155,0,nscratch,nscratch-ffff9a448cc17800,0,0,2720271217,29413147,0,0,5625,0,0,0,0,0,0,0,0,0,0,0,0,0,0,0,0,0,0,0,0,0,0,0,0,288,0,0,0
1744061807.002360,600039,21131155,0,pscratch,pscratch-ffff9a44613c4800,0,0,238656198494,169096518627,0,0,216340,0,0,0,0,0,0,0,0,0,0,0,0,0,0,0,0,0,0,0,0,0,0,0,0,89776,0,0,0
1744061808.001646,600039,21131155,0,nscratch,nscratch-ffff9a448cc17800,0,0,2720271217,29413147,0,0,5625,0,0,0,0,0,0,0,0,0,0,0,0,0,0,0,0,0,0,0,0,0,0,0,0,288,0,0,0
1744061808.001833,600039,21131155,0,pscratch,pscratch-ffff9a44613c4800,0,0,238656198494,169096592139,0,0,216340,0,0,0,0,0,0,0,0,0,0,0,0,0,0,0,0,0,0,0,0,0,0,0,0,89776,0,0,0
1744061809.001552,600039,21131155,0,nscratch,nscratch-ffff9a448cc17800,0,0,2720271217,29413147,0,0,5625,0,0,0,0,0,0,0,0,0,0,0,0,0,0,0,0,0,0,0,0,0,0,0,0,288,0,0,0
1744061809.001717,600039,21131155,0,pscratch,pscratch-ffff9a44613c4800,0,0,238656198494,169096749303,0,0,216340,0,0,0,0,0,0,0,0,0,0,0,0,0,0,0,0,0,0,0,0,0,0,0,0,89776,0,0,0
1744061810.001932,600039,21131155,0,nscratch,nscratch-ffff9a448cc17800,0,0,2720271217,29413147,0,0,5625,0,0,0,0,0,0,0,0,0,0,0,0,0,0,0,0,0,0,0,0,0,0,0,0,288,0,0,0
1744061810.002115,600039,21131155,0,pscratch,pscratch-ffff9a44613c4800,0,0,238656198494,169096754743,0,0,216340,0,0,0,0,0,0,0,0,0,0,0,0,0,0,0,0,0,0,0,0,0,0,0,0,89776,0,0,0
1744061811.000728,600039,21131155,0,nscratch,nscratch-ffff9a448cc17800,0,0,2720271217,29413147,0,0,5625,0,0,0,0,0,0,0,0,0,0,0,0,0,0,0,0,0,0,0,0,0,0,0,0,288,0,0,0
1744061811.000910,600039,21131155,0,pscratch,pscratch-ffff9a44613c4800,0,0,238656198494,169096759761,0,0,216340,0,0,0,0,0,0,0,0,0,0,0,0,0,0,0,0,0,0,0,0,0,0,0,0,89776,0,0,0
1744061812.000949,600039,21131155,0,nscratch,nscratch-ffff9a448cc17800,0,0,2720271217,29413147,0,0,5625,0,0,0,0,0,0,0,0,0,0,0,0,0,0,0,0,0,0,0,0,0,0,0,0,288,0,0,0
1744061812.001137,600039,21131155,0,pscratch,pscratch-ffff9a44613c4800,0,0,238656198494,169096760610,0,0,216340,0,0,0,0,0,0,0,0,0,0,0,0,0,0,0,0,0,0,0,0,0,0,0,0,89776,0,0,0
1744061813.001691,600039,21131155,0,nscratch,nscratch-ffff9a448cc17800,0,0,2720271217,29413147,0,0,5625,0,0,0,0,0,0,0,0,0,0,0,0,0,0,0,0,0,0,0,0,0,0,0,0,288,0,0,0
1744061813.001863,600039,21131155,0,pscratch,pscratch-ffff9a44613c4800,0,0,238656198494,169096766707,0,0,216340,0,0,0,0,0,0,0,0,0,0,0,0,0,0,0,0,0,0,0,0,0,0,0,0,89776,0,0,0
1744061814.002108,600039,21131155,0,nscratch,nscratch-ffff9a448cc17800,0,0,2720271217,29413147,0,0,5625,0,0,0,0,0,0,0,0,0,0,0,0,0,0,0,0,0,0,0,0,0,0,0,0,288,0,0,0
1744061814.002284,600039,21131155,0,pscratch,pscratch-ffff9a44613c4800,0,0,238656198494,169097001183,0,0,216340,0,0,0,0,0,0,0,0,0,0,0,0,0,0,0,0,0,0,0,0,0,0,0,0,89776,0,0,0
1744061815.002048,600039,21131155,0,nscratch,nscratch-ffff9a448cc17800,0,0,2720271217,29413147,0,0,5625,0,0,0,0,0,0,0,0,0,0,0,0,0,0,0,0,0,0,0,0,0,0,0,0,288,0,0,0
1744061815.002228,600039,21131155,0,pscratch,pscratch-ffff9a44613c4800,0,0,238656198494,169097005773,0,0,216340,0,0,0,0,0,0,0,0,0,0,0,0,0,0,0,0,0,0,0,0,0,0,0,0,89776,0,0,0
1744061816.001747,600039,21131155,0,nscratch,nscratch-ffff9a448cc17800,0,0,2720271217,29413147,0,0,5625,0,0,0,0,0,0,0,0,0,0,0,0,0,0,0,0,0,0,0,0,0,0,0,0,288,0,0,0
1744061816.001929,600039,21131155,0,pscratch,pscratch-ffff9a44613c4800,0,0,238656198494,169097006200,0,0,216340,0,0,0,0,0,0,0,0,0,0,0,0,0,0,0,0,0,0,0,0,0,0,0,0,89776,0,0,0
1744061817.001714,600039,21131155,0,nscratch,nscratch-ffff9a448cc17800,0,0,2720271217,29413147,0,0,5625,0,0,0,0,0,0,0,0,0,0,0,0,0,0,0,0,0,0,0,0,0,0,0,0,288,0,0,0
1744061817.001895,600039,21131155,0,pscratch,pscratch-ffff9a44613c4800,0,0,238698726358,169146435623,0,0,216340,0,0,0,0,0,0,0,0,0,0,0,0,0,0,0,0,0,0,0,0,0,0,0,0,89776,0,0,0
1744061818.001633,600039,21131155,0,nscratch,nscratch-ffff9a448cc17800,0,0,2720271217,29413147,0,0,5625,0,0,0,0,0,0,0,0,0,0,0,0,0,0,0,0,0,0,0,0,0,0,0,0,288,0,0,0
1744061818.001809,600039,21131155,0,pscratch,pscratch-ffff9a44613c4800,0,0,238698726358,169146441720,0,0,216340,0,0,0,0,0,0,0,0,0,0,0,0,0,0,0,0,0,0,0,0,0,0,0,0,89776,0,0,0
1744061819.002345,600039,21131155,0,nscratch,nscratch-ffff9a448cc17800,0,0,2720271217,29413147,0,0,5625,0,0,0,0,0,0,0,0,0,0,0,0,0,0,0,0,0,0,0,0,0,0,0,0,288,0,0,0
1744061819.002546,600039,21131155,0,pscratch,pscratch-ffff9a44613c4800,0,0,238698726358,169146442574,0,0,216340,0,0,0,0,0,0,0,0,0,0,0,0,0,0,0,0,0,0,0,0,0,0,0,0,89776,0,0,0
1744061820.001785,600039,21131155,0,nscratch,nscratch-ffff9a448cc17800,0,0,2720271217,29413147,0,0,5625,0,0,0,0,0,0,0,0,0,0,0,0,0,0,0,0,0,0,0,0,0,0,0,0,288,0,0,0
1744061820.001968,600039,21131155,0,pscratch,pscratch-ffff9a44613c4800,0,0,238698726358,169146670867,0,0,216340,0,0,0,0,0,0,0,0,0,0,0,0,0,0,0,0,0,0,0,0,0,0,0,0,89776,0,0,0
1744061821.001985,600039,21131155,0,nscratch,nscratch-ffff9a448cc17800,0,0,2720271217,29413147,0,0,5625,0,0,0,0,0,0,0,0,0,0,0,0,0,0,0,0,0,0,0,0,0,0,0,0,288,0,0,0
1744061821.002276,600039,21131155,0,pscratch,pscratch-ffff9a44613c4800,0,0,238698726358,169146684076,0,0,216340,0,0,0,0,0,0,0,0,0,0,0,0,0,0,0,0,0,0,0,0,0,0,0,0,89776,0,0,0
1744061822.001888,600039,21131155,0,nscratch,nscratch-ffff9a448cc17800,0,0,2720271217,29413147,0,0,5625,0,0,0,0,0,0,0,0,0,0,0,0,0,0,0,0,0,0,0,0,0,0,0,0,288,0,0,0
1744061822.002056,600039,21131155,0,pscratch,pscratch-ffff9a44613c4800,0,0,238698726358,169146684537,0,0,216340,0,0,0,0,0,0,0,0,0,0,0,0,0,0,0,0,0,0,0,0,0,0,0,0,89776,0,0,0
1744061823.001370,600039,21131155,0,nscratch,nscratch-ffff9a448cc17800,0,0,2720271217,29413147,0,0,5625,0,0,0,0,0,0,0,0,0,0,0,0,0,0,0,0,0,0,0,0,0,0,0,0,288,0,0,0
1744061823.001572,600039,21131155,0,pscratch,pscratch-ffff9a44613c4800,0,0,238698726358,169146690634,0,0,216340,0,0,0,0,0,0,0,0,0,0,0,0,0,0,0,0,0,0,0,0,0,0,0,0,89776,0,0,0
1744061824.002285,600039,21131155,0,nscratch,nscratch-ffff9a448cc17800,0,0,2720271217,29413147,0,0,5625,0,0,0,0,0,0,0,0,0,0,0,0,0,0,0,0,0,0,0,0,0,0,0,0,288,0,0,0
1744061824.002473,600039,21131155,0,pscratch,pscratch-ffff9a44613c4800,0,0,238698726358,169146695651,0,0,216340,0,0,0,0,0,0,0,0,0,0,0,0,0,0,0,0,0,0,0,0,0,0,0,0,89776,0,0,0
1744061825.001970,600039,21131155,0,nscratch,nscratch-ffff9a448cc17800,0,0,2720271217,29413147,0,0,5625,0,0,0,0,0,0,0,0,0,0,0,0,0,0,0,0,0,0,0,0,0,0,0,0,288,0,0,0
1744061825.002132,600039,21131155,0,pscratch,pscratch-ffff9a44613c4800,0,0,238698726358,169146695651,0,0,216340,0,0,0,0,0,0,0,0,0,0,0,0,0,0,0,0,0,0,0,0,0,0,0,0,89776,0,0,0
1744061826.001443,600039,21131155,0,nscratch,nscratch-ffff9a448cc17800,0,0,2720271217,29413147,0,0,5625,0,0,0,0,0,0,0,0,0,0,0,0,0,0,0,0,0,0,0,0,0,0,0,0,288,0,0,0
1744061826.001633,600039,21131155,0,pscratch,pscratch-ffff9a44613c4800,0,0,238698726358,169146923921,0,0,216340,0,0,0,0,0,0,0,0,0,0,0,0,0,0,0,0,0,0,0,0,0,0,0,0,89776,0,0,0
1744061827.002362,600039,21131155,0,nscratch,nscratch-ffff9a448cc17800,0,0,2720271217,29413147,0,0,5625,0,0,0,0,0,0,0,0,0,0,0,0,0,0,0,0,0,0,0,0,0,0,0,0,288,0,0,0
1744061827.002555,600039,21131155,0,pscratch,pscratch-ffff9a44613c4800,0,0,238698726358,169146937562,0,0,216340,0,0,0,0,0,0,0,0,0,0,0,0,0,0,0,0,0,0,0,0,0,0,0,0,89776,0,0,0
1744061828.002051,600039,21131155,0,nscratch,nscratch-ffff9a448cc17800,0,0,2720271217,29413147,0,0,5625,0,0,0,0,0,0,0,0,0,0,0,0,0,0,0,0,0,0,0,0,0,0,0,0,288,0,0,0
1744061828.002211,600039,21131155,0,pscratch,pscratch-ffff9a44613c4800,0,0,238698726358,169146937562,0,0,216340,0,0,0,0,0,0,0,0,0,0,0,0,0,0,0,0,0,0,0,0,0,0,0,0,89776,0,0,0
1744061829.001527,600039,21131155,0,nscratch,nscratch-ffff9a448cc17800,0,0,2720271217,29413147,0,0,5625,0,0,0,0,0,0,0,0,0,0,0,0,0,0,0,0,0,0,0,0,0,0,0,0,288,0,0,0
1744061829.001717,600039,21131155,0,pscratch,pscratch-ffff9a44613c4800,0,0,238698726358,169146943659,0,0,216340,0,0,0,0,0,0,0,0,0,0,0,0,0,0,0,0,0,0,0,0,0,0,0,0,89776,0,0,0
1744061830.002440,600039,21131155,0,nscratch,nscratch-ffff9a448cc17800,0,0,2720271217,29413147,0,0,5625,0,0,0,0,0,0,0,0,0,0,0,0,0,0,0,0,0,0,0,0,0,0,0,0,288,0,0,0
1744061830.002622,600039,21131155,0,pscratch,pscratch-ffff9a44613c4800,0,0,238698726358,169146948676,0,0,216340,0,0,0,0,0,0,0,0,0,0,0,0,0,0,0,0,0,0,0,0,0,0,0,0,89776,0,0,0
1744061831.001759,600039,21131155,0,nscratch,nscratch-ffff9a448cc17800,0,0,2720271217,29413147,0,0,5625,0,0,0,0,0,0,0,0,0,0,0,0,0,0,0,0,0,0,0,0,0,0,0,0,288,0,0,0
1744061831.001883,600039,21131155,0,pscratch,pscratch-ffff9a44613c4800,0,0,238709321210,169158245915,0,0,216340,0,0,0,0,0,0,0,0,0,0,0,0,0,0,0,0,0,0,0,0,0,0,0,0,89776,0,0,0
1744061832.001679,600039,21131155,0,nscratch,nscratch-ffff9a448cc17800,0,0,2720271217,29413147,0,0,5625,0,0,0,0,0,0,0,0,0,0,0,0,0,0,0,0,0,0,0,0,0,0,0,0,288,0,0,0
1744061832.001805,600039,21131155,0,pscratch,pscratch-ffff9a44613c4800,0,0,238741311662,169196629345,0,0,216340,0,0,0,0,0,0,0,0,0,0,0,0,0,0,0,0,0,0,0,0,0,0,0,0,89776,0,0,0
1744061833.002340,600039,21131155,0,nscratch,nscratch-ffff9a448cc17800,0,0,2720271217,29413147,0,0,5625,0,0,0,0,0,0,0,0,0,0,0,0,0,0,0,0,0,0,0,0,0,0,0,0,288,0,0,0
1744061833.002491,600039,21131155,0,pscratch,pscratch-ffff9a44613c4800,0,0,238741311662,169196634789,0,0,216340,0,0,0,0,0,0,0,0,0,0,0,0,0,0,0,0,0,0,0,0,0,0,0,0,89776,0,0,0
1744061834.002008,600039,21131155,0,nscratch,nscratch-ffff9a448cc17800,0,0,2720271217,29413147,0,0,5625,0,0,0,0,0,0,0,0,0,0,0,0,0,0,0,0,0,0,0,0,0,0,0,0,288,0,0,0
1744061834.002170,600039,21131155,0,pscratch,pscratch-ffff9a44613c4800,0,0,238741311662,169196643419,0,0,216340,0,0,0,0,0,0,0,0,0,0,0,0,0,0,0,0,0,0,0,0,0,0,0,0,89776,0,0,0
1744061835.001437,600039,21131155,0,nscratch,nscratch-ffff9a448cc17800,0,0,2720271217,29413147,0,0,5625,0,0,0,0,0,0,0,0,0,0,0,0,0,0,0,0,0,0,0,0,0,0,0,0,288,0,0,0
1744061835.001564,600039,21131155,0,pscratch,pscratch-ffff9a44613c4800,0,0,238741311662,169196649516,0,0,216340,0,0,0,0,0,0,0,0,0,0,0,0,0,0,0,0,0,0,0,0,0,0,0,0,89776,0,0,0
1744061836.002101,600039,21131155,0,nscratch,nscratch-ffff9a448cc17800,0,0,2720271217,29413147,0,0,5625,0,0,0,0,0,0,0,0,0,0,0,0,0,0,0,0,0,0,0,0,0,0,0,0,288,0,0,0
1744061836.002226,600039,21131155,0,pscratch,pscratch-ffff9a44613c4800,0,0,238741311662,169196654581,0,0,216340,0,0,0,0,0,0,0,0,0,0,0,0,0,0,0,0,0,0,0,0,0,0,0,0,89776,0,0,0
1744061837.001660,600039,21131155,0,nscratch,nscratch-ffff9a448cc17800,0,0,2720271217,29413147,0,0,5625,0,0,0,0,0,0,0,0,0,0,0,0,0,0,0,0,0,0,0,0,0,0,0,0,288,0,0,0
1744061837.001784,600039,21131155,0,pscratch,pscratch-ffff9a44613c4800,0,0,238741311662,169196654581,0,0,216340,0,0,0,0,0,0,0,0,0,0,0,0,0,0,0,0,0,0,0,0,0,0,0,0,89776,0,0,0
1744061838.001995,600039,21131155,0,nscratch,nscratch-ffff9a448cc17800,0,0,2720271217,29413147,0,0,5625,0,0,0,0,0,0,0,0,0,0,0,0,0,0,0,0,0,0,0,0,0,0,0,0,288,0,0,0
1744061838.002120,600039,21131155,0,pscratch,pscratch-ffff9a44613c4800,0,0,238741311662,169196886836,0,0,216340,0,0,0,0,0,0,0,0,0,0,0,0,0,0,0,0,0,0,0,0,0,0,0,0,89776,0,0,0
1744061839.001811,600039,21131155,0,nscratch,nscratch-ffff9a448cc17800,0,0,2720271217,29413147,0,0,5625,0,0,0,0,0,0,0,0,0,0,0,0,0,0,0,0,0,0,0,0,0,0,0,0,288,0,0,0
1744061839.002014,600039,21131155,0,pscratch,pscratch-ffff9a44613c4800,0,0,238741311662,169196891852,0,0,216340,0,0,0,0,0,0,0,0,0,0,0,0,0,0,0,0,0,0,0,0,0,0,0,0,89776,0,0,0
1744061840.001546,600039,21131155,0,nscratch,nscratch-ffff9a448cc17800,0,0,2720271217,29413147,0,0,5625,0,0,0,0,0,0,0,0,0,0,0,0,0,0,0,0,0,0,0,0,0,0,0,0,288,0,0,0
1744061840.001682,600039,21131155,0,pscratch,pscratch-ffff9a44613c4800,0,0,238741311662,169196892279,0,0,216340,0,0,0,0,0,0,0,0,0,0,0,0,0,0,0,0,0,0,0,0,0,0,0,0,89776,0,0,0
1744061841.001934,600039,21131155,0,nscratch,nscratch-ffff9a448cc17800,0,0,2720271217,29413147,0,0,5625,0,0,0,0,0,0,0,0,0,0,0,0,0,0,0,0,0,0,0,0,0,0,0,0,288,0,0,0
1744061841.002059,600039,21131155,0,pscratch,pscratch-ffff9a44613c4800,0,0,238741311662,169196906568,0,0,216340,0,0,0,0,0,0,0,0,0,0,0,0,0,0,0,0,0,0,0,0,0,0,0,0,89776,0,0,0
1744061842.001677,600039,21131155,0,nscratch,nscratch-ffff9a448cc17800,0,0,2720271217,29413147,0,0,5625,0,0,0,0,0,0,0,0,0,0,0,0,0,0,0,0,0,0,0,0,0,0,0,0,288,0,0,0
1744061842.001804,600039,21131155,0,pscratch,pscratch-ffff9a44613c4800,0,0,238741311662,169196911158,0,0,216340,0,0,0,0,0,0,0,0,0,0,0,0,0,0,0,0,0,0,0,0,0,0,0,0,89776,0,0,0
1744061843.002204,600039,21131155,0,nscratch,nscratch-ffff9a448cc17800,0,0,2720271217,29413147,0,0,5625,0,0,0,0,0,0,0,0,0,0,0,0,0,0,0,0,0,0,0,0,0,0,0,0,288,0,0,0
1744061843.002328,600039,21131155,0,pscratch,pscratch-ffff9a44613c4800,0,0,238741311662,169196912439,0,0,216340,0,0,0,0,0,0,0,0,0,0,0,0,0,0,0,0,0,0,0,0,0,0,0,0,89776,0,0,0
1744061844.000758,600039,21131155,0,nscratch,nscratch-ffff9a448cc17800,0,0,2720271217,29413147,0,0,5625,0,0,0,0,0,0,0,0,0,0,0,0,0,0,0,0,0,0,0,0,0,0,0,0,288,0,0,0
1744061844.000940,600039,21131155,0,pscratch,pscratch-ffff9a44613c4800,0,0,238741311662,169197142808,0,0,216340,0,0,0,0,0,0,0,0,0,0,0,0,0,0,0,0,0,0,0,0,0,0,0,0,89776,0,0,0
1744061845.001655,600039,21131155,0,nscratch,nscratch-ffff9a448cc17800,0,0,2720271217,29413147,0,0,5625,0,0,0,0,0,0,0,0,0,0,0,0,0,0,0,0,0,0,0,0,0,0,0,0,288,0,0,0
1744061845.001837,600039,21131155,0,pscratch,pscratch-ffff9a44613c4800,0,0,238741311662,169197142808,0,0,216340,0,0,0,0,0,0,0,0,0,0,0,0,0,0,0,0,0,0,0,0,0,0,0,0,89776,0,0,0
1744061846.002332,600039,21131155,0,nscratch,nscratch-ffff9a448cc17800,0,0,2720271217,29413147,0,0,5625,0,0,0,0,0,0,0,0,0,0,0,0,0,0,0,0,0,0,0,0,0,0,0,0,288,0,0,0
1744061846.002525,600039,21131155,0,pscratch,pscratch-ffff9a44613c4800,0,0,238741311662,169197148252,0,0,216340,0,0,0,0,0,0,0,0,0,0,0,0,0,0,0,0,0,0,0,0,0,0,0,0,89776,0,0,0
1744061847.001757,600039,21131155,0,nscratch,nscratch-ffff9a448cc17800,0,0,2720271217,29413147,0,0,5625,0,0,0,0,0,0,0,0,0,0,0,0,0,0,0,0,0,0,0,0,0,0,0,0,288,0,0,0
1744061847.001936,600039,21131155,0,pscratch,pscratch-ffff9a44613c4800,0,0,238783823334,169246364859,0,0,216340,0,0,0,0,0,0,0,0,0,0,0,0,0,0,0,0,0,0,0,0,0,0,0,0,89776,0,0,0
1744061848.001745,600039,21131155,0,nscratch,nscratch-ffff9a448cc17800,0,0,2720271217,29413147,0,0,5625,0,0,0,0,0,0,0,0,0,0,0,0,0,0,0,0,0,0,0,0,0,0,0,0,288,0,0,0
1744061848.001929,600039,21131155,0,pscratch,pscratch-ffff9a44613c4800,0,0,238783823334,169246373477,0,0,216340,0,0,0,0,0,0,0,0,0,0,0,0,0,0,0,0,0,0,0,0,0,0,0,0,89776,0,0,0
1744061849.002443,600039,21131155,0,nscratch,nscratch-ffff9a448cc17800,0,0,2720271217,29413147,0,0,5625,0,0,0,0,0,0,0,0,0,0,0,0,0,0,0,0,0,0,0,0,0,0,0,0,288,0,0,0
1744061849.002620,600039,21131155,0,pscratch,pscratch-ffff9a44613c4800,0,0,238783823334,169246378494,0,0,216340,0,0,0,0,0,0,0,0,0,0,0,0,0,0,0,0,0,0,0,0,0,0,0,0,89776,0,0,0
1744061850.001925,600039,21131155,0,nscratch,nscratch-ffff9a448cc17800,0,0,2720271217,29413147,0,0,5625,0,0,0,0,0,0,0,0,0,0,0,0,0,0,0,0,0,0,0,0,0,0,0,0,288,0,0,0
1744061850.002105,600039,21131155,0,pscratch,pscratch-ffff9a44613c4800,0,0,238783823334,169246393723,0,0,216340,0,0,0,0,0,0,0,0,0,0,0,0,0,0,0,0,0,0,0,0,0,0,0,0,89776,0,0,0
1744061851.001880,600039,21131155,0,nscratch,nscratch-ffff9a448cc17800,0,0,2720271217,29413147,0,0,5625,0,0,0,0,0,0,0,0,0,0,0,0,0,0,0,0,0,0,0,0,0,0,0,0,288,0,0,0
1744061851.002070,600039,21131155,0,pscratch,pscratch-ffff9a44613c4800,0,0,238783823334,169246609113,0,0,216340,0,0,0,0,0,0,0,0,0,0,0,0,0,0,0,0,0,0,0,0,0,0,0,0,89776,0,0,0
1744061852.001661,600039,21131155,0,nscratch,nscratch-ffff9a448cc17800,0,0,2720271217,29413147,0,0,5625,0,0,0,0,0,0,0,0,0,0,0,0,0,0,0,0,0,0,0,0,0,0,0,0,288,0,0,0
1744061852.001841,600039,21131155,0,pscratch,pscratch-ffff9a44613c4800,0,0,238783823334,169246615211,0,0,216340,0,0,0,0,0,0,0,0,0,0,0,0,0,0,0,0,0,0,0,0,0,0,0,0,89776,0,0,0
1744061853.002124,600039,21131155,0,nscratch,nscratch-ffff9a448cc17800,0,0,2720271217,29413147,0,0,5625,0,0,0,0,0,0,0,0,0,0,0,0,0,0,0,0,0,0,0,0,0,0,0,0,288,0,0,0
1744061853.002342,600039,21131155,0,pscratch,pscratch-ffff9a44613c4800,0,0,238783823334,169246615638,0,0,216340,0,0,0,0,0,0,0,0,0,0,0,0,0,0,0,0,0,0,0,0,0,0,0,0,89776,0,0,0
1744061854.002120,600039,21131155,0,nscratch,nscratch-ffff9a448cc17800,0,0,2720271217,29413147,0,0,5625,0,0,0,0,0,0,0,0,0,0,0,0,0,0,0,0,0,0,0,0,0,0,0,0,288,0,0,0
1744061854.002308,600039,21131155,0,pscratch,pscratch-ffff9a44613c4800,0,0,238783823334,169246621116,0,0,216340,0,0,0,0,0,0,0,0,0,0,0,0,0,0,0,0,0,0,0,0,0,0,0,0,89776,0,0,0
1744061855.001909,600039,21131155,0,nscratch,nscratch-ffff9a448cc17800,0,0,2720271217,29413147,0,0,5625,0,0,0,0,0,0,0,0,0,0,0,0,0,0,0,0,0,0,0,0,0,0,0,0,288,0,0,0
1744061855.002096,600039,21131155,0,pscratch,pscratch-ffff9a44613c4800,0,0,238783823334,169246633900,0,0,216340,0,0,0,0,0,0,0,0,0,0,0,0,0,0,0,0,0,0,0,0,0,0,0,0,89776,0,0,0
1744061856.001428,600039,21131155,0,nscratch,nscratch-ffff9a448cc17800,0,0,2720271217,29413147,0,0,5625,0,0,0,0,0,0,0,0,0,0,0,0,0,0,0,0,0,0,0,0,0,0,0,0,288,0,0,0
1744061856.001612,600039,21131155,0,pscratch,pscratch-ffff9a44613c4800,0,0,238783823334,169246634754,0,0,216340,0,0,0,0,0,0,0,0,0,0,0,0,0,0,0,0,0,0,0,0,0,0,0,0,89776,0,0,0
1744061857.002303,600039,21131155,0,nscratch,nscratch-ffff9a448cc17800,0,0,2720271217,29413147,0,0,5625,0,0,0,0,0,0,0,0,0,0,0,0,0,0,0,0,0,0,0,0,0,0,0,0,288,0,0,0
1744061857.002490,600039,21131155,0,pscratch,pscratch-ffff9a44613c4800,0,0,238783823334,169246865006,0,0,216340,0,0,0,0,0,0,0,0,0,0,0,0,0,0,0,0,0,0,0,0,0,0,0,0,89776,0,0,0
1744061858.002182,600039,21131155,0,nscratch,nscratch-ffff9a448cc17800,0,0,2720271217,29413147,0,0,5625,0,0,0,0,0,0,0,0,0,0,0,0,0,0,0,0,0,0,0,0,0,0,0,0,288,0,0,0
1744061858.002445,600039,21131155,0,pscratch,pscratch-ffff9a44613c4800,0,0,238783823334,169246865433,0,0,216340,0,0,0,0,0,0,0,0,0,0,0,0,0,0,0,0,0,0,0,0,0,0,0,0,89776,0,0,0
1744061859.001707,600039,21131155,0,nscratch,nscratch-ffff9a448cc17800,0,0,2720271217,29413147,0,0,5625,0,0,0,0,0,0,0,0,0,0,0,0,0,0,0,0,0,0,0,0,0,0,0,0,288,0,0,0
1744061859.001890,600039,21131155,0,pscratch,pscratch-ffff9a44613c4800,0,0,238783823334,169246872017,0,0,216340,0,0,0,0,0,0,0,0,0,0,0,0,0,0,0,0,0,0,0,0,0,0,0,0,89776,0,0,0
1744061860.001636,600039,21131155,0,nscratch,nscratch-ffff9a448cc17800,0,0,2720271217,29413147,0,0,5625,0,0,0,0,0,0,0,0,0,0,0,0,0,0,0,0,0,0,0,0,0,0,0,0,288,0,0,0
1744061860.001807,600039,21131155,0,pscratch,pscratch-ffff9a44613c4800,0,0,238783823334,169246876607,0,0,216340,0,0,0,0,0,0,0,0,0,0,0,0,0,0,0,0,0,0,0,0,0,0,0,0,89776,0,0,0
1744061861.002303,600039,21131155,0,nscratch,nscratch-ffff9a448cc17800,0,0,2720271217,29413147,0,0,5625,0,0,0,0,0,0,0,0,0,0,0,0,0,0,0,0,0,0,0,0,0,0,0,0,288,0,0,0
1744061861.002487,600039,21131155,0,pscratch,pscratch-ffff9a44613c4800,0,0,238783823334,169246877461,0,0,216340,0,0,0,0,0,0,0,0,0,0,0,0,0,0,0,0,0,0,0,0,0,0,0,0,89776,0,0,0
1744061862.001789,600039,21131155,0,nscratch,nscratch-ffff9a448cc17800,0,0,2720271217,29413147,0,0,5625,0,0,0,0,0,0,0,0,0,0,0,0,0,0,0,0,0,0,0,0,0,0,0,0,288,0,0,0
1744061862.001976,600039,21131155,0,pscratch,pscratch-ffff9a44613c4800,0,0,238783823334,169246891197,0,0,216340,0,0,0,0,0,0,0,0,0,0,0,0,0,0,0,0,0,0,0,0,0,0,0,0,89776,0,0,0
1744061863.001715,600039,21131155,0,nscratch,nscratch-ffff9a448cc17800,0,0,2720271217,29413147,0,0,5625,0,0,0,0,0,0,0,0,0,0,0,0,0,0,0,0,0,0,0,0,0,0,0,0,288,0,0,0
1744061863.001880,600039,21131155,0,pscratch,pscratch-ffff9a44613c4800,0,0,238783823334,169246891623,0,0,216340,0,0,0,0,0,0,0,0,0,0,0,0,0,0,0,0,0,0,0,0,0,0,0,0,89776,0,0,0
1744061864.002448,600039,21131155,0,nscratch,nscratch-ffff9a448cc17800,0,0,2720271217,29413147,0,0,5625,0,0,0,0,0,0,0,0,0,0,0,0,0,0,0,0,0,0,0,0,0,0,0,0,288,0,0,0
1744061864.002628,600039,21131155,0,pscratch,pscratch-ffff9a44613c4800,0,0,238826343294,169296629506,0,0,216340,0,0,0,0,0,0,0,0,0,0,0,0,0,0,0,0,0,0,0,0,0,0,0,0,89776,0,0,0
1744061865.001883,600039,21131155,0,nscratch,nscratch-ffff9a448cc17800,0,0,2720271217,29413147,0,0,5625,0,0,0,0,0,0,0,0,0,0,0,0,0,0,0,0,0,0,0,0,0,0,0,0,288,0,0,0
1744061865.002070,600039,21131155,0,pscratch,pscratch-ffff9a44613c4800,0,0,238826343294,169296629932,0,0,216340,0,0,0,0,0,0,0,0,0,0,0,0,0,0,0,0,0,0,0,0,0,0,0,0,89776,0,0,0
1744061866.001822,600039,21131155,0,nscratch,nscratch-ffff9a448cc17800,0,0,2720271217,29413147,0,0,5625,0,0,0,0,0,0,0,0,0,0,0,0,0,0,0,0,0,0,0,0,0,0,0,0,288,0,0,0
1744061866.002015,600039,21131155,0,pscratch,pscratch-ffff9a44613c4800,0,0,238826343294,169296636029,0,0,216340,0,0,0,0,0,0,0,0,0,0,0,0,0,0,0,0,0,0,0,0,0,0,0,0,89776,0,0,0
1744061867.001869,600039,21131155,0,nscratch,nscratch-ffff9a448cc17800,0,0,2720271217,29413147,0,0,5625,0,0,0,0,0,0,0,0,0,0,0,0,0,0,0,0,0,0,0,0,0,0,0,0,288,0,0,0
1744061867.002124,600039,21131155,0,pscratch,pscratch-ffff9a44613c4800,0,0,238826343294,169296640619,0,0,216340,0,0,0,0,0,0,0,0,0,0,0,0,0,0,0,0,0,0,0,0,0,0,0,0,89776,0,0,0
1744061868.001439,600039,21131155,0,nscratch,nscratch-ffff9a448cc17800,0,0,2720271217,29413147,0,0,5625,0,0,0,0,0,0,0,0,0,0,0,0,0,0,0,0,0,0,0,0,0,0,0,0,288,0,0,0
1744061868.001621,600039,21131155,0,pscratch,pscratch-ffff9a44613c4800,0,0,238826343294,169296641473,0,0,216340,0,0,0,0,0,0,0,0,0,0,0,0,0,0,0,0,0,0,0,0,0,0,0,0,89776,0,0,0
1744061869.002322,600039,21131155,0,nscratch,nscratch-ffff9a448cc17800,0,0,2720271217,29413147,0,0,5625,0,0,0,0,0,0,0,0,0,0,0,0,0,0,0,0,0,0,0,0,0,0,0,0,288,0,0,0
1744061869.002509,600039,21131155,0,pscratch,pscratch-ffff9a44613c4800,0,0,238826343294,169296655166,0,0,216340,0,0,0,0,0,0,0,0,0,0,0,0,0,0,0,0,0,0,0,0,0,0,0,0,89776,0,0,0
1744061870.002055,600039,21131155,0,nscratch,nscratch-ffff9a448cc17800,0,0,2720271217,29413147,0,0,5625,0,0,0,0,0,0,0,0,0,0,0,0,0,0,0,0,0,0,0,0,0,0,0,0,288,0,0,0
1744061870.002250,600039,21131155,0,pscratch,pscratch-ffff9a44613c4800,0,0,238826343294,169296655166,0,0,216340,0,0,0,0,0,0,0,0,0,0,0,0,0,0,0,0,0,0,0,0,0,0,0,0,89776,0,0,0
1744061871.001563,600039,21131155,0,nscratch,nscratch-ffff9a448cc17800,0,0,2720271217,29413147,0,0,5625,0,0,0,0,0,0,0,0,0,0,0,0,0,0,0,0,0,0,0,0,0,0,0,0,288,0,0,0
1744061871.001745,600039,21131155,0,pscratch,pscratch-ffff9a44613c4800,0,0,238826343294,169296886747,0,0,216340,0,0,0,0,0,0,0,0,0,0,0,0,0,0,0,0,0,0,0,0,0,0,0,0,89776,0,0,0
1744061872.002452,600039,21131155,0,nscratch,nscratch-ffff9a448cc17800,0,0,2720271217,29413147,0,0,5625,0,0,0,0,0,0,0,0,0,0,0,0,0,0,0,0,0,0,0,0,0,0,0,0,288,0,0,0
1744061872.002629,600039,21131155,0,pscratch,pscratch-ffff9a44613c4800,0,0,238826343294,169296892417,0,0,216340,0,0,0,0,0,0,0,0,0,0,0,0,0,0,0,0,0,0,0,0,0,0,0,0,89776,0,0,0
1744061873.002130,600039,21131155,0,nscratch,nscratch-ffff9a448cc17800,0,0,2720271217,29413147,0,0,5625,0,0,0,0,0,0,0,0,0,0,0,0,0,0,0,0,0,0,0,0,0,0,0,0,288,0,0,0
1744061873.002303,600039,21131155,0,pscratch,pscratch-ffff9a44613c4800,0,0,238826343294,169296893273,0,0,216340,0,0,0,0,0,0,0,0,0,0,0,0,0,0,0,0,0,0,0,0,0,0,0,0,89776,0,0,0
1744061874.001598,600039,21131155,0,nscratch,nscratch-ffff9a448cc17800,0,0,2720271217,29413147,0,0,5625,0,0,0,0,0,0,0,0,0,0,0,0,0,0,0,0,0,0,0,0,0,0,0,0,288,0,0,0
1744061874.001786,600039,21131155,0,pscratch,pscratch-ffff9a44613c4800,0,0,238826343294,169296897863,0,0,216340,0,0,0,0,0,0,0,0,0,0,0,0,0,0,0,0,0,0,0,0,0,0,0,0,89776,0,0,0
1744061875.001519,600039,21131155,0,nscratch,nscratch-ffff9a448cc17800,0,0,2720271217,29413147,0,0,5625,0,0,0,0,0,0,0,0,0,0,0,0,0,0,0,0,0,0,0,0,0,0,0,0,288,0,0,0
1744061875.001699,600039,21131155,0,pscratch,pscratch-ffff9a44613c4800,0,0,238826343294,169296898719,0,0,216340,0,0,0,0,0,0,0,0,0,0,0,0,0,0,0,0,0,0,0,0,0,0,0,0,89776,0,0,0
1744061876.002214,600039,21131155,0,nscratch,nscratch-ffff9a448cc17800,0,0,2720271217,29413147,0,0,5625,0,0,0,0,0,0,0,0,0,0,0,0,0,0,0,0,0,0,0,0,0,0,0,0,288,0,0,0
1744061876.002404,600039,21131155,0,pscratch,pscratch-ffff9a44613c4800,0,0,238826343294,169296903740,0,0,216340,0,0,0,0,0,0,0,0,0,0,0,0,0,0,0,0,0,0,0,0,0,0,0,0,89776,0,0,0
1744061877.001648,600039,21131155,0,nscratch,nscratch-ffff9a448cc17800,0,0,2720271217,29413147,0,0,5625,0,0,0,0,0,0,0,0,0,0,0,0,0,0,0,0,0,0,0,0,0,0,0,0,288,0,0,0
1744061877.001831,600039,21131155,0,pscratch,pscratch-ffff9a44613c4800,0,0,238826343294,169296912364,0,0,216340,0,0,0,0,0,0,0,0,0,0,0,0,0,0,0,0,0,0,0,0,0,0,0,0,89776,0,0,0
1744061878.001584,600039,21131155,0,nscratch,nscratch-ffff9a448cc17800,0,0,2720271217,29413147,0,0,5625,0,0,0,0,0,0,0,0,0,0,0,0,0,0,0,0,0,0,0,0,0,0,0,0,288,0,0,0
1744061878.001776,600039,21131155,0,pscratch,pscratch-ffff9a44613c4800,0,0,238826343294,169297143066,0,0,216340,0,0,0,0,0,0,0,0,0,0,0,0,0,0,0,0,0,0,0,0,0,0,0,0,89776,0,0,0
1744061879.002293,600039,21131155,0,nscratch,nscratch-ffff9a448cc17800,0,0,2720271217,29413147,0,0,5625,0,0,0,0,0,0,0,0,0,0,0,0,0,0,0,0,0,0,0,0,0,0,0,0,288,0,0,0
1744061879.002486,600039,21131155,0,pscratch,pscratch-ffff9a44613c4800,0,0,238826343294,169297148736,0,0,216340,0,0,0,0,0,0,0,0,0,0,0,0,0,0,0,0,0,0,0,0,0,0,0,0,89776,0,0,0
1744061880.001764,600039,21131155,0,nscratch,nscratch-ffff9a448cc17800,0,0,2720271217,29413147,0,0,5625,0,0,0,0,0,0,0,0,0,0,0,0,0,0,0,0,0,0,0,0,0,0,0,0,288,0,0,0
1744061880.001942,600039,21131155,0,pscratch,pscratch-ffff9a44613c4800,0,0,238826343294,169297149592,0,0,216340,0,0,0,0,0,0,0,0,0,0,0,0,0,0,0,0,0,0,0,0,0,0,0,0,89776,0,0,0
1744061881.001667,600039,21131155,0,nscratch,nscratch-ffff9a448cc17800,0,0,2720271217,29413147,0,0,5625,0,0,0,0,0,0,0,0,0,0,0,0,0,0,0,0,0,0,0,0,0,0,0,0,288,0,0,0
1744061881.001847,600039,21131155,0,pscratch,pscratch-ffff9a44613c4800,0,0,238868920694,169346706775,0,0,216340,0,0,0,0,0,0,0,0,0,0,0,0,0,0,0,0,0,0,0,0,0,0,0,0,89776,0,0,0
1744061882.002341,600039,21131155,0,nscratch,nscratch-ffff9a448cc17800,0,0,2720271217,29413147,0,0,5625,0,0,0,0,0,0,0,0,0,0,0,0,0,0,0,0,0,0,0,0,0,0,0,0,288,0,0,0
1744061882.002526,600039,21131155,0,pscratch,pscratch-ffff9a44613c4800,0,0,238868920694,169346707631,0,0,216340,0,0,0,0,0,0,0,0,0,0,0,0,0,0,0,0,0,0,0,0,0,0,0,0,89776,0,0,0
1744061883.001819,600039,21131155,0,nscratch,nscratch-ffff9a448cc17800,0,0,2720271217,29413147,0,0,5625,0,0,0,0,0,0,0,0,0,0,0,0,0,0,0,0,0,0,0,0,0,0,0,0,288,0,0,0
1744061883.002016,600039,21131155,0,pscratch,pscratch-ffff9a44613c4800,0,0,238868920694,169346713077,0,0,216340,0,0,0,0,0,0,0,0,0,0,0,0,0,0,0,0,0,0,0,0,0,0,0,0,89776,0,0,0
1744061884.002036,600039,21131155,0,nscratch,nscratch-ffff9a448cc17800,0,0,2720271217,29413147,0,0,5625,0,0,0,0,0,0,0,0,0,0,0,0,0,0,0,0,0,0,0,0,0,0,0,0,288,0,0,0
1744061884.002288,600039,21131155,0,pscratch,pscratch-ffff9a44613c4800,0,0,238868920694,169346713077,0,0,216340,0,0,0,0,0,0,0,0,0,0,0,0,0,0,0,0,0,0,0,0,0,0,0,0,89776,0,0,0
1744061885.001921,600039,21131155,0,nscratch,nscratch-ffff9a448cc17800,0,0,2720271217,29413147,0,0,5625,0,0,0,0,0,0,0,0,0,0,0,0,0,0,0,0,0,0,0,0,0,0,0,0,288,0,0,0
1744061885.002100,600039,21131155,0,pscratch,pscratch-ffff9a44613c4800,0,0,238868920694,169346953486,0,0,216340,0,0,0,0,0,0,0,0,0,0,0,0,0,0,0,0,0,0,0,0,0,0,0,0,89776,0,0,0
1744061886.001443,600039,21131155,0,nscratch,nscratch-ffff9a448cc17800,0,0,2720271217,29413147,0,0,5625,0,0,0,0,0,0,0,0,0,0,0,0,0,0,0,0,0,0,0,0,0,0,0,0,288,0,0,0
1744061886.001614,600039,21131155,0,pscratch,pscratch-ffff9a44613c4800,0,0,238868920694,169346953486,0,0,216340,0,0,0,0,0,0,0,0,0,0,0,0,0,0,0,0,0,0,0,0,0,0,0,0,89776,0,0,0
1744061887.002317,600039,21131155,0,nscratch,nscratch-ffff9a448cc17800,0,0,2720271217,29413147,0,0,5625,0,0,0,0,0,0,0,0,0,0,0,0,0,0,0,0,0,0,0,0,0,0,0,0,288,0,0,0
1744061887.002515,600039,21131155,0,pscratch,pscratch-ffff9a44613c4800,0,0,238868920694,169346960012,0,0,216340,0,0,0,0,0,0,0,0,0,0,0,0,0,0,0,0,0,0,0,0,0,0,0,0,89776,0,0,0
1744061888.002138,600039,21131155,0,nscratch,nscratch-ffff9a448cc17800,0,0,2720271217,29413147,0,0,5625,0,0,0,0,0,0,0,0,0,0,0,0,0,0,0,0,0,0,0,0,0,0,0,0,288,0,0,0
1744061888.002322,600039,21131155,0,pscratch,pscratch-ffff9a44613c4800,0,0,238868920694,169346964602,0,0,216340,0,0,0,0,0,0,0,0,0,0,0,0,0,0,0,0,0,0,0,0,0,0,0,0,89776,0,0,0
1744061889.001658,600039,21131155,0,nscratch,nscratch-ffff9a448cc17800,0,0,2720271217,29413147,0,0,5625,0,0,0,0,0,0,0,0,0,0,0,0,0,0,0,0,0,0,0,0,0,0,0,0,288,0,0,0
1744061889.001842,600039,21131155,0,pscratch,pscratch-ffff9a44613c4800,0,0,238868920694,169346965030,0,0,216340,0,0,0,0,0,0,0,0,0,0,0,0,0,0,0,0,0,0,0,0,0,0,0,0,89776,0,0,0
1744061890.001643,600039,21131155,0,nscratch,nscratch-ffff9a448cc17800,0,0,2720271217,29413147,0,0,5625,0,0,0,0,0,0,0,0,0,0,0,0,0,0,0,0,0,0,0,0,0,0,0,0,288,0,0,0
1744061890.001840,600039,21131155,0,pscratch,pscratch-ffff9a44613c4800,0,0,238868920694,169346969620,0,0,216340,0,0,0,0,0,0,0,0,0,0,0,0,0,0,0,0,0,0,0,0,0,0,0,0,89776,0,0,0
1744061891.002375,600039,21131155,0,nscratch,nscratch-ffff9a448cc17800,0,0,2720271217,29413147,0,0,5625,0,0,0,0,0,0,0,0,0,0,0,0,0,0,0,0,0,0,0,0,0,0,0,0,288,0,0,0
1744061891.002556,600039,21131155,0,pscratch,pscratch-ffff9a44613c4800,0,0,238868920694,169346970956,0,0,216340,0,0,0,0,0,0,0,0,0,0,0,0,0,0,0,0,0,0,0,0,0,0,0,0,89776,0,0,0
1744061892.001797,600039,21131155,0,nscratch,nscratch-ffff9a448cc17800,0,0,2720271217,29413147,0,0,5625,0,0,0,0,0,0,0,0,0,0,0,0,0,0,0,0,0,0,0,0,0,0,0,0,288,0,0,0
1744061892.001982,600039,21131155,0,pscratch,pscratch-ffff9a44613c4800,0,0,238868920694,169347207072,0,0,216340,0,0,0,0,0,0,0,0,0,0,0,0,0,0,0,0,0,0,0,0,0,0,0,0,89776,0,0,0
1744061893.001759,600039,21131155,0,nscratch,nscratch-ffff9a448cc17800,0,0,2720271217,29413147,0,0,5625,0,0,0,0,0,0,0,0,0,0,0,0,0,0,0,0,0,0,0,0,0,0,0,0,288,0,0,0
1744061893.001934,600039,21131155,0,pscratch,pscratch-ffff9a44613c4800,0,0,238868920694,169347215691,0,0,216340,0,0,0,0,0,0,0,0,0,0,0,0,0,0,0,0,0,0,0,0,0,0,0,0,89776,0,0,0
1744061894.002457,600039,21131155,0,nscratch,nscratch-ffff9a448cc17800,0,0,2720271217,29413147,0,0,5625,0,0,0,0,0,0,0,0,0,0,0,0,0,0,0,0,0,0,0,0,0,0,0,0,288,0,0,0
1744061894.002643,600039,21131155,0,pscratch,pscratch-ffff9a44613c4800,0,0,238868920694,169347220281,0,0,216340,0,0,0,0,0,0,0,0,0,0,0,0,0,0,0,0,0,0,0,0,0,0,0,0,89776,0,0,0
1744061895.001711,600039,21131155,0,nscratch,nscratch-ffff9a448cc17800,0,0,2720271217,29413147,0,0,5625,0,0,0,0,0,0,0,0,0,0,0,0,0,0,0,0,0,0,0,0,0,0,0,0,288,0,0,0
1744061895.001910,600039,21131155,0,pscratch,pscratch-ffff9a44613c4800,0,0,238868920694,169347220709,0,0,216340,0,0,0,0,0,0,0,0,0,0,0,0,0,0,0,0,0,0,0,0,0,0,0,0,89776,0,0,0
1744061896.001652,600039,21131155,0,nscratch,nscratch-ffff9a448cc17800,0,0,2720271217,29413147,0,0,5625,0,0,0,0,0,0,0,0,0,0,0,0,0,0,0,0,0,0,0,0,0,0,0,0,288,0,0,0
1744061896.001839,600039,21131155,0,pscratch,pscratch-ffff9a44613c4800,0,0,238868920694,169347225728,0,0,216340,0,0,0,0,0,0,0,0,0,0,0,0,0,0,0,0,0,0,0,0,0,0,0,0,89776,0,0,0
1744061897.002352,600039,21131155,0,nscratch,nscratch-ffff9a448cc17800,0,0,2720271217,29413147,0,0,5625,0,0,0,0,0,0,0,0,0,0,0,0,0,0,0,0,0,0,0,0,0,0,0,0,288,0,0,0
1744061897.002540,600039,21131155,0,pscratch,pscratch-ffff9a44613c4800,0,0,238868920694,169347226155,0,0,216340,0,0,0,0,0,0,0,0,0,0,0,0,0,0,0,0,0,0,0,0,0,0,0,0,89776,0,0,0
1744061898.001776,600039,21131155,0,nscratch,nscratch-ffff9a448cc17800,0,0,2720271217,29413147,0,0,5625,0,0,0,0,0,0,0,0,0,0,0,0,0,0,0,0,0,0,0,0,0,0,0,0,288,0,0,0
1744061898.001956,600039,21131155,0,pscratch,pscratch-ffff9a44613c4800,0,0,238868920694,169347231173,0,0,216340,0,0,0,0,0,0,0,0,0,0,0,0,0,0,0,0,0,0,0,0,0,0,0,0,89776,0,0,0
1744061899.001653,600039,21131155,0,nscratch,nscratch-ffff9a448cc17800,0,0,2720271217,29413147,0,0,5625,0,0,0,0,0,0,0,0,0,0,0,0,0,0,0,0,0,0,0,0,0,0,0,0,288,0,0,0
1744061899.001833,600039,21131155,0,pscratch,pscratch-ffff9a44613c4800,0,0,238868920694,169347231173,0,0,216340,0,0,0,0,0,0,0,0,0,0,0,0,0,0,0,0,0,0,0,0,0,0,0,0,89776,0,0,0
1744061900.002327,600039,21131155,0,nscratch,nscratch-ffff9a448cc17800,0,0,2720271217,29413147,0,0,5625,0,0,0,0,0,0,0,0,0,0,0,0,0,0,0,0,0,0,0,0,0,0,0,0,288,0,0,0
1744061900.002513,600039,21131155,0,pscratch,pscratch-ffff9a44613c4800,0,0,238911424462,169396678671,0,0,216340,0,0,0,0,0,0,0,0,0,0,0,0,0,0,0,0,0,0,0,0,0,0,0,0,89776,0,0,0
1744061901.001746,600039,21131155,0,nscratch,nscratch-ffff9a448cc17800,0,0,2720271217,29413147,0,0,5625,0,0,0,0,0,0,0,0,0,0,0,0,0,0,0,0,0,0,0,0,0,0,0,0,288,0,0,0
1744061901.001924,600039,21131155,0,pscratch,pscratch-ffff9a44613c4800,0,0,238911424462,169396678671,0,0,216340,0,0,0,0,0,0,0,0,0,0,0,0,0,0,0,0,0,0,0,0,0,0,0,0,89776,0,0,0
1744061902.001694,600039,21131155,0,nscratch,nscratch-ffff9a448cc17800,0,0,2720271217,29413147,0,0,5625,0,0,0,0,0,0,0,0,0,0,0,0,0,0,0,0,0,0,0,0,0,0,0,0,288,0,0,0
1744061902.001871,600039,21131155,0,pscratch,pscratch-ffff9a44613c4800,0,0,238911424462,169396692450,0,0,216340,0,0,0,0,0,0,0,0,0,0,0,0,0,0,0,0,0,0,0,0,0,0,0,0,89776,0,0,0
1744061903.002366,600039,21131155,0,nscratch,nscratch-ffff9a448cc17800,0,0,2720271217,29413147,0,0,5625,0,0,0,0,0,0,0,0,0,0,0,0,0,0,0,0,0,0,0,0,0,0,0,0,288,0,0,0
1744061903.002545,600039,21131155,0,pscratch,pscratch-ffff9a44613c4800,0,0,238911424462,169396697040,0,0,216340,0,0,0,0,0,0,0,0,0,0,0,0,0,0,0,0,0,0,0,0,0,0,0,0,89776,0,0,0
1744061904.001784,600039,21131155,0,nscratch,nscratch-ffff9a448cc17800,0,0,2720271217,29413147,0,0,5625,0,0,0,0,0,0,0,0,0,0,0,0,0,0,0,0,0,0,0,0,0,0,0,0,288,0,0,0
1744061904.001964,600039,21131155,0,pscratch,pscratch-ffff9a44613c4800,0,0,238911424462,169396697896,0,0,216340,0,0,0,0,0,0,0,0,0,0,0,0,0,0,0,0,0,0,0,0,0,0,0,0,89776,0,0,0
1744061905.001706,600039,21131155,0,nscratch,nscratch-ffff9a448cc17800,0,0,2720271217,29413147,0,0,5625,0,0,0,0,0,0,0,0,0,0,0,0,0,0,0,0,0,0,0,0,0,0,0,0,288,0,0,0
1744061905.001891,600039,21131155,0,pscratch,pscratch-ffff9a44613c4800,0,0,238911424462,169396702486,0,0,216340,0,0,0,0,0,0,0,0,0,0,0,0,0,0,0,0,0,0,0,0,0,0,0,0,89776,0,0,0
1744061906.002377,600039,21131155,0,nscratch,nscratch-ffff9a448cc17800,0,0,2720271217,29413147,0,0,5625,0,0,0,0,0,0,0,0,0,0,0,0,0,0,0,0,0,0,0,0,0,0,0,0,288,0,0,0
1744061906.002557,600039,21131155,0,pscratch,pscratch-ffff9a44613c4800,0,0,238911424462,169396702914,0,0,216340,0,0,0,0,0,0,0,0,0,0,0,0,0,0,0,0,0,0,0,0,0,0,0,0,89776,0,0,0
1744061907.001790,600039,21131155,0,nscratch,nscratch-ffff9a448cc17800,0,0,2720271217,29413147,0,0,5625,0,0,0,0,0,0,0,0,0,0,0,0,0,0,0,0,0,0,0,0,0,0,0,0,288,0,0,0
1744061907.001975,600039,21131155,0,pscratch,pscratch-ffff9a44613c4800,0,0,238911424462,169396939365,0,0,216340,0,0,0,0,0,0,0,0,0,0,0,0,0,0,0,0,0,0,0,0,0,0,0,0,89776,0,0,0
1744061908.001670,600039,21131155,0,nscratch,nscratch-ffff9a448cc17800,0,0,2720271217,29413147,0,0,5625,0,0,0,0,0,0,0,0,0,0,0,0,0,0,0,0,0,0,0,0,0,0,0,0,288,0,0,0
1744061908.001845,600039,21131155,0,pscratch,pscratch-ffff9a44613c4800,0,0,238911424462,169396939793,0,0,216340,0,0,0,0,0,0,0,0,0,0,0,0,0,0,0,0,0,0,0,0,0,0,0,0,89776,0,0,0
1744061909.002374,600039,21131155,0,nscratch,nscratch-ffff9a448cc17800,0,0,2720271217,29413147,0,0,5625,0,0,0,0,0,0,0,0,0,0,0,0,0,0,0,0,0,0,0,0,0,0,0,0,288,0,0,0
1744061909.002563,600039,21131155,0,pscratch,pscratch-ffff9a44613c4800,0,0,238911424462,169396944383,0,0,216340,0,0,0,0,0,0,0,0,0,0,0,0,0,0,0,0,0,0,0,0,0,0,0,0,89776,0,0,0
1744061910.001877,600039,21131155,0,nscratch,nscratch-ffff9a448cc17800,0,0,2720271217,29413147,0,0,5625,0,0,0,0,0,0,0,0,0,0,0,0,0,0,0,0,0,0,0,0,0,0,0,0,288,0,0,0
1744061910.002056,600039,21131155,0,pscratch,pscratch-ffff9a44613c4800,0,0,238911424462,169396953059,0,0,216340,0,0,0,0,0,0,0,0,0,0,0,0,0,0,0,0,0,0,0,0,0,0,0,0,89776,0,0,0
1744061911.002038,600039,21131155,0,nscratch,nscratch-ffff9a448cc17800,0,0,2720271217,29413147,0,0,5625,0,0,0,0,0,0,0,0,0,0,0,0,0,0,0,0,0,0,0,0,0,0,0,0,288,0,0,0
1744061911.002296,600039,21131155,0,pscratch,pscratch-ffff9a44613c4800,0,0,238911424462,169396957649,0,0,216340,0,0,0,0,0,0,0,0,0,0,0,0,0,0,0,0,0,0,0,0,0,0,0,0,89776,0,0,0
1744061912.001873,600039,21131155,0,nscratch,nscratch-ffff9a448cc17800,0,0,2720271217,29413147,0,0,5625,0,0,0,0,0,0,0,0,0,0,0,0,0,0,0,0,0,0,0,0,0,0,0,0,288,0,0,0
1744061912.002049,600039,21131155,0,pscratch,pscratch-ffff9a44613c4800,0,0,238911424462,169396958505,0,0,216340,0,0,0,0,0,0,0,0,0,0,0,0,0,0,0,0,0,0,0,0,0,0,0,0,89776,0,0,0
1744061913.001350,600039,21131155,0,nscratch,nscratch-ffff9a448cc17800,0,0,2720271217,29413147,0,0,5625,0,0,0,0,0,0,0,0,0,0,0,0,0,0,0,0,0,0,0,0,0,0,0,0,288,0,0,0
1744061913.001539,600039,21131155,0,pscratch,pscratch-ffff9a44613c4800,0,0,238911424462,169396963526,0,0,216340,0,0,0,0,0,0,0,0,0,0,0,0,0,0,0,0,0,0,0,0,0,0,0,0,89776,0,0,0
1744061914.002294,600039,21131155,0,nscratch,nscratch-ffff9a448cc17800,0,0,2720271217,29413147,0,0,5625,0,0,0,0,0,0,0,0,0,0,0,0,0,0,0,0,0,0,0,0,0,0,0,0,288,0,0,0
1744061914.002507,600039,21131155,0,pscratch,pscratch-ffff9a44613c4800,0,0,238911424462,169396963954,0,0,216340,0,0,0,0,0,0,0,0,0,0,0,0,0,0,0,0,0,0,0,0,0,0,0,0,89776,0,0,0
1744061915.002021,600039,21131155,0,nscratch,nscratch-ffff9a448cc17800,0,0,2720271217,29413147,0,0,5625,0,0,0,0,0,0,0,0,0,0,0,0,0,0,0,0,0,0,0,0,0,0,0,0,288,0,0,0
1744061915.002196,600039,21131155,0,pscratch,pscratch-ffff9a44613c4800,0,0,238911424462,169397199972,0,0,216340,0,0,0,0,0,0,0,0,0,0,0,0,0,0,0,0,0,0,0,0,0,0,0,0,89776,0,0,0
1744061916.001504,600039,21131155,0,nscratch,nscratch-ffff9a448cc17800,0,0,2720271217,29413147,0,0,5625,0,0,0,0,0,0,0,0,0,0,0,0,0,0,0,0,0,0,0,0,0,0,0,0,288,0,0,0
1744061916.001675,600039,21131155,0,pscratch,pscratch-ffff9a44613c4800,0,0,238911424462,169397201292,0,0,216340,0,0,0,0,0,0,0,0,0,0,0,0,0,0,0,0,0,0,0,0,0,0,0,0,89776,0,0,0
1744061917.002365,600039,21131155,0,nscratch,nscratch-ffff9a448cc17800,0,0,2720271217,29413147,0,0,5625,0,0,0,0,0,0,0,0,0,0,0,0,0,0,0,0,0,0,0,0,0,0,0,0,288,0,0,0
1744061917.002559,600039,21131155,0,pscratch,pscratch-ffff9a44613c4800,0,0,238911424462,169397207390,0,0,216340,0,0,0,0,0,0,0,0,0,0,0,0,0,0,0,0,0,0,0,0,0,0,0,0,89776,0,0,0
1744061918.002264,600039,21131155,0,nscratch,nscratch-ffff9a448cc17800,0,0,2720271217,29413147,0,0,5625,0,0,0,0,0,0,0,0,0,0,0,0,0,0,0,0,0,0,0,0,0,0,0,0,288,0,0,0
1744061918.002493,600039,21131155,0,pscratch,pscratch-ffff9a44613c4800,0,0,238911424462,169397215617,0,0,216340,0,0,0,0,0,0,0,0,0,0,0,0,0,0,0,0,0,0,0,0,0,0,0,0,89776,0,0,0
1744061919.001733,600039,21131155,0,nscratch,nscratch-ffff9a448cc17800,0,0,2720271217,29413147,0,0,5625,0,0,0,0,0,0,0,0,0,0,0,0,0,0,0,0,0,0,0,0,0,0,0,0,288,0,0,0
1744061919.001913,600039,21131155,0,pscratch,pscratch-ffff9a44613c4800,0,0,238953969286,169446477630,0,0,216340,0,0,0,0,0,0,0,0,0,0,0,0,0,0,0,0,0,0,0,0,0,0,0,0,89776,0,0,0
1744061920.001671,600039,21131155,0,nscratch,nscratch-ffff9a448cc17800,0,0,2720271217,29413147,0,0,5625,0,0,0,0,0,0,0,0,0,0,0,0,0,0,0,0,0,0,0,0,0,0,0,0,288,0,0,0
1744061920.001840,600039,21131155,0,pscratch,pscratch-ffff9a44613c4800,0,0,238953969286,169446478058,0,0,216340,0,0,0,0,0,0,0,0,0,0,0,0,0,0,0,0,0,0,0,0,0,0,0,0,89776,0,0,0
1744061921.002343,600039,21131155,0,nscratch,nscratch-ffff9a448cc17800,0,0,2720271217,29413147,0,0,5625,0,0,0,0,0,0,0,0,0,0,0,0,0,0,0,0,0,0,0,0,0,0,0,0,288,0,0,0
1744061921.002530,600039,21131155,0,pscratch,pscratch-ffff9a44613c4800,0,0,238953969286,169446484156,0,0,216340,0,0,0,0,0,0,0,0,0,0,0,0,0,0,0,0,0,0,0,0,0,0,0,0,89776,0,0,0
1744061922.001806,600039,21131155,0,nscratch,nscratch-ffff9a448cc17800,0,0,2720271217,29413147,0,0,5625,0,0,0,0,0,0,0,0,0,0,0,0,0,0,0,0,0,0,0,0,0,0,0,0,288,0,0,0
1744061922.002002,600039,21131155,0,pscratch,pscratch-ffff9a44613c4800,0,0,238953969286,169446484156,0,0,216340,0,0,0,0,0,0,0,0,0,0,0,0,0,0,0,0,0,0,0,0,0,0,0,0,89776,0,0,0
1744061923.001797,600039,21131155,0,nscratch,nscratch-ffff9a448cc17800,0,0,2720271217,29413147,0,0,5625,0,0,0,0,0,0,0,0,0,0,0,0,0,0,0,0,0,0,0,0,0,0,0,0,288,0,0,0
1744061923.001973,600039,21131155,0,pscratch,pscratch-ffff9a44613c4800,0,0,238953969286,169446719328,0,0,216340,0,0,0,0,0,0,0,0,0,0,0,0,0,0,0,0,0,0,0,0,0,0,0,0,89776,0,0,0
1744061924.002492,600039,21131155,0,nscratch,nscratch-ffff9a448cc17800,0,0,2720271217,29413147,0,0,5625,0,0,0,0,0,0,0,0,0,0,0,0,0,0,0,0,0,0,0,0,0,0,0,0,288,0,0,0
1744061924.002681,600039,21131155,0,pscratch,pscratch-ffff9a44613c4800,0,0,238953969286,169446719756,0,0,216340,0,0,0,0,0,0,0,0,0,0,0,0,0,0,0,0,0,0,0,0,0,0,0,0,89776,0,0,0
1744061925.001915,600039,21131155,0,nscratch,nscratch-ffff9a448cc17800,0,0,2720271217,29413147,0,0,5625,0,0,0,0,0,0,0,0,0,0,0,0,0,0,0,0,0,0,0,0,0,0,0,0,288,0,0,0
1744061925.002100,600039,21131155,0,pscratch,pscratch-ffff9a44613c4800,0,0,238953969286,169446724778,0,0,216340,0,0,0,0,0,0,0,0,0,0,0,0,0,0,0,0,0,0,0,0,0,0,0,0,89776,0,0,0
1744061926.000953,600039,21131155,0,nscratch,nscratch-ffff9a448cc17800,0,0,2720271217,29413147,0,0,5625,0,0,0,0,0,0,0,0,0,0,0,0,0,0,0,0,0,0,0,0,0,0,0,0,288,0,0,0
1744061926.001132,600039,21131155,0,pscratch,pscratch-ffff9a44613c4800,0,0,238953969286,169446724778,0,0,216340,0,0,0,0,0,0,0,0,0,0,0,0,0,0,0,0,0,0,0,0,0,0,0,0,89776,0,0,0
1744061927.001735,600039,21131155,0,nscratch,nscratch-ffff9a448cc17800,0,0,2720271217,29413147,0,0,5625,0,0,0,0,0,0,0,0,0,0,0,0,0,0,0,0,0,0,0,0,0,0,0,0,288,0,0,0
1744061927.001918,600039,21131155,0,pscratch,pscratch-ffff9a44613c4800,0,0,238953969286,169446731340,0,0,216340,0,0,0,0,0,0,0,0,0,0,0,0,0,0,0,0,0,0,0,0,0,0,0,0,89776,0,0,0
1744061928.002154,600039,21131155,0,nscratch,nscratch-ffff9a448cc17800,0,0,2720271217,29413147,0,0,5625,0,0,0,0,0,0,0,0,0,0,0,0,0,0,0,0,0,0,0,0,0,0,0,0,288,0,0,0
1744061928.002331,600039,21131155,0,pscratch,pscratch-ffff9a44613c4800,0,0,238953969286,169446739960,0,0,216340,0,0,0,0,0,0,0,0,0,0,0,0,0,0,0,0,0,0,0,0,0,0,0,0,89776,0,0,0
1744061929.002021,600039,21131155,0,nscratch,nscratch-ffff9a448cc17800,0,0,2720271217,29413147,0,0,5625,0,0,0,0,0,0,0,0,0,0,0,0,0,0,0,0,0,0,0,0,0,0,0,0,288,0,0,0
1744061929.002206,600039,21131155,0,pscratch,pscratch-ffff9a44613c4800,0,0,238953969286,169446745630,0,0,216340,0,0,0,0,0,0,0,0,0,0,0,0,0,0,0,0,0,0,0,0,0,0,0,0,89776,0,0,0
1744061930.001711,600039,21131155,0,nscratch,nscratch-ffff9a448cc17800,0,0,2720271217,29413147,0,0,5625,0,0,0,0,0,0,0,0,0,0,0,0,0,0,0,0,0,0,0,0,0,0,0,0,288,0,0,0
1744061930.001881,600039,21131155,0,pscratch,pscratch-ffff9a44613c4800,0,0,238953969286,169446746058,0,0,216340,0,0,0,0,0,0,0,0,0,0,0,0,0,0,0,0,0,0,0,0,0,0,0,0,89776,0,0,0
1744061931.002110,600039,21131155,0,nscratch,nscratch-ffff9a448cc17800,0,0,2720271217,29413147,0,0,5625,0,0,0,0,0,0,0,0,0,0,0,0,0,0,0,0,0,0,0,0,0,0,0,0,288,0,0,0
1744061931.002292,600039,21131155,0,pscratch,pscratch-ffff9a44613c4800,0,0,238953969286,169446981659,0,0,216340,0,0,0,0,0,0,0,0,0,0,0,0,0,0,0,0,0,0,0,0,0,0,0,0,89776,0,0,0
1744061932.002004,600039,21131155,0,nscratch,nscratch-ffff9a448cc17800,0,0,2720271217,29413147,0,0,5625,0,0,0,0,0,0,0,0,0,0,0,0,0,0,0,0,0,0,0,0,0,0,0,0,288,0,0,0
1744061932.002187,600039,21131155,0,pscratch,pscratch-ffff9a44613c4800,0,0,238953969286,169446981712,0,0,216340,0,0,0,0,0,0,0,0,0,0,0,0,0,0,0,0,0,0,0,0,0,0,0,0,89776,0,0,0
1744061933.001694,600039,21131155,0,nscratch,nscratch-ffff9a448cc17800,0,0,2720271217,29413147,0,0,5625,0,0,0,0,0,0,0,0,0,0,0,0,0,0,0,0,0,0,0,0,0,0,0,0,288,0,0,0
1744061933.001870,600039,21131155,0,pscratch,pscratch-ffff9a44613c4800,0,0,238953969286,169446986730,0,0,216340,0,0,0,0,0,0,0,0,0,0,0,0,0,0,0,0,0,0,0,0,0,0,0,0,89776,0,0,0
1744061934.002110,600039,21131155,0,nscratch,nscratch-ffff9a448cc17800,0,0,2720271217,29413147,0,0,5625,0,0,0,0,0,0,0,0,0,0,0,0,0,0,0,0,0,0,0,0,0,0,0,0,288,0,0,0
1744061934.002302,600039,21131155,0,pscratch,pscratch-ffff9a44613c4800,0,0,238953969286,169446987158,0,0,216340,0,0,0,0,0,0,0,0,0,0,0,0,0,0,0,0,0,0,0,0,0,0,0,0,89776,0,0,0
1744061935.001992,600039,21131155,0,nscratch,nscratch-ffff9a448cc17800,0,0,2720271217,29413147,0,0,5625,0,0,0,0,0,0,0,0,0,0,0,0,0,0,0,0,0,0,0,0,0,0,0,0,288,0,0,0
1744061935.002170,600039,21131155,0,pscratch,pscratch-ffff9a44613c4800,0,0,238953969286,169446991748,0,0,216340,0,0,0,0,0,0,0,0,0,0,0,0,0,0,0,0,0,0,0,0,0,0,0,0,89776,0,0,0
1744061936.001792,600039,21131155,0,nscratch,nscratch-ffff9a448cc17800,0,0,2720271217,29413147,0,0,5625,0,0,0,0,0,0,0,0,0,0,0,0,0,0,0,0,0,0,0,0,0,0,0,0,288,0,0,0
1744061936.001979,600039,21131155,0,pscratch,pscratch-ffff9a44613c4800,0,0,238953969286,169446992604,0,0,216340,0,0,0,0,0,0,0,0,0,0,0,0,0,0,0,0,0,0,0,0,0,0,0,0,89776,0,0,0
1744061937.002267,600039,21131155,0,nscratch,nscratch-ffff9a448cc17800,0,0,2720271217,29413147,0,0,5625,0,0,0,0,0,0,0,0,0,0,0,0,0,0,0,0,0,0,0,0,0,0,0,0,288,0,0,0
1744061937.002456,600039,21131155,0,pscratch,pscratch-ffff9a44613c4800,0,0,238953969286,169447006471,0,0,216340,0,0,0,0,0,0,0,0,0,0,0,0,0,0,0,0,0,0,0,0,0,0,0,0,89776,0,0,0
1744061938.002164,600039,21131155,0,nscratch,nscratch-ffff9a448cc17800,0,0,2720271217,29413147,0,0,5625,0,0,0,0,0,0,0,0,0,0,0,0,0,0,0,0,0,0,0,0,0,0,0,0,288,0,0,0
1744061938.002355,600039,21131155,0,pscratch,pscratch-ffff9a44613c4800,0,0,238953969286,169447007327,0,0,216340,0,0,0,0,0,0,0,0,0,0,0,0,0,0,0,0,0,0,0,0,0,0,0,0,89776,0,0,0
1744061939.000938,600039,21131155,0,nscratch,nscratch-ffff9a448cc17800,0,0,2720271217,29413147,0,0,5625,0,0,0,0,0,0,0,0,0,0,0,0,0,0,0,0,0,0,0,0,0,0,0,0,288,0,0,0
1744061939.001117,600039,21131155,0,pscratch,pscratch-ffff9a44613c4800,0,0,238978859090,169475876574,0,0,216340,0,0,0,0,0,0,0,0,0,0,0,0,0,0,0,0,0,0,0,0,0,0,0,0,89776,0,0,0
1744061940.001372,600039,21131155,0,nscratch,nscratch-ffff9a448cc17800,0,0,2720271217,29413147,0,0,5625,0,0,0,0,0,0,0,0,0,0,0,0,0,0,0,0,0,0,0,0,0,0,0,0,288,0,0,0
1744061940.001505,600039,21131155,0,pscratch,pscratch-ffff9a44613c4800,0,0,238996538782,169496461732,0,0,216340,0,0,0,0,0,0,0,0,0,0,0,0,0,0,0,0,0,0,0,0,0,0,0,0,89776,0,0,0
1744061941.002111,600039,21131155,0,nscratch,nscratch-ffff9a448cc17800,0,0,2720271217,29413147,0,0,5625,0,0,0,0,0,0,0,0,0,0,0,0,0,0,0,0,0,0,0,0,0,0,0,0,288,0,0,0
1744061941.002295,600039,21131155,0,pscratch,pscratch-ffff9a44613c4800,0,0,238996538782,169496692424,0,0,216340,0,0,0,0,0,0,0,0,0,0,0,0,0,0,0,0,0,0,0,0,0,0,0,0,89776,0,0,0
1744061942.001660,600039,21131155,0,nscratch,nscratch-ffff9a448cc17800,0,0,2720271217,29413147,0,0,5625,0,0,0,0,0,0,0,0,0,0,0,0,0,0,0,0,0,0,0,0,0,0,0,0,288,0,0,0
1744061942.001801,600039,21131155,0,pscratch,pscratch-ffff9a44613c4800,0,0,238996538782,169496692424,0,0,216340,0,0,0,0,0,0,0,0,0,0,0,0,0,0,0,0,0,0,0,0,0,0,0,0,89776,0,0,0
1744061943.001943,600039,21131155,0,nscratch,nscratch-ffff9a448cc17800,0,0,2720271217,29413147,0,0,5625,0,0,0,0,0,0,0,0,0,0,0,0,0,0,0,0,0,0,0,0,0,0,0,0,288,0,0,0
1744061943.002083,600039,21131155,0,pscratch,pscratch-ffff9a44613c4800,0,0,238996538782,169496692424,0,0,216340,0,0,0,0,0,0,0,0,0,0,0,0,0,0,0,0,0,0,0,0,0,0,0,0,89776,0,0,0
1744061944.001599,600039,21131155,0,nscratch,nscratch-ffff9a448cc17800,0,0,2720271217,29413147,0,0,5625,0,0,0,0,0,0,0,0,0,0,0,0,0,0,0,0,0,0,0,0,0,0,0,0,288,0,0,0
1744061944.001743,600039,21131155,0,pscratch,pscratch-ffff9a44613c4800,0,0,238996538782,169496694775,0,0,216340,0,0,0,0,0,0,0,0,0,0,0,0,0,0,0,0,0,0,0,0,0,0,0,0,89776,0,0,0
1744061945.002088,600039,21131155,0,nscratch,nscratch-ffff9a448cc17800,0,0,2720271217,29413147,0,0,5625,0,0,0,0,0,0,0,0,0,0,0,0,0,0,0,0,0,0,0,0,0,0,0,0,288,0,0,0
1744061945.002229,600039,21131155,0,pscratch,pscratch-ffff9a44613c4800,0,0,238996538782,169496694775,0,0,216340,0,0,0,0,0,0,0,0,0,0,0,0,0,0,0,0,0,0,0,0,0,0,0,0,89776,0,0,0
1744061946.001372,600039,21131155,0,nscratch,nscratch-ffff9a448cc17800,0,0,2720271217,29413147,0,0,5625,0,0,0,0,0,0,0,0,0,0,0,0,0,0,0,0,0,0,0,0,0,0,0,0,288,0,0,0
1744061946.001520,600039,21131155,0,pscratch,pscratch-ffff9a44613c4800,0,0,238996538782,169496694775,0,0,216340,0,0,0,0,0,0,0,0,0,0,0,0,0,0,0,0,0,0,0,0,0,0,0,0,89776,0,0,0
1744061947.002098,600039,21131155,0,nscratch,nscratch-ffff9a448cc17800,0,0,2720271217,29413147,0,0,5625,0,0,0,0,0,0,0,0,0,0,0,0,0,0,0,0,0,0,0,0,0,0,0,0,288,0,0,0
1744061947.002265,600039,21131155,0,pscratch,pscratch-ffff9a44613c4800,0,0,238996538782,169496694775,0,0,216340,0,0,0,0,0,0,0,0,0,0,0,0,0,0,0,0,0,0,0,0,0,0,0,0,89776,0,0,0
1744061948.001625,600039,21131155,0,nscratch,nscratch-ffff9a448cc17800,0,0,2720271217,29413147,0,0,5625,0,0,0,0,0,0,0,0,0,0,0,0,0,0,0,0,0,0,0,0,0,0,0,0,288,0,0,0
1744061948.001765,600039,21131155,0,pscratch,pscratch-ffff9a44613c4800,0,0,238996538782,169496694775,0,0,216340,0,0,0,0,0,0,0,0,0,0,0,0,0,0,0,0,0,0,0,0,0,0,0,0,89776,0,0,0
1744061949.001908,600039,21131155,0,nscratch,nscratch-ffff9a448cc17800,0,0,2720271217,29413147,0,0,5625,0,0,0,0,0,0,0,0,0,0,0,0,0,0,0,0,0,0,0,0,0,0,0,0,288,0,0,0
1744061949.002054,600039,21131155,0,pscratch,pscratch-ffff9a44613c4800,0,0,238996538782,169496694775,0,0,216340,0,0,0,0,0,0,0,0,0,0,0,0,0,0,0,0,0,0,0,0,0,0,0,0,89776,0,0,0
1744061950.001566,600039,21131155,0,nscratch,nscratch-ffff9a448cc17800,0,0,2720271217,29413147,0,0,5625,0,0,0,0,0,0,0,0,0,0,0,0,0,0,0,0,0,0,0,0,0,0,0,0,288,0,0,0
1744061950.001708,600039,21131155,0,pscratch,pscratch-ffff9a44613c4800,0,0,238996538782,169496694775,0,0,216340,0,0,0,0,0,0,0,0,0,0,0,0,0,0,0,0,0,0,0,0,0,0,0,0,89776,0,0,0
1744061951.002060,600039,21131155,0,nscratch,nscratch-ffff9a448cc17800,0,0,2720271217,29413147,0,0,5625,0,0,0,0,0,0,0,0,0,0,0,0,0,0,0,0,0,0,0,0,0,0,0,0,288,0,0,0
1744061951.002201,600039,21131155,0,pscratch,pscratch-ffff9a44613c4800,0,0,238996538782,169496694775,0,0,216340,0,0,0,0,0,0,0,0,0,0,0,0,0,0,0,0,0,0,0,0,0,0,0,0,89776,0,0,0
1744061952.001342,600039,21131155,0,nscratch,nscratch-ffff9a448cc17800,0,0,2720271217,29413147,0,0,5625,0,0,0,0,0,0,0,0,0,0,0,0,0,0,0,0,0,0,0,0,0,0,0,0,288,0,0,0
1744061952.001491,600039,21131155,0,pscratch,pscratch-ffff9a44613c4800,0,0,238996538782,169496694775,0,0,216340,0,0,0,0,0,0,0,0,0,0,0,0,0,0,0,0,0,0,0,0,0,0,0,0,89776,0,0,0
1744061953.001990,600039,21131155,0,nscratch,nscratch-ffff9a448cc17800,0,0,2720271217,29413147,0,0,5625,0,0,0,0,0,0,0,0,0,0,0,0,0,0,0,0,0,0,0,0,0,0,0,0,288,0,0,0
1744061953.002131,600039,21131155,0,pscratch,pscratch-ffff9a44613c4800,0,0,238996538782,169496694775,0,0,216340,0,0,0,0,0,0,0,0,0,0,0,0,0,0,0,0,0,0,0,0,0,0,0,0,89776,0,0,0
1744061954.001482,600039,21131155,0,nscratch,nscratch-ffff9a448cc17800,0,0,2720271217,29413147,0,0,5625,0,0,0,0,0,0,0,0,0,0,0,0,0,0,0,0,0,0,0,0,0,0,0,0,288,0,0,0
1744061954.001624,600039,21131155,0,pscratch,pscratch-ffff9a44613c4800,0,0,238996538782,169496694775,0,0,216340,0,0,0,0,0,0,0,0,0,0,0,0,0,0,0,0,0,0,0,0,0,0,0,0,89776,0,0,0
1744061955.001767,600039,21131155,0,nscratch,nscratch-ffff9a448cc17800,0,0,2720271217,29413147,0,0,5625,0,0,0,0,0,0,0,0,0,0,0,0,0,0,0,0,0,0,0,0,0,0,0,0,288,0,0,0
1744061955.001907,600039,21131155,0,pscratch,pscratch-ffff9a44613c4800,0,0,238996538782,169496694775,0,0,216340,0,0,0,0,0,0,0,0,0,0,0,0,0,0,0,0,0,0,0,0,0,0,0,0,89776,0,0,0
1744061956.001407,600039,21131155,0,nscratch,nscratch-ffff9a448cc17800,0,0,2720271217,29413147,0,0,5625,0,0,0,0,0,0,0,0,0,0,0,0,0,0,0,0,0,0,0,0,0,0,0,0,288,0,0,0
1744061956.001556,600039,21131155,0,pscratch,pscratch-ffff9a44613c4800,0,0,238996538782,169496694775,0,0,216340,0,0,0,0,0,0,0,0,0,0,0,0,0,0,0,0,0,0,0,0,0,0,0,0,89776,0,0,0
1744061957.001902,600039,21131155,0,nscratch,nscratch-ffff9a448cc17800,0,0,2720271217,29413147,0,0,5625,0,0,0,0,0,0,0,0,0,0,0,0,0,0,0,0,0,0,0,0,0,0,0,0,288,0,0,0
1744061957.002043,600039,21131155,0,pscratch,pscratch-ffff9a44613c4800,0,0,238996538782,169496694775,0,0,216340,0,0,0,0,0,0,0,0,0,0,0,0,0,0,0,0,0,0,0,0,0,0,0,0,89776,0,0,0
1744061958.001184,600039,21131155,0,nscratch,nscratch-ffff9a448cc17800,0,0,2720271217,29413147,0,0,5625,0,0,0,0,0,0,0,0,0,0,0,0,0,0,0,0,0,0,0,0,0,0,0,0,288,0,0,0
1744061958.001325,600039,21131155,0,pscratch,pscratch-ffff9a44613c4800,0,0,238996538782,169496694775,0,0,216340,0,0,0,0,0,0,0,0,0,0,0,0,0,0,0,0,0,0,0,0,0,0,0,0,89776,0,0,0
1744061959.001829,600039,21131155,0,nscratch,nscratch-ffff9a448cc17800,0,0,2720271217,29413147,0,0,5625,0,0,0,0,0,0,0,0,0,0,0,0,0,0,0,0,0,0,0,0,0,0,0,0,288,0,0,0
1744061959.001969,600039,21131155,0,pscratch,pscratch-ffff9a44613c4800,0,0,238996538782,169496694775,0,0,216340,0,0,0,0,0,0,0,0,0,0,0,0,0,0,0,0,0,0,0,0,0,0,0,0,89776,0,0,0
1744061960.002326,600039,21131155,0,nscratch,nscratch-ffff9a448cc17800,0,0,2720271217,29413147,0,0,5625,0,0,0,0,0,0,0,0,0,0,0,0,0,0,0,0,0,0,0,0,0,0,0,0,288,0,0,0
1744061960.002475,600039,21131155,0,pscratch,pscratch-ffff9a44613c4800,0,0,238996538782,169496694775,0,0,216340,0,0,0,0,0,0,0,0,0,0,0,0,0,0,0,0,0,0,0,0,0,0,0,0,89776,0,0,0
1744061961.001617,600039,21131155,0,nscratch,nscratch-ffff9a448cc17800,0,0,2720271217,29413147,0,0,5625,0,0,0,0,0,0,0,0,0,0,0,0,0,0,0,0,0,0,0,0,0,0,0,0,288,0,0,0
1744061961.001758,600039,21131155,0,pscratch,pscratch-ffff9a44613c4800,0,0,238996538782,169496694775,0,0,216340,0,0,0,0,0,0,0,0,0,0,0,0,0,0,0,0,0,0,0,0,0,0,0,0,89776,0,0,0
1744061962.002262,600039,21131155,0,nscratch,nscratch-ffff9a448cc17800,0,0,2720271217,29413147,0,0,5625,0,0,0,0,0,0,0,0,0,0,0,0,0,0,0,0,0,0,0,0,0,0,0,0,288,0,0,0
1744061962.002403,600039,21131155,0,pscratch,pscratch-ffff9a44613c4800,0,0,238996538782,169496694775,0,0,216340,0,0,0,0,0,0,0,0,0,0,0,0,0,0,0,0,0,0,0,0,0,0,0,0,89776,0,0,0
1744061963.001758,600039,21131155,0,nscratch,nscratch-ffff9a448cc17800,0,0,2720271217,29413147,0,0,5625,0,0,0,0,0,0,0,0,0,0,0,0,0,0,0,0,0,0,0,0,0,0,0,0,288,0,0,0
1744061963.001897,600039,21131155,0,pscratch,pscratch-ffff9a44613c4800,0,0,238996538782,169496694775,0,0,216340,0,0,0,0,0,0,0,0,0,0,0,0,0,0,0,0,0,0,0,0,0,0,0,0,89776,0,0,0
1744061964.002038,600039,21131155,0,nscratch,nscratch-ffff9a448cc17800,0,0,2720271217,29413147,0,0,5625,0,0,0,0,0,0,0,0,0,0,0,0,0,0,0,0,0,0,0,0,0,0,0,0,288,0,0,0
1744061964.002179,600039,21131155,0,pscratch,pscratch-ffff9a44613c4800,0,0,238996538782,169496694775,0,0,216340,0,0,0,0,0,0,0,0,0,0,0,0,0,0,0,0,0,0,0,0,0,0,0,0,89776,0,0,0
1744061965.001687,600039,21131155,0,nscratch,nscratch-ffff9a448cc17800,0,0,2720271217,29413147,0,0,5625,0,0,0,0,0,0,0,0,0,0,0,0,0,0,0,0,0,0,0,0,0,0,0,0,288,0,0,0
1744061965.001828,600039,21131155,0,pscratch,pscratch-ffff9a44613c4800,0,0,238996538782,169496694775,0,0,216340,0,0,0,0,0,0,0,0,0,0,0,0,0,0,0,0,0,0,0,0,0,0,0,0,89776,0,0,0
1744061966.002175,600039,21131155,0,nscratch,nscratch-ffff9a448cc17800,0,0,2720271217,29413147,0,0,5625,0,0,0,0,0,0,0,0,0,0,0,0,0,0,0,0,0,0,0,0,0,0,0,0,288,0,0,0
1744061966.002316,600039,21131155,0,pscratch,pscratch-ffff9a44613c4800,0,0,238996538782,169496694775,0,0,216340,0,0,0,0,0,0,0,0,0,0,0,0,0,0,0,0,0,0,0,0,0,0,0,0,89776,0,0,0
1744061967.001460,600039,21131155,0,nscratch,nscratch-ffff9a448cc17800,0,0,2720271217,29413147,0,0,5625,0,0,0,0,0,0,0,0,0,0,0,0,0,0,0,0,0,0,0,0,0,0,0,0,288,0,0,0
1744061967.001609,600039,21131155,0,pscratch,pscratch-ffff9a44613c4800,0,0,238996538782,169496694775,0,0,216340,0,0,0,0,0,0,0,0,0,0,0,0,0,0,0,0,0,0,0,0,0,0,0,0,89776,0,0,0
1744061968.002106,600039,21131155,0,nscratch,nscratch-ffff9a448cc17800,0,0,2720271217,29413147,0,0,5625,0,0,0,0,0,0,0,0,0,0,0,0,0,0,0,0,0,0,0,0,0,0,0,0,288,0,0,0
1744061968.002247,600039,21131155,0,pscratch,pscratch-ffff9a44613c4800,0,0,238996538782,169496694775,0,0,216340,0,0,0,0,0,0,0,0,0,0,0,0,0,0,0,0,0,0,0,0,0,0,0,0,89776,0,0,0
1744061969.001595,600039,21131155,0,nscratch,nscratch-ffff9a448cc17800,0,0,2720271217,29413147,0,0,5625,0,0,0,0,0,0,0,0,0,0,0,0,0,0,0,0,0,0,0,0,0,0,0,0,288,0,0,0
1744061969.001735,600039,21131155,0,pscratch,pscratch-ffff9a44613c4800,0,0,238996538782,169496694775,0,0,216340,0,0,0,0,0,0,0,0,0,0,0,0,0,0,0,0,0,0,0,0,0,0,0,0,89776,0,0,0
1744061970.001888,600039,21131155,0,nscratch,nscratch-ffff9a448cc17800,0,0,2720271217,29413147,0,0,5625,0,0,0,0,0,0,0,0,0,0,0,0,0,0,0,0,0,0,0,0,0,0,0,0,288,0,0,0
1744061970.002028,600039,21131155,0,pscratch,pscratch-ffff9a44613c4800,0,0,238996538782,169496694775,0,0,216340,0,0,0,0,0,0,0,0,0,0,0,0,0,0,0,0,0,0,0,0,0,0,0,0,89776,0,0,0
1744061971.001544,600039,21131155,0,nscratch,nscratch-ffff9a448cc17800,0,0,2720271217,29413147,0,0,5625,0,0,0,0,0,0,0,0,0,0,0,0,0,0,0,0,0,0,0,0,0,0,0,0,288,0,0,0
1744061971.001685,600039,21131155,0,pscratch,pscratch-ffff9a44613c4800,0,0,238996538782,169496694775,0,0,216340,0,0,0,0,0,0,0,0,0,0,0,0,0,0,0,0,0,0,0,0,0,0,0,0,89776,0,0,0
1744061972.002035,600039,21131155,0,nscratch,nscratch-ffff9a448cc17800,0,0,2720271217,29413147,0,0,5625,0,0,0,0,0,0,0,0,0,0,0,0,0,0,0,0,0,0,0,0,0,0,0,0,288,0,0,0
1744061972.002174,600039,21131155,0,pscratch,pscratch-ffff9a44613c4800,0,0,238996538782,169496694775,0,0,216340,0,0,0,0,0,0,0,0,0,0,0,0,0,0,0,0,0,0,0,0,0,0,0,0,89776,0,0,0
1744061973.001314,600039,21131155,0,nscratch,nscratch-ffff9a448cc17800,0,0,2720271217,29413147,0,0,5625,0,0,0,0,0,0,0,0,0,0,0,0,0,0,0,0,0,0,0,0,0,0,0,0,288,0,0,0
1744061973.001463,600039,21131155,0,pscratch,pscratch-ffff9a44613c4800,0,0,238996538782,169496694775,0,0,216340,0,0,0,0,0,0,0,0,0,0,0,0,0,0,0,0,0,0,0,0,0,0,0,0,89776,0,0,0
1744061974.001965,600039,21131155,0,nscratch,nscratch-ffff9a448cc17800,0,0,2720271217,29413147,0,0,5625,0,0,0,0,0,0,0,0,0,0,0,0,0,0,0,0,0,0,0,0,0,0,0,0,288,0,0,0
1744061974.002106,600039,21131155,0,pscratch,pscratch-ffff9a44613c4800,0,0,238996538782,169496694775,0,0,216340,0,0,0,0,0,0,0,0,0,0,0,0,0,0,0,0,0,0,0,0,0,0,0,0,89776,0,0,0
1744061975.001463,600039,21131155,0,nscratch,nscratch-ffff9a448cc17800,0,0,2720271217,29413147,0,0,5625,0,0,0,0,0,0,0,0,0,0,0,0,0,0,0,0,0,0,0,0,0,0,0,0,288,0,0,0
1744061975.001605,600039,21131155,0,pscratch,pscratch-ffff9a44613c4800,0,0,238996538782,169496694775,0,0,216340,0,0,0,0,0,0,0,0,0,0,0,0,0,0,0,0,0,0,0,0,0,0,0,0,89776,0,0,0
1744061976.001747,600039,21131155,0,nscratch,nscratch-ffff9a448cc17800,0,0,2720271217,29413147,0,0,5625,0,0,0,0,0,0,0,0,0,0,0,0,0,0,0,0,0,0,0,0,0,0,0,0,288,0,0,0
1744061976.001888,600039,21131155,0,pscratch,pscratch-ffff9a44613c4800,0,0,238996538782,169496694775,0,0,216340,0,0,0,0,0,0,0,0,0,0,0,0,0,0,0,0,0,0,0,0,0,0,0,0,89776,0,0,0
1744061977.001381,600039,21131155,0,nscratch,nscratch-ffff9a448cc17800,0,0,2720271217,29413147,0,0,5625,0,0,0,0,0,0,0,0,0,0,0,0,0,0,0,0,0,0,0,0,0,0,0,0,288,0,0,0
1744061977.001529,600039,21131155,0,pscratch,pscratch-ffff9a44613c4800,0,0,238996538782,169496694775,0,0,216340,0,0,0,0,0,0,0,0,0,0,0,0,0,0,0,0,0,0,0,0,0,0,0,0,89776,0,0,0
1744061978.001872,600039,21131155,0,nscratch,nscratch-ffff9a448cc17800,0,0,2720271217,29413147,0,0,5625,0,0,0,0,0,0,0,0,0,0,0,0,0,0,0,0,0,0,0,0,0,0,0,0,288,0,0,0
1744061978.002012,600039,21131155,0,pscratch,pscratch-ffff9a44613c4800,0,0,238996538782,169496694775,0,0,216340,0,0,0,0,0,0,0,0,0,0,0,0,0,0,0,0,0,0,0,0,0,0,0,0,89776,0,0,0
1744061979.001150,600039,21131155,0,nscratch,nscratch-ffff9a448cc17800,0,0,2720271217,29413147,0,0,5625,0,0,0,0,0,0,0,0,0,0,0,0,0,0,0,0,0,0,0,0,0,0,0,0,288,0,0,0
1744061979.001289,600039,21131155,0,pscratch,pscratch-ffff9a44613c4800,0,0,238996538782,169496694775,0,0,216340,0,0,0,0,0,0,0,0,0,0,0,0,0,0,0,0,0,0,0,0,0,0,0,0,89776,0,0,0
1744061980.001797,600039,21131155,0,nscratch,nscratch-ffff9a448cc17800,0,0,2720271217,29413147,0,0,5625,0,0,0,0,0,0,0,0,0,0,0,0,0,0,0,0,0,0,0,0,0,0,0,0,288,0,0,0
1744061980.001937,600039,21131155,0,pscratch,pscratch-ffff9a44613c4800,0,0,238996538782,169496694775,0,0,216340,0,0,0,0,0,0,0,0,0,0,0,0,0,0,0,0,0,0,0,0,0,0,0,0,89776,0,0,0
1744061981.002280,600039,21131155,0,nscratch,nscratch-ffff9a448cc17800,0,0,2720271217,29413147,0,0,5625,0,0,0,0,0,0,0,0,0,0,0,0,0,0,0,0,0,0,0,0,0,0,0,0,288,0,0,0
1744061981.002427,600039,21131155,0,pscratch,pscratch-ffff9a44613c4800,0,0,238996538782,169496694775,0,0,216340,0,0,0,0,0,0,0,0,0,0,0,0,0,0,0,0,0,0,0,0,0,0,0,0,89776,0,0,0
1744061982.001572,600039,21131155,0,nscratch,nscratch-ffff9a448cc17800,0,0,2720271217,29413147,0,0,5625,0,0,0,0,0,0,0,0,0,0,0,0,0,0,0,0,0,0,0,0,0,0,0,0,288,0,0,0
1744061982.001713,600039,21131155,0,pscratch,pscratch-ffff9a44613c4800,0,0,238996538782,169496694775,0,0,216340,0,0,0,0,0,0,0,0,0,0,0,0,0,0,0,0,0,0,0,0,0,0,0,0,89776,0,0,0
1744061983.002212,600039,21131155,0,nscratch,nscratch-ffff9a448cc17800,0,0,2720271217,29413147,0,0,5625,0,0,0,0,0,0,0,0,0,0,0,0,0,0,0,0,0,0,0,0,0,0,0,0,288,0,0,0
1744061983.002352,600039,21131155,0,pscratch,pscratch-ffff9a44613c4800,0,0,238996538782,169496694775,0,0,216340,0,0,0,0,0,0,0,0,0,0,0,0,0,0,0,0,0,0,0,0,0,0,0,0,89776,0,0,0
1744061984.001701,600039,21131155,0,nscratch,nscratch-ffff9a448cc17800,0,0,2720271217,29413147,0,0,5625,0,0,0,0,0,0,0,0,0,0,0,0,0,0,0,0,0,0,0,0,0,0,0,0,288,0,0,0
1744061984.001842,600039,21131155,0,pscratch,pscratch-ffff9a44613c4800,0,0,238996538782,169496694775,0,0,216340,0,0,0,0,0,0,0,0,0,0,0,0,0,0,0,0,0,0,0,0,0,0,0,0,89776,0,0,0
1744061985.001982,600039,21131155,0,nscratch,nscratch-ffff9a448cc17800,0,0,2720271217,29413147,0,0,5625,0,0,0,0,0,0,0,0,0,0,0,0,0,0,0,0,0,0,0,0,0,0,0,0,288,0,0,0
1744061985.002122,600039,21131155,0,pscratch,pscratch-ffff9a44613c4800,0,0,238996538782,169496694775,0,0,216340,0,0,0,0,0,0,0,0,0,0,0,0,0,0,0,0,0,0,0,0,0,0,0,0,89776,0,0,0
1744061986.001625,600039,21131155,0,nscratch,nscratch-ffff9a448cc17800,0,0,2720271217,29413147,0,0,5625,0,0,0,0,0,0,0,0,0,0,0,0,0,0,0,0,0,0,0,0,0,0,0,0,288,0,0,0
1744061986.001766,600039,21131155,0,pscratch,pscratch-ffff9a44613c4800,0,0,238996538782,169496694775,0,0,216340,0,0,0,0,0,0,0,0,0,0,0,0,0,0,0,0,0,0,0,0,0,0,0,0,89776,0,0,0
1744061987.002108,600039,21131155,0,nscratch,nscratch-ffff9a448cc17800,0,0,2720271217,29413147,0,0,5625,0,0,0,0,0,0,0,0,0,0,0,0,0,0,0,0,0,0,0,0,0,0,0,0,288,0,0,0
1744061987.002248,600039,21131155,0,pscratch,pscratch-ffff9a44613c4800,0,0,238996538782,169496694775,0,0,216340,0,0,0,0,0,0,0,0,0,0,0,0,0,0,0,0,0,0,0,0,0,0,0,0,89776,0,0,0
1744061988.001385,600039,21131155,0,nscratch,nscratch-ffff9a448cc17800,0,0,2720271217,29413147,0,0,5625,0,0,0,0,0,0,0,0,0,0,0,0,0,0,0,0,0,0,0,0,0,0,0,0,288,0,0,0
1744061988.001530,600039,21131155,0,pscratch,pscratch-ffff9a44613c4800,0,0,238996538782,169496694775,0,0,216340,0,0,0,0,0,0,0,0,0,0,0,0,0,0,0,0,0,0,0,0,0,0,0,0,89776,0,0,0
1744061989.002026,600039,21131155,0,nscratch,nscratch-ffff9a448cc17800,0,0,2720271217,29413147,0,0,5625,0,0,0,0,0,0,0,0,0,0,0,0,0,0,0,0,0,0,0,0,0,0,0,0,288,0,0,0
1744061989.002166,600039,21131155,0,pscratch,pscratch-ffff9a44613c4800,0,0,238996538782,169496694775,0,0,216340,0,0,0,0,0,0,0,0,0,0,0,0,0,0,0,0,0,0,0,0,0,0,0,0,89776,0,0,0
1744061990.001518,600039,21131155,0,nscratch,nscratch-ffff9a448cc17800,0,0,2720271217,29413147,0,0,5625,0,0,0,0,0,0,0,0,0,0,0,0,0,0,0,0,0,0,0,0,0,0,0,0,288,0,0,0
1744061990.001658,600039,21131155,0,pscratch,pscratch-ffff9a44613c4800,0,0,238996538782,169496694775,0,0,216340,0,0,0,0,0,0,0,0,0,0,0,0,0,0,0,0,0,0,0,0,0,0,0,0,89776,0,0,0
1744061991.001801,600039,21131155,0,nscratch,nscratch-ffff9a448cc17800,0,0,2720271217,29413147,0,0,5625,0,0,0,0,0,0,0,0,0,0,0,0,0,0,0,0,0,0,0,0,0,0,0,0,288,0,0,0
1744061991.001942,600039,21131155,0,pscratch,pscratch-ffff9a44613c4800,0,0,238996538782,169496694775,0,0,216340,0,0,0,0,0,0,0,0,0,0,0,0,0,0,0,0,0,0,0,0,0,0,0,0,89776,0,0,0
1744061992.001448,600039,21131155,0,nscratch,nscratch-ffff9a448cc17800,0,0,2720271217,29413147,0,0,5625,0,0,0,0,0,0,0,0,0,0,0,0,0,0,0,0,0,0,0,0,0,0,0,0,288,0,0,0
1744061992.001590,600039,21131155,0,pscratch,pscratch-ffff9a44613c4800,0,0,238996538782,169496694775,0,0,216340,0,0,0,0,0,0,0,0,0,0,0,0,0,0,0,0,0,0,0,0,0,0,0,0,89776,0,0,0
1744061993.001933,600039,21131155,0,nscratch,nscratch-ffff9a448cc17800,0,0,2720271217,29413147,0,0,5625,0,0,0,0,0,0,0,0,0,0,0,0,0,0,0,0,0,0,0,0,0,0,0,0,288,0,0,0
1744061993.002073,600039,21131155,0,pscratch,pscratch-ffff9a44613c4800,0,0,238996538782,169496694775,0,0,216340,0,0,0,0,0,0,0,0,0,0,0,0,0,0,0,0,0,0,0,0,0,0,0,0,89776,0,0,0
1744061994.001213,600039,21131155,0,nscratch,nscratch-ffff9a448cc17800,0,0,2720271217,29413147,0,0,5625,0,0,0,0,0,0,0,0,0,0,0,0,0,0,0,0,0,0,0,0,0,0,0,0,288,0,0,0
1744061994.001354,600039,21131155,0,pscratch,pscratch-ffff9a44613c4800,0,0,238996538782,169496694775,0,0,216340,0,0,0,0,0,0,0,0,0,0,0,0,0,0,0,0,0,0,0,0,0,0,0,0,89776,0,0,0
1744061995.001864,600039,21131155,0,nscratch,nscratch-ffff9a448cc17800,0,0,2720271217,29413147,0,0,5625,0,0,0,0,0,0,0,0,0,0,0,0,0,0,0,0,0,0,0,0,0,0,0,0,288,0,0,0
1744061995.002005,600039,21131155,0,pscratch,pscratch-ffff9a44613c4800,0,0,238996538782,169496694775,0,0,216340,0,0,0,0,0,0,0,0,0,0,0,0,0,0,0,0,0,0,0,0,0,0,0,0,89776,0,0,0
1744061996.001348,600039,21131155,0,nscratch,nscratch-ffff9a448cc17800,0,0,2720271217,29413147,0,0,5625,0,0,0,0,0,0,0,0,0,0,0,0,0,0,0,0,0,0,0,0,0,0,0,0,288,0,0,0
1744061996.001496,600039,21131155,0,pscratch,pscratch-ffff9a44613c4800,0,0,238996538782,169496694775,0,0,216340,0,0,0,0,0,0,0,0,0,0,0,0,0,0,0,0,0,0,0,0,0,0,0,0,89776,0,0,0
1744061997.001637,600039,21131155,0,nscratch,nscratch-ffff9a448cc17800,0,0,2720271217,29413147,0,0,5625,0,0,0,0,0,0,0,0,0,0,0,0,0,0,0,0,0,0,0,0,0,0,0,0,288,0,0,0
1744061997.001778,600039,21131155,0,pscratch,pscratch-ffff9a44613c4800,0,0,238996538782,169496694775,0,0,216340,0,0,0,0,0,0,0,0,0,0,0,0,0,0,0,0,0,0,0,0,0,0,0,0,89776,0,0,0
1744061998.002276,600039,21131155,0,nscratch,nscratch-ffff9a448cc17800,0,0,2720271217,29413147,0,0,5625,0,0,0,0,0,0,0,0,0,0,0,0,0,0,0,0,0,0,0,0,0,0,0,0,288,0,0,0
1744061998.002416,600039,21131155,0,pscratch,pscratch-ffff9a44613c4800,0,0,238996538782,169496694775,0,0,216340,0,0,0,0,0,0,0,0,0,0,0,0,0,0,0,0,0,0,0,0,0,0,0,0,89776,0,0,0
1744061999.001763,600039,21131155,0,nscratch,nscratch-ffff9a448cc17800,0,0,2720271217,29413147,0,0,5625,0,0,0,0,0,0,0,0,0,0,0,0,0,0,0,0,0,0,0,0,0,0,0,0,288,0,0,0
1744061999.001903,600039,21131155,0,pscratch,pscratch-ffff9a44613c4800,0,0,238996538782,169496694775,0,0,216340,0,0,0,0,0,0,0,0,0,0,0,0,0,0,0,0,0,0,0,0,0,0,0,0,89776,0,0,0
1744062000.002043,600039,21131155,0,nscratch,nscratch-ffff9a448cc17800,0,0,2720271217,29413147,0,0,5625,0,0,0,0,0,0,0,0,0,0,0,0,0,0,0,0,0,0,0,0,0,0,0,0,288,0,0,0
1744062000.002183,600039,21131155,0,pscratch,pscratch-ffff9a44613c4800,0,0,238996538782,169496694775,0,0,216340,0,0,0,0,0,0,0,0,0,0,0,0,0,0,0,0,0,0,0,0,0,0,0,0,89776,0,0,0
1744062001.001825,600039,21131155,0,nscratch,nscratch-ffff9a448cc17800,0,0,2720271217,29413147,0,0,5625,0,0,0,0,0,0,0,0,0,0,0,0,0,0,0,0,0,0,0,0,0,0,0,0,288,0,0,0
1744062001.001967,600039,21131155,0,pscratch,pscratch-ffff9a44613c4800,0,0,238996538782,169496694775,0,0,216340,0,0,0,0,0,0,0,0,0,0,0,0,0,0,0,0,0,0,0,0,0,0,0,0,89776,0,0,0
1744062002.002312,600039,21131155,0,nscratch,nscratch-ffff9a448cc17800,0,0,2720271217,29413147,0,0,5625,0,0,0,0,0,0,0,0,0,0,0,0,0,0,0,0,0,0,0,0,0,0,0,0,288,0,0,0
1744062002.002459,600039,21131155,0,pscratch,pscratch-ffff9a44613c4800,0,0,238996538782,169496694775,0,0,216340,0,0,0,0,0,0,0,0,0,0,0,0,0,0,0,0,0,0,0,0,0,0,0,0,89776,0,0,0
1744062003.001601,600039,21131155,0,nscratch,nscratch-ffff9a448cc17800,0,0,2720271217,29413147,0,0,5625,0,0,0,0,0,0,0,0,0,0,0,0,0,0,0,0,0,0,0,0,0,0,0,0,288,0,0,0
1744062003.001741,600039,21131155,0,pscratch,pscratch-ffff9a44613c4800,0,0,238996538782,169496694775,0,0,216340,0,0,0,0,0,0,0,0,0,0,0,0,0,0,0,0,0,0,0,0,0,0,0,0,89776,0,0,0
1744062004.002240,600039,21131155,0,nscratch,nscratch-ffff9a448cc17800,0,0,2720271217,29413147,0,0,5625,0,0,0,0,0,0,0,0,0,0,0,0,0,0,0,0,0,0,0,0,0,0,0,0,288,0,0,0
1744062004.002381,600039,21131155,0,pscratch,pscratch-ffff9a44613c4800,0,0,238996538782,169496694775,0,0,216340,0,0,0,0,0,0,0,0,0,0,0,0,0,0,0,0,0,0,0,0,0,0,0,0,89776,0,0,0
1744062005.001728,600039,21131155,0,nscratch,nscratch-ffff9a448cc17800,0,0,2720271217,29413147,0,0,5625,0,0,0,0,0,0,0,0,0,0,0,0,0,0,0,0,0,0,0,0,0,0,0,0,288,0,0,0
1744062005.001868,600039,21131155,0,pscratch,pscratch-ffff9a44613c4800,0,0,238996538782,169496694775,0,0,216340,0,0,0,0,0,0,0,0,0,0,0,0,0,0,0,0,0,0,0,0,0,0,0,0,89776,0,0,0
1744062006.002010,600039,21131155,0,nscratch,nscratch-ffff9a448cc17800,0,0,2720271217,29413147,0,0,5625,0,0,0,0,0,0,0,0,0,0,0,0,0,0,0,0,0,0,0,0,0,0,0,0,288,0,0,0
1744062006.002150,600039,21131155,0,pscratch,pscratch-ffff9a44613c4800,0,0,238996538782,169496694775,0,0,216340,0,0,0,0,0,0,0,0,0,0,0,0,0,0,0,0,0,0,0,0,0,0,0,0,89776,0,0,0
1744062007.001649,600039,21131155,0,nscratch,nscratch-ffff9a448cc17800,0,0,2720271217,29413147,0,0,5625,0,0,0,0,0,0,0,0,0,0,0,0,0,0,0,0,0,0,0,0,0,0,0,0,288,0,0,0
1744062007.001789,600039,21131155,0,pscratch,pscratch-ffff9a44613c4800,0,0,238996538782,169496694775,0,0,216340,0,0,0,0,0,0,0,0,0,0,0,0,0,0,0,0,0,0,0,0,0,0,0,0,89776,0,0,0
1744062008.002134,600039,21131155,0,nscratch,nscratch-ffff9a448cc17800,0,0,2720271217,29413147,0,0,5625,0,0,0,0,0,0,0,0,0,0,0,0,0,0,0,0,0,0,0,0,0,0,0,0,288,0,0,0
1744062008.002275,600039,21131155,0,pscratch,pscratch-ffff9a44613c4800,0,0,238996538782,169496694775,0,0,216340,0,0,0,0,0,0,0,0,0,0,0,0,0,0,0,0,0,0,0,0,0,0,0,0,89776,0,0,0
1744062009.001415,600039,21131155,0,nscratch,nscratch-ffff9a448cc17800,0,0,2720271217,29413147,0,0,5625,0,0,0,0,0,0,0,0,0,0,0,0,0,0,0,0,0,0,0,0,0,0,0,0,288,0,0,0
1744062009.001562,600039,21131155,0,pscratch,pscratch-ffff9a44613c4800,0,0,238996538782,169496694775,0,0,216340,0,0,0,0,0,0,0,0,0,0,0,0,0,0,0,0,0,0,0,0,0,0,0,0,89776,0,0,0
1744062010.002070,600039,21131155,0,nscratch,nscratch-ffff9a448cc17800,0,0,2720271217,29413147,0,0,5625,0,0,0,0,0,0,0,0,0,0,0,0,0,0,0,0,0,0,0,0,0,0,0,0,288,0,0,0
1744062010.002212,600039,21131155,0,pscratch,pscratch-ffff9a44613c4800,0,0,238996538782,169496694775,0,0,216340,0,0,0,0,0,0,0,0,0,0,0,0,0,0,0,0,0,0,0,0,0,0,0,0,89776,0,0,0
1744062011.001561,600039,21131155,0,nscratch,nscratch-ffff9a448cc17800,0,0,2720271217,29413147,0,0,5625,0,0,0,0,0,0,0,0,0,0,0,0,0,0,0,0,0,0,0,0,0,0,0,0,288,0,0,0
1744062011.001701,600039,21131155,0,pscratch,pscratch-ffff9a44613c4800,0,0,238996538782,169496694775,0,0,216340,0,0,0,0,0,0,0,0,0,0,0,0,0,0,0,0,0,0,0,0,0,0,0,0,89776,0,0,0
1744062012.001845,600039,21131155,0,nscratch,nscratch-ffff9a448cc17800,0,0,2720271217,29413147,0,0,5625,0,0,0,0,0,0,0,0,0,0,0,0,0,0,0,0,0,0,0,0,0,0,0,0,288,0,0,0
1744062012.001986,600039,21131155,0,pscratch,pscratch-ffff9a44613c4800,0,0,238996538782,169496694775,0,0,216340,0,0,0,0,0,0,0,0,0,0,0,0,0,0,0,0,0,0,0,0,0,0,0,0,89776,0,0,0
1744062013.001515,600039,21131155,0,nscratch,nscratch-ffff9a448cc17800,0,0,2720271217,29413147,0,0,5625,0,0,0,0,0,0,0,0,0,0,0,0,0,0,0,0,0,0,0,0,0,0,0,0,288,0,0,0
1744062013.001656,600039,21131155,0,pscratch,pscratch-ffff9a44613c4800,0,0,238996538782,169496694775,0,0,216340,0,0,0,0,0,0,0,0,0,0,0,0,0,0,0,0,0,0,0,0,0,0,0,0,89776,0,0,0
1744062014.002017,600039,21131155,0,nscratch,nscratch-ffff9a448cc17800,0,0,2720271217,29413147,0,0,5625,0,0,0,0,0,0,0,0,0,0,0,0,0,0,0,0,0,0,0,0,0,0,0,0,288,0,0,0
1744062014.002158,600039,21131155,0,pscratch,pscratch-ffff9a44613c4800,0,0,238996538782,169496694775,0,0,216340,0,0,0,0,0,0,0,0,0,0,0,0,0,0,0,0,0,0,0,0,0,0,0,0,89776,0,0,0
1744062015.001298,600039,21131155,0,nscratch,nscratch-ffff9a448cc17800,0,0,2720271217,29413147,0,0,5625,0,0,0,0,0,0,0,0,0,0,0,0,0,0,0,0,0,0,0,0,0,0,0,0,288,0,0,0
1744062015.001444,600039,21131155,0,pscratch,pscratch-ffff9a44613c4800,0,0,238996538782,169496694775,0,0,216340,0,0,0,0,0,0,0,0,0,0,0,0,0,0,0,0,0,0,0,0,0,0,0,0,89776,0,0,0
1744062016.001947,600039,21131155,0,nscratch,nscratch-ffff9a448cc17800,0,0,2720271217,29413147,0,0,5625,0,0,0,0,0,0,0,0,0,0,0,0,0,0,0,0,0,0,0,0,0,0,0,0,288,0,0,0
1744062016.002088,600039,21131155,0,pscratch,pscratch-ffff9a44613c4800,0,0,238996538782,169496694775,0,0,216340,0,0,0,0,0,0,0,0,0,0,0,0,0,0,0,0,0,0,0,0,0,0,0,0,89776,0,0,0
1744062017.001435,600039,21131155,0,nscratch,nscratch-ffff9a448cc17800,0,0,2720271217,29413147,0,0,5625,0,0,0,0,0,0,0,0,0,0,0,0,0,0,0,0,0,0,0,0,0,0,0,0,288,0,0,0
1744062017.001576,600039,21131155,0,pscratch,pscratch-ffff9a44613c4800,0,0,238996538782,169496694775,0,0,216340,0,0,0,0,0,0,0,0,0,0,0,0,0,0,0,0,0,0,0,0,0,0,0,0,89776,0,0,0
1744062018.001716,600039,21131155,0,nscratch,nscratch-ffff9a448cc17800,0,0,2720271217,29413147,0,0,5625,0,0,0,0,0,0,0,0,0,0,0,0,0,0,0,0,0,0,0,0,0,0,0,0,288,0,0,0
1744062018.001857,600039,21131155,0,pscratch,pscratch-ffff9a44613c4800,0,0,238996538782,169496694775,0,0,216340,0,0,0,0,0,0,0,0,0,0,0,0,0,0,0,0,0,0,0,0,0,0,0,0,89776,0,0,0
1744062019.001351,600039,21131155,0,nscratch,nscratch-ffff9a448cc17800,0,0,2720271217,29413147,0,0,5625,0,0,0,0,0,0,0,0,0,0,0,0,0,0,0,0,0,0,0,0,0,0,0,0,288,0,0,0
1744062019.001497,600039,21131155,0,pscratch,pscratch-ffff9a44613c4800,0,0,238996538782,169496694775,0,0,216340,0,0,0,0,0,0,0,0,0,0,0,0,0,0,0,0,0,0,0,0,0,0,0,0,89776,0,0,0
1744062020.001839,600039,21131155,0,nscratch,nscratch-ffff9a448cc17800,0,0,2720271217,29413147,0,0,5625,0,0,0,0,0,0,0,0,0,0,0,0,0,0,0,0,0,0,0,0,0,0,0,0,288,0,0,0
1744062020.001979,600039,21131155,0,pscratch,pscratch-ffff9a44613c4800,0,0,238996538782,169496694775,0,0,216340,0,0,0,0,0,0,0,0,0,0,0,0,0,0,0,0,0,0,0,0,0,0,0,0,89776,0,0,0
1744062021.002120,600039,21131155,0,nscratch,nscratch-ffff9a448cc17800,0,0,2720271217,29413147,0,0,5625,0,0,0,0,0,0,0,0,0,0,0,0,0,0,0,0,0,0,0,0,0,0,0,0,288,0,0,0
1744062021.002261,600039,21131155,0,pscratch,pscratch-ffff9a44613c4800,0,0,238996538782,169496694775,0,0,216340,0,0,0,0,0,0,0,0,0,0,0,0,0,0,0,0,0,0,0,0,0,0,0,0,89776,0,0,0
1744062022.001760,600039,21131155,0,nscratch,nscratch-ffff9a448cc17800,0,0,2720271217,29413147,0,0,5625,0,0,0,0,0,0,0,0,0,0,0,0,0,0,0,0,0,0,0,0,0,0,0,0,288,0,0,0
1744062022.001901,600039,21131155,0,pscratch,pscratch-ffff9a44613c4800,0,0,238996538782,169496694775,0,0,216340,0,0,0,0,0,0,0,0,0,0,0,0,0,0,0,0,0,0,0,0,0,0,0,0,89776,0,0,0
1744062023.002246,600039,21131155,0,nscratch,nscratch-ffff9a448cc17800,0,0,2720271217,29413147,0,0,5625,0,0,0,0,0,0,0,0,0,0,0,0,0,0,0,0,0,0,0,0,0,0,0,0,288,0,0,0
1744062023.002387,600039,21131155,0,pscratch,pscratch-ffff9a44613c4800,0,0,238996538782,169496694775,0,0,216340,0,0,0,0,0,0,0,0,0,0,0,0,0,0,0,0,0,0,0,0,0,0,0,0,89776,0,0,0
1744062024.001532,600039,21131155,0,nscratch,nscratch-ffff9a448cc17800,0,0,2720271217,29413147,0,0,5625,0,0,0,0,0,0,0,0,0,0,0,0,0,0,0,0,0,0,0,0,0,0,0,0,288,0,0,0
1744062024.001673,600039,21131155,0,pscratch,pscratch-ffff9a44613c4800,0,0,238996538782,169496694775,0,0,216340,0,0,0,0,0,0,0,0,0,0,0,0,0,0,0,0,0,0,0,0,0,0,0,0,89776,0,0,0
1744062025.002175,600039,21131155,0,nscratch,nscratch-ffff9a448cc17800,0,0,2720271217,29413147,0,0,5625,0,0,0,0,0,0,0,0,0,0,0,0,0,0,0,0,0,0,0,0,0,0,0,0,288,0,0,0
1744062025.002316,600039,21131155,0,pscratch,pscratch-ffff9a44613c4800,0,0,238996538782,169496694775,0,0,216340,0,0,0,0,0,0,0,0,0,0,0,0,0,0,0,0,0,0,0,0,0,0,0,0,89776,0,0,0
1744062026.001663,600039,21131155,0,nscratch,nscratch-ffff9a448cc17800,0,0,2720271217,29413147,0,0,5625,0,0,0,0,0,0,0,0,0,0,0,0,0,0,0,0,0,0,0,0,0,0,0,0,288,0,0,0
1744062026.001803,600039,21131155,0,pscratch,pscratch-ffff9a44613c4800,0,0,238996538782,169496694775,0,0,216340,0,0,0,0,0,0,0,0,0,0,0,0,0,0,0,0,0,0,0,0,0,0,0,0,89776,0,0,0
1744062027.001942,600039,21131155,0,nscratch,nscratch-ffff9a448cc17800,0,0,2720271217,29413147,0,0,5625,0,0,0,0,0,0,0,0,0,0,0,0,0,0,0,0,0,0,0,0,0,0,0,0,288,0,0,0
1744062027.002083,600039,21131155,0,pscratch,pscratch-ffff9a44613c4800,0,0,238996538782,169496694775,0,0,216340,0,0,0,0,0,0,0,0,0,0,0,0,0,0,0,0,0,0,0,0,0,0,0,0,89776,0,0,0
1744062028.001582,600039,21131155,0,nscratch,nscratch-ffff9a448cc17800,0,0,2720271217,29413147,0,0,5625,0,0,0,0,0,0,0,0,0,0,0,0,0,0,0,0,0,0,0,0,0,0,0,0,288,0,0,0
1744062028.001721,600039,21131155,0,pscratch,pscratch-ffff9a44613c4800,0,0,238996538782,169496694775,0,0,216340,0,0,0,0,0,0,0,0,0,0,0,0,0,0,0,0,0,0,0,0,0,0,0,0,89776,0,0,0
1744062029.002064,600039,21131155,0,nscratch,nscratch-ffff9a448cc17800,0,0,2720271217,29413147,0,0,5625,0,0,0,0,0,0,0,0,0,0,0,0,0,0,0,0,0,0,0,0,0,0,0,0,288,0,0,0
1744062029.002204,600039,21131155,0,pscratch,pscratch-ffff9a44613c4800,0,0,238996538782,169496694775,0,0,216340,0,0,0,0,0,0,0,0,0,0,0,0,0,0,0,0,0,0,0,0,0,0,0,0,89776,0,0,0
1744062030.001345,600039,21131155,0,nscratch,nscratch-ffff9a448cc17800,0,0,2720271217,29413147,0,0,5625,0,0,0,0,0,0,0,0,0,0,0,0,0,0,0,0,0,0,0,0,0,0,0,0,288,0,0,0
1744062030.001490,600039,21131155,0,pscratch,pscratch-ffff9a44613c4800,0,0,238996538782,169496694775,0,0,216340,0,0,0,0,0,0,0,0,0,0,0,0,0,0,0,0,0,0,0,0,0,0,0,0,89776,0,0,0
1744062031.001987,600039,21131155,0,nscratch,nscratch-ffff9a448cc17800,0,0,2720271217,29413147,0,0,5625,0,0,0,0,0,0,0,0,0,0,0,0,0,0,0,0,0,0,0,0,0,0,0,0,288,0,0,0
1744062031.002128,600039,21131155,0,pscratch,pscratch-ffff9a44613c4800,0,0,238996538782,169496694775,0,0,216340,0,0,0,0,0,0,0,0,0,0,0,0,0,0,0,0,0,0,0,0,0,0,0,0,89776,0,0,0
1744062032.001472,600039,21131155,0,nscratch,nscratch-ffff9a448cc17800,0,0,2720271217,29413147,0,0,5625,0,0,0,0,0,0,0,0,0,0,0,0,0,0,0,0,0,0,0,0,0,0,0,0,288,0,0,0
1744062032.001613,600039,21131155,0,pscratch,pscratch-ffff9a44613c4800,0,0,238996538782,169496694775,0,0,216340,0,0,0,0,0,0,0,0,0,0,0,0,0,0,0,0,0,0,0,0,0,0,0,0,89776,0,0,0
1744062033.001754,600039,21131155,0,nscratch,nscratch-ffff9a448cc17800,0,0,2720271217,29413147,0,0,5625,0,0,0,0,0,0,0,0,0,0,0,0,0,0,0,0,0,0,0,0,0,0,0,0,288,0,0,0
1744062033.001896,600039,21131155,0,pscratch,pscratch-ffff9a44613c4800,0,0,238996538782,169496694775,0,0,216340,0,0,0,0,0,0,0,0,0,0,0,0,0,0,0,0,0,0,0,0,0,0,0,0,89776,0,0,0
1744062034.001393,600039,21131155,0,nscratch,nscratch-ffff9a448cc17800,0,0,2720271217,29413147,0,0,5625,0,0,0,0,0,0,0,0,0,0,0,0,0,0,0,0,0,0,0,0,0,0,0,0,288,0,0,0
1744062034.001539,600039,21131155,0,pscratch,pscratch-ffff9a44613c4800,0,0,238996538782,169496694775,0,0,216340,0,0,0,0,0,0,0,0,0,0,0,0,0,0,0,0,0,0,0,0,0,0,0,0,89776,0,0,0
1744062035.001882,600039,21131155,0,nscratch,nscratch-ffff9a448cc17800,0,0,2720271217,29413147,0,0,5625,0,0,0,0,0,0,0,0,0,0,0,0,0,0,0,0,0,0,0,0,0,0,0,0,288,0,0,0
1744062035.002022,600039,21131155,0,pscratch,pscratch-ffff9a44613c4800,0,0,238996538782,169496694775,0,0,216340,0,0,0,0,0,0,0,0,0,0,0,0,0,0,0,0,0,0,0,0,0,0,0,0,89776,0,0,0
1744062036.001159,600039,21131155,0,nscratch,nscratch-ffff9a448cc17800,0,0,2720271217,29413147,0,0,5625,0,0,0,0,0,0,0,0,0,0,0,0,0,0,0,0,0,0,0,0,0,0,0,0,288,0,0,0
1744062036.001298,600039,21131155,0,pscratch,pscratch-ffff9a44613c4800,0,0,238996538782,169496694775,0,0,216340,0,0,0,0,0,0,0,0,0,0,0,0,0,0,0,0,0,0,0,0,0,0,0,0,89776,0,0,0
1744062037.001798,600039,21131155,0,nscratch,nscratch-ffff9a448cc17800,0,0,2720271217,29413147,0,0,5625,0,0,0,0,0,0,0,0,0,0,0,0,0,0,0,0,0,0,0,0,0,0,0,0,288,0,0,0
1744062037.001939,600039,21131155,0,pscratch,pscratch-ffff9a44613c4800,0,0,238996538782,169496694775,0,0,216340,0,0,0,0,0,0,0,0,0,0,0,0,0,0,0,0,0,0,0,0,0,0,0,0,89776,0,0,0
1744062038.002283,600039,21131155,0,nscratch,nscratch-ffff9a448cc17800,0,0,2720271217,29413147,0,0,5625,0,0,0,0,0,0,0,0,0,0,0,0,0,0,0,0,0,0,0,0,0,0,0,0,288,0,0,0
1744062038.002429,600039,21131155,0,pscratch,pscratch-ffff9a44613c4800,0,0,238996538782,169496694775,0,0,216340,0,0,0,0,0,0,0,0,0,0,0,0,0,0,0,0,0,0,0,0,0,0,0,0,89776,0,0,0
1744062039.001568,600039,21131155,0,nscratch,nscratch-ffff9a448cc17800,0,0,2720271217,29413147,0,0,5625,0,0,0,0,0,0,0,0,0,0,0,0,0,0,0,0,0,0,0,0,0,0,0,0,288,0,0,0
1744062039.001709,600039,21131155,0,pscratch,pscratch-ffff9a44613c4800,0,0,238996538782,169496694775,0,0,216340,0,0,0,0,0,0,0,0,0,0,0,0,0,0,0,0,0,0,0,0,0,0,0,0,89776,0,0,0
1744062040.002204,600039,21131155,0,nscratch,nscratch-ffff9a448cc17800,0,0,2720271217,29413147,0,0,5625,0,0,0,0,0,0,0,0,0,0,0,0,0,0,0,0,0,0,0,0,0,0,0,0,288,0,0,0
1744062040.002344,600039,21131155,0,pscratch,pscratch-ffff9a44613c4800,0,0,238996538782,169496694775,0,0,216340,0,0,0,0,0,0,0,0,0,0,0,0,0,0,0,0,0,0,0,0,0,0,0,0,89776,0,0,0
1744062041.001692,600039,21131155,0,nscratch,nscratch-ffff9a448cc17800,0,0,2720271217,29413147,0,0,5625,0,0,0,0,0,0,0,0,0,0,0,0,0,0,0,0,0,0,0,0,0,0,0,0,288,0,0,0
1744062041.001832,600039,21131155,0,pscratch,pscratch-ffff9a44613c4800,0,0,238996538782,169496694775,0,0,216340,0,0,0,0,0,0,0,0,0,0,0,0,0,0,0,0,0,0,0,0,0,0,0,0,89776,0,0,0
1744062042.001976,600039,21131155,0,nscratch,nscratch-ffff9a448cc17800,0,0,2720271217,29413147,0,0,5625,0,0,0,0,0,0,0,0,0,0,0,0,0,0,0,0,0,0,0,0,0,0,0,0,288,0,0,0
1744062042.002116,600039,21131155,0,pscratch,pscratch-ffff9a44613c4800,0,0,238996538782,169496694775,0,0,216340,0,0,0,0,0,0,0,0,0,0,0,0,0,0,0,0,0,0,0,0,0,0,0,0,89776,0,0,0
1744062043.001616,600039,21131155,0,nscratch,nscratch-ffff9a448cc17800,0,0,2720271217,29413147,0,0,5625,0,0,0,0,0,0,0,0,0,0,0,0,0,0,0,0,0,0,0,0,0,0,0,0,288,0,0,0
1744062043.001756,600039,21131155,0,pscratch,pscratch-ffff9a44613c4800,0,0,238996538782,169496694775,0,0,216340,0,0,0,0,0,0,0,0,0,0,0,0,0,0,0,0,0,0,0,0,0,0,0,0,89776,0,0,0
1744062044.002103,600039,21131155,0,nscratch,nscratch-ffff9a448cc17800,0,0,2720271217,29413147,0,0,5625,0,0,0,0,0,0,0,0,0,0,0,0,0,0,0,0,0,0,0,0,0,0,0,0,288,0,0,0
1744062044.002244,600039,21131155,0,pscratch,pscratch-ffff9a44613c4800,0,0,238996538782,169496694775,0,0,216340,0,0,0,0,0,0,0,0,0,0,0,0,0,0,0,0,0,0,0,0,0,0,0,0,89776,0,0,0
1744062045.001382,600039,21131155,0,nscratch,nscratch-ffff9a448cc17800,0,0,2720271217,29413147,0,0,5625,0,0,0,0,0,0,0,0,0,0,0,0,0,0,0,0,0,0,0,0,0,0,0,0,288,0,0,0
1744062045.001527,600039,21131155,0,pscratch,pscratch-ffff9a44613c4800,0,0,238996538782,169496694775,0,0,216340,0,0,0,0,0,0,0,0,0,0,0,0,0,0,0,0,0,0,0,0,0,0,0,0,89776,0,0,0
1744062046.002027,600039,21131155,0,nscratch,nscratch-ffff9a448cc17800,0,0,2720271217,29413147,0,0,5625,0,0,0,0,0,0,0,0,0,0,0,0,0,0,0,0,0,0,0,0,0,0,0,0,288,0,0,0
1744062046.002168,600039,21131155,0,pscratch,pscratch-ffff9a44613c4800,0,0,238996538782,169496694775,0,0,216340,0,0,0,0,0,0,0,0,0,0,0,0,0,0,0,0,0,0,0,0,0,0,0,0,89776,0,0,0
1744062047.001513,600039,21131155,0,nscratch,nscratch-ffff9a448cc17800,0,0,2720271217,29413147,0,0,5625,0,0,0,0,0,0,0,0,0,0,0,0,0,0,0,0,0,0,0,0,0,0,0,0,288,0,0,0
1744062047.001654,600039,21131155,0,pscratch,pscratch-ffff9a44613c4800,0,0,238996538782,169496694775,0,0,216340,0,0,0,0,0,0,0,0,0,0,0,0,0,0,0,0,0,0,0,0,0,0,0,0,89776,0,0,0
1744062048.001794,600039,21131155,0,nscratch,nscratch-ffff9a448cc17800,0,0,2720271217,29413147,0,0,5625,0,0,0,0,0,0,0,0,0,0,0,0,0,0,0,0,0,0,0,0,0,0,0,0,288,0,0,0
1744062048.001934,600039,21131155,0,pscratch,pscratch-ffff9a44613c4800,0,0,238996538782,169496694775,0,0,216340,0,0,0,0,0,0,0,0,0,0,0,0,0,0,0,0,0,0,0,0,0,0,0,0,89776,0,0,0
1744062049.001436,600039,21131155,0,nscratch,nscratch-ffff9a448cc17800,0,0,2720271217,29413147,0,0,5625,0,0,0,0,0,0,0,0,0,0,0,0,0,0,0,0,0,0,0,0,0,0,0,0,288,0,0,0
1744062049.001577,600039,21131155,0,pscratch,pscratch-ffff9a44613c4800,0,0,238996538782,169496694775,0,0,216340,0,0,0,0,0,0,0,0,0,0,0,0,0,0,0,0,0,0,0,0,0,0,0,0,89776,0,0,0
1744062050.001921,600039,21131155,0,nscratch,nscratch-ffff9a448cc17800,0,0,2720271217,29413147,0,0,5625,0,0,0,0,0,0,0,0,0,0,0,0,0,0,0,0,0,0,0,0,0,0,0,0,288,0,0,0
1744062050.002061,600039,21131155,0,pscratch,pscratch-ffff9a44613c4800,0,0,238996538782,169496694775,0,0,216340,0,0,0,0,0,0,0,0,0,0,0,0,0,0,0,0,0,0,0,0,0,0,0,0,89776,0,0,0
1744062051.001200,600039,21131155,0,nscratch,nscratch-ffff9a448cc17800,0,0,2720271217,29413147,0,0,5625,0,0,0,0,0,0,0,0,0,0,0,0,0,0,0,0,0,0,0,0,0,0,0,0,288,0,0,0
1744062051.001339,600039,21131155,0,pscratch,pscratch-ffff9a44613c4800,0,0,238996538782,169496694775,0,0,216340,0,0,0,0,0,0,0,0,0,0,0,0,0,0,0,0,0,0,0,0,0,0,0,0,89776,0,0,0
1744062052.001847,600039,21131155,0,nscratch,nscratch-ffff9a448cc17800,0,0,2720271217,29413147,0,0,5625,0,0,0,0,0,0,0,0,0,0,0,0,0,0,0,0,0,0,0,0,0,0,0,0,288,0,0,0
1744062052.001989,600039,21131155,0,pscratch,pscratch-ffff9a44613c4800,0,0,238996538782,169496694775,0,0,216340,0,0,0,0,0,0,0,0,0,0,0,0,0,0,0,0,0,0,0,0,0,0,0,0,89776,0,0,0
1744062053.001331,600039,21131155,0,nscratch,nscratch-ffff9a448cc17800,0,0,2720271217,29413147,0,0,5625,0,0,0,0,0,0,0,0,0,0,0,0,0,0,0,0,0,0,0,0,0,0,0,0,288,0,0,0
1744062053.001478,600039,21131155,0,pscratch,pscratch-ffff9a44613c4800,0,0,238996538782,169496694775,0,0,216340,0,0,0,0,0,0,0,0,0,0,0,0,0,0,0,0,0,0,0,0,0,0,0,0,89776,0,0,0
1744062054.001623,600039,21131155,0,nscratch,nscratch-ffff9a448cc17800,0,0,2720271217,29413147,0,0,5625,0,0,0,0,0,0,0,0,0,0,0,0,0,0,0,0,0,0,0,0,0,0,0,0,288,0,0,0
1744062054.001764,600039,21131155,0,pscratch,pscratch-ffff9a44613c4800,0,0,238996538782,169496694775,0,0,216340,0,0,0,0,0,0,0,0,0,0,0,0,0,0,0,0,0,0,0,0,0,0,0,0,89776,0,0,0
1744062055.002266,600039,21131155,0,nscratch,nscratch-ffff9a448cc17800,0,0,2720271217,29413147,0,0,5625,0,0,0,0,0,0,0,0,0,0,0,0,0,0,0,0,0,0,0,0,0,0,0,0,288,0,0,0
1744062055.002407,600039,21131155,0,pscratch,pscratch-ffff9a44613c4800,0,0,238996538782,169496694775,0,0,216340,0,0,0,0,0,0,0,0,0,0,0,0,0,0,0,0,0,0,0,0,0,0,0,0,89776,0,0,0
1744062056.001755,600039,21131155,0,nscratch,nscratch-ffff9a448cc17800,0,0,2720271217,29413147,0,0,5625,0,0,0,0,0,0,0,0,0,0,0,0,0,0,0,0,0,0,0,0,0,0,0,0,288,0,0,0
1744062056.001896,600039,21131155,0,pscratch,pscratch-ffff9a44613c4800,0,0,238996538782,169496694775,0,0,216340,0,0,0,0,0,0,0,0,0,0,0,0,0,0,0,0,0,0,0,0,0,0,0,0,89776,0,0,0
1744062057.002036,600039,21131155,0,nscratch,nscratch-ffff9a448cc17800,0,0,2720271217,29413147,0,0,5625,0,0,0,0,0,0,0,0,0,0,0,0,0,0,0,0,0,0,0,0,0,0,0,0,288,0,0,0
1744062057.002176,600039,21131155,0,pscratch,pscratch-ffff9a44613c4800,0,0,238996538782,169496694775,0,0,216340,0,0,0,0,0,0,0,0,0,0,0,0,0,0,0,0,0,0,0,0,0,0,0,0,89776,0,0,0
1744062058.001680,600039,21131155,0,nscratch,nscratch-ffff9a448cc17800,0,0,2720271217,29413147,0,0,5625,0,0,0,0,0,0,0,0,0,0,0,0,0,0,0,0,0,0,0,0,0,0,0,0,288,0,0,0
1744062058.001821,600039,21131155,0,pscratch,pscratch-ffff9a44613c4800,0,0,238996538782,169496694775,0,0,216340,0,0,0,0,0,0,0,0,0,0,0,0,0,0,0,0,0,0,0,0,0,0,0,0,89776,0,0,0
1744062059.002164,600039,21131155,0,nscratch,nscratch-ffff9a448cc17800,0,0,2720271217,29413147,0,0,5625,0,0,0,0,0,0,0,0,0,0,0,0,0,0,0,0,0,0,0,0,0,0,0,0,288,0,0,0
1744062059.002305,600039,21131155,0,pscratch,pscratch-ffff9a44613c4800,0,0,238996538782,169496694775,0,0,216340,0,0,0,0,0,0,0,0,0,0,0,0,0,0,0,0,0,0,0,0,0,0,0,0,89776,0,0,0
1744062060.001447,600039,21131155,0,nscratch,nscratch-ffff9a448cc17800,0,0,2720271217,29413147,0,0,5625,0,0,0,0,0,0,0,0,0,0,0,0,0,0,0,0,0,0,0,0,0,0,0,0,288,0,0,0
1744062060.001589,600039,21131155,0,pscratch,pscratch-ffff9a44613c4800,0,0,238996538782,169496694775,0,0,216340,0,0,0,0,0,0,0,0,0,0,0,0,0,0,0,0,0,0,0,0,0,0,0,0,89776,0,0,0
1744062061.002088,600039,21131155,0,nscratch,nscratch-ffff9a448cc17800,0,0,2720271217,29413147,0,0,5625,0,0,0,0,0,0,0,0,0,0,0,0,0,0,0,0,0,0,0,0,0,0,0,0,288,0,0,0
1744062061.002229,600039,21131155,0,pscratch,pscratch-ffff9a44613c4800,0,0,238996538782,169496694775,0,0,216340,0,0,0,0,0,0,0,0,0,0,0,0,0,0,0,0,0,0,0,0,0,0,0,0,89776,0,0,0
1744062062.001578,600039,21131155,0,nscratch,nscratch-ffff9a448cc17800,0,0,2720271217,29413147,0,0,5625,0,0,0,0,0,0,0,0,0,0,0,0,0,0,0,0,0,0,0,0,0,0,0,0,288,0,0,0
1744062062.001719,600039,21131155,0,pscratch,pscratch-ffff9a44613c4800,0,0,238996538782,169496694775,0,0,216340,0,0,0,0,0,0,0,0,0,0,0,0,0,0,0,0,0,0,0,0,0,0,0,0,89776,0,0,0
1744062063.001858,600039,21131155,0,nscratch,nscratch-ffff9a448cc17800,0,0,2720271217,29413147,0,0,5625,0,0,0,0,0,0,0,0,0,0,0,0,0,0,0,0,0,0,0,0,0,0,0,0,288,0,0,0
1744062063.001998,600039,21131155,0,pscratch,pscratch-ffff9a44613c4800,0,0,238996538782,169496694775,0,0,216340,0,0,0,0,0,0,0,0,0,0,0,0,0,0,0,0,0,0,0,0,0,0,0,0,89776,0,0,0
1744062064.001504,600039,21131155,0,nscratch,nscratch-ffff9a448cc17800,0,0,2720271217,29413147,0,0,5625,0,0,0,0,0,0,0,0,0,0,0,0,0,0,0,0,0,0,0,0,0,0,0,0,288,0,0,0
1744062064.001645,600039,21131155,0,pscratch,pscratch-ffff9a44613c4800,0,0,238996538782,169496694775,0,0,216340,0,0,0,0,0,0,0,0,0,0,0,0,0,0,0,0,0,0,0,0,0,0,0,0,89776,0,0,0
1744062065.001986,600039,21131155,0,nscratch,nscratch-ffff9a448cc17800,0,0,2720271217,29413147,0,0,5625,0,0,0,0,0,0,0,0,0,0,0,0,0,0,0,0,0,0,0,0,0,0,0,0,288,0,0,0
1744062065.002126,600039,21131155,0,pscratch,pscratch-ffff9a44613c4800,0,0,238996538782,169496694775,0,0,216340,0,0,0,0,0,0,0,0,0,0,0,0,0,0,0,0,0,0,0,0,0,0,0,0,89776,0,0,0
1744062066.001269,600039,21131155,0,nscratch,nscratch-ffff9a448cc17800,0,0,2720271217,29413147,0,0,5625,0,0,0,0,0,0,0,0,0,0,0,0,0,0,0,0,0,0,0,0,0,0,0,0,288,0,0,0
1744062066.001409,600039,21131155,0,pscratch,pscratch-ffff9a44613c4800,0,0,238996538782,169496694775,0,0,216340,0,0,0,0,0,0,0,0,0,0,0,0,0,0,0,0,0,0,0,0,0,0,0,0,89776,0,0,0
1744062067.001910,600039,21131155,0,nscratch,nscratch-ffff9a448cc17800,0,0,2720271217,29413147,0,0,5625,0,0,0,0,0,0,0,0,0,0,0,0,0,0,0,0,0,0,0,0,0,0,0,0,288,0,0,0
1744062067.002049,600039,21131155,0,pscratch,pscratch-ffff9a44613c4800,0,0,238996538782,169496694775,0,0,216340,0,0,0,0,0,0,0,0,0,0,0,0,0,0,0,0,0,0,0,0,0,0,0,0,89776,0,0,0
1744062068.001390,600039,21131155,0,nscratch,nscratch-ffff9a448cc17800,0,0,2720271217,29413147,0,0,5625,0,0,0,0,0,0,0,0,0,0,0,0,0,0,0,0,0,0,0,0,0,0,0,0,288,0,0,0
1744062068.001537,600039,21131155,0,pscratch,pscratch-ffff9a44613c4800,0,0,238996538782,169496694775,0,0,216340,0,0,0,0,0,0,0,0,0,0,0,0,0,0,0,0,0,0,0,0,0,0,0,0,89776,0,0,0
1744062069.001677,600039,21131155,0,nscratch,nscratch-ffff9a448cc17800,0,0,2720271217,29413147,0,0,5625,0,0,0,0,0,0,0,0,0,0,0,0,0,0,0,0,0,0,0,0,0,0,0,0,288,0,0,0
1744062069.001816,600039,21131155,0,pscratch,pscratch-ffff9a44613c4800,0,0,238996538782,169496694775,0,0,216340,0,0,0,0,0,0,0,0,0,0,0,0,0,0,0,0,0,0,0,0,0,0,0,0,89776,0,0,0
1744062070.001314,600039,21131155,0,nscratch,nscratch-ffff9a448cc17800,0,0,2720271217,29413147,0,0,5625,0,0,0,0,0,0,0,0,0,0,0,0,0,0,0,0,0,0,0,0,0,0,0,0,288,0,0,0
1744062070.001460,600039,21131155,0,pscratch,pscratch-ffff9a44613c4800,0,0,238996538782,169496694775,0,0,216340,0,0,0,0,0,0,0,0,0,0,0,0,0,0,0,0,0,0,0,0,0,0,0,0,89776,0,0,0
1744062071.001806,600039,21131155,0,nscratch,nscratch-ffff9a448cc17800,0,0,2720271217,29413147,0,0,5625,0,0,0,0,0,0,0,0,0,0,0,0,0,0,0,0,0,0,0,0,0,0,0,0,288,0,0,0
1744062071.001947,600039,21131155,0,pscratch,pscratch-ffff9a44613c4800,0,0,238996538782,169496694775,0,0,216340,0,0,0,0,0,0,0,0,0,0,0,0,0,0,0,0,0,0,0,0,0,0,0,0,89776,0,0,0
1744062072.002087,600039,21131155,0,nscratch,nscratch-ffff9a448cc17800,0,0,2720271217,29413147,0,0,5625,0,0,0,0,0,0,0,0,0,0,0,0,0,0,0,0,0,0,0,0,0,0,0,0,288,0,0,0
1744062072.002227,600039,21131155,0,pscratch,pscratch-ffff9a44613c4800,0,0,238996538782,169496694775,0,0,216340,0,0,0,0,0,0,0,0,0,0,0,0,0,0,0,0,0,0,0,0,0,0,0,0,89776,0,0,0
1744062073.001727,600039,21131155,0,nscratch,nscratch-ffff9a448cc17800,0,0,2720271217,29413147,0,0,5625,0,0,0,0,0,0,0,0,0,0,0,0,0,0,0,0,0,0,0,0,0,0,0,0,288,0,0,0
1744062073.001867,600039,21131155,0,pscratch,pscratch-ffff9a44613c4800,0,0,238996538782,169496694775,0,0,216340,0,0,0,0,0,0,0,0,0,0,0,0,0,0,0,0,0,0,0,0,0,0,0,0,89776,0,0,0
1744062074.002215,600039,21131155,0,nscratch,nscratch-ffff9a448cc17800,0,0,2720271217,29413147,0,0,5625,0,0,0,0,0,0,0,0,0,0,0,0,0,0,0,0,0,0,0,0,0,0,0,0,288,0,0,0
1744062074.002356,600039,21131155,0,pscratch,pscratch-ffff9a44613c4800,0,0,238996538782,169496694775,0,0,216340,0,0,0,0,0,0,0,0,0,0,0,0,0,0,0,0,0,0,0,0,0,0,0,0,89776,0,0,0
1744062075.001582,600039,21131155,0,nscratch,nscratch-ffff9a448cc17800,0,0,2720271217,29413147,0,0,5625,0,0,0,0,0,0,0,0,0,0,0,0,0,0,0,0,0,0,0,0,0,0,0,0,288,0,0,0
1744062075.001723,600039,21131155,0,pscratch,pscratch-ffff9a44613c4800,0,0,238996538782,169496694775,0,0,216340,0,0,0,0,0,0,0,0,0,0,0,0,0,0,0,0,0,0,0,0,0,0,0,0,89776,0,0,0
1744062076.002222,600039,21131155,0,nscratch,nscratch-ffff9a448cc17800,0,0,2720271217,29413147,0,0,5625,0,0,0,0,0,0,0,0,0,0,0,0,0,0,0,0,0,0,0,0,0,0,0,0,288,0,0,0
1744062076.002362,600039,21131155,0,pscratch,pscratch-ffff9a44613c4800,0,0,238996538782,169496694775,0,0,216340,0,0,0,0,0,0,0,0,0,0,0,0,0,0,0,0,0,0,0,0,0,0,0,0,89776,0,0,0
1744062077.001710,600039,21131155,0,nscratch,nscratch-ffff9a448cc17800,0,0,2720271217,29413147,0,0,5625,0,0,0,0,0,0,0,0,0,0,0,0,0,0,0,0,0,0,0,0,0,0,0,0,288,0,0,0
1744062077.001850,600039,21131155,0,pscratch,pscratch-ffff9a44613c4800,0,0,238996538782,169496694775,0,0,216340,0,0,0,0,0,0,0,0,0,0,0,0,0,0,0,0,0,0,0,0,0,0,0,0,89776,0,0,0
1744062078.001992,600039,21131155,0,nscratch,nscratch-ffff9a448cc17800,0,0,2720271217,29413147,0,0,5625,0,0,0,0,0,0,0,0,0,0,0,0,0,0,0,0,0,0,0,0,0,0,0,0,288,0,0,0
1744062078.002132,600039,21131155,0,pscratch,pscratch-ffff9a44613c4800,0,0,238996538782,169496694775,0,0,216340,0,0,0,0,0,0,0,0,0,0,0,0,0,0,0,0,0,0,0,0,0,0,0,0,89776,0,0,0
1744062079.001631,600039,21131155,0,nscratch,nscratch-ffff9a448cc17800,0,0,2720271217,29413147,0,0,5625,0,0,0,0,0,0,0,0,0,0,0,0,0,0,0,0,0,0,0,0,0,0,0,0,288,0,0,0
1744062079.001772,600039,21131155,0,pscratch,pscratch-ffff9a44613c4800,0,0,238996538782,169496694775,0,0,216340,0,0,0,0,0,0,0,0,0,0,0,0,0,0,0,0,0,0,0,0,0,0,0,0,89776,0,0,0
1744062080.002119,600039,21131155,0,nscratch,nscratch-ffff9a448cc17800,0,0,2720271217,29413147,0,0,5625,0,0,0,0,0,0,0,0,0,0,0,0,0,0,0,0,0,0,0,0,0,0,0,0,288,0,0,0
1744062080.002259,600039,21131155,0,pscratch,pscratch-ffff9a44613c4800,0,0,238996538782,169496694775,0,0,216340,0,0,0,0,0,0,0,0,0,0,0,0,0,0,0,0,0,0,0,0,0,0,0,0,89776,0,0,0
1744062081.001399,600039,21131155,0,nscratch,nscratch-ffff9a448cc17800,0,0,2720271217,29413147,0,0,5625,0,0,0,0,0,0,0,0,0,0,0,0,0,0,0,0,0,0,0,0,0,0,0,0,288,0,0,0
1744062081.001546,600039,21131155,0,pscratch,pscratch-ffff9a44613c4800,0,0,238996538782,169496694775,0,0,216340,0,0,0,0,0,0,0,0,0,0,0,0,0,0,0,0,0,0,0,0,0,0,0,0,89776,0,0,0
1744062082.002042,600039,21131155,0,nscratch,nscratch-ffff9a448cc17800,0,0,2720271217,29413147,0,0,5625,0,0,0,0,0,0,0,0,0,0,0,0,0,0,0,0,0,0,0,0,0,0,0,0,288,0,0,0
1744062082.002184,600039,21131155,0,pscratch,pscratch-ffff9a44613c4800,0,0,238996538782,169496694775,0,0,216340,0,0,0,0,0,0,0,0,0,0,0,0,0,0,0,0,0,0,0,0,0,0,0,0,89776,0,0,0
1744062083.001531,600039,21131155,0,nscratch,nscratch-ffff9a448cc17800,0,0,2720271217,29413147,0,0,5625,0,0,0,0,0,0,0,0,0,0,0,0,0,0,0,0,0,0,0,0,0,0,0,0,288,0,0,0
1744062083.001672,600039,21131155,0,pscratch,pscratch-ffff9a44613c4800,0,0,238996538782,169496694775,0,0,216340,0,0,0,0,0,0,0,0,0,0,0,0,0,0,0,0,0,0,0,0,0,0,0,0,89776,0,0,0
1744062084.001812,600039,21131155,0,nscratch,nscratch-ffff9a448cc17800,0,0,2720271217,29413147,0,0,5625,0,0,0,0,0,0,0,0,0,0,0,0,0,0,0,0,0,0,0,0,0,0,0,0,288,0,0,0
1744062084.001952,600039,21131155,0,pscratch,pscratch-ffff9a44613c4800,0,0,238996538782,169496694775,0,0,216340,0,0,0,0,0,0,0,0,0,0,0,0,0,0,0,0,0,0,0,0,0,0,0,0,89776,0,0,0
1744062085.001460,600039,21131155,0,nscratch,nscratch-ffff9a448cc17800,0,0,2720271217,29413147,0,0,5625,0,0,0,0,0,0,0,0,0,0,0,0,0,0,0,0,0,0,0,0,0,0,0,0,288,0,0,0
1744062085.001602,600039,21131155,0,pscratch,pscratch-ffff9a44613c4800,0,0,238996538782,169496694775,0,0,216340,0,0,0,0,0,0,0,0,0,0,0,0,0,0,0,0,0,0,0,0,0,0,0,0,89776,0,0,0
1744062086.001949,600039,21131155,0,nscratch,nscratch-ffff9a448cc17800,0,0,2720271217,29413147,0,0,5625,0,0,0,0,0,0,0,0,0,0,0,0,0,0,0,0,0,0,0,0,0,0,0,0,288,0,0,0
1744062086.002090,600039,21131155,0,pscratch,pscratch-ffff9a44613c4800,0,0,238996538782,169496694775,0,0,216340,0,0,0,0,0,0,0,0,0,0,0,0,0,0,0,0,0,0,0,0,0,0,0,0,89776,0,0,0
1744062087.001229,600039,21131155,0,nscratch,nscratch-ffff9a448cc17800,0,0,2720271217,29413147,0,0,5625,0,0,0,0,0,0,0,0,0,0,0,0,0,0,0,0,0,0,0,0,0,0,0,0,288,0,0,0
1744062087.001370,600039,21131155,0,pscratch,pscratch-ffff9a44613c4800,0,0,238996538782,169496694775,0,0,216340,0,0,0,0,0,0,0,0,0,0,0,0,0,0,0,0,0,0,0,0,0,0,0,0,89776,0,0,0
1744062088.001870,600039,21131155,0,nscratch,nscratch-ffff9a448cc17800,0,0,2720271217,29413147,0,0,5625,0,0,0,0,0,0,0,0,0,0,0,0,0,0,0,0,0,0,0,0,0,0,0,0,288,0,0,0
1744062088.002011,600039,21131155,0,pscratch,pscratch-ffff9a44613c4800,0,0,238996538782,169496694775,0,0,216340,0,0,0,0,0,0,0,0,0,0,0,0,0,0,0,0,0,0,0,0,0,0,0,0,89776,0,0,0
1744062089.001351,600039,21131155,0,nscratch,nscratch-ffff9a448cc17800,0,0,2720271217,29413147,0,0,5625,0,0,0,0,0,0,0,0,0,0,0,0,0,0,0,0,0,0,0,0,0,0,0,0,288,0,0,0
1744062089.001499,600039,21131155,0,pscratch,pscratch-ffff9a44613c4800,0,0,238996538782,169496694775,0,0,216340,0,0,0,0,0,0,0,0,0,0,0,0,0,0,0,0,0,0,0,0,0,0,0,0,89776,0,0,0
1744062090.001639,600039,21131155,0,nscratch,nscratch-ffff9a448cc17800,0,0,2720271217,29413147,0,0,5625,0,0,0,0,0,0,0,0,0,0,0,0,0,0,0,0,0,0,0,0,0,0,0,0,288,0,0,0
1744062090.001779,600039,21131155,0,pscratch,pscratch-ffff9a44613c4800,0,0,238996538782,169496694775,0,0,216340,0,0,0,0,0,0,0,0,0,0,0,0,0,0,0,0,0,0,0,0,0,0,0,0,89776,0,0,0
1744062091.002278,600039,21131155,0,nscratch,nscratch-ffff9a448cc17800,0,0,2720271217,29413147,0,0,5625,0,0,0,0,0,0,0,0,0,0,0,0,0,0,0,0,0,0,0,0,0,0,0,0,288,0,0,0
1744062091.002425,600039,21131155,0,pscratch,pscratch-ffff9a44613c4800,0,0,238996538782,169496694775,0,0,216340,0,0,0,0,0,0,0,0,0,0,0,0,0,0,0,0,0,0,0,0,0,0,0,0,89776,0,0,0
1744062092.001767,600039,21131155,0,nscratch,nscratch-ffff9a448cc17800,0,0,2720271217,29413147,0,0,5625,0,0,0,0,0,0,0,0,0,0,0,0,0,0,0,0,0,0,0,0,0,0,0,0,288,0,0,0
1744062092.001907,600039,21131155,0,pscratch,pscratch-ffff9a44613c4800,0,0,238996538782,169496694775,0,0,216340,0,0,0,0,0,0,0,0,0,0,0,0,0,0,0,0,0,0,0,0,0,0,0,0,89776,0,0,0
1744062093.002045,600039,21131155,0,nscratch,nscratch-ffff9a448cc17800,0,0,2720271217,29413147,0,0,5625,0,0,0,0,0,0,0,0,0,0,0,0,0,0,0,0,0,0,0,0,0,0,0,0,288,0,0,0
1744062093.002186,600039,21131155,0,pscratch,pscratch-ffff9a44613c4800,0,0,238996538782,169496694775,0,0,216340,0,0,0,0,0,0,0,0,0,0,0,0,0,0,0,0,0,0,0,0,0,0,0,0,89776,0,0,0
1744062094.000862,600039,21131155,0,nscratch,nscratch-ffff9a448cc17800,0,0,2720271217,29413147,0,0,5625,0,0,0,0,0,0,0,0,0,0,0,0,0,0,0,0,0,0,0,0,0,0,0,0,288,0,0,0
1744062094.000991,600039,21131155,0,pscratch,pscratch-ffff9a44613c4800,0,0,238996538782,169496694775,0,0,216340,0,0,0,0,0,0,0,0,0,0,0,0,0,0,0,0,0,0,0,0,0,0,0,0,89776,0,0,0
1744062095.001317,600039,21131155,0,nscratch,nscratch-ffff9a448cc17800,0,0,2720271217,29413147,0,0,5625,0,0,0,0,0,0,0,0,0,0,0,0,0,0,0,0,0,0,0,0,0,0,0,0,288,0,0,0
1744062095.001444,600039,21131155,0,pscratch,pscratch-ffff9a44613c4800,0,0,238996538782,169496694775,0,0,216340,0,0,0,0,0,0,0,0,0,0,0,0,0,0,0,0,0,0,0,0,0,0,0,0,89776,0,0,0
1744062096.001577,600039,21131155,0,nscratch,nscratch-ffff9a448cc17800,0,0,2720271217,29413147,0,0,5625,0,0,0,0,0,0,0,0,0,0,0,0,0,0,0,0,0,0,0,0,0,0,0,0,288,0,0,0
1744062096.001698,600039,21131155,0,pscratch,pscratch-ffff9a44613c4800,0,0,238996538782,169496694775,0,0,216340,0,0,0,0,0,0,0,0,0,0,0,0,0,0,0,0,0,0,0,0,0,0,0,0,89776,0,0,0
1744062097.002183,600039,21131155,0,nscratch,nscratch-ffff9a448cc17800,0,0,2720271217,29413147,0,0,5625,0,0,0,0,0,0,0,0,0,0,0,0,0,0,0,0,0,0,0,0,0,0,0,0,288,0,0,0
1744062097.002304,600039,21131155,0,pscratch,pscratch-ffff9a44613c4800,0,0,238996538782,169496694775,0,0,216340,0,0,0,0,0,0,0,0,0,0,0,0,0,0,0,0,0,0,0,0,0,0,0,0,89776,0,0,0
1744062098.001638,600039,21131155,0,nscratch,nscratch-ffff9a448cc17800,0,0,2720271217,29413147,0,0,5625,0,0,0,0,0,0,0,0,0,0,0,0,0,0,0,0,0,0,0,0,0,0,0,0,288,0,0,0
1744062098.001758,600039,21131155,0,pscratch,pscratch-ffff9a44613c4800,0,0,238996538782,169496694775,0,0,216340,0,0,0,0,0,0,0,0,0,0,0,0,0,0,0,0,0,0,0,0,0,0,0,0,89776,0,0,0
1744062099.001881,600039,21131155,0,nscratch,nscratch-ffff9a448cc17800,0,0,2720271217,29413147,0,0,5625,0,0,0,0,0,0,0,0,0,0,0,0,0,0,0,0,0,0,0,0,0,0,0,0,288,0,0,0
1744062099.002002,600039,21131155,0,pscratch,pscratch-ffff9a44613c4800,0,0,238996538782,169496694775,0,0,216340,0,0,0,0,0,0,0,0,0,0,0,0,0,0,0,0,0,0,0,0,0,0,0,0,89776,0,0,0
1744062100.001493,600039,21131155,0,nscratch,nscratch-ffff9a448cc17800,0,0,2720271217,29413147,0,0,5625,0,0,0,0,0,0,0,0,0,0,0,0,0,0,0,0,0,0,0,0,0,0,0,0,288,0,0,0
1744062100.001615,600039,21131155,0,pscratch,pscratch-ffff9a44613c4800,0,0,238996538782,169496694775,0,0,216340,0,0,0,0,0,0,0,0,0,0,0,0,0,0,0,0,0,0,0,0,0,0,0,0,89776,0,0,0
1744062101.001941,600039,21131155,0,nscratch,nscratch-ffff9a448cc17800,0,0,2720271217,29413147,0,0,5625,0,0,0,0,0,0,0,0,0,0,0,0,0,0,0,0,0,0,0,0,0,0,0,0,288,0,0,0
1744062101.002062,600039,21131155,0,pscratch,pscratch-ffff9a44613c4800,0,0,238996538782,169496694775,0,0,216340,0,0,0,0,0,0,0,0,0,0,0,0,0,0,0,0,0,0,0,0,0,0,0,0,89776,0,0,0
1744062102.001186,600039,21131155,0,nscratch,nscratch-ffff9a448cc17800,0,0,2720271217,29413147,0,0,5625,0,0,0,0,0,0,0,0,0,0,0,0,0,0,0,0,0,0,0,0,0,0,0,0,288,0,0,0
1744062102.001307,600039,21131155,0,pscratch,pscratch-ffff9a44613c4800,0,0,238996538782,169496694775,0,0,216340,0,0,0,0,0,0,0,0,0,0,0,0,0,0,0,0,0,0,0,0,0,0,0,0,89776,0,0,0
1744062103.001785,600039,21131155,0,nscratch,nscratch-ffff9a448cc17800,0,0,2720271217,29413147,0,0,5625,0,0,0,0,0,0,0,0,0,0,0,0,0,0,0,0,0,0,0,0,0,0,0,0,288,0,0,0
1744062103.001904,600039,21131155,0,pscratch,pscratch-ffff9a44613c4800,0,0,238996538782,169496694775,0,0,216340,0,0,0,0,0,0,0,0,0,0,0,0,0,0,0,0,0,0,0,0,0,0,0,0,89776,0,0,0
1744062104.002228,600039,21131155,0,nscratch,nscratch-ffff9a448cc17800,0,0,2720271217,29413147,0,0,5625,0,0,0,0,0,0,0,0,0,0,0,0,0,0,0,0,0,0,0,0,0,0,0,0,288,0,0,0
1744062104.002349,600039,21131155,0,pscratch,pscratch-ffff9a44613c4800,0,0,238996538782,169496694775,0,0,216340,0,0,0,0,0,0,0,0,0,0,0,0,0,0,0,0,0,0,0,0,0,0,0,0,89776,0,0,0
1744062105.001478,600039,21131155,0,nscratch,nscratch-ffff9a448cc17800,0,0,2720271217,29413147,0,0,5625,0,0,0,0,0,0,0,0,0,0,0,0,0,0,0,0,0,0,0,0,0,0,0,0,288,0,0,0
1744062105.001599,600039,21131155,0,pscratch,pscratch-ffff9a44613c4800,0,0,238996538782,169496694775,0,0,216340,0,0,0,0,0,0,0,0,0,0,0,0,0,0,0,0,0,0,0,0,0,0,0,0,89776,0,0,0
1744062106.002083,600039,21131155,0,nscratch,nscratch-ffff9a448cc17800,0,0,2720271217,29413147,0,0,5625,0,0,0,0,0,0,0,0,0,0,0,0,0,0,0,0,0,0,0,0,0,0,0,0,288,0,0,0
1744062106.002204,600039,21131155,0,pscratch,pscratch-ffff9a44613c4800,0,0,238996538782,169496694775,0,0,216340,0,0,0,0,0,0,0,0,0,0,0,0,0,0,0,0,0,0,0,0,0,0,0,0,89776,0,0,0
1744062107.001534,600039,21131155,0,nscratch,nscratch-ffff9a448cc17800,0,0,2720271217,29413147,0,0,5625,0,0,0,0,0,0,0,0,0,0,0,0,0,0,0,0,0,0,0,0,0,0,0,0,288,0,0,0
1744062107.001656,600039,21131155,0,pscratch,pscratch-ffff9a44613c4800,0,0,238996538782,169496694775,0,0,216340,0,0,0,0,0,0,0,0,0,0,0,0,0,0,0,0,0,0,0,0,0,0,0,0,89776,0,0,0
1744062108.001781,600039,21131155,0,nscratch,nscratch-ffff9a448cc17800,0,0,2720271217,29413147,0,0,5625,0,0,0,0,0,0,0,0,0,0,0,0,0,0,0,0,0,0,0,0,0,0,0,0,288,0,0,0
1744062108.001901,600039,21131155,0,pscratch,pscratch-ffff9a44613c4800,0,0,238996538782,169496694775,0,0,216340,0,0,0,0,0,0,0,0,0,0,0,0,0,0,0,0,0,0,0,0,0,0,0,0,89776,0,0,0
1744062109.001377,600039,21131155,0,nscratch,nscratch-ffff9a448cc17800,0,0,2720271217,29413147,0,0,5625,0,0,0,0,0,0,0,0,0,0,0,0,0,0,0,0,0,0,0,0,0,0,0,0,288,0,0,0
1744062109.001504,600039,21131155,0,pscratch,pscratch-ffff9a44613c4800,0,0,238996538782,169496694775,0,0,216340,0,0,0,0,0,0,0,0,0,0,0,0,0,0,0,0,0,0,0,0,0,0,0,0,89776,0,0,0
1744062110.001832,600039,21131155,0,nscratch,nscratch-ffff9a448cc17800,0,0,2720271217,29413147,0,0,5625,0,0,0,0,0,0,0,0,0,0,0,0,0,0,0,0,0,0,0,0,0,0,0,0,288,0,0,0
1744062110.001953,600039,21131155,0,pscratch,pscratch-ffff9a44613c4800,0,0,238996538782,169496694775,0,0,216340,0,0,0,0,0,0,0,0,0,0,0,0,0,0,0,0,0,0,0,0,0,0,0,0,89776,0,0,0
1744062111.002082,600039,21131155,0,nscratch,nscratch-ffff9a448cc17800,0,0,2720271217,29413147,0,0,5625,0,0,0,0,0,0,0,0,0,0,0,0,0,0,0,0,0,0,0,0,0,0,0,0,288,0,0,0
1744062111.002203,600039,21131155,0,pscratch,pscratch-ffff9a44613c4800,0,0,238996538782,169496694775,0,0,216340,0,0,0,0,0,0,0,0,0,0,0,0,0,0,0,0,0,0,0,0,0,0,0,0,89776,0,0,0
1744062112.001690,600039,21131155,0,nscratch,nscratch-ffff9a448cc17800,0,0,2720271217,29413147,0,0,5625,0,0,0,0,0,0,0,0,0,0,0,0,0,0,0,0,0,0,0,0,0,0,0,0,288,0,0,0
1744062112.001809,600039,21131155,0,pscratch,pscratch-ffff9a44613c4800,0,0,238996538782,169496694775,0,0,216340,0,0,0,0,0,0,0,0,0,0,0,0,0,0,0,0,0,0,0,0,0,0,0,0,89776,0,0,0
1744062113.002140,600039,21131155,0,nscratch,nscratch-ffff9a448cc17800,0,0,2720271217,29413147,0,0,5625,0,0,0,0,0,0,0,0,0,0,0,0,0,0,0,0,0,0,0,0,0,0,0,0,288,0,0,0
1744062113.002261,600039,21131155,0,pscratch,pscratch-ffff9a44613c4800,0,0,238996538782,169496694775,0,0,216340,0,0,0,0,0,0,0,0,0,0,0,0,0,0,0,0,0,0,0,0,0,0,0,0,89776,0,0,0
1744062114.001386,600039,21131155,0,nscratch,nscratch-ffff9a448cc17800,0,0,2720271217,29413147,0,0,5625,0,0,0,0,0,0,0,0,0,0,0,0,0,0,0,0,0,0,0,0,0,0,0,0,288,0,0,0
1744062114.001513,600039,21131155,0,pscratch,pscratch-ffff9a44613c4800,0,0,238996538782,169496694775,0,0,216340,0,0,0,0,0,0,0,0,0,0,0,0,0,0,0,0,0,0,0,0,0,0,0,0,89776,0,0,0
1744062115.001999,600039,21131155,0,nscratch,nscratch-ffff9a448cc17800,0,0,2720271217,29413147,0,0,5625,0,0,0,0,0,0,0,0,0,0,0,0,0,0,0,0,0,0,0,0,0,0,0,0,288,0,0,0
1744062115.002120,600039,21131155,0,pscratch,pscratch-ffff9a44613c4800,0,0,238996538782,169496694775,0,0,216340,0,0,0,0,0,0,0,0,0,0,0,0,0,0,0,0,0,0,0,0,0,0,0,0,89776,0,0,0
1744062116.001460,600039,21131155,0,nscratch,nscratch-ffff9a448cc17800,0,0,2720271217,29413147,0,0,5625,0,0,0,0,0,0,0,0,0,0,0,0,0,0,0,0,0,0,0,0,0,0,0,0,288,0,0,0
1744062116.001584,600039,21131155,0,pscratch,pscratch-ffff9a44613c4800,0,0,238996538782,169496694775,0,0,216340,0,0,0,0,0,0,0,0,0,0,0,0,0,0,0,0,0,0,0,0,0,0,0,0,89776,0,0,0
1744062117.001708,600039,21131155,0,nscratch,nscratch-ffff9a448cc17800,0,0,2720271217,29413147,0,0,5625,0,0,0,0,0,0,0,0,0,0,0,0,0,0,0,0,0,0,0,0,0,0,0,0,288,0,0,0
1744062117.001829,600039,21131155,0,pscratch,pscratch-ffff9a44613c4800,0,0,238996538782,169496694775,0,0,216340,0,0,0,0,0,0,0,0,0,0,0,0,0,0,0,0,0,0,0,0,0,0,0,0,89776,0,0,0
1744062118.001306,600039,21131155,0,nscratch,nscratch-ffff9a448cc17800,0,0,2720271217,29413147,0,0,5625,0,0,0,0,0,0,0,0,0,0,0,0,0,0,0,0,0,0,0,0,0,0,0,0,288,0,0,0
1744062118.001432,600039,21131155,0,pscratch,pscratch-ffff9a44613c4800,0,0,238996538782,169496694775,0,0,216340,0,0,0,0,0,0,0,0,0,0,0,0,0,0,0,0,0,0,0,0,0,0,0,0,89776,0,0,0
1744062119.001764,600039,21131155,0,nscratch,nscratch-ffff9a448cc17800,0,0,2720271217,29413147,0,0,5625,0,0,0,0,0,0,0,0,0,0,0,0,0,0,0,0,0,0,0,0,0,0,0,0,288,0,0,0
1744062119.001884,600039,21131155,0,pscratch,pscratch-ffff9a44613c4800,0,0,238996538782,169496694775,0,0,216340,0,0,0,0,0,0,0,0,0,0,0,0,0,0,0,0,0,0,0,0,0,0,0,0,89776,0,0,0
1744062120.002009,600039,21131155,0,nscratch,nscratch-ffff9a448cc17800,0,0,2720271217,29413147,0,0,5625,0,0,0,0,0,0,0,0,0,0,0,0,0,0,0,0,0,0,0,0,0,0,0,0,288,0,0,0
1744062120.002130,600039,21131155,0,pscratch,pscratch-ffff9a44613c4800,0,0,238996538782,169496694775,0,0,216340,0,0,0,0,0,0,0,0,0,0,0,0,0,0,0,0,0,0,0,0,0,0,0,0,89776,0,0,0
1744062121.001619,600039,21131155,0,nscratch,nscratch-ffff9a448cc17800,0,0,2720271217,29413147,0,0,5625,0,0,0,0,0,0,0,0,0,0,0,0,0,0,0,0,0,0,0,0,0,0,0,0,288,0,0,0
1744062121.001740,600039,21131155,0,pscratch,pscratch-ffff9a44613c4800,0,0,238996538782,169496694775,0,0,216340,0,0,0,0,0,0,0,0,0,0,0,0,0,0,0,0,0,0,0,0,0,0,0,0,89776,0,0,0
1744062122.002068,600039,21131155,0,nscratch,nscratch-ffff9a448cc17800,0,0,2720271217,29413147,0,0,5625,0,0,0,0,0,0,0,0,0,0,0,0,0,0,0,0,0,0,0,0,0,0,0,0,288,0,0,0
1744062122.002189,600039,21131155,0,pscratch,pscratch-ffff9a44613c4800,0,0,238996538782,169496694775,0,0,216340,0,0,0,0,0,0,0,0,0,0,0,0,0,0,0,0,0,0,0,0,0,0,0,0,89776,0,0,0
1744062123.001314,600039,21131155,0,nscratch,nscratch-ffff9a448cc17800,0,0,2720271217,29413147,0,0,5625,0,0,0,0,0,0,0,0,0,0,0,0,0,0,0,0,0,0,0,0,0,0,0,0,288,0,0,0
1744062123.001441,600039,21131155,0,pscratch,pscratch-ffff9a44613c4800,0,0,238996538782,169496694775,0,0,216340,0,0,0,0,0,0,0,0,0,0,0,0,0,0,0,0,0,0,0,0,0,0,0,0,89776,0,0,0
1744062124.001921,600039,21131155,0,nscratch,nscratch-ffff9a448cc17800,0,0,2720271217,29413147,0,0,5625,0,0,0,0,0,0,0,0,0,0,0,0,0,0,0,0,0,0,0,0,0,0,0,0,288,0,0,0
1744062124.002041,600039,21131155,0,pscratch,pscratch-ffff9a44613c4800,0,0,238996538782,169496694775,0,0,216340,0,0,0,0,0,0,0,0,0,0,0,0,0,0,0,0,0,0,0,0,0,0,0,0,89776,0,0,0
1744062125.001360,600039,21131155,0,nscratch,nscratch-ffff9a448cc17800,0,0,2720271217,29413147,0,0,5625,0,0,0,0,0,0,0,0,0,0,0,0,0,0,0,0,0,0,0,0,0,0,0,0,288,0,0,0
1744062125.001487,600039,21131155,0,pscratch,pscratch-ffff9a44613c4800,0,0,238996538782,169496694775,0,0,216340,0,0,0,0,0,0,0,0,0,0,0,0,0,0,0,0,0,0,0,0,0,0,0,0,89776,0,0,0
1744062126.001616,600039,21131155,0,nscratch,nscratch-ffff9a448cc17800,0,0,2720271217,29413147,0,0,5625,0,0,0,0,0,0,0,0,0,0,0,0,0,0,0,0,0,0,0,0,0,0,0,0,288,0,0,0
1744062126.001737,600039,21131155,0,pscratch,pscratch-ffff9a44613c4800,0,0,238996538782,169496694775,0,0,216340,0,0,0,0,0,0,0,0,0,0,0,0,0,0,0,0,0,0,0,0,0,0,0,0,89776,0,0,0
1744062127.002216,600039,21131155,0,nscratch,nscratch-ffff9a448cc17800,0,0,2720271217,29413147,0,0,5625,0,0,0,0,0,0,0,0,0,0,0,0,0,0,0,0,0,0,0,0,0,0,0,0,288,0,0,0
1744062127.002337,600039,21131155,0,pscratch,pscratch-ffff9a44613c4800,0,0,238996538782,169496694775,0,0,216340,0,0,0,0,0,0,0,0,0,0,0,0,0,0,0,0,0,0,0,0,0,0,0,0,89776,0,0,0
1744062128.001664,600039,21131155,0,nscratch,nscratch-ffff9a448cc17800,0,0,2720271217,29413147,0,0,5625,0,0,0,0,0,0,0,0,0,0,0,0,0,0,0,0,0,0,0,0,0,0,0,0,288,0,0,0
1744062128.001784,600039,21131155,0,pscratch,pscratch-ffff9a44613c4800,0,0,238996538782,169496694775,0,0,216340,0,0,0,0,0,0,0,0,0,0,0,0,0,0,0,0,0,0,0,0,0,0,0,0,89776,0,0,0
1744062129.001908,600039,21131155,0,nscratch,nscratch-ffff9a448cc17800,0,0,2720271217,29413147,0,0,5625,0,0,0,0,0,0,0,0,0,0,0,0,0,0,0,0,0,0,0,0,0,0,0,0,288,0,0,0
1744062129.002028,600039,21131155,0,pscratch,pscratch-ffff9a44613c4800,0,0,238996538782,169496694775,0,0,216340,0,0,0,0,0,0,0,0,0,0,0,0,0,0,0,0,0,0,0,0,0,0,0,0,89776,0,0,0
1744062130.001521,600039,21131155,0,nscratch,nscratch-ffff9a448cc17800,0,0,2720271217,29413147,0,0,5625,0,0,0,0,0,0,0,0,0,0,0,0,0,0,0,0,0,0,0,0,0,0,0,0,288,0,0,0
1744062130.001642,600039,21131155,0,pscratch,pscratch-ffff9a44613c4800,0,0,238996538782,169496694775,0,0,216340,0,0,0,0,0,0,0,0,0,0,0,0,0,0,0,0,0,0,0,0,0,0,0,0,89776,0,0,0
1744062131.001970,600039,21131155,0,nscratch,nscratch-ffff9a448cc17800,0,0,2720271217,29413147,0,0,5625,0,0,0,0,0,0,0,0,0,0,0,0,0,0,0,0,0,0,0,0,0,0,0,0,288,0,0,0
1744062131.002092,600039,21131155,0,pscratch,pscratch-ffff9a44613c4800,0,0,238996538782,169496694775,0,0,216340,0,0,0,0,0,0,0,0,0,0,0,0,0,0,0,0,0,0,0,0,0,0,0,0,89776,0,0,0
1744062132.001215,600039,21131155,0,nscratch,nscratch-ffff9a448cc17800,0,0,2720271217,29413147,0,0,5625,0,0,0,0,0,0,0,0,0,0,0,0,0,0,0,0,0,0,0,0,0,0,0,0,288,0,0,0
1744062132.001336,600039,21131155,0,pscratch,pscratch-ffff9a44613c4800,0,0,238996538782,169496694775,0,0,216340,0,0,0,0,0,0,0,0,0,0,0,0,0,0,0,0,0,0,0,0,0,0,0,0,89776,0,0,0
1744062133.001817,600039,21131155,0,nscratch,nscratch-ffff9a448cc17800,0,0,2720271217,29413147,0,0,5625,0,0,0,0,0,0,0,0,0,0,0,0,0,0,0,0,0,0,0,0,0,0,0,0,288,0,0,0
1744062133.001938,600039,21131155,0,pscratch,pscratch-ffff9a44613c4800,0,0,238996538782,169496694775,0,0,216340,0,0,0,0,0,0,0,0,0,0,0,0,0,0,0,0,0,0,0,0,0,0,0,0,89776,0,0,0
1744062134.002257,600039,21131155,0,nscratch,nscratch-ffff9a448cc17800,0,0,2720271217,29413147,0,0,5625,0,0,0,0,0,0,0,0,0,0,0,0,0,0,0,0,0,0,0,0,0,0,0,0,288,0,0,0
1744062134.002378,600039,21131155,0,pscratch,pscratch-ffff9a44613c4800,0,0,238996538782,169496694775,0,0,216340,0,0,0,0,0,0,0,0,0,0,0,0,0,0,0,0,0,0,0,0,0,0,0,0,89776,0,0,0
1744062135.001665,600039,21131155,0,nscratch,nscratch-ffff9a448cc17800,0,0,2720271217,29413147,0,0,5625,0,0,0,0,0,0,0,0,0,0,0,0,0,0,0,0,0,0,0,0,0,0,0,0,288,0,0,0
1744062135.001786,600039,21131155,0,pscratch,pscratch-ffff9a44613c4800,0,0,238996538782,169496694775,0,0,216340,0,0,0,0,0,0,0,0,0,0,0,0,0,0,0,0,0,0,0,0,0,0,0,0,89776,0,0,0
1744062136.002274,600039,21131155,0,nscratch,nscratch-ffff9a448cc17800,0,0,2720271217,29413147,0,0,5625,0,0,0,0,0,0,0,0,0,0,0,0,0,0,0,0,0,0,0,0,0,0,0,0,288,0,0,0
1744062136.002396,600039,21131155,0,pscratch,pscratch-ffff9a44613c4800,0,0,238996538782,169496694775,0,0,216340,0,0,0,0,0,0,0,0,0,0,0,0,0,0,0,0,0,0,0,0,0,0,0,0,89776,0,0,0
1744062137.001728,600039,21131155,0,nscratch,nscratch-ffff9a448cc17800,0,0,2720271217,29413147,0,0,5625,0,0,0,0,0,0,0,0,0,0,0,0,0,0,0,0,0,0,0,0,0,0,0,0,288,0,0,0
1744062137.001850,600039,21131155,0,pscratch,pscratch-ffff9a44613c4800,0,0,238996538782,169496694775,0,0,216340,0,0,0,0,0,0,0,0,0,0,0,0,0,0,0,0,0,0,0,0,0,0,0,0,89776,0,0,0
1744062138.001978,600039,21131155,0,nscratch,nscratch-ffff9a448cc17800,0,0,2720271217,29413147,0,0,5625,0,0,0,0,0,0,0,0,0,0,0,0,0,0,0,0,0,0,0,0,0,0,0,0,288,0,0,0
1744062138.002099,600039,21131155,0,pscratch,pscratch-ffff9a44613c4800,0,0,238996538782,169496694775,0,0,216340,0,0,0,0,0,0,0,0,0,0,0,0,0,0,0,0,0,0,0,0,0,0,0,0,89776,0,0,0
1744062139.001573,600039,21131155,0,nscratch,nscratch-ffff9a448cc17800,0,0,2720271217,29413147,0,0,5625,0,0,0,0,0,0,0,0,0,0,0,0,0,0,0,0,0,0,0,0,0,0,0,0,288,0,0,0
1744062139.001694,600039,21131155,0,pscratch,pscratch-ffff9a44613c4800,0,0,238996538782,169496694775,0,0,216340,0,0,0,0,0,0,0,0,0,0,0,0,0,0,0,0,0,0,0,0,0,0,0,0,89776,0,0,0
1744062140.002021,600039,21131155,0,nscratch,nscratch-ffff9a448cc17800,0,0,2720271217,29413147,0,0,5625,0,0,0,0,0,0,0,0,0,0,0,0,0,0,0,0,0,0,0,0,0,0,0,0,288,0,0,0
1744062140.002142,600039,21131155,0,pscratch,pscratch-ffff9a44613c4800,0,0,238996538782,169496694775,0,0,216340,0,0,0,0,0,0,0,0,0,0,0,0,0,0,0,0,0,0,0,0,0,0,0,0,89776,0,0,0
1744062141.001268,600039,21131155,0,nscratch,nscratch-ffff9a448cc17800,0,0,2720271217,29413147,0,0,5625,0,0,0,0,0,0,0,0,0,0,0,0,0,0,0,0,0,0,0,0,0,0,0,0,288,0,0,0
1744062141.001389,600039,21131155,0,pscratch,pscratch-ffff9a44613c4800,0,0,238996538782,169496694775,0,0,216340,0,0,0,0,0,0,0,0,0,0,0,0,0,0,0,0,0,0,0,0,0,0,0,0,89776,0,0,0
1744062142.001882,600039,21131155,0,nscratch,nscratch-ffff9a448cc17800,0,0,2720271217,29413147,0,0,5625,0,0,0,0,0,0,0,0,0,0,0,0,0,0,0,0,0,0,0,0,0,0,0,0,288,0,0,0
1744062142.002003,600039,21131155,0,pscratch,pscratch-ffff9a44613c4800,0,0,238996538782,169496694775,0,0,216340,0,0,0,0,0,0,0,0,0,0,0,0,0,0,0,0,0,0,0,0,0,0,0,0,89776,0,0,0
1744062143.001319,600039,21131155,0,nscratch,nscratch-ffff9a448cc17800,0,0,2720271217,29413147,0,0,5625,0,0,0,0,0,0,0,0,0,0,0,0,0,0,0,0,0,0,0,0,0,0,0,0,288,0,0,0
1744062143.001445,600039,21131155,0,pscratch,pscratch-ffff9a44613c4800,0,0,238996538782,169496694775,0,0,216340,0,0,0,0,0,0,0,0,0,0,0,0,0,0,0,0,0,0,0,0,0,0,0,0,89776,0,0,0
1744062144.001570,600039,21131155,0,nscratch,nscratch-ffff9a448cc17800,0,0,2720271217,29413147,0,0,5625,0,0,0,0,0,0,0,0,0,0,0,0,0,0,0,0,0,0,0,0,0,0,0,0,288,0,0,0
1744062144.001691,600039,21131155,0,pscratch,pscratch-ffff9a44613c4800,0,0,238996538782,169496694775,0,0,216340,0,0,0,0,0,0,0,0,0,0,0,0,0,0,0,0,0,0,0,0,0,0,0,0,89776,0,0,0
1744062145.002167,600039,21131155,0,nscratch,nscratch-ffff9a448cc17800,0,0,2720271217,29413147,0,0,5625,0,0,0,0,0,0,0,0,0,0,0,0,0,0,0,0,0,0,0,0,0,0,0,0,288,0,0,0
1744062145.002289,600039,21131155,0,pscratch,pscratch-ffff9a44613c4800,0,0,238996538782,169496694775,0,0,216340,0,0,0,0,0,0,0,0,0,0,0,0,0,0,0,0,0,0,0,0,0,0,0,0,89776,0,0,0
1744062146.001624,600039,21131155,0,nscratch,nscratch-ffff9a448cc17800,0,0,2720271217,29413147,0,0,5625,0,0,0,0,0,0,0,0,0,0,0,0,0,0,0,0,0,0,0,0,0,0,0,0,288,0,0,0
1744062146.001745,600039,21131155,0,pscratch,pscratch-ffff9a44613c4800,0,0,238996538782,169496694775,0,0,216340,0,0,0,0,0,0,0,0,0,0,0,0,0,0,0,0,0,0,0,0,0,0,0,0,89776,0,0,0
1744062147.001868,600039,21131155,0,nscratch,nscratch-ffff9a448cc17800,0,0,2720271217,29413147,0,0,5625,0,0,0,0,0,0,0,0,0,0,0,0,0,0,0,0,0,0,0,0,0,0,0,0,288,0,0,0
1744062147.001988,600039,21131155,0,pscratch,pscratch-ffff9a44613c4800,0,0,238996538782,169496694775,0,0,216340,0,0,0,0,0,0,0,0,0,0,0,0,0,0,0,0,0,0,0,0,0,0,0,0,89776,0,0,0
1744062148.001465,600039,21131155,0,nscratch,nscratch-ffff9a448cc17800,0,0,2720271217,29413147,0,0,5625,0,0,0,0,0,0,0,0,0,0,0,0,0,0,0,0,0,0,0,0,0,0,0,0,288,0,0,0
1744062148.001586,600039,21131155,0,pscratch,pscratch-ffff9a44613c4800,0,0,238996538782,169496694775,0,0,216340,0,0,0,0,0,0,0,0,0,0,0,0,0,0,0,0,0,0,0,0,0,0,0,0,89776,0,0,0
1744062149.001900,600039,21131155,0,nscratch,nscratch-ffff9a448cc17800,0,0,2720271217,29413147,0,0,5625,0,0,0,0,0,0,0,0,0,0,0,0,0,0,0,0,0,0,0,0,0,0,0,0,288,0,0,0
1744062149.002020,600039,21131155,0,pscratch,pscratch-ffff9a44613c4800,0,0,238996538782,169496694775,0,0,216340,0,0,0,0,0,0,0,0,0,0,0,0,0,0,0,0,0,0,0,0,0,0,0,0,89776,0,0,0
1744062150.001144,600039,21131155,0,nscratch,nscratch-ffff9a448cc17800,0,0,2720271217,29413147,0,0,5625,0,0,0,0,0,0,0,0,0,0,0,0,0,0,0,0,0,0,0,0,0,0,0,0,288,0,0,0
1744062150.001263,600039,21131155,0,pscratch,pscratch-ffff9a44613c4800,0,0,238996538782,169496694775,0,0,216340,0,0,0,0,0,0,0,0,0,0,0,0,0,0,0,0,0,0,0,0,0,0,0,0,89776,0,0,0
1744062151.001742,600039,21131155,0,nscratch,nscratch-ffff9a448cc17800,0,0,2720271217,29413147,0,0,5625,0,0,0,0,0,0,0,0,0,0,0,0,0,0,0,0,0,0,0,0,0,0,0,0,288,0,0,0
1744062151.001864,600039,21131155,0,pscratch,pscratch-ffff9a44613c4800,0,0,238996538782,169496694775,0,0,216340,0,0,0,0,0,0,0,0,0,0,0,0,0,0,0,0,0,0,0,0,0,0,0,0,89776,0,0,0
1744062152.002183,600039,21131155,0,nscratch,nscratch-ffff9a448cc17800,0,0,2720271217,29413147,0,0,5625,0,0,0,0,0,0,0,0,0,0,0,0,0,0,0,0,0,0,0,0,0,0,0,0,288,0,0,0
1744062152.002303,600039,21131155,0,pscratch,pscratch-ffff9a44613c4800,0,0,238996538782,169496694775,0,0,216340,0,0,0,0,0,0,0,0,0,0,0,0,0,0,0,0,0,0,0,0,0,0,0,0,89776,0,0,0
1744062153.001431,600039,21131155,0,nscratch,nscratch-ffff9a448cc17800,0,0,2720271217,29413147,0,0,5625,0,0,0,0,0,0,0,0,0,0,0,0,0,0,0,0,0,0,0,0,0,0,0,0,288,0,0,0
1744062153.001551,600039,21131155,0,pscratch,pscratch-ffff9a44613c4800,0,0,238996538782,169496694775,0,0,216340,0,0,0,0,0,0,0,0,0,0,0,0,0,0,0,0,0,0,0,0,0,0,0,0,89776,0,0,0
1744062154.002017,600039,21131155,0,nscratch,nscratch-ffff9a448cc17800,0,0,2720271217,29413147,0,0,5625,0,0,0,0,0,0,0,0,0,0,0,0,0,0,0,0,0,0,0,0,0,0,0,0,288,0,0,0
1744062154.002139,600039,21131155,0,pscratch,pscratch-ffff9a44613c4800,0,0,238996538782,169496694775,0,0,216340,0,0,0,0,0,0,0,0,0,0,0,0,0,0,0,0,0,0,0,0,0,0,0,0,89776,0,0,0
1744062155.001465,600039,21131155,0,nscratch,nscratch-ffff9a448cc17800,0,0,2720271217,29413147,0,0,5625,0,0,0,0,0,0,0,0,0,0,0,0,0,0,0,0,0,0,0,0,0,0,0,0,288,0,0,0
1744062155.001586,600039,21131155,0,pscratch,pscratch-ffff9a44613c4800,0,0,238996538782,169496694775,0,0,216340,0,0,0,0,0,0,0,0,0,0,0,0,0,0,0,0,0,0,0,0,0,0,0,0,89776,0,0,0
1744062156.001711,600039,21131155,0,nscratch,nscratch-ffff9a448cc17800,0,0,2720271217,29413147,0,0,5625,0,0,0,0,0,0,0,0,0,0,0,0,0,0,0,0,0,0,0,0,0,0,0,0,288,0,0,0
1744062156.001831,600039,21131155,0,pscratch,pscratch-ffff9a44613c4800,0,0,238996538782,169496694775,0,0,216340,0,0,0,0,0,0,0,0,0,0,0,0,0,0,0,0,0,0,0,0,0,0,0,0,89776,0,0,0
1744062157.001303,600039,21131155,0,nscratch,nscratch-ffff9a448cc17800,0,0,2720271217,29413147,0,0,5625,0,0,0,0,0,0,0,0,0,0,0,0,0,0,0,0,0,0,0,0,0,0,0,0,288,0,0,0
1744062157.001428,600039,21131155,0,pscratch,pscratch-ffff9a44613c4800,0,0,238996538782,169496694775,0,0,216340,0,0,0,0,0,0,0,0,0,0,0,0,0,0,0,0,0,0,0,0,0,0,0,0,89776,0,0,0
1744062158.001754,600039,21131155,0,nscratch,nscratch-ffff9a448cc17800,0,0,2720271217,29413147,0,0,5625,0,0,0,0,0,0,0,0,0,0,0,0,0,0,0,0,0,0,0,0,0,0,0,0,288,0,0,0
1744062158.001875,600039,21131155,0,pscratch,pscratch-ffff9a44613c4800,0,0,238996538782,169496694775,0,0,216340,0,0,0,0,0,0,0,0,0,0,0,0,0,0,0,0,0,0,0,0,0,0,0,0,89776,0,0,0
1744062159.001997,600039,21131155,0,nscratch,nscratch-ffff9a448cc17800,0,0,2720271217,29413147,0,0,5625,0,0,0,0,0,0,0,0,0,0,0,0,0,0,0,0,0,0,0,0,0,0,0,0,288,0,0,0
1744062159.002118,600039,21131155,0,pscratch,pscratch-ffff9a44613c4800,0,0,238996538782,169496694775,0,0,216340,0,0,0,0,0,0,0,0,0,0,0,0,0,0,0,0,0,0,0,0,0,0,0,0,89776,0,0,0
1744062160.001594,600039,21131155,0,nscratch,nscratch-ffff9a448cc17800,0,0,2720271217,29413147,0,0,5625,0,0,0,0,0,0,0,0,0,0,0,0,0,0,0,0,0,0,0,0,0,0,0,0,288,0,0,0
1744062160.001714,600039,21131155,0,pscratch,pscratch-ffff9a44613c4800,0,0,238996538782,169496694775,0,0,216340,0,0,0,0,0,0,0,0,0,0,0,0,0,0,0,0,0,0,0,0,0,0,0,0,89776,0,0,0
1744062161.002041,600039,21131155,0,nscratch,nscratch-ffff9a448cc17800,0,0,2720271217,29413147,0,0,5625,0,0,0,0,0,0,0,0,0,0,0,0,0,0,0,0,0,0,0,0,0,0,0,0,288,0,0,0
1744062161.002162,600039,21131155,0,pscratch,pscratch-ffff9a44613c4800,0,0,238996538782,169496694775,0,0,216340,0,0,0,0,0,0,0,0,0,0,0,0,0,0,0,0,0,0,0,0,0,0,0,0,89776,0,0,0
1744062162.001288,600039,21131155,0,nscratch,nscratch-ffff9a448cc17800,0,0,2720271217,29413147,0,0,5625,0,0,0,0,0,0,0,0,0,0,0,0,0,0,0,0,0,0,0,0,0,0,0,0,288,0,0,0
1744062162.001409,600039,21131155,0,pscratch,pscratch-ffff9a44613c4800,0,0,238996538782,169496694775,0,0,216340,0,0,0,0,0,0,0,0,0,0,0,0,0,0,0,0,0,0,0,0,0,0,0,0,89776,0,0,0
1744062163.001889,600039,21131155,0,nscratch,nscratch-ffff9a448cc17800,0,0,2720271217,29413147,0,0,5625,0,0,0,0,0,0,0,0,0,0,0,0,0,0,0,0,0,0,0,0,0,0,0,0,288,0,0,0
1744062163.002010,600039,21131155,0,pscratch,pscratch-ffff9a44613c4800,0,0,238996538782,169496694775,0,0,216340,0,0,0,0,0,0,0,0,0,0,0,0,0,0,0,0,0,0,0,0,0,0,0,0,89776,0,0,0
1744062164.000912,600039,21131155,0,nscratch,nscratch-ffff9a448cc17800,0,0,2720271217,29413147,0,0,5625,0,0,0,0,0,0,0,0,0,0,0,0,0,0,0,0,0,0,0,0,0,0,0,0,288,0,0,0
1744062164.001055,600039,21131155,0,pscratch,pscratch-ffff9a44613c4800,0,0,238996538782,169496694775,0,0,216340,0,0,0,0,0,0,0,0,0,0,0,0,0,0,0,0,0,0,0,0,0,0,0,0,89776,0,0,0
1744062165.001196,600039,21131155,0,nscratch,nscratch-ffff9a448cc17800,0,0,2720271217,29413147,0,0,5625,0,0,0,0,0,0,0,0,0,0,0,0,0,0,0,0,0,0,0,0,0,0,0,0,288,0,0,0
1744062165.001336,600039,21131155,0,pscratch,pscratch-ffff9a44613c4800,0,0,238996538782,169496694775,0,0,216340,0,0,0,0,0,0,0,0,0,0,0,0,0,0,0,0,0,0,0,0,0,0,0,0,89776,0,0,0
1744062166.001843,600039,21131155,0,nscratch,nscratch-ffff9a448cc17800,0,0,2720271217,29413147,0,0,5625,0,0,0,0,0,0,0,0,0,0,0,0,0,0,0,0,0,0,0,0,0,0,0,0,288,0,0,0
1744062166.001984,600039,21131155,0,pscratch,pscratch-ffff9a44613c4800,0,0,238996538782,169496694775,0,0,216340,0,0,0,0,0,0,0,0,0,0,0,0,0,0,0,0,0,0,0,0,0,0,0,0,89776,0,0,0
1744062167.001335,600039,21131155,0,nscratch,nscratch-ffff9a448cc17800,0,0,2720271217,29413147,0,0,5625,0,0,0,0,0,0,0,0,0,0,0,0,0,0,0,0,0,0,0,0,0,0,0,0,288,0,0,0
1744062167.001482,600039,21131155,0,pscratch,pscratch-ffff9a44613c4800,0,0,238996538782,169496694775,0,0,216340,0,0,0,0,0,0,0,0,0,0,0,0,0,0,0,0,0,0,0,0,0,0,0,0,89776,0,0,0
1744062168.001622,600039,21131155,0,nscratch,nscratch-ffff9a448cc17800,0,0,2720271217,29413147,0,0,5625,0,0,0,0,0,0,0,0,0,0,0,0,0,0,0,0,0,0,0,0,0,0,0,0,288,0,0,0
1744062168.001762,600039,21131155,0,pscratch,pscratch-ffff9a44613c4800,0,0,238996538782,169496694775,0,0,216340,0,0,0,0,0,0,0,0,0,0,0,0,0,0,0,0,0,0,0,0,0,0,0,0,89776,0,0,0
1744062169.002259,600039,21131155,0,nscratch,nscratch-ffff9a448cc17800,0,0,2720271217,29413147,0,0,5625,0,0,0,0,0,0,0,0,0,0,0,0,0,0,0,0,0,0,0,0,0,0,0,0,288,0,0,0
1744062169.002399,600039,21131155,0,pscratch,pscratch-ffff9a44613c4800,0,0,238996538782,169496694775,0,0,216340,0,0,0,0,0,0,0,0,0,0,0,0,0,0,0,0,0,0,0,0,0,0,0,0,89776,0,0,0
1744062170.000845,600039,21131155,0,nscratch,nscratch-ffff9a448cc17800,0,0,2720271217,29413147,0,0,5625,0,0,0,0,0,0,0,0,0,0,0,0,0,0,0,0,0,0,0,0,0,0,0,0,288,0,0,0
1744062170.000967,600039,21131155,0,pscratch,pscratch-ffff9a44613c4800,0,0,238996538782,169496694775,0,0,216340,0,0,0,0,0,0,0,0,0,0,0,0,0,0,0,0,0,0,0,0,0,0,0,0,89776,0,0,0
1744062171.002094,600039,21131155,0,nscratch,nscratch-ffff9a448cc17800,0,0,2720271217,29413147,0,0,5625,0,0,0,0,0,0,0,0,0,0,0,0,0,0,0,0,0,0,0,0,0,0,0,0,288,0,0,0
1744062171.002215,600039,21131155,0,pscratch,pscratch-ffff9a44613c4800,0,0,238996538782,169496694775,0,0,216340,0,0,0,0,0,0,0,0,0,0,0,0,0,0,0,0,0,0,0,0,0,0,0,0,89776,0,0,0
1744062172.001699,600039,21131155,0,nscratch,nscratch-ffff9a448cc17800,0,0,2720271217,29413147,0,0,5625,0,0,0,0,0,0,0,0,0,0,0,0,0,0,0,0,0,0,0,0,0,0,0,0,288,0,0,0
1744062172.001820,600039,21131155,0,pscratch,pscratch-ffff9a44613c4800,0,0,238996538782,169496694775,0,0,216340,0,0,0,0,0,0,0,0,0,0,0,0,0,0,0,0,0,0,0,0,0,0,0,0,89776,0,0,0
1744062173.002142,600039,21131155,0,nscratch,nscratch-ffff9a448cc17800,0,0,2720271217,29413147,0,0,5625,0,0,0,0,0,0,0,0,0,0,0,0,0,0,0,0,0,0,0,0,0,0,0,0,288,0,0,0
1744062173.002262,600039,21131155,0,pscratch,pscratch-ffff9a44613c4800,0,0,238996538782,169496694775,0,0,216340,0,0,0,0,0,0,0,0,0,0,0,0,0,0,0,0,0,0,0,0,0,0,0,0,89776,0,0,0
1744062174.001388,600039,21131155,0,nscratch,nscratch-ffff9a448cc17800,0,0,2720271217,29413147,0,0,5625,0,0,0,0,0,0,0,0,0,0,0,0,0,0,0,0,0,0,0,0,0,0,0,0,288,0,0,0
1744062174.001515,600039,21131155,0,pscratch,pscratch-ffff9a44613c4800,0,0,238996538782,169496694775,0,0,216340,0,0,0,0,0,0,0,0,0,0,0,0,0,0,0,0,0,0,0,0,0,0,0,0,89776,0,0,0
1744062175.001987,600039,21131155,0,nscratch,nscratch-ffff9a448cc17800,0,0,2720271217,29413147,0,0,5625,0,0,0,0,0,0,0,0,0,0,0,0,0,0,0,0,0,0,0,0,0,0,0,0,288,0,0,0
1744062175.002108,600039,21131155,0,pscratch,pscratch-ffff9a44613c4800,0,0,238996538782,169496694775,0,0,216340,0,0,0,0,0,0,0,0,0,0,0,0,0,0,0,0,0,0,0,0,0,0,0,0,89776,0,0,0
1744062176.001438,600039,21131155,0,nscratch,nscratch-ffff9a448cc17800,0,0,2720271217,29413147,0,0,5625,0,0,0,0,0,0,0,0,0,0,0,0,0,0,0,0,0,0,0,0,0,0,0,0,288,0,0,0
1744062176.001559,600039,21131155,0,pscratch,pscratch-ffff9a44613c4800,0,0,238996538782,169496694775,0,0,216340,0,0,0,0,0,0,0,0,0,0,0,0,0,0,0,0,0,0,0,0,0,0,0,0,89776,0,0,0
1744062177.001682,600039,21131155,0,nscratch,nscratch-ffff9a448cc17800,0,0,2720271217,29413147,0,0,5625,0,0,0,0,0,0,0,0,0,0,0,0,0,0,0,0,0,0,0,0,0,0,0,0,288,0,0,0
1744062177.001803,600039,21131155,0,pscratch,pscratch-ffff9a44613c4800,0,0,238996538782,169496694775,0,0,216340,0,0,0,0,0,0,0,0,0,0,0,0,0,0,0,0,0,0,0,0,0,0,0,0,89776,0,0,0
1744062178.002291,600039,21131155,0,nscratch,nscratch-ffff9a448cc17800,0,0,2720271217,29413147,0,0,5625,0,0,0,0,0,0,0,0,0,0,0,0,0,0,0,0,0,0,0,0,0,0,0,0,288,0,0,0
1744062178.002412,600039,21131155,0,pscratch,pscratch-ffff9a44613c4800,0,0,238996538782,169496694775,0,0,216340,0,0,0,0,0,0,0,0,0,0,0,0,0,0,0,0,0,0,0,0,0,0,0,0,89776,0,0,0
1744062179.001736,600039,21131155,0,nscratch,nscratch-ffff9a448cc17800,0,0,2720271217,29413147,0,0,5625,0,0,0,0,0,0,0,0,0,0,0,0,0,0,0,0,0,0,0,0,0,0,0,0,288,0,0,0
1744062179.001856,600039,21131155,0,pscratch,pscratch-ffff9a44613c4800,0,0,238996538782,169496694775,0,0,216340,0,0,0,0,0,0,0,0,0,0,0,0,0,0,0,0,0,0,0,0,0,0,0,0,89776,0,0,0
1744062180.001990,600039,21131155,0,nscratch,nscratch-ffff9a448cc17800,0,0,2720271217,29413147,0,0,5625,0,0,0,0,0,0,0,0,0,0,0,0,0,0,0,0,0,0,0,0,0,0,0,0,288,0,0,0
1744062180.002112,600039,21131155,0,pscratch,pscratch-ffff9a44613c4800,0,0,238996538782,169496694775,0,0,216340,0,0,0,0,0,0,0,0,0,0,0,0,0,0,0,0,0,0,0,0,0,0,0,0,89776,0,0,0
1744062181.001598,600039,21131155,0,nscratch,nscratch-ffff9a448cc17800,0,0,2720271217,29413147,0,0,5625,0,0,0,0,0,0,0,0,0,0,0,0,0,0,0,0,0,0,0,0,0,0,0,0,288,0,0,0
1744062181.001720,600039,21131155,0,pscratch,pscratch-ffff9a44613c4800,0,0,238996538782,169496694775,0,0,216340,0,0,0,0,0,0,0,0,0,0,0,0,0,0,0,0,0,0,0,0,0,0,0,0,89776,0,0,0
1744062182.002043,600039,21131155,0,nscratch,nscratch-ffff9a448cc17800,0,0,2720271217,29413147,0,0,5625,0,0,0,0,0,0,0,0,0,0,0,0,0,0,0,0,0,0,0,0,0,0,0,0,288,0,0,0
1744062182.002163,600039,21131155,0,pscratch,pscratch-ffff9a44613c4800,0,0,238996538782,169496694775,0,0,216340,0,0,0,0,0,0,0,0,0,0,0,0,0,0,0,0,0,0,0,0,0,0,0,0,89776,0,0,0
1744062183.001283,600039,21131155,0,nscratch,nscratch-ffff9a448cc17800,0,0,2720271217,29413147,0,0,5625,0,0,0,0,0,0,0,0,0,0,0,0,0,0,0,0,0,0,0,0,0,0,0,0,288,0,0,0
1744062183.001402,600039,21131155,0,pscratch,pscratch-ffff9a44613c4800,0,0,238996538782,169496694775,0,0,216340,0,0,0,0,0,0,0,0,0,0,0,0,0,0,0,0,0,0,0,0,0,0,0,0,89776,0,0,0
1744062184.001883,600039,21131155,0,nscratch,nscratch-ffff9a448cc17800,0,0,2720271217,29413147,0,0,5625,0,0,0,0,0,0,0,0,0,0,0,0,0,0,0,0,0,0,0,0,0,0,0,0,288,0,0,0
1744062184.002004,600039,21131155,0,pscratch,pscratch-ffff9a44613c4800,0,0,238996538782,169496694775,0,0,216340,0,0,0,0,0,0,0,0,0,0,0,0,0,0,0,0,0,0,0,0,0,0,0,0,89776,0,0,0
1744062185.001331,600039,21131155,0,nscratch,nscratch-ffff9a448cc17800,0,0,2720271217,29413147,0,0,5625,0,0,0,0,0,0,0,0,0,0,0,0,0,0,0,0,0,0,0,0,0,0,0,0,288,0,0,0
1744062185.001459,600039,21131155,0,pscratch,pscratch-ffff9a44613c4800,0,0,238996538782,169496694775,0,0,216340,0,0,0,0,0,0,0,0,0,0,0,0,0,0,0,0,0,0,0,0,0,0,0,0,89776,0,0,0
1744062186.001584,600039,21131155,0,nscratch,nscratch-ffff9a448cc17800,0,0,2720271217,29413147,0,0,5625,0,0,0,0,0,0,0,0,0,0,0,0,0,0,0,0,0,0,0,0,0,0,0,0,288,0,0,0
1744062186.001705,600039,21131155,0,pscratch,pscratch-ffff9a44613c4800,0,0,238996538782,169496694775,0,0,216340,0,0,0,0,0,0,0,0,0,0,0,0,0,0,0,0,0,0,0,0,0,0,0,0,89776,0,0,0
1744062187.002185,600039,21131155,0,nscratch,nscratch-ffff9a448cc17800,0,0,2720271217,29413147,0,0,5625,0,0,0,0,0,0,0,0,0,0,0,0,0,0,0,0,0,0,0,0,0,0,0,0,288,0,0,0
1744062187.002305,600039,21131155,0,pscratch,pscratch-ffff9a44613c4800,0,0,238996538782,169496694775,0,0,216340,0,0,0,0,0,0,0,0,0,0,0,0,0,0,0,0,0,0,0,0,0,0,0,0,89776,0,0,0
1744062188.001628,600039,21131155,0,nscratch,nscratch-ffff9a448cc17800,0,0,2720271217,29413147,0,0,5625,0,0,0,0,0,0,0,0,0,0,0,0,0,0,0,0,0,0,0,0,0,0,0,0,288,0,0,0
1744062188.001748,600039,21131155,0,pscratch,pscratch-ffff9a44613c4800,0,0,238996538782,169496694775,0,0,216340,0,0,0,0,0,0,0,0,0,0,0,0,0,0,0,0,0,0,0,0,0,0,0,0,89776,0,0,0
1744062189.001872,600039,21131155,0,nscratch,nscratch-ffff9a448cc17800,0,0,2720271217,29413147,0,0,5625,0,0,0,0,0,0,0,0,0,0,0,0,0,0,0,0,0,0,0,0,0,0,0,0,288,0,0,0
1744062189.001992,600039,21131155,0,pscratch,pscratch-ffff9a44613c4800,0,0,238996538782,169496694775,0,0,216340,0,0,0,0,0,0,0,0,0,0,0,0,0,0,0,0,0,0,0,0,0,0,0,0,89776,0,0,0
1744062190.001476,600039,21131155,0,nscratch,nscratch-ffff9a448cc17800,0,0,2720271217,29413147,0,0,5625,0,0,0,0,0,0,0,0,0,0,0,0,0,0,0,0,0,0,0,0,0,0,0,0,288,0,0,0
1744062190.001598,600039,21131155,0,pscratch,pscratch-ffff9a44613c4800,0,0,238996538782,169496694775,0,0,216340,0,0,0,0,0,0,0,0,0,0,0,0,0,0,0,0,0,0,0,0,0,0,0,0,89776,0,0,0
1744062191.001925,600039,21131155,0,nscratch,nscratch-ffff9a448cc17800,0,0,2720271217,29413147,0,0,5625,0,0,0,0,0,0,0,0,0,0,0,0,0,0,0,0,0,0,0,0,0,0,0,0,288,0,0,0
1744062191.002046,600039,21131155,0,pscratch,pscratch-ffff9a44613c4800,0,0,238996538782,169496694775,0,0,216340,0,0,0,0,0,0,0,0,0,0,0,0,0,0,0,0,0,0,0,0,0,0,0,0,89776,0,0,0
1744062192.001167,600039,21131155,0,nscratch,nscratch-ffff9a448cc17800,0,0,2720271217,29413147,0,0,5625,0,0,0,0,0,0,0,0,0,0,0,0,0,0,0,0,0,0,0,0,0,0,0,0,288,0,0,0
1744062192.001287,600039,21131155,0,pscratch,pscratch-ffff9a44613c4800,0,0,238996538782,169496694775,0,0,216340,0,0,0,0,0,0,0,0,0,0,0,0,0,0,0,0,0,0,0,0,0,0,0,0,89776,0,0,0
1744062193.001772,600039,21131155,0,nscratch,nscratch-ffff9a448cc17800,0,0,2720271217,29413147,0,0,5625,0,0,0,0,0,0,0,0,0,0,0,0,0,0,0,0,0,0,0,0,0,0,0,0,288,0,0,0
1744062193.001893,600039,21131155,0,pscratch,pscratch-ffff9a44613c4800,0,0,238996538782,169496694775,0,0,216340,0,0,0,0,0,0,0,0,0,0,0,0,0,0,0,0,0,0,0,0,0,0,0,0,89776,0,0,0
1744062194.002222,600039,21131155,0,nscratch,nscratch-ffff9a448cc17800,0,0,2720271217,29413147,0,0,5625,0,0,0,0,0,0,0,0,0,0,0,0,0,0,0,0,0,0,0,0,0,0,0,0,288,0,0,0
1744062194.002342,600039,21131155,0,pscratch,pscratch-ffff9a44613c4800,0,0,238996538782,169496694775,0,0,216340,0,0,0,0,0,0,0,0,0,0,0,0,0,0,0,0,0,0,0,0,0,0,0,0,89776,0,0,0
1744062195.001637,600039,21131155,0,nscratch,nscratch-ffff9a448cc17800,0,0,2720271217,29413147,0,0,5625,0,0,0,0,0,0,0,0,0,0,0,0,0,0,0,0,0,0,0,0,0,0,0,0,288,0,0,0
1744062195.001758,600039,21131155,0,pscratch,pscratch-ffff9a44613c4800,0,0,238996538782,169496694775,0,0,216340,0,0,0,0,0,0,0,0,0,0,0,0,0,0,0,0,0,0,0,0,0,0,0,0,89776,0,0,0
1744062196.002242,600039,21131155,0,nscratch,nscratch-ffff9a448cc17800,0,0,2720271217,29413147,0,0,5625,0,0,0,0,0,0,0,0,0,0,0,0,0,0,0,0,0,0,0,0,0,0,0,0,288,0,0,0
1744062196.002364,600039,21131155,0,pscratch,pscratch-ffff9a44613c4800,0,0,238996538782,169496694775,0,0,216340,0,0,0,0,0,0,0,0,0,0,0,0,0,0,0,0,0,0,0,0,0,0,0,0,89776,0,0,0
1744062197.001698,600039,21131155,0,nscratch,nscratch-ffff9a448cc17800,0,0,2720271217,29413147,0,0,5625,0,0,0,0,0,0,0,0,0,0,0,0,0,0,0,0,0,0,0,0,0,0,0,0,288,0,0,0
1744062197.001819,600039,21131155,0,pscratch,pscratch-ffff9a44613c4800,0,0,238996538782,169496694775,0,0,216340,0,0,0,0,0,0,0,0,0,0,0,0,0,0,0,0,0,0,0,0,0,0,0,0,89776,0,0,0
1744062198.001944,600039,21131155,0,nscratch,nscratch-ffff9a448cc17800,0,0,2720271217,29413147,0,0,5625,0,0,0,0,0,0,0,0,0,0,0,0,0,0,0,0,0,0,0,0,0,0,0,0,288,0,0,0
1744062198.002063,600039,21131155,0,pscratch,pscratch-ffff9a44613c4800,0,0,238996538782,169496694775,0,0,216340,0,0,0,0,0,0,0,0,0,0,0,0,0,0,0,0,0,0,0,0,0,0,0,0,89776,0,0,0
1744062199.001542,600039,21131155,0,nscratch,nscratch-ffff9a448cc17800,0,0,2720271217,29413147,0,0,5625,0,0,0,0,0,0,0,0,0,0,0,0,0,0,0,0,0,0,0,0,0,0,0,0,288,0,0,0
1744062199.001662,600039,21131155,0,pscratch,pscratch-ffff9a44613c4800,0,0,238996538782,169496694775,0,0,216340,0,0,0,0,0,0,0,0,0,0,0,0,0,0,0,0,0,0,0,0,0,0,0,0,89776,0,0,0
1744062200.001985,600039,21131155,0,nscratch,nscratch-ffff9a448cc17800,0,0,2720271217,29413147,0,0,5625,0,0,0,0,0,0,0,0,0,0,0,0,0,0,0,0,0,0,0,0,0,0,0,0,288,0,0,0
1744062200.002106,600039,21131155,0,pscratch,pscratch-ffff9a44613c4800,0,0,238996538782,169496694775,0,0,216340,0,0,0,0,0,0,0,0,0,0,0,0,0,0,0,0,0,0,0,0,0,0,0,0,89776,0,0,0
1744062201.001232,600039,21131155,0,nscratch,nscratch-ffff9a448cc17800,0,0,2720271217,29413147,0,0,5625,0,0,0,0,0,0,0,0,0,0,0,0,0,0,0,0,0,0,0,0,0,0,0,0,288,0,0,0
1744062201.001351,600039,21131155,0,pscratch,pscratch-ffff9a44613c4800,0,0,238996538782,169496694775,0,0,216340,0,0,0,0,0,0,0,0,0,0,0,0,0,0,0,0,0,0,0,0,0,0,0,0,89776,0,0,0
1744062202.001834,600039,21131155,0,nscratch,nscratch-ffff9a448cc17800,0,0,2720271217,29413147,0,0,5625,0,0,0,0,0,0,0,0,0,0,0,0,0,0,0,0,0,0,0,0,0,0,0,0,288,0,0,0
1744062202.001955,600039,21131155,0,pscratch,pscratch-ffff9a44613c4800,0,0,238996538782,169496694775,0,0,216340,0,0,0,0,0,0,0,0,0,0,0,0,0,0,0,0,0,0,0,0,0,0,0,0,89776,0,0,0
1744062203.002278,600039,21131155,0,nscratch,nscratch-ffff9a448cc17800,0,0,2720271217,29413147,0,0,5625,0,0,0,0,0,0,0,0,0,0,0,0,0,0,0,0,0,0,0,0,0,0,0,0,288,0,0,0
1744062203.002398,600039,21131155,0,pscratch,pscratch-ffff9a44613c4800,0,0,238996538782,169496694775,0,0,216340,0,0,0,0,0,0,0,0,0,0,0,0,0,0,0,0,0,0,0,0,0,0,0,0,89776,0,0,0
1744062204.001530,600039,21131155,0,nscratch,nscratch-ffff9a448cc17800,0,0,2720271217,29413147,0,0,5625,0,0,0,0,0,0,0,0,0,0,0,0,0,0,0,0,0,0,0,0,0,0,0,0,288,0,0,0
1744062204.001650,600039,21131155,0,pscratch,pscratch-ffff9a44613c4800,0,0,238996538782,169496694775,0,0,216340,0,0,0,0,0,0,0,0,0,0,0,0,0,0,0,0,0,0,0,0,0,0,0,0,89776,0,0,0
1744062205.002121,600039,21131155,0,nscratch,nscratch-ffff9a448cc17800,0,0,2720271217,29413147,0,0,5625,0,0,0,0,0,0,0,0,0,0,0,0,0,0,0,0,0,0,0,0,0,0,0,0,288,0,0,0
1744062205.002242,600039,21131155,0,pscratch,pscratch-ffff9a44613c4800,0,0,238996538782,169496694775,0,0,216340,0,0,0,0,0,0,0,0,0,0,0,0,0,0,0,0,0,0,0,0,0,0,0,0,89776,0,0,0
1744062206.001576,600039,21131155,0,nscratch,nscratch-ffff9a448cc17800,0,0,2720271217,29413147,0,0,5625,0,0,0,0,0,0,0,0,0,0,0,0,0,0,0,0,0,0,0,0,0,0,0,0,288,0,0,0
1744062206.001696,600039,21131155,0,pscratch,pscratch-ffff9a44613c4800,0,0,238996538782,169496694775,0,0,216340,0,0,0,0,0,0,0,0,0,0,0,0,0,0,0,0,0,0,0,0,0,0,0,0,89776,0,0,0
1744062207.001820,600039,21131155,0,nscratch,nscratch-ffff9a448cc17800,0,0,2720271217,29413147,0,0,5625,0,0,0,0,0,0,0,0,0,0,0,0,0,0,0,0,0,0,0,0,0,0,0,0,288,0,0,0
1744062207.001941,600039,21131155,0,pscratch,pscratch-ffff9a44613c4800,0,0,238996538782,169496694775,0,0,216340,0,0,0,0,0,0,0,0,0,0,0,0,0,0,0,0,0,0,0,0,0,0,0,0,89776,0,0,0
1744062208.001433,600039,21131155,0,nscratch,nscratch-ffff9a448cc17800,0,0,2720271217,29413147,0,0,5625,0,0,0,0,0,0,0,0,0,0,0,0,0,0,0,0,0,0,0,0,0,0,0,0,288,0,0,0
1744062208.001555,600039,21131155,0,pscratch,pscratch-ffff9a44613c4800,0,0,238996538782,169496694775,0,0,216340,0,0,0,0,0,0,0,0,0,0,0,0,0,0,0,0,0,0,0,0,0,0,0,0,89776,0,0,0
1744062209.001883,600039,21131155,0,nscratch,nscratch-ffff9a448cc17800,0,0,2720271217,29413147,0,0,5625,0,0,0,0,0,0,0,0,0,0,0,0,0,0,0,0,0,0,0,0,0,0,0,0,288,0,0,0
1744062209.002006,600039,21131155,0,pscratch,pscratch-ffff9a44613c4800,0,0,238996538782,169496694775,0,0,216340,0,0,0,0,0,0,0,0,0,0,0,0,0,0,0,0,0,0,0,0,0,0,0,0,89776,0,0,0
1744062210.001130,600039,21131155,0,nscratch,nscratch-ffff9a448cc17800,0,0,2720271217,29413147,0,0,5625,0,0,0,0,0,0,0,0,0,0,0,0,0,0,0,0,0,0,0,0,0,0,0,0,288,0,0,0
1744062210.001250,600039,21131155,0,pscratch,pscratch-ffff9a44613c4800,0,0,238996538782,169496694775,0,0,216340,0,0,0,0,0,0,0,0,0,0,0,0,0,0,0,0,0,0,0,0,0,0,0,0,89776,0,0,0
1744062211.001730,600039,21131155,0,nscratch,nscratch-ffff9a448cc17800,0,0,2720271217,29413147,0,0,5625,0,0,0,0,0,0,0,0,0,0,0,0,0,0,0,0,0,0,0,0,0,0,0,0,288,0,0,0
1744062211.001851,600039,21131155,0,pscratch,pscratch-ffff9a44613c4800,0,0,238996538782,169496694775,0,0,216340,0,0,0,0,0,0,0,0,0,0,0,0,0,0,0,0,0,0,0,0,0,0,0,0,89776,0,0,0
1744062212.002175,600039,21131155,0,nscratch,nscratch-ffff9a448cc17800,0,0,2720271217,29413147,0,0,5625,0,0,0,0,0,0,0,0,0,0,0,0,0,0,0,0,0,0,0,0,0,0,0,0,288,0,0,0
1744062212.002296,600039,21131155,0,pscratch,pscratch-ffff9a44613c4800,0,0,238996538782,169496694775,0,0,216340,0,0,0,0,0,0,0,0,0,0,0,0,0,0,0,0,0,0,0,0,0,0,0,0,89776,0,0,0
1744062213.001417,600039,21131155,0,nscratch,nscratch-ffff9a448cc17800,0,0,2720271217,29413147,0,0,5625,0,0,0,0,0,0,0,0,0,0,0,0,0,0,0,0,0,0,0,0,0,0,0,0,288,0,0,0
1744062213.001542,600039,21131155,0,pscratch,pscratch-ffff9a44613c4800,0,0,238996538782,169496694775,0,0,216340,0,0,0,0,0,0,0,0,0,0,0,0,0,0,0,0,0,0,0,0,0,0,0,0,89776,0,0,0
1744062214.002016,600039,21131155,0,nscratch,nscratch-ffff9a448cc17800,0,0,2720271217,29413147,0,0,5625,0,0,0,0,0,0,0,0,0,0,0,0,0,0,0,0,0,0,0,0,0,0,0,0,288,0,0,0
1744062214.002136,600039,21131155,0,pscratch,pscratch-ffff9a44613c4800,0,0,238996538782,169496694775,0,0,216340,0,0,0,0,0,0,0,0,0,0,0,0,0,0,0,0,0,0,0,0,0,0,0,0,89776,0,0,0
1744062215.001459,600039,21131155,0,nscratch,nscratch-ffff9a448cc17800,0,0,2720271217,29413147,0,0,5625,0,0,0,0,0,0,0,0,0,0,0,0,0,0,0,0,0,0,0,0,0,0,0,0,288,0,0,0
1744062215.001580,600039,21131155,0,pscratch,pscratch-ffff9a44613c4800,0,0,238996538782,169496694775,0,0,216340,0,0,0,0,0,0,0,0,0,0,0,0,0,0,0,0,0,0,0,0,0,0,0,0,89776,0,0,0
1744062216.001704,600039,21131155,0,nscratch,nscratch-ffff9a448cc17800,0,0,2720271217,29413147,0,0,5625,0,0,0,0,0,0,0,0,0,0,0,0,0,0,0,0,0,0,0,0,0,0,0,0,288,0,0,0
1744062216.001825,600039,21131155,0,pscratch,pscratch-ffff9a44613c4800,0,0,238996538782,169496694775,0,0,216340,0,0,0,0,0,0,0,0,0,0,0,0,0,0,0,0,0,0,0,0,0,0,0,0,89776,0,0,0
1744062217.001288,600039,21131155,0,nscratch,nscratch-ffff9a448cc17800,0,0,2720271217,29413147,0,0,5625,0,0,0,0,0,0,0,0,0,0,0,0,0,0,0,0,0,0,0,0,0,0,0,0,288,0,0,0
1744062217.001408,600039,21131155,0,pscratch,pscratch-ffff9a44613c4800,0,0,238996538782,169496694775,0,0,216340,0,0,0,0,0,0,0,0,0,0,0,0,0,0,0,0,0,0,0,0,0,0,0,0,89776,0,0,0
1744062218.001753,600039,21131155,0,nscratch,nscratch-ffff9a448cc17800,0,0,2720271217,29413147,0,0,5625,0,0,0,0,0,0,0,0,0,0,0,0,0,0,0,0,0,0,0,0,0,0,0,0,288,0,0,0
1744062218.001875,600039,21131155,0,pscratch,pscratch-ffff9a44613c4800,0,0,238996538782,169496694775,0,0,216340,0,0,0,0,0,0,0,0,0,0,0,0,0,0,0,0,0,0,0,0,0,0,0,0,89776,0,0,0
1744062219.001998,600039,21131155,0,nscratch,nscratch-ffff9a448cc17800,0,0,2720271217,29413147,0,0,5625,0,0,0,0,0,0,0,0,0,0,0,0,0,0,0,0,0,0,0,0,0,0,0,0,288,0,0,0
1744062219.002119,600039,21131155,0,pscratch,pscratch-ffff9a44613c4800,0,0,238996538782,169496694775,0,0,216340,0,0,0,0,0,0,0,0,0,0,0,0,0,0,0,0,0,0,0,0,0,0,0,0,89776,0,0,0
1744062220.001593,600039,21131155,0,nscratch,nscratch-ffff9a448cc17800,0,0,2720271217,29413147,0,0,5625,0,0,0,0,0,0,0,0,0,0,0,0,0,0,0,0,0,0,0,0,0,0,0,0,288,0,0,0
1744062220.001713,600039,21131155,0,pscratch,pscratch-ffff9a44613c4800,0,0,238996538782,169496694775,0,0,216340,0,0,0,0,0,0,0,0,0,0,0,0,0,0,0,0,0,0,0,0,0,0,0,0,89776,0,0,0
1744062221.002036,600039,21131155,0,nscratch,nscratch-ffff9a448cc17800,0,0,2720271217,29413147,0,0,5625,0,0,0,0,0,0,0,0,0,0,0,0,0,0,0,0,0,0,0,0,0,0,0,0,288,0,0,0
1744062221.002157,600039,21131155,0,pscratch,pscratch-ffff9a44613c4800,0,0,238996538782,169496694775,0,0,216340,0,0,0,0,0,0,0,0,0,0,0,0,0,0,0,0,0,0,0,0,0,0,0,0,89776,0,0,0
1744062222.001280,600039,21131155,0,nscratch,nscratch-ffff9a448cc17800,0,0,2720271217,29413147,0,0,5625,0,0,0,0,0,0,0,0,0,0,0,0,0,0,0,0,0,0,0,0,0,0,0,0,288,0,0,0
1744062222.001400,600039,21131155,0,pscratch,pscratch-ffff9a44613c4800,0,0,238996538782,169496694775,0,0,216340,0,0,0,0,0,0,0,0,0,0,0,0,0,0,0,0,0,0,0,0,0,0,0,0,89776,0,0,0
1744062223.001881,600039,21131155,0,nscratch,nscratch-ffff9a448cc17800,0,0,2720271217,29413147,0,0,5625,0,0,0,0,0,0,0,0,0,0,0,0,0,0,0,0,0,0,0,0,0,0,0,0,288,0,0,0
1744062223.002001,600039,21131155,0,pscratch,pscratch-ffff9a44613c4800,0,0,238996538782,169496694775,0,0,216340,0,0,0,0,0,0,0,0,0,0,0,0,0,0,0,0,0,0,0,0,0,0,0,0,89776,0,0,0
1744062224.001330,600039,21131155,0,nscratch,nscratch-ffff9a448cc17800,0,0,2720271217,29413147,0,0,5625,0,0,0,0,0,0,0,0,0,0,0,0,0,0,0,0,0,0,0,0,0,0,0,0,288,0,0,0
1744062224.001457,600039,21131155,0,pscratch,pscratch-ffff9a44613c4800,0,0,238996538782,169496694775,0,0,216340,0,0,0,0,0,0,0,0,0,0,0,0,0,0,0,0,0,0,0,0,0,0,0,0,89776,0,0,0
1744062225.001580,600039,21131155,0,nscratch,nscratch-ffff9a448cc17800,0,0,2720271217,29413147,0,0,5625,0,0,0,0,0,0,0,0,0,0,0,0,0,0,0,0,0,0,0,0,0,0,0,0,288,0,0,0
1744062225.001700,600039,21131155,0,pscratch,pscratch-ffff9a44613c4800,0,0,238996538782,169496694775,0,0,216340,0,0,0,0,0,0,0,0,0,0,0,0,0,0,0,0,0,0,0,0,0,0,0,0,89776,0,0,0
1744062226.002178,600039,21131155,0,nscratch,nscratch-ffff9a448cc17800,0,0,2720271217,29413147,0,0,5625,0,0,0,0,0,0,0,0,0,0,0,0,0,0,0,0,0,0,0,0,0,0,0,0,288,0,0,0
1744062226.002299,600039,21131155,0,pscratch,pscratch-ffff9a44613c4800,0,0,238996538782,169496694775,0,0,216340,0,0,0,0,0,0,0,0,0,0,0,0,0,0,0,0,0,0,0,0,0,0,0,0,89776,0,0,0
1744062227.001624,600039,21131155,0,nscratch,nscratch-ffff9a448cc17800,0,0,2720271217,29413147,0,0,5625,0,0,0,0,0,0,0,0,0,0,0,0,0,0,0,0,0,0,0,0,0,0,0,0,288,0,0,0
1744062227.001745,600039,21131155,0,pscratch,pscratch-ffff9a44613c4800,0,0,238996538782,169496694775,0,0,216340,0,0,0,0,0,0,0,0,0,0,0,0,0,0,0,0,0,0,0,0,0,0,0,0,89776,0,0,0
1744062228.001868,600039,21131155,0,nscratch,nscratch-ffff9a448cc17800,0,0,2720271217,29413147,0,0,5625,0,0,0,0,0,0,0,0,0,0,0,0,0,0,0,0,0,0,0,0,0,0,0,0,288,0,0,0
1744062228.001989,600039,21131155,0,pscratch,pscratch-ffff9a44613c4800,0,0,238996538782,169496694775,0,0,216340,0,0,0,0,0,0,0,0,0,0,0,0,0,0,0,0,0,0,0,0,0,0,0,0,89776,0,0,0
1744062229.001468,600039,21131155,0,nscratch,nscratch-ffff9a448cc17800,0,0,2720271217,29413147,0,0,5625,0,0,0,0,0,0,0,0,0,0,0,0,0,0,0,0,0,0,0,0,0,0,0,0,288,0,0,0
1744062229.001591,600039,21131155,0,pscratch,pscratch-ffff9a44613c4800,0,0,238996538782,169496694775,0,0,216340,0,0,0,0,0,0,0,0,0,0,0,0,0,0,0,0,0,0,0,0,0,0,0,0,89776,0,0,0
1744062230.001965,600039,21131155,0,nscratch,nscratch-ffff9a448cc17800,0,0,2720271217,29413147,0,0,5625,0,0,0,0,0,0,0,0,0,0,0,0,0,0,0,0,0,0,0,0,0,0,0,0,288,0,0,0
1744062230.002086,600039,21131155,0,pscratch,pscratch-ffff9a44613c4800,0,0,238996538782,169496694775,0,0,216340,0,0,0,0,0,0,0,0,0,0,0,0,0,0,0,0,0,0,0,0,0,0,0,0,89776,0,0,0
1744062231.001209,600039,21131155,0,nscratch,nscratch-ffff9a448cc17800,0,0,2720271217,29413147,0,0,5625,0,0,0,0,0,0,0,0,0,0,0,0,0,0,0,0,0,0,0,0,0,0,0,0,288,0,0,0
1744062231.001330,600039,21131155,0,pscratch,pscratch-ffff9a44613c4800,0,0,238996538782,169496694775,0,0,216340,0,0,0,0,0,0,0,0,0,0,0,0,0,0,0,0,0,0,0,0,0,0,0,0,89776,0,0,0
1744062232.001819,600039,21131155,0,nscratch,nscratch-ffff9a448cc17800,0,0,2720271217,29413147,0,0,5625,0,0,0,0,0,0,0,0,0,0,0,0,0,0,0,0,0,0,0,0,0,0,0,0,288,0,0,0
1744062232.001941,600039,21131155,0,pscratch,pscratch-ffff9a44613c4800,0,0,238996538782,169496694775,0,0,216340,0,0,0,0,0,0,0,0,0,0,0,0,0,0,0,0,0,0,0,0,0,0,0,0,89776,0,0,0
1744062233.002260,600039,21131155,0,nscratch,nscratch-ffff9a448cc17800,0,0,2720271217,29413147,0,0,5625,0,0,0,0,0,0,0,0,0,0,0,0,0,0,0,0,0,0,0,0,0,0,0,0,288,0,0,0
1744062233.002380,600039,21131155,0,pscratch,pscratch-ffff9a44613c4800,0,0,238996538782,169496694775,0,0,216340,0,0,0,0,0,0,0,0,0,0,0,0,0,0,0,0,0,0,0,0,0,0,0,0,89776,0,0,0
1744062234.001515,600039,21131155,0,nscratch,nscratch-ffff9a448cc17800,0,0,2720271217,29413147,0,0,5625,0,0,0,0,0,0,0,0,0,0,0,0,0,0,0,0,0,0,0,0,0,0,0,0,288,0,0,0
1744062234.001637,600039,21131155,0,pscratch,pscratch-ffff9a44613c4800,0,0,238996538782,169496694775,0,0,216340,0,0,0,0,0,0,0,0,0,0,0,0,0,0,0,0,0,0,0,0,0,0,0,0,89776,0,0,0
1744062235.002104,600039,21131155,0,nscratch,nscratch-ffff9a448cc17800,0,0,2720271217,29413147,0,0,5625,0,0,0,0,0,0,0,0,0,0,0,0,0,0,0,0,0,0,0,0,0,0,0,0,288,0,0,0
1744062235.002224,600039,21131155,0,pscratch,pscratch-ffff9a44613c4800,0,0,238996538782,169496694775,0,0,216340,0,0,0,0,0,0,0,0,0,0,0,0,0,0,0,0,0,0,0,0,0,0,0,0,89776,0,0,0
1744062236.001553,600039,21131155,0,nscratch,nscratch-ffff9a448cc17800,0,0,2720271217,29413147,0,0,5625,0,0,0,0,0,0,0,0,0,0,0,0,0,0,0,0,0,0,0,0,0,0,0,0,288,0,0,0
1744062236.001674,600039,21131155,0,pscratch,pscratch-ffff9a44613c4800,0,0,238996538782,169496694775,0,0,216340,0,0,0,0,0,0,0,0,0,0,0,0,0,0,0,0,0,0,0,0,0,0,0,0,89776,0,0,0
1744062237.001798,600039,21131155,0,nscratch,nscratch-ffff9a448cc17800,0,0,2720271217,29413147,0,0,5625,0,0,0,0,0,0,0,0,0,0,0,0,0,0,0,0,0,0,0,0,0,0,0,0,288,0,0,0
1744062237.001917,600039,21131155,0,pscratch,pscratch-ffff9a44613c4800,0,0,238996538782,169496694775,0,0,216340,0,0,0,0,0,0,0,0,0,0,0,0,0,0,0,0,0,0,0,0,0,0,0,0,89776,0,0,0
1744062238.001396,600039,21131155,0,nscratch,nscratch-ffff9a448cc17800,0,0,2720271217,29413147,0,0,5625,0,0,0,0,0,0,0,0,0,0,0,0,0,0,0,0,0,0,0,0,0,0,0,0,288,0,0,0
1744062238.001524,600039,21131155,0,pscratch,pscratch-ffff9a44613c4800,0,0,238996538782,169496694775,0,0,216340,0,0,0,0,0,0,0,0,0,0,0,0,0,0,0,0,0,0,0,0,0,0,0,0,89776,0,0,0
1744062239.001843,600039,21131155,0,nscratch,nscratch-ffff9a448cc17800,0,0,2720271217,29413147,0,0,5625,0,0,0,0,0,0,0,0,0,0,0,0,0,0,0,0,0,0,0,0,0,0,0,0,288,0,0,0
1744062239.001964,600039,21131155,0,pscratch,pscratch-ffff9a44613c4800,0,0,238996538782,169496694775,0,0,216340,0,0,0,0,0,0,0,0,0,0,0,0,0,0,0,0,0,0,0,0,0,0,0,0,89776,0,0,0
1744062240.002092,600039,21131155,0,nscratch,nscratch-ffff9a448cc17800,0,0,2720271217,29413147,0,0,5625,0,0,0,0,0,0,0,0,0,0,0,0,0,0,0,0,0,0,0,0,0,0,0,0,288,0,0,0
1744062240.002213,600039,21131155,0,pscratch,pscratch-ffff9a44613c4800,0,0,238996538782,169496694775,0,0,216340,0,0,0,0,0,0,0,0,0,0,0,0,0,0,0,0,0,0,0,0,0,0,0,0,89776,0,0,0
1744062241.001692,600039,21131155,0,nscratch,nscratch-ffff9a448cc17800,0,0,2720271217,29413147,0,0,5625,0,0,0,0,0,0,0,0,0,0,0,0,0,0,0,0,0,0,0,0,0,0,0,0,288,0,0,0
1744062241.001814,600039,21131155,0,pscratch,pscratch-ffff9a44613c4800,0,0,238996538782,169496694775,0,0,216340,0,0,0,0,0,0,0,0,0,0,0,0,0,0,0,0,0,0,0,0,0,0,0,0,89776,0,0,0
1744062242.002127,600039,21131155,0,nscratch,nscratch-ffff9a448cc17800,0,0,2720271217,29413147,0,0,5625,0,0,0,0,0,0,0,0,0,0,0,0,0,0,0,0,0,0,0,0,0,0,0,0,288,0,0,0
1744062242.002248,600039,21131155,0,pscratch,pscratch-ffff9a44613c4800,0,0,238996538782,169496694775,0,0,216340,0,0,0,0,0,0,0,0,0,0,0,0,0,0,0,0,0,0,0,0,0,0,0,0,89776,0,0,0
1744062243.001370,600039,21131155,0,nscratch,nscratch-ffff9a448cc17800,0,0,2720271217,29413147,0,0,5625,0,0,0,0,0,0,0,0,0,0,0,0,0,0,0,0,0,0,0,0,0,0,0,0,288,0,0,0
1744062243.001496,600039,21131155,0,pscratch,pscratch-ffff9a44613c4800,0,0,238996538782,169496694775,0,0,216340,0,0,0,0,0,0,0,0,0,0,0,0,0,0,0,0,0,0,0,0,0,0,0,0,89776,0,0,0
1744062244.001960,600039,21131155,0,nscratch,nscratch-ffff9a448cc17800,0,0,2720271217,29413147,0,0,5625,0,0,0,0,0,0,0,0,0,0,0,0,0,0,0,0,0,0,0,0,0,0,0,0,288,0,0,0
1744062244.002082,600039,21131155,0,pscratch,pscratch-ffff9a44613c4800,0,0,238996538782,169496694775,0,0,216340,0,0,0,0,0,0,0,0,0,0,0,0,0,0,0,0,0,0,0,0,0,0,0,0,89776,0,0,0
1744062245.001410,600039,21131155,0,nscratch,nscratch-ffff9a448cc17800,0,0,2720271217,29413147,0,0,5625,0,0,0,0,0,0,0,0,0,0,0,0,0,0,0,0,0,0,0,0,0,0,0,0,288,0,0,0
1744062245.001535,600039,21131155,0,pscratch,pscratch-ffff9a44613c4800,0,0,238996538782,169496694775,0,0,216340,0,0,0,0,0,0,0,0,0,0,0,0,0,0,0,0,0,0,0,0,0,0,0,0,89776,0,0,0
1744062246.001658,600039,21131155,0,nscratch,nscratch-ffff9a448cc17800,0,0,2720271217,29413147,0,0,5625,0,0,0,0,0,0,0,0,0,0,0,0,0,0,0,0,0,0,0,0,0,0,0,0,288,0,0,0
1744062246.001778,600039,21131155,0,pscratch,pscratch-ffff9a44613c4800,0,0,238996538782,169496694775,0,0,216340,0,0,0,0,0,0,0,0,0,0,0,0,0,0,0,0,0,0,0,0,0,0,0,0,89776,0,0,0
1744062247.002248,600039,21131155,0,nscratch,nscratch-ffff9a448cc17800,0,0,2720271217,29413147,0,0,5625,0,0,0,0,0,0,0,0,0,0,0,0,0,0,0,0,0,0,0,0,0,0,0,0,288,0,0,0
1744062247.002368,600039,21131155,0,pscratch,pscratch-ffff9a44613c4800,0,0,238996538782,169496694775,0,0,216340,0,0,0,0,0,0,0,0,0,0,0,0,0,0,0,0,0,0,0,0,0,0,0,0,89776,0,0,0
1744062248.001711,600039,21131155,0,nscratch,nscratch-ffff9a448cc17800,0,0,2720271217,29413147,0,0,5625,0,0,0,0,0,0,0,0,0,0,0,0,0,0,0,0,0,0,0,0,0,0,0,0,288,0,0,0
1744062248.001834,600039,21131155,0,pscratch,pscratch-ffff9a44613c4800,0,0,238996538782,169496694775,0,0,216340,0,0,0,0,0,0,0,0,0,0,0,0,0,0,0,0,0,0,0,0,0,0,0,0,89776,0,0,0
1744062249.001957,600039,21131155,0,nscratch,nscratch-ffff9a448cc17800,0,0,2720271217,29413147,0,0,5625,0,0,0,0,0,0,0,0,0,0,0,0,0,0,0,0,0,0,0,0,0,0,0,0,288,0,0,0
1744062249.002078,600039,21131155,0,pscratch,pscratch-ffff9a44613c4800,0,0,238996538782,169496694775,0,0,216340,0,0,0,0,0,0,0,0,0,0,0,0,0,0,0,0,0,0,0,0,0,0,0,0,89776,0,0,0
1744062250.001579,600039,21131155,0,nscratch,nscratch-ffff9a448cc17800,0,0,2720271217,29413147,0,0,5625,0,0,0,0,0,0,0,0,0,0,0,0,0,0,0,0,0,0,0,0,0,0,0,0,288,0,0,0
1744062250.001702,600039,21131155,0,pscratch,pscratch-ffff9a44613c4800,0,0,238996538782,169496694775,0,0,216340,0,0,0,0,0,0,0,0,0,0,0,0,0,0,0,0,0,0,0,0,0,0,0,0,89776,0,0,0
1744062251.002023,600039,21131155,0,nscratch,nscratch-ffff9a448cc17800,0,0,2720271217,29413147,0,0,5625,0,0,0,0,0,0,0,0,0,0,0,0,0,0,0,0,0,0,0,0,0,0,0,0,288,0,0,0
1744062251.002145,600039,21131155,0,pscratch,pscratch-ffff9a44613c4800,0,0,238996538782,169496694775,0,0,216340,0,0,0,0,0,0,0,0,0,0,0,0,0,0,0,0,0,0,0,0,0,0,0,0,89776,0,0,0
1744062252.001267,600039,21131155,0,nscratch,nscratch-ffff9a448cc17800,0,0,2720271217,29413147,0,0,5625,0,0,0,0,0,0,0,0,0,0,0,0,0,0,0,0,0,0,0,0,0,0,0,0,288,0,0,0
1744062252.001387,600039,21131155,0,pscratch,pscratch-ffff9a44613c4800,0,0,238996538782,169496694775,0,0,216340,0,0,0,0,0,0,0,0,0,0,0,0,0,0,0,0,0,0,0,0,0,0,0,0,89776,0,0,0
1744062253.001854,600039,21131155,0,nscratch,nscratch-ffff9a448cc17800,0,0,2720271217,29413147,0,0,5625,0,0,0,0,0,0,0,0,0,0,0,0,0,0,0,0,0,0,0,0,0,0,0,0,288,0,0,0
1744062253.001974,600039,21131155,0,pscratch,pscratch-ffff9a44613c4800,0,0,238996538782,169496694775,0,0,216340,0,0,0,0,0,0,0,0,0,0,0,0,0,0,0,0,0,0,0,0,0,0,0,0,89776,0,0,0
1744062254.002295,600039,21131155,0,nscratch,nscratch-ffff9a448cc17800,0,0,2720271217,29413147,0,0,5625,0,0,0,0,0,0,0,0,0,0,0,0,0,0,0,0,0,0,0,0,0,0,0,0,288,0,0,0
1744062254.002415,600039,21131155,0,pscratch,pscratch-ffff9a44613c4800,0,0,238996538782,169496694775,0,0,216340,0,0,0,0,0,0,0,0,0,0,0,0,0,0,0,0,0,0,0,0,0,0,0,0,89776,0,0,0
1744062255.001674,600039,21131155,0,nscratch,nscratch-ffff9a448cc17800,0,0,2720271217,29413147,0,0,5625,0,0,0,0,0,0,0,0,0,0,0,0,0,0,0,0,0,0,0,0,0,0,0,0,288,0,0,0
1744062255.001795,600039,21131155,0,pscratch,pscratch-ffff9a44613c4800,0,0,238996538782,169496694775,0,0,216340,0,0,0,0,0,0,0,0,0,0,0,0,0,0,0,0,0,0,0,0,0,0,0,0,89776,0,0,0
1744062256.002270,600039,21131155,0,nscratch,nscratch-ffff9a448cc17800,0,0,2720271217,29413147,0,0,5625,0,0,0,0,0,0,0,0,0,0,0,0,0,0,0,0,0,0,0,0,0,0,0,0,288,0,0,0
1744062256.002392,600039,21131155,0,pscratch,pscratch-ffff9a44613c4800,0,0,238996538782,169496694775,0,0,216340,0,0,0,0,0,0,0,0,0,0,0,0,0,0,0,0,0,0,0,0,0,0,0,0,89776,0,0,0
1744062257.001713,600039,21131155,0,nscratch,nscratch-ffff9a448cc17800,0,0,2720271217,29413147,0,0,5625,0,0,0,0,0,0,0,0,0,0,0,0,0,0,0,0,0,0,0,0,0,0,0,0,288,0,0,0
1744062257.001835,600039,21131155,0,pscratch,pscratch-ffff9a44613c4800,0,0,238996538782,169496694775,0,0,216340,0,0,0,0,0,0,0,0,0,0,0,0,0,0,0,0,0,0,0,0,0,0,0,0,89776,0,0,0
1744062258.001960,600039,21131155,0,nscratch,nscratch-ffff9a448cc17800,0,0,2720271217,29413147,0,0,5625,0,0,0,0,0,0,0,0,0,0,0,0,0,0,0,0,0,0,0,0,0,0,0,0,288,0,0,0
1744062258.002081,600039,21131155,0,pscratch,pscratch-ffff9a44613c4800,0,0,238996538782,169496694775,0,0,216340,0,0,0,0,0,0,0,0,0,0,0,0,0,0,0,0,0,0,0,0,0,0,0,0,89776,0,0,0
1744062259.001559,600039,21131155,0,nscratch,nscratch-ffff9a448cc17800,0,0,2720271217,29413147,0,0,5625,0,0,0,0,0,0,0,0,0,0,0,0,0,0,0,0,0,0,0,0,0,0,0,0,288,0,0,0
1744062259.001680,600039,21131155,0,pscratch,pscratch-ffff9a44613c4800,0,0,238996538782,169496694775,0,0,216340,0,0,0,0,0,0,0,0,0,0,0,0,0,0,0,0,0,0,0,0,0,0,0,0,89776,0,0,0
1744062260.002025,600039,21131155,0,nscratch,nscratch-ffff9a448cc17800,0,0,2720271217,29413147,0,0,5625,0,0,0,0,0,0,0,0,0,0,0,0,0,0,0,0,0,0,0,0,0,0,0,0,288,0,0,0
1744062260.002146,600039,21131155,0,pscratch,pscratch-ffff9a44613c4800,0,0,238996538782,169496694775,0,0,216340,0,0,0,0,0,0,0,0,0,0,0,0,0,0,0,0,0,0,0,0,0,0,0,0,89776,0,0,0
1744062261.001269,600039,21131155,0,nscratch,nscratch-ffff9a448cc17800,0,0,2720271217,29413147,0,0,5625,0,0,0,0,0,0,0,0,0,0,0,0,0,0,0,0,0,0,0,0,0,0,0,0,288,0,0,0
1744062261.001389,600039,21131155,0,pscratch,pscratch-ffff9a44613c4800,0,0,238996538782,169496694775,0,0,216340,0,0,0,0,0,0,0,0,0,0,0,0,0,0,0,0,0,0,0,0,0,0,0,0,89776,0,0,0
1744062262.001879,600039,21131155,0,nscratch,nscratch-ffff9a448cc17800,0,0,2720271217,29413147,0,0,5625,0,0,0,0,0,0,0,0,0,0,0,0,0,0,0,0,0,0,0,0,0,0,0,0,288,0,0,0
1744062262.002000,600039,21131155,0,pscratch,pscratch-ffff9a44613c4800,0,0,238996538782,169496694775,0,0,216340,0,0,0,0,0,0,0,0,0,0,0,0,0,0,0,0,0,0,0,0,0,0,0,0,89776,0,0,0
1744062263.001330,600039,21131155,0,nscratch,nscratch-ffff9a448cc17800,0,0,2720271217,29413147,0,0,5625,0,0,0,0,0,0,0,0,0,0,0,0,0,0,0,0,0,0,0,0,0,0,0,0,288,0,0,0
1744062263.001457,600039,21131155,0,pscratch,pscratch-ffff9a44613c4800,0,0,238996538782,169496694775,0,0,216340,0,0,0,0,0,0,0,0,0,0,0,0,0,0,0,0,0,0,0,0,0,0,0,0,89776,0,0,0
1744062264.001584,600039,21131155,0,nscratch,nscratch-ffff9a448cc17800,0,0,2720271217,29413147,0,0,5625,0,0,0,0,0,0,0,0,0,0,0,0,0,0,0,0,0,0,0,0,0,0,0,0,288,0,0,0
1744062264.001705,600039,21131155,0,pscratch,pscratch-ffff9a44613c4800,0,0,238996538782,169496694775,0,0,216340,0,0,0,0,0,0,0,0,0,0,0,0,0,0,0,0,0,0,0,0,0,0,0,0,89776,0,0,0
1744062265.002171,600039,21131155,0,nscratch,nscratch-ffff9a448cc17800,0,0,2720271217,29413147,0,0,5625,0,0,0,0,0,0,0,0,0,0,0,0,0,0,0,0,0,0,0,0,0,0,0,0,288,0,0,0
1744062265.002292,600039,21131155,0,pscratch,pscratch-ffff9a44613c4800,0,0,238996538782,169496694775,0,0,216340,0,0,0,0,0,0,0,0,0,0,0,0,0,0,0,0,0,0,0,0,0,0,0,0,89776,0,0,0
1744062266.001619,600039,21131155,0,nscratch,nscratch-ffff9a448cc17800,0,0,2720271217,29413147,0,0,5625,0,0,0,0,0,0,0,0,0,0,0,0,0,0,0,0,0,0,0,0,0,0,0,0,288,0,0,0
1744062266.001740,600039,21131155,0,pscratch,pscratch-ffff9a44613c4800,0,0,238996538782,169496694775,0,0,216340,0,0,0,0,0,0,0,0,0,0,0,0,0,0,0,0,0,0,0,0,0,0,0,0,89776,0,0,0
1744062267.001863,600039,21131155,0,nscratch,nscratch-ffff9a448cc17800,0,0,2720271217,29413147,0,0,5625,0,0,0,0,0,0,0,0,0,0,0,0,0,0,0,0,0,0,0,0,0,0,0,0,288,0,0,0
1744062267.001984,600039,21131155,0,pscratch,pscratch-ffff9a44613c4800,0,0,238996538782,169496694775,0,0,216340,0,0,0,0,0,0,0,0,0,0,0,0,0,0,0,0,0,0,0,0,0,0,0,0,89776,0,0,0
1744062268.001471,600039,21131155,0,nscratch,nscratch-ffff9a448cc17800,0,0,2720271217,29413147,0,0,5625,0,0,0,0,0,0,0,0,0,0,0,0,0,0,0,0,0,0,0,0,0,0,0,0,288,0,0,0
1744062268.001592,600039,21131155,0,pscratch,pscratch-ffff9a44613c4800,0,0,238996538782,169496694775,0,0,216340,0,0,0,0,0,0,0,0,0,0,0,0,0,0,0,0,0,0,0,0,0,0,0,0,89776,0,0,0
1744062269.001911,600039,21131155,0,nscratch,nscratch-ffff9a448cc17800,0,0,2720271217,29413147,0,0,5625,0,0,0,0,0,0,0,0,0,0,0,0,0,0,0,0,0,0,0,0,0,0,0,0,288,0,0,0
1744062269.002031,600039,21131155,0,pscratch,pscratch-ffff9a44613c4800,0,0,238996538782,169496694775,0,0,216340,0,0,0,0,0,0,0,0,0,0,0,0,0,0,0,0,0,0,0,0,0,0,0,0,89776,0,0,0
1744062270.001155,600039,21131155,0,nscratch,nscratch-ffff9a448cc17800,0,0,2720271217,29413147,0,0,5625,0,0,0,0,0,0,0,0,0,0,0,0,0,0,0,0,0,0,0,0,0,0,0,0,288,0,0,0
1744062270.001274,600039,21131155,0,pscratch,pscratch-ffff9a44613c4800,0,0,238996538782,169496694775,0,0,216340,0,0,0,0,0,0,0,0,0,0,0,0,0,0,0,0,0,0,0,0,0,0,0,0,89776,0,0,0
1744062271.001753,600039,21131155,0,nscratch,nscratch-ffff9a448cc17800,0,0,2720271217,29413147,0,0,5625,0,0,0,0,0,0,0,0,0,0,0,0,0,0,0,0,0,0,0,0,0,0,0,0,288,0,0,0
1744062271.001875,600039,21131155,0,pscratch,pscratch-ffff9a44613c4800,0,0,238996538782,169496694775,0,0,216340,0,0,0,0,0,0,0,0,0,0,0,0,0,0,0,0,0,0,0,0,0,0,0,0,89776,0,0,0
1744062272.002202,600039,21131155,0,nscratch,nscratch-ffff9a448cc17800,0,0,2720271217,29413147,0,0,5625,0,0,0,0,0,0,0,0,0,0,0,0,0,0,0,0,0,0,0,0,0,0,0,0,288,0,0,0
1744062272.002323,600039,21131155,0,pscratch,pscratch-ffff9a44613c4800,0,0,238996538782,169496694775,0,0,216340,0,0,0,0,0,0,0,0,0,0,0,0,0,0,0,0,0,0,0,0,0,0,0,0,89776,0,0,0
1744062273.001452,600039,21131155,0,nscratch,nscratch-ffff9a448cc17800,0,0,2720271217,29413147,0,0,5625,0,0,0,0,0,0,0,0,0,0,0,0,0,0,0,0,0,0,0,0,0,0,0,0,288,0,0,0
1744062273.001574,600039,21131155,0,pscratch,pscratch-ffff9a44613c4800,0,0,238996538782,169496694775,0,0,216340,0,0,0,0,0,0,0,0,0,0,0,0,0,0,0,0,0,0,0,0,0,0,0,0,89776,0,0,0
1744062274.002051,600039,21131155,0,nscratch,nscratch-ffff9a448cc17800,0,0,2720271217,29413147,0,0,5625,0,0,0,0,0,0,0,0,0,0,0,0,0,0,0,0,0,0,0,0,0,0,0,0,288,0,0,0
1744062274.002171,600039,21131155,0,pscratch,pscratch-ffff9a44613c4800,0,0,238996538782,169496694775,0,0,216340,0,0,0,0,0,0,0,0,0,0,0,0,0,0,0,0,0,0,0,0,0,0,0,0,89776,0,0,0
1744062275.001496,600039,21131155,0,nscratch,nscratch-ffff9a448cc17800,0,0,2720271217,29413147,0,0,5625,0,0,0,0,0,0,0,0,0,0,0,0,0,0,0,0,0,0,0,0,0,0,0,0,288,0,0,0
1744062275.001617,600039,21131155,0,pscratch,pscratch-ffff9a44613c4800,0,0,238996538782,169496694775,0,0,216340,0,0,0,0,0,0,0,0,0,0,0,0,0,0,0,0,0,0,0,0,0,0,0,0,89776,0,0,0
1744062276.001741,600039,21131155,0,nscratch,nscratch-ffff9a448cc17800,0,0,2720271217,29413147,0,0,5625,0,0,0,0,0,0,0,0,0,0,0,0,0,0,0,0,0,0,0,0,0,0,0,0,288,0,0,0
1744062276.001861,600039,21131155,0,pscratch,pscratch-ffff9a44613c4800,0,0,238996538782,169496694775,0,0,216340,0,0,0,0,0,0,0,0,0,0,0,0,0,0,0,0,0,0,0,0,0,0,0,0,89776,0,0,0
1744062277.001318,600039,21131155,0,nscratch,nscratch-ffff9a448cc17800,0,0,2720271217,29413147,0,0,5625,0,0,0,0,0,0,0,0,0,0,0,0,0,0,0,0,0,0,0,0,0,0,0,0,288,0,0,0
1744062277.001446,600039,21131155,0,pscratch,pscratch-ffff9a44613c4800,0,0,238996538782,169496694775,0,0,216340,0,0,0,0,0,0,0,0,0,0,0,0,0,0,0,0,0,0,0,0,0,0,0,0,89776,0,0,0
1744062278.001775,600039,21131155,0,nscratch,nscratch-ffff9a448cc17800,0,0,2720271217,29413147,0,0,5625,0,0,0,0,0,0,0,0,0,0,0,0,0,0,0,0,0,0,0,0,0,0,0,0,288,0,0,0
1744062278.001897,600039,21131155,0,pscratch,pscratch-ffff9a44613c4800,0,0,238996538782,169496694775,0,0,216340,0,0,0,0,0,0,0,0,0,0,0,0,0,0,0,0,0,0,0,0,0,0,0,0,89776,0,0,0
1744062279.002025,600039,21131155,0,nscratch,nscratch-ffff9a448cc17800,0,0,2720271217,29413147,0,0,5625,0,0,0,0,0,0,0,0,0,0,0,0,0,0,0,0,0,0,0,0,0,0,0,0,288,0,0,0
1744062279.002146,600039,21131155,0,pscratch,pscratch-ffff9a44613c4800,0,0,238996538782,169496694775,0,0,216340,0,0,0,0,0,0,0,0,0,0,0,0,0,0,0,0,0,0,0,0,0,0,0,0,89776,0,0,0
1744062280.001623,600039,21131155,0,nscratch,nscratch-ffff9a448cc17800,0,0,2720271217,29413147,0,0,5625,0,0,0,0,0,0,0,0,0,0,0,0,0,0,0,0,0,0,0,0,0,0,0,0,288,0,0,0
1744062280.001744,600039,21131155,0,pscratch,pscratch-ffff9a44613c4800,0,0,238996538782,169496694775,0,0,216340,0,0,0,0,0,0,0,0,0,0,0,0,0,0,0,0,0,0,0,0,0,0,0,0,89776,0,0,0
1744062281.002072,600039,21131155,0,nscratch,nscratch-ffff9a448cc17800,0,0,2720271217,29413147,0,0,5625,0,0,0,0,0,0,0,0,0,0,0,0,0,0,0,0,0,0,0,0,0,0,0,0,288,0,0,0
1744062281.002193,600039,21131155,0,pscratch,pscratch-ffff9a44613c4800,0,0,238996538782,169496694775,0,0,216340,0,0,0,0,0,0,0,0,0,0,0,0,0,0,0,0,0,0,0,0,0,0,0,0,89776,0,0,0
1744062282.001316,600039,21131155,0,nscratch,nscratch-ffff9a448cc17800,0,0,2720271217,29413147,0,0,5625,0,0,0,0,0,0,0,0,0,0,0,0,0,0,0,0,0,0,0,0,0,0,0,0,288,0,0,0
1744062282.001441,600039,21131155,0,pscratch,pscratch-ffff9a44613c4800,0,0,238996538782,169496694775,0,0,216340,0,0,0,0,0,0,0,0,0,0,0,0,0,0,0,0,0,0,0,0,0,0,0,0,89776,0,0,0
1744062283.001911,600039,21131155,0,nscratch,nscratch-ffff9a448cc17800,0,0,2720271217,29413147,0,0,5625,0,0,0,0,0,0,0,0,0,0,0,0,0,0,0,0,0,0,0,0,0,0,0,0,288,0,0,0
1744062283.002032,600039,21131155,0,pscratch,pscratch-ffff9a44613c4800,0,0,238996538782,169496694775,0,0,216340,0,0,0,0,0,0,0,0,0,0,0,0,0,0,0,0,0,0,0,0,0,0,0,0,89776,0,0,0
1744062284.001352,600039,21131155,0,nscratch,nscratch-ffff9a448cc17800,0,0,2720271217,29413147,0,0,5625,0,0,0,0,0,0,0,0,0,0,0,0,0,0,0,0,0,0,0,0,0,0,0,0,288,0,0,0
1744062284.001478,600039,21131155,0,pscratch,pscratch-ffff9a44613c4800,0,0,238996538782,169496694775,0,0,216340,0,0,0,0,0,0,0,0,0,0,0,0,0,0,0,0,0,0,0,0,0,0,0,0,89776,0,0,0
1744062285.001601,600039,21131155,0,nscratch,nscratch-ffff9a448cc17800,0,0,2720271217,29413147,0,0,5625,0,0,0,0,0,0,0,0,0,0,0,0,0,0,0,0,0,0,0,0,0,0,0,0,288,0,0,0
1744062285.001720,600039,21131155,0,pscratch,pscratch-ffff9a44613c4800,0,0,238996538782,169496694775,0,0,216340,0,0,0,0,0,0,0,0,0,0,0,0,0,0,0,0,0,0,0,0,0,0,0,0,89776,0,0,0
1744062286.002196,600039,21131155,0,nscratch,nscratch-ffff9a448cc17800,0,0,2720271217,29413147,0,0,5625,0,0,0,0,0,0,0,0,0,0,0,0,0,0,0,0,0,0,0,0,0,0,0,0,288,0,0,0
1744062286.002317,600039,21131155,0,pscratch,pscratch-ffff9a44613c4800,0,0,238996538782,169496694775,0,0,216340,0,0,0,0,0,0,0,0,0,0,0,0,0,0,0,0,0,0,0,0,0,0,0,0,89776,0,0,0
1744062287.001648,600039,21131155,0,nscratch,nscratch-ffff9a448cc17800,0,0,2720271217,29413147,0,0,5625,0,0,0,0,0,0,0,0,0,0,0,0,0,0,0,0,0,0,0,0,0,0,0,0,288,0,0,0
1744062287.001770,600039,21131155,0,pscratch,pscratch-ffff9a44613c4800,0,0,238996538782,169496694775,0,0,216340,0,0,0,0,0,0,0,0,0,0,0,0,0,0,0,0,0,0,0,0,0,0,0,0,89776,0,0,0
1744062288.001904,600039,21131155,0,nscratch,nscratch-ffff9a448cc17800,0,0,2720271217,29413147,0,0,5625,0,0,0,0,0,0,0,0,0,0,0,0,0,0,0,0,0,0,0,0,0,0,0,0,288,0,0,0
1744062288.002025,600039,21131155,0,pscratch,pscratch-ffff9a44613c4800,0,0,238996538782,169496694775,0,0,216340,0,0,0,0,0,0,0,0,0,0,0,0,0,0,0,0,0,0,0,0,0,0,0,0,89776,0,0,0
1744062289.001512,600039,21131155,0,nscratch,nscratch-ffff9a448cc17800,0,0,2720271217,29413147,0,0,5625,0,0,0,0,0,0,0,0,0,0,0,0,0,0,0,0,0,0,0,0,0,0,0,0,288,0,0,0
1744062289.001633,600039,21131155,0,pscratch,pscratch-ffff9a44613c4800,0,0,238996538782,169496694775,0,0,216340,0,0,0,0,0,0,0,0,0,0,0,0,0,0,0,0,0,0,0,0,0,0,0,0,89776,0,0,0
1744062290.001959,600039,21131155,0,nscratch,nscratch-ffff9a448cc17800,0,0,2720271217,29413147,0,0,5625,0,0,0,0,0,0,0,0,0,0,0,0,0,0,0,0,0,0,0,0,0,0,0,0,288,0,0,0
1744062290.002089,600039,21131155,0,pscratch,pscratch-ffff9a44613c4800,0,0,238996538782,169496694775,0,0,216340,0,0,0,0,0,0,0,0,0,0,0,0,0,0,0,0,0,0,0,0,0,0,0,0,89776,0,0,0
1744062291.001211,600039,21131155,0,nscratch,nscratch-ffff9a448cc17800,0,0,2720271217,29413147,0,0,5625,0,0,0,0,0,0,0,0,0,0,0,0,0,0,0,0,0,0,0,0,0,0,0,0,288,0,0,0
1744062291.001331,600039,21131155,0,pscratch,pscratch-ffff9a44613c4800,0,0,238996538782,169496694775,0,0,216340,0,0,0,0,0,0,0,0,0,0,0,0,0,0,0,0,0,0,0,0,0,0,0,0,89776,0,0,0
1744062292.001807,600039,21131155,0,nscratch,nscratch-ffff9a448cc17800,0,0,2720271217,29413147,0,0,5625,0,0,0,0,0,0,0,0,0,0,0,0,0,0,0,0,0,0,0,0,0,0,0,0,288,0,0,0
1744062292.001928,600039,21131155,0,pscratch,pscratch-ffff9a44613c4800,0,0,238996538782,169496694775,0,0,216340,0,0,0,0,0,0,0,0,0,0,0,0,0,0,0,0,0,0,0,0,0,0,0,0,89776,0,0,0
1744062293.002252,600039,21131155,0,nscratch,nscratch-ffff9a448cc17800,0,0,2720271217,29413147,0,0,5625,0,0,0,0,0,0,0,0,0,0,0,0,0,0,0,0,0,0,0,0,0,0,0,0,288,0,0,0
1744062293.002373,600039,21131155,0,pscratch,pscratch-ffff9a44613c4800,0,0,238996538782,169496694775,0,0,216340,0,0,0,0,0,0,0,0,0,0,0,0,0,0,0,0,0,0,0,0,0,0,0,0,89776,0,0,0
1744062294.001506,600039,21131155,0,nscratch,nscratch-ffff9a448cc17800,0,0,2720271217,29413147,0,0,5625,0,0,0,0,0,0,0,0,0,0,0,0,0,0,0,0,0,0,0,0,0,0,0,0,288,0,0,0
1744062294.001628,600039,21131155,0,pscratch,pscratch-ffff9a44613c4800,0,0,238996538782,169496694775,0,0,216340,0,0,0,0,0,0,0,0,0,0,0,0,0,0,0,0,0,0,0,0,0,0,0,0,89776,0,0,0
1744062295.002104,600039,21131155,0,nscratch,nscratch-ffff9a448cc17800,0,0,2720271217,29413147,0,0,5625,0,0,0,0,0,0,0,0,0,0,0,0,0,0,0,0,0,0,0,0,0,0,0,0,288,0,0,0
1744062295.002226,600039,21131155,0,pscratch,pscratch-ffff9a44613c4800,0,0,238996538782,169496694775,0,0,216340,0,0,0,0,0,0,0,0,0,0,0,0,0,0,0,0,0,0,0,0,0,0,0,0,89776,0,0,0
1744062296.001551,600039,21131155,0,nscratch,nscratch-ffff9a448cc17800,0,0,2720271217,29413147,0,0,5625,0,0,0,0,0,0,0,0,0,0,0,0,0,0,0,0,0,0,0,0,0,0,0,0,288,0,0,0
1744062296.001672,600039,21131155,0,pscratch,pscratch-ffff9a44613c4800,0,0,238996538782,169496694775,0,0,216340,0,0,0,0,0,0,0,0,0,0,0,0,0,0,0,0,0,0,0,0,0,0,0,0,89776,0,0,0
1744062297.001649,600039,21131155,0,nscratch,nscratch-ffff9a448cc17800,0,0,2720271217,29413147,0,0,5625,0,0,0,0,0,0,0,0,0,0,0,0,0,0,0,0,0,0,0,0,0,0,0,0,288,0,0,0
1744062297.001793,600039,21131155,0,pscratch,pscratch-ffff9a44613c4800,0,0,238996538782,169496694775,0,0,216340,0,0,0,0,0,0,0,0,0,0,0,0,0,0,0,0,0,0,0,0,0,0,0,0,89776,0,0,0
1744062298.002297,600039,21131155,0,nscratch,nscratch-ffff9a448cc17800,0,0,2720271217,29413147,0,0,5625,0,0,0,0,0,0,0,0,0,0,0,0,0,0,0,0,0,0,0,0,0,0,0,0,288,0,0,0
1744062298.002445,600039,21131155,0,pscratch,pscratch-ffff9a44613c4800,0,0,238996538782,169496694775,0,0,216340,0,0,0,0,0,0,0,0,0,0,0,0,0,0,0,0,0,0,0,0,0,0,0,0,89776,0,0,0
1744062299.001787,600039,21131155,0,nscratch,nscratch-ffff9a448cc17800,0,0,2720271217,29413147,0,0,5625,0,0,0,0,0,0,0,0,0,0,0,0,0,0,0,0,0,0,0,0,0,0,0,0,288,0,0,0
1744062299.001928,600039,21131155,0,pscratch,pscratch-ffff9a44613c4800,0,0,238996538782,169496694775,0,0,216340,0,0,0,0,0,0,0,0,0,0,0,0,0,0,0,0,0,0,0,0,0,0,0,0,89776,0,0,0
1744062300.002073,600039,21131155,0,nscratch,nscratch-ffff9a448cc17800,0,0,2720271217,29413147,0,0,5625,0,0,0,0,0,0,0,0,0,0,0,0,0,0,0,0,0,0,0,0,0,0,0,0,288,0,0,0
1744062300.002214,600039,21131155,0,pscratch,pscratch-ffff9a44613c4800,0,0,238996538782,169496694775,0,0,216340,0,0,0,0,0,0,0,0,0,0,0,0,0,0,0,0,0,0,0,0,0,0,0,0,89776,0,0,0
1744062301.001718,600039,21131155,0,nscratch,nscratch-ffff9a448cc17800,0,0,2720271217,29413147,0,0,5625,0,0,0,0,0,0,0,0,0,0,0,0,0,0,0,0,0,0,0,0,0,0,0,0,288,0,0,0
1744062301.001858,600039,21131155,0,pscratch,pscratch-ffff9a44613c4800,0,0,238996538782,169496694775,0,0,216340,0,0,0,0,0,0,0,0,0,0,0,0,0,0,0,0,0,0,0,0,0,0,0,0,89776,0,0,0
1744062302.002204,600039,21131155,0,nscratch,nscratch-ffff9a448cc17800,0,0,2720271217,29413147,0,0,5625,0,0,0,0,0,0,0,0,0,0,0,0,0,0,0,0,0,0,0,0,0,0,0,0,288,0,0,0
1744062302.002345,600039,21131155,0,pscratch,pscratch-ffff9a44613c4800,0,0,238996538782,169496694775,0,0,216340,0,0,0,0,0,0,0,0,0,0,0,0,0,0,0,0,0,0,0,0,0,0,0,0,89776,0,0,0
1744062303.001491,600039,21131155,0,nscratch,nscratch-ffff9a448cc17800,0,0,2720271217,29413147,0,0,5625,0,0,0,0,0,0,0,0,0,0,0,0,0,0,0,0,0,0,0,0,0,0,0,0,288,0,0,0
1744062303.001635,600039,21131155,0,pscratch,pscratch-ffff9a44613c4800,0,0,238996538782,169496694775,0,0,216340,0,0,0,0,0,0,0,0,0,0,0,0,0,0,0,0,0,0,0,0,0,0,0,0,89776,0,0,0
1744062304.002133,600039,21131155,0,nscratch,nscratch-ffff9a448cc17800,0,0,2720271217,29413147,0,0,5625,0,0,0,0,0,0,0,0,0,0,0,0,0,0,0,0,0,0,0,0,0,0,0,0,288,0,0,0
1744062304.002274,600039,21131155,0,pscratch,pscratch-ffff9a44613c4800,0,0,238996538782,169496694775,0,0,216340,0,0,0,0,0,0,0,0,0,0,0,0,0,0,0,0,0,0,0,0,0,0,0,0,89776,0,0,0
1744062305.001620,600039,21131155,0,nscratch,nscratch-ffff9a448cc17800,0,0,2720271217,29413147,0,0,5625,0,0,0,0,0,0,0,0,0,0,0,0,0,0,0,0,0,0,0,0,0,0,0,0,288,0,0,0
1744062305.001761,600039,21131155,0,pscratch,pscratch-ffff9a44613c4800,0,0,238996538782,169496694775,0,0,216340,0,0,0,0,0,0,0,0,0,0,0,0,0,0,0,0,0,0,0,0,0,0,0,0,89776,0,0,0
1744062306.001902,600039,21131155,0,nscratch,nscratch-ffff9a448cc17800,0,0,2720271217,29413147,0,0,5625,0,0,0,0,0,0,0,0,0,0,0,0,0,0,0,0,0,0,0,0,0,0,0,0,288,0,0,0
1744062306.002043,600039,21131155,0,pscratch,pscratch-ffff9a44613c4800,0,0,238996538782,169496694775,0,0,216340,0,0,0,0,0,0,0,0,0,0,0,0,0,0,0,0,0,0,0,0,0,0,0,0,89776,0,0,0
1744062307.001542,600039,21131155,0,nscratch,nscratch-ffff9a448cc17800,0,0,2720271217,29413147,0,0,5625,0,0,0,0,0,0,0,0,0,0,0,0,0,0,0,0,0,0,0,0,0,0,0,0,288,0,0,0
1744062307.001684,600039,21131155,0,pscratch,pscratch-ffff9a44613c4800,0,0,238996538782,169496694775,0,0,216340,0,0,0,0,0,0,0,0,0,0,0,0,0,0,0,0,0,0,0,0,0,0,0,0,89776,0,0,0
1744062308.002027,600039,21131155,0,nscratch,nscratch-ffff9a448cc17800,0,0,2720271217,29413147,0,0,5625,0,0,0,0,0,0,0,0,0,0,0,0,0,0,0,0,0,0,0,0,0,0,0,0,288,0,0,0
1744062308.002167,600039,21131155,0,pscratch,pscratch-ffff9a44613c4800,0,0,238996538782,169496694775,0,0,216340,0,0,0,0,0,0,0,0,0,0,0,0,0,0,0,0,0,0,0,0,0,0,0,0,89776,0,0,0
1744062309.001306,600039,21131155,0,nscratch,nscratch-ffff9a448cc17800,0,0,2720271217,29413147,0,0,5625,0,0,0,0,0,0,0,0,0,0,0,0,0,0,0,0,0,0,0,0,0,0,0,0,288,0,0,0
1744062309.001452,600039,21131155,0,pscratch,pscratch-ffff9a44613c4800,0,0,238996538782,169496694775,0,0,216340,0,0,0,0,0,0,0,0,0,0,0,0,0,0,0,0,0,0,0,0,0,0,0,0,89776,0,0,0
1744062310.001955,600039,21131155,0,nscratch,nscratch-ffff9a448cc17800,0,0,2720271217,29413147,0,0,5625,0,0,0,0,0,0,0,0,0,0,0,0,0,0,0,0,0,0,0,0,0,0,0,0,288,0,0,0
1744062310.002097,600039,21131155,0,pscratch,pscratch-ffff9a44613c4800,0,0,238996538782,169496694775,0,0,216340,0,0,0,0,0,0,0,0,0,0,0,0,0,0,0,0,0,0,0,0,0,0,0,0,89776,0,0,0
1744062311.001449,600039,21131155,0,nscratch,nscratch-ffff9a448cc17800,0,0,2720271217,29413147,0,0,5625,0,0,0,0,0,0,0,0,0,0,0,0,0,0,0,0,0,0,0,0,0,0,0,0,288,0,0,0
1744062311.001590,600039,21131155,0,pscratch,pscratch-ffff9a44613c4800,0,0,238996538782,169496694775,0,0,216340,0,0,0,0,0,0,0,0,0,0,0,0,0,0,0,0,0,0,0,0,0,0,0,0,89776,0,0,0
1744062312.001732,600039,21131155,0,nscratch,nscratch-ffff9a448cc17800,0,0,2720271217,29413147,0,0,5625,0,0,0,0,0,0,0,0,0,0,0,0,0,0,0,0,0,0,0,0,0,0,0,0,288,0,0,0
1744062312.001873,600039,21131155,0,pscratch,pscratch-ffff9a44613c4800,0,0,238996538782,169496694775,0,0,216340,0,0,0,0,0,0,0,0,0,0,0,0,0,0,0,0,0,0,0,0,0,0,0,0,89776,0,0,0
1744062313.001367,600039,21131155,0,nscratch,nscratch-ffff9a448cc17800,0,0,2720271217,29413147,0,0,5625,0,0,0,0,0,0,0,0,0,0,0,0,0,0,0,0,0,0,0,0,0,0,0,0,288,0,0,0
1744062313.001513,600039,21131155,0,pscratch,pscratch-ffff9a44613c4800,0,0,238996538782,169496694775,0,0,216340,0,0,0,0,0,0,0,0,0,0,0,0,0,0,0,0,0,0,0,0,0,0,0,0,89776,0,0,0
1744062314.001858,600039,21131155,0,nscratch,nscratch-ffff9a448cc17800,0,0,2720271217,29413147,0,0,5625,0,0,0,0,0,0,0,0,0,0,0,0,0,0,0,0,0,0,0,0,0,0,0,0,288,0,0,0
1744062314.001999,600039,21131155,0,pscratch,pscratch-ffff9a44613c4800,0,0,238996538782,169496694775,0,0,216340,0,0,0,0,0,0,0,0,0,0,0,0,0,0,0,0,0,0,0,0,0,0,0,0,89776,0,0,0
1744062315.001137,600039,21131155,0,nscratch,nscratch-ffff9a448cc17800,0,0,2720271217,29413147,0,0,5625,0,0,0,0,0,0,0,0,0,0,0,0,0,0,0,0,0,0,0,0,0,0,0,0,288,0,0,0
1744062315.001277,600039,21131155,0,pscratch,pscratch-ffff9a44613c4800,0,0,238996538782,169496694775,0,0,216340,0,0,0,0,0,0,0,0,0,0,0,0,0,0,0,0,0,0,0,0,0,0,0,0,89776,0,0,0
1744062316.001782,600039,21131155,0,nscratch,nscratch-ffff9a448cc17800,0,0,2720271217,29413147,0,0,5625,0,0,0,0,0,0,0,0,0,0,0,0,0,0,0,0,0,0,0,0,0,0,0,0,288,0,0,0
1744062316.001923,600039,21131155,0,pscratch,pscratch-ffff9a44613c4800,0,0,238996538782,169496694775,0,0,216340,0,0,0,0,0,0,0,0,0,0,0,0,0,0,0,0,0,0,0,0,0,0,0,0,89776,0,0,0
1744062317.002267,600039,21131155,0,nscratch,nscratch-ffff9a448cc17800,0,0,2720271217,29413147,0,0,5625,0,0,0,0,0,0,0,0,0,0,0,0,0,0,0,0,0,0,0,0,0,0,0,0,288,0,0,0
1744062317.002407,600039,21131155,0,pscratch,pscratch-ffff9a44613c4800,0,0,238996538782,169496694775,0,0,216340,0,0,0,0,0,0,0,0,0,0,0,0,0,0,0,0,0,0,0,0,0,0,0,0,89776,0,0,0
1744062318.001551,600039,21131155,0,nscratch,nscratch-ffff9a448cc17800,0,0,2720271217,29413147,0,0,5625,0,0,0,0,0,0,0,0,0,0,0,0,0,0,0,0,0,0,0,0,0,0,0,0,288,0,0,0
1744062318.001691,600039,21131155,0,pscratch,pscratch-ffff9a44613c4800,0,0,238996538782,169496694775,0,0,216340,0,0,0,0,0,0,0,0,0,0,0,0,0,0,0,0,0,0,0,0,0,0,0,0,89776,0,0,0
1744062319.002188,600039,21131155,0,nscratch,nscratch-ffff9a448cc17800,0,0,2720271217,29413147,0,0,5625,0,0,0,0,0,0,0,0,0,0,0,0,0,0,0,0,0,0,0,0,0,0,0,0,288,0,0,0
1744062319.002329,600039,21131155,0,pscratch,pscratch-ffff9a44613c4800,0,0,238996538782,169496694775,0,0,216340,0,0,0,0,0,0,0,0,0,0,0,0,0,0,0,0,0,0,0,0,0,0,0,0,89776,0,0,0
1744062320.001683,600039,21131155,0,nscratch,nscratch-ffff9a448cc17800,0,0,2720271217,29413147,0,0,5625,0,0,0,0,0,0,0,0,0,0,0,0,0,0,0,0,0,0,0,0,0,0,0,0,288,0,0,0
1744062320.001824,600039,21131155,0,pscratch,pscratch-ffff9a44613c4800,0,0,238996538782,169496694775,0,0,216340,0,0,0,0,0,0,0,0,0,0,0,0,0,0,0,0,0,0,0,0,0,0,0,0,89776,0,0,0
1744062321.001964,600039,21131155,0,nscratch,nscratch-ffff9a448cc17800,0,0,2720271217,29413147,0,0,5625,0,0,0,0,0,0,0,0,0,0,0,0,0,0,0,0,0,0,0,0,0,0,0,0,288,0,0,0
1744062321.002104,600039,21131155,0,pscratch,pscratch-ffff9a44613c4800,0,0,238996538782,169496694775,0,0,216340,0,0,0,0,0,0,0,0,0,0,0,0,0,0,0,0,0,0,0,0,0,0,0,0,89776,0,0,0
1744062322.001614,600039,21131155,0,nscratch,nscratch-ffff9a448cc17800,0,0,2720271217,29413147,0,0,5625,0,0,0,0,0,0,0,0,0,0,0,0,0,0,0,0,0,0,0,0,0,0,0,0,288,0,0,0
1744062322.001755,600039,21131155,0,pscratch,pscratch-ffff9a44613c4800,0,0,238996538782,169496694775,0,0,216340,0,0,0,0,0,0,0,0,0,0,0,0,0,0,0,0,0,0,0,0,0,0,0,0,89776,0,0,0
1744062323.002097,600039,21131155,0,nscratch,nscratch-ffff9a448cc17800,0,0,2720271217,29413147,0,0,5625,0,0,0,0,0,0,0,0,0,0,0,0,0,0,0,0,0,0,0,0,0,0,0,0,288,0,0,0
1744062323.002238,600039,21131155,0,pscratch,pscratch-ffff9a44613c4800,0,0,238996538782,169496694775,0,0,216340,0,0,0,0,0,0,0,0,0,0,0,0,0,0,0,0,0,0,0,0,0,0,0,0,89776,0,0,0
1744062324.001376,600039,21131155,0,nscratch,nscratch-ffff9a448cc17800,0,0,2720271217,29413147,0,0,5625,0,0,0,0,0,0,0,0,0,0,0,0,0,0,0,0,0,0,0,0,0,0,0,0,288,0,0,0
1744062324.001523,600039,21131155,0,pscratch,pscratch-ffff9a44613c4800,0,0,238996538782,169496694775,0,0,216340,0,0,0,0,0,0,0,0,0,0,0,0,0,0,0,0,0,0,0,0,0,0,0,0,89776,0,0,0
1744062325.002024,600039,21131155,0,nscratch,nscratch-ffff9a448cc17800,0,0,2720271217,29413147,0,0,5625,0,0,0,0,0,0,0,0,0,0,0,0,0,0,0,0,0,0,0,0,0,0,0,0,288,0,0,0
1744062325.002165,600039,21131155,0,pscratch,pscratch-ffff9a44613c4800,0,0,238996538782,169496694775,0,0,216340,0,0,0,0,0,0,0,0,0,0,0,0,0,0,0,0,0,0,0,0,0,0,0,0,89776,0,0,0
1744062326.001517,600039,21131155,0,nscratch,nscratch-ffff9a448cc17800,0,0,2720271217,29413147,0,0,5625,0,0,0,0,0,0,0,0,0,0,0,0,0,0,0,0,0,0,0,0,0,0,0,0,288,0,0,0
1744062326.001658,600039,21131155,0,pscratch,pscratch-ffff9a44613c4800,0,0,238996538782,169496694775,0,0,216340,0,0,0,0,0,0,0,0,0,0,0,0,0,0,0,0,0,0,0,0,0,0,0,0,89776,0,0,0
1744062327.001798,600039,21131155,0,nscratch,nscratch-ffff9a448cc17800,0,0,2720271217,29413147,0,0,5625,0,0,0,0,0,0,0,0,0,0,0,0,0,0,0,0,0,0,0,0,0,0,0,0,288,0,0,0
1744062327.001939,600039,21131155,0,pscratch,pscratch-ffff9a44613c4800,0,0,238996538782,169496694775,0,0,216340,0,0,0,0,0,0,0,0,0,0,0,0,0,0,0,0,0,0,0,0,0,0,0,0,89776,0,0,0
1744062328.001442,600039,21131155,0,nscratch,nscratch-ffff9a448cc17800,0,0,2720271217,29413147,0,0,5625,0,0,0,0,0,0,0,0,0,0,0,0,0,0,0,0,0,0,0,0,0,0,0,0,288,0,0,0
1744062328.001584,600039,21131155,0,pscratch,pscratch-ffff9a44613c4800,0,0,238996538782,169496694775,0,0,216340,0,0,0,0,0,0,0,0,0,0,0,0,0,0,0,0,0,0,0,0,0,0,0,0,89776,0,0,0
1744062329.001924,600039,21131155,0,nscratch,nscratch-ffff9a448cc17800,0,0,2720271217,29413147,0,0,5625,0,0,0,0,0,0,0,0,0,0,0,0,0,0,0,0,0,0,0,0,0,0,0,0,288,0,0,0
1744062329.002064,600039,21131155,0,pscratch,pscratch-ffff9a44613c4800,0,0,238996538782,169496694775,0,0,216340,0,0,0,0,0,0,0,0,0,0,0,0,0,0,0,0,0,0,0,0,0,0,0,0,89776,0,0,0
1744062330.001207,600039,21131155,0,nscratch,nscratch-ffff9a448cc17800,0,0,2720271217,29413147,0,0,5625,0,0,0,0,0,0,0,0,0,0,0,0,0,0,0,0,0,0,0,0,0,0,0,0,288,0,0,0
1744062330.001348,600039,21131155,0,pscratch,pscratch-ffff9a44613c4800,0,0,238996538782,169496694775,0,0,216340,0,0,0,0,0,0,0,0,0,0,0,0,0,0,0,0,0,0,0,0,0,0,0,0,89776,0,0,0
1744062331.001850,600039,21131155,0,nscratch,nscratch-ffff9a448cc17800,0,0,2720271217,29413147,0,0,5625,0,0,0,0,0,0,0,0,0,0,0,0,0,0,0,0,0,0,0,0,0,0,0,0,288,0,0,0
1744062331.001990,600039,21131155,0,pscratch,pscratch-ffff9a44613c4800,0,0,238996538782,169496694775,0,0,216340,0,0,0,0,0,0,0,0,0,0,0,0,0,0,0,0,0,0,0,0,0,0,0,0,89776,0,0,0
1744062332.001331,600039,21131155,0,nscratch,nscratch-ffff9a448cc17800,0,0,2720271217,29413147,0,0,5625,0,0,0,0,0,0,0,0,0,0,0,0,0,0,0,0,0,0,0,0,0,0,0,0,288,0,0,0
1744062332.001479,600039,21131155,0,pscratch,pscratch-ffff9a44613c4800,0,0,238996538782,169496694775,0,0,216340,0,0,0,0,0,0,0,0,0,0,0,0,0,0,0,0,0,0,0,0,0,0,0,0,89776,0,0,0
1744062333.001617,600039,21131155,0,nscratch,nscratch-ffff9a448cc17800,0,0,2720271217,29413147,0,0,5625,0,0,0,0,0,0,0,0,0,0,0,0,0,0,0,0,0,0,0,0,0,0,0,0,288,0,0,0
1744062333.001757,600039,21131155,0,pscratch,pscratch-ffff9a44613c4800,0,0,238996538782,169496694775,0,0,216340,0,0,0,0,0,0,0,0,0,0,0,0,0,0,0,0,0,0,0,0,0,0,0,0,89776,0,0,0
1744062334.002258,600039,21131155,0,nscratch,nscratch-ffff9a448cc17800,0,0,2720271217,29413147,0,0,5625,0,0,0,0,0,0,0,0,0,0,0,0,0,0,0,0,0,0,0,0,0,0,0,0,288,0,0,0
1744062334.002399,600039,21131155,0,pscratch,pscratch-ffff9a44613c4800,0,0,238996538782,169496694775,0,0,216340,0,0,0,0,0,0,0,0,0,0,0,0,0,0,0,0,0,0,0,0,0,0,0,0,89776,0,0,0
1744062335.001746,600039,21131155,0,nscratch,nscratch-ffff9a448cc17800,0,0,2720271217,29413147,0,0,5625,0,0,0,0,0,0,0,0,0,0,0,0,0,0,0,0,0,0,0,0,0,0,0,0,288,0,0,0
1744062335.001887,600039,21131155,0,pscratch,pscratch-ffff9a44613c4800,0,0,238996538782,169496694775,0,0,216340,0,0,0,0,0,0,0,0,0,0,0,0,0,0,0,0,0,0,0,0,0,0,0,0,89776,0,0,0
1744062336.002028,600039,21131155,0,nscratch,nscratch-ffff9a448cc17800,0,0,2720271217,29413147,0,0,5625,0,0,0,0,0,0,0,0,0,0,0,0,0,0,0,0,0,0,0,0,0,0,0,0,288,0,0,0
1744062336.002169,600039,21131155,0,pscratch,pscratch-ffff9a44613c4800,0,0,238996538782,169496694775,0,0,216340,0,0,0,0,0,0,0,0,0,0,0,0,0,0,0,0,0,0,0,0,0,0,0,0,89776,0,0,0
1744062337.001677,600039,21131155,0,nscratch,nscratch-ffff9a448cc17800,0,0,2720271217,29413147,0,0,5625,0,0,0,0,0,0,0,0,0,0,0,0,0,0,0,0,0,0,0,0,0,0,0,0,288,0,0,0
1744062337.001818,600039,21131155,0,pscratch,pscratch-ffff9a44613c4800,0,0,238996538782,169496694775,0,0,216340,0,0,0,0,0,0,0,0,0,0,0,0,0,0,0,0,0,0,0,0,0,0,0,0,89776,0,0,0
1744062338.002159,600039,21131155,0,nscratch,nscratch-ffff9a448cc17800,0,0,2720271217,29413147,0,0,5625,0,0,0,0,0,0,0,0,0,0,0,0,0,0,0,0,0,0,0,0,0,0,0,0,288,0,0,0
1744062338.002299,600039,21131155,0,pscratch,pscratch-ffff9a44613c4800,0,0,238996538782,169496694775,0,0,216340,0,0,0,0,0,0,0,0,0,0,0,0,0,0,0,0,0,0,0,0,0,0,0,0,89776,0,0,0
1744062339.001441,600039,21131155,0,nscratch,nscratch-ffff9a448cc17800,0,0,2720271217,29413147,0,0,5625,0,0,0,0,0,0,0,0,0,0,0,0,0,0,0,0,0,0,0,0,0,0,0,0,288,0,0,0
1744062339.001582,600039,21131155,0,pscratch,pscratch-ffff9a44613c4800,0,0,238996538782,169496694775,0,0,216340,0,0,0,0,0,0,0,0,0,0,0,0,0,0,0,0,0,0,0,0,0,0,0,0,89776,0,0,0
1744062340.002083,600039,21131155,0,nscratch,nscratch-ffff9a448cc17800,0,0,2720271217,29413147,0,0,5625,0,0,0,0,0,0,0,0,0,0,0,0,0,0,0,0,0,0,0,0,0,0,0,0,288,0,0,0
1744062340.002223,600039,21131155,0,pscratch,pscratch-ffff9a44613c4800,0,0,238996538782,169496694775,0,0,216340,0,0,0,0,0,0,0,0,0,0,0,0,0,0,0,0,0,0,0,0,0,0,0,0,89776,0,0,0
1744062341.001574,600039,21131155,0,nscratch,nscratch-ffff9a448cc17800,0,0,2720271217,29413147,0,0,5625,0,0,0,0,0,0,0,0,0,0,0,0,0,0,0,0,0,0,0,0,0,0,0,0,288,0,0,0
1744062341.001715,600039,21131155,0,pscratch,pscratch-ffff9a44613c4800,0,0,238996538782,169496694775,0,0,216340,0,0,0,0,0,0,0,0,0,0,0,0,0,0,0,0,0,0,0,0,0,0,0,0,89776,0,0,0
1744062342.001857,600039,21131155,0,nscratch,nscratch-ffff9a448cc17800,0,0,2720271217,29413147,0,0,5625,0,0,0,0,0,0,0,0,0,0,0,0,0,0,0,0,0,0,0,0,0,0,0,0,288,0,0,0
1744062342.001998,600039,21131155,0,pscratch,pscratch-ffff9a44613c4800,0,0,238996538782,169496694775,0,0,216340,0,0,0,0,0,0,0,0,0,0,0,0,0,0,0,0,0,0,0,0,0,0,0,0,89776,0,0,0
1744062343.001497,600039,21131155,0,nscratch,nscratch-ffff9a448cc17800,0,0,2720271217,29413147,0,0,5625,0,0,0,0,0,0,0,0,0,0,0,0,0,0,0,0,0,0,0,0,0,0,0,0,288,0,0,0
1744062343.001637,600039,21131155,0,pscratch,pscratch-ffff9a44613c4800,0,0,238996538782,169496694775,0,0,216340,0,0,0,0,0,0,0,0,0,0,0,0,0,0,0,0,0,0,0,0,0,0,0,0,89776,0,0,0
1744062344.001977,600039,21131155,0,nscratch,nscratch-ffff9a448cc17800,0,0,2720271217,29413147,0,0,5625,0,0,0,0,0,0,0,0,0,0,0,0,0,0,0,0,0,0,0,0,0,0,0,0,288,0,0,0
1744062344.002116,600039,21131155,0,pscratch,pscratch-ffff9a44613c4800,0,0,238996538782,169496694775,0,0,216340,0,0,0,0,0,0,0,0,0,0,0,0,0,0,0,0,0,0,0,0,0,0,0,0,89776,0,0,0
1744062345.001253,600039,21131155,0,nscratch,nscratch-ffff9a448cc17800,0,0,2720271217,29413147,0,0,5625,0,0,0,0,0,0,0,0,0,0,0,0,0,0,0,0,0,0,0,0,0,0,0,0,288,0,0,0
1744062345.001392,600039,21131155,0,pscratch,pscratch-ffff9a44613c4800,0,0,238996538782,169496694775,0,0,216340,0,0,0,0,0,0,0,0,0,0,0,0,0,0,0,0,0,0,0,0,0,0,0,0,89776,0,0,0
1744062346.001890,600039,21131155,0,nscratch,nscratch-ffff9a448cc17800,0,0,2720271217,29413147,0,0,5625,0,0,0,0,0,0,0,0,0,0,0,0,0,0,0,0,0,0,0,0,0,0,0,0,288,0,0,0
1744062346.002030,600039,21131155,0,pscratch,pscratch-ffff9a44613c4800,0,0,238996538782,169496694775,0,0,216340,0,0,0,0,0,0,0,0,0,0,0,0,0,0,0,0,0,0,0,0,0,0,0,0,89776,0,0,0
1744062347.001372,600039,21131155,0,nscratch,nscratch-ffff9a448cc17800,0,0,2720271217,29413147,0,0,5625,0,0,0,0,0,0,0,0,0,0,0,0,0,0,0,0,0,0,0,0,0,0,0,0,288,0,0,0
1744062347.001520,600039,21131155,0,pscratch,pscratch-ffff9a44613c4800,0,0,238996538782,169496694775,0,0,216340,0,0,0,0,0,0,0,0,0,0,0,0,0,0,0,0,0,0,0,0,0,0,0,0,89776,0,0,0
1744062348.001656,600039,21131155,0,nscratch,nscratch-ffff9a448cc17800,0,0,2720271217,29413147,0,0,5625,0,0,0,0,0,0,0,0,0,0,0,0,0,0,0,0,0,0,0,0,0,0,0,0,288,0,0,0
1744062348.001795,600039,21131155,0,pscratch,pscratch-ffff9a44613c4800,0,0,238996538782,169496694775,0,0,216340,0,0,0,0,0,0,0,0,0,0,0,0,0,0,0,0,0,0,0,0,0,0,0,0,89776,0,0,0
1744062349.002291,600039,21131155,0,nscratch,nscratch-ffff9a448cc17800,0,0,2720271217,29413147,0,0,5625,0,0,0,0,0,0,0,0,0,0,0,0,0,0,0,0,0,0,0,0,0,0,0,0,288,0,0,0
1744062349.002436,600039,21131155,0,pscratch,pscratch-ffff9a44613c4800,0,0,238996538782,169496694775,0,0,216340,0,0,0,0,0,0,0,0,0,0,0,0,0,0,0,0,0,0,0,0,0,0,0,0,89776,0,0,0
1744062350.001775,600039,21131155,0,nscratch,nscratch-ffff9a448cc17800,0,0,2720271217,29413147,0,0,5625,0,0,0,0,0,0,0,0,0,0,0,0,0,0,0,0,0,0,0,0,0,0,0,0,288,0,0,0
1744062350.001916,600039,21131155,0,pscratch,pscratch-ffff9a44613c4800,0,0,238996538782,169496694775,0,0,216340,0,0,0,0,0,0,0,0,0,0,0,0,0,0,0,0,0,0,0,0,0,0,0,0,89776,0,0,0
1744062351.002055,600039,21131155,0,nscratch,nscratch-ffff9a448cc17800,0,0,2720271217,29413147,0,0,5625,0,0,0,0,0,0,0,0,0,0,0,0,0,0,0,0,0,0,0,0,0,0,0,0,288,0,0,0
1744062351.002195,600039,21131155,0,pscratch,pscratch-ffff9a44613c4800,0,0,238996538782,169496694775,0,0,216340,0,0,0,0,0,0,0,0,0,0,0,0,0,0,0,0,0,0,0,0,0,0,0,0,89776,0,0,0
1744062352.001696,600039,21131155,0,nscratch,nscratch-ffff9a448cc17800,0,0,2720271217,29413147,0,0,5625,0,0,0,0,0,0,0,0,0,0,0,0,0,0,0,0,0,0,0,0,0,0,0,0,288,0,0,0
1744062352.001836,600039,21131155,0,pscratch,pscratch-ffff9a44613c4800,0,0,238996538782,169496694775,0,0,216340,0,0,0,0,0,0,0,0,0,0,0,0,0,0,0,0,0,0,0,0,0,0,0,0,89776,0,0,0
1744062353.002179,600039,21131155,0,nscratch,nscratch-ffff9a448cc17800,0,0,2720271217,29413147,0,0,5625,0,0,0,0,0,0,0,0,0,0,0,0,0,0,0,0,0,0,0,0,0,0,0,0,288,0,0,0
1744062353.002318,600039,21131155,0,pscratch,pscratch-ffff9a44613c4800,0,0,238996538782,169496694775,0,0,216340,0,0,0,0,0,0,0,0,0,0,0,0,0,0,0,0,0,0,0,0,0,0,0,0,89776,0,0,0
1744062354.001461,600039,21131155,0,nscratch,nscratch-ffff9a448cc17800,0,0,2720271217,29413147,0,0,5625,0,0,0,0,0,0,0,0,0,0,0,0,0,0,0,0,0,0,0,0,0,0,0,0,288,0,0,0
1744062354.001601,600039,21131155,0,pscratch,pscratch-ffff9a44613c4800,0,0,238996538782,169496694775,0,0,216340,0,0,0,0,0,0,0,0,0,0,0,0,0,0,0,0,0,0,0,0,0,0,0,0,89776,0,0,0
1744062355.002097,600039,21131155,0,nscratch,nscratch-ffff9a448cc17800,0,0,2720271217,29413147,0,0,5625,0,0,0,0,0,0,0,0,0,0,0,0,0,0,0,0,0,0,0,0,0,0,0,0,288,0,0,0
1744062355.002238,600039,21131155,0,pscratch,pscratch-ffff9a44613c4800,0,0,238996538782,169496694775,0,0,216340,0,0,0,0,0,0,0,0,0,0,0,0,0,0,0,0,0,0,0,0,0,0,0,0,89776,0,0,0
1744062356.001581,600039,21131155,0,nscratch,nscratch-ffff9a448cc17800,0,0,2720271217,29413147,0,0,5625,0,0,0,0,0,0,0,0,0,0,0,0,0,0,0,0,0,0,0,0,0,0,0,0,288,0,0,0
1744062356.001720,600039,21131155,0,pscratch,pscratch-ffff9a44613c4800,0,0,238996538782,169496694775,0,0,216340,0,0,0,0,0,0,0,0,0,0,0,0,0,0,0,0,0,0,0,0,0,0,0,0,89776,0,0,0
1744062357.001861,600039,21131155,0,nscratch,nscratch-ffff9a448cc17800,0,0,2720271217,29413147,0,0,5625,0,0,0,0,0,0,0,0,0,0,0,0,0,0,0,0,0,0,0,0,0,0,0,0,288,0,0,0
1744062357.002001,600039,21131155,0,pscratch,pscratch-ffff9a44613c4800,0,0,238996538782,169496694775,0,0,216340,0,0,0,0,0,0,0,0,0,0,0,0,0,0,0,0,0,0,0,0,0,0,0,0,89776,0,0,0
1744062358.001499,600039,21131155,0,nscratch,nscratch-ffff9a448cc17800,0,0,2720271217,29413147,0,0,5625,0,0,0,0,0,0,0,0,0,0,0,0,0,0,0,0,0,0,0,0,0,0,0,0,288,0,0,0
1744062358.001639,600039,21131155,0,pscratch,pscratch-ffff9a44613c4800,0,0,238996538782,169496694775,0,0,216340,0,0,0,0,0,0,0,0,0,0,0,0,0,0,0,0,0,0,0,0,0,0,0,0,89776,0,0,0
1744062359.001978,600039,21131155,0,nscratch,nscratch-ffff9a448cc17800,0,0,2720271217,29413147,0,0,5625,0,0,0,0,0,0,0,0,0,0,0,0,0,0,0,0,0,0,0,0,0,0,0,0,288,0,0,0
1744062359.002117,600039,21131155,0,pscratch,pscratch-ffff9a44613c4800,0,0,238996538782,169496694775,0,0,216340,0,0,0,0,0,0,0,0,0,0,0,0,0,0,0,0,0,0,0,0,0,0,0,0,89776,0,0,0
1744062360.001253,600039,21131155,0,nscratch,nscratch-ffff9a448cc17800,0,0,2720271217,29413147,0,0,5625,0,0,0,0,0,0,0,0,0,0,0,0,0,0,0,0,0,0,0,0,0,0,0,0,288,0,0,0
1744062360.001392,600039,21131155,0,pscratch,pscratch-ffff9a44613c4800,0,0,238996538782,169496694775,0,0,216340,0,0,0,0,0,0,0,0,0,0,0,0,0,0,0,0,0,0,0,0,0,0,0,0,89776,0,0,0
1744062361.001891,600039,21131155,0,nscratch,nscratch-ffff9a448cc17800,0,0,2720271217,29413147,0,0,5625,0,0,0,0,0,0,0,0,0,0,0,0,0,0,0,0,0,0,0,0,0,0,0,0,288,0,0,0
1744062361.002032,600039,21131155,0,pscratch,pscratch-ffff9a44613c4800,0,0,238996538782,169496694775,0,0,216340,0,0,0,0,0,0,0,0,0,0,0,0,0,0,0,0,0,0,0,0,0,0,0,0,89776,0,0,0
1744062362.001663,600039,21131155,0,nscratch,nscratch-ffff9a448cc17800,0,0,2720271217,29413147,0,0,5625,0,0,0,0,0,0,0,0,0,0,0,0,0,0,0,0,0,0,0,0,0,0,0,0,288,0,0,0
1744062362.001840,600039,21131155,0,pscratch,pscratch-ffff9a44613c4800,0,0,238996767535,169496967952,0,0,216350,0,0,0,0,0,0,0,0,0,0,0,0,0,0,0,0,0,0,0,0,0,0,0,0,89778,0,0,0
1744062363.002121,600039,21131155,0,nscratch,nscratch-ffff9a448cc17800,0,0,2720271217,29413147,0,0,5625,0,0,0,0,0,0,0,0,0,0,0,0,0,0,0,0,0,0,0,0,0,0,0,0,288,0,0,0
1744062363.002218,600039,21131155,0,pscratch,pscratch-ffff9a44613c4800,0,0,238996767535,169496967952,0,0,216352,0,0,0,0,0,0,0,0,0,0,0,0,0,0,0,0,0,0,0,0,0,0,0,0,89778,0,0,0
1744062364.001780,600039,21131155,0,nscratch,nscratch-ffff9a448cc17800,0,0,2720271217,29413147,0,0,5625,0,0,0,0,0,0,0,0,0,0,0,0,0,0,0,0,0,0,0,0,0,0,0,0,288,0,0,0
1744062364.001969,600039,21131155,0,pscratch,pscratch-ffff9a44613c4800,0,0,238996767535,169496967952,0,0,216352,0,0,0,0,0,0,0,0,0,0,0,0,0,0,0,0,0,0,0,0,0,0,0,0,89778,0,0,0
1744062365.001391,600039,21131155,0,nscratch,nscratch-ffff9a448cc17800,0,0,2720271217,29413147,0,0,5625,0,0,0,0,0,0,0,0,0,0,0,0,0,0,0,0,0,0,0,0,0,0,0,0,288,0,0,0
1744062365.001513,600039,21131155,0,pscratch,pscratch-ffff9a44613c4800,0,0,238996767535,169496967952,0,0,216352,0,0,0,0,0,0,0,0,0,0,0,0,0,0,0,0,0,0,0,0,0,0,0,0,89778,0,0,0
1744062366.001806,600039,21131155,0,nscratch,nscratch-ffff9a448cc17800,0,0,2720271217,29413147,0,0,5625,0,0,0,0,0,0,0,0,0,0,0,0,0,0,0,0,0,0,0,0,0,0,0,0,288,0,0,0
1744062366.001927,600039,21131155,0,pscratch,pscratch-ffff9a44613c4800,0,0,238996767535,169496967952,0,0,216352,0,0,0,0,0,0,0,0,0,0,0,0,0,0,0,0,0,0,0,0,0,0,0,0,89778,0,0,0
1744062367.001686,600039,21131155,0,nscratch,nscratch-ffff9a448cc17800,0,0,2720271217,29413147,0,0,5625,0,0,0,0,0,0,0,0,0,0,0,0,0,0,0,0,0,0,0,0,0,0,0,0,288,0,0,0
1744062367.001860,600039,21131155,0,pscratch,pscratch-ffff9a44613c4800,0,0,238996767535,169496967952,0,0,216352,0,0,0,0,0,0,0,0,0,0,0,0,0,0,0,0,0,0,0,0,0,0,0,0,89778,0,0,0
1744062368.002250,600039,21131155,0,nscratch,nscratch-ffff9a448cc17800,0,0,2720271217,29413147,0,0,5625,0,0,0,0,0,0,0,0,0,0,0,0,0,0,0,0,0,0,0,0,0,0,0,0,288,0,0,0
1744062368.002355,600039,21131155,0,pscratch,pscratch-ffff9a44613c4800,0,0,238996767535,169496967952,0,0,216352,0,0,0,0,0,0,0,0,0,0,0,0,0,0,0,0,0,0,0,0,0,0,0,0,89778,0,0,0
1744062369.001628,600039,21131155,0,nscratch,nscratch-ffff9a448cc17800,0,0,2720271217,29413147,0,0,5625,0,0,0,0,0,0,0,0,0,0,0,0,0,0,0,0,0,0,0,0,0,0,0,0,288,0,0,0
1744062369.001711,600039,21131155,0,pscratch,pscratch-ffff9a44613c4800,0,0,238996767535,169496967952,0,0,216352,0,0,0,0,0,0,0,0,0,0,0,0,0,0,0,0,0,0,0,0,0,0,0,0,89778,0,0,0
1744062370.002447,600039,21131155,0,nscratch,nscratch-ffff9a448cc17800,0,0,2720271217,29413147,0,0,5625,0,0,0,0,0,0,0,0,0,0,0,0,0,0,0,0,0,0,0,0,0,0,0,0,288,0,0,0
1744062370.002561,600039,21131155,0,pscratch,pscratch-ffff9a44613c4800,0,0,238996767535,169496967952,0,0,216352,0,0,0,0,0,0,0,0,0,0,0,0,0,0,0,0,0,0,0,0,0,0,0,0,89778,0,0,0
