timestamp,component_id,job_id,app_id,fs_name,llite,dirty_pages_hits,dirty_pages_misses,read_bytes.sum,write_bytes.sum,brw_read.sum,brw_write.sum,ioctl,open,close,mmap,page_fault,page_mkwrite,seek,fsync,readdir,setattr,truncate,flock,getattr,create,link,unlink,symlink,mkdir,rmdir,mknod,rename,statfs,alloc_inode,setxattr,getxattr,getxattr_hits,listxattr,removexattr,inode_permission
1744061761.002287,600037,21131153,0,nscratch,nscratch-ffff964ae629a800,0,0,300243376,0,0,0,0,0,0,0,0,0,0,0,0,0,0,0,0,0,0,0,0,0,0,0,0,0,0,0,0,212,0,0,0
1744061761.002382,600037,21131153,0,pscratch,pscratch-ffff964b052c0000,0,0,279756819306,161204688111,0,0,164549,0,0,0,0,0,0,0,0,0,0,0,0,0,0,0,0,0,0,0,0,0,0,0,0,70183,0,0,0
1744061762.001553,600037,21131153,0,nscratch,nscratch-ffff964ae629a800,0,0,300243376,0,0,0,0,0,0,0,0,0,0,0,0,0,0,0,0,0,0,0,0,0,0,0,0,0,0,0,0,212,0,0,0
1744061762.001715,600037,21131153,0,pscratch,pscratch-ffff964b052c0000,0,0,279756819306,161204688111,0,0,164549,0,0,0,0,0,0,0,0,0,0,0,0,0,0,0,0,0,0,0,0,0,0,0,0,70183,0,0,0
1744061763.002337,600037,21131153,0,nscratch,nscratch-ffff964ae629a800,0,0,300243376,0,0,0,0,0,0,0,0,0,0,0,0,0,0,0,0,0,0,0,0,0,0,0,0,0,0,0,0,212,0,0,0
1744061763.002514,600037,21131153,0,pscratch,pscratch-ffff964b052c0000,0,0,279756819306,161204688111,0,0,164549,0,0,0,0,0,0,0,0,0,0,0,0,0,0,0,0,0,0,0,0,0,0,0,0,70183,0,0,0
1744061764.001867,600037,21131153,0,nscratch,nscratch-ffff964ae629a800,0,0,300243376,0,0,0,0,0,0,0,0,0,0,0,0,0,0,0,0,0,0,0,0,0,0,0,0,0,0,0,0,212,0,0,0
1744061764.002006,600037,21131153,0,pscratch,pscratch-ffff964b052c0000,0,0,279756819306,161204688111,0,0,164549,0,0,0,0,0,0,0,0,0,0,0,0,0,0,0,0,0,0,0,0,0,0,0,0,70183,0,0,0
1744061765.001240,600037,21131153,0,nscratch,nscratch-ffff964ae629a800,0,0,300243376,0,0,0,0,0,0,0,0,0,0,0,0,0,0,0,0,0,0,0,0,0,0,0,0,0,0,0,0,212,0,0,0
1744061765.001381,600037,21131153,0,pscratch,pscratch-ffff964b052c0000,0,0,279756835626,161204688111,0,0,164550,0,0,0,0,0,0,0,0,0,0,0,0,0,0,0,0,0,0,0,0,0,0,0,0,70183,0,0,0
1744061766.001886,600037,21131153,0,nscratch,nscratch-ffff964ae629a800,0,0,300243376,0,0,0,0,0,0,0,0,0,0,0,0,0,0,0,0,0,0,0,0,0,0,0,0,0,0,0,0,212,0,0,0
1744061766.002068,600037,21131153,0,pscratch,pscratch-ffff964b052c0000,0,0,279756835626,161204688111,0,0,164550,0,0,0,0,0,0,0,0,0,0,0,0,0,0,0,0,0,0,0,0,0,0,0,0,70183,0,0,0
1744061767.001453,600037,21131153,0,nscratch,nscratch-ffff964ae629a800,0,0,300243376,0,0,0,0,0,0,0,0,0,0,0,0,0,0,0,0,0,0,0,0,0,0,0,0,0,0,0,0,212,0,0,0
1744061767.001592,600037,21131153,0,pscratch,pscratch-ffff964b052c0000,0,0,279777171422,161204753912,0,0,164592,0,0,0,0,0,0,0,0,0,0,0,0,0,0,0,0,0,0,0,0,0,0,0,0,70183,0,0,0
1744061768.001762,600037,21131153,0,nscratch,nscratch-ffff964ae629a800,0,0,300243376,0,0,0,0,0,0,0,0,0,0,0,0,0,0,0,0,0,0,0,0,0,0,0,0,0,0,0,0,212,0,0,0
1744061768.001880,600037,21131153,0,pscratch,pscratch-ffff964b052c0000,0,0,279777171422,161204753912,0,0,164592,0,0,0,0,0,0,0,0,0,0,0,0,0,0,0,0,0,0,0,0,0,0,0,0,70183,0,0,0
1744061769.001453,600037,21131153,0,nscratch,nscratch-ffff964ae629a800,0,0,300243376,0,0,0,0,0,0,0,0,0,0,0,0,0,0,0,0,0,0,0,0,0,0,0,0,0,0,0,0,212,0,0,0
1744061769.001621,600037,21131153,0,pscratch,pscratch-ffff964b052c0000,0,0,279777171422,161204753912,0,0,164592,0,0,0,0,0,0,0,0,0,0,0,0,0,0,0,0,0,0,0,0,0,0,0,0,70183,0,0,0
1744061770.002013,600037,21131153,0,nscratch,nscratch-ffff964ae629a800,0,0,300243376,0,0,0,0,0,0,0,0,0,0,0,0,0,0,0,0,0,0,0,0,0,0,0,0,0,0,0,0,212,0,0,0
1744061770.002124,600037,21131153,0,pscratch,pscratch-ffff964b052c0000,0,0,279778770694,161204973446,0,0,164592,0,0,0,0,0,0,0,0,0,0,0,0,0,0,0,0,0,0,0,0,0,0,0,0,70183,0,0,0
1744061771.001383,600037,21131153,0,nscratch,nscratch-ffff964ae629a800,0,0,300243376,0,0,0,0,0,0,0,0,0,0,0,0,0,0,0,0,0,0,0,0,0,0,0,0,0,0,0,0,212,0,0,0
1744061771.001574,600037,21131153,0,pscratch,pscratch-ffff964b052c0000,0,0,279783030222,161205231002,0,0,164640,0,0,0,0,0,0,0,0,0,0,0,0,0,0,0,0,0,0,0,0,0,0,0,0,70183,0,0,0
1744061772.002305,600037,21131153,0,nscratch,nscratch-ffff964ae629a800,0,0,300243376,0,0,0,0,0,0,0,0,0,0,0,0,0,0,0,0,0,0,0,0,0,0,0,0,0,0,0,0,212,0,0,0
1744061772.002486,600037,21131153,0,pscratch,pscratch-ffff964b052c0000,0,0,279783030222,161205231002,0,0,164640,0,0,0,0,0,0,0,0,0,0,0,0,0,0,0,0,0,0,0,0,0,0,0,0,70183,0,0,0
1744061773.001990,600037,21131153,0,nscratch,nscratch-ffff964ae629a800,0,0,300243376,0,0,0,0,0,0,0,0,0,0,0,0,0,0,0,0,0,0,0,0,0,0,0,0,0,0,0,0,212,0,0,0
1744061773.002173,600037,21131153,0,pscratch,pscratch-ffff964b052c0000,0,0,279783030222,161205231002,0,0,164640,0,0,0,0,0,0,0,0,0,0,0,0,0,0,0,0,0,0,0,0,0,0,0,0,70183,0,0,0
1744061774.001427,600037,21131153,0,nscratch,nscratch-ffff964ae629a800,0,0,300243376,0,0,0,0,0,0,0,0,0,0,0,0,0,0,0,0,0,0,0,0,0,0,0,0,0,0,0,0,212,0,0,0
1744061774.001616,600037,21131153,0,pscratch,pscratch-ffff964b052c0000,0,0,279783030222,161205231423,0,0,164640,0,0,0,0,0,0,0,0,0,0,0,0,0,0,0,0,0,0,0,0,0,0,0,0,70183,0,0,0
1744061775.001276,600037,21131153,0,nscratch,nscratch-ffff964ae629a800,0,0,300243376,0,0,0,0,0,0,0,0,0,0,0,0,0,0,0,0,0,0,0,0,0,0,0,0,0,0,0,0,212,0,0,0
1744061775.001404,600037,21131153,0,pscratch,pscratch-ffff964b052c0000,0,0,279783030222,161205238651,0,0,164640,0,0,0,0,0,0,0,0,0,0,0,0,0,0,0,0,0,0,0,0,0,0,0,0,70183,0,0,0
1744061776.001669,600037,21131153,0,nscratch,nscratch-ffff964ae629a800,0,0,300243376,0,0,0,0,0,0,0,0,0,0,0,0,0,0,0,0,0,0,0,0,0,0,0,0,0,0,0,0,212,0,0,0
1744061776.001759,600037,21131153,0,pscratch,pscratch-ffff964b052c0000,0,0,279783030222,161205252790,0,0,164640,0,0,0,0,0,0,0,0,0,0,0,0,0,0,0,0,0,0,0,0,0,0,0,0,70183,0,0,0
1744061777.001040,600037,21131153,0,nscratch,nscratch-ffff964ae629a800,0,0,300243376,0,0,0,0,0,0,0,0,0,0,0,0,0,0,0,0,0,0,0,0,0,0,0,0,0,0,0,0,212,0,0,0
1744061777.001131,600037,21131153,0,pscratch,pscratch-ffff964b052c0000,0,0,279783030222,161205266722,0,0,164640,0,0,0,0,0,0,0,0,0,0,0,0,0,0,0,0,0,0,0,0,0,0,0,0,70183,0,0,0
1744061778.001163,600037,21131153,0,nscratch,nscratch-ffff964ae629a800,0,0,300243376,0,0,0,0,0,0,0,0,0,0,0,0,0,0,0,0,0,0,0,0,0,0,0,0,0,0,0,0,212,0,0,0
1744061778.001262,600037,21131153,0,pscratch,pscratch-ffff964b052c0000,0,0,279783030222,161205281777,0,0,164640,0,0,0,0,0,0,0,0,0,0,0,0,0,0,0,0,0,0,0,0,0,0,0,0,70183,0,0,0
1744061779.001166,600037,21131153,0,nscratch,nscratch-ffff964ae629a800,0,0,300243376,0,0,0,0,0,0,0,0,0,0,0,0,0,0,0,0,0,0,0,0,0,0,0,0,0,0,0,0,212,0,0,0
1744061779.001255,600037,21131153,0,pscratch,pscratch-ffff964b052c0000,0,0,279783030222,161205299183,0,0,164640,0,0,0,0,0,0,0,0,0,0,0,0,0,0,0,0,0,0,0,0,0,0,0,0,70183,0,0,0
1744061780.001040,600037,21131153,0,nscratch,nscratch-ffff964ae629a800,0,0,300243376,0,0,0,0,0,0,0,0,0,0,0,0,0,0,0,0,0,0,0,0,0,0,0,0,0,0,0,0,212,0,0,0
1744061780.001128,600037,21131153,0,pscratch,pscratch-ffff964b052c0000,0,0,279783030222,161205313703,0,0,164640,0,0,0,0,0,0,0,0,0,0,0,0,0,0,0,0,0,0,0,0,0,0,0,0,70183,0,0,0
1744061781.001167,600037,21131153,0,nscratch,nscratch-ffff964ae629a800,0,0,300243376,0,0,0,0,0,0,0,0,0,0,0,0,0,0,0,0,0,0,0,0,0,0,0,0,0,0,0,0,212,0,0,0
1744061781.001267,600037,21131153,0,pscratch,pscratch-ffff964b052c0000,0,0,279783030222,161205327826,0,0,164640,0,0,0,0,0,0,0,0,0,0,0,0,0,0,0,0,0,0,0,0,0,0,0,0,70183,0,0,0
1744061782.001639,600037,21131153,0,nscratch,nscratch-ffff964ae629a800,0,0,300243376,0,0,0,0,0,0,0,0,0,0,0,0,0,0,0,0,0,0,0,0,0,0,0,0,0,0,0,0,212,0,0,0
1744061782.001733,600037,21131153,0,pscratch,pscratch-ffff964b052c0000,0,0,279783030222,161205401996,0,0,164688,0,0,0,0,0,0,0,0,0,0,0,0,0,0,0,0,0,0,0,0,0,0,0,0,70183,0,0,0
1744061783.001101,600037,21131153,0,nscratch,nscratch-ffff964ae629a800,0,0,300243376,0,0,0,0,0,0,0,0,0,0,0,0,0,0,0,0,0,0,0,0,0,0,0,0,0,0,0,0,212,0,0,0
1744061783.001225,600037,21131153,0,pscratch,pscratch-ffff964b052c0000,0,0,279783030222,161205641622,0,0,164816,0,0,0,0,0,0,0,0,0,0,0,0,0,0,0,0,0,0,0,0,0,0,0,0,70183,0,0,0
1744061784.001362,600037,21131153,0,nscratch,nscratch-ffff964ae629a800,0,0,300243376,0,0,0,0,0,0,0,0,0,0,0,0,0,0,0,0,0,0,0,0,0,0,0,0,0,0,0,0,212,0,0,0
1744061784.001536,600037,21131153,0,pscratch,pscratch-ffff964b052c0000,0,0,279783030222,161205922884,0,0,164944,0,0,0,0,0,0,0,0,0,0,0,0,0,0,0,0,0,0,0,0,0,0,0,0,70183,0,0,0
1744061785.002028,600037,21131153,0,nscratch,nscratch-ffff964ae629a800,0,0,300243376,0,0,0,0,0,0,0,0,0,0,0,0,0,0,0,0,0,0,0,0,0,0,0,0,0,0,0,0,212,0,0,0
1744061785.002205,600037,21131153,0,pscratch,pscratch-ffff964b052c0000,0,0,279783030222,161206251934,0,0,165088,0,0,0,0,0,0,0,0,0,0,0,0,0,0,0,0,0,0,0,0,0,0,0,0,70183,0,0,0
1744061786.001103,600037,21131153,0,nscratch,nscratch-ffff964ae629a800,0,0,300243376,0,0,0,0,0,0,0,0,0,0,0,0,0,0,0,0,0,0,0,0,0,0,0,0,0,0,0,0,212,0,0,0
1744061786.001278,600037,21131153,0,pscratch,pscratch-ffff964b052c0000,0,0,279783030222,161206629849,0,0,165264,0,0,0,0,0,0,0,0,0,0,0,0,0,0,0,0,0,0,0,0,0,0,0,0,70183,0,0,0
1744061787.001999,600037,21131153,0,nscratch,nscratch-ffff964ae629a800,0,0,300243376,0,0,0,0,0,0,0,0,0,0,0,0,0,0,0,0,0,0,0,0,0,0,0,0,0,0,0,0,212,0,0,0
1744061787.002196,600037,21131153,0,pscratch,pscratch-ffff964b052c0000,0,0,279787382090,161207191289,0,0,165424,0,0,0,0,0,0,0,0,0,0,0,0,0,0,0,0,0,0,0,0,0,0,0,0,70183,0,0,0
1744061788.001739,600037,21131153,0,nscratch,nscratch-ffff964ae629a800,0,0,300243376,0,0,0,0,0,0,0,0,0,0,0,0,0,0,0,0,0,0,0,0,0,0,0,0,0,0,0,0,212,0,0,0
1744061788.001947,600037,21131153,0,pscratch,pscratch-ffff964b052c0000,0,0,279791641618,161207443352,0,0,165472,0,0,0,0,0,0,0,0,0,0,0,0,0,0,0,0,0,0,0,0,0,0,0,0,70183,0,0,0
1744061789.002174,600037,21131153,0,nscratch,nscratch-ffff964ae629a800,0,0,300243376,0,0,0,0,0,0,0,0,0,0,0,0,0,0,0,0,0,0,0,0,0,0,0,0,0,0,0,0,212,0,0,0
1744061789.002362,600037,21131153,0,pscratch,pscratch-ffff964b052c0000,0,0,279818151058,161235826010,0,0,165472,0,0,0,0,0,0,0,0,0,0,0,0,0,0,0,0,0,0,0,0,0,0,0,0,70183,0,0,0
1744061790.001981,600037,21131153,0,nscratch,nscratch-ffff964ae629a800,0,0,300243376,0,0,0,0,0,0,0,0,0,0,0,0,0,0,0,0,0,0,0,0,0,0,0,0,0,0,0,0,212,0,0,0
1744061790.002124,600037,21131153,0,pscratch,pscratch-ffff964b052c0000,0,0,279852421882,161273337293,0,0,165472,0,0,0,0,0,0,0,0,0,0,0,0,0,0,0,0,0,0,0,0,0,0,0,0,70183,0,0,0
1744061791.001276,600037,21131153,0,nscratch,nscratch-ffff964ae629a800,0,0,300243376,0,0,0,0,0,0,0,0,0,0,0,0,0,0,0,0,0,0,0,0,0,0,0,0,0,0,0,0,212,0,0,0
1744061791.001403,600037,21131153,0,pscratch,pscratch-ffff964b052c0000,0,0,279852421882,161273515819,0,0,165472,0,0,0,0,0,0,0,0,0,0,0,0,0,0,0,0,0,0,0,0,0,0,0,0,70183,0,0,0
1744061792.001611,600037,21131153,0,nscratch,nscratch-ffff964ae629a800,0,0,300243376,0,0,0,0,0,0,0,0,0,0,0,0,0,0,0,0,0,0,0,0,0,0,0,0,0,0,0,0,212,0,0,0
1744061792.001741,600037,21131153,0,pscratch,pscratch-ffff964b052c0000,0,0,279852421882,161273603384,0,0,165472,0,0,0,0,0,0,0,0,0,0,0,0,0,0,0,0,0,0,0,0,0,0,0,0,70183,0,0,0
1744061793.002268,600037,21131153,0,nscratch,nscratch-ffff964ae629a800,0,0,300243376,0,0,0,0,0,0,0,0,0,0,0,0,0,0,0,0,0,0,0,0,0,0,0,0,0,0,0,0,212,0,0,0
1744061793.002396,600037,21131153,0,pscratch,pscratch-ffff964b052c0000,0,0,279852421882,161273741301,0,0,165472,0,0,0,0,0,0,0,0,0,0,0,0,0,0,0,0,0,0,0,0,0,0,0,0,70183,0,0,0
1744061794.001839,600037,21131153,0,nscratch,nscratch-ffff964ae629a800,0,0,300243376,0,0,0,0,0,0,0,0,0,0,0,0,0,0,0,0,0,0,0,0,0,0,0,0,0,0,0,0,212,0,0,0
1744061794.001995,600037,21131153,0,pscratch,pscratch-ffff964b052c0000,0,0,279852421882,161273750905,0,0,165472,0,0,0,0,0,0,0,0,0,0,0,0,0,0,0,0,0,0,0,0,0,0,0,0,70183,0,0,0
1744061795.002116,600037,21131153,0,nscratch,nscratch-ffff964ae629a800,0,0,300243376,0,0,0,0,0,0,0,0,0,0,0,0,0,0,0,0,0,0,0,0,0,0,0,0,0,0,0,0,212,0,0,0
1744061795.002245,600037,21131153,0,pscratch,pscratch-ffff964b052c0000,0,0,279852421882,161273966856,0,0,165472,0,0,0,0,0,0,0,0,0,0,0,0,0,0,0,0,0,0,0,0,0,0,0,0,70183,0,0,0
1744061796.001226,600037,21131153,0,nscratch,nscratch-ffff964ae629a800,0,0,300243376,0,0,0,0,0,0,0,0,0,0,0,0,0,0,0,0,0,0,0,0,0,0,0,0,0,0,0,0,212,0,0,0
1744061796.001336,600037,21131153,0,pscratch,pscratch-ffff964b052c0000,0,0,279893020226,161320566333,0,0,165472,0,0,0,0,0,0,0,0,0,0,0,0,0,0,0,0,0,0,0,0,0,0,0,0,70183,0,0,0
1744061797.001726,600037,21131153,0,nscratch,nscratch-ffff964ae629a800,0,0,300243376,0,0,0,0,0,0,0,0,0,0,0,0,0,0,0,0,0,0,0,0,0,0,0,0,0,0,0,0,212,0,0,0
1744061797.001853,600037,21131153,0,pscratch,pscratch-ffff964b052c0000,0,0,279894638258,161323286384,0,0,165472,0,0,0,0,0,0,0,0,0,0,0,0,0,0,0,0,0,0,0,0,0,0,0,0,70183,0,0,0
1744061798.002094,600037,21131153,0,nscratch,nscratch-ffff964ae629a800,0,0,300243376,0,0,0,0,0,0,0,0,0,0,0,0,0,0,0,0,0,0,0,0,0,0,0,0,0,0,0,0,212,0,0,0
1744061798.002227,600037,21131153,0,pscratch,pscratch-ffff964b052c0000,0,0,279894638258,161323501709,0,0,165472,0,0,0,0,0,0,0,0,0,0,0,0,0,0,0,0,0,0,0,0,0,0,0,0,70183,0,0,0
1744061799.001774,600037,21131153,0,nscratch,nscratch-ffff964ae629a800,0,0,300243376,0,0,0,0,0,0,0,0,0,0,0,0,0,0,0,0,0,0,0,0,0,0,0,0,0,0,0,0,212,0,0,0
1744061799.001915,600037,21131153,0,pscratch,pscratch-ffff964b052c0000,0,0,279894638258,161323512164,0,0,165472,0,0,0,0,0,0,0,0,0,0,0,0,0,0,0,0,0,0,0,0,0,0,0,0,70183,0,0,0
1744061800.002373,600037,21131153,0,nscratch,nscratch-ffff964ae629a800,0,0,300243376,0,0,0,0,0,0,0,0,0,0,0,0,0,0,0,0,0,0,0,0,0,0,0,0,0,0,0,0,212,0,0,0
1744061800.002496,600037,21131153,0,pscratch,pscratch-ffff964b052c0000,0,0,279894638258,161323525289,0,0,165472,0,0,0,0,0,0,0,0,0,0,0,0,0,0,0,0,0,0,0,0,0,0,0,0,70183,0,0,0
1744061801.001357,600037,21131153,0,nscratch,nscratch-ffff964ae629a800,0,0,300243376,0,0,0,0,0,0,0,0,0,0,0,0,0,0,0,0,0,0,0,0,0,0,0,0,0,0,0,0,212,0,0,0
1744061801.001505,600037,21131153,0,pscratch,pscratch-ffff964b052c0000,0,0,279894638258,161323737498,0,0,165472,0,0,0,0,0,0,0,0,0,0,0,0,0,0,0,0,0,0,0,0,0,0,0,0,70183,0,0,0
1744061802.002070,600037,21131153,0,nscratch,nscratch-ffff964ae629a800,0,0,300243376,0,0,0,0,0,0,0,0,0,0,0,0,0,0,0,0,0,0,0,0,0,0,0,0,0,0,0,0,212,0,0,0
1744061802.002203,600037,21131153,0,pscratch,pscratch-ffff964b052c0000,0,0,279894638258,161323756816,0,0,165472,0,0,0,0,0,0,0,0,0,0,0,0,0,0,0,0,0,0,0,0,0,0,0,0,70183,0,0,0
1744061803.001672,600037,21131153,0,nscratch,nscratch-ffff964ae629a800,0,0,300243376,0,0,0,0,0,0,0,0,0,0,0,0,0,0,0,0,0,0,0,0,0,0,0,0,0,0,0,0,212,0,0,0
1744061803.001844,600037,21131153,0,pscratch,pscratch-ffff964b052c0000,0,0,279937157834,161374268506,0,0,165472,0,0,0,0,0,0,0,0,0,0,0,0,0,0,0,0,0,0,0,0,0,0,0,0,70183,0,0,0
1744061804.002077,600037,21131153,0,nscratch,nscratch-ffff964ae629a800,0,0,300243376,0,0,0,0,0,0,0,0,0,0,0,0,0,0,0,0,0,0,0,0,0,0,0,0,0,0,0,0,212,0,0,0
1744061804.002241,600037,21131153,0,pscratch,pscratch-ffff964b052c0000,0,0,279937157834,161374268931,0,0,165472,0,0,0,0,0,0,0,0,0,0,0,0,0,0,0,0,0,0,0,0,0,0,0,0,70183,0,0,0
1744061805.001917,600037,21131153,0,nscratch,nscratch-ffff964ae629a800,0,0,300243376,0,0,0,0,0,0,0,0,0,0,0,0,0,0,0,0,0,0,0,0,0,0,0,0,0,0,0,0,212,0,0,0
1744061805.002096,600037,21131153,0,pscratch,pscratch-ffff964b052c0000,0,0,279937157834,161374274371,0,0,165472,0,0,0,0,0,0,0,0,0,0,0,0,0,0,0,0,0,0,0,0,0,0,0,0,70183,0,0,0
1744061806.001647,600037,21131153,0,nscratch,nscratch-ffff964ae629a800,0,0,300243376,0,0,0,0,0,0,0,0,0,0,0,0,0,0,0,0,0,0,0,0,0,0,0,0,0,0,0,0,212,0,0,0
1744061806.001834,600037,21131153,0,pscratch,pscratch-ffff964b052c0000,0,0,279937157834,161374279859,0,0,165472,0,0,0,0,0,0,0,0,0,0,0,0,0,0,0,0,0,0,0,0,0,0,0,0,70183,0,0,0
1744061807.002079,600037,21131153,0,nscratch,nscratch-ffff964ae629a800,0,0,300243376,0,0,0,0,0,0,0,0,0,0,0,0,0,0,0,0,0,0,0,0,0,0,0,0,0,0,0,0,212,0,0,0
1744061807.002279,600037,21131153,0,pscratch,pscratch-ffff964b052c0000,0,0,279937157834,161374286808,0,0,165472,0,0,0,0,0,0,0,0,0,0,0,0,0,0,0,0,0,0,0,0,0,0,0,0,70183,0,0,0
1744061808.001355,600037,21131153,0,nscratch,nscratch-ffff964ae629a800,0,0,300243376,0,0,0,0,0,0,0,0,0,0,0,0,0,0,0,0,0,0,0,0,0,0,0,0,0,0,0,0,212,0,0,0
1744061808.001530,600037,21131153,0,pscratch,pscratch-ffff964b052c0000,0,0,279937157834,161374384686,0,0,165472,0,0,0,0,0,0,0,0,0,0,0,0,0,0,0,0,0,0,0,0,0,0,0,0,70183,0,0,0
1744061809.002029,600037,21131153,0,nscratch,nscratch-ffff964ae629a800,0,0,300243376,0,0,0,0,0,0,0,0,0,0,0,0,0,0,0,0,0,0,0,0,0,0,0,0,0,0,0,0,212,0,0,0
1744061809.002212,600037,21131153,0,pscratch,pscratch-ffff964b052c0000,0,0,279937157834,161374517168,0,0,165472,0,0,0,0,0,0,0,0,0,0,0,0,0,0,0,0,0,0,0,0,0,0,0,0,70183,0,0,0
1744061810.001476,600037,21131153,0,nscratch,nscratch-ffff964ae629a800,0,0,300243376,0,0,0,0,0,0,0,0,0,0,0,0,0,0,0,0,0,0,0,0,0,0,0,0,0,0,0,0,212,0,0,0
1744061810.001680,600037,21131153,0,pscratch,pscratch-ffff964b052c0000,0,0,279937157834,161374522608,0,0,165472,0,0,0,0,0,0,0,0,0,0,0,0,0,0,0,0,0,0,0,0,0,0,0,0,70183,0,0,0
1744061811.002391,600037,21131153,0,nscratch,nscratch-ffff964ae629a800,0,0,300243376,0,0,0,0,0,0,0,0,0,0,0,0,0,0,0,0,0,0,0,0,0,0,0,0,0,0,0,0,212,0,0,0
1744061811.002576,600037,21131153,0,pscratch,pscratch-ffff964b052c0000,0,0,279937157834,161374528048,0,0,165472,0,0,0,0,0,0,0,0,0,0,0,0,0,0,0,0,0,0,0,0,0,0,0,0,70183,0,0,0
1744061812.002084,600037,21131153,0,nscratch,nscratch-ffff964ae629a800,0,0,300243376,0,0,0,0,0,0,0,0,0,0,0,0,0,0,0,0,0,0,0,0,0,0,0,0,0,0,0,0,212,0,0,0
1744061812.002268,600037,21131153,0,pscratch,pscratch-ffff964b052c0000,0,0,279937157834,161374534146,0,0,165472,0,0,0,0,0,0,0,0,0,0,0,0,0,0,0,0,0,0,0,0,0,0,0,0,70183,0,0,0
1744061813.001522,600037,21131153,0,nscratch,nscratch-ffff964ae629a800,0,0,300243376,0,0,0,0,0,0,0,0,0,0,0,0,0,0,0,0,0,0,0,0,0,0,0,0,0,0,0,0,212,0,0,0
1744061813.001700,600037,21131153,0,pscratch,pscratch-ffff964b052c0000,0,0,279937157834,161374534572,0,0,165472,0,0,0,0,0,0,0,0,0,0,0,0,0,0,0,0,0,0,0,0,0,0,0,0,70183,0,0,0
1744061814.002383,600037,21131153,0,nscratch,nscratch-ffff964ae629a800,0,0,300243376,0,0,0,0,0,0,0,0,0,0,0,0,0,0,0,0,0,0,0,0,0,0,0,0,0,0,0,0,212,0,0,0
1744061814.002575,600037,21131153,0,pscratch,pscratch-ffff964b052c0000,0,0,279937157834,161374764570,0,0,165472,0,0,0,0,0,0,0,0,0,0,0,0,0,0,0,0,0,0,0,0,0,0,0,0,70183,0,0,0
1744061815.002072,600037,21131153,0,nscratch,nscratch-ffff964ae629a800,0,0,300243376,0,0,0,0,0,0,0,0,0,0,0,0,0,0,0,0,0,0,0,0,0,0,0,0,0,0,0,0,212,0,0,0
1744061815.002248,600037,21131153,0,pscratch,pscratch-ffff964b052c0000,0,0,279937157834,161374769160,0,0,165472,0,0,0,0,0,0,0,0,0,0,0,0,0,0,0,0,0,0,0,0,0,0,0,0,70183,0,0,0
1744061816.001491,600037,21131153,0,nscratch,nscratch-ffff964ae629a800,0,0,300243376,0,0,0,0,0,0,0,0,0,0,0,0,0,0,0,0,0,0,0,0,0,0,0,0,0,0,0,0,212,0,0,0
1744061816.001672,600037,21131153,0,pscratch,pscratch-ffff964b052c0000,0,0,279937157834,161374769587,0,0,165472,0,0,0,0,0,0,0,0,0,0,0,0,0,0,0,0,0,0,0,0,0,0,0,0,70183,0,0,0
1744061817.001295,600037,21131153,0,nscratch,nscratch-ffff964ae629a800,0,0,300243376,0,0,0,0,0,0,0,0,0,0,0,0,0,0,0,0,0,0,0,0,0,0,0,0,0,0,0,0,212,0,0,0
1744061817.001426,600037,21131153,0,pscratch,pscratch-ffff964b052c0000,0,0,279979685698,161424154979,0,0,165472,0,0,0,0,0,0,0,0,0,0,0,0,0,0,0,0,0,0,0,0,0,0,0,0,70183,0,0,0
1744061818.001284,600037,21131153,0,nscratch,nscratch-ffff964ae629a800,0,0,300243376,0,0,0,0,0,0,0,0,0,0,0,0,0,0,0,0,0,0,0,0,0,0,0,0,0,0,0,0,212,0,0,0
1744061818.001414,600037,21131153,0,pscratch,pscratch-ffff964b052c0000,0,0,279979685698,161424161077,0,0,165472,0,0,0,0,0,0,0,0,0,0,0,0,0,0,0,0,0,0,0,0,0,0,0,0,70183,0,0,0
1744061819.001640,600037,21131153,0,nscratch,nscratch-ffff964ae629a800,0,0,300243376,0,0,0,0,0,0,0,0,0,0,0,0,0,0,0,0,0,0,0,0,0,0,0,0,0,0,0,0,212,0,0,0
1744061819.001772,600037,21131153,0,pscratch,pscratch-ffff964b052c0000,0,0,279979685698,161424161503,0,0,165472,0,0,0,0,0,0,0,0,0,0,0,0,0,0,0,0,0,0,0,0,0,0,0,0,70183,0,0,0
1744061820.002424,600037,21131153,0,nscratch,nscratch-ffff964ae629a800,0,0,300243376,0,0,0,0,0,0,0,0,0,0,0,0,0,0,0,0,0,0,0,0,0,0,0,0,0,0,0,0,212,0,0,0
1744061820.002659,600037,21131153,0,pscratch,pscratch-ffff964b052c0000,0,0,279979685698,161424397695,0,0,165472,0,0,0,0,0,0,0,0,0,0,0,0,0,0,0,0,0,0,0,0,0,0,0,0,70183,0,0,0
1744061821.002228,600037,21131153,0,nscratch,nscratch-ffff964ae629a800,0,0,300243376,0,0,0,0,0,0,0,0,0,0,0,0,0,0,0,0,0,0,0,0,0,0,0,0,0,0,0,0,212,0,0,0
1744061821.002413,600037,21131153,0,pscratch,pscratch-ffff964b052c0000,0,0,279979685698,161424402746,0,0,165472,0,0,0,0,0,0,0,0,0,0,0,0,0,0,0,0,0,0,0,0,0,0,0,0,70183,0,0,0
1744061822.001629,600037,21131153,0,nscratch,nscratch-ffff964ae629a800,0,0,300243376,0,0,0,0,0,0,0,0,0,0,0,0,0,0,0,0,0,0,0,0,0,0,0,0,0,0,0,0,212,0,0,0
1744061822.001815,600037,21131153,0,pscratch,pscratch-ffff964b052c0000,0,0,279979685698,161424408416,0,0,165472,0,0,0,0,0,0,0,0,0,0,0,0,0,0,0,0,0,0,0,0,0,0,0,0,70183,0,0,0
1744061823.001525,600037,21131153,0,nscratch,nscratch-ffff964ae629a800,0,0,300243376,0,0,0,0,0,0,0,0,0,0,0,0,0,0,0,0,0,0,0,0,0,0,0,0,0,0,0,0,212,0,0,0
1744061823.001710,600037,21131153,0,pscratch,pscratch-ffff964b052c0000,0,0,279979685698,161424409696,0,0,165472,0,0,0,0,0,0,0,0,0,0,0,0,0,0,0,0,0,0,0,0,0,0,0,0,70183,0,0,0
1744061824.002265,600037,21131153,0,nscratch,nscratch-ffff964ae629a800,0,0,300243376,0,0,0,0,0,0,0,0,0,0,0,0,0,0,0,0,0,0,0,0,0,0,0,0,0,0,0,0,212,0,0,0
1744061824.002447,600037,21131153,0,pscratch,pscratch-ffff964b052c0000,0,0,279979685698,161424414713,0,0,165472,0,0,0,0,0,0,0,0,0,0,0,0,0,0,0,0,0,0,0,0,0,0,0,0,70183,0,0,0
1744061825.001664,600037,21131153,0,nscratch,nscratch-ffff964ae629a800,0,0,300243376,0,0,0,0,0,0,0,0,0,0,0,0,0,0,0,0,0,0,0,0,0,0,0,0,0,0,0,0,212,0,0,0
1744061825.001845,600037,21131153,0,pscratch,pscratch-ffff964b052c0000,0,0,279979685698,161424642507,0,0,165472,0,0,0,0,0,0,0,0,0,0,0,0,0,0,0,0,0,0,0,0,0,0,0,0,70183,0,0,0
1744061826.001547,600037,21131153,0,nscratch,nscratch-ffff964ae629a800,0,0,300243376,0,0,0,0,0,0,0,0,0,0,0,0,0,0,0,0,0,0,0,0,0,0,0,0,0,0,0,0,212,0,0,0
1744061826.001731,600037,21131153,0,pscratch,pscratch-ffff964b052c0000,0,0,279979685698,161424643361,0,0,165472,0,0,0,0,0,0,0,0,0,0,0,0,0,0,0,0,0,0,0,0,0,0,0,0,70183,0,0,0
1744061827.002279,600037,21131153,0,nscratch,nscratch-ffff964ae629a800,0,0,300243376,0,0,0,0,0,0,0,0,0,0,0,0,0,0,0,0,0,0,0,0,0,0,0,0,0,0,0,0,212,0,0,0
1744061827.002467,600037,21131153,0,pscratch,pscratch-ffff964b052c0000,0,0,279979685698,161424656572,0,0,165472,0,0,0,0,0,0,0,0,0,0,0,0,0,0,0,0,0,0,0,0,0,0,0,0,70183,0,0,0
1744061828.001685,600037,21131153,0,nscratch,nscratch-ffff964ae629a800,0,0,300243376,0,0,0,0,0,0,0,0,0,0,0,0,0,0,0,0,0,0,0,0,0,0,0,0,0,0,0,0,212,0,0,0
1744061828.001874,600037,21131153,0,pscratch,pscratch-ffff964b052c0000,0,0,279979685698,161424662671,0,0,165472,0,0,0,0,0,0,0,0,0,0,0,0,0,0,0,0,0,0,0,0,0,0,0,0,70183,0,0,0
1744061829.001875,600037,21131153,0,nscratch,nscratch-ffff964ae629a800,0,0,300243376,0,0,0,0,0,0,0,0,0,0,0,0,0,0,0,0,0,0,0,0,0,0,0,0,0,0,0,0,212,0,0,0
1744061829.002121,600037,21131153,0,pscratch,pscratch-ffff964b052c0000,0,0,279979685698,161424663098,0,0,165472,0,0,0,0,0,0,0,0,0,0,0,0,0,0,0,0,0,0,0,0,0,0,0,0,70183,0,0,0
1744061830.001894,600037,21131153,0,nscratch,nscratch-ffff964ae629a800,0,0,300243376,0,0,0,0,0,0,0,0,0,0,0,0,0,0,0,0,0,0,0,0,0,0,0,0,0,0,0,0,212,0,0,0
1744061830.002097,600037,21131153,0,pscratch,pscratch-ffff964b052c0000,0,0,279979685698,161424668115,0,0,165472,0,0,0,0,0,0,0,0,0,0,0,0,0,0,0,0,0,0,0,0,0,0,0,0,70183,0,0,0
1744061831.001337,600037,21131153,0,nscratch,nscratch-ffff964ae629a800,0,0,300243376,0,0,0,0,0,0,0,0,0,0,0,0,0,0,0,0,0,0,0,0,0,0,0,0,0,0,0,0,212,0,0,0
1744061831.001513,600037,21131153,0,pscratch,pscratch-ffff964b052c0000,0,0,280022271002,161474388970,0,0,165472,0,0,0,0,0,0,0,0,0,0,0,0,0,0,0,0,0,0,0,0,0,0,0,0,70183,0,0,0
1744061832.002422,600037,21131153,0,nscratch,nscratch-ffff964ae629a800,0,0,300243376,0,0,0,0,0,0,0,0,0,0,0,0,0,0,0,0,0,0,0,0,0,0,0,0,0,0,0,0,212,0,0,0
1744061832.002649,600037,21131153,0,pscratch,pscratch-ffff964b052c0000,0,0,280022271002,161474389397,0,0,165472,0,0,0,0,0,0,0,0,0,0,0,0,0,0,0,0,0,0,0,0,0,0,0,0,70183,0,0,0
1744061833.002183,600037,21131153,0,nscratch,nscratch-ffff964ae629a800,0,0,300243376,0,0,0,0,0,0,0,0,0,0,0,0,0,0,0,0,0,0,0,0,0,0,0,0,0,0,0,0,212,0,0,0
1744061833.002374,600037,21131153,0,pscratch,pscratch-ffff964b052c0000,0,0,280022271002,161474403046,0,0,165472,0,0,0,0,0,0,0,0,0,0,0,0,0,0,0,0,0,0,0,0,0,0,0,0,70183,0,0,0
1744061834.001662,600037,21131153,0,nscratch,nscratch-ffff964ae629a800,0,0,300243376,0,0,0,0,0,0,0,0,0,0,0,0,0,0,0,0,0,0,0,0,0,0,0,0,0,0,0,0,212,0,0,0
1744061834.001844,600037,21131153,0,pscratch,pscratch-ffff964b052c0000,0,0,280022271002,161474408716,0,0,165472,0,0,0,0,0,0,0,0,0,0,0,0,0,0,0,0,0,0,0,0,0,0,0,0,70183,0,0,0
1744061835.001838,600037,21131153,0,nscratch,nscratch-ffff964ae629a800,0,0,300243376,0,0,0,0,0,0,0,0,0,0,0,0,0,0,0,0,0,0,0,0,0,0,0,0,0,0,0,0,212,0,0,0
1744061835.002091,600037,21131153,0,pscratch,pscratch-ffff964b052c0000,0,0,280022271002,161474409570,0,0,165472,0,0,0,0,0,0,0,0,0,0,0,0,0,0,0,0,0,0,0,0,0,0,0,0,70183,0,0,0
1744061836.001657,600037,21131153,0,nscratch,nscratch-ffff964ae629a800,0,0,300243376,0,0,0,0,0,0,0,0,0,0,0,0,0,0,0,0,0,0,0,0,0,0,0,0,0,0,0,0,212,0,0,0
1744061836.001851,600037,21131153,0,pscratch,pscratch-ffff964b052c0000,0,0,280022271002,161474415062,0,0,165472,0,0,0,0,0,0,0,0,0,0,0,0,0,0,0,0,0,0,0,0,0,0,0,0,70183,0,0,0
1744061837.002232,600037,21131153,0,nscratch,nscratch-ffff964ae629a800,0,0,300243376,0,0,0,0,0,0,0,0,0,0,0,0,0,0,0,0,0,0,0,0,0,0,0,0,0,0,0,0,212,0,0,0
1744061837.002421,600037,21131153,0,pscratch,pscratch-ffff964b052c0000,0,0,280022271002,161474645038,0,0,165472,0,0,0,0,0,0,0,0,0,0,0,0,0,0,0,0,0,0,0,0,0,0,0,0,70183,0,0,0
1744061838.002156,600037,21131153,0,nscratch,nscratch-ffff964ae629a800,0,0,300243376,0,0,0,0,0,0,0,0,0,0,0,0,0,0,0,0,0,0,0,0,0,0,0,0,0,0,0,0,212,0,0,0
1744061838.002322,600037,21131153,0,pscratch,pscratch-ffff964b052c0000,0,0,280022271002,161474648027,0,0,165472,0,0,0,0,0,0,0,0,0,0,0,0,0,0,0,0,0,0,0,0,0,0,0,0,70183,0,0,0
1744061839.001753,600037,21131153,0,nscratch,nscratch-ffff964ae629a800,0,0,300243376,0,0,0,0,0,0,0,0,0,0,0,0,0,0,0,0,0,0,0,0,0,0,0,0,0,0,0,0,212,0,0,0
1744061839.001881,600037,21131153,0,pscratch,pscratch-ffff964b052c0000,0,0,280022271002,161474653471,0,0,165472,0,0,0,0,0,0,0,0,0,0,0,0,0,0,0,0,0,0,0,0,0,0,0,0,70183,0,0,0
1744061840.002095,600037,21131153,0,nscratch,nscratch-ffff964ae629a800,0,0,300243376,0,0,0,0,0,0,0,0,0,0,0,0,0,0,0,0,0,0,0,0,0,0,0,0,0,0,0,0,212,0,0,0
1744061840.002225,600037,21131153,0,pscratch,pscratch-ffff964b052c0000,0,0,280022271002,161474659141,0,0,165472,0,0,0,0,0,0,0,0,0,0,0,0,0,0,0,0,0,0,0,0,0,0,0,0,70183,0,0,0
1744061841.001731,600037,21131153,0,nscratch,nscratch-ffff964ae629a800,0,0,300243376,0,0,0,0,0,0,0,0,0,0,0,0,0,0,0,0,0,0,0,0,0,0,0,0,0,0,0,0,212,0,0,0
1744061841.001864,600037,21131153,0,pscratch,pscratch-ffff964b052c0000,0,0,280022271002,161474668612,0,0,165472,0,0,0,0,0,0,0,0,0,0,0,0,0,0,0,0,0,0,0,0,0,0,0,0,70183,0,0,0
1744061842.002256,600037,21131153,0,nscratch,nscratch-ffff964ae629a800,0,0,300243376,0,0,0,0,0,0,0,0,0,0,0,0,0,0,0,0,0,0,0,0,0,0,0,0,0,0,0,0,212,0,0,0
1744061842.002383,600037,21131153,0,pscratch,pscratch-ffff964b052c0000,0,0,280022271002,161474673629,0,0,165472,0,0,0,0,0,0,0,0,0,0,0,0,0,0,0,0,0,0,0,0,0,0,0,0,70183,0,0,0
1744061843.001631,600037,21131153,0,nscratch,nscratch-ffff964ae629a800,0,0,300243376,0,0,0,0,0,0,0,0,0,0,0,0,0,0,0,0,0,0,0,0,0,0,0,0,0,0,0,0,212,0,0,0
1744061843.001762,600037,21131153,0,pscratch,pscratch-ffff964b052c0000,0,0,280022271002,161474771337,0,0,165472,0,0,0,0,0,0,0,0,0,0,0,0,0,0,0,0,0,0,0,0,0,0,0,0,70183,0,0,0
1744061844.002282,600037,21131153,0,nscratch,nscratch-ffff964ae629a800,0,0,300243376,0,0,0,0,0,0,0,0,0,0,0,0,0,0,0,0,0,0,0,0,0,0,0,0,0,0,0,0,212,0,0,0
1744061844.002406,600037,21131153,0,pscratch,pscratch-ffff964b052c0000,0,0,280022271002,161474903868,0,0,165472,0,0,0,0,0,0,0,0,0,0,0,0,0,0,0,0,0,0,0,0,0,0,0,0,70183,0,0,0
1744061845.001245,600037,21131153,0,nscratch,nscratch-ffff964ae629a800,0,0,300243376,0,0,0,0,0,0,0,0,0,0,0,0,0,0,0,0,0,0,0,0,0,0,0,0,0,0,0,0,212,0,0,0
1744061845.001374,600037,21131153,0,pscratch,pscratch-ffff964b052c0000,0,0,280022271002,161474909312,0,0,165472,0,0,0,0,0,0,0,0,0,0,0,0,0,0,0,0,0,0,0,0,0,0,0,0,70183,0,0,0
1744061846.001583,600037,21131153,0,nscratch,nscratch-ffff964ae629a800,0,0,300243376,0,0,0,0,0,0,0,0,0,0,0,0,0,0,0,0,0,0,0,0,0,0,0,0,0,0,0,0,212,0,0,0
1744061846.001714,600037,21131153,0,pscratch,pscratch-ffff964b052c0000,0,0,280022271002,161474909738,0,0,165472,0,0,0,0,0,0,0,0,0,0,0,0,0,0,0,0,0,0,0,0,0,0,0,0,70183,0,0,0
1744061847.001391,600037,21131153,0,nscratch,nscratch-ffff964ae629a800,0,0,300243376,0,0,0,0,0,0,0,0,0,0,0,0,0,0,0,0,0,0,0,0,0,0,0,0,0,0,0,0,212,0,0,0
1744061847.001587,600037,21131153,0,pscratch,pscratch-ffff964b052c0000,0,0,280064782674,161524348702,0,0,165472,0,0,0,0,0,0,0,0,0,0,0,0,0,0,0,0,0,0,0,0,0,0,0,0,70183,0,0,0
1744061848.002107,600037,21131153,0,nscratch,nscratch-ffff964ae629a800,0,0,300243376,0,0,0,0,0,0,0,0,0,0,0,0,0,0,0,0,0,0,0,0,0,0,0,0,0,0,0,0,212,0,0,0
1744061848.002286,600037,21131153,0,pscratch,pscratch-ffff964b052c0000,0,0,280064782674,161524353327,0,0,165472,0,0,0,0,0,0,0,0,0,0,0,0,0,0,0,0,0,0,0,0,0,0,0,0,70183,0,0,0
1744061849.001538,600037,21131153,0,nscratch,nscratch-ffff964ae629a800,0,0,300243376,0,0,0,0,0,0,0,0,0,0,0,0,0,0,0,0,0,0,0,0,0,0,0,0,0,0,0,0,212,0,0,0
1744061849.001732,600037,21131153,0,pscratch,pscratch-ffff964b052c0000,0,0,280064782674,161524354608,0,0,165472,0,0,0,0,0,0,0,0,0,0,0,0,0,0,0,0,0,0,0,0,0,0,0,0,70183,0,0,0
1744061850.002531,600037,21131153,0,nscratch,nscratch-ffff964ae629a800,0,0,300243376,0,0,0,0,0,0,0,0,0,0,0,0,0,0,0,0,0,0,0,0,0,0,0,0,0,0,0,0,212,0,0,0
1744061850.002727,600037,21131153,0,pscratch,pscratch-ffff964b052c0000,0,0,280064782674,161524584794,0,0,165472,0,0,0,0,0,0,0,0,0,0,0,0,0,0,0,0,0,0,0,0,0,0,0,0,70183,0,0,0
1744061851.002257,600037,21131153,0,nscratch,nscratch-ffff964ae629a800,0,0,300243376,0,0,0,0,0,0,0,0,0,0,0,0,0,0,0,0,0,0,0,0,0,0,0,0,0,0,0,0,212,0,0,0
1744061851.002430,600037,21131153,0,pscratch,pscratch-ffff964b052c0000,0,0,280064782674,161524585221,0,0,165472,0,0,0,0,0,0,0,0,0,0,0,0,0,0,0,0,0,0,0,0,0,0,0,0,70183,0,0,0
1744061852.001665,600037,21131153,0,nscratch,nscratch-ffff964ae629a800,0,0,300243376,0,0,0,0,0,0,0,0,0,0,0,0,0,0,0,0,0,0,0,0,0,0,0,0,0,0,0,0,212,0,0,0
1744061852.001864,600037,21131153,0,pscratch,pscratch-ffff964b052c0000,0,0,280064782674,161524591745,0,0,165472,0,0,0,0,0,0,0,0,0,0,0,0,0,0,0,0,0,0,0,0,0,0,0,0,70183,0,0,0
1744061853.001611,600037,21131153,0,nscratch,nscratch-ffff964ae629a800,0,0,300243376,0,0,0,0,0,0,0,0,0,0,0,0,0,0,0,0,0,0,0,0,0,0,0,0,0,0,0,0,212,0,0,0
1744061853.001803,600037,21131153,0,pscratch,pscratch-ffff964b052c0000,0,0,280064782674,161524597415,0,0,165472,0,0,0,0,0,0,0,0,0,0,0,0,0,0,0,0,0,0,0,0,0,0,0,0,70183,0,0,0
1744061854.002321,600037,21131153,0,nscratch,nscratch-ffff964ae629a800,0,0,300243376,0,0,0,0,0,0,0,0,0,0,0,0,0,0,0,0,0,0,0,0,0,0,0,0,0,0,0,0,212,0,0,0
1744061854.002503,600037,21131153,0,pscratch,pscratch-ffff964b052c0000,0,0,280064782674,161524606069,0,0,165472,0,0,0,0,0,0,0,0,0,0,0,0,0,0,0,0,0,0,0,0,0,0,0,0,70183,0,0,0
1744061855.001745,600037,21131153,0,nscratch,nscratch-ffff964ae629a800,0,0,300243376,0,0,0,0,0,0,0,0,0,0,0,0,0,0,0,0,0,0,0,0,0,0,0,0,0,0,0,0,212,0,0,0
1744061855.001951,600037,21131153,0,pscratch,pscratch-ffff964b052c0000,0,0,280064782674,161524611513,0,0,165472,0,0,0,0,0,0,0,0,0,0,0,0,0,0,0,0,0,0,0,0,0,0,0,0,70183,0,0,0
1744061856.001675,600037,21131153,0,nscratch,nscratch-ffff964ae629a800,0,0,300243376,0,0,0,0,0,0,0,0,0,0,0,0,0,0,0,0,0,0,0,0,0,0,0,0,0,0,0,0,212,0,0,0
1744061856.001863,600037,21131153,0,pscratch,pscratch-ffff964b052c0000,0,0,280064782674,161524611513,0,0,165472,0,0,0,0,0,0,0,0,0,0,0,0,0,0,0,0,0,0,0,0,0,0,0,0,70183,0,0,0
1744061857.002415,600037,21131153,0,nscratch,nscratch-ffff964ae629a800,0,0,300243376,0,0,0,0,0,0,0,0,0,0,0,0,0,0,0,0,0,0,0,0,0,0,0,0,0,0,0,0,212,0,0,0
1744061857.002600,600037,21131153,0,pscratch,pscratch-ffff964b052c0000,0,0,280064782674,161524841950,0,0,165472,0,0,0,0,0,0,0,0,0,0,0,0,0,0,0,0,0,0,0,0,0,0,0,0,70183,0,0,0
1744061858.001828,600037,21131153,0,nscratch,nscratch-ffff964ae629a800,0,0,300243376,0,0,0,0,0,0,0,0,0,0,0,0,0,0,0,0,0,0,0,0,0,0,0,0,0,0,0,0,212,0,0,0
1744061858.002025,600037,21131153,0,pscratch,pscratch-ffff964b052c0000,0,0,280064782674,161524847620,0,0,165472,0,0,0,0,0,0,0,0,0,0,0,0,0,0,0,0,0,0,0,0,0,0,0,0,70183,0,0,0
1744061859.001158,600037,21131153,0,nscratch,nscratch-ffff964ae629a800,0,0,300243376,0,0,0,0,0,0,0,0,0,0,0,0,0,0,0,0,0,0,0,0,0,0,0,0,0,0,0,0,212,0,0,0
1744061859.001339,600037,21131153,0,pscratch,pscratch-ffff964b052c0000,0,0,280064782674,161524848474,0,0,165472,0,0,0,0,0,0,0,0,0,0,0,0,0,0,0,0,0,0,0,0,0,0,0,0,70183,0,0,0
1744061860.001898,600037,21131153,0,nscratch,nscratch-ffff964ae629a800,0,0,300243376,0,0,0,0,0,0,0,0,0,0,0,0,0,0,0,0,0,0,0,0,0,0,0,0,0,0,0,0,212,0,0,0
1744061860.002120,600037,21131153,0,pscratch,pscratch-ffff964b052c0000,0,0,280064782674,161524853918,0,0,165472,0,0,0,0,0,0,0,0,0,0,0,0,0,0,0,0,0,0,0,0,0,0,0,0,70183,0,0,0
1744061861.001355,600037,21131153,0,nscratch,nscratch-ffff964ae629a800,0,0,300243376,0,0,0,0,0,0,0,0,0,0,0,0,0,0,0,0,0,0,0,0,0,0,0,0,0,0,0,0,212,0,0,0
1744061861.001542,600037,21131153,0,pscratch,pscratch-ffff964b052c0000,0,0,280064782674,161524853918,0,0,165472,0,0,0,0,0,0,0,0,0,0,0,0,0,0,0,0,0,0,0,0,0,0,0,0,70183,0,0,0
1744061862.002261,600037,21131153,0,nscratch,nscratch-ffff964ae629a800,0,0,300243376,0,0,0,0,0,0,0,0,0,0,0,0,0,0,0,0,0,0,0,0,0,0,0,0,0,0,0,0,212,0,0,0
1744061862.002457,600037,21131153,0,pscratch,pscratch-ffff964b052c0000,0,0,280064782674,161524867658,0,0,165472,0,0,0,0,0,0,0,0,0,0,0,0,0,0,0,0,0,0,0,0,0,0,0,0,70183,0,0,0
1744061863.001974,600037,21131153,0,nscratch,nscratch-ffff964ae629a800,0,0,300243376,0,0,0,0,0,0,0,0,0,0,0,0,0,0,0,0,0,0,0,0,0,0,0,0,0,0,0,0,212,0,0,0
1744061863.002146,600037,21131153,0,pscratch,pscratch-ffff964b052c0000,0,0,280107302634,161574528968,0,0,165472,0,0,0,0,0,0,0,0,0,0,0,0,0,0,0,0,0,0,0,0,0,0,0,0,70183,0,0,0
1744061864.001398,600037,21131153,0,nscratch,nscratch-ffff964ae629a800,0,0,300243376,0,0,0,0,0,0,0,0,0,0,0,0,0,0,0,0,0,0,0,0,0,0,0,0,0,0,0,0,212,0,0,0
1744061864.001574,600037,21131153,0,pscratch,pscratch-ffff964b052c0000,0,0,280107302634,161574529395,0,0,165472,0,0,0,0,0,0,0,0,0,0,0,0,0,0,0,0,0,0,0,0,0,0,0,0,70183,0,0,0
1744061865.002264,600037,21131153,0,nscratch,nscratch-ffff964ae629a800,0,0,300243376,0,0,0,0,0,0,0,0,0,0,0,0,0,0,0,0,0,0,0,0,0,0,0,0,0,0,0,0,212,0,0,0
1744061865.002445,600037,21131153,0,pscratch,pscratch-ffff964b052c0000,0,0,280107302634,161574535919,0,0,165472,0,0,0,0,0,0,0,0,0,0,0,0,0,0,0,0,0,0,0,0,0,0,0,0,70183,0,0,0
1744061866.001317,600037,21131153,0,nscratch,nscratch-ffff964ae629a800,0,0,300243376,0,0,0,0,0,0,0,0,0,0,0,0,0,0,0,0,0,0,0,0,0,0,0,0,0,0,0,0,212,0,0,0
1744061866.001447,600037,21131153,0,pscratch,pscratch-ffff964b052c0000,0,0,280107302634,161574535919,0,0,165472,0,0,0,0,0,0,0,0,0,0,0,0,0,0,0,0,0,0,0,0,0,0,0,0,70183,0,0,0
1744061867.001659,600037,21131153,0,nscratch,nscratch-ffff964ae629a800,0,0,300243376,0,0,0,0,0,0,0,0,0,0,0,0,0,0,0,0,0,0,0,0,0,0,0,0,0,0,0,0,212,0,0,0
1744061867.001794,600037,21131153,0,pscratch,pscratch-ffff964b052c0000,0,0,280107302634,161574541363,0,0,165472,0,0,0,0,0,0,0,0,0,0,0,0,0,0,0,0,0,0,0,0,0,0,0,0,70183,0,0,0
1744061868.002340,600037,21131153,0,nscratch,nscratch-ffff964ae629a800,0,0,300243376,0,0,0,0,0,0,0,0,0,0,0,0,0,0,0,0,0,0,0,0,0,0,0,0,0,0,0,0,212,0,0,0
1744061868.002474,600037,21131153,0,pscratch,pscratch-ffff964b052c0000,0,0,280107302634,161574546382,0,0,165472,0,0,0,0,0,0,0,0,0,0,0,0,0,0,0,0,0,0,0,0,0,0,0,0,70183,0,0,0
1744061869.001896,600037,21131153,0,nscratch,nscratch-ffff964ae629a800,0,0,300243376,0,0,0,0,0,0,0,0,0,0,0,0,0,0,0,0,0,0,0,0,0,0,0,0,0,0,0,0,212,0,0,0
1744061869.002022,600037,21131153,0,pscratch,pscratch-ffff964b052c0000,0,0,280107302634,161574555853,0,0,165472,0,0,0,0,0,0,0,0,0,0,0,0,0,0,0,0,0,0,0,0,0,0,0,0,70183,0,0,0
1744061870.001225,600037,21131153,0,nscratch,nscratch-ffff964ae629a800,0,0,300243376,0,0,0,0,0,0,0,0,0,0,0,0,0,0,0,0,0,0,0,0,0,0,0,0,0,0,0,0,212,0,0,0
1744061870.001354,600037,21131153,0,pscratch,pscratch-ffff964b052c0000,0,0,280107302634,161574785399,0,0,165472,0,0,0,0,0,0,0,0,0,0,0,0,0,0,0,0,0,0,0,0,0,0,0,0,70183,0,0,0
1744061871.001807,600037,21131153,0,nscratch,nscratch-ffff964ae629a800,0,0,300243376,0,0,0,0,0,0,0,0,0,0,0,0,0,0,0,0,0,0,0,0,0,0,0,0,0,0,0,0,212,0,0,0
1744061871.001934,600037,21131153,0,pscratch,pscratch-ffff964b052c0000,0,0,280107302634,161574785884,0,0,165472,0,0,0,0,0,0,0,0,0,0,0,0,0,0,0,0,0,0,0,0,0,0,0,0,70183,0,0,0
1744061872.002335,600037,21131153,0,nscratch,nscratch-ffff964ae629a800,0,0,300243376,0,0,0,0,0,0,0,0,0,0,0,0,0,0,0,0,0,0,0,0,0,0,0,0,0,0,0,0,212,0,0,0
1744061872.002462,600037,21131153,0,pscratch,pscratch-ffff964b052c0000,0,0,280107302634,161574791982,0,0,165472,0,0,0,0,0,0,0,0,0,0,0,0,0,0,0,0,0,0,0,0,0,0,0,0,70183,0,0,0
1744061873.001704,600037,21131153,0,nscratch,nscratch-ffff964ae629a800,0,0,300243376,0,0,0,0,0,0,0,0,0,0,0,0,0,0,0,0,0,0,0,0,0,0,0,0,0,0,0,0,212,0,0,0
1744061873.001837,600037,21131153,0,pscratch,pscratch-ffff964b052c0000,0,0,280107302634,161574791982,0,0,165472,0,0,0,0,0,0,0,0,0,0,0,0,0,0,0,0,0,0,0,0,0,0,0,0,70183,0,0,0
1744061874.001395,600037,21131153,0,nscratch,nscratch-ffff964ae629a800,0,0,300243376,0,0,0,0,0,0,0,0,0,0,0,0,0,0,0,0,0,0,0,0,0,0,0,0,0,0,0,0,212,0,0,0
1744061874.001521,600037,21131153,0,pscratch,pscratch-ffff964b052c0000,0,0,280107302634,161574797428,0,0,165472,0,0,0,0,0,0,0,0,0,0,0,0,0,0,0,0,0,0,0,0,0,0,0,0,70183,0,0,0
1744061875.001895,600037,21131153,0,nscratch,nscratch-ffff964ae629a800,0,0,300243376,0,0,0,0,0,0,0,0,0,0,0,0,0,0,0,0,0,0,0,0,0,0,0,0,0,0,0,0,212,0,0,0
1744061875.002017,600037,21131153,0,pscratch,pscratch-ffff964b052c0000,0,0,280107302634,161574802448,0,0,165472,0,0,0,0,0,0,0,0,0,0,0,0,0,0,0,0,0,0,0,0,0,0,0,0,70183,0,0,0
1744061876.001240,600037,21131153,0,nscratch,nscratch-ffff964ae629a800,0,0,300243376,0,0,0,0,0,0,0,0,0,0,0,0,0,0,0,0,0,0,0,0,0,0,0,0,0,0,0,0,212,0,0,0
1744061876.001355,600037,21131153,0,pscratch,pscratch-ffff964b052c0000,0,0,280107302634,161574811072,0,0,165472,0,0,0,0,0,0,0,0,0,0,0,0,0,0,0,0,0,0,0,0,0,0,0,0,70183,0,0,0
1744061877.001825,600037,21131153,0,nscratch,nscratch-ffff964ae629a800,0,0,300243376,0,0,0,0,0,0,0,0,0,0,0,0,0,0,0,0,0,0,0,0,0,0,0,0,0,0,0,0,212,0,0,0
1744061877.001947,600037,21131153,0,pscratch,pscratch-ffff964b052c0000,0,0,280107302634,161575040942,0,0,165472,0,0,0,0,0,0,0,0,0,0,0,0,0,0,0,0,0,0,0,0,0,0,0,0,70183,0,0,0
1744061878.002286,600037,21131153,0,nscratch,nscratch-ffff964ae629a800,0,0,300243376,0,0,0,0,0,0,0,0,0,0,0,0,0,0,0,0,0,0,0,0,0,0,0,0,0,0,0,0,212,0,0,0
1744061878.002397,600037,21131153,0,pscratch,pscratch-ffff964b052c0000,0,0,280107302634,161575041370,0,0,165472,0,0,0,0,0,0,0,0,0,0,0,0,0,0,0,0,0,0,0,0,0,0,0,0,70183,0,0,0
1744061879.001610,600037,21131153,0,nscratch,nscratch-ffff964ae629a800,0,0,300243376,0,0,0,0,0,0,0,0,0,0,0,0,0,0,0,0,0,0,0,0,0,0,0,0,0,0,0,0,212,0,0,0
1744061879.001729,600037,21131153,0,pscratch,pscratch-ffff964b052c0000,0,0,280107302634,161575047526,0,0,165472,0,0,0,0,0,0,0,0,0,0,0,0,0,0,0,0,0,0,0,0,0,0,0,0,70183,0,0,0
1744061880.002247,600037,21131153,0,nscratch,nscratch-ffff964ae629a800,0,0,300243376,0,0,0,0,0,0,0,0,0,0,0,0,0,0,0,0,0,0,0,0,0,0,0,0,0,0,0,0,212,0,0,0
1744061880.002370,600037,21131153,0,pscratch,pscratch-ffff964b052c0000,0,0,280107302634,161575047953,0,0,165472,0,0,0,0,0,0,0,0,0,0,0,0,0,0,0,0,0,0,0,0,0,0,0,0,70183,0,0,0
1744061881.001669,600037,21131153,0,nscratch,nscratch-ffff964ae629a800,0,0,300243376,0,0,0,0,0,0,0,0,0,0,0,0,0,0,0,0,0,0,0,0,0,0,0,0,0,0,0,0,212,0,0,0
1744061881.001783,600037,21131153,0,pscratch,pscratch-ffff964b052c0000,0,0,280149880034,161624490493,0,0,165472,0,0,0,0,0,0,0,0,0,0,0,0,0,0,0,0,0,0,0,0,0,0,0,0,70183,0,0,0
1744061882.001965,600037,21131153,0,nscratch,nscratch-ffff964ae629a800,0,0,300243376,0,0,0,0,0,0,0,0,0,0,0,0,0,0,0,0,0,0,0,0,0,0,0,0,0,0,0,0,212,0,0,0
1744061882.002082,600037,21131153,0,pscratch,pscratch-ffff964b052c0000,0,0,280149880034,161624490493,0,0,165472,0,0,0,0,0,0,0,0,0,0,0,0,0,0,0,0,0,0,0,0,0,0,0,0,70183,0,0,0
1744061883.001642,600037,21131153,0,nscratch,nscratch-ffff964ae629a800,0,0,300243376,0,0,0,0,0,0,0,0,0,0,0,0,0,0,0,0,0,0,0,0,0,0,0,0,0,0,0,0,212,0,0,0
1744061883.001818,600037,21131153,0,pscratch,pscratch-ffff964b052c0000,0,0,280149880034,161624495939,0,0,165472,0,0,0,0,0,0,0,0,0,0,0,0,0,0,0,0,0,0,0,0,0,0,0,0,70183,0,0,0
1744061884.002298,600037,21131153,0,nscratch,nscratch-ffff964ae629a800,0,0,300243376,0,0,0,0,0,0,0,0,0,0,0,0,0,0,0,0,0,0,0,0,0,0,0,0,0,0,0,0,212,0,0,0
1744061884.002412,600037,21131153,0,pscratch,pscratch-ffff964b052c0000,0,0,280149880034,161624727247,0,0,165472,0,0,0,0,0,0,0,0,0,0,0,0,0,0,0,0,0,0,0,0,0,0,0,0,70183,0,0,0
1744061885.001607,600037,21131153,0,nscratch,nscratch-ffff964ae629a800,0,0,300243376,0,0,0,0,0,0,0,0,0,0,0,0,0,0,0,0,0,0,0,0,0,0,0,0,0,0,0,0,212,0,0,0
1744061885.001749,600037,21131153,0,pscratch,pscratch-ffff964b052c0000,0,0,280149880034,161624735460,0,0,165472,0,0,0,0,0,0,0,0,0,0,0,0,0,0,0,0,0,0,0,0,0,0,0,0,70183,0,0,0
1744061886.002262,600037,21131153,0,nscratch,nscratch-ffff964ae629a800,0,0,300243376,0,0,0,0,0,0,0,0,0,0,0,0,0,0,0,0,0,0,0,0,0,0,0,0,0,0,0,0,212,0,0,0
1744061886.002381,600037,21131153,0,pscratch,pscratch-ffff964b052c0000,0,0,280149880034,161624740478,0,0,165472,0,0,0,0,0,0,0,0,0,0,0,0,0,0,0,0,0,0,0,0,0,0,0,0,70183,0,0,0
1744061887.001728,600037,21131153,0,nscratch,nscratch-ffff964ae629a800,0,0,300243376,0,0,0,0,0,0,0,0,0,0,0,0,0,0,0,0,0,0,0,0,0,0,0,0,0,0,0,0,212,0,0,0
1744061887.001843,600037,21131153,0,pscratch,pscratch-ffff964b052c0000,0,0,280149880034,161624740906,0,0,165472,0,0,0,0,0,0,0,0,0,0,0,0,0,0,0,0,0,0,0,0,0,0,0,0,70183,0,0,0
1744061888.002021,600037,21131153,0,nscratch,nscratch-ffff964ae629a800,0,0,300243376,0,0,0,0,0,0,0,0,0,0,0,0,0,0,0,0,0,0,0,0,0,0,0,0,0,0,0,0,212,0,0,0
1744061888.002137,600037,21131153,0,pscratch,pscratch-ffff964b052c0000,0,0,280149880034,161624746352,0,0,165472,0,0,0,0,0,0,0,0,0,0,0,0,0,0,0,0,0,0,0,0,0,0,0,0,70183,0,0,0
1744061889.001795,600037,21131153,0,nscratch,nscratch-ffff964ae629a800,0,0,300243376,0,0,0,0,0,0,0,0,0,0,0,0,0,0,0,0,0,0,0,0,0,0,0,0,0,0,0,0,212,0,0,0
1744061889.001989,600037,21131153,0,pscratch,pscratch-ffff964b052c0000,0,0,280149880034,161624746352,0,0,165472,0,0,0,0,0,0,0,0,0,0,0,0,0,0,0,0,0,0,0,0,0,0,0,0,70183,0,0,0
1744061890.001817,600037,21131153,0,nscratch,nscratch-ffff964ae629a800,0,0,300243376,0,0,0,0,0,0,0,0,0,0,0,0,0,0,0,0,0,0,0,0,0,0,0,0,0,0,0,0,212,0,0,0
1744061890.002002,600037,21131153,0,pscratch,pscratch-ffff964b052c0000,0,0,280149880034,161624751851,0,0,165472,0,0,0,0,0,0,0,0,0,0,0,0,0,0,0,0,0,0,0,0,0,0,0,0,70183,0,0,0
1744061891.001238,600037,21131153,0,nscratch,nscratch-ffff964ae629a800,0,0,300243376,0,0,0,0,0,0,0,0,0,0,0,0,0,0,0,0,0,0,0,0,0,0,0,0,0,0,0,0,212,0,0,0
1744061891.001374,600037,21131153,0,pscratch,pscratch-ffff964b052c0000,0,0,280149880034,161624751851,0,0,165472,0,0,0,0,0,0,0,0,0,0,0,0,0,0,0,0,0,0,0,0,0,0,0,0,70183,0,0,0
1744061892.002044,600037,21131153,0,nscratch,nscratch-ffff964ae629a800,0,0,300243376,0,0,0,0,0,0,0,0,0,0,0,0,0,0,0,0,0,0,0,0,0,0,0,0,0,0,0,0,212,0,0,0
1744061892.002246,600037,21131153,0,pscratch,pscratch-ffff964b052c0000,0,0,280149880034,161624989238,0,0,165472,0,0,0,0,0,0,0,0,0,0,0,0,0,0,0,0,0,0,0,0,0,0,0,0,70183,0,0,0
1744061893.001751,600037,21131153,0,nscratch,nscratch-ffff964ae629a800,0,0,300243376,0,0,0,0,0,0,0,0,0,0,0,0,0,0,0,0,0,0,0,0,0,0,0,0,0,0,0,0,212,0,0,0
1744061893.001952,600037,21131153,0,pscratch,pscratch-ffff964b052c0000,0,0,280149880034,161624997443,0,0,165472,0,0,0,0,0,0,0,0,0,0,0,0,0,0,0,0,0,0,0,0,0,0,0,0,70183,0,0,0
1744061894.002203,600037,21131153,0,nscratch,nscratch-ffff964ae629a800,0,0,300243376,0,0,0,0,0,0,0,0,0,0,0,0,0,0,0,0,0,0,0,0,0,0,0,0,0,0,0,0,212,0,0,0
1744061894.002389,600037,21131153,0,pscratch,pscratch-ffff964b052c0000,0,0,280149880034,161625002889,0,0,165472,0,0,0,0,0,0,0,0,0,0,0,0,0,0,0,0,0,0,0,0,0,0,0,0,70183,0,0,0
1744061895.002135,600037,21131153,0,nscratch,nscratch-ffff964ae629a800,0,0,300243376,0,0,0,0,0,0,0,0,0,0,0,0,0,0,0,0,0,0,0,0,0,0,0,0,0,0,0,0,212,0,0,0
1744061895.002315,600037,21131153,0,pscratch,pscratch-ffff964b052c0000,0,0,280149880034,161625007479,0,0,165472,0,0,0,0,0,0,0,0,0,0,0,0,0,0,0,0,0,0,0,0,0,0,0,0,70183,0,0,0
1744061896.001850,600037,21131153,0,nscratch,nscratch-ffff964ae629a800,0,0,300243376,0,0,0,0,0,0,0,0,0,0,0,0,0,0,0,0,0,0,0,0,0,0,0,0,0,0,0,0,212,0,0,0
1744061896.002047,600037,21131153,0,pscratch,pscratch-ffff964b052c0000,0,0,280149880034,161625008335,0,0,165472,0,0,0,0,0,0,0,0,0,0,0,0,0,0,0,0,0,0,0,0,0,0,0,0,70183,0,0,0
1744061897.001303,600037,21131153,0,nscratch,nscratch-ffff964ae629a800,0,0,300243376,0,0,0,0,0,0,0,0,0,0,0,0,0,0,0,0,0,0,0,0,0,0,0,0,0,0,0,0,212,0,0,0
1744061897.001495,600037,21131153,0,pscratch,pscratch-ffff964b052c0000,0,0,280149880034,161625013352,0,0,165472,0,0,0,0,0,0,0,0,0,0,0,0,0,0,0,0,0,0,0,0,0,0,0,0,70183,0,0,0
1744061898.002219,600037,21131153,0,nscratch,nscratch-ffff964ae629a800,0,0,300243376,0,0,0,0,0,0,0,0,0,0,0,0,0,0,0,0,0,0,0,0,0,0,0,0,0,0,0,0,212,0,0,0
1744061898.002398,600037,21131153,0,pscratch,pscratch-ffff964b052c0000,0,0,280149880034,161625013780,0,0,165472,0,0,0,0,0,0,0,0,0,0,0,0,0,0,0,0,0,0,0,0,0,0,0,0,70183,0,0,0
1744061899.001900,600037,21131153,0,nscratch,nscratch-ffff964ae629a800,0,0,300243376,0,0,0,0,0,0,0,0,0,0,0,0,0,0,0,0,0,0,0,0,0,0,0,0,0,0,0,0,212,0,0,0
1744061899.002095,600037,21131153,0,pscratch,pscratch-ffff964b052c0000,0,0,280192383802,161674898248,0,0,165472,0,0,0,0,0,0,0,0,0,0,0,0,0,0,0,0,0,0,0,0,0,0,0,0,70183,0,0,0
1744061900.001337,600037,21131153,0,nscratch,nscratch-ffff964ae629a800,0,0,300243376,0,0,0,0,0,0,0,0,0,0,0,0,0,0,0,0,0,0,0,0,0,0,0,0,0,0,0,0,212,0,0,0
1744061900.001517,600037,21131153,0,pscratch,pscratch-ffff964b052c0000,0,0,280192383802,161674899104,0,0,165472,0,0,0,0,0,0,0,0,0,0,0,0,0,0,0,0,0,0,0,0,0,0,0,0,70183,0,0,0
1744061901.002216,600037,21131153,0,nscratch,nscratch-ffff964ae629a800,0,0,300243376,0,0,0,0,0,0,0,0,0,0,0,0,0,0,0,0,0,0,0,0,0,0,0,0,0,0,0,0,212,0,0,0
1744061901.002406,600037,21131153,0,pscratch,pscratch-ffff964b052c0000,0,0,280192383802,161674903694,0,0,165472,0,0,0,0,0,0,0,0,0,0,0,0,0,0,0,0,0,0,0,0,0,0,0,0,70183,0,0,0
1744061902.001957,600037,21131153,0,nscratch,nscratch-ffff964ae629a800,0,0,300243376,0,0,0,0,0,0,0,0,0,0,0,0,0,0,0,0,0,0,0,0,0,0,0,0,0,0,0,0,212,0,0,0
1744061902.002130,600037,21131153,0,pscratch,pscratch-ffff964b052c0000,0,0,280192383802,161674913291,0,0,165472,0,0,0,0,0,0,0,0,0,0,0,0,0,0,0,0,0,0,0,0,0,0,0,0,70183,0,0,0
1744061903.001399,600037,21131153,0,nscratch,nscratch-ffff964ae629a800,0,0,300243376,0,0,0,0,0,0,0,0,0,0,0,0,0,0,0,0,0,0,0,0,0,0,0,0,0,0,0,0,212,0,0,0
1744061903.001590,600037,21131153,0,pscratch,pscratch-ffff964b052c0000,0,0,280192383802,161674918309,0,0,165472,0,0,0,0,0,0,0,0,0,0,0,0,0,0,0,0,0,0,0,0,0,0,0,0,70183,0,0,0
1744061904.002265,600037,21131153,0,nscratch,nscratch-ffff964ae629a800,0,0,300243376,0,0,0,0,0,0,0,0,0,0,0,0,0,0,0,0,0,0,0,0,0,0,0,0,0,0,0,0,212,0,0,0
1744061904.002434,600037,21131153,0,pscratch,pscratch-ffff964b052c0000,0,0,280192383802,161674918309,0,0,165472,0,0,0,0,0,0,0,0,0,0,0,0,0,0,0,0,0,0,0,0,0,0,0,0,70183,0,0,0
1744061905.001995,600037,21131153,0,nscratch,nscratch-ffff964ae629a800,0,0,300243376,0,0,0,0,0,0,0,0,0,0,0,0,0,0,0,0,0,0,0,0,0,0,0,0,0,0,0,0,212,0,0,0
1744061905.002188,600037,21131153,0,pscratch,pscratch-ffff964b052c0000,0,0,280192383802,161674923755,0,0,165472,0,0,0,0,0,0,0,0,0,0,0,0,0,0,0,0,0,0,0,0,0,0,0,0,70183,0,0,0
1744061906.001424,600037,21131153,0,nscratch,nscratch-ffff964ae629a800,0,0,300243376,0,0,0,0,0,0,0,0,0,0,0,0,0,0,0,0,0,0,0,0,0,0,0,0,0,0,0,0,212,0,0,0
1744061906.001615,600037,21131153,0,pscratch,pscratch-ffff964b052c0000,0,0,280192383802,161674923755,0,0,165472,0,0,0,0,0,0,0,0,0,0,0,0,0,0,0,0,0,0,0,0,0,0,0,0,70183,0,0,0
1744061907.002345,600037,21131153,0,nscratch,nscratch-ffff964ae629a800,0,0,300243376,0,0,0,0,0,0,0,0,0,0,0,0,0,0,0,0,0,0,0,0,0,0,0,0,0,0,0,0,212,0,0,0
1744061907.002531,600037,21131153,0,pscratch,pscratch-ffff964b052c0000,0,0,280192383802,161675160845,0,0,165472,0,0,0,0,0,0,0,0,0,0,0,0,0,0,0,0,0,0,0,0,0,0,0,0,70183,0,0,0
1744061908.002077,600037,21131153,0,nscratch,nscratch-ffff964ae629a800,0,0,300243376,0,0,0,0,0,0,0,0,0,0,0,0,0,0,0,0,0,0,0,0,0,0,0,0,0,0,0,0,212,0,0,0
1744061908.002262,600037,21131153,0,pscratch,pscratch-ffff964b052c0000,0,0,280192383802,161675161272,0,0,165472,0,0,0,0,0,0,0,0,0,0,0,0,0,0,0,0,0,0,0,0,0,0,0,0,70183,0,0,0
1744061909.001520,600037,21131153,0,nscratch,nscratch-ffff964ae629a800,0,0,300243376,0,0,0,0,0,0,0,0,0,0,0,0,0,0,0,0,0,0,0,0,0,0,0,0,0,0,0,0,212,0,0,0
1744061909.001720,600037,21131153,0,pscratch,pscratch-ffff964b052c0000,0,0,280192383802,161675174538,0,0,165472,0,0,0,0,0,0,0,0,0,0,0,0,0,0,0,0,0,0,0,0,0,0,0,0,70183,0,0,0
1744061910.002467,600037,21131153,0,nscratch,nscratch-ffff964ae629a800,0,0,300243376,0,0,0,0,0,0,0,0,0,0,0,0,0,0,0,0,0,0,0,0,0,0,0,0,0,0,0,0,212,0,0,0
1744061910.002652,600037,21131153,0,pscratch,pscratch-ffff964b052c0000,0,0,280192383802,161675179128,0,0,165472,0,0,0,0,0,0,0,0,0,0,0,0,0,0,0,0,0,0,0,0,0,0,0,0,70183,0,0,0
1744061911.002176,600037,21131153,0,nscratch,nscratch-ffff964ae629a800,0,0,300243376,0,0,0,0,0,0,0,0,0,0,0,0,0,0,0,0,0,0,0,0,0,0,0,0,0,0,0,0,212,0,0,0
1744061911.002363,600037,21131153,0,pscratch,pscratch-ffff964b052c0000,0,0,280192383802,161675179984,0,0,165472,0,0,0,0,0,0,0,0,0,0,0,0,0,0,0,0,0,0,0,0,0,0,0,0,70183,0,0,0
1744061912.000977,600037,21131153,0,nscratch,nscratch-ffff964ae629a800,0,0,300243376,0,0,0,0,0,0,0,0,0,0,0,0,0,0,0,0,0,0,0,0,0,0,0,0,0,0,0,0,212,0,0,0
1744061912.001158,600037,21131153,0,pscratch,pscratch-ffff964b052c0000,0,0,280192383802,161675184574,0,0,165472,0,0,0,0,0,0,0,0,0,0,0,0,0,0,0,0,0,0,0,0,0,0,0,0,70183,0,0,0
1744061913.001881,600037,21131153,0,nscratch,nscratch-ffff964ae629a800,0,0,300243376,0,0,0,0,0,0,0,0,0,0,0,0,0,0,0,0,0,0,0,0,0,0,0,0,0,0,0,0,212,0,0,0
1744061913.002073,600037,21131153,0,pscratch,pscratch-ffff964b052c0000,0,0,280192383802,161675185430,0,0,165472,0,0,0,0,0,0,0,0,0,0,0,0,0,0,0,0,0,0,0,0,0,0,0,0,70183,0,0,0
1744061914.001568,600037,21131153,0,nscratch,nscratch-ffff964ae629a800,0,0,300243376,0,0,0,0,0,0,0,0,0,0,0,0,0,0,0,0,0,0,0,0,0,0,0,0,0,0,0,0,212,0,0,0
1744061914.001749,600037,21131153,0,pscratch,pscratch-ffff964b052c0000,0,0,280192383802,161675421852,0,0,165472,0,0,0,0,0,0,0,0,0,0,0,0,0,0,0,0,0,0,0,0,0,0,0,0,70183,0,0,0
1744061915.002000,600037,21131153,0,nscratch,nscratch-ffff964ae629a800,0,0,300243376,0,0,0,0,0,0,0,0,0,0,0,0,0,0,0,0,0,0,0,0,0,0,0,0,0,0,0,0,212,0,0,0
1744061915.002194,600037,21131153,0,pscratch,pscratch-ffff964b052c0000,0,0,280192383802,161675422337,0,0,165472,0,0,0,0,0,0,0,0,0,0,0,0,0,0,0,0,0,0,0,0,0,0,0,0,70183,0,0,0
1744061916.001932,600037,21131153,0,nscratch,nscratch-ffff964ae629a800,0,0,300243376,0,0,0,0,0,0,0,0,0,0,0,0,0,0,0,0,0,0,0,0,0,0,0,0,0,0,0,0,212,0,0,0
1744061916.002118,600037,21131153,0,pscratch,pscratch-ffff964b052c0000,0,0,280192383802,161675426927,0,0,165472,0,0,0,0,0,0,0,0,0,0,0,0,0,0,0,0,0,0,0,0,0,0,0,0,70183,0,0,0
1744061917.001644,600037,21131153,0,nscratch,nscratch-ffff964ae629a800,0,0,300243376,0,0,0,0,0,0,0,0,0,0,0,0,0,0,0,0,0,0,0,0,0,0,0,0,0,0,0,0,212,0,0,0
1744061917.001829,600037,21131153,0,pscratch,pscratch-ffff964b052c0000,0,0,280192383802,161675427783,0,0,165472,0,0,0,0,0,0,0,0,0,0,0,0,0,0,0,0,0,0,0,0,0,0,0,0,70183,0,0,0
1744061918.002065,600037,21131153,0,nscratch,nscratch-ffff964ae629a800,0,0,300243376,0,0,0,0,0,0,0,0,0,0,0,0,0,0,0,0,0,0,0,0,0,0,0,0,0,0,0,0,212,0,0,0
1744061918.002235,600037,21131153,0,pscratch,pscratch-ffff964b052c0000,0,0,280234928626,161725131751,0,0,165472,0,0,0,0,0,0,0,0,0,0,0,0,0,0,0,0,0,0,0,0,0,0,0,0,70183,0,0,0
1744061919.001910,600037,21131153,0,nscratch,nscratch-ffff964ae629a800,0,0,300243376,0,0,0,0,0,0,0,0,0,0,0,0,0,0,0,0,0,0,0,0,0,0,0,0,0,0,0,0,212,0,0,0
1744061919.002109,600037,21131153,0,pscratch,pscratch-ffff964b052c0000,0,0,280234928626,161725132607,0,0,165472,0,0,0,0,0,0,0,0,0,0,0,0,0,0,0,0,0,0,0,0,0,0,0,0,70183,0,0,0
1744061920.001657,600037,21131153,0,nscratch,nscratch-ffff964ae629a800,0,0,300243376,0,0,0,0,0,0,0,0,0,0,0,0,0,0,0,0,0,0,0,0,0,0,0,0,0,0,0,0,212,0,0,0
1744061920.001844,600037,21131153,0,pscratch,pscratch-ffff964b052c0000,0,0,280234928626,161725138277,0,0,165472,0,0,0,0,0,0,0,0,0,0,0,0,0,0,0,0,0,0,0,0,0,0,0,0,70183,0,0,0
1744061921.002073,600037,21131153,0,nscratch,nscratch-ffff964ae629a800,0,0,300243376,0,0,0,0,0,0,0,0,0,0,0,0,0,0,0,0,0,0,0,0,0,0,0,0,0,0,0,0,212,0,0,0
1744061921.002254,600037,21131153,0,pscratch,pscratch-ffff964b052c0000,0,0,280234928626,161725139133,0,0,165472,0,0,0,0,0,0,0,0,0,0,0,0,0,0,0,0,0,0,0,0,0,0,0,0,70183,0,0,0
1744061922.001940,600037,21131153,0,nscratch,nscratch-ffff964ae629a800,0,0,300243376,0,0,0,0,0,0,0,0,0,0,0,0,0,0,0,0,0,0,0,0,0,0,0,0,0,0,0,0,212,0,0,0
1744061922.002131,600037,21131153,0,pscratch,pscratch-ffff964b052c0000,0,0,280234928626,161725360432,0,0,165472,0,0,0,0,0,0,0,0,0,0,0,0,0,0,0,0,0,0,0,0,0,0,0,0,70183,0,0,0
1744061923.001687,600037,21131153,0,nscratch,nscratch-ffff964ae629a800,0,0,300243376,0,0,0,0,0,0,0,0,0,0,0,0,0,0,0,0,0,0,0,0,0,0,0,0,0,0,0,0,212,0,0,0
1744061923.001872,600037,21131153,0,pscratch,pscratch-ffff964b052c0000,0,0,280234928626,161725375298,0,0,165472,0,0,0,0,0,0,0,0,0,0,0,0,0,0,0,0,0,0,0,0,0,0,0,0,70183,0,0,0
1744061924.002102,600037,21131153,0,nscratch,nscratch-ffff964ae629a800,0,0,300243376,0,0,0,0,0,0,0,0,0,0,0,0,0,0,0,0,0,0,0,0,0,0,0,0,0,0,0,0,212,0,0,0
1744061924.002279,600037,21131153,0,pscratch,pscratch-ffff964b052c0000,0,0,280234928626,161725379888,0,0,165472,0,0,0,0,0,0,0,0,0,0,0,0,0,0,0,0,0,0,0,0,0,0,0,0,70183,0,0,0
1744061925.002002,600037,21131153,0,nscratch,nscratch-ffff964ae629a800,0,0,300243376,0,0,0,0,0,0,0,0,0,0,0,0,0,0,0,0,0,0,0,0,0,0,0,0,0,0,0,0,212,0,0,0
1744061925.002189,600037,21131153,0,pscratch,pscratch-ffff964b052c0000,0,0,280234928626,161725380744,0,0,165472,0,0,0,0,0,0,0,0,0,0,0,0,0,0,0,0,0,0,0,0,0,0,0,0,70183,0,0,0
1744061926.001706,600037,21131153,0,nscratch,nscratch-ffff964ae629a800,0,0,300243376,0,0,0,0,0,0,0,0,0,0,0,0,0,0,0,0,0,0,0,0,0,0,0,0,0,0,0,0,212,0,0,0
1744061926.001894,600037,21131153,0,pscratch,pscratch-ffff964b052c0000,0,0,280234928626,161725385334,0,0,165472,0,0,0,0,0,0,0,0,0,0,0,0,0,0,0,0,0,0,0,0,0,0,0,0,70183,0,0,0
1744061927.002137,600037,21131153,0,nscratch,nscratch-ffff964ae629a800,0,0,300243376,0,0,0,0,0,0,0,0,0,0,0,0,0,0,0,0,0,0,0,0,0,0,0,0,0,0,0,0,212,0,0,0
1744061927.002325,600037,21131153,0,pscratch,pscratch-ffff964b052c0000,0,0,280234928626,161725394382,0,0,165472,0,0,0,0,0,0,0,0,0,0,0,0,0,0,0,0,0,0,0,0,0,0,0,0,70183,0,0,0
1744061928.002068,600037,21131153,0,nscratch,nscratch-ffff964ae629a800,0,0,300243376,0,0,0,0,0,0,0,0,0,0,0,0,0,0,0,0,0,0,0,0,0,0,0,0,0,0,0,0,212,0,0,0
1744061928.002264,600037,21131153,0,pscratch,pscratch-ffff964b052c0000,0,0,280234928626,161725400479,0,0,165472,0,0,0,0,0,0,0,0,0,0,0,0,0,0,0,0,0,0,0,0,0,0,0,0,70183,0,0,0
1744061929.001755,600037,21131153,0,nscratch,nscratch-ffff964ae629a800,0,0,300243376,0,0,0,0,0,0,0,0,0,0,0,0,0,0,0,0,0,0,0,0,0,0,0,0,0,0,0,0,212,0,0,0
1744061929.001945,600037,21131153,0,pscratch,pscratch-ffff964b052c0000,0,0,280234928626,161725400907,0,0,165472,0,0,0,0,0,0,0,0,0,0,0,0,0,0,0,0,0,0,0,0,0,0,0,0,70183,0,0,0
1744061930.002157,600037,21131153,0,nscratch,nscratch-ffff964ae629a800,0,0,300243376,0,0,0,0,0,0,0,0,0,0,0,0,0,0,0,0,0,0,0,0,0,0,0,0,0,0,0,0,212,0,0,0
1744061930.002276,600037,21131153,0,pscratch,pscratch-ffff964b052c0000,0,0,280234928626,161725405928,0,0,165472,0,0,0,0,0,0,0,0,0,0,0,0,0,0,0,0,0,0,0,0,0,0,0,0,70183,0,0,0
1744061931.001739,600037,21131153,0,nscratch,nscratch-ffff964ae629a800,0,0,300243376,0,0,0,0,0,0,0,0,0,0,0,0,0,0,0,0,0,0,0,0,0,0,0,0,0,0,0,0,212,0,0,0
1744061931.001884,600037,21131153,0,pscratch,pscratch-ffff964b052c0000,0,0,280234928626,161725407267,0,0,165472,0,0,0,0,0,0,0,0,0,0,0,0,0,0,0,0,0,0,0,0,0,0,0,0,70183,0,0,0
1744061932.002399,600037,21131153,0,nscratch,nscratch-ffff964ae629a800,0,0,300243376,0,0,0,0,0,0,0,0,0,0,0,0,0,0,0,0,0,0,0,0,0,0,0,0,0,0,0,0,212,0,0,0
1744061932.002582,600037,21131153,0,pscratch,pscratch-ffff964b052c0000,0,0,280234928626,161725598299,0,0,165472,0,0,0,0,0,0,0,0,0,0,0,0,0,0,0,0,0,0,0,0,0,0,0,0,70183,0,0,0
1744061933.001812,600037,21131153,0,nscratch,nscratch-ffff964ae629a800,0,0,300243376,0,0,0,0,0,0,0,0,0,0,0,0,0,0,0,0,0,0,0,0,0,0,0,0,0,0,0,0,212,0,0,0
1744061933.002013,600037,21131153,0,pscratch,pscratch-ffff964b052c0000,0,0,280234928626,161725636948,0,0,165472,0,0,0,0,0,0,0,0,0,0,0,0,0,0,0,0,0,0,0,0,0,0,0,0,70183,0,0,0
1744061934.001726,600037,21131153,0,nscratch,nscratch-ffff964ae629a800,0,0,300243376,0,0,0,0,0,0,0,0,0,0,0,0,0,0,0,0,0,0,0,0,0,0,0,0,0,0,0,0,212,0,0,0
1744061934.001917,600037,21131153,0,pscratch,pscratch-ffff964b052c0000,0,0,280234928626,161725641538,0,0,165472,0,0,0,0,0,0,0,0,0,0,0,0,0,0,0,0,0,0,0,0,0,0,0,0,70183,0,0,0
1744061935.002455,600037,21131153,0,nscratch,nscratch-ffff964ae629a800,0,0,300243376,0,0,0,0,0,0,0,0,0,0,0,0,0,0,0,0,0,0,0,0,0,0,0,0,0,0,0,0,212,0,0,0
1744061935.002647,600037,21131153,0,pscratch,pscratch-ffff964b052c0000,0,0,280234928626,161725642394,0,0,165472,0,0,0,0,0,0,0,0,0,0,0,0,0,0,0,0,0,0,0,0,0,0,0,0,70183,0,0,0
1744061936.001870,600037,21131153,0,nscratch,nscratch-ffff964ae629a800,0,0,300243376,0,0,0,0,0,0,0,0,0,0,0,0,0,0,0,0,0,0,0,0,0,0,0,0,0,0,0,0,212,0,0,0
1744061936.002066,600037,21131153,0,pscratch,pscratch-ffff964b052c0000,0,0,280234928626,161725647415,0,0,165472,0,0,0,0,0,0,0,0,0,0,0,0,0,0,0,0,0,0,0,0,0,0,0,0,70183,0,0,0
1744061937.001802,600037,21131153,0,nscratch,nscratch-ffff964ae629a800,0,0,300243376,0,0,0,0,0,0,0,0,0,0,0,0,0,0,0,0,0,0,0,0,0,0,0,0,0,0,0,0,212,0,0,0
1744061937.001997,600037,21131153,0,pscratch,pscratch-ffff964b052c0000,0,0,280234928626,161725647843,0,0,165472,0,0,0,0,0,0,0,0,0,0,0,0,0,0,0,0,0,0,0,0,0,0,0,0,70183,0,0,0
1744061938.001528,600037,21131153,0,nscratch,nscratch-ffff964ae629a800,0,0,300243376,0,0,0,0,0,0,0,0,0,0,0,0,0,0,0,0,0,0,0,0,0,0,0,0,0,0,0,0,212,0,0,0
1744061938.001708,600037,21131153,0,pscratch,pscratch-ffff964b052c0000,0,0,280234928626,161725661708,0,0,165472,0,0,0,0,0,0,0,0,0,0,0,0,0,0,0,0,0,0,0,0,0,0,0,0,70183,0,0,0
1744061939.001958,600037,21131153,0,nscratch,nscratch-ffff964ae629a800,0,0,300243376,0,0,0,0,0,0,0,0,0,0,0,0,0,0,0,0,0,0,0,0,0,0,0,0,0,0,0,0,212,0,0,0
1744061939.002149,600037,21131153,0,pscratch,pscratch-ffff964b052c0000,0,0,280234928626,161725662564,0,0,165472,0,0,0,0,0,0,0,0,0,0,0,0,0,0,0,0,0,0,0,0,0,0,0,0,70183,0,0,0
1744061940.001827,600037,21131153,0,nscratch,nscratch-ffff964ae629a800,0,0,300243376,0,0,0,0,0,0,0,0,0,0,0,0,0,0,0,0,0,0,0,0,0,0,0,0,0,0,0,0,212,0,0,0
1744061940.002013,600037,21131153,0,pscratch,pscratch-ffff964b052c0000,0,0,280275004334,161772152020,0,0,165472,0,0,0,0,0,0,0,0,0,0,0,0,0,0,0,0,0,0,0,0,0,0,0,0,70183,0,0,0
1744061941.001387,600037,21131153,0,nscratch,nscratch-ffff964ae629a800,0,0,300243376,0,0,0,0,0,0,0,0,0,0,0,0,0,0,0,0,0,0,0,0,0,0,0,0,0,0,0,0,212,0,0,0
1744061941.001514,600037,21131153,0,pscratch,pscratch-ffff964b052c0000,0,0,280277498122,161775448358,0,0,165472,0,0,0,0,0,0,0,0,0,0,0,0,0,0,0,0,0,0,0,0,0,0,0,0,70183,0,0,0
1744061942.000974,600037,21131153,0,nscratch,nscratch-ffff964ae629a800,0,0,300243376,0,0,0,0,0,0,0,0,0,0,0,0,0,0,0,0,0,0,0,0,0,0,0,0,0,0,0,0,212,0,0,0
1744061942.001067,600037,21131153,0,pscratch,pscratch-ffff964b052c0000,0,0,280277498122,161775448358,0,0,165472,0,0,0,0,0,0,0,0,0,0,0,0,0,0,0,0,0,0,0,0,0,0,0,0,70183,0,0,0
1744061943.001431,600037,21131153,0,nscratch,nscratch-ffff964ae629a800,0,0,300243376,0,0,0,0,0,0,0,0,0,0,0,0,0,0,0,0,0,0,0,0,0,0,0,0,0,0,0,0,212,0,0,0
1744061943.001511,600037,21131153,0,pscratch,pscratch-ffff964b052c0000,0,0,280277498122,161775448358,0,0,165472,0,0,0,0,0,0,0,0,0,0,0,0,0,0,0,0,0,0,0,0,0,0,0,0,70183,0,0,0
1744061944.001844,600037,21131153,0,nscratch,nscratch-ffff964ae629a800,0,0,300243376,0,0,0,0,0,0,0,0,0,0,0,0,0,0,0,0,0,0,0,0,0,0,0,0,0,0,0,0,212,0,0,0
1744061944.001972,600037,21131153,0,pscratch,pscratch-ffff964b052c0000,0,0,280277498122,161775451509,0,0,165472,0,0,0,0,0,0,0,0,0,0,0,0,0,0,0,0,0,0,0,0,0,0,0,0,70183,0,0,0
1744061945.002087,600037,21131153,0,nscratch,nscratch-ffff964ae629a800,0,0,300243376,0,0,0,0,0,0,0,0,0,0,0,0,0,0,0,0,0,0,0,0,0,0,0,0,0,0,0,0,212,0,0,0
1744061945.002209,600037,21131153,0,pscratch,pscratch-ffff964b052c0000,0,0,280277498122,161775451509,0,0,165472,0,0,0,0,0,0,0,0,0,0,0,0,0,0,0,0,0,0,0,0,0,0,0,0,70183,0,0,0
1744061946.001679,600037,21131153,0,nscratch,nscratch-ffff964ae629a800,0,0,300243376,0,0,0,0,0,0,0,0,0,0,0,0,0,0,0,0,0,0,0,0,0,0,0,0,0,0,0,0,212,0,0,0
1744061946.001799,600037,21131153,0,pscratch,pscratch-ffff964b052c0000,0,0,280277498122,161775451509,0,0,165472,0,0,0,0,0,0,0,0,0,0,0,0,0,0,0,0,0,0,0,0,0,0,0,0,70183,0,0,0
1744061947.002135,600037,21131153,0,nscratch,nscratch-ffff964ae629a800,0,0,300243376,0,0,0,0,0,0,0,0,0,0,0,0,0,0,0,0,0,0,0,0,0,0,0,0,0,0,0,0,212,0,0,0
1744061947.002256,600037,21131153,0,pscratch,pscratch-ffff964b052c0000,0,0,280277498122,161775451509,0,0,165472,0,0,0,0,0,0,0,0,0,0,0,0,0,0,0,0,0,0,0,0,0,0,0,0,70183,0,0,0
1744061948.001367,600037,21131153,0,nscratch,nscratch-ffff964ae629a800,0,0,300243376,0,0,0,0,0,0,0,0,0,0,0,0,0,0,0,0,0,0,0,0,0,0,0,0,0,0,0,0,212,0,0,0
1744061948.001486,600037,21131153,0,pscratch,pscratch-ffff964b052c0000,0,0,280277498122,161775451509,0,0,165472,0,0,0,0,0,0,0,0,0,0,0,0,0,0,0,0,0,0,0,0,0,0,0,0,70183,0,0,0
1744061949.001966,600037,21131153,0,nscratch,nscratch-ffff964ae629a800,0,0,300243376,0,0,0,0,0,0,0,0,0,0,0,0,0,0,0,0,0,0,0,0,0,0,0,0,0,0,0,0,212,0,0,0
1744061949.002087,600037,21131153,0,pscratch,pscratch-ffff964b052c0000,0,0,280277498122,161775451509,0,0,165472,0,0,0,0,0,0,0,0,0,0,0,0,0,0,0,0,0,0,0,0,0,0,0,0,70183,0,0,0
1744061950.001400,600037,21131153,0,nscratch,nscratch-ffff964ae629a800,0,0,300243376,0,0,0,0,0,0,0,0,0,0,0,0,0,0,0,0,0,0,0,0,0,0,0,0,0,0,0,0,212,0,0,0
1744061950.001519,600037,21131153,0,pscratch,pscratch-ffff964b052c0000,0,0,280277498122,161775451509,0,0,165472,0,0,0,0,0,0,0,0,0,0,0,0,0,0,0,0,0,0,0,0,0,0,0,0,70183,0,0,0
1744061951.001634,600037,21131153,0,nscratch,nscratch-ffff964ae629a800,0,0,300243376,0,0,0,0,0,0,0,0,0,0,0,0,0,0,0,0,0,0,0,0,0,0,0,0,0,0,0,0,212,0,0,0
1744061951.001753,600037,21131153,0,pscratch,pscratch-ffff964b052c0000,0,0,280277498122,161775451509,0,0,165472,0,0,0,0,0,0,0,0,0,0,0,0,0,0,0,0,0,0,0,0,0,0,0,0,70183,0,0,0
1744061952.002223,600037,21131153,0,nscratch,nscratch-ffff964ae629a800,0,0,300243376,0,0,0,0,0,0,0,0,0,0,0,0,0,0,0,0,0,0,0,0,0,0,0,0,0,0,0,0,212,0,0,0
1744061952.002344,600037,21131153,0,pscratch,pscratch-ffff964b052c0000,0,0,280277498122,161775451509,0,0,165472,0,0,0,0,0,0,0,0,0,0,0,0,0,0,0,0,0,0,0,0,0,0,0,0,70183,0,0,0
1744061953.001655,600037,21131153,0,nscratch,nscratch-ffff964ae629a800,0,0,300243376,0,0,0,0,0,0,0,0,0,0,0,0,0,0,0,0,0,0,0,0,0,0,0,0,0,0,0,0,212,0,0,0
1744061953.001775,600037,21131153,0,pscratch,pscratch-ffff964b052c0000,0,0,280277498122,161775451509,0,0,165472,0,0,0,0,0,0,0,0,0,0,0,0,0,0,0,0,0,0,0,0,0,0,0,0,70183,0,0,0
1744061954.001891,600037,21131153,0,nscratch,nscratch-ffff964ae629a800,0,0,300243376,0,0,0,0,0,0,0,0,0,0,0,0,0,0,0,0,0,0,0,0,0,0,0,0,0,0,0,0,212,0,0,0
1744061954.002017,600037,21131153,0,pscratch,pscratch-ffff964b052c0000,0,0,280277498122,161775451509,0,0,165472,0,0,0,0,0,0,0,0,0,0,0,0,0,0,0,0,0,0,0,0,0,0,0,0,70183,0,0,0
1744061955.001484,600037,21131153,0,nscratch,nscratch-ffff964ae629a800,0,0,300243376,0,0,0,0,0,0,0,0,0,0,0,0,0,0,0,0,0,0,0,0,0,0,0,0,0,0,0,0,212,0,0,0
1744061955.001610,600037,21131153,0,pscratch,pscratch-ffff964b052c0000,0,0,280277498122,161775451509,0,0,165472,0,0,0,0,0,0,0,0,0,0,0,0,0,0,0,0,0,0,0,0,0,0,0,0,70183,0,0,0
1744061956.001932,600037,21131153,0,nscratch,nscratch-ffff964ae629a800,0,0,300243376,0,0,0,0,0,0,0,0,0,0,0,0,0,0,0,0,0,0,0,0,0,0,0,0,0,0,0,0,212,0,0,0
1744061956.002052,600037,21131153,0,pscratch,pscratch-ffff964b052c0000,0,0,280277498122,161775451509,0,0,165472,0,0,0,0,0,0,0,0,0,0,0,0,0,0,0,0,0,0,0,0,0,0,0,0,70183,0,0,0
1744061957.001160,600037,21131153,0,nscratch,nscratch-ffff964ae629a800,0,0,300243376,0,0,0,0,0,0,0,0,0,0,0,0,0,0,0,0,0,0,0,0,0,0,0,0,0,0,0,0,212,0,0,0
1744061957.001278,600037,21131153,0,pscratch,pscratch-ffff964b052c0000,0,0,280277498122,161775451509,0,0,165472,0,0,0,0,0,0,0,0,0,0,0,0,0,0,0,0,0,0,0,0,0,0,0,0,70183,0,0,0
1744061958.001749,600037,21131153,0,nscratch,nscratch-ffff964ae629a800,0,0,300243376,0,0,0,0,0,0,0,0,0,0,0,0,0,0,0,0,0,0,0,0,0,0,0,0,0,0,0,0,212,0,0,0
1744061958.001868,600037,21131153,0,pscratch,pscratch-ffff964b052c0000,0,0,280277498122,161775451509,0,0,165472,0,0,0,0,0,0,0,0,0,0,0,0,0,0,0,0,0,0,0,0,0,0,0,0,70183,0,0,0
1744061959.002186,600037,21131153,0,nscratch,nscratch-ffff964ae629a800,0,0,300243376,0,0,0,0,0,0,0,0,0,0,0,0,0,0,0,0,0,0,0,0,0,0,0,0,0,0,0,0,212,0,0,0
1744061959.002305,600037,21131153,0,pscratch,pscratch-ffff964b052c0000,0,0,280277498122,161775451509,0,0,165472,0,0,0,0,0,0,0,0,0,0,0,0,0,0,0,0,0,0,0,0,0,0,0,0,70183,0,0,0
1744061960.001411,600037,21131153,0,nscratch,nscratch-ffff964ae629a800,0,0,300243376,0,0,0,0,0,0,0,0,0,0,0,0,0,0,0,0,0,0,0,0,0,0,0,0,0,0,0,0,212,0,0,0
1744061960.001530,600037,21131153,0,pscratch,pscratch-ffff964b052c0000,0,0,280277498122,161775451509,0,0,165472,0,0,0,0,0,0,0,0,0,0,0,0,0,0,0,0,0,0,0,0,0,0,0,0,70183,0,0,0
1744061961.002006,600037,21131153,0,nscratch,nscratch-ffff964ae629a800,0,0,300243376,0,0,0,0,0,0,0,0,0,0,0,0,0,0,0,0,0,0,0,0,0,0,0,0,0,0,0,0,212,0,0,0
1744061961.002129,600037,21131153,0,pscratch,pscratch-ffff964b052c0000,0,0,280277498122,161775451509,0,0,165472,0,0,0,0,0,0,0,0,0,0,0,0,0,0,0,0,0,0,0,0,0,0,0,0,70183,0,0,0
1744061962.001441,600037,21131153,0,nscratch,nscratch-ffff964ae629a800,0,0,300243376,0,0,0,0,0,0,0,0,0,0,0,0,0,0,0,0,0,0,0,0,0,0,0,0,0,0,0,0,212,0,0,0
1744061962.001563,600037,21131153,0,pscratch,pscratch-ffff964b052c0000,0,0,280277498122,161775451509,0,0,165472,0,0,0,0,0,0,0,0,0,0,0,0,0,0,0,0,0,0,0,0,0,0,0,0,70183,0,0,0
1744061963.001673,600037,21131153,0,nscratch,nscratch-ffff964ae629a800,0,0,300243376,0,0,0,0,0,0,0,0,0,0,0,0,0,0,0,0,0,0,0,0,0,0,0,0,0,0,0,0,212,0,0,0
1744061963.001796,600037,21131153,0,pscratch,pscratch-ffff964b052c0000,0,0,280277498122,161775451509,0,0,165472,0,0,0,0,0,0,0,0,0,0,0,0,0,0,0,0,0,0,0,0,0,0,0,0,70183,0,0,0
1744061964.002270,600037,21131153,0,nscratch,nscratch-ffff964ae629a800,0,0,300243376,0,0,0,0,0,0,0,0,0,0,0,0,0,0,0,0,0,0,0,0,0,0,0,0,0,0,0,0,212,0,0,0
1744061964.002390,600037,21131153,0,pscratch,pscratch-ffff964b052c0000,0,0,280277498122,161775451509,0,0,165472,0,0,0,0,0,0,0,0,0,0,0,0,0,0,0,0,0,0,0,0,0,0,0,0,70183,0,0,0
1744061965.001703,600037,21131153,0,nscratch,nscratch-ffff964ae629a800,0,0,300243376,0,0,0,0,0,0,0,0,0,0,0,0,0,0,0,0,0,0,0,0,0,0,0,0,0,0,0,0,212,0,0,0
1744061965.001826,600037,21131153,0,pscratch,pscratch-ffff964b052c0000,0,0,280277498122,161775451509,0,0,165472,0,0,0,0,0,0,0,0,0,0,0,0,0,0,0,0,0,0,0,0,0,0,0,0,70183,0,0,0
1744061966.001945,600037,21131153,0,nscratch,nscratch-ffff964ae629a800,0,0,300243376,0,0,0,0,0,0,0,0,0,0,0,0,0,0,0,0,0,0,0,0,0,0,0,0,0,0,0,0,212,0,0,0
1744061966.002065,600037,21131153,0,pscratch,pscratch-ffff964b052c0000,0,0,280277498122,161775451509,0,0,165472,0,0,0,0,0,0,0,0,0,0,0,0,0,0,0,0,0,0,0,0,0,0,0,0,70183,0,0,0
1744061967.001515,600037,21131153,0,nscratch,nscratch-ffff964ae629a800,0,0,300243376,0,0,0,0,0,0,0,0,0,0,0,0,0,0,0,0,0,0,0,0,0,0,0,0,0,0,0,0,212,0,0,0
1744061967.001634,600037,21131153,0,pscratch,pscratch-ffff964b052c0000,0,0,280277498122,161775451509,0,0,165472,0,0,0,0,0,0,0,0,0,0,0,0,0,0,0,0,0,0,0,0,0,0,0,0,70183,0,0,0
1744061968.001960,600037,21131153,0,nscratch,nscratch-ffff964ae629a800,0,0,300243376,0,0,0,0,0,0,0,0,0,0,0,0,0,0,0,0,0,0,0,0,0,0,0,0,0,0,0,0,212,0,0,0
1744061968.002080,600037,21131153,0,pscratch,pscratch-ffff964b052c0000,0,0,280277498122,161775451509,0,0,165472,0,0,0,0,0,0,0,0,0,0,0,0,0,0,0,0,0,0,0,0,0,0,0,0,70183,0,0,0
1744061969.001186,600037,21131153,0,nscratch,nscratch-ffff964ae629a800,0,0,300243376,0,0,0,0,0,0,0,0,0,0,0,0,0,0,0,0,0,0,0,0,0,0,0,0,0,0,0,0,212,0,0,0
1744061969.001305,600037,21131153,0,pscratch,pscratch-ffff964b052c0000,0,0,280277498122,161775451509,0,0,165472,0,0,0,0,0,0,0,0,0,0,0,0,0,0,0,0,0,0,0,0,0,0,0,0,70183,0,0,0
1744061970.001353,600037,21131153,0,nscratch,nscratch-ffff964ae629a800,0,0,300243376,0,0,0,0,0,0,0,0,0,0,0,0,0,0,0,0,0,0,0,0,0,0,0,0,0,0,0,0,212,0,0,0
1744061970.001483,600037,21131153,0,pscratch,pscratch-ffff964b052c0000,0,0,280277498122,161775451509,0,0,165472,0,0,0,0,0,0,0,0,0,0,0,0,0,0,0,0,0,0,0,0,0,0,0,0,70183,0,0,0
1744061971.001933,600037,21131153,0,nscratch,nscratch-ffff964ae629a800,0,0,300243376,0,0,0,0,0,0,0,0,0,0,0,0,0,0,0,0,0,0,0,0,0,0,0,0,0,0,0,0,212,0,0,0
1744061971.002090,600037,21131153,0,pscratch,pscratch-ffff964b052c0000,0,0,280277498122,161775451509,0,0,165472,0,0,0,0,0,0,0,0,0,0,0,0,0,0,0,0,0,0,0,0,0,0,0,0,70183,0,0,0
1744061972.001207,600037,21131153,0,nscratch,nscratch-ffff964ae629a800,0,0,300243376,0,0,0,0,0,0,0,0,0,0,0,0,0,0,0,0,0,0,0,0,0,0,0,0,0,0,0,0,212,0,0,0
1744061972.001330,600037,21131153,0,pscratch,pscratch-ffff964b052c0000,0,0,280277498122,161775451509,0,0,165472,0,0,0,0,0,0,0,0,0,0,0,0,0,0,0,0,0,0,0,0,0,0,0,0,70183,0,0,0
1744061973.001806,600037,21131153,0,nscratch,nscratch-ffff964ae629a800,0,0,300243376,0,0,0,0,0,0,0,0,0,0,0,0,0,0,0,0,0,0,0,0,0,0,0,0,0,0,0,0,212,0,0,0
1744061973.001935,600037,21131153,0,pscratch,pscratch-ffff964b052c0000,0,0,280277498122,161775451509,0,0,165472,0,0,0,0,0,0,0,0,0,0,0,0,0,0,0,0,0,0,0,0,0,0,0,0,70183,0,0,0
1744061974.002254,600037,21131153,0,nscratch,nscratch-ffff964ae629a800,0,0,300243376,0,0,0,0,0,0,0,0,0,0,0,0,0,0,0,0,0,0,0,0,0,0,0,0,0,0,0,0,212,0,0,0
1744061974.002378,600037,21131153,0,pscratch,pscratch-ffff964b052c0000,0,0,280277498122,161775451509,0,0,165472,0,0,0,0,0,0,0,0,0,0,0,0,0,0,0,0,0,0,0,0,0,0,0,0,70183,0,0,0
1744061975.001484,600037,21131153,0,nscratch,nscratch-ffff964ae629a800,0,0,300243376,0,0,0,0,0,0,0,0,0,0,0,0,0,0,0,0,0,0,0,0,0,0,0,0,0,0,0,0,212,0,0,0
1744061975.001604,600037,21131153,0,pscratch,pscratch-ffff964b052c0000,0,0,280277498122,161775451509,0,0,165472,0,0,0,0,0,0,0,0,0,0,0,0,0,0,0,0,0,0,0,0,0,0,0,0,70183,0,0,0
1744061976.002088,600037,21131153,0,nscratch,nscratch-ffff964ae629a800,0,0,300243376,0,0,0,0,0,0,0,0,0,0,0,0,0,0,0,0,0,0,0,0,0,0,0,0,0,0,0,0,212,0,0,0
1744061976.002209,600037,21131153,0,pscratch,pscratch-ffff964b052c0000,0,0,280277498122,161775451509,0,0,165472,0,0,0,0,0,0,0,0,0,0,0,0,0,0,0,0,0,0,0,0,0,0,0,0,70183,0,0,0
1744061977.001523,600037,21131153,0,nscratch,nscratch-ffff964ae629a800,0,0,300243376,0,0,0,0,0,0,0,0,0,0,0,0,0,0,0,0,0,0,0,0,0,0,0,0,0,0,0,0,212,0,0,0
1744061977.001660,600037,21131153,0,pscratch,pscratch-ffff964b052c0000,0,0,280277498122,161775451509,0,0,165472,0,0,0,0,0,0,0,0,0,0,0,0,0,0,0,0,0,0,0,0,0,0,0,0,70183,0,0,0
1744061978.001775,600037,21131153,0,nscratch,nscratch-ffff964ae629a800,0,0,300243376,0,0,0,0,0,0,0,0,0,0,0,0,0,0,0,0,0,0,0,0,0,0,0,0,0,0,0,0,212,0,0,0
1744061978.001898,600037,21131153,0,pscratch,pscratch-ffff964b052c0000,0,0,280277498122,161775451509,0,0,165472,0,0,0,0,0,0,0,0,0,0,0,0,0,0,0,0,0,0,0,0,0,0,0,0,70183,0,0,0
1744061979.001370,600037,21131153,0,nscratch,nscratch-ffff964ae629a800,0,0,300243376,0,0,0,0,0,0,0,0,0,0,0,0,0,0,0,0,0,0,0,0,0,0,0,0,0,0,0,0,212,0,0,0
1744061979.001491,600037,21131153,0,pscratch,pscratch-ffff964b052c0000,0,0,280277498122,161775451509,0,0,165472,0,0,0,0,0,0,0,0,0,0,0,0,0,0,0,0,0,0,0,0,0,0,0,0,70183,0,0,0
1744061980.001799,600037,21131153,0,nscratch,nscratch-ffff964ae629a800,0,0,300243376,0,0,0,0,0,0,0,0,0,0,0,0,0,0,0,0,0,0,0,0,0,0,0,0,0,0,0,0,212,0,0,0
1744061980.001924,600037,21131153,0,pscratch,pscratch-ffff964b052c0000,0,0,280277498122,161775451509,0,0,165472,0,0,0,0,0,0,0,0,0,0,0,0,0,0,0,0,0,0,0,0,0,0,0,0,70183,0,0,0
1744061981.002033,600037,21131153,0,nscratch,nscratch-ffff964ae629a800,0,0,300243376,0,0,0,0,0,0,0,0,0,0,0,0,0,0,0,0,0,0,0,0,0,0,0,0,0,0,0,0,212,0,0,0
1744061981.002155,600037,21131153,0,pscratch,pscratch-ffff964b052c0000,0,0,280277498122,161775451509,0,0,165472,0,0,0,0,0,0,0,0,0,0,0,0,0,0,0,0,0,0,0,0,0,0,0,0,70183,0,0,0
1744061982.001625,600037,21131153,0,nscratch,nscratch-ffff964ae629a800,0,0,300243376,0,0,0,0,0,0,0,0,0,0,0,0,0,0,0,0,0,0,0,0,0,0,0,0,0,0,0,0,212,0,0,0
1744061982.001750,600037,21131153,0,pscratch,pscratch-ffff964b052c0000,0,0,280277498122,161775451509,0,0,165472,0,0,0,0,0,0,0,0,0,0,0,0,0,0,0,0,0,0,0,0,0,0,0,0,70183,0,0,0
1744061983.002074,600037,21131153,0,nscratch,nscratch-ffff964ae629a800,0,0,300243376,0,0,0,0,0,0,0,0,0,0,0,0,0,0,0,0,0,0,0,0,0,0,0,0,0,0,0,0,212,0,0,0
1744061983.002194,600037,21131153,0,pscratch,pscratch-ffff964b052c0000,0,0,280277498122,161775451509,0,0,165472,0,0,0,0,0,0,0,0,0,0,0,0,0,0,0,0,0,0,0,0,0,0,0,0,70183,0,0,0
1744061984.001298,600037,21131153,0,nscratch,nscratch-ffff964ae629a800,0,0,300243376,0,0,0,0,0,0,0,0,0,0,0,0,0,0,0,0,0,0,0,0,0,0,0,0,0,0,0,0,212,0,0,0
1744061984.001417,600037,21131153,0,pscratch,pscratch-ffff964b052c0000,0,0,280277498122,161775451509,0,0,165472,0,0,0,0,0,0,0,0,0,0,0,0,0,0,0,0,0,0,0,0,0,0,0,0,70183,0,0,0
1744061985.001888,600037,21131153,0,nscratch,nscratch-ffff964ae629a800,0,0,300243376,0,0,0,0,0,0,0,0,0,0,0,0,0,0,0,0,0,0,0,0,0,0,0,0,0,0,0,0,212,0,0,0
1744061985.002014,600037,21131153,0,pscratch,pscratch-ffff964b052c0000,0,0,280277498122,161775451509,0,0,165472,0,0,0,0,0,0,0,0,0,0,0,0,0,0,0,0,0,0,0,0,0,0,0,0,70183,0,0,0
1744061986.001327,600037,21131153,0,nscratch,nscratch-ffff964ae629a800,0,0,300243376,0,0,0,0,0,0,0,0,0,0,0,0,0,0,0,0,0,0,0,0,0,0,0,0,0,0,0,0,212,0,0,0
1744061986.001446,600037,21131153,0,pscratch,pscratch-ffff964b052c0000,0,0,280277498122,161775451509,0,0,165472,0,0,0,0,0,0,0,0,0,0,0,0,0,0,0,0,0,0,0,0,0,0,0,0,70183,0,0,0
1744061987.001558,600037,21131153,0,nscratch,nscratch-ffff964ae629a800,0,0,300243376,0,0,0,0,0,0,0,0,0,0,0,0,0,0,0,0,0,0,0,0,0,0,0,0,0,0,0,0,212,0,0,0
1744061987.001682,600037,21131153,0,pscratch,pscratch-ffff964b052c0000,0,0,280277498122,161775451509,0,0,165472,0,0,0,0,0,0,0,0,0,0,0,0,0,0,0,0,0,0,0,0,0,0,0,0,70183,0,0,0
1744061988.002151,600037,21131153,0,nscratch,nscratch-ffff964ae629a800,0,0,300243376,0,0,0,0,0,0,0,0,0,0,0,0,0,0,0,0,0,0,0,0,0,0,0,0,0,0,0,0,212,0,0,0
1744061988.002271,600037,21131153,0,pscratch,pscratch-ffff964b052c0000,0,0,280277498122,161775451509,0,0,165472,0,0,0,0,0,0,0,0,0,0,0,0,0,0,0,0,0,0,0,0,0,0,0,0,70183,0,0,0
1744061989.001593,600037,21131153,0,nscratch,nscratch-ffff964ae629a800,0,0,300243376,0,0,0,0,0,0,0,0,0,0,0,0,0,0,0,0,0,0,0,0,0,0,0,0,0,0,0,0,212,0,0,0
1744061989.001713,600037,21131153,0,pscratch,pscratch-ffff964b052c0000,0,0,280277498122,161775451509,0,0,165472,0,0,0,0,0,0,0,0,0,0,0,0,0,0,0,0,0,0,0,0,0,0,0,0,70183,0,0,0
1744061990.001824,600037,21131153,0,nscratch,nscratch-ffff964ae629a800,0,0,300243376,0,0,0,0,0,0,0,0,0,0,0,0,0,0,0,0,0,0,0,0,0,0,0,0,0,0,0,0,212,0,0,0
1744061990.001953,600037,21131153,0,pscratch,pscratch-ffff964b052c0000,0,0,280277498122,161775451509,0,0,165472,0,0,0,0,0,0,0,0,0,0,0,0,0,0,0,0,0,0,0,0,0,0,0,0,70183,0,0,0
1744061991.001426,600037,21131153,0,nscratch,nscratch-ffff964ae629a800,0,0,300243376,0,0,0,0,0,0,0,0,0,0,0,0,0,0,0,0,0,0,0,0,0,0,0,0,0,0,0,0,212,0,0,0
1744061991.001546,600037,21131153,0,pscratch,pscratch-ffff964b052c0000,0,0,280277498122,161775451509,0,0,165472,0,0,0,0,0,0,0,0,0,0,0,0,0,0,0,0,0,0,0,0,0,0,0,0,70183,0,0,0
1744061992.001861,600037,21131153,0,nscratch,nscratch-ffff964ae629a800,0,0,300243376,0,0,0,0,0,0,0,0,0,0,0,0,0,0,0,0,0,0,0,0,0,0,0,0,0,0,0,0,212,0,0,0
1744061992.001986,600037,21131153,0,pscratch,pscratch-ffff964b052c0000,0,0,280277498122,161775451509,0,0,165472,0,0,0,0,0,0,0,0,0,0,0,0,0,0,0,0,0,0,0,0,0,0,0,0,70183,0,0,0
1744061993.002100,600037,21131153,0,nscratch,nscratch-ffff964ae629a800,0,0,300243376,0,0,0,0,0,0,0,0,0,0,0,0,0,0,0,0,0,0,0,0,0,0,0,0,0,0,0,0,212,0,0,0
1744061993.002226,600037,21131153,0,pscratch,pscratch-ffff964b052c0000,0,0,280277498122,161775451509,0,0,165472,0,0,0,0,0,0,0,0,0,0,0,0,0,0,0,0,0,0,0,0,0,0,0,0,70183,0,0,0
1744061994.001693,600037,21131153,0,nscratch,nscratch-ffff964ae629a800,0,0,300243376,0,0,0,0,0,0,0,0,0,0,0,0,0,0,0,0,0,0,0,0,0,0,0,0,0,0,0,0,212,0,0,0
1744061994.001817,600037,21131153,0,pscratch,pscratch-ffff964b052c0000,0,0,280277498122,161775451509,0,0,165472,0,0,0,0,0,0,0,0,0,0,0,0,0,0,0,0,0,0,0,0,0,0,0,0,70183,0,0,0
1744061995.002136,600037,21131153,0,nscratch,nscratch-ffff964ae629a800,0,0,300243376,0,0,0,0,0,0,0,0,0,0,0,0,0,0,0,0,0,0,0,0,0,0,0,0,0,0,0,0,212,0,0,0
1744061995.002256,600037,21131153,0,pscratch,pscratch-ffff964b052c0000,0,0,280277498122,161775451509,0,0,165472,0,0,0,0,0,0,0,0,0,0,0,0,0,0,0,0,0,0,0,0,0,0,0,0,70183,0,0,0
1744061996.001359,600037,21131153,0,nscratch,nscratch-ffff964ae629a800,0,0,300243376,0,0,0,0,0,0,0,0,0,0,0,0,0,0,0,0,0,0,0,0,0,0,0,0,0,0,0,0,212,0,0,0
1744061996.001479,600037,21131153,0,pscratch,pscratch-ffff964b052c0000,0,0,280277498122,161775451509,0,0,165472,0,0,0,0,0,0,0,0,0,0,0,0,0,0,0,0,0,0,0,0,0,0,0,0,70183,0,0,0
1744061997.001964,600037,21131153,0,nscratch,nscratch-ffff964ae629a800,0,0,300243376,0,0,0,0,0,0,0,0,0,0,0,0,0,0,0,0,0,0,0,0,0,0,0,0,0,0,0,0,212,0,0,0
1744061997.002089,600037,21131153,0,pscratch,pscratch-ffff964b052c0000,0,0,280277498122,161775451509,0,0,165472,0,0,0,0,0,0,0,0,0,0,0,0,0,0,0,0,0,0,0,0,0,0,0,0,70183,0,0,0
1744061998.001403,600037,21131153,0,nscratch,nscratch-ffff964ae629a800,0,0,300243376,0,0,0,0,0,0,0,0,0,0,0,0,0,0,0,0,0,0,0,0,0,0,0,0,0,0,0,0,212,0,0,0
1744061998.001523,600037,21131153,0,pscratch,pscratch-ffff964b052c0000,0,0,280277498122,161775451509,0,0,165472,0,0,0,0,0,0,0,0,0,0,0,0,0,0,0,0,0,0,0,0,0,0,0,0,70183,0,0,0
1744061999.001631,600037,21131153,0,nscratch,nscratch-ffff964ae629a800,0,0,300243376,0,0,0,0,0,0,0,0,0,0,0,0,0,0,0,0,0,0,0,0,0,0,0,0,0,0,0,0,212,0,0,0
1744061999.001752,600037,21131153,0,pscratch,pscratch-ffff964b052c0000,0,0,280277498122,161775451509,0,0,165472,0,0,0,0,0,0,0,0,0,0,0,0,0,0,0,0,0,0,0,0,0,0,0,0,70183,0,0,0
1744062000.002257,600037,21131153,0,nscratch,nscratch-ffff964ae629a800,0,0,300243376,0,0,0,0,0,0,0,0,0,0,0,0,0,0,0,0,0,0,0,0,0,0,0,0,0,0,0,0,212,0,0,0
1744062000.002382,600037,21131153,0,pscratch,pscratch-ffff964b052c0000,0,0,280277498122,161775451509,0,0,165472,0,0,0,0,0,0,0,0,0,0,0,0,0,0,0,0,0,0,0,0,0,0,0,0,70183,0,0,0
1744062001.001717,600037,21131153,0,nscratch,nscratch-ffff964ae629a800,0,0,300243376,0,0,0,0,0,0,0,0,0,0,0,0,0,0,0,0,0,0,0,0,0,0,0,0,0,0,0,0,212,0,0,0
1744062001.001839,600037,21131153,0,pscratch,pscratch-ffff964b052c0000,0,0,280277498122,161775451509,0,0,165472,0,0,0,0,0,0,0,0,0,0,0,0,0,0,0,0,0,0,0,0,0,0,0,0,70183,0,0,0
1744062002.001959,600037,21131153,0,nscratch,nscratch-ffff964ae629a800,0,0,300243376,0,0,0,0,0,0,0,0,0,0,0,0,0,0,0,0,0,0,0,0,0,0,0,0,0,0,0,0,212,0,0,0
1744062002.002082,600037,21131153,0,pscratch,pscratch-ffff964b052c0000,0,0,280277498122,161775451509,0,0,165472,0,0,0,0,0,0,0,0,0,0,0,0,0,0,0,0,0,0,0,0,0,0,0,0,70183,0,0,0
1744062003.001551,600037,21131153,0,nscratch,nscratch-ffff964ae629a800,0,0,300243376,0,0,0,0,0,0,0,0,0,0,0,0,0,0,0,0,0,0,0,0,0,0,0,0,0,0,0,0,212,0,0,0
1744062003.001672,600037,21131153,0,pscratch,pscratch-ffff964b052c0000,0,0,280277498122,161775451509,0,0,165472,0,0,0,0,0,0,0,0,0,0,0,0,0,0,0,0,0,0,0,0,0,0,0,0,70183,0,0,0
1744062004.002000,600037,21131153,0,nscratch,nscratch-ffff964ae629a800,0,0,300243376,0,0,0,0,0,0,0,0,0,0,0,0,0,0,0,0,0,0,0,0,0,0,0,0,0,0,0,0,212,0,0,0
1744062004.002125,600037,21131153,0,pscratch,pscratch-ffff964b052c0000,0,0,280277498122,161775451509,0,0,165472,0,0,0,0,0,0,0,0,0,0,0,0,0,0,0,0,0,0,0,0,0,0,0,0,70183,0,0,0
1744062005.001231,600037,21131153,0,nscratch,nscratch-ffff964ae629a800,0,0,300243376,0,0,0,0,0,0,0,0,0,0,0,0,0,0,0,0,0,0,0,0,0,0,0,0,0,0,0,0,212,0,0,0
1744062005.001351,600037,21131153,0,pscratch,pscratch-ffff964b052c0000,0,0,280277498122,161775451509,0,0,165472,0,0,0,0,0,0,0,0,0,0,0,0,0,0,0,0,0,0,0,0,0,0,0,0,70183,0,0,0
1744062006.001833,600037,21131153,0,nscratch,nscratch-ffff964ae629a800,0,0,300243376,0,0,0,0,0,0,0,0,0,0,0,0,0,0,0,0,0,0,0,0,0,0,0,0,0,0,0,0,212,0,0,0
1744062006.001974,600037,21131153,0,pscratch,pscratch-ffff964b052c0000,0,0,280277498122,161775451509,0,0,165472,0,0,0,0,0,0,0,0,0,0,0,0,0,0,0,0,0,0,0,0,0,0,0,0,70183,0,0,0
1744062007.002290,600037,21131153,0,nscratch,nscratch-ffff964ae629a800,0,0,300243376,0,0,0,0,0,0,0,0,0,0,0,0,0,0,0,0,0,0,0,0,0,0,0,0,0,0,0,0,212,0,0,0
1744062007.002411,600037,21131153,0,pscratch,pscratch-ffff964b052c0000,0,0,280277498122,161775451509,0,0,165472,0,0,0,0,0,0,0,0,0,0,0,0,0,0,0,0,0,0,0,0,0,0,0,0,70183,0,0,0
1744062008.001517,600037,21131153,0,nscratch,nscratch-ffff964ae629a800,0,0,300243376,0,0,0,0,0,0,0,0,0,0,0,0,0,0,0,0,0,0,0,0,0,0,0,0,0,0,0,0,212,0,0,0
1744062008.001640,600037,21131153,0,pscratch,pscratch-ffff964b052c0000,0,0,280277498122,161775451509,0,0,165472,0,0,0,0,0,0,0,0,0,0,0,0,0,0,0,0,0,0,0,0,0,0,0,0,70183,0,0,0
1744062009.002110,600037,21131153,0,nscratch,nscratch-ffff964ae629a800,0,0,300243376,0,0,0,0,0,0,0,0,0,0,0,0,0,0,0,0,0,0,0,0,0,0,0,0,0,0,0,0,212,0,0,0
1744062009.002231,600037,21131153,0,pscratch,pscratch-ffff964b052c0000,0,0,280277498122,161775451509,0,0,165472,0,0,0,0,0,0,0,0,0,0,0,0,0,0,0,0,0,0,0,0,0,0,0,0,70183,0,0,0
1744062010.001538,600037,21131153,0,nscratch,nscratch-ffff964ae629a800,0,0,300243376,0,0,0,0,0,0,0,0,0,0,0,0,0,0,0,0,0,0,0,0,0,0,0,0,0,0,0,0,212,0,0,0
1744062010.001658,600037,21131153,0,pscratch,pscratch-ffff964b052c0000,0,0,280277498122,161775451509,0,0,165472,0,0,0,0,0,0,0,0,0,0,0,0,0,0,0,0,0,0,0,0,0,0,0,0,70183,0,0,0
1744062011.001768,600037,21131153,0,nscratch,nscratch-ffff964ae629a800,0,0,300243376,0,0,0,0,0,0,0,0,0,0,0,0,0,0,0,0,0,0,0,0,0,0,0,0,0,0,0,0,212,0,0,0
1744062011.001887,600037,21131153,0,pscratch,pscratch-ffff964b052c0000,0,0,280277498122,161775451509,0,0,165472,0,0,0,0,0,0,0,0,0,0,0,0,0,0,0,0,0,0,0,0,0,0,0,0,70183,0,0,0
1744062012.001369,600037,21131153,0,nscratch,nscratch-ffff964ae629a800,0,0,300243376,0,0,0,0,0,0,0,0,0,0,0,0,0,0,0,0,0,0,0,0,0,0,0,0,0,0,0,0,212,0,0,0
1744062012.001492,600037,21131153,0,pscratch,pscratch-ffff964b052c0000,0,0,280277498122,161775451509,0,0,165472,0,0,0,0,0,0,0,0,0,0,0,0,0,0,0,0,0,0,0,0,0,0,0,0,70183,0,0,0
1744062013.001813,600037,21131153,0,nscratch,nscratch-ffff964ae629a800,0,0,300243376,0,0,0,0,0,0,0,0,0,0,0,0,0,0,0,0,0,0,0,0,0,0,0,0,0,0,0,0,212,0,0,0
1744062013.001941,600037,21131153,0,pscratch,pscratch-ffff964b052c0000,0,0,280277498122,161775451509,0,0,165472,0,0,0,0,0,0,0,0,0,0,0,0,0,0,0,0,0,0,0,0,0,0,0,0,70183,0,0,0
1744062014.002053,600037,21131153,0,nscratch,nscratch-ffff964ae629a800,0,0,300243376,0,0,0,0,0,0,0,0,0,0,0,0,0,0,0,0,0,0,0,0,0,0,0,0,0,0,0,0,212,0,0,0
1744062014.002175,600037,21131153,0,pscratch,pscratch-ffff964b052c0000,0,0,280277498122,161775451509,0,0,165472,0,0,0,0,0,0,0,0,0,0,0,0,0,0,0,0,0,0,0,0,0,0,0,0,70183,0,0,0
1744062015.001642,600037,21131153,0,nscratch,nscratch-ffff964ae629a800,0,0,300243376,0,0,0,0,0,0,0,0,0,0,0,0,0,0,0,0,0,0,0,0,0,0,0,0,0,0,0,0,212,0,0,0
1744062015.001765,600037,21131153,0,pscratch,pscratch-ffff964b052c0000,0,0,280277498122,161775451509,0,0,165472,0,0,0,0,0,0,0,0,0,0,0,0,0,0,0,0,0,0,0,0,0,0,0,0,70183,0,0,0
1744062016.002085,600037,21131153,0,nscratch,nscratch-ffff964ae629a800,0,0,300243376,0,0,0,0,0,0,0,0,0,0,0,0,0,0,0,0,0,0,0,0,0,0,0,0,0,0,0,0,212,0,0,0
1744062016.002205,600037,21131153,0,pscratch,pscratch-ffff964b052c0000,0,0,280277498122,161775451509,0,0,165472,0,0,0,0,0,0,0,0,0,0,0,0,0,0,0,0,0,0,0,0,0,0,0,0,70183,0,0,0
1744062017.001308,600037,21131153,0,nscratch,nscratch-ffff964ae629a800,0,0,300243376,0,0,0,0,0,0,0,0,0,0,0,0,0,0,0,0,0,0,0,0,0,0,0,0,0,0,0,0,212,0,0,0
1744062017.001428,600037,21131153,0,pscratch,pscratch-ffff964b052c0000,0,0,280277498122,161775451509,0,0,165472,0,0,0,0,0,0,0,0,0,0,0,0,0,0,0,0,0,0,0,0,0,0,0,0,70183,0,0,0
1744062018.001900,600037,21131153,0,nscratch,nscratch-ffff964ae629a800,0,0,300243376,0,0,0,0,0,0,0,0,0,0,0,0,0,0,0,0,0,0,0,0,0,0,0,0,0,0,0,0,212,0,0,0
1744062018.002029,600037,21131153,0,pscratch,pscratch-ffff964b052c0000,0,0,280277498122,161775451509,0,0,165472,0,0,0,0,0,0,0,0,0,0,0,0,0,0,0,0,0,0,0,0,0,0,0,0,70183,0,0,0
1744062019.001339,600037,21131153,0,nscratch,nscratch-ffff964ae629a800,0,0,300243376,0,0,0,0,0,0,0,0,0,0,0,0,0,0,0,0,0,0,0,0,0,0,0,0,0,0,0,0,212,0,0,0
1744062019.001459,600037,21131153,0,pscratch,pscratch-ffff964b052c0000,0,0,280277498122,161775451509,0,0,165472,0,0,0,0,0,0,0,0,0,0,0,0,0,0,0,0,0,0,0,0,0,0,0,0,70183,0,0,0
1744062020.001564,600037,21131153,0,nscratch,nscratch-ffff964ae629a800,0,0,300243376,0,0,0,0,0,0,0,0,0,0,0,0,0,0,0,0,0,0,0,0,0,0,0,0,0,0,0,0,212,0,0,0
1744062020.001686,600037,21131153,0,pscratch,pscratch-ffff964b052c0000,0,0,280277498122,161775451509,0,0,165472,0,0,0,0,0,0,0,0,0,0,0,0,0,0,0,0,0,0,0,0,0,0,0,0,70183,0,0,0
1744062021.002158,600037,21131153,0,nscratch,nscratch-ffff964ae629a800,0,0,300243376,0,0,0,0,0,0,0,0,0,0,0,0,0,0,0,0,0,0,0,0,0,0,0,0,0,0,0,0,212,0,0,0
1744062021.002281,600037,21131153,0,pscratch,pscratch-ffff964b052c0000,0,0,280277498122,161775451509,0,0,165472,0,0,0,0,0,0,0,0,0,0,0,0,0,0,0,0,0,0,0,0,0,0,0,0,70183,0,0,0
1744062022.001593,600037,21131153,0,nscratch,nscratch-ffff964ae629a800,0,0,300243376,0,0,0,0,0,0,0,0,0,0,0,0,0,0,0,0,0,0,0,0,0,0,0,0,0,0,0,0,212,0,0,0
1744062022.001714,600037,21131153,0,pscratch,pscratch-ffff964b052c0000,0,0,280277498122,161775451509,0,0,165472,0,0,0,0,0,0,0,0,0,0,0,0,0,0,0,0,0,0,0,0,0,0,0,0,70183,0,0,0
1744062023.001839,600037,21131153,0,nscratch,nscratch-ffff964ae629a800,0,0,300243376,0,0,0,0,0,0,0,0,0,0,0,0,0,0,0,0,0,0,0,0,0,0,0,0,0,0,0,0,212,0,0,0
1744062023.001969,600037,21131153,0,pscratch,pscratch-ffff964b052c0000,0,0,280277498122,161775451509,0,0,165472,0,0,0,0,0,0,0,0,0,0,0,0,0,0,0,0,0,0,0,0,0,0,0,0,70183,0,0,0
1744062024.001442,600037,21131153,0,nscratch,nscratch-ffff964ae629a800,0,0,300243376,0,0,0,0,0,0,0,0,0,0,0,0,0,0,0,0,0,0,0,0,0,0,0,0,0,0,0,0,212,0,0,0
1744062024.001563,600037,21131153,0,pscratch,pscratch-ffff964b052c0000,0,0,280277498122,161775451509,0,0,165472,0,0,0,0,0,0,0,0,0,0,0,0,0,0,0,0,0,0,0,0,0,0,0,0,70183,0,0,0
1744062025.001879,600037,21131153,0,nscratch,nscratch-ffff964ae629a800,0,0,300243376,0,0,0,0,0,0,0,0,0,0,0,0,0,0,0,0,0,0,0,0,0,0,0,0,0,0,0,0,212,0,0,0
1744062025.002010,600037,21131153,0,pscratch,pscratch-ffff964b052c0000,0,0,280277498122,161775451509,0,0,165472,0,0,0,0,0,0,0,0,0,0,0,0,0,0,0,0,0,0,0,0,0,0,0,0,70183,0,0,0
1744062026.001117,600037,21131153,0,nscratch,nscratch-ffff964ae629a800,0,0,300243376,0,0,0,0,0,0,0,0,0,0,0,0,0,0,0,0,0,0,0,0,0,0,0,0,0,0,0,0,212,0,0,0
1744062026.001237,600037,21131153,0,pscratch,pscratch-ffff964b052c0000,0,0,280277498122,161775451509,0,0,165472,0,0,0,0,0,0,0,0,0,0,0,0,0,0,0,0,0,0,0,0,0,0,0,0,70183,0,0,0
1744062027.001708,600037,21131153,0,nscratch,nscratch-ffff964ae629a800,0,0,300243376,0,0,0,0,0,0,0,0,0,0,0,0,0,0,0,0,0,0,0,0,0,0,0,0,0,0,0,0,212,0,0,0
1744062027.001828,600037,21131153,0,pscratch,pscratch-ffff964b052c0000,0,0,280277498122,161775451509,0,0,165472,0,0,0,0,0,0,0,0,0,0,0,0,0,0,0,0,0,0,0,0,0,0,0,0,70183,0,0,0
1744062028.002145,600037,21131153,0,nscratch,nscratch-ffff964ae629a800,0,0,300243376,0,0,0,0,0,0,0,0,0,0,0,0,0,0,0,0,0,0,0,0,0,0,0,0,0,0,0,0,212,0,0,0
1744062028.002267,600037,21131153,0,pscratch,pscratch-ffff964b052c0000,0,0,280277498122,161775451509,0,0,165472,0,0,0,0,0,0,0,0,0,0,0,0,0,0,0,0,0,0,0,0,0,0,0,0,70183,0,0,0
1744062029.001374,600037,21131153,0,nscratch,nscratch-ffff964ae629a800,0,0,300243376,0,0,0,0,0,0,0,0,0,0,0,0,0,0,0,0,0,0,0,0,0,0,0,0,0,0,0,0,212,0,0,0
1744062029.001496,600037,21131153,0,pscratch,pscratch-ffff964b052c0000,0,0,280277498122,161775451509,0,0,165472,0,0,0,0,0,0,0,0,0,0,0,0,0,0,0,0,0,0,0,0,0,0,0,0,70183,0,0,0
1744062030.001973,600037,21131153,0,nscratch,nscratch-ffff964ae629a800,0,0,300243376,0,0,0,0,0,0,0,0,0,0,0,0,0,0,0,0,0,0,0,0,0,0,0,0,0,0,0,0,212,0,0,0
1744062030.002101,600037,21131153,0,pscratch,pscratch-ffff964b052c0000,0,0,280277498122,161775451509,0,0,165472,0,0,0,0,0,0,0,0,0,0,0,0,0,0,0,0,0,0,0,0,0,0,0,0,70183,0,0,0
1744062031.001405,600037,21131153,0,nscratch,nscratch-ffff964ae629a800,0,0,300243376,0,0,0,0,0,0,0,0,0,0,0,0,0,0,0,0,0,0,0,0,0,0,0,0,0,0,0,0,212,0,0,0
1744062031.001525,600037,21131153,0,pscratch,pscratch-ffff964b052c0000,0,0,280277498122,161775451509,0,0,165472,0,0,0,0,0,0,0,0,0,0,0,0,0,0,0,0,0,0,0,0,0,0,0,0,70183,0,0,0
1744062032.001633,600037,21131153,0,nscratch,nscratch-ffff964ae629a800,0,0,300243376,0,0,0,0,0,0,0,0,0,0,0,0,0,0,0,0,0,0,0,0,0,0,0,0,0,0,0,0,212,0,0,0
1744062032.001753,600037,21131153,0,pscratch,pscratch-ffff964b052c0000,0,0,280277498122,161775451509,0,0,165472,0,0,0,0,0,0,0,0,0,0,0,0,0,0,0,0,0,0,0,0,0,0,0,0,70183,0,0,0
1744062033.002237,600037,21131153,0,nscratch,nscratch-ffff964ae629a800,0,0,300243376,0,0,0,0,0,0,0,0,0,0,0,0,0,0,0,0,0,0,0,0,0,0,0,0,0,0,0,0,212,0,0,0
1744062033.002357,600037,21131153,0,pscratch,pscratch-ffff964b052c0000,0,0,280277498122,161775451509,0,0,165472,0,0,0,0,0,0,0,0,0,0,0,0,0,0,0,0,0,0,0,0,0,0,0,0,70183,0,0,0
1744062034.001670,600037,21131153,0,nscratch,nscratch-ffff964ae629a800,0,0,300243376,0,0,0,0,0,0,0,0,0,0,0,0,0,0,0,0,0,0,0,0,0,0,0,0,0,0,0,0,212,0,0,0
1744062034.001793,600037,21131153,0,pscratch,pscratch-ffff964b052c0000,0,0,280277498122,161775451509,0,0,165472,0,0,0,0,0,0,0,0,0,0,0,0,0,0,0,0,0,0,0,0,0,0,0,0,70183,0,0,0
1744062035.001911,600037,21131153,0,nscratch,nscratch-ffff964ae629a800,0,0,300243376,0,0,0,0,0,0,0,0,0,0,0,0,0,0,0,0,0,0,0,0,0,0,0,0,0,0,0,0,212,0,0,0
1744062035.002032,600037,21131153,0,pscratch,pscratch-ffff964b052c0000,0,0,280277498122,161775451509,0,0,165472,0,0,0,0,0,0,0,0,0,0,0,0,0,0,0,0,0,0,0,0,0,0,0,0,70183,0,0,0
1744062036.001499,600037,21131153,0,nscratch,nscratch-ffff964ae629a800,0,0,300243376,0,0,0,0,0,0,0,0,0,0,0,0,0,0,0,0,0,0,0,0,0,0,0,0,0,0,0,0,212,0,0,0
1744062036.001622,600037,21131153,0,pscratch,pscratch-ffff964b052c0000,0,0,280277498122,161775451509,0,0,165472,0,0,0,0,0,0,0,0,0,0,0,0,0,0,0,0,0,0,0,0,0,0,0,0,70183,0,0,0
1744062037.001938,600037,21131153,0,nscratch,nscratch-ffff964ae629a800,0,0,300243376,0,0,0,0,0,0,0,0,0,0,0,0,0,0,0,0,0,0,0,0,0,0,0,0,0,0,0,0,212,0,0,0
1744062037.002066,600037,21131153,0,pscratch,pscratch-ffff964b052c0000,0,0,280277498122,161775451509,0,0,165472,0,0,0,0,0,0,0,0,0,0,0,0,0,0,0,0,0,0,0,0,0,0,0,0,70183,0,0,0
1744062038.001172,600037,21131153,0,nscratch,nscratch-ffff964ae629a800,0,0,300243376,0,0,0,0,0,0,0,0,0,0,0,0,0,0,0,0,0,0,0,0,0,0,0,0,0,0,0,0,212,0,0,0
1744062038.001294,600037,21131153,0,pscratch,pscratch-ffff964b052c0000,0,0,280277498122,161775451509,0,0,165472,0,0,0,0,0,0,0,0,0,0,0,0,0,0,0,0,0,0,0,0,0,0,0,0,70183,0,0,0
1744062039.001762,600037,21131153,0,nscratch,nscratch-ffff964ae629a800,0,0,300243376,0,0,0,0,0,0,0,0,0,0,0,0,0,0,0,0,0,0,0,0,0,0,0,0,0,0,0,0,212,0,0,0
1744062039.001881,600037,21131153,0,pscratch,pscratch-ffff964b052c0000,0,0,280277498122,161775451509,0,0,165472,0,0,0,0,0,0,0,0,0,0,0,0,0,0,0,0,0,0,0,0,0,0,0,0,70183,0,0,0
1744062040.002230,600037,21131153,0,nscratch,nscratch-ffff964ae629a800,0,0,300243376,0,0,0,0,0,0,0,0,0,0,0,0,0,0,0,0,0,0,0,0,0,0,0,0,0,0,0,0,212,0,0,0
1744062040.002353,600037,21131153,0,pscratch,pscratch-ffff964b052c0000,0,0,280277498122,161775451509,0,0,165472,0,0,0,0,0,0,0,0,0,0,0,0,0,0,0,0,0,0,0,0,0,0,0,0,70183,0,0,0
1744062041.001456,600037,21131153,0,nscratch,nscratch-ffff964ae629a800,0,0,300243376,0,0,0,0,0,0,0,0,0,0,0,0,0,0,0,0,0,0,0,0,0,0,0,0,0,0,0,0,212,0,0,0
1744062041.001574,600037,21131153,0,pscratch,pscratch-ffff964b052c0000,0,0,280277498122,161775451509,0,0,165472,0,0,0,0,0,0,0,0,0,0,0,0,0,0,0,0,0,0,0,0,0,0,0,0,70183,0,0,0
1744062042.002034,600037,21131153,0,nscratch,nscratch-ffff964ae629a800,0,0,300243376,0,0,0,0,0,0,0,0,0,0,0,0,0,0,0,0,0,0,0,0,0,0,0,0,0,0,0,0,212,0,0,0
1744062042.002156,600037,21131153,0,pscratch,pscratch-ffff964b052c0000,0,0,280277498122,161775451509,0,0,165472,0,0,0,0,0,0,0,0,0,0,0,0,0,0,0,0,0,0,0,0,0,0,0,0,70183,0,0,0
1744062043.001479,600037,21131153,0,nscratch,nscratch-ffff964ae629a800,0,0,300243376,0,0,0,0,0,0,0,0,0,0,0,0,0,0,0,0,0,0,0,0,0,0,0,0,0,0,0,0,212,0,0,0
1744062043.001598,600037,21131153,0,pscratch,pscratch-ffff964b052c0000,0,0,280277498122,161775451509,0,0,165472,0,0,0,0,0,0,0,0,0,0,0,0,0,0,0,0,0,0,0,0,0,0,0,0,70183,0,0,0
1744062044.001704,600037,21131153,0,nscratch,nscratch-ffff964ae629a800,0,0,300243376,0,0,0,0,0,0,0,0,0,0,0,0,0,0,0,0,0,0,0,0,0,0,0,0,0,0,0,0,212,0,0,0
1744062044.001827,600037,21131153,0,pscratch,pscratch-ffff964b052c0000,0,0,280277498122,161775451509,0,0,165472,0,0,0,0,0,0,0,0,0,0,0,0,0,0,0,0,0,0,0,0,0,0,0,0,70183,0,0,0
1744062045.001291,600037,21131153,0,nscratch,nscratch-ffff964ae629a800,0,0,300243376,0,0,0,0,0,0,0,0,0,0,0,0,0,0,0,0,0,0,0,0,0,0,0,0,0,0,0,0,212,0,0,0
1744062045.001410,600037,21131153,0,pscratch,pscratch-ffff964b052c0000,0,0,280277498122,161775451509,0,0,165472,0,0,0,0,0,0,0,0,0,0,0,0,0,0,0,0,0,0,0,0,0,0,0,0,70183,0,0,0
1744062046.001716,600037,21131153,0,nscratch,nscratch-ffff964ae629a800,0,0,300243376,0,0,0,0,0,0,0,0,0,0,0,0,0,0,0,0,0,0,0,0,0,0,0,0,0,0,0,0,212,0,0,0
1744062046.001835,600037,21131153,0,pscratch,pscratch-ffff964b052c0000,0,0,280277498122,161775451509,0,0,165472,0,0,0,0,0,0,0,0,0,0,0,0,0,0,0,0,0,0,0,0,0,0,0,0,70183,0,0,0
1744062047.001946,600037,21131153,0,nscratch,nscratch-ffff964ae629a800,0,0,300243376,0,0,0,0,0,0,0,0,0,0,0,0,0,0,0,0,0,0,0,0,0,0,0,0,0,0,0,0,212,0,0,0
1744062047.002077,600037,21131153,0,pscratch,pscratch-ffff964b052c0000,0,0,280277498122,161775451509,0,0,165472,0,0,0,0,0,0,0,0,0,0,0,0,0,0,0,0,0,0,0,0,0,0,0,0,70183,0,0,0
1744062048.001553,600037,21131153,0,nscratch,nscratch-ffff964ae629a800,0,0,300243376,0,0,0,0,0,0,0,0,0,0,0,0,0,0,0,0,0,0,0,0,0,0,0,0,0,0,0,0,212,0,0,0
1744062048.001675,600037,21131153,0,pscratch,pscratch-ffff964b052c0000,0,0,280277498122,161775451509,0,0,165472,0,0,0,0,0,0,0,0,0,0,0,0,0,0,0,0,0,0,0,0,0,0,0,0,70183,0,0,0
1744062049.002005,600037,21131153,0,nscratch,nscratch-ffff964ae629a800,0,0,300243376,0,0,0,0,0,0,0,0,0,0,0,0,0,0,0,0,0,0,0,0,0,0,0,0,0,0,0,0,212,0,0,0
1744062049.002127,600037,21131153,0,pscratch,pscratch-ffff964b052c0000,0,0,280277498122,161775451509,0,0,165472,0,0,0,0,0,0,0,0,0,0,0,0,0,0,0,0,0,0,0,0,0,0,0,0,70183,0,0,0
1744062050.001233,600037,21131153,0,nscratch,nscratch-ffff964ae629a800,0,0,300243376,0,0,0,0,0,0,0,0,0,0,0,0,0,0,0,0,0,0,0,0,0,0,0,0,0,0,0,0,212,0,0,0
1744062050.001356,600037,21131153,0,pscratch,pscratch-ffff964b052c0000,0,0,280277498122,161775451509,0,0,165472,0,0,0,0,0,0,0,0,0,0,0,0,0,0,0,0,0,0,0,0,0,0,0,0,70183,0,0,0
1744062051.001811,600037,21131153,0,nscratch,nscratch-ffff964ae629a800,0,0,300243376,0,0,0,0,0,0,0,0,0,0,0,0,0,0,0,0,0,0,0,0,0,0,0,0,0,0,0,0,212,0,0,0
1744062051.001940,600037,21131153,0,pscratch,pscratch-ffff964b052c0000,0,0,280277498122,161775451509,0,0,165472,0,0,0,0,0,0,0,0,0,0,0,0,0,0,0,0,0,0,0,0,0,0,0,0,70183,0,0,0
1744062052.002252,600037,21131153,0,nscratch,nscratch-ffff964ae629a800,0,0,300243376,0,0,0,0,0,0,0,0,0,0,0,0,0,0,0,0,0,0,0,0,0,0,0,0,0,0,0,0,212,0,0,0
1744062052.002374,600037,21131153,0,pscratch,pscratch-ffff964b052c0000,0,0,280277498122,161775451509,0,0,165472,0,0,0,0,0,0,0,0,0,0,0,0,0,0,0,0,0,0,0,0,0,0,0,0,70183,0,0,0
1744062053.001482,600037,21131153,0,nscratch,nscratch-ffff964ae629a800,0,0,300243376,0,0,0,0,0,0,0,0,0,0,0,0,0,0,0,0,0,0,0,0,0,0,0,0,0,0,0,0,212,0,0,0
1744062053.001602,600037,21131153,0,pscratch,pscratch-ffff964b052c0000,0,0,280277498122,161775451509,0,0,165472,0,0,0,0,0,0,0,0,0,0,0,0,0,0,0,0,0,0,0,0,0,0,0,0,70183,0,0,0
1744062054.002094,600037,21131153,0,nscratch,nscratch-ffff964ae629a800,0,0,300243376,0,0,0,0,0,0,0,0,0,0,0,0,0,0,0,0,0,0,0,0,0,0,0,0,0,0,0,0,212,0,0,0
1744062054.002217,600037,21131153,0,pscratch,pscratch-ffff964b052c0000,0,0,280277498122,161775451509,0,0,165472,0,0,0,0,0,0,0,0,0,0,0,0,0,0,0,0,0,0,0,0,0,0,0,0,70183,0,0,0
1744062055.001529,600037,21131153,0,nscratch,nscratch-ffff964ae629a800,0,0,300243376,0,0,0,0,0,0,0,0,0,0,0,0,0,0,0,0,0,0,0,0,0,0,0,0,0,0,0,0,212,0,0,0
1744062055.001652,600037,21131153,0,pscratch,pscratch-ffff964b052c0000,0,0,280277498122,161775451509,0,0,165472,0,0,0,0,0,0,0,0,0,0,0,0,0,0,0,0,0,0,0,0,0,0,0,0,70183,0,0,0
1744062056.001761,600037,21131153,0,nscratch,nscratch-ffff964ae629a800,0,0,300243376,0,0,0,0,0,0,0,0,0,0,0,0,0,0,0,0,0,0,0,0,0,0,0,0,0,0,0,0,212,0,0,0
1744062056.001880,600037,21131153,0,pscratch,pscratch-ffff964b052c0000,0,0,280277498122,161775451509,0,0,165472,0,0,0,0,0,0,0,0,0,0,0,0,0,0,0,0,0,0,0,0,0,0,0,0,70183,0,0,0
1744062057.001361,600037,21131153,0,nscratch,nscratch-ffff964ae629a800,0,0,300243376,0,0,0,0,0,0,0,0,0,0,0,0,0,0,0,0,0,0,0,0,0,0,0,0,0,0,0,0,212,0,0,0
1744062057.001481,600037,21131153,0,pscratch,pscratch-ffff964b052c0000,0,0,280277498122,161775451509,0,0,165472,0,0,0,0,0,0,0,0,0,0,0,0,0,0,0,0,0,0,0,0,0,0,0,0,70183,0,0,0
1744062058.001795,600037,21131153,0,nscratch,nscratch-ffff964ae629a800,0,0,300243376,0,0,0,0,0,0,0,0,0,0,0,0,0,0,0,0,0,0,0,0,0,0,0,0,0,0,0,0,212,0,0,0
1744062058.001920,600037,21131153,0,pscratch,pscratch-ffff964b052c0000,0,0,280277498122,161775451509,0,0,165472,0,0,0,0,0,0,0,0,0,0,0,0,0,0,0,0,0,0,0,0,0,0,0,0,70183,0,0,0
1744062059.002027,600037,21131153,0,nscratch,nscratch-ffff964ae629a800,0,0,300243376,0,0,0,0,0,0,0,0,0,0,0,0,0,0,0,0,0,0,0,0,0,0,0,0,0,0,0,0,212,0,0,0
1744062059.002148,600037,21131153,0,pscratch,pscratch-ffff964b052c0000,0,0,280277498122,161775451509,0,0,165472,0,0,0,0,0,0,0,0,0,0,0,0,0,0,0,0,0,0,0,0,0,0,0,0,70183,0,0,0
1744062060.001611,600037,21131153,0,nscratch,nscratch-ffff964ae629a800,0,0,300243376,0,0,0,0,0,0,0,0,0,0,0,0,0,0,0,0,0,0,0,0,0,0,0,0,0,0,0,0,212,0,0,0
1744062060.001731,600037,21131153,0,pscratch,pscratch-ffff964b052c0000,0,0,280277498122,161775451509,0,0,165472,0,0,0,0,0,0,0,0,0,0,0,0,0,0,0,0,0,0,0,0,0,0,0,0,70183,0,0,0
1744062061.002057,600037,21131153,0,nscratch,nscratch-ffff964ae629a800,0,0,300243376,0,0,0,0,0,0,0,0,0,0,0,0,0,0,0,0,0,0,0,0,0,0,0,0,0,0,0,0,212,0,0,0
1744062061.002179,600037,21131153,0,pscratch,pscratch-ffff964b052c0000,0,0,280277498122,161775451509,0,0,165472,0,0,0,0,0,0,0,0,0,0,0,0,0,0,0,0,0,0,0,0,0,0,0,0,70183,0,0,0
1744062062.001294,600037,21131153,0,nscratch,nscratch-ffff964ae629a800,0,0,300243376,0,0,0,0,0,0,0,0,0,0,0,0,0,0,0,0,0,0,0,0,0,0,0,0,0,0,0,0,212,0,0,0
1744062062.001414,600037,21131153,0,pscratch,pscratch-ffff964b052c0000,0,0,280277498122,161775451509,0,0,165472,0,0,0,0,0,0,0,0,0,0,0,0,0,0,0,0,0,0,0,0,0,0,0,0,70183,0,0,0
1744062063.001879,600037,21131153,0,nscratch,nscratch-ffff964ae629a800,0,0,300243376,0,0,0,0,0,0,0,0,0,0,0,0,0,0,0,0,0,0,0,0,0,0,0,0,0,0,0,0,212,0,0,0
1744062063.002008,600037,21131153,0,pscratch,pscratch-ffff964b052c0000,0,0,280277498122,161775451509,0,0,165472,0,0,0,0,0,0,0,0,0,0,0,0,0,0,0,0,0,0,0,0,0,0,0,0,70183,0,0,0
1744062064.001323,600037,21131153,0,nscratch,nscratch-ffff964ae629a800,0,0,300243376,0,0,0,0,0,0,0,0,0,0,0,0,0,0,0,0,0,0,0,0,0,0,0,0,0,0,0,0,212,0,0,0
1744062064.001443,600037,21131153,0,pscratch,pscratch-ffff964b052c0000,0,0,280277498122,161775451509,0,0,165472,0,0,0,0,0,0,0,0,0,0,0,0,0,0,0,0,0,0,0,0,0,0,0,0,70183,0,0,0
1744062065.001551,600037,21131153,0,nscratch,nscratch-ffff964ae629a800,0,0,300243376,0,0,0,0,0,0,0,0,0,0,0,0,0,0,0,0,0,0,0,0,0,0,0,0,0,0,0,0,212,0,0,0
1744062065.001674,600037,21131153,0,pscratch,pscratch-ffff964b052c0000,0,0,280277498122,161775451509,0,0,165472,0,0,0,0,0,0,0,0,0,0,0,0,0,0,0,0,0,0,0,0,0,0,0,0,70183,0,0,0
1744062066.002166,600037,21131153,0,nscratch,nscratch-ffff964ae629a800,0,0,300243376,0,0,0,0,0,0,0,0,0,0,0,0,0,0,0,0,0,0,0,0,0,0,0,0,0,0,0,0,212,0,0,0
1744062066.002286,600037,21131153,0,pscratch,pscratch-ffff964b052c0000,0,0,280277498122,161775451509,0,0,165472,0,0,0,0,0,0,0,0,0,0,0,0,0,0,0,0,0,0,0,0,0,0,0,0,70183,0,0,0
1744062067.001591,600037,21131153,0,nscratch,nscratch-ffff964ae629a800,0,0,300243376,0,0,0,0,0,0,0,0,0,0,0,0,0,0,0,0,0,0,0,0,0,0,0,0,0,0,0,0,212,0,0,0
1744062067.001710,600037,21131153,0,pscratch,pscratch-ffff964b052c0000,0,0,280277498122,161775451509,0,0,165472,0,0,0,0,0,0,0,0,0,0,0,0,0,0,0,0,0,0,0,0,0,0,0,0,70183,0,0,0
1744062068.001836,600037,21131153,0,nscratch,nscratch-ffff964ae629a800,0,0,300243376,0,0,0,0,0,0,0,0,0,0,0,0,0,0,0,0,0,0,0,0,0,0,0,0,0,0,0,0,212,0,0,0
1744062068.001964,600037,21131153,0,pscratch,pscratch-ffff964b052c0000,0,0,280277498122,161775451509,0,0,165472,0,0,0,0,0,0,0,0,0,0,0,0,0,0,0,0,0,0,0,0,0,0,0,0,70183,0,0,0
1744062069.001428,600037,21131153,0,nscratch,nscratch-ffff964ae629a800,0,0,300243376,0,0,0,0,0,0,0,0,0,0,0,0,0,0,0,0,0,0,0,0,0,0,0,0,0,0,0,0,212,0,0,0
1744062069.001549,600037,21131153,0,pscratch,pscratch-ffff964b052c0000,0,0,280277498122,161775451509,0,0,165472,0,0,0,0,0,0,0,0,0,0,0,0,0,0,0,0,0,0,0,0,0,0,0,0,70183,0,0,0
1744062070.001893,600037,21131153,0,nscratch,nscratch-ffff964ae629a800,0,0,300243376,0,0,0,0,0,0,0,0,0,0,0,0,0,0,0,0,0,0,0,0,0,0,0,0,0,0,0,0,212,0,0,0
1744062070.002033,600037,21131153,0,pscratch,pscratch-ffff964b052c0000,0,0,280277498122,161775451509,0,0,165472,0,0,0,0,0,0,0,0,0,0,0,0,0,0,0,0,0,0,0,0,0,0,0,0,70183,0,0,0
1744062071.001153,600037,21131153,0,nscratch,nscratch-ffff964ae629a800,0,0,300243376,0,0,0,0,0,0,0,0,0,0,0,0,0,0,0,0,0,0,0,0,0,0,0,0,0,0,0,0,212,0,0,0
1744062071.001273,600037,21131153,0,pscratch,pscratch-ffff964b052c0000,0,0,280277498122,161775451509,0,0,165472,0,0,0,0,0,0,0,0,0,0,0,0,0,0,0,0,0,0,0,0,0,0,0,0,70183,0,0,0
1744062072.001728,600037,21131153,0,nscratch,nscratch-ffff964ae629a800,0,0,300243376,0,0,0,0,0,0,0,0,0,0,0,0,0,0,0,0,0,0,0,0,0,0,0,0,0,0,0,0,212,0,0,0
1744062072.001848,600037,21131153,0,pscratch,pscratch-ffff964b052c0000,0,0,280277498122,161775451509,0,0,165472,0,0,0,0,0,0,0,0,0,0,0,0,0,0,0,0,0,0,0,0,0,0,0,0,70183,0,0,0
1744062073.002174,600037,21131153,0,nscratch,nscratch-ffff964ae629a800,0,0,300243376,0,0,0,0,0,0,0,0,0,0,0,0,0,0,0,0,0,0,0,0,0,0,0,0,0,0,0,0,212,0,0,0
1744062073.002295,600037,21131153,0,pscratch,pscratch-ffff964b052c0000,0,0,280277498122,161775451509,0,0,165472,0,0,0,0,0,0,0,0,0,0,0,0,0,0,0,0,0,0,0,0,0,0,0,0,70183,0,0,0
1744062074.001576,600037,21131153,0,nscratch,nscratch-ffff964ae629a800,0,0,300243376,0,0,0,0,0,0,0,0,0,0,0,0,0,0,0,0,0,0,0,0,0,0,0,0,0,0,0,0,212,0,0,0
1744062074.001697,600037,21131153,0,pscratch,pscratch-ffff964b052c0000,0,0,280277498122,161775451509,0,0,165472,0,0,0,0,0,0,0,0,0,0,0,0,0,0,0,0,0,0,0,0,0,0,0,0,70183,0,0,0
1744062075.002176,600037,21131153,0,nscratch,nscratch-ffff964ae629a800,0,0,300243376,0,0,0,0,0,0,0,0,0,0,0,0,0,0,0,0,0,0,0,0,0,0,0,0,0,0,0,0,212,0,0,0
1744062075.002304,600037,21131153,0,pscratch,pscratch-ffff964b052c0000,0,0,280277498122,161775451509,0,0,165472,0,0,0,0,0,0,0,0,0,0,0,0,0,0,0,0,0,0,0,0,0,0,0,0,70183,0,0,0
1744062076.001606,600037,21131153,0,nscratch,nscratch-ffff964ae629a800,0,0,300243376,0,0,0,0,0,0,0,0,0,0,0,0,0,0,0,0,0,0,0,0,0,0,0,0,0,0,0,0,212,0,0,0
1744062076.001727,600037,21131153,0,pscratch,pscratch-ffff964b052c0000,0,0,280277498122,161775451509,0,0,165472,0,0,0,0,0,0,0,0,0,0,0,0,0,0,0,0,0,0,0,0,0,0,0,0,70183,0,0,0
1744062077.001832,600037,21131153,0,nscratch,nscratch-ffff964ae629a800,0,0,300243376,0,0,0,0,0,0,0,0,0,0,0,0,0,0,0,0,0,0,0,0,0,0,0,0,0,0,0,0,212,0,0,0
1744062077.001957,600037,21131153,0,pscratch,pscratch-ffff964b052c0000,0,0,280277498122,161775451509,0,0,165472,0,0,0,0,0,0,0,0,0,0,0,0,0,0,0,0,0,0,0,0,0,0,0,0,70183,0,0,0
1744062078.001412,600037,21131153,0,nscratch,nscratch-ffff964ae629a800,0,0,300243376,0,0,0,0,0,0,0,0,0,0,0,0,0,0,0,0,0,0,0,0,0,0,0,0,0,0,0,0,212,0,0,0
1744062078.001534,600037,21131153,0,pscratch,pscratch-ffff964b052c0000,0,0,280277498122,161775451509,0,0,165472,0,0,0,0,0,0,0,0,0,0,0,0,0,0,0,0,0,0,0,0,0,0,0,0,70183,0,0,0
1744062079.001847,600037,21131153,0,nscratch,nscratch-ffff964ae629a800,0,0,300243376,0,0,0,0,0,0,0,0,0,0,0,0,0,0,0,0,0,0,0,0,0,0,0,0,0,0,0,0,212,0,0,0
1744062079.001974,600037,21131153,0,pscratch,pscratch-ffff964b052c0000,0,0,280277498122,161775451509,0,0,165472,0,0,0,0,0,0,0,0,0,0,0,0,0,0,0,0,0,0,0,0,0,0,0,0,70183,0,0,0
1744062080.002091,600037,21131153,0,nscratch,nscratch-ffff964ae629a800,0,0,300243376,0,0,0,0,0,0,0,0,0,0,0,0,0,0,0,0,0,0,0,0,0,0,0,0,0,0,0,0,212,0,0,0
1744062080.002212,600037,21131153,0,pscratch,pscratch-ffff964b052c0000,0,0,280277498122,161775451509,0,0,165472,0,0,0,0,0,0,0,0,0,0,0,0,0,0,0,0,0,0,0,0,0,0,0,0,70183,0,0,0
1744062081.001683,600037,21131153,0,nscratch,nscratch-ffff964ae629a800,0,0,300243376,0,0,0,0,0,0,0,0,0,0,0,0,0,0,0,0,0,0,0,0,0,0,0,0,0,0,0,0,212,0,0,0
1744062081.001803,600037,21131153,0,pscratch,pscratch-ffff964b052c0000,0,0,280277498122,161775451509,0,0,165472,0,0,0,0,0,0,0,0,0,0,0,0,0,0,0,0,0,0,0,0,0,0,0,0,70183,0,0,0
1744062082.002135,600037,21131153,0,nscratch,nscratch-ffff964ae629a800,0,0,300243376,0,0,0,0,0,0,0,0,0,0,0,0,0,0,0,0,0,0,0,0,0,0,0,0,0,0,0,0,212,0,0,0
1744062082.002255,600037,21131153,0,pscratch,pscratch-ffff964b052c0000,0,0,280277498122,161775451509,0,0,165472,0,0,0,0,0,0,0,0,0,0,0,0,0,0,0,0,0,0,0,0,0,0,0,0,70183,0,0,0
1744062083.001362,600037,21131153,0,nscratch,nscratch-ffff964ae629a800,0,0,300243376,0,0,0,0,0,0,0,0,0,0,0,0,0,0,0,0,0,0,0,0,0,0,0,0,0,0,0,0,212,0,0,0
1744062083.001483,600037,21131153,0,pscratch,pscratch-ffff964b052c0000,0,0,280277498122,161775451509,0,0,165472,0,0,0,0,0,0,0,0,0,0,0,0,0,0,0,0,0,0,0,0,0,0,0,0,70183,0,0,0
1744062084.001962,600037,21131153,0,nscratch,nscratch-ffff964ae629a800,0,0,300243376,0,0,0,0,0,0,0,0,0,0,0,0,0,0,0,0,0,0,0,0,0,0,0,0,0,0,0,0,212,0,0,0
1744062084.002085,600037,21131153,0,pscratch,pscratch-ffff964b052c0000,0,0,280277498122,161775451509,0,0,165472,0,0,0,0,0,0,0,0,0,0,0,0,0,0,0,0,0,0,0,0,0,0,0,0,70183,0,0,0
1744062085.001403,600037,21131153,0,nscratch,nscratch-ffff964ae629a800,0,0,300243376,0,0,0,0,0,0,0,0,0,0,0,0,0,0,0,0,0,0,0,0,0,0,0,0,0,0,0,0,212,0,0,0
1744062085.001523,600037,21131153,0,pscratch,pscratch-ffff964b052c0000,0,0,280277498122,161775451509,0,0,165472,0,0,0,0,0,0,0,0,0,0,0,0,0,0,0,0,0,0,0,0,0,0,0,0,70183,0,0,0
1744062086.001630,600037,21131153,0,nscratch,nscratch-ffff964ae629a800,0,0,300243376,0,0,0,0,0,0,0,0,0,0,0,0,0,0,0,0,0,0,0,0,0,0,0,0,0,0,0,0,212,0,0,0
1744062086.001752,600037,21131153,0,pscratch,pscratch-ffff964b052c0000,0,0,280277498122,161775451509,0,0,165472,0,0,0,0,0,0,0,0,0,0,0,0,0,0,0,0,0,0,0,0,0,0,0,0,70183,0,0,0
1744062087.002230,600037,21131153,0,nscratch,nscratch-ffff964ae629a800,0,0,300243376,0,0,0,0,0,0,0,0,0,0,0,0,0,0,0,0,0,0,0,0,0,0,0,0,0,0,0,0,212,0,0,0
1744062087.002353,600037,21131153,0,pscratch,pscratch-ffff964b052c0000,0,0,280277498122,161775451509,0,0,165472,0,0,0,0,0,0,0,0,0,0,0,0,0,0,0,0,0,0,0,0,0,0,0,0,70183,0,0,0
1744062088.001665,600037,21131153,0,nscratch,nscratch-ffff964ae629a800,0,0,300243376,0,0,0,0,0,0,0,0,0,0,0,0,0,0,0,0,0,0,0,0,0,0,0,0,0,0,0,0,212,0,0,0
1744062088.001788,600037,21131153,0,pscratch,pscratch-ffff964b052c0000,0,0,280277498122,161775451509,0,0,165472,0,0,0,0,0,0,0,0,0,0,0,0,0,0,0,0,0,0,0,0,0,0,0,0,70183,0,0,0
1744062089.001897,600037,21131153,0,nscratch,nscratch-ffff964ae629a800,0,0,300243376,0,0,0,0,0,0,0,0,0,0,0,0,0,0,0,0,0,0,0,0,0,0,0,0,0,0,0,0,212,0,0,0
1744062089.002028,600037,21131153,0,pscratch,pscratch-ffff964b052c0000,0,0,280277498122,161775451509,0,0,165472,0,0,0,0,0,0,0,0,0,0,0,0,0,0,0,0,0,0,0,0,0,0,0,0,70183,0,0,0
1744062090.001486,600037,21131153,0,nscratch,nscratch-ffff964ae629a800,0,0,300243376,0,0,0,0,0,0,0,0,0,0,0,0,0,0,0,0,0,0,0,0,0,0,0,0,0,0,0,0,212,0,0,0
1744062090.001607,600037,21131153,0,pscratch,pscratch-ffff964b052c0000,0,0,280277498122,161775451509,0,0,165472,0,0,0,0,0,0,0,0,0,0,0,0,0,0,0,0,0,0,0,0,0,0,0,0,70183,0,0,0
1744062091.001930,600037,21131153,0,nscratch,nscratch-ffff964ae629a800,0,0,300243376,0,0,0,0,0,0,0,0,0,0,0,0,0,0,0,0,0,0,0,0,0,0,0,0,0,0,0,0,212,0,0,0
1744062091.002051,600037,21131153,0,pscratch,pscratch-ffff964b052c0000,0,0,280277498122,161775451509,0,0,165472,0,0,0,0,0,0,0,0,0,0,0,0,0,0,0,0,0,0,0,0,0,0,0,0,70183,0,0,0
1744062092.001158,600037,21131153,0,nscratch,nscratch-ffff964ae629a800,0,0,300243376,0,0,0,0,0,0,0,0,0,0,0,0,0,0,0,0,0,0,0,0,0,0,0,0,0,0,0,0,212,0,0,0
1744062092.001278,600037,21131153,0,pscratch,pscratch-ffff964b052c0000,0,0,280277498122,161775451509,0,0,165472,0,0,0,0,0,0,0,0,0,0,0,0,0,0,0,0,0,0,0,0,0,0,0,0,70183,0,0,0
1744062093.001772,600037,21131153,0,nscratch,nscratch-ffff964ae629a800,0,0,300243376,0,0,0,0,0,0,0,0,0,0,0,0,0,0,0,0,0,0,0,0,0,0,0,0,0,0,0,0,212,0,0,0
1744062093.001895,600037,21131153,0,pscratch,pscratch-ffff964b052c0000,0,0,280277498122,161775451509,0,0,165472,0,0,0,0,0,0,0,0,0,0,0,0,0,0,0,0,0,0,0,0,0,0,0,0,70183,0,0,0
1744062094.002224,600037,21131153,0,nscratch,nscratch-ffff964ae629a800,0,0,300243376,0,0,0,0,0,0,0,0,0,0,0,0,0,0,0,0,0,0,0,0,0,0,0,0,0,0,0,0,212,0,0,0
1744062094.002345,600037,21131153,0,pscratch,pscratch-ffff964b052c0000,0,0,280277498122,161775451509,0,0,165472,0,0,0,0,0,0,0,0,0,0,0,0,0,0,0,0,0,0,0,0,0,0,0,0,70183,0,0,0
1744062095.001454,600037,21131153,0,nscratch,nscratch-ffff964ae629a800,0,0,300243376,0,0,0,0,0,0,0,0,0,0,0,0,0,0,0,0,0,0,0,0,0,0,0,0,0,0,0,0,212,0,0,0
1744062095.001574,600037,21131153,0,pscratch,pscratch-ffff964b052c0000,0,0,280277498122,161775451509,0,0,165472,0,0,0,0,0,0,0,0,0,0,0,0,0,0,0,0,0,0,0,0,0,0,0,0,70183,0,0,0
1744062096.002044,600037,21131153,0,nscratch,nscratch-ffff964ae629a800,0,0,300243376,0,0,0,0,0,0,0,0,0,0,0,0,0,0,0,0,0,0,0,0,0,0,0,0,0,0,0,0,212,0,0,0
1744062096.002168,600037,21131153,0,pscratch,pscratch-ffff964b052c0000,0,0,280277498122,161775451509,0,0,165472,0,0,0,0,0,0,0,0,0,0,0,0,0,0,0,0,0,0,0,0,0,0,0,0,70183,0,0,0
1744062097.001479,600037,21131153,0,nscratch,nscratch-ffff964ae629a800,0,0,300243376,0,0,0,0,0,0,0,0,0,0,0,0,0,0,0,0,0,0,0,0,0,0,0,0,0,0,0,0,212,0,0,0
1744062097.001597,600037,21131153,0,pscratch,pscratch-ffff964b052c0000,0,0,280277498122,161775451509,0,0,165472,0,0,0,0,0,0,0,0,0,0,0,0,0,0,0,0,0,0,0,0,0,0,0,0,70183,0,0,0
1744062098.001707,600037,21131153,0,nscratch,nscratch-ffff964ae629a800,0,0,300243376,0,0,0,0,0,0,0,0,0,0,0,0,0,0,0,0,0,0,0,0,0,0,0,0,0,0,0,0,212,0,0,0
1744062098.001830,600037,21131153,0,pscratch,pscratch-ffff964b052c0000,0,0,280277498122,161775451509,0,0,165472,0,0,0,0,0,0,0,0,0,0,0,0,0,0,0,0,0,0,0,0,0,0,0,0,70183,0,0,0
1744062099.001302,600037,21131153,0,nscratch,nscratch-ffff964ae629a800,0,0,300243376,0,0,0,0,0,0,0,0,0,0,0,0,0,0,0,0,0,0,0,0,0,0,0,0,0,0,0,0,212,0,0,0
1744062099.001422,600037,21131153,0,pscratch,pscratch-ffff964b052c0000,0,0,280277498122,161775451509,0,0,165472,0,0,0,0,0,0,0,0,0,0,0,0,0,0,0,0,0,0,0,0,0,0,0,0,70183,0,0,0
1744062100.001738,600037,21131153,0,nscratch,nscratch-ffff964ae629a800,0,0,300243376,0,0,0,0,0,0,0,0,0,0,0,0,0,0,0,0,0,0,0,0,0,0,0,0,0,0,0,0,212,0,0,0
1744062100.001862,600037,21131153,0,pscratch,pscratch-ffff964b052c0000,0,0,280277498122,161775451509,0,0,165472,0,0,0,0,0,0,0,0,0,0,0,0,0,0,0,0,0,0,0,0,0,0,0,0,70183,0,0,0
1744062101.001979,600037,21131153,0,nscratch,nscratch-ffff964ae629a800,0,0,300243376,0,0,0,0,0,0,0,0,0,0,0,0,0,0,0,0,0,0,0,0,0,0,0,0,0,0,0,0,212,0,0,0
1744062101.002100,600037,21131153,0,pscratch,pscratch-ffff964b052c0000,0,0,280277498122,161775451509,0,0,165472,0,0,0,0,0,0,0,0,0,0,0,0,0,0,0,0,0,0,0,0,0,0,0,0,70183,0,0,0
1744062102.001575,600037,21131153,0,nscratch,nscratch-ffff964ae629a800,0,0,300243376,0,0,0,0,0,0,0,0,0,0,0,0,0,0,0,0,0,0,0,0,0,0,0,0,0,0,0,0,212,0,0,0
1744062102.001699,600037,21131153,0,pscratch,pscratch-ffff964b052c0000,0,0,280277498122,161775451509,0,0,165472,0,0,0,0,0,0,0,0,0,0,0,0,0,0,0,0,0,0,0,0,0,0,0,0,70183,0,0,0
1744062103.002018,600037,21131153,0,nscratch,nscratch-ffff964ae629a800,0,0,300243376,0,0,0,0,0,0,0,0,0,0,0,0,0,0,0,0,0,0,0,0,0,0,0,0,0,0,0,0,212,0,0,0
1744062103.002139,600037,21131153,0,pscratch,pscratch-ffff964b052c0000,0,0,280277498122,161775451509,0,0,165472,0,0,0,0,0,0,0,0,0,0,0,0,0,0,0,0,0,0,0,0,0,0,0,0,70183,0,0,0
1744062104.001245,600037,21131153,0,nscratch,nscratch-ffff964ae629a800,0,0,300243376,0,0,0,0,0,0,0,0,0,0,0,0,0,0,0,0,0,0,0,0,0,0,0,0,0,0,0,0,212,0,0,0
1744062104.001364,600037,21131153,0,pscratch,pscratch-ffff964b052c0000,0,0,280277498122,161775451509,0,0,165472,0,0,0,0,0,0,0,0,0,0,0,0,0,0,0,0,0,0,0,0,0,0,0,0,70183,0,0,0
1744062105.001824,600037,21131153,0,nscratch,nscratch-ffff964ae629a800,0,0,300243376,0,0,0,0,0,0,0,0,0,0,0,0,0,0,0,0,0,0,0,0,0,0,0,0,0,0,0,0,212,0,0,0
1744062105.001964,600037,21131153,0,pscratch,pscratch-ffff964b052c0000,0,0,280277498122,161775451509,0,0,165472,0,0,0,0,0,0,0,0,0,0,0,0,0,0,0,0,0,0,0,0,0,0,0,0,70183,0,0,0
1744062106.002286,600037,21131153,0,nscratch,nscratch-ffff964ae629a800,0,0,300243376,0,0,0,0,0,0,0,0,0,0,0,0,0,0,0,0,0,0,0,0,0,0,0,0,0,0,0,0,212,0,0,0
1744062106.002410,600037,21131153,0,pscratch,pscratch-ffff964b052c0000,0,0,280277498122,161775451509,0,0,165472,0,0,0,0,0,0,0,0,0,0,0,0,0,0,0,0,0,0,0,0,0,0,0,0,70183,0,0,0
1744062107.001519,600037,21131153,0,nscratch,nscratch-ffff964ae629a800,0,0,300243376,0,0,0,0,0,0,0,0,0,0,0,0,0,0,0,0,0,0,0,0,0,0,0,0,0,0,0,0,212,0,0,0
1744062107.001641,600037,21131153,0,pscratch,pscratch-ffff964b052c0000,0,0,280277498122,161775451509,0,0,165472,0,0,0,0,0,0,0,0,0,0,0,0,0,0,0,0,0,0,0,0,0,0,0,0,70183,0,0,0
1744062108.002110,600037,21131153,0,nscratch,nscratch-ffff964ae629a800,0,0,300243376,0,0,0,0,0,0,0,0,0,0,0,0,0,0,0,0,0,0,0,0,0,0,0,0,0,0,0,0,212,0,0,0
1744062108.002244,600037,21131153,0,pscratch,pscratch-ffff964b052c0000,0,0,280277498122,161775451509,0,0,165472,0,0,0,0,0,0,0,0,0,0,0,0,0,0,0,0,0,0,0,0,0,0,0,0,70183,0,0,0
1744062109.001559,600037,21131153,0,nscratch,nscratch-ffff964ae629a800,0,0,300243376,0,0,0,0,0,0,0,0,0,0,0,0,0,0,0,0,0,0,0,0,0,0,0,0,0,0,0,0,212,0,0,0
1744062109.001680,600037,21131153,0,pscratch,pscratch-ffff964b052c0000,0,0,280277498122,161775451509,0,0,165472,0,0,0,0,0,0,0,0,0,0,0,0,0,0,0,0,0,0,0,0,0,0,0,0,70183,0,0,0
1744062110.001791,600037,21131153,0,nscratch,nscratch-ffff964ae629a800,0,0,300243376,0,0,0,0,0,0,0,0,0,0,0,0,0,0,0,0,0,0,0,0,0,0,0,0,0,0,0,0,212,0,0,0
1744062110.001920,600037,21131153,0,pscratch,pscratch-ffff964b052c0000,0,0,280277498122,161775451509,0,0,165472,0,0,0,0,0,0,0,0,0,0,0,0,0,0,0,0,0,0,0,0,0,0,0,0,70183,0,0,0
1744062111.001381,600037,21131153,0,nscratch,nscratch-ffff964ae629a800,0,0,300243376,0,0,0,0,0,0,0,0,0,0,0,0,0,0,0,0,0,0,0,0,0,0,0,0,0,0,0,0,212,0,0,0
1744062111.001500,600037,21131153,0,pscratch,pscratch-ffff964b052c0000,0,0,280277498122,161775451509,0,0,165472,0,0,0,0,0,0,0,0,0,0,0,0,0,0,0,0,0,0,0,0,0,0,0,0,70183,0,0,0
1744062112.001808,600037,21131153,0,nscratch,nscratch-ffff964ae629a800,0,0,300243376,0,0,0,0,0,0,0,0,0,0,0,0,0,0,0,0,0,0,0,0,0,0,0,0,0,0,0,0,212,0,0,0
1744062112.001937,600037,21131153,0,pscratch,pscratch-ffff964b052c0000,0,0,280277498122,161775451509,0,0,165472,0,0,0,0,0,0,0,0,0,0,0,0,0,0,0,0,0,0,0,0,0,0,0,0,70183,0,0,0
1744062113.002049,600037,21131153,0,nscratch,nscratch-ffff964ae629a800,0,0,300243376,0,0,0,0,0,0,0,0,0,0,0,0,0,0,0,0,0,0,0,0,0,0,0,0,0,0,0,0,212,0,0,0
1744062113.002172,600037,21131153,0,pscratch,pscratch-ffff964b052c0000,0,0,280277498122,161775451509,0,0,165472,0,0,0,0,0,0,0,0,0,0,0,0,0,0,0,0,0,0,0,0,0,0,0,0,70183,0,0,0
1744062114.001643,600037,21131153,0,nscratch,nscratch-ffff964ae629a800,0,0,300243376,0,0,0,0,0,0,0,0,0,0,0,0,0,0,0,0,0,0,0,0,0,0,0,0,0,0,0,0,212,0,0,0
1744062114.001765,600037,21131153,0,pscratch,pscratch-ffff964b052c0000,0,0,280277498122,161775451509,0,0,165472,0,0,0,0,0,0,0,0,0,0,0,0,0,0,0,0,0,0,0,0,0,0,0,0,70183,0,0,0
1744062115.002099,600037,21131153,0,nscratch,nscratch-ffff964ae629a800,0,0,300243376,0,0,0,0,0,0,0,0,0,0,0,0,0,0,0,0,0,0,0,0,0,0,0,0,0,0,0,0,212,0,0,0
1744062115.002220,600037,21131153,0,pscratch,pscratch-ffff964b052c0000,0,0,280277498122,161775451509,0,0,165472,0,0,0,0,0,0,0,0,0,0,0,0,0,0,0,0,0,0,0,0,0,0,0,0,70183,0,0,0
1744062116.001323,600037,21131153,0,nscratch,nscratch-ffff964ae629a800,0,0,300243376,0,0,0,0,0,0,0,0,0,0,0,0,0,0,0,0,0,0,0,0,0,0,0,0,0,0,0,0,212,0,0,0
1744062116.001443,600037,21131153,0,pscratch,pscratch-ffff964b052c0000,0,0,280277498122,161775451509,0,0,165472,0,0,0,0,0,0,0,0,0,0,0,0,0,0,0,0,0,0,0,0,0,0,0,0,70183,0,0,0
1744062117.001922,600037,21131153,0,nscratch,nscratch-ffff964ae629a800,0,0,300243376,0,0,0,0,0,0,0,0,0,0,0,0,0,0,0,0,0,0,0,0,0,0,0,0,0,0,0,0,212,0,0,0
1744062117.002043,600037,21131153,0,pscratch,pscratch-ffff964b052c0000,0,0,280277498122,161775451509,0,0,165472,0,0,0,0,0,0,0,0,0,0,0,0,0,0,0,0,0,0,0,0,0,0,0,0,70183,0,0,0
1744062118.001362,600037,21131153,0,nscratch,nscratch-ffff964ae629a800,0,0,300243376,0,0,0,0,0,0,0,0,0,0,0,0,0,0,0,0,0,0,0,0,0,0,0,0,0,0,0,0,212,0,0,0
1744062118.001487,600037,21131153,0,pscratch,pscratch-ffff964b052c0000,0,0,280277498122,161775451509,0,0,165472,0,0,0,0,0,0,0,0,0,0,0,0,0,0,0,0,0,0,0,0,0,0,0,0,70183,0,0,0
1744062119.001595,600037,21131153,0,nscratch,nscratch-ffff964ae629a800,0,0,300243376,0,0,0,0,0,0,0,0,0,0,0,0,0,0,0,0,0,0,0,0,0,0,0,0,0,0,0,0,212,0,0,0
1744062119.001715,600037,21131153,0,pscratch,pscratch-ffff964b052c0000,0,0,280277498122,161775451509,0,0,165472,0,0,0,0,0,0,0,0,0,0,0,0,0,0,0,0,0,0,0,0,0,0,0,0,70183,0,0,0
1744062120.002238,600037,21131153,0,nscratch,nscratch-ffff964ae629a800,0,0,300243376,0,0,0,0,0,0,0,0,0,0,0,0,0,0,0,0,0,0,0,0,0,0,0,0,0,0,0,0,212,0,0,0
1744062120.002377,600037,21131153,0,pscratch,pscratch-ffff964b052c0000,0,0,280277498122,161775451509,0,0,165472,0,0,0,0,0,0,0,0,0,0,0,0,0,0,0,0,0,0,0,0,0,0,0,0,70183,0,0,0
1744062121.001701,600037,21131153,0,nscratch,nscratch-ffff964ae629a800,0,0,300243376,0,0,0,0,0,0,0,0,0,0,0,0,0,0,0,0,0,0,0,0,0,0,0,0,0,0,0,0,212,0,0,0
1744062121.001821,600037,21131153,0,pscratch,pscratch-ffff964b052c0000,0,0,280277498122,161775451509,0,0,165472,0,0,0,0,0,0,0,0,0,0,0,0,0,0,0,0,0,0,0,0,0,0,0,0,70183,0,0,0
1744062122.001939,600037,21131153,0,nscratch,nscratch-ffff964ae629a800,0,0,300243376,0,0,0,0,0,0,0,0,0,0,0,0,0,0,0,0,0,0,0,0,0,0,0,0,0,0,0,0,212,0,0,0
1744062122.002062,600037,21131153,0,pscratch,pscratch-ffff964b052c0000,0,0,280277498122,161775451509,0,0,165472,0,0,0,0,0,0,0,0,0,0,0,0,0,0,0,0,0,0,0,0,0,0,0,0,70183,0,0,0
1744062123.001539,600037,21131153,0,nscratch,nscratch-ffff964ae629a800,0,0,300243376,0,0,0,0,0,0,0,0,0,0,0,0,0,0,0,0,0,0,0,0,0,0,0,0,0,0,0,0,212,0,0,0
1744062123.001660,600037,21131153,0,pscratch,pscratch-ffff964b052c0000,0,0,280277498122,161775451509,0,0,165472,0,0,0,0,0,0,0,0,0,0,0,0,0,0,0,0,0,0,0,0,0,0,0,0,70183,0,0,0
1744062124.001975,600037,21131153,0,nscratch,nscratch-ffff964ae629a800,0,0,300243376,0,0,0,0,0,0,0,0,0,0,0,0,0,0,0,0,0,0,0,0,0,0,0,0,0,0,0,0,212,0,0,0
1744062124.002100,600037,21131153,0,pscratch,pscratch-ffff964b052c0000,0,0,280277498122,161775451509,0,0,165472,0,0,0,0,0,0,0,0,0,0,0,0,0,0,0,0,0,0,0,0,0,0,0,0,70183,0,0,0
1744062125.001210,600037,21131153,0,nscratch,nscratch-ffff964ae629a800,0,0,300243376,0,0,0,0,0,0,0,0,0,0,0,0,0,0,0,0,0,0,0,0,0,0,0,0,0,0,0,0,212,0,0,0
1744062125.001330,600037,21131153,0,pscratch,pscratch-ffff964b052c0000,0,0,280277498122,161775451509,0,0,165472,0,0,0,0,0,0,0,0,0,0,0,0,0,0,0,0,0,0,0,0,0,0,0,0,70183,0,0,0
1744062126.001807,600037,21131153,0,nscratch,nscratch-ffff964ae629a800,0,0,300243376,0,0,0,0,0,0,0,0,0,0,0,0,0,0,0,0,0,0,0,0,0,0,0,0,0,0,0,0,212,0,0,0
1744062126.001936,600037,21131153,0,pscratch,pscratch-ffff964b052c0000,0,0,280277498122,161775451509,0,0,165472,0,0,0,0,0,0,0,0,0,0,0,0,0,0,0,0,0,0,0,0,0,0,0,0,70183,0,0,0
1744062127.002251,600037,21131153,0,nscratch,nscratch-ffff964ae629a800,0,0,300243376,0,0,0,0,0,0,0,0,0,0,0,0,0,0,0,0,0,0,0,0,0,0,0,0,0,0,0,0,212,0,0,0
1744062127.002372,600037,21131153,0,pscratch,pscratch-ffff964b052c0000,0,0,280277498122,161775451509,0,0,165472,0,0,0,0,0,0,0,0,0,0,0,0,0,0,0,0,0,0,0,0,0,0,0,0,70183,0,0,0
1744062128.001484,600037,21131153,0,nscratch,nscratch-ffff964ae629a800,0,0,300243376,0,0,0,0,0,0,0,0,0,0,0,0,0,0,0,0,0,0,0,0,0,0,0,0,0,0,0,0,212,0,0,0
1744062128.001604,600037,21131153,0,pscratch,pscratch-ffff964b052c0000,0,0,280277498122,161775451509,0,0,165472,0,0,0,0,0,0,0,0,0,0,0,0,0,0,0,0,0,0,0,0,0,0,0,0,70183,0,0,0
1744062129.002078,600037,21131153,0,nscratch,nscratch-ffff964ae629a800,0,0,300243376,0,0,0,0,0,0,0,0,0,0,0,0,0,0,0,0,0,0,0,0,0,0,0,0,0,0,0,0,212,0,0,0
1744062129.002202,600037,21131153,0,pscratch,pscratch-ffff964b052c0000,0,0,280277498122,161775451509,0,0,165472,0,0,0,0,0,0,0,0,0,0,0,0,0,0,0,0,0,0,0,0,0,0,0,0,70183,0,0,0
1744062130.001526,600037,21131153,0,nscratch,nscratch-ffff964ae629a800,0,0,300243376,0,0,0,0,0,0,0,0,0,0,0,0,0,0,0,0,0,0,0,0,0,0,0,0,0,0,0,0,212,0,0,0
1744062130.001647,600037,21131153,0,pscratch,pscratch-ffff964b052c0000,0,0,280277498122,161775451509,0,0,165472,0,0,0,0,0,0,0,0,0,0,0,0,0,0,0,0,0,0,0,0,0,0,0,0,70183,0,0,0
1744062131.001759,600037,21131153,0,nscratch,nscratch-ffff964ae629a800,0,0,300243376,0,0,0,0,0,0,0,0,0,0,0,0,0,0,0,0,0,0,0,0,0,0,0,0,0,0,0,0,212,0,0,0
1744062131.001879,600037,21131153,0,pscratch,pscratch-ffff964b052c0000,0,0,280277498122,161775451509,0,0,165472,0,0,0,0,0,0,0,0,0,0,0,0,0,0,0,0,0,0,0,0,0,0,0,0,70183,0,0,0
1744062132.001354,600037,21131153,0,nscratch,nscratch-ffff964ae629a800,0,0,300243376,0,0,0,0,0,0,0,0,0,0,0,0,0,0,0,0,0,0,0,0,0,0,0,0,0,0,0,0,212,0,0,0
1744062132.001475,600037,21131153,0,pscratch,pscratch-ffff964b052c0000,0,0,280277498122,161775451509,0,0,165472,0,0,0,0,0,0,0,0,0,0,0,0,0,0,0,0,0,0,0,0,0,0,0,0,70183,0,0,0
1744062133.001790,600037,21131153,0,nscratch,nscratch-ffff964ae629a800,0,0,300243376,0,0,0,0,0,0,0,0,0,0,0,0,0,0,0,0,0,0,0,0,0,0,0,0,0,0,0,0,212,0,0,0
1744062133.001919,600037,21131153,0,pscratch,pscratch-ffff964b052c0000,0,0,280277498122,161775451509,0,0,165472,0,0,0,0,0,0,0,0,0,0,0,0,0,0,0,0,0,0,0,0,0,0,0,0,70183,0,0,0
1744062134.002194,600037,21131153,0,nscratch,nscratch-ffff964ae629a800,0,0,300243376,0,0,0,0,0,0,0,0,0,0,0,0,0,0,0,0,0,0,0,0,0,0,0,0,0,0,0,0,212,0,0,0
1744062134.002318,600037,21131153,0,pscratch,pscratch-ffff964b052c0000,0,0,280277498122,161775451509,0,0,165472,0,0,0,0,0,0,0,0,0,0,0,0,0,0,0,0,0,0,0,0,0,0,0,0,70183,0,0,0
1744062135.001781,600037,21131153,0,nscratch,nscratch-ffff964ae629a800,0,0,300243376,0,0,0,0,0,0,0,0,0,0,0,0,0,0,0,0,0,0,0,0,0,0,0,0,0,0,0,0,212,0,0,0
1744062135.001901,600037,21131153,0,pscratch,pscratch-ffff964b052c0000,0,0,280277498122,161775451509,0,0,165472,0,0,0,0,0,0,0,0,0,0,0,0,0,0,0,0,0,0,0,0,0,0,0,0,70183,0,0,0
1744062136.002231,600037,21131153,0,nscratch,nscratch-ffff964ae629a800,0,0,300243376,0,0,0,0,0,0,0,0,0,0,0,0,0,0,0,0,0,0,0,0,0,0,0,0,0,0,0,0,212,0,0,0
1744062136.002354,600037,21131153,0,pscratch,pscratch-ffff964b052c0000,0,0,280277498122,161775451509,0,0,165472,0,0,0,0,0,0,0,0,0,0,0,0,0,0,0,0,0,0,0,0,0,0,0,0,70183,0,0,0
1744062137.001461,600037,21131153,0,nscratch,nscratch-ffff964ae629a800,0,0,300243376,0,0,0,0,0,0,0,0,0,0,0,0,0,0,0,0,0,0,0,0,0,0,0,0,0,0,0,0,212,0,0,0
1744062137.001580,600037,21131153,0,pscratch,pscratch-ffff964b052c0000,0,0,280277498122,161775451509,0,0,165472,0,0,0,0,0,0,0,0,0,0,0,0,0,0,0,0,0,0,0,0,0,0,0,0,70183,0,0,0
1744062138.002051,600037,21131153,0,nscratch,nscratch-ffff964ae629a800,0,0,300243376,0,0,0,0,0,0,0,0,0,0,0,0,0,0,0,0,0,0,0,0,0,0,0,0,0,0,0,0,212,0,0,0
1744062138.002174,600037,21131153,0,pscratch,pscratch-ffff964b052c0000,0,0,280277498122,161775451509,0,0,165472,0,0,0,0,0,0,0,0,0,0,0,0,0,0,0,0,0,0,0,0,0,0,0,0,70183,0,0,0
1744062139.001484,600037,21131153,0,nscratch,nscratch-ffff964ae629a800,0,0,300243376,0,0,0,0,0,0,0,0,0,0,0,0,0,0,0,0,0,0,0,0,0,0,0,0,0,0,0,0,212,0,0,0
1744062139.001604,600037,21131153,0,pscratch,pscratch-ffff964b052c0000,0,0,280277498122,161775451509,0,0,165472,0,0,0,0,0,0,0,0,0,0,0,0,0,0,0,0,0,0,0,0,0,0,0,0,70183,0,0,0
1744062140.001714,600037,21131153,0,nscratch,nscratch-ffff964ae629a800,0,0,300243376,0,0,0,0,0,0,0,0,0,0,0,0,0,0,0,0,0,0,0,0,0,0,0,0,0,0,0,0,212,0,0,0
1744062140.001837,600037,21131153,0,pscratch,pscratch-ffff964b052c0000,0,0,280277498122,161775451509,0,0,165472,0,0,0,0,0,0,0,0,0,0,0,0,0,0,0,0,0,0,0,0,0,0,0,0,70183,0,0,0
1744062141.001302,600037,21131153,0,nscratch,nscratch-ffff964ae629a800,0,0,300243376,0,0,0,0,0,0,0,0,0,0,0,0,0,0,0,0,0,0,0,0,0,0,0,0,0,0,0,0,212,0,0,0
1744062141.001422,600037,21131153,0,pscratch,pscratch-ffff964b052c0000,0,0,280277498122,161775451509,0,0,165472,0,0,0,0,0,0,0,0,0,0,0,0,0,0,0,0,0,0,0,0,0,0,0,0,70183,0,0,0
1744062142.001734,600037,21131153,0,nscratch,nscratch-ffff964ae629a800,0,0,300243376,0,0,0,0,0,0,0,0,0,0,0,0,0,0,0,0,0,0,0,0,0,0,0,0,0,0,0,0,212,0,0,0
1744062142.001854,600037,21131153,0,pscratch,pscratch-ffff964b052c0000,0,0,280277498122,161775451509,0,0,165472,0,0,0,0,0,0,0,0,0,0,0,0,0,0,0,0,0,0,0,0,0,0,0,0,70183,0,0,0
1744062143.001972,600037,21131153,0,nscratch,nscratch-ffff964ae629a800,0,0,300243376,0,0,0,0,0,0,0,0,0,0,0,0,0,0,0,0,0,0,0,0,0,0,0,0,0,0,0,0,212,0,0,0
1744062143.002097,600037,21131153,0,pscratch,pscratch-ffff964b052c0000,0,0,280277498122,161775451509,0,0,165472,0,0,0,0,0,0,0,0,0,0,0,0,0,0,0,0,0,0,0,0,0,0,0,0,70183,0,0,0
1744062144.001176,600037,21131153,0,nscratch,nscratch-ffff964ae629a800,0,0,300243376,0,0,0,0,0,0,0,0,0,0,0,0,0,0,0,0,0,0,0,0,0,0,0,0,0,0,0,0,212,0,0,0
1744062144.001297,600037,21131153,0,pscratch,pscratch-ffff964b052c0000,0,0,280277498122,161775451509,0,0,165472,0,0,0,0,0,0,0,0,0,0,0,0,0,0,0,0,0,0,0,0,0,0,0,0,70183,0,0,0
1744062145.001615,600037,21131153,0,nscratch,nscratch-ffff964ae629a800,0,0,300243376,0,0,0,0,0,0,0,0,0,0,0,0,0,0,0,0,0,0,0,0,0,0,0,0,0,0,0,0,212,0,0,0
1744062145.001736,600037,21131153,0,pscratch,pscratch-ffff964b052c0000,0,0,280277498122,161775451509,0,0,165472,0,0,0,0,0,0,0,0,0,0,0,0,0,0,0,0,0,0,0,0,0,0,0,0,70183,0,0,0
1744062146.001847,600037,21131153,0,nscratch,nscratch-ffff964ae629a800,0,0,300243376,0,0,0,0,0,0,0,0,0,0,0,0,0,0,0,0,0,0,0,0,0,0,0,0,0,0,0,0,212,0,0,0
1744062146.001977,600037,21131153,0,pscratch,pscratch-ffff964b052c0000,0,0,280277498122,161775451509,0,0,165472,0,0,0,0,0,0,0,0,0,0,0,0,0,0,0,0,0,0,0,0,0,0,0,0,70183,0,0,0
1744062147.001448,600037,21131153,0,nscratch,nscratch-ffff964ae629a800,0,0,300243376,0,0,0,0,0,0,0,0,0,0,0,0,0,0,0,0,0,0,0,0,0,0,0,0,0,0,0,0,212,0,0,0
1744062147.001572,600037,21131153,0,pscratch,pscratch-ffff964b052c0000,0,0,280277498122,161775451509,0,0,165472,0,0,0,0,0,0,0,0,0,0,0,0,0,0,0,0,0,0,0,0,0,0,0,0,70183,0,0,0
1744062148.001888,600037,21131153,0,nscratch,nscratch-ffff964ae629a800,0,0,300243376,0,0,0,0,0,0,0,0,0,0,0,0,0,0,0,0,0,0,0,0,0,0,0,0,0,0,0,0,212,0,0,0
1744062148.002012,600037,21131153,0,pscratch,pscratch-ffff964b052c0000,0,0,280277498122,161775451509,0,0,165472,0,0,0,0,0,0,0,0,0,0,0,0,0,0,0,0,0,0,0,0,0,0,0,0,70183,0,0,0
1744062149.001119,600037,21131153,0,nscratch,nscratch-ffff964ae629a800,0,0,300243376,0,0,0,0,0,0,0,0,0,0,0,0,0,0,0,0,0,0,0,0,0,0,0,0,0,0,0,0,212,0,0,0
1744062149.001238,600037,21131153,0,pscratch,pscratch-ffff964b052c0000,0,0,280277498122,161775451509,0,0,165472,0,0,0,0,0,0,0,0,0,0,0,0,0,0,0,0,0,0,0,0,0,0,0,0,70183,0,0,0
1744062150.001707,600037,21131153,0,nscratch,nscratch-ffff964ae629a800,0,0,300243376,0,0,0,0,0,0,0,0,0,0,0,0,0,0,0,0,0,0,0,0,0,0,0,0,0,0,0,0,212,0,0,0
1744062150.001827,600037,21131153,0,pscratch,pscratch-ffff964b052c0000,0,0,280277498122,161775451509,0,0,165472,0,0,0,0,0,0,0,0,0,0,0,0,0,0,0,0,0,0,0,0,0,0,0,0,70183,0,0,0
1744062151.002148,600037,21131153,0,nscratch,nscratch-ffff964ae629a800,0,0,300243376,0,0,0,0,0,0,0,0,0,0,0,0,0,0,0,0,0,0,0,0,0,0,0,0,0,0,0,0,212,0,0,0
1744062151.002271,600037,21131153,0,pscratch,pscratch-ffff964b052c0000,0,0,280277498122,161775451509,0,0,165472,0,0,0,0,0,0,0,0,0,0,0,0,0,0,0,0,0,0,0,0,0,0,0,0,70183,0,0,0
1744062152.001377,600037,21131153,0,nscratch,nscratch-ffff964ae629a800,0,0,300243376,0,0,0,0,0,0,0,0,0,0,0,0,0,0,0,0,0,0,0,0,0,0,0,0,0,0,0,0,212,0,0,0
1744062152.001498,600037,21131153,0,pscratch,pscratch-ffff964b052c0000,0,0,280277498122,161775451509,0,0,165472,0,0,0,0,0,0,0,0,0,0,0,0,0,0,0,0,0,0,0,0,0,0,0,0,70183,0,0,0
1744062153.001973,600037,21131153,0,nscratch,nscratch-ffff964ae629a800,0,0,300243376,0,0,0,0,0,0,0,0,0,0,0,0,0,0,0,0,0,0,0,0,0,0,0,0,0,0,0,0,212,0,0,0
1744062153.002093,600037,21131153,0,pscratch,pscratch-ffff964b052c0000,0,0,280277498122,161775451509,0,0,165472,0,0,0,0,0,0,0,0,0,0,0,0,0,0,0,0,0,0,0,0,0,0,0,0,70183,0,0,0
1744062154.001402,600037,21131153,0,nscratch,nscratch-ffff964ae629a800,0,0,300243376,0,0,0,0,0,0,0,0,0,0,0,0,0,0,0,0,0,0,0,0,0,0,0,0,0,0,0,0,212,0,0,0
1744062154.001521,600037,21131153,0,pscratch,pscratch-ffff964b052c0000,0,0,280277498122,161775451509,0,0,165472,0,0,0,0,0,0,0,0,0,0,0,0,0,0,0,0,0,0,0,0,0,0,0,0,70183,0,0,0
1744062155.001627,600037,21131153,0,nscratch,nscratch-ffff964ae629a800,0,0,300243376,0,0,0,0,0,0,0,0,0,0,0,0,0,0,0,0,0,0,0,0,0,0,0,0,0,0,0,0,212,0,0,0
1744062155.001747,600037,21131153,0,pscratch,pscratch-ffff964b052c0000,0,0,280277498122,161775451509,0,0,165472,0,0,0,0,0,0,0,0,0,0,0,0,0,0,0,0,0,0,0,0,0,0,0,0,70183,0,0,0
1744062156.002233,600037,21131153,0,nscratch,nscratch-ffff964ae629a800,0,0,300243376,0,0,0,0,0,0,0,0,0,0,0,0,0,0,0,0,0,0,0,0,0,0,0,0,0,0,0,0,212,0,0,0
1744062156.002357,600037,21131153,0,pscratch,pscratch-ffff964b052c0000,0,0,280277498122,161775451509,0,0,165472,0,0,0,0,0,0,0,0,0,0,0,0,0,0,0,0,0,0,0,0,0,0,0,0,70183,0,0,0
1744062157.001674,600037,21131153,0,nscratch,nscratch-ffff964ae629a800,0,0,300243376,0,0,0,0,0,0,0,0,0,0,0,0,0,0,0,0,0,0,0,0,0,0,0,0,0,0,0,0,212,0,0,0
1744062157.001794,600037,21131153,0,pscratch,pscratch-ffff964b052c0000,0,0,280277498122,161775451509,0,0,165472,0,0,0,0,0,0,0,0,0,0,0,0,0,0,0,0,0,0,0,0,0,0,0,0,70183,0,0,0
1744062158.001909,600037,21131153,0,nscratch,nscratch-ffff964ae629a800,0,0,300243376,0,0,0,0,0,0,0,0,0,0,0,0,0,0,0,0,0,0,0,0,0,0,0,0,0,0,0,0,212,0,0,0
1744062158.002033,600037,21131153,0,pscratch,pscratch-ffff964b052c0000,0,0,280277498122,161775451509,0,0,165472,0,0,0,0,0,0,0,0,0,0,0,0,0,0,0,0,0,0,0,0,0,0,0,0,70183,0,0,0
1744062159.001488,600037,21131153,0,nscratch,nscratch-ffff964ae629a800,0,0,300243376,0,0,0,0,0,0,0,0,0,0,0,0,0,0,0,0,0,0,0,0,0,0,0,0,0,0,0,0,212,0,0,0
1744062159.001608,600037,21131153,0,pscratch,pscratch-ffff964b052c0000,0,0,280277498122,161775451509,0,0,165472,0,0,0,0,0,0,0,0,0,0,0,0,0,0,0,0,0,0,0,0,0,0,0,0,70183,0,0,0
1744062160.001931,600037,21131153,0,nscratch,nscratch-ffff964ae629a800,0,0,300243376,0,0,0,0,0,0,0,0,0,0,0,0,0,0,0,0,0,0,0,0,0,0,0,0,0,0,0,0,212,0,0,0
1744062160.002052,600037,21131153,0,pscratch,pscratch-ffff964b052c0000,0,0,280277498122,161775451509,0,0,165472,0,0,0,0,0,0,0,0,0,0,0,0,0,0,0,0,0,0,0,0,0,0,0,0,70183,0,0,0
1744062161.001156,600037,21131153,0,nscratch,nscratch-ffff964ae629a800,0,0,300243376,0,0,0,0,0,0,0,0,0,0,0,0,0,0,0,0,0,0,0,0,0,0,0,0,0,0,0,0,212,0,0,0
1744062161.001274,600037,21131153,0,pscratch,pscratch-ffff964b052c0000,0,0,280277498122,161775451509,0,0,165472,0,0,0,0,0,0,0,0,0,0,0,0,0,0,0,0,0,0,0,0,0,0,0,0,70183,0,0,0
1744062162.001744,600037,21131153,0,nscratch,nscratch-ffff964ae629a800,0,0,300243376,0,0,0,0,0,0,0,0,0,0,0,0,0,0,0,0,0,0,0,0,0,0,0,0,0,0,0,0,212,0,0,0
1744062162.001865,600037,21131153,0,pscratch,pscratch-ffff964b052c0000,0,0,280277498122,161775451509,0,0,165472,0,0,0,0,0,0,0,0,0,0,0,0,0,0,0,0,0,0,0,0,0,0,0,0,70183,0,0,0
1744062163.002175,600037,21131153,0,nscratch,nscratch-ffff964ae629a800,0,0,300243376,0,0,0,0,0,0,0,0,0,0,0,0,0,0,0,0,0,0,0,0,0,0,0,0,0,0,0,0,212,0,0,0
1744062163.002299,600037,21131153,0,pscratch,pscratch-ffff964b052c0000,0,0,280277498122,161775451509,0,0,165472,0,0,0,0,0,0,0,0,0,0,0,0,0,0,0,0,0,0,0,0,0,0,0,0,70183,0,0,0
1744062164.001405,600037,21131153,0,nscratch,nscratch-ffff964ae629a800,0,0,300243376,0,0,0,0,0,0,0,0,0,0,0,0,0,0,0,0,0,0,0,0,0,0,0,0,0,0,0,0,212,0,0,0
1744062164.001526,600037,21131153,0,pscratch,pscratch-ffff964b052c0000,0,0,280277498122,161775451509,0,0,165472,0,0,0,0,0,0,0,0,0,0,0,0,0,0,0,0,0,0,0,0,0,0,0,0,70183,0,0,0
1744062165.001996,600037,21131153,0,nscratch,nscratch-ffff964ae629a800,0,0,300243376,0,0,0,0,0,0,0,0,0,0,0,0,0,0,0,0,0,0,0,0,0,0,0,0,0,0,0,0,212,0,0,0
1744062165.002120,600037,21131153,0,pscratch,pscratch-ffff964b052c0000,0,0,280277498122,161775451509,0,0,165472,0,0,0,0,0,0,0,0,0,0,0,0,0,0,0,0,0,0,0,0,0,0,0,0,70183,0,0,0
1744062166.001435,600037,21131153,0,nscratch,nscratch-ffff964ae629a800,0,0,300243376,0,0,0,0,0,0,0,0,0,0,0,0,0,0,0,0,0,0,0,0,0,0,0,0,0,0,0,0,212,0,0,0
1744062166.001555,600037,21131153,0,pscratch,pscratch-ffff964b052c0000,0,0,280277498122,161775451509,0,0,165472,0,0,0,0,0,0,0,0,0,0,0,0,0,0,0,0,0,0,0,0,0,0,0,0,70183,0,0,0
1744062167.001662,600037,21131153,0,nscratch,nscratch-ffff964ae629a800,0,0,300243376,0,0,0,0,0,0,0,0,0,0,0,0,0,0,0,0,0,0,0,0,0,0,0,0,0,0,0,0,212,0,0,0
1744062167.001781,600037,21131153,0,pscratch,pscratch-ffff964b052c0000,0,0,280277498122,161775451509,0,0,165472,0,0,0,0,0,0,0,0,0,0,0,0,0,0,0,0,0,0,0,0,0,0,0,0,70183,0,0,0
1744062168.002253,600037,21131153,0,nscratch,nscratch-ffff964ae629a800,0,0,300243376,0,0,0,0,0,0,0,0,0,0,0,0,0,0,0,0,0,0,0,0,0,0,0,0,0,0,0,0,212,0,0,0
1744062168.002373,600037,21131153,0,pscratch,pscratch-ffff964b052c0000,0,0,280277498122,161775451509,0,0,165472,0,0,0,0,0,0,0,0,0,0,0,0,0,0,0,0,0,0,0,0,0,0,0,0,70183,0,0,0
1744062169.001694,600037,21131153,0,nscratch,nscratch-ffff964ae629a800,0,0,300243376,0,0,0,0,0,0,0,0,0,0,0,0,0,0,0,0,0,0,0,0,0,0,0,0,0,0,0,0,212,0,0,0
1744062169.001814,600037,21131153,0,pscratch,pscratch-ffff964b052c0000,0,0,280277498122,161775451509,0,0,165472,0,0,0,0,0,0,0,0,0,0,0,0,0,0,0,0,0,0,0,0,0,0,0,0,70183,0,0,0
1744062170.001940,600037,21131153,0,nscratch,nscratch-ffff964ae629a800,0,0,300243376,0,0,0,0,0,0,0,0,0,0,0,0,0,0,0,0,0,0,0,0,0,0,0,0,0,0,0,0,212,0,0,0
1744062170.002070,600037,21131153,0,pscratch,pscratch-ffff964b052c0000,0,0,280277498122,161775451509,0,0,165472,0,0,0,0,0,0,0,0,0,0,0,0,0,0,0,0,0,0,0,0,0,0,0,0,70183,0,0,0
1744062171.001558,600037,21131153,0,nscratch,nscratch-ffff964ae629a800,0,0,300243376,0,0,0,0,0,0,0,0,0,0,0,0,0,0,0,0,0,0,0,0,0,0,0,0,0,0,0,0,212,0,0,0
1744062171.001679,600037,21131153,0,pscratch,pscratch-ffff964b052c0000,0,0,280277498122,161775451509,0,0,165472,0,0,0,0,0,0,0,0,0,0,0,0,0,0,0,0,0,0,0,0,0,0,0,0,70183,0,0,0
1744062172.002019,600037,21131153,0,nscratch,nscratch-ffff964ae629a800,0,0,300243376,0,0,0,0,0,0,0,0,0,0,0,0,0,0,0,0,0,0,0,0,0,0,0,0,0,0,0,0,212,0,0,0
1744062172.002142,600037,21131153,0,pscratch,pscratch-ffff964b052c0000,0,0,280277498122,161775451509,0,0,165472,0,0,0,0,0,0,0,0,0,0,0,0,0,0,0,0,0,0,0,0,0,0,0,0,70183,0,0,0
1744062173.001335,600037,21131153,0,nscratch,nscratch-ffff964ae629a800,0,0,300243376,0,0,0,0,0,0,0,0,0,0,0,0,0,0,0,0,0,0,0,0,0,0,0,0,0,0,0,0,212,0,0,0
1744062173.001562,600037,21131153,0,pscratch,pscratch-ffff964b052c0000,0,0,280277498122,161775451509,0,0,165472,0,0,0,0,0,0,0,0,0,0,0,0,0,0,0,0,0,0,0,0,0,0,0,0,70183,0,0,0
1744062174.002214,600037,21131153,0,nscratch,nscratch-ffff964ae629a800,0,0,300243376,0,0,0,0,0,0,0,0,0,0,0,0,0,0,0,0,0,0,0,0,0,0,0,0,0,0,0,0,212,0,0,0
1744062174.002335,600037,21131153,0,pscratch,pscratch-ffff964b052c0000,0,0,280277498122,161775451509,0,0,165472,0,0,0,0,0,0,0,0,0,0,0,0,0,0,0,0,0,0,0,0,0,0,0,0,70183,0,0,0
1744062175.001648,600037,21131153,0,nscratch,nscratch-ffff964ae629a800,0,0,300243376,0,0,0,0,0,0,0,0,0,0,0,0,0,0,0,0,0,0,0,0,0,0,0,0,0,0,0,0,212,0,0,0
1744062175.001769,600037,21131153,0,pscratch,pscratch-ffff964b052c0000,0,0,280277498122,161775451509,0,0,165472,0,0,0,0,0,0,0,0,0,0,0,0,0,0,0,0,0,0,0,0,0,0,0,0,70183,0,0,0
1744062176.001882,600037,21131153,0,nscratch,nscratch-ffff964ae629a800,0,0,300243376,0,0,0,0,0,0,0,0,0,0,0,0,0,0,0,0,0,0,0,0,0,0,0,0,0,0,0,0,212,0,0,0
1744062176.002010,600037,21131153,0,pscratch,pscratch-ffff964b052c0000,0,0,280277498122,161775451509,0,0,165472,0,0,0,0,0,0,0,0,0,0,0,0,0,0,0,0,0,0,0,0,0,0,0,0,70183,0,0,0
1744062177.001484,600037,21131153,0,nscratch,nscratch-ffff964ae629a800,0,0,300243376,0,0,0,0,0,0,0,0,0,0,0,0,0,0,0,0,0,0,0,0,0,0,0,0,0,0,0,0,212,0,0,0
1744062177.001604,600037,21131153,0,pscratch,pscratch-ffff964b052c0000,0,0,280277498122,161775451509,0,0,165472,0,0,0,0,0,0,0,0,0,0,0,0,0,0,0,0,0,0,0,0,0,0,0,0,70183,0,0,0
1744062178.001935,600037,21131153,0,nscratch,nscratch-ffff964ae629a800,0,0,300243376,0,0,0,0,0,0,0,0,0,0,0,0,0,0,0,0,0,0,0,0,0,0,0,0,0,0,0,0,212,0,0,0
1744062178.002056,600037,21131153,0,pscratch,pscratch-ffff964b052c0000,0,0,280277498122,161775451509,0,0,165472,0,0,0,0,0,0,0,0,0,0,0,0,0,0,0,0,0,0,0,0,0,0,0,0,70183,0,0,0
1744062179.001161,600037,21131153,0,nscratch,nscratch-ffff964ae629a800,0,0,300243376,0,0,0,0,0,0,0,0,0,0,0,0,0,0,0,0,0,0,0,0,0,0,0,0,0,0,0,0,212,0,0,0
1744062179.001281,600037,21131153,0,pscratch,pscratch-ffff964b052c0000,0,0,280277498122,161775451509,0,0,165472,0,0,0,0,0,0,0,0,0,0,0,0,0,0,0,0,0,0,0,0,0,0,0,0,70183,0,0,0
1744062180.001743,600037,21131153,0,nscratch,nscratch-ffff964ae629a800,0,0,300243376,0,0,0,0,0,0,0,0,0,0,0,0,0,0,0,0,0,0,0,0,0,0,0,0,0,0,0,0,212,0,0,0
1744062180.001867,600037,21131153,0,pscratch,pscratch-ffff964b052c0000,0,0,280277498122,161775451509,0,0,165472,0,0,0,0,0,0,0,0,0,0,0,0,0,0,0,0,0,0,0,0,0,0,0,0,70183,0,0,0
1744062181.002188,600037,21131153,0,nscratch,nscratch-ffff964ae629a800,0,0,300243376,0,0,0,0,0,0,0,0,0,0,0,0,0,0,0,0,0,0,0,0,0,0,0,0,0,0,0,0,212,0,0,0
1744062181.002308,600037,21131153,0,pscratch,pscratch-ffff964b052c0000,0,0,280277498122,161775451509,0,0,165472,0,0,0,0,0,0,0,0,0,0,0,0,0,0,0,0,0,0,0,0,0,0,0,0,70183,0,0,0
1744062182.001420,600037,21131153,0,nscratch,nscratch-ffff964ae629a800,0,0,300243376,0,0,0,0,0,0,0,0,0,0,0,0,0,0,0,0,0,0,0,0,0,0,0,0,0,0,0,0,212,0,0,0
1744062182.001540,600037,21131153,0,pscratch,pscratch-ffff964b052c0000,0,0,280277498122,161775451509,0,0,165472,0,0,0,0,0,0,0,0,0,0,0,0,0,0,0,0,0,0,0,0,0,0,0,0,70183,0,0,0
1744062183.002019,600037,21131153,0,nscratch,nscratch-ffff964ae629a800,0,0,300243376,0,0,0,0,0,0,0,0,0,0,0,0,0,0,0,0,0,0,0,0,0,0,0,0,0,0,0,0,212,0,0,0
1744062183.002141,600037,21131153,0,pscratch,pscratch-ffff964b052c0000,0,0,280277498122,161775451509,0,0,165472,0,0,0,0,0,0,0,0,0,0,0,0,0,0,0,0,0,0,0,0,0,0,0,0,70183,0,0,0
1744062184.001450,600037,21131153,0,nscratch,nscratch-ffff964ae629a800,0,0,300243376,0,0,0,0,0,0,0,0,0,0,0,0,0,0,0,0,0,0,0,0,0,0,0,0,0,0,0,0,212,0,0,0
1744062184.001570,600037,21131153,0,pscratch,pscratch-ffff964b052c0000,0,0,280277498122,161775451509,0,0,165472,0,0,0,0,0,0,0,0,0,0,0,0,0,0,0,0,0,0,0,0,0,0,0,0,70183,0,0,0
1744062185.001678,600037,21131153,0,nscratch,nscratch-ffff964ae629a800,0,0,300243376,0,0,0,0,0,0,0,0,0,0,0,0,0,0,0,0,0,0,0,0,0,0,0,0,0,0,0,0,212,0,0,0
1744062185.001800,600037,21131153,0,pscratch,pscratch-ffff964b052c0000,0,0,280277498122,161775451509,0,0,165472,0,0,0,0,0,0,0,0,0,0,0,0,0,0,0,0,0,0,0,0,0,0,0,0,70183,0,0,0
1744062186.002279,600037,21131153,0,nscratch,nscratch-ffff964ae629a800,0,0,300243376,0,0,0,0,0,0,0,0,0,0,0,0,0,0,0,0,0,0,0,0,0,0,0,0,0,0,0,0,212,0,0,0
1744062186.002399,600037,21131153,0,pscratch,pscratch-ffff964b052c0000,0,0,280277498122,161775451509,0,0,165472,0,0,0,0,0,0,0,0,0,0,0,0,0,0,0,0,0,0,0,0,0,0,0,0,70183,0,0,0
1744062187.001710,600037,21131153,0,nscratch,nscratch-ffff964ae629a800,0,0,300243376,0,0,0,0,0,0,0,0,0,0,0,0,0,0,0,0,0,0,0,0,0,0,0,0,0,0,0,0,212,0,0,0
1744062187.001833,600037,21131153,0,pscratch,pscratch-ffff964b052c0000,0,0,280277498122,161775451509,0,0,165472,0,0,0,0,0,0,0,0,0,0,0,0,0,0,0,0,0,0,0,0,0,0,0,0,70183,0,0,0
1744062188.001948,600037,21131153,0,nscratch,nscratch-ffff964ae629a800,0,0,300243376,0,0,0,0,0,0,0,0,0,0,0,0,0,0,0,0,0,0,0,0,0,0,0,0,0,0,0,0,212,0,0,0
1744062188.002071,600037,21131153,0,pscratch,pscratch-ffff964b052c0000,0,0,280277498122,161775451509,0,0,165472,0,0,0,0,0,0,0,0,0,0,0,0,0,0,0,0,0,0,0,0,0,0,0,0,70183,0,0,0
1744062189.001545,600037,21131153,0,nscratch,nscratch-ffff964ae629a800,0,0,300243376,0,0,0,0,0,0,0,0,0,0,0,0,0,0,0,0,0,0,0,0,0,0,0,0,0,0,0,0,212,0,0,0
1744062189.001668,600037,21131153,0,pscratch,pscratch-ffff964b052c0000,0,0,280277498122,161775451509,0,0,165472,0,0,0,0,0,0,0,0,0,0,0,0,0,0,0,0,0,0,0,0,0,0,0,0,70183,0,0,0
1744062190.002004,600037,21131153,0,nscratch,nscratch-ffff964ae629a800,0,0,300243376,0,0,0,0,0,0,0,0,0,0,0,0,0,0,0,0,0,0,0,0,0,0,0,0,0,0,0,0,212,0,0,0
1744062190.002124,600037,21131153,0,pscratch,pscratch-ffff964b052c0000,0,0,280277498122,161775451509,0,0,165472,0,0,0,0,0,0,0,0,0,0,0,0,0,0,0,0,0,0,0,0,0,0,0,0,70183,0,0,0
1744062191.001228,600037,21131153,0,nscratch,nscratch-ffff964ae629a800,0,0,300243376,0,0,0,0,0,0,0,0,0,0,0,0,0,0,0,0,0,0,0,0,0,0,0,0,0,0,0,0,212,0,0,0
1744062191.001348,600037,21131153,0,pscratch,pscratch-ffff964b052c0000,0,0,280277498122,161775451509,0,0,165472,0,0,0,0,0,0,0,0,0,0,0,0,0,0,0,0,0,0,0,0,0,0,0,0,70183,0,0,0
1744062192.001817,600037,21131153,0,nscratch,nscratch-ffff964ae629a800,0,0,300243376,0,0,0,0,0,0,0,0,0,0,0,0,0,0,0,0,0,0,0,0,0,0,0,0,0,0,0,0,212,0,0,0
1744062192.001945,600037,21131153,0,pscratch,pscratch-ffff964b052c0000,0,0,280277498122,161775451509,0,0,165472,0,0,0,0,0,0,0,0,0,0,0,0,0,0,0,0,0,0,0,0,0,0,0,0,70183,0,0,0
1744062193.002257,600037,21131153,0,nscratch,nscratch-ffff964ae629a800,0,0,300243376,0,0,0,0,0,0,0,0,0,0,0,0,0,0,0,0,0,0,0,0,0,0,0,0,0,0,0,0,212,0,0,0
1744062193.002378,600037,21131153,0,pscratch,pscratch-ffff964b052c0000,0,0,280277498122,161775451509,0,0,165472,0,0,0,0,0,0,0,0,0,0,0,0,0,0,0,0,0,0,0,0,0,0,0,0,70183,0,0,0
1744062194.001485,600037,21131153,0,nscratch,nscratch-ffff964ae629a800,0,0,300243376,0,0,0,0,0,0,0,0,0,0,0,0,0,0,0,0,0,0,0,0,0,0,0,0,0,0,0,0,212,0,0,0
1744062194.001606,600037,21131153,0,pscratch,pscratch-ffff964b052c0000,0,0,280277498122,161775451509,0,0,165472,0,0,0,0,0,0,0,0,0,0,0,0,0,0,0,0,0,0,0,0,0,0,0,0,70183,0,0,0
1744062195.002078,600037,21131153,0,nscratch,nscratch-ffff964ae629a800,0,0,300243376,0,0,0,0,0,0,0,0,0,0,0,0,0,0,0,0,0,0,0,0,0,0,0,0,0,0,0,0,212,0,0,0
1744062195.002201,600037,21131153,0,pscratch,pscratch-ffff964b052c0000,0,0,280277498122,161775451509,0,0,165472,0,0,0,0,0,0,0,0,0,0,0,0,0,0,0,0,0,0,0,0,0,0,0,0,70183,0,0,0
1744062196.001517,600037,21131153,0,nscratch,nscratch-ffff964ae629a800,0,0,300243376,0,0,0,0,0,0,0,0,0,0,0,0,0,0,0,0,0,0,0,0,0,0,0,0,0,0,0,0,212,0,0,0
1744062196.001636,600037,21131153,0,pscratch,pscratch-ffff964b052c0000,0,0,280277498122,161775451509,0,0,165472,0,0,0,0,0,0,0,0,0,0,0,0,0,0,0,0,0,0,0,0,0,0,0,0,70183,0,0,0
1744062197.001746,600037,21131153,0,nscratch,nscratch-ffff964ae629a800,0,0,300243376,0,0,0,0,0,0,0,0,0,0,0,0,0,0,0,0,0,0,0,0,0,0,0,0,0,0,0,0,212,0,0,0
1744062197.001869,600037,21131153,0,pscratch,pscratch-ffff964b052c0000,0,0,280277498122,161775451509,0,0,165472,0,0,0,0,0,0,0,0,0,0,0,0,0,0,0,0,0,0,0,0,0,0,0,0,70183,0,0,0
1744062198.001356,600037,21131153,0,nscratch,nscratch-ffff964ae629a800,0,0,300243376,0,0,0,0,0,0,0,0,0,0,0,0,0,0,0,0,0,0,0,0,0,0,0,0,0,0,0,0,212,0,0,0
1744062198.001482,600037,21131153,0,pscratch,pscratch-ffff964b052c0000,0,0,280277498122,161775451509,0,0,165472,0,0,0,0,0,0,0,0,0,0,0,0,0,0,0,0,0,0,0,0,0,0,0,0,70183,0,0,0
1744062199.001794,600037,21131153,0,nscratch,nscratch-ffff964ae629a800,0,0,300243376,0,0,0,0,0,0,0,0,0,0,0,0,0,0,0,0,0,0,0,0,0,0,0,0,0,0,0,0,212,0,0,0
1744062199.001922,600037,21131153,0,pscratch,pscratch-ffff964b052c0000,0,0,280277498122,161775451509,0,0,165472,0,0,0,0,0,0,0,0,0,0,0,0,0,0,0,0,0,0,0,0,0,0,0,0,70183,0,0,0
1744062200.002031,600037,21131153,0,nscratch,nscratch-ffff964ae629a800,0,0,300243376,0,0,0,0,0,0,0,0,0,0,0,0,0,0,0,0,0,0,0,0,0,0,0,0,0,0,0,0,212,0,0,0
1744062200.002150,600037,21131153,0,pscratch,pscratch-ffff964b052c0000,0,0,280277498122,161775451509,0,0,165472,0,0,0,0,0,0,0,0,0,0,0,0,0,0,0,0,0,0,0,0,0,0,0,0,70183,0,0,0
1744062201.001629,600037,21131153,0,nscratch,nscratch-ffff964ae629a800,0,0,300243376,0,0,0,0,0,0,0,0,0,0,0,0,0,0,0,0,0,0,0,0,0,0,0,0,0,0,0,0,212,0,0,0
1744062201.001749,600037,21131153,0,pscratch,pscratch-ffff964b052c0000,0,0,280277498122,161775451509,0,0,165472,0,0,0,0,0,0,0,0,0,0,0,0,0,0,0,0,0,0,0,0,0,0,0,0,70183,0,0,0
1744062202.002071,600037,21131153,0,nscratch,nscratch-ffff964ae629a800,0,0,300243376,0,0,0,0,0,0,0,0,0,0,0,0,0,0,0,0,0,0,0,0,0,0,0,0,0,0,0,0,212,0,0,0
1744062202.002194,600037,21131153,0,pscratch,pscratch-ffff964b052c0000,0,0,280277498122,161775451509,0,0,165472,0,0,0,0,0,0,0,0,0,0,0,0,0,0,0,0,0,0,0,0,0,0,0,0,70183,0,0,0
1744062203.001306,600037,21131153,0,nscratch,nscratch-ffff964ae629a800,0,0,300243376,0,0,0,0,0,0,0,0,0,0,0,0,0,0,0,0,0,0,0,0,0,0,0,0,0,0,0,0,212,0,0,0
1744062203.001428,600037,21131153,0,pscratch,pscratch-ffff964b052c0000,0,0,280277498122,161775451509,0,0,165472,0,0,0,0,0,0,0,0,0,0,0,0,0,0,0,0,0,0,0,0,0,0,0,0,70183,0,0,0
1744062204.001901,600037,21131153,0,nscratch,nscratch-ffff964ae629a800,0,0,300243376,0,0,0,0,0,0,0,0,0,0,0,0,0,0,0,0,0,0,0,0,0,0,0,0,0,0,0,0,212,0,0,0
1744062204.002031,600037,21131153,0,pscratch,pscratch-ffff964b052c0000,0,0,280277498122,161775451509,0,0,165472,0,0,0,0,0,0,0,0,0,0,0,0,0,0,0,0,0,0,0,0,0,0,0,0,70183,0,0,0
1744062205.001336,600037,21131153,0,nscratch,nscratch-ffff964ae629a800,0,0,300243376,0,0,0,0,0,0,0,0,0,0,0,0,0,0,0,0,0,0,0,0,0,0,0,0,0,0,0,0,212,0,0,0
1744062205.001457,600037,21131153,0,pscratch,pscratch-ffff964b052c0000,0,0,280277498122,161775451509,0,0,165472,0,0,0,0,0,0,0,0,0,0,0,0,0,0,0,0,0,0,0,0,0,0,0,0,70183,0,0,0
1744062206.001568,600037,21131153,0,nscratch,nscratch-ffff964ae629a800,0,0,300243376,0,0,0,0,0,0,0,0,0,0,0,0,0,0,0,0,0,0,0,0,0,0,0,0,0,0,0,0,212,0,0,0
1744062206.001689,600037,21131153,0,pscratch,pscratch-ffff964b052c0000,0,0,280277498122,161775451509,0,0,165472,0,0,0,0,0,0,0,0,0,0,0,0,0,0,0,0,0,0,0,0,0,0,0,0,70183,0,0,0
1744062207.002163,600037,21131153,0,nscratch,nscratch-ffff964ae629a800,0,0,300243376,0,0,0,0,0,0,0,0,0,0,0,0,0,0,0,0,0,0,0,0,0,0,0,0,0,0,0,0,212,0,0,0
1744062207.002300,600037,21131153,0,pscratch,pscratch-ffff964b052c0000,0,0,280277498122,161775451509,0,0,165472,0,0,0,0,0,0,0,0,0,0,0,0,0,0,0,0,0,0,0,0,0,0,0,0,70183,0,0,0
1744062208.001611,600037,21131153,0,nscratch,nscratch-ffff964ae629a800,0,0,300243376,0,0,0,0,0,0,0,0,0,0,0,0,0,0,0,0,0,0,0,0,0,0,0,0,0,0,0,0,212,0,0,0
1744062208.001731,600037,21131153,0,pscratch,pscratch-ffff964b052c0000,0,0,280277498122,161775451509,0,0,165472,0,0,0,0,0,0,0,0,0,0,0,0,0,0,0,0,0,0,0,0,0,0,0,0,70183,0,0,0
1744062209.001840,600037,21131153,0,nscratch,nscratch-ffff964ae629a800,0,0,300243376,0,0,0,0,0,0,0,0,0,0,0,0,0,0,0,0,0,0,0,0,0,0,0,0,0,0,0,0,212,0,0,0
1744062209.001966,600037,21131153,0,pscratch,pscratch-ffff964b052c0000,0,0,280277498122,161775451509,0,0,165472,0,0,0,0,0,0,0,0,0,0,0,0,0,0,0,0,0,0,0,0,0,0,0,0,70183,0,0,0
1744062210.001436,600037,21131153,0,nscratch,nscratch-ffff964ae629a800,0,0,300243376,0,0,0,0,0,0,0,0,0,0,0,0,0,0,0,0,0,0,0,0,0,0,0,0,0,0,0,0,212,0,0,0
1744062210.001557,600037,21131153,0,pscratch,pscratch-ffff964b052c0000,0,0,280277498122,161775451509,0,0,165472,0,0,0,0,0,0,0,0,0,0,0,0,0,0,0,0,0,0,0,0,0,0,0,0,70183,0,0,0
1744062211.001870,600037,21131153,0,nscratch,nscratch-ffff964ae629a800,0,0,300243376,0,0,0,0,0,0,0,0,0,0,0,0,0,0,0,0,0,0,0,0,0,0,0,0,0,0,0,0,212,0,0,0
1744062211.001996,600037,21131153,0,pscratch,pscratch-ffff964b052c0000,0,0,280277498122,161775451509,0,0,165472,0,0,0,0,0,0,0,0,0,0,0,0,0,0,0,0,0,0,0,0,0,0,0,0,70183,0,0,0
1744062212.002106,600037,21131153,0,nscratch,nscratch-ffff964ae629a800,0,0,300243376,0,0,0,0,0,0,0,0,0,0,0,0,0,0,0,0,0,0,0,0,0,0,0,0,0,0,0,0,212,0,0,0
1744062212.002231,600037,21131153,0,pscratch,pscratch-ffff964b052c0000,0,0,280277498122,161775451509,0,0,165472,0,0,0,0,0,0,0,0,0,0,0,0,0,0,0,0,0,0,0,0,0,0,0,0,70183,0,0,0
1744062213.001697,600037,21131153,0,nscratch,nscratch-ffff964ae629a800,0,0,300243376,0,0,0,0,0,0,0,0,0,0,0,0,0,0,0,0,0,0,0,0,0,0,0,0,0,0,0,0,212,0,0,0
1744062213.001816,600037,21131153,0,pscratch,pscratch-ffff964b052c0000,0,0,280277498122,161775451509,0,0,165472,0,0,0,0,0,0,0,0,0,0,0,0,0,0,0,0,0,0,0,0,0,0,0,0,70183,0,0,0
1744062214.002137,600037,21131153,0,nscratch,nscratch-ffff964ae629a800,0,0,300243376,0,0,0,0,0,0,0,0,0,0,0,0,0,0,0,0,0,0,0,0,0,0,0,0,0,0,0,0,212,0,0,0
1744062214.002259,600037,21131153,0,pscratch,pscratch-ffff964b052c0000,0,0,280277498122,161775451509,0,0,165472,0,0,0,0,0,0,0,0,0,0,0,0,0,0,0,0,0,0,0,0,0,0,0,0,70183,0,0,0
1744062215.001362,600037,21131153,0,nscratch,nscratch-ffff964ae629a800,0,0,300243376,0,0,0,0,0,0,0,0,0,0,0,0,0,0,0,0,0,0,0,0,0,0,0,0,0,0,0,0,212,0,0,0
1744062215.001481,600037,21131153,0,pscratch,pscratch-ffff964b052c0000,0,0,280277498122,161775451509,0,0,165472,0,0,0,0,0,0,0,0,0,0,0,0,0,0,0,0,0,0,0,0,0,0,0,0,70183,0,0,0
1744062216.001950,600037,21131153,0,nscratch,nscratch-ffff964ae629a800,0,0,300243376,0,0,0,0,0,0,0,0,0,0,0,0,0,0,0,0,0,0,0,0,0,0,0,0,0,0,0,0,212,0,0,0
1744062216.002072,600037,21131153,0,pscratch,pscratch-ffff964b052c0000,0,0,280277498122,161775451509,0,0,165472,0,0,0,0,0,0,0,0,0,0,0,0,0,0,0,0,0,0,0,0,0,0,0,0,70183,0,0,0
1744062217.001379,600037,21131153,0,nscratch,nscratch-ffff964ae629a800,0,0,300243376,0,0,0,0,0,0,0,0,0,0,0,0,0,0,0,0,0,0,0,0,0,0,0,0,0,0,0,0,212,0,0,0
1744062217.001498,600037,21131153,0,pscratch,pscratch-ffff964b052c0000,0,0,280277498122,161775451509,0,0,165472,0,0,0,0,0,0,0,0,0,0,0,0,0,0,0,0,0,0,0,0,0,0,0,0,70183,0,0,0
1744062218.001601,600037,21131153,0,nscratch,nscratch-ffff964ae629a800,0,0,300243376,0,0,0,0,0,0,0,0,0,0,0,0,0,0,0,0,0,0,0,0,0,0,0,0,0,0,0,0,212,0,0,0
1744062218.001721,600037,21131153,0,pscratch,pscratch-ffff964b052c0000,0,0,280277498122,161775451509,0,0,165472,0,0,0,0,0,0,0,0,0,0,0,0,0,0,0,0,0,0,0,0,0,0,0,0,70183,0,0,0
1744062219.002206,600037,21131153,0,nscratch,nscratch-ffff964ae629a800,0,0,300243376,0,0,0,0,0,0,0,0,0,0,0,0,0,0,0,0,0,0,0,0,0,0,0,0,0,0,0,0,212,0,0,0
1744062219.002327,600037,21131153,0,pscratch,pscratch-ffff964b052c0000,0,0,280277498122,161775451509,0,0,165472,0,0,0,0,0,0,0,0,0,0,0,0,0,0,0,0,0,0,0,0,0,0,0,0,70183,0,0,0
1744062220.001635,600037,21131153,0,nscratch,nscratch-ffff964ae629a800,0,0,300243376,0,0,0,0,0,0,0,0,0,0,0,0,0,0,0,0,0,0,0,0,0,0,0,0,0,0,0,0,212,0,0,0
1744062220.001758,600037,21131153,0,pscratch,pscratch-ffff964b052c0000,0,0,280277498122,161775451509,0,0,165472,0,0,0,0,0,0,0,0,0,0,0,0,0,0,0,0,0,0,0,0,0,0,0,0,70183,0,0,0
1744062221.001861,600037,21131153,0,nscratch,nscratch-ffff964ae629a800,0,0,300243376,0,0,0,0,0,0,0,0,0,0,0,0,0,0,0,0,0,0,0,0,0,0,0,0,0,0,0,0,212,0,0,0
1744062221.001989,600037,21131153,0,pscratch,pscratch-ffff964b052c0000,0,0,280277498122,161775451509,0,0,165472,0,0,0,0,0,0,0,0,0,0,0,0,0,0,0,0,0,0,0,0,0,0,0,0,70183,0,0,0
1744062222.001443,600037,21131153,0,nscratch,nscratch-ffff964ae629a800,0,0,300243376,0,0,0,0,0,0,0,0,0,0,0,0,0,0,0,0,0,0,0,0,0,0,0,0,0,0,0,0,212,0,0,0
1744062222.001564,600037,21131153,0,pscratch,pscratch-ffff964b052c0000,0,0,280277498122,161775451509,0,0,165472,0,0,0,0,0,0,0,0,0,0,0,0,0,0,0,0,0,0,0,0,0,0,0,0,70183,0,0,0
1744062223.001877,600037,21131153,0,nscratch,nscratch-ffff964ae629a800,0,0,300243376,0,0,0,0,0,0,0,0,0,0,0,0,0,0,0,0,0,0,0,0,0,0,0,0,0,0,0,0,212,0,0,0
1744062223.002003,600037,21131153,0,pscratch,pscratch-ffff964b052c0000,0,0,280277498122,161775451509,0,0,165472,0,0,0,0,0,0,0,0,0,0,0,0,0,0,0,0,0,0,0,0,0,0,0,0,70183,0,0,0
1744062224.001106,600037,21131153,0,nscratch,nscratch-ffff964ae629a800,0,0,300243376,0,0,0,0,0,0,0,0,0,0,0,0,0,0,0,0,0,0,0,0,0,0,0,0,0,0,0,0,212,0,0,0
1744062224.001226,600037,21131153,0,pscratch,pscratch-ffff964b052c0000,0,0,280277498122,161775451509,0,0,165472,0,0,0,0,0,0,0,0,0,0,0,0,0,0,0,0,0,0,0,0,0,0,0,0,70183,0,0,0
1744062225.001689,600037,21131153,0,nscratch,nscratch-ffff964ae629a800,0,0,300243376,0,0,0,0,0,0,0,0,0,0,0,0,0,0,0,0,0,0,0,0,0,0,0,0,0,0,0,0,212,0,0,0
1744062225.001807,600037,21131153,0,pscratch,pscratch-ffff964b052c0000,0,0,280277498122,161775451509,0,0,165472,0,0,0,0,0,0,0,0,0,0,0,0,0,0,0,0,0,0,0,0,0,0,0,0,70183,0,0,0
1744062226.002119,600037,21131153,0,nscratch,nscratch-ffff964ae629a800,0,0,300243376,0,0,0,0,0,0,0,0,0,0,0,0,0,0,0,0,0,0,0,0,0,0,0,0,0,0,0,0,212,0,0,0
1744062226.002242,600037,21131153,0,pscratch,pscratch-ffff964b052c0000,0,0,280277498122,161775451509,0,0,165472,0,0,0,0,0,0,0,0,0,0,0,0,0,0,0,0,0,0,0,0,0,0,0,0,70183,0,0,0
1744062227.001343,600037,21131153,0,nscratch,nscratch-ffff964ae629a800,0,0,300243376,0,0,0,0,0,0,0,0,0,0,0,0,0,0,0,0,0,0,0,0,0,0,0,0,0,0,0,0,212,0,0,0
1744062227.001461,600037,21131153,0,pscratch,pscratch-ffff964b052c0000,0,0,280277498122,161775451509,0,0,165472,0,0,0,0,0,0,0,0,0,0,0,0,0,0,0,0,0,0,0,0,0,0,0,0,70183,0,0,0
1744062228.001934,600037,21131153,0,nscratch,nscratch-ffff964ae629a800,0,0,300243376,0,0,0,0,0,0,0,0,0,0,0,0,0,0,0,0,0,0,0,0,0,0,0,0,0,0,0,0,212,0,0,0
1744062228.002057,600037,21131153,0,pscratch,pscratch-ffff964b052c0000,0,0,280277498122,161775451509,0,0,165472,0,0,0,0,0,0,0,0,0,0,0,0,0,0,0,0,0,0,0,0,0,0,0,0,70183,0,0,0
1744062229.001366,600037,21131153,0,nscratch,nscratch-ffff964ae629a800,0,0,300243376,0,0,0,0,0,0,0,0,0,0,0,0,0,0,0,0,0,0,0,0,0,0,0,0,0,0,0,0,212,0,0,0
1744062229.001485,600037,21131153,0,pscratch,pscratch-ffff964b052c0000,0,0,280277498122,161775451509,0,0,165472,0,0,0,0,0,0,0,0,0,0,0,0,0,0,0,0,0,0,0,0,0,0,0,0,70183,0,0,0
1744062230.001594,600037,21131153,0,nscratch,nscratch-ffff964ae629a800,0,0,300243376,0,0,0,0,0,0,0,0,0,0,0,0,0,0,0,0,0,0,0,0,0,0,0,0,0,0,0,0,212,0,0,0
1744062230.001717,600037,21131153,0,pscratch,pscratch-ffff964b052c0000,0,0,280277498122,161775451509,0,0,165472,0,0,0,0,0,0,0,0,0,0,0,0,0,0,0,0,0,0,0,0,0,0,0,0,70183,0,0,0
1744062231.002200,600037,21131153,0,nscratch,nscratch-ffff964ae629a800,0,0,300243376,0,0,0,0,0,0,0,0,0,0,0,0,0,0,0,0,0,0,0,0,0,0,0,0,0,0,0,0,212,0,0,0
1744062231.002318,600037,21131153,0,pscratch,pscratch-ffff964b052c0000,0,0,280277498122,161775451509,0,0,165472,0,0,0,0,0,0,0,0,0,0,0,0,0,0,0,0,0,0,0,0,0,0,0,0,70183,0,0,0
1744062232.001630,600037,21131153,0,nscratch,nscratch-ffff964ae629a800,0,0,300243376,0,0,0,0,0,0,0,0,0,0,0,0,0,0,0,0,0,0,0,0,0,0,0,0,0,0,0,0,212,0,0,0
1744062232.001751,600037,21131153,0,pscratch,pscratch-ffff964b052c0000,0,0,280277498122,161775451509,0,0,165472,0,0,0,0,0,0,0,0,0,0,0,0,0,0,0,0,0,0,0,0,0,0,0,0,70183,0,0,0
1744062233.001857,600037,21131153,0,nscratch,nscratch-ffff964ae629a800,0,0,300243376,0,0,0,0,0,0,0,0,0,0,0,0,0,0,0,0,0,0,0,0,0,0,0,0,0,0,0,0,212,0,0,0
1744062233.001982,600037,21131153,0,pscratch,pscratch-ffff964b052c0000,0,0,280277498122,161775451509,0,0,165472,0,0,0,0,0,0,0,0,0,0,0,0,0,0,0,0,0,0,0,0,0,0,0,0,70183,0,0,0
1744062234.001449,600037,21131153,0,nscratch,nscratch-ffff964ae629a800,0,0,300243376,0,0,0,0,0,0,0,0,0,0,0,0,0,0,0,0,0,0,0,0,0,0,0,0,0,0,0,0,212,0,0,0
1744062234.001569,600037,21131153,0,pscratch,pscratch-ffff964b052c0000,0,0,280277498122,161775451509,0,0,165472,0,0,0,0,0,0,0,0,0,0,0,0,0,0,0,0,0,0,0,0,0,0,0,0,70183,0,0,0
1744062235.001881,600037,21131153,0,nscratch,nscratch-ffff964ae629a800,0,0,300243376,0,0,0,0,0,0,0,0,0,0,0,0,0,0,0,0,0,0,0,0,0,0,0,0,0,0,0,0,212,0,0,0
1744062235.002010,600037,21131153,0,pscratch,pscratch-ffff964b052c0000,0,0,280277498122,161775451509,0,0,165472,0,0,0,0,0,0,0,0,0,0,0,0,0,0,0,0,0,0,0,0,0,0,0,0,70183,0,0,0
1744062236.001115,600037,21131153,0,nscratch,nscratch-ffff964ae629a800,0,0,300243376,0,0,0,0,0,0,0,0,0,0,0,0,0,0,0,0,0,0,0,0,0,0,0,0,0,0,0,0,212,0,0,0
1744062236.001234,600037,21131153,0,pscratch,pscratch-ffff964b052c0000,0,0,280277498122,161775451509,0,0,165472,0,0,0,0,0,0,0,0,0,0,0,0,0,0,0,0,0,0,0,0,0,0,0,0,70183,0,0,0
1744062237.001702,600037,21131153,0,nscratch,nscratch-ffff964ae629a800,0,0,300243376,0,0,0,0,0,0,0,0,0,0,0,0,0,0,0,0,0,0,0,0,0,0,0,0,0,0,0,0,212,0,0,0
1744062237.001824,600037,21131153,0,pscratch,pscratch-ffff964b052c0000,0,0,280277498122,161775451509,0,0,165472,0,0,0,0,0,0,0,0,0,0,0,0,0,0,0,0,0,0,0,0,0,0,0,0,70183,0,0,0
1744062238.002152,600037,21131153,0,nscratch,nscratch-ffff964ae629a800,0,0,300243376,0,0,0,0,0,0,0,0,0,0,0,0,0,0,0,0,0,0,0,0,0,0,0,0,0,0,0,0,212,0,0,0
1744062238.002273,600037,21131153,0,pscratch,pscratch-ffff964b052c0000,0,0,280277498122,161775451509,0,0,165472,0,0,0,0,0,0,0,0,0,0,0,0,0,0,0,0,0,0,0,0,0,0,0,0,70183,0,0,0
1744062239.001387,600037,21131153,0,nscratch,nscratch-ffff964ae629a800,0,0,300243376,0,0,0,0,0,0,0,0,0,0,0,0,0,0,0,0,0,0,0,0,0,0,0,0,0,0,0,0,212,0,0,0
1744062239.001509,600037,21131153,0,pscratch,pscratch-ffff964b052c0000,0,0,280277498122,161775451509,0,0,165472,0,0,0,0,0,0,0,0,0,0,0,0,0,0,0,0,0,0,0,0,0,0,0,0,70183,0,0,0
1744062240.001987,600037,21131153,0,nscratch,nscratch-ffff964ae629a800,0,0,300243376,0,0,0,0,0,0,0,0,0,0,0,0,0,0,0,0,0,0,0,0,0,0,0,0,0,0,0,0,212,0,0,0
1744062240.002108,600037,21131153,0,pscratch,pscratch-ffff964b052c0000,0,0,280277498122,161775451509,0,0,165472,0,0,0,0,0,0,0,0,0,0,0,0,0,0,0,0,0,0,0,0,0,0,0,0,70183,0,0,0
1744062241.001416,600037,21131153,0,nscratch,nscratch-ffff964ae629a800,0,0,300243376,0,0,0,0,0,0,0,0,0,0,0,0,0,0,0,0,0,0,0,0,0,0,0,0,0,0,0,0,212,0,0,0
1744062241.001536,600037,21131153,0,pscratch,pscratch-ffff964b052c0000,0,0,280277498122,161775451509,0,0,165472,0,0,0,0,0,0,0,0,0,0,0,0,0,0,0,0,0,0,0,0,0,0,0,0,70183,0,0,0
1744062242.001642,600037,21131153,0,nscratch,nscratch-ffff964ae629a800,0,0,300243376,0,0,0,0,0,0,0,0,0,0,0,0,0,0,0,0,0,0,0,0,0,0,0,0,0,0,0,0,212,0,0,0
1744062242.001765,600037,21131153,0,pscratch,pscratch-ffff964b052c0000,0,0,280277498122,161775451509,0,0,165472,0,0,0,0,0,0,0,0,0,0,0,0,0,0,0,0,0,0,0,0,0,0,0,0,70183,0,0,0
1744062243.002234,600037,21131153,0,nscratch,nscratch-ffff964ae629a800,0,0,300243376,0,0,0,0,0,0,0,0,0,0,0,0,0,0,0,0,0,0,0,0,0,0,0,0,0,0,0,0,212,0,0,0
1744062243.002353,600037,21131153,0,pscratch,pscratch-ffff964b052c0000,0,0,280277498122,161775451509,0,0,165472,0,0,0,0,0,0,0,0,0,0,0,0,0,0,0,0,0,0,0,0,0,0,0,0,70183,0,0,0
1744062244.001664,600037,21131153,0,nscratch,nscratch-ffff964ae629a800,0,0,300243376,0,0,0,0,0,0,0,0,0,0,0,0,0,0,0,0,0,0,0,0,0,0,0,0,0,0,0,0,212,0,0,0
1744062244.001783,600037,21131153,0,pscratch,pscratch-ffff964b052c0000,0,0,280277498122,161775451509,0,0,165472,0,0,0,0,0,0,0,0,0,0,0,0,0,0,0,0,0,0,0,0,0,0,0,0,70183,0,0,0
1744062245.001889,600037,21131153,0,nscratch,nscratch-ffff964ae629a800,0,0,300243376,0,0,0,0,0,0,0,0,0,0,0,0,0,0,0,0,0,0,0,0,0,0,0,0,0,0,0,0,212,0,0,0
1744062245.002017,600037,21131153,0,pscratch,pscratch-ffff964b052c0000,0,0,280277498122,161775451509,0,0,165472,0,0,0,0,0,0,0,0,0,0,0,0,0,0,0,0,0,0,0,0,0,0,0,0,70183,0,0,0
1744062246.001492,600037,21131153,0,nscratch,nscratch-ffff964ae629a800,0,0,300243376,0,0,0,0,0,0,0,0,0,0,0,0,0,0,0,0,0,0,0,0,0,0,0,0,0,0,0,0,212,0,0,0
1744062246.001612,600037,21131153,0,pscratch,pscratch-ffff964b052c0000,0,0,280277498122,161775451509,0,0,165472,0,0,0,0,0,0,0,0,0,0,0,0,0,0,0,0,0,0,0,0,0,0,0,0,70183,0,0,0
1744062247.001924,600037,21131153,0,nscratch,nscratch-ffff964ae629a800,0,0,300243376,0,0,0,0,0,0,0,0,0,0,0,0,0,0,0,0,0,0,0,0,0,0,0,0,0,0,0,0,212,0,0,0
1744062247.002047,600037,21131153,0,pscratch,pscratch-ffff964b052c0000,0,0,280277498122,161775451509,0,0,165472,0,0,0,0,0,0,0,0,0,0,0,0,0,0,0,0,0,0,0,0,0,0,0,0,70183,0,0,0
1744062248.001156,600037,21131153,0,nscratch,nscratch-ffff964ae629a800,0,0,300243376,0,0,0,0,0,0,0,0,0,0,0,0,0,0,0,0,0,0,0,0,0,0,0,0,0,0,0,0,212,0,0,0
1744062248.001275,600037,21131153,0,pscratch,pscratch-ffff964b052c0000,0,0,280277498122,161775451509,0,0,165472,0,0,0,0,0,0,0,0,0,0,0,0,0,0,0,0,0,0,0,0,0,0,0,0,70183,0,0,0
1744062249.001745,600037,21131153,0,nscratch,nscratch-ffff964ae629a800,0,0,300243376,0,0,0,0,0,0,0,0,0,0,0,0,0,0,0,0,0,0,0,0,0,0,0,0,0,0,0,0,212,0,0,0
1744062249.001868,600037,21131153,0,pscratch,pscratch-ffff964b052c0000,0,0,280277498122,161775451509,0,0,165472,0,0,0,0,0,0,0,0,0,0,0,0,0,0,0,0,0,0,0,0,0,0,0,0,70183,0,0,0
1744062250.002201,600037,21131153,0,nscratch,nscratch-ffff964ae629a800,0,0,300243376,0,0,0,0,0,0,0,0,0,0,0,0,0,0,0,0,0,0,0,0,0,0,0,0,0,0,0,0,212,0,0,0
1744062250.002320,600037,21131153,0,pscratch,pscratch-ffff964b052c0000,0,0,280277498122,161775451509,0,0,165472,0,0,0,0,0,0,0,0,0,0,0,0,0,0,0,0,0,0,0,0,0,0,0,0,70183,0,0,0
1744062251.001438,600037,21131153,0,nscratch,nscratch-ffff964ae629a800,0,0,300243376,0,0,0,0,0,0,0,0,0,0,0,0,0,0,0,0,0,0,0,0,0,0,0,0,0,0,0,0,212,0,0,0
1744062251.001558,600037,21131153,0,pscratch,pscratch-ffff964b052c0000,0,0,280277498122,161775451509,0,0,165472,0,0,0,0,0,0,0,0,0,0,0,0,0,0,0,0,0,0,0,0,0,0,0,0,70183,0,0,0
1744062252.002031,600037,21131153,0,nscratch,nscratch-ffff964ae629a800,0,0,300243376,0,0,0,0,0,0,0,0,0,0,0,0,0,0,0,0,0,0,0,0,0,0,0,0,0,0,0,0,212,0,0,0
1744062252.002154,600037,21131153,0,pscratch,pscratch-ffff964b052c0000,0,0,280277498122,161775451509,0,0,165472,0,0,0,0,0,0,0,0,0,0,0,0,0,0,0,0,0,0,0,0,0,0,0,0,70183,0,0,0
1744062253.001463,600037,21131153,0,nscratch,nscratch-ffff964ae629a800,0,0,300243376,0,0,0,0,0,0,0,0,0,0,0,0,0,0,0,0,0,0,0,0,0,0,0,0,0,0,0,0,212,0,0,0
1744062253.001583,600037,21131153,0,pscratch,pscratch-ffff964b052c0000,0,0,280277498122,161775451509,0,0,165472,0,0,0,0,0,0,0,0,0,0,0,0,0,0,0,0,0,0,0,0,0,0,0,0,70183,0,0,0
1744062254.001692,600037,21131153,0,nscratch,nscratch-ffff964ae629a800,0,0,300243376,0,0,0,0,0,0,0,0,0,0,0,0,0,0,0,0,0,0,0,0,0,0,0,0,0,0,0,0,212,0,0,0
1744062254.001815,600037,21131153,0,pscratch,pscratch-ffff964b052c0000,0,0,280277498122,161775451509,0,0,165472,0,0,0,0,0,0,0,0,0,0,0,0,0,0,0,0,0,0,0,0,0,0,0,0,70183,0,0,0
1744062255.001559,600037,21131153,0,nscratch,nscratch-ffff964ae629a800,0,0,300243376,0,0,0,0,0,0,0,0,0,0,0,0,0,0,0,0,0,0,0,0,0,0,0,0,0,0,0,0,212,0,0,0
1744062255.001684,600037,21131153,0,pscratch,pscratch-ffff964b052c0000,0,0,280277498122,161775451509,0,0,165472,0,0,0,0,0,0,0,0,0,0,0,0,0,0,0,0,0,0,0,0,0,0,0,0,70183,0,0,0
1744062256.001999,600037,21131153,0,nscratch,nscratch-ffff964ae629a800,0,0,300243376,0,0,0,0,0,0,0,0,0,0,0,0,0,0,0,0,0,0,0,0,0,0,0,0,0,0,0,0,212,0,0,0
1744062256.002119,600037,21131153,0,pscratch,pscratch-ffff964b052c0000,0,0,280277498122,161775451509,0,0,165472,0,0,0,0,0,0,0,0,0,0,0,0,0,0,0,0,0,0,0,0,0,0,0,0,70183,0,0,0
1744062257.001220,600037,21131153,0,nscratch,nscratch-ffff964ae629a800,0,0,300243376,0,0,0,0,0,0,0,0,0,0,0,0,0,0,0,0,0,0,0,0,0,0,0,0,0,0,0,0,212,0,0,0
1744062257.001338,600037,21131153,0,pscratch,pscratch-ffff964b052c0000,0,0,280277498122,161775451509,0,0,165472,0,0,0,0,0,0,0,0,0,0,0,0,0,0,0,0,0,0,0,0,0,0,0,0,70183,0,0,0
1744062258.001801,600037,21131153,0,nscratch,nscratch-ffff964ae629a800,0,0,300243376,0,0,0,0,0,0,0,0,0,0,0,0,0,0,0,0,0,0,0,0,0,0,0,0,0,0,0,0,212,0,0,0
1744062258.001928,600037,21131153,0,pscratch,pscratch-ffff964b052c0000,0,0,280277498122,161775451509,0,0,165472,0,0,0,0,0,0,0,0,0,0,0,0,0,0,0,0,0,0,0,0,0,0,0,0,70183,0,0,0
1744062259.002252,600037,21131153,0,nscratch,nscratch-ffff964ae629a800,0,0,300243376,0,0,0,0,0,0,0,0,0,0,0,0,0,0,0,0,0,0,0,0,0,0,0,0,0,0,0,0,212,0,0,0
1744062259.002372,600037,21131153,0,pscratch,pscratch-ffff964b052c0000,0,0,280277498122,161775451509,0,0,165472,0,0,0,0,0,0,0,0,0,0,0,0,0,0,0,0,0,0,0,0,0,0,0,0,70183,0,0,0
1744062260.001476,600037,21131153,0,nscratch,nscratch-ffff964ae629a800,0,0,300243376,0,0,0,0,0,0,0,0,0,0,0,0,0,0,0,0,0,0,0,0,0,0,0,0,0,0,0,0,212,0,0,0
1744062260.001595,600037,21131153,0,pscratch,pscratch-ffff964b052c0000,0,0,280277498122,161775451509,0,0,165472,0,0,0,0,0,0,0,0,0,0,0,0,0,0,0,0,0,0,0,0,0,0,0,0,70183,0,0,0
1744062261.002066,600037,21131153,0,nscratch,nscratch-ffff964ae629a800,0,0,300243376,0,0,0,0,0,0,0,0,0,0,0,0,0,0,0,0,0,0,0,0,0,0,0,0,0,0,0,0,212,0,0,0
1744062261.002186,600037,21131153,0,pscratch,pscratch-ffff964b052c0000,0,0,280277498122,161775451509,0,0,165472,0,0,0,0,0,0,0,0,0,0,0,0,0,0,0,0,0,0,0,0,0,0,0,0,70183,0,0,0
1744062262.001500,600037,21131153,0,nscratch,nscratch-ffff964ae629a800,0,0,300243376,0,0,0,0,0,0,0,0,0,0,0,0,0,0,0,0,0,0,0,0,0,0,0,0,0,0,0,0,212,0,0,0
1744062262.001619,600037,21131153,0,pscratch,pscratch-ffff964b052c0000,0,0,280277498122,161775451509,0,0,165472,0,0,0,0,0,0,0,0,0,0,0,0,0,0,0,0,0,0,0,0,0,0,0,0,70183,0,0,0
1744062263.001722,600037,21131153,0,nscratch,nscratch-ffff964ae629a800,0,0,300243376,0,0,0,0,0,0,0,0,0,0,0,0,0,0,0,0,0,0,0,0,0,0,0,0,0,0,0,0,212,0,0,0
1744062263.001840,600037,21131153,0,pscratch,pscratch-ffff964b052c0000,0,0,280277498122,161775451509,0,0,165472,0,0,0,0,0,0,0,0,0,0,0,0,0,0,0,0,0,0,0,0,0,0,0,0,70183,0,0,0
1744062264.001324,600037,21131153,0,nscratch,nscratch-ffff964ae629a800,0,0,300243376,0,0,0,0,0,0,0,0,0,0,0,0,0,0,0,0,0,0,0,0,0,0,0,0,0,0,0,0,212,0,0,0
1744062264.001444,600037,21131153,0,pscratch,pscratch-ffff964b052c0000,0,0,280277498122,161775451509,0,0,165472,0,0,0,0,0,0,0,0,0,0,0,0,0,0,0,0,0,0,0,0,0,0,0,0,70183,0,0,0
1744062265.001750,600037,21131153,0,nscratch,nscratch-ffff964ae629a800,0,0,300243376,0,0,0,0,0,0,0,0,0,0,0,0,0,0,0,0,0,0,0,0,0,0,0,0,0,0,0,0,212,0,0,0
1744062265.001869,600037,21131153,0,pscratch,pscratch-ffff964b052c0000,0,0,280277498122,161775451509,0,0,165472,0,0,0,0,0,0,0,0,0,0,0,0,0,0,0,0,0,0,0,0,0,0,0,0,70183,0,0,0
1744062266.001980,600037,21131153,0,nscratch,nscratch-ffff964ae629a800,0,0,300243376,0,0,0,0,0,0,0,0,0,0,0,0,0,0,0,0,0,0,0,0,0,0,0,0,0,0,0,0,212,0,0,0
1744062266.002101,600037,21131153,0,pscratch,pscratch-ffff964b052c0000,0,0,280277498122,161775451509,0,0,165472,0,0,0,0,0,0,0,0,0,0,0,0,0,0,0,0,0,0,0,0,0,0,0,0,70183,0,0,0
1744062267.001566,600037,21131153,0,nscratch,nscratch-ffff964ae629a800,0,0,300243376,0,0,0,0,0,0,0,0,0,0,0,0,0,0,0,0,0,0,0,0,0,0,0,0,0,0,0,0,212,0,0,0
1744062267.001685,600037,21131153,0,pscratch,pscratch-ffff964b052c0000,0,0,280277498122,161775451509,0,0,165472,0,0,0,0,0,0,0,0,0,0,0,0,0,0,0,0,0,0,0,0,0,0,0,0,70183,0,0,0
1744062268.001996,600037,21131153,0,nscratch,nscratch-ffff964ae629a800,0,0,300243376,0,0,0,0,0,0,0,0,0,0,0,0,0,0,0,0,0,0,0,0,0,0,0,0,0,0,0,0,212,0,0,0
1744062268.002119,600037,21131153,0,pscratch,pscratch-ffff964b052c0000,0,0,280277498122,161775451509,0,0,165472,0,0,0,0,0,0,0,0,0,0,0,0,0,0,0,0,0,0,0,0,0,0,0,0,70183,0,0,0
1744062269.001225,600037,21131153,0,nscratch,nscratch-ffff964ae629a800,0,0,300243376,0,0,0,0,0,0,0,0,0,0,0,0,0,0,0,0,0,0,0,0,0,0,0,0,0,0,0,0,212,0,0,0
1744062269.001345,600037,21131153,0,pscratch,pscratch-ffff964b052c0000,0,0,280277498122,161775451509,0,0,165472,0,0,0,0,0,0,0,0,0,0,0,0,0,0,0,0,0,0,0,0,0,0,0,0,70183,0,0,0
1744062270.001847,600037,21131153,0,nscratch,nscratch-ffff964ae629a800,0,0,300243376,0,0,0,0,0,0,0,0,0,0,0,0,0,0,0,0,0,0,0,0,0,0,0,0,0,0,0,0,212,0,0,0
1744062270.001993,600037,21131153,0,pscratch,pscratch-ffff964b052c0000,0,0,280277498122,161775451509,0,0,165472,0,0,0,0,0,0,0,0,0,0,0,0,0,0,0,0,0,0,0,0,0,0,0,0,70183,0,0,0
1744062271.001296,600037,21131153,0,nscratch,nscratch-ffff964ae629a800,0,0,300243376,0,0,0,0,0,0,0,0,0,0,0,0,0,0,0,0,0,0,0,0,0,0,0,0,0,0,0,0,212,0,0,0
1744062271.001416,600037,21131153,0,pscratch,pscratch-ffff964b052c0000,0,0,280277498122,161775451509,0,0,165472,0,0,0,0,0,0,0,0,0,0,0,0,0,0,0,0,0,0,0,0,0,0,0,0,70183,0,0,0
1744062272.001524,600037,21131153,0,nscratch,nscratch-ffff964ae629a800,0,0,300243376,0,0,0,0,0,0,0,0,0,0,0,0,0,0,0,0,0,0,0,0,0,0,0,0,0,0,0,0,212,0,0,0
1744062272.001642,600037,21131153,0,pscratch,pscratch-ffff964b052c0000,0,0,280277498122,161775451509,0,0,165472,0,0,0,0,0,0,0,0,0,0,0,0,0,0,0,0,0,0,0,0,0,0,0,0,70183,0,0,0
1744062273.002127,600037,21131153,0,nscratch,nscratch-ffff964ae629a800,0,0,300243376,0,0,0,0,0,0,0,0,0,0,0,0,0,0,0,0,0,0,0,0,0,0,0,0,0,0,0,0,212,0,0,0
1744062273.002248,600037,21131153,0,pscratch,pscratch-ffff964b052c0000,0,0,280277498122,161775451509,0,0,165472,0,0,0,0,0,0,0,0,0,0,0,0,0,0,0,0,0,0,0,0,0,0,0,0,70183,0,0,0
1744062274.001558,600037,21131153,0,nscratch,nscratch-ffff964ae629a800,0,0,300243376,0,0,0,0,0,0,0,0,0,0,0,0,0,0,0,0,0,0,0,0,0,0,0,0,0,0,0,0,212,0,0,0
1744062274.001680,600037,21131153,0,pscratch,pscratch-ffff964b052c0000,0,0,280277498122,161775451509,0,0,165472,0,0,0,0,0,0,0,0,0,0,0,0,0,0,0,0,0,0,0,0,0,0,0,0,70183,0,0,0
1744062275.001785,600037,21131153,0,nscratch,nscratch-ffff964ae629a800,0,0,300243376,0,0,0,0,0,0,0,0,0,0,0,0,0,0,0,0,0,0,0,0,0,0,0,0,0,0,0,0,212,0,0,0
1744062275.001911,600037,21131153,0,pscratch,pscratch-ffff964b052c0000,0,0,280277498122,161775451509,0,0,165472,0,0,0,0,0,0,0,0,0,0,0,0,0,0,0,0,0,0,0,0,0,0,0,0,70183,0,0,0
1744062276.001374,600037,21131153,0,nscratch,nscratch-ffff964ae629a800,0,0,300243376,0,0,0,0,0,0,0,0,0,0,0,0,0,0,0,0,0,0,0,0,0,0,0,0,0,0,0,0,212,0,0,0
1744062276.001494,600037,21131153,0,pscratch,pscratch-ffff964b052c0000,0,0,280277498122,161775451509,0,0,165472,0,0,0,0,0,0,0,0,0,0,0,0,0,0,0,0,0,0,0,0,0,0,0,0,70183,0,0,0
1744062277.001376,600037,21131153,0,nscratch,nscratch-ffff964ae629a800,0,0,300243376,0,0,0,0,0,0,0,0,0,0,0,0,0,0,0,0,0,0,0,0,0,0,0,0,0,0,0,0,212,0,0,0
1744062277.001500,600037,21131153,0,pscratch,pscratch-ffff964b052c0000,0,0,280277498122,161775451509,0,0,165472,0,0,0,0,0,0,0,0,0,0,0,0,0,0,0,0,0,0,0,0,0,0,0,0,70183,0,0,0
1744062278.001613,600037,21131153,0,nscratch,nscratch-ffff964ae629a800,0,0,300243376,0,0,0,0,0,0,0,0,0,0,0,0,0,0,0,0,0,0,0,0,0,0,0,0,0,0,0,0,212,0,0,0
1744062278.001735,600037,21131153,0,pscratch,pscratch-ffff964b052c0000,0,0,280277498122,161775451509,0,0,165472,0,0,0,0,0,0,0,0,0,0,0,0,0,0,0,0,0,0,0,0,0,0,0,0,70183,0,0,0
1744062279.002211,600037,21131153,0,nscratch,nscratch-ffff964ae629a800,0,0,300243376,0,0,0,0,0,0,0,0,0,0,0,0,0,0,0,0,0,0,0,0,0,0,0,0,0,0,0,0,212,0,0,0
1744062279.002333,600037,21131153,0,pscratch,pscratch-ffff964b052c0000,0,0,280277498122,161775451509,0,0,165472,0,0,0,0,0,0,0,0,0,0,0,0,0,0,0,0,0,0,0,0,0,0,0,0,70183,0,0,0
1744062280.001682,600037,21131153,0,nscratch,nscratch-ffff964ae629a800,0,0,300243376,0,0,0,0,0,0,0,0,0,0,0,0,0,0,0,0,0,0,0,0,0,0,0,0,0,0,0,0,212,0,0,0
1744062280.001803,600037,21131153,0,pscratch,pscratch-ffff964b052c0000,0,0,280277498122,161775451509,0,0,165472,0,0,0,0,0,0,0,0,0,0,0,0,0,0,0,0,0,0,0,0,0,0,0,0,70183,0,0,0
1744062281.001920,600037,21131153,0,nscratch,nscratch-ffff964ae629a800,0,0,300243376,0,0,0,0,0,0,0,0,0,0,0,0,0,0,0,0,0,0,0,0,0,0,0,0,0,0,0,0,212,0,0,0
1744062281.002042,600037,21131153,0,pscratch,pscratch-ffff964b052c0000,0,0,280277498122,161775451509,0,0,165472,0,0,0,0,0,0,0,0,0,0,0,0,0,0,0,0,0,0,0,0,0,0,0,0,70183,0,0,0
1744062282.001503,600037,21131153,0,nscratch,nscratch-ffff964ae629a800,0,0,300243376,0,0,0,0,0,0,0,0,0,0,0,0,0,0,0,0,0,0,0,0,0,0,0,0,0,0,0,0,212,0,0,0
1744062282.001625,600037,21131153,0,pscratch,pscratch-ffff964b052c0000,0,0,280277498122,161775451509,0,0,165472,0,0,0,0,0,0,0,0,0,0,0,0,0,0,0,0,0,0,0,0,0,0,0,0,70183,0,0,0
1744062283.001939,600037,21131153,0,nscratch,nscratch-ffff964ae629a800,0,0,300243376,0,0,0,0,0,0,0,0,0,0,0,0,0,0,0,0,0,0,0,0,0,0,0,0,0,0,0,0,212,0,0,0
1744062283.002061,600037,21131153,0,pscratch,pscratch-ffff964b052c0000,0,0,280277498122,161775451509,0,0,165472,0,0,0,0,0,0,0,0,0,0,0,0,0,0,0,0,0,0,0,0,0,0,0,0,70183,0,0,0
1744062284.001169,600037,21131153,0,nscratch,nscratch-ffff964ae629a800,0,0,300243376,0,0,0,0,0,0,0,0,0,0,0,0,0,0,0,0,0,0,0,0,0,0,0,0,0,0,0,0,212,0,0,0
1744062284.001291,600037,21131153,0,pscratch,pscratch-ffff964b052c0000,0,0,280277498122,161775451509,0,0,165472,0,0,0,0,0,0,0,0,0,0,0,0,0,0,0,0,0,0,0,0,0,0,0,0,70183,0,0,0
1744062285.001752,600037,21131153,0,nscratch,nscratch-ffff964ae629a800,0,0,300243376,0,0,0,0,0,0,0,0,0,0,0,0,0,0,0,0,0,0,0,0,0,0,0,0,0,0,0,0,212,0,0,0
1744062285.001870,600037,21131153,0,pscratch,pscratch-ffff964b052c0000,0,0,280277498122,161775451509,0,0,165472,0,0,0,0,0,0,0,0,0,0,0,0,0,0,0,0,0,0,0,0,0,0,0,0,70183,0,0,0
1744062286.002192,600037,21131153,0,nscratch,nscratch-ffff964ae629a800,0,0,300243376,0,0,0,0,0,0,0,0,0,0,0,0,0,0,0,0,0,0,0,0,0,0,0,0,0,0,0,0,212,0,0,0
1744062286.002312,600037,21131153,0,pscratch,pscratch-ffff964b052c0000,0,0,280277498122,161775451509,0,0,165472,0,0,0,0,0,0,0,0,0,0,0,0,0,0,0,0,0,0,0,0,0,0,0,0,70183,0,0,0
1744062287.001416,600037,21131153,0,nscratch,nscratch-ffff964ae629a800,0,0,300243376,0,0,0,0,0,0,0,0,0,0,0,0,0,0,0,0,0,0,0,0,0,0,0,0,0,0,0,0,212,0,0,0
1744062287.001534,600037,21131153,0,pscratch,pscratch-ffff964b052c0000,0,0,280277498122,161775451509,0,0,165472,0,0,0,0,0,0,0,0,0,0,0,0,0,0,0,0,0,0,0,0,0,0,0,0,70183,0,0,0
1744062288.001995,600037,21131153,0,nscratch,nscratch-ffff964ae629a800,0,0,300243376,0,0,0,0,0,0,0,0,0,0,0,0,0,0,0,0,0,0,0,0,0,0,0,0,0,0,0,0,212,0,0,0
1744062288.002117,600037,21131153,0,pscratch,pscratch-ffff964b052c0000,0,0,280277498122,161775451509,0,0,165472,0,0,0,0,0,0,0,0,0,0,0,0,0,0,0,0,0,0,0,0,0,0,0,0,70183,0,0,0
1744062289.001419,600037,21131153,0,nscratch,nscratch-ffff964ae629a800,0,0,300243376,0,0,0,0,0,0,0,0,0,0,0,0,0,0,0,0,0,0,0,0,0,0,0,0,0,0,0,0,212,0,0,0
1744062289.001537,600037,21131153,0,pscratch,pscratch-ffff964b052c0000,0,0,280277498122,161775451509,0,0,165472,0,0,0,0,0,0,0,0,0,0,0,0,0,0,0,0,0,0,0,0,0,0,0,0,70183,0,0,0
1744062290.001669,600037,21131153,0,nscratch,nscratch-ffff964ae629a800,0,0,300243376,0,0,0,0,0,0,0,0,0,0,0,0,0,0,0,0,0,0,0,0,0,0,0,0,0,0,0,0,212,0,0,0
1744062290.001804,600037,21131153,0,pscratch,pscratch-ffff964b052c0000,0,0,280277498122,161775451509,0,0,165472,0,0,0,0,0,0,0,0,0,0,0,0,0,0,0,0,0,0,0,0,0,0,0,0,70183,0,0,0
1744062291.001273,600037,21131153,0,nscratch,nscratch-ffff964ae629a800,0,0,300243376,0,0,0,0,0,0,0,0,0,0,0,0,0,0,0,0,0,0,0,0,0,0,0,0,0,0,0,0,212,0,0,0
1744062291.001396,600037,21131153,0,pscratch,pscratch-ffff964b052c0000,0,0,280277498122,161775451509,0,0,165472,0,0,0,0,0,0,0,0,0,0,0,0,0,0,0,0,0,0,0,0,0,0,0,0,70183,0,0,0
1744062292.001708,600037,21131153,0,nscratch,nscratch-ffff964ae629a800,0,0,300243376,0,0,0,0,0,0,0,0,0,0,0,0,0,0,0,0,0,0,0,0,0,0,0,0,0,0,0,0,212,0,0,0
1744062292.001826,600037,21131153,0,pscratch,pscratch-ffff964b052c0000,0,0,280277498122,161775451509,0,0,165472,0,0,0,0,0,0,0,0,0,0,0,0,0,0,0,0,0,0,0,0,0,0,0,0,70183,0,0,0
1744062293.001942,600037,21131153,0,nscratch,nscratch-ffff964ae629a800,0,0,300243376,0,0,0,0,0,0,0,0,0,0,0,0,0,0,0,0,0,0,0,0,0,0,0,0,0,0,0,0,212,0,0,0
1744062293.002065,600037,21131153,0,pscratch,pscratch-ffff964b052c0000,0,0,280277498122,161775451509,0,0,165472,0,0,0,0,0,0,0,0,0,0,0,0,0,0,0,0,0,0,0,0,0,0,0,0,70183,0,0,0
1744062294.001527,600037,21131153,0,nscratch,nscratch-ffff964ae629a800,0,0,300243376,0,0,0,0,0,0,0,0,0,0,0,0,0,0,0,0,0,0,0,0,0,0,0,0,0,0,0,0,212,0,0,0
1744062294.001649,600037,21131153,0,pscratch,pscratch-ffff964b052c0000,0,0,280277498122,161775451509,0,0,165472,0,0,0,0,0,0,0,0,0,0,0,0,0,0,0,0,0,0,0,0,0,0,0,0,70183,0,0,0
1744062295.001970,600037,21131153,0,nscratch,nscratch-ffff964ae629a800,0,0,300243376,0,0,0,0,0,0,0,0,0,0,0,0,0,0,0,0,0,0,0,0,0,0,0,0,0,0,0,0,212,0,0,0
1744062295.002090,600037,21131153,0,pscratch,pscratch-ffff964b052c0000,0,0,280277498122,161775451509,0,0,165472,0,0,0,0,0,0,0,0,0,0,0,0,0,0,0,0,0,0,0,0,0,0,0,0,70183,0,0,0
1744062296.001197,600037,21131153,0,nscratch,nscratch-ffff964ae629a800,0,0,300243376,0,0,0,0,0,0,0,0,0,0,0,0,0,0,0,0,0,0,0,0,0,0,0,0,0,0,0,0,212,0,0,0
1744062296.001318,600037,21131153,0,pscratch,pscratch-ffff964b052c0000,0,0,280277498122,161775451509,0,0,165472,0,0,0,0,0,0,0,0,0,0,0,0,0,0,0,0,0,0,0,0,0,0,0,0,70183,0,0,0
1744062297.001768,600037,21131153,0,nscratch,nscratch-ffff964ae629a800,0,0,300243376,0,0,0,0,0,0,0,0,0,0,0,0,0,0,0,0,0,0,0,0,0,0,0,0,0,0,0,0,212,0,0,0
1744062297.001886,600037,21131153,0,pscratch,pscratch-ffff964b052c0000,0,0,280277498122,161775451509,0,0,165472,0,0,0,0,0,0,0,0,0,0,0,0,0,0,0,0,0,0,0,0,0,0,0,0,70183,0,0,0
1744062298.002207,600037,21131153,0,nscratch,nscratch-ffff964ae629a800,0,0,300243376,0,0,0,0,0,0,0,0,0,0,0,0,0,0,0,0,0,0,0,0,0,0,0,0,0,0,0,0,212,0,0,0
1744062298.002329,600037,21131153,0,pscratch,pscratch-ffff964b052c0000,0,0,280277498122,161775451509,0,0,165472,0,0,0,0,0,0,0,0,0,0,0,0,0,0,0,0,0,0,0,0,0,0,0,0,70183,0,0,0
1744062299.001441,600037,21131153,0,nscratch,nscratch-ffff964ae629a800,0,0,300243376,0,0,0,0,0,0,0,0,0,0,0,0,0,0,0,0,0,0,0,0,0,0,0,0,0,0,0,0,212,0,0,0
1744062299.001559,600037,21131153,0,pscratch,pscratch-ffff964b052c0000,0,0,280277498122,161775451509,0,0,165472,0,0,0,0,0,0,0,0,0,0,0,0,0,0,0,0,0,0,0,0,0,0,0,0,70183,0,0,0
1744062300.002048,600037,21131153,0,nscratch,nscratch-ffff964ae629a800,0,0,300243376,0,0,0,0,0,0,0,0,0,0,0,0,0,0,0,0,0,0,0,0,0,0,0,0,0,0,0,0,212,0,0,0
1744062300.002169,600037,21131153,0,pscratch,pscratch-ffff964b052c0000,0,0,280277498122,161775451509,0,0,165472,0,0,0,0,0,0,0,0,0,0,0,0,0,0,0,0,0,0,0,0,0,0,0,0,70183,0,0,0
1744062301.001488,600037,21131153,0,nscratch,nscratch-ffff964ae629a800,0,0,300243376,0,0,0,0,0,0,0,0,0,0,0,0,0,0,0,0,0,0,0,0,0,0,0,0,0,0,0,0,212,0,0,0
1744062301.001605,600037,21131153,0,pscratch,pscratch-ffff964b052c0000,0,0,280277498122,161775451509,0,0,165472,0,0,0,0,0,0,0,0,0,0,0,0,0,0,0,0,0,0,0,0,0,0,0,0,70183,0,0,0
1744062302.001715,600037,21131153,0,nscratch,nscratch-ffff964ae629a800,0,0,300243376,0,0,0,0,0,0,0,0,0,0,0,0,0,0,0,0,0,0,0,0,0,0,0,0,0,0,0,0,212,0,0,0
1744062302.001833,600037,21131153,0,pscratch,pscratch-ffff964b052c0000,0,0,280277498122,161775451509,0,0,165472,0,0,0,0,0,0,0,0,0,0,0,0,0,0,0,0,0,0,0,0,0,0,0,0,70183,0,0,0
1744062303.001292,600037,21131153,0,nscratch,nscratch-ffff964ae629a800,0,0,300243376,0,0,0,0,0,0,0,0,0,0,0,0,0,0,0,0,0,0,0,0,0,0,0,0,0,0,0,0,212,0,0,0
1744062303.001410,600037,21131153,0,pscratch,pscratch-ffff964b052c0000,0,0,280277498122,161775451509,0,0,165472,0,0,0,0,0,0,0,0,0,0,0,0,0,0,0,0,0,0,0,0,0,0,0,0,70183,0,0,0
1744062304.001717,600037,21131153,0,nscratch,nscratch-ffff964ae629a800,0,0,300243376,0,0,0,0,0,0,0,0,0,0,0,0,0,0,0,0,0,0,0,0,0,0,0,0,0,0,0,0,212,0,0,0
1744062304.001834,600037,21131153,0,pscratch,pscratch-ffff964b052c0000,0,0,280277498122,161775451509,0,0,165472,0,0,0,0,0,0,0,0,0,0,0,0,0,0,0,0,0,0,0,0,0,0,0,0,70183,0,0,0
1744062305.001949,600037,21131153,0,nscratch,nscratch-ffff964ae629a800,0,0,300243376,0,0,0,0,0,0,0,0,0,0,0,0,0,0,0,0,0,0,0,0,0,0,0,0,0,0,0,0,212,0,0,0
1744062305.002069,600037,21131153,0,pscratch,pscratch-ffff964b052c0000,0,0,280277498122,161775451509,0,0,165472,0,0,0,0,0,0,0,0,0,0,0,0,0,0,0,0,0,0,0,0,0,0,0,0,70183,0,0,0
1744062306.001535,600037,21131153,0,nscratch,nscratch-ffff964ae629a800,0,0,300243376,0,0,0,0,0,0,0,0,0,0,0,0,0,0,0,0,0,0,0,0,0,0,0,0,0,0,0,0,212,0,0,0
1744062306.001653,600037,21131153,0,pscratch,pscratch-ffff964b052c0000,0,0,280277498122,161775451509,0,0,165472,0,0,0,0,0,0,0,0,0,0,0,0,0,0,0,0,0,0,0,0,0,0,0,0,70183,0,0,0
1744062307.001970,600037,21131153,0,nscratch,nscratch-ffff964ae629a800,0,0,300243376,0,0,0,0,0,0,0,0,0,0,0,0,0,0,0,0,0,0,0,0,0,0,0,0,0,0,0,0,212,0,0,0
1744062307.002090,600037,21131153,0,pscratch,pscratch-ffff964b052c0000,0,0,280277498122,161775451509,0,0,165472,0,0,0,0,0,0,0,0,0,0,0,0,0,0,0,0,0,0,0,0,0,0,0,0,70183,0,0,0
1744062308.001200,600037,21131153,0,nscratch,nscratch-ffff964ae629a800,0,0,300243376,0,0,0,0,0,0,0,0,0,0,0,0,0,0,0,0,0,0,0,0,0,0,0,0,0,0,0,0,212,0,0,0
1744062308.001319,600037,21131153,0,pscratch,pscratch-ffff964b052c0000,0,0,280277498122,161775451509,0,0,165472,0,0,0,0,0,0,0,0,0,0,0,0,0,0,0,0,0,0,0,0,0,0,0,0,70183,0,0,0
1744062309.001776,600037,21131153,0,nscratch,nscratch-ffff964ae629a800,0,0,300243376,0,0,0,0,0,0,0,0,0,0,0,0,0,0,0,0,0,0,0,0,0,0,0,0,0,0,0,0,212,0,0,0
1744062309.001894,600037,21131153,0,pscratch,pscratch-ffff964b052c0000,0,0,280277498122,161775451509,0,0,165472,0,0,0,0,0,0,0,0,0,0,0,0,0,0,0,0,0,0,0,0,0,0,0,0,70183,0,0,0
1744062310.002261,600037,21131153,0,nscratch,nscratch-ffff964ae629a800,0,0,300243376,0,0,0,0,0,0,0,0,0,0,0,0,0,0,0,0,0,0,0,0,0,0,0,0,0,0,0,0,212,0,0,0
1744062310.002382,600037,21131153,0,pscratch,pscratch-ffff964b052c0000,0,0,280277498122,161775451509,0,0,165472,0,0,0,0,0,0,0,0,0,0,0,0,0,0,0,0,0,0,0,0,0,0,0,0,70183,0,0,0
1744062311.001489,600037,21131153,0,nscratch,nscratch-ffff964ae629a800,0,0,300243376,0,0,0,0,0,0,0,0,0,0,0,0,0,0,0,0,0,0,0,0,0,0,0,0,0,0,0,0,212,0,0,0
1744062311.001607,600037,21131153,0,pscratch,pscratch-ffff964b052c0000,0,0,280277498122,161775451509,0,0,165472,0,0,0,0,0,0,0,0,0,0,0,0,0,0,0,0,0,0,0,0,0,0,0,0,70183,0,0,0
1744062312.002075,600037,21131153,0,nscratch,nscratch-ffff964ae629a800,0,0,300243376,0,0,0,0,0,0,0,0,0,0,0,0,0,0,0,0,0,0,0,0,0,0,0,0,0,0,0,0,212,0,0,0
1744062312.002197,600037,21131153,0,pscratch,pscratch-ffff964b052c0000,0,0,280277498122,161775451509,0,0,165472,0,0,0,0,0,0,0,0,0,0,0,0,0,0,0,0,0,0,0,0,0,0,0,0,70183,0,0,0
1744062313.001504,600037,21131153,0,nscratch,nscratch-ffff964ae629a800,0,0,300243376,0,0,0,0,0,0,0,0,0,0,0,0,0,0,0,0,0,0,0,0,0,0,0,0,0,0,0,0,212,0,0,0
1744062313.001625,600037,21131153,0,pscratch,pscratch-ffff964b052c0000,0,0,280277498122,161775451509,0,0,165472,0,0,0,0,0,0,0,0,0,0,0,0,0,0,0,0,0,0,0,0,0,0,0,0,70183,0,0,0
1744062314.001735,600037,21131153,0,nscratch,nscratch-ffff964ae629a800,0,0,300243376,0,0,0,0,0,0,0,0,0,0,0,0,0,0,0,0,0,0,0,0,0,0,0,0,0,0,0,0,212,0,0,0
1744062314.001856,600037,21131153,0,pscratch,pscratch-ffff964b052c0000,0,0,280277498122,161775451509,0,0,165472,0,0,0,0,0,0,0,0,0,0,0,0,0,0,0,0,0,0,0,0,0,0,0,0,70183,0,0,0
1744062315.001459,600037,21131153,0,nscratch,nscratch-ffff964ae629a800,0,0,300243376,0,0,0,0,0,0,0,0,0,0,0,0,0,0,0,0,0,0,0,0,0,0,0,0,0,0,0,0,212,0,0,0
1744062315.001578,600037,21131153,0,pscratch,pscratch-ffff964b052c0000,0,0,280277498122,161775451509,0,0,165472,0,0,0,0,0,0,0,0,0,0,0,0,0,0,0,0,0,0,0,0,0,0,0,0,70183,0,0,0
1744062316.001884,600037,21131153,0,nscratch,nscratch-ffff964ae629a800,0,0,300243376,0,0,0,0,0,0,0,0,0,0,0,0,0,0,0,0,0,0,0,0,0,0,0,0,0,0,0,0,212,0,0,0
1744062316.002010,600037,21131153,0,pscratch,pscratch-ffff964b052c0000,0,0,280277498122,161775451509,0,0,165472,0,0,0,0,0,0,0,0,0,0,0,0,0,0,0,0,0,0,0,0,0,0,0,0,70183,0,0,0
1744062317.001117,600037,21131153,0,nscratch,nscratch-ffff964ae629a800,0,0,300243376,0,0,0,0,0,0,0,0,0,0,0,0,0,0,0,0,0,0,0,0,0,0,0,0,0,0,0,0,212,0,0,0
1744062317.001234,600037,21131153,0,pscratch,pscratch-ffff964b052c0000,0,0,280277498122,161775451509,0,0,165472,0,0,0,0,0,0,0,0,0,0,0,0,0,0,0,0,0,0,0,0,0,0,0,0,70183,0,0,0
1744062318.001693,600037,21131153,0,nscratch,nscratch-ffff964ae629a800,0,0,300243376,0,0,0,0,0,0,0,0,0,0,0,0,0,0,0,0,0,0,0,0,0,0,0,0,0,0,0,0,212,0,0,0
1744062318.001814,600037,21131153,0,pscratch,pscratch-ffff964b052c0000,0,0,280277498122,161775451509,0,0,165472,0,0,0,0,0,0,0,0,0,0,0,0,0,0,0,0,0,0,0,0,0,0,0,0,70183,0,0,0
1744062319.002130,600037,21131153,0,nscratch,nscratch-ffff964ae629a800,0,0,300243376,0,0,0,0,0,0,0,0,0,0,0,0,0,0,0,0,0,0,0,0,0,0,0,0,0,0,0,0,212,0,0,0
1744062319.002248,600037,21131153,0,pscratch,pscratch-ffff964b052c0000,0,0,280277498122,161775451509,0,0,165472,0,0,0,0,0,0,0,0,0,0,0,0,0,0,0,0,0,0,0,0,0,0,0,0,70183,0,0,0
1744062320.001363,600037,21131153,0,nscratch,nscratch-ffff964ae629a800,0,0,300243376,0,0,0,0,0,0,0,0,0,0,0,0,0,0,0,0,0,0,0,0,0,0,0,0,0,0,0,0,212,0,0,0
1744062320.001484,600037,21131153,0,pscratch,pscratch-ffff964b052c0000,0,0,280277498122,161775451509,0,0,165472,0,0,0,0,0,0,0,0,0,0,0,0,0,0,0,0,0,0,0,0,0,0,0,0,70183,0,0,0
1744062321.001949,600037,21131153,0,nscratch,nscratch-ffff964ae629a800,0,0,300243376,0,0,0,0,0,0,0,0,0,0,0,0,0,0,0,0,0,0,0,0,0,0,0,0,0,0,0,0,212,0,0,0
1744062321.002068,600037,21131153,0,pscratch,pscratch-ffff964b052c0000,0,0,280277498122,161775451509,0,0,165472,0,0,0,0,0,0,0,0,0,0,0,0,0,0,0,0,0,0,0,0,0,0,0,0,70183,0,0,0
1744062322.001375,600037,21131153,0,nscratch,nscratch-ffff964ae629a800,0,0,300243376,0,0,0,0,0,0,0,0,0,0,0,0,0,0,0,0,0,0,0,0,0,0,0,0,0,0,0,0,212,0,0,0
1744062322.001493,600037,21131153,0,pscratch,pscratch-ffff964b052c0000,0,0,280277498122,161775451509,0,0,165472,0,0,0,0,0,0,0,0,0,0,0,0,0,0,0,0,0,0,0,0,0,0,0,0,70183,0,0,0
1744062323.001603,600037,21131153,0,nscratch,nscratch-ffff964ae629a800,0,0,300243376,0,0,0,0,0,0,0,0,0,0,0,0,0,0,0,0,0,0,0,0,0,0,0,0,0,0,0,0,212,0,0,0
1744062323.001720,600037,21131153,0,pscratch,pscratch-ffff964b052c0000,0,0,280277498122,161775451509,0,0,165472,0,0,0,0,0,0,0,0,0,0,0,0,0,0,0,0,0,0,0,0,0,0,0,0,70183,0,0,0
1744062324.002187,600037,21131153,0,nscratch,nscratch-ffff964ae629a800,0,0,300243376,0,0,0,0,0,0,0,0,0,0,0,0,0,0,0,0,0,0,0,0,0,0,0,0,0,0,0,0,212,0,0,0
1744062324.002310,600037,21131153,0,pscratch,pscratch-ffff964b052c0000,0,0,280277498122,161775451509,0,0,165472,0,0,0,0,0,0,0,0,0,0,0,0,0,0,0,0,0,0,0,0,0,0,0,0,70183,0,0,0
1744062325.001218,600037,21131153,0,nscratch,nscratch-ffff964ae629a800,0,0,300243376,0,0,0,0,0,0,0,0,0,0,0,0,0,0,0,0,0,0,0,0,0,0,0,0,0,0,0,0,212,0,0,0
1744062325.001340,600037,21131153,0,pscratch,pscratch-ffff964b052c0000,0,0,280277498122,161775451509,0,0,165472,0,0,0,0,0,0,0,0,0,0,0,0,0,0,0,0,0,0,0,0,0,0,0,0,70183,0,0,0
1744062326.001455,600037,21131153,0,nscratch,nscratch-ffff964ae629a800,0,0,300243376,0,0,0,0,0,0,0,0,0,0,0,0,0,0,0,0,0,0,0,0,0,0,0,0,0,0,0,0,212,0,0,0
1744062326.001576,600037,21131153,0,pscratch,pscratch-ffff964b052c0000,0,0,280277498122,161775451509,0,0,165472,0,0,0,0,0,0,0,0,0,0,0,0,0,0,0,0,0,0,0,0,0,0,0,0,70183,0,0,0
1744062327.002050,600037,21131153,0,nscratch,nscratch-ffff964ae629a800,0,0,300243376,0,0,0,0,0,0,0,0,0,0,0,0,0,0,0,0,0,0,0,0,0,0,0,0,0,0,0,0,212,0,0,0
1744062327.002169,600037,21131153,0,pscratch,pscratch-ffff964b052c0000,0,0,280277498122,161775451509,0,0,165472,0,0,0,0,0,0,0,0,0,0,0,0,0,0,0,0,0,0,0,0,0,0,0,0,70183,0,0,0
1744062328.001473,600037,21131153,0,nscratch,nscratch-ffff964ae629a800,0,0,300243376,0,0,0,0,0,0,0,0,0,0,0,0,0,0,0,0,0,0,0,0,0,0,0,0,0,0,0,0,212,0,0,0
1744062328.001592,600037,21131153,0,pscratch,pscratch-ffff964b052c0000,0,0,280277498122,161775451509,0,0,165472,0,0,0,0,0,0,0,0,0,0,0,0,0,0,0,0,0,0,0,0,0,0,0,0,70183,0,0,0
1744062329.001699,600037,21131153,0,nscratch,nscratch-ffff964ae629a800,0,0,300243376,0,0,0,0,0,0,0,0,0,0,0,0,0,0,0,0,0,0,0,0,0,0,0,0,0,0,0,0,212,0,0,0
1744062329.001818,600037,21131153,0,pscratch,pscratch-ffff964b052c0000,0,0,280277498122,161775451509,0,0,165472,0,0,0,0,0,0,0,0,0,0,0,0,0,0,0,0,0,0,0,0,0,0,0,0,70183,0,0,0
1744062330.001299,600037,21131153,0,nscratch,nscratch-ffff964ae629a800,0,0,300243376,0,0,0,0,0,0,0,0,0,0,0,0,0,0,0,0,0,0,0,0,0,0,0,0,0,0,0,0,212,0,0,0
1744062330.001420,600037,21131153,0,pscratch,pscratch-ffff964b052c0000,0,0,280277498122,161775451509,0,0,165472,0,0,0,0,0,0,0,0,0,0,0,0,0,0,0,0,0,0,0,0,0,0,0,0,70183,0,0,0
1744062331.001733,600037,21131153,0,nscratch,nscratch-ffff964ae629a800,0,0,300243376,0,0,0,0,0,0,0,0,0,0,0,0,0,0,0,0,0,0,0,0,0,0,0,0,0,0,0,0,212,0,0,0
1744062331.001853,600037,21131153,0,pscratch,pscratch-ffff964b052c0000,0,0,280277498122,161775451509,0,0,165472,0,0,0,0,0,0,0,0,0,0,0,0,0,0,0,0,0,0,0,0,0,0,0,0,70183,0,0,0
1744062332.001970,600037,21131153,0,nscratch,nscratch-ffff964ae629a800,0,0,300243376,0,0,0,0,0,0,0,0,0,0,0,0,0,0,0,0,0,0,0,0,0,0,0,0,0,0,0,0,212,0,0,0
1744062332.002093,600037,21131153,0,pscratch,pscratch-ffff964b052c0000,0,0,280277498122,161775451509,0,0,165472,0,0,0,0,0,0,0,0,0,0,0,0,0,0,0,0,0,0,0,0,0,0,0,0,70183,0,0,0
1744062333.001559,600037,21131153,0,nscratch,nscratch-ffff964ae629a800,0,0,300243376,0,0,0,0,0,0,0,0,0,0,0,0,0,0,0,0,0,0,0,0,0,0,0,0,0,0,0,0,212,0,0,0
1744062333.001679,600037,21131153,0,pscratch,pscratch-ffff964b052c0000,0,0,280277498122,161775451509,0,0,165472,0,0,0,0,0,0,0,0,0,0,0,0,0,0,0,0,0,0,0,0,0,0,0,0,70183,0,0,0
1744062334.002002,600037,21131153,0,nscratch,nscratch-ffff964ae629a800,0,0,300243376,0,0,0,0,0,0,0,0,0,0,0,0,0,0,0,0,0,0,0,0,0,0,0,0,0,0,0,0,212,0,0,0
1744062334.002125,600037,21131153,0,pscratch,pscratch-ffff964b052c0000,0,0,280277498122,161775451509,0,0,165472,0,0,0,0,0,0,0,0,0,0,0,0,0,0,0,0,0,0,0,0,0,0,0,0,70183,0,0,0
1744062335.001231,600037,21131153,0,nscratch,nscratch-ffff964ae629a800,0,0,300243376,0,0,0,0,0,0,0,0,0,0,0,0,0,0,0,0,0,0,0,0,0,0,0,0,0,0,0,0,212,0,0,0
1744062335.001350,600037,21131153,0,pscratch,pscratch-ffff964b052c0000,0,0,280277498122,161775451509,0,0,165472,0,0,0,0,0,0,0,0,0,0,0,0,0,0,0,0,0,0,0,0,0,0,0,0,70183,0,0,0
1744062336.001815,600037,21131153,0,nscratch,nscratch-ffff964ae629a800,0,0,300243376,0,0,0,0,0,0,0,0,0,0,0,0,0,0,0,0,0,0,0,0,0,0,0,0,0,0,0,0,212,0,0,0
1744062336.001944,600037,21131153,0,pscratch,pscratch-ffff964b052c0000,0,0,280277498122,161775451509,0,0,165472,0,0,0,0,0,0,0,0,0,0,0,0,0,0,0,0,0,0,0,0,0,0,0,0,70183,0,0,0
1744062337.002260,600037,21131153,0,nscratch,nscratch-ffff964ae629a800,0,0,300243376,0,0,0,0,0,0,0,0,0,0,0,0,0,0,0,0,0,0,0,0,0,0,0,0,0,0,0,0,212,0,0,0
1744062337.002380,600037,21131153,0,pscratch,pscratch-ffff964b052c0000,0,0,280277498122,161775451509,0,0,165472,0,0,0,0,0,0,0,0,0,0,0,0,0,0,0,0,0,0,0,0,0,0,0,0,70183,0,0,0
1744062338.001485,600037,21131153,0,nscratch,nscratch-ffff964ae629a800,0,0,300243376,0,0,0,0,0,0,0,0,0,0,0,0,0,0,0,0,0,0,0,0,0,0,0,0,0,0,0,0,212,0,0,0
1744062338.001606,600037,21131153,0,pscratch,pscratch-ffff964b052c0000,0,0,280277498122,161775451509,0,0,165472,0,0,0,0,0,0,0,0,0,0,0,0,0,0,0,0,0,0,0,0,0,0,0,0,70183,0,0,0
1744062339.002081,600037,21131153,0,nscratch,nscratch-ffff964ae629a800,0,0,300243376,0,0,0,0,0,0,0,0,0,0,0,0,0,0,0,0,0,0,0,0,0,0,0,0,0,0,0,0,212,0,0,0
1744062339.002206,600037,21131153,0,pscratch,pscratch-ffff964b052c0000,0,0,280277498122,161775451509,0,0,165472,0,0,0,0,0,0,0,0,0,0,0,0,0,0,0,0,0,0,0,0,0,0,0,0,70183,0,0,0
1744062340.001519,600037,21131153,0,nscratch,nscratch-ffff964ae629a800,0,0,300243376,0,0,0,0,0,0,0,0,0,0,0,0,0,0,0,0,0,0,0,0,0,0,0,0,0,0,0,0,212,0,0,0
1744062340.001640,600037,21131153,0,pscratch,pscratch-ffff964b052c0000,0,0,280277498122,161775451509,0,0,165472,0,0,0,0,0,0,0,0,0,0,0,0,0,0,0,0,0,0,0,0,0,0,0,0,70183,0,0,0
1744062341.001749,600037,21131153,0,nscratch,nscratch-ffff964ae629a800,0,0,300243376,0,0,0,0,0,0,0,0,0,0,0,0,0,0,0,0,0,0,0,0,0,0,0,0,0,0,0,0,212,0,0,0
1744062341.001872,600037,21131153,0,pscratch,pscratch-ffff964b052c0000,0,0,280277498122,161775451509,0,0,165472,0,0,0,0,0,0,0,0,0,0,0,0,0,0,0,0,0,0,0,0,0,0,0,0,70183,0,0,0
1744062342.001352,600037,21131153,0,nscratch,nscratch-ffff964ae629a800,0,0,300243376,0,0,0,0,0,0,0,0,0,0,0,0,0,0,0,0,0,0,0,0,0,0,0,0,0,0,0,0,212,0,0,0
1744062342.001475,600037,21131153,0,pscratch,pscratch-ffff964b052c0000,0,0,280277498122,161775451509,0,0,165472,0,0,0,0,0,0,0,0,0,0,0,0,0,0,0,0,0,0,0,0,0,0,0,0,70183,0,0,0
1744062343.001790,600037,21131153,0,nscratch,nscratch-ffff964ae629a800,0,0,300243376,0,0,0,0,0,0,0,0,0,0,0,0,0,0,0,0,0,0,0,0,0,0,0,0,0,0,0,0,212,0,0,0
1744062343.001920,600037,21131153,0,pscratch,pscratch-ffff964b052c0000,0,0,280277498122,161775451509,0,0,165472,0,0,0,0,0,0,0,0,0,0,0,0,0,0,0,0,0,0,0,0,0,0,0,0,70183,0,0,0
1744062344.002030,600037,21131153,0,nscratch,nscratch-ffff964ae629a800,0,0,300243376,0,0,0,0,0,0,0,0,0,0,0,0,0,0,0,0,0,0,0,0,0,0,0,0,0,0,0,0,212,0,0,0
1744062344.002153,600037,21131153,0,pscratch,pscratch-ffff964b052c0000,0,0,280277498122,161775451509,0,0,165472,0,0,0,0,0,0,0,0,0,0,0,0,0,0,0,0,0,0,0,0,0,0,0,0,70183,0,0,0
1744062345.001614,600037,21131153,0,nscratch,nscratch-ffff964ae629a800,0,0,300243376,0,0,0,0,0,0,0,0,0,0,0,0,0,0,0,0,0,0,0,0,0,0,0,0,0,0,0,0,212,0,0,0
1744062345.001736,600037,21131153,0,pscratch,pscratch-ffff964b052c0000,0,0,280277498122,161775451509,0,0,165472,0,0,0,0,0,0,0,0,0,0,0,0,0,0,0,0,0,0,0,0,0,0,0,0,70183,0,0,0
1744062346.002066,600037,21131153,0,nscratch,nscratch-ffff964ae629a800,0,0,300243376,0,0,0,0,0,0,0,0,0,0,0,0,0,0,0,0,0,0,0,0,0,0,0,0,0,0,0,0,212,0,0,0
1744062346.002190,600037,21131153,0,pscratch,pscratch-ffff964b052c0000,0,0,280277498122,161775451509,0,0,165472,0,0,0,0,0,0,0,0,0,0,0,0,0,0,0,0,0,0,0,0,0,0,0,0,70183,0,0,0
1744062347.001296,600037,21131153,0,nscratch,nscratch-ffff964ae629a800,0,0,300243376,0,0,0,0,0,0,0,0,0,0,0,0,0,0,0,0,0,0,0,0,0,0,0,0,0,0,0,0,212,0,0,0
1744062347.001417,600037,21131153,0,pscratch,pscratch-ffff964b052c0000,0,0,280277498122,161775451509,0,0,165472,0,0,0,0,0,0,0,0,0,0,0,0,0,0,0,0,0,0,0,0,0,0,0,0,70183,0,0,0
1744062348.001916,600037,21131153,0,nscratch,nscratch-ffff964ae629a800,0,0,300243376,0,0,0,0,0,0,0,0,0,0,0,0,0,0,0,0,0,0,0,0,0,0,0,0,0,0,0,0,212,0,0,0
1744062348.002039,600037,21131153,0,pscratch,pscratch-ffff964b052c0000,0,0,280277498122,161775451509,0,0,165472,0,0,0,0,0,0,0,0,0,0,0,0,0,0,0,0,0,0,0,0,0,0,0,0,70183,0,0,0
1744062349.001350,600037,21131153,0,nscratch,nscratch-ffff964ae629a800,0,0,300243376,0,0,0,0,0,0,0,0,0,0,0,0,0,0,0,0,0,0,0,0,0,0,0,0,0,0,0,0,212,0,0,0
1744062349.001470,600037,21131153,0,pscratch,pscratch-ffff964b052c0000,0,0,280277498122,161775451509,0,0,165472,0,0,0,0,0,0,0,0,0,0,0,0,0,0,0,0,0,0,0,0,0,0,0,0,70183,0,0,0
1744062350.001603,600037,21131153,0,nscratch,nscratch-ffff964ae629a800,0,0,300243376,0,0,0,0,0,0,0,0,0,0,0,0,0,0,0,0,0,0,0,0,0,0,0,0,0,0,0,0,212,0,0,0
1744062350.001728,600037,21131153,0,pscratch,pscratch-ffff964b052c0000,0,0,280277498122,161775451509,0,0,165472,0,0,0,0,0,0,0,0,0,0,0,0,0,0,0,0,0,0,0,0,0,0,0,0,70183,0,0,0
1744062351.002213,600037,21131153,0,nscratch,nscratch-ffff964ae629a800,0,0,300243376,0,0,0,0,0,0,0,0,0,0,0,0,0,0,0,0,0,0,0,0,0,0,0,0,0,0,0,0,212,0,0,0
1744062351.002335,600037,21131153,0,pscratch,pscratch-ffff964b052c0000,0,0,280277498122,161775451509,0,0,165472,0,0,0,0,0,0,0,0,0,0,0,0,0,0,0,0,0,0,0,0,0,0,0,0,70183,0,0,0
1744062352.001646,600037,21131153,0,nscratch,nscratch-ffff964ae629a800,0,0,300243376,0,0,0,0,0,0,0,0,0,0,0,0,0,0,0,0,0,0,0,0,0,0,0,0,0,0,0,0,212,0,0,0
1744062352.001768,600037,21131153,0,pscratch,pscratch-ffff964b052c0000,0,0,280277498122,161775451509,0,0,165472,0,0,0,0,0,0,0,0,0,0,0,0,0,0,0,0,0,0,0,0,0,0,0,0,70183,0,0,0
1744062353.001877,600037,21131153,0,nscratch,nscratch-ffff964ae629a800,0,0,300243376,0,0,0,0,0,0,0,0,0,0,0,0,0,0,0,0,0,0,0,0,0,0,0,0,0,0,0,0,212,0,0,0
1744062353.002006,600037,21131153,0,pscratch,pscratch-ffff964b052c0000,0,0,280277498122,161775451509,0,0,165472,0,0,0,0,0,0,0,0,0,0,0,0,0,0,0,0,0,0,0,0,0,0,0,0,70183,0,0,0
1744062354.001487,600037,21131153,0,nscratch,nscratch-ffff964ae629a800,0,0,300243376,0,0,0,0,0,0,0,0,0,0,0,0,0,0,0,0,0,0,0,0,0,0,0,0,0,0,0,0,212,0,0,0
1744062354.001610,600037,21131153,0,pscratch,pscratch-ffff964b052c0000,0,0,280277498122,161775451509,0,0,165472,0,0,0,0,0,0,0,0,0,0,0,0,0,0,0,0,0,0,0,0,0,0,0,0,70183,0,0,0
1744062355.001934,600037,21131153,0,nscratch,nscratch-ffff964ae629a800,0,0,300243376,0,0,0,0,0,0,0,0,0,0,0,0,0,0,0,0,0,0,0,0,0,0,0,0,0,0,0,0,212,0,0,0
1744062355.002058,600037,21131153,0,pscratch,pscratch-ffff964b052c0000,0,0,280277498122,161775451509,0,0,165472,0,0,0,0,0,0,0,0,0,0,0,0,0,0,0,0,0,0,0,0,0,0,0,0,70183,0,0,0
1744062356.001166,600037,21131153,0,nscratch,nscratch-ffff964ae629a800,0,0,300243376,0,0,0,0,0,0,0,0,0,0,0,0,0,0,0,0,0,0,0,0,0,0,0,0,0,0,0,0,212,0,0,0
1744062356.001286,600037,21131153,0,pscratch,pscratch-ffff964b052c0000,0,0,280277498122,161775451509,0,0,165472,0,0,0,0,0,0,0,0,0,0,0,0,0,0,0,0,0,0,0,0,0,0,0,0,70183,0,0,0
1744062357.001751,600037,21131153,0,nscratch,nscratch-ffff964ae629a800,0,0,300243376,0,0,0,0,0,0,0,0,0,0,0,0,0,0,0,0,0,0,0,0,0,0,0,0,0,0,0,0,212,0,0,0
1744062357.001871,600037,21131153,0,pscratch,pscratch-ffff964b052c0000,0,0,280277498122,161775451509,0,0,165472,0,0,0,0,0,0,0,0,0,0,0,0,0,0,0,0,0,0,0,0,0,0,0,0,70183,0,0,0
1744062358.002191,600037,21131153,0,nscratch,nscratch-ffff964ae629a800,0,0,300243376,0,0,0,0,0,0,0,0,0,0,0,0,0,0,0,0,0,0,0,0,0,0,0,0,0,0,0,0,212,0,0,0
1744062358.002310,600037,21131153,0,pscratch,pscratch-ffff964b052c0000,0,0,280277498122,161775451509,0,0,165472,0,0,0,0,0,0,0,0,0,0,0,0,0,0,0,0,0,0,0,0,0,0,0,0,70183,0,0,0
1744062359.001414,600037,21131153,0,nscratch,nscratch-ffff964ae629a800,0,0,300243376,0,0,0,0,0,0,0,0,0,0,0,0,0,0,0,0,0,0,0,0,0,0,0,0,0,0,0,0,212,0,0,0
1744062359.001534,600037,21131153,0,pscratch,pscratch-ffff964b052c0000,0,0,280277498122,161775451509,0,0,165472,0,0,0,0,0,0,0,0,0,0,0,0,0,0,0,0,0,0,0,0,0,0,0,0,70183,0,0,0
1744062360.002024,600037,21131153,0,nscratch,nscratch-ffff964ae629a800,0,0,300243376,0,0,0,0,0,0,0,0,0,0,0,0,0,0,0,0,0,0,0,0,0,0,0,0,0,0,0,0,212,0,0,0
1744062360.002153,600037,21131153,0,pscratch,pscratch-ffff964b052c0000,0,0,280277498122,161775451509,0,0,165472,0,0,0,0,0,0,0,0,0,0,0,0,0,0,0,0,0,0,0,0,0,0,0,0,70183,0,0,0
1744062361.001458,600037,21131153,0,nscratch,nscratch-ffff964ae629a800,0,0,300243376,0,0,0,0,0,0,0,0,0,0,0,0,0,0,0,0,0,0,0,0,0,0,0,0,0,0,0,0,212,0,0,0
1744062361.001577,600037,21131153,0,pscratch,pscratch-ffff964b052c0000,0,0,280277498122,161775451509,0,0,165472,0,0,0,0,0,0,0,0,0,0,0,0,0,0,0,0,0,0,0,0,0,0,0,0,70183,0,0,0
1744062362.001866,600037,21131153,0,nscratch,nscratch-ffff964ae629a800,0,0,300243376,0,0,0,0,0,0,0,0,0,0,0,0,0,0,0,0,0,0,0,0,0,0,0,0,0,0,0,0,212,0,0,0
1744062362.002019,600037,21131153,0,pscratch,pscratch-ffff964b052c0000,0,0,280277726837,161775724643,0,0,165482,0,0,0,0,0,0,0,0,0,0,0,0,0,0,0,0,0,0,0,0,0,0,0,0,70185,0,0,0
1744062363.001648,600037,21131153,0,nscratch,nscratch-ffff964ae629a800,0,0,300243376,0,0,0,0,0,0,0,0,0,0,0,0,0,0,0,0,0,0,0,0,0,0,0,0,0,0,0,0,212,0,0,0
1744062363.001791,600037,21131153,0,pscratch,pscratch-ffff964b052c0000,0,0,280277726837,161775724643,0,0,165484,0,0,0,0,0,0,0,0,0,0,0,0,0,0,0,0,0,0,0,0,0,0,0,0,70185,0,0,0
1744062364.002194,600037,21131153,0,nscratch,nscratch-ffff964ae629a800,0,0,300243376,0,0,0,0,0,0,0,0,0,0,0,0,0,0,0,0,0,0,0,0,0,0,0,0,0,0,0,0,212,0,0,0
1744062364.002356,600037,21131153,0,pscratch,pscratch-ffff964b052c0000,0,0,280277726837,161775724643,0,0,165484,0,0,0,0,0,0,0,0,0,0,0,0,0,0,0,0,0,0,0,0,0,0,0,0,70185,0,0,0
1744062365.001611,600037,21131153,0,nscratch,nscratch-ffff964ae629a800,0,0,300243376,0,0,0,0,0,0,0,0,0,0,0,0,0,0,0,0,0,0,0,0,0,0,0,0,0,0,0,0,212,0,0,0
1744062365.001734,600037,21131153,0,pscratch,pscratch-ffff964b052c0000,0,0,280277726837,161775724643,0,0,165484,0,0,0,0,0,0,0,0,0,0,0,0,0,0,0,0,0,0,0,0,0,0,0,0,70185,0,0,0
1744062366.002233,600037,21131153,0,nscratch,nscratch-ffff964ae629a800,0,0,300243376,0,0,0,0,0,0,0,0,0,0,0,0,0,0,0,0,0,0,0,0,0,0,0,0,0,0,0,0,212,0,0,0
1744062366.002409,600037,21131153,0,pscratch,pscratch-ffff964b052c0000,0,0,280277726837,161775724643,0,0,165484,0,0,0,0,0,0,0,0,0,0,0,0,0,0,0,0,0,0,0,0,0,0,0,0,70185,0,0,0
1744062367.001755,600037,21131153,0,nscratch,nscratch-ffff964ae629a800,0,0,300243376,0,0,0,0,0,0,0,0,0,0,0,0,0,0,0,0,0,0,0,0,0,0,0,0,0,0,0,0,212,0,0,0
1744062367.001863,600037,21131153,0,pscratch,pscratch-ffff964b052c0000,0,0,280277726837,161775724643,0,0,165484,0,0,0,0,0,0,0,0,0,0,0,0,0,0,0,0,0,0,0,0,0,0,0,0,70185,0,0,0
1744062368.002101,600037,21131153,0,nscratch,nscratch-ffff964ae629a800,0,0,300243376,0,0,0,0,0,0,0,0,0,0,0,0,0,0,0,0,0,0,0,0,0,0,0,0,0,0,0,0,212,0,0,0
1744062368.002211,600037,21131153,0,pscratch,pscratch-ffff964b052c0000,0,0,280277726837,161775724643,0,0,165484,0,0,0,0,0,0,0,0,0,0,0,0,0,0,0,0,0,0,0,0,0,0,0,0,70185,0,0,0
1744062369.001652,600037,21131153,0,nscratch,nscratch-ffff964ae629a800,0,0,300243376,0,0,0,0,0,0,0,0,0,0,0,0,0,0,0,0,0,0,0,0,0,0,0,0,0,0,0,0,212,0,0,0
1744062369.001729,600037,21131153,0,pscratch,pscratch-ffff964b052c0000,0,0,280277726837,161775724643,0,0,165484,0,0,0,0,0,0,0,0,0,0,0,0,0,0,0,0,0,0,0,0,0,0,0,0,70185,0,0,0
1744062370.002304,600037,21131153,0,nscratch,nscratch-ffff964ae629a800,0,0,300243376,0,0,0,0,0,0,0,0,0,0,0,0,0,0,0,0,0,0,0,0,0,0,0,0,0,0,0,0,212,0,0,0
1744062370.002505,600037,21131153,0,pscratch,pscratch-ffff964b052c0000,0,0,280277726837,161775724643,0,0,165484,0,0,0,0,0,0,0,0,0,0,0,0,0,0,0,0,0,0,0,0,0,0,0,0,70185,0,0,0
