timestamp,component_id,job_id,app_id,fs_name,llite,dirty_pages_hits,dirty_pages_misses,read_bytes.sum,write_bytes.sum,brw_read.sum,brw_write.sum,ioctl,open,close,mmap,page_fault,page_mkwrite,seek,fsync,readdir,setattr,truncate,flock,getattr,create,link,unlink,symlink,mkdir,rmdir,mknod,rename,statfs,alloc_inode,setxattr,getxattr,getxattr_hits,listxattr,removexattr,inode_permission
1744061761.002024,600003,21131156,0,nscratch,nscratch-ffff9fd41baaf800,0,0,1221834357847,69253664772,0,0,154515,0,0,0,0,0,0,0,0,0,0,0,0,0,0,0,0,0,0,0,0,0,0,0,0,112966,0,0,0
1744061761.002125,600003,21131156,0,pscratch,pscratch-ffff9fd409727800,0,0,2489481244757,1622331803559,0,0,668463,0,0,0,0,0,0,0,0,0,0,0,0,0,0,0,0,0,0,0,0,0,0,0,0,683925,0,0,0
1744061762.001468,600003,21131156,0,nscratch,nscratch-ffff9fd41baaf800,0,0,1221834357847,69253664772,0,0,154515,0,0,0,0,0,0,0,0,0,0,0,0,0,0,0,0,0,0,0,0,0,0,0,0,112966,0,0,0
1744061762.001575,600003,21131156,0,pscratch,pscratch-ffff9fd409727800,0,0,2489481244757,1622331803559,0,0,668463,0,0,0,0,0,0,0,0,0,0,0,0,0,0,0,0,0,0,0,0,0,0,0,0,683925,0,0,0
1744061763.001877,600003,21131156,0,nscratch,nscratch-ffff9fd41baaf800,0,0,1221834357847,69253664772,0,0,154515,0,0,0,0,0,0,0,0,0,0,0,0,0,0,0,0,0,0,0,0,0,0,0,0,112966,0,0,0
1744061763.001986,600003,21131156,0,pscratch,pscratch-ffff9fd409727800,0,0,2489481244757,1622331803559,0,0,668463,0,0,0,0,0,0,0,0,0,0,0,0,0,0,0,0,0,0,0,0,0,0,0,0,683925,0,0,0
1744061764.001477,600003,21131156,0,nscratch,nscratch-ffff9fd41baaf800,0,0,1221834357847,69253664772,0,0,154515,0,0,0,0,0,0,0,0,0,0,0,0,0,0,0,0,0,0,0,0,0,0,0,0,112966,0,0,0
1744061764.001583,600003,21131156,0,pscratch,pscratch-ffff9fd409727800,0,0,2489481244757,1622331803559,0,0,668463,0,0,0,0,0,0,0,0,0,0,0,0,0,0,0,0,0,0,0,0,0,0,0,0,683925,0,0,0
1744061765.001988,600003,21131156,0,nscratch,nscratch-ffff9fd41baaf800,0,0,1221834357847,69253664772,0,0,154515,0,0,0,0,0,0,0,0,0,0,0,0,0,0,0,0,0,0,0,0,0,0,0,0,112966,0,0,0
1744061765.002102,600003,21131156,0,pscratch,pscratch-ffff9fd409727800,0,0,2489481261077,1622331803559,0,0,668464,0,0,0,0,0,0,0,0,0,0,0,0,0,0,0,0,0,0,0,0,0,0,0,0,683925,0,0,0
1744061766.001322,600003,21131156,0,nscratch,nscratch-ffff9fd41baaf800,0,0,1221834357847,69253664772,0,0,154515,0,0,0,0,0,0,0,0,0,0,0,0,0,0,0,0,0,0,0,0,0,0,0,0,112966,0,0,0
1744061766.001446,600003,21131156,0,pscratch,pscratch-ffff9fd409727800,0,0,2489481261077,1622331803559,0,0,668464,0,0,0,0,0,0,0,0,0,0,0,0,0,0,0,0,0,0,0,0,0,0,0,0,683925,0,0,0
1744061767.002203,600003,21131156,0,nscratch,nscratch-ffff9fd41baaf800,0,0,1221834357847,69253664772,0,0,154515,0,0,0,0,0,0,0,0,0,0,0,0,0,0,0,0,0,0,0,0,0,0,0,0,112966,0,0,0
1744061767.002330,600003,21131156,0,pscratch,pscratch-ffff9fd409727800,0,0,2489501596873,1622331869360,0,0,668506,0,0,0,0,0,0,0,0,0,0,0,0,0,0,0,0,0,0,0,0,0,0,0,0,683925,0,0,0
1744061768.001804,600003,21131156,0,nscratch,nscratch-ffff9fd41baaf800,0,0,1221834357847,69253664772,0,0,154515,0,0,0,0,0,0,0,0,0,0,0,0,0,0,0,0,0,0,0,0,0,0,0,0,112966,0,0,0
1744061768.001888,600003,21131156,0,pscratch,pscratch-ffff9fd409727800,0,0,2489501596873,1622331869360,0,0,668506,0,0,0,0,0,0,0,0,0,0,0,0,0,0,0,0,0,0,0,0,0,0,0,0,683925,0,0,0
1744061769.002187,600003,21131156,0,nscratch,nscratch-ffff9fd41baaf800,0,0,1221834357847,69253664772,0,0,154515,0,0,0,0,0,0,0,0,0,0,0,0,0,0,0,0,0,0,0,0,0,0,0,0,112966,0,0,0
1744061769.002338,600003,21131156,0,pscratch,pscratch-ffff9fd409727800,0,0,2489501596873,1622331869360,0,0,668506,0,0,0,0,0,0,0,0,0,0,0,0,0,0,0,0,0,0,0,0,0,0,0,0,683925,0,0,0
1744061770.001844,600003,21131156,0,nscratch,nscratch-ffff9fd41baaf800,0,0,1221834357847,69253664772,0,0,154515,0,0,0,0,0,0,0,0,0,0,0,0,0,0,0,0,0,0,0,0,0,0,0,0,112966,0,0,0
1744061770.001964,600003,21131156,0,pscratch,pscratch-ffff9fd409727800,0,0,2489501912673,1622331892468,0,0,668506,0,0,0,0,0,0,0,0,0,0,0,0,0,0,0,0,0,0,0,0,0,0,0,0,683925,0,0,0
1744061771.002433,600003,21131156,0,nscratch,nscratch-ffff9fd41baaf800,0,0,1221834357847,69253664772,0,0,154515,0,0,0,0,0,0,0,0,0,0,0,0,0,0,0,0,0,0,0,0,0,0,0,0,112966,0,0,0
1744061771.002527,600003,21131156,0,pscratch,pscratch-ffff9fd409727800,0,0,2489507455673,1622332360148,0,0,668554,0,0,0,0,0,0,0,0,0,0,0,0,0,0,0,0,0,0,0,0,0,0,0,0,683925,0,0,0
1744061772.001818,600003,21131156,0,nscratch,nscratch-ffff9fd41baaf800,0,0,1221834357847,69253664772,0,0,154515,0,0,0,0,0,0,0,0,0,0,0,0,0,0,0,0,0,0,0,0,0,0,0,0,112966,0,0,0
1744061772.001957,600003,21131156,0,pscratch,pscratch-ffff9fd409727800,0,0,2489507455673,1622332360148,0,0,668554,0,0,0,0,0,0,0,0,0,0,0,0,0,0,0,0,0,0,0,0,0,0,0,0,683925,0,0,0
1744061773.001541,600003,21131156,0,nscratch,nscratch-ffff9fd41baaf800,0,0,1221834357847,69253664772,0,0,154515,0,0,0,0,0,0,0,0,0,0,0,0,0,0,0,0,0,0,0,0,0,0,0,0,112966,0,0,0
1744061773.001622,600003,21131156,0,pscratch,pscratch-ffff9fd409727800,0,0,2489507455673,1622332360567,0,0,668554,0,0,0,0,0,0,0,0,0,0,0,0,0,0,0,0,0,0,0,0,0,0,0,0,683925,0,0,0
1744061774.001950,600003,21131156,0,nscratch,nscratch-ffff9fd41baaf800,0,0,1221834357847,69253664772,0,0,154515,0,0,0,0,0,0,0,0,0,0,0,0,0,0,0,0,0,0,0,0,0,0,0,0,112966,0,0,0
1744061774.002030,600003,21131156,0,pscratch,pscratch-ffff9fd409727800,0,0,2489507455673,1622332360567,0,0,668554,0,0,0,0,0,0,0,0,0,0,0,0,0,0,0,0,0,0,0,0,0,0,0,0,683925,0,0,0
1744061775.001327,600003,21131156,0,nscratch,nscratch-ffff9fd41baaf800,0,0,1221834357847,69253664772,0,0,154515,0,0,0,0,0,0,0,0,0,0,0,0,0,0,0,0,0,0,0,0,0,0,0,0,112966,0,0,0
1744061775.001522,600003,21131156,0,pscratch,pscratch-ffff9fd409727800,0,0,2489507455673,1622332367842,0,0,668554,0,0,0,0,0,0,0,0,0,0,0,0,0,0,0,0,0,0,0,0,0,0,0,0,683925,0,0,0
1744061776.001989,600003,21131156,0,nscratch,nscratch-ffff9fd41baaf800,0,0,1221834357847,69253664772,0,0,154515,0,0,0,0,0,0,0,0,0,0,0,0,0,0,0,0,0,0,0,0,0,0,0,0,112966,0,0,0
1744061776.002072,600003,21131156,0,pscratch,pscratch-ffff9fd409727800,0,0,2489507455673,1622332381956,0,0,668554,0,0,0,0,0,0,0,0,0,0,0,0,0,0,0,0,0,0,0,0,0,0,0,0,683925,0,0,0
1744061777.001527,600003,21131156,0,nscratch,nscratch-ffff9fd41baaf800,0,0,1221834357847,69253664772,0,0,154515,0,0,0,0,0,0,0,0,0,0,0,0,0,0,0,0,0,0,0,0,0,0,0,0,112966,0,0,0
1744061777.001608,600003,21131156,0,pscratch,pscratch-ffff9fd409727800,0,0,2489507455673,1622332397025,0,0,668554,0,0,0,0,0,0,0,0,0,0,0,0,0,0,0,0,0,0,0,0,0,0,0,0,683925,0,0,0
1744061778.001791,600003,21131156,0,nscratch,nscratch-ffff9fd41baaf800,0,0,1221834357847,69253664772,0,0,154515,0,0,0,0,0,0,0,0,0,0,0,0,0,0,0,0,0,0,0,0,0,0,0,0,112966,0,0,0
1744061778.001873,600003,21131156,0,pscratch,pscratch-ffff9fd409727800,0,0,2489507455673,1622332413370,0,0,668554,0,0,0,0,0,0,0,0,0,0,0,0,0,0,0,0,0,0,0,0,0,0,0,0,683925,0,0,0
1744061779.001431,600003,21131156,0,nscratch,nscratch-ffff9fd41baaf800,0,0,1221834357847,69253664772,0,0,154515,0,0,0,0,0,0,0,0,0,0,0,0,0,0,0,0,0,0,0,0,0,0,0,0,112966,0,0,0
1744061779.001515,600003,21131156,0,pscratch,pscratch-ffff9fd409727800,0,0,2489507455673,1622332429071,0,0,668554,0,0,0,0,0,0,0,0,0,0,0,0,0,0,0,0,0,0,0,0,0,0,0,0,683925,0,0,0
1744061780.001817,600003,21131156,0,nscratch,nscratch-ffff9fd41baaf800,0,0,1221834357847,69253664772,0,0,154515,0,0,0,0,0,0,0,0,0,0,0,0,0,0,0,0,0,0,0,0,0,0,0,0,112966,0,0,0
1744061780.001975,600003,21131156,0,pscratch,pscratch-ffff9fd409727800,0,0,2489507455673,1622332444177,0,0,668554,0,0,0,0,0,0,0,0,0,0,0,0,0,0,0,0,0,0,0,0,0,0,0,0,683925,0,0,0
1744061781.002175,600003,21131156,0,nscratch,nscratch-ffff9fd41baaf800,0,0,1221834357847,69253664772,0,0,154515,0,0,0,0,0,0,0,0,0,0,0,0,0,0,0,0,0,0,0,0,0,0,0,0,112966,0,0,0
1744061781.002258,600003,21131156,0,pscratch,pscratch-ffff9fd409727800,0,0,2489507455673,1622332463208,0,0,668554,0,0,0,0,0,0,0,0,0,0,0,0,0,0,0,0,0,0,0,0,0,0,0,0,683925,0,0,0
1744061782.001679,600003,21131156,0,nscratch,nscratch-ffff9fd41baaf800,0,0,1221834357847,69253664772,0,0,154515,0,0,0,0,0,0,0,0,0,0,0,0,0,0,0,0,0,0,0,0,0,0,0,0,112966,0,0,0
1744061782.001773,600003,21131156,0,pscratch,pscratch-ffff9fd409727800,0,0,2489507455673,1622332518116,0,0,668586,0,0,0,0,0,0,0,0,0,0,0,0,0,0,0,0,0,0,0,0,0,0,0,0,683925,0,0,0
1744061783.002086,600003,21131156,0,nscratch,nscratch-ffff9fd41baaf800,0,0,1221834357847,69253664772,0,0,154515,0,0,0,0,0,0,0,0,0,0,0,0,0,0,0,0,0,0,0,0,0,0,0,0,112966,0,0,0
1744061783.002176,600003,21131156,0,pscratch,pscratch-ffff9fd409727800,0,0,2489507455673,1622332783414,0,0,668730,0,0,0,0,0,0,0,0,0,0,0,0,0,0,0,0,0,0,0,0,0,0,0,0,683925,0,0,0
1744061784.001333,600003,21131156,0,nscratch,nscratch-ffff9fd41baaf800,0,0,1221834357847,69253664772,0,0,154515,0,0,0,0,0,0,0,0,0,0,0,0,0,0,0,0,0,0,0,0,0,0,0,0,112966,0,0,0
1744061784.001433,600003,21131156,0,pscratch,pscratch-ffff9fd409727800,0,0,2489507455673,1622333103155,0,0,668874,0,0,0,0,0,0,0,0,0,0,0,0,0,0,0,0,0,0,0,0,0,0,0,0,683925,0,0,0
1744061785.001637,600003,21131156,0,nscratch,nscratch-ffff9fd41baaf800,0,0,1221834357847,69253664772,0,0,154515,0,0,0,0,0,0,0,0,0,0,0,0,0,0,0,0,0,0,0,0,0,0,0,0,112966,0,0,0
1744061785.001764,600003,21131156,0,pscratch,pscratch-ffff9fd409727800,0,0,2489507455673,1622333419815,0,0,669018,0,0,0,0,0,0,0,0,0,0,0,0,0,0,0,0,0,0,0,0,0,0,0,0,683925,0,0,0
1744061786.002083,600003,21131156,0,nscratch,nscratch-ffff9fd41baaf800,0,0,1221834357847,69253664772,0,0,154515,0,0,0,0,0,0,0,0,0,0,0,0,0,0,0,0,0,0,0,0,0,0,0,0,112966,0,0,0
1744061786.002174,600003,21131156,0,pscratch,pscratch-ffff9fd409727800,0,0,2489507455673,1622333697316,0,0,669146,0,0,0,0,0,0,0,0,0,0,0,0,0,0,0,0,0,0,0,0,0,0,0,0,683925,0,0,0
1744061787.001494,600003,21131156,0,nscratch,nscratch-ffff9fd41baaf800,0,0,1221834357847,69253664772,0,0,154515,0,0,0,0,0,0,0,0,0,0,0,0,0,0,0,0,0,0,0,0,0,0,0,0,112966,0,0,0
1744061787.001584,600003,21131156,0,pscratch,pscratch-ffff9fd409727800,0,0,2489507455673,1622334019128,0,0,669290,0,0,0,0,0,0,0,0,0,0,0,0,0,0,0,0,0,0,0,0,0,0,0,0,683925,0,0,0
1744061788.002165,600003,21131156,0,nscratch,nscratch-ffff9fd41baaf800,0,0,1221834357847,69253664772,0,0,154515,0,0,0,0,0,0,0,0,0,0,0,0,0,0,0,0,0,0,0,0,0,0,0,0,112966,0,0,0
1744061788.002251,600003,21131156,0,pscratch,pscratch-ffff9fd409727800,0,0,2489516152119,1622334574894,0,0,669386,0,0,0,0,0,0,0,0,0,0,0,0,0,0,0,0,0,0,0,0,0,0,0,0,683925,0,0,0
1744061789.001646,600003,21131156,0,nscratch,nscratch-ffff9fd41baaf800,0,0,1221834357847,69253664772,0,0,154515,0,0,0,0,0,0,0,0,0,0,0,0,0,0,0,0,0,0,0,0,0,0,0,0,112966,0,0,0
1744061789.001736,600003,21131156,0,pscratch,pscratch-ffff9fd409727800,0,0,2489516152119,1622334582805,0,0,669386,0,0,0,0,0,0,0,0,0,0,0,0,0,0,0,0,0,0,0,0,0,0,0,0,683925,0,0,0
1744061790.002056,600003,21131156,0,nscratch,nscratch-ffff9fd41baaf800,0,0,1221834357847,69253664772,0,0,154515,0,0,0,0,0,0,0,0,0,0,0,0,0,0,0,0,0,0,0,0,0,0,0,0,112966,0,0,0
1744061790.002284,600003,21131156,0,pscratch,pscratch-ffff9fd409727800,0,0,2489576932383,1622400322476,0,0,669386,0,0,0,0,0,0,0,0,0,0,0,0,0,0,0,0,0,0,0,0,0,0,0,0,683925,0,0,0
1744061791.002079,600003,21131156,0,nscratch,nscratch-ffff9fd41baaf800,0,0,1221834357847,69253664772,0,0,154515,0,0,0,0,0,0,0,0,0,0,0,0,0,0,0,0,0,0,0,0,0,0,0,0,112966,0,0,0
1744061791.002165,600003,21131156,0,pscratch,pscratch-ffff9fd409727800,0,0,2489576932383,1622400541061,0,0,669386,0,0,0,0,0,0,0,0,0,0,0,0,0,0,0,0,0,0,0,0,0,0,0,0,683925,0,0,0
1744061792.001564,600003,21131156,0,nscratch,nscratch-ffff9fd41baaf800,0,0,1221834357847,69253664772,0,0,154515,0,0,0,0,0,0,0,0,0,0,0,0,0,0,0,0,0,0,0,0,0,0,0,0,112966,0,0,0
1744061792.001644,600003,21131156,0,pscratch,pscratch-ffff9fd409727800,0,0,2489576932383,1622400547336,0,0,669386,0,0,0,0,0,0,0,0,0,0,0,0,0,0,0,0,0,0,0,0,0,0,0,0,683925,0,0,0
1744061793.001943,600003,21131156,0,nscratch,nscratch-ffff9fd41baaf800,0,0,1221834357847,69253664772,0,0,154515,0,0,0,0,0,0,0,0,0,0,0,0,0,0,0,0,0,0,0,0,0,0,0,0,112966,0,0,0
1744061793.002030,600003,21131156,0,pscratch,pscratch-ffff9fd409727800,0,0,2489576932383,1622400767636,0,0,669386,0,0,0,0,0,0,0,0,0,0,0,0,0,0,0,0,0,0,0,0,0,0,0,0,683925,0,0,0
1744061794.001601,600003,21131156,0,nscratch,nscratch-ffff9fd41baaf800,0,0,1221834357847,69253664772,0,0,154515,0,0,0,0,0,0,0,0,0,0,0,0,0,0,0,0,0,0,0,0,0,0,0,0,112966,0,0,0
1744061794.001703,600003,21131156,0,pscratch,pscratch-ffff9fd409727800,0,0,2489576932383,1622400773491,0,0,669386,0,0,0,0,0,0,0,0,0,0,0,0,0,0,0,0,0,0,0,0,0,0,0,0,683925,0,0,0
1744061795.002017,600003,21131156,0,nscratch,nscratch-ffff9fd41baaf800,0,0,1221834357847,69253664772,0,0,154515,0,0,0,0,0,0,0,0,0,0,0,0,0,0,0,0,0,0,0,0,0,0,0,0,112966,0,0,0
1744061795.002101,600003,21131156,0,pscratch,pscratch-ffff9fd409727800,0,0,2489576932383,1622400844921,0,0,669386,0,0,0,0,0,0,0,0,0,0,0,0,0,0,0,0,0,0,0,0,0,0,0,0,683925,0,0,0
1744061796.001421,600003,21131156,0,nscratch,nscratch-ffff9fd41baaf800,0,0,1221834357847,69253664772,0,0,154515,0,0,0,0,0,0,0,0,0,0,0,0,0,0,0,0,0,0,0,0,0,0,0,0,112966,0,0,0
1744061796.001507,600003,21131156,0,pscratch,pscratch-ffff9fd409727800,0,0,2489576932383,1622401008308,0,0,669386,0,0,0,0,0,0,0,0,0,0,0,0,0,0,0,0,0,0,0,0,0,0,0,0,683925,0,0,0
1744061797.001934,600003,21131156,0,nscratch,nscratch-ffff9fd41baaf800,0,0,1221834357847,69253664772,0,0,154515,0,0,0,0,0,0,0,0,0,0,0,0,0,0,0,0,0,0,0,0,0,0,0,0,112966,0,0,0
1744061797.002021,600003,21131156,0,pscratch,pscratch-ffff9fd409727800,0,0,2489619148759,1622450399808,0,0,669386,0,0,0,0,0,0,0,0,0,0,0,0,0,0,0,0,0,0,0,0,0,0,0,0,683925,0,0,0
1744061798.001351,600003,21131156,0,nscratch,nscratch-ffff9fd41baaf800,0,0,1221834357847,69253664772,0,0,154515,0,0,0,0,0,0,0,0,0,0,0,0,0,0,0,0,0,0,0,0,0,0,0,0,112966,0,0,0
1744061798.001446,600003,21131156,0,pscratch,pscratch-ffff9fd409727800,0,0,2489619148759,1622450615544,0,0,669386,0,0,0,0,0,0,0,0,0,0,0,0,0,0,0,0,0,0,0,0,0,0,0,0,683925,0,0,0
1744061799.001741,600003,21131156,0,nscratch,nscratch-ffff9fd41baaf800,0,0,1221834357847,69253664772,0,0,154515,0,0,0,0,0,0,0,0,0,0,0,0,0,0,0,0,0,0,0,0,0,0,0,0,112966,0,0,0
1744061799.001864,600003,21131156,0,pscratch,pscratch-ffff9fd409727800,0,0,2489619148759,1622450625570,0,0,669386,0,0,0,0,0,0,0,0,0,0,0,0,0,0,0,0,0,0,0,0,0,0,0,0,683925,0,0,0
1744061800.002587,600003,21131156,0,nscratch,nscratch-ffff9fd41baaf800,0,0,1221834357847,69253664772,0,0,154515,0,0,0,0,0,0,0,0,0,0,0,0,0,0,0,0,0,0,0,0,0,0,0,0,112966,0,0,0
1744061800.002809,600003,21131156,0,pscratch,pscratch-ffff9fd409727800,0,0,2489619148759,1622450632936,0,0,669386,0,0,0,0,0,0,0,0,0,0,0,0,0,0,0,0,0,0,0,0,0,0,0,0,683925,0,0,0
1744061801.002401,600003,21131156,0,nscratch,nscratch-ffff9fd41baaf800,0,0,1221834357847,69253664772,0,0,154515,0,0,0,0,0,0,0,0,0,0,0,0,0,0,0,0,0,0,0,0,0,0,0,0,112966,0,0,0
1744061801.002491,600003,21131156,0,pscratch,pscratch-ffff9fd409727800,0,0,2489619148759,1622450851056,0,0,669386,0,0,0,0,0,0,0,0,0,0,0,0,0,0,0,0,0,0,0,0,0,0,0,0,683925,0,0,0
1744061802.001724,600003,21131156,0,nscratch,nscratch-ffff9fd41baaf800,0,0,1221834357847,69253664772,0,0,154515,0,0,0,0,0,0,0,0,0,0,0,0,0,0,0,0,0,0,0,0,0,0,0,0,112966,0,0,0
1744061802.001806,600003,21131156,0,pscratch,pscratch-ffff9fd409727800,0,0,2489619148759,1622450865971,0,0,669386,0,0,0,0,0,0,0,0,0,0,0,0,0,0,0,0,0,0,0,0,0,0,0,0,683925,0,0,0
1744061803.002204,600003,21131156,0,nscratch,nscratch-ffff9fd41baaf800,0,0,1221834357847,69253664772,0,0,154515,0,0,0,0,0,0,0,0,0,0,0,0,0,0,0,0,0,0,0,0,0,0,0,0,112966,0,0,0
1744061803.002294,600003,21131156,0,pscratch,pscratch-ffff9fd409727800,0,0,2489661668335,1622500762077,0,0,669386,0,0,0,0,0,0,0,0,0,0,0,0,0,0,0,0,0,0,0,0,0,0,0,0,683925,0,0,0
1744061804.001653,600003,21131156,0,nscratch,nscratch-ffff9fd41baaf800,0,0,1221834357847,69253664772,0,0,154515,0,0,0,0,0,0,0,0,0,0,0,0,0,0,0,0,0,0,0,0,0,0,0,0,112966,0,0,0
1744061804.001739,600003,21131156,0,pscratch,pscratch-ffff9fd409727800,0,0,2489661668335,1622500969690,0,0,669386,0,0,0,0,0,0,0,0,0,0,0,0,0,0,0,0,0,0,0,0,0,0,0,0,683925,0,0,0
1744061805.002036,600003,21131156,0,nscratch,nscratch-ffff9fd41baaf800,0,0,1221834357847,69253664772,0,0,154515,0,0,0,0,0,0,0,0,0,0,0,0,0,0,0,0,0,0,0,0,0,0,0,0,112966,0,0,0
1744061805.002217,600003,21131156,0,pscratch,pscratch-ffff9fd409727800,0,0,2489661668335,1622500974703,0,0,669386,0,0,0,0,0,0,0,0,0,0,0,0,0,0,0,0,0,0,0,0,0,0,0,0,683925,0,0,0
1744061806.001674,600003,21131156,0,nscratch,nscratch-ffff9fd41baaf800,0,0,1221834357847,69253664772,0,0,154515,0,0,0,0,0,0,0,0,0,0,0,0,0,0,0,0,0,0,0,0,0,0,0,0,112966,0,0,0
1744061806.001756,600003,21131156,0,pscratch,pscratch-ffff9fd409727800,0,0,2489661668335,1622500980187,0,0,669386,0,0,0,0,0,0,0,0,0,0,0,0,0,0,0,0,0,0,0,0,0,0,0,0,683925,0,0,0
1744061807.002067,600003,21131156,0,nscratch,nscratch-ffff9fd41baaf800,0,0,1221834357847,69253664772,0,0,154515,0,0,0,0,0,0,0,0,0,0,0,0,0,0,0,0,0,0,0,0,0,0,0,0,112966,0,0,0
1744061807.002149,600003,21131156,0,pscratch,pscratch-ffff9fd409727800,0,0,2489661668335,1622500986284,0,0,669386,0,0,0,0,0,0,0,0,0,0,0,0,0,0,0,0,0,0,0,0,0,0,0,0,683925,0,0,0
1744061808.001484,600003,21131156,0,nscratch,nscratch-ffff9fd41baaf800,0,0,1221834357847,69253664772,0,0,154515,0,0,0,0,0,0,0,0,0,0,0,0,0,0,0,0,0,0,0,0,0,0,0,0,112966,0,0,0
1744061808.001588,600003,21131156,0,pscratch,pscratch-ffff9fd409727800,0,0,2489661668335,1622500994898,0,0,669386,0,0,0,0,0,0,0,0,0,0,0,0,0,0,0,0,0,0,0,0,0,0,0,0,683925,0,0,0
1744061809.001996,600003,21131156,0,nscratch,nscratch-ffff9fd41baaf800,0,0,1221834357847,69253664772,0,0,154515,0,0,0,0,0,0,0,0,0,0,0,0,0,0,0,0,0,0,0,0,0,0,0,0,112966,0,0,0
1744061809.002083,600003,21131156,0,pscratch,pscratch-ffff9fd409727800,0,0,2489661668335,1622501216707,0,0,669386,0,0,0,0,0,0,0,0,0,0,0,0,0,0,0,0,0,0,0,0,0,0,0,0,683925,0,0,0
1744061810.001525,600003,21131156,0,nscratch,nscratch-ffff9fd41baaf800,0,0,1221834357847,69253664772,0,0,154515,0,0,0,0,0,0,0,0,0,0,0,0,0,0,0,0,0,0,0,0,0,0,0,0,112966,0,0,0
1744061810.001606,600003,21131156,0,pscratch,pscratch-ffff9fd409727800,0,0,2489661668335,1622501222143,0,0,669386,0,0,0,0,0,0,0,0,0,0,0,0,0,0,0,0,0,0,0,0,0,0,0,0,683925,0,0,0
1744061811.001850,600003,21131156,0,nscratch,nscratch-ffff9fd41baaf800,0,0,1221834357847,69253664772,0,0,154515,0,0,0,0,0,0,0,0,0,0,0,0,0,0,0,0,0,0,0,0,0,0,0,0,112966,0,0,0
1744061811.001932,600003,21131156,0,pscratch,pscratch-ffff9fd409727800,0,0,2489661668335,1622501226733,0,0,669386,0,0,0,0,0,0,0,0,0,0,0,0,0,0,0,0,0,0,0,0,0,0,0,0,683925,0,0,0
1744061812.001465,600003,21131156,0,nscratch,nscratch-ffff9fd41baaf800,0,0,1221834357847,69253664772,0,0,154515,0,0,0,0,0,0,0,0,0,0,0,0,0,0,0,0,0,0,0,0,0,0,0,0,112966,0,0,0
1744061812.001546,600003,21131156,0,pscratch,pscratch-ffff9fd409727800,0,0,2489661668335,1622501227579,0,0,669386,0,0,0,0,0,0,0,0,0,0,0,0,0,0,0,0,0,0,0,0,0,0,0,0,683925,0,0,0
1744061813.002005,600003,21131156,0,nscratch,nscratch-ffff9fd41baaf800,0,0,1221834357847,69253664772,0,0,154515,0,0,0,0,0,0,0,0,0,0,0,0,0,0,0,0,0,0,0,0,0,0,0,0,112966,0,0,0
1744061813.002087,600003,21131156,0,pscratch,pscratch-ffff9fd409727800,0,0,2489661668335,1622501233677,0,0,669386,0,0,0,0,0,0,0,0,0,0,0,0,0,0,0,0,0,0,0,0,0,0,0,0,683925,0,0,0
1744061814.001252,600003,21131156,0,nscratch,nscratch-ffff9fd41baaf800,0,0,1221834357847,69253664772,0,0,154515,0,0,0,0,0,0,0,0,0,0,0,0,0,0,0,0,0,0,0,0,0,0,0,0,112966,0,0,0
1744061814.001346,600003,21131156,0,pscratch,pscratch-ffff9fd409727800,0,0,2489661668335,1622501459251,0,0,669386,0,0,0,0,0,0,0,0,0,0,0,0,0,0,0,0,0,0,0,0,0,0,0,0,683925,0,0,0
1744061815.001870,600003,21131156,0,nscratch,nscratch-ffff9fd41baaf800,0,0,1221834357847,69253664772,0,0,154515,0,0,0,0,0,0,0,0,0,0,0,0,0,0,0,0,0,0,0,0,0,0,0,0,112966,0,0,0
1744061815.001953,600003,21131156,0,pscratch,pscratch-ffff9fd409727800,0,0,2489661668335,1622501467877,0,0,669386,0,0,0,0,0,0,0,0,0,0,0,0,0,0,0,0,0,0,0,0,0,0,0,0,683925,0,0,0
1744061816.002519,600003,21131156,0,nscratch,nscratch-ffff9fd41baaf800,0,0,1221834357847,69253664772,0,0,154515,0,0,0,0,0,0,0,0,0,0,0,0,0,0,0,0,0,0,0,0,0,0,0,0,112966,0,0,0
1744061816.002600,600003,21131156,0,pscratch,pscratch-ffff9fd409727800,0,0,2489661668335,1622501473742,0,0,669386,0,0,0,0,0,0,0,0,0,0,0,0,0,0,0,0,0,0,0,0,0,0,0,0,683925,0,0,0
1744061817.001897,600003,21131156,0,nscratch,nscratch-ffff9fd41baaf800,0,0,1221834357847,69253664772,0,0,154515,0,0,0,0,0,0,0,0,0,0,0,0,0,0,0,0,0,0,0,0,0,0,0,0,112966,0,0,0
1744061817.002046,600003,21131156,0,pscratch,pscratch-ffff9fd409727800,0,0,2489704196199,1622550668179,0,0,669386,0,0,0,0,0,0,0,0,0,0,0,0,0,0,0,0,0,0,0,0,0,0,0,0,683925,0,0,0
1744061818.001729,600003,21131156,0,nscratch,nscratch-ffff9fd41baaf800,0,0,1221834357847,69253664772,0,0,154515,0,0,0,0,0,0,0,0,0,0,0,0,0,0,0,0,0,0,0,0,0,0,0,0,112966,0,0,0
1744061818.001813,600003,21131156,0,pscratch,pscratch-ffff9fd409727800,0,0,2489704196199,1622550668604,0,0,669386,0,0,0,0,0,0,0,0,0,0,0,0,0,0,0,0,0,0,0,0,0,0,0,0,683925,0,0,0
1744061819.002141,600003,21131156,0,nscratch,nscratch-ffff9fd41baaf800,0,0,1221834357847,69253664772,0,0,154515,0,0,0,0,0,0,0,0,0,0,0,0,0,0,0,0,0,0,0,0,0,0,0,0,112966,0,0,0
1744061819.002221,600003,21131156,0,pscratch,pscratch-ffff9fd409727800,0,0,2489704196199,1622550674699,0,0,669386,0,0,0,0,0,0,0,0,0,0,0,0,0,0,0,0,0,0,0,0,0,0,0,0,683925,0,0,0
1744061820.001537,600003,21131156,0,nscratch,nscratch-ffff9fd41baaf800,0,0,1221834357847,69253664772,0,0,154515,0,0,0,0,0,0,0,0,0,0,0,0,0,0,0,0,0,0,0,0,0,0,0,0,112966,0,0,0
1744061820.001712,600003,21131156,0,pscratch,pscratch-ffff9fd409727800,0,0,2489704196199,1622550903370,0,0,669386,0,0,0,0,0,0,0,0,0,0,0,0,0,0,0,0,0,0,0,0,0,0,0,0,683925,0,0,0
1744061821.001557,600003,21131156,0,nscratch,nscratch-ffff9fd41baaf800,0,0,1221834357847,69253664772,0,0,154515,0,0,0,0,0,0,0,0,0,0,0,0,0,0,0,0,0,0,0,0,0,0,0,0,112966,0,0,0
1744061821.001640,600003,21131156,0,pscratch,pscratch-ffff9fd409727800,0,0,2489704196199,1622550916581,0,0,669386,0,0,0,0,0,0,0,0,0,0,0,0,0,0,0,0,0,0,0,0,0,0,0,0,683925,0,0,0
1744061822.001989,600003,21131156,0,nscratch,nscratch-ffff9fd41baaf800,0,0,1221834357847,69253664772,0,0,154515,0,0,0,0,0,0,0,0,0,0,0,0,0,0,0,0,0,0,0,0,0,0,0,0,112966,0,0,0
1744061822.002071,600003,21131156,0,pscratch,pscratch-ffff9fd409727800,0,0,2489704196199,1622550917075,0,0,669386,0,0,0,0,0,0,0,0,0,0,0,0,0,0,0,0,0,0,0,0,0,0,0,0,683925,0,0,0
1744061823.001291,600003,21131156,0,nscratch,nscratch-ffff9fd41baaf800,0,0,1221834357847,69253664772,0,0,154515,0,0,0,0,0,0,0,0,0,0,0,0,0,0,0,0,0,0,0,0,0,0,0,0,112966,0,0,0
1744061823.001385,600003,21131156,0,pscratch,pscratch-ffff9fd409727800,0,0,2489704196199,1622550923170,0,0,669386,0,0,0,0,0,0,0,0,0,0,0,0,0,0,0,0,0,0,0,0,0,0,0,0,683925,0,0,0
1744061824.001900,600003,21131156,0,nscratch,nscratch-ffff9fd41baaf800,0,0,1221834357847,69253664772,0,0,154515,0,0,0,0,0,0,0,0,0,0,0,0,0,0,0,0,0,0,0,0,0,0,0,0,112966,0,0,0
1744061824.001983,600003,21131156,0,pscratch,pscratch-ffff9fd409727800,0,0,2489704196199,1622550928610,0,0,669386,0,0,0,0,0,0,0,0,0,0,0,0,0,0,0,0,0,0,0,0,0,0,0,0,683925,0,0,0
1744061825.001291,600003,21131156,0,nscratch,nscratch-ffff9fd41baaf800,0,0,1221834357847,69253664772,0,0,154515,0,0,0,0,0,0,0,0,0,0,0,0,0,0,0,0,0,0,0,0,0,0,0,0,112966,0,0,0
1744061825.001381,600003,21131156,0,pscratch,pscratch-ffff9fd409727800,0,0,2489704196199,1622550928610,0,0,669386,0,0,0,0,0,0,0,0,0,0,0,0,0,0,0,0,0,0,0,0,0,0,0,0,683925,0,0,0
1744061826.001680,600003,21131156,0,nscratch,nscratch-ffff9fd41baaf800,0,0,1221834357847,69253664772,0,0,154515,0,0,0,0,0,0,0,0,0,0,0,0,0,0,0,0,0,0,0,0,0,0,0,0,112966,0,0,0
1744061826.001832,600003,21131156,0,pscratch,pscratch-ffff9fd409727800,0,0,2489704196199,1622551157282,0,0,669386,0,0,0,0,0,0,0,0,0,0,0,0,0,0,0,0,0,0,0,0,0,0,0,0,683925,0,0,0
1744061827.002248,600003,21131156,0,nscratch,nscratch-ffff9fd41baaf800,0,0,1221834357847,69253664772,0,0,154515,0,0,0,0,0,0,0,0,0,0,0,0,0,0,0,0,0,0,0,0,0,0,0,0,112966,0,0,0
1744061827.002330,600003,21131156,0,pscratch,pscratch-ffff9fd409727800,0,0,2489704196199,1622551162299,0,0,669386,0,0,0,0,0,0,0,0,0,0,0,0,0,0,0,0,0,0,0,0,0,0,0,0,683925,0,0,0
1744061828.001669,600003,21131156,0,nscratch,nscratch-ffff9fd41baaf800,0,0,1221834357847,69253664772,0,0,154515,0,0,0,0,0,0,0,0,0,0,0,0,0,0,0,0,0,0,0,0,0,0,0,0,112966,0,0,0
1744061828.001750,600003,21131156,0,pscratch,pscratch-ffff9fd409727800,0,0,2489704196199,1622551170915,0,0,669386,0,0,0,0,0,0,0,0,0,0,0,0,0,0,0,0,0,0,0,0,0,0,0,0,683925,0,0,0
1744061829.001933,600003,21131156,0,nscratch,nscratch-ffff9fd41baaf800,0,0,1221834357847,69253664772,0,0,154515,0,0,0,0,0,0,0,0,0,0,0,0,0,0,0,0,0,0,0,0,0,0,0,0,112966,0,0,0
1744061829.002015,600003,21131156,0,pscratch,pscratch-ffff9fd409727800,0,0,2489704196199,1622551177010,0,0,669386,0,0,0,0,0,0,0,0,0,0,0,0,0,0,0,0,0,0,0,0,0,0,0,0,683925,0,0,0
1744061830.001946,600003,21131156,0,nscratch,nscratch-ffff9fd41baaf800,0,0,1221834357847,69253664772,0,0,154515,0,0,0,0,0,0,0,0,0,0,0,0,0,0,0,0,0,0,0,0,0,0,0,0,112966,0,0,0
1744061830.002065,600003,21131156,0,pscratch,pscratch-ffff9fd409727800,0,0,2489704196199,1622551182450,0,0,669386,0,0,0,0,0,0,0,0,0,0,0,0,0,0,0,0,0,0,0,0,0,0,0,0,683925,0,0,0
1744061831.001405,600003,21131156,0,nscratch,nscratch-ffff9fd41baaf800,0,0,1221834357847,69253664772,0,0,154515,0,0,0,0,0,0,0,0,0,0,0,0,0,0,0,0,0,0,0,0,0,0,0,0,112966,0,0,0
1744061831.001487,600003,21131156,0,pscratch,pscratch-ffff9fd409727800,0,0,2489704196199,1622551182450,0,0,669386,0,0,0,0,0,0,0,0,0,0,0,0,0,0,0,0,0,0,0,0,0,0,0,0,683925,0,0,0
1744061832.001680,600003,21131156,0,nscratch,nscratch-ffff9fd41baaf800,0,0,1221834357847,69253664772,0,0,154515,0,0,0,0,0,0,0,0,0,0,0,0,0,0,0,0,0,0,0,0,0,0,0,0,112966,0,0,0
1744061832.001783,600003,21131156,0,pscratch,pscratch-ffff9fd409727800,0,0,2489746781503,1622601108933,0,0,669386,0,0,0,0,0,0,0,0,0,0,0,0,0,0,0,0,0,0,0,0,0,0,0,0,683925,0,0,0
1744061833.002252,600003,21131156,0,nscratch,nscratch-ffff9fd41baaf800,0,0,1221834357847,69253664772,0,0,154515,0,0,0,0,0,0,0,0,0,0,0,0,0,0,0,0,0,0,0,0,0,0,0,0,112966,0,0,0
1744061833.002335,600003,21131156,0,pscratch,pscratch-ffff9fd409727800,0,0,2489746781503,1622601113523,0,0,669386,0,0,0,0,0,0,0,0,0,0,0,0,0,0,0,0,0,0,0,0,0,0,0,0,683925,0,0,0
1744061834.001643,600003,21131156,0,nscratch,nscratch-ffff9fd41baaf800,0,0,1221834357847,69253664772,0,0,154515,0,0,0,0,0,0,0,0,0,0,0,0,0,0,0,0,0,0,0,0,0,0,0,0,112966,0,0,0
1744061834.001723,600003,21131156,0,pscratch,pscratch-ffff9fd409727800,0,0,2489746781503,1622601122988,0,0,669386,0,0,0,0,0,0,0,0,0,0,0,0,0,0,0,0,0,0,0,0,0,0,0,0,683925,0,0,0
1744061835.002018,600003,21131156,0,nscratch,nscratch-ffff9fd41baaf800,0,0,1221834357847,69253664772,0,0,154515,0,0,0,0,0,0,0,0,0,0,0,0,0,0,0,0,0,0,0,0,0,0,0,0,112966,0,0,0
1744061835.002152,600003,21131156,0,pscratch,pscratch-ffff9fd409727800,0,0,2489746781503,1622601129083,0,0,669386,0,0,0,0,0,0,0,0,0,0,0,0,0,0,0,0,0,0,0,0,0,0,0,0,683925,0,0,0
1744061836.000640,600003,21131156,0,nscratch,nscratch-ffff9fd41baaf800,0,0,1221834357847,69253664772,0,0,154515,0,0,0,0,0,0,0,0,0,0,0,0,0,0,0,0,0,0,0,0,0,0,0,0,112966,0,0,0
1744061836.000720,600003,21131156,0,pscratch,pscratch-ffff9fd409727800,0,0,2489746781503,1622601134146,0,0,669386,0,0,0,0,0,0,0,0,0,0,0,0,0,0,0,0,0,0,0,0,0,0,0,0,683925,0,0,0
1744061837.002077,600003,21131156,0,nscratch,nscratch-ffff9fd41baaf800,0,0,1221834357847,69253664772,0,0,154515,0,0,0,0,0,0,0,0,0,0,0,0,0,0,0,0,0,0,0,0,0,0,0,0,112966,0,0,0
1744061837.002158,600003,21131156,0,pscratch,pscratch-ffff9fd409727800,0,0,2489746781503,1622601134146,0,0,669386,0,0,0,0,0,0,0,0,0,0,0,0,0,0,0,0,0,0,0,0,0,0,0,0,683925,0,0,0
1744061838.001473,600003,21131156,0,nscratch,nscratch-ffff9fd41baaf800,0,0,1221834357847,69253664772,0,0,154515,0,0,0,0,0,0,0,0,0,0,0,0,0,0,0,0,0,0,0,0,0,0,0,0,112966,0,0,0
1744061838.001659,600003,21131156,0,pscratch,pscratch-ffff9fd409727800,0,0,2489746781503,1622601364807,0,0,669386,0,0,0,0,0,0,0,0,0,0,0,0,0,0,0,0,0,0,0,0,0,0,0,0,683925,0,0,0
1744061839.002156,600003,21131156,0,nscratch,nscratch-ffff9fd41baaf800,0,0,1221834357847,69253664772,0,0,154515,0,0,0,0,0,0,0,0,0,0,0,0,0,0,0,0,0,0,0,0,0,0,0,0,112966,0,0,0
1744061839.002237,600003,21131156,0,pscratch,pscratch-ffff9fd409727800,0,0,2489746781503,1622601369825,0,0,669386,0,0,0,0,0,0,0,0,0,0,0,0,0,0,0,0,0,0,0,0,0,0,0,0,683925,0,0,0
1744061840.001570,600003,21131156,0,nscratch,nscratch-ffff9fd41baaf800,0,0,1221834357847,69253664772,0,0,154515,0,0,0,0,0,0,0,0,0,0,0,0,0,0,0,0,0,0,0,0,0,0,0,0,112966,0,0,0
1744061840.001651,600003,21131156,0,pscratch,pscratch-ffff9fd409727800,0,0,2489746781503,1622601370250,0,0,669386,0,0,0,0,0,0,0,0,0,0,0,0,0,0,0,0,0,0,0,0,0,0,0,0,683925,0,0,0
1744061841.001950,600003,21131156,0,nscratch,nscratch-ffff9fd41baaf800,0,0,1221834357847,69253664772,0,0,154515,0,0,0,0,0,0,0,0,0,0,0,0,0,0,0,0,0,0,0,0,0,0,0,0,112966,0,0,0
1744061841.002050,600003,21131156,0,pscratch,pscratch-ffff9fd409727800,0,0,2489746781503,1622601384552,0,0,669386,0,0,0,0,0,0,0,0,0,0,0,0,0,0,0,0,0,0,0,0,0,0,0,0,683925,0,0,0
1744061842.001602,600003,21131156,0,nscratch,nscratch-ffff9fd41baaf800,0,0,1221834357847,69253664772,0,0,154515,0,0,0,0,0,0,0,0,0,0,0,0,0,0,0,0,0,0,0,0,0,0,0,0,112966,0,0,0
1744061842.001683,600003,21131156,0,pscratch,pscratch-ffff9fd409727800,0,0,2489746781503,1622601390650,0,0,669386,0,0,0,0,0,0,0,0,0,0,0,0,0,0,0,0,0,0,0,0,0,0,0,0,683925,0,0,0
1744061843.002236,600003,21131156,0,nscratch,nscratch-ffff9fd41baaf800,0,0,1221834357847,69253664772,0,0,154515,0,0,0,0,0,0,0,0,0,0,0,0,0,0,0,0,0,0,0,0,0,0,0,0,112966,0,0,0
1744061843.002318,600003,21131156,0,pscratch,pscratch-ffff9fd409727800,0,0,2489746781503,1622601391132,0,0,669386,0,0,0,0,0,0,0,0,0,0,0,0,0,0,0,0,0,0,0,0,0,0,0,0,683925,0,0,0
1744061844.001487,600003,21131156,0,nscratch,nscratch-ffff9fd41baaf800,0,0,1221834357847,69253664772,0,0,154515,0,0,0,0,0,0,0,0,0,0,0,0,0,0,0,0,0,0,0,0,0,0,0,0,112966,0,0,0
1744061844.001574,600003,21131156,0,pscratch,pscratch-ffff9fd409727800,0,0,2489746781503,1622601621501,0,0,669386,0,0,0,0,0,0,0,0,0,0,0,0,0,0,0,0,0,0,0,0,0,0,0,0,683925,0,0,0
1744061845.001979,600003,21131156,0,nscratch,nscratch-ffff9fd41baaf800,0,0,1221834357847,69253664772,0,0,154515,0,0,0,0,0,0,0,0,0,0,0,0,0,0,0,0,0,0,0,0,0,0,0,0,112966,0,0,0
1744061845.002062,600003,21131156,0,pscratch,pscratch-ffff9fd409727800,0,0,2489746781503,1622601621501,0,0,669386,0,0,0,0,0,0,0,0,0,0,0,0,0,0,0,0,0,0,0,0,0,0,0,0,683925,0,0,0
1744061846.001614,600003,21131156,0,nscratch,nscratch-ffff9fd41baaf800,0,0,1221834357847,69253664772,0,0,154515,0,0,0,0,0,0,0,0,0,0,0,0,0,0,0,0,0,0,0,0,0,0,0,0,112966,0,0,0
1744061846.001695,600003,21131156,0,pscratch,pscratch-ffff9fd409727800,0,0,2489746781503,1622601626516,0,0,669386,0,0,0,0,0,0,0,0,0,0,0,0,0,0,0,0,0,0,0,0,0,0,0,0,683925,0,0,0
1744061847.001836,600003,21131156,0,nscratch,nscratch-ffff9fd41baaf800,0,0,1221834357847,69253664772,0,0,154515,0,0,0,0,0,0,0,0,0,0,0,0,0,0,0,0,0,0,0,0,0,0,0,0,112966,0,0,0
1744061847.001915,600003,21131156,0,pscratch,pscratch-ffff9fd409727800,0,0,2489789293175,1622651030287,0,0,669386,0,0,0,0,0,0,0,0,0,0,0,0,0,0,0,0,0,0,0,0,0,0,0,0,683925,0,0,0
1744061848.001327,600003,21131156,0,nscratch,nscratch-ffff9fd41baaf800,0,0,1221834357847,69253664772,0,0,154515,0,0,0,0,0,0,0,0,0,0,0,0,0,0,0,0,0,0,0,0,0,0,0,0,112966,0,0,0
1744061848.001421,600003,21131156,0,pscratch,pscratch-ffff9fd409727800,0,0,2489789293175,1622651038904,0,0,669386,0,0,0,0,0,0,0,0,0,0,0,0,0,0,0,0,0,0,0,0,0,0,0,0,683925,0,0,0
1744061849.002009,600003,21131156,0,nscratch,nscratch-ffff9fd41baaf800,0,0,1221834357847,69253664772,0,0,154515,0,0,0,0,0,0,0,0,0,0,0,0,0,0,0,0,0,0,0,0,0,0,0,0,112966,0,0,0
1744061849.002089,600003,21131156,0,pscratch,pscratch-ffff9fd409727800,0,0,2489789293175,1622651043919,0,0,669386,0,0,0,0,0,0,0,0,0,0,0,0,0,0,0,0,0,0,0,0,0,0,0,0,683925,0,0,0
1744061850.001404,600003,21131156,0,nscratch,nscratch-ffff9fd41baaf800,0,0,1221834357847,69253664772,0,0,154515,0,0,0,0,0,0,0,0,0,0,0,0,0,0,0,0,0,0,0,0,0,0,0,0,112966,0,0,0
1744061850.001488,600003,21131156,0,pscratch,pscratch-ffff9fd409727800,0,0,2489789293175,1622651043919,0,0,669386,0,0,0,0,0,0,0,0,0,0,0,0,0,0,0,0,0,0,0,0,0,0,0,0,683925,0,0,0
1744061851.002107,600003,21131156,0,nscratch,nscratch-ffff9fd41baaf800,0,0,1221834357847,69253664772,0,0,154515,0,0,0,0,0,0,0,0,0,0,0,0,0,0,0,0,0,0,0,0,0,0,0,0,112966,0,0,0
1744061851.002195,600003,21131156,0,pscratch,pscratch-ffff9fd409727800,0,0,2489789293175,1622651274567,0,0,669386,0,0,0,0,0,0,0,0,0,0,0,0,0,0,0,0,0,0,0,0,0,0,0,0,683925,0,0,0
1744061852.001568,600003,21131156,0,nscratch,nscratch-ffff9fd41baaf800,0,0,1221834357847,69253664772,0,0,154515,0,0,0,0,0,0,0,0,0,0,0,0,0,0,0,0,0,0,0,0,0,0,0,0,112966,0,0,0
1744061852.001648,600003,21131156,0,pscratch,pscratch-ffff9fd409727800,0,0,2489789293175,1622651280664,0,0,669386,0,0,0,0,0,0,0,0,0,0,0,0,0,0,0,0,0,0,0,0,0,0,0,0,683925,0,0,0
1744061853.001805,600003,21131156,0,nscratch,nscratch-ffff9fd41baaf800,0,0,1221834357847,69253664772,0,0,154515,0,0,0,0,0,0,0,0,0,0,0,0,0,0,0,0,0,0,0,0,0,0,0,0,112966,0,0,0
1744061853.001889,600003,21131156,0,pscratch,pscratch-ffff9fd409727800,0,0,2489789293175,1622651281089,0,0,669386,0,0,0,0,0,0,0,0,0,0,0,0,0,0,0,0,0,0,0,0,0,0,0,0,683925,0,0,0
1744061854.001345,600003,21131156,0,nscratch,nscratch-ffff9fd41baaf800,0,0,1221834357847,69253664772,0,0,154515,0,0,0,0,0,0,0,0,0,0,0,0,0,0,0,0,0,0,0,0,0,0,0,0,112966,0,0,0
1744061854.001438,600003,21131156,0,pscratch,pscratch-ffff9fd409727800,0,0,2489789293175,1622651286138,0,0,669386,0,0,0,0,0,0,0,0,0,0,0,0,0,0,0,0,0,0,0,0,0,0,0,0,683925,0,0,0
1744061855.001883,600003,21131156,0,nscratch,nscratch-ffff9fd41baaf800,0,0,1221834357847,69253664772,0,0,154515,0,0,0,0,0,0,0,0,0,0,0,0,0,0,0,0,0,0,0,0,0,0,0,0,112966,0,0,0
1744061855.001964,600003,21131156,0,pscratch,pscratch-ffff9fd409727800,0,0,2489789293175,1622651294331,0,0,669386,0,0,0,0,0,0,0,0,0,0,0,0,0,0,0,0,0,0,0,0,0,0,0,0,683925,0,0,0
1744061856.002265,600003,21131156,0,nscratch,nscratch-ffff9fd41baaf800,0,0,1221834357847,69253664772,0,0,154515,0,0,0,0,0,0,0,0,0,0,0,0,0,0,0,0,0,0,0,0,0,0,0,0,112966,0,0,0
1744061856.002464,600003,21131156,0,pscratch,pscratch-ffff9fd409727800,0,0,2489789293175,1622651299346,0,0,669386,0,0,0,0,0,0,0,0,0,0,0,0,0,0,0,0,0,0,0,0,0,0,0,0,683925,0,0,0
1744061857.001914,600003,21131156,0,nscratch,nscratch-ffff9fd41baaf800,0,0,1221834357847,69253664772,0,0,154515,0,0,0,0,0,0,0,0,0,0,0,0,0,0,0,0,0,0,0,0,0,0,0,0,112966,0,0,0
1744061857.002003,600003,21131156,0,pscratch,pscratch-ffff9fd409727800,0,0,2489789293175,1622651529503,0,0,669386,0,0,0,0,0,0,0,0,0,0,0,0,0,0,0,0,0,0,0,0,0,0,0,0,683925,0,0,0
1744061858.001411,600003,21131156,0,nscratch,nscratch-ffff9fd41baaf800,0,0,1221834357847,69253664772,0,0,154515,0,0,0,0,0,0,0,0,0,0,0,0,0,0,0,0,0,0,0,0,0,0,0,0,112966,0,0,0
1744061858.001514,600003,21131156,0,pscratch,pscratch-ffff9fd409727800,0,0,2489789293175,1622651529927,0,0,669386,0,0,0,0,0,0,0,0,0,0,0,0,0,0,0,0,0,0,0,0,0,0,0,0,683925,0,0,0
1744061859.001710,600003,21131156,0,nscratch,nscratch-ffff9fd41baaf800,0,0,1221834357847,69253664772,0,0,154515,0,0,0,0,0,0,0,0,0,0,0,0,0,0,0,0,0,0,0,0,0,0,0,0,112966,0,0,0
1744061859.001791,600003,21131156,0,pscratch,pscratch-ffff9fd409727800,0,0,2489789293175,1622651536022,0,0,669386,0,0,0,0,0,0,0,0,0,0,0,0,0,0,0,0,0,0,0,0,0,0,0,0,683925,0,0,0
1744061860.002497,600003,21131156,0,nscratch,nscratch-ffff9fd41baaf800,0,0,1221834357847,69253664772,0,0,154515,0,0,0,0,0,0,0,0,0,0,0,0,0,0,0,0,0,0,0,0,0,0,0,0,112966,0,0,0
1744061860.002621,600003,21131156,0,pscratch,pscratch-ffff9fd409727800,0,0,2489789293175,1622651536022,0,0,669386,0,0,0,0,0,0,0,0,0,0,0,0,0,0,0,0,0,0,0,0,0,0,0,0,683925,0,0,0
1744061861.001947,600003,21131156,0,nscratch,nscratch-ffff9fd41baaf800,0,0,1221834357847,69253664772,0,0,154515,0,0,0,0,0,0,0,0,0,0,0,0,0,0,0,0,0,0,0,0,0,0,0,0,112966,0,0,0
1744061861.002027,600003,21131156,0,pscratch,pscratch-ffff9fd409727800,0,0,2489789293175,1622651541462,0,0,669386,0,0,0,0,0,0,0,0,0,0,0,0,0,0,0,0,0,0,0,0,0,0,0,0,683925,0,0,0
1744061862.001184,600003,21131156,0,nscratch,nscratch-ffff9fd41baaf800,0,0,1221834357847,69253664772,0,0,154515,0,0,0,0,0,0,0,0,0,0,0,0,0,0,0,0,0,0,0,0,0,0,0,0,112966,0,0,0
1744061862.001265,600003,21131156,0,pscratch,pscratch-ffff9fd409727800,0,0,2489789293175,1622651546052,0,0,669386,0,0,0,0,0,0,0,0,0,0,0,0,0,0,0,0,0,0,0,0,0,0,0,0,683925,0,0,0
1744061863.001703,600003,21131156,0,nscratch,nscratch-ffff9fd41baaf800,0,0,1221834357847,69253664772,0,0,154515,0,0,0,0,0,0,0,0,0,0,0,0,0,0,0,0,0,0,0,0,0,0,0,0,112966,0,0,0
1744061863.001788,600003,21131156,0,pscratch,pscratch-ffff9fd409727800,0,0,2489789293175,1622651555195,0,0,669386,0,0,0,0,0,0,0,0,0,0,0,0,0,0,0,0,0,0,0,0,0,0,0,0,683925,0,0,0
1744061864.002178,600003,21131156,0,nscratch,nscratch-ffff9fd41baaf800,0,0,1221834357847,69253664772,0,0,154515,0,0,0,0,0,0,0,0,0,0,0,0,0,0,0,0,0,0,0,0,0,0,0,0,112966,0,0,0
1744061864.002280,600003,21131156,0,pscratch,pscratch-ffff9fd409727800,0,0,2489831813135,1622701041123,0,0,669386,0,0,0,0,0,0,0,0,0,0,0,0,0,0,0,0,0,0,0,0,0,0,0,0,683925,0,0,0
1744061865.001590,600003,21131156,0,nscratch,nscratch-ffff9fd41baaf800,0,0,1221834357847,69253664772,0,0,154515,0,0,0,0,0,0,0,0,0,0,0,0,0,0,0,0,0,0,0,0,0,0,0,0,112966,0,0,0
1744061865.001784,600003,21131156,0,pscratch,pscratch-ffff9fd409727800,0,0,2489831813135,1622701041548,0,0,669386,0,0,0,0,0,0,0,0,0,0,0,0,0,0,0,0,0,0,0,0,0,0,0,0,683925,0,0,0
1744061866.002185,600003,21131156,0,nscratch,nscratch-ffff9fd41baaf800,0,0,1221834357847,69253664772,0,0,154515,0,0,0,0,0,0,0,0,0,0,0,0,0,0,0,0,0,0,0,0,0,0,0,0,112966,0,0,0
1744061866.002267,600003,21131156,0,pscratch,pscratch-ffff9fd409727800,0,0,2489831813135,1622701047643,0,0,669386,0,0,0,0,0,0,0,0,0,0,0,0,0,0,0,0,0,0,0,0,0,0,0,0,683925,0,0,0
1744061867.001652,600003,21131156,0,nscratch,nscratch-ffff9fd41baaf800,0,0,1221834357847,69253664772,0,0,154515,0,0,0,0,0,0,0,0,0,0,0,0,0,0,0,0,0,0,0,0,0,0,0,0,112966,0,0,0
1744061867.001733,600003,21131156,0,pscratch,pscratch-ffff9fd409727800,0,0,2489831813135,1622701047643,0,0,669386,0,0,0,0,0,0,0,0,0,0,0,0,0,0,0,0,0,0,0,0,0,0,0,0,683925,0,0,0
1744061868.002027,600003,21131156,0,nscratch,nscratch-ffff9fd41baaf800,0,0,1221834357847,69253664772,0,0,154515,0,0,0,0,0,0,0,0,0,0,0,0,0,0,0,0,0,0,0,0,0,0,0,0,112966,0,0,0
1744061868.002199,600003,21131156,0,pscratch,pscratch-ffff9fd409727800,0,0,2489831813135,1622701052658,0,0,669386,0,0,0,0,0,0,0,0,0,0,0,0,0,0,0,0,0,0,0,0,0,0,0,0,683925,0,0,0
1744061869.001813,600003,21131156,0,nscratch,nscratch-ffff9fd41baaf800,0,0,1221834357847,69253664772,0,0,154515,0,0,0,0,0,0,0,0,0,0,0,0,0,0,0,0,0,0,0,0,0,0,0,0,112966,0,0,0
1744061869.001896,600003,21131156,0,pscratch,pscratch-ffff9fd409727800,0,0,2489831813135,1622701057248,0,0,669386,0,0,0,0,0,0,0,0,0,0,0,0,0,0,0,0,0,0,0,0,0,0,0,0,683925,0,0,0
1744061870.002230,600003,21131156,0,nscratch,nscratch-ffff9fd41baaf800,0,0,1221834357847,69253664772,0,0,154515,0,0,0,0,0,0,0,0,0,0,0,0,0,0,0,0,0,0,0,0,0,0,0,0,112966,0,0,0
1744061870.002313,600003,21131156,0,pscratch,pscratch-ffff9fd409727800,0,0,2489831813135,1622701066290,0,0,669386,0,0,0,0,0,0,0,0,0,0,0,0,0,0,0,0,0,0,0,0,0,0,0,0,683925,0,0,0
1744061871.001489,600003,21131156,0,nscratch,nscratch-ffff9fd41baaf800,0,0,1221834357847,69253664772,0,0,154515,0,0,0,0,0,0,0,0,0,0,0,0,0,0,0,0,0,0,0,0,0,0,0,0,112966,0,0,0
1744061871.001597,600003,21131156,0,pscratch,pscratch-ffff9fd409727800,0,0,2489831813135,1622701296722,0,0,669386,0,0,0,0,0,0,0,0,0,0,0,0,0,0,0,0,0,0,0,0,0,0,0,0,683925,0,0,0
1744061872.002212,600003,21131156,0,nscratch,nscratch-ffff9fd41baaf800,0,0,1221834357847,69253664772,0,0,154515,0,0,0,0,0,0,0,0,0,0,0,0,0,0,0,0,0,0,0,0,0,0,0,0,112966,0,0,0
1744061872.002295,600003,21131156,0,pscratch,pscratch-ffff9fd409727800,0,0,2489831813135,1622701296722,0,0,669386,0,0,0,0,0,0,0,0,0,0,0,0,0,0,0,0,0,0,0,0,0,0,0,0,683925,0,0,0
1744061873.001850,600003,21131156,0,nscratch,nscratch-ffff9fd41baaf800,0,0,1221834357847,69253664772,0,0,154515,0,0,0,0,0,0,0,0,0,0,0,0,0,0,0,0,0,0,0,0,0,0,0,0,112966,0,0,0
1744061873.001930,600003,21131156,0,pscratch,pscratch-ffff9fd409727800,0,0,2489831813135,1622701302818,0,0,669386,0,0,0,0,0,0,0,0,0,0,0,0,0,0,0,0,0,0,0,0,0,0,0,0,683925,0,0,0
1744061874.002113,600003,21131156,0,nscratch,nscratch-ffff9fd41baaf800,0,0,1221834357847,69253664772,0,0,154515,0,0,0,0,0,0,0,0,0,0,0,0,0,0,0,0,0,0,0,0,0,0,0,0,112966,0,0,0
1744061874.002195,600003,21131156,0,pscratch,pscratch-ffff9fd409727800,0,0,2489831813135,1622701303279,0,0,669386,0,0,0,0,0,0,0,0,0,0,0,0,0,0,0,0,0,0,0,0,0,0,0,0,683925,0,0,0
1744061875.001629,600003,21131156,0,nscratch,nscratch-ffff9fd41baaf800,0,0,1221834357847,69253664772,0,0,154515,0,0,0,0,0,0,0,0,0,0,0,0,0,0,0,0,0,0,0,0,0,0,0,0,112966,0,0,0
1744061875.001710,600003,21131156,0,pscratch,pscratch-ffff9fd409727800,0,0,2489831813135,1622701309801,0,0,669386,0,0,0,0,0,0,0,0,0,0,0,0,0,0,0,0,0,0,0,0,0,0,0,0,683925,0,0,0
1744061876.002022,600003,21131156,0,nscratch,nscratch-ffff9fd41baaf800,0,0,1221834357847,69253664772,0,0,154515,0,0,0,0,0,0,0,0,0,0,0,0,0,0,0,0,0,0,0,0,0,0,0,0,112966,0,0,0
1744061876.002102,600003,21131156,0,pscratch,pscratch-ffff9fd409727800,0,0,2489831813135,1622701314820,0,0,669386,0,0,0,0,0,0,0,0,0,0,0,0,0,0,0,0,0,0,0,0,0,0,0,0,683925,0,0,0
1744061877.001414,600003,21131156,0,nscratch,nscratch-ffff9fd41baaf800,0,0,1221834357847,69253664772,0,0,154515,0,0,0,0,0,0,0,0,0,0,0,0,0,0,0,0,0,0,0,0,0,0,0,0,112966,0,0,0
1744061877.001530,600003,21131156,0,pscratch,pscratch-ffff9fd409727800,0,0,2489831813135,1622701323444,0,0,669386,0,0,0,0,0,0,0,0,0,0,0,0,0,0,0,0,0,0,0,0,0,0,0,0,683925,0,0,0
1744061878.001982,600003,21131156,0,nscratch,nscratch-ffff9fd41baaf800,0,0,1221834357847,69253664772,0,0,154515,0,0,0,0,0,0,0,0,0,0,0,0,0,0,0,0,0,0,0,0,0,0,0,0,112966,0,0,0
1744061878.002080,600003,21131156,0,pscratch,pscratch-ffff9fd409727800,0,0,2489831813135,1622701553284,0,0,669386,0,0,0,0,0,0,0,0,0,0,0,0,0,0,0,0,0,0,0,0,0,0,0,0,683925,0,0,0
1744061879.001428,600003,21131156,0,nscratch,nscratch-ffff9fd41baaf800,0,0,1221834357847,69253664772,0,0,154515,0,0,0,0,0,0,0,0,0,0,0,0,0,0,0,0,0,0,0,0,0,0,0,0,112966,0,0,0
1744061879.001510,600003,21131156,0,pscratch,pscratch-ffff9fd409727800,0,0,2489831813135,1622701553710,0,0,669386,0,0,0,0,0,0,0,0,0,0,0,0,0,0,0,0,0,0,0,0,0,0,0,0,683925,0,0,0
1744061880.001712,600003,21131156,0,nscratch,nscratch-ffff9fd41baaf800,0,0,1221834357847,69253664772,0,0,154515,0,0,0,0,0,0,0,0,0,0,0,0,0,0,0,0,0,0,0,0,0,0,0,0,112966,0,0,0
1744061880.001793,600003,21131156,0,pscratch,pscratch-ffff9fd409727800,0,0,2489831813135,1622701560232,0,0,669386,0,0,0,0,0,0,0,0,0,0,0,0,0,0,0,0,0,0,0,0,0,0,0,0,683925,0,0,0
1744061881.002322,600003,21131156,0,nscratch,nscratch-ffff9fd41baaf800,0,0,1221834357847,69253664772,0,0,154515,0,0,0,0,0,0,0,0,0,0,0,0,0,0,0,0,0,0,0,0,0,0,0,0,112966,0,0,0
1744061881.002412,600003,21131156,0,pscratch,pscratch-ffff9fd409727800,0,0,2489831813135,1622701561084,0,0,669386,0,0,0,0,0,0,0,0,0,0,0,0,0,0,0,0,0,0,0,0,0,0,0,0,683925,0,0,0
1744061882.001848,600003,21131156,0,nscratch,nscratch-ffff9fd41baaf800,0,0,1221834357847,69253664772,0,0,154515,0,0,0,0,0,0,0,0,0,0,0,0,0,0,0,0,0,0,0,0,0,0,0,0,112966,0,0,0
1744061882.001950,600003,21131156,0,pscratch,pscratch-ffff9fd409727800,0,0,2489874390535,1622751018977,0,0,669386,0,0,0,0,0,0,0,0,0,0,0,0,0,0,0,0,0,0,0,0,0,0,0,0,683925,0,0,0
1744061883.002250,600003,21131156,0,nscratch,nscratch-ffff9fd41baaf800,0,0,1221834357847,69253664772,0,0,154515,0,0,0,0,0,0,0,0,0,0,0,0,0,0,0,0,0,0,0,0,0,0,0,0,112966,0,0,0
1744061883.002441,600003,21131156,0,pscratch,pscratch-ffff9fd409727800,0,0,2489874390535,1622751018977,0,0,669386,0,0,0,0,0,0,0,0,0,0,0,0,0,0,0,0,0,0,0,0,0,0,0,0,683925,0,0,0
1744061884.001900,600003,21131156,0,nscratch,nscratch-ffff9fd41baaf800,0,0,1221834357847,69253664772,0,0,154515,0,0,0,0,0,0,0,0,0,0,0,0,0,0,0,0,0,0,0,0,0,0,0,0,112966,0,0,0
1744061884.001982,600003,21131156,0,pscratch,pscratch-ffff9fd409727800,0,0,2489874390535,1622751023993,0,0,669386,0,0,0,0,0,0,0,0,0,0,0,0,0,0,0,0,0,0,0,0,0,0,0,0,683925,0,0,0
1744061885.001517,600003,21131156,0,nscratch,nscratch-ffff9fd41baaf800,0,0,1221834357847,69253664772,0,0,154515,0,0,0,0,0,0,0,0,0,0,0,0,0,0,0,0,0,0,0,0,0,0,0,0,112966,0,0,0
1744061885.001604,600003,21131156,0,pscratch,pscratch-ffff9fd409727800,0,0,2489874390535,1622751255063,0,0,669386,0,0,0,0,0,0,0,0,0,0,0,0,0,0,0,0,0,0,0,0,0,0,0,0,683925,0,0,0
1744061886.001784,600003,21131156,0,nscratch,nscratch-ffff9fd41baaf800,0,0,1221834357847,69253664772,0,0,154515,0,0,0,0,0,0,0,0,0,0,0,0,0,0,0,0,0,0,0,0,0,0,0,0,112966,0,0,0
1744061886.001867,600003,21131156,0,pscratch,pscratch-ffff9fd409727800,0,0,2489874390535,1622751263701,0,0,669386,0,0,0,0,0,0,0,0,0,0,0,0,0,0,0,0,0,0,0,0,0,0,0,0,683925,0,0,0
1744061887.002279,600003,21131156,0,nscratch,nscratch-ffff9fd41baaf800,0,0,1221834357847,69253664772,0,0,154515,0,0,0,0,0,0,0,0,0,0,0,0,0,0,0,0,0,0,0,0,0,0,0,0,112966,0,0,0
1744061887.002360,600003,21131156,0,pscratch,pscratch-ffff9fd409727800,0,0,2489874390535,1622751268291,0,0,669386,0,0,0,0,0,0,0,0,0,0,0,0,0,0,0,0,0,0,0,0,0,0,0,0,683925,0,0,0
1744061888.001914,600003,21131156,0,nscratch,nscratch-ffff9fd41baaf800,0,0,1221834357847,69253664772,0,0,154515,0,0,0,0,0,0,0,0,0,0,0,0,0,0,0,0,0,0,0,0,0,0,0,0,112966,0,0,0
1744061888.001995,600003,21131156,0,pscratch,pscratch-ffff9fd409727800,0,0,2489874390535,1622751269143,0,0,669386,0,0,0,0,0,0,0,0,0,0,0,0,0,0,0,0,0,0,0,0,0,0,0,0,683925,0,0,0
1744061889.002227,600003,21131156,0,nscratch,nscratch-ffff9fd41baaf800,0,0,1221834357847,69253664772,0,0,154515,0,0,0,0,0,0,0,0,0,0,0,0,0,0,0,0,0,0,0,0,0,0,0,0,112966,0,0,0
1744061889.002309,600003,21131156,0,pscratch,pscratch-ffff9fd409727800,0,0,2489874390535,1622751274159,0,0,669386,0,0,0,0,0,0,0,0,0,0,0,0,0,0,0,0,0,0,0,0,0,0,0,0,683925,0,0,0
1744061890.002245,600003,21131156,0,nscratch,nscratch-ffff9fd41baaf800,0,0,1221834357847,69253664772,0,0,154515,0,0,0,0,0,0,0,0,0,0,0,0,0,0,0,0,0,0,0,0,0,0,0,0,112966,0,0,0
1744061890.002458,600003,21131156,0,pscratch,pscratch-ffff9fd409727800,0,0,2489874390535,1622751274159,0,0,669386,0,0,0,0,0,0,0,0,0,0,0,0,0,0,0,0,0,0,0,0,0,0,0,0,683925,0,0,0
1744061891.001924,600003,21131156,0,nscratch,nscratch-ffff9fd41baaf800,0,0,1221834357847,69253664772,0,0,154515,0,0,0,0,0,0,0,0,0,0,0,0,0,0,0,0,0,0,0,0,0,0,0,0,112966,0,0,0
1744061891.002005,600003,21131156,0,pscratch,pscratch-ffff9fd409727800,0,0,2489874390535,1622751279230,0,0,669386,0,0,0,0,0,0,0,0,0,0,0,0,0,0,0,0,0,0,0,0,0,0,0,0,683925,0,0,0
1744061892.001162,600003,21131156,0,nscratch,nscratch-ffff9fd41baaf800,0,0,1221834357847,69253664772,0,0,154515,0,0,0,0,0,0,0,0,0,0,0,0,0,0,0,0,0,0,0,0,0,0,0,0,112966,0,0,0
1744061892.001244,600003,21131156,0,pscratch,pscratch-ffff9fd409727800,0,0,2489874390535,1622751279655,0,0,669386,0,0,0,0,0,0,0,0,0,0,0,0,0,0,0,0,0,0,0,0,0,0,0,0,683925,0,0,0
1744061893.001780,600003,21131156,0,nscratch,nscratch-ffff9fd41baaf800,0,0,1221834357847,69253664772,0,0,154515,0,0,0,0,0,0,0,0,0,0,0,0,0,0,0,0,0,0,0,0,0,0,0,0,112966,0,0,0
1744061893.001868,600003,21131156,0,pscratch,pscratch-ffff9fd409727800,0,0,2489874390535,1622751516188,0,0,669386,0,0,0,0,0,0,0,0,0,0,0,0,0,0,0,0,0,0,0,0,0,0,0,0,683925,0,0,0
1744061894.002332,600003,21131156,0,nscratch,nscratch-ffff9fd41baaf800,0,0,1221834357847,69253664772,0,0,154515,0,0,0,0,0,0,0,0,0,0,0,0,0,0,0,0,0,0,0,0,0,0,0,0,112966,0,0,0
1744061894.002423,600003,21131156,0,pscratch,pscratch-ffff9fd409727800,0,0,2489874390535,1622751524842,0,0,669386,0,0,0,0,0,0,0,0,0,0,0,0,0,0,0,0,0,0,0,0,0,0,0,0,683925,0,0,0
1744061895.001724,600003,21131156,0,nscratch,nscratch-ffff9fd41baaf800,0,0,1221834357847,69253664772,0,0,154515,0,0,0,0,0,0,0,0,0,0,0,0,0,0,0,0,0,0,0,0,0,0,0,0,112966,0,0,0
1744061895.001826,600003,21131156,0,pscratch,pscratch-ffff9fd409727800,0,0,2489874390535,1622751531364,0,0,669386,0,0,0,0,0,0,0,0,0,0,0,0,0,0,0,0,0,0,0,0,0,0,0,0,683925,0,0,0
1744061896.002366,600003,21131156,0,nscratch,nscratch-ffff9fd41baaf800,0,0,1221834357847,69253664772,0,0,154515,0,0,0,0,0,0,0,0,0,0,0,0,0,0,0,0,0,0,0,0,0,0,0,0,112966,0,0,0
1744061896.002458,600003,21131156,0,pscratch,pscratch-ffff9fd409727800,0,0,2489874390535,1622751536382,0,0,669386,0,0,0,0,0,0,0,0,0,0,0,0,0,0,0,0,0,0,0,0,0,0,0,0,683925,0,0,0
1744061897.001961,600003,21131156,0,nscratch,nscratch-ffff9fd41baaf800,0,0,1221834357847,69253664772,0,0,154515,0,0,0,0,0,0,0,0,0,0,0,0,0,0,0,0,0,0,0,0,0,0,0,0,112966,0,0,0
1744061897.002043,600003,21131156,0,pscratch,pscratch-ffff9fd409727800,0,0,2489874390535,1622751536382,0,0,669386,0,0,0,0,0,0,0,0,0,0,0,0,0,0,0,0,0,0,0,0,0,0,0,0,683925,0,0,0
1744061898.001232,600003,21131156,0,nscratch,nscratch-ffff9fd41baaf800,0,0,1221834357847,69253664772,0,0,154515,0,0,0,0,0,0,0,0,0,0,0,0,0,0,0,0,0,0,0,0,0,0,0,0,112966,0,0,0
1744061898.001314,600003,21131156,0,pscratch,pscratch-ffff9fd409727800,0,0,2489874390535,1622751541397,0,0,669386,0,0,0,0,0,0,0,0,0,0,0,0,0,0,0,0,0,0,0,0,0,0,0,0,683925,0,0,0
1744061899.001917,600003,21131156,0,nscratch,nscratch-ffff9fd41baaf800,0,0,1221834357847,69253664772,0,0,154515,0,0,0,0,0,0,0,0,0,0,0,0,0,0,0,0,0,0,0,0,0,0,0,0,112966,0,0,0
1744061899.002000,600003,21131156,0,pscratch,pscratch-ffff9fd409727800,0,0,2489874390535,1622751541823,0,0,669386,0,0,0,0,0,0,0,0,0,0,0,0,0,0,0,0,0,0,0,0,0,0,0,0,683925,0,0,0
1744061900.001366,600003,21131156,0,nscratch,nscratch-ffff9fd41baaf800,0,0,1221834357847,69253664772,0,0,154515,0,0,0,0,0,0,0,0,0,0,0,0,0,0,0,0,0,0,0,0,0,0,0,0,112966,0,0,0
1744061900.001513,600003,21131156,0,pscratch,pscratch-ffff9fd409727800,0,0,2489916894303,1622801206206,0,0,669386,0,0,0,0,0,0,0,0,0,0,0,0,0,0,0,0,0,0,0,0,0,0,0,0,683925,0,0,0
1744061901.001736,600003,21131156,0,nscratch,nscratch-ffff9fd41baaf800,0,0,1221834357847,69253664772,0,0,154515,0,0,0,0,0,0,0,0,0,0,0,0,0,0,0,0,0,0,0,0,0,0,0,0,112966,0,0,0
1744061901.001824,600003,21131156,0,pscratch,pscratch-ffff9fd409727800,0,0,2489916894303,1622801206631,0,0,669386,0,0,0,0,0,0,0,0,0,0,0,0,0,0,0,0,0,0,0,0,0,0,0,0,683925,0,0,0
1744061902.002284,600003,21131156,0,nscratch,nscratch-ffff9fd41baaf800,0,0,1221834357847,69253664772,0,0,154515,0,0,0,0,0,0,0,0,0,0,0,0,0,0,0,0,0,0,0,0,0,0,0,0,112966,0,0,0
1744061902.002367,600003,21131156,0,pscratch,pscratch-ffff9fd409727800,0,0,2489916894303,1622801211221,0,0,669386,0,0,0,0,0,0,0,0,0,0,0,0,0,0,0,0,0,0,0,0,0,0,0,0,683925,0,0,0
1744061903.001827,600003,21131156,0,nscratch,nscratch-ffff9fd41baaf800,0,0,1221834357847,69253664772,0,0,154515,0,0,0,0,0,0,0,0,0,0,0,0,0,0,0,0,0,0,0,0,0,0,0,0,112966,0,0,0
1744061903.001909,600003,21131156,0,pscratch,pscratch-ffff9fd409727800,0,0,2489916894303,1622801219977,0,0,669386,0,0,0,0,0,0,0,0,0,0,0,0,0,0,0,0,0,0,0,0,0,0,0,0,683925,0,0,0
1744061904.002206,600003,21131156,0,nscratch,nscratch-ffff9fd41baaf800,0,0,1221834357847,69253664772,0,0,154515,0,0,0,0,0,0,0,0,0,0,0,0,0,0,0,0,0,0,0,0,0,0,0,0,112966,0,0,0
1744061904.002306,600003,21131156,0,pscratch,pscratch-ffff9fd409727800,0,0,2489916894303,1622801224993,0,0,669386,0,0,0,0,0,0,0,0,0,0,0,0,0,0,0,0,0,0,0,0,0,0,0,0,683925,0,0,0
1744061905.001753,600003,21131156,0,nscratch,nscratch-ffff9fd41baaf800,0,0,1221834357847,69253664772,0,0,154515,0,0,0,0,0,0,0,0,0,0,0,0,0,0,0,0,0,0,0,0,0,0,0,0,112966,0,0,0
1744061905.001836,600003,21131156,0,pscratch,pscratch-ffff9fd409727800,0,0,2489916894303,1622801224993,0,0,669386,0,0,0,0,0,0,0,0,0,0,0,0,0,0,0,0,0,0,0,0,0,0,0,0,683925,0,0,0
1744061906.002166,600003,21131156,0,nscratch,nscratch-ffff9fd41baaf800,0,0,1221834357847,69253664772,0,0,154515,0,0,0,0,0,0,0,0,0,0,0,0,0,0,0,0,0,0,0,0,0,0,0,0,112966,0,0,0
1744061906.002248,600003,21131156,0,pscratch,pscratch-ffff9fd409727800,0,0,2489916894303,1622801230861,0,0,669386,0,0,0,0,0,0,0,0,0,0,0,0,0,0,0,0,0,0,0,0,0,0,0,0,683925,0,0,0
1744061907.001559,600003,21131156,0,nscratch,nscratch-ffff9fd41baaf800,0,0,1221834357847,69253664772,0,0,154515,0,0,0,0,0,0,0,0,0,0,0,0,0,0,0,0,0,0,0,0,0,0,0,0,112966,0,0,0
1744061907.001739,600003,21131156,0,pscratch,pscratch-ffff9fd409727800,0,0,2489916894303,1622801230861,0,0,669386,0,0,0,0,0,0,0,0,0,0,0,0,0,0,0,0,0,0,0,0,0,0,0,0,683925,0,0,0
1744061908.002343,600003,21131156,0,nscratch,nscratch-ffff9fd41baaf800,0,0,1221834357847,69253664772,0,0,154515,0,0,0,0,0,0,0,0,0,0,0,0,0,0,0,0,0,0,0,0,0,0,0,0,112966,0,0,0
1744061908.002442,600003,21131156,0,pscratch,pscratch-ffff9fd409727800,0,0,2489916894303,1622801468162,0,0,669386,0,0,0,0,0,0,0,0,0,0,0,0,0,0,0,0,0,0,0,0,0,0,0,0,683925,0,0,0
1744061909.001773,600003,21131156,0,nscratch,nscratch-ffff9fd41baaf800,0,0,1221834357847,69253664772,0,0,154515,0,0,0,0,0,0,0,0,0,0,0,0,0,0,0,0,0,0,0,0,0,0,0,0,112966,0,0,0
1744061909.001853,600003,21131156,0,pscratch,pscratch-ffff9fd409727800,0,0,2489916894303,1622801468162,0,0,669386,0,0,0,0,0,0,0,0,0,0,0,0,0,0,0,0,0,0,0,0,0,0,0,0,683925,0,0,0
1744061910.002145,600003,21131156,0,nscratch,nscratch-ffff9fd41baaf800,0,0,1221834357847,69253664772,0,0,154515,0,0,0,0,0,0,0,0,0,0,0,0,0,0,0,0,0,0,0,0,0,0,0,0,112966,0,0,0
1744061910.002317,600003,21131156,0,pscratch,pscratch-ffff9fd409727800,0,0,2489916894303,1622801481852,0,0,669386,0,0,0,0,0,0,0,0,0,0,0,0,0,0,0,0,0,0,0,0,0,0,0,0,683925,0,0,0
1744061911.002017,600003,21131156,0,nscratch,nscratch-ffff9fd41baaf800,0,0,1221834357847,69253664772,0,0,154515,0,0,0,0,0,0,0,0,0,0,0,0,0,0,0,0,0,0,0,0,0,0,0,0,112966,0,0,0
1744061911.002099,600003,21131156,0,pscratch,pscratch-ffff9fd409727800,0,0,2489916894303,1622801481852,0,0,669386,0,0,0,0,0,0,0,0,0,0,0,0,0,0,0,0,0,0,0,0,0,0,0,0,683925,0,0,0
1744061912.001597,600003,21131156,0,nscratch,nscratch-ffff9fd41baaf800,0,0,1221834357847,69253664772,0,0,154515,0,0,0,0,0,0,0,0,0,0,0,0,0,0,0,0,0,0,0,0,0,0,0,0,112966,0,0,0
1744061912.001678,600003,21131156,0,pscratch,pscratch-ffff9fd409727800,0,0,2489916894303,1622801487294,0,0,669386,0,0,0,0,0,0,0,0,0,0,0,0,0,0,0,0,0,0,0,0,0,0,0,0,683925,0,0,0
1744061913.001912,600003,21131156,0,nscratch,nscratch-ffff9fd41baaf800,0,0,1221834357847,69253664772,0,0,154515,0,0,0,0,0,0,0,0,0,0,0,0,0,0,0,0,0,0,0,0,0,0,0,0,112966,0,0,0
1744061913.001993,600003,21131156,0,pscratch,pscratch-ffff9fd409727800,0,0,2489916894303,1622801492313,0,0,669386,0,0,0,0,0,0,0,0,0,0,0,0,0,0,0,0,0,0,0,0,0,0,0,0,683925,0,0,0
1744061914.001627,600003,21131156,0,nscratch,nscratch-ffff9fd41baaf800,0,0,1221834357847,69253664772,0,0,154515,0,0,0,0,0,0,0,0,0,0,0,0,0,0,0,0,0,0,0,0,0,0,0,0,112966,0,0,0
1744061914.001707,600003,21131156,0,pscratch,pscratch-ffff9fd409727800,0,0,2489916894303,1622801493165,0,0,669386,0,0,0,0,0,0,0,0,0,0,0,0,0,0,0,0,0,0,0,0,0,0,0,0,683925,0,0,0
1744061915.002285,600003,21131156,0,nscratch,nscratch-ffff9fd41baaf800,0,0,1221834357847,69253664772,0,0,154515,0,0,0,0,0,0,0,0,0,0,0,0,0,0,0,0,0,0,0,0,0,0,0,0,112966,0,0,0
1744061915.002381,600003,21131156,0,pscratch,pscratch-ffff9fd409727800,0,0,2489916894303,1622801608371,0,0,669386,0,0,0,0,0,0,0,0,0,0,0,0,0,0,0,0,0,0,0,0,0,0,0,0,683925,0,0,0
1744061916.001577,600003,21131156,0,nscratch,nscratch-ffff9fd41baaf800,0,0,1221834357847,69253664772,0,0,154515,0,0,0,0,0,0,0,0,0,0,0,0,0,0,0,0,0,0,0,0,0,0,0,0,112966,0,0,0
1744061916.001658,600003,21131156,0,pscratch,pscratch-ffff9fd409727800,0,0,2489916894303,1622801730265,0,0,669386,0,0,0,0,0,0,0,0,0,0,0,0,0,0,0,0,0,0,0,0,0,0,0,0,683925,0,0,0
1744061917.002061,600003,21131156,0,nscratch,nscratch-ffff9fd41baaf800,0,0,1221834357847,69253664772,0,0,154515,0,0,0,0,0,0,0,0,0,0,0,0,0,0,0,0,0,0,0,0,0,0,0,0,112966,0,0,0
1744061917.002144,600003,21131156,0,pscratch,pscratch-ffff9fd409727800,0,0,2489916894303,1622801734855,0,0,669386,0,0,0,0,0,0,0,0,0,0,0,0,0,0,0,0,0,0,0,0,0,0,0,0,683925,0,0,0
1744061918.001647,600003,21131156,0,nscratch,nscratch-ffff9fd41baaf800,0,0,1221834357847,69253664772,0,0,154515,0,0,0,0,0,0,0,0,0,0,0,0,0,0,0,0,0,0,0,0,0,0,0,0,112966,0,0,0
1744061918.001727,600003,21131156,0,pscratch,pscratch-ffff9fd409727800,0,0,2489916894303,1622801735707,0,0,669386,0,0,0,0,0,0,0,0,0,0,0,0,0,0,0,0,0,0,0,0,0,0,0,0,683925,0,0,0
1744061919.001858,600003,21131156,0,nscratch,nscratch-ffff9fd41baaf800,0,0,1221834357847,69253664772,0,0,154515,0,0,0,0,0,0,0,0,0,0,0,0,0,0,0,0,0,0,0,0,0,0,0,0,112966,0,0,0
1744061919.001930,600003,21131156,0,pscratch,pscratch-ffff9fd409727800,0,0,2489959439127,1622851214140,0,0,669386,0,0,0,0,0,0,0,0,0,0,0,0,0,0,0,0,0,0,0,0,0,0,0,0,683925,0,0,0
1744061920.001455,600003,21131156,0,nscratch,nscratch-ffff9fd41baaf800,0,0,1221834357847,69253664772,0,0,154515,0,0,0,0,0,0,0,0,0,0,0,0,0,0,0,0,0,0,0,0,0,0,0,0,112966,0,0,0
1744061920.001635,600003,21131156,0,pscratch,pscratch-ffff9fd409727800,0,0,2489959439127,1622851214566,0,0,669386,0,0,0,0,0,0,0,0,0,0,0,0,0,0,0,0,0,0,0,0,0,0,0,0,683925,0,0,0
1744061921.002173,600003,21131156,0,nscratch,nscratch-ffff9fd41baaf800,0,0,1221834357847,69253664772,0,0,154515,0,0,0,0,0,0,0,0,0,0,0,0,0,0,0,0,0,0,0,0,0,0,0,0,112966,0,0,0
1744061921.002254,600003,21131156,0,pscratch,pscratch-ffff9fd409727800,0,0,2489959439127,1622851220236,0,0,669386,0,0,0,0,0,0,0,0,0,0,0,0,0,0,0,0,0,0,0,0,0,0,0,0,683925,0,0,0
1744061922.001469,600003,21131156,0,nscratch,nscratch-ffff9fd41baaf800,0,0,1221834357847,69253664772,0,0,154515,0,0,0,0,0,0,0,0,0,0,0,0,0,0,0,0,0,0,0,0,0,0,0,0,112966,0,0,0
1744061922.001550,600003,21131156,0,pscratch,pscratch-ffff9fd409727800,0,0,2489959439127,1622851221088,0,0,669386,0,0,0,0,0,0,0,0,0,0,0,0,0,0,0,0,0,0,0,0,0,0,0,0,683925,0,0,0
1744061923.002151,600003,21131156,0,nscratch,nscratch-ffff9fd41baaf800,0,0,1221834357847,69253664772,0,0,154515,0,0,0,0,0,0,0,0,0,0,0,0,0,0,0,0,0,0,0,0,0,0,0,0,112966,0,0,0
1744061923.002241,600003,21131156,0,pscratch,pscratch-ffff9fd409727800,0,0,2489959439127,1622851227687,0,0,669386,0,0,0,0,0,0,0,0,0,0,0,0,0,0,0,0,0,0,0,0,0,0,0,0,683925,0,0,0
1744061924.001567,600003,21131156,0,nscratch,nscratch-ffff9fd41baaf800,0,0,1221834357847,69253664772,0,0,154515,0,0,0,0,0,0,0,0,0,0,0,0,0,0,0,0,0,0,0,0,0,0,0,0,112966,0,0,0
1744061924.001650,600003,21131156,0,pscratch,pscratch-ffff9fd409727800,0,0,2489959439127,1622851457086,0,0,669386,0,0,0,0,0,0,0,0,0,0,0,0,0,0,0,0,0,0,0,0,0,0,0,0,683925,0,0,0
1744061925.001944,600003,21131156,0,nscratch,nscratch-ffff9fd41baaf800,0,0,1221834357847,69253664772,0,0,154515,0,0,0,0,0,0,0,0,0,0,0,0,0,0,0,0,0,0,0,0,0,0,0,0,112966,0,0,0
1744061925.002055,600003,21131156,0,pscratch,pscratch-ffff9fd409727800,0,0,2489959439127,1622851457974,0,0,669386,0,0,0,0,0,0,0,0,0,0,0,0,0,0,0,0,0,0,0,0,0,0,0,0,683925,0,0,0
1744061926.001492,600003,21131156,0,nscratch,nscratch-ffff9fd41baaf800,0,0,1221834357847,69253664772,0,0,154515,0,0,0,0,0,0,0,0,0,0,0,0,0,0,0,0,0,0,0,0,0,0,0,0,112966,0,0,0
1744061926.001573,600003,21131156,0,pscratch,pscratch-ffff9fd409727800,0,0,2489959439127,1622851464070,0,0,669386,0,0,0,0,0,0,0,0,0,0,0,0,0,0,0,0,0,0,0,0,0,0,0,0,683925,0,0,0
1744061927.001973,600003,21131156,0,nscratch,nscratch-ffff9fd41baaf800,0,0,1221834357847,69253664772,0,0,154515,0,0,0,0,0,0,0,0,0,0,0,0,0,0,0,0,0,0,0,0,0,0,0,0,112966,0,0,0
1744061927.002056,600003,21131156,0,pscratch,pscratch-ffff9fd409727800,0,0,2489959439127,1622851468660,0,0,669386,0,0,0,0,0,0,0,0,0,0,0,0,0,0,0,0,0,0,0,0,0,0,0,0,683925,0,0,0
1744061928.001315,600003,21131156,0,nscratch,nscratch-ffff9fd41baaf800,0,0,1221834357847,69253664772,0,0,154515,0,0,0,0,0,0,0,0,0,0,0,0,0,0,0,0,0,0,0,0,0,0,0,0,112966,0,0,0
1744061928.001409,600003,21131156,0,pscratch,pscratch-ffff9fd409727800,0,0,2489959439127,1622851477704,0,0,669386,0,0,0,0,0,0,0,0,0,0,0,0,0,0,0,0,0,0,0,0,0,0,0,0,683925,0,0,0
1744061929.001829,600003,21131156,0,nscratch,nscratch-ffff9fd41baaf800,0,0,1221834357847,69253664772,0,0,154515,0,0,0,0,0,0,0,0,0,0,0,0,0,0,0,0,0,0,0,0,0,0,0,0,112966,0,0,0
1744061929.001910,600003,21131156,0,pscratch,pscratch-ffff9fd409727800,0,0,2489959439127,1622851483374,0,0,669386,0,0,0,0,0,0,0,0,0,0,0,0,0,0,0,0,0,0,0,0,0,0,0,0,683925,0,0,0
1744061930.002500,600003,21131156,0,nscratch,nscratch-ffff9fd41baaf800,0,0,1221834357847,69253664772,0,0,154515,0,0,0,0,0,0,0,0,0,0,0,0,0,0,0,0,0,0,0,0,0,0,0,0,112966,0,0,0
1744061930.002639,600003,21131156,0,pscratch,pscratch-ffff9fd409727800,0,0,2489959439127,1622851484283,0,0,669386,0,0,0,0,0,0,0,0,0,0,0,0,0,0,0,0,0,0,0,0,0,0,0,0,683925,0,0,0
1744061931.001821,600003,21131156,0,nscratch,nscratch-ffff9fd41baaf800,0,0,1221834357847,69253664772,0,0,154515,0,0,0,0,0,0,0,0,0,0,0,0,0,0,0,0,0,0,0,0,0,0,0,0,112966,0,0,0
1744061931.001924,600003,21131156,0,pscratch,pscratch-ffff9fd409727800,0,0,2489959439127,1622851490384,0,0,669386,0,0,0,0,0,0,0,0,0,0,0,0,0,0,0,0,0,0,0,0,0,0,0,0,683925,0,0,0
1744061932.001437,600003,21131156,0,nscratch,nscratch-ffff9fd41baaf800,0,0,1221834357847,69253664772,0,0,154515,0,0,0,0,0,0,0,0,0,0,0,0,0,0,0,0,0,0,0,0,0,0,0,0,112966,0,0,0
1744061932.001520,600003,21131156,0,pscratch,pscratch-ffff9fd409727800,0,0,2489959439127,1622851491054,0,0,669386,0,0,0,0,0,0,0,0,0,0,0,0,0,0,0,0,0,0,0,0,0,0,0,0,683925,0,0,0
1744061933.001991,600003,21131156,0,nscratch,nscratch-ffff9fd41baaf800,0,0,1221834357847,69253664772,0,0,154515,0,0,0,0,0,0,0,0,0,0,0,0,0,0,0,0,0,0,0,0,0,0,0,0,112966,0,0,0
1744061933.002072,600003,21131156,0,pscratch,pscratch-ffff9fd409727800,0,0,2489959439127,1622851491054,0,0,669386,0,0,0,0,0,0,0,0,0,0,0,0,0,0,0,0,0,0,0,0,0,0,0,0,683925,0,0,0
1744061934.001384,600003,21131156,0,nscratch,nscratch-ffff9fd41baaf800,0,0,1221834357847,69253664772,0,0,154515,0,0,0,0,0,0,0,0,0,0,0,0,0,0,0,0,0,0,0,0,0,0,0,0,112966,0,0,0
1744061934.001579,600003,21131156,0,pscratch,pscratch-ffff9fd409727800,0,0,2489959439127,1622851720720,0,0,669386,0,0,0,0,0,0,0,0,0,0,0,0,0,0,0,0,0,0,0,0,0,0,0,0,683925,0,0,0
1744061935.002174,600003,21131156,0,nscratch,nscratch-ffff9fd41baaf800,0,0,1221834357847,69253664772,0,0,154515,0,0,0,0,0,0,0,0,0,0,0,0,0,0,0,0,0,0,0,0,0,0,0,0,112966,0,0,0
1744061935.002258,600003,21131156,0,pscratch,pscratch-ffff9fd409727800,0,0,2489959439127,1622851721199,0,0,669386,0,0,0,0,0,0,0,0,0,0,0,0,0,0,0,0,0,0,0,0,0,0,0,0,683925,0,0,0
1744061936.001594,600003,21131156,0,nscratch,nscratch-ffff9fd41baaf800,0,0,1221834357847,69253664772,0,0,154515,0,0,0,0,0,0,0,0,0,0,0,0,0,0,0,0,0,0,0,0,0,0,0,0,112966,0,0,0
1744061936.001675,600003,21131156,0,pscratch,pscratch-ffff9fd409727800,0,0,2489959439127,1622851725789,0,0,669386,0,0,0,0,0,0,0,0,0,0,0,0,0,0,0,0,0,0,0,0,0,0,0,0,683925,0,0,0
1744061937.001963,600003,21131156,0,nscratch,nscratch-ffff9fd41baaf800,0,0,1221834357847,69253664772,0,0,154515,0,0,0,0,0,0,0,0,0,0,0,0,0,0,0,0,0,0,0,0,0,0,0,0,112966,0,0,0
1744061937.002137,600003,21131156,0,pscratch,pscratch-ffff9fd409727800,0,0,2489959439127,1622851726641,0,0,669386,0,0,0,0,0,0,0,0,0,0,0,0,0,0,0,0,0,0,0,0,0,0,0,0,683925,0,0,0
1744061938.001635,600003,21131156,0,nscratch,nscratch-ffff9fd41baaf800,0,0,1221834357847,69253664772,0,0,154515,0,0,0,0,0,0,0,0,0,0,0,0,0,0,0,0,0,0,0,0,0,0,0,0,112966,0,0,0
1744061938.001717,600003,21131156,0,pscratch,pscratch-ffff9fd409727800,0,0,2489959439127,1622851731231,0,0,669386,0,0,0,0,0,0,0,0,0,0,0,0,0,0,0,0,0,0,0,0,0,0,0,0,683925,0,0,0
1744061939.002225,600003,21131156,0,nscratch,nscratch-ffff9fd41baaf800,0,0,1221834357847,69253664772,0,0,154515,0,0,0,0,0,0,0,0,0,0,0,0,0,0,0,0,0,0,0,0,0,0,0,0,112966,0,0,0
1744061939.002305,600003,21131156,0,pscratch,pscratch-ffff9fd409727800,0,0,2489959439127,1622851739853,0,0,669386,0,0,0,0,0,0,0,0,0,0,0,0,0,0,0,0,0,0,0,0,0,0,0,0,683925,0,0,0
1744061940.001574,600003,21131156,0,nscratch,nscratch-ffff9fd41baaf800,0,0,1221834357847,69253664772,0,0,154515,0,0,0,0,0,0,0,0,0,0,0,0,0,0,0,0,0,0,0,0,0,0,0,0,112966,0,0,0
1744061940.001659,600003,21131156,0,pscratch,pscratch-ffff9fd409727800,0,0,2489959439127,1622851745953,0,0,669386,0,0,0,0,0,0,0,0,0,0,0,0,0,0,0,0,0,0,0,0,0,0,0,0,683925,0,0,0
1744061941.002233,600003,21131156,0,nscratch,nscratch-ffff9fd41baaf800,0,0,1221834357847,69253664772,0,0,154515,0,0,0,0,0,0,0,0,0,0,0,0,0,0,0,0,0,0,0,0,0,0,0,0,112966,0,0,0
1744061941.002314,600003,21131156,0,pscratch,pscratch-ffff9fd409727800,0,0,2489959439127,1622851746862,0,0,669386,0,0,0,0,0,0,0,0,0,0,0,0,0,0,0,0,0,0,0,0,0,0,0,0,683925,0,0,0
1744061942.001609,600003,21131156,0,nscratch,nscratch-ffff9fd41baaf800,0,0,1221834357847,69253664772,0,0,154515,0,0,0,0,0,0,0,0,0,0,0,0,0,0,0,0,0,0,0,0,0,0,0,0,112966,0,0,0
1744061942.001700,600003,21131156,0,pscratch,pscratch-ffff9fd409727800,0,0,2490002008623,1622901475230,0,0,669386,0,0,0,0,0,0,0,0,0,0,0,0,0,0,0,0,0,0,0,0,0,0,0,0,683925,0,0,0
1744061943.002013,600003,21131156,0,nscratch,nscratch-ffff9fd41baaf800,0,0,1221834357847,69253664772,0,0,154515,0,0,0,0,0,0,0,0,0,0,0,0,0,0,0,0,0,0,0,0,0,0,0,0,112966,0,0,0
1744061943.002101,600003,21131156,0,pscratch,pscratch-ffff9fd409727800,0,0,2490002008623,1622901771558,0,0,669386,0,0,0,0,0,0,0,0,0,0,0,0,0,0,0,0,0,0,0,0,0,0,0,0,683925,0,0,0
1744061944.001642,600003,21131156,0,nscratch,nscratch-ffff9fd41baaf800,0,0,1221834357847,69253664772,0,0,154515,0,0,0,0,0,0,0,0,0,0,0,0,0,0,0,0,0,0,0,0,0,0,0,0,112966,0,0,0
1744061944.001722,600003,21131156,0,pscratch,pscratch-ffff9fd409727800,0,0,2490002008623,1622901771558,0,0,669386,0,0,0,0,0,0,0,0,0,0,0,0,0,0,0,0,0,0,0,0,0,0,0,0,683925,0,0,0
1744061945.002060,600003,21131156,0,nscratch,nscratch-ffff9fd41baaf800,0,0,1221834357847,69253664772,0,0,154515,0,0,0,0,0,0,0,0,0,0,0,0,0,0,0,0,0,0,0,0,0,0,0,0,112966,0,0,0
1744061945.002141,600003,21131156,0,pscratch,pscratch-ffff9fd409727800,0,0,2490002008623,1622901771558,0,0,669386,0,0,0,0,0,0,0,0,0,0,0,0,0,0,0,0,0,0,0,0,0,0,0,0,683925,0,0,0
1744061946.001341,600003,21131156,0,nscratch,nscratch-ffff9fd41baaf800,0,0,1221834357847,69253664772,0,0,154515,0,0,0,0,0,0,0,0,0,0,0,0,0,0,0,0,0,0,0,0,0,0,0,0,112966,0,0,0
1744061946.001433,600003,21131156,0,pscratch,pscratch-ffff9fd409727800,0,0,2490002008623,1622901774132,0,0,669386,0,0,0,0,0,0,0,0,0,0,0,0,0,0,0,0,0,0,0,0,0,0,0,0,683925,0,0,0
1744061947.002029,600003,21131156,0,nscratch,nscratch-ffff9fd41baaf800,0,0,1221834357847,69253664772,0,0,154515,0,0,0,0,0,0,0,0,0,0,0,0,0,0,0,0,0,0,0,0,0,0,0,0,112966,0,0,0
1744061947.002111,600003,21131156,0,pscratch,pscratch-ffff9fd409727800,0,0,2490002008623,1622901774132,0,0,669386,0,0,0,0,0,0,0,0,0,0,0,0,0,0,0,0,0,0,0,0,0,0,0,0,683925,0,0,0
1744061948.001607,600003,21131156,0,nscratch,nscratch-ffff9fd41baaf800,0,0,1221834357847,69253664772,0,0,154515,0,0,0,0,0,0,0,0,0,0,0,0,0,0,0,0,0,0,0,0,0,0,0,0,112966,0,0,0
1744061948.001687,600003,21131156,0,pscratch,pscratch-ffff9fd409727800,0,0,2490002008623,1622901774132,0,0,669386,0,0,0,0,0,0,0,0,0,0,0,0,0,0,0,0,0,0,0,0,0,0,0,0,683925,0,0,0
1744061949.001880,600003,21131156,0,nscratch,nscratch-ffff9fd41baaf800,0,0,1221834357847,69253664772,0,0,154515,0,0,0,0,0,0,0,0,0,0,0,0,0,0,0,0,0,0,0,0,0,0,0,0,112966,0,0,0
1744061949.001962,600003,21131156,0,pscratch,pscratch-ffff9fd409727800,0,0,2490002008623,1622901774132,0,0,669386,0,0,0,0,0,0,0,0,0,0,0,0,0,0,0,0,0,0,0,0,0,0,0,0,683925,0,0,0
1744061950.001387,600003,21131156,0,nscratch,nscratch-ffff9fd41baaf800,0,0,1221834357847,69253664772,0,0,154515,0,0,0,0,0,0,0,0,0,0,0,0,0,0,0,0,0,0,0,0,0,0,0,0,112966,0,0,0
1744061950.001469,600003,21131156,0,pscratch,pscratch-ffff9fd409727800,0,0,2490002008623,1622901774132,0,0,669386,0,0,0,0,0,0,0,0,0,0,0,0,0,0,0,0,0,0,0,0,0,0,0,0,683925,0,0,0
1744061951.001938,600003,21131156,0,nscratch,nscratch-ffff9fd41baaf800,0,0,1221834357847,69253664772,0,0,154515,0,0,0,0,0,0,0,0,0,0,0,0,0,0,0,0,0,0,0,0,0,0,0,0,112966,0,0,0
1744061951.002019,600003,21131156,0,pscratch,pscratch-ffff9fd409727800,0,0,2490002008623,1622901774132,0,0,669386,0,0,0,0,0,0,0,0,0,0,0,0,0,0,0,0,0,0,0,0,0,0,0,0,683925,0,0,0
1744061952.001311,600003,21131156,0,nscratch,nscratch-ffff9fd41baaf800,0,0,1221834357847,69253664772,0,0,154515,0,0,0,0,0,0,0,0,0,0,0,0,0,0,0,0,0,0,0,0,0,0,0,0,112966,0,0,0
1744061952.001506,600003,21131156,0,pscratch,pscratch-ffff9fd409727800,0,0,2490002008623,1622901774132,0,0,669386,0,0,0,0,0,0,0,0,0,0,0,0,0,0,0,0,0,0,0,0,0,0,0,0,683925,0,0,0
1744061953.001932,600003,21131156,0,nscratch,nscratch-ffff9fd41baaf800,0,0,1221834357847,69253664772,0,0,154515,0,0,0,0,0,0,0,0,0,0,0,0,0,0,0,0,0,0,0,0,0,0,0,0,112966,0,0,0
1744061953.002012,600003,21131156,0,pscratch,pscratch-ffff9fd409727800,0,0,2490002008623,1622901774132,0,0,669386,0,0,0,0,0,0,0,0,0,0,0,0,0,0,0,0,0,0,0,0,0,0,0,0,683925,0,0,0
1744061954.001414,600003,21131156,0,nscratch,nscratch-ffff9fd41baaf800,0,0,1221834357847,69253664772,0,0,154515,0,0,0,0,0,0,0,0,0,0,0,0,0,0,0,0,0,0,0,0,0,0,0,0,112966,0,0,0
1744061954.001495,600003,21131156,0,pscratch,pscratch-ffff9fd409727800,0,0,2490002008623,1622901774132,0,0,669386,0,0,0,0,0,0,0,0,0,0,0,0,0,0,0,0,0,0,0,0,0,0,0,0,683925,0,0,0
1744061955.001656,600003,21131156,0,nscratch,nscratch-ffff9fd41baaf800,0,0,1221834357847,69253664772,0,0,154515,0,0,0,0,0,0,0,0,0,0,0,0,0,0,0,0,0,0,0,0,0,0,0,0,112966,0,0,0
1744061955.001738,600003,21131156,0,pscratch,pscratch-ffff9fd409727800,0,0,2490002008623,1622901774132,0,0,669386,0,0,0,0,0,0,0,0,0,0,0,0,0,0,0,0,0,0,0,0,0,0,0,0,683925,0,0,0
1744061956.002240,600003,21131156,0,nscratch,nscratch-ffff9fd41baaf800,0,0,1221834357847,69253664772,0,0,154515,0,0,0,0,0,0,0,0,0,0,0,0,0,0,0,0,0,0,0,0,0,0,0,0,112966,0,0,0
1744061956.002322,600003,21131156,0,pscratch,pscratch-ffff9fd409727800,0,0,2490002008623,1622901774132,0,0,669386,0,0,0,0,0,0,0,0,0,0,0,0,0,0,0,0,0,0,0,0,0,0,0,0,683925,0,0,0
1744061957.001841,600003,21131156,0,nscratch,nscratch-ffff9fd41baaf800,0,0,1221834357847,69253664772,0,0,154515,0,0,0,0,0,0,0,0,0,0,0,0,0,0,0,0,0,0,0,0,0,0,0,0,112966,0,0,0
1744061957.001923,600003,21131156,0,pscratch,pscratch-ffff9fd409727800,0,0,2490002008623,1622901774132,0,0,669386,0,0,0,0,0,0,0,0,0,0,0,0,0,0,0,0,0,0,0,0,0,0,0,0,683925,0,0,0
1744061958.002081,600003,21131156,0,nscratch,nscratch-ffff9fd41baaf800,0,0,1221834357847,69253664772,0,0,154515,0,0,0,0,0,0,0,0,0,0,0,0,0,0,0,0,0,0,0,0,0,0,0,0,112966,0,0,0
1744061958.002163,600003,21131156,0,pscratch,pscratch-ffff9fd409727800,0,0,2490002008623,1622901774132,0,0,669386,0,0,0,0,0,0,0,0,0,0,0,0,0,0,0,0,0,0,0,0,0,0,0,0,683925,0,0,0
1744061959.001764,600003,21131156,0,nscratch,nscratch-ffff9fd41baaf800,0,0,1221834357847,69253664772,0,0,154515,0,0,0,0,0,0,0,0,0,0,0,0,0,0,0,0,0,0,0,0,0,0,0,0,112966,0,0,0
1744061959.001848,600003,21131156,0,pscratch,pscratch-ffff9fd409727800,0,0,2490002008623,1622901774132,0,0,669386,0,0,0,0,0,0,0,0,0,0,0,0,0,0,0,0,0,0,0,0,0,0,0,0,683925,0,0,0
1744061960.002502,600003,21131156,0,nscratch,nscratch-ffff9fd41baaf800,0,0,1221834357847,69253664772,0,0,154515,0,0,0,0,0,0,0,0,0,0,0,0,0,0,0,0,0,0,0,0,0,0,0,0,112966,0,0,0
1744061960.002678,600003,21131156,0,pscratch,pscratch-ffff9fd409727800,0,0,2490002008623,1622901774132,0,0,669386,0,0,0,0,0,0,0,0,0,0,0,0,0,0,0,0,0,0,0,0,0,0,0,0,683925,0,0,0
1744061961.001972,600003,21131156,0,nscratch,nscratch-ffff9fd41baaf800,0,0,1221834357847,69253664772,0,0,154515,0,0,0,0,0,0,0,0,0,0,0,0,0,0,0,0,0,0,0,0,0,0,0,0,112966,0,0,0
1744061961.002094,600003,21131156,0,pscratch,pscratch-ffff9fd409727800,0,0,2490002008623,1622901774132,0,0,669386,0,0,0,0,0,0,0,0,0,0,0,0,0,0,0,0,0,0,0,0,0,0,0,0,683925,0,0,0
1744061962.001631,600003,21131156,0,nscratch,nscratch-ffff9fd41baaf800,0,0,1221834357847,69253664772,0,0,154515,0,0,0,0,0,0,0,0,0,0,0,0,0,0,0,0,0,0,0,0,0,0,0,0,112966,0,0,0
1744061962.001713,600003,21131156,0,pscratch,pscratch-ffff9fd409727800,0,0,2490002008623,1622901774132,0,0,669386,0,0,0,0,0,0,0,0,0,0,0,0,0,0,0,0,0,0,0,0,0,0,0,0,683925,0,0,0
1744061963.002055,600003,21131156,0,nscratch,nscratch-ffff9fd41baaf800,0,0,1221834357847,69253664772,0,0,154515,0,0,0,0,0,0,0,0,0,0,0,0,0,0,0,0,0,0,0,0,0,0,0,0,112966,0,0,0
1744061963.002138,600003,21131156,0,pscratch,pscratch-ffff9fd409727800,0,0,2490002008623,1622901774132,0,0,669386,0,0,0,0,0,0,0,0,0,0,0,0,0,0,0,0,0,0,0,0,0,0,0,0,683925,0,0,0
1744061964.001293,600003,21131156,0,nscratch,nscratch-ffff9fd41baaf800,0,0,1221834357847,69253664772,0,0,154515,0,0,0,0,0,0,0,0,0,0,0,0,0,0,0,0,0,0,0,0,0,0,0,0,112966,0,0,0
1744061964.001386,600003,21131156,0,pscratch,pscratch-ffff9fd409727800,0,0,2490002008623,1622901774132,0,0,669386,0,0,0,0,0,0,0,0,0,0,0,0,0,0,0,0,0,0,0,0,0,0,0,0,683925,0,0,0
1744061965.001784,600003,21131156,0,nscratch,nscratch-ffff9fd41baaf800,0,0,1221834357847,69253664772,0,0,154515,0,0,0,0,0,0,0,0,0,0,0,0,0,0,0,0,0,0,0,0,0,0,0,0,112966,0,0,0
1744061965.001866,600003,21131156,0,pscratch,pscratch-ffff9fd409727800,0,0,2490002008623,1622901774132,0,0,669386,0,0,0,0,0,0,0,0,0,0,0,0,0,0,0,0,0,0,0,0,0,0,0,0,683925,0,0,0
1744061966.002274,600003,21131156,0,nscratch,nscratch-ffff9fd41baaf800,0,0,1221834357847,69253664772,0,0,154515,0,0,0,0,0,0,0,0,0,0,0,0,0,0,0,0,0,0,0,0,0,0,0,0,112966,0,0,0
1744061966.002355,600003,21131156,0,pscratch,pscratch-ffff9fd409727800,0,0,2490002008623,1622901774132,0,0,669386,0,0,0,0,0,0,0,0,0,0,0,0,0,0,0,0,0,0,0,0,0,0,0,0,683925,0,0,0
1744061967.001515,600003,21131156,0,nscratch,nscratch-ffff9fd41baaf800,0,0,1221834357847,69253664772,0,0,154515,0,0,0,0,0,0,0,0,0,0,0,0,0,0,0,0,0,0,0,0,0,0,0,0,112966,0,0,0
1744061967.001596,600003,21131156,0,pscratch,pscratch-ffff9fd409727800,0,0,2490002008623,1622901774132,0,0,669386,0,0,0,0,0,0,0,0,0,0,0,0,0,0,0,0,0,0,0,0,0,0,0,0,683925,0,0,0
1744061968.002020,600003,21131156,0,nscratch,nscratch-ffff9fd41baaf800,0,0,1221834357847,69253664772,0,0,154515,0,0,0,0,0,0,0,0,0,0,0,0,0,0,0,0,0,0,0,0,0,0,0,0,112966,0,0,0
1744061968.002100,600003,21131156,0,pscratch,pscratch-ffff9fd409727800,0,0,2490002008623,1622901774132,0,0,669386,0,0,0,0,0,0,0,0,0,0,0,0,0,0,0,0,0,0,0,0,0,0,0,0,683925,0,0,0
1744061969.001436,600003,21131156,0,nscratch,nscratch-ffff9fd41baaf800,0,0,1221834357847,69253664772,0,0,154515,0,0,0,0,0,0,0,0,0,0,0,0,0,0,0,0,0,0,0,0,0,0,0,0,112966,0,0,0
1744061969.001518,600003,21131156,0,pscratch,pscratch-ffff9fd409727800,0,0,2490002008623,1622901774132,0,0,669386,0,0,0,0,0,0,0,0,0,0,0,0,0,0,0,0,0,0,0,0,0,0,0,0,683925,0,0,0
1744061970.001759,600003,21131156,0,nscratch,nscratch-ffff9fd41baaf800,0,0,1221834357847,69253664772,0,0,154515,0,0,0,0,0,0,0,0,0,0,0,0,0,0,0,0,0,0,0,0,0,0,0,0,112966,0,0,0
1744061970.001841,600003,21131156,0,pscratch,pscratch-ffff9fd409727800,0,0,2490002008623,1622901774132,0,0,669386,0,0,0,0,0,0,0,0,0,0,0,0,0,0,0,0,0,0,0,0,0,0,0,0,683925,0,0,0
1744061971.002241,600003,21131156,0,nscratch,nscratch-ffff9fd41baaf800,0,0,1221834357847,69253664772,0,0,154515,0,0,0,0,0,0,0,0,0,0,0,0,0,0,0,0,0,0,0,0,0,0,0,0,112966,0,0,0
1744061971.002322,600003,21131156,0,pscratch,pscratch-ffff9fd409727800,0,0,2490002008623,1622901774132,0,0,669386,0,0,0,0,0,0,0,0,0,0,0,0,0,0,0,0,0,0,0,0,0,0,0,0,683925,0,0,0
1744061972.001677,600003,21131156,0,nscratch,nscratch-ffff9fd41baaf800,0,0,1221834357847,69253664772,0,0,154515,0,0,0,0,0,0,0,0,0,0,0,0,0,0,0,0,0,0,0,0,0,0,0,0,112966,0,0,0
1744061972.001758,600003,21131156,0,pscratch,pscratch-ffff9fd409727800,0,0,2490002008623,1622901774132,0,0,669386,0,0,0,0,0,0,0,0,0,0,0,0,0,0,0,0,0,0,0,0,0,0,0,0,683925,0,0,0
1744061973.001921,600003,21131156,0,nscratch,nscratch-ffff9fd41baaf800,0,0,1221834357847,69253664772,0,0,154515,0,0,0,0,0,0,0,0,0,0,0,0,0,0,0,0,0,0,0,0,0,0,0,0,112966,0,0,0
1744061973.002003,600003,21131156,0,pscratch,pscratch-ffff9fd409727800,0,0,2490002008623,1622901774132,0,0,669386,0,0,0,0,0,0,0,0,0,0,0,0,0,0,0,0,0,0,0,0,0,0,0,0,683925,0,0,0
1744061974.001529,600003,21131156,0,nscratch,nscratch-ffff9fd41baaf800,0,0,1221834357847,69253664772,0,0,154515,0,0,0,0,0,0,0,0,0,0,0,0,0,0,0,0,0,0,0,0,0,0,0,0,112966,0,0,0
1744061974.001611,600003,21131156,0,pscratch,pscratch-ffff9fd409727800,0,0,2490002008623,1622901774132,0,0,669386,0,0,0,0,0,0,0,0,0,0,0,0,0,0,0,0,0,0,0,0,0,0,0,0,683925,0,0,0
1744061975.002117,600003,21131156,0,nscratch,nscratch-ffff9fd41baaf800,0,0,1221834357847,69253664772,0,0,154515,0,0,0,0,0,0,0,0,0,0,0,0,0,0,0,0,0,0,0,0,0,0,0,0,112966,0,0,0
1744061975.002200,600003,21131156,0,pscratch,pscratch-ffff9fd409727800,0,0,2490002008623,1622901774132,0,0,669386,0,0,0,0,0,0,0,0,0,0,0,0,0,0,0,0,0,0,0,0,0,0,0,0,683925,0,0,0
1744061976.001507,600003,21131156,0,nscratch,nscratch-ffff9fd41baaf800,0,0,1221834357847,69253664772,0,0,154515,0,0,0,0,0,0,0,0,0,0,0,0,0,0,0,0,0,0,0,0,0,0,0,0,112966,0,0,0
1744061976.001664,600003,21131156,0,pscratch,pscratch-ffff9fd409727800,0,0,2490002008623,1622901774132,0,0,669386,0,0,0,0,0,0,0,0,0,0,0,0,0,0,0,0,0,0,0,0,0,0,0,0,683925,0,0,0
1744061977.002093,600003,21131156,0,nscratch,nscratch-ffff9fd41baaf800,0,0,1221834357847,69253664772,0,0,154515,0,0,0,0,0,0,0,0,0,0,0,0,0,0,0,0,0,0,0,0,0,0,0,0,112966,0,0,0
1744061977.002175,600003,21131156,0,pscratch,pscratch-ffff9fd409727800,0,0,2490002008623,1622901774132,0,0,669386,0,0,0,0,0,0,0,0,0,0,0,0,0,0,0,0,0,0,0,0,0,0,0,0,683925,0,0,0
1744061978.001626,600003,21131156,0,nscratch,nscratch-ffff9fd41baaf800,0,0,1221834357847,69253664772,0,0,154515,0,0,0,0,0,0,0,0,0,0,0,0,0,0,0,0,0,0,0,0,0,0,0,0,112966,0,0,0
1744061978.001708,600003,21131156,0,pscratch,pscratch-ffff9fd409727800,0,0,2490002008623,1622901774132,0,0,669386,0,0,0,0,0,0,0,0,0,0,0,0,0,0,0,0,0,0,0,0,0,0,0,0,683925,0,0,0
1744061979.001976,600003,21131156,0,nscratch,nscratch-ffff9fd41baaf800,0,0,1221834357847,69253664772,0,0,154515,0,0,0,0,0,0,0,0,0,0,0,0,0,0,0,0,0,0,0,0,0,0,0,0,112966,0,0,0
1744061979.002057,600003,21131156,0,pscratch,pscratch-ffff9fd409727800,0,0,2490002008623,1622901774132,0,0,669386,0,0,0,0,0,0,0,0,0,0,0,0,0,0,0,0,0,0,0,0,0,0,0,0,683925,0,0,0
1744061980.001700,600003,21131156,0,nscratch,nscratch-ffff9fd41baaf800,0,0,1221834357847,69253664772,0,0,154515,0,0,0,0,0,0,0,0,0,0,0,0,0,0,0,0,0,0,0,0,0,0,0,0,112966,0,0,0
1744061980.001783,600003,21131156,0,pscratch,pscratch-ffff9fd409727800,0,0,2490002008623,1622901774132,0,0,669386,0,0,0,0,0,0,0,0,0,0,0,0,0,0,0,0,0,0,0,0,0,0,0,0,683925,0,0,0
1744061981.002113,600003,21131156,0,nscratch,nscratch-ffff9fd41baaf800,0,0,1221834357847,69253664772,0,0,154515,0,0,0,0,0,0,0,0,0,0,0,0,0,0,0,0,0,0,0,0,0,0,0,0,112966,0,0,0
1744061981.002193,600003,21131156,0,pscratch,pscratch-ffff9fd409727800,0,0,2490002008623,1622901774132,0,0,669386,0,0,0,0,0,0,0,0,0,0,0,0,0,0,0,0,0,0,0,0,0,0,0,0,683925,0,0,0
1744061982.001395,600003,21131156,0,nscratch,nscratch-ffff9fd41baaf800,0,0,1221834357847,69253664772,0,0,154515,0,0,0,0,0,0,0,0,0,0,0,0,0,0,0,0,0,0,0,0,0,0,0,0,112966,0,0,0
1744061982.001478,600003,21131156,0,pscratch,pscratch-ffff9fd409727800,0,0,2490002008623,1622901774132,0,0,669386,0,0,0,0,0,0,0,0,0,0,0,0,0,0,0,0,0,0,0,0,0,0,0,0,683925,0,0,0
1744061983.002095,600003,21131156,0,nscratch,nscratch-ffff9fd41baaf800,0,0,1221834357847,69253664772,0,0,154515,0,0,0,0,0,0,0,0,0,0,0,0,0,0,0,0,0,0,0,0,0,0,0,0,112966,0,0,0
1744061983.002175,600003,21131156,0,pscratch,pscratch-ffff9fd409727800,0,0,2490002008623,1622901774132,0,0,669386,0,0,0,0,0,0,0,0,0,0,0,0,0,0,0,0,0,0,0,0,0,0,0,0,683925,0,0,0
1744061984.001714,600003,21131156,0,nscratch,nscratch-ffff9fd41baaf800,0,0,1221834357847,69253664772,0,0,154515,0,0,0,0,0,0,0,0,0,0,0,0,0,0,0,0,0,0,0,0,0,0,0,0,112966,0,0,0
1744061984.001796,600003,21131156,0,pscratch,pscratch-ffff9fd409727800,0,0,2490002008623,1622901774132,0,0,669386,0,0,0,0,0,0,0,0,0,0,0,0,0,0,0,0,0,0,0,0,0,0,0,0,683925,0,0,0
1744061985.001972,600003,21131156,0,nscratch,nscratch-ffff9fd41baaf800,0,0,1221834357847,69253664772,0,0,154515,0,0,0,0,0,0,0,0,0,0,0,0,0,0,0,0,0,0,0,0,0,0,0,0,112966,0,0,0
1744061985.002054,600003,21131156,0,pscratch,pscratch-ffff9fd409727800,0,0,2490002008623,1622901774132,0,0,669386,0,0,0,0,0,0,0,0,0,0,0,0,0,0,0,0,0,0,0,0,0,0,0,0,683925,0,0,0
1744061986.001659,600003,21131156,0,nscratch,nscratch-ffff9fd41baaf800,0,0,1221834357847,69253664772,0,0,154515,0,0,0,0,0,0,0,0,0,0,0,0,0,0,0,0,0,0,0,0,0,0,0,0,112966,0,0,0
1744061986.001742,600003,21131156,0,pscratch,pscratch-ffff9fd409727800,0,0,2490002008623,1622901774132,0,0,669386,0,0,0,0,0,0,0,0,0,0,0,0,0,0,0,0,0,0,0,0,0,0,0,0,683925,0,0,0
1744061987.002279,600003,21131156,0,nscratch,nscratch-ffff9fd41baaf800,0,0,1221834357847,69253664772,0,0,154515,0,0,0,0,0,0,0,0,0,0,0,0,0,0,0,0,0,0,0,0,0,0,0,0,112966,0,0,0
1744061987.002359,600003,21131156,0,pscratch,pscratch-ffff9fd409727800,0,0,2490002008623,1622901774132,0,0,669386,0,0,0,0,0,0,0,0,0,0,0,0,0,0,0,0,0,0,0,0,0,0,0,0,683925,0,0,0
1744061988.001652,600003,21131156,0,nscratch,nscratch-ffff9fd41baaf800,0,0,1221834357847,69253664772,0,0,154515,0,0,0,0,0,0,0,0,0,0,0,0,0,0,0,0,0,0,0,0,0,0,0,0,112966,0,0,0
1744061988.001754,600003,21131156,0,pscratch,pscratch-ffff9fd409727800,0,0,2490002008623,1622901774132,0,0,669386,0,0,0,0,0,0,0,0,0,0,0,0,0,0,0,0,0,0,0,0,0,0,0,0,683925,0,0,0
1744061989.002153,600003,21131156,0,nscratch,nscratch-ffff9fd41baaf800,0,0,1221834357847,69253664772,0,0,154515,0,0,0,0,0,0,0,0,0,0,0,0,0,0,0,0,0,0,0,0,0,0,0,0,112966,0,0,0
1744061989.002237,600003,21131156,0,pscratch,pscratch-ffff9fd409727800,0,0,2490002008623,1622901774132,0,0,669386,0,0,0,0,0,0,0,0,0,0,0,0,0,0,0,0,0,0,0,0,0,0,0,0,683925,0,0,0
1744061990.001547,600003,21131156,0,nscratch,nscratch-ffff9fd41baaf800,0,0,1221834357847,69253664772,0,0,154515,0,0,0,0,0,0,0,0,0,0,0,0,0,0,0,0,0,0,0,0,0,0,0,0,112966,0,0,0
1744061990.001627,600003,21131156,0,pscratch,pscratch-ffff9fd409727800,0,0,2490002008623,1622901774132,0,0,669386,0,0,0,0,0,0,0,0,0,0,0,0,0,0,0,0,0,0,0,0,0,0,0,0,683925,0,0,0
1744061991.001927,600003,21131156,0,nscratch,nscratch-ffff9fd41baaf800,0,0,1221834357847,69253664772,0,0,154515,0,0,0,0,0,0,0,0,0,0,0,0,0,0,0,0,0,0,0,0,0,0,0,0,112966,0,0,0
1744061991.002071,600003,21131156,0,pscratch,pscratch-ffff9fd409727800,0,0,2490002008623,1622901774132,0,0,669386,0,0,0,0,0,0,0,0,0,0,0,0,0,0,0,0,0,0,0,0,0,0,0,0,683925,0,0,0
1744061992.001498,600003,21131156,0,nscratch,nscratch-ffff9fd41baaf800,0,0,1221834357847,69253664772,0,0,154515,0,0,0,0,0,0,0,0,0,0,0,0,0,0,0,0,0,0,0,0,0,0,0,0,112966,0,0,0
1744061992.001579,600003,21131156,0,pscratch,pscratch-ffff9fd409727800,0,0,2490002008623,1622901774132,0,0,669386,0,0,0,0,0,0,0,0,0,0,0,0,0,0,0,0,0,0,0,0,0,0,0,0,683925,0,0,0
1744061993.001877,600003,21131156,0,nscratch,nscratch-ffff9fd41baaf800,0,0,1221834357847,69253664772,0,0,154515,0,0,0,0,0,0,0,0,0,0,0,0,0,0,0,0,0,0,0,0,0,0,0,0,112966,0,0,0
1744061993.001957,600003,21131156,0,pscratch,pscratch-ffff9fd409727800,0,0,2490002008623,1622901774132,0,0,669386,0,0,0,0,0,0,0,0,0,0,0,0,0,0,0,0,0,0,0,0,0,0,0,0,683925,0,0,0
1744061994.002252,600003,21131156,0,nscratch,nscratch-ffff9fd41baaf800,0,0,1221834357847,69253664772,0,0,154515,0,0,0,0,0,0,0,0,0,0,0,0,0,0,0,0,0,0,0,0,0,0,0,0,112966,0,0,0
1744061994.002443,600003,21131156,0,pscratch,pscratch-ffff9fd409727800,0,0,2490002008623,1622901774132,0,0,669386,0,0,0,0,0,0,0,0,0,0,0,0,0,0,0,0,0,0,0,0,0,0,0,0,683925,0,0,0
1744061995.001958,600003,21131156,0,nscratch,nscratch-ffff9fd41baaf800,0,0,1221834357847,69253664772,0,0,154515,0,0,0,0,0,0,0,0,0,0,0,0,0,0,0,0,0,0,0,0,0,0,0,0,112966,0,0,0
1744061995.002039,600003,21131156,0,pscratch,pscratch-ffff9fd409727800,0,0,2490002008623,1622901774132,0,0,669386,0,0,0,0,0,0,0,0,0,0,0,0,0,0,0,0,0,0,0,0,0,0,0,0,683925,0,0,0
1744061996.001530,600003,21131156,0,nscratch,nscratch-ffff9fd41baaf800,0,0,1221834357847,69253664772,0,0,154515,0,0,0,0,0,0,0,0,0,0,0,0,0,0,0,0,0,0,0,0,0,0,0,0,112966,0,0,0
1744061996.001612,600003,21131156,0,pscratch,pscratch-ffff9fd409727800,0,0,2490002008623,1622901774132,0,0,669386,0,0,0,0,0,0,0,0,0,0,0,0,0,0,0,0,0,0,0,0,0,0,0,0,683925,0,0,0
1744061997.001920,600003,21131156,0,nscratch,nscratch-ffff9fd41baaf800,0,0,1221834357847,69253664772,0,0,154515,0,0,0,0,0,0,0,0,0,0,0,0,0,0,0,0,0,0,0,0,0,0,0,0,112966,0,0,0
1744061997.002101,600003,21131156,0,pscratch,pscratch-ffff9fd409727800,0,0,2490002008623,1622901774132,0,0,669386,0,0,0,0,0,0,0,0,0,0,0,0,0,0,0,0,0,0,0,0,0,0,0,0,683925,0,0,0
1744061998.001611,600003,21131156,0,nscratch,nscratch-ffff9fd41baaf800,0,0,1221834357847,69253664772,0,0,154515,0,0,0,0,0,0,0,0,0,0,0,0,0,0,0,0,0,0,0,0,0,0,0,0,112966,0,0,0
1744061998.001692,600003,21131156,0,pscratch,pscratch-ffff9fd409727800,0,0,2490002008623,1622901774132,0,0,669386,0,0,0,0,0,0,0,0,0,0,0,0,0,0,0,0,0,0,0,0,0,0,0,0,683925,0,0,0
1744061999.002109,600003,21131156,0,nscratch,nscratch-ffff9fd41baaf800,0,0,1221834357847,69253664772,0,0,154515,0,0,0,0,0,0,0,0,0,0,0,0,0,0,0,0,0,0,0,0,0,0,0,0,112966,0,0,0
1744061999.002190,600003,21131156,0,pscratch,pscratch-ffff9fd409727800,0,0,2490002008623,1622901774132,0,0,669386,0,0,0,0,0,0,0,0,0,0,0,0,0,0,0,0,0,0,0,0,0,0,0,0,683925,0,0,0
1744062000.001500,600003,21131156,0,nscratch,nscratch-ffff9fd41baaf800,0,0,1221834357847,69253664772,0,0,154515,0,0,0,0,0,0,0,0,0,0,0,0,0,0,0,0,0,0,0,0,0,0,0,0,112966,0,0,0
1744062000.001635,600003,21131156,0,pscratch,pscratch-ffff9fd409727800,0,0,2490002008623,1622901774132,0,0,669386,0,0,0,0,0,0,0,0,0,0,0,0,0,0,0,0,0,0,0,0,0,0,0,0,683925,0,0,0
1744062001.002234,600003,21131156,0,nscratch,nscratch-ffff9fd41baaf800,0,0,1221834357847,69253664772,0,0,154515,0,0,0,0,0,0,0,0,0,0,0,0,0,0,0,0,0,0,0,0,0,0,0,0,112966,0,0,0
1744062001.002315,600003,21131156,0,pscratch,pscratch-ffff9fd409727800,0,0,2490002008623,1622901774132,0,0,669386,0,0,0,0,0,0,0,0,0,0,0,0,0,0,0,0,0,0,0,0,0,0,0,0,683925,0,0,0
1744062002.001677,600003,21131156,0,nscratch,nscratch-ffff9fd41baaf800,0,0,1221834357847,69253664772,0,0,154515,0,0,0,0,0,0,0,0,0,0,0,0,0,0,0,0,0,0,0,0,0,0,0,0,112966,0,0,0
1744062002.001759,600003,21131156,0,pscratch,pscratch-ffff9fd409727800,0,0,2490002008623,1622901774132,0,0,669386,0,0,0,0,0,0,0,0,0,0,0,0,0,0,0,0,0,0,0,0,0,0,0,0,683925,0,0,0
1744062003.002270,600003,21131156,0,nscratch,nscratch-ffff9fd41baaf800,0,0,1221834357847,69253664772,0,0,154515,0,0,0,0,0,0,0,0,0,0,0,0,0,0,0,0,0,0,0,0,0,0,0,0,112966,0,0,0
1744062003.002353,600003,21131156,0,pscratch,pscratch-ffff9fd409727800,0,0,2490002008623,1622901774132,0,0,669386,0,0,0,0,0,0,0,0,0,0,0,0,0,0,0,0,0,0,0,0,0,0,0,0,683925,0,0,0
1744062004.001832,600003,21131156,0,nscratch,nscratch-ffff9fd41baaf800,0,0,1221834357847,69253664772,0,0,154515,0,0,0,0,0,0,0,0,0,0,0,0,0,0,0,0,0,0,0,0,0,0,0,0,112966,0,0,0
1744062004.001915,600003,21131156,0,pscratch,pscratch-ffff9fd409727800,0,0,2490002008623,1622901774132,0,0,669386,0,0,0,0,0,0,0,0,0,0,0,0,0,0,0,0,0,0,0,0,0,0,0,0,683925,0,0,0
1744062005.002249,600003,21131156,0,nscratch,nscratch-ffff9fd41baaf800,0,0,1221834357847,69253664772,0,0,154515,0,0,0,0,0,0,0,0,0,0,0,0,0,0,0,0,0,0,0,0,0,0,0,0,112966,0,0,0
1744062005.002330,600003,21131156,0,pscratch,pscratch-ffff9fd409727800,0,0,2490002008623,1622901774132,0,0,669386,0,0,0,0,0,0,0,0,0,0,0,0,0,0,0,0,0,0,0,0,0,0,0,0,683925,0,0,0
1744062006.001528,600003,21131156,0,nscratch,nscratch-ffff9fd41baaf800,0,0,1221834357847,69253664772,0,0,154515,0,0,0,0,0,0,0,0,0,0,0,0,0,0,0,0,0,0,0,0,0,0,0,0,112966,0,0,0
1744062006.001612,600003,21131156,0,pscratch,pscratch-ffff9fd409727800,0,0,2490002008623,1622901774132,0,0,669386,0,0,0,0,0,0,0,0,0,0,0,0,0,0,0,0,0,0,0,0,0,0,0,0,683925,0,0,0
1744062007.002015,600003,21131156,0,nscratch,nscratch-ffff9fd41baaf800,0,0,1221834357847,69253664772,0,0,154515,0,0,0,0,0,0,0,0,0,0,0,0,0,0,0,0,0,0,0,0,0,0,0,0,112966,0,0,0
1744062007.002096,600003,21131156,0,pscratch,pscratch-ffff9fd409727800,0,0,2490002008623,1622901774132,0,0,669386,0,0,0,0,0,0,0,0,0,0,0,0,0,0,0,0,0,0,0,0,0,0,0,0,683925,0,0,0
1744062008.001506,600003,21131156,0,nscratch,nscratch-ffff9fd41baaf800,0,0,1221834357847,69253664772,0,0,154515,0,0,0,0,0,0,0,0,0,0,0,0,0,0,0,0,0,0,0,0,0,0,0,0,112966,0,0,0
1744062008.001586,600003,21131156,0,pscratch,pscratch-ffff9fd409727800,0,0,2490002008623,1622901774132,0,0,669386,0,0,0,0,0,0,0,0,0,0,0,0,0,0,0,0,0,0,0,0,0,0,0,0,683925,0,0,0
1744062009.001818,600003,21131156,0,nscratch,nscratch-ffff9fd41baaf800,0,0,1221834357847,69253664772,0,0,154515,0,0,0,0,0,0,0,0,0,0,0,0,0,0,0,0,0,0,0,0,0,0,0,0,112966,0,0,0
1744062009.001902,600003,21131156,0,pscratch,pscratch-ffff9fd409727800,0,0,2490002008623,1622901774132,0,0,669386,0,0,0,0,0,0,0,0,0,0,0,0,0,0,0,0,0,0,0,0,0,0,0,0,683925,0,0,0
1744062010.001295,600003,21131156,0,nscratch,nscratch-ffff9fd41baaf800,0,0,1221834357847,69253664772,0,0,154515,0,0,0,0,0,0,0,0,0,0,0,0,0,0,0,0,0,0,0,0,0,0,0,0,112966,0,0,0
1744062010.001385,600003,21131156,0,pscratch,pscratch-ffff9fd409727800,0,0,2490002008623,1622901774132,0,0,669386,0,0,0,0,0,0,0,0,0,0,0,0,0,0,0,0,0,0,0,0,0,0,0,0,683925,0,0,0
1744062011.001888,600003,21131156,0,nscratch,nscratch-ffff9fd41baaf800,0,0,1221834357847,69253664772,0,0,154515,0,0,0,0,0,0,0,0,0,0,0,0,0,0,0,0,0,0,0,0,0,0,0,0,112966,0,0,0
1744062011.001970,600003,21131156,0,pscratch,pscratch-ffff9fd409727800,0,0,2490002008623,1622901774132,0,0,669386,0,0,0,0,0,0,0,0,0,0,0,0,0,0,0,0,0,0,0,0,0,0,0,0,683925,0,0,0
1744062012.002133,600003,21131156,0,nscratch,nscratch-ffff9fd41baaf800,0,0,1221834357847,69253664772,0,0,154515,0,0,0,0,0,0,0,0,0,0,0,0,0,0,0,0,0,0,0,0,0,0,0,0,112966,0,0,0
1744062012.002240,600003,21131156,0,pscratch,pscratch-ffff9fd409727800,0,0,2490002008623,1622901774132,0,0,669386,0,0,0,0,0,0,0,0,0,0,0,0,0,0,0,0,0,0,0,0,0,0,0,0,683925,0,0,0
1744062013.001739,600003,21131156,0,nscratch,nscratch-ffff9fd41baaf800,0,0,1221834357847,69253664772,0,0,154515,0,0,0,0,0,0,0,0,0,0,0,0,0,0,0,0,0,0,0,0,0,0,0,0,112966,0,0,0
1744062013.001829,600003,21131156,0,pscratch,pscratch-ffff9fd409727800,0,0,2490002008623,1622901774132,0,0,669386,0,0,0,0,0,0,0,0,0,0,0,0,0,0,0,0,0,0,0,0,0,0,0,0,683925,0,0,0
1744062014.002168,600003,21131156,0,nscratch,nscratch-ffff9fd41baaf800,0,0,1221834357847,69253664772,0,0,154515,0,0,0,0,0,0,0,0,0,0,0,0,0,0,0,0,0,0,0,0,0,0,0,0,112966,0,0,0
1744062014.002269,600003,21131156,0,pscratch,pscratch-ffff9fd409727800,0,0,2490002008623,1622901774132,0,0,669386,0,0,0,0,0,0,0,0,0,0,0,0,0,0,0,0,0,0,0,0,0,0,0,0,683925,0,0,0
1744062015.001537,600003,21131156,0,nscratch,nscratch-ffff9fd41baaf800,0,0,1221834357847,69253664772,0,0,154515,0,0,0,0,0,0,0,0,0,0,0,0,0,0,0,0,0,0,0,0,0,0,0,0,112966,0,0,0
1744062015.001661,600003,21131156,0,pscratch,pscratch-ffff9fd409727800,0,0,2490002008623,1622901774132,0,0,669386,0,0,0,0,0,0,0,0,0,0,0,0,0,0,0,0,0,0,0,0,0,0,0,0,683925,0,0,0
1744062016.002337,600003,21131156,0,nscratch,nscratch-ffff9fd41baaf800,0,0,1221834357847,69253664772,0,0,154515,0,0,0,0,0,0,0,0,0,0,0,0,0,0,0,0,0,0,0,0,0,0,0,0,112966,0,0,0
1744062016.002430,600003,21131156,0,pscratch,pscratch-ffff9fd409727800,0,0,2490002008623,1622901774132,0,0,669386,0,0,0,0,0,0,0,0,0,0,0,0,0,0,0,0,0,0,0,0,0,0,0,0,683925,0,0,0
1744062017.001750,600003,21131156,0,nscratch,nscratch-ffff9fd41baaf800,0,0,1221834357847,69253664772,0,0,154515,0,0,0,0,0,0,0,0,0,0,0,0,0,0,0,0,0,0,0,0,0,0,0,0,112966,0,0,0
1744062017.001830,600003,21131156,0,pscratch,pscratch-ffff9fd409727800,0,0,2490002008623,1622901774132,0,0,669386,0,0,0,0,0,0,0,0,0,0,0,0,0,0,0,0,0,0,0,0,0,0,0,0,683925,0,0,0
1744062018.001986,600003,21131156,0,nscratch,nscratch-ffff9fd41baaf800,0,0,1221834357847,69253664772,0,0,154515,0,0,0,0,0,0,0,0,0,0,0,0,0,0,0,0,0,0,0,0,0,0,0,0,112966,0,0,0
1744062018.002069,600003,21131156,0,pscratch,pscratch-ffff9fd409727800,0,0,2490002008623,1622901774132,0,0,669386,0,0,0,0,0,0,0,0,0,0,0,0,0,0,0,0,0,0,0,0,0,0,0,0,683925,0,0,0
1744062019.001493,600003,21131156,0,nscratch,nscratch-ffff9fd41baaf800,0,0,1221834357847,69253664772,0,0,154515,0,0,0,0,0,0,0,0,0,0,0,0,0,0,0,0,0,0,0,0,0,0,0,0,112966,0,0,0
1744062019.001574,600003,21131156,0,pscratch,pscratch-ffff9fd409727800,0,0,2490002008623,1622901774132,0,0,669386,0,0,0,0,0,0,0,0,0,0,0,0,0,0,0,0,0,0,0,0,0,0,0,0,683925,0,0,0
1744062020.002093,600003,21131156,0,nscratch,nscratch-ffff9fd41baaf800,0,0,1221834357847,69253664772,0,0,154515,0,0,0,0,0,0,0,0,0,0,0,0,0,0,0,0,0,0,0,0,0,0,0,0,112966,0,0,0
1744062020.002205,600003,21131156,0,pscratch,pscratch-ffff9fd409727800,0,0,2490002008623,1622901774132,0,0,669386,0,0,0,0,0,0,0,0,0,0,0,0,0,0,0,0,0,0,0,0,0,0,0,0,683925,0,0,0
1744062021.001417,600003,21131156,0,nscratch,nscratch-ffff9fd41baaf800,0,0,1221834357847,69253664772,0,0,154515,0,0,0,0,0,0,0,0,0,0,0,0,0,0,0,0,0,0,0,0,0,0,0,0,112966,0,0,0
1744062021.001501,600003,21131156,0,pscratch,pscratch-ffff9fd409727800,0,0,2490002008623,1622901774132,0,0,669386,0,0,0,0,0,0,0,0,0,0,0,0,0,0,0,0,0,0,0,0,0,0,0,0,683925,0,0,0
1744062022.002147,600003,21131156,0,nscratch,nscratch-ffff9fd41baaf800,0,0,1221834357847,69253664772,0,0,154515,0,0,0,0,0,0,0,0,0,0,0,0,0,0,0,0,0,0,0,0,0,0,0,0,112966,0,0,0
1744062022.002230,600003,21131156,0,pscratch,pscratch-ffff9fd409727800,0,0,2490002008623,1622901774132,0,0,669386,0,0,0,0,0,0,0,0,0,0,0,0,0,0,0,0,0,0,0,0,0,0,0,0,683925,0,0,0
1744062023.001644,600003,21131156,0,nscratch,nscratch-ffff9fd41baaf800,0,0,1221834357847,69253664772,0,0,154515,0,0,0,0,0,0,0,0,0,0,0,0,0,0,0,0,0,0,0,0,0,0,0,0,112966,0,0,0
1744062023.001726,600003,21131156,0,pscratch,pscratch-ffff9fd409727800,0,0,2490002008623,1622901774132,0,0,669386,0,0,0,0,0,0,0,0,0,0,0,0,0,0,0,0,0,0,0,0,0,0,0,0,683925,0,0,0
1744062024.002020,600003,21131156,0,nscratch,nscratch-ffff9fd41baaf800,0,0,1221834357847,69253664772,0,0,154515,0,0,0,0,0,0,0,0,0,0,0,0,0,0,0,0,0,0,0,0,0,0,0,0,112966,0,0,0
1744062024.002200,600003,21131156,0,pscratch,pscratch-ffff9fd409727800,0,0,2490002008623,1622901774132,0,0,669386,0,0,0,0,0,0,0,0,0,0,0,0,0,0,0,0,0,0,0,0,0,0,0,0,683925,0,0,0
1744062025.001683,600003,21131156,0,nscratch,nscratch-ffff9fd41baaf800,0,0,1221834357847,69253664772,0,0,154515,0,0,0,0,0,0,0,0,0,0,0,0,0,0,0,0,0,0,0,0,0,0,0,0,112966,0,0,0
1744062025.001764,600003,21131156,0,pscratch,pscratch-ffff9fd409727800,0,0,2490002008623,1622901774132,0,0,669386,0,0,0,0,0,0,0,0,0,0,0,0,0,0,0,0,0,0,0,0,0,0,0,0,683925,0,0,0
1744062026.002157,600003,21131156,0,nscratch,nscratch-ffff9fd41baaf800,0,0,1221834357847,69253664772,0,0,154515,0,0,0,0,0,0,0,0,0,0,0,0,0,0,0,0,0,0,0,0,0,0,0,0,112966,0,0,0
1744062026.002238,600003,21131156,0,pscratch,pscratch-ffff9fd409727800,0,0,2490002008623,1622901774132,0,0,669386,0,0,0,0,0,0,0,0,0,0,0,0,0,0,0,0,0,0,0,0,0,0,0,0,683925,0,0,0
1744062027.001435,600003,21131156,0,nscratch,nscratch-ffff9fd41baaf800,0,0,1221834357847,69253664772,0,0,154515,0,0,0,0,0,0,0,0,0,0,0,0,0,0,0,0,0,0,0,0,0,0,0,0,112966,0,0,0
1744062027.001518,600003,21131156,0,pscratch,pscratch-ffff9fd409727800,0,0,2490002008623,1622901774132,0,0,669386,0,0,0,0,0,0,0,0,0,0,0,0,0,0,0,0,0,0,0,0,0,0,0,0,683925,0,0,0
1744062028.001912,600003,21131156,0,nscratch,nscratch-ffff9fd41baaf800,0,0,1221834357847,69253664772,0,0,154515,0,0,0,0,0,0,0,0,0,0,0,0,0,0,0,0,0,0,0,0,0,0,0,0,112966,0,0,0
1744062028.001995,600003,21131156,0,pscratch,pscratch-ffff9fd409727800,0,0,2490002008623,1622901774132,0,0,669386,0,0,0,0,0,0,0,0,0,0,0,0,0,0,0,0,0,0,0,0,0,0,0,0,683925,0,0,0
1744062029.001548,600003,21131156,0,nscratch,nscratch-ffff9fd41baaf800,0,0,1221834357847,69253664772,0,0,154515,0,0,0,0,0,0,0,0,0,0,0,0,0,0,0,0,0,0,0,0,0,0,0,0,112966,0,0,0
1744062029.001628,600003,21131156,0,pscratch,pscratch-ffff9fd409727800,0,0,2490002008623,1622901774132,0,0,669386,0,0,0,0,0,0,0,0,0,0,0,0,0,0,0,0,0,0,0,0,0,0,0,0,683925,0,0,0
1744062030.001930,600003,21131156,0,nscratch,nscratch-ffff9fd41baaf800,0,0,1221834357847,69253664772,0,0,154515,0,0,0,0,0,0,0,0,0,0,0,0,0,0,0,0,0,0,0,0,0,0,0,0,112966,0,0,0
1744062030.002064,600003,21131156,0,pscratch,pscratch-ffff9fd409727800,0,0,2490002008623,1622901774132,0,0,669386,0,0,0,0,0,0,0,0,0,0,0,0,0,0,0,0,0,0,0,0,0,0,0,0,683925,0,0,0
1744062031.001517,600003,21131156,0,nscratch,nscratch-ffff9fd41baaf800,0,0,1221834357847,69253664772,0,0,154515,0,0,0,0,0,0,0,0,0,0,0,0,0,0,0,0,0,0,0,0,0,0,0,0,112966,0,0,0
1744062031.001597,600003,21131156,0,pscratch,pscratch-ffff9fd409727800,0,0,2490002008623,1622901774132,0,0,669386,0,0,0,0,0,0,0,0,0,0,0,0,0,0,0,0,0,0,0,0,0,0,0,0,683925,0,0,0
1744062032.001936,600003,21131156,0,nscratch,nscratch-ffff9fd41baaf800,0,0,1221834357847,69253664772,0,0,154515,0,0,0,0,0,0,0,0,0,0,0,0,0,0,0,0,0,0,0,0,0,0,0,0,112966,0,0,0
1744062032.002019,600003,21131156,0,pscratch,pscratch-ffff9fd409727800,0,0,2490002008623,1622901774132,0,0,669386,0,0,0,0,0,0,0,0,0,0,0,0,0,0,0,0,0,0,0,0,0,0,0,0,683925,0,0,0
1744062033.001310,600003,21131156,0,nscratch,nscratch-ffff9fd41baaf800,0,0,1221834357847,69253664772,0,0,154515,0,0,0,0,0,0,0,0,0,0,0,0,0,0,0,0,0,0,0,0,0,0,0,0,112966,0,0,0
1744062033.001507,600003,21131156,0,pscratch,pscratch-ffff9fd409727800,0,0,2490002008623,1622901774132,0,0,669386,0,0,0,0,0,0,0,0,0,0,0,0,0,0,0,0,0,0,0,0,0,0,0,0,683925,0,0,0
1744062034.002087,600003,21131156,0,nscratch,nscratch-ffff9fd41baaf800,0,0,1221834357847,69253664772,0,0,154515,0,0,0,0,0,0,0,0,0,0,0,0,0,0,0,0,0,0,0,0,0,0,0,0,112966,0,0,0
1744062034.002168,600003,21131156,0,pscratch,pscratch-ffff9fd409727800,0,0,2490002008623,1622901774132,0,0,669386,0,0,0,0,0,0,0,0,0,0,0,0,0,0,0,0,0,0,0,0,0,0,0,0,683925,0,0,0
1744062035.001617,600003,21131156,0,nscratch,nscratch-ffff9fd41baaf800,0,0,1221834357847,69253664772,0,0,154515,0,0,0,0,0,0,0,0,0,0,0,0,0,0,0,0,0,0,0,0,0,0,0,0,112966,0,0,0
1744062035.001696,600003,21131156,0,pscratch,pscratch-ffff9fd409727800,0,0,2490002008623,1622901774132,0,0,669386,0,0,0,0,0,0,0,0,0,0,0,0,0,0,0,0,0,0,0,0,0,0,0,0,683925,0,0,0
1744062036.001898,600003,21131156,0,nscratch,nscratch-ffff9fd41baaf800,0,0,1221834357847,69253664772,0,0,154515,0,0,0,0,0,0,0,0,0,0,0,0,0,0,0,0,0,0,0,0,0,0,0,0,112966,0,0,0
1744062036.001982,600003,21131156,0,pscratch,pscratch-ffff9fd409727800,0,0,2490002008623,1622901774132,0,0,669386,0,0,0,0,0,0,0,0,0,0,0,0,0,0,0,0,0,0,0,0,0,0,0,0,683925,0,0,0
1744062037.001412,600003,21131156,0,nscratch,nscratch-ffff9fd41baaf800,0,0,1221834357847,69253664772,0,0,154515,0,0,0,0,0,0,0,0,0,0,0,0,0,0,0,0,0,0,0,0,0,0,0,0,112966,0,0,0
1744062037.001496,600003,21131156,0,pscratch,pscratch-ffff9fd409727800,0,0,2490002008623,1622901774132,0,0,669386,0,0,0,0,0,0,0,0,0,0,0,0,0,0,0,0,0,0,0,0,0,0,0,0,683925,0,0,0
1744062038.001816,600003,21131156,0,nscratch,nscratch-ffff9fd41baaf800,0,0,1221834357847,69253664772,0,0,154515,0,0,0,0,0,0,0,0,0,0,0,0,0,0,0,0,0,0,0,0,0,0,0,0,112966,0,0,0
1744062038.001897,600003,21131156,0,pscratch,pscratch-ffff9fd409727800,0,0,2490002008623,1622901774132,0,0,669386,0,0,0,0,0,0,0,0,0,0,0,0,0,0,0,0,0,0,0,0,0,0,0,0,683925,0,0,0
1744062039.002195,600003,21131156,0,nscratch,nscratch-ffff9fd41baaf800,0,0,1221834357847,69253664772,0,0,154515,0,0,0,0,0,0,0,0,0,0,0,0,0,0,0,0,0,0,0,0,0,0,0,0,112966,0,0,0
1744062039.002363,600003,21131156,0,pscratch,pscratch-ffff9fd409727800,0,0,2490002008623,1622901774132,0,0,669386,0,0,0,0,0,0,0,0,0,0,0,0,0,0,0,0,0,0,0,0,0,0,0,0,683925,0,0,0
1744062040.001844,600003,21131156,0,nscratch,nscratch-ffff9fd41baaf800,0,0,1221834357847,69253664772,0,0,154515,0,0,0,0,0,0,0,0,0,0,0,0,0,0,0,0,0,0,0,0,0,0,0,0,112966,0,0,0
1744062040.002055,600003,21131156,0,pscratch,pscratch-ffff9fd409727800,0,0,2490002008623,1622901774132,0,0,669386,0,0,0,0,0,0,0,0,0,0,0,0,0,0,0,0,0,0,0,0,0,0,0,0,683925,0,0,0
1744062041.001470,600003,21131156,0,nscratch,nscratch-ffff9fd41baaf800,0,0,1221834357847,69253664772,0,0,154515,0,0,0,0,0,0,0,0,0,0,0,0,0,0,0,0,0,0,0,0,0,0,0,0,112966,0,0,0
1744062041.001551,600003,21131156,0,pscratch,pscratch-ffff9fd409727800,0,0,2490002008623,1622901774132,0,0,669386,0,0,0,0,0,0,0,0,0,0,0,0,0,0,0,0,0,0,0,0,0,0,0,0,683925,0,0,0
1744062042.001713,600003,21131156,0,nscratch,nscratch-ffff9fd41baaf800,0,0,1221834357847,69253664772,0,0,154515,0,0,0,0,0,0,0,0,0,0,0,0,0,0,0,0,0,0,0,0,0,0,0,0,112966,0,0,0
1744062042.001795,600003,21131156,0,pscratch,pscratch-ffff9fd409727800,0,0,2490002008623,1622901774132,0,0,669386,0,0,0,0,0,0,0,0,0,0,0,0,0,0,0,0,0,0,0,0,0,0,0,0,683925,0,0,0
1744062043.002216,600003,21131156,0,nscratch,nscratch-ffff9fd41baaf800,0,0,1221834357847,69253664772,0,0,154515,0,0,0,0,0,0,0,0,0,0,0,0,0,0,0,0,0,0,0,0,0,0,0,0,112966,0,0,0
1744062043.002299,600003,21131156,0,pscratch,pscratch-ffff9fd409727800,0,0,2490002008623,1622901774132,0,0,669386,0,0,0,0,0,0,0,0,0,0,0,0,0,0,0,0,0,0,0,0,0,0,0,0,683925,0,0,0
1744062044.001643,600003,21131156,0,nscratch,nscratch-ffff9fd41baaf800,0,0,1221834357847,69253664772,0,0,154515,0,0,0,0,0,0,0,0,0,0,0,0,0,0,0,0,0,0,0,0,0,0,0,0,112966,0,0,0
1744062044.001724,600003,21131156,0,pscratch,pscratch-ffff9fd409727800,0,0,2490002008623,1622901774132,0,0,669386,0,0,0,0,0,0,0,0,0,0,0,0,0,0,0,0,0,0,0,0,0,0,0,0,683925,0,0,0
1744062045.002019,600003,21131156,0,nscratch,nscratch-ffff9fd41baaf800,0,0,1221834357847,69253664772,0,0,154515,0,0,0,0,0,0,0,0,0,0,0,0,0,0,0,0,0,0,0,0,0,0,0,0,112966,0,0,0
1744062045.002178,600003,21131156,0,pscratch,pscratch-ffff9fd409727800,0,0,2490002008623,1622901774132,0,0,669386,0,0,0,0,0,0,0,0,0,0,0,0,0,0,0,0,0,0,0,0,0,0,0,0,683925,0,0,0
1744062046.001631,600003,21131156,0,nscratch,nscratch-ffff9fd41baaf800,0,0,1221834357847,69253664772,0,0,154515,0,0,0,0,0,0,0,0,0,0,0,0,0,0,0,0,0,0,0,0,0,0,0,0,112966,0,0,0
1744062046.001712,600003,21131156,0,pscratch,pscratch-ffff9fd409727800,0,0,2490002008623,1622901774132,0,0,669386,0,0,0,0,0,0,0,0,0,0,0,0,0,0,0,0,0,0,0,0,0,0,0,0,683925,0,0,0
1744062047.002287,600003,21131156,0,nscratch,nscratch-ffff9fd41baaf800,0,0,1221834357847,69253664772,0,0,154515,0,0,0,0,0,0,0,0,0,0,0,0,0,0,0,0,0,0,0,0,0,0,0,0,112966,0,0,0
1744062047.002368,600003,21131156,0,pscratch,pscratch-ffff9fd409727800,0,0,2490002008623,1622901774132,0,0,669386,0,0,0,0,0,0,0,0,0,0,0,0,0,0,0,0,0,0,0,0,0,0,0,0,683925,0,0,0
1744062048.001613,600003,21131156,0,nscratch,nscratch-ffff9fd41baaf800,0,0,1221834357847,69253664772,0,0,154515,0,0,0,0,0,0,0,0,0,0,0,0,0,0,0,0,0,0,0,0,0,0,0,0,112966,0,0,0
1744062048.001695,600003,21131156,0,pscratch,pscratch-ffff9fd409727800,0,0,2490002008623,1622901774132,0,0,669386,0,0,0,0,0,0,0,0,0,0,0,0,0,0,0,0,0,0,0,0,0,0,0,0,683925,0,0,0
1744062049.002230,600003,21131156,0,nscratch,nscratch-ffff9fd41baaf800,0,0,1221834357847,69253664772,0,0,154515,0,0,0,0,0,0,0,0,0,0,0,0,0,0,0,0,0,0,0,0,0,0,0,0,112966,0,0,0
1744062049.002311,600003,21131156,0,pscratch,pscratch-ffff9fd409727800,0,0,2490002008623,1622901774132,0,0,669386,0,0,0,0,0,0,0,0,0,0,0,0,0,0,0,0,0,0,0,0,0,0,0,0,683925,0,0,0
1744062050.001761,600003,21131156,0,nscratch,nscratch-ffff9fd41baaf800,0,0,1221834357847,69253664772,0,0,154515,0,0,0,0,0,0,0,0,0,0,0,0,0,0,0,0,0,0,0,0,0,0,0,0,112966,0,0,0
1744062050.001841,600003,21131156,0,pscratch,pscratch-ffff9fd409727800,0,0,2490002008623,1622901774132,0,0,669386,0,0,0,0,0,0,0,0,0,0,0,0,0,0,0,0,0,0,0,0,0,0,0,0,683925,0,0,0
1744062051.002106,600003,21131156,0,nscratch,nscratch-ffff9fd41baaf800,0,0,1221834357847,69253664772,0,0,154515,0,0,0,0,0,0,0,0,0,0,0,0,0,0,0,0,0,0,0,0,0,0,0,0,112966,0,0,0
1744062051.002188,600003,21131156,0,pscratch,pscratch-ffff9fd409727800,0,0,2490002008623,1622901774132,0,0,669386,0,0,0,0,0,0,0,0,0,0,0,0,0,0,0,0,0,0,0,0,0,0,0,0,683925,0,0,0
1744062052.001823,600003,21131156,0,nscratch,nscratch-ffff9fd41baaf800,0,0,1221834357847,69253664772,0,0,154515,0,0,0,0,0,0,0,0,0,0,0,0,0,0,0,0,0,0,0,0,0,0,0,0,112966,0,0,0
1744062052.001905,600003,21131156,0,pscratch,pscratch-ffff9fd409727800,0,0,2490002008623,1622901774132,0,0,669386,0,0,0,0,0,0,0,0,0,0,0,0,0,0,0,0,0,0,0,0,0,0,0,0,683925,0,0,0
1744062053.002357,600003,21131156,0,nscratch,nscratch-ffff9fd41baaf800,0,0,1221834357847,69253664772,0,0,154515,0,0,0,0,0,0,0,0,0,0,0,0,0,0,0,0,0,0,0,0,0,0,0,0,112966,0,0,0
1744062053.002449,600003,21131156,0,pscratch,pscratch-ffff9fd409727800,0,0,2490002008623,1622901774132,0,0,669386,0,0,0,0,0,0,0,0,0,0,0,0,0,0,0,0,0,0,0,0,0,0,0,0,683925,0,0,0
1744062054.001608,600003,21131156,0,nscratch,nscratch-ffff9fd41baaf800,0,0,1221834357847,69253664772,0,0,154515,0,0,0,0,0,0,0,0,0,0,0,0,0,0,0,0,0,0,0,0,0,0,0,0,112966,0,0,0
1744062054.001689,600003,21131156,0,pscratch,pscratch-ffff9fd409727800,0,0,2490002008623,1622901774132,0,0,669386,0,0,0,0,0,0,0,0,0,0,0,0,0,0,0,0,0,0,0,0,0,0,0,0,683925,0,0,0
1744062055.002092,600003,21131156,0,nscratch,nscratch-ffff9fd41baaf800,0,0,1221834357847,69253664772,0,0,154515,0,0,0,0,0,0,0,0,0,0,0,0,0,0,0,0,0,0,0,0,0,0,0,0,112966,0,0,0
1744062055.002175,600003,21131156,0,pscratch,pscratch-ffff9fd409727800,0,0,2490002008623,1622901774132,0,0,669386,0,0,0,0,0,0,0,0,0,0,0,0,0,0,0,0,0,0,0,0,0,0,0,0,683925,0,0,0
1744062056.001618,600003,21131156,0,nscratch,nscratch-ffff9fd41baaf800,0,0,1221834357847,69253664772,0,0,154515,0,0,0,0,0,0,0,0,0,0,0,0,0,0,0,0,0,0,0,0,0,0,0,0,112966,0,0,0
1744062056.001700,600003,21131156,0,pscratch,pscratch-ffff9fd409727800,0,0,2490002008623,1622901774132,0,0,669386,0,0,0,0,0,0,0,0,0,0,0,0,0,0,0,0,0,0,0,0,0,0,0,0,683925,0,0,0
1744062057.001886,600003,21131156,0,nscratch,nscratch-ffff9fd41baaf800,0,0,1221834357847,69253664772,0,0,154515,0,0,0,0,0,0,0,0,0,0,0,0,0,0,0,0,0,0,0,0,0,0,0,0,112966,0,0,0
1744062057.001967,600003,21131156,0,pscratch,pscratch-ffff9fd409727800,0,0,2490002008623,1622901774132,0,0,669386,0,0,0,0,0,0,0,0,0,0,0,0,0,0,0,0,0,0,0,0,0,0,0,0,683925,0,0,0
1744062058.001478,600003,21131156,0,nscratch,nscratch-ffff9fd41baaf800,0,0,1221834357847,69253664772,0,0,154515,0,0,0,0,0,0,0,0,0,0,0,0,0,0,0,0,0,0,0,0,0,0,0,0,112966,0,0,0
1744062058.001559,600003,21131156,0,pscratch,pscratch-ffff9fd409727800,0,0,2490002008623,1622901774132,0,0,669386,0,0,0,0,0,0,0,0,0,0,0,0,0,0,0,0,0,0,0,0,0,0,0,0,683925,0,0,0
1744062059.001889,600003,21131156,0,nscratch,nscratch-ffff9fd41baaf800,0,0,1221834357847,69253664772,0,0,154515,0,0,0,0,0,0,0,0,0,0,0,0,0,0,0,0,0,0,0,0,0,0,0,0,112966,0,0,0
1744062059.001972,600003,21131156,0,pscratch,pscratch-ffff9fd409727800,0,0,2490002008623,1622901774132,0,0,669386,0,0,0,0,0,0,0,0,0,0,0,0,0,0,0,0,0,0,0,0,0,0,0,0,683925,0,0,0
1744062060.002330,600003,21131156,0,nscratch,nscratch-ffff9fd41baaf800,0,0,1221834357847,69253664772,0,0,154515,0,0,0,0,0,0,0,0,0,0,0,0,0,0,0,0,0,0,0,0,0,0,0,0,112966,0,0,0
1744062060.002588,600003,21131156,0,pscratch,pscratch-ffff9fd409727800,0,0,2490002008623,1622901774132,0,0,669386,0,0,0,0,0,0,0,0,0,0,0,0,0,0,0,0,0,0,0,0,0,0,0,0,683925,0,0,0
1744062061.002102,600003,21131156,0,nscratch,nscratch-ffff9fd41baaf800,0,0,1221834357847,69253664772,0,0,154515,0,0,0,0,0,0,0,0,0,0,0,0,0,0,0,0,0,0,0,0,0,0,0,0,112966,0,0,0
1744062061.002184,600003,21131156,0,pscratch,pscratch-ffff9fd409727800,0,0,2490002008623,1622901774132,0,0,669386,0,0,0,0,0,0,0,0,0,0,0,0,0,0,0,0,0,0,0,0,0,0,0,0,683925,0,0,0
1744062062.001509,600003,21131156,0,nscratch,nscratch-ffff9fd41baaf800,0,0,1221834357847,69253664772,0,0,154515,0,0,0,0,0,0,0,0,0,0,0,0,0,0,0,0,0,0,0,0,0,0,0,0,112966,0,0,0
1744062062.001588,600003,21131156,0,pscratch,pscratch-ffff9fd409727800,0,0,2490002008623,1622901774132,0,0,669386,0,0,0,0,0,0,0,0,0,0,0,0,0,0,0,0,0,0,0,0,0,0,0,0,683925,0,0,0
1744062063.001779,600003,21131156,0,nscratch,nscratch-ffff9fd41baaf800,0,0,1221834357847,69253664772,0,0,154515,0,0,0,0,0,0,0,0,0,0,0,0,0,0,0,0,0,0,0,0,0,0,0,0,112966,0,0,0
1744062063.001863,600003,21131156,0,pscratch,pscratch-ffff9fd409727800,0,0,2490002008623,1622901774132,0,0,669386,0,0,0,0,0,0,0,0,0,0,0,0,0,0,0,0,0,0,0,0,0,0,0,0,683925,0,0,0
1744062064.002399,600003,21131156,0,nscratch,nscratch-ffff9fd41baaf800,0,0,1221834357847,69253664772,0,0,154515,0,0,0,0,0,0,0,0,0,0,0,0,0,0,0,0,0,0,0,0,0,0,0,0,112966,0,0,0
1744062064.002481,600003,21131156,0,pscratch,pscratch-ffff9fd409727800,0,0,2490002008623,1622901774132,0,0,669386,0,0,0,0,0,0,0,0,0,0,0,0,0,0,0,0,0,0,0,0,0,0,0,0,683925,0,0,0
1744062065.001989,600003,21131156,0,nscratch,nscratch-ffff9fd41baaf800,0,0,1221834357847,69253664772,0,0,154515,0,0,0,0,0,0,0,0,0,0,0,0,0,0,0,0,0,0,0,0,0,0,0,0,112966,0,0,0
1744062065.002069,600003,21131156,0,pscratch,pscratch-ffff9fd409727800,0,0,2490002008623,1622901774132,0,0,669386,0,0,0,0,0,0,0,0,0,0,0,0,0,0,0,0,0,0,0,0,0,0,0,0,683925,0,0,0
1744062066.001250,600003,21131156,0,nscratch,nscratch-ffff9fd41baaf800,0,0,1221834357847,69253664772,0,0,154515,0,0,0,0,0,0,0,0,0,0,0,0,0,0,0,0,0,0,0,0,0,0,0,0,112966,0,0,0
1744062066.001331,600003,21131156,0,pscratch,pscratch-ffff9fd409727800,0,0,2490002008623,1622901774132,0,0,669386,0,0,0,0,0,0,0,0,0,0,0,0,0,0,0,0,0,0,0,0,0,0,0,0,683925,0,0,0
1744062067.001736,600003,21131156,0,nscratch,nscratch-ffff9fd41baaf800,0,0,1221834357847,69253664772,0,0,154515,0,0,0,0,0,0,0,0,0,0,0,0,0,0,0,0,0,0,0,0,0,0,0,0,112966,0,0,0
1744062067.001817,600003,21131156,0,pscratch,pscratch-ffff9fd409727800,0,0,2490002008623,1622901774132,0,0,669386,0,0,0,0,0,0,0,0,0,0,0,0,0,0,0,0,0,0,0,0,0,0,0,0,683925,0,0,0
1744062068.002142,600003,21131156,0,nscratch,nscratch-ffff9fd41baaf800,0,0,1221834357847,69253664772,0,0,154515,0,0,0,0,0,0,0,0,0,0,0,0,0,0,0,0,0,0,0,0,0,0,0,0,112966,0,0,0
1744062068.002223,600003,21131156,0,pscratch,pscratch-ffff9fd409727800,0,0,2490002008623,1622901774132,0,0,669386,0,0,0,0,0,0,0,0,0,0,0,0,0,0,0,0,0,0,0,0,0,0,0,0,683925,0,0,0
1744062069.001457,600003,21131156,0,nscratch,nscratch-ffff9fd41baaf800,0,0,1221834357847,69253664772,0,0,154515,0,0,0,0,0,0,0,0,0,0,0,0,0,0,0,0,0,0,0,0,0,0,0,0,112966,0,0,0
1744062069.001542,600003,21131156,0,pscratch,pscratch-ffff9fd409727800,0,0,2490002008623,1622901774132,0,0,669386,0,0,0,0,0,0,0,0,0,0,0,0,0,0,0,0,0,0,0,0,0,0,0,0,683925,0,0,0
1744062070.002275,600003,21131156,0,nscratch,nscratch-ffff9fd41baaf800,0,0,1221834357847,69253664772,0,0,154515,0,0,0,0,0,0,0,0,0,0,0,0,0,0,0,0,0,0,0,0,0,0,0,0,112966,0,0,0
1744062070.002520,600003,21131156,0,pscratch,pscratch-ffff9fd409727800,0,0,2490002008623,1622901774132,0,0,669386,0,0,0,0,0,0,0,0,0,0,0,0,0,0,0,0,0,0,0,0,0,0,0,0,683925,0,0,0
1744062071.001850,600003,21131156,0,nscratch,nscratch-ffff9fd41baaf800,0,0,1221834357847,69253664772,0,0,154515,0,0,0,0,0,0,0,0,0,0,0,0,0,0,0,0,0,0,0,0,0,0,0,0,112966,0,0,0
1744062071.001932,600003,21131156,0,pscratch,pscratch-ffff9fd409727800,0,0,2490002008623,1622901774132,0,0,669386,0,0,0,0,0,0,0,0,0,0,0,0,0,0,0,0,0,0,0,0,0,0,0,0,683925,0,0,0
1744062072.002110,600003,21131156,0,nscratch,nscratch-ffff9fd41baaf800,0,0,1221834357847,69253664772,0,0,154515,0,0,0,0,0,0,0,0,0,0,0,0,0,0,0,0,0,0,0,0,0,0,0,0,112966,0,0,0
1744062072.002191,600003,21131156,0,pscratch,pscratch-ffff9fd409727800,0,0,2490002008623,1622901774132,0,0,669386,0,0,0,0,0,0,0,0,0,0,0,0,0,0,0,0,0,0,0,0,0,0,0,0,683925,0,0,0
1744062073.001742,600003,21131156,0,nscratch,nscratch-ffff9fd41baaf800,0,0,1221834357847,69253664772,0,0,154515,0,0,0,0,0,0,0,0,0,0,0,0,0,0,0,0,0,0,0,0,0,0,0,0,112966,0,0,0
1744062073.001822,600003,21131156,0,pscratch,pscratch-ffff9fd409727800,0,0,2490002008623,1622901774132,0,0,669386,0,0,0,0,0,0,0,0,0,0,0,0,0,0,0,0,0,0,0,0,0,0,0,0,683925,0,0,0
1744062074.002314,600003,21131156,0,nscratch,nscratch-ffff9fd41baaf800,0,0,1221834357847,69253664772,0,0,154515,0,0,0,0,0,0,0,0,0,0,0,0,0,0,0,0,0,0,0,0,0,0,0,0,112966,0,0,0
1744062074.002407,600003,21131156,0,pscratch,pscratch-ffff9fd409727800,0,0,2490002008623,1622901774132,0,0,669386,0,0,0,0,0,0,0,0,0,0,0,0,0,0,0,0,0,0,0,0,0,0,0,0,683925,0,0,0
1744062075.001728,600003,21131156,0,nscratch,nscratch-ffff9fd41baaf800,0,0,1221834357847,69253664772,0,0,154515,0,0,0,0,0,0,0,0,0,0,0,0,0,0,0,0,0,0,0,0,0,0,0,0,112966,0,0,0
1744062075.001811,600003,21131156,0,pscratch,pscratch-ffff9fd409727800,0,0,2490002008623,1622901774132,0,0,669386,0,0,0,0,0,0,0,0,0,0,0,0,0,0,0,0,0,0,0,0,0,0,0,0,683925,0,0,0
1744062076.002352,600003,21131156,0,nscratch,nscratch-ffff9fd41baaf800,0,0,1221834357847,69253664772,0,0,154515,0,0,0,0,0,0,0,0,0,0,0,0,0,0,0,0,0,0,0,0,0,0,0,0,112966,0,0,0
1744062076.002444,600003,21131156,0,pscratch,pscratch-ffff9fd409727800,0,0,2490002008623,1622901774132,0,0,669386,0,0,0,0,0,0,0,0,0,0,0,0,0,0,0,0,0,0,0,0,0,0,0,0,683925,0,0,0
1744062077.001787,600003,21131156,0,nscratch,nscratch-ffff9fd41baaf800,0,0,1221834357847,69253664772,0,0,154515,0,0,0,0,0,0,0,0,0,0,0,0,0,0,0,0,0,0,0,0,0,0,0,0,112966,0,0,0
1744062077.001867,600003,21131156,0,pscratch,pscratch-ffff9fd409727800,0,0,2490002008623,1622901774132,0,0,669386,0,0,0,0,0,0,0,0,0,0,0,0,0,0,0,0,0,0,0,0,0,0,0,0,683925,0,0,0
1744062078.002095,600003,21131156,0,nscratch,nscratch-ffff9fd41baaf800,0,0,1221834357847,69253664772,0,0,154515,0,0,0,0,0,0,0,0,0,0,0,0,0,0,0,0,0,0,0,0,0,0,0,0,112966,0,0,0
1744062078.002178,600003,21131156,0,pscratch,pscratch-ffff9fd409727800,0,0,2490002008623,1622901774132,0,0,669386,0,0,0,0,0,0,0,0,0,0,0,0,0,0,0,0,0,0,0,0,0,0,0,0,683925,0,0,0
1744062079.001635,600003,21131156,0,nscratch,nscratch-ffff9fd41baaf800,0,0,1221834357847,69253664772,0,0,154515,0,0,0,0,0,0,0,0,0,0,0,0,0,0,0,0,0,0,0,0,0,0,0,0,112966,0,0,0
1744062079.001716,600003,21131156,0,pscratch,pscratch-ffff9fd409727800,0,0,2490002008623,1622901774132,0,0,669386,0,0,0,0,0,0,0,0,0,0,0,0,0,0,0,0,0,0,0,0,0,0,0,0,683925,0,0,0
1744062080.002411,600003,21131156,0,nscratch,nscratch-ffff9fd41baaf800,0,0,1221834357847,69253664772,0,0,154515,0,0,0,0,0,0,0,0,0,0,0,0,0,0,0,0,0,0,0,0,0,0,0,0,112966,0,0,0
1744062080.002552,600003,21131156,0,pscratch,pscratch-ffff9fd409727800,0,0,2490002008623,1622901774132,0,0,669386,0,0,0,0,0,0,0,0,0,0,0,0,0,0,0,0,0,0,0,0,0,0,0,0,683925,0,0,0
1744062081.001721,600003,21131156,0,nscratch,nscratch-ffff9fd41baaf800,0,0,1221834357847,69253664772,0,0,154515,0,0,0,0,0,0,0,0,0,0,0,0,0,0,0,0,0,0,0,0,0,0,0,0,112966,0,0,0
1744062081.001804,600003,21131156,0,pscratch,pscratch-ffff9fd409727800,0,0,2490002008623,1622901774132,0,0,669386,0,0,0,0,0,0,0,0,0,0,0,0,0,0,0,0,0,0,0,0,0,0,0,0,683925,0,0,0
1744062082.002201,600003,21131156,0,nscratch,nscratch-ffff9fd41baaf800,0,0,1221834357847,69253664772,0,0,154515,0,0,0,0,0,0,0,0,0,0,0,0,0,0,0,0,0,0,0,0,0,0,0,0,112966,0,0,0
1744062082.002285,600003,21131156,0,pscratch,pscratch-ffff9fd409727800,0,0,2490002008623,1622901774132,0,0,669386,0,0,0,0,0,0,0,0,0,0,0,0,0,0,0,0,0,0,0,0,0,0,0,0,683925,0,0,0
1744062083.001803,600003,21131156,0,nscratch,nscratch-ffff9fd41baaf800,0,0,1221834357847,69253664772,0,0,154515,0,0,0,0,0,0,0,0,0,0,0,0,0,0,0,0,0,0,0,0,0,0,0,0,112966,0,0,0
1744062083.001885,600003,21131156,0,pscratch,pscratch-ffff9fd409727800,0,0,2490002008623,1622901774132,0,0,669386,0,0,0,0,0,0,0,0,0,0,0,0,0,0,0,0,0,0,0,0,0,0,0,0,683925,0,0,0
1744062084.002147,600003,21131156,0,nscratch,nscratch-ffff9fd41baaf800,0,0,1221834357847,69253664772,0,0,154515,0,0,0,0,0,0,0,0,0,0,0,0,0,0,0,0,0,0,0,0,0,0,0,0,112966,0,0,0
1744062084.002228,600003,21131156,0,pscratch,pscratch-ffff9fd409727800,0,0,2490002008623,1622901774132,0,0,669386,0,0,0,0,0,0,0,0,0,0,0,0,0,0,0,0,0,0,0,0,0,0,0,0,683925,0,0,0
1744062085.001639,600003,21131156,0,nscratch,nscratch-ffff9fd41baaf800,0,0,1221834357847,69253664772,0,0,154515,0,0,0,0,0,0,0,0,0,0,0,0,0,0,0,0,0,0,0,0,0,0,0,0,112966,0,0,0
1744062085.001720,600003,21131156,0,pscratch,pscratch-ffff9fd409727800,0,0,2490002008623,1622901774132,0,0,669386,0,0,0,0,0,0,0,0,0,0,0,0,0,0,0,0,0,0,0,0,0,0,0,0,683925,0,0,0
1744062086.002039,600003,21131156,0,nscratch,nscratch-ffff9fd41baaf800,0,0,1221834357847,69253664772,0,0,154515,0,0,0,0,0,0,0,0,0,0,0,0,0,0,0,0,0,0,0,0,0,0,0,0,112966,0,0,0
1744062086.002120,600003,21131156,0,pscratch,pscratch-ffff9fd409727800,0,0,2490002008623,1622901774132,0,0,669386,0,0,0,0,0,0,0,0,0,0,0,0,0,0,0,0,0,0,0,0,0,0,0,0,683925,0,0,0
1744062087.001282,600003,21131156,0,nscratch,nscratch-ffff9fd41baaf800,0,0,1221834357847,69253664772,0,0,154515,0,0,0,0,0,0,0,0,0,0,0,0,0,0,0,0,0,0,0,0,0,0,0,0,112966,0,0,0
1744062087.001363,600003,21131156,0,pscratch,pscratch-ffff9fd409727800,0,0,2490002008623,1622901774132,0,0,669386,0,0,0,0,0,0,0,0,0,0,0,0,0,0,0,0,0,0,0,0,0,0,0,0,683925,0,0,0
1744062088.001934,600003,21131156,0,nscratch,nscratch-ffff9fd41baaf800,0,0,1221834357847,69253664772,0,0,154515,0,0,0,0,0,0,0,0,0,0,0,0,0,0,0,0,0,0,0,0,0,0,0,0,112966,0,0,0
1744062088.002015,600003,21131156,0,pscratch,pscratch-ffff9fd409727800,0,0,2490002008623,1622901774132,0,0,669386,0,0,0,0,0,0,0,0,0,0,0,0,0,0,0,0,0,0,0,0,0,0,0,0,683925,0,0,0
1744062089.001347,600003,21131156,0,nscratch,nscratch-ffff9fd41baaf800,0,0,1221834357847,69253664772,0,0,154515,0,0,0,0,0,0,0,0,0,0,0,0,0,0,0,0,0,0,0,0,0,0,0,0,112966,0,0,0
1744062089.001440,600003,21131156,0,pscratch,pscratch-ffff9fd409727800,0,0,2490002008623,1622901774132,0,0,669386,0,0,0,0,0,0,0,0,0,0,0,0,0,0,0,0,0,0,0,0,0,0,0,0,683925,0,0,0
1744062090.001733,600003,21131156,0,nscratch,nscratch-ffff9fd41baaf800,0,0,1221834357847,69253664772,0,0,154515,0,0,0,0,0,0,0,0,0,0,0,0,0,0,0,0,0,0,0,0,0,0,0,0,112966,0,0,0
1744062090.001912,600003,21131156,0,pscratch,pscratch-ffff9fd409727800,0,0,2490002008623,1622901774132,0,0,669386,0,0,0,0,0,0,0,0,0,0,0,0,0,0,0,0,0,0,0,0,0,0,0,0,683925,0,0,0
1744062091.001493,600003,21131156,0,nscratch,nscratch-ffff9fd41baaf800,0,0,1221834357847,69253664772,0,0,154515,0,0,0,0,0,0,0,0,0,0,0,0,0,0,0,0,0,0,0,0,0,0,0,0,112966,0,0,0
1744062091.001574,600003,21131156,0,pscratch,pscratch-ffff9fd409727800,0,0,2490002008623,1622901774132,0,0,669386,0,0,0,0,0,0,0,0,0,0,0,0,0,0,0,0,0,0,0,0,0,0,0,0,683925,0,0,0
1744062092.001895,600003,21131156,0,nscratch,nscratch-ffff9fd41baaf800,0,0,1221834357847,69253664772,0,0,154515,0,0,0,0,0,0,0,0,0,0,0,0,0,0,0,0,0,0,0,0,0,0,0,0,112966,0,0,0
1744062092.001976,600003,21131156,0,pscratch,pscratch-ffff9fd409727800,0,0,2490002008623,1622901774132,0,0,669386,0,0,0,0,0,0,0,0,0,0,0,0,0,0,0,0,0,0,0,0,0,0,0,0,683925,0,0,0
1744062093.002269,600003,21131156,0,nscratch,nscratch-ffff9fd41baaf800,0,0,1221834357847,69253664772,0,0,154515,0,0,0,0,0,0,0,0,0,0,0,0,0,0,0,0,0,0,0,0,0,0,0,0,112966,0,0,0
1744062093.002443,600003,21131156,0,pscratch,pscratch-ffff9fd409727800,0,0,2490002008623,1622901774132,0,0,669386,0,0,0,0,0,0,0,0,0,0,0,0,0,0,0,0,0,0,0,0,0,0,0,0,683925,0,0,0
1744062094.001844,600003,21131156,0,nscratch,nscratch-ffff9fd41baaf800,0,0,1221834357847,69253664772,0,0,154515,0,0,0,0,0,0,0,0,0,0,0,0,0,0,0,0,0,0,0,0,0,0,0,0,112966,0,0,0
1744062094.001924,600003,21131156,0,pscratch,pscratch-ffff9fd409727800,0,0,2490002008623,1622901774132,0,0,669386,0,0,0,0,0,0,0,0,0,0,0,0,0,0,0,0,0,0,0,0,0,0,0,0,683925,0,0,0
1744062095.002287,600003,21131156,0,nscratch,nscratch-ffff9fd41baaf800,0,0,1221834357847,69253664772,0,0,154515,0,0,0,0,0,0,0,0,0,0,0,0,0,0,0,0,0,0,0,0,0,0,0,0,112966,0,0,0
1744062095.002366,600003,21131156,0,pscratch,pscratch-ffff9fd409727800,0,0,2490002008623,1622901774132,0,0,669386,0,0,0,0,0,0,0,0,0,0,0,0,0,0,0,0,0,0,0,0,0,0,0,0,683925,0,0,0
1744062096.001581,600003,21131156,0,nscratch,nscratch-ffff9fd41baaf800,0,0,1221834357847,69253664772,0,0,154515,0,0,0,0,0,0,0,0,0,0,0,0,0,0,0,0,0,0,0,0,0,0,0,0,112966,0,0,0
1744062096.001662,600003,21131156,0,pscratch,pscratch-ffff9fd409727800,0,0,2490002008623,1622901774132,0,0,669386,0,0,0,0,0,0,0,0,0,0,0,0,0,0,0,0,0,0,0,0,0,0,0,0,683925,0,0,0
1744062097.002052,600003,21131156,0,nscratch,nscratch-ffff9fd41baaf800,0,0,1221834357847,69253664772,0,0,154515,0,0,0,0,0,0,0,0,0,0,0,0,0,0,0,0,0,0,0,0,0,0,0,0,112966,0,0,0
1744062097.002133,600003,21131156,0,pscratch,pscratch-ffff9fd409727800,0,0,2490002008623,1622901774132,0,0,669386,0,0,0,0,0,0,0,0,0,0,0,0,0,0,0,0,0,0,0,0,0,0,0,0,683925,0,0,0
1744062098.001439,600003,21131156,0,nscratch,nscratch-ffff9fd41baaf800,0,0,1221834357847,69253664772,0,0,154515,0,0,0,0,0,0,0,0,0,0,0,0,0,0,0,0,0,0,0,0,0,0,0,0,112966,0,0,0
1744062098.001522,600003,21131156,0,pscratch,pscratch-ffff9fd409727800,0,0,2490002008623,1622901774132,0,0,669386,0,0,0,0,0,0,0,0,0,0,0,0,0,0,0,0,0,0,0,0,0,0,0,0,683925,0,0,0
1744062099.001685,600003,21131156,0,nscratch,nscratch-ffff9fd41baaf800,0,0,1221834357847,69253664772,0,0,154515,0,0,0,0,0,0,0,0,0,0,0,0,0,0,0,0,0,0,0,0,0,0,0,0,112966,0,0,0
1744062099.001766,600003,21131156,0,pscratch,pscratch-ffff9fd409727800,0,0,2490002008623,1622901774132,0,0,669386,0,0,0,0,0,0,0,0,0,0,0,0,0,0,0,0,0,0,0,0,0,0,0,0,683925,0,0,0
1744062100.002386,600003,21131156,0,nscratch,nscratch-ffff9fd41baaf800,0,0,1221834357847,69253664772,0,0,154515,0,0,0,0,0,0,0,0,0,0,0,0,0,0,0,0,0,0,0,0,0,0,0,0,112966,0,0,0
1744062100.002553,600003,21131156,0,pscratch,pscratch-ffff9fd409727800,0,0,2490002008623,1622901774132,0,0,669386,0,0,0,0,0,0,0,0,0,0,0,0,0,0,0,0,0,0,0,0,0,0,0,0,683925,0,0,0
1744062101.002013,600003,21131156,0,nscratch,nscratch-ffff9fd41baaf800,0,0,1221834357847,69253664772,0,0,154515,0,0,0,0,0,0,0,0,0,0,0,0,0,0,0,0,0,0,0,0,0,0,0,0,112966,0,0,0
1744062101.002093,600003,21131156,0,pscratch,pscratch-ffff9fd409727800,0,0,2490002008623,1622901774132,0,0,669386,0,0,0,0,0,0,0,0,0,0,0,0,0,0,0,0,0,0,0,0,0,0,0,0,683925,0,0,0
1744062102.001399,600003,21131156,0,nscratch,nscratch-ffff9fd41baaf800,0,0,1221834357847,69253664772,0,0,154515,0,0,0,0,0,0,0,0,0,0,0,0,0,0,0,0,0,0,0,0,0,0,0,0,112966,0,0,0
1744062102.001482,600003,21131156,0,pscratch,pscratch-ffff9fd409727800,0,0,2490002008623,1622901774132,0,0,669386,0,0,0,0,0,0,0,0,0,0,0,0,0,0,0,0,0,0,0,0,0,0,0,0,683925,0,0,0
1744062103.001900,600003,21131156,0,nscratch,nscratch-ffff9fd41baaf800,0,0,1221834357847,69253664772,0,0,154515,0,0,0,0,0,0,0,0,0,0,0,0,0,0,0,0,0,0,0,0,0,0,0,0,112966,0,0,0
1744062103.001981,600003,21131156,0,pscratch,pscratch-ffff9fd409727800,0,0,2490002008623,1622901774132,0,0,669386,0,0,0,0,0,0,0,0,0,0,0,0,0,0,0,0,0,0,0,0,0,0,0,0,683925,0,0,0
1744062104.002279,600003,21131156,0,nscratch,nscratch-ffff9fd41baaf800,0,0,1221834357847,69253664772,0,0,154515,0,0,0,0,0,0,0,0,0,0,0,0,0,0,0,0,0,0,0,0,0,0,0,0,112966,0,0,0
1744062104.002359,600003,21131156,0,pscratch,pscratch-ffff9fd409727800,0,0,2490002008623,1622901774132,0,0,669386,0,0,0,0,0,0,0,0,0,0,0,0,0,0,0,0,0,0,0,0,0,0,0,0,683925,0,0,0
1744062105.001654,600003,21131156,0,nscratch,nscratch-ffff9fd41baaf800,0,0,1221834357847,69253664772,0,0,154515,0,0,0,0,0,0,0,0,0,0,0,0,0,0,0,0,0,0,0,0,0,0,0,0,112966,0,0,0
1744062105.001795,600003,21131156,0,pscratch,pscratch-ffff9fd409727800,0,0,2490002008623,1622901774132,0,0,669386,0,0,0,0,0,0,0,0,0,0,0,0,0,0,0,0,0,0,0,0,0,0,0,0,683925,0,0,0
1744062106.002360,600003,21131156,0,nscratch,nscratch-ffff9fd41baaf800,0,0,1221834357847,69253664772,0,0,154515,0,0,0,0,0,0,0,0,0,0,0,0,0,0,0,0,0,0,0,0,0,0,0,0,112966,0,0,0
1744062106.002450,600003,21131156,0,pscratch,pscratch-ffff9fd409727800,0,0,2490002008623,1622901774132,0,0,669386,0,0,0,0,0,0,0,0,0,0,0,0,0,0,0,0,0,0,0,0,0,0,0,0,683925,0,0,0
1744062107.001880,600003,21131156,0,nscratch,nscratch-ffff9fd41baaf800,0,0,1221834357847,69253664772,0,0,154515,0,0,0,0,0,0,0,0,0,0,0,0,0,0,0,0,0,0,0,0,0,0,0,0,112966,0,0,0
1744062107.001959,600003,21131156,0,pscratch,pscratch-ffff9fd409727800,0,0,2490002008623,1622901774132,0,0,669386,0,0,0,0,0,0,0,0,0,0,0,0,0,0,0,0,0,0,0,0,0,0,0,0,683925,0,0,0
1744062108.002136,600003,21131156,0,nscratch,nscratch-ffff9fd41baaf800,0,0,1221834357847,69253664772,0,0,154515,0,0,0,0,0,0,0,0,0,0,0,0,0,0,0,0,0,0,0,0,0,0,0,0,112966,0,0,0
1744062108.002216,600003,21131156,0,pscratch,pscratch-ffff9fd409727800,0,0,2490002008623,1622901774132,0,0,669386,0,0,0,0,0,0,0,0,0,0,0,0,0,0,0,0,0,0,0,0,0,0,0,0,683925,0,0,0
1744062109.001678,600003,21131156,0,nscratch,nscratch-ffff9fd41baaf800,0,0,1221834357847,69253664772,0,0,154515,0,0,0,0,0,0,0,0,0,0,0,0,0,0,0,0,0,0,0,0,0,0,0,0,112966,0,0,0
1744062109.001759,600003,21131156,0,pscratch,pscratch-ffff9fd409727800,0,0,2490002008623,1622901774132,0,0,669386,0,0,0,0,0,0,0,0,0,0,0,0,0,0,0,0,0,0,0,0,0,0,0,0,683925,0,0,0
1744062110.002409,600003,21131156,0,nscratch,nscratch-ffff9fd41baaf800,0,0,1221834357847,69253664772,0,0,154515,0,0,0,0,0,0,0,0,0,0,0,0,0,0,0,0,0,0,0,0,0,0,0,0,112966,0,0,0
1744062110.002567,600003,21131156,0,pscratch,pscratch-ffff9fd409727800,0,0,2490002008623,1622901774132,0,0,669386,0,0,0,0,0,0,0,0,0,0,0,0,0,0,0,0,0,0,0,0,0,0,0,0,683925,0,0,0
1744062111.001789,600003,21131156,0,nscratch,nscratch-ffff9fd41baaf800,0,0,1221834357847,69253664772,0,0,154515,0,0,0,0,0,0,0,0,0,0,0,0,0,0,0,0,0,0,0,0,0,0,0,0,112966,0,0,0
1744062111.001872,600003,21131156,0,pscratch,pscratch-ffff9fd409727800,0,0,2490002008623,1622901774132,0,0,669386,0,0,0,0,0,0,0,0,0,0,0,0,0,0,0,0,0,0,0,0,0,0,0,0,683925,0,0,0
1744062112.002298,600003,21131156,0,nscratch,nscratch-ffff9fd41baaf800,0,0,1221834357847,69253664772,0,0,154515,0,0,0,0,0,0,0,0,0,0,0,0,0,0,0,0,0,0,0,0,0,0,0,0,112966,0,0,0
1744062112.002390,600003,21131156,0,pscratch,pscratch-ffff9fd409727800,0,0,2490002008623,1622901774132,0,0,669386,0,0,0,0,0,0,0,0,0,0,0,0,0,0,0,0,0,0,0,0,0,0,0,0,683925,0,0,0
1744062113.001718,600003,21131156,0,nscratch,nscratch-ffff9fd41baaf800,0,0,1221834357847,69253664772,0,0,154515,0,0,0,0,0,0,0,0,0,0,0,0,0,0,0,0,0,0,0,0,0,0,0,0,112966,0,0,0
1744062113.001798,600003,21131156,0,pscratch,pscratch-ffff9fd409727800,0,0,2490002008623,1622901774132,0,0,669386,0,0,0,0,0,0,0,0,0,0,0,0,0,0,0,0,0,0,0,0,0,0,0,0,683925,0,0,0
1744062114.002089,600003,21131156,0,nscratch,nscratch-ffff9fd41baaf800,0,0,1221834357847,69253664772,0,0,154515,0,0,0,0,0,0,0,0,0,0,0,0,0,0,0,0,0,0,0,0,0,0,0,0,112966,0,0,0
1744062114.002266,600003,21131156,0,pscratch,pscratch-ffff9fd409727800,0,0,2490002008623,1622901774132,0,0,669386,0,0,0,0,0,0,0,0,0,0,0,0,0,0,0,0,0,0,0,0,0,0,0,0,683925,0,0,0
1744062115.001738,600003,21131156,0,nscratch,nscratch-ffff9fd41baaf800,0,0,1221834357847,69253664772,0,0,154515,0,0,0,0,0,0,0,0,0,0,0,0,0,0,0,0,0,0,0,0,0,0,0,0,112966,0,0,0
1744062115.001819,600003,21131156,0,pscratch,pscratch-ffff9fd409727800,0,0,2490002008623,1622901774132,0,0,669386,0,0,0,0,0,0,0,0,0,0,0,0,0,0,0,0,0,0,0,0,0,0,0,0,683925,0,0,0
1744062116.002314,600003,21131156,0,nscratch,nscratch-ffff9fd41baaf800,0,0,1221834357847,69253664772,0,0,154515,0,0,0,0,0,0,0,0,0,0,0,0,0,0,0,0,0,0,0,0,0,0,0,0,112966,0,0,0
1744062116.002403,600003,21131156,0,pscratch,pscratch-ffff9fd409727800,0,0,2490002008623,1622901774132,0,0,669386,0,0,0,0,0,0,0,0,0,0,0,0,0,0,0,0,0,0,0,0,0,0,0,0,683925,0,0,0
1744062117.001580,600003,21131156,0,nscratch,nscratch-ffff9fd41baaf800,0,0,1221834357847,69253664772,0,0,154515,0,0,0,0,0,0,0,0,0,0,0,0,0,0,0,0,0,0,0,0,0,0,0,0,112966,0,0,0
1744062117.001661,600003,21131156,0,pscratch,pscratch-ffff9fd409727800,0,0,2490002008623,1622901774132,0,0,669386,0,0,0,0,0,0,0,0,0,0,0,0,0,0,0,0,0,0,0,0,0,0,0,0,683925,0,0,0
1744062118.002182,600003,21131156,0,nscratch,nscratch-ffff9fd41baaf800,0,0,1221834357847,69253664772,0,0,154515,0,0,0,0,0,0,0,0,0,0,0,0,0,0,0,0,0,0,0,0,0,0,0,0,112966,0,0,0
1744062118.002264,600003,21131156,0,pscratch,pscratch-ffff9fd409727800,0,0,2490002008623,1622901774132,0,0,669386,0,0,0,0,0,0,0,0,0,0,0,0,0,0,0,0,0,0,0,0,0,0,0,0,683925,0,0,0
1744062119.001621,600003,21131156,0,nscratch,nscratch-ffff9fd41baaf800,0,0,1221834357847,69253664772,0,0,154515,0,0,0,0,0,0,0,0,0,0,0,0,0,0,0,0,0,0,0,0,0,0,0,0,112966,0,0,0
1744062119.001739,600003,21131156,0,pscratch,pscratch-ffff9fd409727800,0,0,2490002008623,1622901774132,0,0,669386,0,0,0,0,0,0,0,0,0,0,0,0,0,0,0,0,0,0,0,0,0,0,0,0,683925,0,0,0
1744062120.002012,600003,21131156,0,nscratch,nscratch-ffff9fd41baaf800,0,0,1221834357847,69253664772,0,0,154515,0,0,0,0,0,0,0,0,0,0,0,0,0,0,0,0,0,0,0,0,0,0,0,0,112966,0,0,0
1744062120.002203,600003,21131156,0,pscratch,pscratch-ffff9fd409727800,0,0,2490002008623,1622901774132,0,0,669386,0,0,0,0,0,0,0,0,0,0,0,0,0,0,0,0,0,0,0,0,0,0,0,0,683925,0,0,0
1744062121.001794,600003,21131156,0,nscratch,nscratch-ffff9fd41baaf800,0,0,1221834357847,69253664772,0,0,154515,0,0,0,0,0,0,0,0,0,0,0,0,0,0,0,0,0,0,0,0,0,0,0,0,112966,0,0,0
1744062121.001876,600003,21131156,0,pscratch,pscratch-ffff9fd409727800,0,0,2490002008623,1622901774132,0,0,669386,0,0,0,0,0,0,0,0,0,0,0,0,0,0,0,0,0,0,0,0,0,0,0,0,683925,0,0,0
1744062122.002423,600003,21131156,0,nscratch,nscratch-ffff9fd41baaf800,0,0,1221834357847,69253664772,0,0,154515,0,0,0,0,0,0,0,0,0,0,0,0,0,0,0,0,0,0,0,0,0,0,0,0,112966,0,0,0
1744062122.002505,600003,21131156,0,pscratch,pscratch-ffff9fd409727800,0,0,2490002008623,1622901774132,0,0,669386,0,0,0,0,0,0,0,0,0,0,0,0,0,0,0,0,0,0,0,0,0,0,0,0,683925,0,0,0
1744062123.001669,600003,21131156,0,nscratch,nscratch-ffff9fd41baaf800,0,0,1221834357847,69253664772,0,0,154515,0,0,0,0,0,0,0,0,0,0,0,0,0,0,0,0,0,0,0,0,0,0,0,0,112966,0,0,0
1744062123.001751,600003,21131156,0,pscratch,pscratch-ffff9fd409727800,0,0,2490002008623,1622901774132,0,0,669386,0,0,0,0,0,0,0,0,0,0,0,0,0,0,0,0,0,0,0,0,0,0,0,0,683925,0,0,0
1744062124.002222,600003,21131156,0,nscratch,nscratch-ffff9fd41baaf800,0,0,1221834357847,69253664772,0,0,154515,0,0,0,0,0,0,0,0,0,0,0,0,0,0,0,0,0,0,0,0,0,0,0,0,112966,0,0,0
1744062124.002303,600003,21131156,0,pscratch,pscratch-ffff9fd409727800,0,0,2490002008623,1622901774132,0,0,669386,0,0,0,0,0,0,0,0,0,0,0,0,0,0,0,0,0,0,0,0,0,0,0,0,683925,0,0,0
1744062125.001623,600003,21131156,0,nscratch,nscratch-ffff9fd41baaf800,0,0,1221834357847,69253664772,0,0,154515,0,0,0,0,0,0,0,0,0,0,0,0,0,0,0,0,0,0,0,0,0,0,0,0,112966,0,0,0
1744062125.001702,600003,21131156,0,pscratch,pscratch-ffff9fd409727800,0,0,2490002008623,1622901774132,0,0,669386,0,0,0,0,0,0,0,0,0,0,0,0,0,0,0,0,0,0,0,0,0,0,0,0,683925,0,0,0
1744062126.001961,600003,21131156,0,nscratch,nscratch-ffff9fd41baaf800,0,0,1221834357847,69253664772,0,0,154515,0,0,0,0,0,0,0,0,0,0,0,0,0,0,0,0,0,0,0,0,0,0,0,0,112966,0,0,0
1744062126.002043,600003,21131156,0,pscratch,pscratch-ffff9fd409727800,0,0,2490002008623,1622901774132,0,0,669386,0,0,0,0,0,0,0,0,0,0,0,0,0,0,0,0,0,0,0,0,0,0,0,0,683925,0,0,0
1744062127.001603,600003,21131156,0,nscratch,nscratch-ffff9fd41baaf800,0,0,1221834357847,69253664772,0,0,154515,0,0,0,0,0,0,0,0,0,0,0,0,0,0,0,0,0,0,0,0,0,0,0,0,112966,0,0,0
1744062127.001685,600003,21131156,0,pscratch,pscratch-ffff9fd409727800,0,0,2490002008623,1622901774132,0,0,669386,0,0,0,0,0,0,0,0,0,0,0,0,0,0,0,0,0,0,0,0,0,0,0,0,683925,0,0,0
1744062128.001984,600003,21131156,0,nscratch,nscratch-ffff9fd41baaf800,0,0,1221834357847,69253664772,0,0,154515,0,0,0,0,0,0,0,0,0,0,0,0,0,0,0,0,0,0,0,0,0,0,0,0,112966,0,0,0
1744062128.002064,600003,21131156,0,pscratch,pscratch-ffff9fd409727800,0,0,2490002008623,1622901774132,0,0,669386,0,0,0,0,0,0,0,0,0,0,0,0,0,0,0,0,0,0,0,0,0,0,0,0,683925,0,0,0
1744062129.001328,600003,21131156,0,nscratch,nscratch-ffff9fd41baaf800,0,0,1221834357847,69253664772,0,0,154515,0,0,0,0,0,0,0,0,0,0,0,0,0,0,0,0,0,0,0,0,0,0,0,0,112966,0,0,0
1744062129.001422,600003,21131156,0,pscratch,pscratch-ffff9fd409727800,0,0,2490002008623,1622901774132,0,0,669386,0,0,0,0,0,0,0,0,0,0,0,0,0,0,0,0,0,0,0,0,0,0,0,0,683925,0,0,0
1744062130.001823,600003,21131156,0,nscratch,nscratch-ffff9fd41baaf800,0,0,1221834357847,69253664772,0,0,154515,0,0,0,0,0,0,0,0,0,0,0,0,0,0,0,0,0,0,0,0,0,0,0,0,112966,0,0,0
1744062130.001904,600003,21131156,0,pscratch,pscratch-ffff9fd409727800,0,0,2490002008623,1622901774132,0,0,669386,0,0,0,0,0,0,0,0,0,0,0,0,0,0,0,0,0,0,0,0,0,0,0,0,683925,0,0,0
1744062131.002394,600003,21131156,0,nscratch,nscratch-ffff9fd41baaf800,0,0,1221834357847,69253664772,0,0,154515,0,0,0,0,0,0,0,0,0,0,0,0,0,0,0,0,0,0,0,0,0,0,0,0,112966,0,0,0
1744062131.002476,600003,21131156,0,pscratch,pscratch-ffff9fd409727800,0,0,2490002008623,1622901774132,0,0,669386,0,0,0,0,0,0,0,0,0,0,0,0,0,0,0,0,0,0,0,0,0,0,0,0,683925,0,0,0
1744062132.001657,600003,21131156,0,nscratch,nscratch-ffff9fd41baaf800,0,0,1221834357847,69253664772,0,0,154515,0,0,0,0,0,0,0,0,0,0,0,0,0,0,0,0,0,0,0,0,0,0,0,0,112966,0,0,0
1744062132.001738,600003,21131156,0,pscratch,pscratch-ffff9fd409727800,0,0,2490002008623,1622901774132,0,0,669386,0,0,0,0,0,0,0,0,0,0,0,0,0,0,0,0,0,0,0,0,0,0,0,0,683925,0,0,0
1744062133.002310,600003,21131156,0,nscratch,nscratch-ffff9fd41baaf800,0,0,1221834357847,69253664772,0,0,154515,0,0,0,0,0,0,0,0,0,0,0,0,0,0,0,0,0,0,0,0,0,0,0,0,112966,0,0,0
1744062133.002401,600003,21131156,0,pscratch,pscratch-ffff9fd409727800,0,0,2490002008623,1622901774132,0,0,669386,0,0,0,0,0,0,0,0,0,0,0,0,0,0,0,0,0,0,0,0,0,0,0,0,683925,0,0,0
1744062134.001826,600003,21131156,0,nscratch,nscratch-ffff9fd41baaf800,0,0,1221834357847,69253664772,0,0,154515,0,0,0,0,0,0,0,0,0,0,0,0,0,0,0,0,0,0,0,0,0,0,0,0,112966,0,0,0
1744062134.001906,600003,21131156,0,pscratch,pscratch-ffff9fd409727800,0,0,2490002008623,1622901774132,0,0,669386,0,0,0,0,0,0,0,0,0,0,0,0,0,0,0,0,0,0,0,0,0,0,0,0,683925,0,0,0
1744062135.002462,600003,21131156,0,nscratch,nscratch-ffff9fd41baaf800,0,0,1221834357847,69253664772,0,0,154515,0,0,0,0,0,0,0,0,0,0,0,0,0,0,0,0,0,0,0,0,0,0,0,0,112966,0,0,0
1744062135.002546,600003,21131156,0,pscratch,pscratch-ffff9fd409727800,0,0,2490002008623,1622901774132,0,0,669386,0,0,0,0,0,0,0,0,0,0,0,0,0,0,0,0,0,0,0,0,0,0,0,0,683925,0,0,0
1744062136.001956,600003,21131156,0,nscratch,nscratch-ffff9fd41baaf800,0,0,1221834357847,69253664772,0,0,154515,0,0,0,0,0,0,0,0,0,0,0,0,0,0,0,0,0,0,0,0,0,0,0,0,112966,0,0,0
1744062136.002037,600003,21131156,0,pscratch,pscratch-ffff9fd409727800,0,0,2490002008623,1622901774132,0,0,669386,0,0,0,0,0,0,0,0,0,0,0,0,0,0,0,0,0,0,0,0,0,0,0,0,683925,0,0,0
1744062137.001592,600003,21131156,0,nscratch,nscratch-ffff9fd41baaf800,0,0,1221834357847,69253664772,0,0,154515,0,0,0,0,0,0,0,0,0,0,0,0,0,0,0,0,0,0,0,0,0,0,0,0,112966,0,0,0
1744062137.001687,600003,21131156,0,pscratch,pscratch-ffff9fd409727800,0,0,2490002008623,1622901774132,0,0,669386,0,0,0,0,0,0,0,0,0,0,0,0,0,0,0,0,0,0,0,0,0,0,0,0,683925,0,0,0
1744062138.001870,600003,21131156,0,nscratch,nscratch-ffff9fd41baaf800,0,0,1221834357847,69253664772,0,0,154515,0,0,0,0,0,0,0,0,0,0,0,0,0,0,0,0,0,0,0,0,0,0,0,0,112966,0,0,0
1744062138.001955,600003,21131156,0,pscratch,pscratch-ffff9fd409727800,0,0,2490002008623,1622901774132,0,0,669386,0,0,0,0,0,0,0,0,0,0,0,0,0,0,0,0,0,0,0,0,0,0,0,0,683925,0,0,0
1744062139.001384,600003,21131156,0,nscratch,nscratch-ffff9fd41baaf800,0,0,1221834357847,69253664772,0,0,154515,0,0,0,0,0,0,0,0,0,0,0,0,0,0,0,0,0,0,0,0,0,0,0,0,112966,0,0,0
1744062139.001467,600003,21131156,0,pscratch,pscratch-ffff9fd409727800,0,0,2490002008623,1622901774132,0,0,669386,0,0,0,0,0,0,0,0,0,0,0,0,0,0,0,0,0,0,0,0,0,0,0,0,683925,0,0,0
1744062140.001761,600003,21131156,0,nscratch,nscratch-ffff9fd41baaf800,0,0,1221834357847,69253664772,0,0,154515,0,0,0,0,0,0,0,0,0,0,0,0,0,0,0,0,0,0,0,0,0,0,0,0,112966,0,0,0
1744062140.001842,600003,21131156,0,pscratch,pscratch-ffff9fd409727800,0,0,2490002008623,1622901774132,0,0,669386,0,0,0,0,0,0,0,0,0,0,0,0,0,0,0,0,0,0,0,0,0,0,0,0,683925,0,0,0
1744062141.002030,600003,21131156,0,nscratch,nscratch-ffff9fd41baaf800,0,0,1221834357847,69253664772,0,0,154515,0,0,0,0,0,0,0,0,0,0,0,0,0,0,0,0,0,0,0,0,0,0,0,0,112966,0,0,0
1744062141.002111,600003,21131156,0,pscratch,pscratch-ffff9fd409727800,0,0,2490002008623,1622901774132,0,0,669386,0,0,0,0,0,0,0,0,0,0,0,0,0,0,0,0,0,0,0,0,0,0,0,0,683925,0,0,0
1744062142.001687,600003,21131156,0,nscratch,nscratch-ffff9fd41baaf800,0,0,1221834357847,69253664772,0,0,154515,0,0,0,0,0,0,0,0,0,0,0,0,0,0,0,0,0,0,0,0,0,0,0,0,112966,0,0,0
1744062142.001769,600003,21131156,0,pscratch,pscratch-ffff9fd409727800,0,0,2490002008623,1622901774132,0,0,669386,0,0,0,0,0,0,0,0,0,0,0,0,0,0,0,0,0,0,0,0,0,0,0,0,683925,0,0,0
1744062143.002078,600003,21131156,0,nscratch,nscratch-ffff9fd41baaf800,0,0,1221834357847,69253664772,0,0,154515,0,0,0,0,0,0,0,0,0,0,0,0,0,0,0,0,0,0,0,0,0,0,0,0,112966,0,0,0
1744062143.002159,600003,21131156,0,pscratch,pscratch-ffff9fd409727800,0,0,2490002008623,1622901774132,0,0,669386,0,0,0,0,0,0,0,0,0,0,0,0,0,0,0,0,0,0,0,0,0,0,0,0,683925,0,0,0
1744062144.001471,600003,21131156,0,nscratch,nscratch-ffff9fd41baaf800,0,0,1221834357847,69253664772,0,0,154515,0,0,0,0,0,0,0,0,0,0,0,0,0,0,0,0,0,0,0,0,0,0,0,0,112966,0,0,0
1744062144.001609,600003,21131156,0,pscratch,pscratch-ffff9fd409727800,0,0,2490002008623,1622901774132,0,0,669386,0,0,0,0,0,0,0,0,0,0,0,0,0,0,0,0,0,0,0,0,0,0,0,0,683925,0,0,0
1744062145.002192,600003,21131156,0,nscratch,nscratch-ffff9fd41baaf800,0,0,1221834357847,69253664772,0,0,154515,0,0,0,0,0,0,0,0,0,0,0,0,0,0,0,0,0,0,0,0,0,0,0,0,112966,0,0,0
1744062145.002273,600003,21131156,0,pscratch,pscratch-ffff9fd409727800,0,0,2490002008623,1622901774132,0,0,669386,0,0,0,0,0,0,0,0,0,0,0,0,0,0,0,0,0,0,0,0,0,0,0,0,683925,0,0,0
1744062146.001637,600003,21131156,0,nscratch,nscratch-ffff9fd41baaf800,0,0,1221834357847,69253664772,0,0,154515,0,0,0,0,0,0,0,0,0,0,0,0,0,0,0,0,0,0,0,0,0,0,0,0,112966,0,0,0
1744062146.001717,600003,21131156,0,pscratch,pscratch-ffff9fd409727800,0,0,2490002008623,1622901774132,0,0,669386,0,0,0,0,0,0,0,0,0,0,0,0,0,0,0,0,0,0,0,0,0,0,0,0,683925,0,0,0
1744062147.001904,600003,21131156,0,nscratch,nscratch-ffff9fd41baaf800,0,0,1221834357847,69253664772,0,0,154515,0,0,0,0,0,0,0,0,0,0,0,0,0,0,0,0,0,0,0,0,0,0,0,0,112966,0,0,0
1744062147.001986,600003,21131156,0,pscratch,pscratch-ffff9fd409727800,0,0,2490002008623,1622901774132,0,0,669386,0,0,0,0,0,0,0,0,0,0,0,0,0,0,0,0,0,0,0,0,0,0,0,0,683925,0,0,0
1744062148.001505,600003,21131156,0,nscratch,nscratch-ffff9fd41baaf800,0,0,1221834357847,69253664772,0,0,154515,0,0,0,0,0,0,0,0,0,0,0,0,0,0,0,0,0,0,0,0,0,0,0,0,112966,0,0,0
1744062148.001585,600003,21131156,0,pscratch,pscratch-ffff9fd409727800,0,0,2490002008623,1622901774132,0,0,669386,0,0,0,0,0,0,0,0,0,0,0,0,0,0,0,0,0,0,0,0,0,0,0,0,683925,0,0,0
1744062149.001885,600003,21131156,0,nscratch,nscratch-ffff9fd41baaf800,0,0,1221834357847,69253664772,0,0,154515,0,0,0,0,0,0,0,0,0,0,0,0,0,0,0,0,0,0,0,0,0,0,0,0,112966,0,0,0
1744062149.001965,600003,21131156,0,pscratch,pscratch-ffff9fd409727800,0,0,2490002008623,1622901774132,0,0,669386,0,0,0,0,0,0,0,0,0,0,0,0,0,0,0,0,0,0,0,0,0,0,0,0,683925,0,0,0
1744062150.002274,600003,21131156,0,nscratch,nscratch-ffff9fd41baaf800,0,0,1221834357847,69253664772,0,0,154515,0,0,0,0,0,0,0,0,0,0,0,0,0,0,0,0,0,0,0,0,0,0,0,0,112966,0,0,0
1744062150.002434,600003,21131156,0,pscratch,pscratch-ffff9fd409727800,0,0,2490002008623,1622901774132,0,0,669386,0,0,0,0,0,0,0,0,0,0,0,0,0,0,0,0,0,0,0,0,0,0,0,0,683925,0,0,0
1744062151.002146,600003,21131156,0,nscratch,nscratch-ffff9fd41baaf800,0,0,1221834357847,69253664772,0,0,154515,0,0,0,0,0,0,0,0,0,0,0,0,0,0,0,0,0,0,0,0,0,0,0,0,112966,0,0,0
1744062151.002227,600003,21131156,0,pscratch,pscratch-ffff9fd409727800,0,0,2490002008623,1622901774132,0,0,669386,0,0,0,0,0,0,0,0,0,0,0,0,0,0,0,0,0,0,0,0,0,0,0,0,683925,0,0,0
1744062152.001718,600003,21131156,0,nscratch,nscratch-ffff9fd41baaf800,0,0,1221834357847,69253664772,0,0,154515,0,0,0,0,0,0,0,0,0,0,0,0,0,0,0,0,0,0,0,0,0,0,0,0,112966,0,0,0
1744062152.001797,600003,21131156,0,pscratch,pscratch-ffff9fd409727800,0,0,2490002008623,1622901774132,0,0,669386,0,0,0,0,0,0,0,0,0,0,0,0,0,0,0,0,0,0,0,0,0,0,0,0,683925,0,0,0
1744062153.002059,600003,21131156,0,nscratch,nscratch-ffff9fd41baaf800,0,0,1221834357847,69253664772,0,0,154515,0,0,0,0,0,0,0,0,0,0,0,0,0,0,0,0,0,0,0,0,0,0,0,0,112966,0,0,0
1744062153.002140,600003,21131156,0,pscratch,pscratch-ffff9fd409727800,0,0,2490002008623,1622901774132,0,0,669386,0,0,0,0,0,0,0,0,0,0,0,0,0,0,0,0,0,0,0,0,0,0,0,0,683925,0,0,0
1744062154.001643,600003,21131156,0,nscratch,nscratch-ffff9fd41baaf800,0,0,1221834357847,69253664772,0,0,154515,0,0,0,0,0,0,0,0,0,0,0,0,0,0,0,0,0,0,0,0,0,0,0,0,112966,0,0,0
1744062154.001724,600003,21131156,0,pscratch,pscratch-ffff9fd409727800,0,0,2490002008623,1622901774132,0,0,669386,0,0,0,0,0,0,0,0,0,0,0,0,0,0,0,0,0,0,0,0,0,0,0,0,683925,0,0,0
1744062155.002064,600003,21131156,0,nscratch,nscratch-ffff9fd41baaf800,0,0,1221834357847,69253664772,0,0,154515,0,0,0,0,0,0,0,0,0,0,0,0,0,0,0,0,0,0,0,0,0,0,0,0,112966,0,0,0
1744062155.002145,600003,21131156,0,pscratch,pscratch-ffff9fd409727800,0,0,2490002008623,1622901774132,0,0,669386,0,0,0,0,0,0,0,0,0,0,0,0,0,0,0,0,0,0,0,0,0,0,0,0,683925,0,0,0
1744062156.001303,600003,21131156,0,nscratch,nscratch-ffff9fd41baaf800,0,0,1221834357847,69253664772,0,0,154515,0,0,0,0,0,0,0,0,0,0,0,0,0,0,0,0,0,0,0,0,0,0,0,0,112966,0,0,0
1744062156.001396,600003,21131156,0,pscratch,pscratch-ffff9fd409727800,0,0,2490002008623,1622901774132,0,0,669386,0,0,0,0,0,0,0,0,0,0,0,0,0,0,0,0,0,0,0,0,0,0,0,0,683925,0,0,0
1744062157.001877,600003,21131156,0,nscratch,nscratch-ffff9fd41baaf800,0,0,1221834357847,69253664772,0,0,154515,0,0,0,0,0,0,0,0,0,0,0,0,0,0,0,0,0,0,0,0,0,0,0,0,112966,0,0,0
1744062157.001958,600003,21131156,0,pscratch,pscratch-ffff9fd409727800,0,0,2490002008623,1622901774132,0,0,669386,0,0,0,0,0,0,0,0,0,0,0,0,0,0,0,0,0,0,0,0,0,0,0,0,683925,0,0,0
1744062158.002277,600003,21131156,0,nscratch,nscratch-ffff9fd41baaf800,0,0,1221834357847,69253664772,0,0,154515,0,0,0,0,0,0,0,0,0,0,0,0,0,0,0,0,0,0,0,0,0,0,0,0,112966,0,0,0
1744062158.002358,600003,21131156,0,pscratch,pscratch-ffff9fd409727800,0,0,2490002008623,1622901774132,0,0,669386,0,0,0,0,0,0,0,0,0,0,0,0,0,0,0,0,0,0,0,0,0,0,0,0,683925,0,0,0
1744062159.001656,600003,21131156,0,nscratch,nscratch-ffff9fd41baaf800,0,0,1221834357847,69253664772,0,0,154515,0,0,0,0,0,0,0,0,0,0,0,0,0,0,0,0,0,0,0,0,0,0,0,0,112966,0,0,0
1744062159.001834,600003,21131156,0,pscratch,pscratch-ffff9fd409727800,0,0,2490002008623,1622901774132,0,0,669386,0,0,0,0,0,0,0,0,0,0,0,0,0,0,0,0,0,0,0,0,0,0,0,0,683925,0,0,0
1744062160.002496,600003,21131156,0,nscratch,nscratch-ffff9fd41baaf800,0,0,1221834357847,69253664772,0,0,154515,0,0,0,0,0,0,0,0,0,0,0,0,0,0,0,0,0,0,0,0,0,0,0,0,112966,0,0,0
1744062160.002636,600003,21131156,0,pscratch,pscratch-ffff9fd409727800,0,0,2490002008623,1622901774132,0,0,669386,0,0,0,0,0,0,0,0,0,0,0,0,0,0,0,0,0,0,0,0,0,0,0,0,683925,0,0,0
1744062161.001940,600003,21131156,0,nscratch,nscratch-ffff9fd41baaf800,0,0,1221834357847,69253664772,0,0,154515,0,0,0,0,0,0,0,0,0,0,0,0,0,0,0,0,0,0,0,0,0,0,0,0,112966,0,0,0
1744062161.002020,600003,21131156,0,pscratch,pscratch-ffff9fd409727800,0,0,2490002008623,1622901774132,0,0,669386,0,0,0,0,0,0,0,0,0,0,0,0,0,0,0,0,0,0,0,0,0,0,0,0,683925,0,0,0
1744062162.001316,600003,21131156,0,nscratch,nscratch-ffff9fd41baaf800,0,0,1221834357847,69253664772,0,0,154515,0,0,0,0,0,0,0,0,0,0,0,0,0,0,0,0,0,0,0,0,0,0,0,0,112966,0,0,0
1744062162.001410,600003,21131156,0,pscratch,pscratch-ffff9fd409727800,0,0,2490002008623,1622901774132,0,0,669386,0,0,0,0,0,0,0,0,0,0,0,0,0,0,0,0,0,0,0,0,0,0,0,0,683925,0,0,0
1744062163.001964,600003,21131156,0,nscratch,nscratch-ffff9fd41baaf800,0,0,1221834357847,69253664772,0,0,154515,0,0,0,0,0,0,0,0,0,0,0,0,0,0,0,0,0,0,0,0,0,0,0,0,112966,0,0,0
1744062163.002045,600003,21131156,0,pscratch,pscratch-ffff9fd409727800,0,0,2490002008623,1622901774132,0,0,669386,0,0,0,0,0,0,0,0,0,0,0,0,0,0,0,0,0,0,0,0,0,0,0,0,683925,0,0,0
1744062164.001615,600003,21131156,0,nscratch,nscratch-ffff9fd41baaf800,0,0,1221834357847,69253664772,0,0,154515,0,0,0,0,0,0,0,0,0,0,0,0,0,0,0,0,0,0,0,0,0,0,0,0,112966,0,0,0
1744062164.001695,600003,21131156,0,pscratch,pscratch-ffff9fd409727800,0,0,2490002008623,1622901774132,0,0,669386,0,0,0,0,0,0,0,0,0,0,0,0,0,0,0,0,0,0,0,0,0,0,0,0,683925,0,0,0
1744062165.001869,600003,21131156,0,nscratch,nscratch-ffff9fd41baaf800,0,0,1221834357847,69253664772,0,0,154515,0,0,0,0,0,0,0,0,0,0,0,0,0,0,0,0,0,0,0,0,0,0,0,0,112966,0,0,0
1744062165.001950,600003,21131156,0,pscratch,pscratch-ffff9fd409727800,0,0,2490002008623,1622901774132,0,0,669386,0,0,0,0,0,0,0,0,0,0,0,0,0,0,0,0,0,0,0,0,0,0,0,0,683925,0,0,0
1744062166.001485,600003,21131156,0,nscratch,nscratch-ffff9fd41baaf800,0,0,1221834357847,69253664772,0,0,154515,0,0,0,0,0,0,0,0,0,0,0,0,0,0,0,0,0,0,0,0,0,0,0,0,112966,0,0,0
1744062166.001566,600003,21131156,0,pscratch,pscratch-ffff9fd409727800,0,0,2490002008623,1622901774132,0,0,669386,0,0,0,0,0,0,0,0,0,0,0,0,0,0,0,0,0,0,0,0,0,0,0,0,683925,0,0,0
1744062167.001963,600003,21131156,0,nscratch,nscratch-ffff9fd41baaf800,0,0,1221834357847,69253664772,0,0,154515,0,0,0,0,0,0,0,0,0,0,0,0,0,0,0,0,0,0,0,0,0,0,0,0,112966,0,0,0
1744062167.002043,600003,21131156,0,pscratch,pscratch-ffff9fd409727800,0,0,2490002008623,1622901774132,0,0,669386,0,0,0,0,0,0,0,0,0,0,0,0,0,0,0,0,0,0,0,0,0,0,0,0,683925,0,0,0
1744062168.001258,600003,21131156,0,nscratch,nscratch-ffff9fd41baaf800,0,0,1221834357847,69253664772,0,0,154515,0,0,0,0,0,0,0,0,0,0,0,0,0,0,0,0,0,0,0,0,0,0,0,0,112966,0,0,0
1744062168.001340,600003,21131156,0,pscratch,pscratch-ffff9fd409727800,0,0,2490002008623,1622901774132,0,0,669386,0,0,0,0,0,0,0,0,0,0,0,0,0,0,0,0,0,0,0,0,0,0,0,0,683925,0,0,0
1744062169.001793,600003,21131156,0,nscratch,nscratch-ffff9fd41baaf800,0,0,1221834357847,69253664772,0,0,154515,0,0,0,0,0,0,0,0,0,0,0,0,0,0,0,0,0,0,0,0,0,0,0,0,112966,0,0,0
1744062169.001874,600003,21131156,0,pscratch,pscratch-ffff9fd409727800,0,0,2490002008623,1622901774132,0,0,669386,0,0,0,0,0,0,0,0,0,0,0,0,0,0,0,0,0,0,0,0,0,0,0,0,683925,0,0,0
1744062170.002255,600003,21131156,0,nscratch,nscratch-ffff9fd41baaf800,0,0,1221834357847,69253664772,0,0,154515,0,0,0,0,0,0,0,0,0,0,0,0,0,0,0,0,0,0,0,0,0,0,0,0,112966,0,0,0
1744062170.002384,600003,21131156,0,pscratch,pscratch-ffff9fd409727800,0,0,2490002008623,1622901774132,0,0,669386,0,0,0,0,0,0,0,0,0,0,0,0,0,0,0,0,0,0,0,0,0,0,0,0,683925,0,0,0
1744062171.001681,600003,21131156,0,nscratch,nscratch-ffff9fd41baaf800,0,0,1221834357847,69253664772,0,0,154515,0,0,0,0,0,0,0,0,0,0,0,0,0,0,0,0,0,0,0,0,0,0,0,0,112966,0,0,0
1744062171.001832,600003,21131156,0,pscratch,pscratch-ffff9fd409727800,0,0,2490002008623,1622901774132,0,0,669386,0,0,0,0,0,0,0,0,0,0,0,0,0,0,0,0,0,0,0,0,0,0,0,0,683925,0,0,0
1744062172.002304,600003,21131156,0,nscratch,nscratch-ffff9fd41baaf800,0,0,1221834357847,69253664772,0,0,154515,0,0,0,0,0,0,0,0,0,0,0,0,0,0,0,0,0,0,0,0,0,0,0,0,112966,0,0,0
1744062172.002395,600003,21131156,0,pscratch,pscratch-ffff9fd409727800,0,0,2490002008623,1622901774132,0,0,669386,0,0,0,0,0,0,0,0,0,0,0,0,0,0,0,0,0,0,0,0,0,0,0,0,683925,0,0,0
1744062173.001723,600003,21131156,0,nscratch,nscratch-ffff9fd41baaf800,0,0,1221834357847,69253664772,0,0,154515,0,0,0,0,0,0,0,0,0,0,0,0,0,0,0,0,0,0,0,0,0,0,0,0,112966,0,0,0
1744062173.001802,600003,21131156,0,pscratch,pscratch-ffff9fd409727800,0,0,2490002008623,1622901774132,0,0,669386,0,0,0,0,0,0,0,0,0,0,0,0,0,0,0,0,0,0,0,0,0,0,0,0,683925,0,0,0
1744062174.001961,600003,21131156,0,nscratch,nscratch-ffff9fd41baaf800,0,0,1221834357847,69253664772,0,0,154515,0,0,0,0,0,0,0,0,0,0,0,0,0,0,0,0,0,0,0,0,0,0,0,0,112966,0,0,0
1744062174.002043,600003,21131156,0,pscratch,pscratch-ffff9fd409727800,0,0,2490002008623,1622901774132,0,0,669386,0,0,0,0,0,0,0,0,0,0,0,0,0,0,0,0,0,0,0,0,0,0,0,0,683925,0,0,0
1744062175.001472,600003,21131156,0,nscratch,nscratch-ffff9fd41baaf800,0,0,1221834357847,69253664772,0,0,154515,0,0,0,0,0,0,0,0,0,0,0,0,0,0,0,0,0,0,0,0,0,0,0,0,112966,0,0,0
1744062175.001553,600003,21131156,0,pscratch,pscratch-ffff9fd409727800,0,0,2490002008623,1622901774132,0,0,669386,0,0,0,0,0,0,0,0,0,0,0,0,0,0,0,0,0,0,0,0,0,0,0,0,683925,0,0,0
1744062176.001992,600003,21131156,0,nscratch,nscratch-ffff9fd41baaf800,0,0,1221834357847,69253664772,0,0,154515,0,0,0,0,0,0,0,0,0,0,0,0,0,0,0,0,0,0,0,0,0,0,0,0,112966,0,0,0
1744062176.002072,600003,21131156,0,pscratch,pscratch-ffff9fd409727800,0,0,2490002008623,1622901774132,0,0,669386,0,0,0,0,0,0,0,0,0,0,0,0,0,0,0,0,0,0,0,0,0,0,0,0,683925,0,0,0
1744062177.001346,600003,21131156,0,nscratch,nscratch-ffff9fd41baaf800,0,0,1221834357847,69253664772,0,0,154515,0,0,0,0,0,0,0,0,0,0,0,0,0,0,0,0,0,0,0,0,0,0,0,0,112966,0,0,0
1744062177.001441,600003,21131156,0,pscratch,pscratch-ffff9fd409727800,0,0,2490002008623,1622901774132,0,0,669386,0,0,0,0,0,0,0,0,0,0,0,0,0,0,0,0,0,0,0,0,0,0,0,0,683925,0,0,0
1744062178.001859,600003,21131156,0,nscratch,nscratch-ffff9fd41baaf800,0,0,1221834357847,69253664772,0,0,154515,0,0,0,0,0,0,0,0,0,0,0,0,0,0,0,0,0,0,0,0,0,0,0,0,112966,0,0,0
1744062178.001942,600003,21131156,0,pscratch,pscratch-ffff9fd409727800,0,0,2490002008623,1622901774132,0,0,669386,0,0,0,0,0,0,0,0,0,0,0,0,0,0,0,0,0,0,0,0,0,0,0,0,683925,0,0,0
1744062179.002498,600003,21131156,0,nscratch,nscratch-ffff9fd41baaf800,0,0,1221834357847,69253664772,0,0,154515,0,0,0,0,0,0,0,0,0,0,0,0,0,0,0,0,0,0,0,0,0,0,0,0,112966,0,0,0
1744062179.002580,600003,21131156,0,pscratch,pscratch-ffff9fd409727800,0,0,2490002008623,1622901774132,0,0,669386,0,0,0,0,0,0,0,0,0,0,0,0,0,0,0,0,0,0,0,0,0,0,0,0,683925,0,0,0
1744062180.001884,600003,21131156,0,nscratch,nscratch-ffff9fd41baaf800,0,0,1221834357847,69253664772,0,0,154515,0,0,0,0,0,0,0,0,0,0,0,0,0,0,0,0,0,0,0,0,0,0,0,0,112966,0,0,0
1744062180.002016,600003,21131156,0,pscratch,pscratch-ffff9fd409727800,0,0,2490002008623,1622901774132,0,0,669386,0,0,0,0,0,0,0,0,0,0,0,0,0,0,0,0,0,0,0,0,0,0,0,0,683925,0,0,0
1744062181.001781,600003,21131156,0,nscratch,nscratch-ffff9fd41baaf800,0,0,1221834357847,69253664772,0,0,154515,0,0,0,0,0,0,0,0,0,0,0,0,0,0,0,0,0,0,0,0,0,0,0,0,112966,0,0,0
1744062181.001863,600003,21131156,0,pscratch,pscratch-ffff9fd409727800,0,0,2490002008623,1622901774132,0,0,669386,0,0,0,0,0,0,0,0,0,0,0,0,0,0,0,0,0,0,0,0,0,0,0,0,683925,0,0,0
1744062182.002327,600003,21131156,0,nscratch,nscratch-ffff9fd41baaf800,0,0,1221834357847,69253664772,0,0,154515,0,0,0,0,0,0,0,0,0,0,0,0,0,0,0,0,0,0,0,0,0,0,0,0,112966,0,0,0
1744062182.002416,600003,21131156,0,pscratch,pscratch-ffff9fd409727800,0,0,2490002008623,1622901774132,0,0,669386,0,0,0,0,0,0,0,0,0,0,0,0,0,0,0,0,0,0,0,0,0,0,0,0,683925,0,0,0
1744062183.001628,600003,21131156,0,nscratch,nscratch-ffff9fd41baaf800,0,0,1221834357847,69253664772,0,0,154515,0,0,0,0,0,0,0,0,0,0,0,0,0,0,0,0,0,0,0,0,0,0,0,0,112966,0,0,0
1744062183.001709,600003,21131156,0,pscratch,pscratch-ffff9fd409727800,0,0,2490002008623,1622901774132,0,0,669386,0,0,0,0,0,0,0,0,0,0,0,0,0,0,0,0,0,0,0,0,0,0,0,0,683925,0,0,0
1744062184.002179,600003,21131156,0,nscratch,nscratch-ffff9fd41baaf800,0,0,1221834357847,69253664772,0,0,154515,0,0,0,0,0,0,0,0,0,0,0,0,0,0,0,0,0,0,0,0,0,0,0,0,112966,0,0,0
1744062184.002260,600003,21131156,0,pscratch,pscratch-ffff9fd409727800,0,0,2490002008623,1622901774132,0,0,669386,0,0,0,0,0,0,0,0,0,0,0,0,0,0,0,0,0,0,0,0,0,0,0,0,683925,0,0,0
1744062185.001602,600003,21131156,0,nscratch,nscratch-ffff9fd41baaf800,0,0,1221834357847,69253664772,0,0,154515,0,0,0,0,0,0,0,0,0,0,0,0,0,0,0,0,0,0,0,0,0,0,0,0,112966,0,0,0
1744062185.001682,600003,21131156,0,pscratch,pscratch-ffff9fd409727800,0,0,2490002008623,1622901774132,0,0,669386,0,0,0,0,0,0,0,0,0,0,0,0,0,0,0,0,0,0,0,0,0,0,0,0,683925,0,0,0
1744062186.001977,600003,21131156,0,nscratch,nscratch-ffff9fd41baaf800,0,0,1221834357847,69253664772,0,0,154515,0,0,0,0,0,0,0,0,0,0,0,0,0,0,0,0,0,0,0,0,0,0,0,0,112966,0,0,0
1744062186.002155,600003,21131156,0,pscratch,pscratch-ffff9fd409727800,0,0,2490002008623,1622901774132,0,0,669386,0,0,0,0,0,0,0,0,0,0,0,0,0,0,0,0,0,0,0,0,0,0,0,0,683925,0,0,0
1744062187.001634,600003,21131156,0,nscratch,nscratch-ffff9fd41baaf800,0,0,1221834357847,69253664772,0,0,154515,0,0,0,0,0,0,0,0,0,0,0,0,0,0,0,0,0,0,0,0,0,0,0,0,112966,0,0,0
1744062187.001715,600003,21131156,0,pscratch,pscratch-ffff9fd409727800,0,0,2490002008623,1622901774132,0,0,669386,0,0,0,0,0,0,0,0,0,0,0,0,0,0,0,0,0,0,0,0,0,0,0,0,683925,0,0,0
1744062188.002217,600003,21131156,0,nscratch,nscratch-ffff9fd41baaf800,0,0,1221834357847,69253664772,0,0,154515,0,0,0,0,0,0,0,0,0,0,0,0,0,0,0,0,0,0,0,0,0,0,0,0,112966,0,0,0
1744062188.002297,600003,21131156,0,pscratch,pscratch-ffff9fd409727800,0,0,2490002008623,1622901774132,0,0,669386,0,0,0,0,0,0,0,0,0,0,0,0,0,0,0,0,0,0,0,0,0,0,0,0,683925,0,0,0
1744062189.001532,600003,21131156,0,nscratch,nscratch-ffff9fd41baaf800,0,0,1221834357847,69253664772,0,0,154515,0,0,0,0,0,0,0,0,0,0,0,0,0,0,0,0,0,0,0,0,0,0,0,0,112966,0,0,0
1744062189.001614,600003,21131156,0,pscratch,pscratch-ffff9fd409727800,0,0,2490002008623,1622901774132,0,0,669386,0,0,0,0,0,0,0,0,0,0,0,0,0,0,0,0,0,0,0,0,0,0,0,0,683925,0,0,0
1744062190.002363,600003,21131156,0,nscratch,nscratch-ffff9fd41baaf800,0,0,1221834357847,69253664772,0,0,154515,0,0,0,0,0,0,0,0,0,0,0,0,0,0,0,0,0,0,0,0,0,0,0,0,112966,0,0,0
1744062190.002572,600003,21131156,0,pscratch,pscratch-ffff9fd409727800,0,0,2490002008623,1622901774132,0,0,669386,0,0,0,0,0,0,0,0,0,0,0,0,0,0,0,0,0,0,0,0,0,0,0,0,683925,0,0,0
1744062191.002024,600003,21131156,0,nscratch,nscratch-ffff9fd41baaf800,0,0,1221834357847,69253664772,0,0,154515,0,0,0,0,0,0,0,0,0,0,0,0,0,0,0,0,0,0,0,0,0,0,0,0,112966,0,0,0
1744062191.002104,600003,21131156,0,pscratch,pscratch-ffff9fd409727800,0,0,2490002008623,1622901774132,0,0,669386,0,0,0,0,0,0,0,0,0,0,0,0,0,0,0,0,0,0,0,0,0,0,0,0,683925,0,0,0
1744062192.001418,600003,21131156,0,nscratch,nscratch-ffff9fd41baaf800,0,0,1221834357847,69253664772,0,0,154515,0,0,0,0,0,0,0,0,0,0,0,0,0,0,0,0,0,0,0,0,0,0,0,0,112966,0,0,0
1744062192.001533,600003,21131156,0,pscratch,pscratch-ffff9fd409727800,0,0,2490002008623,1622901774132,0,0,669386,0,0,0,0,0,0,0,0,0,0,0,0,0,0,0,0,0,0,0,0,0,0,0,0,683925,0,0,0
1744062193.002100,600003,21131156,0,nscratch,nscratch-ffff9fd41baaf800,0,0,1221834357847,69253664772,0,0,154515,0,0,0,0,0,0,0,0,0,0,0,0,0,0,0,0,0,0,0,0,0,0,0,0,112966,0,0,0
1744062193.002180,600003,21131156,0,pscratch,pscratch-ffff9fd409727800,0,0,2490002008623,1622901774132,0,0,669386,0,0,0,0,0,0,0,0,0,0,0,0,0,0,0,0,0,0,0,0,0,0,0,0,683925,0,0,0
1744062194.001494,600003,21131156,0,nscratch,nscratch-ffff9fd41baaf800,0,0,1221834357847,69253664772,0,0,154515,0,0,0,0,0,0,0,0,0,0,0,0,0,0,0,0,0,0,0,0,0,0,0,0,112966,0,0,0
1744062194.001574,600003,21131156,0,pscratch,pscratch-ffff9fd409727800,0,0,2490002008623,1622901774132,0,0,669386,0,0,0,0,0,0,0,0,0,0,0,0,0,0,0,0,0,0,0,0,0,0,0,0,683925,0,0,0
1744062195.002241,600003,21131156,0,nscratch,nscratch-ffff9fd41baaf800,0,0,1221834357847,69253664772,0,0,154515,0,0,0,0,0,0,0,0,0,0,0,0,0,0,0,0,0,0,0,0,0,0,0,0,112966,0,0,0
1744062195.002401,600003,21131156,0,pscratch,pscratch-ffff9fd409727800,0,0,2490002008623,1622901774132,0,0,669386,0,0,0,0,0,0,0,0,0,0,0,0,0,0,0,0,0,0,0,0,0,0,0,0,683925,0,0,0
1744062196.001794,600003,21131156,0,nscratch,nscratch-ffff9fd41baaf800,0,0,1221834357847,69253664772,0,0,154515,0,0,0,0,0,0,0,0,0,0,0,0,0,0,0,0,0,0,0,0,0,0,0,0,112966,0,0,0
1744062196.001875,600003,21131156,0,pscratch,pscratch-ffff9fd409727800,0,0,2490002008623,1622901774132,0,0,669386,0,0,0,0,0,0,0,0,0,0,0,0,0,0,0,0,0,0,0,0,0,0,0,0,683925,0,0,0
1744062197.002241,600003,21131156,0,nscratch,nscratch-ffff9fd41baaf800,0,0,1221834357847,69253664772,0,0,154515,0,0,0,0,0,0,0,0,0,0,0,0,0,0,0,0,0,0,0,0,0,0,0,0,112966,0,0,0
1744062197.002321,600003,21131156,0,pscratch,pscratch-ffff9fd409727800,0,0,2490002008623,1622901774132,0,0,669386,0,0,0,0,0,0,0,0,0,0,0,0,0,0,0,0,0,0,0,0,0,0,0,0,683925,0,0,0
1744062198.001504,600003,21131156,0,nscratch,nscratch-ffff9fd41baaf800,0,0,1221834357847,69253664772,0,0,154515,0,0,0,0,0,0,0,0,0,0,0,0,0,0,0,0,0,0,0,0,0,0,0,0,112966,0,0,0
1744062198.001584,600003,21131156,0,pscratch,pscratch-ffff9fd409727800,0,0,2490002008623,1622901774132,0,0,669386,0,0,0,0,0,0,0,0,0,0,0,0,0,0,0,0,0,0,0,0,0,0,0,0,683925,0,0,0
1744062199.002176,600003,21131156,0,nscratch,nscratch-ffff9fd41baaf800,0,0,1221834357847,69253664772,0,0,154515,0,0,0,0,0,0,0,0,0,0,0,0,0,0,0,0,0,0,0,0,0,0,0,0,112966,0,0,0
1744062199.002256,600003,21131156,0,pscratch,pscratch-ffff9fd409727800,0,0,2490002008623,1622901774132,0,0,669386,0,0,0,0,0,0,0,0,0,0,0,0,0,0,0,0,0,0,0,0,0,0,0,0,683925,0,0,0
1744062200.001893,600003,21131156,0,nscratch,nscratch-ffff9fd41baaf800,0,0,1221834357847,69253664772,0,0,154515,0,0,0,0,0,0,0,0,0,0,0,0,0,0,0,0,0,0,0,0,0,0,0,0,112966,0,0,0
1744062200.002068,600003,21131156,0,pscratch,pscratch-ffff9fd409727800,0,0,2490002008623,1622901774132,0,0,669386,0,0,0,0,0,0,0,0,0,0,0,0,0,0,0,0,0,0,0,0,0,0,0,0,683925,0,0,0
1744062201.001366,600003,21131156,0,nscratch,nscratch-ffff9fd41baaf800,0,0,1221834357847,69253664772,0,0,154515,0,0,0,0,0,0,0,0,0,0,0,0,0,0,0,0,0,0,0,0,0,0,0,0,112966,0,0,0
1744062201.001566,600003,21131156,0,pscratch,pscratch-ffff9fd409727800,0,0,2490002008623,1622901774132,0,0,669386,0,0,0,0,0,0,0,0,0,0,0,0,0,0,0,0,0,0,0,0,0,0,0,0,683925,0,0,0
1744062202.002194,600003,21131156,0,nscratch,nscratch-ffff9fd41baaf800,0,0,1221834357847,69253664772,0,0,154515,0,0,0,0,0,0,0,0,0,0,0,0,0,0,0,0,0,0,0,0,0,0,0,0,112966,0,0,0
1744062202.002275,600003,21131156,0,pscratch,pscratch-ffff9fd409727800,0,0,2490002008623,1622901774132,0,0,669386,0,0,0,0,0,0,0,0,0,0,0,0,0,0,0,0,0,0,0,0,0,0,0,0,683925,0,0,0
1744062203.001592,600003,21131156,0,nscratch,nscratch-ffff9fd41baaf800,0,0,1221834357847,69253664772,0,0,154515,0,0,0,0,0,0,0,0,0,0,0,0,0,0,0,0,0,0,0,0,0,0,0,0,112966,0,0,0
1744062203.001673,600003,21131156,0,pscratch,pscratch-ffff9fd409727800,0,0,2490002008623,1622901774132,0,0,669386,0,0,0,0,0,0,0,0,0,0,0,0,0,0,0,0,0,0,0,0,0,0,0,0,683925,0,0,0
1744062204.001968,600003,21131156,0,nscratch,nscratch-ffff9fd41baaf800,0,0,1221834357847,69253664772,0,0,154515,0,0,0,0,0,0,0,0,0,0,0,0,0,0,0,0,0,0,0,0,0,0,0,0,112966,0,0,0
1744062204.002103,600003,21131156,0,pscratch,pscratch-ffff9fd409727800,0,0,2490002008623,1622901774132,0,0,669386,0,0,0,0,0,0,0,0,0,0,0,0,0,0,0,0,0,0,0,0,0,0,0,0,683925,0,0,0
1744062205.001672,600003,21131156,0,nscratch,nscratch-ffff9fd41baaf800,0,0,1221834357847,69253664772,0,0,154515,0,0,0,0,0,0,0,0,0,0,0,0,0,0,0,0,0,0,0,0,0,0,0,0,112966,0,0,0
1744062205.001753,600003,21131156,0,pscratch,pscratch-ffff9fd409727800,0,0,2490002008623,1622901774132,0,0,669386,0,0,0,0,0,0,0,0,0,0,0,0,0,0,0,0,0,0,0,0,0,0,0,0,683925,0,0,0
1744062206.002190,600003,21131156,0,nscratch,nscratch-ffff9fd41baaf800,0,0,1221834357847,69253664772,0,0,154515,0,0,0,0,0,0,0,0,0,0,0,0,0,0,0,0,0,0,0,0,0,0,0,0,112966,0,0,0
1744062206.002270,600003,21131156,0,pscratch,pscratch-ffff9fd409727800,0,0,2490002008623,1622901774132,0,0,669386,0,0,0,0,0,0,0,0,0,0,0,0,0,0,0,0,0,0,0,0,0,0,0,0,683925,0,0,0
1744062207.001509,600003,21131156,0,nscratch,nscratch-ffff9fd41baaf800,0,0,1221834357847,69253664772,0,0,154515,0,0,0,0,0,0,0,0,0,0,0,0,0,0,0,0,0,0,0,0,0,0,0,0,112966,0,0,0
1744062207.001591,600003,21131156,0,pscratch,pscratch-ffff9fd409727800,0,0,2490002008623,1622901774132,0,0,669386,0,0,0,0,0,0,0,0,0,0,0,0,0,0,0,0,0,0,0,0,0,0,0,0,683925,0,0,0
1744062208.002018,600003,21131156,0,nscratch,nscratch-ffff9fd41baaf800,0,0,1221834357847,69253664772,0,0,154515,0,0,0,0,0,0,0,0,0,0,0,0,0,0,0,0,0,0,0,0,0,0,0,0,112966,0,0,0
1744062208.002099,600003,21131156,0,pscratch,pscratch-ffff9fd409727800,0,0,2490002008623,1622901774132,0,0,669386,0,0,0,0,0,0,0,0,0,0,0,0,0,0,0,0,0,0,0,0,0,0,0,0,683925,0,0,0
1744062209.001606,600003,21131156,0,nscratch,nscratch-ffff9fd41baaf800,0,0,1221834357847,69253664772,0,0,154515,0,0,0,0,0,0,0,0,0,0,0,0,0,0,0,0,0,0,0,0,0,0,0,0,112966,0,0,0
1744062209.001686,600003,21131156,0,pscratch,pscratch-ffff9fd409727800,0,0,2490002008623,1622901774132,0,0,669386,0,0,0,0,0,0,0,0,0,0,0,0,0,0,0,0,0,0,0,0,0,0,0,0,683925,0,0,0
1744062210.001842,600003,21131156,0,nscratch,nscratch-ffff9fd41baaf800,0,0,1221834357847,69253664772,0,0,154515,0,0,0,0,0,0,0,0,0,0,0,0,0,0,0,0,0,0,0,0,0,0,0,0,112966,0,0,0
1744062210.001923,600003,21131156,0,pscratch,pscratch-ffff9fd409727800,0,0,2490002008623,1622901774132,0,0,669386,0,0,0,0,0,0,0,0,0,0,0,0,0,0,0,0,0,0,0,0,0,0,0,0,683925,0,0,0
1744062211.001508,600003,21131156,0,nscratch,nscratch-ffff9fd41baaf800,0,0,1221834357847,69253664772,0,0,154515,0,0,0,0,0,0,0,0,0,0,0,0,0,0,0,0,0,0,0,0,0,0,0,0,112966,0,0,0
1744062211.001609,600003,21131156,0,pscratch,pscratch-ffff9fd409727800,0,0,2490002008623,1622901774132,0,0,669386,0,0,0,0,0,0,0,0,0,0,0,0,0,0,0,0,0,0,0,0,0,0,0,0,683925,0,0,0
1744062212.001935,600003,21131156,0,nscratch,nscratch-ffff9fd41baaf800,0,0,1221834357847,69253664772,0,0,154515,0,0,0,0,0,0,0,0,0,0,0,0,0,0,0,0,0,0,0,0,0,0,0,0,112966,0,0,0
1744062212.002014,600003,21131156,0,pscratch,pscratch-ffff9fd409727800,0,0,2490002008623,1622901774132,0,0,669386,0,0,0,0,0,0,0,0,0,0,0,0,0,0,0,0,0,0,0,0,0,0,0,0,683925,0,0,0
1744062213.001306,600003,21131156,0,nscratch,nscratch-ffff9fd41baaf800,0,0,1221834357847,69253664772,0,0,154515,0,0,0,0,0,0,0,0,0,0,0,0,0,0,0,0,0,0,0,0,0,0,0,0,112966,0,0,0
1744062213.001400,600003,21131156,0,pscratch,pscratch-ffff9fd409727800,0,0,2490002008623,1622901774132,0,0,669386,0,0,0,0,0,0,0,0,0,0,0,0,0,0,0,0,0,0,0,0,0,0,0,0,683925,0,0,0
1744062214.002011,600003,21131156,0,nscratch,nscratch-ffff9fd41baaf800,0,0,1221834357847,69253664772,0,0,154515,0,0,0,0,0,0,0,0,0,0,0,0,0,0,0,0,0,0,0,0,0,0,0,0,112966,0,0,0
1744062214.002093,600003,21131156,0,pscratch,pscratch-ffff9fd409727800,0,0,2490002008623,1622901774132,0,0,669386,0,0,0,0,0,0,0,0,0,0,0,0,0,0,0,0,0,0,0,0,0,0,0,0,683925,0,0,0
1744062215.001598,600003,21131156,0,nscratch,nscratch-ffff9fd41baaf800,0,0,1221834357847,69253664772,0,0,154515,0,0,0,0,0,0,0,0,0,0,0,0,0,0,0,0,0,0,0,0,0,0,0,0,112966,0,0,0
1744062215.001678,600003,21131156,0,pscratch,pscratch-ffff9fd409727800,0,0,2490002008623,1622901774132,0,0,669386,0,0,0,0,0,0,0,0,0,0,0,0,0,0,0,0,0,0,0,0,0,0,0,0,683925,0,0,0
1744062216.001833,600003,21131156,0,nscratch,nscratch-ffff9fd41baaf800,0,0,1221834357847,69253664772,0,0,154515,0,0,0,0,0,0,0,0,0,0,0,0,0,0,0,0,0,0,0,0,0,0,0,0,112966,0,0,0
1744062216.001914,600003,21131156,0,pscratch,pscratch-ffff9fd409727800,0,0,2490002008623,1622901774132,0,0,669386,0,0,0,0,0,0,0,0,0,0,0,0,0,0,0,0,0,0,0,0,0,0,0,0,683925,0,0,0
1744062217.001355,600003,21131156,0,nscratch,nscratch-ffff9fd41baaf800,0,0,1221834357847,69253664772,0,0,154515,0,0,0,0,0,0,0,0,0,0,0,0,0,0,0,0,0,0,0,0,0,0,0,0,112966,0,0,0
1744062217.001446,600003,21131156,0,pscratch,pscratch-ffff9fd409727800,0,0,2490002008623,1622901774132,0,0,669386,0,0,0,0,0,0,0,0,0,0,0,0,0,0,0,0,0,0,0,0,0,0,0,0,683925,0,0,0
1744062218.001936,600003,21131156,0,nscratch,nscratch-ffff9fd41baaf800,0,0,1221834357847,69253664772,0,0,154515,0,0,0,0,0,0,0,0,0,0,0,0,0,0,0,0,0,0,0,0,0,0,0,0,112966,0,0,0
1744062218.002016,600003,21131156,0,pscratch,pscratch-ffff9fd409727800,0,0,2490002008623,1622901774132,0,0,669386,0,0,0,0,0,0,0,0,0,0,0,0,0,0,0,0,0,0,0,0,0,0,0,0,683925,0,0,0
1744062219.001274,600003,21131156,0,nscratch,nscratch-ffff9fd41baaf800,0,0,1221834357847,69253664772,0,0,154515,0,0,0,0,0,0,0,0,0,0,0,0,0,0,0,0,0,0,0,0,0,0,0,0,112966,0,0,0
1744062219.001354,600003,21131156,0,pscratch,pscratch-ffff9fd409727800,0,0,2490002008623,1622901774132,0,0,669386,0,0,0,0,0,0,0,0,0,0,0,0,0,0,0,0,0,0,0,0,0,0,0,0,683925,0,0,0
1744062220.002019,600003,21131156,0,nscratch,nscratch-ffff9fd41baaf800,0,0,1221834357847,69253664772,0,0,154515,0,0,0,0,0,0,0,0,0,0,0,0,0,0,0,0,0,0,0,0,0,0,0,0,112966,0,0,0
1744062220.002179,600003,21131156,0,pscratch,pscratch-ffff9fd409727800,0,0,2490002008623,1622901774132,0,0,669386,0,0,0,0,0,0,0,0,0,0,0,0,0,0,0,0,0,0,0,0,0,0,0,0,683925,0,0,0
1744062221.001517,600003,21131156,0,nscratch,nscratch-ffff9fd41baaf800,0,0,1221834357847,69253664772,0,0,154515,0,0,0,0,0,0,0,0,0,0,0,0,0,0,0,0,0,0,0,0,0,0,0,0,112966,0,0,0
1744062221.001598,600003,21131156,0,pscratch,pscratch-ffff9fd409727800,0,0,2490002008623,1622901774132,0,0,669386,0,0,0,0,0,0,0,0,0,0,0,0,0,0,0,0,0,0,0,0,0,0,0,0,683925,0,0,0
1744062222.001896,600003,21131156,0,nscratch,nscratch-ffff9fd41baaf800,0,0,1221834357847,69253664772,0,0,154515,0,0,0,0,0,0,0,0,0,0,0,0,0,0,0,0,0,0,0,0,0,0,0,0,112966,0,0,0
1744062222.002078,600003,21131156,0,pscratch,pscratch-ffff9fd409727800,0,0,2490002008623,1622901774132,0,0,669386,0,0,0,0,0,0,0,0,0,0,0,0,0,0,0,0,0,0,0,0,0,0,0,0,683925,0,0,0
1744062223.001554,600003,21131156,0,nscratch,nscratch-ffff9fd41baaf800,0,0,1221834357847,69253664772,0,0,154515,0,0,0,0,0,0,0,0,0,0,0,0,0,0,0,0,0,0,0,0,0,0,0,0,112966,0,0,0
1744062223.001637,600003,21131156,0,pscratch,pscratch-ffff9fd409727800,0,0,2490002008623,1622901774132,0,0,669386,0,0,0,0,0,0,0,0,0,0,0,0,0,0,0,0,0,0,0,0,0,0,0,0,683925,0,0,0
1744062224.001932,600003,21131156,0,nscratch,nscratch-ffff9fd41baaf800,0,0,1221834357847,69253664772,0,0,154515,0,0,0,0,0,0,0,0,0,0,0,0,0,0,0,0,0,0,0,0,0,0,0,0,112966,0,0,0
1744062224.002012,600003,21131156,0,pscratch,pscratch-ffff9fd409727800,0,0,2490002008623,1622901774132,0,0,669386,0,0,0,0,0,0,0,0,0,0,0,0,0,0,0,0,0,0,0,0,0,0,0,0,683925,0,0,0
1744062225.001218,600003,21131156,0,nscratch,nscratch-ffff9fd41baaf800,0,0,1221834357847,69253664772,0,0,154515,0,0,0,0,0,0,0,0,0,0,0,0,0,0,0,0,0,0,0,0,0,0,0,0,112966,0,0,0
1744062225.001299,600003,21131156,0,pscratch,pscratch-ffff9fd409727800,0,0,2490002008623,1622901774132,0,0,669386,0,0,0,0,0,0,0,0,0,0,0,0,0,0,0,0,0,0,0,0,0,0,0,0,683925,0,0,0
1744062226.001880,600003,21131156,0,nscratch,nscratch-ffff9fd41baaf800,0,0,1221834357847,69253664772,0,0,154515,0,0,0,0,0,0,0,0,0,0,0,0,0,0,0,0,0,0,0,0,0,0,0,0,112966,0,0,0
1744062226.001960,600003,21131156,0,pscratch,pscratch-ffff9fd409727800,0,0,2490002008623,1622901774132,0,0,669386,0,0,0,0,0,0,0,0,0,0,0,0,0,0,0,0,0,0,0,0,0,0,0,0,683925,0,0,0
1744062227.002443,600003,21131156,0,nscratch,nscratch-ffff9fd41baaf800,0,0,1221834357847,69253664772,0,0,154515,0,0,0,0,0,0,0,0,0,0,0,0,0,0,0,0,0,0,0,0,0,0,0,0,112966,0,0,0
1744062227.002524,600003,21131156,0,pscratch,pscratch-ffff9fd409727800,0,0,2490002008623,1622901774132,0,0,669386,0,0,0,0,0,0,0,0,0,0,0,0,0,0,0,0,0,0,0,0,0,0,0,0,683925,0,0,0
1744062228.001680,600003,21131156,0,nscratch,nscratch-ffff9fd41baaf800,0,0,1221834357847,69253664772,0,0,154515,0,0,0,0,0,0,0,0,0,0,0,0,0,0,0,0,0,0,0,0,0,0,0,0,112966,0,0,0
1744062228.001761,600003,21131156,0,pscratch,pscratch-ffff9fd409727800,0,0,2490002008623,1622901774132,0,0,669386,0,0,0,0,0,0,0,0,0,0,0,0,0,0,0,0,0,0,0,0,0,0,0,0,683925,0,0,0
1744062229.002439,600003,21131156,0,nscratch,nscratch-ffff9fd41baaf800,0,0,1221834357847,69253664772,0,0,154515,0,0,0,0,0,0,0,0,0,0,0,0,0,0,0,0,0,0,0,0,0,0,0,0,112966,0,0,0
1744062229.002522,600003,21131156,0,pscratch,pscratch-ffff9fd409727800,0,0,2490002008623,1622901774132,0,0,669386,0,0,0,0,0,0,0,0,0,0,0,0,0,0,0,0,0,0,0,0,0,0,0,0,683925,0,0,0
1744062230.001998,600003,21131156,0,nscratch,nscratch-ffff9fd41baaf800,0,0,1221834357847,69253664772,0,0,154515,0,0,0,0,0,0,0,0,0,0,0,0,0,0,0,0,0,0,0,0,0,0,0,0,112966,0,0,0
1744062230.002092,600003,21131156,0,pscratch,pscratch-ffff9fd409727800,0,0,2490002008623,1622901774132,0,0,669386,0,0,0,0,0,0,0,0,0,0,0,0,0,0,0,0,0,0,0,0,0,0,0,0,683925,0,0,0
1744062231.001369,600003,21131156,0,nscratch,nscratch-ffff9fd41baaf800,0,0,1221834357847,69253664772,0,0,154515,0,0,0,0,0,0,0,0,0,0,0,0,0,0,0,0,0,0,0,0,0,0,0,0,112966,0,0,0
1744062231.001463,600003,21131156,0,pscratch,pscratch-ffff9fd409727800,0,0,2490002008623,1622901774132,0,0,669386,0,0,0,0,0,0,0,0,0,0,0,0,0,0,0,0,0,0,0,0,0,0,0,0,683925,0,0,0
1744062232.001896,600003,21131156,0,nscratch,nscratch-ffff9fd41baaf800,0,0,1221834357847,69253664772,0,0,154515,0,0,0,0,0,0,0,0,0,0,0,0,0,0,0,0,0,0,0,0,0,0,0,0,112966,0,0,0
1744062232.001977,600003,21131156,0,pscratch,pscratch-ffff9fd409727800,0,0,2490002008623,1622901774132,0,0,669386,0,0,0,0,0,0,0,0,0,0,0,0,0,0,0,0,0,0,0,0,0,0,0,0,683925,0,0,0
1744062233.002450,600003,21131156,0,nscratch,nscratch-ffff9fd41baaf800,0,0,1221834357847,69253664772,0,0,154515,0,0,0,0,0,0,0,0,0,0,0,0,0,0,0,0,0,0,0,0,0,0,0,0,112966,0,0,0
1744062233.002532,600003,21131156,0,pscratch,pscratch-ffff9fd409727800,0,0,2490002008623,1622901774132,0,0,669386,0,0,0,0,0,0,0,0,0,0,0,0,0,0,0,0,0,0,0,0,0,0,0,0,683925,0,0,0
1744062234.001695,600003,21131156,0,nscratch,nscratch-ffff9fd41baaf800,0,0,1221834357847,69253664772,0,0,154515,0,0,0,0,0,0,0,0,0,0,0,0,0,0,0,0,0,0,0,0,0,0,0,0,112966,0,0,0
1744062234.001776,600003,21131156,0,pscratch,pscratch-ffff9fd409727800,0,0,2490002008623,1622901774132,0,0,669386,0,0,0,0,0,0,0,0,0,0,0,0,0,0,0,0,0,0,0,0,0,0,0,0,683925,0,0,0
1744062235.002319,600003,21131156,0,nscratch,nscratch-ffff9fd41baaf800,0,0,1221834357847,69253664772,0,0,154515,0,0,0,0,0,0,0,0,0,0,0,0,0,0,0,0,0,0,0,0,0,0,0,0,112966,0,0,0
1744062235.002433,600003,21131156,0,pscratch,pscratch-ffff9fd409727800,0,0,2490002008623,1622901774132,0,0,669386,0,0,0,0,0,0,0,0,0,0,0,0,0,0,0,0,0,0,0,0,0,0,0,0,683925,0,0,0
1744062236.001732,600003,21131156,0,nscratch,nscratch-ffff9fd41baaf800,0,0,1221834357847,69253664772,0,0,154515,0,0,0,0,0,0,0,0,0,0,0,0,0,0,0,0,0,0,0,0,0,0,0,0,112966,0,0,0
1744062236.001811,600003,21131156,0,pscratch,pscratch-ffff9fd409727800,0,0,2490002008623,1622901774132,0,0,669386,0,0,0,0,0,0,0,0,0,0,0,0,0,0,0,0,0,0,0,0,0,0,0,0,683925,0,0,0
1744062237.002104,600003,21131156,0,nscratch,nscratch-ffff9fd41baaf800,0,0,1221834357847,69253664772,0,0,154515,0,0,0,0,0,0,0,0,0,0,0,0,0,0,0,0,0,0,0,0,0,0,0,0,112966,0,0,0
1744062237.002234,600003,21131156,0,pscratch,pscratch-ffff9fd409727800,0,0,2490002008623,1622901774132,0,0,669386,0,0,0,0,0,0,0,0,0,0,0,0,0,0,0,0,0,0,0,0,0,0,0,0,683925,0,0,0
1744062238.001678,600003,21131156,0,nscratch,nscratch-ffff9fd41baaf800,0,0,1221834357847,69253664772,0,0,154515,0,0,0,0,0,0,0,0,0,0,0,0,0,0,0,0,0,0,0,0,0,0,0,0,112966,0,0,0
1744062238.001761,600003,21131156,0,pscratch,pscratch-ffff9fd409727800,0,0,2490002008623,1622901774132,0,0,669386,0,0,0,0,0,0,0,0,0,0,0,0,0,0,0,0,0,0,0,0,0,0,0,0,683925,0,0,0
1744062239.002291,600003,21131156,0,nscratch,nscratch-ffff9fd41baaf800,0,0,1221834357847,69253664772,0,0,154515,0,0,0,0,0,0,0,0,0,0,0,0,0,0,0,0,0,0,0,0,0,0,0,0,112966,0,0,0
1744062239.002383,600003,21131156,0,pscratch,pscratch-ffff9fd409727800,0,0,2490002008623,1622901774132,0,0,669386,0,0,0,0,0,0,0,0,0,0,0,0,0,0,0,0,0,0,0,0,0,0,0,0,683925,0,0,0
1744062240.001699,600003,21131156,0,nscratch,nscratch-ffff9fd41baaf800,0,0,1221834357847,69253664772,0,0,154515,0,0,0,0,0,0,0,0,0,0,0,0,0,0,0,0,0,0,0,0,0,0,0,0,112966,0,0,0
1744062240.001849,600003,21131156,0,pscratch,pscratch-ffff9fd409727800,0,0,2490002008623,1622901774132,0,0,669386,0,0,0,0,0,0,0,0,0,0,0,0,0,0,0,0,0,0,0,0,0,0,0,0,683925,0,0,0
1744062241.001541,600003,21131156,0,nscratch,nscratch-ffff9fd41baaf800,0,0,1221834357847,69253664772,0,0,154515,0,0,0,0,0,0,0,0,0,0,0,0,0,0,0,0,0,0,0,0,0,0,0,0,112966,0,0,0
1744062241.001622,600003,21131156,0,pscratch,pscratch-ffff9fd409727800,0,0,2490002008623,1622901774132,0,0,669386,0,0,0,0,0,0,0,0,0,0,0,0,0,0,0,0,0,0,0,0,0,0,0,0,683925,0,0,0
1744062242.001946,600003,21131156,0,nscratch,nscratch-ffff9fd41baaf800,0,0,1221834357847,69253664772,0,0,154515,0,0,0,0,0,0,0,0,0,0,0,0,0,0,0,0,0,0,0,0,0,0,0,0,112966,0,0,0
1744062242.002027,600003,21131156,0,pscratch,pscratch-ffff9fd409727800,0,0,2490002008623,1622901774132,0,0,669386,0,0,0,0,0,0,0,0,0,0,0,0,0,0,0,0,0,0,0,0,0,0,0,0,683925,0,0,0
1744062243.001242,600003,21131156,0,nscratch,nscratch-ffff9fd41baaf800,0,0,1221834357847,69253664772,0,0,154515,0,0,0,0,0,0,0,0,0,0,0,0,0,0,0,0,0,0,0,0,0,0,0,0,112966,0,0,0
1744062243.001323,600003,21131156,0,pscratch,pscratch-ffff9fd409727800,0,0,2490002008623,1622901774132,0,0,669386,0,0,0,0,0,0,0,0,0,0,0,0,0,0,0,0,0,0,0,0,0,0,0,0,683925,0,0,0
1744062244.001760,600003,21131156,0,nscratch,nscratch-ffff9fd41baaf800,0,0,1221834357847,69253664772,0,0,154515,0,0,0,0,0,0,0,0,0,0,0,0,0,0,0,0,0,0,0,0,0,0,0,0,112966,0,0,0
1744062244.001841,600003,21131156,0,pscratch,pscratch-ffff9fd409727800,0,0,2490002008623,1622901774132,0,0,669386,0,0,0,0,0,0,0,0,0,0,0,0,0,0,0,0,0,0,0,0,0,0,0,0,683925,0,0,0
1744062245.002240,600003,21131156,0,nscratch,nscratch-ffff9fd41baaf800,0,0,1221834357847,69253664772,0,0,154515,0,0,0,0,0,0,0,0,0,0,0,0,0,0,0,0,0,0,0,0,0,0,0,0,112966,0,0,0
1744062245.002319,600003,21131156,0,pscratch,pscratch-ffff9fd409727800,0,0,2490002008623,1622901774132,0,0,669386,0,0,0,0,0,0,0,0,0,0,0,0,0,0,0,0,0,0,0,0,0,0,0,0,683925,0,0,0
1744062246.001543,600003,21131156,0,nscratch,nscratch-ffff9fd41baaf800,0,0,1221834357847,69253664772,0,0,154515,0,0,0,0,0,0,0,0,0,0,0,0,0,0,0,0,0,0,0,0,0,0,0,0,112966,0,0,0
1744062246.001624,600003,21131156,0,pscratch,pscratch-ffff9fd409727800,0,0,2490002008623,1622901774132,0,0,669386,0,0,0,0,0,0,0,0,0,0,0,0,0,0,0,0,0,0,0,0,0,0,0,0,683925,0,0,0
1744062247.002047,600003,21131156,0,nscratch,nscratch-ffff9fd41baaf800,0,0,1221834357847,69253664772,0,0,154515,0,0,0,0,0,0,0,0,0,0,0,0,0,0,0,0,0,0,0,0,0,0,0,0,112966,0,0,0
1744062247.002127,600003,21131156,0,pscratch,pscratch-ffff9fd409727800,0,0,2490002008623,1622901774132,0,0,669386,0,0,0,0,0,0,0,0,0,0,0,0,0,0,0,0,0,0,0,0,0,0,0,0,683925,0,0,0
1744062248.001470,600003,21131156,0,nscratch,nscratch-ffff9fd41baaf800,0,0,1221834357847,69253664772,0,0,154515,0,0,0,0,0,0,0,0,0,0,0,0,0,0,0,0,0,0,0,0,0,0,0,0,112966,0,0,0
1744062248.001550,600003,21131156,0,pscratch,pscratch-ffff9fd409727800,0,0,2490002008623,1622901774132,0,0,669386,0,0,0,0,0,0,0,0,0,0,0,0,0,0,0,0,0,0,0,0,0,0,0,0,683925,0,0,0
1744062249.001708,600003,21131156,0,nscratch,nscratch-ffff9fd41baaf800,0,0,1221834357847,69253664772,0,0,154515,0,0,0,0,0,0,0,0,0,0,0,0,0,0,0,0,0,0,0,0,0,0,0,0,112966,0,0,0
1744062249.001789,600003,21131156,0,pscratch,pscratch-ffff9fd409727800,0,0,2490002008623,1622901774132,0,0,669386,0,0,0,0,0,0,0,0,0,0,0,0,0,0,0,0,0,0,0,0,0,0,0,0,683925,0,0,0
1744062250.002419,600003,21131156,0,nscratch,nscratch-ffff9fd41baaf800,0,0,1221834357847,69253664772,0,0,154515,0,0,0,0,0,0,0,0,0,0,0,0,0,0,0,0,0,0,0,0,0,0,0,0,112966,0,0,0
1744062250.002581,600003,21131156,0,pscratch,pscratch-ffff9fd409727800,0,0,2490002008623,1622901774132,0,0,669386,0,0,0,0,0,0,0,0,0,0,0,0,0,0,0,0,0,0,0,0,0,0,0,0,683925,0,0,0
1744062251.001883,600003,21131156,0,nscratch,nscratch-ffff9fd41baaf800,0,0,1221834357847,69253664772,0,0,154515,0,0,0,0,0,0,0,0,0,0,0,0,0,0,0,0,0,0,0,0,0,0,0,0,112966,0,0,0
1744062251.001964,600003,21131156,0,pscratch,pscratch-ffff9fd409727800,0,0,2490002008623,1622901774132,0,0,669386,0,0,0,0,0,0,0,0,0,0,0,0,0,0,0,0,0,0,0,0,0,0,0,0,683925,0,0,0
1744062252.002257,600003,21131156,0,nscratch,nscratch-ffff9fd41baaf800,0,0,1221834357847,69253664772,0,0,154515,0,0,0,0,0,0,0,0,0,0,0,0,0,0,0,0,0,0,0,0,0,0,0,0,112966,0,0,0
1744062252.002422,600003,21131156,0,pscratch,pscratch-ffff9fd409727800,0,0,2490002008623,1622901774132,0,0,669386,0,0,0,0,0,0,0,0,0,0,0,0,0,0,0,0,0,0,0,0,0,0,0,0,683925,0,0,0
1744062253.001857,600003,21131156,0,nscratch,nscratch-ffff9fd41baaf800,0,0,1221834357847,69253664772,0,0,154515,0,0,0,0,0,0,0,0,0,0,0,0,0,0,0,0,0,0,0,0,0,0,0,0,112966,0,0,0
1744062253.001937,600003,21131156,0,pscratch,pscratch-ffff9fd409727800,0,0,2490002008623,1622901774132,0,0,669386,0,0,0,0,0,0,0,0,0,0,0,0,0,0,0,0,0,0,0,0,0,0,0,0,683925,0,0,0
1744062254.002298,600003,21131156,0,nscratch,nscratch-ffff9fd41baaf800,0,0,1221834357847,69253664772,0,0,154515,0,0,0,0,0,0,0,0,0,0,0,0,0,0,0,0,0,0,0,0,0,0,0,0,112966,0,0,0
1744062254.002387,600003,21131156,0,pscratch,pscratch-ffff9fd409727800,0,0,2490002008623,1622901774132,0,0,669386,0,0,0,0,0,0,0,0,0,0,0,0,0,0,0,0,0,0,0,0,0,0,0,0,683925,0,0,0
1744062255.001777,600003,21131156,0,nscratch,nscratch-ffff9fd41baaf800,0,0,1221834357847,69253664772,0,0,154515,0,0,0,0,0,0,0,0,0,0,0,0,0,0,0,0,0,0,0,0,0,0,0,0,112966,0,0,0
1744062255.001858,600003,21131156,0,pscratch,pscratch-ffff9fd409727800,0,0,2490002008623,1622901774132,0,0,669386,0,0,0,0,0,0,0,0,0,0,0,0,0,0,0,0,0,0,0,0,0,0,0,0,683925,0,0,0
1744062256.002318,600003,21131156,0,nscratch,nscratch-ffff9fd41baaf800,0,0,1221834357847,69253664772,0,0,154515,0,0,0,0,0,0,0,0,0,0,0,0,0,0,0,0,0,0,0,0,0,0,0,0,112966,0,0,0
1744062256.002408,600003,21131156,0,pscratch,pscratch-ffff9fd409727800,0,0,2490002008623,1622901774132,0,0,669386,0,0,0,0,0,0,0,0,0,0,0,0,0,0,0,0,0,0,0,0,0,0,0,0,683925,0,0,0
1744062257.001768,600003,21131156,0,nscratch,nscratch-ffff9fd41baaf800,0,0,1221834357847,69253664772,0,0,154515,0,0,0,0,0,0,0,0,0,0,0,0,0,0,0,0,0,0,0,0,0,0,0,0,112966,0,0,0
1744062257.001848,600003,21131156,0,pscratch,pscratch-ffff9fd409727800,0,0,2490002008623,1622901774132,0,0,669386,0,0,0,0,0,0,0,0,0,0,0,0,0,0,0,0,0,0,0,0,0,0,0,0,683925,0,0,0
1744062258.002146,600003,21131156,0,nscratch,nscratch-ffff9fd41baaf800,0,0,1221834357847,69253664772,0,0,154515,0,0,0,0,0,0,0,0,0,0,0,0,0,0,0,0,0,0,0,0,0,0,0,0,112966,0,0,0
1744062258.002270,600003,21131156,0,pscratch,pscratch-ffff9fd409727800,0,0,2490002008623,1622901774132,0,0,669386,0,0,0,0,0,0,0,0,0,0,0,0,0,0,0,0,0,0,0,0,0,0,0,0,683925,0,0,0
1744062259.001908,600003,21131156,0,nscratch,nscratch-ffff9fd41baaf800,0,0,1221834357847,69253664772,0,0,154515,0,0,0,0,0,0,0,0,0,0,0,0,0,0,0,0,0,0,0,0,0,0,0,0,112966,0,0,0
1744062259.001989,600003,21131156,0,pscratch,pscratch-ffff9fd409727800,0,0,2490002008623,1622901774132,0,0,669386,0,0,0,0,0,0,0,0,0,0,0,0,0,0,0,0,0,0,0,0,0,0,0,0,683925,0,0,0
1744062260.001417,600003,21131156,0,nscratch,nscratch-ffff9fd41baaf800,0,0,1221834357847,69253664772,0,0,154515,0,0,0,0,0,0,0,0,0,0,0,0,0,0,0,0,0,0,0,0,0,0,0,0,112966,0,0,0
1744062260.001499,600003,21131156,0,pscratch,pscratch-ffff9fd409727800,0,0,2490002008623,1622901774132,0,0,669386,0,0,0,0,0,0,0,0,0,0,0,0,0,0,0,0,0,0,0,0,0,0,0,0,683925,0,0,0
1744062261.001678,600003,21131156,0,nscratch,nscratch-ffff9fd41baaf800,0,0,1221834357847,69253664772,0,0,154515,0,0,0,0,0,0,0,0,0,0,0,0,0,0,0,0,0,0,0,0,0,0,0,0,112966,0,0,0
1744062261.001762,600003,21131156,0,pscratch,pscratch-ffff9fd409727800,0,0,2490002008623,1622901774132,0,0,669386,0,0,0,0,0,0,0,0,0,0,0,0,0,0,0,0,0,0,0,0,0,0,0,0,683925,0,0,0
1744062262.002433,600003,21131156,0,nscratch,nscratch-ffff9fd41baaf800,0,0,1221834357847,69253664772,0,0,154515,0,0,0,0,0,0,0,0,0,0,0,0,0,0,0,0,0,0,0,0,0,0,0,0,112966,0,0,0
1744062262.002515,600003,21131156,0,pscratch,pscratch-ffff9fd409727800,0,0,2490002008623,1622901774132,0,0,669386,0,0,0,0,0,0,0,0,0,0,0,0,0,0,0,0,0,0,0,0,0,0,0,0,683925,0,0,0
1744062263.001910,600003,21131156,0,nscratch,nscratch-ffff9fd41baaf800,0,0,1221834357847,69253664772,0,0,154515,0,0,0,0,0,0,0,0,0,0,0,0,0,0,0,0,0,0,0,0,0,0,0,0,112966,0,0,0
1744062263.001990,600003,21131156,0,pscratch,pscratch-ffff9fd409727800,0,0,2490002008623,1622901774132,0,0,669386,0,0,0,0,0,0,0,0,0,0,0,0,0,0,0,0,0,0,0,0,0,0,0,0,683925,0,0,0
1744062264.002149,600003,21131156,0,nscratch,nscratch-ffff9fd41baaf800,0,0,1221834357847,69253664772,0,0,154515,0,0,0,0,0,0,0,0,0,0,0,0,0,0,0,0,0,0,0,0,0,0,0,0,112966,0,0,0
1744062264.002230,600003,21131156,0,pscratch,pscratch-ffff9fd409727800,0,0,2490002008623,1622901774132,0,0,669386,0,0,0,0,0,0,0,0,0,0,0,0,0,0,0,0,0,0,0,0,0,0,0,0,683925,0,0,0
1744062265.001867,600003,21131156,0,nscratch,nscratch-ffff9fd41baaf800,0,0,1221834357847,69253664772,0,0,154515,0,0,0,0,0,0,0,0,0,0,0,0,0,0,0,0,0,0,0,0,0,0,0,0,112966,0,0,0
1744062265.001948,600003,21131156,0,pscratch,pscratch-ffff9fd409727800,0,0,2490002008623,1622901774132,0,0,669386,0,0,0,0,0,0,0,0,0,0,0,0,0,0,0,0,0,0,0,0,0,0,0,0,683925,0,0,0
1744062266.002298,600003,21131156,0,nscratch,nscratch-ffff9fd41baaf800,0,0,1221834357847,69253664772,0,0,154515,0,0,0,0,0,0,0,0,0,0,0,0,0,0,0,0,0,0,0,0,0,0,0,0,112966,0,0,0
1744062266.002389,600003,21131156,0,pscratch,pscratch-ffff9fd409727800,0,0,2490002008623,1622901774132,0,0,669386,0,0,0,0,0,0,0,0,0,0,0,0,0,0,0,0,0,0,0,0,0,0,0,0,683925,0,0,0
1744062267.001691,600003,21131156,0,nscratch,nscratch-ffff9fd41baaf800,0,0,1221834357847,69253664772,0,0,154515,0,0,0,0,0,0,0,0,0,0,0,0,0,0,0,0,0,0,0,0,0,0,0,0,112966,0,0,0
1744062267.001814,600003,21131156,0,pscratch,pscratch-ffff9fd409727800,0,0,2490002008623,1622901774132,0,0,669386,0,0,0,0,0,0,0,0,0,0,0,0,0,0,0,0,0,0,0,0,0,0,0,0,683925,0,0,0
1744062268.002359,600003,21131156,0,nscratch,nscratch-ffff9fd41baaf800,0,0,1221834357847,69253664772,0,0,154515,0,0,0,0,0,0,0,0,0,0,0,0,0,0,0,0,0,0,0,0,0,0,0,0,112966,0,0,0
1744062268.002450,600003,21131156,0,pscratch,pscratch-ffff9fd409727800,0,0,2490002008623,1622901774132,0,0,669386,0,0,0,0,0,0,0,0,0,0,0,0,0,0,0,0,0,0,0,0,0,0,0,0,683925,0,0,0
1744062269.001769,600003,21131156,0,nscratch,nscratch-ffff9fd41baaf800,0,0,1221834357847,69253664772,0,0,154515,0,0,0,0,0,0,0,0,0,0,0,0,0,0,0,0,0,0,0,0,0,0,0,0,112966,0,0,0
1744062269.001849,600003,21131156,0,pscratch,pscratch-ffff9fd409727800,0,0,2490002008623,1622901774132,0,0,669386,0,0,0,0,0,0,0,0,0,0,0,0,0,0,0,0,0,0,0,0,0,0,0,0,683925,0,0,0
1744062270.002148,600003,21131156,0,nscratch,nscratch-ffff9fd41baaf800,0,0,1221834357847,69253664772,0,0,154515,0,0,0,0,0,0,0,0,0,0,0,0,0,0,0,0,0,0,0,0,0,0,0,0,112966,0,0,0
1744062270.002325,600003,21131156,0,pscratch,pscratch-ffff9fd409727800,0,0,2490002008623,1622901774132,0,0,669386,0,0,0,0,0,0,0,0,0,0,0,0,0,0,0,0,0,0,0,0,0,0,0,0,683925,0,0,0
1744062271.002027,600003,21131156,0,nscratch,nscratch-ffff9fd41baaf800,0,0,1221834357847,69253664772,0,0,154515,0,0,0,0,0,0,0,0,0,0,0,0,0,0,0,0,0,0,0,0,0,0,0,0,112966,0,0,0
1744062271.002109,600003,21131156,0,pscratch,pscratch-ffff9fd409727800,0,0,2490002008623,1622901774132,0,0,669386,0,0,0,0,0,0,0,0,0,0,0,0,0,0,0,0,0,0,0,0,0,0,0,0,683925,0,0,0
1744062272.001644,600003,21131156,0,nscratch,nscratch-ffff9fd41baaf800,0,0,1221834357847,69253664772,0,0,154515,0,0,0,0,0,0,0,0,0,0,0,0,0,0,0,0,0,0,0,0,0,0,0,0,112966,0,0,0
1744062272.001724,600003,21131156,0,pscratch,pscratch-ffff9fd409727800,0,0,2490002008623,1622901774132,0,0,669386,0,0,0,0,0,0,0,0,0,0,0,0,0,0,0,0,0,0,0,0,0,0,0,0,683925,0,0,0
1744062273.002016,600003,21131156,0,nscratch,nscratch-ffff9fd41baaf800,0,0,1221834357847,69253664772,0,0,154515,0,0,0,0,0,0,0,0,0,0,0,0,0,0,0,0,0,0,0,0,0,0,0,0,112966,0,0,0
1744062273.002185,600003,21131156,0,pscratch,pscratch-ffff9fd409727800,0,0,2490002008623,1622901774132,0,0,669386,0,0,0,0,0,0,0,0,0,0,0,0,0,0,0,0,0,0,0,0,0,0,0,0,683925,0,0,0
1744062274.001732,600003,21131156,0,nscratch,nscratch-ffff9fd41baaf800,0,0,1221834357847,69253664772,0,0,154515,0,0,0,0,0,0,0,0,0,0,0,0,0,0,0,0,0,0,0,0,0,0,0,0,112966,0,0,0
1744062274.001813,600003,21131156,0,pscratch,pscratch-ffff9fd409727800,0,0,2490002008623,1622901774132,0,0,669386,0,0,0,0,0,0,0,0,0,0,0,0,0,0,0,0,0,0,0,0,0,0,0,0,683925,0,0,0
1744062275.002314,600003,21131156,0,nscratch,nscratch-ffff9fd41baaf800,0,0,1221834357847,69253664772,0,0,154515,0,0,0,0,0,0,0,0,0,0,0,0,0,0,0,0,0,0,0,0,0,0,0,0,112966,0,0,0
1744062275.002404,600003,21131156,0,pscratch,pscratch-ffff9fd409727800,0,0,2490002008623,1622901774132,0,0,669386,0,0,0,0,0,0,0,0,0,0,0,0,0,0,0,0,0,0,0,0,0,0,0,0,683925,0,0,0
1744062276.001697,600003,21131156,0,nscratch,nscratch-ffff9fd41baaf800,0,0,1221834357847,69253664772,0,0,154515,0,0,0,0,0,0,0,0,0,0,0,0,0,0,0,0,0,0,0,0,0,0,0,0,112966,0,0,0
1744062276.001876,600003,21131156,0,pscratch,pscratch-ffff9fd409727800,0,0,2490002008623,1622901774132,0,0,669386,0,0,0,0,0,0,0,0,0,0,0,0,0,0,0,0,0,0,0,0,0,0,0,0,683925,0,0,0
1744062277.001333,600003,21131156,0,nscratch,nscratch-ffff9fd41baaf800,0,0,1221834357847,69253664772,0,0,154515,0,0,0,0,0,0,0,0,0,0,0,0,0,0,0,0,0,0,0,0,0,0,0,0,112966,0,0,0
1744062277.001427,600003,21131156,0,pscratch,pscratch-ffff9fd409727800,0,0,2490002008623,1622901774132,0,0,669386,0,0,0,0,0,0,0,0,0,0,0,0,0,0,0,0,0,0,0,0,0,0,0,0,683925,0,0,0
1744062278.001791,600003,21131156,0,nscratch,nscratch-ffff9fd41baaf800,0,0,1221834357847,69253664772,0,0,154515,0,0,0,0,0,0,0,0,0,0,0,0,0,0,0,0,0,0,0,0,0,0,0,0,112966,0,0,0
1744062278.001874,600003,21131156,0,pscratch,pscratch-ffff9fd409727800,0,0,2490002008623,1622901774132,0,0,669386,0,0,0,0,0,0,0,0,0,0,0,0,0,0,0,0,0,0,0,0,0,0,0,0,683925,0,0,0
1744062279.002031,600003,21131156,0,nscratch,nscratch-ffff9fd41baaf800,0,0,1221834357847,69253664772,0,0,154515,0,0,0,0,0,0,0,0,0,0,0,0,0,0,0,0,0,0,0,0,0,0,0,0,112966,0,0,0
1744062279.002112,600003,21131156,0,pscratch,pscratch-ffff9fd409727800,0,0,2490002008623,1622901774132,0,0,669386,0,0,0,0,0,0,0,0,0,0,0,0,0,0,0,0,0,0,0,0,0,0,0,0,683925,0,0,0
1744062280.001537,600003,21131156,0,nscratch,nscratch-ffff9fd41baaf800,0,0,1221834357847,69253664772,0,0,154515,0,0,0,0,0,0,0,0,0,0,0,0,0,0,0,0,0,0,0,0,0,0,0,0,112966,0,0,0
1744062280.001618,600003,21131156,0,pscratch,pscratch-ffff9fd409727800,0,0,2490002008623,1622901774132,0,0,669386,0,0,0,0,0,0,0,0,0,0,0,0,0,0,0,0,0,0,0,0,0,0,0,0,683925,0,0,0
1744062281.001914,600003,21131156,0,nscratch,nscratch-ffff9fd41baaf800,0,0,1221834357847,69253664772,0,0,154515,0,0,0,0,0,0,0,0,0,0,0,0,0,0,0,0,0,0,0,0,0,0,0,0,112966,0,0,0
1744062281.001995,600003,21131156,0,pscratch,pscratch-ffff9fd409727800,0,0,2490002008623,1622901774132,0,0,669386,0,0,0,0,0,0,0,0,0,0,0,0,0,0,0,0,0,0,0,0,0,0,0,0,683925,0,0,0
1744062282.002284,600003,21131156,0,nscratch,nscratch-ffff9fd41baaf800,0,0,1221834357847,69253664772,0,0,154515,0,0,0,0,0,0,0,0,0,0,0,0,0,0,0,0,0,0,0,0,0,0,0,0,112966,0,0,0
1744062282.002365,600003,21131156,0,pscratch,pscratch-ffff9fd409727800,0,0,2490002008623,1622901774132,0,0,669386,0,0,0,0,0,0,0,0,0,0,0,0,0,0,0,0,0,0,0,0,0,0,0,0,683925,0,0,0
1744062283.001896,600003,21131156,0,nscratch,nscratch-ffff9fd41baaf800,0,0,1221834357847,69253664772,0,0,154515,0,0,0,0,0,0,0,0,0,0,0,0,0,0,0,0,0,0,0,0,0,0,0,0,112966,0,0,0
1744062283.001977,600003,21131156,0,pscratch,pscratch-ffff9fd409727800,0,0,2490002008623,1622901774132,0,0,669386,0,0,0,0,0,0,0,0,0,0,0,0,0,0,0,0,0,0,0,0,0,0,0,0,683925,0,0,0
1744062284.002519,600003,21131156,0,nscratch,nscratch-ffff9fd41baaf800,0,0,1221834357847,69253664772,0,0,154515,0,0,0,0,0,0,0,0,0,0,0,0,0,0,0,0,0,0,0,0,0,0,0,0,112966,0,0,0
1744062284.002599,600003,21131156,0,pscratch,pscratch-ffff9fd409727800,0,0,2490002008623,1622901774132,0,0,669386,0,0,0,0,0,0,0,0,0,0,0,0,0,0,0,0,0,0,0,0,0,0,0,0,683925,0,0,0
1744062285.001754,600003,21131156,0,nscratch,nscratch-ffff9fd41baaf800,0,0,1221834357847,69253664772,0,0,154515,0,0,0,0,0,0,0,0,0,0,0,0,0,0,0,0,0,0,0,0,0,0,0,0,112966,0,0,0
1744062285.001837,600003,21131156,0,pscratch,pscratch-ffff9fd409727800,0,0,2490002008623,1622901774132,0,0,669386,0,0,0,0,0,0,0,0,0,0,0,0,0,0,0,0,0,0,0,0,0,0,0,0,683925,0,0,0
1744062286.002229,600003,21131156,0,nscratch,nscratch-ffff9fd41baaf800,0,0,1221834357847,69253664772,0,0,154515,0,0,0,0,0,0,0,0,0,0,0,0,0,0,0,0,0,0,0,0,0,0,0,0,112966,0,0,0
1744062286.002309,600003,21131156,0,pscratch,pscratch-ffff9fd409727800,0,0,2490002008623,1622901774132,0,0,669386,0,0,0,0,0,0,0,0,0,0,0,0,0,0,0,0,0,0,0,0,0,0,0,0,683925,0,0,0
1744062287.001668,600003,21131156,0,nscratch,nscratch-ffff9fd41baaf800,0,0,1221834357847,69253664772,0,0,154515,0,0,0,0,0,0,0,0,0,0,0,0,0,0,0,0,0,0,0,0,0,0,0,0,112966,0,0,0
1744062287.001748,600003,21131156,0,pscratch,pscratch-ffff9fd409727800,0,0,2490002008623,1622901774132,0,0,669386,0,0,0,0,0,0,0,0,0,0,0,0,0,0,0,0,0,0,0,0,0,0,0,0,683925,0,0,0
1744062288.001980,600003,21131156,0,nscratch,nscratch-ffff9fd41baaf800,0,0,1221834357847,69253664772,0,0,154515,0,0,0,0,0,0,0,0,0,0,0,0,0,0,0,0,0,0,0,0,0,0,0,0,112966,0,0,0
1744062288.002063,600003,21131156,0,pscratch,pscratch-ffff9fd409727800,0,0,2490002008623,1622901774132,0,0,669386,0,0,0,0,0,0,0,0,0,0,0,0,0,0,0,0,0,0,0,0,0,0,0,0,683925,0,0,0
1744062289.001467,600003,21131156,0,nscratch,nscratch-ffff9fd41baaf800,0,0,1221834357847,69253664772,0,0,154515,0,0,0,0,0,0,0,0,0,0,0,0,0,0,0,0,0,0,0,0,0,0,0,0,112966,0,0,0
1744062289.001547,600003,21131156,0,pscratch,pscratch-ffff9fd409727800,0,0,2490002008623,1622901774132,0,0,669386,0,0,0,0,0,0,0,0,0,0,0,0,0,0,0,0,0,0,0,0,0,0,0,0,683925,0,0,0
1744062290.002021,600003,21131156,0,nscratch,nscratch-ffff9fd41baaf800,0,0,1221834357847,69253664772,0,0,154515,0,0,0,0,0,0,0,0,0,0,0,0,0,0,0,0,0,0,0,0,0,0,0,0,112966,0,0,0
1744062290.002101,600003,21131156,0,pscratch,pscratch-ffff9fd409727800,0,0,2490002008623,1622901774132,0,0,669386,0,0,0,0,0,0,0,0,0,0,0,0,0,0,0,0,0,0,0,0,0,0,0,0,683925,0,0,0
1744062291.001264,600003,21131156,0,nscratch,nscratch-ffff9fd41baaf800,0,0,1221834357847,69253664772,0,0,154515,0,0,0,0,0,0,0,0,0,0,0,0,0,0,0,0,0,0,0,0,0,0,0,0,112966,0,0,0
1744062291.001345,600003,21131156,0,pscratch,pscratch-ffff9fd409727800,0,0,2490002008623,1622901774132,0,0,669386,0,0,0,0,0,0,0,0,0,0,0,0,0,0,0,0,0,0,0,0,0,0,0,0,683925,0,0,0
1744062292.001904,600003,21131156,0,nscratch,nscratch-ffff9fd41baaf800,0,0,1221834357847,69253664772,0,0,154515,0,0,0,0,0,0,0,0,0,0,0,0,0,0,0,0,0,0,0,0,0,0,0,0,112966,0,0,0
1744062292.001985,600003,21131156,0,pscratch,pscratch-ffff9fd409727800,0,0,2490002008623,1622901774132,0,0,669386,0,0,0,0,0,0,0,0,0,0,0,0,0,0,0,0,0,0,0,0,0,0,0,0,683925,0,0,0
1744062293.001303,600003,21131156,0,nscratch,nscratch-ffff9fd41baaf800,0,0,1221834357847,69253664772,0,0,154515,0,0,0,0,0,0,0,0,0,0,0,0,0,0,0,0,0,0,0,0,0,0,0,0,112966,0,0,0
1744062293.001393,600003,21131156,0,pscratch,pscratch-ffff9fd409727800,0,0,2490002008623,1622901774132,0,0,669386,0,0,0,0,0,0,0,0,0,0,0,0,0,0,0,0,0,0,0,0,0,0,0,0,683925,0,0,0
1744062294.001683,600003,21131156,0,nscratch,nscratch-ffff9fd41baaf800,0,0,1221834357847,69253664772,0,0,154515,0,0,0,0,0,0,0,0,0,0,0,0,0,0,0,0,0,0,0,0,0,0,0,0,112966,0,0,0
1744062294.001852,600003,21131156,0,pscratch,pscratch-ffff9fd409727800,0,0,2490002008623,1622901774132,0,0,669386,0,0,0,0,0,0,0,0,0,0,0,0,0,0,0,0,0,0,0,0,0,0,0,0,683925,0,0,0
1744062295.002318,600003,21131156,0,nscratch,nscratch-ffff9fd41baaf800,0,0,1221834357847,69253664772,0,0,154515,0,0,0,0,0,0,0,0,0,0,0,0,0,0,0,0,0,0,0,0,0,0,0,0,112966,0,0,0
1744062295.002408,600003,21131156,0,pscratch,pscratch-ffff9fd409727800,0,0,2490002008623,1622901774132,0,0,669386,0,0,0,0,0,0,0,0,0,0,0,0,0,0,0,0,0,0,0,0,0,0,0,0,683925,0,0,0
1744062296.001933,600003,21131156,0,nscratch,nscratch-ffff9fd41baaf800,0,0,1221834357847,69253664772,0,0,154515,0,0,0,0,0,0,0,0,0,0,0,0,0,0,0,0,0,0,0,0,0,0,0,0,112966,0,0,0
1744062296.002015,600003,21131156,0,pscratch,pscratch-ffff9fd409727800,0,0,2490002008623,1622901774132,0,0,669386,0,0,0,0,0,0,0,0,0,0,0,0,0,0,0,0,0,0,0,0,0,0,0,0,683925,0,0,0
1744062297.001172,600003,21131156,0,nscratch,nscratch-ffff9fd41baaf800,0,0,1221834357847,69253664772,0,0,154515,0,0,0,0,0,0,0,0,0,0,0,0,0,0,0,0,0,0,0,0,0,0,0,0,112966,0,0,0
1744062297.001254,600003,21131156,0,pscratch,pscratch-ffff9fd409727800,0,0,2490002008623,1622901774132,0,0,669386,0,0,0,0,0,0,0,0,0,0,0,0,0,0,0,0,0,0,0,0,0,0,0,0,683925,0,0,0
1744062298.001828,600003,21131156,0,nscratch,nscratch-ffff9fd41baaf800,0,0,1221834357847,69253664772,0,0,154515,0,0,0,0,0,0,0,0,0,0,0,0,0,0,0,0,0,0,0,0,0,0,0,0,112966,0,0,0
1744062298.001910,600003,21131156,0,pscratch,pscratch-ffff9fd409727800,0,0,2490002008623,1622901774132,0,0,669386,0,0,0,0,0,0,0,0,0,0,0,0,0,0,0,0,0,0,0,0,0,0,0,0,683925,0,0,0
1744062299.002217,600003,21131156,0,nscratch,nscratch-ffff9fd41baaf800,0,0,1221834357847,69253664772,0,0,154515,0,0,0,0,0,0,0,0,0,0,0,0,0,0,0,0,0,0,0,0,0,0,0,0,112966,0,0,0
1744062299.002297,600003,21131156,0,pscratch,pscratch-ffff9fd409727800,0,0,2490002008623,1622901774132,0,0,669386,0,0,0,0,0,0,0,0,0,0,0,0,0,0,0,0,0,0,0,0,0,0,0,0,683925,0,0,0
1744062300.001631,600003,21131156,0,nscratch,nscratch-ffff9fd41baaf800,0,0,1221834357847,69253664772,0,0,154515,0,0,0,0,0,0,0,0,0,0,0,0,0,0,0,0,0,0,0,0,0,0,0,0,112966,0,0,0
1744062300.001759,600003,21131156,0,pscratch,pscratch-ffff9fd409727800,0,0,2490002008623,1622901774132,0,0,669386,0,0,0,0,0,0,0,0,0,0,0,0,0,0,0,0,0,0,0,0,0,0,0,0,683925,0,0,0
1744062301.001457,600003,21131156,0,nscratch,nscratch-ffff9fd41baaf800,0,0,1221834357847,69253664772,0,0,154515,0,0,0,0,0,0,0,0,0,0,0,0,0,0,0,0,0,0,0,0,0,0,0,0,112966,0,0,0
1744062301.001538,600003,21131156,0,pscratch,pscratch-ffff9fd409727800,0,0,2490002008623,1622901774132,0,0,669386,0,0,0,0,0,0,0,0,0,0,0,0,0,0,0,0,0,0,0,0,0,0,0,0,683925,0,0,0
1744062302.001907,600003,21131156,0,nscratch,nscratch-ffff9fd41baaf800,0,0,1221834357847,69253664772,0,0,154515,0,0,0,0,0,0,0,0,0,0,0,0,0,0,0,0,0,0,0,0,0,0,0,0,112966,0,0,0
1744062302.001987,600003,21131156,0,pscratch,pscratch-ffff9fd409727800,0,0,2490002008623,1622901774132,0,0,669386,0,0,0,0,0,0,0,0,0,0,0,0,0,0,0,0,0,0,0,0,0,0,0,0,683925,0,0,0
1744062303.002280,600003,21131156,0,nscratch,nscratch-ffff9fd41baaf800,0,0,1221834357847,69253664772,0,0,154515,0,0,0,0,0,0,0,0,0,0,0,0,0,0,0,0,0,0,0,0,0,0,0,0,112966,0,0,0
1744062303.002451,600003,21131156,0,pscratch,pscratch-ffff9fd409727800,0,0,2490002008623,1622901774132,0,0,669386,0,0,0,0,0,0,0,0,0,0,0,0,0,0,0,0,0,0,0,0,0,0,0,0,683925,0,0,0
1744062304.001952,600003,21131156,0,nscratch,nscratch-ffff9fd41baaf800,0,0,1221834357847,69253664772,0,0,154515,0,0,0,0,0,0,0,0,0,0,0,0,0,0,0,0,0,0,0,0,0,0,0,0,112966,0,0,0
1744062304.002033,600003,21131156,0,pscratch,pscratch-ffff9fd409727800,0,0,2490002008623,1622901774132,0,0,669386,0,0,0,0,0,0,0,0,0,0,0,0,0,0,0,0,0,0,0,0,0,0,0,0,683925,0,0,0
1744062305.001477,600003,21131156,0,nscratch,nscratch-ffff9fd41baaf800,0,0,1221834357847,69253664772,0,0,154515,0,0,0,0,0,0,0,0,0,0,0,0,0,0,0,0,0,0,0,0,0,0,0,0,112966,0,0,0
1744062305.001557,600003,21131156,0,pscratch,pscratch-ffff9fd409727800,0,0,2490002008623,1622901774132,0,0,669386,0,0,0,0,0,0,0,0,0,0,0,0,0,0,0,0,0,0,0,0,0,0,0,0,683925,0,0,0
1744062306.001714,600003,21131156,0,nscratch,nscratch-ffff9fd41baaf800,0,0,1221834357847,69253664772,0,0,154515,0,0,0,0,0,0,0,0,0,0,0,0,0,0,0,0,0,0,0,0,0,0,0,0,112966,0,0,0
1744062306.001795,600003,21131156,0,pscratch,pscratch-ffff9fd409727800,0,0,2490002008623,1622901774132,0,0,669386,0,0,0,0,0,0,0,0,0,0,0,0,0,0,0,0,0,0,0,0,0,0,0,0,683925,0,0,0
1744062307.002424,600003,21131156,0,nscratch,nscratch-ffff9fd41baaf800,0,0,1221834357847,69253664772,0,0,154515,0,0,0,0,0,0,0,0,0,0,0,0,0,0,0,0,0,0,0,0,0,0,0,0,112966,0,0,0
1744062307.002507,600003,21131156,0,pscratch,pscratch-ffff9fd409727800,0,0,2490002008623,1622901774132,0,0,669386,0,0,0,0,0,0,0,0,0,0,0,0,0,0,0,0,0,0,0,0,0,0,0,0,683925,0,0,0
1744062308.001815,600003,21131156,0,nscratch,nscratch-ffff9fd41baaf800,0,0,1221834357847,69253664772,0,0,154515,0,0,0,0,0,0,0,0,0,0,0,0,0,0,0,0,0,0,0,0,0,0,0,0,112966,0,0,0
1744062308.001895,600003,21131156,0,pscratch,pscratch-ffff9fd409727800,0,0,2490002008623,1622901774132,0,0,669386,0,0,0,0,0,0,0,0,0,0,0,0,0,0,0,0,0,0,0,0,0,0,0,0,683925,0,0,0
1744062309.002189,600003,21131156,0,nscratch,nscratch-ffff9fd41baaf800,0,0,1221834357847,69253664772,0,0,154515,0,0,0,0,0,0,0,0,0,0,0,0,0,0,0,0,0,0,0,0,0,0,0,0,112966,0,0,0
1744062309.002369,600003,21131156,0,pscratch,pscratch-ffff9fd409727800,0,0,2490002008623,1622901774132,0,0,669386,0,0,0,0,0,0,0,0,0,0,0,0,0,0,0,0,0,0,0,0,0,0,0,0,683925,0,0,0
1744062310.002047,600003,21131156,0,nscratch,nscratch-ffff9fd41baaf800,0,0,1221834357847,69253664772,0,0,154515,0,0,0,0,0,0,0,0,0,0,0,0,0,0,0,0,0,0,0,0,0,0,0,0,112966,0,0,0
1744062310.002324,600003,21131156,0,pscratch,pscratch-ffff9fd409727800,0,0,2490002008623,1622901774132,0,0,669386,0,0,0,0,0,0,0,0,0,0,0,0,0,0,0,0,0,0,0,0,0,0,0,0,683925,0,0,0
1744062311.001869,600003,21131156,0,nscratch,nscratch-ffff9fd41baaf800,0,0,1221834357847,69253664772,0,0,154515,0,0,0,0,0,0,0,0,0,0,0,0,0,0,0,0,0,0,0,0,0,0,0,0,112966,0,0,0
1744062311.001949,600003,21131156,0,pscratch,pscratch-ffff9fd409727800,0,0,2490002008623,1622901774132,0,0,669386,0,0,0,0,0,0,0,0,0,0,0,0,0,0,0,0,0,0,0,0,0,0,0,0,683925,0,0,0
1744062312.002238,600003,21131156,0,nscratch,nscratch-ffff9fd41baaf800,0,0,1221834357847,69253664772,0,0,154515,0,0,0,0,0,0,0,0,0,0,0,0,0,0,0,0,0,0,0,0,0,0,0,0,112966,0,0,0
1744062312.002365,600003,21131156,0,pscratch,pscratch-ffff9fd409727800,0,0,2490002008623,1622901774132,0,0,669386,0,0,0,0,0,0,0,0,0,0,0,0,0,0,0,0,0,0,0,0,0,0,0,0,683925,0,0,0
1744062313.001766,600003,21131156,0,nscratch,nscratch-ffff9fd41baaf800,0,0,1221834357847,69253664772,0,0,154515,0,0,0,0,0,0,0,0,0,0,0,0,0,0,0,0,0,0,0,0,0,0,0,0,112966,0,0,0
1744062313.001847,600003,21131156,0,pscratch,pscratch-ffff9fd409727800,0,0,2490002008623,1622901774132,0,0,669386,0,0,0,0,0,0,0,0,0,0,0,0,0,0,0,0,0,0,0,0,0,0,0,0,683925,0,0,0
1744062314.002144,600003,21131156,0,nscratch,nscratch-ffff9fd41baaf800,0,0,1221834357847,69253664772,0,0,154515,0,0,0,0,0,0,0,0,0,0,0,0,0,0,0,0,0,0,0,0,0,0,0,0,112966,0,0,0
1744062314.002224,600003,21131156,0,pscratch,pscratch-ffff9fd409727800,0,0,2490002008623,1622901774132,0,0,669386,0,0,0,0,0,0,0,0,0,0,0,0,0,0,0,0,0,0,0,0,0,0,0,0,683925,0,0,0
1744062315.001389,600003,21131156,0,nscratch,nscratch-ffff9fd41baaf800,0,0,1221834357847,69253664772,0,0,154515,0,0,0,0,0,0,0,0,0,0,0,0,0,0,0,0,0,0,0,0,0,0,0,0,112966,0,0,0
1744062315.001581,600003,21131156,0,pscratch,pscratch-ffff9fd409727800,0,0,2490002008623,1622901774132,0,0,669386,0,0,0,0,0,0,0,0,0,0,0,0,0,0,0,0,0,0,0,0,0,0,0,0,683925,0,0,0
1744062316.002030,600003,21131156,0,nscratch,nscratch-ffff9fd41baaf800,0,0,1221834357847,69253664772,0,0,154515,0,0,0,0,0,0,0,0,0,0,0,0,0,0,0,0,0,0,0,0,0,0,0,0,112966,0,0,0
1744062316.002111,600003,21131156,0,pscratch,pscratch-ffff9fd409727800,0,0,2490002008623,1622901774132,0,0,669386,0,0,0,0,0,0,0,0,0,0,0,0,0,0,0,0,0,0,0,0,0,0,0,0,683925,0,0,0
1744062317.001565,600003,21131156,0,nscratch,nscratch-ffff9fd41baaf800,0,0,1221834357847,69253664772,0,0,154515,0,0,0,0,0,0,0,0,0,0,0,0,0,0,0,0,0,0,0,0,0,0,0,0,112966,0,0,0
1744062317.001665,600003,21131156,0,pscratch,pscratch-ffff9fd409727800,0,0,2490002008623,1622901774132,0,0,669386,0,0,0,0,0,0,0,0,0,0,0,0,0,0,0,0,0,0,0,0,0,0,0,0,683925,0,0,0
1744062318.001954,600003,21131156,0,nscratch,nscratch-ffff9fd41baaf800,0,0,1221834357847,69253664772,0,0,154515,0,0,0,0,0,0,0,0,0,0,0,0,0,0,0,0,0,0,0,0,0,0,0,0,112966,0,0,0
1744062318.002138,600003,21131156,0,pscratch,pscratch-ffff9fd409727800,0,0,2490002008623,1622901774132,0,0,669386,0,0,0,0,0,0,0,0,0,0,0,0,0,0,0,0,0,0,0,0,0,0,0,0,683925,0,0,0
1744062319.001578,600003,21131156,0,nscratch,nscratch-ffff9fd41baaf800,0,0,1221834357847,69253664772,0,0,154515,0,0,0,0,0,0,0,0,0,0,0,0,0,0,0,0,0,0,0,0,0,0,0,0,112966,0,0,0
1744062319.001659,600003,21131156,0,pscratch,pscratch-ffff9fd409727800,0,0,2490002008623,1622901774132,0,0,669386,0,0,0,0,0,0,0,0,0,0,0,0,0,0,0,0,0,0,0,0,0,0,0,0,683925,0,0,0
1744062320.002016,600003,21131156,0,nscratch,nscratch-ffff9fd41baaf800,0,0,1221834357847,69253664772,0,0,154515,0,0,0,0,0,0,0,0,0,0,0,0,0,0,0,0,0,0,0,0,0,0,0,0,112966,0,0,0
1744062320.002137,600003,21131156,0,pscratch,pscratch-ffff9fd409727800,0,0,2490002008623,1622901774132,0,0,669386,0,0,0,0,0,0,0,0,0,0,0,0,0,0,0,0,0,0,0,0,0,0,0,0,683925,0,0,0
1744062321.001448,600003,21131156,0,nscratch,nscratch-ffff9fd41baaf800,0,0,1221834357847,69253664772,0,0,154515,0,0,0,0,0,0,0,0,0,0,0,0,0,0,0,0,0,0,0,0,0,0,0,0,112966,0,0,0
1744062321.001589,600003,21131156,0,pscratch,pscratch-ffff9fd409727800,0,0,2490002008623,1622901774132,0,0,669386,0,0,0,0,0,0,0,0,0,0,0,0,0,0,0,0,0,0,0,0,0,0,0,0,683925,0,0,0
1744062322.002183,600003,21131156,0,nscratch,nscratch-ffff9fd41baaf800,0,0,1221834357847,69253664772,0,0,154515,0,0,0,0,0,0,0,0,0,0,0,0,0,0,0,0,0,0,0,0,0,0,0,0,112966,0,0,0
1744062322.002264,600003,21131156,0,pscratch,pscratch-ffff9fd409727800,0,0,2490002008623,1622901774132,0,0,669386,0,0,0,0,0,0,0,0,0,0,0,0,0,0,0,0,0,0,0,0,0,0,0,0,683925,0,0,0
1744062323.001706,600003,21131156,0,nscratch,nscratch-ffff9fd41baaf800,0,0,1221834357847,69253664772,0,0,154515,0,0,0,0,0,0,0,0,0,0,0,0,0,0,0,0,0,0,0,0,0,0,0,0,112966,0,0,0
1744062323.001786,600003,21131156,0,pscratch,pscratch-ffff9fd409727800,0,0,2490002008623,1622901774132,0,0,669386,0,0,0,0,0,0,0,0,0,0,0,0,0,0,0,0,0,0,0,0,0,0,0,0,683925,0,0,0
1744062324.001971,600003,21131156,0,nscratch,nscratch-ffff9fd41baaf800,0,0,1221834357847,69253664772,0,0,154515,0,0,0,0,0,0,0,0,0,0,0,0,0,0,0,0,0,0,0,0,0,0,0,0,112966,0,0,0
1744062324.002054,600003,21131156,0,pscratch,pscratch-ffff9fd409727800,0,0,2490002008623,1622901774132,0,0,669386,0,0,0,0,0,0,0,0,0,0,0,0,0,0,0,0,0,0,0,0,0,0,0,0,683925,0,0,0
1744062325.001479,600003,21131156,0,nscratch,nscratch-ffff9fd41baaf800,0,0,1221834357847,69253664772,0,0,154515,0,0,0,0,0,0,0,0,0,0,0,0,0,0,0,0,0,0,0,0,0,0,0,0,112966,0,0,0
1744062325.001561,600003,21131156,0,pscratch,pscratch-ffff9fd409727800,0,0,2490002008623,1622901774132,0,0,669386,0,0,0,0,0,0,0,0,0,0,0,0,0,0,0,0,0,0,0,0,0,0,0,0,683925,0,0,0
1744062326.001891,600003,21131156,0,nscratch,nscratch-ffff9fd41baaf800,0,0,1221834357847,69253664772,0,0,154515,0,0,0,0,0,0,0,0,0,0,0,0,0,0,0,0,0,0,0,0,0,0,0,0,112966,0,0,0
1744062326.001972,600003,21131156,0,pscratch,pscratch-ffff9fd409727800,0,0,2490002008623,1622901774132,0,0,669386,0,0,0,0,0,0,0,0,0,0,0,0,0,0,0,0,0,0,0,0,0,0,0,0,683925,0,0,0
1744062327.002269,600003,21131156,0,nscratch,nscratch-ffff9fd41baaf800,0,0,1221834357847,69253664772,0,0,154515,0,0,0,0,0,0,0,0,0,0,0,0,0,0,0,0,0,0,0,0,0,0,0,0,112966,0,0,0
1744062327.002456,600003,21131156,0,pscratch,pscratch-ffff9fd409727800,0,0,2490002008623,1622901774132,0,0,669386,0,0,0,0,0,0,0,0,0,0,0,0,0,0,0,0,0,0,0,0,0,0,0,0,683925,0,0,0
1744062328.001851,600003,21131156,0,nscratch,nscratch-ffff9fd41baaf800,0,0,1221834357847,69253664772,0,0,154515,0,0,0,0,0,0,0,0,0,0,0,0,0,0,0,0,0,0,0,0,0,0,0,0,112966,0,0,0
1744062328.001932,600003,21131156,0,pscratch,pscratch-ffff9fd409727800,0,0,2490002008623,1622901774132,0,0,669386,0,0,0,0,0,0,0,0,0,0,0,0,0,0,0,0,0,0,0,0,0,0,0,0,683925,0,0,0
1744062329.002461,600003,21131156,0,nscratch,nscratch-ffff9fd41baaf800,0,0,1221834357847,69253664772,0,0,154515,0,0,0,0,0,0,0,0,0,0,0,0,0,0,0,0,0,0,0,0,0,0,0,0,112966,0,0,0
1744062329.002543,600003,21131156,0,pscratch,pscratch-ffff9fd409727800,0,0,2490002008623,1622901774132,0,0,669386,0,0,0,0,0,0,0,0,0,0,0,0,0,0,0,0,0,0,0,0,0,0,0,0,683925,0,0,0
1744062330.001839,600003,21131156,0,nscratch,nscratch-ffff9fd41baaf800,0,0,1221834357847,69253664772,0,0,154515,0,0,0,0,0,0,0,0,0,0,0,0,0,0,0,0,0,0,0,0,0,0,0,0,112966,0,0,0
1744062330.001987,600003,21131156,0,pscratch,pscratch-ffff9fd409727800,0,0,2490002008623,1622901774132,0,0,669386,0,0,0,0,0,0,0,0,0,0,0,0,0,0,0,0,0,0,0,0,0,0,0,0,683925,0,0,0
1744062331.001682,600003,21131156,0,nscratch,nscratch-ffff9fd41baaf800,0,0,1221834357847,69253664772,0,0,154515,0,0,0,0,0,0,0,0,0,0,0,0,0,0,0,0,0,0,0,0,0,0,0,0,112966,0,0,0
1744062331.001763,600003,21131156,0,pscratch,pscratch-ffff9fd409727800,0,0,2490002008623,1622901774132,0,0,669386,0,0,0,0,0,0,0,0,0,0,0,0,0,0,0,0,0,0,0,0,0,0,0,0,683925,0,0,0
1744062332.002310,600003,21131156,0,nscratch,nscratch-ffff9fd41baaf800,0,0,1221834357847,69253664772,0,0,154515,0,0,0,0,0,0,0,0,0,0,0,0,0,0,0,0,0,0,0,0,0,0,0,0,112966,0,0,0
1744062332.002400,600003,21131156,0,pscratch,pscratch-ffff9fd409727800,0,0,2490002008623,1622901774132,0,0,669386,0,0,0,0,0,0,0,0,0,0,0,0,0,0,0,0,0,0,0,0,0,0,0,0,683925,0,0,0
1744062333.001660,600003,21131156,0,nscratch,nscratch-ffff9fd41baaf800,0,0,1221834357847,69253664772,0,0,154515,0,0,0,0,0,0,0,0,0,0,0,0,0,0,0,0,0,0,0,0,0,0,0,0,112966,0,0,0
1744062333.001741,600003,21131156,0,pscratch,pscratch-ffff9fd409727800,0,0,2490002008623,1622901774132,0,0,669386,0,0,0,0,0,0,0,0,0,0,0,0,0,0,0,0,0,0,0,0,0,0,0,0,683925,0,0,0
1744062334.002131,600003,21131156,0,nscratch,nscratch-ffff9fd41baaf800,0,0,1221834357847,69253664772,0,0,154515,0,0,0,0,0,0,0,0,0,0,0,0,0,0,0,0,0,0,0,0,0,0,0,0,112966,0,0,0
1744062334.002212,600003,21131156,0,pscratch,pscratch-ffff9fd409727800,0,0,2490002008623,1622901774132,0,0,669386,0,0,0,0,0,0,0,0,0,0,0,0,0,0,0,0,0,0,0,0,0,0,0,0,683925,0,0,0
1744062335.001526,600003,21131156,0,nscratch,nscratch-ffff9fd41baaf800,0,0,1221834357847,69253664772,0,0,154515,0,0,0,0,0,0,0,0,0,0,0,0,0,0,0,0,0,0,0,0,0,0,0,0,112966,0,0,0
1744062335.001606,600003,21131156,0,pscratch,pscratch-ffff9fd409727800,0,0,2490002008623,1622901774132,0,0,669386,0,0,0,0,0,0,0,0,0,0,0,0,0,0,0,0,0,0,0,0,0,0,0,0,683925,0,0,0
1744062336.001872,600003,21131156,0,nscratch,nscratch-ffff9fd41baaf800,0,0,1221834357847,69253664772,0,0,154515,0,0,0,0,0,0,0,0,0,0,0,0,0,0,0,0,0,0,0,0,0,0,0,0,112966,0,0,0
1744062336.001953,600003,21131156,0,pscratch,pscratch-ffff9fd409727800,0,0,2490002008623,1622901774132,0,0,669386,0,0,0,0,0,0,0,0,0,0,0,0,0,0,0,0,0,0,0,0,0,0,0,0,683925,0,0,0
1744062337.001593,600003,21131156,0,nscratch,nscratch-ffff9fd41baaf800,0,0,1221834357847,69253664772,0,0,154515,0,0,0,0,0,0,0,0,0,0,0,0,0,0,0,0,0,0,0,0,0,0,0,0,112966,0,0,0
1744062337.001674,600003,21131156,0,pscratch,pscratch-ffff9fd409727800,0,0,2490002008623,1622901774132,0,0,669386,0,0,0,0,0,0,0,0,0,0,0,0,0,0,0,0,0,0,0,0,0,0,0,0,683925,0,0,0
1744062338.002019,600003,21131156,0,nscratch,nscratch-ffff9fd41baaf800,0,0,1221834357847,69253664772,0,0,154515,0,0,0,0,0,0,0,0,0,0,0,0,0,0,0,0,0,0,0,0,0,0,0,0,112966,0,0,0
1744062338.002099,600003,21131156,0,pscratch,pscratch-ffff9fd409727800,0,0,2490002008623,1622901774132,0,0,669386,0,0,0,0,0,0,0,0,0,0,0,0,0,0,0,0,0,0,0,0,0,0,0,0,683925,0,0,0
1744062339.001411,600003,21131156,0,nscratch,nscratch-ffff9fd41baaf800,0,0,1221834357847,69253664772,0,0,154515,0,0,0,0,0,0,0,0,0,0,0,0,0,0,0,0,0,0,0,0,0,0,0,0,112966,0,0,0
1744062339.001514,600003,21131156,0,pscratch,pscratch-ffff9fd409727800,0,0,2490002008623,1622901774132,0,0,669386,0,0,0,0,0,0,0,0,0,0,0,0,0,0,0,0,0,0,0,0,0,0,0,0,683925,0,0,0
1744062340.002157,600003,21131156,0,nscratch,nscratch-ffff9fd41baaf800,0,0,1221834357847,69253664772,0,0,154515,0,0,0,0,0,0,0,0,0,0,0,0,0,0,0,0,0,0,0,0,0,0,0,0,112966,0,0,0
1744062340.002341,600003,21131156,0,pscratch,pscratch-ffff9fd409727800,0,0,2490002008623,1622901774132,0,0,669386,0,0,0,0,0,0,0,0,0,0,0,0,0,0,0,0,0,0,0,0,0,0,0,0,683925,0,0,0
1744062341.001889,600003,21131156,0,nscratch,nscratch-ffff9fd41baaf800,0,0,1221834357847,69253664772,0,0,154515,0,0,0,0,0,0,0,0,0,0,0,0,0,0,0,0,0,0,0,0,0,0,0,0,112966,0,0,0
1744062341.001968,600003,21131156,0,pscratch,pscratch-ffff9fd409727800,0,0,2490002008623,1622901774132,0,0,669386,0,0,0,0,0,0,0,0,0,0,0,0,0,0,0,0,0,0,0,0,0,0,0,0,683925,0,0,0
1744062342.002154,600003,21131156,0,nscratch,nscratch-ffff9fd41baaf800,0,0,1221834357847,69253664772,0,0,154515,0,0,0,0,0,0,0,0,0,0,0,0,0,0,0,0,0,0,0,0,0,0,0,0,112966,0,0,0
1744062342.002235,600003,21131156,0,pscratch,pscratch-ffff9fd409727800,0,0,2490002008623,1622901774132,0,0,669386,0,0,0,0,0,0,0,0,0,0,0,0,0,0,0,0,0,0,0,0,0,0,0,0,683925,0,0,0
1744062343.001672,600003,21131156,0,nscratch,nscratch-ffff9fd41baaf800,0,0,1221834357847,69253664772,0,0,154515,0,0,0,0,0,0,0,0,0,0,0,0,0,0,0,0,0,0,0,0,0,0,0,0,112966,0,0,0
1744062343.001752,600003,21131156,0,pscratch,pscratch-ffff9fd409727800,0,0,2490002008623,1622901774132,0,0,669386,0,0,0,0,0,0,0,0,0,0,0,0,0,0,0,0,0,0,0,0,0,0,0,0,683925,0,0,0
1744062344.002250,600003,21131156,0,nscratch,nscratch-ffff9fd41baaf800,0,0,1221834357847,69253664772,0,0,154515,0,0,0,0,0,0,0,0,0,0,0,0,0,0,0,0,0,0,0,0,0,0,0,0,112966,0,0,0
1744062344.002331,600003,21131156,0,pscratch,pscratch-ffff9fd409727800,0,0,2490002008623,1622901774132,0,0,669386,0,0,0,0,0,0,0,0,0,0,0,0,0,0,0,0,0,0,0,0,0,0,0,0,683925,0,0,0
1744062345.001623,600003,21131156,0,nscratch,nscratch-ffff9fd41baaf800,0,0,1221834357847,69253664772,0,0,154515,0,0,0,0,0,0,0,0,0,0,0,0,0,0,0,0,0,0,0,0,0,0,0,0,112966,0,0,0
1744062345.001794,600003,21131156,0,pscratch,pscratch-ffff9fd409727800,0,0,2490002008623,1622901774132,0,0,669386,0,0,0,0,0,0,0,0,0,0,0,0,0,0,0,0,0,0,0,0,0,0,0,0,683925,0,0,0
1744062346.002191,600003,21131156,0,nscratch,nscratch-ffff9fd41baaf800,0,0,1221834357847,69253664772,0,0,154515,0,0,0,0,0,0,0,0,0,0,0,0,0,0,0,0,0,0,0,0,0,0,0,0,112966,0,0,0
1744062346.002273,600003,21131156,0,pscratch,pscratch-ffff9fd409727800,0,0,2490002008623,1622901774132,0,0,669386,0,0,0,0,0,0,0,0,0,0,0,0,0,0,0,0,0,0,0,0,0,0,0,0,683925,0,0,0
1744062347.001607,600003,21131156,0,nscratch,nscratch-ffff9fd41baaf800,0,0,1221834357847,69253664772,0,0,154515,0,0,0,0,0,0,0,0,0,0,0,0,0,0,0,0,0,0,0,0,0,0,0,0,112966,0,0,0
1744062347.001689,600003,21131156,0,pscratch,pscratch-ffff9fd409727800,0,0,2490002008623,1622901774132,0,0,669386,0,0,0,0,0,0,0,0,0,0,0,0,0,0,0,0,0,0,0,0,0,0,0,0,683925,0,0,0
1744062348.001846,600003,21131156,0,nscratch,nscratch-ffff9fd41baaf800,0,0,1221834357847,69253664772,0,0,154515,0,0,0,0,0,0,0,0,0,0,0,0,0,0,0,0,0,0,0,0,0,0,0,0,112966,0,0,0
1744062348.001927,600003,21131156,0,pscratch,pscratch-ffff9fd409727800,0,0,2490002008623,1622901774132,0,0,669386,0,0,0,0,0,0,0,0,0,0,0,0,0,0,0,0,0,0,0,0,0,0,0,0,683925,0,0,0
1744062349.001404,600003,21131156,0,nscratch,nscratch-ffff9fd41baaf800,0,0,1221834357847,69253664772,0,0,154515,0,0,0,0,0,0,0,0,0,0,0,0,0,0,0,0,0,0,0,0,0,0,0,0,112966,0,0,0
1744062349.001489,600003,21131156,0,pscratch,pscratch-ffff9fd409727800,0,0,2490002008623,1622901774132,0,0,669386,0,0,0,0,0,0,0,0,0,0,0,0,0,0,0,0,0,0,0,0,0,0,0,0,683925,0,0,0
1744062350.002029,600003,21131156,0,nscratch,nscratch-ffff9fd41baaf800,0,0,1221834357847,69253664772,0,0,154515,0,0,0,0,0,0,0,0,0,0,0,0,0,0,0,0,0,0,0,0,0,0,0,0,112966,0,0,0
1744062350.002188,600003,21131156,0,pscratch,pscratch-ffff9fd409727800,0,0,2490002008623,1622901774132,0,0,669386,0,0,0,0,0,0,0,0,0,0,0,0,0,0,0,0,0,0,0,0,0,0,0,0,683925,0,0,0
1744062351.001464,600003,21131156,0,nscratch,nscratch-ffff9fd41baaf800,0,0,1221834357847,69253664772,0,0,154515,0,0,0,0,0,0,0,0,0,0,0,0,0,0,0,0,0,0,0,0,0,0,0,0,112966,0,0,0
1744062351.001546,600003,21131156,0,pscratch,pscratch-ffff9fd409727800,0,0,2490002008623,1622901774132,0,0,669386,0,0,0,0,0,0,0,0,0,0,0,0,0,0,0,0,0,0,0,0,0,0,0,0,683925,0,0,0
1744062352.002195,600003,21131156,0,nscratch,nscratch-ffff9fd41baaf800,0,0,1221834357847,69253664772,0,0,154515,0,0,0,0,0,0,0,0,0,0,0,0,0,0,0,0,0,0,0,0,0,0,0,0,112966,0,0,0
1744062352.002276,600003,21131156,0,pscratch,pscratch-ffff9fd409727800,0,0,2490002008623,1622901774132,0,0,669386,0,0,0,0,0,0,0,0,0,0,0,0,0,0,0,0,0,0,0,0,0,0,0,0,683925,0,0,0
1744062353.001698,600003,21131156,0,nscratch,nscratch-ffff9fd41baaf800,0,0,1221834357847,69253664772,0,0,154515,0,0,0,0,0,0,0,0,0,0,0,0,0,0,0,0,0,0,0,0,0,0,0,0,112966,0,0,0
1744062353.001778,600003,21131156,0,pscratch,pscratch-ffff9fd409727800,0,0,2490002008623,1622901774132,0,0,669386,0,0,0,0,0,0,0,0,0,0,0,0,0,0,0,0,0,0,0,0,0,0,0,0,683925,0,0,0
1744062354.002076,600003,21131156,0,nscratch,nscratch-ffff9fd41baaf800,0,0,1221834357847,69253664772,0,0,154515,0,0,0,0,0,0,0,0,0,0,0,0,0,0,0,0,0,0,0,0,0,0,0,0,112966,0,0,0
1744062354.002190,600003,21131156,0,pscratch,pscratch-ffff9fd409727800,0,0,2490002008623,1622901774132,0,0,669386,0,0,0,0,0,0,0,0,0,0,0,0,0,0,0,0,0,0,0,0,0,0,0,0,683925,0,0,0
1744062355.001827,600003,21131156,0,nscratch,nscratch-ffff9fd41baaf800,0,0,1221834357847,69253664772,0,0,154515,0,0,0,0,0,0,0,0,0,0,0,0,0,0,0,0,0,0,0,0,0,0,0,0,112966,0,0,0
1744062355.001908,600003,21131156,0,pscratch,pscratch-ffff9fd409727800,0,0,2490002008623,1622901774132,0,0,669386,0,0,0,0,0,0,0,0,0,0,0,0,0,0,0,0,0,0,0,0,0,0,0,0,683925,0,0,0
1744062356.002411,600003,21131156,0,nscratch,nscratch-ffff9fd41baaf800,0,0,1221834357847,69253664772,0,0,154515,0,0,0,0,0,0,0,0,0,0,0,0,0,0,0,0,0,0,0,0,0,0,0,0,112966,0,0,0
1744062356.002493,600003,21131156,0,pscratch,pscratch-ffff9fd409727800,0,0,2490002008623,1622901774132,0,0,669386,0,0,0,0,0,0,0,0,0,0,0,0,0,0,0,0,0,0,0,0,0,0,0,0,683925,0,0,0
1744062357.001795,600003,21131156,0,nscratch,nscratch-ffff9fd41baaf800,0,0,1221834357847,69253664772,0,0,154515,0,0,0,0,0,0,0,0,0,0,0,0,0,0,0,0,0,0,0,0,0,0,0,0,112966,0,0,0
1744062357.001941,600003,21131156,0,pscratch,pscratch-ffff9fd409727800,0,0,2490002008623,1622901774132,0,0,669386,0,0,0,0,0,0,0,0,0,0,0,0,0,0,0,0,0,0,0,0,0,0,0,0,683925,0,0,0
1744062358.001545,600003,21131156,0,nscratch,nscratch-ffff9fd41baaf800,0,0,1221834357847,69253664772,0,0,154515,0,0,0,0,0,0,0,0,0,0,0,0,0,0,0,0,0,0,0,0,0,0,0,0,112966,0,0,0
1744062358.001626,600003,21131156,0,pscratch,pscratch-ffff9fd409727800,0,0,2490002008623,1622901774132,0,0,669386,0,0,0,0,0,0,0,0,0,0,0,0,0,0,0,0,0,0,0,0,0,0,0,0,683925,0,0,0
1744062359.001990,600003,21131156,0,nscratch,nscratch-ffff9fd41baaf800,0,0,1221834357847,69253664772,0,0,154515,0,0,0,0,0,0,0,0,0,0,0,0,0,0,0,0,0,0,0,0,0,0,0,0,112966,0,0,0
1744062359.002070,600003,21131156,0,pscratch,pscratch-ffff9fd409727800,0,0,2490002008623,1622901774132,0,0,669386,0,0,0,0,0,0,0,0,0,0,0,0,0,0,0,0,0,0,0,0,0,0,0,0,683925,0,0,0
1744062360.001411,600003,21131156,0,nscratch,nscratch-ffff9fd41baaf800,0,0,1221834357847,69253664772,0,0,154515,0,0,0,0,0,0,0,0,0,0,0,0,0,0,0,0,0,0,0,0,0,0,0,0,112966,0,0,0
1744062360.001514,600003,21131156,0,pscratch,pscratch-ffff9fd409727800,0,0,2490002008623,1622901774132,0,0,669386,0,0,0,0,0,0,0,0,0,0,0,0,0,0,0,0,0,0,0,0,0,0,0,0,683925,0,0,0
1744062361.001972,600003,21131156,0,nscratch,nscratch-ffff9fd41baaf800,0,0,1221834357847,69253664772,0,0,154515,0,0,0,0,0,0,0,0,0,0,0,0,0,0,0,0,0,0,0,0,0,0,0,0,112966,0,0,0
1744062361.002052,600003,21131156,0,pscratch,pscratch-ffff9fd409727800,0,0,2490002008623,1622901774132,0,0,669386,0,0,0,0,0,0,0,0,0,0,0,0,0,0,0,0,0,0,0,0,0,0,0,0,683925,0,0,0
1744062362.001543,600003,21131156,0,nscratch,nscratch-ffff9fd41baaf800,0,0,1221834357847,69253664772,0,0,154515,0,0,0,0,0,0,0,0,0,0,0,0,0,0,0,0,0,0,0,0,0,0,0,0,112966,0,0,0
1744062362.001651,600003,21131156,0,pscratch,pscratch-ffff9fd409727800,0,0,2490002237378,1622902047290,0,0,669396,0,0,0,0,0,0,0,0,0,0,0,0,0,0,0,0,0,0,0,0,0,0,0,0,683927,0,0,0
1744062363.001894,600003,21131156,0,nscratch,nscratch-ffff9fd41baaf800,0,0,1221834357847,69253664772,0,0,154515,0,0,0,0,0,0,0,0,0,0,0,0,0,0,0,0,0,0,0,0,0,0,0,0,112966,0,0,0
1744062363.002046,600003,21131156,0,pscratch,pscratch-ffff9fd409727800,0,0,2490002237378,1622902047290,0,0,669398,0,0,0,0,0,0,0,0,0,0,0,0,0,0,0,0,0,0,0,0,0,0,0,0,683927,0,0,0
1744062364.001551,600003,21131156,0,nscratch,nscratch-ffff9fd41baaf800,0,0,1221834357847,69253664772,0,0,154515,0,0,0,0,0,0,0,0,0,0,0,0,0,0,0,0,0,0,0,0,0,0,0,0,112966,0,0,0
1744062364.001659,600003,21131156,0,pscratch,pscratch-ffff9fd409727800,0,0,2490002237378,1622902047290,0,0,669398,0,0,0,0,0,0,0,0,0,0,0,0,0,0,0,0,0,0,0,0,0,0,0,0,683927,0,0,0
1744062365.002157,600003,21131156,0,nscratch,nscratch-ffff9fd41baaf800,0,0,1221834357847,69253664772,0,0,154515,0,0,0,0,0,0,0,0,0,0,0,0,0,0,0,0,0,0,0,0,0,0,0,0,112966,0,0,0
1744062365.002267,600003,21131156,0,pscratch,pscratch-ffff9fd409727800,0,0,2490002237378,1622902047290,0,0,669398,0,0,0,0,0,0,0,0,0,0,0,0,0,0,0,0,0,0,0,0,0,0,0,0,683927,0,0,0
1744062366.001518,600003,21131156,0,nscratch,nscratch-ffff9fd41baaf800,0,0,1221834357847,69253664772,0,0,154515,0,0,0,0,0,0,0,0,0,0,0,0,0,0,0,0,0,0,0,0,0,0,0,0,112966,0,0,0
1744062366.001645,600003,21131156,0,pscratch,pscratch-ffff9fd409727800,0,0,2490002237378,1622902047290,0,0,669398,0,0,0,0,0,0,0,0,0,0,0,0,0,0,0,0,0,0,0,0,0,0,0,0,683927,0,0,0
1744062367.002337,600003,21131156,0,nscratch,nscratch-ffff9fd41baaf800,0,0,1221834357847,69253664772,0,0,154515,0,0,0,0,0,0,0,0,0,0,0,0,0,0,0,0,0,0,0,0,0,0,0,0,112966,0,0,0
1744062367.002480,600003,21131156,0,pscratch,pscratch-ffff9fd409727800,0,0,2490002237378,1622902047290,0,0,669398,0,0,0,0,0,0,0,0,0,0,0,0,0,0,0,0,0,0,0,0,0,0,0,0,683927,0,0,0
1744062368.001824,600003,21131156,0,nscratch,nscratch-ffff9fd41baaf800,0,0,1221834357847,69253664772,0,0,154515,0,0,0,0,0,0,0,0,0,0,0,0,0,0,0,0,0,0,0,0,0,0,0,0,112966,0,0,0
1744062368.001906,600003,21131156,0,pscratch,pscratch-ffff9fd409727800,0,0,2490002237378,1622902047290,0,0,669398,0,0,0,0,0,0,0,0,0,0,0,0,0,0,0,0,0,0,0,0,0,0,0,0,683927,0,0,0
1744062369.002207,600003,21131156,0,nscratch,nscratch-ffff9fd41baaf800,0,0,1221834357847,69253664772,0,0,154515,0,0,0,0,0,0,0,0,0,0,0,0,0,0,0,0,0,0,0,0,0,0,0,0,112966,0,0,0
1744062369.002289,600003,21131156,0,pscratch,pscratch-ffff9fd409727800,0,0,2490002237378,1622902047290,0,0,669398,0,0,0,0,0,0,0,0,0,0,0,0,0,0,0,0,0,0,0,0,0,0,0,0,683927,0,0,0
1744062370.001725,600003,21131156,0,nscratch,nscratch-ffff9fd41baaf800,0,0,1221834357847,69253664772,0,0,154515,0,0,0,0,0,0,0,0,0,0,0,0,0,0,0,0,0,0,0,0,0,0,0,0,112966,0,0,0
1744062370.001811,600003,21131156,0,pscratch,pscratch-ffff9fd409727800,0,0,2490002237378,1622902047290,0,0,669398,0,0,0,0,0,0,0,0,0,0,0,0,0,0,0,0,0,0,0,0,0,0,0,0,683927,0,0,0
