timestamp,component_id,job_id,app_id,fs_name,llite,dirty_pages_hits,dirty_pages_misses,read_bytes.sum,write_bytes.sum,brw_read.sum,brw_write.sum,ioctl,open,close,mmap,page_fault,page_mkwrite,seek,fsync,readdir,setattr,truncate,flock,getattr,create,link,unlink,symlink,mkdir,rmdir,mknod,rename,statfs,alloc_inode,setxattr,getxattr,getxattr_hits,listxattr,removexattr,inode_permission
1744061761.002027,600038,21131154,0,nscratch,nscratch-ffff8bace051d000,0,0,14957600,43909601,0,0,189,0,0,0,0,0,0,0,0,0,0,0,0,0,0,0,0,0,0,0,0,0,0,0,0,169,0,0,0
1744061761.002116,600038,21131154,0,pscratch,pscratch-ffff8bacc74f9800,0,0,185167188558,115092026297,0,0,17605,0,0,0,0,0,0,0,0,0,0,0,0,0,0,0,0,0,0,0,0,0,0,0,0,2364,0,0,0
1744061762.001442,600038,21131154,0,nscratch,nscratch-ffff8bace051d000,0,0,14957600,43909601,0,0,189,0,0,0,0,0,0,0,0,0,0,0,0,0,0,0,0,0,0,0,0,0,0,0,0,169,0,0,0
1744061762.001522,600038,21131154,0,pscratch,pscratch-ffff8bacc74f9800,0,0,185167188558,115092026297,0,0,17605,0,0,0,0,0,0,0,0,0,0,0,0,0,0,0,0,0,0,0,0,0,0,0,0,2364,0,0,0
1744061763.001678,600038,21131154,0,nscratch,nscratch-ffff8bace051d000,0,0,14957600,43909601,0,0,189,0,0,0,0,0,0,0,0,0,0,0,0,0,0,0,0,0,0,0,0,0,0,0,0,169,0,0,0
1744061763.001760,600038,21131154,0,pscratch,pscratch-ffff8bacc74f9800,0,0,185167188558,115092026297,0,0,17605,0,0,0,0,0,0,0,0,0,0,0,0,0,0,0,0,0,0,0,0,0,0,0,0,2364,0,0,0
1744061764.002165,600038,21131154,0,nscratch,nscratch-ffff8bace051d000,0,0,14957600,43909601,0,0,189,0,0,0,0,0,0,0,0,0,0,0,0,0,0,0,0,0,0,0,0,0,0,0,0,169,0,0,0
1744061764.002248,600038,21131154,0,pscratch,pscratch-ffff8bacc74f9800,0,0,185167188558,115092026297,0,0,17605,0,0,0,0,0,0,0,0,0,0,0,0,0,0,0,0,0,0,0,0,0,0,0,0,2364,0,0,0
1744061765.001743,600038,21131154,0,nscratch,nscratch-ffff8bace051d000,0,0,14957600,43909601,0,0,189,0,0,0,0,0,0,0,0,0,0,0,0,0,0,0,0,0,0,0,0,0,0,0,0,169,0,0,0
1744061765.001824,600038,21131154,0,pscratch,pscratch-ffff8bacc74f9800,0,0,185167204878,115092026297,0,0,17606,0,0,0,0,0,0,0,0,0,0,0,0,0,0,0,0,0,0,0,0,0,0,0,0,2364,0,0,0
1744061766.002010,600038,21131154,0,nscratch,nscratch-ffff8bace051d000,0,0,14957600,43909601,0,0,189,0,0,0,0,0,0,0,0,0,0,0,0,0,0,0,0,0,0,0,0,0,0,0,0,169,0,0,0
1744061766.002098,600038,21131154,0,pscratch,pscratch-ffff8bacc74f9800,0,0,185167204878,115092026297,0,0,17606,0,0,0,0,0,0,0,0,0,0,0,0,0,0,0,0,0,0,0,0,0,0,0,0,2364,0,0,0
1744061767.001679,600038,21131154,0,nscratch,nscratch-ffff8bace051d000,0,0,14957600,43909601,0,0,189,0,0,0,0,0,0,0,0,0,0,0,0,0,0,0,0,0,0,0,0,0,0,0,0,169,0,0,0
1744061767.001775,600038,21131154,0,pscratch,pscratch-ffff8bacc74f9800,0,0,185187540674,115092092064,0,0,17648,0,0,0,0,0,0,0,0,0,0,0,0,0,0,0,0,0,0,0,0,0,0,0,0,2364,0,0,0
1744061768.002091,600038,21131154,0,nscratch,nscratch-ffff8bace051d000,0,0,14957600,43909601,0,0,189,0,0,0,0,0,0,0,0,0,0,0,0,0,0,0,0,0,0,0,0,0,0,0,0,169,0,0,0
1744061768.002173,600038,21131154,0,pscratch,pscratch-ffff8bacc74f9800,0,0,185187540674,115092092064,0,0,17648,0,0,0,0,0,0,0,0,0,0,0,0,0,0,0,0,0,0,0,0,0,0,0,0,2364,0,0,0
1744061769.001441,600038,21131154,0,nscratch,nscratch-ffff8bace051d000,0,0,14957600,43909601,0,0,189,0,0,0,0,0,0,0,0,0,0,0,0,0,0,0,0,0,0,0,0,0,0,0,0,169,0,0,0
1744061769.001614,600038,21131154,0,pscratch,pscratch-ffff8bacc74f9800,0,0,185187540674,115092092064,0,0,17648,0,0,0,0,0,0,0,0,0,0,0,0,0,0,0,0,0,0,0,0,0,0,0,0,2364,0,0,0
1744061770.002053,600038,21131154,0,nscratch,nscratch-ffff8bace051d000,0,0,14957600,43909601,0,0,189,0,0,0,0,0,0,0,0,0,0,0,0,0,0,0,0,0,0,0,0,0,0,0,0,169,0,0,0
1744061770.002152,600038,21131154,0,pscratch,pscratch-ffff8bacc74f9800,0,0,185189139946,115092322443,0,0,17648,0,0,0,0,0,0,0,0,0,0,0,0,0,0,0,0,0,0,0,0,0,0,0,0,2364,0,0,0
1744061771.001587,600038,21131154,0,nscratch,nscratch-ffff8bace051d000,0,0,14957600,43909601,0,0,189,0,0,0,0,0,0,0,0,0,0,0,0,0,0,0,0,0,0,0,0,0,0,0,0,169,0,0,0
1744061771.001678,600038,21131154,0,pscratch,pscratch-ffff8bacc74f9800,0,0,185193399474,115092558278,0,0,17696,0,0,0,0,0,0,0,0,0,0,0,0,0,0,0,0,0,0,0,0,0,0,0,0,2364,0,0,0
1744061772.001862,600038,21131154,0,nscratch,nscratch-ffff8bace051d000,0,0,14957600,43909601,0,0,189,0,0,0,0,0,0,0,0,0,0,0,0,0,0,0,0,0,0,0,0,0,0,0,0,169,0,0,0
1744061772.001993,600038,21131154,0,pscratch,pscratch-ffff8bacc74f9800,0,0,185193399474,115092558278,0,0,17696,0,0,0,0,0,0,0,0,0,0,0,0,0,0,0,0,0,0,0,0,0,0,0,0,2364,0,0,0
1744061773.001530,600038,21131154,0,nscratch,nscratch-ffff8bace051d000,0,0,14957600,43909601,0,0,189,0,0,0,0,0,0,0,0,0,0,0,0,0,0,0,0,0,0,0,0,0,0,0,0,169,0,0,0
1744061773.001610,600038,21131154,0,pscratch,pscratch-ffff8bacc74f9800,0,0,185193399474,115092558278,0,0,17696,0,0,0,0,0,0,0,0,0,0,0,0,0,0,0,0,0,0,0,0,0,0,0,0,2364,0,0,0
1744061774.001961,600038,21131154,0,nscratch,nscratch-ffff8bace051d000,0,0,14957600,43909601,0,0,189,0,0,0,0,0,0,0,0,0,0,0,0,0,0,0,0,0,0,0,0,0,0,0,0,169,0,0,0
1744061774.002085,600038,21131154,0,pscratch,pscratch-ffff8bacc74f9800,0,0,185193399474,115092558699,0,0,17696,0,0,0,0,0,0,0,0,0,0,0,0,0,0,0,0,0,0,0,0,0,0,0,0,2364,0,0,0
1744061775.001348,600038,21131154,0,nscratch,nscratch-ffff8bace051d000,0,0,14957600,43909601,0,0,189,0,0,0,0,0,0,0,0,0,0,0,0,0,0,0,0,0,0,0,0,0,0,0,0,169,0,0,0
1744061775.001524,600038,21131154,0,pscratch,pscratch-ffff8bacc74f9800,0,0,185193399474,115092562682,0,0,17696,0,0,0,0,0,0,0,0,0,0,0,0,0,0,0,0,0,0,0,0,0,0,0,0,2364,0,0,0
1744061776.001924,600038,21131154,0,nscratch,nscratch-ffff8bace051d000,0,0,14957600,43909601,0,0,189,0,0,0,0,0,0,0,0,0,0,0,0,0,0,0,0,0,0,0,0,0,0,0,0,169,0,0,0
1744061776.002007,600038,21131154,0,pscratch,pscratch-ffff8bacc74f9800,0,0,185193399474,115092576396,0,0,17696,0,0,0,0,0,0,0,0,0,0,0,0,0,0,0,0,0,0,0,0,0,0,0,0,2364,0,0,0
1744061777.001478,600038,21131154,0,nscratch,nscratch-ffff8bace051d000,0,0,14957600,43909601,0,0,189,0,0,0,0,0,0,0,0,0,0,0,0,0,0,0,0,0,0,0,0,0,0,0,0,169,0,0,0
1744061777.001559,600038,21131154,0,pscratch,pscratch-ffff8bacc74f9800,0,0,185193399474,115092590305,0,0,17696,0,0,0,0,0,0,0,0,0,0,0,0,0,0,0,0,0,0,0,0,0,0,0,0,2364,0,0,0
1744061778.001749,600038,21131154,0,nscratch,nscratch-ffff8bace051d000,0,0,14957600,43909601,0,0,189,0,0,0,0,0,0,0,0,0,0,0,0,0,0,0,0,0,0,0,0,0,0,0,0,169,0,0,0
1744061778.001832,600038,21131154,0,pscratch,pscratch-ffff8bacc74f9800,0,0,185193399474,115092604011,0,0,17696,0,0,0,0,0,0,0,0,0,0,0,0,0,0,0,0,0,0,0,0,0,0,0,0,2364,0,0,0
1744061779.001268,600038,21131154,0,nscratch,nscratch-ffff8bace051d000,0,0,14957600,43909601,0,0,189,0,0,0,0,0,0,0,0,0,0,0,0,0,0,0,0,0,0,0,0,0,0,0,0,169,0,0,0
1744061779.001349,600038,21131154,0,pscratch,pscratch-ffff8bacc74f9800,0,0,185193399474,115092618731,0,0,17696,0,0,0,0,0,0,0,0,0,0,0,0,0,0,0,0,0,0,0,0,0,0,0,0,2364,0,0,0
1744061780.001774,600038,21131154,0,nscratch,nscratch-ffff8bace051d000,0,0,14957600,43909601,0,0,189,0,0,0,0,0,0,0,0,0,0,0,0,0,0,0,0,0,0,0,0,0,0,0,0,169,0,0,0
1744061780.001882,600038,21131154,0,pscratch,pscratch-ffff8bacc74f9800,0,0,185193399474,115092636354,0,0,17696,0,0,0,0,0,0,0,0,0,0,0,0,0,0,0,0,0,0,0,0,0,0,0,0,2364,0,0,0
1744061781.002031,600038,21131154,0,nscratch,nscratch-ffff8bace051d000,0,0,14957600,43909601,0,0,189,0,0,0,0,0,0,0,0,0,0,0,0,0,0,0,0,0,0,0,0,0,0,0,0,169,0,0,0
1744061781.002114,600038,21131154,0,pscratch,pscratch-ffff8bacc74f9800,0,0,185193399474,115092651086,0,0,17696,0,0,0,0,0,0,0,0,0,0,0,0,0,0,0,0,0,0,0,0,0,0,0,0,2364,0,0,0
1744061782.001614,600038,21131154,0,nscratch,nscratch-ffff8bace051d000,0,0,14957600,43909601,0,0,189,0,0,0,0,0,0,0,0,0,0,0,0,0,0,0,0,0,0,0,0,0,0,0,0,169,0,0,0
1744061782.001766,600038,21131154,0,pscratch,pscratch-ffff8bacc74f9800,0,0,185193399474,115092681528,0,0,17712,0,0,0,0,0,0,0,0,0,0,0,0,0,0,0,0,0,0,0,0,0,0,0,0,2364,0,0,0
1744061783.002124,600038,21131154,0,nscratch,nscratch-ffff8bace051d000,0,0,14957600,43909601,0,0,189,0,0,0,0,0,0,0,0,0,0,0,0,0,0,0,0,0,0,0,0,0,0,0,0,169,0,0,0
1744061783.002232,600038,21131154,0,pscratch,pscratch-ffff8bacc74f9800,0,0,185193399474,115092872334,0,0,17824,0,0,0,0,0,0,0,0,0,0,0,0,0,0,0,0,0,0,0,0,0,0,0,0,2364,0,0,0
1744061784.001415,600038,21131154,0,nscratch,nscratch-ffff8bace051d000,0,0,14957600,43909601,0,0,189,0,0,0,0,0,0,0,0,0,0,0,0,0,0,0,0,0,0,0,0,0,0,0,0,169,0,0,0
1744061784.001507,600038,21131154,0,pscratch,pscratch-ffff8bacc74f9800,0,0,185193399474,115093144671,0,0,17952,0,0,0,0,0,0,0,0,0,0,0,0,0,0,0,0,0,0,0,0,0,0,0,0,2364,0,0,0
1744061785.001926,600038,21131154,0,nscratch,nscratch-ffff8bace051d000,0,0,14957600,43909601,0,0,189,0,0,0,0,0,0,0,0,0,0,0,0,0,0,0,0,0,0,0,0,0,0,0,0,169,0,0,0
1744061785.002023,600038,21131154,0,pscratch,pscratch-ffff8bacc74f9800,0,0,185193399474,115093474396,0,0,18096,0,0,0,0,0,0,0,0,0,0,0,0,0,0,0,0,0,0,0,0,0,0,0,0,2364,0,0,0
1744061786.001366,600038,21131154,0,nscratch,nscratch-ffff8bace051d000,0,0,14957600,43909601,0,0,189,0,0,0,0,0,0,0,0,0,0,0,0,0,0,0,0,0,0,0,0,0,0,0,0,169,0,0,0
1744061786.001456,600038,21131154,0,pscratch,pscratch-ffff8bacc74f9800,0,0,185193399474,115093846080,0,0,18272,0,0,0,0,0,0,0,0,0,0,0,0,0,0,0,0,0,0,0,0,0,0,0,0,2364,0,0,0
1744061787.001602,600038,21131154,0,nscratch,nscratch-ffff8bace051d000,0,0,14957600,43909601,0,0,189,0,0,0,0,0,0,0,0,0,0,0,0,0,0,0,0,0,0,0,0,0,0,0,0,169,0,0,0
1744061787.001692,600038,21131154,0,pscratch,pscratch-ffff8bacc74f9800,0,0,185193399474,115094165180,0,0,18416,0,0,0,0,0,0,0,0,0,0,0,0,0,0,0,0,0,0,0,0,0,0,0,0,2364,0,0,0
1744061788.002081,600038,21131154,0,nscratch,nscratch-ffff8bace051d000,0,0,14957600,43909601,0,0,189,0,0,0,0,0,0,0,0,0,0,0,0,0,0,0,0,0,0,0,0,0,0,0,0,169,0,0,0
1744061788.002167,600038,21131154,0,pscratch,pscratch-ffff8bacc74f9800,0,0,185201674358,115094737136,0,0,18528,0,0,0,0,0,0,0,0,0,0,0,0,0,0,0,0,0,0,0,0,0,0,0,0,2364,0,0,0
1744061789.001617,600038,21131154,0,nscratch,nscratch-ffff8bace051d000,0,0,14957600,43909601,0,0,189,0,0,0,0,0,0,0,0,0,0,0,0,0,0,0,0,0,0,0,0,0,0,0,0,169,0,0,0
1744061789.001705,600038,21131154,0,pscratch,pscratch-ffff8bacc74f9800,0,0,185202090246,115094756287,0,0,18528,0,0,0,0,0,0,0,0,0,0,0,0,0,0,0,0,0,0,0,0,0,0,0,0,2364,0,0,0
1744061790.002024,600038,21131154,0,nscratch,nscratch-ffff8bace051d000,0,0,14957600,43909601,0,0,189,0,0,0,0,0,0,0,0,0,0,0,0,0,0,0,0,0,0,0,0,0,0,0,0,169,0,0,0
1744061790.002206,600038,21131154,0,pscratch,pscratch-ffff8bacc74f9800,0,0,185262870510,115160220716,0,0,18528,0,0,0,0,0,0,0,0,0,0,0,0,0,0,0,0,0,0,0,0,0,0,0,0,2364,0,0,0
1744061791.001960,600038,21131154,0,nscratch,nscratch-ffff8bace051d000,0,0,14957600,43909601,0,0,189,0,0,0,0,0,0,0,0,0,0,0,0,0,0,0,0,0,0,0,0,0,0,0,0,169,0,0,0
1744061791.002050,600038,21131154,0,pscratch,pscratch-ffff8bacc74f9800,0,0,185262870510,115160434588,0,0,18528,0,0,0,0,0,0,0,0,0,0,0,0,0,0,0,0,0,0,0,0,0,0,0,0,2364,0,0,0
1744061792.001345,600038,21131154,0,nscratch,nscratch-ffff8bace051d000,0,0,14957600,43909601,0,0,189,0,0,0,0,0,0,0,0,0,0,0,0,0,0,0,0,0,0,0,0,0,0,0,0,169,0,0,0
1744061792.001425,600038,21131154,0,pscratch,pscratch-ffff8bacc74f9800,0,0,185262870510,115160445460,0,0,18528,0,0,0,0,0,0,0,0,0,0,0,0,0,0,0,0,0,0,0,0,0,0,0,0,2364,0,0,0
1744061793.001653,600038,21131154,0,nscratch,nscratch-ffff8bace051d000,0,0,14957600,43909601,0,0,189,0,0,0,0,0,0,0,0,0,0,0,0,0,0,0,0,0,0,0,0,0,0,0,0,169,0,0,0
1744061793.001743,600038,21131154,0,pscratch,pscratch-ffff8bacc74f9800,0,0,185262870510,115160665187,0,0,18528,0,0,0,0,0,0,0,0,0,0,0,0,0,0,0,0,0,0,0,0,0,0,0,0,2364,0,0,0
1744061794.002227,600038,21131154,0,nscratch,nscratch-ffff8bace051d000,0,0,14957600,43909601,0,0,189,0,0,0,0,0,0,0,0,0,0,0,0,0,0,0,0,0,0,0,0,0,0,0,0,169,0,0,0
1744061794.002310,600038,21131154,0,pscratch,pscratch-ffff8bacc74f9800,0,0,185262870510,115160670625,0,0,18528,0,0,0,0,0,0,0,0,0,0,0,0,0,0,0,0,0,0,0,0,0,0,0,0,2364,0,0,0
1744061795.001621,600038,21131154,0,nscratch,nscratch-ffff8bace051d000,0,0,14957600,43909601,0,0,189,0,0,0,0,0,0,0,0,0,0,0,0,0,0,0,0,0,0,0,0,0,0,0,0,169,0,0,0
1744061795.001710,600038,21131154,0,pscratch,pscratch-ffff8bacc74f9800,0,0,185262870510,115160734064,0,0,18528,0,0,0,0,0,0,0,0,0,0,0,0,0,0,0,0,0,0,0,0,0,0,0,0,2364,0,0,0
1744061796.001893,600038,21131154,0,nscratch,nscratch-ffff8bace051d000,0,0,14957600,43909601,0,0,189,0,0,0,0,0,0,0,0,0,0,0,0,0,0,0,0,0,0,0,0,0,0,0,0,169,0,0,0
1744061796.001978,600038,21131154,0,pscratch,pscratch-ffff8bacc74f9800,0,0,185262870510,115160904842,0,0,18528,0,0,0,0,0,0,0,0,0,0,0,0,0,0,0,0,0,0,0,0,0,0,0,0,2364,0,0,0
1744061797.001607,600038,21131154,0,nscratch,nscratch-ffff8bace051d000,0,0,14957600,43909601,0,0,189,0,0,0,0,0,0,0,0,0,0,0,0,0,0,0,0,0,0,0,0,0,0,0,0,169,0,0,0
1744061797.001735,600038,21131154,0,pscratch,pscratch-ffff8bacc74f9800,0,0,185305086886,115209788972,0,0,18528,0,0,0,0,0,0,0,0,0,0,0,0,0,0,0,0,0,0,0,0,0,0,0,0,2364,0,0,0
1744061798.002119,600038,21131154,0,nscratch,nscratch-ffff8bace051d000,0,0,14957600,43909601,0,0,189,0,0,0,0,0,0,0,0,0,0,0,0,0,0,0,0,0,0,0,0,0,0,0,0,169,0,0,0
1744061798.002235,600038,21131154,0,pscratch,pscratch-ffff8bacc74f9800,0,0,185305086886,115210008613,0,0,18528,0,0,0,0,0,0,0,0,0,0,0,0,0,0,0,0,0,0,0,0,0,0,0,0,2364,0,0,0
1744061799.001406,600038,21131154,0,nscratch,nscratch-ffff8bace051d000,0,0,14957600,43909601,0,0,189,0,0,0,0,0,0,0,0,0,0,0,0,0,0,0,0,0,0,0,0,0,0,0,0,169,0,0,0
1744061799.001488,600038,21131154,0,pscratch,pscratch-ffff8bacc74f9800,0,0,185305086886,115210014478,0,0,18528,0,0,0,0,0,0,0,0,0,0,0,0,0,0,0,0,0,0,0,0,0,0,0,0,2364,0,0,0
1744061800.001983,600038,21131154,0,nscratch,nscratch-ffff8bace051d000,0,0,14957600,43909601,0,0,189,0,0,0,0,0,0,0,0,0,0,0,0,0,0,0,0,0,0,0,0,0,0,0,0,169,0,0,0
1744061800.002104,600038,21131154,0,pscratch,pscratch-ffff8bacc74f9800,0,0,185305086886,115210026442,0,0,18528,0,0,0,0,0,0,0,0,0,0,0,0,0,0,0,0,0,0,0,0,0,0,0,0,2364,0,0,0
1744061801.001399,600038,21131154,0,nscratch,nscratch-ffff8bace051d000,0,0,14957600,43909601,0,0,189,0,0,0,0,0,0,0,0,0,0,0,0,0,0,0,0,0,0,0,0,0,0,0,0,169,0,0,0
1744061801.001484,600038,21131154,0,pscratch,pscratch-ffff8bacc74f9800,0,0,185305086886,115210240363,0,0,18528,0,0,0,0,0,0,0,0,0,0,0,0,0,0,0,0,0,0,0,0,0,0,0,0,2364,0,0,0
1744061802.001749,600038,21131154,0,nscratch,nscratch-ffff8bace051d000,0,0,14957600,43909601,0,0,189,0,0,0,0,0,0,0,0,0,0,0,0,0,0,0,0,0,0,0,0,0,0,0,0,169,0,0,0
1744061802.001877,600038,21131154,0,pscratch,pscratch-ffff8bacc74f9800,0,0,185305086886,115210259026,0,0,18528,0,0,0,0,0,0,0,0,0,0,0,0,0,0,0,0,0,0,0,0,0,0,0,0,2364,0,0,0
1744061803.001269,600038,21131154,0,nscratch,nscratch-ffff8bace051d000,0,0,14957600,43909601,0,0,189,0,0,0,0,0,0,0,0,0,0,0,0,0,0,0,0,0,0,0,0,0,0,0,0,169,0,0,0
1744061803.001369,600038,21131154,0,pscratch,pscratch-ffff8bacc74f9800,0,0,185306629334,115212512932,0,0,18528,0,0,0,0,0,0,0,0,0,0,0,0,0,0,0,0,0,0,0,0,0,0,0,0,2364,0,0,0
1744061804.001776,600038,21131154,0,nscratch,nscratch-ffff8bace051d000,0,0,14957600,43909601,0,0,189,0,0,0,0,0,0,0,0,0,0,0,0,0,0,0,0,0,0,0,0,0,0,0,0,169,0,0,0
1744061804.001876,600038,21131154,0,pscratch,pscratch-ffff8bacc74f9800,0,0,185347606462,115260727720,0,0,18528,0,0,0,0,0,0,0,0,0,0,0,0,0,0,0,0,0,0,0,0,0,0,0,0,2364,0,0,0
1744061805.002077,600038,21131154,0,nscratch,nscratch-ffff8bace051d000,0,0,14957600,43909601,0,0,189,0,0,0,0,0,0,0,0,0,0,0,0,0,0,0,0,0,0,0,0,0,0,0,0,169,0,0,0
1744061805.002176,600038,21131154,0,pscratch,pscratch-ffff8bacc74f9800,0,0,185347606462,115260733585,0,0,18528,0,0,0,0,0,0,0,0,0,0,0,0,0,0,0,0,0,0,0,0,0,0,0,0,2364,0,0,0
1744061806.001785,600038,21131154,0,nscratch,nscratch-ffff8bace051d000,0,0,14957600,43909601,0,0,189,0,0,0,0,0,0,0,0,0,0,0,0,0,0,0,0,0,0,0,0,0,0,0,0,169,0,0,0
1744061806.001893,600038,21131154,0,pscratch,pscratch-ffff8bacc74f9800,0,0,185347606462,115260738648,0,0,18528,0,0,0,0,0,0,0,0,0,0,0,0,0,0,0,0,0,0,0,0,0,0,0,0,2364,0,0,0
1744061807.002264,600038,21131154,0,nscratch,nscratch-ffff8bace051d000,0,0,14957600,43909601,0,0,189,0,0,0,0,0,0,0,0,0,0,0,0,0,0,0,0,0,0,0,0,0,0,0,0,169,0,0,0
1744061807.002345,600038,21131154,0,pscratch,pscratch-ffff8bacc74f9800,0,0,185347606462,115260744318,0,0,18528,0,0,0,0,0,0,0,0,0,0,0,0,0,0,0,0,0,0,0,0,0,0,0,0,2364,0,0,0
1744061808.001496,600038,21131154,0,nscratch,nscratch-ffff8bace051d000,0,0,14957600,43909601,0,0,189,0,0,0,0,0,0,0,0,0,0,0,0,0,0,0,0,0,0,0,0,0,0,0,0,169,0,0,0
1744061808.001579,600038,21131154,0,pscratch,pscratch-ffff8bacc74f9800,0,0,185347606462,115260753783,0,0,18528,0,0,0,0,0,0,0,0,0,0,0,0,0,0,0,0,0,0,0,0,0,0,0,0,2364,0,0,0
1744061809.001994,600038,21131154,0,nscratch,nscratch-ffff8bace051d000,0,0,14957600,43909601,0,0,189,0,0,0,0,0,0,0,0,0,0,0,0,0,0,0,0,0,0,0,0,0,0,0,0,169,0,0,0
1744061809.002085,600038,21131154,0,pscratch,pscratch-ffff8bacc74f9800,0,0,185347606462,115260976056,0,0,18528,0,0,0,0,0,0,0,0,0,0,0,0,0,0,0,0,0,0,0,0,0,0,0,0,2364,0,0,0
1744061810.001535,600038,21131154,0,nscratch,nscratch-ffff8bace051d000,0,0,14957600,43909601,0,0,189,0,0,0,0,0,0,0,0,0,0,0,0,0,0,0,0,0,0,0,0,0,0,0,0,169,0,0,0
1744061810.001618,600038,21131154,0,pscratch,pscratch-ffff8bacc74f9800,0,0,185347606462,115260981496,0,0,18528,0,0,0,0,0,0,0,0,0,0,0,0,0,0,0,0,0,0,0,0,0,0,0,0,2364,0,0,0
1744061811.001804,600038,21131154,0,nscratch,nscratch-ffff8bace051d000,0,0,14957600,43909601,0,0,189,0,0,0,0,0,0,0,0,0,0,0,0,0,0,0,0,0,0,0,0,0,0,0,0,169,0,0,0
1744061811.001918,600038,21131154,0,pscratch,pscratch-ffff8bacc74f9800,0,0,185347606462,115260986086,0,0,18528,0,0,0,0,0,0,0,0,0,0,0,0,0,0,0,0,0,0,0,0,0,0,0,0,2364,0,0,0
1744061812.001433,600038,21131154,0,nscratch,nscratch-ffff8bace051d000,0,0,14957600,43909601,0,0,189,0,0,0,0,0,0,0,0,0,0,0,0,0,0,0,0,0,0,0,0,0,0,0,0,169,0,0,0
1744061812.001555,600038,21131154,0,pscratch,pscratch-ffff8bacc74f9800,0,0,185347606462,115260987361,0,0,18528,0,0,0,0,0,0,0,0,0,0,0,0,0,0,0,0,0,0,0,0,0,0,0,0,2364,0,0,0
1744061813.001910,600038,21131154,0,nscratch,nscratch-ffff8bace051d000,0,0,14957600,43909601,0,0,189,0,0,0,0,0,0,0,0,0,0,0,0,0,0,0,0,0,0,0,0,0,0,0,0,169,0,0,0
1744061813.002014,600038,21131154,0,pscratch,pscratch-ffff8bacc74f9800,0,0,185347606462,115260993459,0,0,18528,0,0,0,0,0,0,0,0,0,0,0,0,0,0,0,0,0,0,0,0,0,0,0,0,2364,0,0,0
1744061814.001228,600038,21131154,0,nscratch,nscratch-ffff8bace051d000,0,0,14957600,43909601,0,0,189,0,0,0,0,0,0,0,0,0,0,0,0,0,0,0,0,0,0,0,0,0,0,0,0,169,0,0,0
1744061814.001328,600038,21131154,0,pscratch,pscratch-ffff8bacc74f9800,0,0,185347606462,115261215262,0,0,18528,0,0,0,0,0,0,0,0,0,0,0,0,0,0,0,0,0,0,0,0,0,0,0,0,2364,0,0,0
1744061815.001846,600038,21131154,0,nscratch,nscratch-ffff8bace051d000,0,0,14957600,43909601,0,0,189,0,0,0,0,0,0,0,0,0,0,0,0,0,0,0,0,0,0,0,0,0,0,0,0,169,0,0,0
1744061815.001966,600038,21131154,0,pscratch,pscratch-ffff8bacc74f9800,0,0,185347606462,115261223890,0,0,18528,0,0,0,0,0,0,0,0,0,0,0,0,0,0,0,0,0,0,0,0,0,0,0,0,2364,0,0,0
1744061816.002314,600038,21131154,0,nscratch,nscratch-ffff8bace051d000,0,0,14957600,43909601,0,0,189,0,0,0,0,0,0,0,0,0,0,0,0,0,0,0,0,0,0,0,0,0,0,0,0,169,0,0,0
1744061816.002397,600038,21131154,0,pscratch,pscratch-ffff8bacc74f9800,0,0,185347606462,115261228964,0,0,18528,0,0,0,0,0,0,0,0,0,0,0,0,0,0,0,0,0,0,0,0,0,0,0,0,2364,0,0,0
1744061817.001587,600038,21131154,0,nscratch,nscratch-ffff8bace051d000,0,0,14957600,43909601,0,0,189,0,0,0,0,0,0,0,0,0,0,0,0,0,0,0,0,0,0,0,0,0,0,0,0,169,0,0,0
1744061817.001676,600038,21131154,0,pscratch,pscratch-ffff8bacc74f9800,0,0,185390134326,115310906310,0,0,18528,0,0,0,0,0,0,0,0,0,0,0,0,0,0,0,0,0,0,0,0,0,0,0,0,2364,0,0,0
1744061818.002114,600038,21131154,0,nscratch,nscratch-ffff8bace051d000,0,0,14957600,43909601,0,0,189,0,0,0,0,0,0,0,0,0,0,0,0,0,0,0,0,0,0,0,0,0,0,0,0,169,0,0,0
1744061818.002200,600038,21131154,0,pscratch,pscratch-ffff8bacc74f9800,0,0,185390134326,115310912408,0,0,18528,0,0,0,0,0,0,0,0,0,0,0,0,0,0,0,0,0,0,0,0,0,0,0,0,2364,0,0,0
1744061819.001605,600038,21131154,0,nscratch,nscratch-ffff8bace051d000,0,0,14957600,43909601,0,0,189,0,0,0,0,0,0,0,0,0,0,0,0,0,0,0,0,0,0,0,0,0,0,0,0,169,0,0,0
1744061819.001687,600038,21131154,0,pscratch,pscratch-ffff8bacc74f9800,0,0,185390134326,115310912834,0,0,18528,0,0,0,0,0,0,0,0,0,0,0,0,0,0,0,0,0,0,0,0,0,0,0,0,2364,0,0,0
1744061820.002024,600038,21131154,0,nscratch,nscratch-ffff8bace051d000,0,0,14957600,43909601,0,0,189,0,0,0,0,0,0,0,0,0,0,0,0,0,0,0,0,0,0,0,0,0,0,0,0,169,0,0,0
1744061820.002164,600038,21131154,0,pscratch,pscratch-ffff8bacc74f9800,0,0,185390134326,115311141263,0,0,18528,0,0,0,0,0,0,0,0,0,0,0,0,0,0,0,0,0,0,0,0,0,0,0,0,2364,0,0,0
1744061821.001573,600038,21131154,0,nscratch,nscratch-ffff8bace051d000,0,0,14957600,43909601,0,0,189,0,0,0,0,0,0,0,0,0,0,0,0,0,0,0,0,0,0,0,0,0,0,0,0,169,0,0,0
1744061821.001655,600038,21131154,0,pscratch,pscratch-ffff8bacc74f9800,0,0,185390134326,115311155124,0,0,18528,0,0,0,0,0,0,0,0,0,0,0,0,0,0,0,0,0,0,0,0,0,0,0,0,2364,0,0,0
1744061822.002029,600038,21131154,0,nscratch,nscratch-ffff8bace051d000,0,0,14957600,43909601,0,0,189,0,0,0,0,0,0,0,0,0,0,0,0,0,0,0,0,0,0,0,0,0,0,0,0,169,0,0,0
1744061822.002112,600038,21131154,0,pscratch,pscratch-ffff8bacc74f9800,0,0,185390134326,115311155585,0,0,18528,0,0,0,0,0,0,0,0,0,0,0,0,0,0,0,0,0,0,0,0,0,0,0,0,2364,0,0,0
1744061823.001348,600038,21131154,0,nscratch,nscratch-ffff8bace051d000,0,0,14957600,43909601,0,0,189,0,0,0,0,0,0,0,0,0,0,0,0,0,0,0,0,0,0,0,0,0,0,0,0,169,0,0,0
1744061823.001450,600038,21131154,0,pscratch,pscratch-ffff8bacc74f9800,0,0,185390134326,115311162109,0,0,18528,0,0,0,0,0,0,0,0,0,0,0,0,0,0,0,0,0,0,0,0,0,0,0,0,2364,0,0,0
1744061824.001891,600038,21131154,0,nscratch,nscratch-ffff8bace051d000,0,0,14957600,43909601,0,0,189,0,0,0,0,0,0,0,0,0,0,0,0,0,0,0,0,0,0,0,0,0,0,0,0,169,0,0,0
1744061824.001974,600038,21131154,0,pscratch,pscratch-ffff8bacc74f9800,0,0,185390134326,115311167552,0,0,18528,0,0,0,0,0,0,0,0,0,0,0,0,0,0,0,0,0,0,0,0,0,0,0,0,2364,0,0,0
1744061825.002262,600038,21131154,0,nscratch,nscratch-ffff8bace051d000,0,0,14957600,43909601,0,0,189,0,0,0,0,0,0,0,0,0,0,0,0,0,0,0,0,0,0,0,0,0,0,0,0,169,0,0,0
1744061825.002341,600038,21131154,0,pscratch,pscratch-ffff8bacc74f9800,0,0,185390134326,115311167552,0,0,18528,0,0,0,0,0,0,0,0,0,0,0,0,0,0,0,0,0,0,0,0,0,0,0,0,2364,0,0,0
1744061826.001486,600038,21131154,0,nscratch,nscratch-ffff8bace051d000,0,0,14957600,43909601,0,0,189,0,0,0,0,0,0,0,0,0,0,0,0,0,0,0,0,0,0,0,0,0,0,0,0,169,0,0,0
1744061826.001575,600038,21131154,0,pscratch,pscratch-ffff8bacc74f9800,0,0,185390134326,115311398772,0,0,18528,0,0,0,0,0,0,0,0,0,0,0,0,0,0,0,0,0,0,0,0,0,0,0,0,2364,0,0,0
1744061827.002060,600038,21131154,0,nscratch,nscratch-ffff8bace051d000,0,0,14957600,43909601,0,0,189,0,0,0,0,0,0,0,0,0,0,0,0,0,0,0,0,0,0,0,0,0,0,0,0,169,0,0,0
1744061827.002162,600038,21131154,0,pscratch,pscratch-ffff8bacc74f9800,0,0,185390134326,115311412408,0,0,18528,0,0,0,0,0,0,0,0,0,0,0,0,0,0,0,0,0,0,0,0,0,0,0,0,2364,0,0,0
1744061828.001604,600038,21131154,0,nscratch,nscratch-ffff8bace051d000,0,0,14957600,43909601,0,0,189,0,0,0,0,0,0,0,0,0,0,0,0,0,0,0,0,0,0,0,0,0,0,0,0,169,0,0,0
1744061828.001688,600038,21131154,0,pscratch,pscratch-ffff8bacc74f9800,0,0,185390134326,115311412408,0,0,18528,0,0,0,0,0,0,0,0,0,0,0,0,0,0,0,0,0,0,0,0,0,0,0,0,2364,0,0,0
1744061829.001837,600038,21131154,0,nscratch,nscratch-ffff8bace051d000,0,0,14957600,43909601,0,0,189,0,0,0,0,0,0,0,0,0,0,0,0,0,0,0,0,0,0,0,0,0,0,0,0,169,0,0,0
1744061829.001970,600038,21131154,0,pscratch,pscratch-ffff8bacc74f9800,0,0,185390134326,115311418935,0,0,18528,0,0,0,0,0,0,0,0,0,0,0,0,0,0,0,0,0,0,0,0,0,0,0,0,2364,0,0,0
1744061830.001624,600038,21131154,0,nscratch,nscratch-ffff8bace051d000,0,0,14957600,43909601,0,0,189,0,0,0,0,0,0,0,0,0,0,0,0,0,0,0,0,0,0,0,0,0,0,0,0,169,0,0,0
1744061830.001793,600038,21131154,0,pscratch,pscratch-ffff8bacc74f9800,0,0,185390134326,115311424806,0,0,18528,0,0,0,0,0,0,0,0,0,0,0,0,0,0,0,0,0,0,0,0,0,0,0,0,2364,0,0,0
1744061831.002101,600038,21131154,0,nscratch,nscratch-ffff8bace051d000,0,0,14957600,43909601,0,0,189,0,0,0,0,0,0,0,0,0,0,0,0,0,0,0,0,0,0,0,0,0,0,0,0,169,0,0,0
1744061831.002200,600038,21131154,0,pscratch,pscratch-ffff8bacc74f9800,0,0,185432719630,115360675110,0,0,18528,0,0,0,0,0,0,0,0,0,0,0,0,0,0,0,0,0,0,0,0,0,0,0,0,2364,0,0,0
1744061832.001465,600038,21131154,0,nscratch,nscratch-ffff8bace051d000,0,0,14957600,43909601,0,0,189,0,0,0,0,0,0,0,0,0,0,0,0,0,0,0,0,0,0,0,0,0,0,0,0,169,0,0,0
1744061832.001626,600038,21131154,0,pscratch,pscratch-ffff8bacc74f9800,0,0,185432719630,115361164748,0,0,18528,0,0,0,0,0,0,0,0,0,0,0,0,0,0,0,0,0,0,0,0,0,0,0,0,2364,0,0,0
1744061833.002076,600038,21131154,0,nscratch,nscratch-ffff8bace051d000,0,0,14957600,43909601,0,0,189,0,0,0,0,0,0,0,0,0,0,0,0,0,0,0,0,0,0,0,0,0,0,0,0,169,0,0,0
1744061833.002162,600038,21131154,0,pscratch,pscratch-ffff8bacc74f9800,0,0,185432719630,115361170192,0,0,18528,0,0,0,0,0,0,0,0,0,0,0,0,0,0,0,0,0,0,0,0,0,0,0,0,2364,0,0,0
1744061834.001482,600038,21131154,0,nscratch,nscratch-ffff8bace051d000,0,0,14957600,43909601,0,0,189,0,0,0,0,0,0,0,0,0,0,0,0,0,0,0,0,0,0,0,0,0,0,0,0,169,0,0,0
1744061834.001561,600038,21131154,0,pscratch,pscratch-ffff8bacc74f9800,0,0,185432719630,115361178383,0,0,18528,0,0,0,0,0,0,0,0,0,0,0,0,0,0,0,0,0,0,0,0,0,0,0,0,2364,0,0,0
1744061835.001717,600038,21131154,0,nscratch,nscratch-ffff8bace051d000,0,0,14957600,43909601,0,0,189,0,0,0,0,0,0,0,0,0,0,0,0,0,0,0,0,0,0,0,0,0,0,0,0,169,0,0,0
1744061835.001803,600038,21131154,0,pscratch,pscratch-ffff8bacc74f9800,0,0,185432719630,115361184480,0,0,18528,0,0,0,0,0,0,0,0,0,0,0,0,0,0,0,0,0,0,0,0,0,0,0,0,2364,0,0,0
1744061836.002293,600038,21131154,0,nscratch,nscratch-ffff8bace051d000,0,0,14957600,43909601,0,0,189,0,0,0,0,0,0,0,0,0,0,0,0,0,0,0,0,0,0,0,0,0,0,0,0,169,0,0,0
1744061836.002374,600038,21131154,0,pscratch,pscratch-ffff8bacc74f9800,0,0,185432719630,115361189972,0,0,18528,0,0,0,0,0,0,0,0,0,0,0,0,0,0,0,0,0,0,0,0,0,0,0,0,2364,0,0,0
1744061837.001850,600038,21131154,0,nscratch,nscratch-ffff8bace051d000,0,0,14957600,43909601,0,0,189,0,0,0,0,0,0,0,0,0,0,0,0,0,0,0,0,0,0,0,0,0,0,0,0,169,0,0,0
1744061837.001969,600038,21131154,0,pscratch,pscratch-ffff8bacc74f9800,0,0,185432719630,115361205372,0,0,18528,0,0,0,0,0,0,0,0,0,0,0,0,0,0,0,0,0,0,0,0,0,0,0,0,2364,0,0,0
1744061838.002130,600038,21131154,0,nscratch,nscratch-ffff8bace051d000,0,0,14957600,43909601,0,0,189,0,0,0,0,0,0,0,0,0,0,0,0,0,0,0,0,0,0,0,0,0,0,0,0,169,0,0,0
1744061838.002248,600038,21131154,0,pscratch,pscratch-ffff8bacc74f9800,0,0,185432719630,115361420440,0,0,18528,0,0,0,0,0,0,0,0,0,0,0,0,0,0,0,0,0,0,0,0,0,0,0,0,2364,0,0,0
1744061839.001794,600038,21131154,0,nscratch,nscratch-ffff8bace051d000,0,0,14957600,43909601,0,0,189,0,0,0,0,0,0,0,0,0,0,0,0,0,0,0,0,0,0,0,0,0,0,0,0,169,0,0,0
1744061839.001895,600038,21131154,0,pscratch,pscratch-ffff8bacc74f9800,0,0,185432719630,115361425457,0,0,18528,0,0,0,0,0,0,0,0,0,0,0,0,0,0,0,0,0,0,0,0,0,0,0,0,2364,0,0,0
1744061840.002233,600038,21131154,0,nscratch,nscratch-ffff8bace051d000,0,0,14957600,43909601,0,0,189,0,0,0,0,0,0,0,0,0,0,0,0,0,0,0,0,0,0,0,0,0,0,0,0,169,0,0,0
1744061840.002358,600038,21131154,0,pscratch,pscratch-ffff8bacc74f9800,0,0,185432719630,115361425457,0,0,18528,0,0,0,0,0,0,0,0,0,0,0,0,0,0,0,0,0,0,0,0,0,0,0,0,2364,0,0,0
1744061841.001634,600038,21131154,0,nscratch,nscratch-ffff8bace051d000,0,0,14957600,43909601,0,0,189,0,0,0,0,0,0,0,0,0,0,0,0,0,0,0,0,0,0,0,0,0,0,0,0,169,0,0,0
1744061841.001715,600038,21131154,0,pscratch,pscratch-ffff8bacc74f9800,0,0,185432719630,115361440187,0,0,18528,0,0,0,0,0,0,0,0,0,0,0,0,0,0,0,0,0,0,0,0,0,0,0,0,2364,0,0,0
1744061842.002199,600038,21131154,0,nscratch,nscratch-ffff8bace051d000,0,0,14957600,43909601,0,0,189,0,0,0,0,0,0,0,0,0,0,0,0,0,0,0,0,0,0,0,0,0,0,0,0,169,0,0,0
1744061842.002280,600038,21131154,0,pscratch,pscratch-ffff8bacc74f9800,0,0,185432719630,115361447174,0,0,18528,0,0,0,0,0,0,0,0,0,0,0,0,0,0,0,0,0,0,0,0,0,0,0,0,2364,0,0,0
1744061843.001622,600038,21131154,0,nscratch,nscratch-ffff8bace051d000,0,0,14957600,43909601,0,0,189,0,0,0,0,0,0,0,0,0,0,0,0,0,0,0,0,0,0,0,0,0,0,0,0,169,0,0,0
1744061843.001743,600038,21131154,0,pscratch,pscratch-ffff8bacc74f9800,0,0,185432719630,115361447174,0,0,18528,0,0,0,0,0,0,0,0,0,0,0,0,0,0,0,0,0,0,0,0,0,0,0,0,2364,0,0,0
1744061844.001960,600038,21131154,0,nscratch,nscratch-ffff8bace051d000,0,0,14957600,43909601,0,0,189,0,0,0,0,0,0,0,0,0,0,0,0,0,0,0,0,0,0,0,0,0,0,0,0,169,0,0,0
1744061844.002091,600038,21131154,0,pscratch,pscratch-ffff8bacc74f9800,0,0,185432719630,115361677539,0,0,18528,0,0,0,0,0,0,0,0,0,0,0,0,0,0,0,0,0,0,0,0,0,0,0,0,2364,0,0,0
1744061845.001603,600038,21131154,0,nscratch,nscratch-ffff8bace051d000,0,0,14957600,43909601,0,0,189,0,0,0,0,0,0,0,0,0,0,0,0,0,0,0,0,0,0,0,0,0,0,0,0,169,0,0,0
1744061845.001689,600038,21131154,0,pscratch,pscratch-ffff8bacc74f9800,0,0,185432719630,115361682129,0,0,18528,0,0,0,0,0,0,0,0,0,0,0,0,0,0,0,0,0,0,0,0,0,0,0,0,2364,0,0,0
1744061846.002029,600038,21131154,0,nscratch,nscratch-ffff8bace051d000,0,0,14957600,43909601,0,0,189,0,0,0,0,0,0,0,0,0,0,0,0,0,0,0,0,0,0,0,0,0,0,0,0,169,0,0,0
1744061846.002114,600038,21131154,0,pscratch,pscratch-ffff8bacc74f9800,0,0,185432719630,115361683409,0,0,18528,0,0,0,0,0,0,0,0,0,0,0,0,0,0,0,0,0,0,0,0,0,0,0,0,2364,0,0,0
1744061847.001377,600038,21131154,0,nscratch,nscratch-ffff8bace051d000,0,0,14957600,43909601,0,0,189,0,0,0,0,0,0,0,0,0,0,0,0,0,0,0,0,0,0,0,0,0,0,0,0,169,0,0,0
1744061847.001530,600038,21131154,0,pscratch,pscratch-ffff8bacc74f9800,0,0,185475231302,115411140314,0,0,18528,0,0,0,0,0,0,0,0,0,0,0,0,0,0,0,0,0,0,0,0,0,0,0,0,2364,0,0,0
1744061848.001984,600038,21131154,0,nscratch,nscratch-ffff8bace051d000,0,0,14957600,43909601,0,0,189,0,0,0,0,0,0,0,0,0,0,0,0,0,0,0,0,0,0,0,0,0,0,0,0,169,0,0,0
1744061848.002082,600038,21131154,0,pscratch,pscratch-ffff8bacc74f9800,0,0,185475231302,115411140314,0,0,18528,0,0,0,0,0,0,0,0,0,0,0,0,0,0,0,0,0,0,0,0,0,0,0,0,2364,0,0,0
1744061849.001467,600038,21131154,0,nscratch,nscratch-ffff8bace051d000,0,0,14957600,43909601,0,0,189,0,0,0,0,0,0,0,0,0,0,0,0,0,0,0,0,0,0,0,0,0,0,0,0,169,0,0,0
1744061849.001547,600038,21131154,0,pscratch,pscratch-ffff8bacc74f9800,0,0,185475231302,115411145331,0,0,18528,0,0,0,0,0,0,0,0,0,0,0,0,0,0,0,0,0,0,0,0,0,0,0,0,2364,0,0,0
1744061850.001809,600038,21131154,0,nscratch,nscratch-ffff8bace051d000,0,0,14957600,43909601,0,0,189,0,0,0,0,0,0,0,0,0,0,0,0,0,0,0,0,0,0,0,0,0,0,0,0,169,0,0,0
1744061850.001926,600038,21131154,0,pscratch,pscratch-ffff8bacc74f9800,0,0,185475231302,115411375613,0,0,18528,0,0,0,0,0,0,0,0,0,0,0,0,0,0,0,0,0,0,0,0,0,0,0,0,2364,0,0,0
1744061851.001535,600038,21131154,0,nscratch,nscratch-ffff8bace051d000,0,0,14957600,43909601,0,0,189,0,0,0,0,0,0,0,0,0,0,0,0,0,0,0,0,0,0,0,0,0,0,0,0,169,0,0,0
1744061851.001638,600038,21131154,0,pscratch,pscratch-ffff8bacc74f9800,0,0,185475231302,115411376040,0,0,18528,0,0,0,0,0,0,0,0,0,0,0,0,0,0,0,0,0,0,0,0,0,0,0,0,2364,0,0,0
1744061852.002017,600038,21131154,0,nscratch,nscratch-ffff8bace051d000,0,0,14957600,43909601,0,0,189,0,0,0,0,0,0,0,0,0,0,0,0,0,0,0,0,0,0,0,0,0,0,0,0,169,0,0,0
1744061852.002117,600038,21131154,0,pscratch,pscratch-ffff8bacc74f9800,0,0,185475231302,115411382137,0,0,18528,0,0,0,0,0,0,0,0,0,0,0,0,0,0,0,0,0,0,0,0,0,0,0,0,2364,0,0,0
1744061853.001353,600038,21131154,0,nscratch,nscratch-ffff8bace051d000,0,0,14957600,43909601,0,0,189,0,0,0,0,0,0,0,0,0,0,0,0,0,0,0,0,0,0,0,0,0,0,0,0,169,0,0,0
1744061853.001437,600038,21131154,0,pscratch,pscratch-ffff8bacc74f9800,0,0,185475231302,115411386727,0,0,18528,0,0,0,0,0,0,0,0,0,0,0,0,0,0,0,0,0,0,0,0,0,0,0,0,2364,0,0,0
1744061854.002013,600038,21131154,0,nscratch,nscratch-ffff8bace051d000,0,0,14957600,43909601,0,0,189,0,0,0,0,0,0,0,0,0,0,0,0,0,0,0,0,0,0,0,0,0,0,0,0,169,0,0,0
1744061854.002100,600038,21131154,0,pscratch,pscratch-ffff8bacc74f9800,0,0,185475231302,115411395807,0,0,18528,0,0,0,0,0,0,0,0,0,0,0,0,0,0,0,0,0,0,0,0,0,0,0,0,2364,0,0,0
1744061855.001456,600038,21131154,0,nscratch,nscratch-ffff8bace051d000,0,0,14957600,43909601,0,0,189,0,0,0,0,0,0,0,0,0,0,0,0,0,0,0,0,0,0,0,0,0,0,0,0,169,0,0,0
1744061855.001537,600038,21131154,0,pscratch,pscratch-ffff8bacc74f9800,0,0,185475231302,115411401251,0,0,18528,0,0,0,0,0,0,0,0,0,0,0,0,0,0,0,0,0,0,0,0,0,0,0,0,2364,0,0,0
1744061856.001707,600038,21131154,0,nscratch,nscratch-ffff8bace051d000,0,0,14957600,43909601,0,0,189,0,0,0,0,0,0,0,0,0,0,0,0,0,0,0,0,0,0,0,0,0,0,0,0,169,0,0,0
1744061856.001791,600038,21131154,0,pscratch,pscratch-ffff8bacc74f9800,0,0,185475231302,115411401677,0,0,18528,0,0,0,0,0,0,0,0,0,0,0,0,0,0,0,0,0,0,0,0,0,0,0,0,2364,0,0,0
1744061857.002279,600038,21131154,0,nscratch,nscratch-ffff8bace051d000,0,0,14957600,43909601,0,0,189,0,0,0,0,0,0,0,0,0,0,0,0,0,0,0,0,0,0,0,0,0,0,0,0,169,0,0,0
1744061857.002367,600038,21131154,0,pscratch,pscratch-ffff8bacc74f9800,0,0,185475231302,115411632179,0,0,18528,0,0,0,0,0,0,0,0,0,0,0,0,0,0,0,0,0,0,0,0,0,0,0,0,2364,0,0,0
1744061858.001665,600038,21131154,0,nscratch,nscratch-ffff8bace051d000,0,0,14957600,43909601,0,0,189,0,0,0,0,0,0,0,0,0,0,0,0,0,0,0,0,0,0,0,0,0,0,0,0,169,0,0,0
1744061858.001749,600038,21131154,0,pscratch,pscratch-ffff8bacc74f9800,0,0,185475231302,115411637849,0,0,18528,0,0,0,0,0,0,0,0,0,0,0,0,0,0,0,0,0,0,0,0,0,0,0,0,2364,0,0,0
1744061859.001959,600038,21131154,0,nscratch,nscratch-ffff8bace051d000,0,0,14957600,43909601,0,0,189,0,0,0,0,0,0,0,0,0,0,0,0,0,0,0,0,0,0,0,0,0,0,0,0,169,0,0,0
1744061859.002047,600038,21131154,0,pscratch,pscratch-ffff8bacc74f9800,0,0,185475231302,115411638703,0,0,18528,0,0,0,0,0,0,0,0,0,0,0,0,0,0,0,0,0,0,0,0,0,0,0,0,2364,0,0,0
1744061860.001520,600038,21131154,0,nscratch,nscratch-ffff8bace051d000,0,0,14957600,43909601,0,0,189,0,0,0,0,0,0,0,0,0,0,0,0,0,0,0,0,0,0,0,0,0,0,0,0,169,0,0,0
1744061860.001604,600038,21131154,0,pscratch,pscratch-ffff8bacc74f9800,0,0,185475231302,115411644147,0,0,18528,0,0,0,0,0,0,0,0,0,0,0,0,0,0,0,0,0,0,0,0,0,0,0,0,2364,0,0,0
1744061861.001921,600038,21131154,0,nscratch,nscratch-ffff8bace051d000,0,0,14957600,43909601,0,0,189,0,0,0,0,0,0,0,0,0,0,0,0,0,0,0,0,0,0,0,0,0,0,0,0,169,0,0,0
1744061861.002008,600038,21131154,0,pscratch,pscratch-ffff8bacc74f9800,0,0,185475231302,115411644147,0,0,18528,0,0,0,0,0,0,0,0,0,0,0,0,0,0,0,0,0,0,0,0,0,0,0,0,2364,0,0,0
1744061862.001282,600038,21131154,0,nscratch,nscratch-ffff8bace051d000,0,0,14957600,43909601,0,0,189,0,0,0,0,0,0,0,0,0,0,0,0,0,0,0,0,0,0,0,0,0,0,0,0,169,0,0,0
1744061862.001444,600038,21131154,0,pscratch,pscratch-ffff8bacc74f9800,0,0,185475231302,115411657887,0,0,18528,0,0,0,0,0,0,0,0,0,0,0,0,0,0,0,0,0,0,0,0,0,0,0,0,2364,0,0,0
1744061863.001849,600038,21131154,0,nscratch,nscratch-ffff8bace051d000,0,0,14957600,43909601,0,0,189,0,0,0,0,0,0,0,0,0,0,0,0,0,0,0,0,0,0,0,0,0,0,0,0,169,0,0,0
1744061863.001962,600038,21131154,0,pscratch,pscratch-ffff8bacc74f9800,0,0,185517751262,115461088036,0,0,18528,0,0,0,0,0,0,0,0,0,0,0,0,0,0,0,0,0,0,0,0,0,0,0,0,2364,0,0,0
1744061864.002289,600038,21131154,0,nscratch,nscratch-ffff8bace051d000,0,0,14957600,43909601,0,0,189,0,0,0,0,0,0,0,0,0,0,0,0,0,0,0,0,0,0,0,0,0,0,0,0,169,0,0,0
1744061864.002373,600038,21131154,0,pscratch,pscratch-ffff8bacc74f9800,0,0,185517751262,115461278500,0,0,18528,0,0,0,0,0,0,0,0,0,0,0,0,0,0,0,0,0,0,0,0,0,0,0,0,2364,0,0,0
1744061865.001561,600038,21131154,0,nscratch,nscratch-ffff8bace051d000,0,0,14957600,43909601,0,0,189,0,0,0,0,0,0,0,0,0,0,0,0,0,0,0,0,0,0,0,0,0,0,0,0,169,0,0,0
1744061865.001668,600038,21131154,0,pscratch,pscratch-ffff8bacc74f9800,0,0,185517751262,115461284170,0,0,18528,0,0,0,0,0,0,0,0,0,0,0,0,0,0,0,0,0,0,0,0,0,0,0,0,2364,0,0,0
1744061866.002166,600038,21131154,0,nscratch,nscratch-ffff8bace051d000,0,0,14957600,43909601,0,0,189,0,0,0,0,0,0,0,0,0,0,0,0,0,0,0,0,0,0,0,0,0,0,0,0,169,0,0,0
1744061866.002250,600038,21131154,0,pscratch,pscratch-ffff8bacc74f9800,0,0,185517751262,115461284597,0,0,18528,0,0,0,0,0,0,0,0,0,0,0,0,0,0,0,0,0,0,0,0,0,0,0,0,2364,0,0,0
1744061867.001584,600038,21131154,0,nscratch,nscratch-ffff8bace051d000,0,0,14957600,43909601,0,0,189,0,0,0,0,0,0,0,0,0,0,0,0,0,0,0,0,0,0,0,0,0,0,0,0,169,0,0,0
1744061867.001689,600038,21131154,0,pscratch,pscratch-ffff8bacc74f9800,0,0,185517751262,115461289614,0,0,18528,0,0,0,0,0,0,0,0,0,0,0,0,0,0,0,0,0,0,0,0,0,0,0,0,2364,0,0,0
1744061868.001860,600038,21131154,0,nscratch,nscratch-ffff8bace051d000,0,0,14957600,43909601,0,0,189,0,0,0,0,0,0,0,0,0,0,0,0,0,0,0,0,0,0,0,0,0,0,0,0,169,0,0,0
1744061868.001987,600038,21131154,0,pscratch,pscratch-ffff8bacc74f9800,0,0,185517751262,115461289614,0,0,18528,0,0,0,0,0,0,0,0,0,0,0,0,0,0,0,0,0,0,0,0,0,0,0,0,2364,0,0,0
1744061869.001494,600038,21131154,0,nscratch,nscratch-ffff8bace051d000,0,0,14957600,43909601,0,0,189,0,0,0,0,0,0,0,0,0,0,0,0,0,0,0,0,0,0,0,0,0,0,0,0,169,0,0,0
1744061869.001577,600038,21131154,0,pscratch,pscratch-ffff8bacc74f9800,0,0,185517751262,115461302822,0,0,18528,0,0,0,0,0,0,0,0,0,0,0,0,0,0,0,0,0,0,0,0,0,0,0,0,2364,0,0,0
1744061870.002192,600038,21131154,0,nscratch,nscratch-ffff8bace051d000,0,0,14957600,43909601,0,0,189,0,0,0,0,0,0,0,0,0,0,0,0,0,0,0,0,0,0,0,0,0,0,0,0,169,0,0,0
1744061870.002342,600038,21131154,0,pscratch,pscratch-ffff8bacc74f9800,0,0,185517751262,115461532881,0,0,18528,0,0,0,0,0,0,0,0,0,0,0,0,0,0,0,0,0,0,0,0,0,0,0,0,2364,0,0,0
1744061871.001586,600038,21131154,0,nscratch,nscratch-ffff8bace051d000,0,0,14957600,43909601,0,0,189,0,0,0,0,0,0,0,0,0,0,0,0,0,0,0,0,0,0,0,0,0,0,0,0,169,0,0,0
1744061871.001686,600038,21131154,0,pscratch,pscratch-ffff8bacc74f9800,0,0,185517751262,115461533366,0,0,18528,0,0,0,0,0,0,0,0,0,0,0,0,0,0,0,0,0,0,0,0,0,0,0,0,2364,0,0,0
1744061872.002184,600038,21131154,0,nscratch,nscratch-ffff8bace051d000,0,0,14957600,43909601,0,0,189,0,0,0,0,0,0,0,0,0,0,0,0,0,0,0,0,0,0,0,0,0,0,0,0,169,0,0,0
1744061872.002267,600038,21131154,0,pscratch,pscratch-ffff8bacc74f9800,0,0,185517751262,115461539036,0,0,18528,0,0,0,0,0,0,0,0,0,0,0,0,0,0,0,0,0,0,0,0,0,0,0,0,2364,0,0,0
1744061873.001560,600038,21131154,0,nscratch,nscratch-ffff8bace051d000,0,0,14957600,43909601,0,0,189,0,0,0,0,0,0,0,0,0,0,0,0,0,0,0,0,0,0,0,0,0,0,0,0,169,0,0,0
1744061873.001642,600038,21131154,0,pscratch,pscratch-ffff8bacc74f9800,0,0,185517751262,115461539927,0,0,18528,0,0,0,0,0,0,0,0,0,0,0,0,0,0,0,0,0,0,0,0,0,0,0,0,2364,0,0,0
1744061874.001817,600038,21131154,0,nscratch,nscratch-ffff8bace051d000,0,0,14957600,43909601,0,0,189,0,0,0,0,0,0,0,0,0,0,0,0,0,0,0,0,0,0,0,0,0,0,0,0,169,0,0,0
1744061874.001933,600038,21131154,0,pscratch,pscratch-ffff8bacc74f9800,0,0,185517751262,115461546453,0,0,18528,0,0,0,0,0,0,0,0,0,0,0,0,0,0,0,0,0,0,0,0,0,0,0,0,2364,0,0,0
1744061875.001368,600038,21131154,0,nscratch,nscratch-ffff8bace051d000,0,0,14957600,43909601,0,0,189,0,0,0,0,0,0,0,0,0,0,0,0,0,0,0,0,0,0,0,0,0,0,0,0,169,0,0,0
1744061875.001466,600038,21131154,0,pscratch,pscratch-ffff8bacc74f9800,0,0,185517751262,115461546880,0,0,18528,0,0,0,0,0,0,0,0,0,0,0,0,0,0,0,0,0,0,0,0,0,0,0,0,2364,0,0,0
1744061876.001806,600038,21131154,0,nscratch,nscratch-ffff8bace051d000,0,0,14957600,43909601,0,0,189,0,0,0,0,0,0,0,0,0,0,0,0,0,0,0,0,0,0,0,0,0,0,0,0,169,0,0,0
1744061876.001918,600038,21131154,0,pscratch,pscratch-ffff8bacc74f9800,0,0,185517751262,115461551898,0,0,18528,0,0,0,0,0,0,0,0,0,0,0,0,0,0,0,0,0,0,0,0,0,0,0,0,2364,0,0,0
1744061877.002079,600038,21131154,0,nscratch,nscratch-ffff8bace051d000,0,0,14957600,43909601,0,0,189,0,0,0,0,0,0,0,0,0,0,0,0,0,0,0,0,0,0,0,0,0,0,0,0,169,0,0,0
1744061877.002196,600038,21131154,0,pscratch,pscratch-ffff8bacc74f9800,0,0,185517751262,115461789991,0,0,18528,0,0,0,0,0,0,0,0,0,0,0,0,0,0,0,0,0,0,0,0,0,0,0,0,2364,0,0,0
1744061878.001635,600038,21131154,0,nscratch,nscratch-ffff8bace051d000,0,0,14957600,43909601,0,0,189,0,0,0,0,0,0,0,0,0,0,0,0,0,0,0,0,0,0,0,0,0,0,0,0,169,0,0,0
1744061878.001720,600038,21131154,0,pscratch,pscratch-ffff8bacc74f9800,0,0,185517751262,115461790419,0,0,18528,0,0,0,0,0,0,0,0,0,0,0,0,0,0,0,0,0,0,0,0,0,0,0,0,2364,0,0,0
1744061879.002077,600038,21131154,0,nscratch,nscratch-ffff8bace051d000,0,0,14957600,43909601,0,0,189,0,0,0,0,0,0,0,0,0,0,0,0,0,0,0,0,0,0,0,0,0,0,0,0,169,0,0,0
1744061879.002161,600038,21131154,0,pscratch,pscratch-ffff8bacc74f9800,0,0,185517751262,115461796518,0,0,18528,0,0,0,0,0,0,0,0,0,0,0,0,0,0,0,0,0,0,0,0,0,0,0,0,2364,0,0,0
1744061880.001404,600038,21131154,0,nscratch,nscratch-ffff8bace051d000,0,0,14957600,43909601,0,0,189,0,0,0,0,0,0,0,0,0,0,0,0,0,0,0,0,0,0,0,0,0,0,0,0,169,0,0,0
1744061880.001488,600038,21131154,0,pscratch,pscratch-ffff8bacc74f9800,0,0,185517751262,115461796945,0,0,18528,0,0,0,0,0,0,0,0,0,0,0,0,0,0,0,0,0,0,0,0,0,0,0,0,2364,0,0,0
1744061881.001976,600038,21131154,0,nscratch,nscratch-ffff8bace051d000,0,0,14957600,43909601,0,0,189,0,0,0,0,0,0,0,0,0,0,0,0,0,0,0,0,0,0,0,0,0,0,0,0,169,0,0,0
1744061881.002067,600038,21131154,0,pscratch,pscratch-ffff8bacc74f9800,0,0,185560328662,115511309549,0,0,18528,0,0,0,0,0,0,0,0,0,0,0,0,0,0,0,0,0,0,0,0,0,0,0,0,2364,0,0,0
1744061882.001389,600038,21131154,0,nscratch,nscratch-ffff8bace051d000,0,0,14957600,43909601,0,0,189,0,0,0,0,0,0,0,0,0,0,0,0,0,0,0,0,0,0,0,0,0,0,0,0,169,0,0,0
1744061882.001472,600038,21131154,0,pscratch,pscratch-ffff8bacc74f9800,0,0,185560328662,115511309549,0,0,18528,0,0,0,0,0,0,0,0,0,0,0,0,0,0,0,0,0,0,0,0,0,0,0,0,2364,0,0,0
1744061883.001628,600038,21131154,0,nscratch,nscratch-ffff8bace051d000,0,0,14957600,43909601,0,0,189,0,0,0,0,0,0,0,0,0,0,0,0,0,0,0,0,0,0,0,0,0,0,0,0,169,0,0,0
1744061883.001732,600038,21131154,0,pscratch,pscratch-ffff8bacc74f9800,0,0,185560328662,115511314567,0,0,18528,0,0,0,0,0,0,0,0,0,0,0,0,0,0,0,0,0,0,0,0,0,0,0,0,2364,0,0,0
1744061884.002214,600038,21131154,0,nscratch,nscratch-ffff8bace051d000,0,0,14957600,43909601,0,0,189,0,0,0,0,0,0,0,0,0,0,0,0,0,0,0,0,0,0,0,0,0,0,0,0,169,0,0,0
1744061884.002295,600038,21131154,0,pscratch,pscratch-ffff8bacc74f9800,0,0,185560328662,115511314567,0,0,18528,0,0,0,0,0,0,0,0,0,0,0,0,0,0,0,0,0,0,0,0,0,0,0,0,2364,0,0,0
1744061885.001633,600038,21131154,0,nscratch,nscratch-ffff8bace051d000,0,0,14957600,43909601,0,0,189,0,0,0,0,0,0,0,0,0,0,0,0,0,0,0,0,0,0,0,0,0,0,0,0,169,0,0,0
1744061885.001723,600038,21131154,0,pscratch,pscratch-ffff8bacc74f9800,0,0,185560328662,115511554618,0,0,18528,0,0,0,0,0,0,0,0,0,0,0,0,0,0,0,0,0,0,0,0,0,0,0,0,2364,0,0,0
1744061886.001902,600038,21131154,0,nscratch,nscratch-ffff8bace051d000,0,0,14957600,43909601,0,0,189,0,0,0,0,0,0,0,0,0,0,0,0,0,0,0,0,0,0,0,0,0,0,0,0,169,0,0,0
1744061886.002009,600038,21131154,0,pscratch,pscratch-ffff8bacc74f9800,0,0,185560328662,115511559208,0,0,18528,0,0,0,0,0,0,0,0,0,0,0,0,0,0,0,0,0,0,0,0,0,0,0,0,2364,0,0,0
1744061887.001451,600038,21131154,0,nscratch,nscratch-ffff8bace051d000,0,0,14957600,43909601,0,0,189,0,0,0,0,0,0,0,0,0,0,0,0,0,0,0,0,0,0,0,0,0,0,0,0,169,0,0,0
1744061887.001533,600038,21131154,0,pscratch,pscratch-ffff8bacc74f9800,0,0,185560328662,115511559636,0,0,18528,0,0,0,0,0,0,0,0,0,0,0,0,0,0,0,0,0,0,0,0,0,0,0,0,2364,0,0,0
1744061888.001915,600038,21131154,0,nscratch,nscratch-ffff8bace051d000,0,0,14957600,43909601,0,0,189,0,0,0,0,0,0,0,0,0,0,0,0,0,0,0,0,0,0,0,0,0,0,0,0,169,0,0,0
1744061888.002036,600038,21131154,0,pscratch,pscratch-ffff8bacc74f9800,0,0,185560328662,115511564226,0,0,18528,0,0,0,0,0,0,0,0,0,0,0,0,0,0,0,0,0,0,0,0,0,0,0,0,2364,0,0,0
1744061889.001216,600038,21131154,0,nscratch,nscratch-ffff8bace051d000,0,0,14957600,43909601,0,0,189,0,0,0,0,0,0,0,0,0,0,0,0,0,0,0,0,0,0,0,0,0,0,0,0,169,0,0,0
1744061889.001299,600038,21131154,0,pscratch,pscratch-ffff8bacc74f9800,0,0,185560328662,115511565119,0,0,18528,0,0,0,0,0,0,0,0,0,0,0,0,0,0,0,0,0,0,0,0,0,0,0,0,2364,0,0,0
1744061890.002045,600038,21131154,0,nscratch,nscratch-ffff8bace051d000,0,0,14957600,43909601,0,0,189,0,0,0,0,0,0,0,0,0,0,0,0,0,0,0,0,0,0,0,0,0,0,0,0,169,0,0,0
1744061890.002144,600038,21131154,0,pscratch,pscratch-ffff8bacc74f9800,0,0,185560328662,115511571698,0,0,18528,0,0,0,0,0,0,0,0,0,0,0,0,0,0,0,0,0,0,0,0,0,0,0,0,2364,0,0,0
1744061891.001625,600038,21131154,0,nscratch,nscratch-ffff8bace051d000,0,0,14957600,43909601,0,0,189,0,0,0,0,0,0,0,0,0,0,0,0,0,0,0,0,0,0,0,0,0,0,0,0,169,0,0,0
1744061891.001706,600038,21131154,0,pscratch,pscratch-ffff8bacc74f9800,0,0,185560328662,115511571698,0,0,18528,0,0,0,0,0,0,0,0,0,0,0,0,0,0,0,0,0,0,0,0,0,0,0,0,2364,0,0,0
1744061892.001929,600038,21131154,0,nscratch,nscratch-ffff8bace051d000,0,0,14957600,43909601,0,0,189,0,0,0,0,0,0,0,0,0,0,0,0,0,0,0,0,0,0,0,0,0,0,0,0,169,0,0,0
1744061892.002026,600038,21131154,0,pscratch,pscratch-ffff8bacc74f9800,0,0,185560328662,115511808662,0,0,18528,0,0,0,0,0,0,0,0,0,0,0,0,0,0,0,0,0,0,0,0,0,0,0,0,2364,0,0,0
1744061893.001572,600038,21131154,0,nscratch,nscratch-ffff8bace051d000,0,0,14957600,43909601,0,0,189,0,0,0,0,0,0,0,0,0,0,0,0,0,0,0,0,0,0,0,0,0,0,0,0,169,0,0,0
1744061893.001653,600038,21131154,0,pscratch,pscratch-ffff8bacc74f9800,0,0,185560328662,115511816867,0,0,18528,0,0,0,0,0,0,0,0,0,0,0,0,0,0,0,0,0,0,0,0,0,0,0,0,2364,0,0,0
1744061894.002016,600038,21131154,0,nscratch,nscratch-ffff8bace051d000,0,0,14957600,43909601,0,0,189,0,0,0,0,0,0,0,0,0,0,0,0,0,0,0,0,0,0,0,0,0,0,0,0,169,0,0,0
1744061894.002096,600038,21131154,0,pscratch,pscratch-ffff8bacc74f9800,0,0,185560328662,115511821885,0,0,18528,0,0,0,0,0,0,0,0,0,0,0,0,0,0,0,0,0,0,0,0,0,0,0,0,2364,0,0,0
1744061895.001360,600038,21131154,0,nscratch,nscratch-ffff8bace051d000,0,0,14957600,43909601,0,0,189,0,0,0,0,0,0,0,0,0,0,0,0,0,0,0,0,0,0,0,0,0,0,0,0,169,0,0,0
1744061895.001489,600038,21131154,0,pscratch,pscratch-ffff8bacc74f9800,0,0,185560328662,115511821885,0,0,18528,0,0,0,0,0,0,0,0,0,0,0,0,0,0,0,0,0,0,0,0,0,0,0,0,2364,0,0,0
1744061896.001962,600038,21131154,0,nscratch,nscratch-ffff8bace051d000,0,0,14957600,43909601,0,0,189,0,0,0,0,0,0,0,0,0,0,0,0,0,0,0,0,0,0,0,0,0,0,0,0,169,0,0,0
1744061896.002048,600038,21131154,0,pscratch,pscratch-ffff8bacc74f9800,0,0,185560328662,115511826904,0,0,18528,0,0,0,0,0,0,0,0,0,0,0,0,0,0,0,0,0,0,0,0,0,0,0,0,2364,0,0,0
1744061897.001339,600038,21131154,0,nscratch,nscratch-ffff8bace051d000,0,0,14957600,43909601,0,0,189,0,0,0,0,0,0,0,0,0,0,0,0,0,0,0,0,0,0,0,0,0,0,0,0,169,0,0,0
1744061897.001419,600038,21131154,0,pscratch,pscratch-ffff8bacc74f9800,0,0,185560328662,115511831921,0,0,18528,0,0,0,0,0,0,0,0,0,0,0,0,0,0,0,0,0,0,0,0,0,0,0,0,2364,0,0,0
1744061898.001596,600038,21131154,0,nscratch,nscratch-ffff8bace051d000,0,0,14957600,43909601,0,0,189,0,0,0,0,0,0,0,0,0,0,0,0,0,0,0,0,0,0,0,0,0,0,0,0,169,0,0,0
1744061898.001677,600038,21131154,0,pscratch,pscratch-ffff8bacc74f9800,0,0,185560328662,115511832349,0,0,18528,0,0,0,0,0,0,0,0,0,0,0,0,0,0,0,0,0,0,0,0,0,0,0,0,2364,0,0,0
1744061899.002116,600038,21131154,0,nscratch,nscratch-ffff8bace051d000,0,0,14957600,43909601,0,0,189,0,0,0,0,0,0,0,0,0,0,0,0,0,0,0,0,0,0,0,0,0,0,0,0,169,0,0,0
1744061899.002210,600038,21131154,0,pscratch,pscratch-ffff8bacc74f9800,0,0,185602832430,115561523771,0,0,18528,0,0,0,0,0,0,0,0,0,0,0,0,0,0,0,0,0,0,0,0,0,0,0,0,2364,0,0,0
1744061900.001524,600038,21131154,0,nscratch,nscratch-ffff8bace051d000,0,0,14957600,43909601,0,0,189,0,0,0,0,0,0,0,0,0,0,0,0,0,0,0,0,0,0,0,0,0,0,0,0,169,0,0,0
1744061900.001603,600038,21131154,0,pscratch,pscratch-ffff8bacc74f9800,0,0,185602832430,115561524199,0,0,18528,0,0,0,0,0,0,0,0,0,0,0,0,0,0,0,0,0,0,0,0,0,0,0,0,2364,0,0,0
1744061901.001759,600038,21131154,0,nscratch,nscratch-ffff8bace051d000,0,0,14957600,43909601,0,0,189,0,0,0,0,0,0,0,0,0,0,0,0,0,0,0,0,0,0,0,0,0,0,0,0,169,0,0,0
1744061901.001840,600038,21131154,0,pscratch,pscratch-ffff8bacc74f9800,0,0,185602832430,115561528789,0,0,18528,0,0,0,0,0,0,0,0,0,0,0,0,0,0,0,0,0,0,0,0,0,0,0,0,2364,0,0,0
1744061902.001286,600038,21131154,0,nscratch,nscratch-ffff8bace051d000,0,0,14957600,43909601,0,0,189,0,0,0,0,0,0,0,0,0,0,0,0,0,0,0,0,0,0,0,0,0,0,0,0,169,0,0,0
1744061902.001367,600038,21131154,0,pscratch,pscratch-ffff8bacc74f9800,0,0,185602832430,115561538816,0,0,18528,0,0,0,0,0,0,0,0,0,0,0,0,0,0,0,0,0,0,0,0,0,0,0,0,2364,0,0,0
1744061903.001688,600038,21131154,0,nscratch,nscratch-ffff8bace051d000,0,0,14957600,43909601,0,0,189,0,0,0,0,0,0,0,0,0,0,0,0,0,0,0,0,0,0,0,0,0,0,0,0,169,0,0,0
1744061903.001767,600038,21131154,0,pscratch,pscratch-ffff8bacc74f9800,0,0,185602832430,115561543406,0,0,18528,0,0,0,0,0,0,0,0,0,0,0,0,0,0,0,0,0,0,0,0,0,0,0,0,2364,0,0,0
1744061904.001925,600038,21131154,0,nscratch,nscratch-ffff8bace051d000,0,0,14957600,43909601,0,0,189,0,0,0,0,0,0,0,0,0,0,0,0,0,0,0,0,0,0,0,0,0,0,0,0,169,0,0,0
1744061904.002009,600038,21131154,0,pscratch,pscratch-ffff8bacc74f9800,0,0,185602832430,115561543834,0,0,18528,0,0,0,0,0,0,0,0,0,0,0,0,0,0,0,0,0,0,0,0,0,0,0,0,2364,0,0,0
1744061905.001474,600038,21131154,0,nscratch,nscratch-ffff8bace051d000,0,0,14957600,43909601,0,0,189,0,0,0,0,0,0,0,0,0,0,0,0,0,0,0,0,0,0,0,0,0,0,0,0,169,0,0,0
1744061905.001594,600038,21131154,0,pscratch,pscratch-ffff8bacc74f9800,0,0,185602832430,115561548852,0,0,18528,0,0,0,0,0,0,0,0,0,0,0,0,0,0,0,0,0,0,0,0,0,0,0,0,2364,0,0,0
1744061906.001929,600038,21131154,0,nscratch,nscratch-ffff8bace051d000,0,0,14957600,43909601,0,0,189,0,0,0,0,0,0,0,0,0,0,0,0,0,0,0,0,0,0,0,0,0,0,0,0,169,0,0,0
1744061906.002014,600038,21131154,0,pscratch,pscratch-ffff8bacc74f9800,0,0,185602832430,115561548852,0,0,18528,0,0,0,0,0,0,0,0,0,0,0,0,0,0,0,0,0,0,0,0,0,0,0,0,2364,0,0,0
1744061907.001287,600038,21131154,0,nscratch,nscratch-ffff8bace051d000,0,0,14957600,43909601,0,0,189,0,0,0,0,0,0,0,0,0,0,0,0,0,0,0,0,0,0,0,0,0,0,0,0,169,0,0,0
1744061907.001432,600038,21131154,0,pscratch,pscratch-ffff8bacc74f9800,0,0,185602832430,115561785563,0,0,18528,0,0,0,0,0,0,0,0,0,0,0,0,0,0,0,0,0,0,0,0,0,0,0,0,2364,0,0,0
1744061908.001898,600038,21131154,0,nscratch,nscratch-ffff8bace051d000,0,0,14957600,43909601,0,0,189,0,0,0,0,0,0,0,0,0,0,0,0,0,0,0,0,0,0,0,0,0,0,0,0,169,0,0,0
1744061908.002000,600038,21131154,0,pscratch,pscratch-ffff8bacc74f9800,0,0,185602832430,115561785990,0,0,18528,0,0,0,0,0,0,0,0,0,0,0,0,0,0,0,0,0,0,0,0,0,0,0,0,2364,0,0,0
1744061909.001298,600038,21131154,0,nscratch,nscratch-ffff8bace051d000,0,0,14957600,43909601,0,0,189,0,0,0,0,0,0,0,0,0,0,0,0,0,0,0,0,0,0,0,0,0,0,0,0,169,0,0,0
1744061909.001378,600038,21131154,0,pscratch,pscratch-ffff8bacc74f9800,0,0,185602832430,115561799257,0,0,18528,0,0,0,0,0,0,0,0,0,0,0,0,0,0,0,0,0,0,0,0,0,0,0,0,2364,0,0,0
1744061910.001656,600038,21131154,0,nscratch,nscratch-ffff8bace051d000,0,0,14957600,43909601,0,0,189,0,0,0,0,0,0,0,0,0,0,0,0,0,0,0,0,0,0,0,0,0,0,0,0,169,0,0,0
1744061910.001753,600038,21131154,0,pscratch,pscratch-ffff8bacc74f9800,0,0,185602832430,115561799257,0,0,18528,0,0,0,0,0,0,0,0,0,0,0,0,0,0,0,0,0,0,0,0,0,0,0,0,2364,0,0,0
1744061911.002221,600038,21131154,0,nscratch,nscratch-ffff8bace051d000,0,0,14957600,43909601,0,0,189,0,0,0,0,0,0,0,0,0,0,0,0,0,0,0,0,0,0,0,0,0,0,0,0,169,0,0,0
1744061911.002305,600038,21131154,0,pscratch,pscratch-ffff8bacc74f9800,0,0,185602832430,115561804275,0,0,18528,0,0,0,0,0,0,0,0,0,0,0,0,0,0,0,0,0,0,0,0,0,0,0,0,2364,0,0,0
1744061912.001813,600038,21131154,0,nscratch,nscratch-ffff8bace051d000,0,0,14957600,43909601,0,0,189,0,0,0,0,0,0,0,0,0,0,0,0,0,0,0,0,0,0,0,0,0,0,0,0,169,0,0,0
1744061912.001929,600038,21131154,0,pscratch,pscratch-ffff8bacc74f9800,0,0,185602832430,115561808865,0,0,18528,0,0,0,0,0,0,0,0,0,0,0,0,0,0,0,0,0,0,0,0,0,0,0,0,2364,0,0,0
1744061913.002100,600038,21131154,0,nscratch,nscratch-ffff8bace051d000,0,0,14957600,43909601,0,0,189,0,0,0,0,0,0,0,0,0,0,0,0,0,0,0,0,0,0,0,0,0,0,0,0,169,0,0,0
1744061913.002188,600038,21131154,0,pscratch,pscratch-ffff8bacc74f9800,0,0,185602832430,115561809721,0,0,18528,0,0,0,0,0,0,0,0,0,0,0,0,0,0,0,0,0,0,0,0,0,0,0,0,2364,0,0,0
1744061914.001766,600038,21131154,0,nscratch,nscratch-ffff8bace051d000,0,0,14957600,43909601,0,0,189,0,0,0,0,0,0,0,0,0,0,0,0,0,0,0,0,0,0,0,0,0,0,0,0,169,0,0,0
1744061914.001885,600038,21131154,0,pscratch,pscratch-ffff8bacc74f9800,0,0,185602832430,115561949778,0,0,18528,0,0,0,0,0,0,0,0,0,0,0,0,0,0,0,0,0,0,0,0,0,0,0,0,2364,0,0,0
1744061915.002250,600038,21131154,0,nscratch,nscratch-ffff8bace051d000,0,0,14957600,43909601,0,0,189,0,0,0,0,0,0,0,0,0,0,0,0,0,0,0,0,0,0,0,0,0,0,0,0,169,0,0,0
1744061915.002352,600038,21131154,0,pscratch,pscratch-ffff8bacc74f9800,0,0,185602832430,115562047485,0,0,18528,0,0,0,0,0,0,0,0,0,0,0,0,0,0,0,0,0,0,0,0,0,0,0,0,2364,0,0,0
1744061916.001595,600038,21131154,0,nscratch,nscratch-ffff8bace051d000,0,0,14957600,43909601,0,0,189,0,0,0,0,0,0,0,0,0,0,0,0,0,0,0,0,0,0,0,0,0,0,0,0,169,0,0,0
1744061916.001696,600038,21131154,0,pscratch,pscratch-ffff8bacc74f9800,0,0,185602832430,115562053155,0,0,18528,0,0,0,0,0,0,0,0,0,0,0,0,0,0,0,0,0,0,0,0,0,0,0,0,2364,0,0,0
1744061917.002135,600038,21131154,0,nscratch,nscratch-ffff8bace051d000,0,0,14957600,43909601,0,0,189,0,0,0,0,0,0,0,0,0,0,0,0,0,0,0,0,0,0,0,0,0,0,0,0,169,0,0,0
1744061917.002222,600038,21131154,0,pscratch,pscratch-ffff8bacc74f9800,0,0,185602832430,115562054011,0,0,18528,0,0,0,0,0,0,0,0,0,0,0,0,0,0,0,0,0,0,0,0,0,0,0,0,2364,0,0,0
1744061918.001476,600038,21131154,0,nscratch,nscratch-ffff8bace051d000,0,0,14957600,43909601,0,0,189,0,0,0,0,0,0,0,0,0,0,0,0,0,0,0,0,0,0,0,0,0,0,0,0,169,0,0,0
1744061918.001549,600038,21131154,0,pscratch,pscratch-ffff8bacc74f9800,0,0,185645377254,115611535285,0,0,18528,0,0,0,0,0,0,0,0,0,0,0,0,0,0,0,0,0,0,0,0,0,0,0,0,2364,0,0,0
1744061919.001693,600038,21131154,0,nscratch,nscratch-ffff8bace051d000,0,0,14957600,43909601,0,0,189,0,0,0,0,0,0,0,0,0,0,0,0,0,0,0,0,0,0,0,0,0,0,0,0,169,0,0,0
1744061919.001774,600038,21131154,0,pscratch,pscratch-ffff8bacc74f9800,0,0,185645377254,115611535713,0,0,18528,0,0,0,0,0,0,0,0,0,0,0,0,0,0,0,0,0,0,0,0,0,0,0,0,2364,0,0,0
1744061920.002318,600038,21131154,0,nscratch,nscratch-ffff8bace051d000,0,0,14957600,43909601,0,0,189,0,0,0,0,0,0,0,0,0,0,0,0,0,0,0,0,0,0,0,0,0,0,0,0,169,0,0,0
1744061920.002434,600038,21131154,0,pscratch,pscratch-ffff8bacc74f9800,0,0,185645377254,115611541814,0,0,18528,0,0,0,0,0,0,0,0,0,0,0,0,0,0,0,0,0,0,0,0,0,0,0,0,2364,0,0,0
1744061921.001758,600038,21131154,0,nscratch,nscratch-ffff8bace051d000,0,0,14957600,43909601,0,0,189,0,0,0,0,0,0,0,0,0,0,0,0,0,0,0,0,0,0,0,0,0,0,0,0,169,0,0,0
1744061921.001859,600038,21131154,0,pscratch,pscratch-ffff8bacc74f9800,0,0,185645377254,115611542241,0,0,18528,0,0,0,0,0,0,0,0,0,0,0,0,0,0,0,0,0,0,0,0,0,0,0,0,2364,0,0,0
1744061922.002082,600038,21131154,0,nscratch,nscratch-ffff8bace051d000,0,0,14957600,43909601,0,0,189,0,0,0,0,0,0,0,0,0,0,0,0,0,0,0,0,0,0,0,0,0,0,0,0,169,0,0,0
1744061922.002170,600038,21131154,0,pscratch,pscratch-ffff8bacc74f9800,0,0,185645377254,115611548172,0,0,18528,0,0,0,0,0,0,0,0,0,0,0,0,0,0,0,0,0,0,0,0,0,0,0,0,2364,0,0,0
1744061923.001784,600038,21131154,0,nscratch,nscratch-ffff8bace051d000,0,0,14957600,43909601,0,0,189,0,0,0,0,0,0,0,0,0,0,0,0,0,0,0,0,0,0,0,0,0,0,0,0,169,0,0,0
1744061923.001938,600038,21131154,0,pscratch,pscratch-ffff8bacc74f9800,0,0,185645377254,115611777537,0,0,18528,0,0,0,0,0,0,0,0,0,0,0,0,0,0,0,0,0,0,0,0,0,0,0,0,2364,0,0,0
1744061924.002363,600038,21131154,0,nscratch,nscratch-ffff8bace051d000,0,0,14957600,43909601,0,0,189,0,0,0,0,0,0,0,0,0,0,0,0,0,0,0,0,0,0,0,0,0,0,0,0,169,0,0,0
1744061924.002446,600038,21131154,0,pscratch,pscratch-ffff8bacc74f9800,0,0,185645377254,115611777537,0,0,18528,0,0,0,0,0,0,0,0,0,0,0,0,0,0,0,0,0,0,0,0,0,0,0,0,2364,0,0,0
1744061925.001591,600038,21131154,0,nscratch,nscratch-ffff8bace051d000,0,0,14957600,43909601,0,0,189,0,0,0,0,0,0,0,0,0,0,0,0,0,0,0,0,0,0,0,0,0,0,0,0,169,0,0,0
1744061925.001673,600038,21131154,0,pscratch,pscratch-ffff8bacc74f9800,0,0,185645377254,115611782555,0,0,18528,0,0,0,0,0,0,0,0,0,0,0,0,0,0,0,0,0,0,0,0,0,0,0,0,2364,0,0,0
1744061926.002128,600038,21131154,0,nscratch,nscratch-ffff8bace051d000,0,0,14957600,43909601,0,0,189,0,0,0,0,0,0,0,0,0,0,0,0,0,0,0,0,0,0,0,0,0,0,0,0,169,0,0,0
1744061926.002211,600038,21131154,0,pscratch,pscratch-ffff8bacc74f9800,0,0,185645377254,115611783020,0,0,18528,0,0,0,0,0,0,0,0,0,0,0,0,0,0,0,0,0,0,0,0,0,0,0,0,2364,0,0,0
1744061927.001565,600038,21131154,0,nscratch,nscratch-ffff8bace051d000,0,0,14957600,43909601,0,0,189,0,0,0,0,0,0,0,0,0,0,0,0,0,0,0,0,0,0,0,0,0,0,0,0,169,0,0,0
1744061927.001645,600038,21131154,0,pscratch,pscratch-ffff8bacc74f9800,0,0,185645377254,115611797737,0,0,18528,0,0,0,0,0,0,0,0,0,0,0,0,0,0,0,0,0,0,0,0,0,0,0,0,2364,0,0,0
1744061928.001843,600038,21131154,0,nscratch,nscratch-ffff8bace051d000,0,0,14957600,43909601,0,0,189,0,0,0,0,0,0,0,0,0,0,0,0,0,0,0,0,0,0,0,0,0,0,0,0,169,0,0,0
1744061928.001974,600038,21131154,0,pscratch,pscratch-ffff8bacc74f9800,0,0,185645377254,115611798165,0,0,18528,0,0,0,0,0,0,0,0,0,0,0,0,0,0,0,0,0,0,0,0,0,0,0,0,2364,0,0,0
1744061929.001404,600038,21131154,0,nscratch,nscratch-ffff8bace051d000,0,0,14957600,43909601,0,0,189,0,0,0,0,0,0,0,0,0,0,0,0,0,0,0,0,0,0,0,0,0,0,0,0,169,0,0,0
1744061929.001505,600038,21131154,0,pscratch,pscratch-ffff8bacc74f9800,0,0,185645377254,115611804263,0,0,18528,0,0,0,0,0,0,0,0,0,0,0,0,0,0,0,0,0,0,0,0,0,0,0,0,2364,0,0,0
1744061930.002000,600038,21131154,0,nscratch,nscratch-ffff8bace051d000,0,0,14957600,43909601,0,0,189,0,0,0,0,0,0,0,0,0,0,0,0,0,0,0,0,0,0,0,0,0,0,0,0,169,0,0,0
1744061930.002142,600038,21131154,0,pscratch,pscratch-ffff8bacc74f9800,0,0,185645377254,115611804263,0,0,18528,0,0,0,0,0,0,0,0,0,0,0,0,0,0,0,0,0,0,0,0,0,0,0,0,2364,0,0,0
1744061931.001417,600038,21131154,0,nscratch,nscratch-ffff8bace051d000,0,0,14957600,43909601,0,0,189,0,0,0,0,0,0,0,0,0,0,0,0,0,0,0,0,0,0,0,0,0,0,0,0,169,0,0,0
1744061931.001603,600038,21131154,0,pscratch,pscratch-ffff8bacc74f9800,0,0,185645377254,115611810193,0,0,18528,0,0,0,0,0,0,0,0,0,0,0,0,0,0,0,0,0,0,0,0,0,0,0,0,2364,0,0,0
1744061932.002095,600038,21131154,0,nscratch,nscratch-ffff8bace051d000,0,0,14957600,43909601,0,0,189,0,0,0,0,0,0,0,0,0,0,0,0,0,0,0,0,0,0,0,0,0,0,0,0,169,0,0,0
1744061932.002182,600038,21131154,0,pscratch,pscratch-ffff8bacc74f9800,0,0,185645377254,115612039842,0,0,18528,0,0,0,0,0,0,0,0,0,0,0,0,0,0,0,0,0,0,0,0,0,0,0,0,2364,0,0,0
1744061933.001727,600038,21131154,0,nscratch,nscratch-ffff8bace051d000,0,0,14957600,43909601,0,0,189,0,0,0,0,0,0,0,0,0,0,0,0,0,0,0,0,0,0,0,0,0,0,0,0,169,0,0,0
1744061933.001851,600038,21131154,0,pscratch,pscratch-ffff8bacc74f9800,0,0,185645377254,115612039842,0,0,18528,0,0,0,0,0,0,0,0,0,0,0,0,0,0,0,0,0,0,0,0,0,0,0,0,2364,0,0,0
1744061934.002019,600038,21131154,0,nscratch,nscratch-ffff8bace051d000,0,0,14957600,43909601,0,0,189,0,0,0,0,0,0,0,0,0,0,0,0,0,0,0,0,0,0,0,0,0,0,0,0,169,0,0,0
1744061934.002104,600038,21131154,0,pscratch,pscratch-ffff8bacc74f9800,0,0,185645377254,115612044864,0,0,18528,0,0,0,0,0,0,0,0,0,0,0,0,0,0,0,0,0,0,0,0,0,0,0,0,2364,0,0,0
1744061935.001654,600038,21131154,0,nscratch,nscratch-ffff8bace051d000,0,0,14957600,43909601,0,0,189,0,0,0,0,0,0,0,0,0,0,0,0,0,0,0,0,0,0,0,0,0,0,0,0,169,0,0,0
1744061935.001738,600038,21131154,0,pscratch,pscratch-ffff8bacc74f9800,0,0,185645377254,115612045291,0,0,18528,0,0,0,0,0,0,0,0,0,0,0,0,0,0,0,0,0,0,0,0,0,0,0,0,2364,0,0,0
1744061936.002114,600038,21131154,0,nscratch,nscratch-ffff8bace051d000,0,0,14957600,43909601,0,0,189,0,0,0,0,0,0,0,0,0,0,0,0,0,0,0,0,0,0,0,0,0,0,0,0,169,0,0,0
1744061936.002202,600038,21131154,0,pscratch,pscratch-ffff8bacc74f9800,0,0,185645377254,115612050309,0,0,18528,0,0,0,0,0,0,0,0,0,0,0,0,0,0,0,0,0,0,0,0,0,0,0,0,2364,0,0,0
1744061937.001483,600038,21131154,0,nscratch,nscratch-ffff8bace051d000,0,0,14957600,43909601,0,0,189,0,0,0,0,0,0,0,0,0,0,0,0,0,0,0,0,0,0,0,0,0,0,0,0,169,0,0,0
1744061937.001666,600038,21131154,0,pscratch,pscratch-ffff8bacc74f9800,0,0,185645377254,115612058506,0,0,18528,0,0,0,0,0,0,0,0,0,0,0,0,0,0,0,0,0,0,0,0,0,0,0,0,2364,0,0,0
1744061938.002136,600038,21131154,0,nscratch,nscratch-ffff8bace051d000,0,0,14957600,43909601,0,0,189,0,0,0,0,0,0,0,0,0,0,0,0,0,0,0,0,0,0,0,0,0,0,0,0,169,0,0,0
1744061938.002235,600038,21131154,0,pscratch,pscratch-ffff8bacc74f9800,0,0,185645377254,115612064604,0,0,18528,0,0,0,0,0,0,0,0,0,0,0,0,0,0,0,0,0,0,0,0,0,0,0,0,2364,0,0,0
1744061939.001710,600038,21131154,0,nscratch,nscratch-ffff8bace051d000,0,0,14957600,43909601,0,0,189,0,0,0,0,0,0,0,0,0,0,0,0,0,0,0,0,0,0,0,0,0,0,0,0,169,0,0,0
1744061939.001793,600038,21131154,0,pscratch,pscratch-ffff8bacc74f9800,0,0,185645377254,115612064604,0,0,18528,0,0,0,0,0,0,0,0,0,0,0,0,0,0,0,0,0,0,0,0,0,0,0,0,2364,0,0,0
1744061940.001963,600038,21131154,0,nscratch,nscratch-ffff8bace051d000,0,0,14957600,43909601,0,0,189,0,0,0,0,0,0,0,0,0,0,0,0,0,0,0,0,0,0,0,0,0,0,0,0,169,0,0,0
1744061940.002057,600038,21131154,0,pscratch,pscratch-ffff8bacc74f9800,0,0,185687946750,115662380170,0,0,18528,0,0,0,0,0,0,0,0,0,0,0,0,0,0,0,0,0,0,0,0,0,0,0,0,2364,0,0,0
1744061941.001551,600038,21131154,0,nscratch,nscratch-ffff8bace051d000,0,0,14957600,43909601,0,0,189,0,0,0,0,0,0,0,0,0,0,0,0,0,0,0,0,0,0,0,0,0,0,0,0,169,0,0,0
1744061941.001642,600038,21131154,0,pscratch,pscratch-ffff8bacc74f9800,0,0,185687946750,115662844925,0,0,18528,0,0,0,0,0,0,0,0,0,0,0,0,0,0,0,0,0,0,0,0,0,0,0,0,2364,0,0,0
1744061942.001964,600038,21131154,0,nscratch,nscratch-ffff8bace051d000,0,0,14957600,43909601,0,0,189,0,0,0,0,0,0,0,0,0,0,0,0,0,0,0,0,0,0,0,0,0,0,0,0,169,0,0,0
1744061942.002049,600038,21131154,0,pscratch,pscratch-ffff8bacc74f9800,0,0,185687946750,115662844925,0,0,18528,0,0,0,0,0,0,0,0,0,0,0,0,0,0,0,0,0,0,0,0,0,0,0,0,2364,0,0,0
1744061943.001317,600038,21131154,0,nscratch,nscratch-ffff8bace051d000,0,0,14957600,43909601,0,0,189,0,0,0,0,0,0,0,0,0,0,0,0,0,0,0,0,0,0,0,0,0,0,0,0,169,0,0,0
1744061943.001485,600038,21131154,0,pscratch,pscratch-ffff8bacc74f9800,0,0,185687946750,115662844925,0,0,18528,0,0,0,0,0,0,0,0,0,0,0,0,0,0,0,0,0,0,0,0,0,0,0,0,2364,0,0,0
1744061944.001936,600038,21131154,0,nscratch,nscratch-ffff8bace051d000,0,0,14957600,43909601,0,0,189,0,0,0,0,0,0,0,0,0,0,0,0,0,0,0,0,0,0,0,0,0,0,0,0,169,0,0,0
1744061944.002025,600038,21131154,0,pscratch,pscratch-ffff8bacc74f9800,0,0,185687946750,115662847378,0,0,18528,0,0,0,0,0,0,0,0,0,0,0,0,0,0,0,0,0,0,0,0,0,0,0,0,2364,0,0,0
1744061945.001354,600038,21131154,0,nscratch,nscratch-ffff8bace051d000,0,0,14957600,43909601,0,0,189,0,0,0,0,0,0,0,0,0,0,0,0,0,0,0,0,0,0,0,0,0,0,0,0,169,0,0,0
1744061945.001437,600038,21131154,0,pscratch,pscratch-ffff8bacc74f9800,0,0,185687946750,115662847378,0,0,18528,0,0,0,0,0,0,0,0,0,0,0,0,0,0,0,0,0,0,0,0,0,0,0,0,2364,0,0,0
1744061946.001596,600038,21131154,0,nscratch,nscratch-ffff8bace051d000,0,0,14957600,43909601,0,0,189,0,0,0,0,0,0,0,0,0,0,0,0,0,0,0,0,0,0,0,0,0,0,0,0,169,0,0,0
1744061946.001682,600038,21131154,0,pscratch,pscratch-ffff8bacc74f9800,0,0,185687946750,115662847378,0,0,18528,0,0,0,0,0,0,0,0,0,0,0,0,0,0,0,0,0,0,0,0,0,0,0,0,2364,0,0,0
1744061947.002113,600038,21131154,0,nscratch,nscratch-ffff8bace051d000,0,0,14957600,43909601,0,0,189,0,0,0,0,0,0,0,0,0,0,0,0,0,0,0,0,0,0,0,0,0,0,0,0,169,0,0,0
1744061947.002212,600038,21131154,0,pscratch,pscratch-ffff8bacc74f9800,0,0,185687946750,115662847378,0,0,18528,0,0,0,0,0,0,0,0,0,0,0,0,0,0,0,0,0,0,0,0,0,0,0,0,2364,0,0,0
1744061948.001504,600038,21131154,0,nscratch,nscratch-ffff8bace051d000,0,0,14957600,43909601,0,0,189,0,0,0,0,0,0,0,0,0,0,0,0,0,0,0,0,0,0,0,0,0,0,0,0,169,0,0,0
1744061948.001623,600038,21131154,0,pscratch,pscratch-ffff8bacc74f9800,0,0,185687946750,115662847378,0,0,18528,0,0,0,0,0,0,0,0,0,0,0,0,0,0,0,0,0,0,0,0,0,0,0,0,2364,0,0,0
1744061949.001800,600038,21131154,0,nscratch,nscratch-ffff8bace051d000,0,0,14957600,43909601,0,0,189,0,0,0,0,0,0,0,0,0,0,0,0,0,0,0,0,0,0,0,0,0,0,0,0,169,0,0,0
1744061949.001913,600038,21131154,0,pscratch,pscratch-ffff8bacc74f9800,0,0,185687946750,115662847378,0,0,18528,0,0,0,0,0,0,0,0,0,0,0,0,0,0,0,0,0,0,0,0,0,0,0,0,2364,0,0,0
1744061950.001333,600038,21131154,0,nscratch,nscratch-ffff8bace051d000,0,0,14957600,43909601,0,0,189,0,0,0,0,0,0,0,0,0,0,0,0,0,0,0,0,0,0,0,0,0,0,0,0,169,0,0,0
1744061950.001416,600038,21131154,0,pscratch,pscratch-ffff8bacc74f9800,0,0,185687946750,115662847378,0,0,18528,0,0,0,0,0,0,0,0,0,0,0,0,0,0,0,0,0,0,0,0,0,0,0,0,2364,0,0,0
1744061951.001746,600038,21131154,0,nscratch,nscratch-ffff8bace051d000,0,0,14957600,43909601,0,0,189,0,0,0,0,0,0,0,0,0,0,0,0,0,0,0,0,0,0,0,0,0,0,0,0,169,0,0,0
1744061951.001843,600038,21131154,0,pscratch,pscratch-ffff8bacc74f9800,0,0,185687946750,115662847378,0,0,18528,0,0,0,0,0,0,0,0,0,0,0,0,0,0,0,0,0,0,0,0,0,0,0,0,2364,0,0,0
1744061952.002041,600038,21131154,0,nscratch,nscratch-ffff8bace051d000,0,0,14957600,43909601,0,0,189,0,0,0,0,0,0,0,0,0,0,0,0,0,0,0,0,0,0,0,0,0,0,0,0,169,0,0,0
1744061952.002140,600038,21131154,0,pscratch,pscratch-ffff8bacc74f9800,0,0,185687946750,115662847378,0,0,18528,0,0,0,0,0,0,0,0,0,0,0,0,0,0,0,0,0,0,0,0,0,0,0,0,2364,0,0,0
1744061953.001709,600038,21131154,0,nscratch,nscratch-ffff8bace051d000,0,0,14957600,43909601,0,0,189,0,0,0,0,0,0,0,0,0,0,0,0,0,0,0,0,0,0,0,0,0,0,0,0,169,0,0,0
1744061953.001789,600038,21131154,0,pscratch,pscratch-ffff8bacc74f9800,0,0,185687946750,115662847378,0,0,18528,0,0,0,0,0,0,0,0,0,0,0,0,0,0,0,0,0,0,0,0,0,0,0,0,2364,0,0,0
1744061954.002153,600038,21131154,0,nscratch,nscratch-ffff8bace051d000,0,0,14957600,43909601,0,0,189,0,0,0,0,0,0,0,0,0,0,0,0,0,0,0,0,0,0,0,0,0,0,0,0,169,0,0,0
1744061954.002234,600038,21131154,0,pscratch,pscratch-ffff8bacc74f9800,0,0,185687946750,115662847378,0,0,18528,0,0,0,0,0,0,0,0,0,0,0,0,0,0,0,0,0,0,0,0,0,0,0,0,2364,0,0,0
1744061955.001426,600038,21131154,0,nscratch,nscratch-ffff8bace051d000,0,0,14957600,43909601,0,0,189,0,0,0,0,0,0,0,0,0,0,0,0,0,0,0,0,0,0,0,0,0,0,0,0,169,0,0,0
1744061955.001506,600038,21131154,0,pscratch,pscratch-ffff8bacc74f9800,0,0,185687946750,115662847378,0,0,18528,0,0,0,0,0,0,0,0,0,0,0,0,0,0,0,0,0,0,0,0,0,0,0,0,2364,0,0,0
1744061956.001935,600038,21131154,0,nscratch,nscratch-ffff8bace051d000,0,0,14957600,43909601,0,0,189,0,0,0,0,0,0,0,0,0,0,0,0,0,0,0,0,0,0,0,0,0,0,0,0,169,0,0,0
1744061956.002020,600038,21131154,0,pscratch,pscratch-ffff8bacc74f9800,0,0,185687946750,115662847378,0,0,18528,0,0,0,0,0,0,0,0,0,0,0,0,0,0,0,0,0,0,0,0,0,0,0,0,2364,0,0,0
1744061957.001426,600038,21131154,0,nscratch,nscratch-ffff8bace051d000,0,0,14957600,43909601,0,0,189,0,0,0,0,0,0,0,0,0,0,0,0,0,0,0,0,0,0,0,0,0,0,0,0,169,0,0,0
1744061957.001521,600038,21131154,0,pscratch,pscratch-ffff8bacc74f9800,0,0,185687946750,115662847378,0,0,18528,0,0,0,0,0,0,0,0,0,0,0,0,0,0,0,0,0,0,0,0,0,0,0,0,2364,0,0,0
1744061958.001736,600038,21131154,0,nscratch,nscratch-ffff8bace051d000,0,0,14957600,43909601,0,0,189,0,0,0,0,0,0,0,0,0,0,0,0,0,0,0,0,0,0,0,0,0,0,0,0,169,0,0,0
1744061958.001820,600038,21131154,0,pscratch,pscratch-ffff8bacc74f9800,0,0,185687946750,115662847378,0,0,18528,0,0,0,0,0,0,0,0,0,0,0,0,0,0,0,0,0,0,0,0,0,0,0,0,2364,0,0,0
1744061959.002246,600038,21131154,0,nscratch,nscratch-ffff8bace051d000,0,0,14957600,43909601,0,0,189,0,0,0,0,0,0,0,0,0,0,0,0,0,0,0,0,0,0,0,0,0,0,0,0,169,0,0,0
1744061959.002326,600038,21131154,0,pscratch,pscratch-ffff8bacc74f9800,0,0,185687946750,115662847378,0,0,18528,0,0,0,0,0,0,0,0,0,0,0,0,0,0,0,0,0,0,0,0,0,0,0,0,2364,0,0,0
1744061960.001719,600038,21131154,0,nscratch,nscratch-ffff8bace051d000,0,0,14957600,43909601,0,0,189,0,0,0,0,0,0,0,0,0,0,0,0,0,0,0,0,0,0,0,0,0,0,0,0,169,0,0,0
1744061960.001800,600038,21131154,0,pscratch,pscratch-ffff8bacc74f9800,0,0,185687946750,115662847378,0,0,18528,0,0,0,0,0,0,0,0,0,0,0,0,0,0,0,0,0,0,0,0,0,0,0,0,2364,0,0,0
1744061961.001965,600038,21131154,0,nscratch,nscratch-ffff8bace051d000,0,0,14957600,43909601,0,0,189,0,0,0,0,0,0,0,0,0,0,0,0,0,0,0,0,0,0,0,0,0,0,0,0,169,0,0,0
1744061961.002051,600038,21131154,0,pscratch,pscratch-ffff8bacc74f9800,0,0,185687946750,115662847378,0,0,18528,0,0,0,0,0,0,0,0,0,0,0,0,0,0,0,0,0,0,0,0,0,0,0,0,2364,0,0,0
1744061962.001488,600038,21131154,0,nscratch,nscratch-ffff8bace051d000,0,0,14957600,43909601,0,0,189,0,0,0,0,0,0,0,0,0,0,0,0,0,0,0,0,0,0,0,0,0,0,0,0,169,0,0,0
1744061962.001570,600038,21131154,0,pscratch,pscratch-ffff8bacc74f9800,0,0,185687946750,115662847378,0,0,18528,0,0,0,0,0,0,0,0,0,0,0,0,0,0,0,0,0,0,0,0,0,0,0,0,2364,0,0,0
1744061963.001924,600038,21131154,0,nscratch,nscratch-ffff8bace051d000,0,0,14957600,43909601,0,0,189,0,0,0,0,0,0,0,0,0,0,0,0,0,0,0,0,0,0,0,0,0,0,0,0,169,0,0,0
1744061963.002027,600038,21131154,0,pscratch,pscratch-ffff8bacc74f9800,0,0,185687946750,115662847378,0,0,18528,0,0,0,0,0,0,0,0,0,0,0,0,0,0,0,0,0,0,0,0,0,0,0,0,2364,0,0,0
1744061964.001174,600038,21131154,0,nscratch,nscratch-ffff8bace051d000,0,0,14957600,43909601,0,0,189,0,0,0,0,0,0,0,0,0,0,0,0,0,0,0,0,0,0,0,0,0,0,0,0,169,0,0,0
1744061964.001255,600038,21131154,0,pscratch,pscratch-ffff8bacc74f9800,0,0,185687946750,115662847378,0,0,18528,0,0,0,0,0,0,0,0,0,0,0,0,0,0,0,0,0,0,0,0,0,0,0,0,2364,0,0,0
1744061965.001638,600038,21131154,0,nscratch,nscratch-ffff8bace051d000,0,0,14957600,43909601,0,0,189,0,0,0,0,0,0,0,0,0,0,0,0,0,0,0,0,0,0,0,0,0,0,0,0,169,0,0,0
1744061965.001719,600038,21131154,0,pscratch,pscratch-ffff8bacc74f9800,0,0,185687946750,115662847378,0,0,18528,0,0,0,0,0,0,0,0,0,0,0,0,0,0,0,0,0,0,0,0,0,0,0,0,2364,0,0,0
1744061966.002067,600038,21131154,0,nscratch,nscratch-ffff8bace051d000,0,0,14957600,43909601,0,0,189,0,0,0,0,0,0,0,0,0,0,0,0,0,0,0,0,0,0,0,0,0,0,0,0,169,0,0,0
1744061966.002153,600038,21131154,0,pscratch,pscratch-ffff8bacc74f9800,0,0,185687946750,115662847378,0,0,18528,0,0,0,0,0,0,0,0,0,0,0,0,0,0,0,0,0,0,0,0,0,0,0,0,2364,0,0,0
1744061967.001338,600038,21131154,0,nscratch,nscratch-ffff8bace051d000,0,0,14957600,43909601,0,0,189,0,0,0,0,0,0,0,0,0,0,0,0,0,0,0,0,0,0,0,0,0,0,0,0,169,0,0,0
1744061967.001418,600038,21131154,0,pscratch,pscratch-ffff8bacc74f9800,0,0,185687946750,115662847378,0,0,18528,0,0,0,0,0,0,0,0,0,0,0,0,0,0,0,0,0,0,0,0,0,0,0,0,2364,0,0,0
1744061968.002001,600038,21131154,0,nscratch,nscratch-ffff8bace051d000,0,0,14957600,43909601,0,0,189,0,0,0,0,0,0,0,0,0,0,0,0,0,0,0,0,0,0,0,0,0,0,0,0,169,0,0,0
1744061968.002088,600038,21131154,0,pscratch,pscratch-ffff8bacc74f9800,0,0,185687946750,115662847378,0,0,18528,0,0,0,0,0,0,0,0,0,0,0,0,0,0,0,0,0,0,0,0,0,0,0,0,2364,0,0,0
1744061969.001486,600038,21131154,0,nscratch,nscratch-ffff8bace051d000,0,0,14957600,43909601,0,0,189,0,0,0,0,0,0,0,0,0,0,0,0,0,0,0,0,0,0,0,0,0,0,0,0,169,0,0,0
1744061969.001565,600038,21131154,0,pscratch,pscratch-ffff8bacc74f9800,0,0,185687946750,115662847378,0,0,18528,0,0,0,0,0,0,0,0,0,0,0,0,0,0,0,0,0,0,0,0,0,0,0,0,2364,0,0,0
1744061970.001753,600038,21131154,0,nscratch,nscratch-ffff8bace051d000,0,0,14957600,43909601,0,0,189,0,0,0,0,0,0,0,0,0,0,0,0,0,0,0,0,0,0,0,0,0,0,0,0,169,0,0,0
1744061970.001837,600038,21131154,0,pscratch,pscratch-ffff8bacc74f9800,0,0,185687946750,115662847378,0,0,18528,0,0,0,0,0,0,0,0,0,0,0,0,0,0,0,0,0,0,0,0,0,0,0,0,2364,0,0,0
1744061971.001568,600038,21131154,0,nscratch,nscratch-ffff8bace051d000,0,0,14957600,43909601,0,0,189,0,0,0,0,0,0,0,0,0,0,0,0,0,0,0,0,0,0,0,0,0,0,0,0,169,0,0,0
1744061971.001667,600038,21131154,0,pscratch,pscratch-ffff8bacc74f9800,0,0,185687946750,115662847378,0,0,18528,0,0,0,0,0,0,0,0,0,0,0,0,0,0,0,0,0,0,0,0,0,0,0,0,2364,0,0,0
1744061972.002029,600038,21131154,0,nscratch,nscratch-ffff8bace051d000,0,0,14957600,43909601,0,0,189,0,0,0,0,0,0,0,0,0,0,0,0,0,0,0,0,0,0,0,0,0,0,0,0,169,0,0,0
1744061972.002113,600038,21131154,0,pscratch,pscratch-ffff8bacc74f9800,0,0,185687946750,115662847378,0,0,18528,0,0,0,0,0,0,0,0,0,0,0,0,0,0,0,0,0,0,0,0,0,0,0,0,2364,0,0,0
1744061973.001292,600038,21131154,0,nscratch,nscratch-ffff8bace051d000,0,0,14957600,43909601,0,0,189,0,0,0,0,0,0,0,0,0,0,0,0,0,0,0,0,0,0,0,0,0,0,0,0,169,0,0,0
1744061973.001372,600038,21131154,0,pscratch,pscratch-ffff8bacc74f9800,0,0,185687946750,115662847378,0,0,18528,0,0,0,0,0,0,0,0,0,0,0,0,0,0,0,0,0,0,0,0,0,0,0,0,2364,0,0,0
1744061974.001813,600038,21131154,0,nscratch,nscratch-ffff8bace051d000,0,0,14957600,43909601,0,0,189,0,0,0,0,0,0,0,0,0,0,0,0,0,0,0,0,0,0,0,0,0,0,0,0,169,0,0,0
1744061974.001907,600038,21131154,0,pscratch,pscratch-ffff8bacc74f9800,0,0,185687946750,115662847378,0,0,18528,0,0,0,0,0,0,0,0,0,0,0,0,0,0,0,0,0,0,0,0,0,0,0,0,2364,0,0,0
1744061975.002225,600038,21131154,0,nscratch,nscratch-ffff8bace051d000,0,0,14957600,43909601,0,0,189,0,0,0,0,0,0,0,0,0,0,0,0,0,0,0,0,0,0,0,0,0,0,0,0,169,0,0,0
1744061975.002304,600038,21131154,0,pscratch,pscratch-ffff8bacc74f9800,0,0,185687946750,115662847378,0,0,18528,0,0,0,0,0,0,0,0,0,0,0,0,0,0,0,0,0,0,0,0,0,0,0,0,2364,0,0,0
1744061976.001510,600038,21131154,0,nscratch,nscratch-ffff8bace051d000,0,0,14957600,43909601,0,0,189,0,0,0,0,0,0,0,0,0,0,0,0,0,0,0,0,0,0,0,0,0,0,0,0,169,0,0,0
1744061976.001592,600038,21131154,0,pscratch,pscratch-ffff8bacc74f9800,0,0,185687946750,115662847378,0,0,18528,0,0,0,0,0,0,0,0,0,0,0,0,0,0,0,0,0,0,0,0,0,0,0,0,2364,0,0,0
1744061977.002036,600038,21131154,0,nscratch,nscratch-ffff8bace051d000,0,0,14957600,43909601,0,0,189,0,0,0,0,0,0,0,0,0,0,0,0,0,0,0,0,0,0,0,0,0,0,0,0,169,0,0,0
1744061977.002137,600038,21131154,0,pscratch,pscratch-ffff8bacc74f9800,0,0,185687946750,115662847378,0,0,18528,0,0,0,0,0,0,0,0,0,0,0,0,0,0,0,0,0,0,0,0,0,0,0,0,2364,0,0,0
1744061978.001470,600038,21131154,0,nscratch,nscratch-ffff8bace051d000,0,0,14957600,43909601,0,0,189,0,0,0,0,0,0,0,0,0,0,0,0,0,0,0,0,0,0,0,0,0,0,0,0,169,0,0,0
1744061978.001570,600038,21131154,0,pscratch,pscratch-ffff8bacc74f9800,0,0,185687946750,115662847378,0,0,18528,0,0,0,0,0,0,0,0,0,0,0,0,0,0,0,0,0,0,0,0,0,0,0,0,2364,0,0,0
1744061979.001723,600038,21131154,0,nscratch,nscratch-ffff8bace051d000,0,0,14957600,43909601,0,0,189,0,0,0,0,0,0,0,0,0,0,0,0,0,0,0,0,0,0,0,0,0,0,0,0,169,0,0,0
1744061979.001805,600038,21131154,0,pscratch,pscratch-ffff8bacc74f9800,0,0,185687946750,115662847378,0,0,18528,0,0,0,0,0,0,0,0,0,0,0,0,0,0,0,0,0,0,0,0,0,0,0,0,2364,0,0,0
1744061980.001261,600038,21131154,0,nscratch,nscratch-ffff8bace051d000,0,0,14957600,43909601,0,0,189,0,0,0,0,0,0,0,0,0,0,0,0,0,0,0,0,0,0,0,0,0,0,0,0,169,0,0,0
1744061980.001341,600038,21131154,0,pscratch,pscratch-ffff8bacc74f9800,0,0,185687946750,115662847378,0,0,18528,0,0,0,0,0,0,0,0,0,0,0,0,0,0,0,0,0,0,0,0,0,0,0,0,2364,0,0,0
1744061981.001668,600038,21131154,0,nscratch,nscratch-ffff8bace051d000,0,0,14957600,43909601,0,0,189,0,0,0,0,0,0,0,0,0,0,0,0,0,0,0,0,0,0,0,0,0,0,0,0,169,0,0,0
1744061981.001747,600038,21131154,0,pscratch,pscratch-ffff8bacc74f9800,0,0,185687946750,115662847378,0,0,18528,0,0,0,0,0,0,0,0,0,0,0,0,0,0,0,0,0,0,0,0,0,0,0,0,2364,0,0,0
1744061982.002029,600038,21131154,0,nscratch,nscratch-ffff8bace051d000,0,0,14957600,43909601,0,0,189,0,0,0,0,0,0,0,0,0,0,0,0,0,0,0,0,0,0,0,0,0,0,0,0,169,0,0,0
1744061982.002198,600038,21131154,0,pscratch,pscratch-ffff8bacc74f9800,0,0,185687946750,115662847378,0,0,18528,0,0,0,0,0,0,0,0,0,0,0,0,0,0,0,0,0,0,0,0,0,0,0,0,2364,0,0,0
1744061983.001760,600038,21131154,0,nscratch,nscratch-ffff8bace051d000,0,0,14957600,43909601,0,0,189,0,0,0,0,0,0,0,0,0,0,0,0,0,0,0,0,0,0,0,0,0,0,0,0,169,0,0,0
1744061983.001843,600038,21131154,0,pscratch,pscratch-ffff8bacc74f9800,0,0,185687946750,115662847378,0,0,18528,0,0,0,0,0,0,0,0,0,0,0,0,0,0,0,0,0,0,0,0,0,0,0,0,2364,0,0,0
1744061984.002184,600038,21131154,0,nscratch,nscratch-ffff8bace051d000,0,0,14957600,43909601,0,0,189,0,0,0,0,0,0,0,0,0,0,0,0,0,0,0,0,0,0,0,0,0,0,0,0,169,0,0,0
1744061984.002286,600038,21131154,0,pscratch,pscratch-ffff8bacc74f9800,0,0,185687946750,115662847378,0,0,18528,0,0,0,0,0,0,0,0,0,0,0,0,0,0,0,0,0,0,0,0,0,0,0,0,2364,0,0,0
1744061985.001548,600038,21131154,0,nscratch,nscratch-ffff8bace051d000,0,0,14957600,43909601,0,0,189,0,0,0,0,0,0,0,0,0,0,0,0,0,0,0,0,0,0,0,0,0,0,0,0,169,0,0,0
1744061985.001702,600038,21131154,0,pscratch,pscratch-ffff8bacc74f9800,0,0,185687946750,115662847378,0,0,18528,0,0,0,0,0,0,0,0,0,0,0,0,0,0,0,0,0,0,0,0,0,0,0,0,2364,0,0,0
1744061986.002129,600038,21131154,0,nscratch,nscratch-ffff8bace051d000,0,0,14957600,43909601,0,0,189,0,0,0,0,0,0,0,0,0,0,0,0,0,0,0,0,0,0,0,0,0,0,0,0,169,0,0,0
1744061986.002210,600038,21131154,0,pscratch,pscratch-ffff8bacc74f9800,0,0,185687946750,115662847378,0,0,18528,0,0,0,0,0,0,0,0,0,0,0,0,0,0,0,0,0,0,0,0,0,0,0,0,2364,0,0,0
1744061987.001522,600038,21131154,0,nscratch,nscratch-ffff8bace051d000,0,0,14957600,43909601,0,0,189,0,0,0,0,0,0,0,0,0,0,0,0,0,0,0,0,0,0,0,0,0,0,0,0,169,0,0,0
1744061987.001603,600038,21131154,0,pscratch,pscratch-ffff8bacc74f9800,0,0,185687946750,115662847378,0,0,18528,0,0,0,0,0,0,0,0,0,0,0,0,0,0,0,0,0,0,0,0,0,0,0,0,2364,0,0,0
1744061988.001800,600038,21131154,0,nscratch,nscratch-ffff8bace051d000,0,0,14957600,43909601,0,0,189,0,0,0,0,0,0,0,0,0,0,0,0,0,0,0,0,0,0,0,0,0,0,0,0,169,0,0,0
1744061988.001898,600038,21131154,0,pscratch,pscratch-ffff8bacc74f9800,0,0,185687946750,115662847378,0,0,18528,0,0,0,0,0,0,0,0,0,0,0,0,0,0,0,0,0,0,0,0,0,0,0,0,2364,0,0,0
1744061989.001355,600038,21131154,0,nscratch,nscratch-ffff8bace051d000,0,0,14957600,43909601,0,0,189,0,0,0,0,0,0,0,0,0,0,0,0,0,0,0,0,0,0,0,0,0,0,0,0,169,0,0,0
1744061989.001475,600038,21131154,0,pscratch,pscratch-ffff8bacc74f9800,0,0,185687946750,115662847378,0,0,18528,0,0,0,0,0,0,0,0,0,0,0,0,0,0,0,0,0,0,0,0,0,0,0,0,2364,0,0,0
1744061990.001861,600038,21131154,0,nscratch,nscratch-ffff8bace051d000,0,0,14957600,43909601,0,0,189,0,0,0,0,0,0,0,0,0,0,0,0,0,0,0,0,0,0,0,0,0,0,0,0,169,0,0,0
1744061990.001971,600038,21131154,0,pscratch,pscratch-ffff8bacc74f9800,0,0,185687946750,115662847378,0,0,18528,0,0,0,0,0,0,0,0,0,0,0,0,0,0,0,0,0,0,0,0,0,0,0,0,2364,0,0,0
1744061991.002156,600038,21131154,0,nscratch,nscratch-ffff8bace051d000,0,0,14957600,43909601,0,0,189,0,0,0,0,0,0,0,0,0,0,0,0,0,0,0,0,0,0,0,0,0,0,0,0,169,0,0,0
1744061991.002256,600038,21131154,0,pscratch,pscratch-ffff8bacc74f9800,0,0,185687946750,115662847378,0,0,18528,0,0,0,0,0,0,0,0,0,0,0,0,0,0,0,0,0,0,0,0,0,0,0,0,2364,0,0,0
1744061992.001773,600038,21131154,0,nscratch,nscratch-ffff8bace051d000,0,0,14957600,43909601,0,0,189,0,0,0,0,0,0,0,0,0,0,0,0,0,0,0,0,0,0,0,0,0,0,0,0,169,0,0,0
1744061992.001858,600038,21131154,0,pscratch,pscratch-ffff8bacc74f9800,0,0,185687946750,115662847378,0,0,18528,0,0,0,0,0,0,0,0,0,0,0,0,0,0,0,0,0,0,0,0,0,0,0,0,2364,0,0,0
1744061993.002215,600038,21131154,0,nscratch,nscratch-ffff8bace051d000,0,0,14957600,43909601,0,0,189,0,0,0,0,0,0,0,0,0,0,0,0,0,0,0,0,0,0,0,0,0,0,0,0,169,0,0,0
1744061993.002300,600038,21131154,0,pscratch,pscratch-ffff8bacc74f9800,0,0,185687946750,115662847378,0,0,18528,0,0,0,0,0,0,0,0,0,0,0,0,0,0,0,0,0,0,0,0,0,0,0,0,2364,0,0,0
1744061994.001497,600038,21131154,0,nscratch,nscratch-ffff8bace051d000,0,0,14957600,43909601,0,0,189,0,0,0,0,0,0,0,0,0,0,0,0,0,0,0,0,0,0,0,0,0,0,0,0,169,0,0,0
1744061994.001597,600038,21131154,0,pscratch,pscratch-ffff8bacc74f9800,0,0,185687946750,115662847378,0,0,18528,0,0,0,0,0,0,0,0,0,0,0,0,0,0,0,0,0,0,0,0,0,0,0,0,2364,0,0,0
1744061995.002016,600038,21131154,0,nscratch,nscratch-ffff8bace051d000,0,0,14957600,43909601,0,0,189,0,0,0,0,0,0,0,0,0,0,0,0,0,0,0,0,0,0,0,0,0,0,0,0,169,0,0,0
1744061995.002098,600038,21131154,0,pscratch,pscratch-ffff8bacc74f9800,0,0,185687946750,115662847378,0,0,18528,0,0,0,0,0,0,0,0,0,0,0,0,0,0,0,0,0,0,0,0,0,0,0,0,2364,0,0,0
1744061996.001495,600038,21131154,0,nscratch,nscratch-ffff8bace051d000,0,0,14957600,43909601,0,0,189,0,0,0,0,0,0,0,0,0,0,0,0,0,0,0,0,0,0,0,0,0,0,0,0,169,0,0,0
1744061996.001576,600038,21131154,0,pscratch,pscratch-ffff8bacc74f9800,0,0,185687946750,115662847378,0,0,18528,0,0,0,0,0,0,0,0,0,0,0,0,0,0,0,0,0,0,0,0,0,0,0,0,2364,0,0,0
1744061997.001737,600038,21131154,0,nscratch,nscratch-ffff8bace051d000,0,0,14957600,43909601,0,0,189,0,0,0,0,0,0,0,0,0,0,0,0,0,0,0,0,0,0,0,0,0,0,0,0,169,0,0,0
1744061997.001836,600038,21131154,0,pscratch,pscratch-ffff8bacc74f9800,0,0,185687946750,115662847378,0,0,18528,0,0,0,0,0,0,0,0,0,0,0,0,0,0,0,0,0,0,0,0,0,0,0,0,2364,0,0,0
1744061998.002254,600038,21131154,0,nscratch,nscratch-ffff8bace051d000,0,0,14957600,43909601,0,0,189,0,0,0,0,0,0,0,0,0,0,0,0,0,0,0,0,0,0,0,0,0,0,0,0,169,0,0,0
1744061998.002333,600038,21131154,0,pscratch,pscratch-ffff8bacc74f9800,0,0,185687946750,115662847378,0,0,18528,0,0,0,0,0,0,0,0,0,0,0,0,0,0,0,0,0,0,0,0,0,0,0,0,2364,0,0,0
1744061999.001718,600038,21131154,0,nscratch,nscratch-ffff8bace051d000,0,0,14957600,43909601,0,0,189,0,0,0,0,0,0,0,0,0,0,0,0,0,0,0,0,0,0,0,0,0,0,0,0,169,0,0,0
1744061999.001797,600038,21131154,0,pscratch,pscratch-ffff8bacc74f9800,0,0,185687946750,115662847378,0,0,18528,0,0,0,0,0,0,0,0,0,0,0,0,0,0,0,0,0,0,0,0,0,0,0,0,2364,0,0,0
1744062000.002161,600038,21131154,0,nscratch,nscratch-ffff8bace051d000,0,0,14957600,43909601,0,0,189,0,0,0,0,0,0,0,0,0,0,0,0,0,0,0,0,0,0,0,0,0,0,0,0,169,0,0,0
1744062000.002327,600038,21131154,0,pscratch,pscratch-ffff8bacc74f9800,0,0,185687946750,115662847378,0,0,18528,0,0,0,0,0,0,0,0,0,0,0,0,0,0,0,0,0,0,0,0,0,0,0,0,2364,0,0,0
1744062001.001778,600038,21131154,0,nscratch,nscratch-ffff8bace051d000,0,0,14957600,43909601,0,0,189,0,0,0,0,0,0,0,0,0,0,0,0,0,0,0,0,0,0,0,0,0,0,0,0,169,0,0,0
1744062001.001890,600038,21131154,0,pscratch,pscratch-ffff8bacc74f9800,0,0,185687946750,115662847378,0,0,18528,0,0,0,0,0,0,0,0,0,0,0,0,0,0,0,0,0,0,0,0,0,0,0,0,2364,0,0,0
1744062002.002207,600038,21131154,0,nscratch,nscratch-ffff8bace051d000,0,0,14957600,43909601,0,0,189,0,0,0,0,0,0,0,0,0,0,0,0,0,0,0,0,0,0,0,0,0,0,0,0,169,0,0,0
1744062002.002286,600038,21131154,0,pscratch,pscratch-ffff8bacc74f9800,0,0,185687946750,115662847378,0,0,18528,0,0,0,0,0,0,0,0,0,0,0,0,0,0,0,0,0,0,0,0,0,0,0,0,2364,0,0,0
1744062003.001454,600038,21131154,0,nscratch,nscratch-ffff8bace051d000,0,0,14957600,43909601,0,0,189,0,0,0,0,0,0,0,0,0,0,0,0,0,0,0,0,0,0,0,0,0,0,0,0,169,0,0,0
1744062003.001540,600038,21131154,0,pscratch,pscratch-ffff8bacc74f9800,0,0,185687946750,115662847378,0,0,18528,0,0,0,0,0,0,0,0,0,0,0,0,0,0,0,0,0,0,0,0,0,0,0,0,2364,0,0,0
1744062004.001998,600038,21131154,0,nscratch,nscratch-ffff8bace051d000,0,0,14957600,43909601,0,0,189,0,0,0,0,0,0,0,0,0,0,0,0,0,0,0,0,0,0,0,0,0,0,0,0,169,0,0,0
1744062004.002102,600038,21131154,0,pscratch,pscratch-ffff8bacc74f9800,0,0,185687946750,115662847378,0,0,18528,0,0,0,0,0,0,0,0,0,0,0,0,0,0,0,0,0,0,0,0,0,0,0,0,2364,0,0,0
1744062005.001426,600038,21131154,0,nscratch,nscratch-ffff8bace051d000,0,0,14957600,43909601,0,0,189,0,0,0,0,0,0,0,0,0,0,0,0,0,0,0,0,0,0,0,0,0,0,0,0,169,0,0,0
1744062005.001506,600038,21131154,0,pscratch,pscratch-ffff8bacc74f9800,0,0,185687946750,115662847378,0,0,18528,0,0,0,0,0,0,0,0,0,0,0,0,0,0,0,0,0,0,0,0,0,0,0,0,2364,0,0,0
1744062006.001699,600038,21131154,0,nscratch,nscratch-ffff8bace051d000,0,0,14957600,43909601,0,0,189,0,0,0,0,0,0,0,0,0,0,0,0,0,0,0,0,0,0,0,0,0,0,0,0,169,0,0,0
1744062006.001784,600038,21131154,0,pscratch,pscratch-ffff8bacc74f9800,0,0,185687946750,115662847378,0,0,18528,0,0,0,0,0,0,0,0,0,0,0,0,0,0,0,0,0,0,0,0,0,0,0,0,2364,0,0,0
1744062007.002218,600038,21131154,0,nscratch,nscratch-ffff8bace051d000,0,0,14957600,43909601,0,0,189,0,0,0,0,0,0,0,0,0,0,0,0,0,0,0,0,0,0,0,0,0,0,0,0,169,0,0,0
1744062007.002316,600038,21131154,0,pscratch,pscratch-ffff8bacc74f9800,0,0,185687946750,115662847378,0,0,18528,0,0,0,0,0,0,0,0,0,0,0,0,0,0,0,0,0,0,0,0,0,0,0,0,2364,0,0,0
1744062008.001616,600038,21131154,0,nscratch,nscratch-ffff8bace051d000,0,0,14957600,43909601,0,0,189,0,0,0,0,0,0,0,0,0,0,0,0,0,0,0,0,0,0,0,0,0,0,0,0,169,0,0,0
1744062008.001696,600038,21131154,0,pscratch,pscratch-ffff8bacc74f9800,0,0,185687946750,115662847378,0,0,18528,0,0,0,0,0,0,0,0,0,0,0,0,0,0,0,0,0,0,0,0,0,0,0,0,2364,0,0,0
1744062009.001852,600038,21131154,0,nscratch,nscratch-ffff8bace051d000,0,0,14957600,43909601,0,0,189,0,0,0,0,0,0,0,0,0,0,0,0,0,0,0,0,0,0,0,0,0,0,0,0,169,0,0,0
1744062009.001944,600038,21131154,0,pscratch,pscratch-ffff8bacc74f9800,0,0,185687946750,115662847378,0,0,18528,0,0,0,0,0,0,0,0,0,0,0,0,0,0,0,0,0,0,0,0,0,0,0,0,2364,0,0,0
1744062010.001330,600038,21131154,0,nscratch,nscratch-ffff8bace051d000,0,0,14957600,43909601,0,0,189,0,0,0,0,0,0,0,0,0,0,0,0,0,0,0,0,0,0,0,0,0,0,0,0,169,0,0,0
1744062010.001410,600038,21131154,0,pscratch,pscratch-ffff8bacc74f9800,0,0,185687946750,115662847378,0,0,18528,0,0,0,0,0,0,0,0,0,0,0,0,0,0,0,0,0,0,0,0,0,0,0,0,2364,0,0,0
1744062011.001745,600038,21131154,0,nscratch,nscratch-ffff8bace051d000,0,0,14957600,43909601,0,0,189,0,0,0,0,0,0,0,0,0,0,0,0,0,0,0,0,0,0,0,0,0,0,0,0,169,0,0,0
1744062011.001825,600038,21131154,0,pscratch,pscratch-ffff8bacc74f9800,0,0,185687946750,115662847378,0,0,18528,0,0,0,0,0,0,0,0,0,0,0,0,0,0,0,0,0,0,0,0,0,0,0,0,2364,0,0,0
1744062012.001032,600038,21131154,0,nscratch,nscratch-ffff8bace051d000,0,0,14957600,43909601,0,0,189,0,0,0,0,0,0,0,0,0,0,0,0,0,0,0,0,0,0,0,0,0,0,0,0,169,0,0,0
1744062012.001137,600038,21131154,0,pscratch,pscratch-ffff8bacc74f9800,0,0,185687946750,115662847378,0,0,18528,0,0,0,0,0,0,0,0,0,0,0,0,0,0,0,0,0,0,0,0,0,0,0,0,2364,0,0,0
1744062013.001554,600038,21131154,0,nscratch,nscratch-ffff8bace051d000,0,0,14957600,43909601,0,0,189,0,0,0,0,0,0,0,0,0,0,0,0,0,0,0,0,0,0,0,0,0,0,0,0,169,0,0,0
1744062013.001657,600038,21131154,0,pscratch,pscratch-ffff8bacc74f9800,0,0,185687946750,115662847378,0,0,18528,0,0,0,0,0,0,0,0,0,0,0,0,0,0,0,0,0,0,0,0,0,0,0,0,2364,0,0,0
1744062014.001979,600038,21131154,0,nscratch,nscratch-ffff8bace051d000,0,0,14957600,43909601,0,0,189,0,0,0,0,0,0,0,0,0,0,0,0,0,0,0,0,0,0,0,0,0,0,0,0,169,0,0,0
1744062014.002088,600038,21131154,0,pscratch,pscratch-ffff8bacc74f9800,0,0,185687946750,115662847378,0,0,18528,0,0,0,0,0,0,0,0,0,0,0,0,0,0,0,0,0,0,0,0,0,0,0,0,2364,0,0,0
1744062015.001112,600038,21131154,0,nscratch,nscratch-ffff8bace051d000,0,0,14957600,43909601,0,0,189,0,0,0,0,0,0,0,0,0,0,0,0,0,0,0,0,0,0,0,0,0,0,0,0,169,0,0,0
1744062015.001195,600038,21131154,0,pscratch,pscratch-ffff8bacc74f9800,0,0,185687946750,115662847378,0,0,18528,0,0,0,0,0,0,0,0,0,0,0,0,0,0,0,0,0,0,0,0,0,0,0,0,2364,0,0,0
1744062016.001781,600038,21131154,0,nscratch,nscratch-ffff8bace051d000,0,0,14957600,43909601,0,0,189,0,0,0,0,0,0,0,0,0,0,0,0,0,0,0,0,0,0,0,0,0,0,0,0,169,0,0,0
1744062016.001877,600038,21131154,0,pscratch,pscratch-ffff8bacc74f9800,0,0,185687946750,115662847378,0,0,18528,0,0,0,0,0,0,0,0,0,0,0,0,0,0,0,0,0,0,0,0,0,0,0,0,2364,0,0,0
1744062017.002206,600038,21131154,0,nscratch,nscratch-ffff8bace051d000,0,0,14957600,43909601,0,0,189,0,0,0,0,0,0,0,0,0,0,0,0,0,0,0,0,0,0,0,0,0,0,0,0,169,0,0,0
1744062017.002289,600038,21131154,0,pscratch,pscratch-ffff8bacc74f9800,0,0,185687946750,115662847378,0,0,18528,0,0,0,0,0,0,0,0,0,0,0,0,0,0,0,0,0,0,0,0,0,0,0,0,2364,0,0,0
1744062018.001441,600038,21131154,0,nscratch,nscratch-ffff8bace051d000,0,0,14957600,43909601,0,0,189,0,0,0,0,0,0,0,0,0,0,0,0,0,0,0,0,0,0,0,0,0,0,0,0,169,0,0,0
1744062018.001521,600038,21131154,0,pscratch,pscratch-ffff8bacc74f9800,0,0,185687946750,115662847378,0,0,18528,0,0,0,0,0,0,0,0,0,0,0,0,0,0,0,0,0,0,0,0,0,0,0,0,2364,0,0,0
1744062019.001977,600038,21131154,0,nscratch,nscratch-ffff8bace051d000,0,0,14957600,43909601,0,0,189,0,0,0,0,0,0,0,0,0,0,0,0,0,0,0,0,0,0,0,0,0,0,0,0,169,0,0,0
1744062019.002063,600038,21131154,0,pscratch,pscratch-ffff8bacc74f9800,0,0,185687946750,115662847378,0,0,18528,0,0,0,0,0,0,0,0,0,0,0,0,0,0,0,0,0,0,0,0,0,0,0,0,2364,0,0,0
1744062020.001349,600038,21131154,0,nscratch,nscratch-ffff8bace051d000,0,0,14957600,43909601,0,0,189,0,0,0,0,0,0,0,0,0,0,0,0,0,0,0,0,0,0,0,0,0,0,0,0,169,0,0,0
1744062020.001428,600038,21131154,0,pscratch,pscratch-ffff8bacc74f9800,0,0,185687946750,115662847378,0,0,18528,0,0,0,0,0,0,0,0,0,0,0,0,0,0,0,0,0,0,0,0,0,0,0,0,2364,0,0,0
1744062021.001579,600038,21131154,0,nscratch,nscratch-ffff8bace051d000,0,0,14957600,43909601,0,0,189,0,0,0,0,0,0,0,0,0,0,0,0,0,0,0,0,0,0,0,0,0,0,0,0,169,0,0,0
1744062021.001662,600038,21131154,0,pscratch,pscratch-ffff8bacc74f9800,0,0,185687946750,115662847378,0,0,18528,0,0,0,0,0,0,0,0,0,0,0,0,0,0,0,0,0,0,0,0,0,0,0,0,2364,0,0,0
1744062022.002105,600038,21131154,0,nscratch,nscratch-ffff8bace051d000,0,0,14957600,43909601,0,0,189,0,0,0,0,0,0,0,0,0,0,0,0,0,0,0,0,0,0,0,0,0,0,0,0,169,0,0,0
1744062022.002205,600038,21131154,0,pscratch,pscratch-ffff8bacc74f9800,0,0,185687946750,115662847378,0,0,18528,0,0,0,0,0,0,0,0,0,0,0,0,0,0,0,0,0,0,0,0,0,0,0,0,2364,0,0,0
1744062023.001543,600038,21131154,0,nscratch,nscratch-ffff8bace051d000,0,0,14957600,43909601,0,0,189,0,0,0,0,0,0,0,0,0,0,0,0,0,0,0,0,0,0,0,0,0,0,0,0,169,0,0,0
1744062023.001645,600038,21131154,0,pscratch,pscratch-ffff8bacc74f9800,0,0,185687946750,115662847378,0,0,18528,0,0,0,0,0,0,0,0,0,0,0,0,0,0,0,0,0,0,0,0,0,0,0,0,2364,0,0,0
1744062024.001896,600038,21131154,0,nscratch,nscratch-ffff8bace051d000,0,0,14957600,43909601,0,0,189,0,0,0,0,0,0,0,0,0,0,0,0,0,0,0,0,0,0,0,0,0,0,0,0,169,0,0,0
1744062024.001983,600038,21131154,0,pscratch,pscratch-ffff8bacc74f9800,0,0,185687946750,115662847378,0,0,18528,0,0,0,0,0,0,0,0,0,0,0,0,0,0,0,0,0,0,0,0,0,0,0,0,2364,0,0,0
1744062025.001655,600038,21131154,0,nscratch,nscratch-ffff8bace051d000,0,0,14957600,43909601,0,0,189,0,0,0,0,0,0,0,0,0,0,0,0,0,0,0,0,0,0,0,0,0,0,0,0,169,0,0,0
1744062025.001753,600038,21131154,0,pscratch,pscratch-ffff8bacc74f9800,0,0,185687946750,115662847378,0,0,18528,0,0,0,0,0,0,0,0,0,0,0,0,0,0,0,0,0,0,0,0,0,0,0,0,2364,0,0,0
1744062026.002050,600038,21131154,0,nscratch,nscratch-ffff8bace051d000,0,0,14957600,43909601,0,0,189,0,0,0,0,0,0,0,0,0,0,0,0,0,0,0,0,0,0,0,0,0,0,0,0,169,0,0,0
1744062026.002131,600038,21131154,0,pscratch,pscratch-ffff8bacc74f9800,0,0,185687946750,115662847378,0,0,18528,0,0,0,0,0,0,0,0,0,0,0,0,0,0,0,0,0,0,0,0,0,0,0,0,2364,0,0,0
1744062027.001309,600038,21131154,0,nscratch,nscratch-ffff8bace051d000,0,0,14957600,43909601,0,0,189,0,0,0,0,0,0,0,0,0,0,0,0,0,0,0,0,0,0,0,0,0,0,0,0,169,0,0,0
1744062027.001390,600038,21131154,0,pscratch,pscratch-ffff8bacc74f9800,0,0,185687946750,115662847378,0,0,18528,0,0,0,0,0,0,0,0,0,0,0,0,0,0,0,0,0,0,0,0,0,0,0,0,2364,0,0,0
1744062028.001810,600038,21131154,0,nscratch,nscratch-ffff8bace051d000,0,0,14957600,43909601,0,0,189,0,0,0,0,0,0,0,0,0,0,0,0,0,0,0,0,0,0,0,0,0,0,0,0,169,0,0,0
1744062028.001942,600038,21131154,0,pscratch,pscratch-ffff8bacc74f9800,0,0,185687946750,115662847378,0,0,18528,0,0,0,0,0,0,0,0,0,0,0,0,0,0,0,0,0,0,0,0,0,0,0,0,2364,0,0,0
1744062029.002280,600038,21131154,0,nscratch,nscratch-ffff8bace051d000,0,0,14957600,43909601,0,0,189,0,0,0,0,0,0,0,0,0,0,0,0,0,0,0,0,0,0,0,0,0,0,0,0,169,0,0,0
1744062029.002359,600038,21131154,0,pscratch,pscratch-ffff8bacc74f9800,0,0,185687946750,115662847378,0,0,18528,0,0,0,0,0,0,0,0,0,0,0,0,0,0,0,0,0,0,0,0,0,0,0,0,2364,0,0,0
1744062030.001626,600038,21131154,0,nscratch,nscratch-ffff8bace051d000,0,0,14957600,43909601,0,0,189,0,0,0,0,0,0,0,0,0,0,0,0,0,0,0,0,0,0,0,0,0,0,0,0,169,0,0,0
1744062030.001803,600038,21131154,0,pscratch,pscratch-ffff8bacc74f9800,0,0,185687946750,115662847378,0,0,18528,0,0,0,0,0,0,0,0,0,0,0,0,0,0,0,0,0,0,0,0,0,0,0,0,2364,0,0,0
1744062031.002238,600038,21131154,0,nscratch,nscratch-ffff8bace051d000,0,0,14957600,43909601,0,0,189,0,0,0,0,0,0,0,0,0,0,0,0,0,0,0,0,0,0,0,0,0,0,0,0,169,0,0,0
1744062031.002318,600038,21131154,0,pscratch,pscratch-ffff8bacc74f9800,0,0,185687946750,115662847378,0,0,18528,0,0,0,0,0,0,0,0,0,0,0,0,0,0,0,0,0,0,0,0,0,0,0,0,2364,0,0,0
1744062032.001808,600038,21131154,0,nscratch,nscratch-ffff8bace051d000,0,0,14957600,43909601,0,0,189,0,0,0,0,0,0,0,0,0,0,0,0,0,0,0,0,0,0,0,0,0,0,0,0,169,0,0,0
1744062032.001958,600038,21131154,0,pscratch,pscratch-ffff8bacc74f9800,0,0,185687946750,115662847378,0,0,18528,0,0,0,0,0,0,0,0,0,0,0,0,0,0,0,0,0,0,0,0,0,0,0,0,2364,0,0,0
1744062033.002147,600038,21131154,0,nscratch,nscratch-ffff8bace051d000,0,0,14957600,43909601,0,0,189,0,0,0,0,0,0,0,0,0,0,0,0,0,0,0,0,0,0,0,0,0,0,0,0,169,0,0,0
1744062033.002265,600038,21131154,0,pscratch,pscratch-ffff8bacc74f9800,0,0,185687946750,115662847378,0,0,18528,0,0,0,0,0,0,0,0,0,0,0,0,0,0,0,0,0,0,0,0,0,0,0,0,2364,0,0,0
1744062034.001643,600038,21131154,0,nscratch,nscratch-ffff8bace051d000,0,0,14957600,43909601,0,0,189,0,0,0,0,0,0,0,0,0,0,0,0,0,0,0,0,0,0,0,0,0,0,0,0,169,0,0,0
1744062034.001722,600038,21131154,0,pscratch,pscratch-ffff8bacc74f9800,0,0,185687946750,115662847378,0,0,18528,0,0,0,0,0,0,0,0,0,0,0,0,0,0,0,0,0,0,0,0,0,0,0,0,2364,0,0,0
1744062035.002069,600038,21131154,0,nscratch,nscratch-ffff8bace051d000,0,0,14957600,43909601,0,0,189,0,0,0,0,0,0,0,0,0,0,0,0,0,0,0,0,0,0,0,0,0,0,0,0,169,0,0,0
1744062035.002153,600038,21131154,0,pscratch,pscratch-ffff8bacc74f9800,0,0,185687946750,115662847378,0,0,18528,0,0,0,0,0,0,0,0,0,0,0,0,0,0,0,0,0,0,0,0,0,0,0,0,2364,0,0,0
1744062036.001436,600038,21131154,0,nscratch,nscratch-ffff8bace051d000,0,0,14957600,43909601,0,0,189,0,0,0,0,0,0,0,0,0,0,0,0,0,0,0,0,0,0,0,0,0,0,0,0,169,0,0,0
1744062036.001534,600038,21131154,0,pscratch,pscratch-ffff8bacc74f9800,0,0,185687946750,115662847378,0,0,18528,0,0,0,0,0,0,0,0,0,0,0,0,0,0,0,0,0,0,0,0,0,0,0,0,2364,0,0,0
1744062037.001927,600038,21131154,0,nscratch,nscratch-ffff8bace051d000,0,0,14957600,43909601,0,0,189,0,0,0,0,0,0,0,0,0,0,0,0,0,0,0,0,0,0,0,0,0,0,0,0,169,0,0,0
1744062037.002012,600038,21131154,0,pscratch,pscratch-ffff8bacc74f9800,0,0,185687946750,115662847378,0,0,18528,0,0,0,0,0,0,0,0,0,0,0,0,0,0,0,0,0,0,0,0,0,0,0,0,2364,0,0,0
1744062038.001301,600038,21131154,0,nscratch,nscratch-ffff8bace051d000,0,0,14957600,43909601,0,0,189,0,0,0,0,0,0,0,0,0,0,0,0,0,0,0,0,0,0,0,0,0,0,0,0,169,0,0,0
1744062038.001380,600038,21131154,0,pscratch,pscratch-ffff8bacc74f9800,0,0,185687946750,115662847378,0,0,18528,0,0,0,0,0,0,0,0,0,0,0,0,0,0,0,0,0,0,0,0,0,0,0,0,2364,0,0,0
1744062039.001647,600038,21131154,0,nscratch,nscratch-ffff8bace051d000,0,0,14957600,43909601,0,0,189,0,0,0,0,0,0,0,0,0,0,0,0,0,0,0,0,0,0,0,0,0,0,0,0,169,0,0,0
1744062039.001770,600038,21131154,0,pscratch,pscratch-ffff8bacc74f9800,0,0,185687946750,115662847378,0,0,18528,0,0,0,0,0,0,0,0,0,0,0,0,0,0,0,0,0,0,0,0,0,0,0,0,2364,0,0,0
1744062040.002283,600038,21131154,0,nscratch,nscratch-ffff8bace051d000,0,0,14957600,43909601,0,0,189,0,0,0,0,0,0,0,0,0,0,0,0,0,0,0,0,0,0,0,0,0,0,0,0,169,0,0,0
1744062040.002454,600038,21131154,0,pscratch,pscratch-ffff8bacc74f9800,0,0,185687946750,115662847378,0,0,18528,0,0,0,0,0,0,0,0,0,0,0,0,0,0,0,0,0,0,0,0,0,0,0,0,2364,0,0,0
1744062041.001985,600038,21131154,0,nscratch,nscratch-ffff8bace051d000,0,0,14957600,43909601,0,0,189,0,0,0,0,0,0,0,0,0,0,0,0,0,0,0,0,0,0,0,0,0,0,0,0,169,0,0,0
1744062041.002069,600038,21131154,0,pscratch,pscratch-ffff8bacc74f9800,0,0,185687946750,115662847378,0,0,18528,0,0,0,0,0,0,0,0,0,0,0,0,0,0,0,0,0,0,0,0,0,0,0,0,2364,0,0,0
1744062042.001319,600038,21131154,0,nscratch,nscratch-ffff8bace051d000,0,0,14957600,43909601,0,0,189,0,0,0,0,0,0,0,0,0,0,0,0,0,0,0,0,0,0,0,0,0,0,0,0,169,0,0,0
1744062042.001400,600038,21131154,0,pscratch,pscratch-ffff8bacc74f9800,0,0,185687946750,115662847378,0,0,18528,0,0,0,0,0,0,0,0,0,0,0,0,0,0,0,0,0,0,0,0,0,0,0,0,2364,0,0,0
1744062043.001798,600038,21131154,0,nscratch,nscratch-ffff8bace051d000,0,0,14957600,43909601,0,0,189,0,0,0,0,0,0,0,0,0,0,0,0,0,0,0,0,0,0,0,0,0,0,0,0,169,0,0,0
1744062043.001933,600038,21131154,0,pscratch,pscratch-ffff8bacc74f9800,0,0,185687946750,115662847378,0,0,18528,0,0,0,0,0,0,0,0,0,0,0,0,0,0,0,0,0,0,0,0,0,0,0,0,2364,0,0,0
1744062044.002278,600038,21131154,0,nscratch,nscratch-ffff8bace051d000,0,0,14957600,43909601,0,0,189,0,0,0,0,0,0,0,0,0,0,0,0,0,0,0,0,0,0,0,0,0,0,0,0,169,0,0,0
1744062044.002364,600038,21131154,0,pscratch,pscratch-ffff8bacc74f9800,0,0,185687946750,115662847378,0,0,18528,0,0,0,0,0,0,0,0,0,0,0,0,0,0,0,0,0,0,0,0,0,0,0,0,2364,0,0,0
1744062045.001552,600038,21131154,0,nscratch,nscratch-ffff8bace051d000,0,0,14957600,43909601,0,0,189,0,0,0,0,0,0,0,0,0,0,0,0,0,0,0,0,0,0,0,0,0,0,0,0,169,0,0,0
1744062045.001634,600038,21131154,0,pscratch,pscratch-ffff8bacc74f9800,0,0,185687946750,115662847378,0,0,18528,0,0,0,0,0,0,0,0,0,0,0,0,0,0,0,0,0,0,0,0,0,0,0,0,2364,0,0,0
1744062046.002096,600038,21131154,0,nscratch,nscratch-ffff8bace051d000,0,0,14957600,43909601,0,0,189,0,0,0,0,0,0,0,0,0,0,0,0,0,0,0,0,0,0,0,0,0,0,0,0,169,0,0,0
1744062046.002182,600038,21131154,0,pscratch,pscratch-ffff8bacc74f9800,0,0,185687946750,115662847378,0,0,18528,0,0,0,0,0,0,0,0,0,0,0,0,0,0,0,0,0,0,0,0,0,0,0,0,2364,0,0,0
1744062047.001523,600038,21131154,0,nscratch,nscratch-ffff8bace051d000,0,0,14957600,43909601,0,0,189,0,0,0,0,0,0,0,0,0,0,0,0,0,0,0,0,0,0,0,0,0,0,0,0,169,0,0,0
1744062047.001603,600038,21131154,0,pscratch,pscratch-ffff8bacc74f9800,0,0,185687946750,115662847378,0,0,18528,0,0,0,0,0,0,0,0,0,0,0,0,0,0,0,0,0,0,0,0,0,0,0,0,2364,0,0,0
1744062048.001776,600038,21131154,0,nscratch,nscratch-ffff8bace051d000,0,0,14957600,43909601,0,0,189,0,0,0,0,0,0,0,0,0,0,0,0,0,0,0,0,0,0,0,0,0,0,0,0,169,0,0,0
1744062048.001856,600038,21131154,0,pscratch,pscratch-ffff8bacc74f9800,0,0,185687946750,115662847378,0,0,18528,0,0,0,0,0,0,0,0,0,0,0,0,0,0,0,0,0,0,0,0,0,0,0,0,2364,0,0,0
1744062049.002248,600038,21131154,0,nscratch,nscratch-ffff8bace051d000,0,0,14957600,43909601,0,0,189,0,0,0,0,0,0,0,0,0,0,0,0,0,0,0,0,0,0,0,0,0,0,0,0,169,0,0,0
1744062049.002327,600038,21131154,0,pscratch,pscratch-ffff8bacc74f9800,0,0,185687946750,115662847378,0,0,18528,0,0,0,0,0,0,0,0,0,0,0,0,0,0,0,0,0,0,0,0,0,0,0,0,2364,0,0,0
1744062050.001679,600038,21131154,0,nscratch,nscratch-ffff8bace051d000,0,0,14957600,43909601,0,0,189,0,0,0,0,0,0,0,0,0,0,0,0,0,0,0,0,0,0,0,0,0,0,0,0,169,0,0,0
1744062050.001781,600038,21131154,0,pscratch,pscratch-ffff8bacc74f9800,0,0,185687946750,115662847378,0,0,18528,0,0,0,0,0,0,0,0,0,0,0,0,0,0,0,0,0,0,0,0,0,0,0,0,2364,0,0,0
1744062051.001962,600038,21131154,0,nscratch,nscratch-ffff8bace051d000,0,0,14957600,43909601,0,0,189,0,0,0,0,0,0,0,0,0,0,0,0,0,0,0,0,0,0,0,0,0,0,0,0,169,0,0,0
1744062051.002061,600038,21131154,0,pscratch,pscratch-ffff8bacc74f9800,0,0,185687946750,115662847378,0,0,18528,0,0,0,0,0,0,0,0,0,0,0,0,0,0,0,0,0,0,0,0,0,0,0,0,2364,0,0,0
1744062052.001444,600038,21131154,0,nscratch,nscratch-ffff8bace051d000,0,0,14957600,43909601,0,0,189,0,0,0,0,0,0,0,0,0,0,0,0,0,0,0,0,0,0,0,0,0,0,0,0,169,0,0,0
1744062052.001565,600038,21131154,0,pscratch,pscratch-ffff8bacc74f9800,0,0,185687946750,115662847378,0,0,18528,0,0,0,0,0,0,0,0,0,0,0,0,0,0,0,0,0,0,0,0,0,0,0,0,2364,0,0,0
1744062053.001944,600038,21131154,0,nscratch,nscratch-ffff8bace051d000,0,0,14957600,43909601,0,0,189,0,0,0,0,0,0,0,0,0,0,0,0,0,0,0,0,0,0,0,0,0,0,0,0,169,0,0,0
1744062053.002029,600038,21131154,0,pscratch,pscratch-ffff8bacc74f9800,0,0,185687946750,115662847378,0,0,18528,0,0,0,0,0,0,0,0,0,0,0,0,0,0,0,0,0,0,0,0,0,0,0,0,2364,0,0,0
1744062054.001298,600038,21131154,0,nscratch,nscratch-ffff8bace051d000,0,0,14957600,43909601,0,0,189,0,0,0,0,0,0,0,0,0,0,0,0,0,0,0,0,0,0,0,0,0,0,0,0,169,0,0,0
1744062054.001479,600038,21131154,0,pscratch,pscratch-ffff8bacc74f9800,0,0,185687946750,115662847378,0,0,18528,0,0,0,0,0,0,0,0,0,0,0,0,0,0,0,0,0,0,0,0,0,0,0,0,2364,0,0,0
1744062055.002032,600038,21131154,0,nscratch,nscratch-ffff8bace051d000,0,0,14957600,43909601,0,0,189,0,0,0,0,0,0,0,0,0,0,0,0,0,0,0,0,0,0,0,0,0,0,0,0,169,0,0,0
1744062055.002117,600038,21131154,0,pscratch,pscratch-ffff8bacc74f9800,0,0,185687946750,115662847378,0,0,18528,0,0,0,0,0,0,0,0,0,0,0,0,0,0,0,0,0,0,0,0,0,0,0,0,2364,0,0,0
1744062056.001422,600038,21131154,0,nscratch,nscratch-ffff8bace051d000,0,0,14957600,43909601,0,0,189,0,0,0,0,0,0,0,0,0,0,0,0,0,0,0,0,0,0,0,0,0,0,0,0,169,0,0,0
1744062056.001502,600038,21131154,0,pscratch,pscratch-ffff8bacc74f9800,0,0,185687946750,115662847378,0,0,18528,0,0,0,0,0,0,0,0,0,0,0,0,0,0,0,0,0,0,0,0,0,0,0,0,2364,0,0,0
1744062057.001776,600038,21131154,0,nscratch,nscratch-ffff8bace051d000,0,0,14957600,43909601,0,0,189,0,0,0,0,0,0,0,0,0,0,0,0,0,0,0,0,0,0,0,0,0,0,0,0,169,0,0,0
1744062057.001908,600038,21131154,0,pscratch,pscratch-ffff8bacc74f9800,0,0,185687946750,115662847378,0,0,18528,0,0,0,0,0,0,0,0,0,0,0,0,0,0,0,0,0,0,0,0,0,0,0,0,2364,0,0,0
1744062058.001332,600038,21131154,0,nscratch,nscratch-ffff8bace051d000,0,0,14957600,43909601,0,0,189,0,0,0,0,0,0,0,0,0,0,0,0,0,0,0,0,0,0,0,0,0,0,0,0,169,0,0,0
1744062058.001411,600038,21131154,0,pscratch,pscratch-ffff8bacc74f9800,0,0,185687946750,115662847378,0,0,18528,0,0,0,0,0,0,0,0,0,0,0,0,0,0,0,0,0,0,0,0,0,0,0,0,2364,0,0,0
1744062059.001942,600038,21131154,0,nscratch,nscratch-ffff8bace051d000,0,0,14957600,43909601,0,0,189,0,0,0,0,0,0,0,0,0,0,0,0,0,0,0,0,0,0,0,0,0,0,0,0,169,0,0,0
1744062059.002067,600038,21131154,0,pscratch,pscratch-ffff8bacc74f9800,0,0,185687946750,115662847378,0,0,18528,0,0,0,0,0,0,0,0,0,0,0,0,0,0,0,0,0,0,0,0,0,0,0,0,2364,0,0,0
1744062060.001300,600038,21131154,0,nscratch,nscratch-ffff8bace051d000,0,0,14957600,43909601,0,0,189,0,0,0,0,0,0,0,0,0,0,0,0,0,0,0,0,0,0,0,0,0,0,0,0,169,0,0,0
1744062060.001386,600038,21131154,0,pscratch,pscratch-ffff8bacc74f9800,0,0,185687946750,115662847378,0,0,18528,0,0,0,0,0,0,0,0,0,0,0,0,0,0,0,0,0,0,0,0,0,0,0,0,2364,0,0,0
1744062061.002026,600038,21131154,0,nscratch,nscratch-ffff8bace051d000,0,0,14957600,43909601,0,0,189,0,0,0,0,0,0,0,0,0,0,0,0,0,0,0,0,0,0,0,0,0,0,0,0,169,0,0,0
1744062061.002112,600038,21131154,0,pscratch,pscratch-ffff8bacc74f9800,0,0,185687946750,115662847378,0,0,18528,0,0,0,0,0,0,0,0,0,0,0,0,0,0,0,0,0,0,0,0,0,0,0,0,2364,0,0,0
1744062062.001431,600038,21131154,0,nscratch,nscratch-ffff8bace051d000,0,0,14957600,43909601,0,0,189,0,0,0,0,0,0,0,0,0,0,0,0,0,0,0,0,0,0,0,0,0,0,0,0,169,0,0,0
1744062062.001510,600038,21131154,0,pscratch,pscratch-ffff8bacc74f9800,0,0,185687946750,115662847378,0,0,18528,0,0,0,0,0,0,0,0,0,0,0,0,0,0,0,0,0,0,0,0,0,0,0,0,2364,0,0,0
1744062063.001684,600038,21131154,0,nscratch,nscratch-ffff8bace051d000,0,0,14957600,43909601,0,0,189,0,0,0,0,0,0,0,0,0,0,0,0,0,0,0,0,0,0,0,0,0,0,0,0,169,0,0,0
1744062063.001768,600038,21131154,0,pscratch,pscratch-ffff8bacc74f9800,0,0,185687946750,115662847378,0,0,18528,0,0,0,0,0,0,0,0,0,0,0,0,0,0,0,0,0,0,0,0,0,0,0,0,2364,0,0,0
1744062064.002215,600038,21131154,0,nscratch,nscratch-ffff8bace051d000,0,0,14957600,43909601,0,0,189,0,0,0,0,0,0,0,0,0,0,0,0,0,0,0,0,0,0,0,0,0,0,0,0,169,0,0,0
1744062064.002299,600038,21131154,0,pscratch,pscratch-ffff8bacc74f9800,0,0,185687946750,115662847378,0,0,18528,0,0,0,0,0,0,0,0,0,0,0,0,0,0,0,0,0,0,0,0,0,0,0,0,2364,0,0,0
1744062065.001665,600038,21131154,0,nscratch,nscratch-ffff8bace051d000,0,0,14957600,43909601,0,0,189,0,0,0,0,0,0,0,0,0,0,0,0,0,0,0,0,0,0,0,0,0,0,0,0,169,0,0,0
1744062065.001744,600038,21131154,0,pscratch,pscratch-ffff8bacc74f9800,0,0,185687946750,115662847378,0,0,18528,0,0,0,0,0,0,0,0,0,0,0,0,0,0,0,0,0,0,0,0,0,0,0,0,2364,0,0,0
1744062066.001917,600038,21131154,0,nscratch,nscratch-ffff8bace051d000,0,0,14957600,43909601,0,0,189,0,0,0,0,0,0,0,0,0,0,0,0,0,0,0,0,0,0,0,0,0,0,0,0,169,0,0,0
1744062066.001999,600038,21131154,0,pscratch,pscratch-ffff8bacc74f9800,0,0,185687946750,115662847378,0,0,18528,0,0,0,0,0,0,0,0,0,0,0,0,0,0,0,0,0,0,0,0,0,0,0,0,2364,0,0,0
1744062067.001453,600038,21131154,0,nscratch,nscratch-ffff8bace051d000,0,0,14957600,43909601,0,0,189,0,0,0,0,0,0,0,0,0,0,0,0,0,0,0,0,0,0,0,0,0,0,0,0,169,0,0,0
1744062067.001555,600038,21131154,0,pscratch,pscratch-ffff8bacc74f9800,0,0,185687946750,115662847378,0,0,18528,0,0,0,0,0,0,0,0,0,0,0,0,0,0,0,0,0,0,0,0,0,0,0,0,2364,0,0,0
1744062068.001860,600038,21131154,0,nscratch,nscratch-ffff8bace051d000,0,0,14957600,43909601,0,0,189,0,0,0,0,0,0,0,0,0,0,0,0,0,0,0,0,0,0,0,0,0,0,0,0,169,0,0,0
1744062068.001969,600038,21131154,0,pscratch,pscratch-ffff8bacc74f9800,0,0,185687946750,115662847378,0,0,18528,0,0,0,0,0,0,0,0,0,0,0,0,0,0,0,0,0,0,0,0,0,0,0,0,2364,0,0,0
1744062069.002118,600038,21131154,0,nscratch,nscratch-ffff8bace051d000,0,0,14957600,43909601,0,0,189,0,0,0,0,0,0,0,0,0,0,0,0,0,0,0,0,0,0,0,0,0,0,0,0,169,0,0,0
1744062069.002200,600038,21131154,0,pscratch,pscratch-ffff8bacc74f9800,0,0,185687946750,115662847378,0,0,18528,0,0,0,0,0,0,0,0,0,0,0,0,0,0,0,0,0,0,0,0,0,0,0,0,2364,0,0,0
1744062070.001204,600038,21131154,0,nscratch,nscratch-ffff8bace051d000,0,0,14957600,43909601,0,0,189,0,0,0,0,0,0,0,0,0,0,0,0,0,0,0,0,0,0,0,0,0,0,0,0,169,0,0,0
1744062070.001284,600038,21131154,0,pscratch,pscratch-ffff8bacc74f9800,0,0,185687946750,115662847378,0,0,18528,0,0,0,0,0,0,0,0,0,0,0,0,0,0,0,0,0,0,0,0,0,0,0,0,2364,0,0,0
1744062071.001601,600038,21131154,0,nscratch,nscratch-ffff8bace051d000,0,0,14957600,43909601,0,0,189,0,0,0,0,0,0,0,0,0,0,0,0,0,0,0,0,0,0,0,0,0,0,0,0,169,0,0,0
1744062071.001700,600038,21131154,0,pscratch,pscratch-ffff8bacc74f9800,0,0,185687946750,115662847378,0,0,18528,0,0,0,0,0,0,0,0,0,0,0,0,0,0,0,0,0,0,0,0,0,0,0,0,2364,0,0,0
1744062072.001894,600038,21131154,0,nscratch,nscratch-ffff8bace051d000,0,0,14957600,43909601,0,0,189,0,0,0,0,0,0,0,0,0,0,0,0,0,0,0,0,0,0,0,0,0,0,0,0,169,0,0,0
1744062072.002001,600038,21131154,0,pscratch,pscratch-ffff8bacc74f9800,0,0,185687946750,115662847378,0,0,18528,0,0,0,0,0,0,0,0,0,0,0,0,0,0,0,0,0,0,0,0,0,0,0,0,2364,0,0,0
1744062073.001569,600038,21131154,0,nscratch,nscratch-ffff8bace051d000,0,0,14957600,43909601,0,0,189,0,0,0,0,0,0,0,0,0,0,0,0,0,0,0,0,0,0,0,0,0,0,0,0,169,0,0,0
1744062073.001650,600038,21131154,0,pscratch,pscratch-ffff8bacc74f9800,0,0,185687946750,115662847378,0,0,18528,0,0,0,0,0,0,0,0,0,0,0,0,0,0,0,0,0,0,0,0,0,0,0,0,2364,0,0,0
1744062074.001990,600038,21131154,0,nscratch,nscratch-ffff8bace051d000,0,0,14957600,43909601,0,0,189,0,0,0,0,0,0,0,0,0,0,0,0,0,0,0,0,0,0,0,0,0,0,0,0,169,0,0,0
1744062074.002076,600038,21131154,0,pscratch,pscratch-ffff8bacc74f9800,0,0,185687946750,115662847378,0,0,18528,0,0,0,0,0,0,0,0,0,0,0,0,0,0,0,0,0,0,0,0,0,0,0,0,2364,0,0,0
1744062075.001224,600038,21131154,0,nscratch,nscratch-ffff8bace051d000,0,0,14957600,43909601,0,0,189,0,0,0,0,0,0,0,0,0,0,0,0,0,0,0,0,0,0,0,0,0,0,0,0,169,0,0,0
1744062075.001325,600038,21131154,0,pscratch,pscratch-ffff8bacc74f9800,0,0,185687946750,115662847378,0,0,18528,0,0,0,0,0,0,0,0,0,0,0,0,0,0,0,0,0,0,0,0,0,0,0,0,2364,0,0,0
1744062076.001737,600038,21131154,0,nscratch,nscratch-ffff8bace051d000,0,0,14957600,43909601,0,0,189,0,0,0,0,0,0,0,0,0,0,0,0,0,0,0,0,0,0,0,0,0,0,0,0,169,0,0,0
1744062076.001821,600038,21131154,0,pscratch,pscratch-ffff8bacc74f9800,0,0,185687946750,115662847378,0,0,18528,0,0,0,0,0,0,0,0,0,0,0,0,0,0,0,0,0,0,0,0,0,0,0,0,2364,0,0,0
1744062077.002139,600038,21131154,0,nscratch,nscratch-ffff8bace051d000,0,0,14957600,43909601,0,0,189,0,0,0,0,0,0,0,0,0,0,0,0,0,0,0,0,0,0,0,0,0,0,0,0,169,0,0,0
1744062077.002222,600038,21131154,0,pscratch,pscratch-ffff8bacc74f9800,0,0,185687946750,115662847378,0,0,18528,0,0,0,0,0,0,0,0,0,0,0,0,0,0,0,0,0,0,0,0,0,0,0,0,2364,0,0,0
1744062078.001400,600038,21131154,0,nscratch,nscratch-ffff8bace051d000,0,0,14957600,43909601,0,0,189,0,0,0,0,0,0,0,0,0,0,0,0,0,0,0,0,0,0,0,0,0,0,0,0,169,0,0,0
1744062078.001502,600038,21131154,0,pscratch,pscratch-ffff8bacc74f9800,0,0,185687946750,115662847378,0,0,18528,0,0,0,0,0,0,0,0,0,0,0,0,0,0,0,0,0,0,0,0,0,0,0,0,2364,0,0,0
1744062079.001986,600038,21131154,0,nscratch,nscratch-ffff8bace051d000,0,0,14957600,43909601,0,0,189,0,0,0,0,0,0,0,0,0,0,0,0,0,0,0,0,0,0,0,0,0,0,0,0,169,0,0,0
1744062079.002109,600038,21131154,0,pscratch,pscratch-ffff8bacc74f9800,0,0,185687946750,115662847378,0,0,18528,0,0,0,0,0,0,0,0,0,0,0,0,0,0,0,0,0,0,0,0,0,0,0,0,2364,0,0,0
1744062080.001403,600038,21131154,0,nscratch,nscratch-ffff8bace051d000,0,0,14957600,43909601,0,0,189,0,0,0,0,0,0,0,0,0,0,0,0,0,0,0,0,0,0,0,0,0,0,0,0,169,0,0,0
1744062080.001482,600038,21131154,0,pscratch,pscratch-ffff8bacc74f9800,0,0,185687946750,115662847378,0,0,18528,0,0,0,0,0,0,0,0,0,0,0,0,0,0,0,0,0,0,0,0,0,0,0,0,2364,0,0,0
1744062081.001635,600038,21131154,0,nscratch,nscratch-ffff8bace051d000,0,0,14957600,43909601,0,0,189,0,0,0,0,0,0,0,0,0,0,0,0,0,0,0,0,0,0,0,0,0,0,0,0,169,0,0,0
1744062081.001716,600038,21131154,0,pscratch,pscratch-ffff8bacc74f9800,0,0,185687946750,115662847378,0,0,18528,0,0,0,0,0,0,0,0,0,0,0,0,0,0,0,0,0,0,0,0,0,0,0,0,2364,0,0,0
1744062082.002145,600038,21131154,0,nscratch,nscratch-ffff8bace051d000,0,0,14957600,43909601,0,0,189,0,0,0,0,0,0,0,0,0,0,0,0,0,0,0,0,0,0,0,0,0,0,0,0,169,0,0,0
1744062082.002246,600038,21131154,0,pscratch,pscratch-ffff8bacc74f9800,0,0,185687946750,115662847378,0,0,18528,0,0,0,0,0,0,0,0,0,0,0,0,0,0,0,0,0,0,0,0,0,0,0,0,2364,0,0,0
1744062083.001555,600038,21131154,0,nscratch,nscratch-ffff8bace051d000,0,0,14957600,43909601,0,0,189,0,0,0,0,0,0,0,0,0,0,0,0,0,0,0,0,0,0,0,0,0,0,0,0,169,0,0,0
1744062083.001657,600038,21131154,0,pscratch,pscratch-ffff8bacc74f9800,0,0,185687946750,115662847378,0,0,18528,0,0,0,0,0,0,0,0,0,0,0,0,0,0,0,0,0,0,0,0,0,0,0,0,2364,0,0,0
1744062084.001838,600038,21131154,0,nscratch,nscratch-ffff8bace051d000,0,0,14957600,43909601,0,0,189,0,0,0,0,0,0,0,0,0,0,0,0,0,0,0,0,0,0,0,0,0,0,0,0,169,0,0,0
1744062084.001957,600038,21131154,0,pscratch,pscratch-ffff8bacc74f9800,0,0,185687946750,115662847378,0,0,18528,0,0,0,0,0,0,0,0,0,0,0,0,0,0,0,0,0,0,0,0,0,0,0,0,2364,0,0,0
1744062085.001541,600038,21131154,0,nscratch,nscratch-ffff8bace051d000,0,0,14957600,43909601,0,0,189,0,0,0,0,0,0,0,0,0,0,0,0,0,0,0,0,0,0,0,0,0,0,0,0,169,0,0,0
1744062085.001621,600038,21131154,0,pscratch,pscratch-ffff8bacc74f9800,0,0,185687946750,115662847378,0,0,18528,0,0,0,0,0,0,0,0,0,0,0,0,0,0,0,0,0,0,0,0,0,0,0,0,2364,0,0,0
1744062086.001949,600038,21131154,0,nscratch,nscratch-ffff8bace051d000,0,0,14957600,43909601,0,0,189,0,0,0,0,0,0,0,0,0,0,0,0,0,0,0,0,0,0,0,0,0,0,0,0,169,0,0,0
1744062086.002048,600038,21131154,0,pscratch,pscratch-ffff8bacc74f9800,0,0,185687946750,115662847378,0,0,18528,0,0,0,0,0,0,0,0,0,0,0,0,0,0,0,0,0,0,0,0,0,0,0,0,2364,0,0,0
1744062087.001201,600038,21131154,0,nscratch,nscratch-ffff8bace051d000,0,0,14957600,43909601,0,0,189,0,0,0,0,0,0,0,0,0,0,0,0,0,0,0,0,0,0,0,0,0,0,0,0,169,0,0,0
1744062087.001282,600038,21131154,0,pscratch,pscratch-ffff8bacc74f9800,0,0,185687946750,115662847378,0,0,18528,0,0,0,0,0,0,0,0,0,0,0,0,0,0,0,0,0,0,0,0,0,0,0,0,2364,0,0,0
1744062088.001665,600038,21131154,0,nscratch,nscratch-ffff8bace051d000,0,0,14957600,43909601,0,0,189,0,0,0,0,0,0,0,0,0,0,0,0,0,0,0,0,0,0,0,0,0,0,0,0,169,0,0,0
1744062088.001744,600038,21131154,0,pscratch,pscratch-ffff8bacc74f9800,0,0,185687946750,115662847378,0,0,18528,0,0,0,0,0,0,0,0,0,0,0,0,0,0,0,0,0,0,0,0,0,0,0,0,2364,0,0,0
1744062089.002051,600038,21131154,0,nscratch,nscratch-ffff8bace051d000,0,0,14957600,43909601,0,0,189,0,0,0,0,0,0,0,0,0,0,0,0,0,0,0,0,0,0,0,0,0,0,0,0,169,0,0,0
1744062089.002130,600038,21131154,0,pscratch,pscratch-ffff8bacc74f9800,0,0,185687946750,115662847378,0,0,18528,0,0,0,0,0,0,0,0,0,0,0,0,0,0,0,0,0,0,0,0,0,0,0,0,2364,0,0,0
1744062090.001371,600038,21131154,0,nscratch,nscratch-ffff8bace051d000,0,0,14957600,43909601,0,0,189,0,0,0,0,0,0,0,0,0,0,0,0,0,0,0,0,0,0,0,0,0,0,0,0,169,0,0,0
1744062090.001451,600038,21131154,0,pscratch,pscratch-ffff8bacc74f9800,0,0,185687946750,115662847378,0,0,18528,0,0,0,0,0,0,0,0,0,0,0,0,0,0,0,0,0,0,0,0,0,0,0,0,2364,0,0,0
1744062091.001860,600038,21131154,0,nscratch,nscratch-ffff8bace051d000,0,0,14957600,43909601,0,0,189,0,0,0,0,0,0,0,0,0,0,0,0,0,0,0,0,0,0,0,0,0,0,0,0,169,0,0,0
1744062091.001951,600038,21131154,0,pscratch,pscratch-ffff8bacc74f9800,0,0,185687946750,115662847378,0,0,18528,0,0,0,0,0,0,0,0,0,0,0,0,0,0,0,0,0,0,0,0,0,0,0,0,2364,0,0,0
1744062092.002264,600038,21131154,0,nscratch,nscratch-ffff8bace051d000,0,0,14957600,43909601,0,0,189,0,0,0,0,0,0,0,0,0,0,0,0,0,0,0,0,0,0,0,0,0,0,0,0,169,0,0,0
1744062092.002342,600038,21131154,0,pscratch,pscratch-ffff8bacc74f9800,0,0,185687946750,115662847378,0,0,18528,0,0,0,0,0,0,0,0,0,0,0,0,0,0,0,0,0,0,0,0,0,0,0,0,2364,0,0,0
1744062093.001521,600038,21131154,0,nscratch,nscratch-ffff8bace051d000,0,0,14957600,43909601,0,0,189,0,0,0,0,0,0,0,0,0,0,0,0,0,0,0,0,0,0,0,0,0,0,0,0,169,0,0,0
1744062093.001602,600038,21131154,0,pscratch,pscratch-ffff8bacc74f9800,0,0,185687946750,115662847378,0,0,18528,0,0,0,0,0,0,0,0,0,0,0,0,0,0,0,0,0,0,0,0,0,0,0,0,2364,0,0,0
1744062094.001993,600038,21131154,0,nscratch,nscratch-ffff8bace051d000,0,0,14957600,43909601,0,0,189,0,0,0,0,0,0,0,0,0,0,0,0,0,0,0,0,0,0,0,0,0,0,0,0,169,0,0,0
1744062094.002074,600038,21131154,0,pscratch,pscratch-ffff8bacc74f9800,0,0,185687946750,115662847378,0,0,18528,0,0,0,0,0,0,0,0,0,0,0,0,0,0,0,0,0,0,0,0,0,0,0,0,2364,0,0,0
1744062095.001597,600038,21131154,0,nscratch,nscratch-ffff8bace051d000,0,0,14957600,43909601,0,0,189,0,0,0,0,0,0,0,0,0,0,0,0,0,0,0,0,0,0,0,0,0,0,0,0,169,0,0,0
1744062095.001699,600038,21131154,0,pscratch,pscratch-ffff8bacc74f9800,0,0,185687946750,115662847378,0,0,18528,0,0,0,0,0,0,0,0,0,0,0,0,0,0,0,0,0,0,0,0,0,0,0,0,2364,0,0,0
1744062096.001891,600038,21131154,0,nscratch,nscratch-ffff8bace051d000,0,0,14957600,43909601,0,0,189,0,0,0,0,0,0,0,0,0,0,0,0,0,0,0,0,0,0,0,0,0,0,0,0,169,0,0,0
1744062096.001978,600038,21131154,0,pscratch,pscratch-ffff8bacc74f9800,0,0,185687946750,115662847378,0,0,18528,0,0,0,0,0,0,0,0,0,0,0,0,0,0,0,0,0,0,0,0,0,0,0,0,2364,0,0,0
1744062097.001527,600038,21131154,0,nscratch,nscratch-ffff8bace051d000,0,0,14957600,43909601,0,0,189,0,0,0,0,0,0,0,0,0,0,0,0,0,0,0,0,0,0,0,0,0,0,0,0,169,0,0,0
1744062097.001608,600038,21131154,0,pscratch,pscratch-ffff8bacc74f9800,0,0,185687946750,115662847378,0,0,18528,0,0,0,0,0,0,0,0,0,0,0,0,0,0,0,0,0,0,0,0,0,0,0,0,2364,0,0,0
1744062098.002014,600038,21131154,0,nscratch,nscratch-ffff8bace051d000,0,0,14957600,43909601,0,0,189,0,0,0,0,0,0,0,0,0,0,0,0,0,0,0,0,0,0,0,0,0,0,0,0,169,0,0,0
1744062098.002096,600038,21131154,0,pscratch,pscratch-ffff8bacc74f9800,0,0,185687946750,115662847378,0,0,18528,0,0,0,0,0,0,0,0,0,0,0,0,0,0,0,0,0,0,0,0,0,0,0,0,2364,0,0,0
1744062099.001361,600038,21131154,0,nscratch,nscratch-ffff8bace051d000,0,0,14957600,43909601,0,0,189,0,0,0,0,0,0,0,0,0,0,0,0,0,0,0,0,0,0,0,0,0,0,0,0,169,0,0,0
1744062099.001550,600038,21131154,0,pscratch,pscratch-ffff8bacc74f9800,0,0,185687946750,115662847378,0,0,18528,0,0,0,0,0,0,0,0,0,0,0,0,0,0,0,0,0,0,0,0,0,0,0,0,2364,0,0,0
1744062100.002167,600038,21131154,0,nscratch,nscratch-ffff8bace051d000,0,0,14957600,43909601,0,0,189,0,0,0,0,0,0,0,0,0,0,0,0,0,0,0,0,0,0,0,0,0,0,0,0,169,0,0,0
1744062100.002282,600038,21131154,0,pscratch,pscratch-ffff8bacc74f9800,0,0,185687946750,115662847378,0,0,18528,0,0,0,0,0,0,0,0,0,0,0,0,0,0,0,0,0,0,0,0,0,0,0,0,2364,0,0,0
1744062101.001575,600038,21131154,0,nscratch,nscratch-ffff8bace051d000,0,0,14957600,43909601,0,0,189,0,0,0,0,0,0,0,0,0,0,0,0,0,0,0,0,0,0,0,0,0,0,0,0,169,0,0,0
1744062101.001655,600038,21131154,0,pscratch,pscratch-ffff8bacc74f9800,0,0,185687946750,115662847378,0,0,18528,0,0,0,0,0,0,0,0,0,0,0,0,0,0,0,0,0,0,0,0,0,0,0,0,2364,0,0,0
1744062102.001801,600038,21131154,0,nscratch,nscratch-ffff8bace051d000,0,0,14957600,43909601,0,0,189,0,0,0,0,0,0,0,0,0,0,0,0,0,0,0,0,0,0,0,0,0,0,0,0,169,0,0,0
1744062102.001894,600038,21131154,0,pscratch,pscratch-ffff8bacc74f9800,0,0,185687946750,115662847378,0,0,18528,0,0,0,0,0,0,0,0,0,0,0,0,0,0,0,0,0,0,0,0,0,0,0,0,2364,0,0,0
1744062103.001325,600038,21131154,0,nscratch,nscratch-ffff8bace051d000,0,0,14957600,43909601,0,0,189,0,0,0,0,0,0,0,0,0,0,0,0,0,0,0,0,0,0,0,0,0,0,0,0,169,0,0,0
1744062103.001404,600038,21131154,0,pscratch,pscratch-ffff8bacc74f9800,0,0,185687946750,115662847378,0,0,18528,0,0,0,0,0,0,0,0,0,0,0,0,0,0,0,0,0,0,0,0,0,0,0,0,2364,0,0,0
1744062104.001691,600038,21131154,0,nscratch,nscratch-ffff8bace051d000,0,0,14957600,43909601,0,0,189,0,0,0,0,0,0,0,0,0,0,0,0,0,0,0,0,0,0,0,0,0,0,0,0,169,0,0,0
1744062104.001791,600038,21131154,0,pscratch,pscratch-ffff8bacc74f9800,0,0,185687946750,115662847378,0,0,18528,0,0,0,0,0,0,0,0,0,0,0,0,0,0,0,0,0,0,0,0,0,0,0,0,2364,0,0,0
1744062105.002055,600038,21131154,0,nscratch,nscratch-ffff8bace051d000,0,0,14957600,43909601,0,0,189,0,0,0,0,0,0,0,0,0,0,0,0,0,0,0,0,0,0,0,0,0,0,0,0,169,0,0,0
1744062105.002142,600038,21131154,0,pscratch,pscratch-ffff8bacc74f9800,0,0,185687946750,115662847378,0,0,18528,0,0,0,0,0,0,0,0,0,0,0,0,0,0,0,0,0,0,0,0,0,0,0,0,2364,0,0,0
1744062106.001564,600038,21131154,0,nscratch,nscratch-ffff8bace051d000,0,0,14957600,43909601,0,0,189,0,0,0,0,0,0,0,0,0,0,0,0,0,0,0,0,0,0,0,0,0,0,0,0,169,0,0,0
1744062106.001680,600038,21131154,0,pscratch,pscratch-ffff8bacc74f9800,0,0,185687946750,115662847378,0,0,18528,0,0,0,0,0,0,0,0,0,0,0,0,0,0,0,0,0,0,0,0,0,0,0,0,2364,0,0,0
1744062107.002012,600038,21131154,0,nscratch,nscratch-ffff8bace051d000,0,0,14957600,43909601,0,0,189,0,0,0,0,0,0,0,0,0,0,0,0,0,0,0,0,0,0,0,0,0,0,0,0,169,0,0,0
1744062107.002093,600038,21131154,0,pscratch,pscratch-ffff8bacc74f9800,0,0,185687946750,115662847378,0,0,18528,0,0,0,0,0,0,0,0,0,0,0,0,0,0,0,0,0,0,0,0,0,0,0,0,2364,0,0,0
1744062108.001263,600038,21131154,0,nscratch,nscratch-ffff8bace051d000,0,0,14957600,43909601,0,0,189,0,0,0,0,0,0,0,0,0,0,0,0,0,0,0,0,0,0,0,0,0,0,0,0,169,0,0,0
1744062108.001344,600038,21131154,0,pscratch,pscratch-ffff8bacc74f9800,0,0,185687946750,115662847378,0,0,18528,0,0,0,0,0,0,0,0,0,0,0,0,0,0,0,0,0,0,0,0,0,0,0,0,2364,0,0,0
1744062109.001810,600038,21131154,0,nscratch,nscratch-ffff8bace051d000,0,0,14957600,43909601,0,0,189,0,0,0,0,0,0,0,0,0,0,0,0,0,0,0,0,0,0,0,0,0,0,0,0,169,0,0,0
1744062109.001905,600038,21131154,0,pscratch,pscratch-ffff8bacc74f9800,0,0,185687946750,115662847378,0,0,18528,0,0,0,0,0,0,0,0,0,0,0,0,0,0,0,0,0,0,0,0,0,0,0,0,2364,0,0,0
1744062110.002300,600038,21131154,0,nscratch,nscratch-ffff8bace051d000,0,0,14957600,43909601,0,0,189,0,0,0,0,0,0,0,0,0,0,0,0,0,0,0,0,0,0,0,0,0,0,0,0,169,0,0,0
1744062110.002394,600038,21131154,0,pscratch,pscratch-ffff8bacc74f9800,0,0,185687946750,115662847378,0,0,18528,0,0,0,0,0,0,0,0,0,0,0,0,0,0,0,0,0,0,0,0,0,0,0,0,2364,0,0,0
1744062111.001565,600038,21131154,0,nscratch,nscratch-ffff8bace051d000,0,0,14957600,43909601,0,0,189,0,0,0,0,0,0,0,0,0,0,0,0,0,0,0,0,0,0,0,0,0,0,0,0,169,0,0,0
1744062111.001649,600038,21131154,0,pscratch,pscratch-ffff8bacc74f9800,0,0,185687946750,115662847378,0,0,18528,0,0,0,0,0,0,0,0,0,0,0,0,0,0,0,0,0,0,0,0,0,0,0,0,2364,0,0,0
1744062112.002129,600038,21131154,0,nscratch,nscratch-ffff8bace051d000,0,0,14957600,43909601,0,0,189,0,0,0,0,0,0,0,0,0,0,0,0,0,0,0,0,0,0,0,0,0,0,0,0,169,0,0,0
1744062112.002210,600038,21131154,0,pscratch,pscratch-ffff8bacc74f9800,0,0,185687946750,115662847378,0,0,18528,0,0,0,0,0,0,0,0,0,0,0,0,0,0,0,0,0,0,0,0,0,0,0,0,2364,0,0,0
1744062113.001590,600038,21131154,0,nscratch,nscratch-ffff8bace051d000,0,0,14957600,43909601,0,0,189,0,0,0,0,0,0,0,0,0,0,0,0,0,0,0,0,0,0,0,0,0,0,0,0,169,0,0,0
1744062113.001671,600038,21131154,0,pscratch,pscratch-ffff8bacc74f9800,0,0,185687946750,115662847378,0,0,18528,0,0,0,0,0,0,0,0,0,0,0,0,0,0,0,0,0,0,0,0,0,0,0,0,2364,0,0,0
1744062114.001822,600038,21131154,0,nscratch,nscratch-ffff8bace051d000,0,0,14957600,43909601,0,0,189,0,0,0,0,0,0,0,0,0,0,0,0,0,0,0,0,0,0,0,0,0,0,0,0,169,0,0,0
1744062114.001933,600038,21131154,0,pscratch,pscratch-ffff8bacc74f9800,0,0,185687946750,115662847378,0,0,18528,0,0,0,0,0,0,0,0,0,0,0,0,0,0,0,0,0,0,0,0,0,0,0,0,2364,0,0,0
1744062115.001343,600038,21131154,0,nscratch,nscratch-ffff8bace051d000,0,0,14957600,43909601,0,0,189,0,0,0,0,0,0,0,0,0,0,0,0,0,0,0,0,0,0,0,0,0,0,0,0,169,0,0,0
1744062115.001445,600038,21131154,0,pscratch,pscratch-ffff8bacc74f9800,0,0,185687946750,115662847378,0,0,18528,0,0,0,0,0,0,0,0,0,0,0,0,0,0,0,0,0,0,0,0,0,0,0,0,2364,0,0,0
1744062116.001759,600038,21131154,0,nscratch,nscratch-ffff8bace051d000,0,0,14957600,43909601,0,0,189,0,0,0,0,0,0,0,0,0,0,0,0,0,0,0,0,0,0,0,0,0,0,0,0,169,0,0,0
1744062116.001843,600038,21131154,0,pscratch,pscratch-ffff8bacc74f9800,0,0,185687946750,115662847378,0,0,18528,0,0,0,0,0,0,0,0,0,0,0,0,0,0,0,0,0,0,0,0,0,0,0,0,2364,0,0,0
1744062117.002013,600038,21131154,0,nscratch,nscratch-ffff8bace051d000,0,0,14957600,43909601,0,0,189,0,0,0,0,0,0,0,0,0,0,0,0,0,0,0,0,0,0,0,0,0,0,0,0,169,0,0,0
1744062117.002097,600038,21131154,0,pscratch,pscratch-ffff8bacc74f9800,0,0,185687946750,115662847378,0,0,18528,0,0,0,0,0,0,0,0,0,0,0,0,0,0,0,0,0,0,0,0,0,0,0,0,2364,0,0,0
1744062118.001522,600038,21131154,0,nscratch,nscratch-ffff8bace051d000,0,0,14957600,43909601,0,0,189,0,0,0,0,0,0,0,0,0,0,0,0,0,0,0,0,0,0,0,0,0,0,0,0,169,0,0,0
1744062118.001601,600038,21131154,0,pscratch,pscratch-ffff8bacc74f9800,0,0,185687946750,115662847378,0,0,18528,0,0,0,0,0,0,0,0,0,0,0,0,0,0,0,0,0,0,0,0,0,0,0,0,2364,0,0,0
1744062119.001917,600038,21131154,0,nscratch,nscratch-ffff8bace051d000,0,0,14957600,43909601,0,0,189,0,0,0,0,0,0,0,0,0,0,0,0,0,0,0,0,0,0,0,0,0,0,0,0,169,0,0,0
1744062119.002002,600038,21131154,0,pscratch,pscratch-ffff8bacc74f9800,0,0,185687946750,115662847378,0,0,18528,0,0,0,0,0,0,0,0,0,0,0,0,0,0,0,0,0,0,0,0,0,0,0,0,2364,0,0,0
1744062120.001182,600038,21131154,0,nscratch,nscratch-ffff8bace051d000,0,0,14957600,43909601,0,0,189,0,0,0,0,0,0,0,0,0,0,0,0,0,0,0,0,0,0,0,0,0,0,0,0,169,0,0,0
1744062120.001264,600038,21131154,0,pscratch,pscratch-ffff8bacc74f9800,0,0,185687946750,115662847378,0,0,18528,0,0,0,0,0,0,0,0,0,0,0,0,0,0,0,0,0,0,0,0,0,0,0,0,2364,0,0,0
1744062121.001659,600038,21131154,0,nscratch,nscratch-ffff8bace051d000,0,0,14957600,43909601,0,0,189,0,0,0,0,0,0,0,0,0,0,0,0,0,0,0,0,0,0,0,0,0,0,0,0,169,0,0,0
1744062121.001739,600038,21131154,0,pscratch,pscratch-ffff8bacc74f9800,0,0,185687946750,115662847378,0,0,18528,0,0,0,0,0,0,0,0,0,0,0,0,0,0,0,0,0,0,0,0,0,0,0,0,2364,0,0,0
1744062122.002111,600038,21131154,0,nscratch,nscratch-ffff8bace051d000,0,0,14957600,43909601,0,0,189,0,0,0,0,0,0,0,0,0,0,0,0,0,0,0,0,0,0,0,0,0,0,0,0,169,0,0,0
1744062122.002214,600038,21131154,0,pscratch,pscratch-ffff8bacc74f9800,0,0,185687946750,115662847378,0,0,18528,0,0,0,0,0,0,0,0,0,0,0,0,0,0,0,0,0,0,0,0,0,0,0,0,2364,0,0,0
1744062123.001454,600038,21131154,0,nscratch,nscratch-ffff8bace051d000,0,0,14957600,43909601,0,0,189,0,0,0,0,0,0,0,0,0,0,0,0,0,0,0,0,0,0,0,0,0,0,0,0,169,0,0,0
1744062123.001535,600038,21131154,0,pscratch,pscratch-ffff8bacc74f9800,0,0,185687946750,115662847378,0,0,18528,0,0,0,0,0,0,0,0,0,0,0,0,0,0,0,0,0,0,0,0,0,0,0,0,2364,0,0,0
1744062124.001950,600038,21131154,0,nscratch,nscratch-ffff8bace051d000,0,0,14957600,43909601,0,0,189,0,0,0,0,0,0,0,0,0,0,0,0,0,0,0,0,0,0,0,0,0,0,0,0,169,0,0,0
1744062124.002051,600038,21131154,0,pscratch,pscratch-ffff8bacc74f9800,0,0,185687946750,115662847378,0,0,18528,0,0,0,0,0,0,0,0,0,0,0,0,0,0,0,0,0,0,0,0,0,0,0,0,2364,0,0,0
1744062125.001360,600038,21131154,0,nscratch,nscratch-ffff8bace051d000,0,0,14957600,43909601,0,0,189,0,0,0,0,0,0,0,0,0,0,0,0,0,0,0,0,0,0,0,0,0,0,0,0,169,0,0,0
1744062125.001479,600038,21131154,0,pscratch,pscratch-ffff8bacc74f9800,0,0,185687946750,115662847378,0,0,18528,0,0,0,0,0,0,0,0,0,0,0,0,0,0,0,0,0,0,0,0,0,0,0,0,2364,0,0,0
1744062126.001650,600038,21131154,0,nscratch,nscratch-ffff8bace051d000,0,0,14957600,43909601,0,0,189,0,0,0,0,0,0,0,0,0,0,0,0,0,0,0,0,0,0,0,0,0,0,0,0,169,0,0,0
1744062126.001750,600038,21131154,0,pscratch,pscratch-ffff8bacc74f9800,0,0,185687946750,115662847378,0,0,18528,0,0,0,0,0,0,0,0,0,0,0,0,0,0,0,0,0,0,0,0,0,0,0,0,2364,0,0,0
1744062127.002147,600038,21131154,0,nscratch,nscratch-ffff8bace051d000,0,0,14957600,43909601,0,0,189,0,0,0,0,0,0,0,0,0,0,0,0,0,0,0,0,0,0,0,0,0,0,0,0,169,0,0,0
1744062127.002227,600038,21131154,0,pscratch,pscratch-ffff8bacc74f9800,0,0,185687946750,115662847378,0,0,18528,0,0,0,0,0,0,0,0,0,0,0,0,0,0,0,0,0,0,0,0,0,0,0,0,2364,0,0,0
1744062128.001614,600038,21131154,0,nscratch,nscratch-ffff8bace051d000,0,0,14957600,43909601,0,0,189,0,0,0,0,0,0,0,0,0,0,0,0,0,0,0,0,0,0,0,0,0,0,0,0,169,0,0,0
1744062128.001697,600038,21131154,0,pscratch,pscratch-ffff8bacc74f9800,0,0,185687946750,115662847378,0,0,18528,0,0,0,0,0,0,0,0,0,0,0,0,0,0,0,0,0,0,0,0,0,0,0,0,2364,0,0,0
1744062129.001859,600038,21131154,0,nscratch,nscratch-ffff8bace051d000,0,0,14957600,43909601,0,0,189,0,0,0,0,0,0,0,0,0,0,0,0,0,0,0,0,0,0,0,0,0,0,0,0,169,0,0,0
1744062129.001957,600038,21131154,0,pscratch,pscratch-ffff8bacc74f9800,0,0,185687946750,115662847378,0,0,18528,0,0,0,0,0,0,0,0,0,0,0,0,0,0,0,0,0,0,0,0,0,0,0,0,2364,0,0,0
1744062130.001344,600038,21131154,0,nscratch,nscratch-ffff8bace051d000,0,0,14957600,43909601,0,0,189,0,0,0,0,0,0,0,0,0,0,0,0,0,0,0,0,0,0,0,0,0,0,0,0,169,0,0,0
1744062130.001427,600038,21131154,0,pscratch,pscratch-ffff8bacc74f9800,0,0,185687946750,115662847378,0,0,18528,0,0,0,0,0,0,0,0,0,0,0,0,0,0,0,0,0,0,0,0,0,0,0,0,2364,0,0,0
1744062131.001790,600038,21131154,0,nscratch,nscratch-ffff8bace051d000,0,0,14957600,43909601,0,0,189,0,0,0,0,0,0,0,0,0,0,0,0,0,0,0,0,0,0,0,0,0,0,0,0,169,0,0,0
1744062131.001880,600038,21131154,0,pscratch,pscratch-ffff8bacc74f9800,0,0,185687946750,115662847378,0,0,18528,0,0,0,0,0,0,0,0,0,0,0,0,0,0,0,0,0,0,0,0,0,0,0,0,2364,0,0,0
1744062132.002070,600038,21131154,0,nscratch,nscratch-ffff8bace051d000,0,0,14957600,43909601,0,0,189,0,0,0,0,0,0,0,0,0,0,0,0,0,0,0,0,0,0,0,0,0,0,0,0,169,0,0,0
1744062132.002156,600038,21131154,0,pscratch,pscratch-ffff8bacc74f9800,0,0,185687946750,115662847378,0,0,18528,0,0,0,0,0,0,0,0,0,0,0,0,0,0,0,0,0,0,0,0,0,0,0,0,2364,0,0,0
1744062133.001583,600038,21131154,0,nscratch,nscratch-ffff8bace051d000,0,0,14957600,43909601,0,0,189,0,0,0,0,0,0,0,0,0,0,0,0,0,0,0,0,0,0,0,0,0,0,0,0,169,0,0,0
1744062133.001681,600038,21131154,0,pscratch,pscratch-ffff8bacc74f9800,0,0,185687946750,115662847378,0,0,18528,0,0,0,0,0,0,0,0,0,0,0,0,0,0,0,0,0,0,0,0,0,0,0,0,2364,0,0,0
1744062134.002090,600038,21131154,0,nscratch,nscratch-ffff8bace051d000,0,0,14957600,43909601,0,0,189,0,0,0,0,0,0,0,0,0,0,0,0,0,0,0,0,0,0,0,0,0,0,0,0,169,0,0,0
1744062134.002179,600038,21131154,0,pscratch,pscratch-ffff8bacc74f9800,0,0,185687946750,115662847378,0,0,18528,0,0,0,0,0,0,0,0,0,0,0,0,0,0,0,0,0,0,0,0,0,0,0,0,2364,0,0,0
1744062135.001447,600038,21131154,0,nscratch,nscratch-ffff8bace051d000,0,0,14957600,43909601,0,0,189,0,0,0,0,0,0,0,0,0,0,0,0,0,0,0,0,0,0,0,0,0,0,0,0,169,0,0,0
1744062135.001628,600038,21131154,0,pscratch,pscratch-ffff8bacc74f9800,0,0,185687946750,115662847378,0,0,18528,0,0,0,0,0,0,0,0,0,0,0,0,0,0,0,0,0,0,0,0,0,0,0,0,2364,0,0,0
1744062136.002217,600038,21131154,0,nscratch,nscratch-ffff8bace051d000,0,0,14957600,43909601,0,0,189,0,0,0,0,0,0,0,0,0,0,0,0,0,0,0,0,0,0,0,0,0,0,0,0,169,0,0,0
1744062136.002298,600038,21131154,0,pscratch,pscratch-ffff8bacc74f9800,0,0,185687946750,115662847378,0,0,18528,0,0,0,0,0,0,0,0,0,0,0,0,0,0,0,0,0,0,0,0,0,0,0,0,2364,0,0,0
1744062137.001583,600038,21131154,0,nscratch,nscratch-ffff8bace051d000,0,0,14957600,43909601,0,0,189,0,0,0,0,0,0,0,0,0,0,0,0,0,0,0,0,0,0,0,0,0,0,0,0,169,0,0,0
1744062137.001662,600038,21131154,0,pscratch,pscratch-ffff8bacc74f9800,0,0,185687946750,115662847378,0,0,18528,0,0,0,0,0,0,0,0,0,0,0,0,0,0,0,0,0,0,0,0,0,0,0,0,2364,0,0,0
1744062138.001818,600038,21131154,0,nscratch,nscratch-ffff8bace051d000,0,0,14957600,43909601,0,0,189,0,0,0,0,0,0,0,0,0,0,0,0,0,0,0,0,0,0,0,0,0,0,0,0,169,0,0,0
1744062138.001916,600038,21131154,0,pscratch,pscratch-ffff8bacc74f9800,0,0,185687946750,115662847378,0,0,18528,0,0,0,0,0,0,0,0,0,0,0,0,0,0,0,0,0,0,0,0,0,0,0,0,2364,0,0,0
1744062139.001510,600038,21131154,0,nscratch,nscratch-ffff8bace051d000,0,0,14957600,43909601,0,0,189,0,0,0,0,0,0,0,0,0,0,0,0,0,0,0,0,0,0,0,0,0,0,0,0,169,0,0,0
1744062139.001592,600038,21131154,0,pscratch,pscratch-ffff8bacc74f9800,0,0,185687946750,115662847378,0,0,18528,0,0,0,0,0,0,0,0,0,0,0,0,0,0,0,0,0,0,0,0,0,0,0,0,2364,0,0,0
1744062140.002033,600038,21131154,0,nscratch,nscratch-ffff8bace051d000,0,0,14957600,43909601,0,0,189,0,0,0,0,0,0,0,0,0,0,0,0,0,0,0,0,0,0,0,0,0,0,0,0,169,0,0,0
1744062140.002128,600038,21131154,0,pscratch,pscratch-ffff8bacc74f9800,0,0,185687946750,115662847378,0,0,18528,0,0,0,0,0,0,0,0,0,0,0,0,0,0,0,0,0,0,0,0,0,0,0,0,2364,0,0,0
1744062141.001398,600038,21131154,0,nscratch,nscratch-ffff8bace051d000,0,0,14957600,43909601,0,0,189,0,0,0,0,0,0,0,0,0,0,0,0,0,0,0,0,0,0,0,0,0,0,0,0,169,0,0,0
1744062141.001580,600038,21131154,0,pscratch,pscratch-ffff8bacc74f9800,0,0,185687946750,115662847378,0,0,18528,0,0,0,0,0,0,0,0,0,0,0,0,0,0,0,0,0,0,0,0,0,0,0,0,2364,0,0,0
1744062142.002069,600038,21131154,0,nscratch,nscratch-ffff8bace051d000,0,0,14957600,43909601,0,0,189,0,0,0,0,0,0,0,0,0,0,0,0,0,0,0,0,0,0,0,0,0,0,0,0,169,0,0,0
1744062142.002153,600038,21131154,0,pscratch,pscratch-ffff8bacc74f9800,0,0,185687946750,115662847378,0,0,18528,0,0,0,0,0,0,0,0,0,0,0,0,0,0,0,0,0,0,0,0,0,0,0,0,2364,0,0,0
1744062143.001677,600038,21131154,0,nscratch,nscratch-ffff8bace051d000,0,0,14957600,43909601,0,0,189,0,0,0,0,0,0,0,0,0,0,0,0,0,0,0,0,0,0,0,0,0,0,0,0,169,0,0,0
1744062143.001779,600038,21131154,0,pscratch,pscratch-ffff8bacc74f9800,0,0,185687946750,115662847378,0,0,18528,0,0,0,0,0,0,0,0,0,0,0,0,0,0,0,0,0,0,0,0,0,0,0,0,2364,0,0,0
1744062144.002011,600038,21131154,0,nscratch,nscratch-ffff8bace051d000,0,0,14957600,43909601,0,0,189,0,0,0,0,0,0,0,0,0,0,0,0,0,0,0,0,0,0,0,0,0,0,0,0,169,0,0,0
1744062144.002114,600038,21131154,0,pscratch,pscratch-ffff8bacc74f9800,0,0,185687946750,115662847378,0,0,18528,0,0,0,0,0,0,0,0,0,0,0,0,0,0,0,0,0,0,0,0,0,0,0,0,2364,0,0,0
1744062145.001526,600038,21131154,0,nscratch,nscratch-ffff8bace051d000,0,0,14957600,43909601,0,0,189,0,0,0,0,0,0,0,0,0,0,0,0,0,0,0,0,0,0,0,0,0,0,0,0,169,0,0,0
1744062145.001625,600038,21131154,0,pscratch,pscratch-ffff8bacc74f9800,0,0,185687946750,115662847378,0,0,18528,0,0,0,0,0,0,0,0,0,0,0,0,0,0,0,0,0,0,0,0,0,0,0,0,2364,0,0,0
1744062146.002047,600038,21131154,0,nscratch,nscratch-ffff8bace051d000,0,0,14957600,43909601,0,0,189,0,0,0,0,0,0,0,0,0,0,0,0,0,0,0,0,0,0,0,0,0,0,0,0,169,0,0,0
1744062146.002135,600038,21131154,0,pscratch,pscratch-ffff8bacc74f9800,0,0,185687946750,115662847378,0,0,18528,0,0,0,0,0,0,0,0,0,0,0,0,0,0,0,0,0,0,0,0,0,0,0,0,2364,0,0,0
1744062147.001350,600038,21131154,0,nscratch,nscratch-ffff8bace051d000,0,0,14957600,43909601,0,0,189,0,0,0,0,0,0,0,0,0,0,0,0,0,0,0,0,0,0,0,0,0,0,0,0,169,0,0,0
1744062147.001431,600038,21131154,0,pscratch,pscratch-ffff8bacc74f9800,0,0,185687946750,115662847378,0,0,18528,0,0,0,0,0,0,0,0,0,0,0,0,0,0,0,0,0,0,0,0,0,0,0,0,2364,0,0,0
1744062148.001889,600038,21131154,0,nscratch,nscratch-ffff8bace051d000,0,0,14957600,43909601,0,0,189,0,0,0,0,0,0,0,0,0,0,0,0,0,0,0,0,0,0,0,0,0,0,0,0,169,0,0,0
1744062148.001972,600038,21131154,0,pscratch,pscratch-ffff8bacc74f9800,0,0,185687946750,115662847378,0,0,18528,0,0,0,0,0,0,0,0,0,0,0,0,0,0,0,0,0,0,0,0,0,0,0,0,2364,0,0,0
1744062149.001492,600038,21131154,0,nscratch,nscratch-ffff8bace051d000,0,0,14957600,43909601,0,0,189,0,0,0,0,0,0,0,0,0,0,0,0,0,0,0,0,0,0,0,0,0,0,0,0,169,0,0,0
1744062149.001571,600038,21131154,0,pscratch,pscratch-ffff8bacc74f9800,0,0,185687946750,115662847378,0,0,18528,0,0,0,0,0,0,0,0,0,0,0,0,0,0,0,0,0,0,0,0,0,0,0,0,2364,0,0,0
1744062150.001721,600038,21131154,0,nscratch,nscratch-ffff8bace051d000,0,0,14957600,43909601,0,0,189,0,0,0,0,0,0,0,0,0,0,0,0,0,0,0,0,0,0,0,0,0,0,0,0,169,0,0,0
1744062150.001803,600038,21131154,0,pscratch,pscratch-ffff8bacc74f9800,0,0,185687946750,115662847378,0,0,18528,0,0,0,0,0,0,0,0,0,0,0,0,0,0,0,0,0,0,0,0,0,0,0,0,2364,0,0,0
1744062151.002251,600038,21131154,0,nscratch,nscratch-ffff8bace051d000,0,0,14957600,43909601,0,0,189,0,0,0,0,0,0,0,0,0,0,0,0,0,0,0,0,0,0,0,0,0,0,0,0,169,0,0,0
1744062151.002335,600038,21131154,0,pscratch,pscratch-ffff8bacc74f9800,0,0,185687946750,115662847378,0,0,18528,0,0,0,0,0,0,0,0,0,0,0,0,0,0,0,0,0,0,0,0,0,0,0,0,2364,0,0,0
1744062152.001671,600038,21131154,0,nscratch,nscratch-ffff8bace051d000,0,0,14957600,43909601,0,0,189,0,0,0,0,0,0,0,0,0,0,0,0,0,0,0,0,0,0,0,0,0,0,0,0,169,0,0,0
1744062152.001751,600038,21131154,0,pscratch,pscratch-ffff8bacc74f9800,0,0,185687946750,115662847378,0,0,18528,0,0,0,0,0,0,0,0,0,0,0,0,0,0,0,0,0,0,0,0,0,0,0,0,2364,0,0,0
1744062153.001958,600038,21131154,0,nscratch,nscratch-ffff8bace051d000,0,0,14957600,43909601,0,0,189,0,0,0,0,0,0,0,0,0,0,0,0,0,0,0,0,0,0,0,0,0,0,0,0,169,0,0,0
1744062153.002059,600038,21131154,0,pscratch,pscratch-ffff8bacc74f9800,0,0,185687946750,115662847378,0,0,18528,0,0,0,0,0,0,0,0,0,0,0,0,0,0,0,0,0,0,0,0,0,0,0,0,2364,0,0,0
1744062154.001487,600038,21131154,0,nscratch,nscratch-ffff8bace051d000,0,0,14957600,43909601,0,0,189,0,0,0,0,0,0,0,0,0,0,0,0,0,0,0,0,0,0,0,0,0,0,0,0,169,0,0,0
1744062154.001572,600038,21131154,0,pscratch,pscratch-ffff8bacc74f9800,0,0,185687946750,115662847378,0,0,18528,0,0,0,0,0,0,0,0,0,0,0,0,0,0,0,0,0,0,0,0,0,0,0,0,2364,0,0,0
1744062155.001959,600038,21131154,0,nscratch,nscratch-ffff8bace051d000,0,0,14957600,43909601,0,0,189,0,0,0,0,0,0,0,0,0,0,0,0,0,0,0,0,0,0,0,0,0,0,0,0,169,0,0,0
1744062155.002043,600038,21131154,0,pscratch,pscratch-ffff8bacc74f9800,0,0,185687946750,115662847378,0,0,18528,0,0,0,0,0,0,0,0,0,0,0,0,0,0,0,0,0,0,0,0,0,0,0,0,2364,0,0,0
1744062156.001215,600038,21131154,0,nscratch,nscratch-ffff8bace051d000,0,0,14957600,43909601,0,0,189,0,0,0,0,0,0,0,0,0,0,0,0,0,0,0,0,0,0,0,0,0,0,0,0,169,0,0,0
1744062156.001297,600038,21131154,0,pscratch,pscratch-ffff8bacc74f9800,0,0,185687946750,115662847378,0,0,18528,0,0,0,0,0,0,0,0,0,0,0,0,0,0,0,0,0,0,0,0,0,0,0,0,2364,0,0,0
1744062157.001704,600038,21131154,0,nscratch,nscratch-ffff8bace051d000,0,0,14957600,43909601,0,0,189,0,0,0,0,0,0,0,0,0,0,0,0,0,0,0,0,0,0,0,0,0,0,0,0,169,0,0,0
1744062157.001823,600038,21131154,0,pscratch,pscratch-ffff8bacc74f9800,0,0,185687946750,115662847378,0,0,18528,0,0,0,0,0,0,0,0,0,0,0,0,0,0,0,0,0,0,0,0,0,0,0,0,2364,0,0,0
1744062158.002110,600038,21131154,0,nscratch,nscratch-ffff8bace051d000,0,0,14957600,43909601,0,0,189,0,0,0,0,0,0,0,0,0,0,0,0,0,0,0,0,0,0,0,0,0,0,0,0,169,0,0,0
1744062158.002189,600038,21131154,0,pscratch,pscratch-ffff8bacc74f9800,0,0,185687946750,115662847378,0,0,18528,0,0,0,0,0,0,0,0,0,0,0,0,0,0,0,0,0,0,0,0,0,0,0,0,2364,0,0,0
1744062159.001477,600038,21131154,0,nscratch,nscratch-ffff8bace051d000,0,0,14957600,43909601,0,0,189,0,0,0,0,0,0,0,0,0,0,0,0,0,0,0,0,0,0,0,0,0,0,0,0,169,0,0,0
1744062159.001558,600038,21131154,0,pscratch,pscratch-ffff8bacc74f9800,0,0,185687946750,115662847378,0,0,18528,0,0,0,0,0,0,0,0,0,0,0,0,0,0,0,0,0,0,0,0,0,0,0,0,2364,0,0,0
1744062160.002132,600038,21131154,0,nscratch,nscratch-ffff8bace051d000,0,0,14957600,43909601,0,0,189,0,0,0,0,0,0,0,0,0,0,0,0,0,0,0,0,0,0,0,0,0,0,0,0,169,0,0,0
1744062160.002217,600038,21131154,0,pscratch,pscratch-ffff8bacc74f9800,0,0,185687946750,115662847378,0,0,18528,0,0,0,0,0,0,0,0,0,0,0,0,0,0,0,0,0,0,0,0,0,0,0,0,2364,0,0,0
1744062161.001511,600038,21131154,0,nscratch,nscratch-ffff8bace051d000,0,0,14957600,43909601,0,0,189,0,0,0,0,0,0,0,0,0,0,0,0,0,0,0,0,0,0,0,0,0,0,0,0,169,0,0,0
1744062161.001592,600038,21131154,0,pscratch,pscratch-ffff8bacc74f9800,0,0,185687946750,115662847378,0,0,18528,0,0,0,0,0,0,0,0,0,0,0,0,0,0,0,0,0,0,0,0,0,0,0,0,2364,0,0,0
1744062162.001746,600038,21131154,0,nscratch,nscratch-ffff8bace051d000,0,0,14957600,43909601,0,0,189,0,0,0,0,0,0,0,0,0,0,0,0,0,0,0,0,0,0,0,0,0,0,0,0,169,0,0,0
1744062162.001827,600038,21131154,0,pscratch,pscratch-ffff8bacc74f9800,0,0,185687946750,115662847378,0,0,18528,0,0,0,0,0,0,0,0,0,0,0,0,0,0,0,0,0,0,0,0,0,0,0,0,2364,0,0,0
1744062163.002217,600038,21131154,0,nscratch,nscratch-ffff8bace051d000,0,0,14957600,43909601,0,0,189,0,0,0,0,0,0,0,0,0,0,0,0,0,0,0,0,0,0,0,0,0,0,0,0,169,0,0,0
1744062163.002298,600038,21131154,0,pscratch,pscratch-ffff8bacc74f9800,0,0,185687946750,115662847378,0,0,18528,0,0,0,0,0,0,0,0,0,0,0,0,0,0,0,0,0,0,0,0,0,0,0,0,2364,0,0,0
1744062164.001822,600038,21131154,0,nscratch,nscratch-ffff8bace051d000,0,0,14957600,43909601,0,0,189,0,0,0,0,0,0,0,0,0,0,0,0,0,0,0,0,0,0,0,0,0,0,0,0,169,0,0,0
1744062164.001956,600038,21131154,0,pscratch,pscratch-ffff8bacc74f9800,0,0,185687946750,115662847378,0,0,18528,0,0,0,0,0,0,0,0,0,0,0,0,0,0,0,0,0,0,0,0,0,0,0,0,2364,0,0,0
1744062165.002111,600038,21131154,0,nscratch,nscratch-ffff8bace051d000,0,0,14957600,43909601,0,0,189,0,0,0,0,0,0,0,0,0,0,0,0,0,0,0,0,0,0,0,0,0,0,0,0,169,0,0,0
1744062165.002192,600038,21131154,0,pscratch,pscratch-ffff8bacc74f9800,0,0,185687946750,115662847378,0,0,18528,0,0,0,0,0,0,0,0,0,0,0,0,0,0,0,0,0,0,0,0,0,0,0,0,2364,0,0,0
1744062166.001633,600038,21131154,0,nscratch,nscratch-ffff8bace051d000,0,0,14957600,43909601,0,0,189,0,0,0,0,0,0,0,0,0,0,0,0,0,0,0,0,0,0,0,0,0,0,0,0,169,0,0,0
1744062166.001717,600038,21131154,0,pscratch,pscratch-ffff8bacc74f9800,0,0,185687946750,115662847378,0,0,18528,0,0,0,0,0,0,0,0,0,0,0,0,0,0,0,0,0,0,0,0,0,0,0,0,2364,0,0,0
1744062167.002050,600038,21131154,0,nscratch,nscratch-ffff8bace051d000,0,0,14957600,43909601,0,0,189,0,0,0,0,0,0,0,0,0,0,0,0,0,0,0,0,0,0,0,0,0,0,0,0,169,0,0,0
1744062167.002135,600038,21131154,0,pscratch,pscratch-ffff8bacc74f9800,0,0,185687946750,115662847378,0,0,18528,0,0,0,0,0,0,0,0,0,0,0,0,0,0,0,0,0,0,0,0,0,0,0,0,2364,0,0,0
1744062168.001338,600038,21131154,0,nscratch,nscratch-ffff8bace051d000,0,0,14957600,43909601,0,0,189,0,0,0,0,0,0,0,0,0,0,0,0,0,0,0,0,0,0,0,0,0,0,0,0,169,0,0,0
1744062168.001440,600038,21131154,0,pscratch,pscratch-ffff8bacc74f9800,0,0,185687946750,115662847378,0,0,18528,0,0,0,0,0,0,0,0,0,0,0,0,0,0,0,0,0,0,0,0,0,0,0,0,2364,0,0,0
1744062169.001940,600038,21131154,0,nscratch,nscratch-ffff8bace051d000,0,0,14957600,43909601,0,0,189,0,0,0,0,0,0,0,0,0,0,0,0,0,0,0,0,0,0,0,0,0,0,0,0,169,0,0,0
1744062169.002041,600038,21131154,0,pscratch,pscratch-ffff8bacc74f9800,0,0,185687946750,115662847378,0,0,18528,0,0,0,0,0,0,0,0,0,0,0,0,0,0,0,0,0,0,0,0,0,0,0,0,2364,0,0,0
1744062170.001330,600038,21131154,0,nscratch,nscratch-ffff8bace051d000,0,0,14957600,43909601,0,0,189,0,0,0,0,0,0,0,0,0,0,0,0,0,0,0,0,0,0,0,0,0,0,0,0,169,0,0,0
1744062170.001408,600038,21131154,0,pscratch,pscratch-ffff8bacc74f9800,0,0,185687946750,115662847378,0,0,18528,0,0,0,0,0,0,0,0,0,0,0,0,0,0,0,0,0,0,0,0,0,0,0,0,2364,0,0,0
1744062171.001684,600038,21131154,0,nscratch,nscratch-ffff8bace051d000,0,0,14957600,43909601,0,0,189,0,0,0,0,0,0,0,0,0,0,0,0,0,0,0,0,0,0,0,0,0,0,0,0,169,0,0,0
1744062171.001770,600038,21131154,0,pscratch,pscratch-ffff8bacc74f9800,0,0,185687946750,115662847378,0,0,18528,0,0,0,0,0,0,0,0,0,0,0,0,0,0,0,0,0,0,0,0,0,0,0,0,2364,0,0,0
1744062172.002190,600038,21131154,0,nscratch,nscratch-ffff8bace051d000,0,0,14957600,43909601,0,0,189,0,0,0,0,0,0,0,0,0,0,0,0,0,0,0,0,0,0,0,0,0,0,0,0,169,0,0,0
1744062172.002270,600038,21131154,0,pscratch,pscratch-ffff8bacc74f9800,0,0,185687946750,115662847378,0,0,18528,0,0,0,0,0,0,0,0,0,0,0,0,0,0,0,0,0,0,0,0,0,0,0,0,2364,0,0,0
1744062173.001747,600038,21131154,0,nscratch,nscratch-ffff8bace051d000,0,0,14957600,43909601,0,0,189,0,0,0,0,0,0,0,0,0,0,0,0,0,0,0,0,0,0,0,0,0,0,0,0,169,0,0,0
1744062173.001876,600038,21131154,0,pscratch,pscratch-ffff8bacc74f9800,0,0,185687946750,115662847378,0,0,18528,0,0,0,0,0,0,0,0,0,0,0,0,0,0,0,0,0,0,0,0,0,0,0,0,2364,0,0,0
1744062174.002040,600038,21131154,0,nscratch,nscratch-ffff8bace051d000,0,0,14957600,43909601,0,0,189,0,0,0,0,0,0,0,0,0,0,0,0,0,0,0,0,0,0,0,0,0,0,0,0,169,0,0,0
1744062174.002126,600038,21131154,0,pscratch,pscratch-ffff8bacc74f9800,0,0,185687946750,115662847378,0,0,18528,0,0,0,0,0,0,0,0,0,0,0,0,0,0,0,0,0,0,0,0,0,0,0,0,2364,0,0,0
1744062175.001547,600038,21131154,0,nscratch,nscratch-ffff8bace051d000,0,0,14957600,43909601,0,0,189,0,0,0,0,0,0,0,0,0,0,0,0,0,0,0,0,0,0,0,0,0,0,0,0,169,0,0,0
1744062175.001635,600038,21131154,0,pscratch,pscratch-ffff8bacc74f9800,0,0,185687946750,115662847378,0,0,18528,0,0,0,0,0,0,0,0,0,0,0,0,0,0,0,0,0,0,0,0,0,0,0,0,2364,0,0,0
1744062176.001961,600038,21131154,0,nscratch,nscratch-ffff8bace051d000,0,0,14957600,43909601,0,0,189,0,0,0,0,0,0,0,0,0,0,0,0,0,0,0,0,0,0,0,0,0,0,0,0,169,0,0,0
1744062176.002067,600038,21131154,0,pscratch,pscratch-ffff8bacc74f9800,0,0,185687946750,115662847378,0,0,18528,0,0,0,0,0,0,0,0,0,0,0,0,0,0,0,0,0,0,0,0,0,0,0,0,2364,0,0,0
1744062177.001329,600038,21131154,0,nscratch,nscratch-ffff8bace051d000,0,0,14957600,43909601,0,0,189,0,0,0,0,0,0,0,0,0,0,0,0,0,0,0,0,0,0,0,0,0,0,0,0,169,0,0,0
1744062177.001470,600038,21131154,0,pscratch,pscratch-ffff8bacc74f9800,0,0,185687946750,115662847378,0,0,18528,0,0,0,0,0,0,0,0,0,0,0,0,0,0,0,0,0,0,0,0,0,0,0,0,2364,0,0,0
1744062178.001913,600038,21131154,0,nscratch,nscratch-ffff8bace051d000,0,0,14957600,43909601,0,0,189,0,0,0,0,0,0,0,0,0,0,0,0,0,0,0,0,0,0,0,0,0,0,0,0,169,0,0,0
1744062178.002003,600038,21131154,0,pscratch,pscratch-ffff8bacc74f9800,0,0,185687946750,115662847378,0,0,18528,0,0,0,0,0,0,0,0,0,0,0,0,0,0,0,0,0,0,0,0,0,0,0,0,2364,0,0,0
1744062179.001496,600038,21131154,0,nscratch,nscratch-ffff8bace051d000,0,0,14957600,43909601,0,0,189,0,0,0,0,0,0,0,0,0,0,0,0,0,0,0,0,0,0,0,0,0,0,0,0,169,0,0,0
1744062179.001595,600038,21131154,0,pscratch,pscratch-ffff8bacc74f9800,0,0,185687946750,115662847378,0,0,18528,0,0,0,0,0,0,0,0,0,0,0,0,0,0,0,0,0,0,0,0,0,0,0,0,2364,0,0,0
1744062180.001841,600038,21131154,0,nscratch,nscratch-ffff8bace051d000,0,0,14957600,43909601,0,0,189,0,0,0,0,0,0,0,0,0,0,0,0,0,0,0,0,0,0,0,0,0,0,0,0,169,0,0,0
1744062180.001952,600038,21131154,0,pscratch,pscratch-ffff8bacc74f9800,0,0,185687946750,115662847378,0,0,18528,0,0,0,0,0,0,0,0,0,0,0,0,0,0,0,0,0,0,0,0,0,0,0,0,2364,0,0,0
1744062181.001416,600038,21131154,0,nscratch,nscratch-ffff8bace051d000,0,0,14957600,43909601,0,0,189,0,0,0,0,0,0,0,0,0,0,0,0,0,0,0,0,0,0,0,0,0,0,0,0,169,0,0,0
1744062181.001496,600038,21131154,0,pscratch,pscratch-ffff8bacc74f9800,0,0,185687946750,115662847378,0,0,18528,0,0,0,0,0,0,0,0,0,0,0,0,0,0,0,0,0,0,0,0,0,0,0,0,2364,0,0,0
1744062182.001782,600038,21131154,0,nscratch,nscratch-ffff8bace051d000,0,0,14957600,43909601,0,0,189,0,0,0,0,0,0,0,0,0,0,0,0,0,0,0,0,0,0,0,0,0,0,0,0,169,0,0,0
1744062182.001861,600038,21131154,0,pscratch,pscratch-ffff8bacc74f9800,0,0,185687946750,115662847378,0,0,18528,0,0,0,0,0,0,0,0,0,0,0,0,0,0,0,0,0,0,0,0,0,0,0,0,2364,0,0,0
1744062183.002063,600038,21131154,0,nscratch,nscratch-ffff8bace051d000,0,0,14957600,43909601,0,0,189,0,0,0,0,0,0,0,0,0,0,0,0,0,0,0,0,0,0,0,0,0,0,0,0,169,0,0,0
1744062183.002145,600038,21131154,0,pscratch,pscratch-ffff8bacc74f9800,0,0,185687946750,115662847378,0,0,18528,0,0,0,0,0,0,0,0,0,0,0,0,0,0,0,0,0,0,0,0,0,0,0,0,2364,0,0,0
1744062184.001740,600038,21131154,0,nscratch,nscratch-ffff8bace051d000,0,0,14957600,43909601,0,0,189,0,0,0,0,0,0,0,0,0,0,0,0,0,0,0,0,0,0,0,0,0,0,0,0,169,0,0,0
1744062184.001841,600038,21131154,0,pscratch,pscratch-ffff8bacc74f9800,0,0,185687946750,115662847378,0,0,18528,0,0,0,0,0,0,0,0,0,0,0,0,0,0,0,0,0,0,0,0,0,0,0,0,2364,0,0,0
1744062185.002162,600038,21131154,0,nscratch,nscratch-ffff8bace051d000,0,0,14957600,43909601,0,0,189,0,0,0,0,0,0,0,0,0,0,0,0,0,0,0,0,0,0,0,0,0,0,0,0,169,0,0,0
1744062185.002259,600038,21131154,0,pscratch,pscratch-ffff8bacc74f9800,0,0,185687946750,115662847378,0,0,18528,0,0,0,0,0,0,0,0,0,0,0,0,0,0,0,0,0,0,0,0,0,0,0,0,2364,0,0,0
1744062186.001527,600038,21131154,0,nscratch,nscratch-ffff8bace051d000,0,0,14957600,43909601,0,0,189,0,0,0,0,0,0,0,0,0,0,0,0,0,0,0,0,0,0,0,0,0,0,0,0,169,0,0,0
1744062186.001638,600038,21131154,0,pscratch,pscratch-ffff8bacc74f9800,0,0,185687946750,115662847378,0,0,18528,0,0,0,0,0,0,0,0,0,0,0,0,0,0,0,0,0,0,0,0,0,0,0,0,2364,0,0,0
1744062187.002101,600038,21131154,0,nscratch,nscratch-ffff8bace051d000,0,0,14957600,43909601,0,0,189,0,0,0,0,0,0,0,0,0,0,0,0,0,0,0,0,0,0,0,0,0,0,0,0,169,0,0,0
1744062187.002204,600038,21131154,0,pscratch,pscratch-ffff8bacc74f9800,0,0,185687946750,115662847378,0,0,18528,0,0,0,0,0,0,0,0,0,0,0,0,0,0,0,0,0,0,0,0,0,0,0,0,2364,0,0,0
1744062188.001568,600038,21131154,0,nscratch,nscratch-ffff8bace051d000,0,0,14957600,43909601,0,0,189,0,0,0,0,0,0,0,0,0,0,0,0,0,0,0,0,0,0,0,0,0,0,0,0,169,0,0,0
1744062188.001671,600038,21131154,0,pscratch,pscratch-ffff8bacc74f9800,0,0,185687946750,115662847378,0,0,18528,0,0,0,0,0,0,0,0,0,0,0,0,0,0,0,0,0,0,0,0,0,0,0,0,2364,0,0,0
1744062189.001914,600038,21131154,0,nscratch,nscratch-ffff8bace051d000,0,0,14957600,43909601,0,0,189,0,0,0,0,0,0,0,0,0,0,0,0,0,0,0,0,0,0,0,0,0,0,0,0,169,0,0,0
1744062189.001998,600038,21131154,0,pscratch,pscratch-ffff8bacc74f9800,0,0,185687946750,115662847378,0,0,18528,0,0,0,0,0,0,0,0,0,0,0,0,0,0,0,0,0,0,0,0,0,0,0,0,2364,0,0,0
1744062190.001378,600038,21131154,0,nscratch,nscratch-ffff8bace051d000,0,0,14957600,43909601,0,0,189,0,0,0,0,0,0,0,0,0,0,0,0,0,0,0,0,0,0,0,0,0,0,0,0,169,0,0,0
1744062190.001458,600038,21131154,0,pscratch,pscratch-ffff8bacc74f9800,0,0,185687946750,115662847378,0,0,18528,0,0,0,0,0,0,0,0,0,0,0,0,0,0,0,0,0,0,0,0,0,0,0,0,2364,0,0,0
1744062191.001751,600038,21131154,0,nscratch,nscratch-ffff8bace051d000,0,0,14957600,43909601,0,0,189,0,0,0,0,0,0,0,0,0,0,0,0,0,0,0,0,0,0,0,0,0,0,0,0,169,0,0,0
1744062191.001831,600038,21131154,0,pscratch,pscratch-ffff8bacc74f9800,0,0,185687946750,115662847378,0,0,18528,0,0,0,0,0,0,0,0,0,0,0,0,0,0,0,0,0,0,0,0,0,0,0,0,2364,0,0,0
1744062192.002038,600038,21131154,0,nscratch,nscratch-ffff8bace051d000,0,0,14957600,43909601,0,0,189,0,0,0,0,0,0,0,0,0,0,0,0,0,0,0,0,0,0,0,0,0,0,0,0,169,0,0,0
1744062192.002124,600038,21131154,0,pscratch,pscratch-ffff8bacc74f9800,0,0,185687946750,115662847378,0,0,18528,0,0,0,0,0,0,0,0,0,0,0,0,0,0,0,0,0,0,0,0,0,0,0,0,2364,0,0,0
1744062193.001524,600038,21131154,0,nscratch,nscratch-ffff8bace051d000,0,0,14957600,43909601,0,0,189,0,0,0,0,0,0,0,0,0,0,0,0,0,0,0,0,0,0,0,0,0,0,0,0,169,0,0,0
1744062193.001606,600038,21131154,0,pscratch,pscratch-ffff8bacc74f9800,0,0,185687946750,115662847378,0,0,18528,0,0,0,0,0,0,0,0,0,0,0,0,0,0,0,0,0,0,0,0,0,0,0,0,2364,0,0,0
1744062194.001906,600038,21131154,0,nscratch,nscratch-ffff8bace051d000,0,0,14957600,43909601,0,0,189,0,0,0,0,0,0,0,0,0,0,0,0,0,0,0,0,0,0,0,0,0,0,0,0,169,0,0,0
1744062194.002008,600038,21131154,0,pscratch,pscratch-ffff8bacc74f9800,0,0,185687946750,115662847378,0,0,18528,0,0,0,0,0,0,0,0,0,0,0,0,0,0,0,0,0,0,0,0,0,0,0,0,2364,0,0,0
1744062195.001275,600038,21131154,0,nscratch,nscratch-ffff8bace051d000,0,0,14957600,43909601,0,0,189,0,0,0,0,0,0,0,0,0,0,0,0,0,0,0,0,0,0,0,0,0,0,0,0,169,0,0,0
1744062195.001456,600038,21131154,0,pscratch,pscratch-ffff8bacc74f9800,0,0,185687946750,115662847378,0,0,18528,0,0,0,0,0,0,0,0,0,0,0,0,0,0,0,0,0,0,0,0,0,0,0,0,2364,0,0,0
1744062196.002051,600038,21131154,0,nscratch,nscratch-ffff8bace051d000,0,0,14957600,43909601,0,0,189,0,0,0,0,0,0,0,0,0,0,0,0,0,0,0,0,0,0,0,0,0,0,0,0,169,0,0,0
1744062196.002138,600038,21131154,0,pscratch,pscratch-ffff8bacc74f9800,0,0,185687946750,115662847378,0,0,18528,0,0,0,0,0,0,0,0,0,0,0,0,0,0,0,0,0,0,0,0,0,0,0,0,2364,0,0,0
1744062197.001448,600038,21131154,0,nscratch,nscratch-ffff8bace051d000,0,0,14957600,43909601,0,0,189,0,0,0,0,0,0,0,0,0,0,0,0,0,0,0,0,0,0,0,0,0,0,0,0,169,0,0,0
1744062197.001527,600038,21131154,0,pscratch,pscratch-ffff8bacc74f9800,0,0,185687946750,115662847378,0,0,18528,0,0,0,0,0,0,0,0,0,0,0,0,0,0,0,0,0,0,0,0,0,0,0,0,2364,0,0,0
1744062198.001706,600038,21131154,0,nscratch,nscratch-ffff8bace051d000,0,0,14957600,43909601,0,0,189,0,0,0,0,0,0,0,0,0,0,0,0,0,0,0,0,0,0,0,0,0,0,0,0,169,0,0,0
1744062198.001789,600038,21131154,0,pscratch,pscratch-ffff8bacc74f9800,0,0,185687946750,115662847378,0,0,18528,0,0,0,0,0,0,0,0,0,0,0,0,0,0,0,0,0,0,0,0,0,0,0,0,2364,0,0,0
1744062199.002251,600038,21131154,0,nscratch,nscratch-ffff8bace051d000,0,0,14957600,43909601,0,0,189,0,0,0,0,0,0,0,0,0,0,0,0,0,0,0,0,0,0,0,0,0,0,0,0,169,0,0,0
1744062199.002333,600038,21131154,0,pscratch,pscratch-ffff8bacc74f9800,0,0,185687946750,115662847378,0,0,18528,0,0,0,0,0,0,0,0,0,0,0,0,0,0,0,0,0,0,0,0,0,0,0,0,2364,0,0,0
1744062200.001801,600038,21131154,0,nscratch,nscratch-ffff8bace051d000,0,0,14957600,43909601,0,0,189,0,0,0,0,0,0,0,0,0,0,0,0,0,0,0,0,0,0,0,0,0,0,0,0,169,0,0,0
1744062200.001930,600038,21131154,0,pscratch,pscratch-ffff8bacc74f9800,0,0,185687946750,115662847378,0,0,18528,0,0,0,0,0,0,0,0,0,0,0,0,0,0,0,0,0,0,0,0,0,0,0,0,2364,0,0,0
1744062201.002091,600038,21131154,0,nscratch,nscratch-ffff8bace051d000,0,0,14957600,43909601,0,0,189,0,0,0,0,0,0,0,0,0,0,0,0,0,0,0,0,0,0,0,0,0,0,0,0,169,0,0,0
1744062201.002177,600038,21131154,0,pscratch,pscratch-ffff8bacc74f9800,0,0,185687946750,115662847378,0,0,18528,0,0,0,0,0,0,0,0,0,0,0,0,0,0,0,0,0,0,0,0,0,0,0,0,2364,0,0,0
1744062202.001598,600038,21131154,0,nscratch,nscratch-ffff8bace051d000,0,0,14957600,43909601,0,0,189,0,0,0,0,0,0,0,0,0,0,0,0,0,0,0,0,0,0,0,0,0,0,0,0,169,0,0,0
1744062202.001699,600038,21131154,0,pscratch,pscratch-ffff8bacc74f9800,0,0,185687946750,115662847378,0,0,18528,0,0,0,0,0,0,0,0,0,0,0,0,0,0,0,0,0,0,0,0,0,0,0,0,2364,0,0,0
1744062203.002121,600038,21131154,0,nscratch,nscratch-ffff8bace051d000,0,0,14957600,43909601,0,0,189,0,0,0,0,0,0,0,0,0,0,0,0,0,0,0,0,0,0,0,0,0,0,0,0,169,0,0,0
1744062203.002202,600038,21131154,0,pscratch,pscratch-ffff8bacc74f9800,0,0,185687946750,115662847378,0,0,18528,0,0,0,0,0,0,0,0,0,0,0,0,0,0,0,0,0,0,0,0,0,0,0,0,2364,0,0,0
1744062204.001351,600038,21131154,0,nscratch,nscratch-ffff8bace051d000,0,0,14957600,43909601,0,0,189,0,0,0,0,0,0,0,0,0,0,0,0,0,0,0,0,0,0,0,0,0,0,0,0,169,0,0,0
1744062204.001432,600038,21131154,0,pscratch,pscratch-ffff8bacc74f9800,0,0,185687946750,115662847378,0,0,18528,0,0,0,0,0,0,0,0,0,0,0,0,0,0,0,0,0,0,0,0,0,0,0,0,2364,0,0,0
1744062205.001841,600038,21131154,0,nscratch,nscratch-ffff8bace051d000,0,0,14957600,43909601,0,0,189,0,0,0,0,0,0,0,0,0,0,0,0,0,0,0,0,0,0,0,0,0,0,0,0,169,0,0,0
1744062205.001972,600038,21131154,0,pscratch,pscratch-ffff8bacc74f9800,0,0,185687946750,115662847378,0,0,18528,0,0,0,0,0,0,0,0,0,0,0,0,0,0,0,0,0,0,0,0,0,0,0,0,2364,0,0,0
1744062206.002217,600038,21131154,0,nscratch,nscratch-ffff8bace051d000,0,0,14957600,43909601,0,0,189,0,0,0,0,0,0,0,0,0,0,0,0,0,0,0,0,0,0,0,0,0,0,0,0,169,0,0,0
1744062206.002334,600038,21131154,0,pscratch,pscratch-ffff8bacc74f9800,0,0,185687946750,115662847378,0,0,18528,0,0,0,0,0,0,0,0,0,0,0,0,0,0,0,0,0,0,0,0,0,0,0,0,2364,0,0,0
1744062207.001516,600038,21131154,0,nscratch,nscratch-ffff8bace051d000,0,0,14957600,43909601,0,0,189,0,0,0,0,0,0,0,0,0,0,0,0,0,0,0,0,0,0,0,0,0,0,0,0,169,0,0,0
1744062207.001596,600038,21131154,0,pscratch,pscratch-ffff8bacc74f9800,0,0,185687946750,115662847378,0,0,18528,0,0,0,0,0,0,0,0,0,0,0,0,0,0,0,0,0,0,0,0,0,0,0,0,2364,0,0,0
1744062208.001986,600038,21131154,0,nscratch,nscratch-ffff8bace051d000,0,0,14957600,43909601,0,0,189,0,0,0,0,0,0,0,0,0,0,0,0,0,0,0,0,0,0,0,0,0,0,0,0,169,0,0,0
1744062208.002067,600038,21131154,0,pscratch,pscratch-ffff8bacc74f9800,0,0,185687946750,115662847378,0,0,18528,0,0,0,0,0,0,0,0,0,0,0,0,0,0,0,0,0,0,0,0,0,0,0,0,2364,0,0,0
1744062209.001376,600038,21131154,0,nscratch,nscratch-ffff8bace051d000,0,0,14957600,43909601,0,0,189,0,0,0,0,0,0,0,0,0,0,0,0,0,0,0,0,0,0,0,0,0,0,0,0,169,0,0,0
1744062209.001459,600038,21131154,0,pscratch,pscratch-ffff8bacc74f9800,0,0,185687946750,115662847378,0,0,18528,0,0,0,0,0,0,0,0,0,0,0,0,0,0,0,0,0,0,0,0,0,0,0,0,2364,0,0,0
1744062210.001610,600038,21131154,0,nscratch,nscratch-ffff8bace051d000,0,0,14957600,43909601,0,0,189,0,0,0,0,0,0,0,0,0,0,0,0,0,0,0,0,0,0,0,0,0,0,0,0,169,0,0,0
1744062210.001692,600038,21131154,0,pscratch,pscratch-ffff8bacc74f9800,0,0,185687946750,115662847378,0,0,18528,0,0,0,0,0,0,0,0,0,0,0,0,0,0,0,0,0,0,0,0,0,0,0,0,2364,0,0,0
1744062211.002096,600038,21131154,0,nscratch,nscratch-ffff8bace051d000,0,0,14957600,43909601,0,0,189,0,0,0,0,0,0,0,0,0,0,0,0,0,0,0,0,0,0,0,0,0,0,0,0,169,0,0,0
1744062211.002179,600038,21131154,0,pscratch,pscratch-ffff8bacc74f9800,0,0,185687946750,115662847378,0,0,18528,0,0,0,0,0,0,0,0,0,0,0,0,0,0,0,0,0,0,0,0,0,0,0,0,2364,0,0,0
1744062212.001557,600038,21131154,0,nscratch,nscratch-ffff8bace051d000,0,0,14957600,43909601,0,0,189,0,0,0,0,0,0,0,0,0,0,0,0,0,0,0,0,0,0,0,0,0,0,0,0,169,0,0,0
1744062212.001636,600038,21131154,0,pscratch,pscratch-ffff8bacc74f9800,0,0,185687946750,115662847378,0,0,18528,0,0,0,0,0,0,0,0,0,0,0,0,0,0,0,0,0,0,0,0,0,0,0,0,2364,0,0,0
1744062213.001929,600038,21131154,0,nscratch,nscratch-ffff8bace051d000,0,0,14957600,43909601,0,0,189,0,0,0,0,0,0,0,0,0,0,0,0,0,0,0,0,0,0,0,0,0,0,0,0,169,0,0,0
1744062213.002029,600038,21131154,0,pscratch,pscratch-ffff8bacc74f9800,0,0,185687946750,115662847378,0,0,18528,0,0,0,0,0,0,0,0,0,0,0,0,0,0,0,0,0,0,0,0,0,0,0,0,2364,0,0,0
1744062214.001647,600038,21131154,0,nscratch,nscratch-ffff8bace051d000,0,0,14957600,43909601,0,0,189,0,0,0,0,0,0,0,0,0,0,0,0,0,0,0,0,0,0,0,0,0,0,0,0,169,0,0,0
1744062214.001774,600038,21131154,0,pscratch,pscratch-ffff8bacc74f9800,0,0,185687946750,115662847378,0,0,18528,0,0,0,0,0,0,0,0,0,0,0,0,0,0,0,0,0,0,0,0,0,0,0,0,2364,0,0,0
1744062215.001247,600038,21131154,0,nscratch,nscratch-ffff8bace051d000,0,0,14957600,43909601,0,0,189,0,0,0,0,0,0,0,0,0,0,0,0,0,0,0,0,0,0,0,0,0,0,0,0,169,0,0,0
1744062215.001326,600038,21131154,0,pscratch,pscratch-ffff8bacc74f9800,0,0,185687946750,115662847378,0,0,18528,0,0,0,0,0,0,0,0,0,0,0,0,0,0,0,0,0,0,0,0,0,0,0,0,2364,0,0,0
1744062216.001598,600038,21131154,0,nscratch,nscratch-ffff8bace051d000,0,0,14957600,43909601,0,0,189,0,0,0,0,0,0,0,0,0,0,0,0,0,0,0,0,0,0,0,0,0,0,0,0,169,0,0,0
1744062216.001780,600038,21131154,0,pscratch,pscratch-ffff8bacc74f9800,0,0,185687946750,115662847378,0,0,18528,0,0,0,0,0,0,0,0,0,0,0,0,0,0,0,0,0,0,0,0,0,0,0,0,2364,0,0,0
1744062217.002306,600038,21131154,0,nscratch,nscratch-ffff8bace051d000,0,0,14957600,43909601,0,0,189,0,0,0,0,0,0,0,0,0,0,0,0,0,0,0,0,0,0,0,0,0,0,0,0,169,0,0,0
1744062217.002387,600038,21131154,0,pscratch,pscratch-ffff8bacc74f9800,0,0,185687946750,115662847378,0,0,18528,0,0,0,0,0,0,0,0,0,0,0,0,0,0,0,0,0,0,0,0,0,0,0,0,2364,0,0,0
1744062218.001813,600038,21131154,0,nscratch,nscratch-ffff8bace051d000,0,0,14957600,43909601,0,0,189,0,0,0,0,0,0,0,0,0,0,0,0,0,0,0,0,0,0,0,0,0,0,0,0,169,0,0,0
1744062218.001924,600038,21131154,0,pscratch,pscratch-ffff8bacc74f9800,0,0,185687946750,115662847378,0,0,18528,0,0,0,0,0,0,0,0,0,0,0,0,0,0,0,0,0,0,0,0,0,0,0,0,2364,0,0,0
1744062219.002130,600038,21131154,0,nscratch,nscratch-ffff8bace051d000,0,0,14957600,43909601,0,0,189,0,0,0,0,0,0,0,0,0,0,0,0,0,0,0,0,0,0,0,0,0,0,0,0,169,0,0,0
1744062219.002212,600038,21131154,0,pscratch,pscratch-ffff8bacc74f9800,0,0,185687946750,115662847378,0,0,18528,0,0,0,0,0,0,0,0,0,0,0,0,0,0,0,0,0,0,0,0,0,0,0,0,2364,0,0,0
1744062220.001796,600038,21131154,0,nscratch,nscratch-ffff8bace051d000,0,0,14957600,43909601,0,0,189,0,0,0,0,0,0,0,0,0,0,0,0,0,0,0,0,0,0,0,0,0,0,0,0,169,0,0,0
1744062220.001924,600038,21131154,0,pscratch,pscratch-ffff8bacc74f9800,0,0,185687946750,115662847378,0,0,18528,0,0,0,0,0,0,0,0,0,0,0,0,0,0,0,0,0,0,0,0,0,0,0,0,2364,0,0,0
1744062221.002232,600038,21131154,0,nscratch,nscratch-ffff8bace051d000,0,0,14957600,43909601,0,0,189,0,0,0,0,0,0,0,0,0,0,0,0,0,0,0,0,0,0,0,0,0,0,0,0,169,0,0,0
1744062221.002333,600038,21131154,0,pscratch,pscratch-ffff8bacc74f9800,0,0,185687946750,115662847378,0,0,18528,0,0,0,0,0,0,0,0,0,0,0,0,0,0,0,0,0,0,0,0,0,0,0,0,2364,0,0,0
1744062222.001517,600038,21131154,0,nscratch,nscratch-ffff8bace051d000,0,0,14957600,43909601,0,0,189,0,0,0,0,0,0,0,0,0,0,0,0,0,0,0,0,0,0,0,0,0,0,0,0,169,0,0,0
1744062222.001598,600038,21131154,0,pscratch,pscratch-ffff8bacc74f9800,0,0,185687946750,115662847378,0,0,18528,0,0,0,0,0,0,0,0,0,0,0,0,0,0,0,0,0,0,0,0,0,0,0,0,2364,0,0,0
1744062223.002054,600038,21131154,0,nscratch,nscratch-ffff8bace051d000,0,0,14957600,43909601,0,0,189,0,0,0,0,0,0,0,0,0,0,0,0,0,0,0,0,0,0,0,0,0,0,0,0,169,0,0,0
1744062223.002136,600038,21131154,0,pscratch,pscratch-ffff8bacc74f9800,0,0,185687946750,115662847378,0,0,18528,0,0,0,0,0,0,0,0,0,0,0,0,0,0,0,0,0,0,0,0,0,0,0,0,2364,0,0,0
1744062224.001569,600038,21131154,0,nscratch,nscratch-ffff8bace051d000,0,0,14957600,43909601,0,0,189,0,0,0,0,0,0,0,0,0,0,0,0,0,0,0,0,0,0,0,0,0,0,0,0,169,0,0,0
1744062224.001648,600038,21131154,0,pscratch,pscratch-ffff8bacc74f9800,0,0,185687946750,115662847378,0,0,18528,0,0,0,0,0,0,0,0,0,0,0,0,0,0,0,0,0,0,0,0,0,0,0,0,2364,0,0,0
1744062225.001802,600038,21131154,0,nscratch,nscratch-ffff8bace051d000,0,0,14957600,43909601,0,0,189,0,0,0,0,0,0,0,0,0,0,0,0,0,0,0,0,0,0,0,0,0,0,0,0,169,0,0,0
1744062225.001914,600038,21131154,0,pscratch,pscratch-ffff8bacc74f9800,0,0,185687946750,115662847378,0,0,18528,0,0,0,0,0,0,0,0,0,0,0,0,0,0,0,0,0,0,0,0,0,0,0,0,2364,0,0,0
1744062226.001305,600038,21131154,0,nscratch,nscratch-ffff8bace051d000,0,0,14957600,43909601,0,0,189,0,0,0,0,0,0,0,0,0,0,0,0,0,0,0,0,0,0,0,0,0,0,0,0,169,0,0,0
1744062226.001404,600038,21131154,0,pscratch,pscratch-ffff8bacc74f9800,0,0,185687946750,115662847378,0,0,18528,0,0,0,0,0,0,0,0,0,0,0,0,0,0,0,0,0,0,0,0,0,0,0,0,2364,0,0,0
1744062227.001738,600038,21131154,0,nscratch,nscratch-ffff8bace051d000,0,0,14957600,43909601,0,0,189,0,0,0,0,0,0,0,0,0,0,0,0,0,0,0,0,0,0,0,0,0,0,0,0,169,0,0,0
1744062227.001825,600038,21131154,0,pscratch,pscratch-ffff8bacc74f9800,0,0,185687946750,115662847378,0,0,18528,0,0,0,0,0,0,0,0,0,0,0,0,0,0,0,0,0,0,0,0,0,0,0,0,2364,0,0,0
1744062228.002097,600038,21131154,0,nscratch,nscratch-ffff8bace051d000,0,0,14957600,43909601,0,0,189,0,0,0,0,0,0,0,0,0,0,0,0,0,0,0,0,0,0,0,0,0,0,0,0,169,0,0,0
1744062228.002232,600038,21131154,0,pscratch,pscratch-ffff8bacc74f9800,0,0,185687946750,115662847378,0,0,18528,0,0,0,0,0,0,0,0,0,0,0,0,0,0,0,0,0,0,0,0,0,0,0,0,2364,0,0,0
1744062229.001795,600038,21131154,0,nscratch,nscratch-ffff8bace051d000,0,0,14957600,43909601,0,0,189,0,0,0,0,0,0,0,0,0,0,0,0,0,0,0,0,0,0,0,0,0,0,0,0,169,0,0,0
1744062229.001907,600038,21131154,0,pscratch,pscratch-ffff8bacc74f9800,0,0,185687946750,115662847378,0,0,18528,0,0,0,0,0,0,0,0,0,0,0,0,0,0,0,0,0,0,0,0,0,0,0,0,2364,0,0,0
1744062230.002474,600038,21131154,0,nscratch,nscratch-ffff8bace051d000,0,0,14957600,43909601,0,0,189,0,0,0,0,0,0,0,0,0,0,0,0,0,0,0,0,0,0,0,0,0,0,0,0,169,0,0,0
1744062230.002687,600038,21131154,0,pscratch,pscratch-ffff8bacc74f9800,0,0,185687946750,115662847378,0,0,18528,0,0,0,0,0,0,0,0,0,0,0,0,0,0,0,0,0,0,0,0,0,0,0,0,2364,0,0,0
1744062231.001926,600038,21131154,0,nscratch,nscratch-ffff8bace051d000,0,0,14957600,43909601,0,0,189,0,0,0,0,0,0,0,0,0,0,0,0,0,0,0,0,0,0,0,0,0,0,0,0,169,0,0,0
1744062231.002015,600038,21131154,0,pscratch,pscratch-ffff8bacc74f9800,0,0,185687946750,115662847378,0,0,18528,0,0,0,0,0,0,0,0,0,0,0,0,0,0,0,0,0,0,0,0,0,0,0,0,2364,0,0,0
1744062232.001408,600038,21131154,0,nscratch,nscratch-ffff8bace051d000,0,0,14957600,43909601,0,0,189,0,0,0,0,0,0,0,0,0,0,0,0,0,0,0,0,0,0,0,0,0,0,0,0,169,0,0,0
1744062232.001512,600038,21131154,0,pscratch,pscratch-ffff8bacc74f9800,0,0,185687946750,115662847378,0,0,18528,0,0,0,0,0,0,0,0,0,0,0,0,0,0,0,0,0,0,0,0,0,0,0,0,2364,0,0,0
1744062233.001979,600038,21131154,0,nscratch,nscratch-ffff8bace051d000,0,0,14957600,43909601,0,0,189,0,0,0,0,0,0,0,0,0,0,0,0,0,0,0,0,0,0,0,0,0,0,0,0,169,0,0,0
1744062233.002063,600038,21131154,0,pscratch,pscratch-ffff8bacc74f9800,0,0,185687946750,115662847378,0,0,18528,0,0,0,0,0,0,0,0,0,0,0,0,0,0,0,0,0,0,0,0,0,0,0,0,2364,0,0,0
1744062234.001333,600038,21131154,0,nscratch,nscratch-ffff8bace051d000,0,0,14957600,43909601,0,0,189,0,0,0,0,0,0,0,0,0,0,0,0,0,0,0,0,0,0,0,0,0,0,0,0,169,0,0,0
1744062234.001515,600038,21131154,0,pscratch,pscratch-ffff8bacc74f9800,0,0,185687946750,115662847378,0,0,18528,0,0,0,0,0,0,0,0,0,0,0,0,0,0,0,0,0,0,0,0,0,0,0,0,2364,0,0,0
1744062235.001975,600038,21131154,0,nscratch,nscratch-ffff8bace051d000,0,0,14957600,43909601,0,0,189,0,0,0,0,0,0,0,0,0,0,0,0,0,0,0,0,0,0,0,0,0,0,0,0,169,0,0,0
1744062235.002075,600038,21131154,0,pscratch,pscratch-ffff8bacc74f9800,0,0,185687946750,115662847378,0,0,18528,0,0,0,0,0,0,0,0,0,0,0,0,0,0,0,0,0,0,0,0,0,0,0,0,2364,0,0,0
1744062236.001596,600038,21131154,0,nscratch,nscratch-ffff8bace051d000,0,0,14957600,43909601,0,0,189,0,0,0,0,0,0,0,0,0,0,0,0,0,0,0,0,0,0,0,0,0,0,0,0,169,0,0,0
1744062236.001676,600038,21131154,0,pscratch,pscratch-ffff8bacc74f9800,0,0,185687946750,115662847378,0,0,18528,0,0,0,0,0,0,0,0,0,0,0,0,0,0,0,0,0,0,0,0,0,0,0,0,2364,0,0,0
1744062237.001828,600038,21131154,0,nscratch,nscratch-ffff8bace051d000,0,0,14957600,43909601,0,0,189,0,0,0,0,0,0,0,0,0,0,0,0,0,0,0,0,0,0,0,0,0,0,0,0,169,0,0,0
1744062237.001919,600038,21131154,0,pscratch,pscratch-ffff8bacc74f9800,0,0,185687946750,115662847378,0,0,18528,0,0,0,0,0,0,0,0,0,0,0,0,0,0,0,0,0,0,0,0,0,0,0,0,2364,0,0,0
1744062238.001384,600038,21131154,0,nscratch,nscratch-ffff8bace051d000,0,0,14957600,43909601,0,0,189,0,0,0,0,0,0,0,0,0,0,0,0,0,0,0,0,0,0,0,0,0,0,0,0,169,0,0,0
1744062238.001485,600038,21131154,0,pscratch,pscratch-ffff8bacc74f9800,0,0,185687946750,115662847378,0,0,18528,0,0,0,0,0,0,0,0,0,0,0,0,0,0,0,0,0,0,0,0,0,0,0,0,2364,0,0,0
1744062239.001802,600038,21131154,0,nscratch,nscratch-ffff8bace051d000,0,0,14957600,43909601,0,0,189,0,0,0,0,0,0,0,0,0,0,0,0,0,0,0,0,0,0,0,0,0,0,0,0,169,0,0,0
1744062239.001951,600038,21131154,0,pscratch,pscratch-ffff8bacc74f9800,0,0,185687946750,115662847378,0,0,18528,0,0,0,0,0,0,0,0,0,0,0,0,0,0,0,0,0,0,0,0,0,0,0,0,2364,0,0,0
1744062240.002125,600038,21131154,0,nscratch,nscratch-ffff8bace051d000,0,0,14957600,43909601,0,0,189,0,0,0,0,0,0,0,0,0,0,0,0,0,0,0,0,0,0,0,0,0,0,0,0,169,0,0,0
1744062240.002221,600038,21131154,0,pscratch,pscratch-ffff8bacc74f9800,0,0,185687946750,115662847378,0,0,18528,0,0,0,0,0,0,0,0,0,0,0,0,0,0,0,0,0,0,0,0,0,0,0,0,2364,0,0,0
1744062241.001635,600038,21131154,0,nscratch,nscratch-ffff8bace051d000,0,0,14957600,43909601,0,0,189,0,0,0,0,0,0,0,0,0,0,0,0,0,0,0,0,0,0,0,0,0,0,0,0,169,0,0,0
1744062241.001715,600038,21131154,0,pscratch,pscratch-ffff8bacc74f9800,0,0,185687946750,115662847378,0,0,18528,0,0,0,0,0,0,0,0,0,0,0,0,0,0,0,0,0,0,0,0,0,0,0,0,2364,0,0,0
1744062242.002038,600038,21131154,0,nscratch,nscratch-ffff8bace051d000,0,0,14957600,43909601,0,0,189,0,0,0,0,0,0,0,0,0,0,0,0,0,0,0,0,0,0,0,0,0,0,0,0,169,0,0,0
1744062242.002121,600038,21131154,0,pscratch,pscratch-ffff8bacc74f9800,0,0,185687946750,115662847378,0,0,18528,0,0,0,0,0,0,0,0,0,0,0,0,0,0,0,0,0,0,0,0,0,0,0,0,2364,0,0,0
1744062243.001275,600038,21131154,0,nscratch,nscratch-ffff8bace051d000,0,0,14957600,43909601,0,0,189,0,0,0,0,0,0,0,0,0,0,0,0,0,0,0,0,0,0,0,0,0,0,0,0,169,0,0,0
1744062243.001355,600038,21131154,0,pscratch,pscratch-ffff8bacc74f9800,0,0,185687946750,115662847378,0,0,18528,0,0,0,0,0,0,0,0,0,0,0,0,0,0,0,0,0,0,0,0,0,0,0,0,2364,0,0,0
1744062244.001824,600038,21131154,0,nscratch,nscratch-ffff8bace051d000,0,0,14957600,43909601,0,0,189,0,0,0,0,0,0,0,0,0,0,0,0,0,0,0,0,0,0,0,0,0,0,0,0,169,0,0,0
1744062244.001918,600038,21131154,0,pscratch,pscratch-ffff8bacc74f9800,0,0,185687946750,115662847378,0,0,18528,0,0,0,0,0,0,0,0,0,0,0,0,0,0,0,0,0,0,0,0,0,0,0,0,2364,0,0,0
1744062245.002239,600038,21131154,0,nscratch,nscratch-ffff8bace051d000,0,0,14957600,43909601,0,0,189,0,0,0,0,0,0,0,0,0,0,0,0,0,0,0,0,0,0,0,0,0,0,0,0,169,0,0,0
1744062245.002320,600038,21131154,0,pscratch,pscratch-ffff8bacc74f9800,0,0,185687946750,115662847378,0,0,18528,0,0,0,0,0,0,0,0,0,0,0,0,0,0,0,0,0,0,0,0,0,0,0,0,2364,0,0,0
1744062246.001595,600038,21131154,0,nscratch,nscratch-ffff8bace051d000,0,0,14957600,43909601,0,0,189,0,0,0,0,0,0,0,0,0,0,0,0,0,0,0,0,0,0,0,0,0,0,0,0,169,0,0,0
1744062246.001718,600038,21131154,0,pscratch,pscratch-ffff8bacc74f9800,0,0,185687946750,115662847378,0,0,18528,0,0,0,0,0,0,0,0,0,0,0,0,0,0,0,0,0,0,0,0,0,0,0,0,2364,0,0,0
1744062247.002162,600038,21131154,0,nscratch,nscratch-ffff8bace051d000,0,0,14957600,43909601,0,0,189,0,0,0,0,0,0,0,0,0,0,0,0,0,0,0,0,0,0,0,0,0,0,0,0,169,0,0,0
1744062247.002243,600038,21131154,0,pscratch,pscratch-ffff8bacc74f9800,0,0,185687946750,115662847378,0,0,18528,0,0,0,0,0,0,0,0,0,0,0,0,0,0,0,0,0,0,0,0,0,0,0,0,2364,0,0,0
1744062248.001625,600038,21131154,0,nscratch,nscratch-ffff8bace051d000,0,0,14957600,43909601,0,0,189,0,0,0,0,0,0,0,0,0,0,0,0,0,0,0,0,0,0,0,0,0,0,0,0,169,0,0,0
1744062248.001746,600038,21131154,0,pscratch,pscratch-ffff8bacc74f9800,0,0,185687946750,115662847378,0,0,18528,0,0,0,0,0,0,0,0,0,0,0,0,0,0,0,0,0,0,0,0,0,0,0,0,2364,0,0,0
1744062249.001956,600038,21131154,0,nscratch,nscratch-ffff8bace051d000,0,0,14957600,43909601,0,0,189,0,0,0,0,0,0,0,0,0,0,0,0,0,0,0,0,0,0,0,0,0,0,0,0,169,0,0,0
1744062249.002049,600038,21131154,0,pscratch,pscratch-ffff8bacc74f9800,0,0,185687946750,115662847378,0,0,18528,0,0,0,0,0,0,0,0,0,0,0,0,0,0,0,0,0,0,0,0,0,0,0,0,2364,0,0,0
1744062250.001487,600038,21131154,0,nscratch,nscratch-ffff8bace051d000,0,0,14957600,43909601,0,0,189,0,0,0,0,0,0,0,0,0,0,0,0,0,0,0,0,0,0,0,0,0,0,0,0,169,0,0,0
1744062250.001566,600038,21131154,0,pscratch,pscratch-ffff8bacc74f9800,0,0,185687946750,115662847378,0,0,18528,0,0,0,0,0,0,0,0,0,0,0,0,0,0,0,0,0,0,0,0,0,0,0,0,2364,0,0,0
1744062251.001911,600038,21131154,0,nscratch,nscratch-ffff8bace051d000,0,0,14957600,43909601,0,0,189,0,0,0,0,0,0,0,0,0,0,0,0,0,0,0,0,0,0,0,0,0,0,0,0,169,0,0,0
1744062251.002017,600038,21131154,0,pscratch,pscratch-ffff8bacc74f9800,0,0,185687946750,115662847378,0,0,18528,0,0,0,0,0,0,0,0,0,0,0,0,0,0,0,0,0,0,0,0,0,0,0,0,2364,0,0,0
1744062252.001283,600038,21131154,0,nscratch,nscratch-ffff8bace051d000,0,0,14957600,43909601,0,0,189,0,0,0,0,0,0,0,0,0,0,0,0,0,0,0,0,0,0,0,0,0,0,0,0,169,0,0,0
1744062252.001363,600038,21131154,0,pscratch,pscratch-ffff8bacc74f9800,0,0,185687946750,115662847378,0,0,18528,0,0,0,0,0,0,0,0,0,0,0,0,0,0,0,0,0,0,0,0,0,0,0,0,2364,0,0,0
1744062253.001909,600038,21131154,0,nscratch,nscratch-ffff8bace051d000,0,0,14957600,43909601,0,0,189,0,0,0,0,0,0,0,0,0,0,0,0,0,0,0,0,0,0,0,0,0,0,0,0,169,0,0,0
1744062253.001995,600038,21131154,0,pscratch,pscratch-ffff8bacc74f9800,0,0,185687946750,115662847378,0,0,18528,0,0,0,0,0,0,0,0,0,0,0,0,0,0,0,0,0,0,0,0,0,0,0,0,2364,0,0,0
1744062254.001322,600038,21131154,0,nscratch,nscratch-ffff8bace051d000,0,0,14957600,43909601,0,0,189,0,0,0,0,0,0,0,0,0,0,0,0,0,0,0,0,0,0,0,0,0,0,0,0,169,0,0,0
1744062254.001401,600038,21131154,0,pscratch,pscratch-ffff8bacc74f9800,0,0,185687946750,115662847378,0,0,18528,0,0,0,0,0,0,0,0,0,0,0,0,0,0,0,0,0,0,0,0,0,0,0,0,2364,0,0,0
1744062255.001600,600038,21131154,0,nscratch,nscratch-ffff8bace051d000,0,0,14957600,43909601,0,0,189,0,0,0,0,0,0,0,0,0,0,0,0,0,0,0,0,0,0,0,0,0,0,0,0,169,0,0,0
1744062255.001686,600038,21131154,0,pscratch,pscratch-ffff8bacc74f9800,0,0,185687946750,115662847378,0,0,18528,0,0,0,0,0,0,0,0,0,0,0,0,0,0,0,0,0,0,0,0,0,0,0,0,2364,0,0,0
1744062256.002148,600038,21131154,0,nscratch,nscratch-ffff8bace051d000,0,0,14957600,43909601,0,0,189,0,0,0,0,0,0,0,0,0,0,0,0,0,0,0,0,0,0,0,0,0,0,0,0,169,0,0,0
1744062256.002228,600038,21131154,0,pscratch,pscratch-ffff8bacc74f9800,0,0,185687946750,115662847378,0,0,18528,0,0,0,0,0,0,0,0,0,0,0,0,0,0,0,0,0,0,0,0,0,0,0,0,2364,0,0,0
1744062257.001634,600038,21131154,0,nscratch,nscratch-ffff8bace051d000,0,0,14957600,43909601,0,0,189,0,0,0,0,0,0,0,0,0,0,0,0,0,0,0,0,0,0,0,0,0,0,0,0,169,0,0,0
1744062257.001714,600038,21131154,0,pscratch,pscratch-ffff8bacc74f9800,0,0,185687946750,115662847378,0,0,18528,0,0,0,0,0,0,0,0,0,0,0,0,0,0,0,0,0,0,0,0,0,0,0,0,2364,0,0,0
1744062258.001897,600038,21131154,0,nscratch,nscratch-ffff8bace051d000,0,0,14957600,43909601,0,0,189,0,0,0,0,0,0,0,0,0,0,0,0,0,0,0,0,0,0,0,0,0,0,0,0,169,0,0,0
1744062258.001980,600038,21131154,0,pscratch,pscratch-ffff8bacc74f9800,0,0,185687946750,115662847378,0,0,18528,0,0,0,0,0,0,0,0,0,0,0,0,0,0,0,0,0,0,0,0,0,0,0,0,2364,0,0,0
1744062259.001364,600038,21131154,0,nscratch,nscratch-ffff8bace051d000,0,0,14957600,43909601,0,0,189,0,0,0,0,0,0,0,0,0,0,0,0,0,0,0,0,0,0,0,0,0,0,0,0,169,0,0,0
1744062259.001445,600038,21131154,0,pscratch,pscratch-ffff8bacc74f9800,0,0,185687946750,115662847378,0,0,18528,0,0,0,0,0,0,0,0,0,0,0,0,0,0,0,0,0,0,0,0,0,0,0,0,2364,0,0,0
1744062260.001763,600038,21131154,0,nscratch,nscratch-ffff8bace051d000,0,0,14957600,43909601,0,0,189,0,0,0,0,0,0,0,0,0,0,0,0,0,0,0,0,0,0,0,0,0,0,0,0,169,0,0,0
1744062260.001845,600038,21131154,0,pscratch,pscratch-ffff8bacc74f9800,0,0,185687946750,115662847378,0,0,18528,0,0,0,0,0,0,0,0,0,0,0,0,0,0,0,0,0,0,0,0,0,0,0,0,2364,0,0,0
1744062261.002027,600038,21131154,0,nscratch,nscratch-ffff8bace051d000,0,0,14957600,43909601,0,0,189,0,0,0,0,0,0,0,0,0,0,0,0,0,0,0,0,0,0,0,0,0,0,0,0,169,0,0,0
1744062261.002112,600038,21131154,0,pscratch,pscratch-ffff8bacc74f9800,0,0,185687946750,115662847378,0,0,18528,0,0,0,0,0,0,0,0,0,0,0,0,0,0,0,0,0,0,0,0,0,0,0,0,2364,0,0,0
1744062262.001674,600038,21131154,0,nscratch,nscratch-ffff8bace051d000,0,0,14957600,43909601,0,0,189,0,0,0,0,0,0,0,0,0,0,0,0,0,0,0,0,0,0,0,0,0,0,0,0,169,0,0,0
1744062262.001778,600038,21131154,0,pscratch,pscratch-ffff8bacc74f9800,0,0,185687946750,115662847378,0,0,18528,0,0,0,0,0,0,0,0,0,0,0,0,0,0,0,0,0,0,0,0,0,0,0,0,2364,0,0,0
1744062263.002164,600038,21131154,0,nscratch,nscratch-ffff8bace051d000,0,0,14957600,43909601,0,0,189,0,0,0,0,0,0,0,0,0,0,0,0,0,0,0,0,0,0,0,0,0,0,0,0,169,0,0,0
1744062263.002262,600038,21131154,0,pscratch,pscratch-ffff8bacc74f9800,0,0,185687946750,115662847378,0,0,18528,0,0,0,0,0,0,0,0,0,0,0,0,0,0,0,0,0,0,0,0,0,0,0,0,2364,0,0,0
1744062264.001534,600038,21131154,0,nscratch,nscratch-ffff8bace051d000,0,0,14957600,43909601,0,0,189,0,0,0,0,0,0,0,0,0,0,0,0,0,0,0,0,0,0,0,0,0,0,0,0,169,0,0,0
1744062264.001649,600038,21131154,0,pscratch,pscratch-ffff8bacc74f9800,0,0,185687946750,115662847378,0,0,18528,0,0,0,0,0,0,0,0,0,0,0,0,0,0,0,0,0,0,0,0,0,0,0,0,2364,0,0,0
1744062265.002082,600038,21131154,0,nscratch,nscratch-ffff8bace051d000,0,0,14957600,43909601,0,0,189,0,0,0,0,0,0,0,0,0,0,0,0,0,0,0,0,0,0,0,0,0,0,0,0,169,0,0,0
1744062265.002167,600038,21131154,0,pscratch,pscratch-ffff8bacc74f9800,0,0,185687946750,115662847378,0,0,18528,0,0,0,0,0,0,0,0,0,0,0,0,0,0,0,0,0,0,0,0,0,0,0,0,2364,0,0,0
1744062266.001542,600038,21131154,0,nscratch,nscratch-ffff8bace051d000,0,0,14957600,43909601,0,0,189,0,0,0,0,0,0,0,0,0,0,0,0,0,0,0,0,0,0,0,0,0,0,0,0,169,0,0,0
1744062266.001627,600038,21131154,0,pscratch,pscratch-ffff8bacc74f9800,0,0,185687946750,115662847378,0,0,18528,0,0,0,0,0,0,0,0,0,0,0,0,0,0,0,0,0,0,0,0,0,0,0,0,2364,0,0,0
1744062267.001801,600038,21131154,0,nscratch,nscratch-ffff8bace051d000,0,0,14957600,43909601,0,0,189,0,0,0,0,0,0,0,0,0,0,0,0,0,0,0,0,0,0,0,0,0,0,0,0,169,0,0,0
1744062267.001896,600038,21131154,0,pscratch,pscratch-ffff8bacc74f9800,0,0,185687946750,115662847378,0,0,18528,0,0,0,0,0,0,0,0,0,0,0,0,0,0,0,0,0,0,0,0,0,0,0,0,2364,0,0,0
1744062268.001442,600038,21131154,0,nscratch,nscratch-ffff8bace051d000,0,0,14957600,43909601,0,0,189,0,0,0,0,0,0,0,0,0,0,0,0,0,0,0,0,0,0,0,0,0,0,0,0,169,0,0,0
1744062268.001524,600038,21131154,0,pscratch,pscratch-ffff8bacc74f9800,0,0,185687946750,115662847378,0,0,18528,0,0,0,0,0,0,0,0,0,0,0,0,0,0,0,0,0,0,0,0,0,0,0,0,2364,0,0,0
1744062269.001838,600038,21131154,0,nscratch,nscratch-ffff8bace051d000,0,0,14957600,43909601,0,0,189,0,0,0,0,0,0,0,0,0,0,0,0,0,0,0,0,0,0,0,0,0,0,0,0,169,0,0,0
1744062269.001951,600038,21131154,0,pscratch,pscratch-ffff8bacc74f9800,0,0,185687946750,115662847378,0,0,18528,0,0,0,0,0,0,0,0,0,0,0,0,0,0,0,0,0,0,0,0,0,0,0,0,2364,0,0,0
1744062270.002335,600038,21131154,0,nscratch,nscratch-ffff8bace051d000,0,0,14957600,43909601,0,0,189,0,0,0,0,0,0,0,0,0,0,0,0,0,0,0,0,0,0,0,0,0,0,0,0,169,0,0,0
1744062270.002529,600038,21131154,0,pscratch,pscratch-ffff8bacc74f9800,0,0,185687946750,115662847378,0,0,18528,0,0,0,0,0,0,0,0,0,0,0,0,0,0,0,0,0,0,0,0,0,0,0,0,2364,0,0,0
1744062271.002230,600038,21131154,0,nscratch,nscratch-ffff8bace051d000,0,0,14957600,43909601,0,0,189,0,0,0,0,0,0,0,0,0,0,0,0,0,0,0,0,0,0,0,0,0,0,0,0,169,0,0,0
1744062271.002311,600038,21131154,0,pscratch,pscratch-ffff8bacc74f9800,0,0,185687946750,115662847378,0,0,18528,0,0,0,0,0,0,0,0,0,0,0,0,0,0,0,0,0,0,0,0,0,0,0,0,2364,0,0,0
1744062272.001848,600038,21131154,0,nscratch,nscratch-ffff8bace051d000,0,0,14957600,43909601,0,0,189,0,0,0,0,0,0,0,0,0,0,0,0,0,0,0,0,0,0,0,0,0,0,0,0,169,0,0,0
1744062272.001985,600038,21131154,0,pscratch,pscratch-ffff8bacc74f9800,0,0,185687946750,115662847378,0,0,18528,0,0,0,0,0,0,0,0,0,0,0,0,0,0,0,0,0,0,0,0,0,0,0,0,2364,0,0,0
1744062273.002146,600038,21131154,0,nscratch,nscratch-ffff8bace051d000,0,0,14957600,43909601,0,0,189,0,0,0,0,0,0,0,0,0,0,0,0,0,0,0,0,0,0,0,0,0,0,0,0,169,0,0,0
1744062273.002232,600038,21131154,0,pscratch,pscratch-ffff8bacc74f9800,0,0,185687946750,115662847378,0,0,18528,0,0,0,0,0,0,0,0,0,0,0,0,0,0,0,0,0,0,0,0,0,0,0,0,2364,0,0,0
1744062274.001616,600038,21131154,0,nscratch,nscratch-ffff8bace051d000,0,0,14957600,43909601,0,0,189,0,0,0,0,0,0,0,0,0,0,0,0,0,0,0,0,0,0,0,0,0,0,0,0,169,0,0,0
1744062274.001718,600038,21131154,0,pscratch,pscratch-ffff8bacc74f9800,0,0,185687946750,115662847378,0,0,18528,0,0,0,0,0,0,0,0,0,0,0,0,0,0,0,0,0,0,0,0,0,0,0,0,2364,0,0,0
1744062275.002080,600038,21131154,0,nscratch,nscratch-ffff8bace051d000,0,0,14957600,43909601,0,0,189,0,0,0,0,0,0,0,0,0,0,0,0,0,0,0,0,0,0,0,0,0,0,0,0,169,0,0,0
1744062275.002161,600038,21131154,0,pscratch,pscratch-ffff8bacc74f9800,0,0,185687946750,115662847378,0,0,18528,0,0,0,0,0,0,0,0,0,0,0,0,0,0,0,0,0,0,0,0,0,0,0,0,2364,0,0,0
1744062276.001428,600038,21131154,0,nscratch,nscratch-ffff8bace051d000,0,0,14957600,43909601,0,0,189,0,0,0,0,0,0,0,0,0,0,0,0,0,0,0,0,0,0,0,0,0,0,0,0,169,0,0,0
1744062276.001563,600038,21131154,0,pscratch,pscratch-ffff8bacc74f9800,0,0,185687946750,115662847378,0,0,18528,0,0,0,0,0,0,0,0,0,0,0,0,0,0,0,0,0,0,0,0,0,0,0,0,2364,0,0,0
1744062277.001975,600038,21131154,0,nscratch,nscratch-ffff8bace051d000,0,0,14957600,43909601,0,0,189,0,0,0,0,0,0,0,0,0,0,0,0,0,0,0,0,0,0,0,0,0,0,0,0,169,0,0,0
1744062277.002061,600038,21131154,0,pscratch,pscratch-ffff8bacc74f9800,0,0,185687946750,115662847378,0,0,18528,0,0,0,0,0,0,0,0,0,0,0,0,0,0,0,0,0,0,0,0,0,0,0,0,2364,0,0,0
1744062278.001348,600038,21131154,0,nscratch,nscratch-ffff8bace051d000,0,0,14957600,43909601,0,0,189,0,0,0,0,0,0,0,0,0,0,0,0,0,0,0,0,0,0,0,0,0,0,0,0,169,0,0,0
1744062278.001448,600038,21131154,0,pscratch,pscratch-ffff8bacc74f9800,0,0,185687946750,115662847378,0,0,18528,0,0,0,0,0,0,0,0,0,0,0,0,0,0,0,0,0,0,0,0,0,0,0,0,2364,0,0,0
1744062279.001677,600038,21131154,0,nscratch,nscratch-ffff8bace051d000,0,0,14957600,43909601,0,0,189,0,0,0,0,0,0,0,0,0,0,0,0,0,0,0,0,0,0,0,0,0,0,0,0,169,0,0,0
1744062279.001781,600038,21131154,0,pscratch,pscratch-ffff8bacc74f9800,0,0,185687946750,115662847378,0,0,18528,0,0,0,0,0,0,0,0,0,0,0,0,0,0,0,0,0,0,0,0,0,0,0,0,2364,0,0,0
1744062280.002254,600038,21131154,0,nscratch,nscratch-ffff8bace051d000,0,0,14957600,43909601,0,0,189,0,0,0,0,0,0,0,0,0,0,0,0,0,0,0,0,0,0,0,0,0,0,0,0,169,0,0,0
1744062280.002366,600038,21131154,0,pscratch,pscratch-ffff8bacc74f9800,0,0,185687946750,115662847378,0,0,18528,0,0,0,0,0,0,0,0,0,0,0,0,0,0,0,0,0,0,0,0,0,0,0,0,2364,0,0,0
1744062281.001735,600038,21131154,0,nscratch,nscratch-ffff8bace051d000,0,0,14957600,43909601,0,0,189,0,0,0,0,0,0,0,0,0,0,0,0,0,0,0,0,0,0,0,0,0,0,0,0,169,0,0,0
1744062281.001815,600038,21131154,0,pscratch,pscratch-ffff8bacc74f9800,0,0,185687946750,115662847378,0,0,18528,0,0,0,0,0,0,0,0,0,0,0,0,0,0,0,0,0,0,0,0,0,0,0,0,2364,0,0,0
1744062282.001971,600038,21131154,0,nscratch,nscratch-ffff8bace051d000,0,0,14957600,43909601,0,0,189,0,0,0,0,0,0,0,0,0,0,0,0,0,0,0,0,0,0,0,0,0,0,0,0,169,0,0,0
1744062282.002054,600038,21131154,0,pscratch,pscratch-ffff8bacc74f9800,0,0,185687946750,115662847378,0,0,18528,0,0,0,0,0,0,0,0,0,0,0,0,0,0,0,0,0,0,0,0,0,0,0,0,2364,0,0,0
1744062283.001538,600038,21131154,0,nscratch,nscratch-ffff8bace051d000,0,0,14957600,43909601,0,0,189,0,0,0,0,0,0,0,0,0,0,0,0,0,0,0,0,0,0,0,0,0,0,0,0,169,0,0,0
1744062283.001623,600038,21131154,0,pscratch,pscratch-ffff8bacc74f9800,0,0,185687946750,115662847378,0,0,18528,0,0,0,0,0,0,0,0,0,0,0,0,0,0,0,0,0,0,0,0,0,0,0,0,2364,0,0,0
1744062284.001954,600038,21131154,0,nscratch,nscratch-ffff8bace051d000,0,0,14957600,43909601,0,0,189,0,0,0,0,0,0,0,0,0,0,0,0,0,0,0,0,0,0,0,0,0,0,0,0,169,0,0,0
1744062284.002039,600038,21131154,0,pscratch,pscratch-ffff8bacc74f9800,0,0,185687946750,115662847378,0,0,18528,0,0,0,0,0,0,0,0,0,0,0,0,0,0,0,0,0,0,0,0,0,0,0,0,2364,0,0,0
1744062285.001203,600038,21131154,0,nscratch,nscratch-ffff8bace051d000,0,0,14957600,43909601,0,0,189,0,0,0,0,0,0,0,0,0,0,0,0,0,0,0,0,0,0,0,0,0,0,0,0,169,0,0,0
1744062285.001289,600038,21131154,0,pscratch,pscratch-ffff8bacc74f9800,0,0,185687946750,115662847378,0,0,18528,0,0,0,0,0,0,0,0,0,0,0,0,0,0,0,0,0,0,0,0,0,0,0,0,2364,0,0,0
1744062286.001911,600038,21131154,0,nscratch,nscratch-ffff8bace051d000,0,0,14957600,43909601,0,0,189,0,0,0,0,0,0,0,0,0,0,0,0,0,0,0,0,0,0,0,0,0,0,0,0,169,0,0,0
1744062286.002027,600038,21131154,0,pscratch,pscratch-ffff8bacc74f9800,0,0,185687946750,115662847378,0,0,18528,0,0,0,0,0,0,0,0,0,0,0,0,0,0,0,0,0,0,0,0,0,0,0,0,2364,0,0,0
1744062287.001338,600038,21131154,0,nscratch,nscratch-ffff8bace051d000,0,0,14957600,43909601,0,0,189,0,0,0,0,0,0,0,0,0,0,0,0,0,0,0,0,0,0,0,0,0,0,0,0,169,0,0,0
1744062287.001417,600038,21131154,0,pscratch,pscratch-ffff8bacc74f9800,0,0,185687946750,115662847378,0,0,18528,0,0,0,0,0,0,0,0,0,0,0,0,0,0,0,0,0,0,0,0,0,0,0,0,2364,0,0,0
1744062288.001565,600038,21131154,0,nscratch,nscratch-ffff8bace051d000,0,0,14957600,43909601,0,0,189,0,0,0,0,0,0,0,0,0,0,0,0,0,0,0,0,0,0,0,0,0,0,0,0,169,0,0,0
1744062288.001666,600038,21131154,0,pscratch,pscratch-ffff8bacc74f9800,0,0,185687946750,115662847378,0,0,18528,0,0,0,0,0,0,0,0,0,0,0,0,0,0,0,0,0,0,0,0,0,0,0,0,2364,0,0,0
1744062289.001236,600038,21131154,0,nscratch,nscratch-ffff8bace051d000,0,0,14957600,43909601,0,0,189,0,0,0,0,0,0,0,0,0,0,0,0,0,0,0,0,0,0,0,0,0,0,0,0,169,0,0,0
1744062289.001313,600038,21131154,0,pscratch,pscratch-ffff8bacc74f9800,0,0,185687946750,115662847378,0,0,18528,0,0,0,0,0,0,0,0,0,0,0,0,0,0,0,0,0,0,0,0,0,0,0,0,2364,0,0,0
1744062290.001704,600038,21131154,0,nscratch,nscratch-ffff8bace051d000,0,0,14957600,43909601,0,0,189,0,0,0,0,0,0,0,0,0,0,0,0,0,0,0,0,0,0,0,0,0,0,0,0,169,0,0,0
1744062290.001803,600038,21131154,0,pscratch,pscratch-ffff8bacc74f9800,0,0,185687946750,115662847378,0,0,18528,0,0,0,0,0,0,0,0,0,0,0,0,0,0,0,0,0,0,0,0,0,0,0,0,2364,0,0,0
1744062291.002070,600038,21131154,0,nscratch,nscratch-ffff8bace051d000,0,0,14957600,43909601,0,0,189,0,0,0,0,0,0,0,0,0,0,0,0,0,0,0,0,0,0,0,0,0,0,0,0,169,0,0,0
1744062291.002254,600038,21131154,0,pscratch,pscratch-ffff8bacc74f9800,0,0,185687946750,115662847378,0,0,18528,0,0,0,0,0,0,0,0,0,0,0,0,0,0,0,0,0,0,0,0,0,0,0,0,2364,0,0,0
1744062292.001756,600038,21131154,0,nscratch,nscratch-ffff8bace051d000,0,0,14957600,43909601,0,0,189,0,0,0,0,0,0,0,0,0,0,0,0,0,0,0,0,0,0,0,0,0,0,0,0,169,0,0,0
1744062292.001830,600038,21131154,0,pscratch,pscratch-ffff8bacc74f9800,0,0,185687946750,115662847378,0,0,18528,0,0,0,0,0,0,0,0,0,0,0,0,0,0,0,0,0,0,0,0,0,0,0,0,2364,0,0,0
1744062293.002148,600038,21131154,0,nscratch,nscratch-ffff8bace051d000,0,0,14957600,43909601,0,0,189,0,0,0,0,0,0,0,0,0,0,0,0,0,0,0,0,0,0,0,0,0,0,0,0,169,0,0,0
1744062293.002227,600038,21131154,0,pscratch,pscratch-ffff8bacc74f9800,0,0,185687946750,115662847378,0,0,18528,0,0,0,0,0,0,0,0,0,0,0,0,0,0,0,0,0,0,0,0,0,0,0,0,2364,0,0,0
1744062294.001416,600038,21131154,0,nscratch,nscratch-ffff8bace051d000,0,0,14957600,43909601,0,0,189,0,0,0,0,0,0,0,0,0,0,0,0,0,0,0,0,0,0,0,0,0,0,0,0,169,0,0,0
1744062294.001492,600038,21131154,0,pscratch,pscratch-ffff8bacc74f9800,0,0,185687946750,115662847378,0,0,18528,0,0,0,0,0,0,0,0,0,0,0,0,0,0,0,0,0,0,0,0,0,0,0,0,2364,0,0,0
1744062295.001907,600038,21131154,0,nscratch,nscratch-ffff8bace051d000,0,0,14957600,43909601,0,0,189,0,0,0,0,0,0,0,0,0,0,0,0,0,0,0,0,0,0,0,0,0,0,0,0,169,0,0,0
1744062295.002001,600038,21131154,0,pscratch,pscratch-ffff8bacc74f9800,0,0,185687946750,115662847378,0,0,18528,0,0,0,0,0,0,0,0,0,0,0,0,0,0,0,0,0,0,0,0,0,0,0,0,2364,0,0,0
1744062296.001426,600038,21131154,0,nscratch,nscratch-ffff8bace051d000,0,0,14957600,43909601,0,0,189,0,0,0,0,0,0,0,0,0,0,0,0,0,0,0,0,0,0,0,0,0,0,0,0,169,0,0,0
1744062296.001499,600038,21131154,0,pscratch,pscratch-ffff8bacc74f9800,0,0,185687946750,115662847378,0,0,18528,0,0,0,0,0,0,0,0,0,0,0,0,0,0,0,0,0,0,0,0,0,0,0,0,2364,0,0,0
1744062297.001662,600038,21131154,0,nscratch,nscratch-ffff8bace051d000,0,0,14957600,43909601,0,0,189,0,0,0,0,0,0,0,0,0,0,0,0,0,0,0,0,0,0,0,0,0,0,0,0,169,0,0,0
1744062297.001738,600038,21131154,0,pscratch,pscratch-ffff8bacc74f9800,0,0,185687946750,115662847378,0,0,18528,0,0,0,0,0,0,0,0,0,0,0,0,0,0,0,0,0,0,0,0,0,0,0,0,2364,0,0,0
1744062298.002144,600038,21131154,0,nscratch,nscratch-ffff8bace051d000,0,0,14957600,43909601,0,0,189,0,0,0,0,0,0,0,0,0,0,0,0,0,0,0,0,0,0,0,0,0,0,0,0,169,0,0,0
1744062298.002237,600038,21131154,0,pscratch,pscratch-ffff8bacc74f9800,0,0,185687946750,115662847378,0,0,18528,0,0,0,0,0,0,0,0,0,0,0,0,0,0,0,0,0,0,0,0,0,0,0,0,2364,0,0,0
1744062299.001738,600038,21131154,0,nscratch,nscratch-ffff8bace051d000,0,0,14957600,43909601,0,0,189,0,0,0,0,0,0,0,0,0,0,0,0,0,0,0,0,0,0,0,0,0,0,0,0,169,0,0,0
1744062299.001831,600038,21131154,0,pscratch,pscratch-ffff8bacc74f9800,0,0,185687946750,115662847378,0,0,18528,0,0,0,0,0,0,0,0,0,0,0,0,0,0,0,0,0,0,0,0,0,0,0,0,2364,0,0,0
1744062300.001995,600038,21131154,0,nscratch,nscratch-ffff8bace051d000,0,0,14957600,43909601,0,0,189,0,0,0,0,0,0,0,0,0,0,0,0,0,0,0,0,0,0,0,0,0,0,0,0,169,0,0,0
1744062300.002088,600038,21131154,0,pscratch,pscratch-ffff8bacc74f9800,0,0,185687946750,115662847378,0,0,18528,0,0,0,0,0,0,0,0,0,0,0,0,0,0,0,0,0,0,0,0,0,0,0,0,2364,0,0,0
1744062301.001554,600038,21131154,0,nscratch,nscratch-ffff8bace051d000,0,0,14957600,43909601,0,0,189,0,0,0,0,0,0,0,0,0,0,0,0,0,0,0,0,0,0,0,0,0,0,0,0,169,0,0,0
1744062301.001630,600038,21131154,0,pscratch,pscratch-ffff8bacc74f9800,0,0,185687946750,115662847378,0,0,18528,0,0,0,0,0,0,0,0,0,0,0,0,0,0,0,0,0,0,0,0,0,0,0,0,2364,0,0,0
1744062302.001928,600038,21131154,0,nscratch,nscratch-ffff8bace051d000,0,0,14957600,43909601,0,0,189,0,0,0,0,0,0,0,0,0,0,0,0,0,0,0,0,0,0,0,0,0,0,0,0,169,0,0,0
1744062302.002006,600038,21131154,0,pscratch,pscratch-ffff8bacc74f9800,0,0,185687946750,115662847378,0,0,18528,0,0,0,0,0,0,0,0,0,0,0,0,0,0,0,0,0,0,0,0,0,0,0,0,2364,0,0,0
1744062303.001271,600038,21131154,0,nscratch,nscratch-ffff8bace051d000,0,0,14957600,43909601,0,0,189,0,0,0,0,0,0,0,0,0,0,0,0,0,0,0,0,0,0,0,0,0,0,0,0,169,0,0,0
1744062303.001449,600038,21131154,0,pscratch,pscratch-ffff8bacc74f9800,0,0,185687946750,115662847378,0,0,18528,0,0,0,0,0,0,0,0,0,0,0,0,0,0,0,0,0,0,0,0,0,0,0,0,2364,0,0,0
1744062304.001889,600038,21131154,0,nscratch,nscratch-ffff8bace051d000,0,0,14957600,43909601,0,0,189,0,0,0,0,0,0,0,0,0,0,0,0,0,0,0,0,0,0,0,0,0,0,0,0,169,0,0,0
1744062304.001970,600038,21131154,0,pscratch,pscratch-ffff8bacc74f9800,0,0,185687946750,115662847378,0,0,18528,0,0,0,0,0,0,0,0,0,0,0,0,0,0,0,0,0,0,0,0,0,0,0,0,2364,0,0,0
1744062305.002262,600038,21131154,0,nscratch,nscratch-ffff8bace051d000,0,0,14957600,43909601,0,0,189,0,0,0,0,0,0,0,0,0,0,0,0,0,0,0,0,0,0,0,0,0,0,0,0,169,0,0,0
1744062305.002335,600038,21131154,0,pscratch,pscratch-ffff8bacc74f9800,0,0,185687946750,115662847378,0,0,18528,0,0,0,0,0,0,0,0,0,0,0,0,0,0,0,0,0,0,0,0,0,0,0,0,2364,0,0,0
1744062306.001515,600038,21131154,0,nscratch,nscratch-ffff8bace051d000,0,0,14957600,43909601,0,0,189,0,0,0,0,0,0,0,0,0,0,0,0,0,0,0,0,0,0,0,0,0,0,0,0,169,0,0,0
1744062306.001596,600038,21131154,0,pscratch,pscratch-ffff8bacc74f9800,0,0,185687946750,115662847378,0,0,18528,0,0,0,0,0,0,0,0,0,0,0,0,0,0,0,0,0,0,0,0,0,0,0,0,2364,0,0,0
1744062307.001996,600038,21131154,0,nscratch,nscratch-ffff8bace051d000,0,0,14957600,43909601,0,0,189,0,0,0,0,0,0,0,0,0,0,0,0,0,0,0,0,0,0,0,0,0,0,0,0,169,0,0,0
1744062307.002074,600038,21131154,0,pscratch,pscratch-ffff8bacc74f9800,0,0,185687946750,115662847378,0,0,18528,0,0,0,0,0,0,0,0,0,0,0,0,0,0,0,0,0,0,0,0,0,0,0,0,2364,0,0,0
1744062308.001557,600038,21131154,0,nscratch,nscratch-ffff8bace051d000,0,0,14957600,43909601,0,0,189,0,0,0,0,0,0,0,0,0,0,0,0,0,0,0,0,0,0,0,0,0,0,0,0,169,0,0,0
1744062308.001630,600038,21131154,0,pscratch,pscratch-ffff8bacc74f9800,0,0,185687946750,115662847378,0,0,18528,0,0,0,0,0,0,0,0,0,0,0,0,0,0,0,0,0,0,0,0,0,0,0,0,2364,0,0,0
1744062309.001798,600038,21131154,0,nscratch,nscratch-ffff8bace051d000,0,0,14957600,43909601,0,0,189,0,0,0,0,0,0,0,0,0,0,0,0,0,0,0,0,0,0,0,0,0,0,0,0,169,0,0,0
1744062309.001938,600038,21131154,0,pscratch,pscratch-ffff8bacc74f9800,0,0,185687946750,115662847378,0,0,18528,0,0,0,0,0,0,0,0,0,0,0,0,0,0,0,0,0,0,0,0,0,0,0,0,2364,0,0,0
1744062310.001431,600038,21131154,0,nscratch,nscratch-ffff8bace051d000,0,0,14957600,43909601,0,0,189,0,0,0,0,0,0,0,0,0,0,0,0,0,0,0,0,0,0,0,0,0,0,0,0,169,0,0,0
1744062310.001505,600038,21131154,0,pscratch,pscratch-ffff8bacc74f9800,0,0,185687946750,115662847378,0,0,18528,0,0,0,0,0,0,0,0,0,0,0,0,0,0,0,0,0,0,0,0,0,0,0,0,2364,0,0,0
1744062311.001773,600038,21131154,0,nscratch,nscratch-ffff8bace051d000,0,0,14957600,43909601,0,0,189,0,0,0,0,0,0,0,0,0,0,0,0,0,0,0,0,0,0,0,0,0,0,0,0,169,0,0,0
1744062311.001879,600038,21131154,0,pscratch,pscratch-ffff8bacc74f9800,0,0,185687946750,115662847378,0,0,18528,0,0,0,0,0,0,0,0,0,0,0,0,0,0,0,0,0,0,0,0,0,0,0,0,2364,0,0,0
1744062312.002086,600038,21131154,0,nscratch,nscratch-ffff8bace051d000,0,0,14957600,43909601,0,0,189,0,0,0,0,0,0,0,0,0,0,0,0,0,0,0,0,0,0,0,0,0,0,0,0,169,0,0,0
1744062312.002162,600038,21131154,0,pscratch,pscratch-ffff8bacc74f9800,0,0,185687946750,115662847378,0,0,18528,0,0,0,0,0,0,0,0,0,0,0,0,0,0,0,0,0,0,0,0,0,0,0,0,2364,0,0,0
1744062313.001749,600038,21131154,0,nscratch,nscratch-ffff8bace051d000,0,0,14957600,43909601,0,0,189,0,0,0,0,0,0,0,0,0,0,0,0,0,0,0,0,0,0,0,0,0,0,0,0,169,0,0,0
1744062313.001904,600038,21131154,0,pscratch,pscratch-ffff8bacc74f9800,0,0,185687946750,115662847378,0,0,18528,0,0,0,0,0,0,0,0,0,0,0,0,0,0,0,0,0,0,0,0,0,0,0,0,2364,0,0,0
1744062314.002200,600038,21131154,0,nscratch,nscratch-ffff8bace051d000,0,0,14957600,43909601,0,0,189,0,0,0,0,0,0,0,0,0,0,0,0,0,0,0,0,0,0,0,0,0,0,0,0,169,0,0,0
1744062314.002275,600038,21131154,0,pscratch,pscratch-ffff8bacc74f9800,0,0,185687946750,115662847378,0,0,18528,0,0,0,0,0,0,0,0,0,0,0,0,0,0,0,0,0,0,0,0,0,0,0,0,2364,0,0,0
1744062315.001413,600038,21131154,0,nscratch,nscratch-ffff8bace051d000,0,0,14957600,43909601,0,0,189,0,0,0,0,0,0,0,0,0,0,0,0,0,0,0,0,0,0,0,0,0,0,0,0,169,0,0,0
1744062315.001507,600038,21131154,0,pscratch,pscratch-ffff8bacc74f9800,0,0,185687946750,115662847378,0,0,18528,0,0,0,0,0,0,0,0,0,0,0,0,0,0,0,0,0,0,0,0,0,0,0,0,2364,0,0,0
1744062316.001894,600038,21131154,0,nscratch,nscratch-ffff8bace051d000,0,0,14957600,43909601,0,0,189,0,0,0,0,0,0,0,0,0,0,0,0,0,0,0,0,0,0,0,0,0,0,0,0,169,0,0,0
1744062316.001976,600038,21131154,0,pscratch,pscratch-ffff8bacc74f9800,0,0,185687946750,115662847378,0,0,18528,0,0,0,0,0,0,0,0,0,0,0,0,0,0,0,0,0,0,0,0,0,0,0,0,2364,0,0,0
1744062317.002263,600038,21131154,0,nscratch,nscratch-ffff8bace051d000,0,0,14957600,43909601,0,0,189,0,0,0,0,0,0,0,0,0,0,0,0,0,0,0,0,0,0,0,0,0,0,0,0,169,0,0,0
1744062317.002337,600038,21131154,0,pscratch,pscratch-ffff8bacc74f9800,0,0,185687946750,115662847378,0,0,18528,0,0,0,0,0,0,0,0,0,0,0,0,0,0,0,0,0,0,0,0,0,0,0,0,2364,0,0,0
1744062318.001505,600038,21131154,0,nscratch,nscratch-ffff8bace051d000,0,0,14957600,43909601,0,0,189,0,0,0,0,0,0,0,0,0,0,0,0,0,0,0,0,0,0,0,0,0,0,0,0,169,0,0,0
1744062318.001586,600038,21131154,0,pscratch,pscratch-ffff8bacc74f9800,0,0,185687946750,115662847378,0,0,18528,0,0,0,0,0,0,0,0,0,0,0,0,0,0,0,0,0,0,0,0,0,0,0,0,2364,0,0,0
1744062319.001979,600038,21131154,0,nscratch,nscratch-ffff8bace051d000,0,0,14957600,43909601,0,0,189,0,0,0,0,0,0,0,0,0,0,0,0,0,0,0,0,0,0,0,0,0,0,0,0,169,0,0,0
1744062319.002057,600038,21131154,0,pscratch,pscratch-ffff8bacc74f9800,0,0,185687946750,115662847378,0,0,18528,0,0,0,0,0,0,0,0,0,0,0,0,0,0,0,0,0,0,0,0,0,0,0,0,2364,0,0,0
1744062320.001410,600038,21131154,0,nscratch,nscratch-ffff8bace051d000,0,0,14957600,43909601,0,0,189,0,0,0,0,0,0,0,0,0,0,0,0,0,0,0,0,0,0,0,0,0,0,0,0,169,0,0,0
1744062320.001483,600038,21131154,0,pscratch,pscratch-ffff8bacc74f9800,0,0,185687946750,115662847378,0,0,18528,0,0,0,0,0,0,0,0,0,0,0,0,0,0,0,0,0,0,0,0,0,0,0,0,2364,0,0,0
1744062321.001647,600038,21131154,0,nscratch,nscratch-ffff8bace051d000,0,0,14957600,43909601,0,0,189,0,0,0,0,0,0,0,0,0,0,0,0,0,0,0,0,0,0,0,0,0,0,0,0,169,0,0,0
1744062321.001743,600038,21131154,0,pscratch,pscratch-ffff8bacc74f9800,0,0,185687946750,115662847378,0,0,18528,0,0,0,0,0,0,0,0,0,0,0,0,0,0,0,0,0,0,0,0,0,0,0,0,2364,0,0,0
1744062322.002130,600038,21131154,0,nscratch,nscratch-ffff8bace051d000,0,0,14957600,43909601,0,0,189,0,0,0,0,0,0,0,0,0,0,0,0,0,0,0,0,0,0,0,0,0,0,0,0,169,0,0,0
1744062322.002208,600038,21131154,0,pscratch,pscratch-ffff8bacc74f9800,0,0,185687946750,115662847378,0,0,18528,0,0,0,0,0,0,0,0,0,0,0,0,0,0,0,0,0,0,0,0,0,0,0,0,2364,0,0,0
1744062323.001623,600038,21131154,0,nscratch,nscratch-ffff8bace051d000,0,0,14957600,43909601,0,0,189,0,0,0,0,0,0,0,0,0,0,0,0,0,0,0,0,0,0,0,0,0,0,0,0,169,0,0,0
1744062323.001705,600038,21131154,0,pscratch,pscratch-ffff8bacc74f9800,0,0,185687946750,115662847378,0,0,18528,0,0,0,0,0,0,0,0,0,0,0,0,0,0,0,0,0,0,0,0,0,0,0,0,2364,0,0,0
1744062324.001856,600038,21131154,0,nscratch,nscratch-ffff8bace051d000,0,0,14957600,43909601,0,0,189,0,0,0,0,0,0,0,0,0,0,0,0,0,0,0,0,0,0,0,0,0,0,0,0,169,0,0,0
1744062324.001985,600038,21131154,0,pscratch,pscratch-ffff8bacc74f9800,0,0,185687946750,115662847378,0,0,18528,0,0,0,0,0,0,0,0,0,0,0,0,0,0,0,0,0,0,0,0,0,0,0,0,2364,0,0,0
1744062325.001343,600038,21131154,0,nscratch,nscratch-ffff8bace051d000,0,0,14957600,43909601,0,0,189,0,0,0,0,0,0,0,0,0,0,0,0,0,0,0,0,0,0,0,0,0,0,0,0,169,0,0,0
1744062325.001418,600038,21131154,0,pscratch,pscratch-ffff8bacc74f9800,0,0,185687946750,115662847378,0,0,18528,0,0,0,0,0,0,0,0,0,0,0,0,0,0,0,0,0,0,0,0,0,0,0,0,2364,0,0,0
1744062326.001684,600038,21131154,0,nscratch,nscratch-ffff8bace051d000,0,0,14957600,43909601,0,0,189,0,0,0,0,0,0,0,0,0,0,0,0,0,0,0,0,0,0,0,0,0,0,0,0,169,0,0,0
1744062326.001757,600038,21131154,0,pscratch,pscratch-ffff8bacc74f9800,0,0,185687946750,115662847378,0,0,18528,0,0,0,0,0,0,0,0,0,0,0,0,0,0,0,0,0,0,0,0,0,0,0,0,2364,0,0,0
1744062327.001962,600038,21131154,0,nscratch,nscratch-ffff8bace051d000,0,0,14957600,43909601,0,0,189,0,0,0,0,0,0,0,0,0,0,0,0,0,0,0,0,0,0,0,0,0,0,0,0,169,0,0,0
1744062327.002073,600038,21131154,0,pscratch,pscratch-ffff8bacc74f9800,0,0,185687946750,115662847378,0,0,18528,0,0,0,0,0,0,0,0,0,0,0,0,0,0,0,0,0,0,0,0,0,0,0,0,2364,0,0,0
1744062328.001446,600038,21131154,0,nscratch,nscratch-ffff8bace051d000,0,0,14957600,43909601,0,0,189,0,0,0,0,0,0,0,0,0,0,0,0,0,0,0,0,0,0,0,0,0,0,0,0,169,0,0,0
1744062328.001520,600038,21131154,0,pscratch,pscratch-ffff8bacc74f9800,0,0,185687946750,115662847378,0,0,18528,0,0,0,0,0,0,0,0,0,0,0,0,0,0,0,0,0,0,0,0,0,0,0,0,2364,0,0,0
1744062329.001813,600038,21131154,0,nscratch,nscratch-ffff8bace051d000,0,0,14957600,43909601,0,0,189,0,0,0,0,0,0,0,0,0,0,0,0,0,0,0,0,0,0,0,0,0,0,0,0,169,0,0,0
1744062329.001898,600038,21131154,0,pscratch,pscratch-ffff8bacc74f9800,0,0,185687946750,115662847378,0,0,18528,0,0,0,0,0,0,0,0,0,0,0,0,0,0,0,0,0,0,0,0,0,0,0,0,2364,0,0,0
1744062330.002137,600038,21131154,0,nscratch,nscratch-ffff8bace051d000,0,0,14957600,43909601,0,0,189,0,0,0,0,0,0,0,0,0,0,0,0,0,0,0,0,0,0,0,0,0,0,0,0,169,0,0,0
1744062330.002227,600038,21131154,0,pscratch,pscratch-ffff8bacc74f9800,0,0,185687946750,115662847378,0,0,18528,0,0,0,0,0,0,0,0,0,0,0,0,0,0,0,0,0,0,0,0,0,0,0,0,2364,0,0,0
1744062331.001602,600038,21131154,0,nscratch,nscratch-ffff8bace051d000,0,0,14957600,43909601,0,0,189,0,0,0,0,0,0,0,0,0,0,0,0,0,0,0,0,0,0,0,0,0,0,0,0,169,0,0,0
1744062331.001676,600038,21131154,0,pscratch,pscratch-ffff8bacc74f9800,0,0,185687946750,115662847378,0,0,18528,0,0,0,0,0,0,0,0,0,0,0,0,0,0,0,0,0,0,0,0,0,0,0,0,2364,0,0,0
1744062332.002009,600038,21131154,0,nscratch,nscratch-ffff8bace051d000,0,0,14957600,43909601,0,0,189,0,0,0,0,0,0,0,0,0,0,0,0,0,0,0,0,0,0,0,0,0,0,0,0,169,0,0,0
1744062332.002084,600038,21131154,0,pscratch,pscratch-ffff8bacc74f9800,0,0,185687946750,115662847378,0,0,18528,0,0,0,0,0,0,0,0,0,0,0,0,0,0,0,0,0,0,0,0,0,0,0,0,2364,0,0,0
1744062333.001343,600038,21131154,0,nscratch,nscratch-ffff8bace051d000,0,0,14957600,43909601,0,0,189,0,0,0,0,0,0,0,0,0,0,0,0,0,0,0,0,0,0,0,0,0,0,0,0,169,0,0,0
1744062333.001521,600038,21131154,0,pscratch,pscratch-ffff8bacc74f9800,0,0,185687946750,115662847378,0,0,18528,0,0,0,0,0,0,0,0,0,0,0,0,0,0,0,0,0,0,0,0,0,0,0,0,2364,0,0,0
1744062334.002004,600038,21131154,0,nscratch,nscratch-ffff8bace051d000,0,0,14957600,43909601,0,0,189,0,0,0,0,0,0,0,0,0,0,0,0,0,0,0,0,0,0,0,0,0,0,0,0,169,0,0,0
1744062334.002086,600038,21131154,0,pscratch,pscratch-ffff8bacc74f9800,0,0,185687946750,115662847378,0,0,18528,0,0,0,0,0,0,0,0,0,0,0,0,0,0,0,0,0,0,0,0,0,0,0,0,2364,0,0,0
1744062335.001423,600038,21131154,0,nscratch,nscratch-ffff8bace051d000,0,0,14957600,43909601,0,0,189,0,0,0,0,0,0,0,0,0,0,0,0,0,0,0,0,0,0,0,0,0,0,0,0,169,0,0,0
1744062335.001537,600038,21131154,0,pscratch,pscratch-ffff8bacc74f9800,0,0,185687946750,115662847378,0,0,18528,0,0,0,0,0,0,0,0,0,0,0,0,0,0,0,0,0,0,0,0,0,0,0,0,2364,0,0,0
1744062336.001722,600038,21131154,0,nscratch,nscratch-ffff8bace051d000,0,0,14957600,43909601,0,0,189,0,0,0,0,0,0,0,0,0,0,0,0,0,0,0,0,0,0,0,0,0,0,0,0,169,0,0,0
1744062336.001802,600038,21131154,0,pscratch,pscratch-ffff8bacc74f9800,0,0,185687946750,115662847378,0,0,18528,0,0,0,0,0,0,0,0,0,0,0,0,0,0,0,0,0,0,0,0,0,0,0,0,2364,0,0,0
1744062337.002181,600038,21131154,0,nscratch,nscratch-ffff8bace051d000,0,0,14957600,43909601,0,0,189,0,0,0,0,0,0,0,0,0,0,0,0,0,0,0,0,0,0,0,0,0,0,0,0,169,0,0,0
1744062337.002274,600038,21131154,0,pscratch,pscratch-ffff8bacc74f9800,0,0,185687946750,115662847378,0,0,18528,0,0,0,0,0,0,0,0,0,0,0,0,0,0,0,0,0,0,0,0,0,0,0,0,2364,0,0,0
1744062338.001551,600038,21131154,0,nscratch,nscratch-ffff8bace051d000,0,0,14957600,43909601,0,0,189,0,0,0,0,0,0,0,0,0,0,0,0,0,0,0,0,0,0,0,0,0,0,0,0,169,0,0,0
1744062338.001628,600038,21131154,0,pscratch,pscratch-ffff8bacc74f9800,0,0,185687946750,115662847378,0,0,18528,0,0,0,0,0,0,0,0,0,0,0,0,0,0,0,0,0,0,0,0,0,0,0,0,2364,0,0,0
1744062339.001796,600038,21131154,0,nscratch,nscratch-ffff8bace051d000,0,0,14957600,43909601,0,0,189,0,0,0,0,0,0,0,0,0,0,0,0,0,0,0,0,0,0,0,0,0,0,0,0,169,0,0,0
1744062339.001885,600038,21131154,0,pscratch,pscratch-ffff8bacc74f9800,0,0,185687946750,115662847378,0,0,18528,0,0,0,0,0,0,0,0,0,0,0,0,0,0,0,0,0,0,0,0,0,0,0,0,2364,0,0,0
1744062340.001266,600038,21131154,0,nscratch,nscratch-ffff8bace051d000,0,0,14957600,43909601,0,0,189,0,0,0,0,0,0,0,0,0,0,0,0,0,0,0,0,0,0,0,0,0,0,0,0,169,0,0,0
1744062340.001342,600038,21131154,0,pscratch,pscratch-ffff8bacc74f9800,0,0,185687946750,115662847378,0,0,18528,0,0,0,0,0,0,0,0,0,0,0,0,0,0,0,0,0,0,0,0,0,0,0,0,2364,0,0,0
1744062341.001651,600038,21131154,0,nscratch,nscratch-ffff8bace051d000,0,0,14957600,43909601,0,0,189,0,0,0,0,0,0,0,0,0,0,0,0,0,0,0,0,0,0,0,0,0,0,0,0,169,0,0,0
1744062341.001724,600038,21131154,0,pscratch,pscratch-ffff8bacc74f9800,0,0,185687946750,115662847378,0,0,18528,0,0,0,0,0,0,0,0,0,0,0,0,0,0,0,0,0,0,0,0,0,0,0,0,2364,0,0,0
1744062342.001861,600038,21131154,0,nscratch,nscratch-ffff8bace051d000,0,0,14957600,43909601,0,0,189,0,0,0,0,0,0,0,0,0,0,0,0,0,0,0,0,0,0,0,0,0,0,0,0,169,0,0,0
1744062342.001971,600038,21131154,0,pscratch,pscratch-ffff8bacc74f9800,0,0,185687946750,115662847378,0,0,18528,0,0,0,0,0,0,0,0,0,0,0,0,0,0,0,0,0,0,0,0,0,0,0,0,2364,0,0,0
1744062343.001396,600038,21131154,0,nscratch,nscratch-ffff8bace051d000,0,0,14957600,43909601,0,0,189,0,0,0,0,0,0,0,0,0,0,0,0,0,0,0,0,0,0,0,0,0,0,0,0,169,0,0,0
1744062343.001470,600038,21131154,0,pscratch,pscratch-ffff8bacc74f9800,0,0,185687946750,115662847378,0,0,18528,0,0,0,0,0,0,0,0,0,0,0,0,0,0,0,0,0,0,0,0,0,0,0,0,2364,0,0,0
1744062344.002008,600038,21131154,0,nscratch,nscratch-ffff8bace051d000,0,0,14957600,43909601,0,0,189,0,0,0,0,0,0,0,0,0,0,0,0,0,0,0,0,0,0,0,0,0,0,0,0,169,0,0,0
1744062344.002091,600038,21131154,0,pscratch,pscratch-ffff8bacc74f9800,0,0,185687946750,115662847378,0,0,18528,0,0,0,0,0,0,0,0,0,0,0,0,0,0,0,0,0,0,0,0,0,0,0,0,2364,0,0,0
1744062345.001253,600038,21131154,0,nscratch,nscratch-ffff8bace051d000,0,0,14957600,43909601,0,0,189,0,0,0,0,0,0,0,0,0,0,0,0,0,0,0,0,0,0,0,0,0,0,0,0,169,0,0,0
1744062345.001345,600038,21131154,0,pscratch,pscratch-ffff8bacc74f9800,0,0,185687946750,115662847378,0,0,18528,0,0,0,0,0,0,0,0,0,0,0,0,0,0,0,0,0,0,0,0,0,0,0,0,2364,0,0,0
1744062346.001802,600038,21131154,0,nscratch,nscratch-ffff8bace051d000,0,0,14957600,43909601,0,0,189,0,0,0,0,0,0,0,0,0,0,0,0,0,0,0,0,0,0,0,0,0,0,0,0,169,0,0,0
1744062346.001927,600038,21131154,0,pscratch,pscratch-ffff8bacc74f9800,0,0,185687946750,115662847378,0,0,18528,0,0,0,0,0,0,0,0,0,0,0,0,0,0,0,0,0,0,0,0,0,0,0,0,2364,0,0,0
1744062347.002230,600038,21131154,0,nscratch,nscratch-ffff8bace051d000,0,0,14957600,43909601,0,0,189,0,0,0,0,0,0,0,0,0,0,0,0,0,0,0,0,0,0,0,0,0,0,0,0,169,0,0,0
1744062347.002309,600038,21131154,0,pscratch,pscratch-ffff8bacc74f9800,0,0,185687946750,115662847378,0,0,18528,0,0,0,0,0,0,0,0,0,0,0,0,0,0,0,0,0,0,0,0,0,0,0,0,2364,0,0,0
1744062348.001125,600038,21131154,0,nscratch,nscratch-ffff8bace051d000,0,0,14957600,43909601,0,0,189,0,0,0,0,0,0,0,0,0,0,0,0,0,0,0,0,0,0,0,0,0,0,0,0,169,0,0,0
1744062348.001264,600038,21131154,0,pscratch,pscratch-ffff8bacc74f9800,0,0,185687946750,115662847378,0,0,18528,0,0,0,0,0,0,0,0,0,0,0,0,0,0,0,0,0,0,0,0,0,0,0,0,2364,0,0,0
1744062349.001773,600038,21131154,0,nscratch,nscratch-ffff8bace051d000,0,0,14957600,43909601,0,0,189,0,0,0,0,0,0,0,0,0,0,0,0,0,0,0,0,0,0,0,0,0,0,0,0,169,0,0,0
1744062349.001859,600038,21131154,0,pscratch,pscratch-ffff8bacc74f9800,0,0,185687946750,115662847378,0,0,18528,0,0,0,0,0,0,0,0,0,0,0,0,0,0,0,0,0,0,0,0,0,0,0,0,2364,0,0,0
1744062350.002220,600038,21131154,0,nscratch,nscratch-ffff8bace051d000,0,0,14957600,43909601,0,0,189,0,0,0,0,0,0,0,0,0,0,0,0,0,0,0,0,0,0,0,0,0,0,0,0,169,0,0,0
1744062350.002369,600038,21131154,0,pscratch,pscratch-ffff8bacc74f9800,0,0,185687946750,115662847378,0,0,18528,0,0,0,0,0,0,0,0,0,0,0,0,0,0,0,0,0,0,0,0,0,0,0,0,2364,0,0,0
1744062351.001514,600038,21131154,0,nscratch,nscratch-ffff8bace051d000,0,0,14957600,43909601,0,0,189,0,0,0,0,0,0,0,0,0,0,0,0,0,0,0,0,0,0,0,0,0,0,0,0,169,0,0,0
1744062351.001635,600038,21131154,0,pscratch,pscratch-ffff8bacc74f9800,0,0,185687946750,115662847378,0,0,18528,0,0,0,0,0,0,0,0,0,0,0,0,0,0,0,0,0,0,0,0,0,0,0,0,2364,0,0,0
1744062352.002116,600038,21131154,0,nscratch,nscratch-ffff8bace051d000,0,0,14957600,43909601,0,0,189,0,0,0,0,0,0,0,0,0,0,0,0,0,0,0,0,0,0,0,0,0,0,0,0,169,0,0,0
1744062352.002197,600038,21131154,0,pscratch,pscratch-ffff8bacc74f9800,0,0,185687946750,115662847378,0,0,18528,0,0,0,0,0,0,0,0,0,0,0,0,0,0,0,0,0,0,0,0,0,0,0,0,2364,0,0,0
1744062353.001724,600038,21131154,0,nscratch,nscratch-ffff8bace051d000,0,0,14957600,43909601,0,0,189,0,0,0,0,0,0,0,0,0,0,0,0,0,0,0,0,0,0,0,0,0,0,0,0,169,0,0,0
1744062353.001845,600038,21131154,0,pscratch,pscratch-ffff8bacc74f9800,0,0,185687946750,115662847378,0,0,18528,0,0,0,0,0,0,0,0,0,0,0,0,0,0,0,0,0,0,0,0,0,0,0,0,2364,0,0,0
1744062354.002039,600038,21131154,0,nscratch,nscratch-ffff8bace051d000,0,0,14957600,43909601,0,0,189,0,0,0,0,0,0,0,0,0,0,0,0,0,0,0,0,0,0,0,0,0,0,0,0,169,0,0,0
1744062354.002124,600038,21131154,0,pscratch,pscratch-ffff8bacc74f9800,0,0,185687946750,115662847378,0,0,18528,0,0,0,0,0,0,0,0,0,0,0,0,0,0,0,0,0,0,0,0,0,0,0,0,2364,0,0,0
1744062355.001672,600038,21131154,0,nscratch,nscratch-ffff8bace051d000,0,0,14957600,43909601,0,0,189,0,0,0,0,0,0,0,0,0,0,0,0,0,0,0,0,0,0,0,0,0,0,0,0,169,0,0,0
1744062355.001773,600038,21131154,0,pscratch,pscratch-ffff8bacc74f9800,0,0,185687946750,115662847378,0,0,18528,0,0,0,0,0,0,0,0,0,0,0,0,0,0,0,0,0,0,0,0,0,0,0,0,2364,0,0,0
1744062356.002157,600038,21131154,0,nscratch,nscratch-ffff8bace051d000,0,0,14957600,43909601,0,0,189,0,0,0,0,0,0,0,0,0,0,0,0,0,0,0,0,0,0,0,0,0,0,0,0,169,0,0,0
1744062356.002238,600038,21131154,0,pscratch,pscratch-ffff8bacc74f9800,0,0,185687946750,115662847378,0,0,18528,0,0,0,0,0,0,0,0,0,0,0,0,0,0,0,0,0,0,0,0,0,0,0,0,2364,0,0,0
1744062357.001488,600038,21131154,0,nscratch,nscratch-ffff8bace051d000,0,0,14957600,43909601,0,0,189,0,0,0,0,0,0,0,0,0,0,0,0,0,0,0,0,0,0,0,0,0,0,0,0,169,0,0,0
1744062357.001573,600038,21131154,0,pscratch,pscratch-ffff8bacc74f9800,0,0,185687946750,115662847378,0,0,18528,0,0,0,0,0,0,0,0,0,0,0,0,0,0,0,0,0,0,0,0,0,0,0,0,2364,0,0,0
1744062358.002020,600038,21131154,0,nscratch,nscratch-ffff8bace051d000,0,0,14957600,43909601,0,0,189,0,0,0,0,0,0,0,0,0,0,0,0,0,0,0,0,0,0,0,0,0,0,0,0,169,0,0,0
1744062358.002124,600038,21131154,0,pscratch,pscratch-ffff8bacc74f9800,0,0,185687946750,115662847378,0,0,18528,0,0,0,0,0,0,0,0,0,0,0,0,0,0,0,0,0,0,0,0,0,0,0,0,2364,0,0,0
1744062359.001427,600038,21131154,0,nscratch,nscratch-ffff8bace051d000,0,0,14957600,43909601,0,0,189,0,0,0,0,0,0,0,0,0,0,0,0,0,0,0,0,0,0,0,0,0,0,0,0,169,0,0,0
1744062359.001506,600038,21131154,0,pscratch,pscratch-ffff8bacc74f9800,0,0,185687946750,115662847378,0,0,18528,0,0,0,0,0,0,0,0,0,0,0,0,0,0,0,0,0,0,0,0,0,0,0,0,2364,0,0,0
1744062360.001665,600038,21131154,0,nscratch,nscratch-ffff8bace051d000,0,0,14957600,43909601,0,0,189,0,0,0,0,0,0,0,0,0,0,0,0,0,0,0,0,0,0,0,0,0,0,0,0,169,0,0,0
1744062360.001792,600038,21131154,0,pscratch,pscratch-ffff8bacc74f9800,0,0,185687946750,115662847378,0,0,18528,0,0,0,0,0,0,0,0,0,0,0,0,0,0,0,0,0,0,0,0,0,0,0,0,2364,0,0,0
1744062361.001636,600038,21131154,0,nscratch,nscratch-ffff8bace051d000,0,0,14957600,43909601,0,0,189,0,0,0,0,0,0,0,0,0,0,0,0,0,0,0,0,0,0,0,0,0,0,0,0,169,0,0,0
1744062361.001716,600038,21131154,0,pscratch,pscratch-ffff8bacc74f9800,0,0,185687946750,115662847378,0,0,18528,0,0,0,0,0,0,0,0,0,0,0,0,0,0,0,0,0,0,0,0,0,0,0,0,2364,0,0,0
1744062362.002041,600038,21131154,0,nscratch,nscratch-ffff8bace051d000,0,0,14957600,43909601,0,0,189,0,0,0,0,0,0,0,0,0,0,0,0,0,0,0,0,0,0,0,0,0,0,0,0,169,0,0,0
1744062362.002129,600038,21131154,0,pscratch,pscratch-ffff8bacc74f9800,0,0,185688175473,115663120527,0,0,18538,0,0,0,0,0,0,0,0,0,0,0,0,0,0,0,0,0,0,0,0,0,0,0,0,2366,0,0,0
1744062363.001016,600038,21131154,0,nscratch,nscratch-ffff8bace051d000,0,0,14957600,43909601,0,0,189,0,0,0,0,0,0,0,0,0,0,0,0,0,0,0,0,0,0,0,0,0,0,0,0,169,0,0,0
1744062363.001102,600038,21131154,0,pscratch,pscratch-ffff8bacc74f9800,0,0,185688175473,115663120527,0,0,18540,0,0,0,0,0,0,0,0,0,0,0,0,0,0,0,0,0,0,0,0,0,0,0,0,2366,0,0,0
1744062364.001398,600038,21131154,0,nscratch,nscratch-ffff8bace051d000,0,0,14957600,43909601,0,0,189,0,0,0,0,0,0,0,0,0,0,0,0,0,0,0,0,0,0,0,0,0,0,0,0,169,0,0,0
1744062364.001535,600038,21131154,0,pscratch,pscratch-ffff8bacc74f9800,0,0,185688175473,115663120527,0,0,18540,0,0,0,0,0,0,0,0,0,0,0,0,0,0,0,0,0,0,0,0,0,0,0,0,2366,0,0,0
1744062365.002019,600038,21131154,0,nscratch,nscratch-ffff8bace051d000,0,0,14957600,43909601,0,0,189,0,0,0,0,0,0,0,0,0,0,0,0,0,0,0,0,0,0,0,0,0,0,0,0,169,0,0,0
1744062365.002126,600038,21131154,0,pscratch,pscratch-ffff8bacc74f9800,0,0,185688175473,115663120527,0,0,18540,0,0,0,0,0,0,0,0,0,0,0,0,0,0,0,0,0,0,0,0,0,0,0,0,2366,0,0,0
1744062366.001367,600038,21131154,0,nscratch,nscratch-ffff8bace051d000,0,0,14957600,43909601,0,0,189,0,0,0,0,0,0,0,0,0,0,0,0,0,0,0,0,0,0,0,0,0,0,0,0,169,0,0,0
1744062366.001474,600038,21131154,0,pscratch,pscratch-ffff8bacc74f9800,0,0,185688175473,115663120527,0,0,18540,0,0,0,0,0,0,0,0,0,0,0,0,0,0,0,0,0,0,0,0,0,0,0,0,2366,0,0,0
1744062367.002028,600038,21131154,0,nscratch,nscratch-ffff8bace051d000,0,0,14957600,43909601,0,0,189,0,0,0,0,0,0,0,0,0,0,0,0,0,0,0,0,0,0,0,0,0,0,0,0,169,0,0,0
1744062367.002144,600038,21131154,0,pscratch,pscratch-ffff8bacc74f9800,0,0,185688175473,115663120527,0,0,18540,0,0,0,0,0,0,0,0,0,0,0,0,0,0,0,0,0,0,0,0,0,0,0,0,2366,0,0,0
1744062368.001553,600038,21131154,0,nscratch,nscratch-ffff8bace051d000,0,0,14957600,43909601,0,0,189,0,0,0,0,0,0,0,0,0,0,0,0,0,0,0,0,0,0,0,0,0,0,0,0,169,0,0,0
1744062368.001633,600038,21131154,0,pscratch,pscratch-ffff8bacc74f9800,0,0,185688175473,115663120527,0,0,18540,0,0,0,0,0,0,0,0,0,0,0,0,0,0,0,0,0,0,0,0,0,0,0,0,2366,0,0,0
1744062369.001875,600038,21131154,0,nscratch,nscratch-ffff8bace051d000,0,0,14957600,43909601,0,0,189,0,0,0,0,0,0,0,0,0,0,0,0,0,0,0,0,0,0,0,0,0,0,0,0,169,0,0,0
1744062369.001963,600038,21131154,0,pscratch,pscratch-ffff8bacc74f9800,0,0,185688175473,115663120527,0,0,18540,0,0,0,0,0,0,0,0,0,0,0,0,0,0,0,0,0,0,0,0,0,0,0,0,2366,0,0,0
1744062370.001354,600038,21131154,0,nscratch,nscratch-ffff8bace051d000,0,0,14957600,43909601,0,0,189,0,0,0,0,0,0,0,0,0,0,0,0,0,0,0,0,0,0,0,0,0,0,0,0,169,0,0,0
1744062370.001434,600038,21131154,0,pscratch,pscratch-ffff8bacc74f9800,0,0,185688175473,115663120527,0,0,18540,0,0,0,0,0,0,0,0,0,0,0,0,0,0,0,0,0,0,0,0,0,0,0,0,2366,0,0,0
