timestamp,component_id,job_id,app_id,MemTotal,MemFree,MemAvailable,Buffers,Cached,SwapCached,Active,Inactive,Active(anon),Inactive(anon),Active(file),Inactive(file),Unevictable,Mlocked,SwapTotal,SwapFree,Dirty,Writeback,AnonPages,Mapped,Shmem,KReclaimable,Slab,SReclaimable,SUnreclaim,KernelStack,PageTables,NFS_Unstable,Bounce,WritebackTmp,CommitLimit,Committed_AS,VmallocTotal,VmallocUsed,VmallocChunk,Percpu,HardwareCorrupted,AnonHugePages,ShmemHugePages,ShmemPmdMapped,FileHugePages,FilePmdMapped,HugePages_Total,HugePages_Free,HugePages_Rsvd,HugePages_Surp,Hugepagesize,Hugetlb,DirectMap4k,DirectMap2M,DirectMap1G
1743620471.001862,600855,21068471,0,131892268,127912696,127409684,0,234592,0,76200,1012900,25540,935316,50660,77584,1048576,1048576,0,0,0,0,1903352,298232,106284,103292,707408,103292,604116,25936,12520,0,0,0,65946132,4149160,34359738367,535240,0,62720,0,1126400,0,0,0,0,0,0,0,0,2048,0,488720,42405888,93323264
1743620472.001697,600855,21068471,0,131892268,127900704,127401044,0,241084,0,76272,1024576,25540,940552,50732,84024,1048576,1048576,0,0,0,0,1908588,299880,106284,103484,707672,103484,604188,25936,12536,0,0,0,65946132,4156368,34359738367,535240,0,62720,0,1126400,0,0,0,0,0,0,0,0,2048,0,488720,42405888,93323264
1743620473.001384,600855,21068471,0,131892268,127885308,127389308,0,248216,0,76384,1039148,25540,948072,50844,91076,1048576,1048576,0,0,0,0,1916116,302936,106284,103648,707796,103648,604148,25936,12552,0,0,0,65946132,4164236,34359738367,535240,0,62720,0,1126400,0,0,0,0,0,0,0,0,2048,0,488720,42405888,93323264
1743620474.001479,600855,21068471,0,131892268,127866496,127374764,0,256600,0,76708,1057472,25540,958376,51168,99096,1048576,1048576,0,0,0,0,1926924,305784,106284,103840,708060,103840,604220,25936,12600,0,0,0,65946132,4171884,34359738367,535240,0,62720,0,1126400,0,0,0,0,0,0,0,0,2048,0,488720,42405888,93323264
1743620475.002225,600855,21068471,0,131892268,127849972,127361116,0,262228,0,76712,1074448,25540,969704,51172,104744,1048576,1048576,0,0,4,0,1937748,306232,106284,103936,708188,103936,604252,25936,12632,0,0,0,65946132,4203164,34359738367,535240,0,62720,0,1126400,0,0,0,0,0,0,0,0,2048,0,488720,42405888,93323264
1743620476.001346,600855,21068471,0,131892268,127826524,127347880,0,283100,0,77180,1096544,25572,971848,51608,124696,1048576,1048576,0,0,4,8,1939908,307224,106288,103972,708364,103972,604392,25952,12788,0,0,0,65946132,4185912,34359738367,535240,0,62720,0,1126400,0,0,0,0,0,0,0,0,2048,0,488720,42405888,93323264
1743620477.002023,600855,21068471,0,131892268,127739276,127277752,0,316260,0,77668,1171836,25928,1013868,51740,157968,1048576,1048576,0,0,4,8,1982792,325832,106476,104804,709944,104804,605140,26128,18772,0,0,0,65946132,4286116,34359738367,535832,0,62720,0,1126400,0,0,0,0,0,0,0,0,2048,0,488720,42405888,93323264
1743620478.001164,600855,21068471,0,131892268,127703652,127256712,0,345820,0,78408,1208112,26076,1021564,52332,186548,1048576,1048576,0,0,0,0,1990004,344044,106504,104804,709424,104804,604620,26272,21876,0,0,0,65946132,4286116,34359738367,535832,0,62720,0,1126400,0,0,0,0,0,0,0,0,2048,0,488720,42405888,93323264
1743620479.001913,600855,21068471,0,131892268,127677200,127241792,0,368752,0,78408,1234512,26076,1024900,52332,209612,1048576,1048576,0,0,0,0,1993524,359044,106516,104804,709420,104804,604616,26304,23176,0,0,0,65946132,4286116,34359738367,535864,0,62720,0,1126400,0,0,0,0,0,0,0,0,2048,0,488720,42405888,93323264
1743620480.001991,600855,21068471,0,131892268,127658364,127230820,0,384592,0,78408,1252500,26076,1027164,52332,225336,1048576,1048576,0,0,0,0,1995616,370176,106516,104804,709424,104804,604620,26304,23892,0,0,0,65946132,4293328,34359738367,535864,0,62720,0,1126400,0,0,0,0,0,0,0,0,2048,0,488720,42405888,93323264
1743620481.001772,600855,21068471,0,131892268,127582268,127163268,0,410600,0,78500,1320244,26076,1077908,52424,242336,1048576,1048576,0,0,0,0,2038540,391048,114604,104804,709512,104804,604708,26576,26504,0,0,0,65946132,4423476,34359738367,536024,0,62720,0,1126400,0,0,0,0,0,0,0,0,2048,0,488720,42405888,93323264
1743620482.002325,600855,21068471,0,131892268,126802508,126393492,0,497776,0,80340,1945808,26156,1685300,54184,260508,1048576,1048576,0,0,76,0,2577784,471824,182976,104836,715792,104836,610956,27840,36484,0,0,0,65946132,5368916,34359738367,537048,0,62720,0,1126400,0,0,0,0,0,0,0,0,2048,0,488720,42405888,93323264
1743620483.001393,600855,21068471,0,131892268,126539480,126135264,0,508660,0,84420,2203704,30116,1933716,54304,269988,1048576,1048576,0,0,2072,0,2832092,481440,183988,104836,715832,104836,610996,27856,38204,0,0,0,65946132,5588236,34359738367,537064,0,62720,0,1126400,0,0,0,0,0,0,0,0,2048,0,488720,42405888,93323264
1743620484.001916,600855,21068471,0,131892268,126456136,126055508,0,515528,0,94316,2274648,40016,1997480,54300,277168,1048576,1048576,0,0,2104,0,2908344,489088,183980,104836,715832,104836,610996,27856,38672,0,0,0,65946132,5700564,34359738367,537064,0,62720,0,1126400,0,0,0,0,0,0,0,0,2048,0,488720,42405888,93323264
1743620485.001471,600855,21068471,0,131892268,126373816,125973672,0,516532,0,108276,2344724,53984,2066576,54292,278148,1048576,1048576,0,0,2104,0,2989648,489992,183980,104836,715832,104836,610996,27856,38708,0,0,0,65946132,5784428,34359738367,537064,0,62720,0,1126400,0,0,0,0,0,0,0,0,2048,0,488720,42405888,93323264
1743620486.001541,600855,21068471,0,131892268,125986988,125590736,0,524320,0,128816,2713868,74524,2427936,54292,285932,1048576,1048576,0,0,2104,0,3367664,497120,183980,104836,715832,104836,610996,27856,40092,0,0,0,65946132,6495148,34359738367,537064,0,62720,0,1126400,0,0,0,0,0,0,0,0,2048,0,488720,42405888,93323264
1743620487.001977,600855,21068471,0,131892268,125586512,125193284,0,530352,0,132728,3110252,78436,2818272,54292,291980,1048576,1048576,0,0,2108,0,3762004,502408,183980,104836,715836,104836,611000,27856,40952,0,0,0,65946132,6912344,34359738367,537064,0,62720,0,1126400,0,0,0,0,0,0,0,0,2048,0,488720,42405888,93323264
1743620488.001348,600855,21068471,0,131892268,125572640,125181144,0,534040,0,137544,3118800,83252,2823360,54292,295440,1048576,1048576,0,0,108,0,3771544,505772,183980,104836,715860,104836,611024,27856,41040,0,0,0,65946132,6921828,34359738367,537064,0,62720,0,1126400,0,0,0,0,0,0,0,0,2048,0,488720,42405888,93323264
1743620489.001469,600855,21068471,0,131892268,125572804,125181352,0,534252,0,137552,3118912,83252,2823392,54300,295520,1048576,1048576,0,0,240,0,3771544,505836,184044,104836,715868,104836,611032,27856,41040,0,0,0,65946132,6921828,34359738367,537064,0,62720,0,1126400,0,0,0,0,0,0,0,0,2048,0,488720,42405888,93323264
1743620490.001870,600855,21068471,0,131892268,125572824,125181400,0,534328,0,137552,3118972,83252,2823392,54300,295580,1048576,1048576,0,0,304,0,3771544,505836,184044,104836,715876,104836,611040,27856,41040,0,0,0,65946132,6921828,34359738367,537064,0,62720,0,1126400,0,0,0,0,0,0,0,0,2048,0,488720,42405888,93323264
1743620491.001633,600855,21068471,0,131892268,125572788,125181456,0,534520,0,137552,3119152,83252,2823392,54300,295760,1048576,1048576,0,0,476,0,3771544,505836,184044,104836,715876,104836,611040,27856,41040,0,0,0,65946132,6921828,34359738367,537064,0,62720,0,1126400,0,0,0,0,0,0,0,0,2048,0,488720,42405888,93323264
1743620492.001752,600855,21068471,0,131892268,125572904,125181600,0,534656,0,137552,3119212,83252,2823392,54300,295820,1048576,1048576,0,0,592,0,3771544,505840,184048,104836,715876,104836,611040,27856,41040,0,0,0,65946132,6921828,34359738367,537064,0,62720,0,1126400,0,0,0,0,0,0,0,0,2048,0,488720,42405888,93323264
1743620493.001350,600855,21068471,0,131892268,125572876,125181668,0,534884,0,137552,3119464,83252,2823452,54300,296012,1048576,1048576,0,0,96,0,3771544,505900,184108,104836,715876,104836,611040,27856,41040,0,0,0,65946132,6921828,34359738367,537064,0,62720,0,1126400,0,0,0,0,0,0,0,0,2048,0,488720,42405888,93323264
1743620494.001469,600855,21068471,0,131892268,125036932,124646520,0,536504,0,137616,3654260,83284,3356688,54332,297572,1048576,1048576,0,0,152,0,4305984,507452,184108,104836,715880,104836,611044,27856,41052,0,0,0,65946132,7231544,34359738367,537064,0,62720,0,1126400,0,0,0,0,0,0,0,0,2048,0,488720,42405888,93323264
1743620495.001995,600855,21068471,0,131892268,124994504,124605488,0,539560,0,138204,3697260,83872,3396900,54332,300360,1048576,1048576,0,0,1348,0,4344940,509496,184648,104836,715880,104836,611044,27856,41888,0,0,0,65946132,7243948,34359738367,537064,0,62720,0,1126400,0,0,0,0,0,0,0,0,2048,0,488720,42405888,93323264
1743620496.002065,600855,21068471,0,131892268,124993076,124604612,0,541172,0,138212,3698964,83880,3397496,54332,301468,1048576,1048576,0,0,2352,4,4344940,510060,185224,104836,716008,104836,611172,27856,41888,0,0,0,65946132,7243992,34359738367,537064,0,62720,0,1126400,0,0,0,0,0,0,0,0,2048,0,488720,42405888,93323264
1743620497.001676,600855,21068471,0,131892268,124991488,124603600,0,542820,0,138252,3700600,83916,3397984,54336,302616,1048576,1048576,0,0,3444,0,4344940,510580,185748,104836,716088,104836,611252,27856,41888,0,0,0,65946132,7243672,34359738367,537064,0,62720,0,1126400,0,0,0,0,0,0,0,0,2048,0,488720,42405888,93323264
1743620498.001752,600855,21068471,0,131892268,124989844,124602500,0,544452,0,138296,3702124,83960,3398424,54336,303700,1048576,1048576,0,0,672,0,4344940,511084,186232,104836,716228,104836,611392,27840,41888,0,0,0,65946132,7279068,34359738367,537064,0,62720,0,1126400,0,0,0,0,0,0,0,0,2048,0,488720,42405888,93323264
1743620499.001386,600855,21068471,0,131892268,124988640,124601940,0,546216,0,138356,3703960,84020,3398968,54336,304992,1048576,1048576,0,0,1824,0,4344940,511648,186804,104836,716080,104836,611244,27840,41888,0,0,0,65946132,7246468,34359738367,537064,0,62720,0,1126400,0,0,0,0,0,0,0,0,2048,0,488720,42405888,93323264
1743620500.001452,600855,21068471,0,131892268,124850248,124464360,0,547888,0,140348,3837036,86004,3530432,54344,306604,1048576,1048576,0,0,3016,0,4480280,512396,187120,104840,716192,104840,611352,27840,41896,0,0,0,65946132,7373664,34359738367,537064,0,62720,0,1126400,0,0,0,0,0,0,0,0,2048,0,488720,42405888,93323264
1743620501.001596,600855,21068471,0,131892268,124603148,124217788,0,549312,0,150700,4073104,96356,3765444,54344,307660,1048576,1048576,0,0,4148,0,4726164,512644,187132,104840,716124,104840,611284,27840,42572,0,0,0,65946132,7604664,34359738367,537064,0,62720,0,1126400,0,0,0,0,0,0,0,0,2048,0,488720,42405888,93323264
1743620502.002120,600855,21068471,0,131892268,123443488,123059572,0,552052,0,159792,5223808,105456,4913252,54336,310556,1048576,1048576,0,0,5196,0,5880580,514528,187016,104840,716184,104840,611344,27840,44972,0,0,0,65946132,8848380,34359738367,537064,0,62720,0,1126400,0,0,0,0,0,0,0,0,2048,0,488720,42405888,93323264
1743620503.001250,600855,21068471,0,131892268,123245336,122889932,0,609300,0,167372,5409032,105712,5048776,61660,360256,1048576,1048576,0,0,12,5664,6016704,516480,187016,104840,716240,104840,611400,27872,45316,0,0,0,65946132,9011416,34359738367,537096,0,62720,0,1126400,0,0,0,0,0,0,0,0,2048,0,488720,42405888,93323264
1743620504.001839,600855,21068471,0,131892268,123197740,122842552,0,609728,0,168576,5461580,106652,5101156,61924,360424,1048576,1048576,0,0,52,0,6070084,516632,187016,104840,715504,104840,610664,27872,45424,0,0,0,65946132,9045004,34359738367,537096,0,62720,0,1126400,0,0,0,0,0,0,0,0,2048,0,488720,42405888,93323264
1743620505.002247,600855,21068471,0,131892268,123197288,122842100,0,609748,0,168576,5461652,106652,5101228,61924,360424,1048576,1048576,0,0,72,0,6070196,516632,187016,104840,715504,104840,610664,27872,45428,0,0,0,65946132,9045004,34359738367,537096,0,62720,0,1126400,0,0,0,0,0,0,0,0,2048,0,488720,42405888,93323264
1743620506.001337,600855,21068471,0,131892268,123197076,122842028,0,609992,0,170380,5460128,108300,5099580,62080,360548,1048576,1048576,0,0,112,0,6070196,516632,187016,104840,715504,104840,610664,27872,45428,0,0,0,65946132,9045004,34359738367,537096,0,62720,0,1126400,0,0,0,0,0,0,0,0,2048,0,488720,42405888,93323264
1743620507.001951,600855,21068471,0,131892268,123197112,122842064,0,610012,0,170380,5460128,108300,5099580,62080,360548,1048576,1048576,0,0,132,0,6070196,516632,187016,104840,715520,104840,610680,27872,45428,0,0,0,65946132,9045004,34359738367,537096,0,62720,0,1126400,0,0,0,0,0,0,0,0,2048,0,488720,42405888,93323264
1743620508.001446,600855,21068471,0,131892268,123196704,122841768,0,610236,0,170380,5460360,108300,5099584,62080,360776,1048576,1048576,0,0,148,0,6070208,516636,187020,104840,715520,104840,610680,27872,45432,0,0,0,65946132,9045004,34359738367,537096,0,62720,0,1126400,0,0,0,0,0,0,0,0,2048,0,488720,42405888,93323264
1743620509.001563,600855,21068471,0,131892268,123196860,122841956,0,610280,0,170492,5460308,108412,5099472,62080,360836,1048576,1048576,0,0,192,0,6070208,516636,187020,104840,715528,104840,610688,27872,45432,0,0,0,65946132,9045004,34359738367,537096,0,62720,0,1126400,0,0,0,0,0,0,0,0,2048,0,488720,42405888,93323264
1743620510.002054,600855,21068471,0,131892268,123146948,122829268,0,658588,0,172964,5507124,108568,5100860,64396,406264,1048576,1048576,0,0,48956,0,6071240,516636,187020,104840,716200,104840,611360,27872,45436,0,0,0,65946132,9042932,34359738367,537096,0,62720,0,1126400,0,0,0,0,0,0,0,0,2048,0,488720,42405888,93323264
1743620511.001786,600855,21068471,0,131892268,123146728,122829352,0,658844,0,173072,5507320,108592,5100836,64480,406484,1048576,1048576,0,0,49008,0,6071240,516636,187020,104840,716212,104840,611372,27872,45436,0,0,0,65946132,9042932,34359738367,537096,0,62720,0,1126400,0,0,0,0,0,0,0,0,2048,0,488720,42405888,93323264
1743620512.001854,600855,21068471,0,131892268,123146708,122829332,0,658856,0,173072,5507320,108592,5100836,64480,406484,1048576,1048576,0,0,49020,0,6071240,516636,187020,104840,716212,104840,611372,27872,45436,0,0,0,65946132,9042932,34359738367,537096,0,62720,0,1126400,0,0,0,0,0,0,0,0,2048,0,488720,42405888,93323264
1743620513.001608,600855,21068471,0,131892268,123146780,122829404,0,658880,0,173072,5507320,108592,5100836,64480,406484,1048576,1048576,0,0,49044,0,6071240,516636,187020,104840,716148,104840,611308,27872,45436,0,0,0,65946132,9042932,34359738367,537096,0,62720,0,1126400,0,0,0,0,0,0,0,0,2048,0,488720,42405888,93323264
1743620514.001674,600855,21068471,0,131892268,123146528,122829440,0,659120,0,173436,5507240,108880,5100544,64556,406696,1048576,1048576,0,0,49080,0,6071240,516636,187020,104840,716152,104840,611312,27872,45436,0,0,0,65946132,9042932,34359738367,537096,0,62720,0,1126400,0,0,0,0,0,0,0,0,2048,0,488720,42405888,93323264
1743620515.001419,600855,21068471,0,131892268,123146500,122829412,0,659148,0,173436,5507240,108880,5100544,64556,406696,1048576,1048576,0,0,49108,0,6071240,516636,187020,104840,716152,104840,611312,27872,45436,0,0,0,65946132,9042932,34359738367,537096,0,62720,0,1126400,0,0,0,0,0,0,0,0,2048,0,488720,42405888,93323264
1743620516.001485,600855,21068471,0,131892268,123098984,122824156,0,702396,0,173616,5548292,108880,5099516,64736,448776,1048576,1048576,0,0,93488,0,6070208,516640,187024,104840,716328,104840,611488,27872,45432,0,0,0,65946132,9042240,34359738367,537096,0,62720,0,1126400,0,0,0,0,0,0,0,0,2048,0,488720,42405888,93323264
1743620517.002019,600855,21068471,0,131892268,123097556,122829224,0,707736,0,176340,5552076,109028,5099380,67312,452696,1048576,1048576,0,0,98064,0,6070244,516640,187024,104840,717324,104840,612484,27872,45436,0,0,0,65946132,9042240,34359738367,537096,0,62720,0,1126400,0,0,0,0,0,0,0,0,2048,0,488720,42405888,93323264
1743620518.001088,600855,21068471,0,131892268,123097556,122829264,0,707748,0,176340,5552136,109028,5099400,67312,452736,1048576,1048576,0,0,98076,0,6070268,516640,187024,104840,717324,104840,612484,27872,45436,0,0,0,65946132,9042240,34359738367,537096,0,62720,0,1126400,0,0,0,0,0,0,0,0,2048,0,488720,42405888,93323264
1743620519.001717,600855,21068471,0,131892268,123087436,122819144,0,707760,0,176340,5552136,109028,5099400,67312,452736,1048576,1048576,0,0,1488,27188,6070272,516640,187024,104840,718636,104840,613796,27872,45436,0,0,0,65946132,9042240,34359738367,537096,0,62720,0,1126400,0,0,0,0,0,0,0,0,2048,0,488720,42405888,93323264
1743620520.001794,600855,21068471,0,131892268,123098784,122830492,0,707772,0,176340,5552128,109028,5099392,67312,452736,1048576,1048576,0,0,1508,0,6070272,516640,187024,104840,715372,104840,610532,27872,45436,0,0,0,65946132,9042240,34359738367,537096,0,62720,0,1126400,0,0,0,0,0,0,0,0,2048,0,488720,42405888,93323264
1743620521.002211,600855,21068471,0,131892268,123098480,122830352,0,707804,0,176340,5552168,109028,5099396,67312,452772,1048576,1048576,0,0,1544,0,6070284,516640,187024,105096,715628,105096,610532,27872,45436,0,0,0,65946132,9042240,34359738367,537096,0,62720,0,1126400,0,0,0,0,0,0,0,0,2048,0,488720,42405888,93323264
1743620522.001701,600855,21068471,0,131892268,123098228,122830348,0,708032,0,177000,5551760,109552,5098876,67448,452884,1048576,1048576,0,0,1560,0,6070336,516640,187024,105096,715628,105096,610532,27872,45436,0,0,0,65946132,9042240,34359738367,537096,0,62720,0,1126400,0,0,0,0,0,0,0,0,2048,0,488720,42405888,93323264
1743620523.001789,600855,21068471,0,131892268,123098228,122830388,0,708040,0,177000,5551820,109552,5098896,67448,452924,1048576,1048576,0,0,1568,0,6070356,516640,187024,105096,715628,105096,610532,27872,45436,0,0,0,65946132,9042240,34359738367,537096,0,62720,0,1126400,0,0,0,0,0,0,0,0,2048,0,488720,42405888,93323264
1743620524.002162,600855,21068471,0,131892268,123098360,122830520,0,708044,0,177000,5551820,109552,5098896,67448,452924,1048576,1048576,0,0,52,0,6070356,516640,187024,105096,715512,105096,610416,27872,45436,0,0,0,65946132,9042240,34359738367,537096,0,62720,0,1126400,0,0,0,0,0,0,0,0,2048,0,488720,42405888,93323264
1743620525.001688,600855,21068471,0,131892268,123098276,122830436,0,708048,0,177000,5551880,109552,5098956,67448,452924,1048576,1048576,0,0,56,0,6070452,516640,187024,105096,715512,105096,610416,27872,45436,0,0,0,65946132,9042240,34359738367,537096,0,62720,0,1126400,0,0,0,0,0,0,0,0,2048,0,488720,42405888,93323264
1743620526.001788,600855,21068471,0,131892268,123098180,122830456,0,708060,0,177000,5552120,109552,5099080,67448,453040,1048576,1048576,0,0,68,0,6070572,516640,187024,105096,715512,105096,610416,27872,45436,0,0,0,65946132,9042240,34359738367,537096,0,62720,0,1126400,0,0,0,0,0,0,0,0,2048,0,488720,42405888,93323264
1743620527.001214,600855,21068471,0,131892268,123097880,122830392,0,708328,0,177244,5552236,109756,5099000,67488,453236,1048576,1048576,0,0,108,0,6070632,516652,187036,105096,715512,105096,610416,27872,45436,0,0,0,65946132,9042240,34359738367,537096,0,62720,0,1126400,0,0,0,0,0,0,0,0,2048,0,488720,42405888,93323264
1743620528.001784,600855,21068471,0,131892268,123097744,122830256,0,708336,0,177244,5552296,109756,5099060,67488,453236,1048576,1048576,0,0,116,0,6070756,516652,187036,105096,715512,105096,610416,27872,45436,0,0,0,65946132,9042240,34359738367,537096,0,62720,0,1126400,0,0,0,0,0,0,0,0,2048,0,488720,42405888,93323264
1743620529.001851,600855,21068471,0,131892268,123097520,122830032,0,708344,0,177244,5552356,109756,5099120,67488,453236,1048576,1048576,0,0,124,0,6070928,516652,187036,105096,715512,105096,610416,27872,45436,0,0,0,65946132,9042240,34359738367,537096,0,62720,0,1126400,0,0,0,0,0,0,0,0,2048,0,488720,42405888,93323264
1743620530.001353,600855,21068471,0,131892268,123047316,122827828,0,756644,0,179876,5598884,109904,5100132,69972,498752,1048576,1048576,0,0,48952,0,6071884,516652,187036,105096,716600,105096,611504,27872,45440,0,0,0,65946132,9048624,34359738367,537096,0,62720,0,1126400,0,0,0,0,0,0,0,0,2048,0,488720,42405888,93323264
1743620531.002156,600855,21068471,0,131892268,123047344,122827856,0,756644,0,179876,5598880,109904,5100128,69972,498752,1048576,1048576,0,0,48952,0,6071900,516652,187036,105096,716600,105096,611504,27872,45440,0,0,0,65946132,9048624,34359738367,537096,0,62720,0,1126400,0,0,0,0,0,0,0,0,2048,0,488720,42405888,93323264
1743620532.001272,600855,21068471,0,131892268,123047100,122827624,0,756656,0,179936,5599120,109948,5100372,69988,498748,1048576,1048576,0,0,48964,0,6072196,516652,187036,105096,716600,105096,611504,27872,45440,0,0,0,65946132,9048624,34359738367,537096,0,62720,0,1126400,0,0,0,0,0,0,0,0,2048,0,488720,42405888,93323264
1743620533.001909,600855,21068471,0,131892268,123046456,122827320,0,756928,0,180844,5598928,110756,5099940,70088,498988,1048576,1048576,0,0,49000,0,6072580,516672,187056,105096,716608,105096,611512,27872,45440,0,0,0,65946132,9048624,34359738367,537096,0,62720,0,1126400,0,0,0,0,0,0,0,0,2048,0,488720,42405888,93323264
1743620534.001996,600855,21068471,0,131892268,123046428,122827292,0,756948,0,180844,5598928,110756,5099940,70088,498988,1048576,1048576,0,0,49020,0,6072600,516672,187056,105096,716608,105096,611512,27872,45440,0,0,0,65946132,9048624,34359738367,537096,0,62720,0,1126400,0,0,0,0,0,0,0,0,2048,0,488720,42405888,93323264
1743620535.001655,600855,21068471,0,131892268,123046036,122826900,0,756952,0,180964,5599228,110824,5100292,70140,498936,1048576,1048576,0,0,49024,0,6073020,516672,187056,105096,716608,105096,611512,27872,45440,0,0,0,65946132,9048624,34359738367,537096,0,62720,0,1126400,0,0,0,0,0,0,0,0,2048,0,488720,42405888,93323264
1743620536.001747,600855,21068471,0,131892268,123045504,122826420,0,756964,0,180964,5599768,110824,5100780,70140,498988,1048576,1048576,0,0,49036,0,6073540,516672,187056,105096,716608,105096,611512,27872,45440,0,0,0,65946132,9048624,34359738367,537096,0,62720,0,1126400,0,0,0,0,0,0,0,0,2048,0,488720,42405888,93323264
1743620537.001403,600855,21068471,0,131892268,123045336,122826252,0,756968,0,180964,5599888,110824,5100900,70140,498988,1048576,1048576,0,0,49040,0,6073676,516672,187056,105096,716608,105096,611512,27872,45440,0,0,0,65946132,9048624,34359738367,537096,0,62720,0,1126400,0,0,0,0,0,0,0,0,2048,0,488720,42405888,93323264
1743620538.001510,600855,21068471,0,131892268,123044804,122825760,0,756984,0,181024,5600428,110832,5101452,70192,498976,1048576,1048576,0,0,49056,0,6074224,516672,187056,105096,716608,105096,611512,27872,45440,0,0,0,65946132,9048624,34359738367,537096,0,62720,0,1126400,0,0,0,0,0,0,0,0,2048,0,488720,42405888,93323264
1743620539.002062,600855,21068471,0,131892268,123030500,122811896,0,757276,0,181732,5600772,111444,5101452,70288,499320,1048576,1048576,0,0,0,43460,6074888,516720,187104,105096,717936,105096,612840,27872,45440,0,0,0,65946132,9048624,34359738367,537096,0,62720,0,1126400,0,0,0,0,0,0,0,0,2048,0,488720,42405888,93323264
1743620540.001168,600855,21068471,0,131892268,123044380,122825776,0,757284,0,181732,5601072,111444,5101752,70288,499320,1048576,1048576,0,0,24,0,6075212,516720,187104,105096,715576,105096,610480,27872,45440,0,0,0,65946132,9048624,34359738367,537096,0,62720,0,1126400,0,0,0,0,0,0,0,0,2048,0,488720,42405888,93323264
1743620541.002106,600855,21068471,0,131892268,123043960,122825356,0,757292,0,181852,5601492,111564,5102172,70288,499320,1048576,1048576,0,0,36,0,6075656,516720,187104,105096,715576,105096,610480,27872,45440,0,0,0,65946132,9048624,34359738367,537096,0,62720,0,1126400,0,0,0,0,0,0,0,0,2048,0,488720,42405888,93323264
1743620542.001611,600855,21068471,0,131892268,123043064,122824484,0,757308,0,182092,5602032,111776,5102716,70316,499316,1048576,1048576,0,0,52,0,6076556,516720,187104,105096,715576,105096,610480,27872,45440,0,0,0,65946132,9048624,34359738367,537096,0,62720,0,1126400,0,0,0,0,0,0,0,0,2048,0,488720,42405888,93323264
1743620543.001702,600855,21068471,0,131892268,123042420,122823840,0,757316,0,182092,5602632,111776,5103316,70316,499316,1048576,1048576,0,0,60,0,6077200,516720,187104,105096,715576,105096,610480,27872,45440,0,0,0,65946132,9048624,34359738367,537096,0,62720,0,1126400,0,0,0,0,0,0,0,0,2048,0,488720,42405888,93323264
1743620544.002023,600855,21068471,0,131892268,122991316,122815632,0,802352,0,183012,5644760,111952,5103292,71060,541468,1048576,1048576,0,0,45232,0,6077100,516720,187104,105096,716164,105096,611068,27872,45440,0,0,0,65946132,9048416,34359738367,537096,0,62720,0,1126400,0,0,0,0,0,0,0,0,2048,0,488720,42405888,93323264
1743620545.001507,600855,21068471,0,131892268,122991964,122821900,0,805928,0,185532,5648620,112356,5103648,73176,544972,1048576,1048576,0,0,48964,0,6077948,516732,187116,105096,716716,105096,611620,27872,45440,0,0,0,65946132,9048416,34359738367,537096,0,62720,0,1126400,0,0,0,0,0,0,0,0,2048,0,488720,42405888,93323264
1743620546.001601,600855,21068471,0,131892268,122991828,122821808,0,805936,0,185532,5648800,112356,5103784,73176,545016,1048576,1048576,0,0,48972,0,6078076,516732,187116,105096,716716,105096,611620,27872,45440,0,0,0,65946132,9048416,34359738367,537096,0,62720,0,1126400,0,0,0,0,0,0,0,0,2048,0,488720,42405888,93323264
1743620547.002064,600855,21068471,0,131892268,122990736,122820716,0,805948,0,185832,5649580,112652,5104568,73180,545012,1048576,1048576,0,0,48984,0,6079168,516732,187116,105096,716716,105096,611620,27872,45440,0,0,0,65946132,9048416,34359738367,537096,0,62720,0,1126400,0,0,0,0,0,0,0,0,2048,0,488720,42405888,93323264
1743620548.001549,600855,21068471,0,131892268,122989420,122819424,0,805960,0,186012,5650600,112800,5105596,73212,545004,1048576,1048576,0,0,48996,0,6080492,516732,187116,105096,716716,105096,611620,27872,45440,0,0,0,65946132,9048416,34359738367,537096,0,62720,0,1126400,0,0,0,0,0,0,0,0,2048,0,488720,42405888,93323264
1743620549.001664,600855,21068471,0,131892268,122988404,122818460,0,805964,0,186012,5651620,112800,5106564,73212,545056,1048576,1048576,0,0,49000,0,6081524,516732,187116,105096,716724,105096,611628,27872,45440,0,0,0,65946132,9048416,34359738367,537096,0,62720,0,1126400,0,0,0,0,0,0,0,0,2048,0,488720,42405888,93323264
1743620550.002088,600855,21068471,0,131892268,122987876,122817992,0,805996,0,186488,5651804,113276,5106688,73212,545116,1048576,1048576,0,0,49032,0,6082060,516732,187116,105096,716724,105096,611628,27872,45440,0,0,0,65946132,9048416,34359738367,537096,0,62720,0,1126400,0,0,0,0,0,0,0,0,2048,0,488720,42405888,93323264
1743620551.002015,600855,21068471,0,131892268,122986080,122816448,0,806264,0,187240,5652808,113940,5107528,73300,545280,1048576,1048576,0,0,49044,0,6083484,516768,187152,105096,716760,105096,611664,27872,45440,0,0,0,65946132,9048416,34359738367,537096,0,62720,0,1126400,0,0,0,0,0,0,0,0,2048,0,488720,42405888,93323264
1743620552.001089,600855,21068471,0,131892268,122985072,122815440,0,806276,0,187244,5653792,113940,5108516,73304,545276,1048576,1048576,0,0,49056,0,6084520,516768,187152,105096,716760,105096,611664,27872,45444,0,0,0,65946132,9048416,34359738367,537080,0,62720,0,1126400,0,0,0,0,0,0,0,0,2048,0,488720,42405888,93323264
1743620553.001755,600855,21068471,0,131892268,122984400,122814768,0,806276,0,187740,5653956,114436,5108680,73304,545276,1048576,1048576,0,0,49056,0,6085224,516768,187152,105096,716760,105096,611664,27872,45444,0,0,0,65946132,9048416,34359738367,537080,0,62720,0,1126400,0,0,0,0,0,0,0,0,2048,0,488720,42405888,93323264
1743620554.001840,600855,21068471,0,131892268,122982636,122813024,0,806300,0,188040,5655456,114712,5110184,73328,545272,1048576,1048576,0,0,49080,0,6086952,516768,187152,105096,716760,105096,611664,27872,45444,0,0,0,65946132,9048416,34359738367,537080,0,62720,0,1126400,0,0,0,0,0,0,0,0,2048,0,488720,42405888,93323264
1743620555.001469,600855,21068471,0,131892268,122967736,122798124,0,806308,0,188040,5656476,114712,5111204,73328,545272,1048576,1048576,0,0,204,20664,6088092,516768,187152,105096,717784,105096,612688,27872,45444,0,0,0,65946132,9057388,34359738367,537080,0,62720,0,1126400,0,0,0,0,0,0,0,0,2048,0,488720,42405888,93323264
1743620556.001535,600855,21068471,0,131892268,122980224,122810664,0,806312,0,188576,5656860,115248,5111536,73328,545324,1048576,1048576,0,0,16,0,6088960,516768,187152,105096,716888,105096,611792,27872,45468,0,0,0,65946132,9057388,34359738367,537080,0,62720,0,1126400,0,0,0,0,0,0,0,0,2048,0,488720,42405888,93323264
1743620557.002119,600855,21068471,0,131892268,122953952,122784760,0,806568,0,188964,5682848,115564,5137228,73400,545620,1048576,1048576,0,0,60,0,6114960,516768,187152,105096,716896,105096,611800,27872,45516,0,0,0,65946132,9093004,34359738367,537080,0,62720,0,1126400,0,0,0,0,0,0,0,0,2048,0,488720,42405888,93323264
1743620558.001236,600855,21068471,0,131892268,122952692,122783500,0,806568,0,189468,5683472,116068,5137852,73400,545620,1048576,1048576,0,0,60,0,6115628,516768,187152,105096,716896,105096,611800,27872,45516,0,0,0,65946132,9093004,34359738367,537080,0,62720,0,1126400,0,0,0,0,0,0,0,0,2048,0,488720,42405888,93323264
1743620559.001913,600855,21068471,0,131892268,122951740,122782548,0,806576,0,190032,5683880,116600,5138292,73432,545588,1048576,1048576,0,0,68,0,6117112,516768,187152,105096,716896,105096,611800,27872,45516,0,0,0,65946132,9093004,34359738367,537080,0,62720,0,1126400,0,0,0,0,0,0,0,0,2048,0,488720,42405888,93323264
1743620560.002032,600855,21068471,0,131892268,122900448,122778992,0,854916,0,192796,5731320,116852,5140508,75944,590812,1048576,1048576,0,0,48944,0,6119212,516768,187152,105096,717816,105096,612720,27872,45520,0,0,0,65946132,9102772,34359738367,537080,0,62720,0,1126400,0,0,0,0,0,0,0,0,2048,0,488720,42405888,93323264
1743620561.001572,600855,21068471,0,131892268,122899240,122778156,0,854924,0,192976,5732580,116968,5141460,76008,591120,1048576,1048576,0,0,48956,0,6120440,516768,187152,105096,717824,105096,612728,27872,45532,0,0,0,65946132,9102772,34359738367,537080,0,62720,0,1126400,0,0,0,0,0,0,0,0,2048,0,488720,42405888,93323264
1743620562.002067,600855,21068471,0,131892268,122889832,122768760,0,854936,0,193628,5741224,117552,5150160,76076,591064,1048576,1048576,0,0,48968,0,6129764,516768,187152,105096,717824,105096,612728,27872,45548,0,0,0,65946132,9115916,34359738367,537080,0,62720,0,1126400,0,0,0,0,0,0,0,0,2048,0,488720,42405888,93323264
1743620563.001161,600855,21068471,0,131892268,122888572,122767500,0,854936,0,193628,5742468,117552,5151404,76076,591064,1048576,1048576,0,0,48968,0,6131008,516768,187152,105096,717824,105096,612728,27872,45548,0,0,0,65946132,9115916,34359738367,537080,0,62720,0,1126400,0,0,0,0,0,0,0,0,2048,0,488720,42405888,93323264
1743620564.001575,600855,21068471,0,131892268,122887060,122766304,0,855196,0,194456,5743268,118332,5151936,76124,591332,1048576,1048576,0,0,49004,0,6132332,516772,187156,105096,717824,105096,612728,27888,45548,0,0,0,65946132,9115916,34359738367,537080,0,62720,0,1126400,0,0,0,0,0,0,0,0,2048,0,488720,42405888,93323264
1743620565.002032,600855,21068471,0,131892268,122885020,122764296,0,855208,0,194516,5745248,118344,5153932,76172,591316,1048576,1048576,0,0,49016,0,6134460,516772,187156,105096,717824,105096,612728,27888,45548,0,0,0,65946132,9115916,34359738367,537080,0,62720,0,1126400,0,0,0,0,0,0,0,0,2048,0,488720,42405888,93323264
1743620566.001155,600855,21068471,0,131892268,122884404,122763692,0,855208,0,194692,5745732,118520,5154404,76172,591328,1048576,1048576,0,0,49016,0,6135084,516772,187156,105096,717824,105096,612728,27888,45548,0,0,0,65946132,9115916,34359738367,537080,0,62720,0,1126400,0,0,0,0,0,0,0,0,2048,0,488720,42405888,93323264
1743620567.001603,600855,21068471,0,131892268,122881912,122761212,0,855224,0,194932,5748132,118756,5156796,76176,591336,1048576,1048576,0,0,49032,0,6137592,516772,187156,105096,717824,105096,612728,27888,45560,0,0,0,65946132,9132828,34359738367,537080,0,62720,0,1126400,0,0,0,0,0,0,0,0,2048,0,488720,42405888,93323264
1743620568.002067,600855,21068471,0,131892268,122884208,122763508,0,855236,0,194932,5745732,118756,5154396,76176,591336,1048576,1048576,0,0,49044,0,6135268,516772,187156,105096,717824,105096,612728,27888,45560,0,0,0,65946132,9135916,34359738367,537080,0,62720,0,1126400,0,0,0,0,0,0,0,0,2048,0,488720,42405888,93323264
1743620569.001192,600855,21068471,0,131892268,122882108,122761408,0,855244,0,195836,5746860,119520,5155664,76316,591196,1048576,1048576,0,0,49052,0,6137376,516772,187156,105096,717824,105096,612728,27888,45560,0,0,0,65946132,9135916,34359738367,537080,0,62720,0,1126400,0,0,0,0,0,0,0,0,2048,0,488720,42405888,93323264
1743620570.001784,600855,21068471,0,131892268,122863572,122743196,0,855500,0,196744,5764456,120428,5172936,76316,591520,1048576,1048576,0,0,49088,0,6155600,516772,187156,105096,717824,105096,612728,27888,45604,0,0,0,65946132,9156388,34359738367,537080,0,62720,0,1126400,0,0,0,0,0,0,0,0,2048,0,488720,42405888,93323264
1743620571.001466,600855,21068471,0,131892268,122863688,122743352,0,855500,0,197160,5764680,120808,5173156,76352,591524,1048576,1048576,0,0,8,0,6156028,516772,187156,105096,717096,105096,612000,27888,45604,0,0,0,65946132,9156388,34359738367,537080,0,62720,0,1126400,0,0,0,0,0,0,0,0,2048,0,488720,42405888,93323264
1743620572.001568,600855,21068471,0,131892268,122861768,122741496,0,855516,0,197336,5766424,120956,5174864,76380,591560,1048576,1048576,0,0,32,0,6157960,516772,187156,105096,717096,105096,612000,27888,45604,0,0,0,65946132,9156388,34359738367,537080,0,62720,0,1126400,0,0,0,0,0,0,0,0,2048,0,488720,42405888,93323264
1743620573.002231,600855,21068471,0,131892268,122861572,122741300,0,855516,0,197336,5766544,120956,5174984,76380,591560,1048576,1048576,0,0,32,0,6158176,516772,187156,105096,717096,105096,612000,27888,45604,0,0,0,65946132,9156388,34359738367,537080,0,62720,0,1126400,0,0,0,0,0,0,0,0,2048,0,488720,42405888,93323264
1743620574.001358,600855,21068471,0,131892268,122859752,122739484,0,855524,0,197868,5767872,121476,5176320,76392,591552,1048576,1048576,0,0,40,0,6160052,516772,187156,105096,717096,105096,612000,27872,45604,0,0,0,65946132,9156388,34359738367,537064,0,62720,0,1126400,0,0,0,0,0,0,0,0,2048,0,488720,42405888,93323264
1743620575.001997,600855,21068471,0,131892268,122857788,122737520,0,855532,0,198652,5769008,122260,5177456,76392,591552,1048576,1048576,0,0,48,0,6161972,516772,187156,105096,717128,105096,612032,27872,45604,0,0,0,65946132,9156388,34359738367,537064,0,62720,0,1126400,0,0,0,0,0,0,0,0,2048,0,488720,42405888,93323264
1743620576.002055,600855,21068471,0,131892268,122851284,122734548,0,860620,0,198712,5772868,122320,5177784,76392,595084,1048576,1048576,0,0,1444,0,6162292,516772,187156,105096,717140,105096,612044,27872,45604,0,0,0,65946132,9156388,34359738367,537064,0,62720,0,1126400,0,0,0,0,0,0,0,0,2048,0,488720,42405888,93323264
1743620577.001615,600855,21068471,0,131892268,122806872,122734952,0,904096,0,201792,5816052,122868,5178684,78924,637368,1048576,1048576,0,0,48924,0,6163660,516772,187156,105096,718072,105096,612976,27872,45604,0,0,0,65946132,9163540,34359738367,537064,0,62720,0,1126400,0,0,0,0,0,0,0,0,2048,0,488720,42405888,93323264
1743620578.001699,600855,21068471,0,131892268,122806508,122734624,0,904096,0,201792,5816532,122868,5179128,78924,637404,1048576,1048576,0,0,48924,0,6164060,516772,187156,105096,718072,105096,612976,27872,45604,0,0,0,65946132,9163540,34359738367,537064,0,62720,0,1126400,0,0,0,0,0,0,0,0,2048,0,488720,42405888,93323264
1743620579.001408,600855,21068471,0,131892268,122804940,122733108,0,904108,0,202288,5817648,123152,5180404,79136,637244,1048576,1048576,0,0,48936,0,6165696,516772,187156,105096,718072,105096,612976,27872,45612,0,0,0,65946132,9167404,34359738367,537064,0,62720,0,1126400,0,0,0,0,0,0,0,0,2048,0,488720,42405888,93323264
1743620580.001496,600855,21068471,0,131892268,122804700,122732924,0,904112,0,202288,5818008,123152,5180708,79136,637300,1048576,1048576,0,0,48940,0,6165936,516772,187156,105096,718072,105096,612976,27872,45612,0,0,0,65946132,9167404,34359738367,537064,0,62720,0,1126400,0,0,0,0,0,0,0,0,2048,0,488720,42405888,93323264
1743620581.001641,600855,21068471,0,131892268,122803188,122731412,0,904120,0,203288,5818568,124108,5181312,79180,637256,1048576,1048576,0,0,48948,0,6167512,516772,187156,105096,718072,105096,612976,27872,45612,0,0,0,65946132,9167404,34359738367,537064,0,62720,0,1126400,0,0,0,0,0,0,0,0,2048,0,488720,42405888,93323264
1743620582.002134,600855,21068471,0,131892268,122801816,122730044,0,904132,0,203468,5819588,124288,5182328,79180,637260,1048576,1048576,0,0,48960,0,6168888,516772,187156,105096,718072,105096,612976,27872,45612,0,0,0,65946132,9167404,34359738367,537064,0,62720,0,1126400,0,0,0,0,0,0,0,0,2048,0,488720,42405888,93323264
1743620583.001259,600855,21068471,0,131892268,122801228,122729456,0,904140,0,203648,5820008,124468,5182748,79180,637260,1048576,1048576,0,0,48968,0,6169448,516772,187156,105096,718072,105096,612976,27872,45612,0,0,0,65946132,9167404,34359738367,537064,0,62720,0,1126400,0,0,0,0,0,0,0,0,2048,0,488720,42405888,93323264
1743620584.001736,600855,21068471,0,131892268,122799240,122727816,0,904400,0,205468,5820372,126288,5182764,79180,637608,1048576,1048576,0,0,49008,0,6171188,516772,187156,105096,718072,105096,612976,27872,45616,0,0,0,65946132,9167404,34359738367,537064,0,62720,0,1126400,0,0,0,0,0,0,0,0,2048,0,488720,42405888,93323264
1743620585.002150,600855,21068471,0,131892268,122799016,122727640,0,904404,0,205468,5820612,126288,5182956,79180,637656,1048576,1048576,0,0,49012,0,6171404,516772,187156,105096,718072,105096,612976,27872,45616,0,0,0,65946132,9167404,34359738367,537064,0,62720,0,1126400,0,0,0,0,0,0,0,0,2048,0,488720,42405888,93323264
1743620586.001214,600855,21068471,0,131892268,122781612,122710288,0,904416,0,205696,5821964,126484,5184288,79212,637676,1048576,1048576,0,0,0,49024,6172976,516772,187156,105096,718520,105096,613424,27872,45616,0,0,0,65946132,9167404,34359738367,537064,0,62720,0,1126400,0,0,0,0,0,0,0,0,2048,0,488720,42405888,93323264
1743620587.001701,600855,21068471,0,131892268,122797572,122726248,0,904416,0,205696,5822204,126484,5184528,79212,637676,1048576,1048576,0,0,8,0,6173280,516772,187156,105096,717264,105096,612168,27872,45616,0,0,0,65946132,9167404,34359738367,537064,0,62720,0,1126400,0,0,0,0,0,0,0,0,2048,0,488720,42405888,93323264
1743620588.002240,600855,21068471,0,131892268,122796032,122724724,0,904424,0,206176,5823404,126916,5185760,79260,637644,1048576,1048576,0,0,24,0,6174788,516772,187156,105096,717264,105096,612168,27872,45620,0,0,0,65946132,9167404,34359738367,537064,0,62720,0,1126400,0,0,0,0,0,0,0,0,2048,0,488720,42405888,93323264
1743620589.001365,600855,21068471,0,131892268,122794632,122723332,0,904432,0,206412,5824548,127108,5186940,79304,637608,1048576,1048576,0,0,32,0,6176212,516772,187156,105096,717264,105096,612168,27872,45620,0,0,0,65946132,9167404,34359738367,537064,0,62720,0,1126400,0,0,0,0,0,0,0,0,2048,0,488720,42405888,93323264
1743620590.001870,600855,21068471,0,131892268,122794204,122722904,0,904440,0,206652,5824788,127348,5187180,79304,637608,1048576,1048576,0,0,44,0,6176716,516772,187156,105096,717216,105096,612120,27872,45620,0,0,0,65946132,9167404,34359738367,537064,0,62720,0,1126400,0,0,0,0,0,0,0,0,2048,0,488720,42405888,93323264
1743620591.001694,600855,21068471,0,131892268,122792272,122721268,0,904700,0,207284,5826092,127980,5188188,79304,637904,1048576,1048576,0,0,84,0,6178404,516772,187156,105096,717216,105096,612120,27872,45620,0,0,0,65946132,9167404,34359738367,537064,0,62720,0,1126400,0,0,0,0,0,0,0,0,2048,0,488720,42405888,93323264
1743620592.001816,600855,21068471,0,131892268,122792132,122721128,0,904700,0,207284,5826212,127980,5188308,79304,637904,1048576,1048576,0,0,84,0,6178576,516772,187156,105096,717216,105096,612120,27872,45620,0,0,0,65946132,9167404,34359738367,537064,0,62720,0,1126400,0,0,0,0,0,0,0,0,2048,0,488720,42405888,93323264
1743620593.001481,600855,21068471,0,131892268,122790284,122719376,0,904808,0,207644,5827712,128340,5189712,79304,638000,1048576,1048576,0,0,96,0,6180304,516776,187156,105096,717216,105096,612120,27872,45620,0,0,0,65946132,9167404,34359738367,537064,0,62720,0,1126400,0,0,0,0,0,0,0,0,2048,0,488720,42405888,93323264
1743620594.001515,600855,21068471,0,131892268,122738732,122710976,0,948776,0,208624,5869444,128516,5189096,80108,680348,1048576,1048576,0,0,44560,0,6179568,516776,187156,105096,717648,105096,612552,27872,45640,0,0,0,65946132,9197560,34359738367,537064,0,62720,0,1126400,0,0,0,0,0,0,0,0,2048,0,488720,42405888,93323264
1743620595.002031,600855,21068471,0,131892268,122725436,122702748,0,953204,0,210564,5888556,128692,5204904,81872,683652,1048576,1048576,0,0,49012,0,6195552,516776,187156,105096,718340,105096,613244,27872,45656,0,0,0,65946132,9197560,34359738367,537064,0,62720,0,1126400,0,0,0,0,0,0,0,0,2048,0,488720,42405888,93323264
1743620596.001157,600855,21068471,0,131892268,122724736,122702048,0,953204,0,210564,5888616,128692,5204964,81872,683652,1048576,1048576,0,0,49012,0,6196260,516776,187156,105096,718340,105096,613244,27872,45656,0,0,0,65946132,9197560,34359738367,537064,0,62720,0,1126400,0,0,0,0,0,0,0,0,2048,0,488720,42405888,93323264
1743620597.001921,600855,21068471,0,131892268,122723536,122700916,0,953216,0,211600,5889324,129608,5205724,81992,683600,1048576,1048576,0,0,49024,0,6197424,516776,187156,105096,718340,105096,613244,27872,45664,0,0,0,65946132,9197560,34359738367,537064,0,62720,0,1126400,0,0,0,0,0,0,0,0,2048,0,488720,42405888,93323264
1743620598.002010,600855,21068471,0,131892268,122722248,122699868,0,953476,0,211644,5890616,129612,5206816,82032,683800,1048576,1048576,0,0,49064,0,6198476,516776,187156,105096,718348,105096,613252,27872,45664,0,0,0,65946132,9218192,34359738367,537064,0,62720,0,1126400,0,0,0,0,0,0,0,0,2048,0,488720,42405888,93323264
1743620599.001675,600855,21068471,0,131892268,122721408,122699028,0,953488,0,211972,5890828,129904,5207064,82068,683764,1048576,1048576,0,0,49076,0,6199256,516776,187156,105096,718348,105096,613252,27872,45692,0,0,0,65946132,9218192,34359738367,537064,0,62720,0,1126400,0,0,0,0,0,0,0,0,2048,0,488720,42405888,93323264
1743620600.001800,600855,21068471,0,131892268,122719924,122697548,0,953496,0,212092,5892388,130024,5208620,82068,683768,1048576,1048576,0,0,49084,0,6200828,516776,187156,105096,718348,105096,613252,27872,45692,0,0,0,65946132,9218192,34359738367,537064,0,62720,0,1126400,0,0,0,0,0,0,0,0,2048,0,488720,42405888,93323264
1743620601.001923,600855,21068471,0,131892268,122719588,122697224,0,953496,0,212236,5892544,130132,5208800,82104,683744,1048576,1048576,0,0,49084,0,6201080,516776,187156,105096,718348,105096,613252,27872,45692,0,0,0,65946132,9218192,34359738367,537064,0,62720,0,1126400,0,0,0,0,0,0,0,0,2048,0,488720,42405888,93323264
1743620602.001453,600855,21068471,0,131892268,122718580,122696268,0,953504,0,212680,5893892,130536,5210136,82144,683756,1048576,1048576,0,0,12,0,6202860,516776,187156,105096,717308,105096,612212,27872,45692,0,0,0,65946132,9218192,34359738367,537064,0,62720,0,1126400,0,0,0,0,0,0,0,0,2048,0,488720,42405888,93323264
1743620603.001526,600855,21068471,0,131892268,122731604,122709292,0,953508,0,212680,5881028,130536,5197272,82144,683756,1048576,1048576,0,0,16,0,6189964,516776,187156,105096,717308,105096,612212,27872,45692,0,0,0,65946132,9222728,34359738367,537064,0,62720,0,1126400,0,0,0,0,0,0,0,0,2048,0,488720,42405888,93323264
1743620604.001973,600855,21068471,0,131892268,122713936,122691716,0,953520,0,214648,5896896,132492,5213060,82156,683836,1048576,1048576,0,0,36,0,6207604,516776,187156,105096,717308,105096,612212,27872,45704,0,0,0,65946132,9222728,34359738367,537064,0,62720,0,1126400,0,0,0,0,0,0,0,0,2048,0,488720,42405888,93323264
1743620605.001511,600855,21068471,0,131892268,122713496,122691512,0,953760,0,214648,5897280,132492,5213208,82156,684072,1048576,1048576,0,0,48,160,6207828,516780,187160,105096,717308,105096,612212,27872,45704,0,0,0,65946132,9222728,34359738367,537064,0,62720,0,1126400,0,0,0,0,0,0,0,0,2048,0,488720,42405888,93323264
1743620606.001648,600855,21068471,0,131892268,122712012,122690028,0,953788,0,216576,5896912,134420,5212840,82156,684072,1048576,1048576,0,0,76,0,6209364,516780,187160,105096,717308,105096,612212,27872,45704,0,0,0,65946132,9222728,34359738367,537064,0,62720,0,1126400,0,0,0,0,0,0,0,0,2048,0,488720,42405888,93323264
1743620607.002265,600855,21068471,0,131892268,122711788,122689804,0,953804,0,216576,5897092,134420,5213020,82156,684072,1048576,1048576,0,0,96,0,6209632,516780,187160,105096,717308,105096,612212,27872,45704,0,0,0,65946132,9222728,34359738367,537064,0,62720,0,1126400,0,0,0,0,0,0,0,0,2048,0,488720,42405888,93323264
1743620608.001816,600855,21068471,0,131892268,122710276,122688304,0,953808,0,216724,5898444,134568,5214360,82156,684084,1048576,1048576,0,0,100,0,6211080,516780,187160,105096,717308,105096,612212,27872,45704,0,0,0,65946132,9222728,34359738367,537064,0,62720,0,1126400,0,0,0,0,0,0,0,0,2048,0,488720,42405888,93323264
1743620609.001906,600855,21068471,0,131892268,122708932,122686960,0,953816,0,216724,5899824,134568,5215740,82156,684084,1048576,1048576,0,0,108,0,6212412,516780,187160,105096,717308,105096,612212,27872,45704,0,0,0,65946132,9222728,34359738367,537064,0,62720,0,1126400,0,0,0,0,0,0,0,0,2048,0,488720,42405888,93323264
1743620610.001362,600855,21068471,0,131892268,122708596,122686624,0,953816,0,216988,5899920,134832,5215836,82156,684084,1048576,1048576,0,0,108,0,6212788,516780,187160,105096,717308,105096,612212,27872,45704,0,0,0,65946132,9222728,34359738367,537064,0,62720,0,1126400,0,0,0,0,0,0,0,0,2048,0,488720,42405888,93323264
1743620611.001554,600855,21068471,0,131892268,122707000,122685036,0,953828,0,217296,5901232,135140,5217140,82156,684092,1048576,1048576,0,0,120,0,6214396,516780,187160,105096,717308,105096,612212,27872,45704,0,0,0,65946132,9222728,34359738367,537064,0,62720,0,1126400,0,0,0,0,0,0,0,0,2048,0,488720,42405888,93323264
1743620612.001656,600855,21068471,0,131892268,122706860,122684896,0,953828,0,217412,5901176,135256,5217084,82156,684092,1048576,1048576,0,0,120,0,6214540,516780,187160,105096,717308,105096,612212,27872,45704,0,0,0,65946132,9222728,34359738367,537064,0,62720,0,1126400,0,0,0,0,0,0,0,0,2048,0,488720,42405888,93323264
1743620613.002230,600855,21068471,0,131892268,122655232,122681624,0,1002440,0,220364,5949324,135784,5219300,84580,730024,1048576,1048576,0,0,49044,0,6217036,516780,187160,105096,717752,105096,612656,27872,45712,0,0,0,65946132,9228332,34359738367,537064,0,62720,0,1126400,0,0,0,0,0,0,0,0,2048,0,488720,42405888,93323264
1743620614.001358,600855,21068471,0,131892268,122655064,122681540,0,1002440,0,220484,5949384,135804,5219376,84680,730008,1048576,1048576,0,0,49044,0,6217204,516780,187160,105096,717752,105096,612656,27872,45712,0,0,0,65946132,9228332,34359738367,537064,0,62720,0,1126400,0,0,0,0,0,0,0,0,2048,0,488720,42405888,93323264
1743620615.001950,600855,21068471,0,131892268,122653440,122679940,0,1002460,0,220604,5950824,135904,5220812,84700,730012,1048576,1048576,0,0,49064,0,6218824,516780,187160,105096,717756,105096,612660,27872,45712,0,0,0,65946132,9228332,34359738367,537064,0,62720,0,1126400,0,0,0,0,0,0,0,0,2048,0,488720,42405888,93323264
1743620616.002015,600855,21068471,0,131892268,122653188,122679748,0,1002460,0,220604,5951184,135904,5221112,84700,730072,1048576,1048576,0,0,49064,0,6219068,516780,187160,105096,717756,105096,612660,27872,45712,0,0,0,65946132,9228332,34359738367,537064,0,62720,0,1126400,0,0,0,0,0,0,0,0,2048,0,488720,42405888,93323264
1743620617.001654,600855,21068471,0,131892268,122651676,122678316,0,1002468,0,220704,5952644,135972,5222524,84732,730120,1048576,1048576,0,0,49072,0,6220548,516780,187160,105096,717756,105096,612660,27872,45716,0,0,0,65946132,9228332,34359738367,537064,0,62720,0,1126400,0,0,0,0,0,0,0,0,2048,0,488720,42405888,93323264
1743620618.001730,600855,21068471,0,131892268,122651424,122678140,0,1002468,0,220728,5952884,135972,5222712,84756,730172,1048576,1048576,0,0,4,0,6220788,516780,187160,105096,717520,105096,612424,27872,45716,0,0,0,65946132,9228332,34359738367,537064,0,62720,0,1126400,0,0,0,0,0,0,0,0,2048,0,488720,42405888,93323264
1743620619.001401,600855,21068471,0,131892268,122650108,122676824,0,1002476,0,220788,5954024,136032,5223852,84756,730172,1048576,1048576,0,0,24,0,6222116,516780,187160,105096,717520,105096,612424,27872,45720,0,0,0,65946132,9228332,34359738367,537064,0,62720,0,1126400,0,0,0,0,0,0,0,0,2048,0,488720,42405888,93323264
1743620620.001510,600855,21068471,0,131892268,122649824,122676840,0,1002732,0,220992,5954476,136236,5224004,84756,730472,1048576,1048576,0,0,52,224,6222348,516784,187164,105096,717520,105096,612424,27872,45720,0,0,0,65946132,9228332,34359738367,537064,0,62720,0,1126400,0,0,0,0,0,0,0,0,2048,0,488720,42405888,93323264
1743620621.001830,600855,21068471,0,131892268,122648204,122675292,0,1002748,0,221520,5955268,136612,5224876,84908,730392,1048576,1048576,0,0,68,0,6223816,516784,187164,105096,717520,105096,612424,27872,45720,0,0,0,65946132,9228332,34359738367,537064,0,62720,0,1126400,0,0,0,0,0,0,0,0,2048,0,488720,42405888,93323264
1743620622.002346,600855,21068471,0,131892268,122648000,122675088,0,1002748,0,221520,5955508,136612,5225116,84908,730392,1048576,1048576,0,0,68,0,6224048,516784,187164,105096,717520,105096,612424,27872,45720,0,0,0,65946132,9228332,34359738367,537064,0,62720,0,1126400,0,0,0,0,0,0,0,0,2048,0,488720,42405888,93323264
1743620623.001469,600855,21068471,0,131892268,122644976,122672068,0,1002768,0,223380,5956768,138452,5226392,84928,730376,1048576,1048576,0,0,92,0,6227072,516784,187164,105096,717520,105096,612424,27872,45724,0,0,0,65946132,9228332,34359738367,537064,0,62720,0,1126400,0,0,0,0,0,0,0,0,2048,0,488720,42405888,93323264
1743620624.002024,600855,21068471,0,131892268,122644276,122671388,0,1002772,0,223884,5956984,138956,5226588,84928,730396,1048576,1048576,0,0,96,0,6227744,516784,187164,105096,717520,105096,612424,27872,45724,0,0,0,65946132,9228332,34359738367,537064,0,62720,0,1126400,0,0,0,0,0,0,0,0,2048,0,488720,42405888,93323264
1743620625.001536,600855,21068471,0,131892268,122643296,122670408,0,1002776,0,224804,5957024,139832,5226672,84972,730352,1048576,1048576,0,0,100,0,6228700,516784,187164,105096,717520,105096,612424,27872,45724,0,0,0,65946132,9228332,34359738367,537064,0,62720,0,1126400,0,0,0,0,0,0,0,0,2048,0,488720,42405888,93323264
1743620626.001601,600855,21068471,0,131892268,122642092,122669204,0,1002784,0,224812,5958176,139832,5227832,84980,730344,1048576,1048576,0,0,108,0,6229916,516784,187164,105096,717520,105096,612424,27872,45732,0,0,0,65946132,9232644,34359738367,537064,0,62720,0,1126400,0,0,0,0,0,0,0,0,2048,0,488720,42405888,93323264
1743620627.002094,600855,21068471,0,131892268,122641616,122668728,0,1002788,0,224988,5958420,139984,5228100,85004,730320,1048576,1048576,0,0,112,0,6230352,516784,187164,105096,717520,105096,612424,27872,45732,0,0,0,65946132,9232644,34359738367,537064,0,62720,0,1126400,0,0,0,0,0,0,0,0,2048,0,488720,42405888,93323264
1743620628.001592,600855,21068471,0,131892268,122656736,122684148,0,1003052,0,225100,5943308,140096,5212688,85004,730620,1048576,1048576,0,0,152,0,6214920,516784,187164,105096,717408,105096,612312,27872,45700,0,0,0,65946132,9216056,34359738367,537064,0,62720,0,1126400,0,0,0,0,0,0,0,0,2048,0,488720,42405888,93323264
1743620629.001713,600855,21068471,0,131892268,122656428,122683840,0,1003056,0,225392,5943256,140388,5212636,85004,730620,1048576,1048576,0,0,156,0,6215156,516784,187164,105096,717408,105096,612312,27872,45700,0,0,0,65946132,9216056,34359738367,537064,0,62720,0,1126400,0,0,0,0,0,0,0,0,2048,0,488720,42405888,93323264
1743620630.002134,600855,21068471,0,131892268,122645564,122672976,0,1003064,0,225392,5954224,140388,5223604,85004,730620,1048576,1048576,0,0,164,0,6226152,516784,187164,105096,717408,105096,612312,27872,45720,0,0,0,65946132,9225852,34359738367,537064,0,62720,0,1126400,0,0,0,0,0,0,0,0,2048,0,488720,42405888,93323264
1743620631.001517,600855,21068471,0,131892268,122645368,122672780,0,1003064,0,226204,5953532,141176,5222936,85028,730596,1048576,1048576,0,0,164,0,6226368,516784,187164,105096,717412,105096,612316,27872,45720,0,0,0,65946132,9225852,34359738367,537064,0,62720,0,1126400,0,0,0,0,0,0,0,0,2048,0,488720,42405888,93323264
1743620632.001654,600855,21068471,0,131892268,122594688,122670012,0,1051424,0,228868,6000552,141424,5224460,87444,776092,1048576,1048576,0,0,49052,0,6227784,516784,187164,105096,718528,105096,613432,27872,45720,0,0,0,65946132,9226092,34359738367,537064,0,62720,0,1126400,0,0,0,0,0,0,0,0,2048,0,488720,42405888,93323264
1743620633.002256,600855,21068471,0,131892268,122594520,122670016,0,1051428,0,229372,6000348,141736,5224276,87636,776072,1048576,1048576,0,0,49056,0,6228008,516784,187164,105096,718528,105096,613432,27872,45720,0,0,0,65946132,9226092,34359738367,537064,0,62720,0,1126400,0,0,0,0,0,0,0,0,2048,0,488720,42405888,93323264
1743620634.001379,600855,21068471,0,131892268,122594184,122669732,0,1051440,0,229440,6001376,141736,5225320,87704,776056,1048576,1048576,0,0,24,0,6229128,516784,187164,105096,717372,105096,612276,27872,45720,0,0,0,65946132,9226092,34359738367,537064,0,62720,0,1126400,0,0,0,0,0,0,0,0,2048,0,488720,42405888,93323264
1743620635.002034,600855,21068471,0,131892268,122594016,122669564,0,1051444,0,229732,6001204,141940,5225236,87792,775968,1048576,1048576,0,0,32,0,6229312,516784,187164,105096,717368,105096,612272,27872,45720,0,0,0,65946132,9226092,34359738367,537064,0,62720,0,1126400,0,0,0,0,0,0,0,0,2048,0,488720,42405888,93323264
1743620636.001156,600855,21068471,0,131892268,122592524,122668332,0,1051708,0,229916,6002560,142124,5226332,87792,776228,1048576,1048576,0,0,64,0,6230552,516792,187172,105096,717376,105096,612280,27872,45720,0,0,0,65946132,9226092,34359738367,537064,0,62720,0,1126400,0,0,0,0,0,0,0,0,2048,0,488720,42405888,93323264
1743620637.001780,600855,21068471,0,131892268,122592320,122668128,0,1051712,0,230068,6002708,142276,5226480,87792,776228,1048576,1048576,0,0,68,0,6230776,516792,187172,105096,717384,105096,612288,27872,45720,0,0,0,65946132,9226092,34359738367,537064,0,62720,0,1126400,0,0,0,0,0,0,0,0,2048,0,488720,42405888,93323264
1743620638.001846,600855,21068471,0,131892268,122591088,122666896,0,1051716,0,230068,6003788,142276,5227560,87792,776228,1048576,1048576,0,0,72,0,6232000,516792,187172,105096,717384,105096,612288,27872,45720,0,0,0,65946132,9226092,34359738367,537064,0,62720,0,1126400,0,0,0,0,0,0,0,0,2048,0,488720,42405888,93323264
1743620639.001448,600855,21068471,0,131892268,122590920,122666728,0,1051720,0,230156,6003880,142364,5227652,87792,776228,1048576,1048576,0,0,76,0,6232132,516792,187172,105096,717384,105096,612288,27872,45720,0,0,0,65946132,9226092,34359738367,537064,0,62720,0,1126400,0,0,0,0,0,0,0,0,2048,0,488720,42405888,93323264
1743620640.001547,600855,21068471,0,131892268,122589604,122665412,0,1051728,0,230272,6005024,142452,5228824,87820,776200,1048576,1048576,0,0,84,0,6233440,516792,187172,105096,717384,105096,612288,27872,45720,0,0,0,65946132,9226092,34359738367,537064,0,62720,0,1126400,0,0,0,0,0,0,0,0,2048,0,488720,42405888,93323264
1743620641.001674,600855,21068471,0,131892268,122589548,122665356,0,1051740,0,230272,6005084,142452,5228884,87820,776200,1048576,1048576,0,0,100,0,6233524,516792,187172,105096,717384,105096,612288,27872,45720,0,0,0,65946132,9226092,34359738367,537064,0,62720,0,1126400,0,0,0,0,0,0,0,0,2048,0,488720,42405888,93323264
1743620642.002178,600855,21068471,0,131892268,122588288,122664132,0,1051748,0,230332,6006344,142512,5230108,87820,776236,1048576,1048576,0,0,108,0,6234820,516792,187172,105096,717384,105096,612288,27872,45724,0,0,0,65946132,9226092,34359738367,537064,0,62720,0,1126400,0,0,0,0,0,0,0,0,2048,0,488720,42405888,93323264
1743620643.001299,600855,21068471,0,131892268,122588204,122664108,0,1051752,0,230412,6006444,142592,5230148,87820,776296,1048576,1048576,0,0,112,0,6234888,516792,187172,105096,717384,105096,612288,27872,45724,0,0,0,65946132,9226092,34359738367,537064,0,62720,0,1126400,0,0,0,0,0,0,0,0,2048,0,488720,42405888,93323264
1743620644.001832,600855,21068471,0,131892268,122568216,122644372,0,1052028,0,230760,6025988,142924,5249456,87836,776532,1048576,1048576,0,0,148,0,6254672,516808,187188,105096,717352,105096,612256,27872,45756,0,0,0,65946132,9244524,34359738367,537064,0,62720,0,1126400,0,0,0,0,0,0,0,0,2048,0,488720,42405888,93323264
1743620645.002287,600855,21068471,0,131892268,122568132,122644288,0,1052036,0,231240,6025592,143352,5249112,87888,776480,1048576,1048576,0,0,156,0,6254744,516808,187188,105096,717352,105096,612256,27872,45760,0,0,0,65946132,9244524,34359738367,537064,0,62720,0,1126400,0,0,0,0,0,0,0,0,2048,0,488720,42405888,93323264
1743620646.001408,600855,21068471,0,131892268,122566788,122642944,0,1052044,0,232292,6025860,144404,5249380,87888,776480,1048576,1048576,0,0,164,0,6256044,516808,187188,105096,717352,105096,612256,27872,45760,0,0,0,65946132,9244524,34359738367,537064,0,62720,0,1126400,0,0,0,0,0,0,0,0,2048,0,488720,42405888,93323264
1743620647.001797,600855,21068471,0,131892268,122562104,122639312,0,1053100,0,232896,6028360,145004,5250832,87892,777528,1048576,1048576,0,0,168,0,6257496,516640,187188,105096,717352,105096,612256,27904,45872,0,0,0,65946132,9248736,34359738367,537160,0,62720,0,1126400,0,0,0,0,0,0,0,0,2048,0,488720,42405888,93323264
1743620648.001920,600855,21068471,0,131892268,122530532,122619764,0,1064228,0,240720,6047904,145068,5267008,95652,780896,1048576,1048576,0,0,176,0,6272944,521408,187188,106888,719728,106888,612840,28416,48044,0,0,0,65946132,9297896,34359738367,537320,0,62720,0,1126400,0,0,0,0,0,0,0,0,2048,0,488720,42405888,93323264
1743620649.001991,600855,21068471,0,131892268,122540812,122632068,0,1065724,0,241752,6036548,145140,5255100,96612,781448,1048576,1048576,0,0,184,0,6262376,516840,187188,107912,720904,107912,612992,28096,46096,0,0,0,65946132,9274176,34359738367,537224,0,62720,0,1126400,0,0,0,0,0,0,0,0,2048,0,488720,42405888,93323264
1743620650.001412,600855,21068471,0,131892268,122535608,122630708,0,1069444,0,242960,6040648,145144,5256704,97816,783944,1048576,1048576,0,0,24,0,6263840,520504,187192,108200,721300,108200,613100,27936,46024,0,0,0,65946132,9293900,34359738367,537224,0,62720,0,1126400,0,0,0,0,0,0,0,0,2048,0,488720,42405888,93323264
1743620651.001957,600855,21068471,0,131892268,122540140,122635464,0,1069588,0,242972,6036132,145132,5251988,97840,784144,1048576,1048576,0,0,28,0,6259088,516808,187188,108200,721304,108200,613104,27872,45764,0,0,0,65946132,9285920,34359738367,537208,0,62720,0,1126400,0,0,0,0,0,0,0,0,2048,0,488720,42405888,93323264
1743620652.002063,600855,21068471,0,131892268,123158392,123303344,0,1119144,0,245936,5415928,145120,4585132,100816,830796,1048576,1048576,0,0,4808,0,5591644,517704,187228,108200,720972,108200,612772,27888,44308,0,0,0,65946132,8602708,34359738367,537240,0,62720,0,1126400,0,0,0,0,0,0,0,0,2048,0,488720,42405888,93323264
1743620653.001631,600855,21068471,0,131892268,123158200,123303480,0,1119424,0,247612,5414652,146756,4583576,100856,831076,1048576,1048576,0,0,4852,0,5591744,517756,187236,108216,720932,108216,612716,27904,44316,0,0,0,65946132,8602712,34359738367,537240,0,62720,0,1126400,0,0,0,0,0,0,0,0,2048,0,488720,42405888,93323264
1743620654.001718,600855,21068471,0,131892268,123158228,123303508,0,1119424,0,247612,5414652,146756,4583576,100856,831076,1048576,1048576,0,0,4852,0,5591744,517756,187236,108216,720932,108216,612716,27904,44316,0,0,0,65946132,8602712,34359738367,537240,0,62720,0,1126400,0,0,0,0,0,0,0,0,2048,0,488720,42405888,93323264
1743620655.002224,600855,21068471,0,131892268,123158256,123303536,0,1119424,0,247612,5414652,146756,4583576,100856,831076,1048576,1048576,0,0,4852,0,5591744,517756,187236,108216,720932,108216,612716,27904,44316,0,0,0,65946132,8602712,34359738367,537240,0,62720,0,1126400,0,0,0,0,0,0,0,0,2048,0,488720,42405888,93323264
1743620656.001346,600855,21068471,0,131892268,123156976,123303488,0,1120720,0,247612,5415896,146756,4583588,100856,832308,1048576,1048576,0,0,4872,0,5591772,518652,187236,108216,720932,108216,612716,27904,44380,0,0,0,65946132,8602712,34359738367,537240,0,62720,0,1126400,0,0,0,0,0,0,0,0,2048,0,488720,42405888,93323264
1743620657.001885,600855,21068471,0,131892268,123156976,123303488,0,1120720,0,247612,5415896,146756,4583588,100856,832308,1048576,1048576,0,0,4872,0,5591776,518652,187236,108216,720932,108216,612716,27904,44380,0,0,0,65946132,8602712,34359738367,537240,0,62720,0,1126400,0,0,0,0,0,0,0,0,2048,0,488720,42405888,93323264
1743620658.001954,600855,21068471,0,131892268,123157032,123303544,0,1120720,0,247612,5415896,146756,4583588,100856,832308,1048576,1048576,0,0,4872,0,5591776,518652,187236,108216,720932,108216,612716,27904,44380,0,0,0,65946132,8602712,34359738367,537240,0,62720,0,1126400,0,0,0,0,0,0,0,0,2048,0,488720,42405888,93323264
1743620659.001399,600855,21068471,0,131892268,123157052,123303564,0,1120720,0,247612,5415896,146756,4583588,100856,832308,1048576,1048576,0,0,4872,0,5591776,518652,187236,108216,720932,108216,612716,27904,44380,0,0,0,65946132,8602712,34359738367,537240,0,62720,0,1126400,0,0,0,0,0,0,0,0,2048,0,488720,42405888,93323264
1743620660.001519,600855,21068471,0,131892268,123157052,123303564,0,1120720,0,247612,5415896,146756,4583588,100856,832308,1048576,1048576,0,0,4872,0,5591776,518652,187236,108216,720932,108216,612716,27904,44380,0,0,0,65946132,8602712,34359738367,537240,0,62720,0,1126400,0,0,0,0,0,0,0,0,2048,0,488720,42405888,93323264
1743620661.001941,600855,21068471,0,131892268,123157052,123303564,0,1120720,0,247612,5415896,146756,4583588,100856,832308,1048576,1048576,0,0,4872,0,5591776,518652,187236,108216,720932,108216,612716,27904,44380,0,0,0,65946132,8602712,34359738367,537240,0,62720,0,1126400,0,0,0,0,0,0,0,0,2048,0,488720,42405888,93323264
1743620662.001399,600855,21068471,0,131892268,123157052,123303564,0,1120720,0,247612,5415896,146756,4583588,100856,832308,1048576,1048576,0,0,4872,0,5591776,518652,187236,108216,720932,108216,612716,27904,44380,0,0,0,65946132,8602712,34359738367,537240,0,62720,0,1126400,0,0,0,0,0,0,0,0,2048,0,488720,42405888,93323264
1743620663.001526,600855,21068471,0,131892268,123157052,123303564,0,1120720,0,247612,5415896,146756,4583588,100856,832308,1048576,1048576,0,0,4872,0,5591776,518652,187236,108216,720932,108216,612716,27888,44380,0,0,0,65946132,8602712,34359738367,537224,0,62720,0,1126400,0,0,0,0,0,0,0,0,2048,0,488720,42405888,93323264
1743620664.001957,600855,21068471,0,131892268,123157052,123303564,0,1120720,0,247612,5415892,146756,4583584,100856,832308,1048576,1048576,0,0,4872,0,5591776,518652,187236,108216,720932,108216,612716,27888,44380,0,0,0,65946132,8602712,34359738367,537224,0,62720,0,1126400,0,0,0,0,0,0,0,0,2048,0,488720,42405888,93323264
1743620665.001385,600855,21068471,0,131892268,123157044,123303556,0,1120720,0,247612,5415892,146756,4583584,100856,832308,1048576,1048576,0,0,336,504,5591776,518652,187236,108216,720940,108216,612724,27888,44380,0,0,0,65946132,8602712,34359738367,537224,0,62720,0,1126400,0,0,0,0,0,0,0,0,2048,0,488720,42405888,93323264
1743620666.001507,600855,21068471,0,131892268,123157348,123303860,0,1120720,0,247612,5415892,146756,4583584,100856,832308,1048576,1048576,0,0,0,0,5591776,518652,187236,108216,720632,108216,612416,27888,44380,0,0,0,65946132,8602712,34359738367,537224,0,62720,0,1126400,0,0,0,0,0,0,0,0,2048,0,488720,42405888,93323264
1743620667.001840,600855,21068471,0,131892268,123157348,123303860,0,1120720,0,247612,5415892,146756,4583584,100856,832308,1048576,1048576,0,0,0,0,5591776,518652,187236,108216,720632,108216,612416,27888,44380,0,0,0,65946132,8602712,34359738367,537224,0,62720,0,1126400,0,0,0,0,0,0,0,0,2048,0,488720,42405888,93323264
1743620668.002247,600855,21068471,0,131892268,123157348,123303860,0,1120720,0,247612,5415892,146756,4583584,100856,832308,1048576,1048576,0,0,0,0,5591776,518652,187236,108216,720632,108216,612416,27888,44380,0,0,0,65946132,8602712,34359738367,537224,0,62720,0,1126400,0,0,0,0,0,0,0,0,2048,0,488720,42405888,93323264
1743620669.001317,600855,21068471,0,131892268,123157348,123303860,0,1120720,0,247612,5415892,146756,4583584,100856,832308,1048576,1048576,0,0,0,0,5591776,518652,187236,108216,720632,108216,612416,27888,44380,0,0,0,65946132,8602712,34359738367,537224,0,62720,0,1126400,0,0,0,0,0,0,0,0,2048,0,488720,42405888,93323264
1743620670.001709,600855,21068471,0,131892268,123157348,123303860,0,1120720,0,247612,5415892,146756,4583584,100856,832308,1048576,1048576,0,0,0,0,5591776,518652,187236,108216,720632,108216,612416,27888,44380,0,0,0,65946132,8602712,34359738367,537224,0,62720,0,1126400,0,0,0,0,0,0,0,0,2048,0,488720,42405888,93323264
1743620671.001363,600855,21068471,0,131892268,123157348,123303860,0,1120720,0,247612,5415892,146756,4583584,100856,832308,1048576,1048576,0,0,0,0,5591776,518652,187236,108216,720632,108216,612416,27888,44380,0,0,0,65946132,8602712,34359738367,537224,0,62720,0,1126400,0,0,0,0,0,0,0,0,2048,0,488720,42405888,93323264
1743620672.001488,600855,21068471,0,131892268,123157348,123303860,0,1120720,0,247612,5415892,146756,4583584,100856,832308,1048576,1048576,0,0,0,0,5591776,518652,187236,108216,720632,108216,612416,27888,44380,0,0,0,65946132,8602712,34359738367,537224,0,62720,0,1126400,0,0,0,0,0,0,0,0,2048,0,488720,42405888,93323264
1743620673.001999,600855,21068471,0,131892268,123157340,123303852,0,1120720,0,247612,5415892,146756,4583584,100856,832308,1048576,1048576,0,0,0,0,5591776,518652,187236,108216,720640,108216,612424,27888,44380,0,0,0,65946132,8602712,34359738367,537224,0,62720,0,1126400,0,0,0,0,0,0,0,0,2048,0,488720,42405888,93323264
1743620674.002065,600855,21068471,0,131892268,123157340,123303852,0,1120720,0,247612,5415892,146756,4583584,100856,832308,1048576,1048576,0,0,0,0,5591776,518652,187236,108216,720640,108216,612424,27888,44380,0,0,0,65946132,8602712,34359738367,537224,0,62720,0,1126400,0,0,0,0,0,0,0,0,2048,0,488720,42405888,93323264
1743620675.001644,600855,21068471,0,131892268,123157340,123303852,0,1120720,0,247612,5415892,146756,4583584,100856,832308,1048576,1048576,0,0,0,0,5591776,518652,187236,108216,720640,108216,612424,27888,44380,0,0,0,65946132,8602712,34359738367,537224,0,62720,0,1126400,0,0,0,0,0,0,0,0,2048,0,488720,42405888,93323264
1743620676.001710,600855,21068471,0,131892268,123157340,123303852,0,1120720,0,247612,5415892,146756,4583584,100856,832308,1048576,1048576,0,0,0,0,5591776,518652,187236,108216,720640,108216,612424,27888,44380,0,0,0,65946132,8602712,34359738367,537224,0,62720,0,1126400,0,0,0,0,0,0,0,0,2048,0,488720,42405888,93323264
1743620677.002167,600855,21068471,0,131892268,123157340,123303852,0,1120720,0,247612,5415892,146756,4583584,100856,832308,1048576,1048576,0,0,0,0,5591776,518652,187236,108216,720640,108216,612424,27888,44380,0,0,0,65946132,8602712,34359738367,537224,0,62720,0,1126400,0,0,0,0,0,0,0,0,2048,0,488720,42405888,93323264
1743620678.001232,600855,21068471,0,131892268,123157340,123303852,0,1120720,0,247612,5415892,146756,4583584,100856,832308,1048576,1048576,0,0,0,0,5591776,518652,187236,108216,720640,108216,612424,27888,44380,0,0,0,65946132,8602712,34359738367,537224,0,62720,0,1126400,0,0,0,0,0,0,0,0,2048,0,488720,42405888,93323264
1743620679.001759,600855,21068471,0,131892268,123157332,123303844,0,1120720,0,247612,5415892,146756,4583584,100856,832308,1048576,1048576,0,0,0,0,5591776,518652,187236,108216,720648,108216,612432,27888,44380,0,0,0,65946132,8602712,34359738367,537224,0,62720,0,1126400,0,0,0,0,0,0,0,0,2048,0,488720,42405888,93323264
1743620680.001825,600855,21068471,0,131892268,123157332,123303844,0,1120720,0,247612,5415892,146756,4583584,100856,832308,1048576,1048576,0,0,0,0,5591776,518652,187236,108216,720648,108216,612432,27888,44380,0,0,0,65946132,8602712,34359738367,537224,0,62720,0,1126400,0,0,0,0,0,0,0,0,2048,0,488720,42405888,93323264
1743620681.001827,600855,21068471,0,131892268,123157328,123303840,0,1120720,0,247612,5415892,146756,4583584,100856,832308,1048576,1048576,0,0,0,0,5591776,518652,187236,108216,720680,108216,612464,27888,44380,0,0,0,65946132,8602712,34359738367,537224,0,62720,0,1126400,0,0,0,0,0,0,0,0,2048,0,488720,42405888,93323264
1743620682.002199,600855,21068471,0,131892268,123157328,123303840,0,1120720,0,247612,5415892,146756,4583584,100856,832308,1048576,1048576,0,0,0,0,5591776,518652,187236,108216,720680,108216,612464,27888,44380,0,0,0,65946132,8602712,34359738367,537224,0,62720,0,1126400,0,0,0,0,0,0,0,0,2048,0,488720,42405888,93323264
1743620683.001314,600855,21068471,0,131892268,123157328,123303840,0,1120720,0,247612,5415892,146756,4583584,100856,832308,1048576,1048576,0,0,0,0,5591776,518652,187236,108216,720680,108216,612464,27888,44380,0,0,0,65946132,8602712,34359738367,537224,0,62720,0,1126400,0,0,0,0,0,0,0,0,2048,0,488720,42405888,93323264
1743620684.001732,600855,21068471,0,131892268,123157328,123303840,0,1120720,0,247612,5415892,146756,4583584,100856,832308,1048576,1048576,0,0,0,0,5591776,518652,187236,108216,720680,108216,612464,27888,44380,0,0,0,65946132,8602712,34359738367,537224,0,62720,0,1126400,0,0,0,0,0,0,0,0,2048,0,488720,42405888,93323264
1743620685.002108,600855,21068471,0,131892268,123157328,123303840,0,1120720,0,247612,5415892,146756,4583584,100856,832308,1048576,1048576,0,0,0,0,5591776,518652,187236,108216,720680,108216,612464,27888,44380,0,0,0,65946132,8602712,34359738367,537224,0,62720,0,1126400,0,0,0,0,0,0,0,0,2048,0,488720,42405888,93323264
1743620686.001177,600855,21068471,0,131892268,123157328,123303840,0,1120720,0,247612,5415892,146756,4583584,100856,832308,1048576,1048576,0,0,0,0,5591776,518652,187236,108216,720680,108216,612464,27888,44380,0,0,0,65946132,8602712,34359738367,537224,0,62720,0,1126400,0,0,0,0,0,0,0,0,2048,0,488720,42405888,93323264
1743620687.001517,600855,21068471,0,131892268,123157328,123303840,0,1120720,0,247612,5415892,146756,4583584,100856,832308,1048576,1048576,0,0,0,0,5591776,518652,187236,108216,720680,108216,612464,27888,44380,0,0,0,65946132,8602712,34359738367,537224,0,62720,0,1126400,0,0,0,0,0,0,0,0,2048,0,488720,42405888,93323264
1743620688.001925,600855,21068471,0,131892268,123157328,123303840,0,1120720,0,247612,5415892,146756,4583584,100856,832308,1048576,1048576,0,0,0,0,5591776,518652,187236,108216,720680,108216,612464,27888,44380,0,0,0,65946132,8602712,34359738367,537224,0,62720,0,1126400,0,0,0,0,0,0,0,0,2048,0,488720,42405888,93323264
1743620689.002051,600855,21068471,0,131892268,123157328,123303840,0,1120720,0,247612,5415892,146756,4583584,100856,832308,1048576,1048576,0,0,0,0,5591776,518652,187236,108216,720680,108216,612464,27888,44380,0,0,0,65946132,8602712,34359738367,537224,0,62720,0,1126400,0,0,0,0,0,0,0,0,2048,0,488720,42405888,93323264
1743620690.001432,600855,21068471,0,131892268,123157328,123303840,0,1120720,0,247612,5415892,146756,4583584,100856,832308,1048576,1048576,0,0,0,0,5591776,518652,187236,108216,720680,108216,612464,27888,44380,0,0,0,65946132,8602712,34359738367,537224,0,62720,0,1126400,0,0,0,0,0,0,0,0,2048,0,488720,42405888,93323264
1743620691.001752,600855,21068471,0,131892268,123157328,123303840,0,1120720,0,247612,5415892,146756,4583584,100856,832308,1048576,1048576,0,0,0,0,5591776,518652,187236,108216,720680,108216,612464,27888,44380,0,0,0,65946132,8602712,34359738367,537224,0,62720,0,1126400,0,0,0,0,0,0,0,0,2048,0,488720,42405888,93323264
1743620692.001821,600855,21068471,0,131892268,123157328,123303840,0,1120720,0,247612,5415892,146756,4583584,100856,832308,1048576,1048576,0,0,0,0,5591776,518652,187236,108216,720680,108216,612464,27888,44380,0,0,0,65946132,8602712,34359738367,537224,0,62720,0,1126400,0,0,0,0,0,0,0,0,2048,0,488720,42405888,93323264
1743620693.001386,600855,21068471,0,131892268,123157328,123303840,0,1120720,0,247612,5415892,146756,4583584,100856,832308,1048576,1048576,0,0,0,0,5591776,518652,187236,108216,720680,108216,612464,27888,44380,0,0,0,65946132,8602712,34359738367,537224,0,62720,0,1126400,0,0,0,0,0,0,0,0,2048,0,488720,42405888,93323264
1743620694.001488,600855,21068471,0,131892268,123157328,123303840,0,1120720,0,247612,5415892,146756,4583584,100856,832308,1048576,1048576,0,0,0,0,5591776,518652,187236,108216,720680,108216,612464,27888,44380,0,0,0,65946132,8602712,34359738367,537224,0,62720,0,1126400,0,0,0,0,0,0,0,0,2048,0,488720,42405888,93323264
1743620695.001973,600855,21068471,0,131892268,123157328,123303840,0,1120720,0,247612,5415892,146756,4583584,100856,832308,1048576,1048576,0,0,0,0,5591776,518652,187236,108216,720656,108216,612440,27888,44380,0,0,0,65946132,8602712,34359738367,537224,0,62720,0,1126400,0,0,0,0,0,0,0,0,2048,0,488720,42405888,93323264
1743620696.002097,600855,21068471,0,131892268,123157356,123303868,0,1120720,0,247612,5415892,146756,4583584,100856,832308,1048576,1048576,0,0,0,0,5591776,518652,187236,108216,720656,108216,612440,27872,44380,0,0,0,65946132,8602712,34359738367,537208,0,62720,0,1126400,0,0,0,0,0,0,0,0,2048,0,488720,42405888,93323264
1743620697.001683,600855,21068471,0,131892268,123157356,123303868,0,1120720,0,247612,5415892,146756,4583584,100856,832308,1048576,1048576,0,0,0,0,5591776,518652,187236,108216,720656,108216,612440,27872,44380,0,0,0,65946132,8602712,34359738367,537208,0,62720,0,1126400,0,0,0,0,0,0,0,0,2048,0,488720,42405888,93323264
1743620698.001801,600855,21068471,0,131892268,123157356,123303868,0,1120720,0,247612,5415892,146756,4583584,100856,832308,1048576,1048576,0,0,0,0,5591776,518652,187236,108216,720656,108216,612440,27872,44380,0,0,0,65946132,8602712,34359738367,537208,0,62720,0,1126400,0,0,0,0,0,0,0,0,2048,0,488720,42405888,93323264
1743620699.001334,600855,21068471,0,131892268,123157356,123303868,0,1120720,0,247612,5415892,146756,4583584,100856,832308,1048576,1048576,0,0,0,0,5591776,518652,187236,108216,720656,108216,612440,27872,44380,0,0,0,65946132,8602712,34359738367,537208,0,62720,0,1126400,0,0,0,0,0,0,0,0,2048,0,488720,42405888,93323264
1743620700.001456,600855,21068471,0,131892268,123157356,123303868,0,1120720,0,247612,5415892,146756,4583584,100856,832308,1048576,1048576,0,0,0,0,5591776,518652,187236,108216,720656,108216,612440,27872,44380,0,0,0,65946132,8602712,34359738367,537208,0,62720,0,1126400,0,0,0,0,0,0,0,0,2048,0,488720,42405888,93323264
1743620701.001807,600855,21068471,0,131892268,123157356,123303868,0,1120720,0,247612,5415892,146756,4583584,100856,832308,1048576,1048576,0,0,0,0,5591776,518652,187236,108216,720656,108216,612440,27872,44380,0,0,0,65946132,8602712,34359738367,537208,0,62720,0,1126400,0,0,0,0,0,0,0,0,2048,0,488720,42405888,93323264
1743620702.002264,600855,21068471,0,131892268,123157356,123303868,0,1120720,0,247612,5415892,146756,4583584,100856,832308,1048576,1048576,0,0,0,0,5591776,518652,187236,108216,720656,108216,612440,27872,44380,0,0,0,65946132,8602712,34359738367,537208,0,62720,0,1126400,0,0,0,0,0,0,0,0,2048,0,488720,42405888,93323264
1743620703.001389,600855,21068471,0,131892268,123157356,123303868,0,1120720,0,247612,5415892,146756,4583584,100856,832308,1048576,1048576,0,0,0,0,5591776,518652,187236,108216,720656,108216,612440,27872,44380,0,0,0,65946132,8602712,34359738367,537208,0,62720,0,1126400,0,0,0,0,0,0,0,0,2048,0,488720,42405888,93323264
1743620704.001823,600855,21068471,0,131892268,123157384,123303896,0,1120720,0,247612,5415892,146756,4583584,100856,832308,1048576,1048576,0,0,0,0,5591776,518652,187236,108216,720656,108216,612440,27872,44380,0,0,0,65946132,8602712,34359738367,537208,0,62720,0,1126400,0,0,0,0,0,0,0,0,2048,0,488720,42405888,93323264
1743620705.002247,600855,21068471,0,131892268,123157384,123303896,0,1120720,0,247612,5415892,146756,4583584,100856,832308,1048576,1048576,0,0,0,0,5591776,518652,187236,108216,720656,108216,612440,27872,44380,0,0,0,65946132,8602712,34359738367,537208,0,62720,0,1126400,0,0,0,0,0,0,0,0,2048,0,488720,42405888,93323264
1743620706.001368,600855,21068471,0,131892268,123157392,123303904,0,1120720,0,247612,5415892,146756,4583584,100856,832308,1048576,1048576,0,0,0,0,5591776,518652,187236,108216,720648,108216,612432,27872,44380,0,0,0,65946132,8602712,34359738367,537208,0,62720,0,1126400,0,0,0,0,0,0,0,0,2048,0,488720,42405888,93323264
1743620707.001833,600855,21068471,0,131892268,123157420,123303932,0,1120720,0,247612,5415892,146756,4583584,100856,832308,1048576,1048576,0,0,0,0,5591776,518652,187236,108216,720648,108216,612432,27872,44380,0,0,0,65946132,8602712,34359738367,537208,0,62720,0,1126400,0,0,0,0,0,0,0,0,2048,0,488720,42405888,93323264
1743620708.002264,600855,21068471,0,131892268,123157420,123303932,0,1120720,0,247612,5415892,146756,4583584,100856,832308,1048576,1048576,0,0,0,0,5591776,518652,187236,108216,720648,108216,612432,27872,44380,0,0,0,65946132,8602712,34359738367,537208,0,62720,0,1126400,0,0,0,0,0,0,0,0,2048,0,488720,42405888,93323264
1743620709.001387,600855,21068471,0,131892268,123157420,123303932,0,1120720,0,247612,5415892,146756,4583584,100856,832308,1048576,1048576,0,0,0,0,5591776,518652,187236,108216,720648,108216,612432,27872,44380,0,0,0,65946132,8602712,34359738367,537208,0,62720,0,1126400,0,0,0,0,0,0,0,0,2048,0,488720,42405888,93323264
1743620710.001834,600855,21068471,0,131892268,123157420,123303932,0,1120720,0,247612,5415892,146756,4583584,100856,832308,1048576,1048576,0,0,0,0,5591776,518652,187236,108216,720648,108216,612432,27872,44380,0,0,0,65946132,8602712,34359738367,537208,0,62720,0,1126400,0,0,0,0,0,0,0,0,2048,0,488720,42405888,93323264
1743620711.001581,600855,21068471,0,131892268,123157448,123303960,0,1120720,0,247612,5415892,146756,4583584,100856,832308,1048576,1048576,0,0,0,0,5591776,518652,187236,108216,720648,108216,612432,27872,44380,0,0,0,65946132,8602712,34359738367,537208,0,62720,0,1126400,0,0,0,0,0,0,0,0,2048,0,488720,42405888,93323264
1743620712.001705,600855,21068471,0,131892268,123157448,123303960,0,1120720,0,247612,5415892,146756,4583584,100856,832308,1048576,1048576,0,0,0,0,5591776,518652,187236,108216,720648,108216,612432,27872,44380,0,0,0,65946132,8602712,34359738367,537208,0,62720,0,1126400,0,0,0,0,0,0,0,0,2048,0,488720,42405888,93323264
1743620713.002207,600855,21068471,0,131892268,123157448,123303960,0,1120720,0,247612,5415892,146756,4583584,100856,832308,1048576,1048576,0,0,0,0,5591776,518652,187236,108216,720648,108216,612432,27872,44380,0,0,0,65946132,8602712,34359738367,537208,0,62720,0,1126400,0,0,0,0,0,0,0,0,2048,0,488720,42405888,93323264
1743620714.001340,600855,21068471,0,131892268,123157448,123303960,0,1120720,0,247612,5415892,146756,4583584,100856,832308,1048576,1048576,0,0,0,0,5591776,518652,187236,108216,720648,108216,612432,27872,44380,0,0,0,65946132,8602712,34359738367,537208,0,62720,0,1126400,0,0,0,0,0,0,0,0,2048,0,488720,42405888,93323264
1743620715.001873,600855,21068471,0,131892268,123157448,123303960,0,1120720,0,247612,5415892,146756,4583584,100856,832308,1048576,1048576,0,0,0,0,5591776,518652,187236,108216,720648,108216,612432,27872,44380,0,0,0,65946132,8602712,34359738367,537208,0,62720,0,1126400,0,0,0,0,0,0,0,0,2048,0,488720,42405888,93323264
1743620716.001940,600855,21068471,0,131892268,123157448,123303960,0,1120720,0,247612,5415892,146756,4583584,100856,832308,1048576,1048576,0,0,0,0,5591776,518652,187236,108216,720648,108216,612432,27872,44380,0,0,0,65946132,8602712,34359738367,537208,0,62720,0,1126400,0,0,0,0,0,0,0,0,2048,0,488720,42405888,93323264
1743620717.001526,600855,21068471,0,131892268,123157448,123303960,0,1120720,0,247612,5415892,146756,4583584,100856,832308,1048576,1048576,0,0,0,0,5591776,518652,187236,108216,720648,108216,612432,27872,44380,0,0,0,65946132,8602712,34359738367,537208,0,62720,0,1126400,0,0,0,0,0,0,0,0,2048,0,488720,42405888,93323264
1743620718.001659,600855,21068471,0,131892268,123157448,123303960,0,1120720,0,247612,5415892,146756,4583584,100856,832308,1048576,1048576,0,0,0,0,5591776,518652,187236,108216,720648,108216,612432,27872,44380,0,0,0,65946132,8602712,34359738367,537208,0,62720,0,1126400,0,0,0,0,0,0,0,0,2048,0,488720,42405888,93323264
1743620719.002199,600855,21068471,0,131892268,123157448,123303960,0,1120720,0,247612,5415892,146756,4583584,100856,832308,1048576,1048576,0,0,0,0,5591776,518652,187236,108216,720648,108216,612432,27872,44380,0,0,0,65946132,8602712,34359738367,537208,0,62720,0,1126400,0,0,0,0,0,0,0,0,2048,0,488720,42405888,93323264
1743620720.001325,600855,21068471,0,131892268,123157448,123303960,0,1120720,0,247612,5415892,146756,4583584,100856,832308,1048576,1048576,0,0,0,0,5591776,518652,187236,108216,720648,108216,612432,27872,44380,0,0,0,65946132,8602712,34359738367,537208,0,62720,0,1126400,0,0,0,0,0,0,0,0,2048,0,488720,42405888,93323264
1743620721.002013,600855,21068471,0,131892268,123157448,123303960,0,1120720,0,247612,5415892,146756,4583584,100856,832308,1048576,1048576,0,0,0,0,5591776,518652,187236,108216,720648,108216,612432,27872,44380,0,0,0,65946132,8602712,34359738367,537208,0,62720,0,1126400,0,0,0,0,0,0,0,0,2048,0,488720,42405888,93323264
1743620722.001394,600855,21068471,0,131892268,123157448,123303960,0,1120720,0,247612,5415892,146756,4583584,100856,832308,1048576,1048576,0,0,0,0,5591776,518652,187236,108216,720648,108216,612432,27872,44380,0,0,0,65946132,8602712,34359738367,537208,0,62720,0,1126400,0,0,0,0,0,0,0,0,2048,0,488720,42405888,93323264
1743620723.001512,600855,21068471,0,131892268,123157448,123303960,0,1120720,0,247612,5415892,146756,4583584,100856,832308,1048576,1048576,0,0,0,0,5591776,518652,187236,108216,720648,108216,612432,27872,44380,0,0,0,65946132,8602712,34359738367,537208,0,62720,0,1126400,0,0,0,0,0,0,0,0,2048,0,488720,42405888,93323264
1743620724.001848,600855,21068471,0,131892268,123157448,123303960,0,1120720,0,247612,5415892,146756,4583584,100856,832308,1048576,1048576,0,0,0,0,5591776,518652,187236,108216,720648,108216,612432,27872,44380,0,0,0,65946132,8602712,34359738367,537208,0,62720,0,1126400,0,0,0,0,0,0,0,0,2048,0,488720,42405888,93323264
1743620725.002292,600855,21068471,0,131892268,123157448,123303960,0,1120720,0,247612,5415892,146756,4583584,100856,832308,1048576,1048576,0,0,0,0,5591776,518652,187236,108216,720648,108216,612432,27872,44380,0,0,0,65946132,8602712,34359738367,537208,0,62720,0,1126400,0,0,0,0,0,0,0,0,2048,0,488720,42405888,93323264
1743620726.001376,600855,21068471,0,131892268,123157448,123303960,0,1120720,0,247612,5415892,146756,4583584,100856,832308,1048576,1048576,0,0,0,0,5591776,518652,187236,108216,720648,108216,612432,27872,44380,0,0,0,65946132,8602712,34359738367,537208,0,62720,0,1126400,0,0,0,0,0,0,0,0,2048,0,488720,42405888,93323264
1743620727.001719,600855,21068471,0,131892268,123157448,123303960,0,1120720,0,247612,5415892,146756,4583584,100856,832308,1048576,1048576,0,0,0,0,5591776,518652,187236,108216,720648,108216,612432,27872,44380,0,0,0,65946132,8602712,34359738367,537208,0,62720,0,1126400,0,0,0,0,0,0,0,0,2048,0,488720,42405888,93323264
1743620728.002121,600855,21068471,0,131892268,123157448,123303960,0,1120720,0,247612,5415892,146756,4583584,100856,832308,1048576,1048576,0,0,0,0,5591776,518652,187236,108216,720648,108216,612432,27856,44380,0,0,0,65946132,8602712,34359738367,537208,0,62720,0,1126400,0,0,0,0,0,0,0,0,2048,0,488720,42405888,93323264
1743620729.001214,600855,21068471,0,131892268,123157448,123303960,0,1120720,0,247612,5415892,146756,4583584,100856,832308,1048576,1048576,0,0,0,0,5591776,518652,187236,108216,720648,108216,612432,27856,44380,0,0,0,65946132,8602712,34359738367,537208,0,62720,0,1126400,0,0,0,0,0,0,0,0,2048,0,488720,42405888,93323264
1743620730.001643,600855,21068471,0,131892268,123157448,123303960,0,1120720,0,247612,5415892,146756,4583584,100856,832308,1048576,1048576,0,0,0,0,5591776,518652,187236,108216,720648,108216,612432,27856,44380,0,0,0,65946132,8602712,34359738367,537208,0,62720,0,1126400,0,0,0,0,0,0,0,0,2048,0,488720,42405888,93323264
1743620731.001381,600855,21068471,0,131892268,123157448,123303960,0,1120720,0,247612,5415892,146756,4583584,100856,832308,1048576,1048576,0,0,0,0,5591776,518652,187236,108216,720648,108216,612432,27856,44380,0,0,0,65946132,8602712,34359738367,537208,0,62720,0,1126400,0,0,0,0,0,0,0,0,2048,0,488720,42405888,93323264
1743620732.001479,600855,21068471,0,131892268,123157448,123303960,0,1120720,0,247612,5415892,146756,4583584,100856,832308,1048576,1048576,0,0,0,0,5591776,518652,187236,108216,720648,108216,612432,27856,44380,0,0,0,65946132,8602712,34359738367,537208,0,62720,0,1126400,0,0,0,0,0,0,0,0,2048,0,488720,42405888,93323264
1743620733.002009,600855,21068471,0,131892268,123157448,123303960,0,1120720,0,247612,5415892,146756,4583584,100856,832308,1048576,1048576,0,0,0,0,5591776,518652,187236,108216,720648,108216,612432,27856,44380,0,0,0,65946132,8602712,34359738367,537208,0,62720,0,1126400,0,0,0,0,0,0,0,0,2048,0,488720,42405888,93323264
1743620734.001109,600855,21068471,0,131892268,123157448,123303960,0,1120720,0,247612,5415892,146756,4583584,100856,832308,1048576,1048576,0,0,0,0,5591776,518652,187236,108216,720648,108216,612432,27856,44380,0,0,0,65946132,8602712,34359738367,537208,0,62720,0,1126400,0,0,0,0,0,0,0,0,2048,0,488720,42405888,93323264
1743620735.001641,600855,21068471,0,131892268,123157520,123304032,0,1120720,0,247612,5415892,146756,4583584,100856,832308,1048576,1048576,0,0,0,0,5591776,518652,187236,108216,720648,108216,612432,27856,44380,0,0,0,65946132,8602712,34359738367,537208,0,62720,0,1126400,0,0,0,0,0,0,0,0,2048,0,488720,42405888,93323264
1743620736.001708,600855,21068471,0,131892268,123157520,123304032,0,1120720,0,247612,5415892,146756,4583584,100856,832308,1048576,1048576,0,0,0,0,5591780,518652,187236,108216,720648,108216,612432,27856,44380,0,0,0,65946132,8602712,34359738367,537208,0,62720,0,1126400,0,0,0,0,0,0,0,0,2048,0,488720,42405888,93323264
1743620737.002199,600855,21068471,0,131892268,123157520,123304032,0,1120720,0,247612,5415892,146756,4583584,100856,832308,1048576,1048576,0,0,0,0,5591780,518652,187236,108216,720648,108216,612432,27856,44380,0,0,0,65946132,8602712,34359738367,537208,0,62720,0,1126400,0,0,0,0,0,0,0,0,2048,0,488720,42405888,93323264
1743620738.001268,600855,21068471,0,131892268,123157520,123304032,0,1120720,0,247612,5415892,146756,4583584,100856,832308,1048576,1048576,0,0,0,0,5591780,518652,187236,108216,720648,108216,612432,27856,44380,0,0,0,65946132,8602712,34359738367,537208,0,62720,0,1126400,0,0,0,0,0,0,0,0,2048,0,488720,42405888,93323264
1743620739.001818,600855,21068471,0,131892268,123157520,123304032,0,1120720,0,247612,5415892,146756,4583584,100856,832308,1048576,1048576,0,0,0,0,5591780,518652,187236,108216,720648,108216,612432,27856,44380,0,0,0,65946132,8602712,34359738367,537208,0,62720,0,1126400,0,0,0,0,0,0,0,0,2048,0,488720,42405888,93323264
1743620740.001886,600855,21068471,0,131892268,123157520,123304032,0,1120720,0,247612,5415892,146756,4583584,100856,832308,1048576,1048576,0,0,0,0,5591780,518652,187236,108216,720648,108216,612432,27856,44380,0,0,0,65946132,8602712,34359738367,537208,0,62720,0,1126400,0,0,0,0,0,0,0,0,2048,0,488720,42405888,93323264
1743620741.001953,600855,21068471,0,131892268,123157548,123304060,0,1120720,0,247612,5415892,146756,4583584,100856,832308,1048576,1048576,0,0,0,0,5591780,518652,187236,108216,720648,108216,612432,27856,44380,0,0,0,65946132,8602712,34359738367,537208,0,62720,0,1126400,0,0,0,0,0,0,0,0,2048,0,488720,42405888,93323264
1743620742.001417,600855,21068471,0,131892268,123157548,123304060,0,1120720,0,247612,5415892,146756,4583584,100856,832308,1048576,1048576,0,0,0,0,5591780,518652,187236,108216,720648,108216,612432,27856,44380,0,0,0,65946132,8602712,34359738367,537208,0,62720,0,1126400,0,0,0,0,0,0,0,0,2048,0,488720,42405888,93323264
1743620743.001517,600855,21068471,0,131892268,123157548,123304060,0,1120720,0,247612,5415892,146756,4583584,100856,832308,1048576,1048576,0,0,0,0,5591780,518652,187236,108216,720648,108216,612432,27856,44380,0,0,0,65946132,8602712,34359738367,537208,0,62720,0,1126400,0,0,0,0,0,0,0,0,2048,0,488720,42405888,93323264
1743620744.001858,600855,21068471,0,131892268,123157548,123304060,0,1120720,0,247612,5415892,146756,4583584,100856,832308,1048576,1048576,0,0,0,0,5591780,518652,187236,108216,720648,108216,612432,27856,44380,0,0,0,65946132,8602712,34359738367,537208,0,62720,0,1126400,0,0,0,0,0,0,0,0,2048,0,488720,42405888,93323264
1743620745.002240,600855,21068471,0,131892268,123157548,123304060,0,1120720,0,247612,5415892,146756,4583584,100856,832308,1048576,1048576,0,0,0,0,5591780,518652,187236,108216,720648,108216,612432,27856,44380,0,0,0,65946132,8602712,34359738367,537208,0,62720,0,1126400,0,0,0,0,0,0,0,0,2048,0,488720,42405888,93323264
1743620746.001357,600855,21068471,0,131892268,123157548,123304060,0,1120720,0,247612,5415892,146756,4583584,100856,832308,1048576,1048576,0,0,0,0,5591780,518652,187236,108216,720648,108216,612432,27856,44380,0,0,0,65946132,8602712,34359738367,537208,0,62720,0,1126400,0,0,0,0,0,0,0,0,2048,0,488720,42405888,93323264
1743620747.001769,600855,21068471,0,131892268,123157548,123304060,0,1120720,0,247612,5415892,146756,4583584,100856,832308,1048576,1048576,0,0,0,0,5591780,518652,187236,108216,720648,108216,612432,27856,44380,0,0,0,65946132,8602712,34359738367,537208,0,62720,0,1126400,0,0,0,0,0,0,0,0,2048,0,488720,42405888,93323264
1743620748.002164,600855,21068471,0,131892268,123157548,123304060,0,1120720,0,247612,5415892,146756,4583584,100856,832308,1048576,1048576,0,0,0,0,5591780,518652,187236,108216,720648,108216,612432,27856,44380,0,0,0,65946132,8602712,34359738367,537208,0,62720,0,1126400,0,0,0,0,0,0,0,0,2048,0,488720,42405888,93323264
1743620749.001269,600855,21068471,0,131892268,123157548,123304060,0,1120720,0,247612,5415892,146756,4583584,100856,832308,1048576,1048576,0,0,0,0,5591780,518652,187236,108216,720648,108216,612432,27856,44380,0,0,0,65946132,8602712,34359738367,537208,0,62720,0,1126400,0,0,0,0,0,0,0,0,2048,0,488720,42405888,93323264
1743620750.001609,600855,21068471,0,131892268,123157548,123304060,0,1120720,0,247612,5415892,146756,4583584,100856,832308,1048576,1048576,0,0,0,0,5591780,518652,187236,108216,720648,108216,612432,27856,44380,0,0,0,65946132,8602712,34359738367,537208,0,62720,0,1126400,0,0,0,0,0,0,0,0,2048,0,488720,42405888,93323264
1743620751.001692,600855,21068471,0,131892268,123157548,123304060,0,1120720,0,247612,5415892,146756,4583584,100856,832308,1048576,1048576,0,0,0,0,5591780,518652,187236,108216,720648,108216,612432,27856,44380,0,0,0,65946132,8602712,34359738367,537208,0,62720,0,1126400,0,0,0,0,0,0,0,0,2048,0,488720,42405888,93323264
1743620752.001818,600855,21068471,0,131892268,123157548,123304060,0,1120720,0,247612,5415892,146756,4583584,100856,832308,1048576,1048576,0,0,0,0,5591780,518652,187236,108216,720648,108216,612432,27856,44380,0,0,0,65946132,8602712,34359738367,537208,0,62720,0,1126400,0,0,0,0,0,0,0,0,2048,0,488720,42405888,93323264
1743620753.001371,600855,21068471,0,131892268,123157548,123304060,0,1120720,0,247612,5415892,146756,4583584,100856,832308,1048576,1048576,0,0,0,0,5591780,518652,187236,108216,720648,108216,612432,27856,44380,0,0,0,65946132,8602712,34359738367,537208,0,62720,0,1126400,0,0,0,0,0,0,0,0,2048,0,488720,42405888,93323264
1743620754.001439,600855,21068471,0,131892268,123157548,123304060,0,1120720,0,247612,5415892,146756,4583584,100856,832308,1048576,1048576,0,0,0,0,5591780,518652,187236,108216,720648,108216,612432,27856,44380,0,0,0,65946132,8602712,34359738367,537208,0,62720,0,1126400,0,0,0,0,0,0,0,0,2048,0,488720,42405888,93323264
1743620755.001923,600855,21068471,0,131892268,123157548,123304060,0,1120720,0,247612,5415892,146756,4583584,100856,832308,1048576,1048576,0,0,0,0,5591780,518652,187236,108216,720648,108216,612432,27856,44380,0,0,0,65946132,8602712,34359738367,537208,0,62720,0,1126400,0,0,0,0,0,0,0,0,2048,0,488720,42405888,93323264
1743620756.001989,600855,21068471,0,131892268,123157548,123304060,0,1120720,0,247612,5415892,146756,4583584,100856,832308,1048576,1048576,0,0,0,0,5591780,518652,187236,108216,720648,108216,612432,27856,44380,0,0,0,65946132,8602712,34359738367,537208,0,62720,0,1126400,0,0,0,0,0,0,0,0,2048,0,488720,42405888,93323264
1743620757.001549,600855,21068471,0,131892268,123157548,123304060,0,1120720,0,247612,5415892,146756,4583584,100856,832308,1048576,1048576,0,0,0,0,5591780,518652,187236,108216,720648,108216,612432,27856,44380,0,0,0,65946132,8602712,34359738367,537208,0,62720,0,1126400,0,0,0,0,0,0,0,0,2048,0,488720,42405888,93323264
1743620758.001678,600855,21068471,0,131892268,123157548,123304060,0,1120720,0,247612,5415892,146756,4583584,100856,832308,1048576,1048576,0,0,0,0,5591780,518652,187236,108216,720648,108216,612432,27856,44380,0,0,0,65946132,8602712,34359738367,537208,0,62720,0,1126400,0,0,0,0,0,0,0,0,2048,0,488720,42405888,93323264
1743620759.002130,600855,21068471,0,131892268,123157540,123304052,0,1120720,0,247612,5415892,146756,4583584,100856,832308,1048576,1048576,0,0,0,0,5591780,518652,187236,108216,720656,108216,612440,27856,44380,0,0,0,65946132,8602712,34359738367,537208,0,62720,0,1126400,0,0,0,0,0,0,0,0,2048,0,488720,42405888,93323264
1743620760.001255,600855,21068471,0,131892268,123157540,123304052,0,1120720,0,247612,5415892,146756,4583584,100856,832308,1048576,1048576,0,0,0,0,5591780,518652,187236,108216,720656,108216,612440,27856,44380,0,0,0,65946132,8602712,34359738367,537208,0,62720,0,1126400,0,0,0,0,0,0,0,0,2048,0,488720,42405888,93323264
1743620761.001811,600855,21068471,0,131892268,123157540,123304052,0,1120720,0,247612,5415892,146756,4583584,100856,832308,1048576,1048576,0,0,0,0,5591780,518652,187236,108216,720656,108216,612440,27856,44380,0,0,0,65946132,8602712,34359738367,537208,0,62720,0,1126400,0,0,0,0,0,0,0,0,2048,0,488720,42405888,93323264
1743620762.002187,600855,21068471,0,131892268,123157540,123304052,0,1120720,0,247612,5415892,146756,4583584,100856,832308,1048576,1048576,0,0,0,0,5591780,518652,187236,108216,720656,108216,612440,27856,44380,0,0,0,65946132,8602712,34359738367,537208,0,62720,0,1126400,0,0,0,0,0,0,0,0,2048,0,488720,42405888,93323264
1743620763.001322,600855,21068471,0,131892268,123157540,123304052,0,1120720,0,247612,5415892,146756,4583584,100856,832308,1048576,1048576,0,0,0,0,5591780,518652,187236,108216,720656,108216,612440,27856,44380,0,0,0,65946132,8602712,34359738367,537208,0,62720,0,1126400,0,0,0,0,0,0,0,0,2048,0,488720,42405888,93323264
1743620764.001670,600855,21068471,0,131892268,123157540,123304052,0,1120720,0,247612,5415892,146756,4583584,100856,832308,1048576,1048576,0,0,0,0,5591780,518652,187236,108216,720656,108216,612440,27856,44380,0,0,0,65946132,8602712,34359738367,537208,0,62720,0,1126400,0,0,0,0,0,0,0,0,2048,0,488720,42405888,93323264
1743620765.002076,600855,21068471,0,131892268,123157568,123304080,0,1120720,0,247612,5415892,146756,4583584,100856,832308,1048576,1048576,0,0,0,0,5591780,518652,187236,108216,720656,108216,612440,27856,44380,0,0,0,65946132,8602712,34359738367,537208,0,62720,0,1126400,0,0,0,0,0,0,0,0,2048,0,488720,42405888,93323264
1743620766.001145,600855,21068471,0,131892268,123157568,123304080,0,1120720,0,247612,5415892,146756,4583584,100856,832308,1048576,1048576,0,0,0,0,5591780,518652,187236,108216,720656,108216,612440,27856,44380,0,0,0,65946132,8602712,34359738367,537208,0,62720,0,1126400,0,0,0,0,0,0,0,0,2048,0,488720,42405888,93323264
1743620767.001512,600855,21068471,0,131892268,123157568,123304080,0,1120720,0,247612,5415892,146756,4583584,100856,832308,1048576,1048576,0,0,0,0,5591780,518652,187236,108216,720656,108216,612440,27856,44380,0,0,0,65946132,8602712,34359738367,537208,0,62720,0,1126400,0,0,0,0,0,0,0,0,2048,0,488720,42405888,93323264
1743620768.001970,600855,21068471,0,131892268,123157568,123304080,0,1120720,0,247612,5415892,146756,4583584,100856,832308,1048576,1048576,0,0,0,0,5591780,518652,187236,108216,720656,108216,612440,27856,44380,0,0,0,65946132,8602712,34359738367,537208,0,62720,0,1126400,0,0,0,0,0,0,0,0,2048,0,488720,42405888,93323264
1743620769.002091,600855,21068471,0,131892268,123157568,123304080,0,1120720,0,247612,5415892,146756,4583584,100856,832308,1048576,1048576,0,0,0,0,5591780,518652,187236,108216,720656,108216,612440,27856,44380,0,0,0,65946132,8602712,34359738367,537208,0,62720,0,1126400,0,0,0,0,0,0,0,0,2048,0,488720,42405888,93323264
1743620770.001504,600855,21068471,0,131892268,123157568,123304080,0,1120720,0,247612,5415892,146756,4583584,100856,832308,1048576,1048576,0,0,0,0,5591780,518652,187236,108216,720656,108216,612440,27856,44380,0,0,0,65946132,8602712,34359738367,537208,0,62720,0,1126400,0,0,0,0,0,0,0,0,2048,0,488720,42405888,93323264
1743620771.001457,600855,21068471,0,131892268,123157568,123304080,0,1120720,0,247612,5415892,146756,4583584,100856,832308,1048576,1048576,0,0,0,0,5591780,518652,187236,108216,720656,108216,612440,27856,44380,0,0,0,65946132,8602712,34359738367,537208,0,62720,0,1126400,0,0,0,0,0,0,0,0,2048,0,488720,42405888,93323264
1743620772.001526,600855,21068471,0,131892268,123157568,123304080,0,1120720,0,247612,5415892,146756,4583584,100856,832308,1048576,1048576,0,0,0,0,5591780,518652,187236,108216,720656,108216,612440,27856,44380,0,0,0,65946132,8602712,34359738367,537208,0,62720,0,1126400,0,0,0,0,0,0,0,0,2048,0,488720,42405888,93323264
1743620773.002009,600855,21068471,0,131892268,123157568,123304080,0,1120720,0,247612,5415892,146756,4583584,100856,832308,1048576,1048576,0,0,0,0,5591780,518652,187236,108216,720656,108216,612440,27856,44380,0,0,0,65946132,8602712,34359738367,537208,0,62720,0,1126400,0,0,0,0,0,0,0,0,2048,0,488720,42405888,93323264
1743620774.001131,600855,21068471,0,131892268,123157568,123304080,0,1120720,0,247612,5415892,146756,4583584,100856,832308,1048576,1048576,0,0,0,0,5591780,518652,187236,108216,720656,108216,612440,27856,44380,0,0,0,65946132,8602712,34359738367,537208,0,62720,0,1126400,0,0,0,0,0,0,0,0,2048,0,488720,42405888,93323264
1743620775.001679,600855,21068471,0,131892268,123157568,123304080,0,1120720,0,247612,5415892,146756,4583584,100856,832308,1048576,1048576,0,0,0,0,5591780,518652,187236,108216,720656,108216,612440,27856,44380,0,0,0,65946132,8602712,34359738367,537208,0,62720,0,1126400,0,0,0,0,0,0,0,0,2048,0,488720,42405888,93323264
1743620776.001776,600855,21068471,0,131892268,123157560,123304072,0,1120720,0,247612,5415892,146756,4583584,100856,832308,1048576,1048576,0,0,0,0,5591780,518652,187236,108216,720664,108216,612448,27856,44380,0,0,0,65946132,8602712,34359738367,537208,0,62720,0,1126400,0,0,0,0,0,0,0,0,2048,0,488720,42405888,93323264
1743620777.002235,600855,21068471,0,131892268,123157552,123304064,0,1120720,0,247612,5415892,146756,4583584,100856,832308,1048576,1048576,0,0,0,0,5591780,518652,187236,108216,720672,108216,612456,27856,44380,0,0,0,65946132,8602712,34359738367,537208,0,62720,0,1126400,0,0,0,0,0,0,0,0,2048,0,488720,42405888,93323264
1743620778.001352,600855,21068471,0,131892268,123157552,123304064,0,1120720,0,247612,5415892,146756,4583584,100856,832308,1048576,1048576,0,0,0,0,5591780,518652,187236,108216,720672,108216,612456,27856,44380,0,0,0,65946132,8602712,34359738367,537208,0,62720,0,1126400,0,0,0,0,0,0,0,0,2048,0,488720,42405888,93323264
1743620779.001880,600855,21068471,0,131892268,123157544,123304056,0,1120720,0,247612,5415892,146756,4583584,100856,832308,1048576,1048576,0,0,0,0,5591780,518652,187236,108216,720680,108216,612464,27856,44380,0,0,0,65946132,8602712,34359738367,537208,0,62720,0,1126400,0,0,0,0,0,0,0,0,2048,0,488720,42405888,93323264
1743620780.001949,600855,21068471,0,131892268,123157544,123304056,0,1120720,0,247612,5415892,146756,4583584,100856,832308,1048576,1048576,0,0,0,0,5591780,518652,187236,108216,720680,108216,612464,27856,44380,0,0,0,65946132,8602712,34359738367,537208,0,62720,0,1126400,0,0,0,0,0,0,0,0,2048,0,488720,42405888,93323264
1743620781.001861,600855,21068471,0,131892268,123157544,123304056,0,1120720,0,247612,5415892,146756,4583584,100856,832308,1048576,1048576,0,0,0,0,5591780,518652,187236,108216,720680,108216,612464,27856,44380,0,0,0,65946132,8602712,34359738367,537208,0,62720,0,1126400,0,0,0,0,0,0,0,0,2048,0,488720,42405888,93323264
1743620782.002246,600855,21068471,0,131892268,123157544,123304056,0,1120720,0,247612,5415892,146756,4583584,100856,832308,1048576,1048576,0,0,0,0,5591780,518652,187236,108216,720680,108216,612464,27856,44380,0,0,0,65946132,8602712,34359738367,537208,0,62720,0,1126400,0,0,0,0,0,0,0,0,2048,0,488720,42405888,93323264
1743620783.001311,600855,21068471,0,131892268,123157544,123304056,0,1120720,0,247612,5415892,146756,4583584,100856,832308,1048576,1048576,0,0,0,0,5591780,518652,187236,108216,720680,108216,612464,27856,44380,0,0,0,65946132,8602712,34359738367,537208,0,62720,0,1126400,0,0,0,0,0,0,0,0,2048,0,488720,42405888,93323264
1743620784.001730,600855,21068471,0,131892268,123157544,123304056,0,1120720,0,247612,5415892,146756,4583584,100856,832308,1048576,1048576,0,0,0,0,5591780,518652,187236,108216,720680,108216,612464,27856,44380,0,0,0,65946132,8602712,34359738367,537208,0,62720,0,1126400,0,0,0,0,0,0,0,0,2048,0,488720,42405888,93323264
1743620785.002157,600855,21068471,0,131892268,123157544,123304056,0,1120720,0,247612,5415892,146756,4583584,100856,832308,1048576,1048576,0,0,0,0,5591780,518652,187236,108216,720680,108216,612464,27856,44380,0,0,0,65946132,8602712,34359738367,537208,0,62720,0,1126400,0,0,0,0,0,0,0,0,2048,0,488720,42405888,93323264
1743620786.001274,600855,21068471,0,131892268,123157544,123304056,0,1120720,0,247612,5415892,146756,4583584,100856,832308,1048576,1048576,0,0,0,0,5591780,518652,187236,108216,720680,108216,612464,27856,44380,0,0,0,65946132,8602712,34359738367,537208,0,62720,0,1126400,0,0,0,0,0,0,0,0,2048,0,488720,42405888,93323264
1743620787.001661,600855,21068471,0,131892268,123157544,123304056,0,1120720,0,247612,5415892,146756,4583584,100856,832308,1048576,1048576,0,0,0,0,5591780,518652,187236,108216,720680,108216,612464,27856,44380,0,0,0,65946132,8602712,34359738367,537208,0,62720,0,1126400,0,0,0,0,0,0,0,0,2048,0,488720,42405888,93323264
1743620788.002060,600855,21068471,0,131892268,123157544,123304056,0,1120720,0,247612,5415892,146756,4583584,100856,832308,1048576,1048576,0,0,0,0,5591780,518652,187236,108216,720680,108216,612464,27856,44380,0,0,0,65946132,8602712,34359738367,537208,0,62720,0,1126400,0,0,0,0,0,0,0,0,2048,0,488720,42405888,93323264
1743620789.001183,600855,21068471,0,131892268,123157544,123304056,0,1120720,0,247612,5415892,146756,4583584,100856,832308,1048576,1048576,0,0,0,0,5591780,518652,187236,108216,720680,108216,612464,27856,44380,0,0,0,65946132,8602712,34359738367,537208,0,62720,0,1126400,0,0,0,0,0,0,0,0,2048,0,488720,42405888,93323264
1743620790.001540,600855,21068471,0,131892268,123157544,123304056,0,1120720,0,247612,5415892,146756,4583584,100856,832308,1048576,1048576,0,0,0,0,5591780,518652,187236,108216,720680,108216,612464,27856,44380,0,0,0,65946132,8602712,34359738367,537208,0,62720,0,1126400,0,0,0,0,0,0,0,0,2048,0,488720,42405888,93323264
1743620791.001342,600855,21068471,0,131892268,123157544,123304056,0,1120720,0,247612,5415892,146756,4583584,100856,832308,1048576,1048576,0,0,0,0,5591780,518652,187236,108216,720680,108216,612464,27856,44380,0,0,0,65946132,8602712,34359738367,537208,0,62720,0,1126400,0,0,0,0,0,0,0,0,2048,0,488720,42405888,93323264
1743620792.001410,600855,21068471,0,131892268,123157536,123304048,0,1120720,0,247612,5415892,146756,4583584,100856,832308,1048576,1048576,0,0,0,0,5591780,518652,187236,108216,720688,108216,612472,27856,44380,0,0,0,65946132,8602712,34359738367,537208,0,62720,0,1126400,0,0,0,0,0,0,0,0,2048,0,488720,42405888,93323264
1743620793.001846,600855,21068471,0,131892268,123157536,123304048,0,1120720,0,247612,5415892,146756,4583584,100856,832308,1048576,1048576,0,0,0,0,5591780,518652,187236,108216,720688,108216,612472,27856,44380,0,0,0,65946132,8602712,34359738367,537208,0,62720,0,1126400,0,0,0,0,0,0,0,0,2048,0,488720,42405888,93323264
1743620794.001916,600855,21068471,0,131892268,123157536,123304048,0,1120720,0,247612,5415892,146756,4583584,100856,832308,1048576,1048576,0,0,0,0,5591780,518652,187236,108216,720688,108216,612472,27856,44380,0,0,0,65946132,8602712,34359738367,537208,0,62720,0,1126400,0,0,0,0,0,0,0,0,2048,0,488720,42405888,93323264
1743620795.001359,600855,21068471,0,131892268,123157536,123304048,0,1120720,0,247612,5415892,146756,4583584,100856,832308,1048576,1048576,0,0,0,0,5591780,518652,187236,108216,720688,108216,612472,27856,44380,0,0,0,65946132,8602712,34359738367,537208,0,62720,0,1126400,0,0,0,0,0,0,0,0,2048,0,488720,42405888,93323264
1743620796.001472,600855,21068471,0,131892268,123157536,123304048,0,1120720,0,247612,5415892,146756,4583584,100856,832308,1048576,1048576,0,0,0,0,5591780,518652,187236,108216,720688,108216,612472,27856,44380,0,0,0,65946132,8602712,34359738367,537208,0,62720,0,1126400,0,0,0,0,0,0,0,0,2048,0,488720,42405888,93323264
1743620797.001973,600855,21068471,0,131892268,123157536,123304048,0,1120720,0,247612,5415892,146756,4583584,100856,832308,1048576,1048576,0,0,0,0,5591780,518652,187236,108216,720688,108216,612472,27856,44380,0,0,0,65946132,8602712,34359738367,537208,0,62720,0,1126400,0,0,0,0,0,0,0,0,2048,0,488720,42405888,93323264
1743620798.002040,600855,21068471,0,131892268,123157536,123304048,0,1120720,0,247612,5415892,146756,4583584,100856,832308,1048576,1048576,0,0,0,0,5591780,518652,187236,108216,720688,108216,612472,27856,44380,0,0,0,65946132,8602712,34359738367,537208,0,62720,0,1126400,0,0,0,0,0,0,0,0,2048,0,488720,42405888,93323264
1743620799.001595,600855,21068471,0,131892268,123157536,123304048,0,1120720,0,247612,5415892,146756,4583584,100856,832308,1048576,1048576,0,0,0,0,5591780,518652,187236,108216,720688,108216,612472,27856,44380,0,0,0,65946132,8602712,34359738367,537208,0,62720,0,1126400,0,0,0,0,0,0,0,0,2048,0,488720,42405888,93323264
1743620800.001718,600855,21068471,0,131892268,123157536,123304048,0,1120720,0,247612,5415892,146756,4583584,100856,832308,1048576,1048576,0,0,0,0,5591780,518652,187236,108216,720688,108216,612472,27856,44380,0,0,0,65946132,8602712,34359738367,537208,0,62720,0,1126400,0,0,0,0,0,0,0,0,2048,0,488720,42405888,93323264
1743620801.001340,600855,21068471,0,131892268,123157528,123304040,0,1120720,0,247612,5415892,146756,4583584,100856,832308,1048576,1048576,0,0,0,0,5591780,518652,187236,108216,720696,108216,612480,27856,44380,0,0,0,65946132,8602712,34359738367,537208,0,62720,0,1126400,0,0,0,0,0,0,0,0,2048,0,488720,42405888,93323264
1743620802.001900,600855,21068471,0,131892268,123157528,123304040,0,1120720,0,247612,5415892,146756,4583584,100856,832308,1048576,1048576,0,0,0,0,5591780,518652,187236,108216,720696,108216,612480,27856,44380,0,0,0,65946132,8602712,34359738367,537208,0,62720,0,1126400,0,0,0,0,0,0,0,0,2048,0,488720,42405888,93323264
1743620803.002020,600855,21068471,0,131892268,123157528,123304040,0,1120720,0,247612,5415892,146756,4583584,100856,832308,1048576,1048576,0,0,0,0,5591780,518652,187236,108216,720696,108216,612480,27856,44380,0,0,0,65946132,8602712,34359738367,537208,0,62720,0,1126400,0,0,0,0,0,0,0,0,2048,0,488720,42405888,93323264
1743620804.001420,600855,21068471,0,131892268,123157520,123304032,0,1120720,0,247612,5415892,146756,4583584,100856,832308,1048576,1048576,0,0,0,0,5591780,518652,187236,108216,720704,108216,612488,27856,44380,0,0,0,65946132,8602712,34359738367,537208,0,62720,0,1126400,0,0,0,0,0,0,0,0,2048,0,488720,42405888,93323264
1743620805.001910,600855,21068471,0,131892268,123157512,123304024,0,1120720,0,247612,5415892,146756,4583584,100856,832308,1048576,1048576,0,0,0,0,5591780,518652,187236,108216,720712,108216,612496,27856,44380,0,0,0,65946132,8602712,34359738367,537208,0,62720,0,1126400,0,0,0,0,0,0,0,0,2048,0,488720,42405888,93323264
1743620806.001977,600855,21068471,0,131892268,123157512,123304024,0,1120720,0,247612,5415892,146756,4583584,100856,832308,1048576,1048576,0,0,0,0,5591780,518652,187236,108216,720712,108216,612496,27856,44380,0,0,0,65946132,8602712,34359738367,537208,0,62720,0,1126400,0,0,0,0,0,0,0,0,2048,0,488720,42405888,93323264
1743620807.001388,600855,21068471,0,131892268,123157504,123304016,0,1120720,0,247612,5415892,146756,4583584,100856,832308,1048576,1048576,0,0,0,0,5591780,518652,187236,108216,720720,108216,612504,27856,44380,0,0,0,65946132,8602712,34359738367,537208,0,62720,0,1126400,0,0,0,0,0,0,0,0,2048,0,488720,42405888,93323264
1743620808.001806,600855,21068471,0,131892268,123157504,123304016,0,1120720,0,247612,5415892,146756,4583584,100856,832308,1048576,1048576,0,0,0,0,5591780,518652,187236,108216,720720,108216,612504,27856,44380,0,0,0,65946132,8602712,34359738367,537208,0,62720,0,1126400,0,0,0,0,0,0,0,0,2048,0,488720,42405888,93323264
1743620809.001876,600855,21068471,0,131892268,123157504,123304016,0,1120720,0,247612,5415892,146756,4583584,100856,832308,1048576,1048576,0,0,0,0,5591780,518652,187236,108216,720720,108216,612504,27856,44380,0,0,0,65946132,8602712,34359738367,537208,0,62720,0,1126400,0,0,0,0,0,0,0,0,2048,0,488720,42405888,93323264
1743620810.001280,600855,21068471,0,131892268,123157504,123304016,0,1120720,0,247612,5415892,146756,4583584,100856,832308,1048576,1048576,0,0,0,0,5591780,518652,187236,108216,720720,108216,612504,27856,44380,0,0,0,65946132,8602712,34359738367,537208,0,62720,0,1126400,0,0,0,0,0,0,0,0,2048,0,488720,42405888,93323264
1743620811.002226,600855,21068471,0,131892268,123157504,123304016,0,1120720,0,247612,5415892,146756,4583584,100856,832308,1048576,1048576,0,0,0,0,5591780,518652,187236,108216,720720,108216,612504,27856,44380,0,0,0,65946132,8602712,34359738367,537208,0,62720,0,1126400,0,0,0,0,0,0,0,0,2048,0,488720,42405888,93323264
1743620812.001344,600855,21068471,0,131892268,123157504,123304016,0,1120720,0,247612,5415892,146756,4583584,100856,832308,1048576,1048576,0,0,0,0,5591780,518652,187236,108216,720720,108216,612504,27856,44380,0,0,0,65946132,8602712,34359738367,537208,0,62720,0,1126400,0,0,0,0,0,0,0,0,2048,0,488720,42405888,93323264
1743620813.001855,600855,21068471,0,131892268,123157504,123304016,0,1120720,0,247612,5415892,146756,4583584,100856,832308,1048576,1048576,0,0,0,0,5591780,518652,187236,108216,720720,108216,612504,27856,44380,0,0,0,65946132,8602712,34359738367,537208,0,62720,0,1126400,0,0,0,0,0,0,0,0,2048,0,488720,42405888,93323264
1743620814.001933,600855,21068471,0,131892268,123157504,123304016,0,1120720,0,247612,5415892,146756,4583584,100856,832308,1048576,1048576,0,0,0,0,5591780,518652,187236,108216,720720,108216,612504,27856,44380,0,0,0,65946132,8602712,34359738367,537208,0,62720,0,1126400,0,0,0,0,0,0,0,0,2048,0,488720,42405888,93323264
1743620815.001460,600855,21068471,0,131892268,123157504,123304016,0,1120720,0,247612,5415892,146756,4583584,100856,832308,1048576,1048576,0,0,0,0,5591780,518652,187236,108216,720720,108216,612504,27856,44380,0,0,0,65946132,8602712,34359738367,537208,0,62720,0,1126400,0,0,0,0,0,0,0,0,2048,0,488720,42405888,93323264
1743620816.001528,600855,21068471,0,131892268,123157504,123304016,0,1120720,0,247612,5415892,146756,4583584,100856,832308,1048576,1048576,0,0,0,0,5591780,518652,187236,108216,720720,108216,612504,27856,44380,0,0,0,65946132,8602712,34359738367,537208,0,62720,0,1126400,0,0,0,0,0,0,0,0,2048,0,488720,42405888,93323264
1743620817.002058,600855,21068471,0,131892268,123157504,123304016,0,1120720,0,247612,5415892,146756,4583584,100856,832308,1048576,1048576,0,0,0,0,5591780,518652,187236,108216,720720,108216,612504,27856,44380,0,0,0,65946132,8602712,34359738367,537208,0,62720,0,1126400,0,0,0,0,0,0,0,0,2048,0,488720,42405888,93323264
1743620818.001127,600855,21068471,0,131892268,123157504,123304016,0,1120720,0,247612,5415892,146756,4583584,100856,832308,1048576,1048576,0,0,0,0,5591780,518652,187236,108216,720720,108216,612504,27856,44380,0,0,0,65946132,8602712,34359738367,537208,0,62720,0,1126400,0,0,0,0,0,0,0,0,2048,0,488720,42405888,93323264
1743620819.001612,600855,21068471,0,131892268,123157504,123304016,0,1120720,0,247612,5415892,146756,4583584,100856,832308,1048576,1048576,0,0,0,0,5591780,518652,187236,108216,720720,108216,612504,27856,44380,0,0,0,65946132,8602712,34359738367,537208,0,62720,0,1126400,0,0,0,0,0,0,0,0,2048,0,488720,42405888,93323264
1743620820.001687,600855,21068471,0,131892268,123157504,123304016,0,1120720,0,247612,5415892,146756,4583584,100856,832308,1048576,1048576,0,0,0,0,5591780,518652,187236,108216,720720,108216,612504,27856,44380,0,0,0,65946132,8602712,34359738367,537208,0,62720,0,1126400,0,0,0,0,0,0,0,0,2048,0,488720,42405888,93323264
1743620821.001431,600855,21068471,0,131892268,123157504,123304016,0,1120720,0,247612,5415892,146756,4583584,100856,832308,1048576,1048576,0,0,0,0,5591780,518652,187236,108216,720720,108216,612504,27856,44380,0,0,0,65946132,8602712,34359738367,537208,0,62720,0,1126400,0,0,0,0,0,0,0,0,2048,0,488720,42405888,93323264
1743620822.001842,600855,21068471,0,131892268,123157504,123304016,0,1120720,0,247612,5415892,146756,4583584,100856,832308,1048576,1048576,0,0,0,0,5591780,518652,187236,108216,720720,108216,612504,27856,44380,0,0,0,65946132,8602712,34359738367,537208,0,62720,0,1126400,0,0,0,0,0,0,0,0,2048,0,488720,42405888,93323264
1743620823.001909,600855,21068471,0,131892268,123157504,123304016,0,1120720,0,247612,5415892,146756,4583584,100856,832308,1048576,1048576,0,0,0,0,5591780,518652,187236,108216,720720,108216,612504,27856,44380,0,0,0,65946132,8602712,34359738367,537208,0,62720,0,1126400,0,0,0,0,0,0,0,0,2048,0,488720,42405888,93323264
1743620824.001338,600855,21068471,0,131892268,123157504,123304016,0,1120720,0,247612,5415892,146756,4583584,100856,832308,1048576,1048576,0,0,0,0,5591780,518652,187236,108216,720720,108216,612504,27856,44380,0,0,0,65946132,8602712,34359738367,537208,0,62720,0,1126400,0,0,0,0,0,0,0,0,2048,0,488720,42405888,93323264
1743620825.001825,600855,21068471,0,131892268,123157504,123304016,0,1120720,0,247612,5415892,146756,4583584,100856,832308,1048576,1048576,0,0,0,0,5591780,518652,187236,108216,720720,108216,612504,27856,44380,0,0,0,65946132,8602712,34359738367,537208,0,62720,0,1126400,0,0,0,0,0,0,0,0,2048,0,488720,42405888,93323264
1743620826.001892,600855,21068471,0,131892268,123157536,123304048,0,1120720,0,247612,5415892,146756,4583584,100856,832308,1048576,1048576,0,0,0,0,5591780,518652,187236,108216,720720,108216,612504,27856,44380,0,0,0,65946132,8602712,34359738367,537208,0,62720,0,1126400,0,0,0,0,0,0,0,0,2048,0,488720,42405888,93323264
1743620827.001330,600855,21068471,0,131892268,123157564,123304076,0,1120720,0,247612,5415892,146756,4583584,100856,832308,1048576,1048576,0,0,0,0,5591780,518652,187236,108216,720720,108216,612504,27856,44380,0,0,0,65946132,8602712,34359738367,537208,0,62720,0,1126400,0,0,0,0,0,0,0,0,2048,0,488720,42405888,93323264
1743620828.001761,600855,21068471,0,131892268,123157564,123304076,0,1120720,0,247612,5415892,146756,4583584,100856,832308,1048576,1048576,0,0,0,0,5591780,518652,187236,108216,720720,108216,612504,27856,44380,0,0,0,65946132,8602712,34359738367,537208,0,62720,0,1126400,0,0,0,0,0,0,0,0,2048,0,488720,42405888,93323264
1743620829.001847,600855,21068471,0,131892268,123157564,123304076,0,1120720,0,247612,5415892,146756,4583584,100856,832308,1048576,1048576,0,0,0,0,5591780,518652,187236,108216,720720,108216,612504,27856,44380,0,0,0,65946132,8602712,34359738367,537208,0,62720,0,1126400,0,0,0,0,0,0,0,0,2048,0,488720,42405888,93323264
1743620830.001212,600855,21068471,0,131892268,123157596,123304092,0,1120720,0,247612,5415892,146756,4583584,100856,832308,1048576,1048576,0,0,0,0,5591780,518652,187236,108184,720688,108184,612504,27840,44380,0,0,0,65946132,8602712,34359738367,537192,0,62720,0,1126400,0,0,0,0,0,0,0,0,2048,0,488720,42405888,93323264
1743620831.001334,600855,21068471,0,131892268,123157596,123304092,0,1120720,0,247612,5415892,146756,4583584,100856,832308,1048576,1048576,0,0,0,0,5591780,518652,187236,108184,720688,108184,612504,27840,44380,0,0,0,65946132,8602712,34359738367,537192,0,62720,0,1126400,0,0,0,0,0,0,0,0,2048,0,488720,42405888,93323264
1743620832.001449,600855,21068471,0,131892268,123157596,123304092,0,1120720,0,247612,5415892,146756,4583584,100856,832308,1048576,1048576,0,0,0,0,5591780,518652,187236,108184,720688,108184,612504,27840,44380,0,0,0,65946132,8602712,34359738367,537192,0,62720,0,1126400,0,0,0,0,0,0,0,0,2048,0,488720,42405888,93323264
1743620833.001932,600855,21068471,0,131892268,123157596,123304092,0,1120720,0,247612,5415892,146756,4583584,100856,832308,1048576,1048576,0,0,0,0,5591780,518652,187236,108184,720688,108184,612504,27840,44380,0,0,0,65946132,8602712,34359738367,537192,0,62720,0,1126400,0,0,0,0,0,0,0,0,2048,0,488720,42405888,93323264
1743620834.002007,600855,21068471,0,131892268,123157596,123304092,0,1120720,0,247612,5415892,146756,4583584,100856,832308,1048576,1048576,0,0,0,0,5591780,518652,187236,108184,720688,108184,612504,27840,44380,0,0,0,65946132,8602712,34359738367,537192,0,62720,0,1126400,0,0,0,0,0,0,0,0,2048,0,488720,42405888,93323264
1743620835.001562,600855,21068471,0,131892268,123157596,123304092,0,1120720,0,247612,5415892,146756,4583584,100856,832308,1048576,1048576,0,0,0,0,5591780,518652,187236,108184,720688,108184,612504,27840,44380,0,0,0,65946132,8602712,34359738367,537192,0,62720,0,1126400,0,0,0,0,0,0,0,0,2048,0,488720,42405888,93323264
1743620836.001640,600855,21068471,0,131892268,123157596,123304092,0,1120720,0,247612,5415892,146756,4583584,100856,832308,1048576,1048576,0,0,0,0,5591780,518652,187236,108184,720688,108184,612504,27840,44380,0,0,0,65946132,8602712,34359738367,537192,0,62720,0,1126400,0,0,0,0,0,0,0,0,2048,0,488720,42405888,93323264
1743620837.002101,600855,21068471,0,131892268,123157596,123304092,0,1120720,0,247612,5415892,146756,4583584,100856,832308,1048576,1048576,0,0,0,0,5591780,518652,187236,108184,720688,108184,612504,27840,44380,0,0,0,65946132,8602712,34359738367,537192,0,62720,0,1126400,0,0,0,0,0,0,0,0,2048,0,488720,42405888,93323264
1743620838.001195,600855,21068471,0,131892268,123157596,123304092,0,1120720,0,247612,5415892,146756,4583584,100856,832308,1048576,1048576,0,0,0,0,5591780,518652,187236,108184,720688,108184,612504,27840,44380,0,0,0,65946132,8602712,34359738367,537192,0,62720,0,1126400,0,0,0,0,0,0,0,0,2048,0,488720,42405888,93323264
1743620839.001733,600855,21068471,0,131892268,123157596,123304092,0,1120720,0,247612,5415892,146756,4583584,100856,832308,1048576,1048576,0,0,0,0,5591780,518652,187236,108184,720688,108184,612504,27840,44380,0,0,0,65946132,8602712,34359738367,537192,0,62720,0,1126400,0,0,0,0,0,0,0,0,2048,0,488720,42405888,93323264
1743620840.001807,600855,21068471,0,131892268,123157596,123304092,0,1120720,0,247612,5415892,146756,4583584,100856,832308,1048576,1048576,0,0,0,0,5591780,518652,187236,108184,720688,108184,612504,27840,44380,0,0,0,65946132,8602712,34359738367,537192,0,62720,0,1126400,0,0,0,0,0,0,0,0,2048,0,488720,42405888,93323264
1743620841.001682,600855,21068471,0,131892268,123157596,123304092,0,1120720,0,247612,5415892,146756,4583584,100856,832308,1048576,1048576,0,0,0,0,5591780,518652,187236,108184,720688,108184,612504,27840,44380,0,0,0,65946132,8602712,34359738367,537192,0,62720,0,1126400,0,0,0,0,0,0,0,0,2048,0,488720,42405888,93323264
1743620842.002079,600855,21068471,0,131892268,123157596,123304092,0,1120720,0,247612,5415892,146756,4583584,100856,832308,1048576,1048576,0,0,0,0,5591780,518652,187236,108184,720688,108184,612504,27840,44380,0,0,0,65946132,8602712,34359738367,537192,0,62720,0,1126400,0,0,0,0,0,0,0,0,2048,0,488720,42405888,93323264
1743620843.001201,600855,21068471,0,131892268,123157596,123304092,0,1120720,0,247612,5415892,146756,4583584,100856,832308,1048576,1048576,0,0,0,0,5591780,518652,187236,108184,720688,108184,612504,27840,44380,0,0,0,65946132,8602712,34359738367,537192,0,62720,0,1126400,0,0,0,0,0,0,0,0,2048,0,488720,42405888,93323264
1743620844.001580,600855,21068471,0,131892268,123157596,123304092,0,1120720,0,247612,5415892,146756,4583584,100856,832308,1048576,1048576,0,0,0,0,5591780,518652,187236,108184,720688,108184,612504,27840,44380,0,0,0,65946132,8602712,34359738367,537192,0,62720,0,1126400,0,0,0,0,0,0,0,0,2048,0,488720,42405888,93323264
1743620845.002004,600855,21068471,0,131892268,123157596,123304092,0,1120720,0,247612,5415892,146756,4583584,100856,832308,1048576,1048576,0,0,0,0,5591780,518652,187236,108184,720688,108184,612504,27840,44380,0,0,0,65946132,8602712,34359738367,537192,0,62720,0,1126400,0,0,0,0,0,0,0,0,2048,0,488720,42405888,93323264
1743620846.001127,600855,21068471,0,131892268,123157596,123304092,0,1120720,0,247612,5415892,146756,4583584,100856,832308,1048576,1048576,0,0,0,0,5591780,518652,187236,108184,720688,108184,612504,27840,44380,0,0,0,65946132,8602712,34359738367,537192,0,62720,0,1126400,0,0,0,0,0,0,0,0,2048,0,488720,42405888,93323264
1743620847.001600,600855,21068471,0,131892268,123157596,123304092,0,1120720,0,247612,5415892,146756,4583584,100856,832308,1048576,1048576,0,0,0,0,5591780,518652,187236,108184,720688,108184,612504,27840,44380,0,0,0,65946132,8602712,34359738367,537192,0,62720,0,1126400,0,0,0,0,0,0,0,0,2048,0,488720,42405888,93323264
1743620848.002029,600855,21068471,0,131892268,123157596,123304092,0,1120720,0,247612,5415892,146756,4583584,100856,832308,1048576,1048576,0,0,0,0,5591780,518652,187236,108184,720688,108184,612504,27840,44380,0,0,0,65946132,8602712,34359738367,537192,0,62720,0,1126400,0,0,0,0,0,0,0,0,2048,0,488720,42405888,93323264
1743620849.001142,600855,21068471,0,131892268,123157596,123304092,0,1120720,0,247612,5415892,146756,4583584,100856,832308,1048576,1048576,0,0,0,0,5591780,518652,187236,108184,720688,108184,612504,27840,44380,0,0,0,65946132,8602712,34359738367,537192,0,62720,0,1126400,0,0,0,0,0,0,0,0,2048,0,488720,42405888,93323264
1743620850.001530,600855,21068471,0,131892268,123157596,123304092,0,1120720,0,247612,5415892,146756,4583584,100856,832308,1048576,1048576,0,0,0,0,5591780,518652,187236,108184,720688,108184,612504,27840,44380,0,0,0,65946132,8602712,34359738367,537192,0,62720,0,1126400,0,0,0,0,0,0,0,0,2048,0,488720,42405888,93323264
1743620851.001866,600855,21068471,0,131892268,123157596,123304092,0,1120720,0,247612,5415880,146756,4583572,100856,832308,1048576,1048576,0,0,0,0,5591780,518652,187236,108184,720688,108184,612504,27840,44380,0,0,0,65946132,8602712,34359738367,537192,0,62720,0,1126400,0,0,0,0,0,0,0,0,2048,0,488720,42405888,93323264
1743620852.001931,600855,21068471,0,131892268,123157596,123304092,0,1120720,0,247612,5415880,146756,4583572,100856,832308,1048576,1048576,0,0,0,0,5591780,518652,187236,108184,720688,108184,612504,27840,44380,0,0,0,65946132,8602712,34359738367,537192,0,62720,0,1126400,0,0,0,0,0,0,0,0,2048,0,488720,42405888,93323264
1743620853.001523,600855,21068471,0,131892268,123157596,123304092,0,1120720,0,247612,5415880,146756,4583572,100856,832308,1048576,1048576,0,0,0,0,5591780,518652,187236,108184,720688,108184,612504,27840,44380,0,0,0,65946132,8602712,34359738367,537208,0,62720,0,1126400,0,0,0,0,0,0,0,0,2048,0,488720,42405888,93323264
1743620854.001613,600855,21068471,0,131892268,123157596,123304092,0,1120720,0,247612,5415880,146756,4583572,100856,832308,1048576,1048576,0,0,0,0,5591780,518652,187236,108184,720688,108184,612504,27840,44380,0,0,0,65946132,8602712,34359738367,537208,0,62720,0,1126400,0,0,0,0,0,0,0,0,2048,0,488720,42405888,93323264
1743620855.002097,600855,21068471,0,131892268,123157624,123304120,0,1120720,0,247612,5415880,146756,4583572,100856,832308,1048576,1048576,0,0,0,0,5591780,518652,187236,108184,720688,108184,612504,27840,44380,0,0,0,65946132,8602712,34359738367,537208,0,62720,0,1126400,0,0,0,0,0,0,0,0,2048,0,488720,42405888,93323264
1743620856.001224,600855,21068471,0,131892268,123157624,123304120,0,1120720,0,247612,5415880,146756,4583572,100856,832308,1048576,1048576,0,0,0,0,5591780,518652,187236,108184,720688,108184,612504,27840,44380,0,0,0,65946132,8602712,34359738367,537208,0,62720,0,1126400,0,0,0,0,0,0,0,0,2048,0,488720,42405888,93323264
1743620857.001793,600855,21068471,0,131892268,123157652,123304148,0,1120720,0,247612,5415880,146756,4583572,100856,832308,1048576,1048576,0,0,0,0,5591780,518652,187236,108184,720688,108184,612504,27840,44380,0,0,0,65946132,8602712,34359738367,537208,0,62720,0,1126400,0,0,0,0,0,0,0,0,2048,0,488720,42405888,93323264
1743620858.001868,600855,21068471,0,131892268,123157652,123304148,0,1120720,0,247612,5415880,146756,4583572,100856,832308,1048576,1048576,0,0,0,0,5591780,518652,187236,108184,720688,108184,612504,27840,44380,0,0,0,65946132,8602712,34359738367,537208,0,62720,0,1126400,0,0,0,0,0,0,0,0,2048,0,488720,42405888,93323264
1743620859.001467,600855,21068471,0,131892268,123157652,123304148,0,1120720,0,247612,5415880,146756,4583572,100856,832308,1048576,1048576,0,0,0,0,5591780,518652,187236,108184,720688,108184,612504,27840,44380,0,0,0,65946132,8602712,34359738367,537208,0,62720,0,1126400,0,0,0,0,0,0,0,0,2048,0,488720,42405888,93323264
1743620860.001537,600855,21068471,0,131892268,123157652,123304148,0,1120720,0,247612,5415880,146756,4583572,100856,832308,1048576,1048576,0,0,0,0,5591780,518652,187236,108184,720688,108184,612504,27840,44380,0,0,0,65946132,8602712,34359738367,537208,0,62720,0,1126400,0,0,0,0,0,0,0,0,2048,0,488720,42405888,93323264
1743620861.001834,600855,21068471,0,131892268,123157652,123304148,0,1120720,0,247612,5415880,146756,4583572,100856,832308,1048576,1048576,0,0,0,0,5591780,518652,187236,108184,720688,108184,612504,27840,44380,0,0,0,65946132,8602712,34359738367,537208,0,62720,0,1126400,0,0,0,0,0,0,0,0,2048,0,488720,42405888,93323264
1743620862.002277,600855,21068471,0,131892268,123157652,123304148,0,1120720,0,247612,5415880,146756,4583572,100856,832308,1048576,1048576,0,0,0,0,5591780,518652,187236,108184,720688,108184,612504,27840,44380,0,0,0,65946132,8602712,34359738367,537208,0,62720,0,1126400,0,0,0,0,0,0,0,0,2048,0,488720,42405888,93323264
1743620863.001388,600855,21068471,0,131892268,123157652,123304148,0,1120720,0,247612,5415880,146756,4583572,100856,832308,1048576,1048576,0,0,0,0,5591780,518652,187236,108184,720688,108184,612504,27840,44380,0,0,0,65946132,8602712,34359738367,537208,0,62720,0,1126400,0,0,0,0,0,0,0,0,2048,0,488720,42405888,93323264
1743620864.001818,600855,21068471,0,131892268,123157652,123304148,0,1120720,0,247612,5415880,146756,4583572,100856,832308,1048576,1048576,0,0,0,0,5591780,518652,187236,108184,720688,108184,612504,27840,44380,0,0,0,65946132,8602712,34359738367,537208,0,62720,0,1126400,0,0,0,0,0,0,0,0,2048,0,488720,42405888,93323264
1743620865.002264,600855,21068471,0,131892268,123157652,123304148,0,1120720,0,247612,5415880,146756,4583572,100856,832308,1048576,1048576,0,0,0,0,5591780,518652,187236,108184,720688,108184,612504,27840,44380,0,0,0,65946132,8602712,34359738367,537208,0,62720,0,1126400,0,0,0,0,0,0,0,0,2048,0,488720,42405888,93323264
1743620866.001331,600855,21068471,0,131892268,123157652,123304148,0,1120720,0,247612,5415880,146756,4583572,100856,832308,1048576,1048576,0,0,0,0,5591780,518652,187236,108184,720688,108184,612504,27840,44380,0,0,0,65946132,8602712,34359738367,537208,0,62720,0,1126400,0,0,0,0,0,0,0,0,2048,0,488720,42405888,93323264
1743620867.001699,600855,21068471,0,131892268,123157652,123304148,0,1120720,0,247612,5415880,146756,4583572,100856,832308,1048576,1048576,0,0,0,0,5591780,518652,187236,108184,720688,108184,612504,27840,44380,0,0,0,65946132,8602712,34359738367,537208,0,62720,0,1126400,0,0,0,0,0,0,0,0,2048,0,488720,42405888,93323264
1743620868.002103,600855,21068471,0,131892268,123157652,123304148,0,1120720,0,247612,5415880,146756,4583572,100856,832308,1048576,1048576,0,0,0,0,5591780,518652,187236,108184,720688,108184,612504,27840,44380,0,0,0,65946132,8602712,34359738367,537208,0,62720,0,1126400,0,0,0,0,0,0,0,0,2048,0,488720,42405888,93323264
1743620869.001227,600855,21068471,0,131892268,123157652,123304148,0,1120720,0,247612,5415880,146756,4583572,100856,832308,1048576,1048576,0,0,0,0,5591780,518652,187236,108184,720688,108184,612504,27840,44380,0,0,0,65946132,8602712,34359738367,537208,0,62720,0,1126400,0,0,0,0,0,0,0,0,2048,0,488720,42405888,93323264
1743620870.001714,600855,21068471,0,131892268,123157652,123304148,0,1120720,0,247612,5415880,146756,4583572,100856,832308,1048576,1048576,0,0,0,0,5591780,518652,187236,108184,720688,108184,612504,27840,44380,0,0,0,65946132,8602712,34359738367,537208,0,62720,0,1126400,0,0,0,0,0,0,0,0,2048,0,488720,42405888,93323264
1743620871.001489,600855,21068471,0,131892268,123157652,123304148,0,1120720,0,247612,5415880,146756,4583572,100856,832308,1048576,1048576,0,0,0,0,5591780,518652,187236,108184,720688,108184,612504,27840,44380,0,0,0,65946132,8602712,34359738367,537208,0,62720,0,1126400,0,0,0,0,0,0,0,0,2048,0,488720,42405888,93323264
1743620872.001593,600855,21068471,0,131892268,123157652,123304148,0,1120720,0,247612,5415880,146756,4583572,100856,832308,1048576,1048576,0,0,0,0,5591780,518652,187236,108184,720688,108184,612504,27840,44380,0,0,0,65946132,8602712,34359738367,537208,0,62720,0,1126400,0,0,0,0,0,0,0,0,2048,0,488720,42405888,93323264
1743620873.002133,600855,21068471,0,131892268,123157652,123304148,0,1120720,0,247612,5415880,146756,4583572,100856,832308,1048576,1048576,0,0,0,0,5591780,518652,187236,108184,720688,108184,612504,27840,44380,0,0,0,65946132,8602712,34359738367,537208,0,62720,0,1126400,0,0,0,0,0,0,0,0,2048,0,488720,42405888,93323264
1743620874.001203,600855,21068471,0,131892268,123157652,123304148,0,1120720,0,247612,5415880,146756,4583572,100856,832308,1048576,1048576,0,0,0,0,5591780,518652,187236,108184,720688,108184,612504,27840,44380,0,0,0,65946132,8602712,34359738367,537208,0,62720,0,1126400,0,0,0,0,0,0,0,0,2048,0,488720,42405888,93323264
1743620875.001694,600855,21068471,0,131892268,123157652,123304148,0,1120720,0,247612,5415880,146756,4583572,100856,832308,1048576,1048576,0,0,0,0,5591780,518652,187236,108184,720684,108184,612500,27840,44380,0,0,0,65946132,8602712,34359738367,537208,0,62720,0,1126400,0,0,0,0,0,0,0,0,2048,0,488720,42405888,93323264
1743620876.001765,600855,21068471,0,131892268,123157652,123304148,0,1120720,0,247612,5415880,146756,4583572,100856,832308,1048576,1048576,0,0,0,0,5591780,518652,187236,108184,720684,108184,612500,27840,44380,0,0,0,65946132,8602712,34359738367,537208,0,62720,0,1126400,0,0,0,0,0,0,0,0,2048,0,488720,42405888,93323264
1743620877.002294,600855,21068471,0,131892268,123157652,123304148,0,1120720,0,247612,5415880,146756,4583572,100856,832308,1048576,1048576,0,0,0,0,5591780,518652,187236,108184,720684,108184,612500,27840,44380,0,0,0,65946132,8602712,34359738367,537208,0,62720,0,1126400,0,0,0,0,0,0,0,0,2048,0,488720,42405888,93323264
1743620878.001362,600855,21068471,0,131892268,123157652,123304148,0,1120720,0,247612,5415880,146756,4583572,100856,832308,1048576,1048576,0,0,0,0,5591780,518652,187236,108184,720684,108184,612500,27840,44380,0,0,0,65946132,8602712,34359738367,537208,0,62720,0,1126400,0,0,0,0,0,0,0,0,2048,0,488720,42405888,93323264
1743620879.001855,600855,21068471,0,131892268,123157652,123304148,0,1120720,0,247612,5415880,146756,4583572,100856,832308,1048576,1048576,0,0,0,0,5591780,518652,187236,108184,720684,108184,612500,27840,44380,0,0,0,65946132,8602712,34359738367,537208,0,62720,0,1126400,0,0,0,0,0,0,0,0,2048,0,488720,42405888,93323264
1743620880.001945,600855,21068471,0,131892268,123157652,123304148,0,1120720,0,247612,5415880,146756,4583572,100856,832308,1048576,1048576,0,0,0,0,5591780,518652,187236,108184,720684,108184,612500,27840,44380,0,0,0,65946132,8602712,34359738367,537208,0,62720,0,1126400,0,0,0,0,0,0,0,0,2048,0,488720,42405888,93323264
1743620881.001262,600855,21068471,0,131892268,123157652,123304148,0,1120720,0,247612,5415880,146756,4583572,100856,832308,1048576,1048576,0,0,0,0,5591780,518652,187236,108184,720684,108184,612500,27840,44380,0,0,0,65946132,8602712,34359738367,537208,0,62720,0,1126400,0,0,0,0,0,0,0,0,2048,0,488720,42405888,93323264
1743620882.001675,600855,21068471,0,131892268,123157652,123304148,0,1120720,0,247612,5415880,146756,4583572,100856,832308,1048576,1048576,0,0,0,0,5591780,518652,187236,108184,720684,108184,612500,27840,44380,0,0,0,65946132,8602712,34359738367,537208,0,62720,0,1126400,0,0,0,0,0,0,0,0,2048,0,488720,42405888,93323264
1743620883.001749,600855,21068471,0,131892268,123157676,123304172,0,1120720,0,247612,5415880,146756,4583572,100856,832308,1048576,1048576,0,0,0,0,5591780,518652,187236,108184,720684,108184,612500,27840,44380,0,0,0,65946132,8602712,34359738367,537208,0,62720,0,1126400,0,0,0,0,0,0,0,0,2048,0,488720,42405888,93323264
1743620884.002104,600855,21068471,0,131892268,123157676,123304172,0,1120720,0,247612,5415880,146756,4583572,100856,832308,1048576,1048576,0,0,0,0,5591780,518652,187236,108184,720684,108184,612500,27840,44380,0,0,0,65946132,8602712,34359738367,537208,0,62720,0,1126400,0,0,0,0,0,0,0,0,2048,0,488720,42405888,93323264
1743620885.001507,600855,21068471,0,131892268,123157676,123304172,0,1120720,0,247612,5415880,146756,4583572,100856,832308,1048576,1048576,0,0,0,0,5591780,518652,187236,108184,720684,108184,612500,27840,44380,0,0,0,65946132,8602712,34359738367,537208,0,62720,0,1126400,0,0,0,0,0,0,0,0,2048,0,488720,42405888,93323264
1743620886.001646,600855,21068471,0,131892268,123157668,123304164,0,1120720,0,247612,5415880,146756,4583572,100856,832308,1048576,1048576,0,0,0,0,5591780,518652,187236,108184,720692,108184,612508,27840,44380,0,0,0,65946132,8602712,34359738367,537208,0,62720,0,1126400,0,0,0,0,0,0,0,0,2048,0,488720,42405888,93323264
1743620887.002063,600855,21068471,0,131892268,123157668,123304164,0,1120720,0,247612,5415880,146756,4583572,100856,832308,1048576,1048576,0,0,0,0,5591780,518652,187236,108184,720692,108184,612508,27840,44380,0,0,0,65946132,8602712,34359738367,537208,0,62720,0,1126400,0,0,0,0,0,0,0,0,2048,0,488720,42405888,93323264
1743620888.001563,600855,21068471,0,131892268,123157668,123304164,0,1120720,0,247612,5415880,146756,4583572,100856,832308,1048576,1048576,0,0,0,0,5591780,518652,187236,108184,720692,108184,612508,27840,44380,0,0,0,65946132,8602712,34359738367,537208,0,62720,0,1126400,0,0,0,0,0,0,0,0,2048,0,488720,42405888,93323264
1743620889.001695,600855,21068471,0,131892268,123157668,123304164,0,1120720,0,247612,5415880,146756,4583572,100856,832308,1048576,1048576,0,0,0,0,5591780,518652,187236,108184,720692,108184,612508,27840,44380,0,0,0,65946132,8602712,34359738367,537208,0,62720,0,1126400,0,0,0,0,0,0,0,0,2048,0,488720,42405888,93323264
1743620890.002084,600855,21068471,0,131892268,123157636,123304132,0,1120720,0,247612,5415880,146756,4583572,100856,832308,1048576,1048576,0,0,0,0,5591780,518652,187236,108184,720724,108184,612540,27840,44380,0,0,0,65946132,8602712,34359738367,537208,0,62720,0,1126400,0,0,0,0,0,0,0,0,2048,0,488720,42405888,93323264
1743620891.002091,600855,21068471,0,131892268,123157628,123304124,0,1120720,0,247612,5415880,146756,4583572,100856,832308,1048576,1048576,0,0,0,0,5591780,518652,187236,108184,720732,108184,612548,27840,44380,0,0,0,65946132,8602712,34359738367,537208,0,62720,0,1126400,0,0,0,0,0,0,0,0,2048,0,488720,42405888,93323264
1743620892.001213,600855,21068471,0,131892268,123157628,123304124,0,1120720,0,247612,5415880,146756,4583572,100856,832308,1048576,1048576,0,0,0,0,5591780,518652,187236,108184,720732,108184,612548,27840,44380,0,0,0,65946132,8602712,34359738367,537208,0,62720,0,1126400,0,0,0,0,0,0,0,0,2048,0,488720,42405888,93323264
1743620893.001797,600855,21068471,0,131892268,123157628,123304124,0,1120720,0,247612,5415880,146756,4583572,100856,832308,1048576,1048576,0,0,0,0,5591780,518652,187236,108184,720732,108184,612548,27840,44380,0,0,0,65946132,8602712,34359738367,537208,0,62720,0,1126400,0,0,0,0,0,0,0,0,2048,0,488720,42405888,93323264
1743620894.001863,600855,21068471,0,131892268,123157628,123304124,0,1120720,0,247612,5415880,146756,4583572,100856,832308,1048576,1048576,0,0,0,0,5591780,518652,187236,108184,720732,108184,612548,27840,44380,0,0,0,65946132,8602712,34359738367,537208,0,62720,0,1126400,0,0,0,0,0,0,0,0,2048,0,488720,42405888,93323264
1743620895.001444,600855,21068471,0,131892268,123157628,123304124,0,1120720,0,247612,5415880,146756,4583572,100856,832308,1048576,1048576,0,0,0,0,5591780,518652,187236,108184,720732,108184,612548,27840,44380,0,0,0,65946132,8602712,34359738367,537208,0,62720,0,1126400,0,0,0,0,0,0,0,0,2048,0,488720,42405888,93323264
1743620896.001548,600855,21068471,0,131892268,123157628,123304124,0,1120720,0,247612,5415880,146756,4583572,100856,832308,1048576,1048576,0,0,0,0,5591780,518652,187236,108184,720732,108184,612548,27840,44380,0,0,0,65946132,8602712,34359738367,537208,0,62720,0,1126400,0,0,0,0,0,0,0,0,2048,0,488720,42405888,93323264
1743620897.002104,600855,21068471,0,131892268,123157620,123304116,0,1120720,0,247612,5415880,146756,4583572,100856,832308,1048576,1048576,0,0,0,0,5591780,518652,187236,108184,720740,108184,612556,27840,44380,0,0,0,65946132,8602712,34359738367,537208,0,62720,0,1126400,0,0,0,0,0,0,0,0,2048,0,488720,42405888,93323264
1743620898.001216,600855,21068471,0,131892268,123157620,123304116,0,1120720,0,247612,5415880,146756,4583572,100856,832308,1048576,1048576,0,0,0,0,5591780,518652,187236,108184,720740,108184,612556,27840,44380,0,0,0,65946132,8602712,34359738367,537208,0,62720,0,1126400,0,0,0,0,0,0,0,0,2048,0,488720,42405888,93323264
1743620899.001708,600855,21068471,0,131892268,123157620,123304116,0,1120720,0,247612,5415880,146756,4583572,100856,832308,1048576,1048576,0,0,0,0,5591780,518652,187236,108184,720740,108184,612556,27840,44380,0,0,0,65946132,8602712,34359738367,537208,0,62720,0,1126400,0,0,0,0,0,0,0,0,2048,0,488720,42405888,93323264
1743620900.001775,600855,21068471,0,131892268,123157620,123304116,0,1120720,0,247612,5415880,146756,4583572,100856,832308,1048576,1048576,0,0,0,0,5591780,518652,187236,108184,720740,108184,612556,27840,44380,0,0,0,65946132,8602712,34359738367,537208,0,62720,0,1126400,0,0,0,0,0,0,0,0,2048,0,488720,42405888,93323264
1743620901.001751,600855,21068471,0,131892268,123157620,123304116,0,1120720,0,247612,5415880,146756,4583572,100856,832308,1048576,1048576,0,0,0,0,5591780,518652,187236,108184,720740,108184,612556,27840,44380,0,0,0,65946132,8602712,34359738367,537208,0,62720,0,1126400,0,0,0,0,0,0,0,0,2048,0,488720,42405888,93323264
1743620902.002203,600855,21068471,0,131892268,123157620,123304116,0,1120720,0,247612,5415880,146756,4583572,100856,832308,1048576,1048576,0,0,0,0,5591780,518652,187236,108184,720740,108184,612556,27840,44380,0,0,0,65946132,8602712,34359738367,537208,0,62720,0,1126400,0,0,0,0,0,0,0,0,2048,0,488720,42405888,93323264
1743620903.001268,600855,21068471,0,131892268,123157620,123304116,0,1120720,0,247612,5415880,146756,4583572,100856,832308,1048576,1048576,0,0,0,0,5591780,518652,187236,108184,720740,108184,612556,27840,44380,0,0,0,65946132,8602712,34359738367,537208,0,62720,0,1126400,0,0,0,0,0,0,0,0,2048,0,488720,42405888,93323264
1743620904.001637,600855,21068471,0,131892268,123157620,123304116,0,1120720,0,247612,5415880,146756,4583572,100856,832308,1048576,1048576,0,0,0,0,5591780,518652,187236,108184,720740,108184,612556,27840,44380,0,0,0,65946132,8602712,34359738367,537208,0,62720,0,1126400,0,0,0,0,0,0,0,0,2048,0,488720,42405888,93323264
1743620905.002043,600855,21068471,0,131892268,123157620,123304116,0,1120720,0,247612,5415880,146756,4583572,100856,832308,1048576,1048576,0,0,0,0,5591780,518652,187236,108184,720740,108184,612556,27840,44380,0,0,0,65946132,8602712,34359738367,537208,0,62720,0,1126400,0,0,0,0,0,0,0,0,2048,0,488720,42405888,93323264
1743620906.001148,600855,21068471,0,131892268,123157620,123304116,0,1120720,0,247612,5415880,146756,4583572,100856,832308,1048576,1048576,0,0,0,0,5591780,518652,187236,108184,720740,108184,612556,27840,44380,0,0,0,65946132,8602712,34359738367,537208,0,62720,0,1126400,0,0,0,0,0,0,0,0,2048,0,488720,42405888,93323264
1743620907.001550,600855,21068471,0,131892268,123157620,123304116,0,1120720,0,247612,5415880,146756,4583572,100856,832308,1048576,1048576,0,0,0,0,5591780,518652,187236,108184,720740,108184,612556,27840,44380,0,0,0,65946132,8602712,34359738367,537208,0,62720,0,1126400,0,0,0,0,0,0,0,0,2048,0,488720,42405888,93323264
1743620908.001984,600855,21068471,0,131892268,123157620,123304116,0,1120720,0,247612,5415880,146756,4583572,100856,832308,1048576,1048576,0,0,0,0,5591780,518652,187236,108184,720740,108184,612556,27840,44380,0,0,0,65946132,8602712,34359738367,537208,0,62720,0,1126400,0,0,0,0,0,0,0,0,2048,0,488720,42405888,93323264
1743620909.002105,600855,21068471,0,131892268,123157620,123304116,0,1120720,0,247612,5415880,146756,4583572,100856,832308,1048576,1048576,0,0,0,0,5591780,518652,187236,108184,720740,108184,612556,27840,44380,0,0,0,65946132,8602712,34359738367,537208,0,62720,0,1126400,0,0,0,0,0,0,0,0,2048,0,488720,42405888,93323264
1743620910.001508,600855,21068471,0,131892268,123157620,123304116,0,1120720,0,247612,5415880,146756,4583572,100856,832308,1048576,1048576,0,0,0,0,5591780,518652,187236,108184,720740,108184,612556,27840,44380,0,0,0,65946132,8602712,34359738367,537208,0,62720,0,1126400,0,0,0,0,0,0,0,0,2048,0,488720,42405888,93323264
1743620911.002088,600855,21068471,0,131892268,123157620,123304116,0,1120720,0,247612,5415880,146756,4583572,100856,832308,1048576,1048576,0,0,0,0,5591780,518652,187236,108184,720740,108184,612556,27840,44380,0,0,0,65946132,8602712,34359738367,537208,0,62720,0,1126400,0,0,0,0,0,0,0,0,2048,0,488720,42405888,93323264
1743620912.001211,600855,21068471,0,131892268,123157620,123304116,0,1120720,0,247612,5415880,146756,4583572,100856,832308,1048576,1048576,0,0,0,0,5591780,518652,187236,108184,720740,108184,612556,27840,44380,0,0,0,65946132,8602712,34359738367,537208,0,62720,0,1126400,0,0,0,0,0,0,0,0,2048,0,488720,42405888,93323264
1743620913.001792,600855,21068471,0,131892268,123157620,123304116,0,1120720,0,247612,5415880,146756,4583572,100856,832308,1048576,1048576,0,0,0,0,5591780,518652,187236,108184,720740,108184,612556,27840,44380,0,0,0,65946132,8602712,34359738367,537208,0,62720,0,1126400,0,0,0,0,0,0,0,0,2048,0,488720,42405888,93323264
1743620914.001876,600855,21068471,0,131892268,123157620,123304116,0,1120720,0,247612,5415880,146756,4583572,100856,832308,1048576,1048576,0,0,0,0,5591780,518652,187236,108184,720740,108184,612556,27840,44380,0,0,0,65946132,8602712,34359738367,537208,0,62720,0,1126400,0,0,0,0,0,0,0,0,2048,0,488720,42405888,93323264
1743620915.001431,600855,21068471,0,131892268,123157620,123304116,0,1120720,0,247612,5415880,146756,4583572,100856,832308,1048576,1048576,0,0,0,0,5591780,518652,187236,108184,720740,108184,612556,27840,44380,0,0,0,65946132,8602712,34359738367,537208,0,62720,0,1126400,0,0,0,0,0,0,0,0,2048,0,488720,42405888,93323264
1743620916.001551,600855,21068471,0,131892268,123157620,123304116,0,1120720,0,247612,5415880,146756,4583572,100856,832308,1048576,1048576,0,0,0,0,5591780,518652,187236,108184,720740,108184,612556,27840,44380,0,0,0,65946132,8602712,34359738367,537208,0,62720,0,1126400,0,0,0,0,0,0,0,0,2048,0,488720,42405888,93323264
1743620917.002117,600855,21068471,0,131892268,123157620,123304116,0,1120720,0,247612,5415880,146756,4583572,100856,832308,1048576,1048576,0,0,0,0,5591780,518652,187236,108184,720740,108184,612556,27840,44380,0,0,0,65946132,8602712,34359738367,537208,0,62720,0,1126400,0,0,0,0,0,0,0,0,2048,0,488720,42405888,93323264
1743620918.001246,600855,21068471,0,131892268,123157620,123304116,0,1120720,0,247612,5415880,146756,4583572,100856,832308,1048576,1048576,0,0,0,0,5591780,518652,187236,108184,720740,108184,612556,27840,44380,0,0,0,65946132,8602712,34359738367,537208,0,62720,0,1126400,0,0,0,0,0,0,0,0,2048,0,488720,42405888,93323264
1743620919.001780,600855,21068471,0,131892268,123157620,123304116,0,1120720,0,247612,5415880,146756,4583572,100856,832308,1048576,1048576,0,0,0,0,5591780,518652,187236,108184,720740,108184,612556,27840,44380,0,0,0,65946132,8602712,34359738367,537208,0,62720,0,1126400,0,0,0,0,0,0,0,0,2048,0,488720,42405888,93323264
1743620920.001848,600855,21068471,0,131892268,123157620,123304116,0,1120720,0,247612,5415880,146756,4583572,100856,832308,1048576,1048576,0,0,0,0,5591780,518652,187236,108184,720740,108184,612556,27840,44380,0,0,0,65946132,8602712,34359738367,537208,0,62720,0,1126400,0,0,0,0,0,0,0,0,2048,0,488720,42405888,93323264
1743620921.001732,600855,21068471,0,131892268,123157620,123304116,0,1120720,0,247612,5415880,146756,4583572,100856,832308,1048576,1048576,0,0,0,0,5591780,518652,187236,108184,720740,108184,612556,27840,44380,0,0,0,65946132,8602712,34359738367,537208,0,62720,0,1126400,0,0,0,0,0,0,0,0,2048,0,488720,42405888,93323264
1743620922.002133,600855,21068471,0,131892268,123157620,123304116,0,1120720,0,247612,5415880,146756,4583572,100856,832308,1048576,1048576,0,0,0,0,5591780,518652,187236,108184,720740,108184,612556,27840,44380,0,0,0,65946132,8602712,34359738367,537208,0,62720,0,1126400,0,0,0,0,0,0,0,0,2048,0,488720,42405888,93323264
1743620923.001256,600855,21068471,0,131892268,123157620,123304116,0,1120720,0,247612,5415880,146756,4583572,100856,832308,1048576,1048576,0,0,0,0,5591780,518652,187236,108184,720740,108184,612556,27840,44380,0,0,0,65946132,8602712,34359738367,537208,0,62720,0,1126400,0,0,0,0,0,0,0,0,2048,0,488720,42405888,93323264
1743620924.001722,600855,21068471,0,131892268,123157620,123304116,0,1120720,0,247612,5415880,146756,4583572,100856,832308,1048576,1048576,0,0,0,0,5591780,518652,187236,108184,720740,108184,612556,27840,44380,0,0,0,65946132,8602712,34359738367,537208,0,62720,0,1126400,0,0,0,0,0,0,0,0,2048,0,488720,42405888,93323264
1743620925.002141,600855,21068471,0,131892268,123157620,123304116,0,1120720,0,247612,5415880,146756,4583572,100856,832308,1048576,1048576,0,0,0,0,5591780,518652,187236,108184,720740,108184,612556,27840,44380,0,0,0,65946132,8602712,34359738367,537208,0,62720,0,1126400,0,0,0,0,0,0,0,0,2048,0,488720,42405888,93323264
1743620926.001232,600855,21068471,0,131892268,123157620,123304116,0,1120720,0,247612,5415880,146756,4583572,100856,832308,1048576,1048576,0,0,0,0,5591780,518652,187236,108184,720740,108184,612556,27840,44380,0,0,0,65946132,8602712,34359738367,537208,0,62720,0,1126400,0,0,0,0,0,0,0,0,2048,0,488720,42405888,93323264
1743620927.001594,600855,21068471,0,131892268,123157620,123304116,0,1120720,0,247612,5415880,146756,4583572,100856,832308,1048576,1048576,0,0,0,0,5591780,518652,187236,108184,720740,108184,612556,27840,44380,0,0,0,65946132,8602712,34359738367,537208,0,62720,0,1126400,0,0,0,0,0,0,0,0,2048,0,488720,42405888,93323264
1743620928.002024,600855,21068471,0,131892268,123157620,123304116,0,1120720,0,247612,5415880,146756,4583572,100856,832308,1048576,1048576,0,0,0,0,5591780,518652,187236,108184,720740,108184,612556,27840,44380,0,0,0,65946132,8602712,34359738367,537208,0,62720,0,1126400,0,0,0,0,0,0,0,0,2048,0,488720,42405888,93323264
1743620929.001148,600855,21068471,0,131892268,123157620,123304116,0,1120720,0,247612,5415880,146756,4583572,100856,832308,1048576,1048576,0,0,0,0,5591780,518652,187236,108184,720740,108184,612556,27840,44380,0,0,0,65946132,8602712,34359738367,537208,0,62720,0,1126400,0,0,0,0,0,0,0,0,2048,0,488720,42405888,93323264
1743620930.001605,600855,21068471,0,131892268,123157620,123304116,0,1120720,0,247612,5415880,146756,4583572,100856,832308,1048576,1048576,0,0,0,0,5591780,518652,187236,108184,720740,108184,612556,27840,44380,0,0,0,65946132,8602712,34359738367,537208,0,62720,0,1126400,0,0,0,0,0,0,0,0,2048,0,488720,42405888,93323264
1743620931.001733,600855,21068471,0,131892268,123157620,123304116,0,1120720,0,247612,5415880,146756,4583572,100856,832308,1048576,1048576,0,0,0,0,5591780,518652,187236,108184,720740,108184,612556,27840,44380,0,0,0,65946132,8602712,34359738367,537208,0,62720,0,1126400,0,0,0,0,0,0,0,0,2048,0,488720,42405888,93323264
1743620932.001802,600855,21068471,0,131892268,123157620,123304116,0,1120720,0,247612,5415880,146756,4583572,100856,832308,1048576,1048576,0,0,0,0,5591780,518652,187236,108184,720740,108184,612556,27840,44380,0,0,0,65946132,8602712,34359738367,537208,0,62720,0,1126400,0,0,0,0,0,0,0,0,2048,0,488720,42405888,93323264
1743620933.001382,600855,21068471,0,131892268,123157620,123304116,0,1120720,0,247612,5415880,146756,4583572,100856,832308,1048576,1048576,0,0,0,0,5591780,518652,187236,108184,720740,108184,612556,27840,44380,0,0,0,65946132,8602712,34359738367,537208,0,62720,0,1126400,0,0,0,0,0,0,0,0,2048,0,488720,42405888,93323264
1743620934.001514,600855,21068471,0,131892268,123157620,123304116,0,1120720,0,247612,5415880,146756,4583572,100856,832308,1048576,1048576,0,0,0,0,5591780,518652,187236,108184,720740,108184,612556,27840,44380,0,0,0,65946132,8602712,34359738367,537208,0,62720,0,1126400,0,0,0,0,0,0,0,0,2048,0,488720,42405888,93323264
1743620935.001991,600855,21068471,0,131892268,123157620,123304116,0,1120720,0,247612,5415880,146756,4583572,100856,832308,1048576,1048576,0,0,0,0,5591780,518652,187236,108184,720740,108184,612556,27840,44380,0,0,0,65946132,8602712,34359738367,537208,0,62720,0,1126400,0,0,0,0,0,0,0,0,2048,0,488720,42405888,93323264
1743620936.002060,600855,21068471,0,131892268,123157620,123304116,0,1120720,0,247612,5415880,146756,4583572,100856,832308,1048576,1048576,0,0,0,0,5591780,518652,187236,108184,720740,108184,612556,27840,44380,0,0,0,65946132,8602712,34359738367,537208,0,62720,0,1126400,0,0,0,0,0,0,0,0,2048,0,488720,42405888,93323264
1743620937.001599,600855,21068471,0,131892268,123157620,123304116,0,1120720,0,247612,5415880,146756,4583572,100856,832308,1048576,1048576,0,0,0,0,5591780,518652,187236,108184,720740,108184,612556,27840,44380,0,0,0,65946132,8602712,34359738367,537208,0,62720,0,1126400,0,0,0,0,0,0,0,0,2048,0,488720,42405888,93323264
1743620938.001728,600855,21068471,0,131892268,123157620,123304116,0,1120720,0,247612,5415880,146756,4583572,100856,832308,1048576,1048576,0,0,0,0,5591780,518652,187236,108184,720740,108184,612556,27840,44380,0,0,0,65946132,8602712,34359738367,537208,0,62720,0,1126400,0,0,0,0,0,0,0,0,2048,0,488720,42405888,93323264
1743620939.002243,600855,21068471,0,131892268,123157620,123304116,0,1120720,0,247612,5415880,146756,4583572,100856,832308,1048576,1048576,0,0,0,0,5591780,518652,187236,108184,720740,108184,612556,27840,44380,0,0,0,65946132,8602712,34359738367,537208,0,62720,0,1126400,0,0,0,0,0,0,0,0,2048,0,488720,42405888,93323264
1743620940.001370,600855,21068471,0,131892268,123157620,123304116,0,1120720,0,247612,5415880,146756,4583572,100856,832308,1048576,1048576,0,0,0,0,5591780,518652,187236,108184,720740,108184,612556,27840,44380,0,0,0,65946132,8602712,34359738367,537208,0,62720,0,1126400,0,0,0,0,0,0,0,0,2048,0,488720,42405888,93323264
1743620941.002110,600855,21068471,0,131892268,123157620,123304116,0,1120720,0,247612,5415880,146756,4583572,100856,832308,1048576,1048576,0,0,0,0,5591780,518652,187236,108184,720740,108184,612556,27840,44380,0,0,0,65946132,8602712,34359738367,537208,0,62720,0,1126400,0,0,0,0,0,0,0,0,2048,0,488720,42405888,93323264
1743620942.001552,600855,21068471,0,131892268,123157620,123304116,0,1120720,0,247612,5415880,146756,4583572,100856,832308,1048576,1048576,0,0,0,0,5591780,518652,187236,108184,720740,108184,612556,27840,44380,0,0,0,65946132,8602712,34359738367,537208,0,62720,0,1126400,0,0,0,0,0,0,0,0,2048,0,488720,42405888,93323264
1743620943.001696,600855,21068471,0,131892268,123157620,123304116,0,1120720,0,247612,5415880,146756,4583572,100856,832308,1048576,1048576,0,0,0,0,5591780,518652,187236,108184,720740,108184,612556,27840,44380,0,0,0,65946132,8602712,34359738367,537208,0,62720,0,1126400,0,0,0,0,0,0,0,0,2048,0,488720,42405888,93323264
1743620944.002129,600855,21068471,0,131892268,123157620,123304116,0,1120720,0,247612,5415880,146756,4583572,100856,832308,1048576,1048576,0,0,0,0,5591780,518652,187236,108184,720740,108184,612556,27840,44380,0,0,0,65946132,8602712,34359738367,537208,0,62720,0,1126400,0,0,0,0,0,0,0,0,2048,0,488720,42405888,93323264
1743620945.001577,600855,21068471,0,131892268,123157620,123304116,0,1120720,0,247612,5415880,146756,4583572,100856,832308,1048576,1048576,0,0,0,0,5591780,518652,187236,108184,720740,108184,612556,27840,44380,0,0,0,65946132,8602712,34359738367,537208,0,62720,0,1126400,0,0,0,0,0,0,0,0,2048,0,488720,42405888,93323264
1743620946.001649,600855,21068471,0,131892268,123157620,123304116,0,1120720,0,247612,5415880,146756,4583572,100856,832308,1048576,1048576,0,0,0,0,5591780,518652,187236,108184,720740,108184,612556,27840,44380,0,0,0,65946132,8602712,34359738367,537208,0,62720,0,1126400,0,0,0,0,0,0,0,0,2048,0,488720,42405888,93323264
1743620947.001978,600855,21068471,0,131892268,123157620,123304116,0,1120720,0,247612,5415880,146756,4583572,100856,832308,1048576,1048576,0,0,0,0,5591780,518652,187236,108184,720740,108184,612556,27840,44380,0,0,0,65946132,8602712,34359738367,537208,0,62720,0,1126400,0,0,0,0,0,0,0,0,2048,0,488720,42405888,93323264
1743620948.001455,600855,21068471,0,131892268,123157620,123304116,0,1120720,0,247612,5415880,146756,4583572,100856,832308,1048576,1048576,0,0,0,0,5591780,518652,187236,108184,720740,108184,612556,27840,44380,0,0,0,65946132,8602712,34359738367,537208,0,62720,0,1126400,0,0,0,0,0,0,0,0,2048,0,488720,42405888,93323264
1743620949.001525,600855,21068471,0,131892268,123157620,123304116,0,1120720,0,247612,5415880,146756,4583572,100856,832308,1048576,1048576,0,0,0,0,5591780,518652,187236,108184,720740,108184,612556,27840,44380,0,0,0,65946132,8602712,34359738367,537208,0,62720,0,1126400,0,0,0,0,0,0,0,0,2048,0,488720,42405888,93323264
1743620950.001885,600855,21068471,0,131892268,123157620,123304116,0,1120720,0,247612,5415880,146756,4583572,100856,832308,1048576,1048576,0,0,0,0,5591780,518652,187236,108184,720740,108184,612556,27840,44380,0,0,0,65946132,8602712,34359738367,537208,0,62720,0,1126400,0,0,0,0,0,0,0,0,2048,0,488720,42405888,93323264
1743620951.001549,600855,21068471,0,131892268,123157620,123304116,0,1120720,0,247612,5415880,146756,4583572,100856,832308,1048576,1048576,0,0,0,0,5591780,518652,187236,108184,720740,108184,612556,27840,44380,0,0,0,65946132,8602712,34359738367,537208,0,62720,0,1126400,0,0,0,0,0,0,0,0,2048,0,488720,42405888,93323264
1743620952.001646,600855,21068471,0,131892268,123157620,123304116,0,1120720,0,247612,5415880,146756,4583572,100856,832308,1048576,1048576,0,0,0,0,5591780,518652,187236,108184,720740,108184,612556,27840,44380,0,0,0,65946132,8602712,34359738367,537208,0,62720,0,1126400,0,0,0,0,0,0,0,0,2048,0,488720,42405888,93323264
1743620953.002071,600855,21068471,0,131892268,123157620,123304116,0,1120720,0,247612,5415880,146756,4583572,100856,832308,1048576,1048576,0,0,0,0,5591780,518652,187236,108184,720740,108184,612556,27840,44380,0,0,0,65946132,8602712,34359738367,537208,0,62720,0,1126400,0,0,0,0,0,0,0,0,2048,0,488720,42405888,93323264
1743620954.001139,600855,21068471,0,131892268,123157620,123304116,0,1120720,0,247612,5415880,146756,4583572,100856,832308,1048576,1048576,0,0,0,0,5591780,518652,187236,108184,720740,108184,612556,27840,44380,0,0,0,65946132,8602712,34359738367,537208,0,62720,0,1126400,0,0,0,0,0,0,0,0,2048,0,488720,42405888,93323264
1743620955.001736,600855,21068471,0,131892268,123157620,123304116,0,1120720,0,247612,5415880,146756,4583572,100856,832308,1048576,1048576,0,0,0,0,5591780,518652,187236,108184,720740,108184,612556,27840,44380,0,0,0,65946132,8602712,34359738367,537208,0,62720,0,1126400,0,0,0,0,0,0,0,0,2048,0,488720,42405888,93323264
1743620956.001865,600855,21068471,0,131892268,123157620,123304116,0,1120720,0,247612,5415880,146756,4583572,100856,832308,1048576,1048576,0,0,0,0,5591780,518652,187236,108184,720740,108184,612556,27840,44380,0,0,0,65946132,8602712,34359738367,537208,0,62720,0,1126400,0,0,0,0,0,0,0,0,2048,0,488720,42405888,93323264
1743620957.001471,600855,21068471,0,131892268,123157684,123304180,0,1120720,0,247612,5415880,146756,4583572,100856,832308,1048576,1048576,0,0,0,0,5591780,518652,187236,108184,720740,108184,612556,27840,44380,0,0,0,65946132,8602712,34359738367,537208,0,62720,0,1126400,0,0,0,0,0,0,0,0,2048,0,488720,42405888,93323264
1743620958.001566,600855,21068471,0,131892268,123157684,123304180,0,1120720,0,247612,5415880,146756,4583572,100856,832308,1048576,1048576,0,0,0,0,5591780,518652,187236,108184,720740,108184,612556,27840,44380,0,0,0,65946132,8602712,34359738367,537208,0,62720,0,1126400,0,0,0,0,0,0,0,0,2048,0,488720,42405888,93323264
1743620959.002075,600855,21068471,0,131892268,123157716,123304212,0,1120720,0,247612,5415880,146756,4583572,100856,832308,1048576,1048576,0,0,0,0,5591780,518652,187236,108184,720708,108184,612524,27712,44380,0,0,0,65946132,8602712,34359738367,537192,0,62720,0,1126400,0,0,0,0,0,0,0,0,2048,0,488720,42405888,93323264
1743620960.001157,600855,21068471,0,131892268,123157716,123304212,0,1120720,0,247612,5415880,146756,4583572,100856,832308,1048576,1048576,0,0,0,0,5591780,518652,187236,108184,720708,108184,612524,27712,44380,0,0,0,65946132,8602712,34359738367,537192,0,62720,0,1126400,0,0,0,0,0,0,0,0,2048,0,488720,42405888,93323264
1743620961.001824,600855,21068471,0,131892268,123157716,123304212,0,1120720,0,247612,5415880,146756,4583572,100856,832308,1048576,1048576,0,0,0,0,5591780,518652,187236,108184,720708,108184,612524,27712,44380,0,0,0,65946132,8602712,34359738367,537192,0,62720,0,1126400,0,0,0,0,0,0,0,0,2048,0,488720,42405888,93323264
1743620962.002234,600855,21068471,0,131892268,123157716,123304212,0,1120720,0,247612,5415880,146756,4583572,100856,832308,1048576,1048576,0,0,0,0,5591780,518652,187236,108184,720708,108184,612524,27712,44380,0,0,0,65946132,8602712,34359738367,537192,0,62720,0,1126400,0,0,0,0,0,0,0,0,2048,0,488720,42405888,93323264
1743620963.001351,600855,21068471,0,131892268,123157716,123304212,0,1120720,0,247612,5415880,146756,4583572,100856,832308,1048576,1048576,0,0,0,0,5591780,518652,187236,108184,720708,108184,612524,27712,44380,0,0,0,65946132,8602712,34359738367,537192,0,62720,0,1126400,0,0,0,0,0,0,0,0,2048,0,488720,42405888,93323264
1743620964.001765,600855,21068471,0,131892268,123157708,123304204,0,1120720,0,247612,5415880,146756,4583572,100856,832308,1048576,1048576,0,0,0,0,5591780,518652,187236,108184,720716,108184,612532,27712,44380,0,0,0,65946132,8602712,34359738367,537192,0,62720,0,1126400,0,0,0,0,0,0,0,0,2048,0,488720,42405888,93323264
1743620965.002168,600855,21068471,0,131892268,123157708,123304204,0,1120720,0,247612,5415880,146756,4583572,100856,832308,1048576,1048576,0,0,0,0,5591780,518652,187236,108184,720716,108184,612532,27712,44380,0,0,0,65946132,8602712,34359738367,537192,0,62720,0,1126400,0,0,0,0,0,0,0,0,2048,0,488720,42405888,93323264
1743620966.001261,600855,21068471,0,131892268,123157708,123304204,0,1120720,0,247612,5415880,146756,4583572,100856,832308,1048576,1048576,0,0,0,0,5591780,518652,187236,108184,720716,108184,612532,27696,44380,0,0,0,65946132,8602712,34359738367,537192,0,62720,0,1126400,0,0,0,0,0,0,0,0,2048,0,488720,42405888,93323264
1743620967.001648,600855,21068471,0,131892268,123157708,123304204,0,1120720,0,247612,5415880,146756,4583572,100856,832308,1048576,1048576,0,0,0,0,5591780,518652,187236,108184,720716,108184,612532,27696,44380,0,0,0,65946132,8602712,34359738367,537192,0,62720,0,1126400,0,0,0,0,0,0,0,0,2048,0,488720,42405888,93323264
1743620968.002058,600855,21068471,0,131892268,123157708,123304204,0,1120720,0,247612,5415880,146756,4583572,100856,832308,1048576,1048576,0,0,0,0,5591780,518652,187236,108184,720716,108184,612532,27696,44380,0,0,0,65946132,8602712,34359738367,537192,0,62720,0,1126400,0,0,0,0,0,0,0,0,2048,0,488720,42405888,93323264
1743620969.001183,600855,21068471,0,131892268,123157700,123304196,0,1120720,0,247612,5415880,146756,4583572,100856,832308,1048576,1048576,0,0,0,0,5591780,518652,187236,108184,720724,108184,612540,27696,44380,0,0,0,65946132,8602712,34359738367,537192,0,62720,0,1126400,0,0,0,0,0,0,0,0,2048,0,488720,42405888,93323264
1743620970.001558,600855,21068471,0,131892268,123157700,123304196,0,1120720,0,247612,5415880,146756,4583572,100856,832308,1048576,1048576,0,0,0,0,5591780,518652,187236,108184,720724,108184,612540,27696,44380,0,0,0,65946132,8602712,34359738367,537192,0,62720,0,1126400,0,0,0,0,0,0,0,0,2048,0,488720,42405888,93323264
1743620971.001859,600855,21068471,0,131892268,123157700,123304196,0,1120720,0,247612,5415880,146756,4583572,100856,832308,1048576,1048576,0,0,0,0,5591780,518652,187236,108184,720724,108184,612540,27696,44380,0,0,0,65946132,8602712,34359738367,537192,0,62720,0,1126400,0,0,0,0,0,0,0,0,2048,0,488720,42405888,93323264
1743620972.001944,600855,21068471,0,131892268,123157700,123304196,0,1120720,0,247612,5415880,146756,4583572,100856,832308,1048576,1048576,0,0,0,0,5591780,518652,187236,108184,720724,108184,612540,27696,44380,0,0,0,65946132,8602712,34359738367,537192,0,62720,0,1126400,0,0,0,0,0,0,0,0,2048,0,488720,42405888,93323264
1743620973.001529,600855,21068471,0,131892268,123157700,123304196,0,1120720,0,247612,5415880,146756,4583572,100856,832308,1048576,1048576,0,0,0,0,5591780,518652,187236,108184,720724,108184,612540,27696,44380,0,0,0,65946132,8602712,34359738367,537176,0,62720,0,1126400,0,0,0,0,0,0,0,0,2048,0,488720,42405888,93323264
1743620974.001598,600855,21068471,0,131892268,123157692,123304188,0,1120720,0,247612,5415880,146756,4583572,100856,832308,1048576,1048576,0,0,0,0,5591780,518652,187236,108184,720732,108184,612548,27696,44380,0,0,0,65946132,8602712,34359738367,537176,0,62720,0,1126400,0,0,0,0,0,0,0,0,2048,0,488720,42405888,93323264
1743620975.002159,600855,21068471,0,131892268,123157712,123304208,0,1120720,0,247612,5415880,146756,4583572,100856,832308,1048576,1048576,0,0,0,0,5591780,518652,187236,108184,720740,108184,612556,27696,44380,0,0,0,65946132,8602712,34359738367,537176,0,62720,0,1126400,0,0,0,0,0,0,0,0,2048,0,488720,42405888,93323264
1743620976.001285,600855,21068471,0,131892268,123157712,123304208,0,1120720,0,247612,5415880,146756,4583572,100856,832308,1048576,1048576,0,0,0,0,5591780,518652,187236,108184,720740,108184,612556,27696,44380,0,0,0,65946132,8602712,34359738367,537176,0,62720,0,1126400,0,0,0,0,0,0,0,0,2048,0,488720,42405888,93323264
1743620977.001850,600855,21068471,0,131892268,123157712,123304208,0,1120720,0,247612,5415880,146756,4583572,100856,832308,1048576,1048576,0,0,0,0,5591780,518652,187236,108184,720740,108184,612556,27696,44380,0,0,0,65946132,8602712,34359738367,537176,0,62720,0,1126400,0,0,0,0,0,0,0,0,2048,0,488720,42405888,93323264
1743620978.001921,600855,21068471,0,131892268,123157712,123304208,0,1120720,0,247612,5415880,146756,4583572,100856,832308,1048576,1048576,0,0,0,0,5591780,518652,187236,108184,720740,108184,612556,27696,44380,0,0,0,65946132,8602712,34359738367,537176,0,62720,0,1126400,0,0,0,0,0,0,0,0,2048,0,488720,42405888,93323264
1743620979.001451,600855,21068471,0,131892268,123157712,123304208,0,1120720,0,247612,5415880,146756,4583572,100856,832308,1048576,1048576,0,0,0,0,5591780,518652,187236,108184,720740,108184,612556,27696,44380,0,0,0,65946132,8602712,34359738367,537176,0,62720,0,1126400,0,0,0,0,0,0,0,0,2048,0,488720,42405888,93323264
1743620980.001581,600855,21068471,0,131892268,123157712,123304208,0,1120720,0,247612,5415880,146756,4583572,100856,832308,1048576,1048576,0,0,0,0,5591780,518652,187236,108184,720740,108184,612556,27696,44380,0,0,0,65946132,8602712,34359738367,537176,0,62720,0,1126400,0,0,0,0,0,0,0,0,2048,0,488720,42405888,93323264
1743620981.001974,600855,21068471,0,131892268,123157712,123304208,0,1120720,0,247612,5415880,146756,4583572,100856,832308,1048576,1048576,0,0,0,0,5591780,518652,187236,108184,720740,108184,612556,27696,44380,0,0,0,65946132,8602712,34359738367,537176,0,62720,0,1126400,0,0,0,0,0,0,0,0,2048,0,488720,42405888,93323264
1743620982.001400,600855,21068471,0,131892268,123157712,123304208,0,1120720,0,247612,5415880,146756,4583572,100856,832308,1048576,1048576,0,0,0,0,5591780,518652,187236,108184,720740,108184,612556,27696,44380,0,0,0,65946132,8602712,34359738367,537176,0,62720,0,1126400,0,0,0,0,0,0,0,0,2048,0,488720,42405888,93323264
1743620983.001524,600855,21068471,0,131892268,123157712,123304208,0,1120720,0,247612,5415880,146756,4583572,100856,832308,1048576,1048576,0,0,0,0,5591780,518652,187236,108184,720740,108184,612556,27696,44380,0,0,0,65946132,8602712,34359738367,537176,0,62720,0,1126400,0,0,0,0,0,0,0,0,2048,0,488720,42405888,93323264
1743620984.001916,600855,21068471,0,131892268,123157712,123304208,0,1120720,0,247612,5415880,146756,4583572,100856,832308,1048576,1048576,0,0,0,0,5591780,518652,187236,108184,720740,108184,612556,27696,44380,0,0,0,65946132,8602712,34359738367,537176,0,62720,0,1126400,0,0,0,0,0,0,0,0,2048,0,488720,42405888,93323264
1743620985.001352,600855,21068471,0,131892268,123157712,123304208,0,1120720,0,247612,5415880,146756,4583572,100856,832308,1048576,1048576,0,0,0,0,5591780,518652,187236,108184,720740,108184,612556,27696,44380,0,0,0,65946132,8602712,34359738367,537176,0,62720,0,1126400,0,0,0,0,0,0,0,0,2048,0,488720,42405888,93323264
1743620986.001475,600855,21068471,0,131892268,123157712,123304208,0,1120720,0,247612,5415880,146756,4583572,100856,832308,1048576,1048576,0,0,0,0,5591780,518652,187236,108184,720740,108184,612556,27696,44380,0,0,0,65946132,8602712,34359738367,537176,0,62720,0,1126400,0,0,0,0,0,0,0,0,2048,0,488720,42405888,93323264
1743620987.001878,600855,21068471,0,131892268,123157712,123304208,0,1120720,0,247612,5415880,146756,4583572,100856,832308,1048576,1048576,0,0,0,0,5591780,518652,187236,108184,720740,108184,612556,27696,44380,0,0,0,65946132,8602712,34359738367,537176,0,62720,0,1126400,0,0,0,0,0,0,0,0,2048,0,488720,42405888,93323264
1743620988.001300,600855,21068471,0,131892268,123157712,123304208,0,1120720,0,247612,5415880,146756,4583572,100856,832308,1048576,1048576,0,0,0,0,5591780,518652,187236,108184,720740,108184,612556,27696,44380,0,0,0,65946132,8602712,34359738367,537176,0,62720,0,1126400,0,0,0,0,0,0,0,0,2048,0,488720,42405888,93323264
1743620989.001429,600855,21068471,0,131892268,123157712,123304208,0,1120720,0,247612,5415880,146756,4583572,100856,832308,1048576,1048576,0,0,0,0,5591780,518652,187236,108184,720740,108184,612556,27696,44380,0,0,0,65946132,8602712,34359738367,537176,0,62720,0,1126400,0,0,0,0,0,0,0,0,2048,0,488720,42405888,93323264
1743620990.001771,600855,21068471,0,131892268,123157744,123304240,0,1120720,0,247612,5415880,146756,4583572,100856,832308,1048576,1048576,0,0,0,0,5591780,518652,187236,108184,720740,108184,612556,27696,44380,0,0,0,65946132,8602712,34359738367,537176,0,62720,0,1126400,0,0,0,0,0,0,0,0,2048,0,488720,42405888,93323264
1743620991.002177,600855,21068471,0,131892268,123157744,123304240,0,1120720,0,247612,5415880,146756,4583572,100856,832308,1048576,1048576,0,0,0,0,5591780,518652,187236,108184,720740,108184,612556,27696,44380,0,0,0,65946132,8602712,34359738367,537176,0,62720,0,1126400,0,0,0,0,0,0,0,0,2048,0,488720,42405888,93323264
1743620992.001268,600855,21068471,0,131892268,123157744,123304240,0,1120720,0,247612,5415880,146756,4583572,100856,832308,1048576,1048576,0,0,0,0,5591780,518652,187236,108184,720740,108184,612556,27696,44380,0,0,0,65946132,8602712,34359738367,537176,0,62720,0,1126400,0,0,0,0,0,0,0,0,2048,0,488720,42405888,93323264
1743620993.001778,600855,21068471,0,131892268,123157744,123304240,0,1120720,0,247612,5415880,146756,4583572,100856,832308,1048576,1048576,0,0,0,0,5591780,518652,187236,108184,720740,108184,612556,27696,44380,0,0,0,65946132,8602712,34359738367,537176,0,62720,0,1126400,0,0,0,0,0,0,0,0,2048,0,488720,42405888,93323264
1743620994.001855,600855,21068471,0,131892268,123157744,123304240,0,1120720,0,247612,5415880,146756,4583572,100856,832308,1048576,1048576,0,0,0,0,5591780,518652,187236,108184,720740,108184,612556,27696,44380,0,0,0,65946132,8602712,34359738367,537176,0,62720,0,1126400,0,0,0,0,0,0,0,0,2048,0,488720,42405888,93323264
1743620995.001384,600855,21068471,0,131892268,123157744,123304240,0,1120720,0,247612,5415880,146756,4583572,100856,832308,1048576,1048576,0,0,0,0,5591780,518652,187236,108184,720740,108184,612556,27696,44380,0,0,0,65946132,8602712,34359738367,537176,0,62720,0,1126400,0,0,0,0,0,0,0,0,2048,0,488720,42405888,93323264
1743620996.001491,600855,21068471,0,131892268,123157744,123304240,0,1120720,0,247612,5415880,146756,4583572,100856,832308,1048576,1048576,0,0,0,0,5591780,518652,187236,108184,720740,108184,612556,27696,44380,0,0,0,65946132,8602712,34359738367,537176,0,62720,0,1126400,0,0,0,0,0,0,0,0,2048,0,488720,42405888,93323264
1743620997.002003,600855,21068471,0,131892268,123157744,123304240,0,1120720,0,247612,5415880,146756,4583572,100856,832308,1048576,1048576,0,0,0,0,5591780,518652,187236,108184,720740,108184,612556,27696,44380,0,0,0,65946132,8602712,34359738367,537176,0,62720,0,1126400,0,0,0,0,0,0,0,0,2048,0,488720,42405888,93323264
1743620998.001125,600855,21068471,0,131892268,123157744,123304240,0,1120720,0,247612,5415880,146756,4583572,100856,832308,1048576,1048576,0,0,0,0,5591780,518652,187236,108184,720740,108184,612556,27696,44380,0,0,0,65946132,8602712,34359738367,537176,0,62720,0,1126400,0,0,0,0,0,0,0,0,2048,0,488720,42405888,93323264
1743620999.001722,600855,21068471,0,131892268,123157744,123304240,0,1120720,0,247612,5415880,146756,4583572,100856,832308,1048576,1048576,0,0,0,0,5591780,518652,187236,108184,720740,108184,612556,27696,44380,0,0,0,65946132,8602712,34359738367,537176,0,62720,0,1126400,0,0,0,0,0,0,0,0,2048,0,488720,42405888,93323264
1743621000.001789,600855,21068471,0,131892268,123157744,123304240,0,1120720,0,247612,5415880,146756,4583572,100856,832308,1048576,1048576,0,0,0,0,5591780,518652,187236,108184,720740,108184,612556,27696,44380,0,0,0,65946132,8602712,34359738367,537176,0,62720,0,1126400,0,0,0,0,0,0,0,0,2048,0,488720,42405888,93323264
1743621001.001340,600855,21068471,0,131892268,123157744,123304240,0,1120720,0,247612,5415880,146756,4583572,100856,832308,1048576,1048576,0,0,0,0,5591780,518652,187236,108184,720740,108184,612556,27696,44380,0,0,0,65946132,8602712,34359738367,537176,0,62720,0,1126400,0,0,0,0,0,0,0,0,2048,0,488720,42405888,93323264
1743621002.001785,600855,21068471,0,131892268,123157744,123304240,0,1120720,0,247612,5415880,146756,4583572,100856,832308,1048576,1048576,0,0,0,0,5591780,518652,187236,108184,720740,108184,612556,27696,44380,0,0,0,65946132,8602712,34359738367,537176,0,62720,0,1126400,0,0,0,0,0,0,0,0,2048,0,488720,42405888,93323264
1743621003.001854,600855,21068471,0,131892268,123157744,123304240,0,1120720,0,247612,5415880,146756,4583572,100856,832308,1048576,1048576,0,0,0,0,5591780,518652,187236,108184,720740,108184,612556,27696,44380,0,0,0,65946132,8602712,34359738367,537176,0,62720,0,1126400,0,0,0,0,0,0,0,0,2048,0,488720,42405888,93323264
1743621004.001237,600855,21068471,0,131892268,123157744,123304240,0,1120720,0,247612,5415880,146756,4583572,100856,832308,1048576,1048576,0,0,0,0,5591780,518652,187236,108184,720740,108184,612556,27696,44380,0,0,0,65946132,8602712,34359738367,537176,0,62720,0,1126400,0,0,0,0,0,0,0,0,2048,0,488720,42405888,93323264
1743621005.001665,600855,21068471,0,131892268,123157744,123304240,0,1120720,0,247612,5415880,146756,4583572,100856,832308,1048576,1048576,0,0,0,0,5591780,518652,187236,108184,720740,108184,612556,27696,44380,0,0,0,65946132,8602712,34359738367,537176,0,62720,0,1126400,0,0,0,0,0,0,0,0,2048,0,488720,42405888,93323264
1743621006.001744,600855,21068471,0,131892268,123157744,123304240,0,1120720,0,247612,5415880,146756,4583572,100856,832308,1048576,1048576,0,0,0,0,5591780,518652,187236,108184,720740,108184,612556,27696,44380,0,0,0,65946132,8602712,34359738367,537176,0,62720,0,1126400,0,0,0,0,0,0,0,0,2048,0,488720,42405888,93323264
1743621007.002096,600855,21068471,0,131892268,123157744,123304240,0,1120720,0,247612,5415880,146756,4583572,100856,832308,1048576,1048576,0,0,0,0,5591780,518652,187236,108184,720740,108184,612556,27696,44380,0,0,0,65946132,8602712,34359738367,537176,0,62720,0,1126400,0,0,0,0,0,0,0,0,2048,0,488720,42405888,93323264
1743621008.001582,600855,21068471,0,131892268,123157744,123304240,0,1120720,0,247612,5415880,146756,4583572,100856,832308,1048576,1048576,0,0,0,0,5591780,518652,187236,108184,720740,108184,612556,27696,44380,0,0,0,65946132,8602712,34359738367,537176,0,62720,0,1126400,0,0,0,0,0,0,0,0,2048,0,488720,42405888,93323264
1743621009.001657,600855,21068471,0,131892268,123157744,123304240,0,1120720,0,247612,5415880,146756,4583572,100856,832308,1048576,1048576,0,0,0,0,5591780,518652,187236,108184,720740,108184,612556,27696,44380,0,0,0,65946132,8602712,34359738367,537176,0,62720,0,1126400,0,0,0,0,0,0,0,0,2048,0,488720,42405888,93323264
1743621010.001976,600855,21068471,0,131892268,123157744,123304240,0,1120720,0,247612,5415880,146756,4583572,100856,832308,1048576,1048576,0,0,0,0,5591780,518652,187236,108184,720740,108184,612556,27696,44380,0,0,0,65946132,8602712,34359738367,537176,0,62720,0,1126400,0,0,0,0,0,0,0,0,2048,0,488720,42405888,93323264
1743621011.001503,600855,21068471,0,131892268,123157744,123304240,0,1120720,0,247612,5415880,146756,4583572,100856,832308,1048576,1048576,0,0,0,0,5591780,518652,187236,108184,720740,108184,612556,27696,44380,0,0,0,65946132,8602712,34359738367,537176,0,62720,0,1126400,0,0,0,0,0,0,0,0,2048,0,488720,42405888,93323264
1743621012.001576,600855,21068471,0,131892268,123157744,123304240,0,1120720,0,247612,5415880,146756,4583572,100856,832308,1048576,1048576,0,0,0,0,5591780,518652,187236,108184,720740,108184,612556,27696,44380,0,0,0,65946132,8602712,34359738367,537176,0,62720,0,1126400,0,0,0,0,0,0,0,0,2048,0,488720,42405888,93323264
1743621013.002070,600855,21068471,0,131892268,123157744,123304240,0,1120720,0,247612,5415880,146756,4583572,100856,832308,1048576,1048576,0,0,0,0,5591780,518652,187236,108184,720740,108184,612556,27696,44380,0,0,0,65946132,8602712,34359738367,537176,0,62720,0,1126400,0,0,0,0,0,0,0,0,2048,0,488720,42405888,93323264
1743621014.001191,600855,21068471,0,131892268,123157744,123304240,0,1120720,0,247612,5415880,146756,4583572,100856,832308,1048576,1048576,0,0,0,0,5591780,518652,187236,108184,720740,108184,612556,27696,44380,0,0,0,65946132,8602712,34359738367,537176,0,62720,0,1126400,0,0,0,0,0,0,0,0,2048,0,488720,42405888,93323264
1743621015.001735,600855,21068471,0,131892268,123157744,123304240,0,1120720,0,247612,5415880,146756,4583572,100856,832308,1048576,1048576,0,0,0,0,5591780,518652,187236,108184,720740,108184,612556,27696,44380,0,0,0,65946132,8602712,34359738367,537176,0,62720,0,1126400,0,0,0,0,0,0,0,0,2048,0,488720,42405888,93323264
1743621016.001801,600855,21068471,0,131892268,123157744,123304240,0,1120720,0,247612,5415880,146756,4583572,100856,832308,1048576,1048576,0,0,0,0,5591780,518652,187236,108184,720740,108184,612556,27696,44380,0,0,0,65946132,8602712,34359738367,537176,0,62720,0,1126400,0,0,0,0,0,0,0,0,2048,0,488720,42405888,93323264
1743621017.001343,600855,21068471,0,131892268,123157736,123304232,0,1120720,0,247612,5415880,146756,4583572,100856,832308,1048576,1048576,0,0,0,0,5591780,518652,187236,108184,720748,108184,612564,27696,44380,0,0,0,65946132,8602712,34359738367,537176,0,62720,0,1126400,0,0,0,0,0,0,0,0,2048,0,488720,42405888,93323264
1743621018.001469,600855,21068471,0,131892268,123157672,123304168,0,1120720,0,247612,5415880,146756,4583572,100856,832308,1048576,1048576,0,0,0,0,5591780,518652,187236,108184,720812,108184,612628,27696,44380,0,0,0,65946132,8602712,34359738367,537176,0,62720,0,1126400,0,0,0,0,0,0,0,0,2048,0,488720,42405888,93323264
1743621019.001967,600855,21068471,0,131892268,123157672,123304168,0,1120720,0,247612,5415880,146756,4583572,100856,832308,1048576,1048576,0,0,0,0,5591780,518652,187236,108184,720812,108184,612628,27696,44380,0,0,0,65946132,8602712,34359738367,537176,0,62720,0,1126400,0,0,0,0,0,0,0,0,2048,0,488720,42405888,93323264
1743621020.002035,600855,21068471,0,131892268,123157672,123304168,0,1120720,0,247612,5415880,146756,4583572,100856,832308,1048576,1048576,0,0,0,0,5591780,518652,187236,108184,720812,108184,612628,27696,44380,0,0,0,65946132,8602712,34359738367,537176,0,62720,0,1126400,0,0,0,0,0,0,0,0,2048,0,488720,42405888,93323264
1743621021.001494,600855,21068471,0,131892268,123157672,123304168,0,1120720,0,247612,5415880,146756,4583572,100856,832308,1048576,1048576,0,0,0,0,5591780,518652,187236,108184,720812,108184,612628,27696,44380,0,0,0,65946132,8602712,34359738367,537176,0,62720,0,1126400,0,0,0,0,0,0,0,0,2048,0,488720,42405888,93323264
1743621022.001931,600855,21068471,0,131892268,123157672,123304168,0,1120720,0,247612,5415880,146756,4583572,100856,832308,1048576,1048576,0,0,0,0,5591780,518652,187236,108184,720812,108184,612628,27696,44380,0,0,0,65946132,8602712,34359738367,537176,0,62720,0,1126400,0,0,0,0,0,0,0,0,2048,0,488720,42405888,93323264
1743621023.002019,600855,21068471,0,131892268,123157672,123304168,0,1120720,0,247612,5415880,146756,4583572,100856,832308,1048576,1048576,0,0,0,0,5591780,518652,187236,108184,720812,108184,612628,27696,44380,0,0,0,65946132,8602712,34359738367,537176,0,62720,0,1126400,0,0,0,0,0,0,0,0,2048,0,488720,42405888,93323264
1743621024.001393,600855,21068471,0,131892268,123157672,123304168,0,1120720,0,247612,5415880,146756,4583572,100856,832308,1048576,1048576,0,0,0,0,5591780,518652,187236,108184,720812,108184,612628,27696,44380,0,0,0,65946132,8602712,34359738367,537176,0,62720,0,1126400,0,0,0,0,0,0,0,0,2048,0,488720,42405888,93323264
1743621025.001785,600855,21068471,0,131892268,123157672,123304168,0,1120720,0,247612,5415880,146756,4583572,100856,832308,1048576,1048576,0,0,0,0,5591780,518652,187236,108184,720812,108184,612628,27696,44380,0,0,0,65946132,8602712,34359738367,537176,0,62720,0,1126400,0,0,0,0,0,0,0,0,2048,0,488720,42405888,93323264
1743621026.001852,600855,21068471,0,131892268,123157672,123304168,0,1120720,0,247612,5415880,146756,4583572,100856,832308,1048576,1048576,0,0,0,0,5591780,518652,187236,108184,720812,108184,612628,27696,44380,0,0,0,65946132,8602712,34359738367,537176,0,62720,0,1126400,0,0,0,0,0,0,0,0,2048,0,488720,42405888,93323264
1743621027.001264,600855,21068471,0,131892268,123157672,123304168,0,1120720,0,247612,5415880,146756,4583572,100856,832308,1048576,1048576,0,0,0,0,5591780,518652,187236,108184,720812,108184,612628,27696,44380,0,0,0,65946132,8602712,34359738367,537176,0,62720,0,1126400,0,0,0,0,0,0,0,0,2048,0,488720,42405888,93323264
1743621028.001669,600855,21068471,0,131892268,123157672,123304168,0,1120720,0,247612,5415880,146756,4583572,100856,832308,1048576,1048576,0,0,0,0,5591780,518652,187236,108184,720812,108184,612628,27696,44380,0,0,0,65946132,8602712,34359738367,537176,0,62720,0,1126400,0,0,0,0,0,0,0,0,2048,0,488720,42405888,93323264
1743621029.001793,600855,21068471,0,131892268,123157672,123304168,0,1120720,0,247612,5415880,146756,4583572,100856,832308,1048576,1048576,0,0,0,0,5591780,518652,187236,108184,720812,108184,612628,27696,44380,0,0,0,65946132,8602712,34359738367,537176,0,62720,0,1126400,0,0,0,0,0,0,0,0,2048,0,488720,42405888,93323264
1743621030.001201,600855,21068471,0,131892268,123157672,123304168,0,1120720,0,247612,5415880,146756,4583572,100856,832308,1048576,1048576,0,0,0,0,5591780,518652,187236,108184,720812,108184,612628,27696,44380,0,0,0,65946132,8602712,34359738367,537176,0,62720,0,1126400,0,0,0,0,0,0,0,0,2048,0,488720,42405888,93323264
1743621031.001900,600855,21068471,0,131892268,123157664,123304160,0,1120720,0,247612,5415880,146756,4583572,100856,832308,1048576,1048576,0,0,0,0,5591780,518652,187236,108184,720820,108184,612636,27696,44380,0,0,0,65946132,8602712,34359738367,537176,0,62720,0,1126400,0,0,0,0,0,0,0,0,2048,0,488720,42405888,93323264
1743621032.001966,600855,21068471,0,131892268,123157664,123304160,0,1120720,0,247612,5415880,146756,4583572,100856,832308,1048576,1048576,0,0,0,0,5591780,518652,187236,108184,720820,108184,612636,27696,44380,0,0,0,65946132,8602712,34359738367,537176,0,62720,0,1126400,0,0,0,0,0,0,0,0,2048,0,488720,42405888,93323264
1743621033.001490,600855,21068471,0,131892268,123157664,123304160,0,1120720,0,247612,5415880,146756,4583572,100856,832308,1048576,1048576,0,0,0,0,5591780,518652,187236,108184,720820,108184,612636,27696,44380,0,0,0,65946132,8602712,34359738367,537176,0,62720,0,1126400,0,0,0,0,0,0,0,0,2048,0,488720,42405888,93323264
1743621034.001558,600855,21068471,0,131892268,123157664,123304160,0,1120720,0,247612,5415880,146756,4583572,100856,832308,1048576,1048576,0,0,0,0,5591780,518652,187236,108184,720820,108184,612636,27696,44380,0,0,0,65946132,8602712,34359738367,537176,0,62720,0,1126400,0,0,0,0,0,0,0,0,2048,0,488720,42405888,93323264
1743621035.002085,600855,21068471,0,131892268,123157664,123304160,0,1120720,0,247612,5415880,146756,4583572,100856,832308,1048576,1048576,0,0,0,0,5591780,518652,187236,108184,720820,108184,612636,27696,44380,0,0,0,65946132,8602712,34359738367,537176,0,62720,0,1126400,0,0,0,0,0,0,0,0,2048,0,488720,42405888,93323264
1743621036.001207,600855,21068471,0,131892268,123157664,123304160,0,1120720,0,247612,5415880,146756,4583572,100856,832308,1048576,1048576,0,0,0,0,5591780,518652,187236,108184,720820,108184,612636,27696,44380,0,0,0,65946132,8602712,34359738367,537176,0,62720,0,1126400,0,0,0,0,0,0,0,0,2048,0,488720,42405888,93323264
1743621037.001745,600855,21068471,0,131892268,123157656,123304152,0,1120720,0,247612,5415880,146756,4583572,100856,832308,1048576,1048576,0,0,0,0,5591780,518652,187236,108184,720828,108184,612644,27696,44380,0,0,0,65946132,8602712,34359738367,537176,0,62720,0,1126400,0,0,0,0,0,0,0,0,2048,0,488720,42405888,93323264
1743621038.001811,600855,21068471,0,131892268,123157656,123304152,0,1120720,0,247612,5415880,146756,4583572,100856,832308,1048576,1048576,0,0,0,0,5591780,518652,187236,108184,720828,108184,612644,27696,44380,0,0,0,65946132,8602712,34359738367,537176,0,62720,0,1126400,0,0,0,0,0,0,0,0,2048,0,488720,42405888,93323264
1743621039.001339,600855,21068471,0,131892268,123157656,123304152,0,1120720,0,247612,5415880,146756,4583572,100856,832308,1048576,1048576,0,0,0,0,5591780,518652,187236,108184,720828,108184,612644,27696,44380,0,0,0,65946132,8602712,34359738367,537176,0,62720,0,1126400,0,0,0,0,0,0,0,0,2048,0,488720,42405888,93323264
1743621040.001435,600855,21068471,0,131892268,123157656,123304152,0,1120720,0,247612,5415880,146756,4583572,100856,832308,1048576,1048576,0,0,0,0,5591780,518652,187236,108184,720828,108184,612644,27696,44380,0,0,0,65946132,8602712,34359738367,537176,0,62720,0,1126400,0,0,0,0,0,0,0,0,2048,0,488720,42405888,93323264
1743621041.002059,600855,21068471,0,131892268,123157656,123304152,0,1120720,0,247612,5415880,146756,4583572,100856,832308,1048576,1048576,0,0,0,0,5591780,518652,187236,108184,720828,108184,612644,27696,44380,0,0,0,65946132,8602712,34359738367,537176,0,62720,0,1126400,0,0,0,0,0,0,0,0,2048,0,488720,42405888,93323264
1743621042.001519,600855,21068471,0,131892268,123157648,123304144,0,1120720,0,247612,5415880,146756,4583572,100856,832308,1048576,1048576,0,0,0,0,5591780,518652,187236,108184,720836,108184,612652,27696,44380,0,0,0,65946132,8602712,34359738367,537176,0,62720,0,1126400,0,0,0,0,0,0,0,0,2048,0,488720,42405888,93323264
1743621043.001638,600855,21068471,0,131892268,123157648,123304144,0,1120720,0,247612,5415880,146756,4583572,100856,832308,1048576,1048576,0,0,0,0,5591780,518652,187236,108184,720836,108184,612652,27696,44380,0,0,0,65946132,8602712,34359738367,537176,0,62720,0,1126400,0,0,0,0,0,0,0,0,2048,0,488720,42405888,93323264
1743621044.001958,600855,21068471,0,131892268,123157648,123304144,0,1120720,0,247612,5415880,146756,4583572,100856,832308,1048576,1048576,0,0,0,0,5591780,518652,187236,108184,720836,108184,612652,27696,44380,0,0,0,65946132,8602712,34359738367,537176,0,62720,0,1126400,0,0,0,0,0,0,0,0,2048,0,488720,42405888,93323264
1743621045.001431,600855,21068471,0,131892268,123157648,123304144,0,1120720,0,247612,5415880,146756,4583572,100856,832308,1048576,1048576,0,0,0,0,5591780,518652,187236,108184,720836,108184,612652,27696,44380,0,0,0,65946132,8602712,34359738367,537176,0,62720,0,1126400,0,0,0,0,0,0,0,0,2048,0,488720,42405888,93323264
1743621046.001501,600855,21068471,0,131892268,123157648,123304144,0,1120720,0,247612,5415880,146756,4583572,100856,832308,1048576,1048576,0,0,0,0,5591780,518652,187236,108184,720836,108184,612652,27696,44380,0,0,0,65946132,8602712,34359738367,537176,0,62720,0,1126400,0,0,0,0,0,0,0,0,2048,0,488720,42405888,93323264
1743621047.001903,600855,21068471,0,131892268,123157648,123304144,0,1120720,0,247612,5415880,146756,4583572,100856,832308,1048576,1048576,0,0,0,0,5591780,518652,187236,108184,720836,108184,612652,27696,44380,0,0,0,65946132,8602712,34359738367,537176,0,62720,0,1126400,0,0,0,0,0,0,0,0,2048,0,488720,42405888,93323264
1743621048.001412,600855,21068471,0,131892268,123157648,123304144,0,1120720,0,247612,5415880,146756,4583572,100856,832308,1048576,1048576,0,0,0,0,5591780,518652,187236,108184,720836,108184,612652,27696,44380,0,0,0,65946132,8602712,34359738367,537176,0,62720,0,1126400,0,0,0,0,0,0,0,0,2048,0,488720,42405888,93323264
1743621049.001537,600855,21068471,0,131892268,123157648,123304144,0,1120720,0,247612,5415880,146756,4583572,100856,832308,1048576,1048576,0,0,0,0,5591780,518652,187236,108184,720836,108184,612652,27696,44380,0,0,0,65946132,8602712,34359738367,537176,0,62720,0,1126400,0,0,0,0,0,0,0,0,2048,0,488720,42405888,93323264
1743621050.001868,600855,21068471,0,131892268,123157648,123304144,0,1120720,0,247612,5415880,146756,4583572,100856,832308,1048576,1048576,0,0,0,0,5591780,518652,187236,108184,720836,108184,612652,27696,44380,0,0,0,65946132,8602712,34359738367,537176,0,62720,0,1126400,0,0,0,0,0,0,0,0,2048,0,488720,42405888,93323264
1743621051.002250,600855,21068471,0,131892268,123157648,123304144,0,1120720,0,247612,5415880,146756,4583572,100856,832308,1048576,1048576,0,0,0,0,5591780,518652,187236,108184,720836,108184,612652,27696,44380,0,0,0,65946132,8602712,34359738367,537176,0,62720,0,1126400,0,0,0,0,0,0,0,0,2048,0,488720,42405888,93323264
1743621052.001375,600855,21068471,0,131892268,123157648,123304144,0,1120720,0,247612,5415880,146756,4583572,100856,832308,1048576,1048576,0,0,0,0,5591780,518652,187236,108184,720836,108184,612652,27696,44380,0,0,0,65946132,8602712,34359738367,537176,0,62720,0,1126400,0,0,0,0,0,0,0,0,2048,0,488720,42405888,93323264
1743621053.001883,600855,21068471,0,131892268,123157648,123304144,0,1120720,0,247612,5415880,146756,4583572,100856,832308,1048576,1048576,0,0,0,0,5591780,518652,187236,108184,720836,108184,612652,27696,44380,0,0,0,65946132,8602712,34359738367,537176,0,62720,0,1126400,0,0,0,0,0,0,0,0,2048,0,488720,42405888,93323264
1743621054.001952,600855,21068471,0,131892268,123157648,123304144,0,1120720,0,247612,5415880,146756,4583572,100856,832308,1048576,1048576,0,0,0,0,5591780,518652,187236,108184,720836,108184,612652,27696,44380,0,0,0,65946132,8602712,34359738367,537176,0,62720,0,1126400,0,0,0,0,0,0,0,0,2048,0,488720,42405888,93323264
1743621055.001530,600855,21068471,0,131892268,123157648,123304144,0,1120720,0,247612,5415880,146756,4583572,100856,832308,1048576,1048576,0,0,0,0,5591780,518652,187236,108184,720832,108184,612648,27696,44380,0,0,0,65946132,8602712,34359738367,537176,0,62720,0,1126400,0,0,0,0,0,0,0,0,2048,0,488720,42405888,93323264
1743621056.001599,600855,21068471,0,131892268,123157648,123304144,0,1120720,0,247612,5415880,146756,4583572,100856,832308,1048576,1048576,0,0,0,0,5591780,518652,187236,108184,720832,108184,612648,27696,44380,0,0,0,65946132,8602712,34359738367,537176,0,62720,0,1126400,0,0,0,0,0,0,0,0,2048,0,488720,42405888,93323264
1743621057.002166,600855,21068471,0,131892268,123157648,123304144,0,1120720,0,247612,5415880,146756,4583572,100856,832308,1048576,1048576,0,0,0,0,5591780,518652,187236,108184,720832,108184,612648,27696,44380,0,0,0,65946132,8602712,34359738367,537176,0,62720,0,1126400,0,0,0,0,0,0,0,0,2048,0,488720,42405888,93323264
1743621058.001262,600855,21068471,0,131892268,123157648,123304144,0,1120720,0,247612,5415880,146756,4583572,100856,832308,1048576,1048576,0,0,0,0,5591780,518652,187236,108184,720832,108184,612648,27696,44380,0,0,0,65946132,8602712,34359738367,537176,0,62720,0,1126400,0,0,0,0,0,0,0,0,2048,0,488720,42405888,93323264
1743621059.001813,600855,21068471,0,131892268,123157648,123304144,0,1120720,0,247612,5415880,146756,4583572,100856,832308,1048576,1048576,0,0,0,0,5591780,518652,187236,108184,720832,108184,612648,27696,44380,0,0,0,65946132,8602712,34359738367,537176,0,62720,0,1126400,0,0,0,0,0,0,0,0,2048,0,488720,42405888,93323264
1743621060.001911,600855,21068471,0,131892268,123157648,123304144,0,1120720,0,247612,5415880,146756,4583572,100856,832308,1048576,1048576,0,0,0,0,5591780,518652,187236,108184,720832,108184,612648,27696,44380,0,0,0,65946132,8602712,34359738367,537176,0,62720,0,1126400,0,0,0,0,0,0,0,0,2048,0,488720,42405888,93323264
1743621061.001184,600855,21068471,0,131892268,123157648,123304144,0,1120720,0,247612,5415880,146756,4583572,100856,832308,1048576,1048576,0,0,0,0,5591780,518652,187236,108184,720832,108184,612648,27696,44380,0,0,0,65946132,8602712,34359738367,537176,0,62720,0,1126400,0,0,0,0,0,0,0,0,2048,0,488720,42405888,93323264
1743621062.001611,600855,21068471,0,131892268,123157648,123304144,0,1120720,0,247612,5415880,146756,4583572,100856,832308,1048576,1048576,0,0,0,0,5591780,518652,187236,108184,720832,108184,612648,27696,44380,0,0,0,65946132,8602712,34359738367,537176,0,62720,0,1126400,0,0,0,0,0,0,0,0,2048,0,488720,42405888,93323264
1743621063.001705,600855,21068471,0,131892268,123157648,123304144,0,1120720,0,247612,5415880,146756,4583572,100856,832308,1048576,1048576,0,0,0,0,5591780,518652,187236,108184,720832,108184,612648,27696,44380,0,0,0,65946132,8602712,34359738367,537176,0,62720,0,1126400,0,0,0,0,0,0,0,0,2048,0,488720,42405888,93323264
1743621064.002064,600855,21068471,0,131892268,123157648,123304144,0,1120720,0,247612,5415880,146756,4583572,100856,832308,1048576,1048576,0,0,0,0,5591780,518652,187236,108184,720832,108184,612648,27696,44380,0,0,0,65946132,8602712,34359738367,537176,0,62720,0,1126400,0,0,0,0,0,0,0,0,2048,0,488720,42405888,93323264
1743621065.001540,600855,21068471,0,131892268,123157648,123304144,0,1120720,0,247612,5415880,146756,4583572,100856,832308,1048576,1048576,0,0,0,0,5591780,518652,187236,108184,720832,108184,612648,27696,44380,0,0,0,65946132,8602712,34359738367,537176,0,62720,0,1126400,0,0,0,0,0,0,0,0,2048,0,488720,42405888,93323264
1743621066.001610,600855,21068471,0,131892268,123157648,123304144,0,1120720,0,247612,5415880,146756,4583572,100856,832308,1048576,1048576,0,0,0,0,5591780,518652,187236,108184,720832,108184,612648,27696,44380,0,0,0,65946132,8602712,34359738367,537176,0,62720,0,1126400,0,0,0,0,0,0,0,0,2048,0,488720,42405888,93323264
1743621067.001965,600855,21068471,0,131892268,123157648,123304144,0,1120720,0,247612,5415880,146756,4583572,100856,832308,1048576,1048576,0,0,0,0,5591780,518652,187236,108184,720832,108184,612648,27696,44380,0,0,0,65946132,8602712,34359738367,537176,0,62720,0,1126400,0,0,0,0,0,0,0,0,2048,0,488720,42405888,93323264
1743621068.001413,600855,21068471,0,131892268,123157616,123304112,0,1120720,0,247612,5415880,146756,4583572,100856,832308,1048576,1048576,0,0,0,0,5591780,518652,187236,108184,720864,108184,612680,27696,44380,0,0,0,65946132,8602712,34359738367,537176,0,62720,0,1126400,0,0,0,0,0,0,0,0,2048,0,488720,42405888,93323264
1743621069.001499,600855,21068471,0,131892268,127074924,127222508,0,1121336,0,293888,1630936,63508,927064,230380,703872,1048576,1048576,0,0,0,12,1852676,278296,186960,108184,720384,108184,612200,26128,17656,0,0,0,65946132,2007344,34359738367,534520,0,62720,0,1126400,0,0,0,0,0,0,0,0,2048,0,488720,42405888,93323264
1743621070.001961,600855,21068471,0,131892268,127080356,127227828,0,1116444,0,295512,1622652,60412,923484,235100,699168,1048576,1048576,0,0,0,0,1850600,273216,182176,107928,714408,107928,606480,25040,11028,0,0,0,65946132,1998752,34359738367,534552,0,62720,0,1126400,0,0,0,0,0,0,0,0,2048,0,488720,42405888,93323264
1743621071.002335,600855,21068471,0,131892268,128025468,127494120,0,176624,0,68260,909592,25452,882228,42808,27364,1048576,1048576,0,0,0,0,1849668,272732,105948,104696,710944,104696,606248,25200,12296,0,0,0,65946132,1958656,34359738367,534488,0,62720,0,1126400,0,0,0,0,0,0,0,0,2048,0,488720,42405888,93323264
1743621072.001422,600855,21068471,0,131892268,128002504,127476932,0,187660,0,74452,923012,25484,890284,48968,32728,1048576,1048576,0,0,0,0,1858668,275400,105964,104728,710680,104728,605952,24864,11040,0,0,0,65946132,1973692,34359738367,534360,0,62720,0,1126400,0,0,0,0,0,0,0,0,2048,0,488720,42405888,93323264
1743621073.002042,600855,21068471,0,131892268,128003268,127481376,0,194220,0,77572,917380,25516,881180,52056,36200,1048576,1048576,0,0,0,0,1849532,273248,105964,105528,711008,105528,605480,24960,11216,0,0,0,65946132,1933548,34359738367,534296,0,62720,0,1126400,0,0,0,0,0,0,0,0,2048,0,488720,42405888,93323264
1743621074.000721,600855,21068471,0,131892268,127998956,127477440,0,194560,0,78724,920328,25500,884960,53224,35368,1048576,1048576,0,0,0,0,1853100,272488,105968,105944,711400,105944,605456,24912,11048,0,0,0,65946132,1938800,34359738367,534328,0,62720,0,1126400,0,0,0,0,0,0,0,0,2048,0,488720,42405888,93323264
1743621075.001562,600855,21068471,0,131892268,128002528,127482260,0,196988,0,79168,916328,25480,878992,53688,37336,1048576,1048576,0,0,0,0,1846824,272028,105964,106008,711392,106008,605384,24864,10784,0,0,0,65946132,1945120,34359738367,534264,0,62720,0,1126400,0,0,0,0,0,0,0,0,2048,0,488720,42405888,93323264
1743621076.001708,600855,21068471,0,131892268,128003340,127483076,0,196992,0,79212,916104,25492,878796,53720,37308,1048576,1048576,0,0,0,0,1846780,272252,105964,106008,711384,106008,605376,24768,10592,0,0,0,65946132,1945120,34359738367,534264,0,62720,0,1126400,0,0,0,0,0,0,0,0,2048,0,488720,42405888,93323264
1743621077.001378,600855,21068471,0,131892268,128003432,127483168,0,196992,0,79212,916104,25492,878796,53720,37308,1048576,1048576,0,0,0,0,1846780,272252,105964,106008,711384,106008,605376,24768,10592,0,0,0,65946132,1945120,34359738367,534264,0,62720,0,1126400,0,0,0,0,0,0,0,0,2048,0,488720,42405888,93323264
1743621078.001501,600855,21068471,0,131892268,128003504,127483240,0,196996,0,79212,916104,25492,878796,53720,37308,1048576,1048576,0,0,0,0,1846780,272252,105964,106008,711384,106008,605376,24768,10592,0,0,0,65946132,1945120,34359738367,534264,0,62720,0,1126400,0,0,0,0,0,0,0,0,2048,0,488720,42405888,93323264
1743621079.002221,600855,21068471,0,131892268,128003560,127483296,0,196996,0,79212,916104,25492,878796,53720,37308,1048576,1048576,0,0,0,0,1846780,272252,105964,106008,711384,106008,605376,24768,10592,0,0,0,65946132,1945120,34359738367,534264,0,62720,0,1126400,0,0,0,0,0,0,0,0,2048,0,488720,42405888,93323264
1743621080.001339,600855,21068471,0,131892268,128003784,127483520,0,196996,0,79212,916104,25492,878796,53720,37308,1048576,1048576,0,0,0,0,1846780,272252,105964,106008,711384,106008,605376,24768,10592,0,0,0,65946132,1945120,34359738367,534264,0,62720,0,1126400,0,0,0,0,0,0,0,0,2048,0,488720,42405888,93323264
