timestamp,component_id,job_id,app_id,MemTotal,MemFree,MemAvailable,Buffers,Cached,SwapCached,Active,Inactive,Active(anon),Inactive(anon),Active(file),Inactive(file),Unevictable,Mlocked,SwapTotal,SwapFree,Dirty,Writeback,AnonPages,Mapped,Shmem,KReclaimable,Slab,SReclaimable,SUnreclaim,KernelStack,PageTables,NFS_Unstable,Bounce,WritebackTmp,CommitLimit,Committed_AS,VmallocTotal,VmallocUsed,VmallocChunk,Percpu,HardwareCorrupted,AnonHugePages,ShmemHugePages,ShmemPmdMapped,FileHugePages,FilePmdMapped,HugePages_Total,HugePages_Free,HugePages_Rsvd,HugePages_Surp,Hugepagesize,Hugetlb,DirectMap4k,DirectMap2M,DirectMap1G
1743619090.016476,600960,21068468,0,131892240,128189352,127693704,0,248320,0,77156,816996,25988,718968,51168,98028,1048576,1048576,0,0,0,0,1694704,266560,99024,97072,670116,97072,573044,24848,11624,0,0,0,65946120,4003788,34359738367,495088,0,64640,0,1126400,0,0,0,0,0,0,0,0,2048,0,507152,36096000,99614720
1743619091.001938,600960,21068468,0,131892240,128174720,127680848,0,251796,0,77208,830456,25988,728988,51220,101468,1048576,1048576,0,0,0,0,1704728,266988,99024,97136,670216,97136,573080,24848,11640,0,0,0,65946120,4018476,34359738367,495088,0,64640,0,1126400,0,0,0,0,0,0,0,0,2048,0,507152,36096000,99614720
1743619092.002031,600960,21068468,0,131892240,128146772,127663892,0,274228,0,77244,857552,25988,734180,51256,123372,1048576,1048576,0,0,8,0,1709916,268760,99024,97172,670424,97172,573252,24864,11656,0,0,0,65946120,4020212,34359738367,495088,0,64640,0,1126400,0,0,0,0,0,0,0,0,2048,0,507152,36096000,99614720
1743619093.001595,600960,21068468,0,131892240,128064584,127596416,0,302584,0,78876,929480,26544,778748,52332,150732,1048576,1048576,0,0,0,0,1754940,282924,99244,98164,672272,98164,574108,25216,18080,0,0,0,65946120,4132504,34359738367,495776,0,64640,0,1126400,0,0,0,0,0,0,0,0,2048,0,507152,36096000,99614720
1743619094.002019,600960,21068468,0,131892240,128024512,127572388,0,334812,0,78876,966656,26544,783840,52332,182816,1048576,1048576,0,0,0,0,1760124,301644,99244,98164,672192,98164,574028,25216,20764,0,0,0,65946120,4132504,34359738367,495776,0,64640,0,1126400,0,0,0,0,0,0,0,0,2048,0,507152,36096000,99614720
1743619095.001098,600960,21068468,0,131892240,127972620,127542376,0,378560,0,78876,1017076,26544,790500,52332,226576,1048576,1048576,0,0,0,0,1766588,332156,99256,98164,672088,98164,573924,25232,23200,0,0,0,65946120,4132504,34359738367,495776,0,64640,0,1126400,0,0,0,0,0,0,0,0,2048,0,507152,36096000,99614720
1743619096.001100,600960,21068468,0,131892240,127230396,126813808,0,481696,0,79812,1599208,26552,1346532,53260,252676,1048576,1048576,0,0,0,0,2246088,425412,175108,98452,676852,98452,578400,25984,34620,0,0,0,65946120,5088872,34359738367,496784,0,64640,0,1126400,0,0,0,0,0,0,0,0,2048,0,507152,36096000,99614720
1743619097.001542,600960,21068468,0,131892240,127013056,126604224,0,498144,0,82692,1812424,28348,1545356,54344,267068,1048576,1048576,0,0,964,0,2446368,439300,176416,98484,678684,98484,580200,27040,37172,0,0,0,65946120,5417604,34359738367,497200,0,64640,0,1126400,0,0,0,0,0,0,0,0,2048,0,507152,36096000,99614720
1743619098.001019,600960,21068468,0,131892240,127010616,126602620,0,500076,0,83952,1813716,29604,1544976,54348,268740,1048576,1048576,0,0,220,0,2446868,440444,176720,98484,678464,98484,579980,27072,37256,0,0,0,65946120,5417604,34359738367,497232,0,64640,0,1126400,0,0,0,0,0,0,0,0,2048,0,507152,36096000,99614720
1743619099.001425,600960,21068468,0,131892240,126800836,126396832,0,508228,0,90236,2017668,35892,1740944,54344,276724,1048576,1048576,0,0,340,0,2649308,449280,176720,98484,678440,98484,579956,27072,37996,0,0,0,65946120,5623464,34359738367,497232,0,64640,0,1126400,0,0,0,0,0,0,0,0,2048,0,507152,36096000,99614720
1743619100.001939,600960,21068468,0,131892240,126752596,126349280,0,509280,0,105112,2050400,50768,1772300,54344,278100,1048576,1048576,0,0,340,0,2695524,450280,176720,98484,678464,98484,579980,27072,38088,0,0,0,65946120,5706440,34359738367,497232,0,64640,0,1126400,0,0,0,0,0,0,0,0,2048,0,507152,36096000,99614720
1743619101.001691,600960,21068468,0,131892240,126618052,126215368,0,510660,0,115532,2171476,61188,1892112,54344,279364,1048576,1048576,0,0,344,0,2829756,451148,176720,98484,678456,98484,579972,27072,38628,0,0,0,65946120,6155556,34359738367,497232,0,64640,0,1126400,0,0,0,0,0,0,0,0,2048,0,507152,36096000,99614720
1743619102.001153,600960,21068468,0,131892240,125918156,125521680,0,522936,0,133208,2856104,78864,2564320,54344,291784,1048576,1048576,0,0,344,0,3515868,462920,176720,98484,678456,98484,579972,27072,40180,0,0,0,65946120,6867808,34359738367,497232,0,64640,0,1126400,0,0,0,0,0,0,0,0,2048,0,507152,36096000,99614720
1743619103.001520,600960,21068468,0,131892240,125888496,125493824,0,526788,0,138532,2879664,84188,2584276,54344,295388,1048576,1048576,0,0,404,0,3540904,466260,176720,98484,678460,98484,579976,27072,40404,0,0,0,65946120,6887576,34359738367,497232,0,64640,0,1126400,0,0,0,0,0,0,0,0,2048,0,507152,36096000,99614720
1743619104.001724,600960,21068468,0,131892240,125888440,125493828,0,526980,0,138532,2879844,84188,2584336,54344,295508,1048576,1048576,0,0,520,0,3540952,466320,176780,98484,678460,98484,579976,27072,40404,0,0,0,65946120,6887576,34359738367,497232,0,64640,0,1126400,0,0,0,0,0,0,0,0,2048,0,507152,36096000,99614720
1743619105.002061,600960,21068468,0,131892240,125888748,125494196,0,527116,0,138532,2879968,84188,2584340,54344,295628,1048576,1048576,0,0,636,0,3541004,466324,176784,98484,678460,98484,579976,27072,40404,0,0,0,65946120,6887576,34359738367,497232,0,64640,0,1126400,0,0,0,0,0,0,0,0,2048,0,507152,36096000,99614720
1743619106.001239,600960,21068468,0,131892240,125888900,125494408,0,527276,0,138532,2880088,84188,2584340,54344,295748,1048576,1048576,0,0,776,0,3541004,466324,176784,98484,678460,98484,579976,27072,40404,0,0,0,65946120,6887576,34359738367,497232,0,64640,0,1126400,0,0,0,0,0,0,0,0,2048,0,507152,36096000,99614720
1743619107.001571,600960,21068468,0,131892240,125888816,125494384,0,527412,0,138532,2880208,84188,2584340,54344,295868,1048576,1048576,0,0,896,0,3541004,466324,176784,98484,678460,98484,579976,27072,40404,0,0,0,65946120,6887576,34359738367,497232,0,64640,0,1126400,0,0,0,0,0,0,0,0,2048,0,507152,36096000,99614720
1743619108.001727,600960,21068468,0,131892240,125888936,125494532,0,527568,0,138532,2880268,84188,2584340,54344,295928,1048576,1048576,0,0,984,0,3541004,466380,176840,98484,678460,98484,579976,27072,40404,0,0,0,65946120,6887576,34359738367,497232,0,64640,0,1126400,0,0,0,0,0,0,0,0,2048,0,507152,36096000,99614720
1743619109.002060,600960,21068468,0,131892240,125888852,125494508,0,527680,0,138532,2880388,84188,2584340,54344,296048,1048576,1048576,0,0,1076,0,3541004,466388,176848,98484,678460,98484,579976,27072,40404,0,0,0,65946120,6887576,34359738367,497232,0,64640,0,1126400,0,0,0,0,0,0,0,0,2048,0,507152,36096000,99614720
1743619110.015576,600960,21068468,0,131892240,125883968,125490084,0,528496,0,138592,2884980,84224,2588040,54368,296940,1048576,1048576,0,0,1140,0,3544860,467116,176848,98484,678460,98484,579976,27072,40404,0,0,0,65946120,6887576,34359738367,497232,0,64640,0,1126400,0,0,0,0,0,0,0,0,2048,0,507152,36096000,99614720
1743619111.002030,600960,21068468,0,131892240,125310464,124918008,0,531544,0,139000,3458656,84632,3158856,54368,299800,1048576,1048576,0,0,1892,0,4115464,469652,177180,98484,678420,98484,579936,27072,41268,0,0,0,65946120,7204680,34359738367,497232,0,64640,0,1126400,0,0,0,0,0,0,0,0,2048,0,507152,36096000,99614720
1743619112.001078,600960,21068468,0,131892240,125309648,124917712,0,532908,0,139148,3460124,84780,3159288,54368,300836,1048576,1048576,0,0,2624,0,4115532,470276,177560,98484,678284,98484,579800,27072,41268,0,0,0,65946120,7213252,34359738367,497232,0,64640,0,1126400,0,0,0,0,0,0,0,0,2048,0,507152,36096000,99614720
1743619113.001092,600960,21068468,0,131892240,125308876,124917280,0,533904,0,139224,3461132,84852,3159620,54372,301512,1048576,1048576,0,0,92,440,4115540,470628,177920,98484,678336,98484,579852,27072,41268,0,0,0,65946120,7213304,34359738367,497232,0,64640,0,1126400,0,0,0,0,0,0,0,0,2048,0,507152,36096000,99614720
1743619114.001572,600960,21068468,0,131892240,125308180,124916952,0,535004,0,139224,3462228,84852,3159976,54372,302252,1048576,1048576,0,0,832,20,4115540,470968,178260,98484,678220,98484,579736,27072,41268,0,0,0,65946120,7213336,34359738367,497232,0,64640,0,1126400,0,0,0,0,0,0,0,0,2048,0,507152,36096000,99614720
1743619115.001664,600960,21068468,0,131892240,125307188,124916372,0,536104,0,139224,3463364,84852,3160292,54372,303072,1048576,1048576,0,0,1596,4,4115540,471280,178572,98484,678396,98484,579912,27072,41268,0,0,0,65946120,7213372,34359738367,497232,0,64640,0,1126400,0,0,0,0,0,0,0,0,2048,0,507152,36096000,99614720
1743619116.002032,600960,21068468,0,131892240,125306164,124915720,0,537308,0,139232,3464540,84860,3160724,54372,303816,1048576,1048576,0,0,2344,0,4115540,471708,179004,98484,678516,98484,580032,27072,41268,0,0,0,65946120,7213436,34359738367,497232,0,64640,0,1126400,0,0,0,0,0,0,0,0,2048,0,507152,36096000,99614720
1743619117.001250,600960,21068468,0,131892240,125305008,124914984,0,538528,0,139224,3465792,84852,3161132,54372,304660,1048576,1048576,0,0,3136,0,4115540,472116,179408,98484,678432,98484,579948,27072,41268,0,0,0,65946120,7279724,34359738367,497232,0,64640,0,1126400,0,0,0,0,0,0,0,0,2048,0,507152,36096000,99614720
1743619118.001050,600960,21068468,0,131892240,125302508,124913312,0,540584,0,139660,3467332,85272,3161040,54388,306292,1048576,1048576,0,0,3996,0,4115540,472868,179792,98492,678512,98492,580020,27072,41268,0,0,0,65946120,7216268,34359738367,497232,0,64640,0,1126400,0,0,0,0,0,0,0,0,2048,0,507152,36096000,99614720
1743619119.001069,600960,21068468,0,131892240,125301604,124912508,0,540912,0,140852,3466520,86452,3160040,54400,306480,1048576,1048576,0,0,4552,0,4115604,472928,179852,98496,678536,98496,580040,27072,41268,0,0,0,65946120,7216268,34359738367,497232,0,64640,0,1126400,0,0,0,0,0,0,0,0,2048,0,507152,36096000,99614720
1743619120.001546,600960,21068468,0,131892240,124984568,124595716,0,541216,0,147204,3777724,92804,3470756,54400,306968,1048576,1048576,0,0,5020,0,4432856,472900,179760,98496,678588,98496,580092,27072,41908,0,0,0,65946120,7511944,34359738367,497232,0,64640,0,1126400,0,0,0,0,0,0,0,0,2048,0,507152,36096000,99614720
1743619121.001180,600960,21068468,0,131892240,124979892,124591424,0,542200,0,150084,3778724,95684,3470988,54400,307736,1048576,1048576,0,0,5756,0,4435828,473228,179880,98496,678708,98496,580212,27072,41924,0,0,0,65946120,7511944,34359738367,497232,0,64640,0,1126400,0,0,0,0,0,0,0,0,2048,0,507152,36096000,99614720
1743619122.001159,600960,21068468,0,131892240,124598728,124210340,0,542268,0,156604,4148932,102204,3841036,54400,307896,1048576,1048576,0,0,5944,0,4816872,473188,179832,98496,678736,98496,580240,27072,42108,0,0,0,65946120,8008032,34359738367,497232,0,64640,0,1126400,0,0,0,0,0,0,0,0,2048,0,507152,36096000,99614720
1743619123.001165,600960,21068468,0,131892240,123730868,123362728,0,585148,0,165180,5006132,105932,4662588,59248,343544,1048576,1048576,0,0,42320,0,5638048,475676,179756,98496,679452,98496,580956,27072,44336,0,0,0,65946120,8809864,34359738367,497232,0,64640,0,1126400,0,0,0,0,0,0,0,0,2048,0,507152,36096000,99614720
1743619124.001639,600960,21068468,0,131892240,123593404,123234340,0,601436,0,167652,5143640,105956,4784392,61696,359248,1048576,1048576,0,0,1312,144,5759940,476348,179756,98496,680228,98496,581732,27088,44376,0,0,0,65946120,8948440,34359738367,497248,0,64640,0,1126400,0,0,0,0,0,0,0,0,2048,0,507152,36096000,99614720
1743619125.002089,600960,21068468,0,131892240,123530700,123172368,0,602596,0,168944,5204920,106796,4844660,62148,360260,1048576,1048576,0,0,1664,204,5821824,477072,179756,98496,680028,98496,581532,27088,44668,0,0,0,65946120,9002232,34359738367,497248,0,64640,0,1126400,0,0,0,0,0,0,0,0,2048,0,507152,36096000,99614720
1743619126.001372,600960,21068468,0,131892240,123528548,123170228,0,602628,0,169064,5207092,106916,4846812,62148,360280,1048576,1048576,0,0,1676,0,5823712,477160,179756,98496,680028,98496,581532,27088,44760,0,0,0,65946120,9002232,34359738367,497248,0,64640,0,1126400,0,0,0,0,0,0,0,0,2048,0,507152,36096000,99614720
1743619127.001741,600960,21068468,0,131892240,123528524,123170344,0,602876,0,169220,5207216,107072,4846656,62148,360560,1048576,1048576,0,0,1720,204,5823716,477160,179756,98496,679996,98496,581500,27088,44760,0,0,0,65946120,9002232,34359738367,497248,0,64640,0,1126400,0,0,0,0,0,0,0,0,2048,0,507152,36096000,99614720
1743619128.002023,600960,21068468,0,131892240,123528356,123170176,0,602892,0,170476,5205960,108296,4845432,62180,360528,1048576,1048576,0,0,1736,0,5823716,477160,179756,98496,679996,98496,581500,27088,44760,0,0,0,65946120,9002232,34359738367,497248,0,64640,0,1126400,0,0,0,0,0,0,0,0,2048,0,507152,36096000,99614720
1743619129.001482,600960,21068468,0,131892240,123528364,123170184,0,602900,0,170476,5205960,108296,4845432,62180,360528,1048576,1048576,0,0,632,0,5823716,477160,179756,98496,679996,98496,581500,27088,44760,0,0,0,65946120,9002232,34359738367,497248,0,64640,0,1126400,0,0,0,0,0,0,0,0,2048,0,507152,36096000,99614720
1743619130.009615,600960,21068468,0,131892240,123528340,123170168,0,602948,0,170476,5206020,108296,4845476,62180,360544,1048576,1048576,0,0,680,0,5823716,477160,179756,98496,679996,98496,581500,27088,44760,0,0,0,65946120,9002232,34359738367,497248,0,64640,0,1126400,0,0,0,0,0,0,0,0,2048,0,507152,36096000,99614720
1743619131.002133,600960,21068468,0,131892240,123528152,123170092,0,603168,0,170836,5205892,108656,4845120,62180,360772,1048576,1048576,0,0,692,0,5823716,477164,179760,98496,679988,98496,581492,27088,44760,0,0,0,65946120,9002232,34359738367,497248,0,64640,0,1126400,0,0,0,0,0,0,0,0,2048,0,507152,36096000,99614720
1743619132.001209,600960,21068468,0,131892240,123478816,123158104,0,651520,0,173408,5251680,108752,4845536,64656,406144,1048576,1048576,0,0,50008,0,5823768,477164,179760,98496,680904,98496,582408,27088,44760,0,0,0,65946120,9002232,34359738367,497248,0,64640,0,1126400,0,0,0,0,0,0,0,0,2048,0,507152,36096000,99614720
1743619133.001631,600960,21068468,0,131892240,123478776,123158124,0,651540,0,173408,5251740,108752,4845536,64656,406204,1048576,1048576,0,0,50076,0,5823768,477164,179760,98496,680912,98496,582416,27088,44760,0,0,0,65946120,9002232,34359738367,497248,0,64640,0,1126400,0,0,0,0,0,0,0,0,2048,0,507152,36096000,99614720
1743619134.001290,600960,21068468,0,131892240,123478512,123158128,0,651780,0,174032,5251404,109244,4845064,64788,406340,1048576,1048576,0,0,50112,0,5823804,477164,179760,98496,680936,98496,582440,27088,44764,0,0,0,65946120,9002232,34359738367,497248,0,64640,0,1126400,0,0,0,0,0,0,0,0,2048,0,507152,36096000,99614720
1743619135.001358,600960,21068468,0,131892240,123478500,123158116,0,651796,0,174032,5251404,109244,4845064,64788,406340,1048576,1048576,0,0,50128,0,5823804,477164,179760,98496,680936,98496,582440,27088,44764,0,0,0,65946120,9002232,34359738367,497248,0,64640,0,1126400,0,0,0,0,0,0,0,0,2048,0,507152,36096000,99614720
1743619136.001772,600960,21068468,0,131892240,123478240,123158144,0,652048,0,174032,5251692,109244,4845064,64788,406628,1048576,1048576,0,0,50176,140,5823804,477164,179760,98496,680948,98496,582452,27088,44764,0,0,0,65946120,9002232,34359738367,497248,0,64640,0,1126400,0,0,0,0,0,0,0,0,2048,0,507152,36096000,99614720
1743619137.002232,600960,21068468,0,131892240,123478224,123158128,0,652060,0,174392,5251332,109604,4844704,64788,406628,1048576,1048576,0,0,50188,0,5823804,477164,179760,98496,680964,98496,582468,27088,44764,0,0,0,65946120,9002232,34359738367,497248,0,64640,0,1126400,0,0,0,0,0,0,0,0,2048,0,507152,36096000,99614720
1743619138.001319,600960,21068468,0,131892240,123478196,123158100,0,652072,0,174392,5251332,109604,4844704,64788,406628,1048576,1048576,0,0,50200,0,5823804,477164,179760,98496,680968,98496,582472,27088,44764,0,0,0,65946120,9002232,34359738367,497248,0,64640,0,1126400,0,0,0,0,0,0,0,0,2048,0,507152,36096000,99614720
1743619139.001729,600960,21068468,0,131892240,123426336,123146356,0,694700,0,174512,5292840,109604,4846216,64908,446624,1048576,1048576,0,0,92532,0,5824812,477164,179760,98496,680988,98496,582492,27088,44764,0,0,0,65946120,9016664,34359738367,497264,0,64640,0,1126400,0,0,0,0,0,0,0,0,2048,0,507152,36096000,99614720
1743619140.002231,600960,21068468,0,131892240,123427468,123155896,0,700608,0,177432,5297832,110024,4845300,67408,452532,1048576,1048576,0,0,98304,0,5824684,477168,179764,98496,682360,98496,583864,27104,44768,0,0,0,65946120,9016664,34359738367,497264,0,64640,0,1126400,0,0,0,0,0,0,0,0,2048,0,507152,36096000,99614720
1743619141.001472,600960,21068468,0,131892240,123427424,123155884,0,700616,0,177432,5297832,110024,4845300,67408,452532,1048576,1048576,0,0,98312,0,5824692,477168,179764,98560,682432,98560,583872,27104,44768,0,0,0,65946120,9016664,34359738367,497264,0,64640,0,1126400,0,0,0,0,0,0,0,0,2048,0,507152,36096000,99614720
1743619142.001774,600960,21068468,0,131892240,123427424,123155884,0,700624,0,177432,5297832,110024,4845300,67408,452532,1048576,1048576,0,0,98320,0,5824700,477168,179764,98560,682432,98560,583872,27104,44768,0,0,0,65946120,9016664,34359738367,497264,0,64640,0,1126400,0,0,0,0,0,0,0,0,2048,0,507152,36096000,99614720
1743619143.002159,600960,21068468,0,131892240,123427452,123155912,0,700632,0,177432,5297832,110024,4845300,67408,452532,1048576,1048576,0,0,98328,0,5824700,477168,179764,98560,682432,98560,583872,27104,44768,0,0,0,65946120,9016664,34359738367,497264,0,64640,0,1126400,0,0,0,0,0,0,0,0,2048,0,507152,36096000,99614720
1743619144.001421,600960,21068468,0,131892240,123414876,123143336,0,700644,0,177432,5297832,110024,4845300,67408,452532,1048576,1048576,0,0,564,55344,5824700,477168,179764,98560,685564,98560,587004,27104,44768,0,0,0,65946120,9016664,34359738367,497264,0,64640,0,1126400,0,0,0,0,0,0,0,0,2048,0,507152,36096000,99614720
1743619145.001811,600960,21068468,0,131892240,123427040,123155756,0,700904,0,178004,5297516,110500,4844824,67504,452692,1048576,1048576,0,0,68,0,5824716,477168,179764,98560,681808,98560,583248,27104,44772,0,0,0,65946120,9016664,34359738367,497264,0,64640,0,1126400,0,0,0,0,0,0,0,0,2048,0,507152,36096000,99614720
1743619146.002114,600960,21068468,0,131892240,123427064,123155780,0,700904,0,178004,5297516,110500,4844824,67504,452692,1048576,1048576,0,0,68,0,5824756,477168,179764,98560,681816,98560,583256,27104,44772,0,0,0,65946120,9016664,34359738367,497264,0,64640,0,1126400,0,0,0,0,0,0,0,0,2048,0,507152,36096000,99614720
1743619147.001484,600960,21068468,0,131892240,123427100,123155816,0,700912,0,178004,5297516,110500,4844824,67504,452692,1048576,1048576,0,0,76,0,5824780,477168,179764,98560,681816,98560,583256,27104,44772,0,0,0,65946120,9016664,34359738367,497264,0,64640,0,1126400,0,0,0,0,0,0,0,0,2048,0,507152,36096000,99614720
1743619148.001770,600960,21068468,0,131892240,123427100,123155864,0,700920,0,178004,5297636,110500,4844896,67504,452740,1048576,1048576,0,0,84,0,5824896,477168,179764,98560,681816,98560,583256,27104,44772,0,0,0,65946120,9016664,34359738367,497264,0,64640,0,1126400,0,0,0,0,0,0,0,0,2048,0,507152,36096000,99614720
1743619149.002234,600960,21068468,0,131892240,123427152,123155992,0,700924,0,178052,5297660,110500,4844892,67552,452768,1048576,1048576,0,0,88,0,5824900,477168,179764,98560,681816,98560,583256,27104,44772,0,0,0,65946120,9016664,34359738367,497264,0,64640,0,1126400,0,0,0,0,0,0,0,0,2048,0,507152,36096000,99614720
1743619150.014058,600960,21068468,0,131892240,123427012,123155924,0,700936,0,178052,5297840,110500,4845000,67552,452840,1048576,1048576,0,0,100,0,5825012,477168,179764,98560,681816,98560,583256,27104,44772,0,0,0,65946120,9016664,34359738367,497264,0,64640,0,1126400,0,0,0,0,0,0,0,0,2048,0,507152,36096000,99614720
1743619151.001545,600960,21068468,0,131892240,123426536,123155788,0,701212,0,178928,5297440,111252,4844384,67676,453056,1048576,1048576,0,0,144,0,5825192,477188,179784,98560,681856,98560,583296,27104,44772,0,0,0,65946120,9016664,34359738367,497264,0,64640,0,1126400,0,0,0,0,0,0,0,0,2048,0,507152,36096000,99614720
1743619152.001625,600960,21068468,0,131892240,123426492,123155744,0,701212,0,178928,5297440,111252,4844384,67676,453056,1048576,1048576,0,0,144,0,5825196,477188,179784,98560,681872,98560,583312,27104,44772,0,0,0,65946120,9016664,34359738367,497264,0,64640,0,1126400,0,0,0,0,0,0,0,0,2048,0,507152,36096000,99614720
1743619153.002065,600960,21068468,0,131892240,123426380,123155632,0,701220,0,178928,5297500,111252,4844444,67676,453056,1048576,1048576,0,0,152,0,5825344,477188,179784,98560,681872,98560,583312,27104,44772,0,0,0,65946120,9016664,34359738367,497264,0,64640,0,1126400,0,0,0,0,0,0,0,0,2048,0,507152,36096000,99614720
1743619154.001562,600960,21068468,0,131892240,123376140,123153584,0,749532,0,181744,5343876,111456,4845240,70288,498636,1048576,1048576,0,0,49504,0,5826124,477188,179784,98560,682972,98560,584412,27120,44772,0,0,0,65946120,9023812,34359738367,497280,0,64640,0,1126400,0,0,0,0,0,0,0,0,2048,0,507152,36096000,99614720
1743619155.001640,600960,21068468,0,131892240,123376132,123153580,0,749536,0,181744,5343936,111456,4845296,70288,498640,1048576,1048576,0,0,49508,0,5826132,477188,179784,98560,682980,98560,584420,27120,44772,0,0,0,65946120,9023812,34359738367,497280,0,64640,0,1126400,0,0,0,0,0,0,0,0,2048,0,507152,36096000,99614720
1743619156.002122,600960,21068468,0,131892240,123375824,123153272,0,749548,0,181804,5344236,111516,4845596,70288,498640,1048576,1048576,0,0,49520,0,5826464,477188,179784,98560,682980,98560,584420,27120,44772,0,0,0,65946120,9023812,34359738367,497280,0,64640,0,1126400,0,0,0,0,0,0,0,0,2048,0,507152,36096000,99614720
1743619157.001655,600960,21068468,0,131892240,123375256,123152980,0,749828,0,182800,5343848,112420,4845024,70380,498824,1048576,1048576,0,0,49556,0,5826832,477216,179812,98560,682980,98560,584420,27120,44772,0,0,0,65946120,9023812,34359738367,497280,0,64640,0,1126400,0,0,0,0,0,0,0,0,2048,0,507152,36096000,99614720
1743619158.001728,600960,21068468,0,131892240,123375256,123152980,0,749836,0,182800,5343908,112420,4845084,70380,498824,1048576,1048576,0,0,49564,0,5826864,477216,179812,98560,682980,98560,584420,27120,44772,0,0,0,65946120,9023812,34359738367,497280,0,64640,0,1126400,0,0,0,0,0,0,0,0,2048,0,507152,36096000,99614720
1743619159.001281,600960,21068468,0,131892240,123374780,123152504,0,749852,0,182860,5344148,112480,4845324,70380,498824,1048576,1048576,0,0,49580,0,5827276,477216,179812,98560,682980,98560,584420,27120,44772,0,0,0,65946120,9023812,34359738367,497280,0,64640,0,1126400,0,0,0,0,0,0,0,0,2048,0,507152,36096000,99614720
1743619160.001825,600960,21068468,0,131892240,123374332,123152096,0,749864,0,182860,5344748,112480,4845884,70380,498864,1048576,1048576,0,0,49592,0,5827808,477216,179812,98560,682980,98560,584420,27120,44772,0,0,0,65946120,9023812,34359738367,497280,0,64640,0,1126400,0,0,0,0,0,0,0,0,2048,0,507152,36096000,99614720
1743619161.001907,600960,21068468,0,131892240,123374304,123152068,0,749868,0,182860,5344748,112480,4845884,70380,498864,1048576,1048576,0,0,49596,0,5827844,477216,179812,98560,682980,98560,584420,27120,44772,0,0,0,65946120,9023812,34359738367,497280,0,64640,0,1126400,0,0,0,0,0,0,0,0,2048,0,507152,36096000,99614720
1743619162.001318,600960,21068468,0,131892240,123373716,123151528,0,749904,0,182860,5345408,112480,4846496,70380,498912,1048576,1048576,0,0,49600,0,5828424,477216,179812,98560,682984,98560,584424,27120,44772,0,0,0,65946120,9023812,34359738367,497280,0,64640,0,1126400,0,0,0,0,0,0,0,0,2048,0,507152,36096000,99614720
1743619163.001707,600960,21068468,0,131892240,123372820,123151056,0,750200,0,183104,5346132,112664,4846856,70440,499276,1048576,1048576,0,0,49636,0,5829020,477284,179856,98560,682984,98560,584424,27120,44772,0,0,0,65946120,9023812,34359738367,497280,0,64640,0,1126400,0,0,0,0,0,0,0,0,2048,0,507152,36096000,99614720
1743619164.002230,600960,21068468,0,131892240,123372624,123150860,0,750200,0,183104,5346252,112664,4846976,70440,499276,1048576,1048576,0,0,49636,0,5829168,477284,179856,98560,682984,98560,584424,27120,44772,0,0,0,65946120,9023812,34359738367,497280,0,64640,0,1126400,0,0,0,0,0,0,0,0,2048,0,507152,36096000,99614720
1743619165.001680,600960,21068468,0,131892240,123368080,123146372,0,750220,0,183340,5346772,112844,4847496,70496,499276,1048576,1048576,0,0,4,5808,5829932,477284,179856,98560,683076,98560,584516,27120,44772,0,0,0,65946120,9023812,34359738367,497280,0,64640,0,1126400,0,0,0,0,0,0,0,0,2048,0,507152,36096000,99614720
1743619166.002012,600960,21068468,0,131892240,123370504,123148796,0,750236,0,183400,5347372,112888,4848112,70512,499260,1048576,1048576,0,0,32,0,5830692,477284,179856,98560,683128,98560,584568,27120,44772,0,0,0,65946120,9023812,34359738367,497280,0,64640,0,1126400,0,0,0,0,0,0,0,0,2048,0,507152,36096000,99614720
1743619167.001407,600960,21068468,0,131892240,123370336,123148636,0,750236,0,183460,5347552,112904,4848328,70556,499224,1048576,1048576,0,0,32,0,5830864,477284,179856,98560,683128,98560,584568,27120,44772,0,0,0,65946120,9023812,34359738367,497280,0,64640,0,1126400,0,0,0,0,0,0,0,0,2048,0,507152,36096000,99614720
1743619168.001709,600960,21068468,0,131892240,123369552,123147896,0,750244,0,183640,5348272,113064,4849024,70576,499248,1048576,1048576,0,0,40,0,5831760,477284,179856,98560,683128,98560,584568,27120,44772,0,0,0,65946120,9023812,34359738367,497280,0,64640,0,1126400,0,0,0,0,0,0,0,0,2048,0,507152,36096000,99614720
1743619169.002094,600960,21068468,0,131892240,123319768,123146156,0,798848,0,186464,5393916,113412,4849100,73052,544816,1048576,1048576,0,0,48940,0,5831816,477292,179864,98560,684020,98560,585460,27120,44772,0,0,0,65946120,9023628,34359738367,497280,0,64640,0,1126400,0,0,0,0,0,0,0,0,2048,0,507152,36096000,99614720
1743619170.013604,600960,21068468,0,131892240,123319160,123145668,0,798848,0,186464,5394772,113412,4849836,73052,544936,1048576,1048576,0,0,48940,0,5832696,477292,179864,98560,684044,98560,585484,27136,44772,0,0,0,65946120,9023628,34359738367,497280,0,64640,0,1126400,0,0,0,0,0,0,0,0,2048,0,507152,36096000,99614720
1743619171.002125,600960,21068468,0,131892240,123318068,123144768,0,798860,0,186764,5395736,113712,4850608,73052,545128,1048576,1048576,0,0,48952,0,5833876,477292,179864,98560,684044,98560,585484,27120,44772,0,0,0,65946120,9023628,34359738367,497280,0,64640,0,1126400,0,0,0,0,0,0,0,0,2048,0,507152,36096000,99614720
1743619172.001330,600960,21068468,0,131892240,123317904,123144704,0,798868,0,186808,5395976,113712,4850792,73096,545184,1048576,1048576,0,0,48964,0,5834012,477292,179864,98560,684044,98560,585484,27120,44776,0,0,0,65946120,9023628,34359738367,497280,0,64640,0,1126400,0,0,0,0,0,0,0,0,2048,0,507152,36096000,99614720
1743619173.002034,600960,21068468,0,131892240,123316672,123143560,0,798880,0,186984,5397060,113796,4851880,73188,545180,1048576,1048576,0,0,48976,0,5835292,477292,179864,98560,684044,98560,585484,27120,44776,0,0,0,65946120,9023628,34359738367,497280,0,64640,0,1126400,0,0,0,0,0,0,0,0,2048,0,507152,36096000,99614720
1743619174.001319,600960,21068468,0,131892240,123315468,123142356,0,798892,0,187104,5398140,113844,4853032,73260,545108,1048576,1048576,0,0,48988,0,5836516,477292,179864,98560,684044,98560,585484,27120,44776,0,0,0,65946120,9023628,34359738367,497280,0,64640,0,1126400,0,0,0,0,0,0,0,0,2048,0,507152,36096000,99614720
1743619175.001423,600960,21068468,0,131892240,123315108,123141996,0,798896,0,187464,5398080,114204,4852972,73260,545108,1048576,1048576,0,0,48992,0,5836836,477292,179864,98560,684044,98560,585484,27120,44776,0,0,0,65946120,9023628,34359738367,497280,0,64640,0,1126400,0,0,0,0,0,0,0,0,2048,0,507152,36096000,99614720
1743619176.000984,600960,21068468,0,131892240,123313396,123140656,0,799180,0,188184,5399224,114832,4853836,73352,545388,1048576,1048576,0,0,49028,0,5838288,477320,179892,98560,684076,98560,585516,27120,44780,0,0,0,65946120,9023628,34359738367,497280,0,64640,0,1126400,0,0,0,0,0,0,0,0,2048,0,507152,36096000,99614720
1743619177.001475,600960,21068468,0,131892240,123312620,123139936,0,799184,0,188184,5400064,114832,4854620,73352,545444,1048576,1048576,0,0,49032,0,5839072,477320,179892,98560,684076,98560,585516,27120,44780,0,0,0,65946120,9023628,34359738367,497280,0,64640,0,1126400,0,0,0,0,0,0,0,0,2048,0,507152,36096000,99614720
1743619178.001546,600960,21068468,0,131892240,123311808,123139148,0,799188,0,188652,5400436,115224,4855044,73428,545392,1048576,1048576,0,0,49036,0,5839940,477320,179892,98560,684076,98560,585516,27120,44780,0,0,0,65946120,9023628,34359738367,497280,0,64640,0,1126400,0,0,0,0,0,0,0,0,2048,0,507152,36096000,99614720
1743619179.001954,600960,21068468,0,131892240,123310028,123137380,0,799212,0,188772,5402132,115344,4856728,73428,545404,1048576,1048576,0,0,49060,0,5841744,477320,179892,98560,684076,98560,585516,27120,44780,0,0,0,65946120,9023628,34359738367,497280,0,64640,0,1126400,0,0,0,0,0,0,0,0,2048,0,507152,36096000,99614720
1743619180.001444,600960,21068468,0,131892240,123309356,123136708,0,799216,0,188772,5402192,115344,4856788,73428,545404,1048576,1048576,0,0,49064,0,5841864,477320,179892,98560,684076,98560,585516,27120,44780,0,0,0,65946120,9032612,34359738367,497280,0,64640,0,1126400,0,0,0,0,0,0,0,0,2048,0,507152,36096000,99614720
1743619181.001781,600960,21068468,0,131892240,123307360,123134772,0,799224,0,189684,5403200,116188,4857804,73496,545396,1048576,1048576,0,0,0,192,5843660,477320,179892,98560,683852,98560,585292,27120,44804,0,0,0,65946120,9032612,34359738367,497280,0,64640,0,1126400,0,0,0,0,0,0,0,0,2048,0,507152,36096000,99614720
1743619182.002052,600960,21068468,0,131892240,123282376,123110040,0,799480,0,189920,5427780,116372,4882184,73548,545596,1048576,1048576,0,0,52,0,5868672,477320,179892,98560,683908,98560,585348,27120,44836,0,0,0,65946120,9062800,34359738367,497280,0,64640,0,1126400,0,0,0,0,0,0,0,0,2048,0,507152,36096000,99614720
1743619183.001463,600960,21068468,0,131892240,123281248,123108928,0,799480,0,190040,5428980,116492,4883368,73548,545612,1048576,1048576,0,0,52,0,5869692,477320,179892,98560,683916,98560,585356,27120,44852,0,0,0,65946120,9062800,34359738367,497280,0,64640,0,1126400,0,0,0,0,0,0,0,0,2048,0,507152,36096000,99614720
1743619184.001736,600960,21068468,0,131892240,123279092,123106772,0,799488,0,190800,5430380,117208,4884812,73592,545568,1048576,1048576,0,0,60,0,5871844,477320,179892,98560,683916,98560,585356,27120,44852,0,0,0,65946120,9062800,34359738367,497280,0,64640,0,1126400,0,0,0,0,0,0,0,0,2048,0,507152,36096000,99614720
1743619185.001129,600960,21068468,0,131892240,123228760,123097984,0,842412,0,191800,5471500,117436,4885160,74364,586340,1048576,1048576,0,0,43064,0,5872040,477320,179892,98560,684700,98560,586140,27120,44852,0,0,0,65946120,9060600,34359738367,497280,0,64640,0,1126400,0,0,0,0,0,0,0,0,2048,0,507152,36096000,99614720
1743619186.001369,600960,21068468,0,131892240,123228100,123103880,0,847836,0,193856,5477740,117664,4886672,76192,591068,1048576,1048576,0,0,48948,0,5873920,477320,179892,98560,684900,98560,586340,27120,44868,0,0,0,65946120,9067936,34359738367,497280,0,64640,0,1126400,0,0,0,0,0,0,0,0,2048,0,507152,36096000,99614720
1743619187.001465,600960,21068468,0,131892240,123219860,123095640,0,847848,0,193856,5485864,117664,4894796,76192,591068,1048576,1048576,0,0,48960,0,5882148,477320,179892,98560,684908,98560,586348,27120,44868,0,0,0,65946120,9081080,34359738367,497280,0,64640,0,1126400,0,0,0,0,0,0,0,0,2048,0,507152,36096000,99614720
1743619188.001748,600960,21068468,0,131892240,123218752,123094596,0,847848,0,194692,5486204,118400,4895172,76292,591032,1048576,1048576,0,0,48960,0,5883236,477320,179892,98560,684908,98560,586348,27120,44884,0,0,0,65946120,9081080,34359738367,497280,0,64640,0,1126400,0,0,0,0,0,0,0,0,2048,0,507152,36096000,99614720
1743619189.002140,600960,21068468,0,131892240,123216464,123092592,0,848108,0,195568,5487708,119256,4896412,76312,591296,1048576,1048576,0,0,48996,0,5885248,477324,179896,98560,684944,98560,586384,27120,44884,0,0,0,65946120,9081080,34359738367,497280,0,64640,0,1126400,0,0,0,0,0,0,0,0,2048,0,507152,36096000,99614720
1743619190.008715,600960,21068468,0,131892240,123215792,123091968,0,848108,0,195784,5488032,119412,4896748,76372,591284,1048576,1048576,0,0,48996,0,5885876,477324,179896,98560,684944,98560,586384,27120,44884,0,0,0,65946120,9081080,34359738367,497280,0,64640,0,1126400,0,0,0,0,0,0,0,0,2048,0,507152,36096000,99614720
1743619191.002189,600960,21068468,0,131892240,123213216,123089392,0,848120,0,195964,5490372,119592,4899088,76372,591284,1048576,1048576,0,0,49008,0,5888444,477324,179896,98560,684944,98560,586384,27120,44884,0,0,0,65946120,9081080,34359738367,497280,0,64640,0,1126400,0,0,0,0,0,0,0,0,2048,0,507152,36096000,99614720
1743619192.001287,600960,21068468,0,131892240,123212068,123088244,0,848124,0,195964,5491560,119592,4900276,76372,591284,1048576,1048576,0,0,49012,0,5889628,477324,179896,98560,684944,98560,586384,27120,44884,0,0,0,65946120,9093380,34359738367,497280,0,64640,0,1126400,0,0,0,0,0,0,0,0,2048,0,507152,36096000,99614720
1743619193.001735,600960,21068468,0,131892240,123210696,123086960,0,848144,0,196340,5492696,119968,4901324,76372,591372,1048576,1048576,0,0,49032,0,5891024,477324,179896,98560,684944,98560,586384,27120,44896,0,0,0,65946120,9093380,34359738367,497280,0,64640,0,1126400,0,0,0,0,0,0,0,0,2048,0,507152,36096000,99614720
1743619194.002246,600960,21068468,0,131892240,123211480,123087792,0,848156,0,196348,5491844,119976,4900424,76372,591420,1048576,1048576,0,0,49044,0,5890144,477332,179896,98560,684944,98560,586384,27120,44896,0,0,0,65946120,9093380,34359738367,497280,0,64640,0,1126400,0,0,0,0,0,0,0,0,2048,0,507152,36096000,99614720
1743619195.001333,600960,21068468,0,131892240,123210724,123087036,0,848156,0,196788,5492184,120416,4900764,76372,591420,1048576,1048576,0,0,49044,0,5890944,477332,179896,98560,684944,98560,586384,27120,44896,0,0,0,65946120,9093380,34359738367,497280,0,64640,0,1126400,0,0,0,0,0,0,0,0,2048,0,507152,36096000,99614720
1743619196.001133,600960,21068468,0,131892240,123192004,123068640,0,848412,0,197544,5510176,121172,4918432,76372,591744,1048576,1048576,0,0,49080,0,5909336,477332,179896,98560,684964,98560,586404,27120,44944,0,0,0,65946120,9113388,34359738367,497280,0,64640,0,1126400,0,0,0,0,0,0,0,0,2048,0,507152,36096000,99614720
1743619197.001582,600960,21068468,0,131892240,123191752,123068388,0,848416,0,197584,5510436,121172,4918732,76412,591704,1048576,1048576,0,0,4,0,5909560,477332,179896,98560,684744,98560,586184,27120,44944,0,0,0,65946120,9113388,34359738367,497280,0,64640,0,1126400,0,0,0,0,0,0,0,0,2048,0,507152,36096000,99614720
1743619198.001672,600960,21068468,0,131892240,123189800,123066448,0,848428,0,198272,5511488,121832,4919800,76440,591688,1048576,1048576,0,0,28,0,5911416,477332,179896,98560,684792,98560,586232,27120,44948,0,0,0,65946120,9113388,34359738367,497280,0,64640,0,1126400,0,0,0,0,0,0,0,0,2048,0,507152,36096000,99614720
1743619199.002077,600960,21068468,0,131892240,123189688,123066336,0,848432,0,198272,5511728,121832,4920040,76440,591688,1048576,1048576,0,0,32,0,5911584,477332,179896,98560,684792,98560,586232,27120,44948,0,0,0,65946120,9113388,34359738367,497280,0,64640,0,1126400,0,0,0,0,0,0,0,0,2048,0,507152,36096000,99614720
1743619200.001654,600960,21068468,0,131892240,123187812,123064472,0,848436,0,198880,5513040,122424,4921356,76456,591684,1048576,1048576,0,0,36,0,5913484,477332,179896,98560,684792,98560,586232,27120,44948,0,0,0,65946120,9113388,34359738367,497280,0,64640,0,1126400,0,0,0,0,0,0,0,0,2048,0,507152,36096000,99614720
1743619201.001607,600960,21068468,0,131892240,123185936,123062596,0,848444,0,199900,5513820,123444,4922136,76456,591684,1048576,1048576,0,0,44,0,5915316,477332,179896,98560,684792,98560,586232,27120,44948,0,0,0,65946120,9113388,34359738367,497280,0,64640,0,1126400,0,0,0,0,0,0,0,0,2048,0,507152,36096000,99614720
1743619202.001073,600960,21068468,0,131892240,123182852,123061548,0,851108,0,200592,5515792,124124,4922084,76468,593708,1048576,1048576,0,0,1152,0,5915740,477332,179896,98560,684800,98560,586240,27120,44948,0,0,0,65946120,9113388,34359738367,497280,0,64640,0,1126400,0,0,0,0,0,0,0,0,2048,0,507152,36096000,99614720
1743619203.001221,600960,21068468,0,131892240,123134608,123059660,0,897020,0,204128,5560156,125052,4922700,79076,637456,1048576,1048576,0,0,48932,0,5917384,477332,179896,98560,685480,98560,586920,27120,44948,0,0,0,65946120,9120588,34359738367,497280,0,64640,0,1126400,0,0,0,0,0,0,0,0,2048,0,507152,36096000,99614720
1743619204.001534,600960,21068468,0,131892240,123134356,123059468,0,897020,0,204128,5560456,125052,4922940,79076,637516,1048576,1048576,0,0,48932,0,5917660,477332,179896,98560,685480,98560,586920,27120,44948,0,0,0,65946120,9120588,34359738367,497280,0,64640,0,1126400,0,0,0,0,0,0,0,0,2048,0,507152,36096000,99614720
1743619205.001914,600960,21068468,0,131892240,123132720,123057932,0,897032,0,204692,5561628,125516,4924112,79176,637516,1048576,1048576,0,0,48944,0,5919348,477332,179896,98560,685480,98560,586920,27120,44956,0,0,0,65946120,9130852,34359738367,497280,0,64640,0,1126400,0,0,0,0,0,0,0,0,2048,0,507152,36096000,99614720
1743619206.001229,600960,21068468,0,131892240,123132552,123057764,0,897032,0,204692,5561868,125516,4924352,79176,637516,1048576,1048576,0,0,48944,0,5919600,477332,179896,98560,685480,98560,586920,27120,44956,0,0,0,65946120,9130852,34359738367,497280,0,64640,0,1126400,0,0,0,0,0,0,0,0,2048,0,507152,36096000,99614720
1743619207.001613,600960,21068468,0,131892240,123130844,123056160,0,897040,0,205760,5562528,126500,4924992,79260,637536,1048576,1048576,0,0,48952,0,5921236,477332,179896,98560,685480,98560,586920,27120,44960,0,0,0,65946120,9130852,34359738367,497280,0,64640,0,1126400,0,0,0,0,0,0,0,0,2048,0,507152,36096000,99614720
1743619208.001894,600960,21068468,0,131892240,123129864,123055180,0,897052,0,205760,5563488,126500,4925952,79260,637536,1048576,1048576,0,0,48964,0,5922148,477332,179896,98560,685480,98560,586920,27120,44960,0,0,0,65946120,9130852,34359738367,497280,0,64640,0,1126400,0,0,0,0,0,0,0,0,2048,0,507152,36096000,99614720
1743619209.001302,600960,21068468,0,131892240,123129024,123054340,0,897064,0,206264,5563704,127004,4926168,79260,637536,1048576,1048576,0,0,48976,0,5923064,477332,179896,98560,685480,98560,586920,27120,44960,0,0,0,65946120,9130852,34359738367,497280,0,64640,0,1126400,0,0,0,0,0,0,0,0,2048,0,507152,36096000,99614720
1743619210.009451,600960,21068468,0,131892240,123127496,123053112,0,897320,0,206444,5565308,127184,4927472,79260,637836,1048576,1048576,0,0,49012,0,5924312,477332,179896,98560,685484,98560,586924,27120,44960,0,0,0,65946120,9130852,34359738367,497280,0,64640,0,1126400,0,0,0,0,0,0,0,0,2048,0,507152,36096000,99614720
1743619211.001942,600960,21068468,0,131892240,123126768,123052384,0,897324,0,207384,5565088,128056,4927320,79328,637768,1048576,1048576,0,0,49016,0,5924964,477332,179896,98560,685484,98560,586924,27120,44960,0,0,0,65946120,9130852,34359738367,497280,0,64640,0,1126400,0,0,0,0,0,0,0,0,2048,0,507152,36096000,99614720
1743619212.002037,600960,21068468,0,131892240,123125088,123050704,0,897336,0,207720,5566252,128392,4928484,79328,637768,1048576,1048576,0,0,49028,0,5926616,477332,179896,98560,685484,98560,586924,27120,44960,0,0,0,65946120,9130852,34359738367,497280,0,64640,0,1126400,0,0,0,0,0,0,0,0,2048,0,507152,36096000,99614720
1743619213.001488,600960,21068468,0,131892240,123125148,123050764,0,897340,0,207720,5566492,128392,4928724,79328,637768,1048576,1048576,0,0,12,0,5926832,477332,179896,98560,684944,98560,586384,27120,44960,0,0,0,65946120,9130852,34359738367,497280,0,64640,0,1126400,0,0,0,0,0,0,0,0,2048,0,507152,36096000,99614720
1743619214.001988,600960,21068468,0,131892240,123123480,123049156,0,897344,0,208152,5567800,128784,4930012,79368,637788,1048576,1048576,0,0,24,0,5928540,477332,179896,98560,684992,98560,586432,27120,44960,0,0,0,65946120,9130852,34359738367,497280,0,64640,0,1126400,0,0,0,0,0,0,0,0,2048,0,507152,36096000,99614720
1743619215.002063,600960,21068468,0,131892240,123123172,123048848,0,897348,0,208152,5568040,128784,4930252,79368,637788,1048576,1048576,0,0,28,0,5928792,477332,179896,98560,684992,98560,586432,27120,44960,0,0,0,65946120,9130852,34359738367,497280,0,64640,0,1126400,0,0,0,0,0,0,0,0,2048,0,507152,36096000,99614720
1743619216.001487,600960,21068468,0,131892240,123121548,123047224,0,897356,0,208720,5568912,129352,4931124,79368,637788,1048576,1048576,0,0,36,0,5930352,477332,179896,98560,684992,98560,586432,27120,44960,0,0,0,65946120,9130852,34359738367,497280,0,64640,0,1126400,0,0,0,0,0,0,0,0,2048,0,507152,36096000,99614720
1743619217.001991,600960,21068468,0,131892240,123120736,123046708,0,897616,0,208848,5569372,129480,4931288,79368,638084,1048576,1048576,0,0,80,0,5930600,477332,179896,98560,685016,98560,586456,27120,44960,0,0,0,65946120,9130852,34359738367,497280,0,64640,0,1126400,0,0,0,0,0,0,0,0,2048,0,507152,36096000,99614720
1743619218.002073,600960,21068468,0,131892240,123119360,123045332,0,897624,0,209288,5570492,129920,4932408,79368,638084,1048576,1048576,0,0,88,0,5932240,477332,179896,98560,685024,98560,586464,27120,44964,0,0,0,65946120,9130852,34359738367,497280,0,64640,0,1126400,0,0,0,0,0,0,0,0,2048,0,507152,36096000,99614720
1743619219.001493,600960,21068468,0,131892240,123118804,123044776,0,897636,0,209288,5571092,129920,4933008,79368,638084,1048576,1048576,0,0,100,0,5932848,477332,179896,98560,685024,98560,586464,27120,44964,0,0,0,65946120,9130852,34359738367,497280,0,64640,0,1126400,0,0,0,0,0,0,0,0,2048,0,507152,36096000,99614720
1743619220.002127,600960,21068468,0,131892240,123117600,123043584,0,897636,0,209768,5571872,130400,4933776,79368,638096,1048576,1048576,0,0,100,0,5934032,477332,179896,98560,685024,98560,586464,27120,44964,0,0,0,65946120,9130852,34359738367,497280,0,64640,0,1126400,0,0,0,0,0,0,0,0,2048,0,507152,36096000,99614720
1743619221.001892,600960,21068468,0,131892240,123067424,123041544,0,946032,0,212548,5617532,130748,4933732,81800,683800,1048576,1048576,0,0,49016,0,5934064,477332,179896,98560,686172,98560,587612,27120,44968,0,0,0,65946120,9143300,34359738367,497280,0,64640,0,1126400,0,0,0,0,0,0,0,0,2048,0,507152,36096000,99614720
1743619222.001207,600960,21068468,0,131892240,123066564,123040892,0,946032,0,212728,5618292,130868,4934344,81860,683948,1048576,1048576,0,0,49016,0,5934892,477332,179896,98560,686172,98560,587612,27120,44968,0,0,0,65946120,9143300,34359738367,497280,0,64640,0,1126400,0,0,0,0,0,0,0,0,2048,0,507152,36096000,99614720
1743619223.001614,600960,21068468,0,131892240,123048476,123022856,0,946044,0,213264,5635996,131296,4952104,81968,683892,1048576,1048576,0,0,49028,0,5953036,477332,179896,98560,686172,98560,587612,27120,45000,0,0,0,65946120,9159888,34359738367,497280,0,64640,0,1126400,0,0,0,0,0,0,0,0,2048,0,507152,36096000,99614720
1743619224.001879,600960,21068468,0,131892240,123048196,123022588,0,946056,0,213264,5636196,131296,4952292,81968,683904,1048576,1048576,0,0,49040,0,5953292,477332,179896,98560,686172,98560,587612,27120,45000,0,0,0,65946120,9159888,34359738367,497280,0,64640,0,1126400,0,0,0,0,0,0,0,0,2048,0,507152,36096000,99614720
1743619225.001273,600960,21068468,0,131892240,123046432,123021060,0,946312,0,213472,5637552,131432,4953484,82040,684068,1048576,1048576,0,0,49076,0,5954740,477332,179896,98560,686180,98560,587620,27120,45032,0,0,0,65946120,9181948,34359738367,497280,0,64640,0,1126400,0,0,0,0,0,0,0,0,2048,0,507152,36096000,99614720
1743619226.001594,600960,21068468,0,131892240,123046152,123020840,0,946316,0,213472,5637852,131432,4953724,82040,684128,1048576,1048576,0,0,49080,0,5954988,477332,179896,98560,686180,98560,587620,27120,45032,0,0,0,65946120,9181948,34359738367,497280,0,64640,0,1126400,0,0,0,0,0,0,0,0,2048,0,507152,36096000,99614720
1743619227.001982,600960,21068468,0,131892240,123044752,123019452,0,946324,0,213932,5638828,131832,4954748,82100,684080,1048576,1048576,0,0,49088,0,5956460,477332,179896,98560,686180,98560,587620,27120,45032,0,0,0,65946120,9181948,34359738367,497280,0,64640,0,1126400,0,0,0,0,0,0,0,0,2048,0,507152,36096000,99614720
1743619228.001363,600960,21068468,0,131892240,123043548,123018252,0,946324,0,213964,5639040,131864,4954956,82100,684084,1048576,1048576,0,0,4,1596,5956692,477332,179896,98560,686228,98560,587668,27120,45032,0,0,0,65946120,9181948,34359738367,497280,0,64640,0,1126400,0,0,0,0,0,0,0,0,2048,0,507152,36096000,99614720
1743619229.001781,600960,21068468,0,131892240,123043244,123017948,0,946332,0,214420,5640084,132240,4956080,82180,684004,1048576,1048576,0,0,24,0,5958140,477332,179896,98560,685788,98560,587228,27120,45032,0,0,0,65946120,9181948,34359738367,497280,0,64640,0,1126400,0,0,0,0,0,0,0,0,2048,0,507152,36096000,99614720
1743619230.009840,600960,21068468,0,131892240,123039576,123014296,0,946340,0,215432,5642656,133252,4958636,82180,684020,1048576,1048576,0,0,32,0,5961784,477332,179896,98560,685788,98560,587228,27120,45020,0,0,0,65946120,9184868,34359738367,497280,0,64640,0,1126400,0,0,0,0,0,0,0,0,2048,0,507152,36096000,99614720
1743619231.001498,600960,21068468,0,131892240,123038584,123013312,0,946344,0,216128,5643112,133948,4959084,82180,684028,1048576,1048576,0,0,36,0,5962776,477332,179896,98560,685788,98560,587228,27120,45048,0,0,0,65946120,9184868,34359738367,497280,0,64640,0,1126400,0,0,0,0,0,0,0,0,2048,0,507152,36096000,99614720
1743619232.001576,600960,21068468,0,131892240,123037156,123012120,0,946616,0,217048,5643532,134840,4959296,82208,684236,1048576,1048576,0,0,80,0,5963980,477336,179900,98560,685788,98560,587228,27120,45052,0,0,0,65946120,9184868,34359738367,497280,0,64640,0,1126400,0,0,0,0,0,0,0,0,2048,0,507152,36096000,99614720
1743619233.002026,600960,21068468,0,131892240,123036736,123011700,0,946624,0,217892,5643064,135684,4958828,82208,684236,1048576,1048576,0,0,92,0,5964372,477336,179900,98560,685788,98560,587228,27120,45052,0,0,0,65946120,9184868,34359738367,497280,0,64640,0,1126400,0,0,0,0,0,0,0,0,2048,0,507152,36096000,99614720
1743619234.001587,600960,21068468,0,131892240,123035308,123010300,0,946628,0,218112,5644344,135904,4960080,82208,684264,1048576,1048576,0,0,96,0,5965856,477336,179900,98560,685788,98560,587228,27120,45052,0,0,0,65946120,9184868,34359738367,497280,0,64640,0,1126400,0,0,0,0,0,0,0,0,2048,0,507152,36096000,99614720
1743619235.001668,600960,21068468,0,131892240,123035056,123010048,0,946632,0,218168,5644408,135960,4960144,82208,684264,1048576,1048576,0,0,100,0,5966068,477336,179900,98560,685788,98560,587228,27120,45052,0,0,0,65946120,9184868,34359738367,497280,0,64640,0,1126400,0,0,0,0,0,0,0,0,2048,0,507152,36096000,99614720
1743619236.002123,600960,21068468,0,131892240,123033544,123008536,0,946640,0,218964,5645232,136748,4960976,82216,684256,1048576,1048576,0,0,108,0,5967596,477336,179900,98560,685788,98560,587228,27120,45052,0,0,0,65946120,9184868,34359738367,497280,0,64640,0,1126400,0,0,0,0,0,0,0,0,2048,0,507152,36096000,99614720
1743619237.001684,600960,21068468,0,131892240,123033396,123008388,0,946644,0,218964,5645352,136748,4961096,82216,684256,1048576,1048576,0,0,112,0,5967760,477336,179900,98560,685788,98560,587228,27120,45052,0,0,0,65946120,9184868,34359738367,497280,0,64640,0,1126400,0,0,0,0,0,0,0,0,2048,0,507152,36096000,99614720
1743619238.001760,600960,21068468,0,131892240,123031968,123007020,0,946656,0,219192,5646504,136936,4962228,82256,684276,1048576,1048576,0,0,124,0,5969128,477336,179900,98560,685788,98560,587228,27120,45052,0,0,0,65946120,9184868,34359738367,497280,0,64640,0,1126400,0,0,0,0,0,0,0,0,2048,0,507152,36096000,99614720
1743619239.001201,600960,21068468,0,131892240,122979652,122997176,0,990516,0,220280,5689776,137144,4963908,83136,725868,1048576,1048576,0,0,46068,0,5970676,477336,179900,98560,686248,98560,587688,27120,45056,0,0,0,65946120,9192028,34359738367,497280,0,64640,0,1126400,0,0,0,0,0,0,0,0,2048,0,507152,36096000,99614720
1743619240.001733,600960,21068468,0,131892240,122980072,123003468,0,995268,0,222008,5695220,137348,4965004,84660,730216,1048576,1048576,0,0,49048,0,5971960,477336,179900,98560,686308,98560,587748,27120,45056,0,0,0,65946120,9192028,34359738367,497280,0,64640,0,1126400,0,0,0,0,0,0,0,0,2048,0,507152,36096000,99614720
1743619241.001746,600960,21068468,0,131892240,122979848,123003244,0,995268,0,222008,5695280,137348,4965064,84660,730216,1048576,1048576,0,0,49048,0,5972152,477336,179900,98560,686308,98560,587748,27120,45056,0,0,0,65946120,9192028,34359738367,497280,0,64640,0,1126400,0,0,0,0,0,0,0,0,2048,0,507152,36096000,99614720
1743619242.002073,600960,21068468,0,131892240,122978452,123001904,0,995284,0,222128,5696540,137364,4966372,84764,730168,1048576,1048576,0,0,49064,0,5973528,477336,179900,98560,686308,98560,587748,27120,45056,0,0,0,65946120,9192028,34359738367,497280,0,64640,0,1126400,0,0,0,0,0,0,0,0,2048,0,507152,36096000,99614720
1743619243.001462,600960,21068468,0,131892240,122978312,123001792,0,995284,0,222128,5696720,137364,4966524,84764,730196,1048576,1048576,0,0,49064,0,5973748,477336,179900,98560,686308,98560,587748,27120,45056,0,0,0,65946120,9192028,34359738367,497280,0,64640,0,1126400,0,0,0,0,0,0,0,0,2048,0,507152,36096000,99614720
1743619244.001766,600960,21068468,0,131892240,122976884,123000380,0,995292,0,222236,5698112,137448,4967924,84788,730188,1048576,1048576,0,0,49072,0,5975132,477336,179900,98560,686308,98560,587748,27120,45056,0,0,0,65946120,9192028,34359738367,497280,0,64640,0,1126400,0,0,0,0,0,0,0,0,2048,0,507152,36096000,99614720
1743619245.002150,600960,21068468,0,131892240,122976604,123000100,0,995296,0,222236,5698372,137448,4968184,84788,730188,1048576,1048576,0,0,49076,0,5975368,477336,179900,98560,686308,98560,587748,27120,45056,0,0,0,65946120,9192028,34359738367,497280,0,64640,0,1126400,0,0,0,0,0,0,0,0,2048,0,507152,36096000,99614720
1743619246.001437,600960,21068468,0,131892240,122975372,122998896,0,995304,0,222424,5699384,137636,4969168,84788,730216,1048576,1048576,0,0,49084,0,5976608,477336,179900,98560,686308,98560,587748,27120,45056,0,0,0,65946120,9192028,34359738367,497280,0,64640,0,1126400,0,0,0,0,0,0,0,0,2048,0,507152,36096000,99614720
1743619247.001808,600960,21068468,0,131892240,122975088,122998848,0,995568,0,222600,5699660,137812,4969208,84788,730452,1048576,1048576,0,0,49120,224,5976828,477340,179904,98560,686308,98560,587748,27120,45056,0,0,0,65946120,9192028,34359738367,497280,0,64640,0,1126400,0,0,0,0,0,0,0,0,2048,0,507152,36096000,99614720
1743619248.002100,600960,21068468,0,131892240,122973548,122997372,0,995572,0,222960,5700732,138140,4970248,84820,730484,1048576,1048576,0,0,49124,0,5978196,477340,179904,98560,686316,98560,587756,27120,45056,0,0,0,65946120,9192028,34359738367,497280,0,64640,0,1126400,0,0,0,0,0,0,0,0,2048,0,507152,36096000,99614720
1743619249.001476,600960,21068468,0,131892240,122973384,122997228,0,995572,0,222976,5700996,138156,4970492,84820,730504,1048576,1048576,0,0,8,0,5978436,477340,179904,98560,685988,98560,587428,27120,45056,0,0,0,65946120,9192028,34359738367,497280,0,64640,0,1126400,0,0,0,0,0,0,0,0,2048,0,507152,36096000,99614720
1743619250.013111,600960,21068468,0,131892240,122970428,122994332,0,995588,0,224852,5701940,139992,4971416,84860,730524,1048576,1048576,0,0,32,0,5981348,477340,179904,98560,686004,98560,587444,27120,45060,0,0,0,65946120,9192028,34359738367,497280,0,64640,0,1126400,0,0,0,0,0,0,0,0,2048,0,507152,36096000,99614720
1743619251.001596,600960,21068468,0,131892240,122970204,122994140,0,995596,0,224852,5702360,139992,4971804,84860,730556,1048576,1048576,0,0,44,0,5981600,477340,179904,98560,686004,98560,587444,27120,45060,0,0,0,65946120,9192028,34359738367,497280,0,64640,0,1126400,0,0,0,0,0,0,0,0,2048,0,507152,36096000,99614720
1743619252.001670,600960,21068468,0,131892240,122968888,122992880,0,995604,0,226240,5702292,141380,4971680,84860,730612,1048576,1048576,0,0,52,0,5982892,477340,179904,98560,686004,98560,587444,27120,45060,0,0,0,65946120,9192028,34359738367,497280,0,64640,0,1126400,0,0,0,0,0,0,0,0,2048,0,507152,36096000,99614720
1743619253.002102,600960,21068468,0,131892240,122968776,122992768,0,995604,0,226240,5702532,141380,4971920,84860,730612,1048576,1048576,0,0,52,0,5983120,477340,179904,98560,686000,98560,587440,27120,45060,0,0,0,65946120,9202232,34359738367,497280,0,64640,0,1126400,0,0,0,0,0,0,0,0,2048,0,507152,36096000,99614720
1743619254.001616,600960,21068468,0,131892240,122967544,122991536,0,995612,0,226464,5703480,141500,4972972,84964,730508,1048576,1048576,0,0,60,0,5984388,477340,179904,98560,686000,98560,587440,27120,45072,0,0,0,65946120,9202232,34359738367,497280,0,64640,0,1126400,0,0,0,0,0,0,0,0,2048,0,507152,36096000,99614720
1743619255.001686,600960,21068468,0,131892240,122973292,122997528,0,995856,0,226484,5697880,141520,4967128,84964,730752,1048576,1048576,0,0,80,224,5978560,477340,179904,98560,686016,98560,587456,27120,45072,0,0,0,65946120,9201080,34359738367,497280,0,64640,0,1126400,0,0,0,0,0,0,0,0,2048,0,507152,36096000,99614720
1743619256.002124,600960,21068468,0,131892240,122971804,122996040,0,995880,0,227028,5698624,142064,4967872,84964,730752,1048576,1048576,0,0,104,0,5979812,477340,179904,98560,686024,98560,587464,27120,45068,0,0,0,65946120,9201080,34359738367,497280,0,64640,0,1126400,0,0,0,0,0,0,0,0,2048,0,507152,36096000,99614720
1743619257.001605,600960,21068468,0,131892240,122971636,122995872,0,995884,0,227028,5698804,142064,4968052,84964,730752,1048576,1048576,0,0,108,0,5980036,477340,179904,98560,686024,98560,587464,27120,45068,0,0,0,65946120,9201080,34359738367,497280,0,64640,0,1126400,0,0,0,0,0,0,0,0,2048,0,507152,36096000,99614720
1743619258.001695,600960,21068468,0,131892240,122970152,122994388,0,995892,0,227508,5699944,142536,4969200,84972,730744,1048576,1048576,0,0,116,0,5981492,477340,179904,98560,686024,98560,587464,27120,45072,0,0,0,65946120,9201080,34359738367,497280,0,64640,0,1126400,0,0,0,0,0,0,0,0,2048,0,507152,36096000,99614720
1743619259.002115,600960,21068468,0,131892240,122921532,122987672,0,1039608,0,228348,5741828,142732,4969824,85616,772004,1048576,1048576,0,0,43892,0,5982076,477340,179904,98560,686500,98560,587940,27120,45072,0,0,0,65946120,9192848,34359738367,497280,0,64640,0,1126400,0,0,0,0,0,0,0,0,2048,0,507152,36096000,99614720
1743619260.001607,600960,21068468,0,131892240,122919716,122991952,0,1044252,0,230360,5746812,142788,4970668,87572,776144,1048576,1048576,0,0,49004,0,5983088,477340,179904,98560,686872,98560,588312,27120,45072,0,0,0,65946120,9192848,34359738367,497280,0,64640,0,1126400,0,0,0,0,0,0,0,0,2048,0,507152,36096000,99614720
1743619261.001486,600960,21068468,0,131892240,122919576,122991892,0,1044256,0,230360,5746928,142788,4970704,87572,776224,1048576,1048576,0,0,49008,0,5983236,477340,179904,98560,686872,98560,588312,27120,45072,0,0,0,65946120,9192848,34359738367,497280,0,64640,0,1126400,0,0,0,0,0,0,0,0,2048,0,507152,36096000,99614720
1743619262.001782,600960,21068468,0,131892240,122918256,122990620,0,1044268,0,230480,5748308,142844,4972100,87636,776208,1048576,1048576,0,0,49020,0,5984684,477340,179904,98560,686792,98560,588232,27120,45072,0,0,0,65946120,9192848,34359738367,497280,0,64640,0,1126400,0,0,0,0,0,0,0,0,2048,0,507152,36096000,99614720
1743619263.002157,600960,21068468,0,131892240,122918096,122990460,0,1044284,0,230480,5748428,142844,4972220,87636,776208,1048576,1048576,0,0,49036,0,5984864,477340,179904,98560,686792,98560,588232,27120,45072,0,0,0,65946120,9192848,34359738367,497280,0,64640,0,1126400,0,0,0,0,0,0,0,0,2048,0,507152,36096000,99614720
1743619264.001428,600960,21068468,0,131892240,122916876,122989520,0,1044544,0,230580,5750016,142936,4973536,87644,776480,1048576,1048576,0,0,8,0,5986280,477356,179920,98560,686096,98560,587536,27120,45072,0,0,0,65946120,9192848,34359738367,497280,0,64640,0,1126400,0,0,0,0,0,0,0,0,2048,0,507152,36096000,99614720
1743619265.001818,600960,21068468,0,131892240,122916848,122989492,0,1044544,0,230580,5750076,142936,4973596,87644,776480,1048576,1048576,0,0,12,0,5986344,477356,179920,98560,686096,98560,587536,27120,45072,0,0,0,65946120,9192848,34359738367,497280,0,64640,0,1126400,0,0,0,0,0,0,0,0,2048,0,507152,36096000,99614720
1743619266.002128,600960,21068468,0,131892240,122915280,122987924,0,1044552,0,230804,5751384,143056,4975008,87748,776376,1048576,1048576,0,0,28,0,5987852,477356,179920,98560,686096,98560,587536,27120,45072,0,0,0,65946120,9192848,34359738367,497280,0,64640,0,1126400,0,0,0,0,0,0,0,0,2048,0,507152,36096000,99614720
1743619267.001529,600960,21068468,0,131892240,122915196,122987840,0,1044556,0,230860,5751388,143064,4975060,87796,776328,1048576,1048576,0,0,32,0,5987940,477356,179920,98560,686096,98560,587536,27120,45072,0,0,0,65946120,9192848,34359738367,497280,0,64640,0,1126400,0,0,0,0,0,0,0,0,2048,0,507152,36096000,99614720
1743619268.001841,600960,21068468,0,131892240,122913740,122986492,0,1044560,0,230860,5752888,143064,4976452,87796,776436,1048576,1048576,0,0,36,0,5989360,477356,179920,98560,686096,98560,587536,27120,45072,0,0,0,65946120,9192848,34359738367,497280,0,64640,0,1126400,0,0,0,0,0,0,0,0,2048,0,507152,36096000,99614720
1743619269.001241,600960,21068468,0,131892240,122913600,122986352,0,1044572,0,230928,5752928,143132,4976492,87796,776436,1048576,1048576,0,0,52,0,5989536,477356,179920,98560,686096,98560,587536,27120,45072,0,0,0,65946120,9192848,34359738367,497280,0,64640,0,1126400,0,0,0,0,0,0,0,0,2048,0,507152,36096000,99614720
1743619270.008251,600960,21068468,0,131892240,122912144,122984912,0,1044580,0,230928,5754548,143132,4978096,87796,776452,1048576,1048576,0,0,60,0,5991012,477356,179920,98560,686096,98560,587536,27120,45072,0,0,0,65946120,9192848,34359738367,497280,0,64640,0,1126400,0,0,0,0,0,0,0,0,2048,0,507152,36096000,99614720
1743619271.001708,600960,21068468,0,131892240,122911892,122984676,0,1044584,0,230968,5754868,143172,4978400,87796,776468,1048576,1048576,0,0,64,0,5991232,477356,179920,98560,686096,98560,587536,27120,45072,0,0,0,65946120,9192848,34359738367,497280,0,64640,0,1126400,0,0,0,0,0,0,0,0,2048,0,507152,36096000,99614720
1743619272.001753,600960,21068468,0,131892240,122892404,122965496,0,1044856,0,231676,5773592,143808,4996888,87868,776704,1048576,1048576,0,0,104,0,6010356,477364,179928,98560,686096,98560,587536,27120,45104,0,0,0,65946120,9209376,34359738367,497280,0,64640,0,1126400,0,0,0,0,0,0,0,0,2048,0,507152,36096000,99614720
1743619273.002102,600960,21068468,0,131892240,122891648,122964788,0,1044864,0,232192,5773820,144324,4997068,87868,776752,1048576,1048576,0,0,112,0,6011132,477364,179928,98560,686096,98560,587536,27120,45108,0,0,0,65946120,9209376,34359738367,497280,0,64640,0,1126400,0,0,0,0,0,0,0,0,2048,0,507152,36096000,99614720
1743619274.001309,600960,21068468,0,131892240,122890976,122964116,0,1044868,0,233200,5773916,145332,4997164,87868,776752,1048576,1048576,0,0,116,0,6011772,477364,179928,98560,686096,98560,587536,27120,45108,0,0,0,65946120,9209376,34359738367,497280,0,64640,0,1126400,0,0,0,0,0,0,0,0,2048,0,507152,36096000,99614720
1743619275.001044,600960,21068468,0,131892240,122889912,122963052,0,1044872,0,233856,5773836,145952,4997120,87904,776716,1048576,1048576,0,0,120,0,6012860,477364,179928,98560,686096,98560,587536,27120,45108,0,0,0,65946120,9209376,34359738367,497280,0,64640,0,1126400,0,0,0,0,0,0,0,0,2048,0,507152,36096000,99614720
1743619276.001257,600960,21068468,0,131892240,122889100,122962240,0,1044876,0,233856,5774736,145952,4998020,87904,776716,1048576,1048576,0,0,124,0,6013704,477364,179928,98560,686096,98560,587536,27120,45108,0,0,0,65946120,9209376,34359738367,497280,0,64640,0,1126400,0,0,0,0,0,0,0,0,2048,0,507152,36096000,99614720
1743619277.001277,600960,21068468,0,131892240,122888176,122961328,0,1044880,0,233896,5775596,145976,4998884,87920,776712,1048576,1048576,0,0,128,0,6014592,477364,179928,98560,686096,98560,587536,27120,45108,0,0,0,65946120,9209376,34359738367,497280,0,64640,0,1126400,0,0,0,0,0,0,0,0,2048,0,507152,36096000,99614720
1743619278.001051,600960,21068468,0,131892240,122887952,122961104,0,1044896,0,233896,5775836,145976,4999124,87920,776712,1048576,1048576,0,0,144,0,6014776,477364,179928,98560,686096,98560,587536,27120,45108,0,0,0,65946120,9209376,34359738367,497280,0,64640,0,1126400,0,0,0,0,0,0,0,0,2048,0,507152,36096000,99614720
1743619279.001144,600960,21068468,0,131892240,122886496,122959648,0,1044900,0,233896,5777276,145976,5000564,87920,776712,1048576,1048576,0,0,148,0,6016236,477364,179928,98560,686096,98560,587536,27120,45108,0,0,0,65946120,9209376,34359738367,497280,0,64640,0,1126400,0,0,0,0,0,0,0,0,2048,0,507152,36096000,99614720
1743619280.001620,600960,21068468,0,131892240,123144400,123266680,0,1094140,0,236808,5512548,146184,4689412,90624,823136,1048576,1048576,0,0,28408,536,5704884,478128,179964,98560,687160,98560,588600,27120,44516,0,0,0,65946120,8902208,34359738367,497328,0,64640,0,1126400,0,0,0,0,0,0,0,0,2048,0,507152,36096000,99614720
1743619281.001885,600960,21068468,0,131892240,123560680,123683680,0,1094736,0,234972,5101940,144148,4278304,90824,823636,1048576,1048576,0,0,4916,0,5291544,478292,179976,98600,686076,98600,587476,27168,43536,0,0,0,65946120,8422160,34359738367,497328,0,64640,0,1126400,0,0,0,0,0,0,0,0,2048,0,507152,36096000,99614720
1743619282.002128,600960,21068468,0,131892240,123560664,123683664,0,1094736,0,234972,5101940,144148,4278304,90824,823636,1048576,1048576,0,0,4916,0,5291544,478292,179976,98600,686092,98600,587492,27184,43536,0,0,0,65946120,8422160,34359738367,497344,0,64640,0,1126400,0,0,0,0,0,0,0,0,2048,0,507152,36096000,99614720
1743619283.001426,600960,21068468,0,131892240,123560664,123683664,0,1094736,0,234972,5101940,144148,4278304,90824,823636,1048576,1048576,0,0,4916,0,5291544,478292,179976,98600,686092,98600,587492,27184,43536,0,0,0,65946120,8422160,34359738367,497344,0,64640,0,1126400,0,0,0,0,0,0,0,0,2048,0,507152,36096000,99614720
1743619284.001065,600960,21068468,0,131892240,123559520,123683660,0,1096032,0,234972,5103080,144148,4278304,90824,824776,1048576,1048576,0,0,4936,0,5291576,479196,179976,98600,686064,98600,587464,27184,43600,0,0,0,65946120,8422160,34359738367,497344,0,64640,0,1126400,0,0,0,0,0,0,0,0,2048,0,507152,36096000,99614720
1743619285.001372,600960,21068468,0,131892240,123559520,123683660,0,1096032,0,234972,5103080,144148,4278304,90824,824776,1048576,1048576,0,0,4936,0,5291576,479196,179976,98600,686064,98600,587464,27184,43600,0,0,0,65946120,8422160,34359738367,497344,0,64640,0,1126400,0,0,0,0,0,0,0,0,2048,0,507152,36096000,99614720
1743619286.001528,600960,21068468,0,131892240,123559520,123683660,0,1096032,0,234972,5103080,144148,4278304,90824,824776,1048576,1048576,0,0,4936,0,5291576,479196,179976,98600,686064,98600,587464,27184,43600,0,0,0,65946120,8422160,34359738367,497344,0,64640,0,1126400,0,0,0,0,0,0,0,0,2048,0,507152,36096000,99614720
1743619287.001836,600960,21068468,0,131892240,123559520,123683660,0,1096032,0,234972,5103080,144148,4278304,90824,824776,1048576,1048576,0,0,4936,0,5291576,479196,179976,98600,686064,98600,587464,27184,43600,0,0,0,65946120,8422160,34359738367,497344,0,64640,0,1126400,0,0,0,0,0,0,0,0,2048,0,507152,36096000,99614720
1743619288.002006,600960,21068468,0,131892240,123559520,123683660,0,1096032,0,234972,5103080,144148,4278304,90824,824776,1048576,1048576,0,0,4936,0,5291576,479196,179976,98600,686064,98600,587464,27184,43600,0,0,0,65946120,8422160,34359738367,497344,0,64640,0,1126400,0,0,0,0,0,0,0,0,2048,0,507152,36096000,99614720
1743619289.001311,600960,21068468,0,131892240,123559520,123683660,0,1096032,0,234972,5103080,144148,4278304,90824,824776,1048576,1048576,0,0,4936,0,5291576,479196,179976,98600,686064,98600,587464,27184,43600,0,0,0,65946120,8422160,34359738367,497344,0,64640,0,1126400,0,0,0,0,0,0,0,0,2048,0,507152,36096000,99614720
1743619290.008501,600960,21068468,0,131892240,123559524,123683664,0,1096032,0,234972,5103080,144148,4278304,90824,824776,1048576,1048576,0,0,4936,0,5291576,479196,179976,98600,686064,98600,587464,27184,43600,0,0,0,65946120,8422160,34359738367,497344,0,64640,0,1126400,0,0,0,0,0,0,0,0,2048,0,507152,36096000,99614720
1743619291.001890,600960,21068468,0,131892240,123559524,123683664,0,1096032,0,234972,5103080,144148,4278304,90824,824776,1048576,1048576,0,0,4936,0,5291576,479196,179976,98600,686064,98600,587464,27184,43600,0,0,0,65946120,8422160,34359738367,497344,0,64640,0,1126400,0,0,0,0,0,0,0,0,2048,0,507152,36096000,99614720
1743619292.001940,600960,21068468,0,131892240,123559524,123683696,0,1096032,0,235020,5103064,144148,4278304,90872,824760,1048576,1048576,0,0,4936,0,5291576,479196,179976,98600,686064,98600,587464,27168,43600,0,0,0,65946120,8422160,34359738367,497344,0,64640,0,1126400,0,0,0,0,0,0,0,0,2048,0,507152,36096000,99614720
1743619293.001271,600960,21068468,0,131892240,123559552,123683724,0,1096032,0,235020,5103064,144148,4278304,90872,824760,1048576,1048576,0,0,4936,0,5291576,479196,179976,98600,686064,98600,587464,27168,43600,0,0,0,65946120,8422160,34359738367,497344,0,64640,0,1126400,0,0,0,0,0,0,0,0,2048,0,507152,36096000,99614720
1743619294.001645,600960,21068468,0,131892240,123559552,123683724,0,1096032,0,235020,5103064,144148,4278304,90872,824760,1048576,1048576,0,0,4936,0,5291576,479196,179976,98600,686064,98600,587464,27168,43600,0,0,0,65946120,8422160,34359738367,497344,0,64640,0,1126400,0,0,0,0,0,0,0,0,2048,0,507152,36096000,99614720
1743619295.001695,600960,21068468,0,131892240,123559456,123683628,0,1096032,0,235020,5103064,144148,4278304,90872,824760,1048576,1048576,0,0,400,1008,5291576,479196,179976,98600,686064,98600,587464,27168,43600,0,0,0,65946120,8422160,34359738367,497344,0,64640,0,1126400,0,0,0,0,0,0,0,0,2048,0,507152,36096000,99614720
1743619296.002037,600960,21068468,0,131892240,123559596,123683800,0,1096032,0,235036,5103080,144148,4278304,90888,824776,1048576,1048576,0,0,0,0,5291576,479196,179976,98600,685996,98600,587396,27168,43600,0,0,0,65946120,8422160,34359738367,497344,0,64640,0,1126400,0,0,0,0,0,0,0,0,2048,0,507152,36096000,99614720
1743619297.001417,600960,21068468,0,131892240,123559624,123683828,0,1096032,0,235036,5103080,144148,4278304,90888,824776,1048576,1048576,0,0,0,0,5291576,479196,179976,98600,685996,98600,587396,27168,43600,0,0,0,65946120,8422160,34359738367,497344,0,64640,0,1126400,0,0,0,0,0,0,0,0,2048,0,507152,36096000,99614720
1743619298.001466,600960,21068468,0,131892240,123559624,123683828,0,1096032,0,235036,5103080,144148,4278304,90888,824776,1048576,1048576,0,0,0,0,5291576,479196,179976,98600,685996,98600,587396,27168,43600,0,0,0,65946120,8422160,34359738367,497344,0,64640,0,1126400,0,0,0,0,0,0,0,0,2048,0,507152,36096000,99614720
1743619299.001802,600960,21068468,0,131892240,123559624,123683828,0,1096032,0,235036,5103080,144148,4278304,90888,824776,1048576,1048576,0,0,0,0,5291576,479196,179976,98600,685996,98600,587396,27168,43600,0,0,0,65946120,8422160,34359738367,497344,0,64640,0,1126400,0,0,0,0,0,0,0,0,2048,0,507152,36096000,99614720
1743619300.002158,600960,21068468,0,131892240,123559624,123683828,0,1096032,0,235036,5103080,144148,4278304,90888,824776,1048576,1048576,0,0,0,0,5291576,479196,179976,98600,685996,98600,587396,27168,43600,0,0,0,65946120,8422160,34359738367,497344,0,64640,0,1126400,0,0,0,0,0,0,0,0,2048,0,507152,36096000,99614720
1743619301.001207,600960,21068468,0,131892240,123559624,123683828,0,1096032,0,235036,5103080,144148,4278304,90888,824776,1048576,1048576,0,0,0,0,5291576,479196,179976,98600,685996,98600,587396,27168,43600,0,0,0,65946120,8422160,34359738367,497344,0,64640,0,1126400,0,0,0,0,0,0,0,0,2048,0,507152,36096000,99614720
1743619302.001406,600960,21068468,0,131892240,123559624,123683828,0,1096032,0,235036,5103080,144148,4278304,90888,824776,1048576,1048576,0,0,0,0,5291576,479196,179976,98600,685996,98600,587396,27168,43600,0,0,0,65946120,8422160,34359738367,497344,0,64640,0,1126400,0,0,0,0,0,0,0,0,2048,0,507152,36096000,99614720
1743619303.001707,600960,21068468,0,131892240,123559624,123683828,0,1096032,0,235036,5103080,144148,4278304,90888,824776,1048576,1048576,0,0,0,0,5291576,479196,179976,98600,685996,98600,587396,27168,43600,0,0,0,65946120,8422160,34359738367,497344,0,64640,0,1126400,0,0,0,0,0,0,0,0,2048,0,507152,36096000,99614720
1743619304.001874,600960,21068468,0,131892240,123559624,123683828,0,1096032,0,235036,5103080,144148,4278304,90888,824776,1048576,1048576,0,0,0,0,5291576,479196,179976,98600,685996,98600,587396,27168,43600,0,0,0,65946120,8422160,34359738367,497344,0,64640,0,1126400,0,0,0,0,0,0,0,0,2048,0,507152,36096000,99614720
1743619305.001201,600960,21068468,0,131892240,123559624,123683828,0,1096032,0,235036,5103080,144148,4278304,90888,824776,1048576,1048576,0,0,0,0,5291576,479196,179976,98600,685996,98600,587396,27168,43600,0,0,0,65946120,8422160,34359738367,497344,0,64640,0,1126400,0,0,0,0,0,0,0,0,2048,0,507152,36096000,99614720
1743619306.001369,600960,21068468,0,131892240,123559624,123683828,0,1096032,0,235036,5103080,144148,4278304,90888,824776,1048576,1048576,0,0,0,0,5291576,479196,179976,98600,685996,98600,587396,27168,43600,0,0,0,65946120,8422160,34359738367,497344,0,64640,0,1126400,0,0,0,0,0,0,0,0,2048,0,507152,36096000,99614720
1743619307.001671,600960,21068468,0,131892240,123559624,123683828,0,1096032,0,235036,5103080,144148,4278304,90888,824776,1048576,1048576,0,0,0,0,5291576,479196,179976,98600,685996,98600,587396,27168,43600,0,0,0,65946120,8422160,34359738367,497344,0,64640,0,1126400,0,0,0,0,0,0,0,0,2048,0,507152,36096000,99614720
1743619308.001867,600960,21068468,0,131892240,123559624,123683828,0,1096032,0,235036,5103080,144148,4278304,90888,824776,1048576,1048576,0,0,0,0,5291576,479196,179976,98600,685996,98600,587396,27168,43600,0,0,0,65946120,8422160,34359738367,497344,0,64640,0,1126400,0,0,0,0,0,0,0,0,2048,0,507152,36096000,99614720
1743619309.002172,600960,21068468,0,131892240,123559624,123683828,0,1096032,0,235036,5103080,144148,4278304,90888,824776,1048576,1048576,0,0,0,0,5291576,479196,179976,98600,685996,98600,587396,27168,43600,0,0,0,65946120,8422160,34359738367,497344,0,64640,0,1126400,0,0,0,0,0,0,0,0,2048,0,507152,36096000,99614720
1743619310.012865,600960,21068468,0,131892240,123559624,123683828,0,1096032,0,235036,5103080,144148,4278304,90888,824776,1048576,1048576,0,0,0,0,5291576,479196,179976,98600,685996,98600,587396,27184,43600,0,0,0,65946120,8422160,34359738367,497360,0,64640,0,1126400,0,0,0,0,0,0,0,0,2048,0,507152,36096000,99614720
1743619311.002233,600960,21068468,0,131892240,123559624,123683828,0,1096032,0,235036,5103080,144148,4278304,90888,824776,1048576,1048576,0,0,0,0,5291576,479196,179976,98600,685996,98600,587396,27184,43600,0,0,0,65946120,8422160,34359738367,497360,0,64640,0,1126400,0,0,0,0,0,0,0,0,2048,0,507152,36096000,99614720
1743619312.001290,600960,21068468,0,131892240,123559624,123683828,0,1096032,0,235036,5103080,144148,4278304,90888,824776,1048576,1048576,0,0,0,0,5291576,479196,179976,98600,685996,98600,587396,27184,43600,0,0,0,65946120,8422160,34359738367,497360,0,64640,0,1126400,0,0,0,0,0,0,0,0,2048,0,507152,36096000,99614720
1743619313.001548,600960,21068468,0,131892240,123559624,123683828,0,1096032,0,235036,5103080,144148,4278304,90888,824776,1048576,1048576,0,0,0,0,5291576,479196,179976,98600,685996,98600,587396,27184,43600,0,0,0,65946120,8422160,34359738367,497360,0,64640,0,1126400,0,0,0,0,0,0,0,0,2048,0,507152,36096000,99614720
1743619314.001913,600960,21068468,0,131892240,123559624,123683828,0,1096032,0,235036,5103080,144148,4278304,90888,824776,1048576,1048576,0,0,0,0,5291576,479196,179976,98600,685996,98600,587396,27184,43600,0,0,0,65946120,8422160,34359738367,497360,0,64640,0,1126400,0,0,0,0,0,0,0,0,2048,0,507152,36096000,99614720
1743619315.001979,600960,21068468,0,131892240,123559624,123683828,0,1096032,0,235036,5103080,144148,4278304,90888,824776,1048576,1048576,0,0,0,0,5291576,479196,179976,98600,685996,98600,587396,27184,43600,0,0,0,65946120,8422160,34359738367,497360,0,64640,0,1126400,0,0,0,0,0,0,0,0,2048,0,507152,36096000,99614720
1743619316.001264,600960,21068468,0,131892240,123559624,123683828,0,1096032,0,235036,5103080,144148,4278304,90888,824776,1048576,1048576,0,0,0,0,5291576,479196,179976,98600,685996,98600,587396,27184,43600,0,0,0,65946120,8422160,34359738367,497360,0,64640,0,1126400,0,0,0,0,0,0,0,0,2048,0,507152,36096000,99614720
1743619317.001638,600960,21068468,0,131892240,123559624,123683828,0,1096032,0,235036,5103080,144148,4278304,90888,824776,1048576,1048576,0,0,0,0,5291576,479196,179976,98600,685996,98600,587396,27184,43600,0,0,0,65946120,8422160,34359738367,497360,0,64640,0,1126400,0,0,0,0,0,0,0,0,2048,0,507152,36096000,99614720
1743619318.001690,600960,21068468,0,131892240,123559624,123683828,0,1096032,0,235036,5103080,144148,4278304,90888,824776,1048576,1048576,0,0,0,0,5291576,479196,179976,98600,685996,98600,587396,27184,43600,0,0,0,65946120,8422160,34359738367,497360,0,64640,0,1126400,0,0,0,0,0,0,0,0,2048,0,507152,36096000,99614720
1743619319.002017,600960,21068468,0,131892240,123559624,123683828,0,1096032,0,235036,5103080,144148,4278304,90888,824776,1048576,1048576,0,0,0,0,5291576,479196,179976,98600,685996,98600,587396,27184,43600,0,0,0,65946120,8422160,34359738367,497360,0,64640,0,1126400,0,0,0,0,0,0,0,0,2048,0,507152,36096000,99614720
1743619320.001179,600960,21068468,0,131892240,123559624,123683828,0,1096032,0,235036,5103080,144148,4278304,90888,824776,1048576,1048576,0,0,0,0,5291576,479196,179976,98600,685996,98600,587396,27184,43600,0,0,0,65946120,8422160,34359738367,497360,0,64640,0,1126400,0,0,0,0,0,0,0,0,2048,0,507152,36096000,99614720
1743619321.001564,600960,21068468,0,131892240,123559624,123683828,0,1096032,0,235036,5103080,144148,4278304,90888,824776,1048576,1048576,0,0,0,0,5291576,479196,179976,98600,685996,98600,587396,27184,43600,0,0,0,65946120,8422160,34359738367,497360,0,64640,0,1126400,0,0,0,0,0,0,0,0,2048,0,507152,36096000,99614720
1743619322.001721,600960,21068468,0,131892240,123559624,123683828,0,1096032,0,235036,5103080,144148,4278304,90888,824776,1048576,1048576,0,0,0,0,5291576,479196,179976,98600,685996,98600,587396,27184,43600,0,0,0,65946120,8422160,34359738367,497360,0,64640,0,1126400,0,0,0,0,0,0,0,0,2048,0,507152,36096000,99614720
1743619323.002032,600960,21068468,0,131892240,123559624,123683828,0,1096032,0,235036,5103080,144148,4278304,90888,824776,1048576,1048576,0,0,0,0,5291576,479196,179976,98600,685996,98600,587396,27184,43600,0,0,0,65946120,8422160,34359738367,497360,0,64640,0,1126400,0,0,0,0,0,0,0,0,2048,0,507152,36096000,99614720
1743619324.001151,600960,21068468,0,131892240,123559624,123683828,0,1096032,0,235036,5103080,144148,4278304,90888,824776,1048576,1048576,0,0,0,0,5291576,479196,179976,98600,685996,98600,587396,27184,43600,0,0,0,65946120,8422160,34359738367,497360,0,64640,0,1126400,0,0,0,0,0,0,0,0,2048,0,507152,36096000,99614720
1743619325.001459,600960,21068468,0,131892240,123559624,123683828,0,1096032,0,235036,5103080,144148,4278304,90888,824776,1048576,1048576,0,0,0,0,5291576,479196,179976,98600,685996,98600,587396,27184,43600,0,0,0,65946120,8422160,34359738367,497360,0,64640,0,1126400,0,0,0,0,0,0,0,0,2048,0,507152,36096000,99614720
1743619326.001612,600960,21068468,0,131892240,123559624,123683828,0,1096032,0,235036,5103080,144148,4278304,90888,824776,1048576,1048576,0,0,0,0,5291576,479196,179976,98600,685996,98600,587396,27184,43600,0,0,0,65946120,8422160,34359738367,497360,0,64640,0,1126400,0,0,0,0,0,0,0,0,2048,0,507152,36096000,99614720
1743619327.001916,600960,21068468,0,131892240,123559656,123683860,0,1096032,0,235036,5103080,144148,4278304,90888,824776,1048576,1048576,0,0,0,0,5291576,479196,179976,98600,685964,98600,587364,27152,43600,0,0,0,65946120,8422160,34359738367,497344,0,64640,0,1126400,0,0,0,0,0,0,0,0,2048,0,507152,36096000,99614720
1743619328.002072,600960,21068468,0,131892240,123559684,123683888,0,1096032,0,235036,5103080,144148,4278304,90888,824776,1048576,1048576,0,0,0,0,5291576,479196,179976,98600,685964,98600,587364,27152,43600,0,0,0,65946120,8422160,34359738367,497344,0,64640,0,1126400,0,0,0,0,0,0,0,0,2048,0,507152,36096000,99614720
1743619329.001374,600960,21068468,0,131892240,123559700,123683904,0,1096032,0,235036,5103080,144148,4278304,90888,824776,1048576,1048576,0,0,0,0,5291576,479196,179976,98600,685964,98600,587364,27152,43600,0,0,0,65946120,8422160,34359738367,497344,0,64640,0,1126400,0,0,0,0,0,0,0,0,2048,0,507152,36096000,99614720
1743619330.007723,600960,21068468,0,131892240,123559700,123683904,0,1096032,0,235036,5103080,144148,4278304,90888,824776,1048576,1048576,0,0,0,0,5291576,479196,179976,98600,685964,98600,587364,27152,43600,0,0,0,65946120,8422160,34359738367,497344,0,64640,0,1126400,0,0,0,0,0,0,0,0,2048,0,507152,36096000,99614720
1743619331.002050,600960,21068468,0,131892240,123559700,123683904,0,1096032,0,235036,5103080,144148,4278304,90888,824776,1048576,1048576,0,0,0,0,5291576,479196,179976,98600,685964,98600,587364,27152,43600,0,0,0,65946120,8422160,34359738367,497344,0,64640,0,1126400,0,0,0,0,0,0,0,0,2048,0,507152,36096000,99614720
1743619332.001085,600960,21068468,0,131892240,123559700,123683904,0,1096032,0,235036,5103080,144148,4278304,90888,824776,1048576,1048576,0,0,0,0,5291576,479196,179976,98600,685964,98600,587364,27152,43600,0,0,0,65946120,8422160,34359738367,497344,0,64640,0,1126400,0,0,0,0,0,0,0,0,2048,0,507152,36096000,99614720
1743619333.001330,600960,21068468,0,131892240,123559700,123683904,0,1096032,0,235036,5103080,144148,4278304,90888,824776,1048576,1048576,0,0,0,0,5291576,479196,179976,98600,685964,98600,587364,27152,43600,0,0,0,65946120,8422160,34359738367,497344,0,64640,0,1126400,0,0,0,0,0,0,0,0,2048,0,507152,36096000,99614720
1743619334.001679,600960,21068468,0,131892240,123559700,123683904,0,1096032,0,235036,5103080,144148,4278304,90888,824776,1048576,1048576,0,0,0,0,5291576,479196,179976,98600,685964,98600,587364,27152,43600,0,0,0,65946120,8422160,34359738367,497344,0,64640,0,1126400,0,0,0,0,0,0,0,0,2048,0,507152,36096000,99614720
1743619335.001714,600960,21068468,0,131892240,123559700,123683904,0,1096032,0,235036,5103080,144148,4278304,90888,824776,1048576,1048576,0,0,0,0,5291576,479196,179976,98600,685964,98600,587364,27152,43600,0,0,0,65946120,8422160,34359738367,497344,0,64640,0,1126400,0,0,0,0,0,0,0,0,2048,0,507152,36096000,99614720
1743619336.002017,600960,21068468,0,131892240,123559700,123683904,0,1096032,0,235036,5103080,144148,4278304,90888,824776,1048576,1048576,0,0,0,0,5291576,479196,179976,98600,685964,98600,587364,27152,43600,0,0,0,65946120,8422160,34359738367,497344,0,64640,0,1126400,0,0,0,0,0,0,0,0,2048,0,507152,36096000,99614720
1743619337.001374,600960,21068468,0,131892240,123559700,123683904,0,1096032,0,235036,5103080,144148,4278304,90888,824776,1048576,1048576,0,0,0,0,5291576,479196,179976,98600,685964,98600,587364,27152,43600,0,0,0,65946120,8422160,34359738367,497344,0,64640,0,1126400,0,0,0,0,0,0,0,0,2048,0,507152,36096000,99614720
1743619338.001444,600960,21068468,0,131892240,123559700,123683904,0,1096032,0,235036,5103080,144148,4278304,90888,824776,1048576,1048576,0,0,0,0,5291576,479196,179976,98600,685964,98600,587364,27152,43600,0,0,0,65946120,8422160,34359738367,497344,0,64640,0,1126400,0,0,0,0,0,0,0,0,2048,0,507152,36096000,99614720
1743619339.001782,600960,21068468,0,131892240,123559700,123683904,0,1096032,0,235036,5103080,144148,4278304,90888,824776,1048576,1048576,0,0,0,0,5291576,479196,179976,98600,685964,98600,587364,27152,43600,0,0,0,65946120,8422160,34359738367,497344,0,64640,0,1126400,0,0,0,0,0,0,0,0,2048,0,507152,36096000,99614720
1743619340.002174,600960,21068468,0,131892240,123559700,123683904,0,1096032,0,235036,5103080,144148,4278304,90888,824776,1048576,1048576,0,0,0,0,5291576,479196,179976,98600,685964,98600,587364,27152,43600,0,0,0,65946120,8422160,34359738367,497344,0,64640,0,1126400,0,0,0,0,0,0,0,0,2048,0,507152,36096000,99614720
1743619341.001397,600960,21068468,0,131892240,123559700,123683904,0,1096032,0,235036,5103080,144148,4278304,90888,824776,1048576,1048576,0,0,0,0,5291576,479196,179976,98600,685964,98600,587364,27152,43600,0,0,0,65946120,8422160,34359738367,497344,0,64640,0,1126400,0,0,0,0,0,0,0,0,2048,0,507152,36096000,99614720
1743619342.001534,600960,21068468,0,131892240,123559700,123683904,0,1096032,0,235036,5103080,144148,4278304,90888,824776,1048576,1048576,0,0,0,0,5291576,479196,179976,98600,685964,98600,587364,27152,43600,0,0,0,65946120,8422160,34359738367,497344,0,64640,0,1126400,0,0,0,0,0,0,0,0,2048,0,507152,36096000,99614720
1743619343.001824,600960,21068468,0,131892240,123559700,123683904,0,1096032,0,235036,5103080,144148,4278304,90888,824776,1048576,1048576,0,0,0,0,5291576,479196,179976,98600,685964,98600,587364,27152,43600,0,0,0,65946120,8422160,34359738367,497344,0,64640,0,1126400,0,0,0,0,0,0,0,0,2048,0,507152,36096000,99614720
1743619344.001937,600960,21068468,0,131892240,123559700,123683904,0,1096032,0,235036,5103080,144148,4278304,90888,824776,1048576,1048576,0,0,0,0,5291576,479196,179976,98600,685964,98600,587364,27152,43600,0,0,0,65946120,8422160,34359738367,497344,0,64640,0,1126400,0,0,0,0,0,0,0,0,2048,0,507152,36096000,99614720
1743619345.001220,600960,21068468,0,131892240,123559700,123683904,0,1096032,0,235036,5103080,144148,4278304,90888,824776,1048576,1048576,0,0,0,0,5291576,479196,179976,98600,685964,98600,587364,27152,43600,0,0,0,65946120,8422160,34359738367,497344,0,64640,0,1126400,0,0,0,0,0,0,0,0,2048,0,507152,36096000,99614720
1743619346.001371,600960,21068468,0,131892240,123559700,123683904,0,1096032,0,235036,5103080,144148,4278304,90888,824776,1048576,1048576,0,0,0,0,5291576,479196,179976,98600,685964,98600,587364,27152,43600,0,0,0,65946120,8422160,34359738367,497344,0,64640,0,1126400,0,0,0,0,0,0,0,0,2048,0,507152,36096000,99614720
1743619347.001679,600960,21068468,0,131892240,123559700,123683904,0,1096032,0,235036,5103080,144148,4278304,90888,824776,1048576,1048576,0,0,0,0,5291576,479196,179976,98600,685964,98600,587364,27152,43600,0,0,0,65946120,8422160,34359738367,497344,0,64640,0,1126400,0,0,0,0,0,0,0,0,2048,0,507152,36096000,99614720
1743619348.001833,600960,21068468,0,131892240,123559728,123683932,0,1096032,0,235036,5103080,144148,4278304,90888,824776,1048576,1048576,0,0,0,0,5291576,479196,179976,98600,685964,98600,587364,27152,43600,0,0,0,65946120,8422160,34359738367,497344,0,64640,0,1126400,0,0,0,0,0,0,0,0,2048,0,507152,36096000,99614720
1743619349.002148,600960,21068468,0,131892240,123559728,123683932,0,1096032,0,235036,5103080,144148,4278304,90888,824776,1048576,1048576,0,0,0,0,5291576,479196,179976,98600,685964,98600,587364,27152,43600,0,0,0,65946120,8422160,34359738367,497344,0,64640,0,1126400,0,0,0,0,0,0,0,0,2048,0,507152,36096000,99614720
1743619350.012286,600960,21068468,0,131892240,123559728,123683932,0,1096032,0,235036,5103080,144148,4278304,90888,824776,1048576,1048576,0,0,0,0,5291576,479196,179976,98600,685964,98600,587364,27152,43600,0,0,0,65946120,8422160,34359738367,497344,0,64640,0,1126400,0,0,0,0,0,0,0,0,2048,0,507152,36096000,99614720
1743619351.001623,600960,21068468,0,131892240,123559728,123683932,0,1096032,0,235036,5103080,144148,4278304,90888,824776,1048576,1048576,0,0,0,0,5291576,479196,179976,98600,685964,98600,587364,27136,43600,0,0,0,65946120,8422160,34359738367,497344,0,64640,0,1126400,0,0,0,0,0,0,0,0,2048,0,507152,36096000,99614720
1743619352.001666,600960,21068468,0,131892240,123559644,123683848,0,1096032,0,235036,5103080,144148,4278304,90888,824776,1048576,1048576,0,0,0,0,5291580,479196,179976,98600,685964,98600,587364,27152,43600,0,0,0,65946120,8422160,34359738367,497360,0,64640,0,1126400,0,0,0,0,0,0,0,0,2048,0,507152,36096000,99614720
1743619353.001910,600960,21068468,0,131892240,123559644,123683848,0,1096032,0,235036,5103080,144148,4278304,90888,824776,1048576,1048576,0,0,0,0,5291580,479196,179976,98600,685964,98600,587364,27152,43600,0,0,0,65946120,8422160,34359738367,497360,0,64640,0,1126400,0,0,0,0,0,0,0,0,2048,0,507152,36096000,99614720
1743619354.001238,600960,21068468,0,131892240,123559644,123683848,0,1096032,0,235036,5103080,144148,4278304,90888,824776,1048576,1048576,0,0,0,0,5291580,479196,179976,98600,685964,98600,587364,27152,43600,0,0,0,65946120,8422160,34359738367,497360,0,64640,0,1126400,0,0,0,0,0,0,0,0,2048,0,507152,36096000,99614720
1743619355.001310,600960,21068468,0,131892240,123559644,123683848,0,1096032,0,235036,5103080,144148,4278304,90888,824776,1048576,1048576,0,0,0,0,5291580,479196,179976,98600,685964,98600,587364,27152,43600,0,0,0,65946120,8422160,34359738367,497360,0,64640,0,1126400,0,0,0,0,0,0,0,0,2048,0,507152,36096000,99614720
1743619356.001552,600960,21068468,0,131892240,123559644,123683848,0,1096032,0,235036,5103080,144148,4278304,90888,824776,1048576,1048576,0,0,0,0,5291580,479196,179976,98600,685964,98600,587364,27152,43600,0,0,0,65946120,8422160,34359738367,497360,0,64640,0,1126400,0,0,0,0,0,0,0,0,2048,0,507152,36096000,99614720
1743619357.001871,600960,21068468,0,131892240,123559644,123683848,0,1096032,0,235036,5103080,144148,4278304,90888,824776,1048576,1048576,0,0,0,0,5291580,479196,179976,98600,685964,98600,587364,27152,43600,0,0,0,65946120,8422160,34359738367,497360,0,64640,0,1126400,0,0,0,0,0,0,0,0,2048,0,507152,36096000,99614720
1743619358.001933,600960,21068468,0,131892240,123559644,123683848,0,1096032,0,235036,5103080,144148,4278304,90888,824776,1048576,1048576,0,0,0,0,5291580,479196,179976,98600,685964,98600,587364,27152,43600,0,0,0,65946120,8422160,34359738367,497360,0,64640,0,1126400,0,0,0,0,0,0,0,0,2048,0,507152,36096000,99614720
1743619359.001192,600960,21068468,0,131892240,123559644,123683848,0,1096032,0,235036,5103080,144148,4278304,90888,824776,1048576,1048576,0,0,0,0,5291580,479196,179976,98600,685964,98600,587364,27152,43600,0,0,0,65946120,8422160,34359738367,497360,0,64640,0,1126400,0,0,0,0,0,0,0,0,2048,0,507152,36096000,99614720
1743619360.001504,600960,21068468,0,131892240,123559644,123683848,0,1096032,0,235036,5103080,144148,4278304,90888,824776,1048576,1048576,0,0,0,0,5291580,479196,179976,98600,685964,98600,587364,27152,43600,0,0,0,65946120,8422160,34359738367,497360,0,64640,0,1126400,0,0,0,0,0,0,0,0,2048,0,507152,36096000,99614720
1743619361.001445,600960,21068468,0,131892240,123559644,123683848,0,1096032,0,235036,5103080,144148,4278304,90888,824776,1048576,1048576,0,0,0,0,5291580,479196,179976,98600,685964,98600,587364,27152,43600,0,0,0,65946120,8422160,34359738367,497360,0,64640,0,1126400,0,0,0,0,0,0,0,0,2048,0,507152,36096000,99614720
1743619362.001603,600960,21068468,0,131892240,123559644,123683848,0,1096032,0,235036,5103080,144148,4278304,90888,824776,1048576,1048576,0,0,0,0,5291580,479196,179976,98600,685964,98600,587364,27152,43600,0,0,0,65946120,8422160,34359738367,497360,0,64640,0,1126400,0,0,0,0,0,0,0,0,2048,0,507152,36096000,99614720
1743619363.001921,600960,21068468,0,131892240,123559644,123683848,0,1096032,0,235036,5103080,144148,4278304,90888,824776,1048576,1048576,0,0,0,0,5291580,479196,179976,98600,685964,98600,587364,27152,43600,0,0,0,65946120,8422160,34359738367,497360,0,64640,0,1126400,0,0,0,0,0,0,0,0,2048,0,507152,36096000,99614720
1743619364.002050,600960,21068468,0,131892240,123559672,123683876,0,1096032,0,235036,5103080,144148,4278304,90888,824776,1048576,1048576,0,0,0,0,5291580,479196,179976,98600,685964,98600,587364,27152,43600,0,0,0,65946120,8422160,34359738367,497360,0,64640,0,1126400,0,0,0,0,0,0,0,0,2048,0,507152,36096000,99614720
1743619365.001356,600960,21068468,0,131892240,123559700,123683904,0,1096032,0,235036,5103080,144148,4278304,90888,824776,1048576,1048576,0,0,0,0,5291580,479196,179976,98600,685964,98600,587364,27152,43600,0,0,0,65946120,8422160,34359738367,497360,0,64640,0,1126400,0,0,0,0,0,0,0,0,2048,0,507152,36096000,99614720
1743619366.001511,600960,21068468,0,131892240,123559700,123683904,0,1096032,0,235036,5103080,144148,4278304,90888,824776,1048576,1048576,0,0,0,0,5291580,479196,179976,98600,685964,98600,587364,27152,43600,0,0,0,65946120,8422160,34359738367,497360,0,64640,0,1126400,0,0,0,0,0,0,0,0,2048,0,507152,36096000,99614720
1743619367.001785,600960,21068468,0,131892240,123559700,123683904,0,1096032,0,235036,5103080,144148,4278304,90888,824776,1048576,1048576,0,0,0,0,5291580,479196,179976,98600,685964,98600,587364,27152,43600,0,0,0,65946120,8422160,34359738367,497360,0,64640,0,1126400,0,0,0,0,0,0,0,0,2048,0,507152,36096000,99614720
1743619368.001933,600960,21068468,0,131892240,123559712,123683916,0,1096032,0,235036,5103080,144148,4278304,90888,824776,1048576,1048576,0,0,0,0,5291580,479196,179976,98600,685964,98600,587364,27152,43600,0,0,0,65946120,8422160,34359738367,497360,0,64640,0,1126400,0,0,0,0,0,0,0,0,2048,0,507152,36096000,99614720
1743619369.001227,600960,21068468,0,131892240,123559712,123683916,0,1096032,0,235036,5103080,144148,4278304,90888,824776,1048576,1048576,0,0,0,0,5291580,479196,179976,98600,685964,98600,587364,27152,43600,0,0,0,65946120,8422160,34359738367,497360,0,64640,0,1126400,0,0,0,0,0,0,0,0,2048,0,507152,36096000,99614720
1743619370.012027,600960,21068468,0,131892240,123559768,123683972,0,1096032,0,235036,5103080,144148,4278304,90888,824776,1048576,1048576,0,0,0,0,5291580,479196,179976,98600,685964,98600,587364,27152,43600,0,0,0,65946120,8422160,34359738367,497360,0,64640,0,1126400,0,0,0,0,0,0,0,0,2048,0,507152,36096000,99614720
1743619371.001402,600960,21068468,0,131892240,123559768,123683972,0,1096032,0,235036,5103080,144148,4278304,90888,824776,1048576,1048576,0,0,0,0,5291580,479196,179976,98600,685964,98600,587364,27152,43600,0,0,0,65946120,8422160,34359738367,497360,0,64640,0,1126400,0,0,0,0,0,0,0,0,2048,0,507152,36096000,99614720
1743619372.001474,600960,21068468,0,131892240,123559768,123683972,0,1096032,0,235036,5103080,144148,4278304,90888,824776,1048576,1048576,0,0,0,0,5291580,479196,179976,98600,685964,98600,587364,27152,43600,0,0,0,65946120,8422160,34359738367,497360,0,64640,0,1126400,0,0,0,0,0,0,0,0,2048,0,507152,36096000,99614720
1743619373.001762,600960,21068468,0,131892240,123559768,123683972,0,1096032,0,235036,5103080,144148,4278304,90888,824776,1048576,1048576,0,0,0,0,5291580,479196,179976,98600,685964,98600,587364,27152,43600,0,0,0,65946120,8422160,34359738367,497360,0,64640,0,1126400,0,0,0,0,0,0,0,0,2048,0,507152,36096000,99614720
1743619374.002100,600960,21068468,0,131892240,123559796,123684000,0,1096032,0,235036,5103080,144148,4278304,90888,824776,1048576,1048576,0,0,0,0,5291580,479196,179976,98600,685964,98600,587364,27152,43600,0,0,0,65946120,8422160,34359738367,497360,0,64640,0,1126400,0,0,0,0,0,0,0,0,2048,0,507152,36096000,99614720
1743619375.001135,600960,21068468,0,131892240,123559796,123684000,0,1096032,0,235036,5103080,144148,4278304,90888,824776,1048576,1048576,0,0,0,0,5291580,479196,179976,98600,685964,98600,587364,27152,43600,0,0,0,65946120,8422160,34359738367,497360,0,64640,0,1126400,0,0,0,0,0,0,0,0,2048,0,507152,36096000,99614720
1743619376.001476,600960,21068468,0,131892240,123559796,123684000,0,1096032,0,235036,5103080,144148,4278304,90888,824776,1048576,1048576,0,0,0,0,5291580,479196,179976,98600,685964,98600,587364,27136,43600,0,0,0,65946120,8422160,34359738367,497360,0,64640,0,1126400,0,0,0,0,0,0,0,0,2048,0,507152,36096000,99614720
1743619377.001836,600960,21068468,0,131892240,123559796,123684000,0,1096032,0,235036,5103080,144148,4278304,90888,824776,1048576,1048576,0,0,0,0,5291580,479196,179976,98600,685964,98600,587364,27136,43600,0,0,0,65946120,8422160,34359738367,497360,0,64640,0,1126400,0,0,0,0,0,0,0,0,2048,0,507152,36096000,99614720
1743619378.001906,600960,21068468,0,131892240,123559796,123684000,0,1096032,0,235036,5103080,144148,4278304,90888,824776,1048576,1048576,0,0,0,0,5291580,479196,179976,98600,685964,98600,587364,27136,43600,0,0,0,65946120,8422160,34359738367,497360,0,64640,0,1126400,0,0,0,0,0,0,0,0,2048,0,507152,36096000,99614720
1743619379.001188,600960,21068468,0,131892240,123559796,123684000,0,1096032,0,235036,5103080,144148,4278304,90888,824776,1048576,1048576,0,0,0,0,5291580,479196,179976,98600,685964,98600,587364,27136,43600,0,0,0,65946120,8422160,34359738367,497360,0,64640,0,1126400,0,0,0,0,0,0,0,0,2048,0,507152,36096000,99614720
1743619380.001570,600960,21068468,0,131892240,123559796,123684000,0,1096032,0,235036,5103080,144148,4278304,90888,824776,1048576,1048576,0,0,0,0,5291580,479196,179976,98600,685964,98600,587364,27136,43600,0,0,0,65946120,8422160,34359738367,497360,0,64640,0,1126400,0,0,0,0,0,0,0,0,2048,0,507152,36096000,99614720
1743619381.001541,600960,21068468,0,131892240,123559824,123684028,0,1096032,0,235036,5103080,144148,4278304,90888,824776,1048576,1048576,0,0,0,0,5291580,479196,179976,98600,685964,98600,587364,27136,43600,0,0,0,65946120,8422160,34359738367,497360,0,64640,0,1126400,0,0,0,0,0,0,0,0,2048,0,507152,36096000,99614720
1743619382.001708,600960,21068468,0,131892240,123559824,123684028,0,1096032,0,235036,5103080,144148,4278304,90888,824776,1048576,1048576,0,0,0,0,5291580,479196,179976,98600,685964,98600,587364,27136,43600,0,0,0,65946120,8422160,34359738367,497360,0,64640,0,1126400,0,0,0,0,0,0,0,0,2048,0,507152,36096000,99614720
1743619383.002020,600960,21068468,0,131892240,123559824,123684028,0,1096032,0,235036,5103080,144148,4278304,90888,824776,1048576,1048576,0,0,0,0,5291580,479196,179976,98600,685964,98600,587364,27136,43600,0,0,0,65946120,8422160,34359738367,497360,0,64640,0,1126400,0,0,0,0,0,0,0,0,2048,0,507152,36096000,99614720
1743619384.001161,600960,21068468,0,131892240,123559824,123684028,0,1096032,0,235036,5103080,144148,4278304,90888,824776,1048576,1048576,0,0,0,0,5291580,479196,179976,98600,685964,98600,587364,27136,43600,0,0,0,65946120,8422160,34359738367,497360,0,64640,0,1126400,0,0,0,0,0,0,0,0,2048,0,507152,36096000,99614720
1743619385.001446,600960,21068468,0,131892240,123559824,123684028,0,1096032,0,235036,5103080,144148,4278304,90888,824776,1048576,1048576,0,0,0,0,5291580,479196,179976,98600,685964,98600,587364,27136,43600,0,0,0,65946120,8422160,34359738367,497360,0,64640,0,1126400,0,0,0,0,0,0,0,0,2048,0,507152,36096000,99614720
1743619386.001602,600960,21068468,0,131892240,123559824,123684028,0,1096032,0,235036,5103080,144148,4278304,90888,824776,1048576,1048576,0,0,0,0,5291580,479196,179976,98600,685964,98600,587364,27136,43600,0,0,0,65946120,8422160,34359738367,497360,0,64640,0,1126400,0,0,0,0,0,0,0,0,2048,0,507152,36096000,99614720
1743619387.001913,600960,21068468,0,131892240,123559824,123684028,0,1096032,0,235036,5103080,144148,4278304,90888,824776,1048576,1048576,0,0,0,0,5291580,479196,179976,98600,685964,98600,587364,27136,43600,0,0,0,65946120,8422160,34359738367,497360,0,64640,0,1126400,0,0,0,0,0,0,0,0,2048,0,507152,36096000,99614720
1743619388.002052,600960,21068468,0,131892240,123559824,123684028,0,1096032,0,235036,5103080,144148,4278304,90888,824776,1048576,1048576,0,0,0,0,5291580,479196,179976,98600,685964,98600,587364,27136,43600,0,0,0,65946120,8422160,34359738367,497360,0,64640,0,1126400,0,0,0,0,0,0,0,0,2048,0,507152,36096000,99614720
1743619389.001390,600960,21068468,0,131892240,123559852,123684056,0,1096032,0,235036,5103080,144148,4278304,90888,824776,1048576,1048576,0,0,0,0,5291580,479196,179976,98600,685964,98600,587364,27136,43600,0,0,0,65946120,8422160,34359738367,497360,0,64640,0,1126400,0,0,0,0,0,0,0,0,2048,0,507152,36096000,99614720
1743619390.008050,600960,21068468,0,131892240,123559852,123684056,0,1096032,0,235036,5103080,144148,4278304,90888,824776,1048576,1048576,0,0,0,0,5291580,479196,179976,98600,685964,98600,587364,27136,43600,0,0,0,65946120,8422160,34359738367,497360,0,64640,0,1126400,0,0,0,0,0,0,0,0,2048,0,507152,36096000,99614720
1743619391.001361,600960,21068468,0,131892240,123559852,123684056,0,1096032,0,235036,5103080,144148,4278304,90888,824776,1048576,1048576,0,0,0,0,5291580,479196,179976,98600,685964,98600,587364,27136,43600,0,0,0,65946120,8422160,34359738367,497360,0,64640,0,1126400,0,0,0,0,0,0,0,0,2048,0,507152,36096000,99614720
1743619392.001396,600960,21068468,0,131892240,123559852,123684056,0,1096032,0,235036,5103080,144148,4278304,90888,824776,1048576,1048576,0,0,0,0,5291580,479196,179976,98600,685964,98600,587364,27136,43600,0,0,0,65946120,8422160,34359738367,497360,0,64640,0,1126400,0,0,0,0,0,0,0,0,2048,0,507152,36096000,99614720
1743619393.001651,600960,21068468,0,131892240,123559852,123684056,0,1096032,0,235036,5103080,144148,4278304,90888,824776,1048576,1048576,0,0,0,0,5291580,479196,179976,98600,685964,98600,587364,27136,43600,0,0,0,65946120,8422160,34359738367,497360,0,64640,0,1126400,0,0,0,0,0,0,0,0,2048,0,507152,36096000,99614720
1743619394.002014,600960,21068468,0,131892240,123559852,123684056,0,1096032,0,235036,5103080,144148,4278304,90888,824776,1048576,1048576,0,0,0,0,5291580,479196,179976,98600,685964,98600,587364,27136,43600,0,0,0,65946120,8422160,34359738367,497360,0,64640,0,1126400,0,0,0,0,0,0,0,0,2048,0,507152,36096000,99614720
1743619395.001097,600960,21068468,0,131892240,123559852,123684056,0,1096032,0,235036,5103080,144148,4278304,90888,824776,1048576,1048576,0,0,0,0,5291580,479196,179976,98600,685964,98600,587364,27136,43600,0,0,0,65946120,8422160,34359738367,497360,0,64640,0,1126400,0,0,0,0,0,0,0,0,2048,0,507152,36096000,99614720
1743619396.001471,600960,21068468,0,131892240,123559852,123684056,0,1096032,0,235036,5103080,144148,4278304,90888,824776,1048576,1048576,0,0,0,0,5291580,479196,179976,98600,685964,98600,587364,27136,43600,0,0,0,65946120,8422160,34359738367,497360,0,64640,0,1126400,0,0,0,0,0,0,0,0,2048,0,507152,36096000,99614720
1743619397.001817,600960,21068468,0,131892240,123559852,123684056,0,1096032,0,235036,5103080,144148,4278304,90888,824776,1048576,1048576,0,0,0,0,5291580,479196,179976,98600,685964,98600,587364,27136,43600,0,0,0,65946120,8422160,34359738367,497360,0,64640,0,1126400,0,0,0,0,0,0,0,0,2048,0,507152,36096000,99614720
1743619398.001853,600960,21068468,0,131892240,123559852,123684056,0,1096032,0,235036,5103080,144148,4278304,90888,824776,1048576,1048576,0,0,0,0,5291580,479196,179976,98600,685964,98600,587364,27136,43600,0,0,0,65946120,8422160,34359738367,497360,0,64640,0,1126400,0,0,0,0,0,0,0,0,2048,0,507152,36096000,99614720
1743619399.001128,600960,21068468,0,131892240,123559852,123684056,0,1096032,0,235036,5103080,144148,4278304,90888,824776,1048576,1048576,0,0,0,0,5291580,479196,179976,98600,685964,98600,587364,27136,43600,0,0,0,65946120,8422160,34359738367,497360,0,64640,0,1126400,0,0,0,0,0,0,0,0,2048,0,507152,36096000,99614720
1743619400.001465,600960,21068468,0,131892240,123559852,123684056,0,1096032,0,235036,5103080,144148,4278304,90888,824776,1048576,1048576,0,0,0,0,5291580,479196,179976,98600,685964,98600,587364,27136,43600,0,0,0,65946120,8422160,34359738367,497360,0,64640,0,1126400,0,0,0,0,0,0,0,0,2048,0,507152,36096000,99614720
1743619401.001321,600960,21068468,0,131892240,123559852,123684056,0,1096032,0,235036,5103080,144148,4278304,90888,824776,1048576,1048576,0,0,0,0,5291580,479196,179976,98600,685964,98600,587364,27136,43600,0,0,0,65946120,8422160,34359738367,497360,0,64640,0,1126400,0,0,0,0,0,0,0,0,2048,0,507152,36096000,99614720
1743619402.001448,600960,21068468,0,131892240,123559852,123684056,0,1096032,0,235036,5103080,144148,4278304,90888,824776,1048576,1048576,0,0,0,0,5291580,479196,179976,98600,685964,98600,587364,27136,43600,0,0,0,65946120,8422160,34359738367,497360,0,64640,0,1126400,0,0,0,0,0,0,0,0,2048,0,507152,36096000,99614720
1743619403.001733,600960,21068468,0,131892240,123559844,123684048,0,1096032,0,235036,5103080,144148,4278304,90888,824776,1048576,1048576,0,0,0,0,5291580,479196,179976,98600,685972,98600,587372,27136,43600,0,0,0,65946120,8422160,34359738367,497360,0,64640,0,1126400,0,0,0,0,0,0,0,0,2048,0,507152,36096000,99614720
1743619404.001854,600960,21068468,0,131892240,123559844,123684048,0,1096032,0,235036,5103080,144148,4278304,90888,824776,1048576,1048576,0,0,0,0,5291580,479196,179976,98600,685972,98600,587372,27136,43600,0,0,0,65946120,8422160,34359738367,497360,0,64640,0,1126400,0,0,0,0,0,0,0,0,2048,0,507152,36096000,99614720
1743619405.002135,600960,21068468,0,131892240,123559844,123684048,0,1096032,0,235036,5103080,144148,4278304,90888,824776,1048576,1048576,0,0,0,0,5291580,479196,179976,98600,685972,98600,587372,27136,43600,0,0,0,65946120,8422160,34359738367,497344,0,64640,0,1126400,0,0,0,0,0,0,0,0,2048,0,507152,36096000,99614720
1743619406.001290,600960,21068468,0,131892240,123559900,123684104,0,1096032,0,235036,5103080,144148,4278304,90888,824776,1048576,1048576,0,0,0,0,5291580,479196,179976,98600,685972,98600,587372,27104,43600,0,0,0,65946120,8422160,34359738367,497344,0,64640,0,1126400,0,0,0,0,0,0,0,0,2048,0,507152,36096000,99614720
1743619407.001571,600960,21068468,0,131892240,123559900,123684104,0,1096032,0,235036,5103080,144148,4278304,90888,824776,1048576,1048576,0,0,0,0,5291580,479196,179976,98600,685972,98600,587372,27104,43600,0,0,0,65946120,8422160,34359738367,497344,0,64640,0,1126400,0,0,0,0,0,0,0,0,2048,0,507152,36096000,99614720
1743619408.001697,600960,21068468,0,131892240,123559900,123684104,0,1096032,0,235036,5103080,144148,4278304,90888,824776,1048576,1048576,0,0,0,0,5291580,479196,179976,98600,685972,98600,587372,27104,43600,0,0,0,65946120,8422160,34359738367,497344,0,64640,0,1126400,0,0,0,0,0,0,0,0,2048,0,507152,36096000,99614720
1743619409.001983,600960,21068468,0,131892240,123559900,123684104,0,1096032,0,235036,5103080,144148,4278304,90888,824776,1048576,1048576,0,0,0,0,5291580,479196,179976,98600,685972,98600,587372,27104,43600,0,0,0,65946120,8422160,34359738367,497344,0,64640,0,1126400,0,0,0,0,0,0,0,0,2048,0,507152,36096000,99614720
1743619410.011766,600960,21068468,0,131892240,123559860,123684064,0,1096032,0,235036,5103120,144148,4278344,90888,824776,1048576,1048576,0,0,0,0,5291580,479196,179976,98600,685980,98600,587380,27088,43600,0,0,0,65946120,8422160,34359738367,497360,0,64640,0,1126400,0,0,0,0,0,0,0,0,2048,0,507152,36096000,99614720
1743619411.002113,600960,21068468,0,131892240,123559952,123684156,0,1096032,0,235036,5103120,144148,4278344,90888,824776,1048576,1048576,0,0,0,0,5291580,479196,179976,98600,685980,98600,587380,27104,43600,0,0,0,65946120,8422160,34359738367,497344,0,64640,0,1126400,0,0,0,0,0,0,0,0,2048,0,507152,36096000,99614720
1743619412.001153,600960,21068468,0,131892240,123559952,123684156,0,1096032,0,235036,5103120,144148,4278344,90888,824776,1048576,1048576,0,0,0,0,5291580,479196,179976,98600,685980,98600,587380,27104,43600,0,0,0,65946120,8422160,34359738367,497344,0,64640,0,1126400,0,0,0,0,0,0,0,0,2048,0,507152,36096000,99614720
1743619413.001401,600960,21068468,0,131892240,123559952,123684156,0,1096032,0,235036,5103120,144148,4278344,90888,824776,1048576,1048576,0,0,0,0,5291580,479196,179976,98600,685980,98600,587380,27104,43600,0,0,0,65946120,8422160,34359738367,497344,0,64640,0,1126400,0,0,0,0,0,0,0,0,2048,0,507152,36096000,99614720
1743619414.001717,600960,21068468,0,131892240,123559944,123684148,0,1096032,0,235036,5103120,144148,4278344,90888,824776,1048576,1048576,0,0,0,0,5291580,479196,179976,98600,685988,98600,587388,27104,43600,0,0,0,65946120,8422160,34359738367,497344,0,64640,0,1126400,0,0,0,0,0,0,0,0,2048,0,507152,36096000,99614720
1743619415.001753,600960,21068468,0,131892240,123559944,123684148,0,1096032,0,235036,5103120,144148,4278344,90888,824776,1048576,1048576,0,0,0,0,5291580,479196,179976,98600,685988,98600,587388,27104,43600,0,0,0,65946120,8422160,34359738367,497344,0,64640,0,1126400,0,0,0,0,0,0,0,0,2048,0,507152,36096000,99614720
1743619416.002059,600960,21068468,0,131892240,123559944,123684148,0,1096032,0,235036,5103120,144148,4278344,90888,824776,1048576,1048576,0,0,0,0,5291580,479196,179976,98600,685988,98600,587388,27104,43600,0,0,0,65946120,8422160,34359738367,497344,0,64640,0,1126400,0,0,0,0,0,0,0,0,2048,0,507152,36096000,99614720
1743619417.001436,600960,21068468,0,131892240,123559944,123684148,0,1096032,0,235036,5103120,144148,4278344,90888,824776,1048576,1048576,0,0,0,0,5291580,479196,179976,98600,685988,98600,587388,27104,43600,0,0,0,65946120,8422160,34359738367,497344,0,64640,0,1126400,0,0,0,0,0,0,0,0,2048,0,507152,36096000,99614720
1743619418.001508,600960,21068468,0,131892240,123559944,123684148,0,1096032,0,235036,5103120,144148,4278344,90888,824776,1048576,1048576,0,0,0,0,5291580,479196,179976,98600,685988,98600,587388,27104,43600,0,0,0,65946120,8422160,34359738367,497344,0,64640,0,1126400,0,0,0,0,0,0,0,0,2048,0,507152,36096000,99614720
1743619419.001816,600960,21068468,0,131892240,123559928,123684132,0,1096032,0,235036,5103120,144148,4278344,90888,824776,1048576,1048576,0,0,0,0,5291580,479196,179976,98600,686004,98600,587404,27104,43600,0,0,0,65946120,8422160,34359738367,497344,0,64640,0,1126400,0,0,0,0,0,0,0,0,2048,0,507152,36096000,99614720
1743619420.002165,600960,21068468,0,131892240,123559928,123684132,0,1096032,0,235036,5103120,144148,4278344,90888,824776,1048576,1048576,0,0,0,0,5291580,479196,179976,98600,686004,98600,587404,27104,43600,0,0,0,65946120,8422160,34359738367,497344,0,64640,0,1126400,0,0,0,0,0,0,0,0,2048,0,507152,36096000,99614720
1743619421.001455,600960,21068468,0,131892240,123559936,123684140,0,1096032,0,235036,5103120,144148,4278344,90888,824776,1048576,1048576,0,0,0,0,5291580,479196,179976,98600,685996,98600,587396,27104,43600,0,0,0,65946120,8422160,34359738367,497344,0,64640,0,1126400,0,0,0,0,0,0,0,0,2048,0,507152,36096000,99614720
1743619422.001700,600960,21068468,0,131892240,123559936,123684140,0,1096032,0,235036,5103120,144148,4278344,90888,824776,1048576,1048576,0,0,0,0,5291580,479196,179976,98600,685996,98600,587396,27104,43600,0,0,0,65946120,8422160,34359738367,497344,0,64640,0,1126400,0,0,0,0,0,0,0,0,2048,0,507152,36096000,99614720
1743619423.002044,600960,21068468,0,131892240,123559936,123684140,0,1096032,0,235036,5103120,144148,4278344,90888,824776,1048576,1048576,0,0,0,0,5291580,479196,179976,98600,685996,98600,587396,27104,43600,0,0,0,65946120,8422160,34359738367,497344,0,64640,0,1126400,0,0,0,0,0,0,0,0,2048,0,507152,36096000,99614720
1743619424.001210,600960,21068468,0,131892240,123559936,123684140,0,1096032,0,235036,5103120,144148,4278344,90888,824776,1048576,1048576,0,0,0,0,5291580,479196,179976,98600,685996,98600,587396,27104,43600,0,0,0,65946120,8422160,34359738367,497344,0,64640,0,1126400,0,0,0,0,0,0,0,0,2048,0,507152,36096000,99614720
1743619425.001513,600960,21068468,0,131892240,123559936,123684140,0,1096032,0,235036,5103120,144148,4278344,90888,824776,1048576,1048576,0,0,0,0,5291580,479196,179976,98600,685996,98600,587396,27104,43600,0,0,0,65946120,8422160,34359738367,497344,0,64640,0,1126400,0,0,0,0,0,0,0,0,2048,0,507152,36096000,99614720
1743619426.001670,600960,21068468,0,131892240,123559936,123684140,0,1096032,0,235036,5103120,144148,4278344,90888,824776,1048576,1048576,0,0,0,0,5291580,479196,179976,98600,685996,98600,587396,27104,43600,0,0,0,65946120,8422160,34359738367,497344,0,64640,0,1126400,0,0,0,0,0,0,0,0,2048,0,507152,36096000,99614720
1743619427.001959,600960,21068468,0,131892240,123559936,123684140,0,1096032,0,235036,5103120,144148,4278344,90888,824776,1048576,1048576,0,0,0,0,5291580,479196,179976,98600,685996,98600,587396,27104,43600,0,0,0,65946120,8422160,34359738367,497344,0,64640,0,1126400,0,0,0,0,0,0,0,0,2048,0,507152,36096000,99614720
1743619428.001139,600960,21068468,0,131892240,123559936,123684140,0,1096032,0,235036,5103120,144148,4278344,90888,824776,1048576,1048576,0,0,0,0,5291580,479196,179976,98600,685996,98600,587396,27104,43600,0,0,0,65946120,8422160,34359738367,497344,0,64640,0,1126400,0,0,0,0,0,0,0,0,2048,0,507152,36096000,99614720
1743619429.001409,600960,21068468,0,131892240,123559936,123684140,0,1096032,0,235036,5103120,144148,4278344,90888,824776,1048576,1048576,0,0,0,0,5291580,479196,179976,98600,685996,98600,587396,27104,43600,0,0,0,65946120,8422160,34359738367,497344,0,64640,0,1126400,0,0,0,0,0,0,0,0,2048,0,507152,36096000,99614720
1743619430.011204,600960,21068468,0,131892240,123559936,123684140,0,1096032,0,235036,5103120,144148,4278344,90888,824776,1048576,1048576,0,0,0,0,5291580,479196,179976,98600,685996,98600,587396,27104,43600,0,0,0,65946120,8422160,34359738367,497344,0,64640,0,1126400,0,0,0,0,0,0,0,0,2048,0,507152,36096000,99614720
1743619431.001578,600960,21068468,0,131892240,123559936,123684140,0,1096032,0,235036,5103120,144148,4278344,90888,824776,1048576,1048576,0,0,0,0,5291580,479196,179976,98600,685996,98600,587396,27104,43600,0,0,0,65946120,8422160,34359738367,497344,0,64640,0,1126400,0,0,0,0,0,0,0,0,2048,0,507152,36096000,99614720
1743619432.001624,600960,21068468,0,131892240,123559936,123684140,0,1096032,0,235036,5103120,144148,4278344,90888,824776,1048576,1048576,0,0,0,0,5291580,479196,179976,98600,685996,98600,587396,27104,43600,0,0,0,65946120,8422160,34359738367,497344,0,64640,0,1126400,0,0,0,0,0,0,0,0,2048,0,507152,36096000,99614720
1743619433.001906,600960,21068468,0,131892240,123559936,123684140,0,1096032,0,235036,5103120,144148,4278344,90888,824776,1048576,1048576,0,0,0,0,5291580,479196,179976,98600,685996,98600,587396,27104,43600,0,0,0,65946120,8422160,34359738367,497344,0,64640,0,1126400,0,0,0,0,0,0,0,0,2048,0,507152,36096000,99614720
1743619434.001264,600960,21068468,0,131892240,123559936,123684140,0,1096032,0,235036,5103120,144148,4278344,90888,824776,1048576,1048576,0,0,0,0,5291580,479196,179976,98600,685996,98600,587396,27104,43600,0,0,0,65946120,8422160,34359738367,497344,0,64640,0,1126400,0,0,0,0,0,0,0,0,2048,0,507152,36096000,99614720
1743619435.001300,600960,21068468,0,131892240,123559936,123684140,0,1096032,0,235036,5103120,144148,4278344,90888,824776,1048576,1048576,0,0,0,0,5291580,479196,179976,98600,685996,98600,587396,27104,43600,0,0,0,65946120,8422160,34359738367,497344,0,64640,0,1126400,0,0,0,0,0,0,0,0,2048,0,507152,36096000,99614720
1743619436.001605,600960,21068468,0,131892240,123559936,123684140,0,1096032,0,235036,5103120,144148,4278344,90888,824776,1048576,1048576,0,0,0,0,5291580,479196,179976,98600,685996,98600,587396,27104,43600,0,0,0,65946120,8422160,34359738367,497344,0,64640,0,1126400,0,0,0,0,0,0,0,0,2048,0,507152,36096000,99614720
1743619437.001960,600960,21068468,0,131892240,123559936,123684140,0,1096032,0,235036,5103120,144148,4278344,90888,824776,1048576,1048576,0,0,0,0,5291580,479196,179976,98600,685996,98600,587396,27104,43600,0,0,0,65946120,8422160,34359738367,497344,0,64640,0,1126400,0,0,0,0,0,0,0,0,2048,0,507152,36096000,99614720
1743619438.002008,600960,21068468,0,131892240,123559936,123684140,0,1096032,0,235036,5103120,144148,4278344,90888,824776,1048576,1048576,0,0,0,0,5291580,479196,179976,98600,685996,98600,587396,27104,43600,0,0,0,65946120,8422160,34359738367,497344,0,64640,0,1126400,0,0,0,0,0,0,0,0,2048,0,507152,36096000,99614720
1743619439.001334,600960,21068468,0,131892240,123559936,123684140,0,1096032,0,235036,5103120,144148,4278344,90888,824776,1048576,1048576,0,0,0,0,5291580,479196,179976,98600,685996,98600,587396,27104,43600,0,0,0,65946120,8422160,34359738367,497344,0,64640,0,1126400,0,0,0,0,0,0,0,0,2048,0,507152,36096000,99614720
1743619440.001723,600960,21068468,0,131892240,123559936,123684140,0,1096032,0,235036,5103120,144148,4278344,90888,824776,1048576,1048576,0,0,0,0,5291580,479196,179976,98600,685996,98600,587396,27104,43600,0,0,0,65946120,8422160,34359738367,497344,0,64640,0,1126400,0,0,0,0,0,0,0,0,2048,0,507152,36096000,99614720
1743619441.002014,600960,21068468,0,131892240,123559936,123684140,0,1096032,0,235036,5103120,144148,4278344,90888,824776,1048576,1048576,0,0,0,0,5291580,479196,179976,98600,685996,98600,587396,27104,43600,0,0,0,65946120,8422160,34359738367,497344,0,64640,0,1126400,0,0,0,0,0,0,0,0,2048,0,507152,36096000,99614720
1743619442.001175,600960,21068468,0,131892240,123559936,123684140,0,1096032,0,235036,5103120,144148,4278344,90888,824776,1048576,1048576,0,0,0,0,5291580,479196,179976,98600,685996,98600,587396,27104,43600,0,0,0,65946120,8422160,34359738367,497344,0,64640,0,1126400,0,0,0,0,0,0,0,0,2048,0,507152,36096000,99614720
1743619443.001121,600960,21068468,0,131892240,123559936,123684140,0,1096032,0,235036,5103120,144148,4278344,90888,824776,1048576,1048576,0,0,0,0,5291580,479196,179976,98600,685996,98600,587396,27104,43600,0,0,0,65946120,8422160,34359738367,497344,0,64640,0,1126400,0,0,0,0,0,0,0,0,2048,0,507152,36096000,99614720
1743619444.001315,600960,21068468,0,131892240,123559936,123684140,0,1096032,0,235036,5103120,144148,4278344,90888,824776,1048576,1048576,0,0,0,0,5291580,479196,179976,98600,685996,98600,587396,27104,43600,0,0,0,65946120,8422160,34359738367,497344,0,64640,0,1126400,0,0,0,0,0,0,0,0,2048,0,507152,36096000,99614720
1743619445.001622,600960,21068468,0,131892240,123559936,123684140,0,1096032,0,235036,5103120,144148,4278344,90888,824776,1048576,1048576,0,0,0,0,5291580,479196,179976,98600,685996,98600,587396,27104,43600,0,0,0,65946120,8422160,34359738367,497344,0,64640,0,1126400,0,0,0,0,0,0,0,0,2048,0,507152,36096000,99614720
1743619446.001786,600960,21068468,0,131892240,123559936,123684140,0,1096032,0,235036,5103120,144148,4278344,90888,824776,1048576,1048576,0,0,0,0,5291580,479196,179976,98600,685996,98600,587396,27104,43600,0,0,0,65946120,8422160,34359738367,497344,0,64640,0,1126400,0,0,0,0,0,0,0,0,2048,0,507152,36096000,99614720
1743619447.001139,600960,21068468,0,131892240,123546916,123680304,0,1105052,0,240592,5108792,144200,4280480,96392,828312,1048576,1048576,0,0,0,0,5293980,479536,179976,98888,686356,98888,587468,27344,44468,0,0,0,65946120,8446692,34359738367,497504,0,64640,0,1126400,0,0,0,0,0,0,0,0,2048,0,507152,36096000,99614720
1743619448.001343,600960,21068468,0,131892240,123529080,123667280,0,1108860,0,243504,5120128,144192,4290852,99312,829276,1048576,1048576,0,0,0,0,5304472,482200,179976,100744,688136,100744,587392,27440,44840,0,0,0,65946120,8471076,34359738367,497520,0,64640,0,1126400,0,0,0,0,0,0,0,0,2048,0,507152,36096000,99614720
1743619449.001654,600960,21068468,0,131892240,123540684,123679628,0,1109524,0,243628,5109760,144200,4279936,99428,829824,1048576,1048576,0,0,0,0,5293252,479260,179976,100904,688296,100904,587392,27232,43968,0,0,0,65946120,8447568,34359738367,497520,0,64640,0,1126400,0,0,0,0,0,0,0,0,2048,0,507152,36096000,99614720
1743619450.009124,600960,21068468,0,131892240,123538484,123678184,0,1109896,0,244164,5110300,144208,4280632,99956,829668,1048576,1048576,0,0,0,0,5293992,479452,179976,101672,689028,101672,587356,27200,44060,0,0,0,65946120,8452204,34359738367,497472,0,64640,0,1126400,0,0,0,0,0,0,0,0,2048,0,507152,36096000,99614720
1743619451.001503,600960,21068468,0,131892240,123537060,123680444,0,1113564,0,245188,5110832,144192,4278536,100996,832296,1048576,1048576,0,0,0,0,5291588,479196,179976,101704,689048,101704,587344,27104,43600,0,0,0,65946120,8485232,34359738367,497488,0,64640,0,1126400,0,0,0,0,0,0,0,0,2048,0,507152,36096000,99614720
1743619452.001574,600960,21068468,0,131892240,123537208,123680592,0,1113564,0,245188,5110832,144192,4278536,100996,832296,1048576,1048576,0,0,0,0,5291588,479196,179976,101704,689048,101704,587344,27088,43600,0,0,0,65946120,8485232,34359738367,497488,0,64640,0,1126400,0,0,0,0,0,0,0,0,2048,0,507152,36096000,99614720
1743619453.001858,600960,21068468,0,131892240,123537272,123680656,0,1113564,0,245188,5110832,144192,4278536,100996,832296,1048576,1048576,0,0,0,0,5291588,479196,179976,101704,689048,101704,587344,27088,43600,0,0,0,65946120,8485232,34359738367,497488,0,64640,0,1126400,0,0,0,0,0,0,0,0,2048,0,507152,36096000,99614720
1743619454.002215,600960,21068468,0,131892240,123537356,123680740,0,1113564,0,245188,5110832,144192,4278536,100996,832296,1048576,1048576,0,0,0,0,5291588,479196,179976,101704,689048,101704,587344,27088,43600,0,0,0,65946120,8485232,34359738367,497488,0,64640,0,1126400,0,0,0,0,0,0,0,0,2048,0,507152,36096000,99614720
1743619455.001284,600960,21068468,0,131892240,123537356,123680740,0,1113564,0,245188,5110832,144192,4278536,100996,832296,1048576,1048576,0,0,0,0,5291588,479196,179976,101704,689048,101704,587344,27088,43600,0,0,0,65946120,8485232,34359738367,497488,0,64640,0,1126400,0,0,0,0,0,0,0,0,2048,0,507152,36096000,99614720
1743619456.001602,600960,21068468,0,131892240,123537420,123680804,0,1113564,0,245188,5110832,144192,4278536,100996,832296,1048576,1048576,0,0,0,0,5291588,479196,179976,101704,689048,101704,587344,27088,43600,0,0,0,65946120,8485232,34359738367,497488,0,64640,0,1126400,0,0,0,0,0,0,0,0,2048,0,507152,36096000,99614720
1743619457.001957,600960,21068468,0,131892240,123537420,123680804,0,1113564,0,245188,5110832,144192,4278536,100996,832296,1048576,1048576,0,0,0,0,5291588,479196,179976,101704,689048,101704,587344,27088,43600,0,0,0,65946120,8485232,34359738367,497488,0,64640,0,1126400,0,0,0,0,0,0,0,0,2048,0,507152,36096000,99614720
1743619458.002030,600960,21068468,0,131892240,123537420,123680804,0,1113564,0,245188,5110832,144192,4278536,100996,832296,1048576,1048576,0,0,0,0,5291588,479196,179976,101704,689048,101704,587344,27088,43600,0,0,0,65946120,8485232,34359738367,497488,0,64640,0,1126400,0,0,0,0,0,0,0,0,2048,0,507152,36096000,99614720
1743619459.001316,600960,21068468,0,131892240,123537420,123680804,0,1113564,0,245188,5110832,144192,4278536,100996,832296,1048576,1048576,0,0,0,0,5291588,479196,179976,101704,689048,101704,587344,27088,43600,0,0,0,65946120,8485232,34359738367,497488,0,64640,0,1126400,0,0,0,0,0,0,0,0,2048,0,507152,36096000,99614720
1743619460.001665,600960,21068468,0,131892240,123537448,123680832,0,1113564,0,245188,5110832,144192,4278536,100996,832296,1048576,1048576,0,0,0,0,5291588,479196,179976,101704,689052,101704,587348,27088,43600,0,0,0,65946120,8485232,34359738367,497488,0,64640,0,1126400,0,0,0,0,0,0,0,0,2048,0,507152,36096000,99614720
1743619466.001177,600960,21068468,0,131892240,123537536,123680920,0,1113564,0,245188,5110832,144192,4278536,100996,832296,1048576,1048576,0,0,0,0,5291588,479196,179976,101704,689044,101704,587340,27088,43600,0,0,0,65946120,8485232,34359738367,497488,0,64640,0,1126400,0,0,0,0,0,0,0,0,2048,0,507152,36096000,99614720
1743619469.001912,600960,21068468,0,131892240,123537536,123680920,0,1113564,0,245188,5110832,144192,4278536,100996,832296,1048576,1048576,0,0,0,0,5291588,479196,179976,101704,689044,101704,587340,27088,43600,0,0,0,65946120,8485232,34359738367,497380,0,64640,0,1126400,0,0,0,0,0,0,0,0,2048,0,507152,36096000,99614720
1743619470.012801,600960,21068468,0,131892240,123537536,123680920,0,1113564,0,245188,5110832,144192,4278536,100996,832296,1048576,1048576,0,0,0,0,5291588,479196,179976,101704,689044,101704,587340,27088,43600,0,0,0,65946120,8485232,34359738367,497488,0,64640,0,1126400,0,0,0,0,0,0,0,0,2048,0,507152,36096000,99614720
1743619471.002156,600960,21068468,0,131892240,123537536,123680920,0,1113564,0,245188,5110832,144192,4278536,100996,832296,1048576,1048576,0,0,0,0,5291588,479196,179976,101704,689044,101704,587340,27088,43600,0,0,0,65946120,8485232,34359738367,497488,0,64640,0,1126400,0,0,0,0,0,0,0,0,2048,0,507152,36096000,99614720
1743619472.001197,600960,21068468,0,131892240,123537536,123680920,0,1113564,0,245188,5110832,144192,4278536,100996,832296,1048576,1048576,0,0,0,0,5291588,479196,179976,101704,689044,101704,587340,27088,43600,0,0,0,65946120,8485232,34359738367,497488,0,64640,0,1126400,0,0,0,0,0,0,0,0,2048,0,507152,36096000,99614720
1743619473.001473,600960,21068468,0,131892240,123537508,123680892,0,1113564,0,245188,5110832,144192,4278536,100996,832296,1048576,1048576,0,0,0,0,5291588,479196,179976,101704,689044,101704,587340,27088,43600,0,0,0,65946120,8485232,34359738367,497488,0,64640,0,1126400,0,0,0,0,0,0,0,0,2048,0,507152,36096000,99614720
1743619474.001820,600960,21068468,0,131892240,123537508,123680892,0,1113564,0,245188,5110832,144192,4278536,100996,832296,1048576,1048576,0,0,0,0,5291588,479196,179976,101704,689044,101704,587340,27088,43600,0,0,0,65946120,8485232,34359738367,497488,0,64640,0,1126400,0,0,0,0,0,0,0,0,2048,0,507152,36096000,99614720
1743619475.001892,600960,21068468,0,131892240,123537508,123680892,0,1113564,0,245188,5110832,144192,4278536,100996,832296,1048576,1048576,0,0,0,0,5291588,479196,179976,101704,689044,101704,587340,27088,43600,0,0,0,65946120,8485232,34359738367,497488,0,64640,0,1126400,0,0,0,0,0,0,0,0,2048,0,507152,36096000,99614720
1743619476.001142,600960,21068468,0,131892240,123537508,123680892,0,1113564,0,245188,5110832,144192,4278536,100996,832296,1048576,1048576,0,0,0,0,5291588,479196,179976,101704,689044,101704,587340,27088,43600,0,0,0,65946120,8485232,34359738367,497488,0,64640,0,1126400,0,0,0,0,0,0,0,0,2048,0,507152,36096000,99614720
1743619477.001492,600960,21068468,0,131892240,123537508,123680892,0,1113564,0,245188,5110832,144192,4278536,100996,832296,1048576,1048576,0,0,0,0,5291588,479196,179976,101704,689044,101704,587340,27088,43600,0,0,0,65946120,8485232,34359738367,497488,0,64640,0,1126400,0,0,0,0,0,0,0,0,2048,0,507152,36096000,99614720
1743619478.001563,600960,21068468,0,131892240,123537508,123680892,0,1113564,0,245188,5110832,144192,4278536,100996,832296,1048576,1048576,0,0,0,0,5291588,479196,179976,101704,689044,101704,587340,27088,43600,0,0,0,65946120,8485232,34359738367,497488,0,64640,0,1126400,0,0,0,0,0,0,0,0,2048,0,507152,36096000,99614720
1743619479.001841,600960,21068468,0,131892240,123537508,123680892,0,1113564,0,245188,5110832,144192,4278536,100996,832296,1048576,1048576,0,0,0,0,5291588,479196,179976,101704,689044,101704,587340,27088,43600,0,0,0,65946120,8485232,34359738367,497488,0,64640,0,1126400,0,0,0,0,0,0,0,0,2048,0,507152,36096000,99614720
1743619480.002204,600960,21068468,0,131892240,123537564,123680948,0,1113564,0,245188,5110824,144192,4278528,100996,832296,1048576,1048576,0,0,0,0,5291588,479196,179976,101704,689044,101704,587340,27088,43600,0,0,0,65946120,8485232,34359738367,497488,0,64640,0,1126400,0,0,0,0,0,0,0,0,2048,0,507152,36096000,99614720
1743619486.001533,600960,21068468,0,131892240,123537564,123680948,0,1113564,0,245188,5110824,144192,4278528,100996,832296,1048576,1048576,0,0,0,0,5291588,479196,179976,101704,689044,101704,587340,27088,43600,0,0,0,65946120,8485232,34359738367,497488,0,64640,0,1126400,0,0,0,0,0,0,0,0,2048,0,507152,36096000,99614720
1743619487.001836,600960,21068468,0,131892240,123537564,123680948,0,1113564,0,245188,5110824,144192,4278528,100996,832296,1048576,1048576,0,0,0,0,5291588,479196,179976,101704,689044,101704,587340,27088,43600,0,0,0,65946120,8485232,34359738367,497488,0,64640,0,1126400,0,0,0,0,0,0,0,0,2048,0,507152,36096000,99614720
1743619488.002002,600960,21068468,0,131892240,123537564,123680948,0,1113564,0,245188,5110824,144192,4278528,100996,832296,1048576,1048576,0,0,0,0,5291588,479196,179976,101704,689044,101704,587340,27088,43600,0,0,0,65946120,8485232,34359738367,497488,0,64640,0,1126400,0,0,0,0,0,0,0,0,2048,0,507152,36096000,99614720
1743619489.001305,600960,21068468,0,131892240,123537564,123680948,0,1113564,0,245188,5110824,144192,4278528,100996,832296,1048576,1048576,0,0,0,0,5291588,479196,179976,101704,689044,101704,587340,27088,43600,0,0,0,65946120,8485232,34359738367,497488,0,64640,0,1126400,0,0,0,0,0,0,0,0,2048,0,507152,36096000,99614720
1743619490.007632,600960,21068468,0,131892240,123537564,123680948,0,1113564,0,245188,5110824,144192,4278528,100996,832296,1048576,1048576,0,0,0,0,5291588,479196,179976,101704,689044,101704,587340,27088,43600,0,0,0,65946120,8485232,34359738367,497488,0,64640,0,1126400,0,0,0,0,0,0,0,0,2048,0,507152,36096000,99614720
1743619491.001983,600960,21068468,0,131892240,123537564,123680948,0,1113564,0,245188,5110824,144192,4278528,100996,832296,1048576,1048576,0,0,0,0,5291588,479196,179976,101704,689044,101704,587340,27088,43600,0,0,0,65946120,8485232,34359738367,497488,0,64640,0,1126400,0,0,0,0,0,0,0,0,2048,0,507152,36096000,99614720
1743619492.002052,600960,21068468,0,131892240,123537432,123680816,0,1113564,0,245188,5110824,144192,4278528,100996,832296,1048576,1048576,0,0,0,0,5291588,479196,179976,101704,689044,101704,587340,27088,43600,0,0,0,65946120,8485232,34359738367,497488,0,64640,0,1126400,0,0,0,0,0,0,0,0,2048,0,507152,36096000,99614720
1743619493.001322,600960,21068468,0,131892240,123537432,123680816,0,1113564,0,245188,5110824,144192,4278528,100996,832296,1048576,1048576,0,0,0,0,5291588,479196,179976,101704,689044,101704,587340,27088,43600,0,0,0,65946120,8485232,34359738367,497488,0,64640,0,1126400,0,0,0,0,0,0,0,0,2048,0,507152,36096000,99614720
1743619494.001714,600960,21068468,0,131892240,123537432,123680816,0,1113564,0,245188,5110824,144192,4278528,100996,832296,1048576,1048576,0,0,0,0,5291588,479196,179976,101704,689044,101704,587340,27088,43600,0,0,0,65946120,8485232,34359738367,497488,0,64640,0,1126400,0,0,0,0,0,0,0,0,2048,0,507152,36096000,99614720
1743619495.001803,600960,21068468,0,131892240,123537432,123680816,0,1113564,0,245188,5110824,144192,4278528,100996,832296,1048576,1048576,0,0,0,0,5291588,479196,179976,101704,689044,101704,587340,27088,43600,0,0,0,65946120,8485232,34359738367,497488,0,64640,0,1126400,0,0,0,0,0,0,0,0,2048,0,507152,36096000,99614720
1743619496.001113,600960,21068468,0,131892240,123537432,123680816,0,1113564,0,245188,5110824,144192,4278528,100996,832296,1048576,1048576,0,0,0,0,5291588,479196,179976,101704,689044,101704,587340,27088,43600,0,0,0,65946120,8485232,34359738367,497488,0,64640,0,1126400,0,0,0,0,0,0,0,0,2048,0,507152,36096000,99614720
1743619497.001470,600960,21068468,0,131892240,123537432,123680816,0,1113564,0,245188,5110824,144192,4278528,100996,832296,1048576,1048576,0,0,0,0,5291588,479196,179976,101704,689044,101704,587340,27088,43600,0,0,0,65946120,8485232,34359738367,497488,0,64640,0,1126400,0,0,0,0,0,0,0,0,2048,0,507152,36096000,99614720
1743619498.001540,600960,21068468,0,131892240,123537432,123680816,0,1113564,0,245188,5110824,144192,4278528,100996,832296,1048576,1048576,0,0,0,0,5291588,479196,179976,101704,689044,101704,587340,27088,43600,0,0,0,65946120,8485232,34359738367,497488,0,64640,0,1126400,0,0,0,0,0,0,0,0,2048,0,507152,36096000,99614720
1743619499.001813,600960,21068468,0,131892240,123537432,123680816,0,1113564,0,245188,5110824,144192,4278528,100996,832296,1048576,1048576,0,0,0,0,5291588,479196,179976,101704,689044,101704,587340,27088,43600,0,0,0,65946120,8485232,34359738367,497488,0,64640,0,1126400,0,0,0,0,0,0,0,0,2048,0,507152,36096000,99614720
1743619500.002162,600960,21068468,0,131892240,123537432,123680816,0,1113564,0,245188,5110824,144192,4278528,100996,832296,1048576,1048576,0,0,0,0,5291588,479196,179976,101704,689044,101704,587340,27088,43600,0,0,0,65946120,8485232,34359738367,497488,0,64640,0,1126400,0,0,0,0,0,0,0,0,2048,0,507152,36096000,99614720
1743619501.001675,600960,21068468,0,131892240,123537432,123680816,0,1113564,0,245188,5110824,144192,4278528,100996,832296,1048576,1048576,0,0,0,0,5291588,479196,179976,101704,689052,101704,587348,27088,43600,0,0,0,65946120,8485232,34359738367,497488,0,64640,0,1126400,0,0,0,0,0,0,0,0,2048,0,507152,36096000,99614720
1743619502.001833,600960,21068468,0,131892240,123537432,123680816,0,1113564,0,245188,5110824,144192,4278528,100996,832296,1048576,1048576,0,0,0,0,5291588,479196,179976,101704,689052,101704,587348,27088,43600,0,0,0,65946120,8485232,34359738367,497488,0,64640,0,1126400,0,0,0,0,0,0,0,0,2048,0,507152,36096000,99614720
1743619503.002148,600960,21068468,0,131892240,123537424,123680808,0,1113564,0,245188,5110824,144192,4278528,100996,832296,1048576,1048576,0,0,0,0,5291588,479196,179976,101704,689060,101704,587356,27088,43600,0,0,0,65946120,8485232,34359738367,497488,0,64640,0,1126400,0,0,0,0,0,0,0,0,2048,0,507152,36096000,99614720
1743619504.001278,600960,21068468,0,131892240,123537424,123680808,0,1113564,0,245188,5110824,144192,4278528,100996,832296,1048576,1048576,0,0,0,0,5291588,479196,179976,101704,689060,101704,587356,27088,43600,0,0,0,65946120,8485232,34359738367,497488,0,64640,0,1126400,0,0,0,0,0,0,0,0,2048,0,507152,36096000,99614720
1743619505.001588,600960,21068468,0,131892240,123537424,123680808,0,1113564,0,245188,5110824,144192,4278528,100996,832296,1048576,1048576,0,0,0,0,5291588,479196,179976,101704,689060,101704,587356,27088,43600,0,0,0,65946120,8485232,34359738367,497488,0,64640,0,1126400,0,0,0,0,0,0,0,0,2048,0,507152,36096000,99614720
1743619506.001753,600960,21068468,0,131892240,123537424,123680808,0,1113564,0,245188,5110824,144192,4278528,100996,832296,1048576,1048576,0,0,0,0,5291588,479196,179976,101704,689060,101704,587356,27088,43600,0,0,0,65946120,8485232,34359738367,497488,0,64640,0,1126400,0,0,0,0,0,0,0,0,2048,0,507152,36096000,99614720
1743619507.002080,600960,21068468,0,131892240,123537424,123680808,0,1113564,0,245188,5110824,144192,4278528,100996,832296,1048576,1048576,0,0,0,0,5291588,479196,179976,101704,689060,101704,587356,27088,43600,0,0,0,65946120,8485232,34359738367,497488,0,64640,0,1126400,0,0,0,0,0,0,0,0,2048,0,507152,36096000,99614720
1743619508.001210,600960,21068468,0,131892240,123537424,123680808,0,1113564,0,245188,5110824,144192,4278528,100996,832296,1048576,1048576,0,0,0,0,5291588,479196,179976,101704,689060,101704,587356,27088,43600,0,0,0,65946120,8485232,34359738367,497488,0,64640,0,1126400,0,0,0,0,0,0,0,0,2048,0,507152,36096000,99614720
1743619509.001242,600960,21068468,0,131892240,123537424,123680808,0,1113564,0,245188,5110824,144192,4278528,100996,832296,1048576,1048576,0,0,0,0,5291588,479196,179976,101704,689060,101704,587356,27088,43600,0,0,0,65946120,8485232,34359738367,497488,0,64640,0,1126400,0,0,0,0,0,0,0,0,2048,0,507152,36096000,99614720
1743619510.008936,600960,21068468,0,131892240,123537424,123680808,0,1113564,0,245188,5110824,144192,4278528,100996,832296,1048576,1048576,0,0,0,0,5291588,479196,179976,101704,689060,101704,587356,27088,43600,0,0,0,65946120,8485232,34359738367,497488,0,64640,0,1126400,0,0,0,0,0,0,0,0,2048,0,507152,36096000,99614720
1743619511.001293,600960,21068468,0,131892240,123537424,123680808,0,1113564,0,245188,5110824,144192,4278528,100996,832296,1048576,1048576,0,0,0,0,5291588,479196,179976,101704,689060,101704,587356,27088,43600,0,0,0,65946120,8485232,34359738367,497488,0,64640,0,1126400,0,0,0,0,0,0,0,0,2048,0,507152,36096000,99614720
1743619512.001364,600960,21068468,0,131892240,123537424,123680808,0,1113564,0,245188,5110824,144192,4278528,100996,832296,1048576,1048576,0,0,0,0,5291588,479196,179976,101704,689060,101704,587356,27088,43600,0,0,0,65946120,8485232,34359738367,497488,0,64640,0,1126400,0,0,0,0,0,0,0,0,2048,0,507152,36096000,99614720
1743619513.001640,600960,21068468,0,131892240,123537424,123680808,0,1113564,0,245188,5110824,144192,4278528,100996,832296,1048576,1048576,0,0,0,0,5291588,479196,179976,101704,689060,101704,587356,27088,43600,0,0,0,65946120,8485232,34359738367,497488,0,64640,0,1126400,0,0,0,0,0,0,0,0,2048,0,507152,36096000,99614720
1743619514.001962,600960,21068468,0,131892240,123537424,123680808,0,1113564,0,245188,5110824,144192,4278528,100996,832296,1048576,1048576,0,0,0,0,5291588,479196,179976,101704,689060,101704,587356,27088,43600,0,0,0,65946120,8485232,34359738367,497488,0,64640,0,1126400,0,0,0,0,0,0,0,0,2048,0,507152,36096000,99614720
1743619515.002008,600960,21068468,0,131892240,123537424,123680808,0,1113564,0,245188,5110824,144192,4278528,100996,832296,1048576,1048576,0,0,0,0,5291588,479196,179976,101704,689060,101704,587356,27088,43600,0,0,0,65946120,8485232,34359738367,497488,0,64640,0,1126400,0,0,0,0,0,0,0,0,2048,0,507152,36096000,99614720
1743619516.001262,600960,21068468,0,131892240,123537424,123680808,0,1113564,0,245188,5110824,144192,4278528,100996,832296,1048576,1048576,0,0,0,0,5291588,479196,179976,101704,689060,101704,587356,27088,43600,0,0,0,65946120,8485232,34359738367,497488,0,64640,0,1126400,0,0,0,0,0,0,0,0,2048,0,507152,36096000,99614720
1743619517.001625,600960,21068468,0,131892240,123537424,123680808,0,1113564,0,245188,5110824,144192,4278528,100996,832296,1048576,1048576,0,0,0,0,5291588,479196,179976,101704,689060,101704,587356,27088,43600,0,0,0,65946120,8485232,34359738367,497488,0,64640,0,1126400,0,0,0,0,0,0,0,0,2048,0,507152,36096000,99614720
1743619518.001703,600960,21068468,0,131892240,123537424,123680808,0,1113564,0,245188,5110824,144192,4278528,100996,832296,1048576,1048576,0,0,0,0,5291588,479196,179976,101704,689060,101704,587356,27088,43600,0,0,0,65946120,8485232,34359738367,497488,0,64640,0,1126400,0,0,0,0,0,0,0,0,2048,0,507152,36096000,99614720
1743619519.001995,600960,21068468,0,131892240,123537424,123680808,0,1113564,0,245188,5110824,144192,4278528,100996,832296,1048576,1048576,0,0,0,0,5291588,479196,179976,101704,689060,101704,587356,27088,43600,0,0,0,65946120,8485232,34359738367,497488,0,64640,0,1126400,0,0,0,0,0,0,0,0,2048,0,507152,36096000,99614720
1743619520.001380,600960,21068468,0,131892240,123537424,123680808,0,1113564,0,245188,5110824,144192,4278528,100996,832296,1048576,1048576,0,0,0,0,5291588,479196,179976,101704,689060,101704,587356,27088,43600,0,0,0,65946120,8485232,34359738367,497488,0,64640,0,1126400,0,0,0,0,0,0,0,0,2048,0,507152,36096000,99614720
1743619521.001178,600960,21068468,0,131892240,123537416,123680800,0,1113564,0,245188,5110824,144192,4278528,100996,832296,1048576,1048576,0,0,0,0,5291588,479196,179976,101704,689068,101704,587364,27088,43600,0,0,0,65946120,8485232,34359738367,497488,0,64640,0,1126400,0,0,0,0,0,0,0,0,2048,0,507152,36096000,99614720
1743619522.001348,600960,21068468,0,131892240,123537416,123680800,0,1113564,0,245188,5110824,144192,4278528,100996,832296,1048576,1048576,0,0,0,0,5291588,479196,179976,101704,689068,101704,587364,27088,43600,0,0,0,65946120,8485232,34359738367,497488,0,64640,0,1126400,0,0,0,0,0,0,0,0,2048,0,507152,36096000,99614720
1743619523.001633,600960,21068468,0,131892240,123537416,123680800,0,1113564,0,245188,5110824,144192,4278528,100996,832296,1048576,1048576,0,0,0,0,5291588,479196,179976,101704,689068,101704,587364,27088,43600,0,0,0,65946120,8485232,34359738367,497488,0,64640,0,1126400,0,0,0,0,0,0,0,0,2048,0,507152,36096000,99614720
1743619524.001823,600960,21068468,0,131892240,123537408,123680792,0,1113564,0,245188,5110824,144192,4278528,100996,832296,1048576,1048576,0,0,0,0,5291588,479196,179976,101704,689076,101704,587372,27088,43600,0,0,0,65946120,8485232,34359738367,497488,0,64640,0,1126400,0,0,0,0,0,0,0,0,2048,0,507152,36096000,99614720
1743619525.002100,600960,21068468,0,131892240,123537408,123680792,0,1113564,0,245188,5110824,144192,4278528,100996,832296,1048576,1048576,0,0,0,0,5291588,479196,179976,101704,689076,101704,587372,27088,43600,0,0,0,65946120,8485232,34359738367,497488,0,64640,0,1126400,0,0,0,0,0,0,0,0,2048,0,507152,36096000,99614720
1743619526.000627,600960,21068468,0,131892240,123537400,123680784,0,1113564,0,245188,5110824,144192,4278528,100996,832296,1048576,1048576,0,0,0,0,5291588,479196,179976,101704,689084,101704,587380,27088,43600,0,0,0,65946120,8485232,34359738367,497488,0,64640,0,1126400,0,0,0,0,0,0,0,0,2048,0,507152,36096000,99614720
1743619527.001931,600960,21068468,0,131892240,123537400,123680784,0,1113564,0,245188,5110824,144192,4278528,100996,832296,1048576,1048576,0,0,0,0,5291588,479196,179976,101704,689084,101704,587380,27088,43600,0,0,0,65946120,8485232,34359738367,497488,0,64640,0,1126400,0,0,0,0,0,0,0,0,2048,0,507152,36096000,99614720
1743619528.002099,600960,21068468,0,131892240,123537400,123680784,0,1113564,0,245188,5110824,144192,4278528,100996,832296,1048576,1048576,0,0,0,0,5291588,479196,179976,101704,689084,101704,587380,27088,43600,0,0,0,65946120,8485232,34359738367,497488,0,64640,0,1126400,0,0,0,0,0,0,0,0,2048,0,507152,36096000,99614720
1743619529.001401,600960,21068468,0,131892240,123537400,123680784,0,1113564,0,245188,5110824,144192,4278528,100996,832296,1048576,1048576,0,0,0,0,5291588,479196,179976,101704,689084,101704,587380,27088,43600,0,0,0,65946120,8485232,34359738367,497488,0,64640,0,1126400,0,0,0,0,0,0,0,0,2048,0,507152,36096000,99614720
1743619530.011080,600960,21068468,0,131892240,123537428,123680812,0,1113564,0,245188,5110824,144192,4278528,100996,832296,1048576,1048576,0,0,0,0,5291588,479196,179976,101704,689084,101704,587380,27088,43600,0,0,0,65946120,8485232,34359738367,497472,0,64640,0,1126400,0,0,0,0,0,0,0,0,2048,0,507152,36096000,99614720
1743619531.001489,600960,21068468,0,131892240,123537428,123680812,0,1113564,0,245188,5110824,144192,4278528,100996,832296,1048576,1048576,0,0,0,0,5291588,479196,179976,101704,689084,101704,587380,27088,43600,0,0,0,65946120,8485232,34359738367,497472,0,64640,0,1126400,0,0,0,0,0,0,0,0,2048,0,507152,36096000,99614720
1743619532.001526,600960,21068468,0,131892240,123537428,123680812,0,1113564,0,245188,5110824,144192,4278528,100996,832296,1048576,1048576,0,0,0,0,5291588,479196,179976,101704,689084,101704,587380,27088,43600,0,0,0,65946120,8485232,34359738367,497472,0,64640,0,1126400,0,0,0,0,0,0,0,0,2048,0,507152,36096000,99614720
1743619533.001840,600960,21068468,0,131892240,123537428,123680812,0,1113564,0,245188,5110824,144192,4278528,100996,832296,1048576,1048576,0,0,0,0,5291588,479196,179976,101704,689084,101704,587380,27088,43600,0,0,0,65946120,8485232,34359738367,497472,0,64640,0,1126400,0,0,0,0,0,0,0,0,2048,0,507152,36096000,99614720
1743619534.002175,600960,21068468,0,131892240,123537492,123680876,0,1113564,0,245188,5110824,144192,4278528,100996,832296,1048576,1048576,0,0,0,0,5291588,479196,179976,101704,689020,101704,587316,27088,43600,0,0,0,65946120,8485232,34359738367,497472,0,64640,0,1126400,0,0,0,0,0,0,0,0,2048,0,507152,36096000,99614720
1743619535.001212,600960,21068468,0,131892240,123537492,123680876,0,1113564,0,245188,5110824,144192,4278528,100996,832296,1048576,1048576,0,0,0,0,5291588,479196,179976,101704,689020,101704,587316,27088,43600,0,0,0,65946120,8485232,34359738367,497472,0,64640,0,1126400,0,0,0,0,0,0,0,0,2048,0,507152,36096000,99614720
1743619536.001509,600960,21068468,0,131892240,123537492,123680876,0,1113564,0,245188,5110824,144192,4278528,100996,832296,1048576,1048576,0,0,0,0,5291588,479196,179976,101704,689020,101704,587316,27088,43600,0,0,0,65946120,8485232,34359738367,497472,0,64640,0,1126400,0,0,0,0,0,0,0,0,2048,0,507152,36096000,99614720
1743619537.001865,600960,21068468,0,131892240,123537492,123680876,0,1113564,0,245188,5110824,144192,4278528,100996,832296,1048576,1048576,0,0,0,0,5291588,479196,179976,101704,689020,101704,587316,27088,43600,0,0,0,65946120,8485232,34359738367,497472,0,64640,0,1126400,0,0,0,0,0,0,0,0,2048,0,507152,36096000,99614720
1743619538.001936,600960,21068468,0,131892240,123537492,123680876,0,1113564,0,245188,5110824,144192,4278528,100996,832296,1048576,1048576,0,0,0,0,5291588,479196,179976,101704,689020,101704,587316,27088,43600,0,0,0,65946120,8485232,34359738367,497472,0,64640,0,1126400,0,0,0,0,0,0,0,0,2048,0,507152,36096000,99614720
1743619539.001248,600960,21068468,0,131892240,123537492,123680876,0,1113564,0,245188,5110824,144192,4278528,100996,832296,1048576,1048576,0,0,0,0,5291588,479196,179976,101704,689020,101704,587316,27088,43600,0,0,0,65946120,8485232,34359738367,497472,0,64640,0,1126400,0,0,0,0,0,0,0,0,2048,0,507152,36096000,99614720
1743619540.001592,600960,21068468,0,131892240,123537492,123680876,0,1113564,0,245188,5110824,144192,4278528,100996,832296,1048576,1048576,0,0,0,0,5291588,479196,179976,101704,689020,101704,587316,27088,43600,0,0,0,65946120,8485232,34359738367,497472,0,64640,0,1126400,0,0,0,0,0,0,0,0,2048,0,507152,36096000,99614720
1743619541.001903,600960,21068468,0,131892240,123537492,123680876,0,1113564,0,245188,5110824,144192,4278528,100996,832296,1048576,1048576,0,0,0,0,5291588,479196,179976,101704,689020,101704,587316,27088,43600,0,0,0,65946120,8485232,34359738367,497472,0,64640,0,1126400,0,0,0,0,0,0,0,0,2048,0,507152,36096000,99614720
1743619542.002101,600960,21068468,0,131892240,123537492,123680876,0,1113564,0,245188,5110824,144192,4278528,100996,832296,1048576,1048576,0,0,0,0,5291588,479196,179976,101704,689020,101704,587316,27088,43600,0,0,0,65946120,8485232,34359738367,497472,0,64640,0,1126400,0,0,0,0,0,0,0,0,2048,0,507152,36096000,99614720
1743619543.001375,600960,21068468,0,131892240,123537492,123680876,0,1113564,0,245188,5110824,144192,4278528,100996,832296,1048576,1048576,0,0,0,0,5291588,479196,179976,101704,689020,101704,587316,27088,43600,0,0,0,65946120,8485232,34359738367,497472,0,64640,0,1126400,0,0,0,0,0,0,0,0,2048,0,507152,36096000,99614720
1743619544.001590,600960,21068468,0,131892240,123537492,123680876,0,1113564,0,245188,5110824,144192,4278528,100996,832296,1048576,1048576,0,0,0,0,5291588,479196,179976,101704,689020,101704,587316,27088,43600,0,0,0,65946120,8485232,34359738367,497472,0,64640,0,1126400,0,0,0,0,0,0,0,0,2048,0,507152,36096000,99614720
1743619545.001865,600960,21068468,0,131892240,123537492,123680876,0,1113564,0,245188,5110824,144192,4278528,100996,832296,1048576,1048576,0,0,0,0,5291588,479196,179976,101704,689020,101704,587316,27088,43600,0,0,0,65946120,8485232,34359738367,497472,0,64640,0,1126400,0,0,0,0,0,0,0,0,2048,0,507152,36096000,99614720
1743619546.002084,600960,21068468,0,131892240,123537492,123680876,0,1113564,0,245188,5110824,144192,4278528,100996,832296,1048576,1048576,0,0,0,0,5291588,479196,179976,101704,689020,101704,587316,27088,43600,0,0,0,65946120,8485232,34359738367,497472,0,64640,0,1126400,0,0,0,0,0,0,0,0,2048,0,507152,36096000,99614720
1743619547.001392,600960,21068468,0,131892240,123537492,123680876,0,1113564,0,245188,5110824,144192,4278528,100996,832296,1048576,1048576,0,0,0,0,5291588,479196,179976,101704,689020,101704,587316,27088,43600,0,0,0,65946120,8485232,34359738367,497472,0,64640,0,1126400,0,0,0,0,0,0,0,0,2048,0,507152,36096000,99614720
1743619548.001616,600960,21068468,0,131892240,123537492,123680876,0,1113564,0,245188,5110824,144192,4278528,100996,832296,1048576,1048576,0,0,0,0,5291588,479196,179976,101704,689020,101704,587316,27088,43600,0,0,0,65946120,8485232,34359738367,497472,0,64640,0,1126400,0,0,0,0,0,0,0,0,2048,0,507152,36096000,99614720
1743619549.001902,600960,21068468,0,131892240,123537492,123680876,0,1113564,0,245188,5110824,144192,4278528,100996,832296,1048576,1048576,0,0,0,0,5291588,479196,179976,101704,689020,101704,587316,27088,43600,0,0,0,65946120,8485232,34359738367,497472,0,64640,0,1126400,0,0,0,0,0,0,0,0,2048,0,507152,36096000,99614720
1743619550.008775,600960,21068468,0,131892240,123537520,123680904,0,1113564,0,245188,5110824,144192,4278528,100996,832296,1048576,1048576,0,0,0,0,5291588,479196,179976,101704,689020,101704,587316,27088,43600,0,0,0,65946120,8485232,34359738367,497472,0,64640,0,1126400,0,0,0,0,0,0,0,0,2048,0,507152,36096000,99614720
1743619551.002103,600960,21068468,0,131892240,123537520,123680904,0,1113564,0,245188,5110824,144192,4278528,100996,832296,1048576,1048576,0,0,0,0,5291588,479196,179976,101704,689020,101704,587316,27088,43600,0,0,0,65946120,8485232,34359738367,497472,0,64640,0,1126400,0,0,0,0,0,0,0,0,2048,0,507152,36096000,99614720
1743619552.001140,600960,21068468,0,131892240,123537520,123680904,0,1113564,0,245188,5110824,144192,4278528,100996,832296,1048576,1048576,0,0,0,0,5291588,479196,179976,101704,689020,101704,587316,27088,43600,0,0,0,65946120,8485232,34359738367,497472,0,64640,0,1126400,0,0,0,0,0,0,0,0,2048,0,507152,36096000,99614720
1743619553.001465,600960,21068468,0,131892240,123537520,123680904,0,1113564,0,245188,5110824,144192,4278528,100996,832296,1048576,1048576,0,0,0,0,5291588,479196,179976,101704,689020,101704,587316,27088,43600,0,0,0,65946120,8485232,34359738367,497472,0,64640,0,1126400,0,0,0,0,0,0,0,0,2048,0,507152,36096000,99614720
1743619554.001820,600960,21068468,0,131892240,123537520,123680904,0,1113564,0,245188,5110824,144192,4278528,100996,832296,1048576,1048576,0,0,0,0,5291588,479196,179976,101704,689020,101704,587316,27088,43600,0,0,0,65946120,8485232,34359738367,497472,0,64640,0,1126400,0,0,0,0,0,0,0,0,2048,0,507152,36096000,99614720
1743619555.001407,600960,21068468,0,131892240,123537520,123680904,0,1113564,0,245188,5110824,144192,4278528,100996,832296,1048576,1048576,0,0,0,0,5291588,479196,179976,101704,689020,101704,587316,27088,43600,0,0,0,65946120,8485232,34359738367,497472,0,64640,0,1126400,0,0,0,0,0,0,0,0,2048,0,507152,36096000,99614720
1743619556.001684,600960,21068468,0,131892240,123537520,123680904,0,1113564,0,245188,5110824,144192,4278528,100996,832296,1048576,1048576,0,0,0,0,5291588,479196,179976,101704,689020,101704,587316,27088,43600,0,0,0,65946120,8485232,34359738367,497472,0,64640,0,1126400,0,0,0,0,0,0,0,0,2048,0,507152,36096000,99614720
1743619557.002037,600960,21068468,0,131892240,123537520,123680904,0,1113564,0,245188,5110824,144192,4278528,100996,832296,1048576,1048576,0,0,0,0,5291588,479196,179976,101704,689020,101704,587316,27088,43600,0,0,0,65946120,8485232,34359738367,497472,0,64640,0,1126400,0,0,0,0,0,0,0,0,2048,0,507152,36096000,99614720
1743619558.001079,600960,21068468,0,131892240,123537520,123680904,0,1113564,0,245188,5110824,144192,4278528,100996,832296,1048576,1048576,0,0,0,0,5291588,479196,179976,101704,689020,101704,587316,27088,43600,0,0,0,65946120,8485232,34359738367,497472,0,64640,0,1126400,0,0,0,0,0,0,0,0,2048,0,507152,36096000,99614720
1743619559.001064,600960,21068468,0,131892240,123537520,123680904,0,1113564,0,245188,5110824,144192,4278528,100996,832296,1048576,1048576,0,0,0,0,5291588,479196,179976,101704,689020,101704,587316,27088,43600,0,0,0,65946120,8485232,34359738367,497472,0,64640,0,1126400,0,0,0,0,0,0,0,0,2048,0,507152,36096000,99614720
1743619560.001416,600960,21068468,0,131892240,123537520,123680904,0,1113564,0,245188,5110824,144192,4278528,100996,832296,1048576,1048576,0,0,0,0,5291588,479196,179976,101704,689020,101704,587316,27088,43600,0,0,0,65946120,8485232,34359738367,497472,0,64640,0,1126400,0,0,0,0,0,0,0,0,2048,0,507152,36096000,99614720
1743619561.001368,600960,21068468,0,131892240,123537520,123680904,0,1113564,0,245188,5110824,144192,4278528,100996,832296,1048576,1048576,0,0,0,0,5291588,479196,179976,101704,689020,101704,587316,27088,43600,0,0,0,65946120,8485232,34359738367,497472,0,64640,0,1126400,0,0,0,0,0,0,0,0,2048,0,507152,36096000,99614720
1743619562.001568,600960,21068468,0,131892240,123537520,123680904,0,1113564,0,245188,5110824,144192,4278528,100996,832296,1048576,1048576,0,0,0,0,5291588,479196,179976,101704,689020,101704,587316,27088,43600,0,0,0,65946120,8485232,34359738367,497472,0,64640,0,1126400,0,0,0,0,0,0,0,0,2048,0,507152,36096000,99614720
1743619563.001872,600960,21068468,0,131892240,123537520,123680904,0,1113564,0,245188,5110824,144192,4278528,100996,832296,1048576,1048576,0,0,0,0,5291588,479196,179976,101704,689020,101704,587316,27088,43600,0,0,0,65946120,8485232,34359738367,497472,0,64640,0,1126400,0,0,0,0,0,0,0,0,2048,0,507152,36096000,99614720
1743619564.002048,600960,21068468,0,131892240,123537520,123680904,0,1113564,0,245188,5110824,144192,4278528,100996,832296,1048576,1048576,0,0,0,0,5291588,479196,179976,101704,689020,101704,587316,27088,43600,0,0,0,65946120,8485232,34359738367,497472,0,64640,0,1126400,0,0,0,0,0,0,0,0,2048,0,507152,36096000,99614720
1743619565.001352,600960,21068468,0,131892240,123537520,123680904,0,1113564,0,245188,5110824,144192,4278528,100996,832296,1048576,1048576,0,0,0,0,5291588,479196,179976,101704,689020,101704,587316,27088,43600,0,0,0,65946120,8485232,34359738367,497472,0,64640,0,1126400,0,0,0,0,0,0,0,0,2048,0,507152,36096000,99614720
1743619566.001488,600960,21068468,0,131892240,123537520,123680904,0,1113564,0,245188,5110824,144192,4278528,100996,832296,1048576,1048576,0,0,0,0,5291588,479196,179976,101704,689020,101704,587316,27088,43600,0,0,0,65946120,8485232,34359738367,497472,0,64640,0,1126400,0,0,0,0,0,0,0,0,2048,0,507152,36096000,99614720
1743619567.001766,600960,21068468,0,131892240,123537520,123680904,0,1113564,0,245188,5110824,144192,4278528,100996,832296,1048576,1048576,0,0,0,0,5291588,479196,179976,101704,689020,101704,587316,27088,43600,0,0,0,65946120,8485232,34359738367,497472,0,64640,0,1126400,0,0,0,0,0,0,0,0,2048,0,507152,36096000,99614720
1743619568.001930,600960,21068468,0,131892240,123537520,123680904,0,1113564,0,245188,5110824,144192,4278528,100996,832296,1048576,1048576,0,0,0,0,5291588,479196,179976,101704,689020,101704,587316,27088,43600,0,0,0,65946120,8485232,34359738367,497472,0,64640,0,1126400,0,0,0,0,0,0,0,0,2048,0,507152,36096000,99614720
1743619569.001247,600960,21068468,0,131892240,123537520,123680904,0,1113564,0,245188,5110824,144192,4278528,100996,832296,1048576,1048576,0,0,0,0,5291588,479196,179976,101704,689020,101704,587316,27088,43600,0,0,0,65946120,8485232,34359738367,497472,0,64640,0,1126400,0,0,0,0,0,0,0,0,2048,0,507152,36096000,99614720
1743619570.012531,600960,21068468,0,131892240,123537520,123680904,0,1113564,0,245188,5110824,144192,4278528,100996,832296,1048576,1048576,0,0,0,0,5291588,479196,179976,101704,689020,101704,587316,27088,43600,0,0,0,65946120,8485232,34359738367,497472,0,64640,0,1126400,0,0,0,0,0,0,0,0,2048,0,507152,36096000,99614720
1743619571.001903,600960,21068468,0,131892240,123537520,123680904,0,1113564,0,245188,5110824,144192,4278528,100996,832296,1048576,1048576,0,0,0,0,5291588,479196,179976,101704,689020,101704,587316,27088,43600,0,0,0,65946120,8485232,34359738367,497472,0,64640,0,1126400,0,0,0,0,0,0,0,0,2048,0,507152,36096000,99614720
1743619572.001983,600960,21068468,0,131892240,123537520,123680904,0,1113564,0,245188,5110824,144192,4278528,100996,832296,1048576,1048576,0,0,0,0,5291588,479196,179976,101704,689020,101704,587316,27088,43600,0,0,0,65946120,8485232,34359738367,497472,0,64640,0,1126400,0,0,0,0,0,0,0,0,2048,0,507152,36096000,99614720
1743619573.001270,600960,21068468,0,131892240,123537520,123680904,0,1113564,0,245188,5110824,144192,4278528,100996,832296,1048576,1048576,0,0,0,0,5291588,479196,179976,101704,689020,101704,587316,27088,43600,0,0,0,65946120,8485232,34359738367,497472,0,64640,0,1126400,0,0,0,0,0,0,0,0,2048,0,507152,36096000,99614720
1743619574.001628,600960,21068468,0,131892240,123537520,123680904,0,1113564,0,245188,5110824,144192,4278528,100996,832296,1048576,1048576,0,0,0,0,5291588,479196,179976,101704,689020,101704,587316,27088,43600,0,0,0,65946120,8485232,34359738367,497472,0,64640,0,1126400,0,0,0,0,0,0,0,0,2048,0,507152,36096000,99614720
1743619575.001698,600960,21068468,0,131892240,123537520,123680904,0,1113564,0,245188,5110824,144192,4278528,100996,832296,1048576,1048576,0,0,0,0,5291588,479196,179976,101704,689020,101704,587316,27088,43600,0,0,0,65946120,8485232,34359738367,497472,0,64640,0,1126400,0,0,0,0,0,0,0,0,2048,0,507152,36096000,99614720
1743619576.001994,600960,21068468,0,131892240,123537520,123680904,0,1113564,0,245188,5110824,144192,4278528,100996,832296,1048576,1048576,0,0,0,0,5291588,479196,179976,101704,689020,101704,587316,27088,43600,0,0,0,65946120,8485232,34359738367,497472,0,64640,0,1126400,0,0,0,0,0,0,0,0,2048,0,507152,36096000,99614720
1743619577.001350,600960,21068468,0,131892240,123537520,123680904,0,1113564,0,245188,5110824,144192,4278528,100996,832296,1048576,1048576,0,0,0,0,5291588,479196,179976,101704,689020,101704,587316,27088,43600,0,0,0,65946120,8485232,34359738367,497472,0,64640,0,1126400,0,0,0,0,0,0,0,0,2048,0,507152,36096000,99614720
1743619578.001391,600960,21068468,0,131892240,123537520,123680904,0,1113564,0,245188,5110824,144192,4278528,100996,832296,1048576,1048576,0,0,0,0,5291588,479196,179976,101704,689020,101704,587316,27088,43600,0,0,0,65946120,8485232,34359738367,497472,0,64640,0,1126400,0,0,0,0,0,0,0,0,2048,0,507152,36096000,99614720
1743619579.001641,600960,21068468,0,131892240,123537520,123680904,0,1113564,0,245188,5110824,144192,4278528,100996,832296,1048576,1048576,0,0,0,0,5291588,479196,179976,101704,689020,101704,587316,27088,43600,0,0,0,65946120,8485232,34359738367,497472,0,64640,0,1126400,0,0,0,0,0,0,0,0,2048,0,507152,36096000,99614720
1743619580.002004,600960,21068468,0,131892240,123537548,123680932,0,1113564,0,245188,5110824,144192,4278528,100996,832296,1048576,1048576,0,0,0,0,5291588,479196,179976,101704,689020,101704,587316,27088,43600,0,0,0,65946120,8485232,34359738367,497424,0,64640,0,1126400,0,0,0,0,0,0,0,0,2048,0,507152,36096000,99614720
1743619581.001480,600960,21068468,0,131892240,123537576,123680960,0,1113564,0,245188,5110824,144192,4278528,100996,832296,1048576,1048576,0,0,0,0,5291588,479196,179976,101704,689020,101704,587316,26976,43600,0,0,0,65946120,8485232,34359738367,497424,0,64640,0,1126400,0,0,0,0,0,0,0,0,2048,0,507152,36096000,99614720
1743619582.001632,600960,21068468,0,131892240,123537576,123680960,0,1113564,0,245188,5110824,144192,4278528,100996,832296,1048576,1048576,0,0,0,0,5291588,479196,179976,101704,689020,101704,587316,26976,43600,0,0,0,65946120,8485232,34359738367,497424,0,64640,0,1126400,0,0,0,0,0,0,0,0,2048,0,507152,36096000,99614720
1743619583.001938,600960,21068468,0,131892240,123537604,123680988,0,1113564,0,245188,5110824,144192,4278528,100996,832296,1048576,1048576,0,0,0,0,5291588,479196,179976,101704,689020,101704,587316,26976,43600,0,0,0,65946120,8485232,34359738367,497424,0,64640,0,1126400,0,0,0,0,0,0,0,0,2048,0,507152,36096000,99614720
1743619584.002103,600960,21068468,0,131892240,123537604,123680988,0,1113564,0,245188,5110824,144192,4278528,100996,832296,1048576,1048576,0,0,0,0,5291588,479196,179976,101704,689020,101704,587316,26976,43600,0,0,0,65946120,8485232,34359738367,497424,0,64640,0,1126400,0,0,0,0,0,0,0,0,2048,0,507152,36096000,99614720
1743619585.001417,600960,21068468,0,131892240,123537632,123681016,0,1113564,0,245188,5110824,144192,4278528,100996,832296,1048576,1048576,0,0,0,0,5291588,479196,179976,101704,689020,101704,587316,26928,43600,0,0,0,65946120,8485232,34359738367,497408,0,64640,0,1126400,0,0,0,0,0,0,0,0,2048,0,507152,36096000,99614720
1743619586.001590,600960,21068468,0,131892240,123537632,123681016,0,1113564,0,245188,5110824,144192,4278528,100996,832296,1048576,1048576,0,0,0,0,5291588,479196,179976,101704,689020,101704,587316,26928,43600,0,0,0,65946120,8485232,34359738367,497408,0,64640,0,1126400,0,0,0,0,0,0,0,0,2048,0,507152,36096000,99614720
1743619587.001894,600960,21068468,0,131892240,123537632,123681016,0,1113564,0,245188,5110824,144192,4278528,100996,832296,1048576,1048576,0,0,0,0,5291588,479196,179976,101704,689020,101704,587316,26928,43600,0,0,0,65946120,8485232,34359738367,497408,0,64640,0,1126400,0,0,0,0,0,0,0,0,2048,0,507152,36096000,99614720
1743619588.002093,600960,21068468,0,131892240,123537632,123681016,0,1113564,0,245188,5110824,144192,4278528,100996,832296,1048576,1048576,0,0,0,0,5291588,479196,179976,101704,689020,101704,587316,26928,43600,0,0,0,65946120,8485232,34359738367,497408,0,64640,0,1126400,0,0,0,0,0,0,0,0,2048,0,507152,36096000,99614720
1743619589.001396,600960,21068468,0,131892240,123537600,123680984,0,1113564,0,245188,5110824,144192,4278528,100996,832296,1048576,1048576,0,0,0,0,5291588,479196,179976,101704,689052,101704,587348,26928,43600,0,0,0,65946120,8485232,34359738367,497408,0,64640,0,1126400,0,0,0,0,0,0,0,0,2048,0,507152,36096000,99614720
1743619590.011435,600960,21068468,0,131892240,123537600,123680984,0,1113564,0,245188,5110824,144192,4278528,100996,832296,1048576,1048576,0,0,0,0,5291588,479196,179976,101704,689052,101704,587348,26928,43600,0,0,0,65946120,8485232,34359738367,497408,0,64640,0,1126400,0,0,0,0,0,0,0,0,2048,0,507152,36096000,99614720
1743619591.001776,600960,21068468,0,131892240,123537600,123680984,0,1113564,0,245188,5110824,144192,4278528,100996,832296,1048576,1048576,0,0,0,0,5291588,479196,179976,101704,689052,101704,587348,26928,43600,0,0,0,65946120,8485232,34359738367,497408,0,64640,0,1126400,0,0,0,0,0,0,0,0,2048,0,507152,36096000,99614720
1743619592.001846,600960,21068468,0,131892240,123537600,123680984,0,1113564,0,245188,5110824,144192,4278528,100996,832296,1048576,1048576,0,0,0,0,5291588,479196,179976,101704,689052,101704,587348,26928,43600,0,0,0,65946120,8485232,34359738367,497408,0,64640,0,1126400,0,0,0,0,0,0,0,0,2048,0,507152,36096000,99614720
1743619593.001160,600960,21068468,0,131892240,123537600,123680984,0,1113564,0,245188,5110824,144192,4278528,100996,832296,1048576,1048576,0,0,0,0,5291588,479196,179976,101704,689052,101704,587348,26928,43600,0,0,0,65946120,8485232,34359738367,497408,0,64640,0,1126400,0,0,0,0,0,0,0,0,2048,0,507152,36096000,99614720
1743619594.001484,600960,21068468,0,131892240,123537600,123680984,0,1113564,0,245188,5110824,144192,4278528,100996,832296,1048576,1048576,0,0,0,0,5291588,479196,179976,101704,689052,101704,587348,26928,43600,0,0,0,65946120,8485232,34359738367,497408,0,64640,0,1126400,0,0,0,0,0,0,0,0,2048,0,507152,36096000,99614720
1743619595.001546,600960,21068468,0,131892240,123537600,123680984,0,1113564,0,245188,5110824,144192,4278528,100996,832296,1048576,1048576,0,0,0,0,5291588,479196,179976,101704,689052,101704,587348,26928,43600,0,0,0,65946120,8485232,34359738367,497408,0,64640,0,1126400,0,0,0,0,0,0,0,0,2048,0,507152,36096000,99614720
1743619596.001858,600960,21068468,0,131892240,123537600,123680984,0,1113564,0,245188,5110824,144192,4278528,100996,832296,1048576,1048576,0,0,0,0,5291588,479196,179976,101704,689052,101704,587348,26928,43600,0,0,0,65946120,8485232,34359738367,497408,0,64640,0,1126400,0,0,0,0,0,0,0,0,2048,0,507152,36096000,99614720
1743619597.002224,600960,21068468,0,131892240,123537600,123680984,0,1113564,0,245188,5110824,144192,4278528,100996,832296,1048576,1048576,0,0,0,0,5291588,479196,179976,101704,689052,101704,587348,26928,43600,0,0,0,65946120,8485232,34359738367,497408,0,64640,0,1126400,0,0,0,0,0,0,0,0,2048,0,507152,36096000,99614720
1743619598.001294,600960,21068468,0,131892240,123537600,123680984,0,1113564,0,245188,5110824,144192,4278528,100996,832296,1048576,1048576,0,0,0,0,5291588,479196,179976,101704,689052,101704,587348,26928,43600,0,0,0,65946120,8485232,34359738367,497408,0,64640,0,1126400,0,0,0,0,0,0,0,0,2048,0,507152,36096000,99614720
1743619599.001554,600960,21068468,0,131892240,123537600,123680984,0,1113564,0,245188,5110824,144192,4278528,100996,832296,1048576,1048576,0,0,0,0,5291588,479196,179976,101704,689052,101704,587348,26928,43600,0,0,0,65946120,8485232,34359738367,497408,0,64640,0,1126400,0,0,0,0,0,0,0,0,2048,0,507152,36096000,99614720
1743619600.001901,600960,21068468,0,131892240,123537600,123680984,0,1113564,0,245188,5110824,144192,4278528,100996,832296,1048576,1048576,0,0,0,0,5291588,479196,179976,101704,689052,101704,587348,26928,43600,0,0,0,65946120,8485232,34359738367,497408,0,64640,0,1126400,0,0,0,0,0,0,0,0,2048,0,507152,36096000,99614720
1743619601.001694,600960,21068468,0,131892240,123537600,123680984,0,1113564,0,245188,5110824,144192,4278528,100996,832296,1048576,1048576,0,0,0,0,5291588,479196,179976,101704,689052,101704,587348,26928,43600,0,0,0,65946120,8485232,34359738367,497408,0,64640,0,1126400,0,0,0,0,0,0,0,0,2048,0,507152,36096000,99614720
1743619602.001852,600960,21068468,0,131892240,123537600,123680984,0,1113564,0,245188,5110824,144192,4278528,100996,832296,1048576,1048576,0,0,0,0,5291588,479196,179976,101704,689052,101704,587348,26928,43600,0,0,0,65946120,8485232,34359738367,497408,0,64640,0,1126400,0,0,0,0,0,0,0,0,2048,0,507152,36096000,99614720
1743619603.002133,600960,21068468,0,131892240,123537600,123680984,0,1113564,0,245188,5110824,144192,4278528,100996,832296,1048576,1048576,0,0,0,0,5291588,479196,179976,101704,689052,101704,587348,26928,43600,0,0,0,65946120,8485232,34359738367,497408,0,64640,0,1126400,0,0,0,0,0,0,0,0,2048,0,507152,36096000,99614720
1743619604.001264,600960,21068468,0,131892240,123537600,123680984,0,1113564,0,245188,5110824,144192,4278528,100996,832296,1048576,1048576,0,0,0,0,5291588,479196,179976,101704,689052,101704,587348,26928,43600,0,0,0,65946120,8485232,34359738367,497408,0,64640,0,1126400,0,0,0,0,0,0,0,0,2048,0,507152,36096000,99614720
1743619605.001537,600960,21068468,0,131892240,123537592,123680976,0,1113564,0,245188,5110824,144192,4278528,100996,832296,1048576,1048576,0,0,0,0,5291588,479196,179976,101704,689060,101704,587356,26928,43600,0,0,0,65946120,8485232,34359738367,497408,0,64640,0,1126400,0,0,0,0,0,0,0,0,2048,0,507152,36096000,99614720
1743619606.001668,600960,21068468,0,131892240,123537592,123680976,0,1113564,0,245188,5110824,144192,4278528,100996,832296,1048576,1048576,0,0,0,0,5291588,479196,179976,101704,689060,101704,587356,26928,43600,0,0,0,65946120,8485232,34359738367,497408,0,64640,0,1126400,0,0,0,0,0,0,0,0,2048,0,507152,36096000,99614720
1743619607.001991,600960,21068468,0,131892240,123537592,123680976,0,1113564,0,245188,5110824,144192,4278528,100996,832296,1048576,1048576,0,0,0,0,5291588,479196,179976,101704,689060,101704,587356,26928,43600,0,0,0,65946120,8485232,34359738367,497408,0,64640,0,1126400,0,0,0,0,0,0,0,0,2048,0,507152,36096000,99614720
1743619608.001127,600960,21068468,0,131892240,123537592,123680976,0,1113564,0,245188,5110824,144192,4278528,100996,832296,1048576,1048576,0,0,0,0,5291588,479196,179976,101704,689060,101704,587356,26928,43600,0,0,0,65946120,8485232,34359738367,497408,0,64640,0,1126400,0,0,0,0,0,0,0,0,2048,0,507152,36096000,99614720
1743619609.001430,600960,21068468,0,131892240,123537592,123680976,0,1113564,0,245188,5110824,144192,4278528,100996,832296,1048576,1048576,0,0,0,0,5291588,479196,179976,101704,689060,101704,587356,26928,43600,0,0,0,65946120,8485232,34359738367,497408,0,64640,0,1126400,0,0,0,0,0,0,0,0,2048,0,507152,36096000,99614720
1743619610.012027,600960,21068468,0,131892240,123537592,123680976,0,1113564,0,245188,5110824,144192,4278528,100996,832296,1048576,1048576,0,0,0,0,5291588,479196,179976,101704,689060,101704,587356,26928,43600,0,0,0,65946120,8485232,34359738367,497408,0,64640,0,1126400,0,0,0,0,0,0,0,0,2048,0,507152,36096000,99614720
1743619611.001366,600960,21068468,0,131892240,123537592,123680976,0,1113564,0,245188,5110824,144192,4278528,100996,832296,1048576,1048576,0,0,0,0,5291588,479196,179976,101704,689060,101704,587356,26928,43600,0,0,0,65946120,8485232,34359738367,497408,0,64640,0,1126400,0,0,0,0,0,0,0,0,2048,0,507152,36096000,99614720
1743619612.001439,600960,21068468,0,131892240,123537592,123680976,0,1113564,0,245188,5110824,144192,4278528,100996,832296,1048576,1048576,0,0,0,0,5291588,479196,179976,101704,689060,101704,587356,26928,43600,0,0,0,65946120,8485232,34359738367,497408,0,64640,0,1126400,0,0,0,0,0,0,0,0,2048,0,507152,36096000,99614720
1743619613.001720,600960,21068468,0,131892240,123537592,123680976,0,1113564,0,245188,5110824,144192,4278528,100996,832296,1048576,1048576,0,0,0,0,5291588,479196,179976,101704,689060,101704,587356,26928,43600,0,0,0,65946120,8485232,34359738367,497408,0,64640,0,1126400,0,0,0,0,0,0,0,0,2048,0,507152,36096000,99614720
1743619614.002084,600960,21068468,0,131892240,123537704,123681088,0,1113564,0,245188,5110824,144192,4278528,100996,832296,1048576,1048576,0,0,0,0,5291588,479196,179976,101704,689060,101704,587356,26928,43600,0,0,0,65946120,8485232,34359738367,497408,0,64640,0,1126400,0,0,0,0,0,0,0,0,2048,0,507152,36096000,99614720
1743619615.001153,600960,21068468,0,131892240,123537704,123681088,0,1113564,0,245188,5110824,144192,4278528,100996,832296,1048576,1048576,0,0,0,0,5291588,479196,179976,101704,689060,101704,587356,26928,43600,0,0,0,65946120,8485232,34359738367,497408,0,64640,0,1126400,0,0,0,0,0,0,0,0,2048,0,507152,36096000,99614720
1743619616.001447,600960,21068468,0,131892240,123537732,123681116,0,1113564,0,245188,5110824,144192,4278528,100996,832296,1048576,1048576,0,0,0,0,5291588,479196,179976,101704,689060,101704,587356,26928,43600,0,0,0,65946120,8485232,34359738367,497408,0,64640,0,1126400,0,0,0,0,0,0,0,0,2048,0,507152,36096000,99614720
1743619617.001810,600960,21068468,0,131892240,123537732,123681116,0,1113564,0,245188,5110824,144192,4278528,100996,832296,1048576,1048576,0,0,0,0,5291588,479196,179976,101704,689060,101704,587356,26928,43600,0,0,0,65946120,8485232,34359738367,497408,0,64640,0,1126400,0,0,0,0,0,0,0,0,2048,0,507152,36096000,99614720
1743619618.001885,600960,21068468,0,131892240,123537732,123681116,0,1113564,0,245188,5110824,144192,4278528,100996,832296,1048576,1048576,0,0,0,0,5291588,479196,179976,101704,689060,101704,587356,26928,43600,0,0,0,65946120,8485232,34359738367,497408,0,64640,0,1126400,0,0,0,0,0,0,0,0,2048,0,507152,36096000,99614720
1743619619.001184,600960,21068468,0,131892240,123537732,123681116,0,1113564,0,245188,5110824,144192,4278528,100996,832296,1048576,1048576,0,0,0,0,5291588,479196,179976,101704,689060,101704,587356,26928,43600,0,0,0,65946120,8485232,34359738367,497408,0,64640,0,1126400,0,0,0,0,0,0,0,0,2048,0,507152,36096000,99614720
1743619620.001531,600960,21068468,0,131892240,123537732,123681116,0,1113564,0,245188,5110824,144192,4278528,100996,832296,1048576,1048576,0,0,0,0,5291588,479196,179976,101704,689060,101704,587356,26928,43600,0,0,0,65946120,8485232,34359738367,497408,0,64640,0,1126400,0,0,0,0,0,0,0,0,2048,0,507152,36096000,99614720
1743619621.001939,600960,21068468,0,131892240,123537732,123681116,0,1113564,0,245188,5110824,144192,4278528,100996,832296,1048576,1048576,0,0,0,0,5291588,479196,179976,101704,689060,101704,587356,26928,43600,0,0,0,65946120,8485232,34359738367,497408,0,64640,0,1126400,0,0,0,0,0,0,0,0,2048,0,507152,36096000,99614720
1743619622.002087,600960,21068468,0,131892240,123537732,123681116,0,1113564,0,245188,5110824,144192,4278528,100996,832296,1048576,1048576,0,0,0,0,5291588,479196,179976,101704,689060,101704,587356,26928,43600,0,0,0,65946120,8485232,34359738367,497408,0,64640,0,1126400,0,0,0,0,0,0,0,0,2048,0,507152,36096000,99614720
1743619623.001417,600960,21068468,0,131892240,123537732,123681116,0,1113564,0,245188,5110824,144192,4278528,100996,832296,1048576,1048576,0,0,0,0,5291588,479196,179976,101704,689060,101704,587356,26928,43600,0,0,0,65946120,8485232,34359738367,497408,0,64640,0,1126400,0,0,0,0,0,0,0,0,2048,0,507152,36096000,99614720
1743619624.001574,600960,21068468,0,131892240,123537732,123681116,0,1113564,0,245188,5110824,144192,4278528,100996,832296,1048576,1048576,0,0,0,0,5291588,479196,179976,101704,689060,101704,587356,26928,43600,0,0,0,65946120,8485232,34359738367,497408,0,64640,0,1126400,0,0,0,0,0,0,0,0,2048,0,507152,36096000,99614720
1743619625.001880,600960,21068468,0,131892240,123537732,123681116,0,1113564,0,245188,5110824,144192,4278528,100996,832296,1048576,1048576,0,0,0,0,5291588,479196,179976,101704,689060,101704,587356,26928,43600,0,0,0,65946120,8485232,34359738367,497408,0,64640,0,1126400,0,0,0,0,0,0,0,0,2048,0,507152,36096000,99614720
1743619626.002071,600960,21068468,0,131892240,123537732,123681116,0,1113564,0,245188,5110824,144192,4278528,100996,832296,1048576,1048576,0,0,0,0,5291588,479196,179976,101704,689060,101704,587356,26928,43600,0,0,0,65946120,8485232,34359738367,497408,0,64640,0,1126400,0,0,0,0,0,0,0,0,2048,0,507152,36096000,99614720
1743619627.001376,600960,21068468,0,131892240,123537732,123681116,0,1113564,0,245188,5110824,144192,4278528,100996,832296,1048576,1048576,0,0,0,0,5291588,479196,179976,101704,689060,101704,587356,26928,43600,0,0,0,65946120,8485232,34359738367,497408,0,64640,0,1126400,0,0,0,0,0,0,0,0,2048,0,507152,36096000,99614720
1743619628.001576,600960,21068468,0,131892240,123537732,123681116,0,1113564,0,245188,5110824,144192,4278528,100996,832296,1048576,1048576,0,0,0,0,5291588,479196,179976,101704,689060,101704,587356,26928,43600,0,0,0,65946120,8485232,34359738367,497408,0,64640,0,1126400,0,0,0,0,0,0,0,0,2048,0,507152,36096000,99614720
1743619629.001881,600960,21068468,0,131892240,123537732,123681116,0,1113564,0,245188,5110824,144192,4278528,100996,832296,1048576,1048576,0,0,0,0,5291588,479196,179976,101704,689060,101704,587356,26928,43600,0,0,0,65946120,8485232,34359738367,497408,0,64640,0,1126400,0,0,0,0,0,0,0,0,2048,0,507152,36096000,99614720
1743619630.011906,600960,21068468,0,131892240,123537732,123681116,0,1113564,0,245188,5110824,144192,4278528,100996,832296,1048576,1048576,0,0,0,0,5291588,479196,179976,101704,689060,101704,587356,26928,43600,0,0,0,65946120,8485232,34359738367,497408,0,64640,0,1126400,0,0,0,0,0,0,0,0,2048,0,507152,36096000,99614720
1743619631.001417,600960,21068468,0,131892240,123537732,123681116,0,1113564,0,245188,5110824,144192,4278528,100996,832296,1048576,1048576,0,0,0,0,5291588,479196,179976,101704,689060,101704,587356,26928,43600,0,0,0,65946120,8485232,34359738367,497408,0,64640,0,1126400,0,0,0,0,0,0,0,0,2048,0,507152,36096000,99614720
1743619632.001487,600960,21068468,0,131892240,123537732,123681116,0,1113564,0,245188,5110752,144192,4278456,100996,832296,1048576,1048576,0,0,0,0,5291588,479196,179976,101704,689060,101704,587356,26928,43600,0,0,0,65946120,8485232,34359738367,497408,0,64640,0,1126400,0,0,0,0,0,0,0,0,2048,0,507152,36096000,99614720
1743619633.001839,600960,21068468,0,131892240,123537732,123681116,0,1113564,0,245188,5110752,144192,4278456,100996,832296,1048576,1048576,0,0,0,0,5291588,479196,179976,101704,689060,101704,587356,26928,43600,0,0,0,65946120,8485232,34359738367,497408,0,64640,0,1126400,0,0,0,0,0,0,0,0,2048,0,507152,36096000,99614720
1743619634.001380,600960,21068468,0,131892240,123537732,123681116,0,1113564,0,245188,5110752,144192,4278456,100996,832296,1048576,1048576,0,0,0,0,5291588,479196,179976,101704,689060,101704,587356,26928,43600,0,0,0,65946120,8485232,34359738367,497408,0,64640,0,1126400,0,0,0,0,0,0,0,0,2048,0,507152,36096000,99614720
1743619635.001450,600960,21068468,0,131892240,123537732,123681116,0,1113564,0,245188,5110752,144192,4278456,100996,832296,1048576,1048576,0,0,0,0,5291588,479196,179976,101704,689060,101704,587356,26928,43600,0,0,0,65946120,8485232,34359738367,497408,0,64640,0,1126400,0,0,0,0,0,0,0,0,2048,0,507152,36096000,99614720
1743619636.001785,600960,21068468,0,131892240,123537732,123681116,0,1113564,0,245188,5110752,144192,4278456,100996,832296,1048576,1048576,0,0,0,0,5291588,479196,179976,101704,689060,101704,587356,26928,43600,0,0,0,65946120,8485232,34359738367,497408,0,64640,0,1126400,0,0,0,0,0,0,0,0,2048,0,507152,36096000,99614720
1743619637.002195,600960,21068468,0,131892240,123537732,123681116,0,1113564,0,245188,5110752,144192,4278456,100996,832296,1048576,1048576,0,0,0,0,5291588,479196,179976,101704,689060,101704,587356,26928,43600,0,0,0,65946120,8485232,34359738367,497408,0,64640,0,1126400,0,0,0,0,0,0,0,0,2048,0,507152,36096000,99614720
1743619638.001313,600960,21068468,0,131892240,123537732,123681116,0,1113564,0,245188,5110752,144192,4278456,100996,832296,1048576,1048576,0,0,0,0,5291588,479196,179976,101704,689060,101704,587356,26928,43600,0,0,0,65946120,8485232,34359738367,497408,0,64640,0,1126400,0,0,0,0,0,0,0,0,2048,0,507152,36096000,99614720
1743619639.001662,600960,21068468,0,131892240,123537732,123681116,0,1113564,0,245188,5110752,144192,4278456,100996,832296,1048576,1048576,0,0,0,0,5291588,479196,179976,101704,689060,101704,587356,26928,43600,0,0,0,65946120,8485232,34359738367,497408,0,64640,0,1126400,0,0,0,0,0,0,0,0,2048,0,507152,36096000,99614720
1743619640.002064,600960,21068468,0,131892240,123537732,123681116,0,1113564,0,245188,5110752,144192,4278456,100996,832296,1048576,1048576,0,0,0,0,5291588,479196,179976,101704,689060,101704,587356,26928,43600,0,0,0,65946120,8485232,34359738367,497408,0,64640,0,1126400,0,0,0,0,0,0,0,0,2048,0,507152,36096000,99614720
1743619641.001495,600960,21068468,0,131892240,123537700,123681084,0,1113564,0,245188,5110748,144192,4278452,100996,832296,1048576,1048576,0,0,0,0,5291588,479196,179976,101704,689092,101704,587388,26928,43600,0,0,0,65946120,8485232,34359738367,497408,0,64640,0,1126400,0,0,0,0,0,0,0,0,2048,0,507152,36096000,99614720
1743619642.001719,600960,21068468,0,131892240,123537784,123681168,0,1113564,0,245188,5110748,144192,4278452,100996,832296,1048576,1048576,0,0,0,0,5291588,479196,179976,101704,689092,101704,587388,26928,43600,0,0,0,65946120,8485232,34359738367,497408,0,64640,0,1126400,0,0,0,0,0,0,0,0,2048,0,507152,36096000,99614720
1743619643.002060,600960,21068468,0,131892240,123537812,123681196,0,1113564,0,245188,5110748,144192,4278452,100996,832296,1048576,1048576,0,0,0,0,5291588,479196,179976,101704,689092,101704,587388,26928,43600,0,0,0,65946120,8485232,34359738367,497408,0,64640,0,1126400,0,0,0,0,0,0,0,0,2048,0,507152,36096000,99614720
1743619644.001233,600960,21068468,0,131892240,123537840,123681224,0,1113564,0,245188,5110748,144192,4278452,100996,832296,1048576,1048576,0,0,0,0,5291588,479196,179976,101704,689092,101704,587388,26928,43600,0,0,0,65946120,8485232,34359738367,497408,0,64640,0,1126400,0,0,0,0,0,0,0,0,2048,0,507152,36096000,99614720
1743619645.001576,600960,21068468,0,131892240,123537840,123681224,0,1113564,0,245188,5110748,144192,4278452,100996,832296,1048576,1048576,0,0,0,0,5291588,479196,179976,101704,689092,101704,587388,26928,43600,0,0,0,65946120,8485232,34359738367,497408,0,64640,0,1126400,0,0,0,0,0,0,0,0,2048,0,507152,36096000,99614720
1743619646.001774,600960,21068468,0,131892240,123537868,123681252,0,1113564,0,245188,5110748,144192,4278452,100996,832296,1048576,1048576,0,0,0,0,5291588,479196,179976,101704,689092,101704,587388,26928,43600,0,0,0,65946120,8485232,34359738367,497408,0,64640,0,1126400,0,0,0,0,0,0,0,0,2048,0,507152,36096000,99614720
1743619647.002097,600960,21068468,0,131892240,123537868,123681252,0,1113564,0,245188,5110748,144192,4278452,100996,832296,1048576,1048576,0,0,0,0,5291588,479196,179976,101704,689092,101704,587388,26928,43600,0,0,0,65946120,8485232,34359738367,497408,0,64640,0,1126400,0,0,0,0,0,0,0,0,2048,0,507152,36096000,99614720
1743619648.001281,600960,21068468,0,131892240,123537868,123681252,0,1113564,0,245188,5110748,144192,4278452,100996,832296,1048576,1048576,0,0,0,0,5291588,479196,179976,101704,689092,101704,587388,26928,43600,0,0,0,65946120,8485232,34359738367,497408,0,64640,0,1126400,0,0,0,0,0,0,0,0,2048,0,507152,36096000,99614720
1743619649.001583,600960,21068468,0,131892240,123537868,123681252,0,1113564,0,245188,5110748,144192,4278452,100996,832296,1048576,1048576,0,0,0,0,5291588,479196,179976,101704,689092,101704,587388,26928,43600,0,0,0,65946120,8485232,34359738367,497408,0,64640,0,1126400,0,0,0,0,0,0,0,0,2048,0,507152,36096000,99614720
1743619650.007720,600960,21068468,0,131892240,123537848,123681232,0,1113564,0,245188,5110748,144192,4278452,100996,832296,1048576,1048576,0,0,0,0,5291588,479196,179976,101704,689092,101704,587388,26928,43600,0,0,0,65946120,8485232,34359738367,497408,0,64640,0,1126400,0,0,0,0,0,0,0,0,2048,0,507152,36096000,99614720
1743619651.002100,600960,21068468,0,131892240,123537848,123681232,0,1113564,0,245188,5110748,144192,4278452,100996,832296,1048576,1048576,0,0,0,0,5291588,479196,179976,101704,689092,101704,587388,26928,43600,0,0,0,65946120,8485232,34359738367,497408,0,64640,0,1126400,0,0,0,0,0,0,0,0,2048,0,507152,36096000,99614720
1743619652.001165,600960,21068468,0,131892240,123537848,123681232,0,1113564,0,245188,5110748,144192,4278452,100996,832296,1048576,1048576,0,0,0,0,5291588,479196,179976,101704,689092,101704,587388,26928,43600,0,0,0,65946120,8485232,34359738367,497408,0,64640,0,1126400,0,0,0,0,0,0,0,0,2048,0,507152,36096000,99614720
1743619653.001479,600960,21068468,0,131892240,123537876,123681260,0,1113564,0,245188,5110748,144192,4278452,100996,832296,1048576,1048576,0,0,0,0,5291588,479196,179976,101704,689092,101704,587388,26928,43600,0,0,0,65946120,8485232,34359738367,497408,0,64640,0,1126400,0,0,0,0,0,0,0,0,2048,0,507152,36096000,99614720
1743619654.001868,600960,21068468,0,131892240,123537876,123681260,0,1113564,0,245188,5110748,144192,4278452,100996,832296,1048576,1048576,0,0,0,0,5291588,479196,179976,101704,689092,101704,587388,26928,43600,0,0,0,65946120,8485232,34359738367,497408,0,64640,0,1126400,0,0,0,0,0,0,0,0,2048,0,507152,36096000,99614720
1743619655.001937,600960,21068468,0,131892240,123537876,123681260,0,1113564,0,245188,5110748,144192,4278452,100996,832296,1048576,1048576,0,0,0,0,5291588,479196,179976,101704,689092,101704,587388,26928,43600,0,0,0,65946120,8485232,34359738367,497408,0,64640,0,1126400,0,0,0,0,0,0,0,0,2048,0,507152,36096000,99614720
1743619656.001223,600960,21068468,0,131892240,123537904,123681288,0,1113564,0,245188,5110748,144192,4278452,100996,832296,1048576,1048576,0,0,0,0,5291588,479196,179976,101704,689092,101704,587388,26928,43600,0,0,0,65946120,8485232,34359738367,497408,0,64640,0,1126400,0,0,0,0,0,0,0,0,2048,0,507152,36096000,99614720
1743619657.001676,600960,21068468,0,131892240,123537904,123681288,0,1113564,0,245188,5110748,144192,4278452,100996,832296,1048576,1048576,0,0,0,0,5291588,479196,179976,101704,689092,101704,587388,26928,43600,0,0,0,65946120,8485232,34359738367,497408,0,64640,0,1126400,0,0,0,0,0,0,0,0,2048,0,507152,36096000,99614720
1743619658.001746,600960,21068468,0,131892240,123537904,123681288,0,1113564,0,245188,5110748,144192,4278452,100996,832296,1048576,1048576,0,0,0,0,5291588,479196,179976,101704,689092,101704,587388,26928,43600,0,0,0,65946120,8485232,34359738367,497408,0,64640,0,1126400,0,0,0,0,0,0,0,0,2048,0,507152,36096000,99614720
1743619659.002109,600960,21068468,0,131892240,123537932,123681316,0,1113564,0,245188,5110748,144192,4278452,100996,832296,1048576,1048576,0,0,0,0,5291588,479196,179976,101704,689092,101704,587388,26928,43600,0,0,0,65946120,8485232,34359738367,497408,0,64640,0,1126400,0,0,0,0,0,0,0,0,2048,0,507152,36096000,99614720
1743619660.001488,600960,21068468,0,131892240,123537932,123681316,0,1113564,0,245188,5110748,144192,4278452,100996,832296,1048576,1048576,0,0,0,0,5291588,479196,179976,101704,689092,101704,587388,26928,43600,0,0,0,65946120,8485232,34359738367,497408,0,64640,0,1126400,0,0,0,0,0,0,0,0,2048,0,507152,36096000,99614720
1743619661.001732,600960,21068468,0,131892240,123537932,123681316,0,1113564,0,245188,5110748,144192,4278452,100996,832296,1048576,1048576,0,0,0,0,5291588,479196,179976,101704,689092,101704,587388,26928,43600,0,0,0,65946120,8485232,34359738367,497408,0,64640,0,1126400,0,0,0,0,0,0,0,0,2048,0,507152,36096000,99614720
1743619662.001981,600960,21068468,0,131892240,123537932,123681316,0,1113564,0,245188,5110748,144192,4278452,100996,832296,1048576,1048576,0,0,0,0,5291588,479196,179976,101704,689092,101704,587388,26928,43600,0,0,0,65946120,8485232,34359738367,497408,0,64640,0,1126400,0,0,0,0,0,0,0,0,2048,0,507152,36096000,99614720
1743619663.001289,600960,21068468,0,131892240,123537932,123681316,0,1113564,0,245188,5110748,144192,4278452,100996,832296,1048576,1048576,0,0,0,0,5291588,479196,179976,101704,689092,101704,587388,26928,43600,0,0,0,65946120,8485232,34359738367,497408,0,64640,0,1126400,0,0,0,0,0,0,0,0,2048,0,507152,36096000,99614720
1743619664.001547,600960,21068468,0,131892240,123537932,123681316,0,1113564,0,245188,5110748,144192,4278452,100996,832296,1048576,1048576,0,0,0,0,5291588,479196,179976,101704,689092,101704,587388,26928,43600,0,0,0,65946120,8485232,34359738367,497408,0,64640,0,1126400,0,0,0,0,0,0,0,0,2048,0,507152,36096000,99614720
1743619665.001916,600960,21068468,0,131892240,123537952,123681336,0,1113564,0,245188,5110748,144192,4278452,100996,832296,1048576,1048576,0,0,0,0,5291588,479196,179976,101704,689100,101704,587396,26928,43600,0,0,0,65946120,8485232,34359738367,497408,0,64640,0,1126400,0,0,0,0,0,0,0,0,2048,0,507152,36096000,99614720
1743619666.001246,600960,21068468,0,131892240,123537952,123681336,0,1113564,0,245188,5110748,144192,4278452,100996,832296,1048576,1048576,0,0,0,0,5291588,479196,179976,101704,689100,101704,587396,26928,43600,0,0,0,65946120,8485232,34359738367,497408,0,64640,0,1126400,0,0,0,0,0,0,0,0,2048,0,507152,36096000,99614720
1743619667.001599,600960,21068468,0,131892240,123537944,123681328,0,1113564,0,245188,5110748,144192,4278452,100996,832296,1048576,1048576,0,0,0,0,5291588,479196,179976,101704,689108,101704,587404,26928,43600,0,0,0,65946120,8485232,34359738367,497408,0,64640,0,1126400,0,0,0,0,0,0,0,0,2048,0,507152,36096000,99614720
1743619668.001823,600960,21068468,0,131892240,123537936,123681320,0,1113564,0,245188,5110748,144192,4278452,100996,832296,1048576,1048576,0,0,0,0,5291588,479196,179976,101704,689116,101704,587412,26928,43600,0,0,0,65946120,8485232,34359738367,497408,0,64640,0,1126400,0,0,0,0,0,0,0,0,2048,0,507152,36096000,99614720
1743619669.002164,600960,21068468,0,131892240,123537940,123681324,0,1113564,0,245188,5110748,144192,4278452,100996,832296,1048576,1048576,0,0,0,0,5291588,479196,179976,101704,689116,101704,587412,26928,43600,0,0,0,65946120,8485232,34359738367,497408,0,64640,0,1126400,0,0,0,0,0,0,0,0,2048,0,507152,36096000,99614720
1743619670.007377,600960,21068468,0,131892240,123537940,123681324,0,1113564,0,245188,5110748,144192,4278452,100996,832296,1048576,1048576,0,0,0,0,5291588,479196,179976,101704,689116,101704,587412,26928,43600,0,0,0,65946120,8485232,34359738367,497408,0,64640,0,1126400,0,0,0,0,0,0,0,0,2048,0,507152,36096000,99614720
1743619671.001744,600960,21068468,0,131892240,123537940,123681324,0,1113564,0,245188,5110748,144192,4278452,100996,832296,1048576,1048576,0,0,0,0,5291588,479196,179976,101704,689116,101704,587412,26928,43600,0,0,0,65946120,8485232,34359738367,497408,0,64640,0,1126400,0,0,0,0,0,0,0,0,2048,0,507152,36096000,99614720
1743619672.001815,600960,21068468,0,131892240,123537940,123681324,0,1113564,0,245188,5110748,144192,4278452,100996,832296,1048576,1048576,0,0,0,0,5291588,479196,179976,101704,689116,101704,587412,26928,43600,0,0,0,65946120,8485232,34359738367,497408,0,64640,0,1126400,0,0,0,0,0,0,0,0,2048,0,507152,36096000,99614720
1743619673.001171,600960,21068468,0,131892240,123537940,123681324,0,1113564,0,245188,5110748,144192,4278452,100996,832296,1048576,1048576,0,0,0,0,5291588,479196,179976,101704,689116,101704,587412,26928,43600,0,0,0,65946120,8485232,34359738367,497408,0,64640,0,1126400,0,0,0,0,0,0,0,0,2048,0,507152,36096000,99614720
1743619674.001552,600960,21068468,0,131892240,123537940,123681324,0,1113564,0,245188,5110748,144192,4278452,100996,832296,1048576,1048576,0,0,0,0,5291588,479196,179976,101704,689116,101704,587412,26928,43600,0,0,0,65946120,8485232,34359738367,497408,0,64640,0,1126400,0,0,0,0,0,0,0,0,2048,0,507152,36096000,99614720
1743619675.001622,600960,21068468,0,131892240,123537940,123681324,0,1113564,0,245188,5110748,144192,4278452,100996,832296,1048576,1048576,0,0,0,0,5291588,479196,179976,101704,689116,101704,587412,26928,43600,0,0,0,65946120,8485232,34359738367,497408,0,64640,0,1126400,0,0,0,0,0,0,0,0,2048,0,507152,36096000,99614720
1743619676.001910,600960,21068468,0,131892240,123537940,123681324,0,1113564,0,245188,5110748,144192,4278452,100996,832296,1048576,1048576,0,0,0,0,5291588,479196,179976,101704,689116,101704,587412,26928,43600,0,0,0,65946120,8485232,34359738367,497408,0,64640,0,1126400,0,0,0,0,0,0,0,0,2048,0,507152,36096000,99614720
1743619677.001335,600960,21068468,0,131892240,123537940,123681324,0,1113564,0,245188,5110748,144192,4278452,100996,832296,1048576,1048576,0,0,0,0,5291588,479196,179976,101704,689116,101704,587412,26944,43600,0,0,0,65946120,8485232,34359738367,497408,0,64640,0,1126400,0,0,0,0,0,0,0,0,2048,0,507152,36096000,99614720
1743619678.001458,600960,21068468,0,131892240,123537940,123681324,0,1113564,0,245188,5110748,144192,4278452,100996,832296,1048576,1048576,0,0,0,0,5291588,479196,179976,101704,689116,101704,587412,26944,43600,0,0,0,65946120,8485232,34359738367,497408,0,64640,0,1126400,0,0,0,0,0,0,0,0,2048,0,507152,36096000,99614720
1743619679.001852,600960,21068468,0,131892240,123537940,123681324,0,1113564,0,245188,5110748,144192,4278452,100996,832296,1048576,1048576,0,0,0,0,5291588,479196,179976,101704,689116,101704,587412,26928,43600,0,0,0,65946120,8485232,34359738367,497392,0,64640,0,1126400,0,0,0,0,0,0,0,0,2048,0,507152,36096000,99614720
1743619680.002279,600960,21068468,0,131892240,123537940,123681324,0,1113564,0,245188,5110748,144192,4278452,100996,832296,1048576,1048576,0,0,0,0,5291588,479196,179976,101704,689116,101704,587412,26928,43600,0,0,0,65946120,8485232,34359738367,497392,0,64640,0,1126400,0,0,0,0,0,0,0,0,2048,0,507152,36096000,99614720
1743619681.001783,600960,21068468,0,131892240,123537940,123681324,0,1113564,0,245188,5110748,144192,4278452,100996,832296,1048576,1048576,0,0,0,0,5291588,479196,179976,101704,689116,101704,587412,26944,43600,0,0,0,65946120,8485232,34359738367,497392,0,64640,0,1126400,0,0,0,0,0,0,0,0,2048,0,507152,36096000,99614720
1743619682.001993,600960,21068468,0,131892240,123537940,123681324,0,1113564,0,245188,5110748,144192,4278452,100996,832296,1048576,1048576,0,0,0,0,5291588,479196,179976,101704,689116,101704,587412,26944,43600,0,0,0,65946120,8485232,34359738367,497392,0,64640,0,1126400,0,0,0,0,0,0,0,0,2048,0,507152,36096000,99614720
1743619683.001295,600960,21068468,0,131892240,123537940,123681324,0,1113564,0,245188,5110748,144192,4278452,100996,832296,1048576,1048576,0,0,0,0,5291588,479196,179976,101704,689116,101704,587412,26944,43600,0,0,0,65946120,8485232,34359738367,497392,0,64640,0,1126400,0,0,0,0,0,0,0,0,2048,0,507152,36096000,99614720
1743619684.001527,600960,21068468,0,131892240,123537940,123681324,0,1113564,0,245188,5110748,144192,4278452,100996,832296,1048576,1048576,0,0,0,0,5291588,479196,179976,101704,689116,101704,587412,26944,43600,0,0,0,65946120,8485232,34359738367,497392,0,64640,0,1126400,0,0,0,0,0,0,0,0,2048,0,507152,36096000,99614720
1743619685.001875,600960,21068468,0,131892240,123614352,123758628,0,1114180,0,249012,5032232,144104,4202956,104908,829276,1048576,1048576,0,0,0,0,5216172,445404,179700,101704,689008,101704,587304,26640,41912,0,0,0,65946120,6184928,34359738367,496352,0,64640,0,1126400,0,0,0,0,0,0,0,0,2048,0,507152,36096000,99614720
1743619686.002160,600960,21068468,0,131892240,127387144,127531480,0,1109452,0,295752,1388676,60996,689044,234756,699632,1048576,1048576,0,0,0,0,1623688,233584,174972,101416,683008,101416,581592,24000,10236,0,0,0,65946120,1978980,34359738367,494688,0,64640,0,1126400,0,0,0,0,0,0,0,0,2048,0,507152,36096000,99614720
1743619687.001162,600960,21068468,0,131892240,128330004,127794528,0,168944,0,68744,675208,25896,649012,42848,26196,1048576,1048576,0,0,0,0,1624120,234264,99864,97568,678880,97568,581312,24880,13144,0,0,0,65946120,1938708,34359738367,494672,0,64640,0,1126400,0,0,0,0,0,0,0,0,2048,0,507152,36096000,99614720
1743619688.001153,600960,21068468,0,131892240,128308276,127778916,0,180044,0,74788,689960,25944,657496,48844,32464,1048576,1048576,0,0,0,0,1633524,235976,98704,97536,678324,97536,580788,24208,10644,0,0,0,65946120,1925424,34359738367,494576,0,64640,0,1126400,0,0,0,0,0,0,0,0,2048,0,507152,36096000,99614720
1743619689.001230,600960,21068468,0,131892240,128303224,127778192,0,187108,0,78012,690472,25960,654124,52052,36348,1048576,1048576,0,0,0,0,1630096,233792,98704,99104,679236,99104,580132,24176,10568,0,0,0,65946120,1943424,34359738367,494416,0,64640,0,1126400,0,0,0,0,0,0,0,0,2048,0,507152,36096000,99614720
