timestamp,component_id,job_id,app_id,MemTotal,MemFree,MemAvailable,Buffers,Cached,SwapCached,Active,Inactive,Active(anon),Inactive(anon),Active(file),Inactive(file),Unevictable,Mlocked,SwapTotal,SwapFree,Dirty,Writeback,AnonPages,Mapped,Shmem,KReclaimable,Slab,SReclaimable,SUnreclaim,KernelStack,PageTables,NFS_Unstable,Bounce,WritebackTmp,CommitLimit,Committed_AS,VmallocTotal,VmallocUsed,VmallocChunk,Percpu,HardwareCorrupted,AnonHugePages,ShmemHugePages,ShmemPmdMapped,FileHugePages,FilePmdMapped,HugePages_Total,HugePages_Free,HugePages_Rsvd,HugePages_Surp,Hugepagesize,Hugetlb,DirectMap4k,DirectMap2M,DirectMap1G
1743619781.001743,600855,21068469,0,131892268,127885324,127390576,0,248428,0,76504,1039092,25536,947960,50968,91132,1048576,1048576,0,0,0,0,1915892,303060,106284,105968,709220,105968,603252,25920,12560,0,0,0,65946132,4171452,34359738367,535256,0,62720,0,1126400,0,0,0,0,0,0,0,0,2048,0,488720,42405888,93323264
1743619782.002265,600855,21068469,0,131892268,127865216,127374472,0,256784,0,76764,1058820,25536,960132,51228,98688,1048576,1048576,0,0,0,0,1928060,305888,106284,106160,709496,106160,603336,25920,12596,0,0,0,65946132,4179172,34359738367,535256,0,62720,0,1126400,0,0,0,0,0,0,0,0,2048,0,488720,42405888,93323264
1743619783.001392,600855,21068469,0,131892268,127850212,127362484,0,262236,0,76816,1074080,25536,969508,51280,104572,1048576,1048576,0,0,4,0,1937432,306352,106284,106256,709668,106256,603412,25904,12632,0,0,0,65946132,4207488,34359738367,535256,0,62720,0,1126400,0,0,0,0,0,0,0,0,2048,0,488720,42405888,93323264
1743619784.002090,600855,21068469,0,131892268,127828656,127350528,0,281368,0,76852,1095016,25536,971288,51316,123728,1048576,1048576,0,0,8,0,1939212,307864,106284,106260,709720,106260,603460,25920,12624,0,0,0,65946132,4190236,34359738367,535272,0,62720,0,1126400,0,0,0,0,0,0,0,0,2048,0,488720,42405888,93323264
1743619785.001738,600855,21068469,0,131892268,127770016,127297424,0,292460,0,78420,1144876,26076,1011520,52344,133356,1048576,1048576,0,0,0,0,1979904,311528,106504,106676,711052,106676,604376,26256,17144,0,0,0,65946132,4285496,34359738367,535912,0,62720,0,1126400,0,0,0,0,0,0,0,0,2048,0,488720,42405888,93323264
1743619786.001902,600855,21068469,0,131892268,127719436,127266556,0,332036,0,78424,1192860,26076,1020080,52348,172780,1048576,1048576,0,0,0,0,1988580,335692,106516,106676,711108,106676,604432,26288,20880,0,0,0,65946132,4285496,34359738367,535928,0,62720,0,1126400,0,0,0,0,0,0,0,0,2048,0,488720,42405888,93323264
1743619787.001526,600855,21068469,0,131892268,127686976,127247660,0,359144,0,78424,1224156,26076,1024248,52348,199908,1048576,1048576,0,0,0,0,1992608,353176,106516,106676,711116,106676,604440,26288,22752,0,0,0,65946132,4285496,34359738367,535928,0,62720,0,1126400,0,0,0,0,0,0,0,0,2048,0,488720,42405888,93323264
1743619788.002076,600855,21068469,0,131892268,127669756,127237668,0,373532,0,78424,1241316,26076,1026956,52348,214360,1048576,1048576,0,0,0,0,1995436,363720,106516,106676,711116,106676,604440,26304,23340,0,0,0,65946132,4285496,34359738367,535928,0,62720,0,1126400,0,0,0,0,0,0,0,0,2048,0,488720,42405888,93323264
1743619789.001234,600855,21068469,0,131892268,127644276,127222948,0,395060,0,78424,1263348,26076,1027468,52348,235880,1048576,1048576,0,0,0,0,1996016,378020,106516,106676,711120,106676,604444,26304,24088,0,0,0,65946132,4285496,34359738367,535928,0,62720,0,1126400,0,0,0,0,0,0,0,0,2048,0,488720,42405888,93323264
1743619790.001712,600855,21068469,0,131892268,126911072,126499492,0,490956,0,79600,1837496,26088,1583540,53512,253956,1048576,1048576,0,0,0,0,2476260,466108,182368,106932,717648,106932,610716,27360,35504,0,0,0,65946132,5203024,34359738367,536904,0,62720,0,1126400,0,0,0,0,0,0,0,0,2048,0,488720,42405888,93323264
1743619791.002045,600855,21068469,0,131892268,126700264,126295968,0,505592,0,81552,2047208,27252,1779856,54300,267352,1048576,1048576,0,0,1328,0,2672248,478816,183772,107316,719184,107316,611868,27840,37892,0,0,0,65946132,5444184,34359738367,537112,0,62720,0,1126400,0,0,0,0,0,0,0,0,2048,0,488720,42405888,93323264
1743619792.000703,600855,21068469,0,131892268,126699176,126295172,0,506400,0,83444,2046288,29140,1778356,54304,267932,1048576,1048576,0,0,1744,0,2672248,479580,184088,107316,718848,107316,611532,27840,37892,0,0,0,65946132,5444184,34359738367,537112,0,62720,0,1126400,0,0,0,0,0,0,0,0,2048,0,488720,42405888,93323264
1743619793.002208,600855,21068469,0,131892268,126491916,126090492,0,511756,0,88944,2246964,34636,1973872,54308,273092,1048576,1048576,0,0,2104,0,2873428,484620,183996,107316,718744,107316,611428,27840,38560,0,0,0,65946132,5651276,34359738367,537112,0,62720,0,1126400,0,0,0,0,0,0,0,0,2048,0,488720,42405888,93323264
1743619794.001333,600855,21068469,0,131892268,126402596,126003412,0,515924,0,103992,2322180,49684,2044612,54308,277568,1048576,1048576,0,0,88,496,2959660,489468,183980,107316,718780,107316,611464,27840,38828,0,0,0,65946132,5733872,34359738367,537112,0,62720,0,1126400,0,0,0,0,0,0,0,0,2048,0,488720,42405888,93323264
1743619795.001892,600855,21068469,0,131892268,126354912,125956520,0,517604,0,112520,2359324,58212,2080172,54308,279152,1048576,1048576,0,0,4,0,3005752,490560,183980,107316,718780,107316,611464,27840,39268,0,0,0,65946132,6148324,34359738367,537112,0,62720,0,1126400,0,0,0,0,0,0,0,0,2048,0,488720,42405888,93323264
1743619796.001965,600855,21068469,0,131892268,125693580,125300364,0,527960,0,131960,2999260,77652,2709752,54308,289508,1048576,1048576,0,0,8,0,3653776,500924,183980,107316,718804,107316,611488,27840,40584,0,0,0,65946132,6774744,34359738367,537112,0,62720,0,1126400,0,0,0,0,0,0,0,0,2048,0,488720,42405888,93323264
1743619797.001470,600855,21068469,0,131892268,125567776,125177248,0,533476,0,138400,3120140,84092,2825256,54308,294884,1048576,1048576,0,0,8,0,3774404,505724,183980,107316,718808,107316,611492,27856,41064,0,0,0,65946132,6923192,34359738367,537112,0,62720,0,1126400,0,0,0,0,0,0,0,0,2048,0,488720,42405888,93323264
1743619798.001568,600855,21068469,0,131892268,125567688,125177312,0,533816,0,138400,3120432,84092,2825248,54308,295184,1048576,1048576,0,0,156,0,3774404,505860,183984,107316,718808,107316,611492,27856,41064,0,0,0,65946132,6923192,34359738367,537112,0,62720,0,1126400,0,0,0,0,0,0,0,0,2048,0,488720,42405888,93323264
1743619799.002205,600855,21068469,0,131892268,125567736,125177420,0,533980,0,138400,3120552,84092,2825248,54308,295304,1048576,1048576,0,0,244,0,3774404,505920,184044,107316,718808,107316,611492,27856,41064,0,0,0,65946132,6923192,34359738367,537112,0,62720,0,1126400,0,0,0,0,0,0,0,0,2048,0,488720,42405888,93323264
1743619800.001333,600855,21068469,0,131892268,125567680,125177424,0,534140,0,138384,3120672,84076,2825248,54308,295424,1048576,1048576,0,0,388,0,3774404,505920,184044,107316,718808,107316,611492,27856,41064,0,0,0,65946132,6923192,34359738367,537112,0,62720,0,1126400,0,0,0,0,0,0,0,0,2048,0,488720,42405888,93323264
1743619801.002026,600855,21068469,0,131892268,125567640,125177444,0,534276,0,138376,3120792,84068,2825248,54308,295544,1048576,1048576,0,0,124,0,3774404,505920,184044,107316,718816,107316,611500,27856,41064,0,0,0,65946132,6923192,34359738367,537112,0,62720,0,1126400,0,0,0,0,0,0,0,0,2048,0,488720,42405888,93323264
1743619802.001492,600855,21068469,0,131892268,125567672,125177564,0,534412,0,138380,3120960,84068,2825244,54312,295716,1048576,1048576,0,0,240,0,3774404,505924,184048,107316,718816,107316,611500,27856,41064,0,0,0,65946132,6923192,34359738367,537112,0,62720,0,1126400,0,0,0,0,0,0,0,0,2048,0,488720,42405888,93323264
1743619803.001564,600855,21068469,0,131892268,125567616,125177568,0,534608,0,138380,3121080,84068,2825244,54312,295836,1048576,1048576,0,0,356,0,3774404,505984,184108,107316,718824,107316,611508,27856,41064,0,0,0,65946132,6923192,34359738367,537112,0,62720,0,1126400,0,0,0,0,0,0,0,0,2048,0,488720,42405888,93323264
1743619804.001791,600855,21068469,0,131892268,124996068,124606968,0,536484,0,138576,3690140,84240,3392432,54336,297708,1048576,1048576,0,0,432,0,4341944,507472,184108,107316,718824,107316,611508,27856,41428,0,0,0,65946132,7246352,34359738367,537112,0,62720,0,1126400,0,0,0,0,0,0,0,0,2048,0,488720,42405888,93323264
1743619805.002292,600855,21068469,0,131892268,124993260,124605084,0,538508,0,139004,3694676,84664,3395124,54340,299552,1048576,1048576,0,0,1220,44,4344312,509144,184492,107316,718792,107316,611476,27856,41904,0,0,0,65946132,7250504,34359738367,537112,0,62720,0,1126400,0,0,0,0,0,0,0,0,2048,0,488720,42405888,93323264
1743619806.000711,600855,21068469,0,131892268,124992196,124604632,0,540120,0,139008,3696368,84668,3395588,54340,300780,1048576,1048576,0,0,304,0,4344312,509748,184924,107316,718736,107316,611420,27856,41904,0,0,0,65946132,7255468,34359738367,537112,0,62720,0,1126400,0,0,0,0,0,0,0,0,2048,0,488720,42405888,93323264
1743619807.002159,600855,21068469,0,131892268,124990732,124603604,0,541488,0,139016,3697688,84676,3396036,54340,301652,1048576,1048576,0,0,1204,0,4344312,510184,185368,107316,718828,107316,611512,27856,41904,0,0,0,65946132,7260000,34359738367,537112,0,62720,0,1126400,0,0,0,0,0,0,0,0,2048,0,488720,42405888,93323264
1743619808.001564,600855,21068469,0,131892268,124989164,124602568,0,543040,0,139016,3699220,84676,3396508,54340,302712,1048576,1048576,0,0,2240,0,4344312,510672,185844,107316,718972,107316,611656,27856,41904,0,0,0,65946132,7325596,34359738367,537112,0,62720,0,1126400,0,0,0,0,0,0,0,0,2048,0,488720,42405888,93323264
1743619809.001650,600855,21068469,0,131892268,124987844,124601828,0,544680,0,139076,3700916,84736,3397044,54340,303872,1048576,1048576,0,0,3292,0,4344312,511228,186396,107316,718904,107316,611588,27856,41904,0,0,0,65946132,7261328,34359738367,537112,0,62720,0,1126400,0,0,0,0,0,0,0,0,2048,0,488720,42405888,93323264
1743619810.002156,600855,21068469,0,131892268,124986416,124600884,0,546140,0,139076,3702388,84736,3397576,54340,304812,1048576,1048576,0,0,4152,44,4344312,511788,186960,107348,719040,107348,611692,27856,41904,0,0,0,65946132,7260424,34359738367,537112,0,62720,0,1126400,0,0,0,0,0,0,0,0,2048,0,488720,42405888,93323264
1743619811.001573,600855,21068469,0,131892268,124984228,124599276,0,547528,0,140980,3701816,86640,3395848,54340,305968,1048576,1048576,0,0,412,912,4344312,512348,187116,107352,719124,107352,611772,27856,41904,0,0,0,65946132,7262464,34359738367,537112,0,62720,0,1126400,0,0,0,0,0,0,0,0,2048,0,488720,42405888,93323264
1743619812.001707,600855,21068469,0,131892268,124822032,124437280,0,547868,0,142156,3859808,87816,3553440,54340,306368,1048576,1048576,0,0,460,0,4507032,512348,187116,107352,718884,107352,611532,27856,41952,0,0,0,65946132,7400360,34359738367,537112,0,62720,0,1126400,0,0,0,0,0,0,0,0,2048,0,488720,42405888,93323264
1743619813.002421,600855,21068469,0,131892268,124651508,124267220,0,548784,0,150792,4024644,96452,3717344,54340,307300,1048576,1048576,0,0,1328,0,4675636,512596,187128,107352,718964,107352,611612,27856,42608,0,0,0,65946132,7579988,34359738367,537112,0,62720,0,1126400,0,0,0,0,0,0,0,0,2048,0,488720,42405888,93323264
1743619814.001525,600855,21068469,0,131892268,124522952,124138804,0,549080,0,155332,4145108,100992,3837528,54340,307580,1048576,1048576,0,0,1600,0,4804652,512596,187128,107352,718864,107352,611512,27856,42660,0,0,0,65946132,7713744,34359738367,537112,0,62720,0,1126400,0,0,0,0,0,0,0,0,2048,0,488720,42405888,93323264
1743619815.002048,600855,21068469,0,131892268,123523164,123140572,0,552240,0,160940,5139320,106600,4828628,54340,310692,1048576,1048576,0,0,2744,0,5797512,514904,186992,107352,718884,107352,611532,27856,44840,0,0,0,65946132,8779364,34359738367,537112,0,62720,0,1126400,0,0,0,0,0,0,0,0,2048,0,488720,42405888,93323264
1743619816.001187,600855,21068469,0,131892268,123321948,122967656,0,609108,0,168520,5323064,106824,4963128,61696,359936,1048576,1048576,0,0,5172,44816,5932664,516516,186992,107352,720988,107352,613636,27856,45188,0,0,0,65946132,8967964,34359738367,537112,0,62720,0,1126400,0,0,0,0,0,0,0,0,2048,0,488720,42405888,93323264
1743619817.001962,600855,21068469,0,131892268,123271968,122917972,0,609540,0,169792,5382700,107928,5022344,61864,360356,1048576,1048576,0,0,4992,0,5993004,516652,186992,107352,718732,107352,611380,27856,45280,0,0,0,65946132,9018880,34359738367,537112,0,62720,0,1126400,0,0,0,0,0,0,0,0,2048,0,488720,42405888,93323264
1743619818.002030,600855,21068469,0,131892268,123270324,122916340,0,609552,0,169792,5384356,107928,5023976,61864,360380,1048576,1048576,0,0,5016,0,5994716,516672,186992,107352,718732,107352,611380,27856,45304,0,0,0,65946132,9018880,34359738367,537112,0,62720,0,1126400,0,0,0,0,0,0,0,0,2048,0,488720,42405888,93323264
1743619819.001630,600855,21068469,0,131892268,123270056,122916180,0,609804,0,171244,5383124,109284,5022620,61960,360504,1048576,1048576,0,0,5064,0,5994716,516672,186992,107352,718732,107352,611380,27856,45304,0,0,0,65946132,9018880,34359738367,537112,0,62720,0,1126400,0,0,0,0,0,0,0,0,2048,0,488720,42405888,93323264
1743619820.001752,600855,21068469,0,131892268,123270088,122916212,0,609816,0,171244,5383124,109284,5022620,61960,360504,1048576,1048576,0,0,5076,0,5994716,516672,186992,107352,718732,107352,611380,27856,45304,0,0,0,65946132,9018880,34359738367,537112,0,62720,0,1126400,0,0,0,0,0,0,0,0,2048,0,488720,42405888,93323264
1743619821.001825,600855,21068469,0,131892268,123270100,122916224,0,609836,0,171244,5383124,109284,5022620,61960,360504,1048576,1048576,0,0,5096,0,5994716,516672,186992,107352,718732,107352,611380,27856,45304,0,0,0,65946132,9018880,34359738367,537112,0,62720,0,1126400,0,0,0,0,0,0,0,0,2048,0,488720,42405888,93323264
1743619822.002326,600855,21068469,0,131892268,123269844,122916112,0,610084,0,171644,5383044,109644,5022292,62000,360752,1048576,1048576,0,0,88,0,5994736,516676,186996,107352,718624,107352,611272,27856,45308,0,0,0,65946132,9018880,34359738367,537112,0,62720,0,1126400,0,0,0,0,0,0,0,0,2048,0,488720,42405888,93323264
1743619823.001393,600855,21068469,0,131892268,123227776,122902924,0,651520,0,172756,5421792,109880,5022436,62876,399356,1048576,1048576,0,0,38828,0,5994740,516676,186996,107352,719040,107352,611688,27856,45308,0,0,0,65946132,9018880,34359738367,537112,0,62720,0,1126400,0,0,0,0,0,0,0,0,2048,0,488720,42405888,93323264
1743619824.001819,600855,21068469,0,131892268,123220792,122904384,0,658428,0,174372,5428684,109880,5022500,64492,406184,1048576,1048576,0,0,49176,0,5994740,516676,186996,107352,719424,107352,612072,27856,45308,0,0,0,65946132,9018880,34359738367,537112,0,62720,0,1126400,0,0,0,0,0,0,0,0,2048,0,488720,42405888,93323264
1743619825.002240,600855,21068469,0,131892268,123220512,122904372,0,658680,0,174696,5428636,110136,5022252,64560,406384,1048576,1048576,0,0,49224,0,5994764,516676,186996,107352,719432,107352,612080,27856,45308,0,0,0,65946132,9018880,34359738367,537112,0,62720,0,1126400,0,0,0,0,0,0,0,0,2048,0,488720,42405888,93323264
1743619826.001334,600855,21068469,0,131892268,123220484,122904344,0,658696,0,174696,5428636,110136,5022252,64560,406384,1048576,1048576,0,0,49240,0,5994764,516676,186996,107352,719432,107352,612080,27856,45308,0,0,0,65946132,9018880,34359738367,537112,0,62720,0,1126400,0,0,0,0,0,0,0,0,2048,0,488720,42405888,93323264
1743619827.001732,600855,21068469,0,131892268,123220460,122904320,0,658728,0,174696,5428636,110136,5022252,64560,406384,1048576,1048576,0,0,49272,0,5994764,516676,186996,107352,719440,107352,612088,27856,45308,0,0,0,65946132,9018880,34359738367,537112,0,62720,0,1126400,0,0,0,0,0,0,0,0,2048,0,488720,42405888,93323264
1743619828.002183,600855,21068469,0,131892268,123220208,122904356,0,658956,0,174876,5428744,110272,5022116,64604,406628,1048576,1048576,0,0,49296,0,5994764,516676,186996,107352,719444,107352,612092,27856,45308,0,0,0,65946132,9018880,34359738367,537112,0,62720,0,1126400,0,0,0,0,0,0,0,0,2048,0,488720,42405888,93323264
1743619829.001304,600855,21068469,0,131892268,123220212,122904360,0,658984,0,174876,5428744,110272,5022116,64604,406628,1048576,1048576,0,0,49324,0,5994764,516676,186996,107352,719444,107352,612092,27856,45308,0,0,0,65946132,9018880,34359738367,537112,0,62720,0,1126400,0,0,0,0,0,0,0,0,2048,0,488720,42405888,93323264
1743619830.001752,600855,21068469,0,131892268,123170384,122902872,0,707464,0,177452,5474460,110424,5021916,67028,452544,1048576,1048576,0,0,97612,0,5994476,516680,187000,107352,720544,107352,613192,27856,45308,0,0,0,65946132,9026040,34359738367,537112,0,62720,0,1126400,0,0,0,0,0,0,0,0,2048,0,488720,42405888,93323264
1743619831.002135,600855,21068469,0,131892268,123170868,122903416,0,707540,0,177812,5474160,110684,5021656,67128,452504,1048576,1048576,0,0,97848,0,5994476,516680,187000,107352,720552,107352,613200,27856,45308,0,0,0,65946132,9026040,34359738367,537112,0,62720,0,1126400,0,0,0,0,0,0,0,0,2048,0,488720,42405888,93323264
1743619832.001210,600855,21068469,0,131892268,123161584,122894132,0,707552,0,177812,5474164,110684,5021660,67128,452504,1048576,1048576,0,0,5476,10420,5994492,516680,187000,107352,719456,107352,612104,27856,45308,0,0,0,65946132,9026040,34359738367,537112,0,62720,0,1126400,0,0,0,0,0,0,0,0,2048,0,488720,42405888,93323264
1743619833.001747,600855,21068469,0,131892268,123172756,122905304,0,707560,0,177812,5474164,110684,5021660,67128,452504,1048576,1048576,0,0,5492,0,5994496,516680,187000,107352,718012,107352,610660,27856,45308,0,0,0,65946132,9026040,34359738367,537112,0,62720,0,1126400,0,0,0,0,0,0,0,0,2048,0,488720,42405888,93323264
1743619834.001818,600855,21068469,0,131892268,123172756,122905364,0,707568,0,177812,5474224,110684,5021660,67128,452564,1048576,1048576,0,0,5500,0,5994496,516680,187000,107352,718012,107352,610660,27856,45308,0,0,0,65946132,9026040,34359738367,537112,0,62720,0,1126400,0,0,0,0,0,0,0,0,2048,0,488720,42405888,93323264
1743619835.001338,600855,21068469,0,131892268,123172700,122905308,0,707604,0,177812,5474224,110684,5021660,67128,452564,1048576,1048576,0,0,5540,0,5994508,516680,187000,107352,718012,107352,610660,27856,45308,0,0,0,65946132,9026040,34359738367,537112,0,62720,0,1126400,0,0,0,0,0,0,0,0,2048,0,488720,42405888,93323264
1743619836.001427,600855,21068469,0,131892268,123172420,122905324,0,707836,0,178472,5473876,111224,5021136,67248,452740,1048576,1048576,0,0,5560,0,5994552,516680,187000,107352,718012,107352,610660,27856,45308,0,0,0,65946132,9026040,34359738367,537112,0,62720,0,1126400,0,0,0,0,0,0,0,0,2048,0,488720,42405888,93323264
1743619837.001973,600855,21068469,0,131892268,123172420,122905360,0,707844,0,178504,5473880,111224,5021136,67280,452744,1048576,1048576,0,0,56,0,5994572,516680,187000,107352,717972,107352,610620,27856,45308,0,0,0,65946132,9026040,34359738367,537112,0,62720,0,1126400,0,0,0,0,0,0,0,0,2048,0,488720,42405888,93323264
1743619838.002042,600855,21068469,0,131892268,123172420,122905360,0,707848,0,178504,5473880,111224,5021136,67280,452744,1048576,1048576,0,0,60,0,5994572,516680,187000,107352,717972,107352,610620,27856,45308,0,0,0,65946132,9026040,34359738367,537112,0,62720,0,1126400,0,0,0,0,0,0,0,0,2048,0,488720,42405888,93323264
1743619839.001599,600855,21068469,0,131892268,123172308,122905260,0,707856,0,178504,5473940,111224,5021184,67280,452756,1048576,1048576,0,0,68,0,5994684,516680,187000,107352,717972,107352,610620,27856,45308,0,0,0,65946132,9026040,34359738367,537112,0,62720,0,1126400,0,0,0,0,0,0,0,0,2048,0,488720,42405888,93323264
1743619840.001669,600855,21068469,0,131892268,123172196,122905160,0,707868,0,178504,5474120,111224,5021352,67280,452768,1048576,1048576,0,0,80,0,5994788,516680,187000,107352,717972,107352,610620,27856,45308,0,0,0,65946132,9026040,34359738367,537112,0,62720,0,1126400,0,0,0,0,0,0,0,0,2048,0,488720,42405888,93323264
1743619841.002077,600855,21068469,0,131892268,123171832,122905092,0,708124,0,179324,5473660,111952,5020688,67372,452972,1048576,1048576,0,0,116,0,5994900,516684,187004,107352,717972,107352,610620,27856,45308,0,0,0,65946132,9026040,34359738367,537112,0,62720,0,1126400,0,0,0,0,0,0,0,0,2048,0,488720,42405888,93323264
1743619842.001587,600855,21068469,0,131892268,123171804,122905080,0,708132,0,179380,5473664,111976,5020708,67404,452956,1048576,1048576,0,0,124,0,5994956,516684,187004,107352,717972,107352,610620,27856,45308,0,0,0,65946132,9026040,34359738367,537112,0,62720,0,1126400,0,0,0,0,0,0,0,0,2048,0,488720,42405888,93323264
1743619843.001710,600855,21068469,0,131892268,123171552,122904828,0,708140,0,179380,5473904,111976,5020948,67404,452956,1048576,1048576,0,0,132,0,5995148,516684,187004,107352,717972,107352,610620,27856,45308,0,0,0,65946132,9026040,34359738367,537112,0,62720,0,1126400,0,0,0,0,0,0,0,0,2048,0,488720,42405888,93323264
1743619844.002159,600855,21068469,0,131892268,123122440,122904012,0,756448,0,182176,5519640,112192,5020968,69984,498672,1048576,1048576,0,0,49224,0,5995288,516684,187004,107352,718916,107352,611564,27856,45308,0,0,0,65946132,9026040,34359738367,537112,0,62720,0,1126400,0,0,0,0,0,0,0,0,2048,0,488720,42405888,93323264
1743619845.001670,600855,21068469,0,131892268,123122276,122903936,0,756448,0,182176,5519820,112192,5021060,69984,498760,1048576,1048576,0,0,49224,0,5995452,516684,187004,107352,718916,107352,611564,27856,45308,0,0,0,65946132,9026040,34359738367,537112,0,62720,0,1126400,0,0,0,0,0,0,0,0,2048,0,488720,42405888,93323264
1743619846.001740,600855,21068469,0,131892268,123121916,122903632,0,756460,0,182176,5520120,112192,5021304,69984,498816,1048576,1048576,0,0,49236,0,5995764,516684,187004,107352,718916,107352,611564,27856,45308,0,0,0,65946132,9026040,34359738367,537112,0,62720,0,1126400,0,0,0,0,0,0,0,0,2048,0,488720,42405888,93323264
1743619847.002135,600855,21068469,0,131892268,123121496,122903452,0,756716,0,182540,5520180,112496,5021184,70044,498996,1048576,1048576,0,0,49272,0,5995936,516688,187008,107352,718924,107352,611572,27856,45308,0,0,0,65946132,9026040,34359738367,537112,0,62720,0,1126400,0,0,0,0,0,0,0,0,2048,0,488720,42405888,93323264
1743619848.001630,600855,21068469,0,131892268,123121228,122903184,0,756728,0,182540,5520420,112496,5021424,70044,498996,1048576,1048576,0,0,49284,0,5996156,516688,187008,107352,718924,107352,611572,27856,45308,0,0,0,65946132,9026040,34359738367,537112,0,62720,0,1126400,0,0,0,0,0,0,0,0,2048,0,488720,42405888,93323264
1743619849.001718,600855,21068469,0,131892268,123120788,122902744,0,756740,0,182540,5520780,112496,5021784,70044,498996,1048576,1048576,0,0,49296,0,5996596,516688,187008,107352,718916,107352,611564,27856,45308,0,0,0,65946132,9026040,34359738367,537112,0,62720,0,1126400,0,0,0,0,0,0,0,0,2048,0,488720,42405888,93323264
1743619850.002119,600855,21068469,0,131892268,123120256,122902272,0,756752,0,182660,5521200,112576,5022184,70084,499016,1048576,1048576,0,0,49308,0,5997092,516688,187008,107352,718916,107352,611564,27856,45308,0,0,0,65946132,9026040,34359738367,537112,0,62720,0,1126400,0,0,0,0,0,0,0,0,2048,0,488720,42405888,93323264
1743619851.002190,600855,21068469,0,131892268,123120256,122902288,0,756752,0,182660,5521260,112576,5022228,70084,499032,1048576,1048576,0,0,49308,0,5997128,516688,187008,107352,718916,107352,611564,27856,45308,0,0,0,65946132,9026040,34359738367,537112,0,62720,0,1126400,0,0,0,0,0,0,0,0,2048,0,488720,42405888,93323264
1743619852.001264,600855,21068469,0,131892268,123109316,122891352,0,756760,0,182660,5521864,112576,5022828,70084,499036,1048576,1048576,0,0,0,23148,5997724,516688,187008,107352,719964,107352,612612,27856,45308,0,0,0,65946132,9026040,34359738367,537112,0,62720,0,1126400,0,0,0,0,0,0,0,0,2048,0,488720,42405888,93323264
1743619853.001892,600855,21068469,0,131892268,123118368,122900712,0,757076,0,182992,5522548,112880,5023232,70112,499316,1048576,1048576,0,0,56,0,5998444,516748,187068,107352,718776,107352,611424,27856,45308,0,0,0,65946132,9026040,34359738367,537112,0,62720,0,1126400,0,0,0,0,0,0,0,0,2048,0,488720,42405888,93323264
1743619854.001965,600855,21068469,0,131892268,123118292,122900668,0,757076,0,183048,5522640,112880,5023348,70168,499292,1048576,1048576,0,0,56,0,5998524,516748,187068,107352,718776,107352,611424,27856,45308,0,0,0,65946132,9026040,34359738367,537112,0,62720,0,1126400,0,0,0,0,0,0,0,0,2048,0,488720,42405888,93323264
1743619855.001747,600855,21068469,0,131892268,123117508,122899884,0,757092,0,183228,5523180,113012,5023936,70216,499244,1048576,1048576,0,0,76,0,5999240,516748,187068,107352,718776,107352,611424,27856,45308,0,0,0,65946132,9026040,34359738367,537112,0,62720,0,1126400,0,0,0,0,0,0,0,0,2048,0,488720,42405888,93323264
1743619856.001818,600855,21068469,0,131892268,123116696,122899072,0,757108,0,183464,5523724,113188,5024540,70276,499184,1048576,1048576,0,0,92,0,6000104,516748,187068,107352,718776,107352,611424,27856,45308,0,0,0,65946132,9026040,34359738367,537112,0,62720,0,1126400,0,0,0,0,0,0,0,0,2048,0,488720,42405888,93323264
1743619857.001377,600855,21068469,0,131892268,123116612,122898988,0,757116,0,183464,5523784,113188,5024600,70276,499184,1048576,1048576,0,0,100,0,6000156,516748,187068,107352,718776,107352,611424,27856,45308,0,0,0,65946132,9026040,34359738367,537112,0,62720,0,1126400,0,0,0,0,0,0,0,0,2048,0,488720,42405888,93323264
1743619858.001481,600855,21068469,0,131892268,123115772,122898148,0,757120,0,183704,5524324,113428,5025140,70276,499184,1048576,1048576,0,0,104,0,6001032,516748,187068,107352,718776,107352,611424,27856,45308,0,0,0,65946132,9026040,34359738367,537112,0,62720,0,1126400,0,0,0,0,0,0,0,0,2048,0,488720,42405888,93323264
1743619859.002022,600855,21068469,0,131892268,123066576,122897420,0,805712,0,186616,5570088,113708,5025068,72908,545020,1048576,1048576,0,0,49000,0,6001040,516748,187068,107352,719532,107352,612180,27856,45304,0,0,0,65946132,9024384,34359738367,537112,0,62720,0,1126400,0,0,0,0,0,0,0,0,2048,0,488720,42405888,93323264
1743619860.001149,600855,21068469,0,131892268,123066464,122897356,0,805716,0,186616,5570244,113708,5025176,72908,545068,1048576,1048576,0,0,49004,0,6001152,516748,187068,107352,719532,107352,612180,27856,45304,0,0,0,65946132,9024384,34359738367,537112,0,62720,0,1126400,0,0,0,0,0,0,0,0,2048,0,488720,42405888,93323264
1743619861.001891,600855,21068469,0,131892268,123065456,122896412,0,805732,0,186976,5570964,113992,5025908,72984,545056,1048576,1048576,0,0,49020,0,6002256,516748,187068,107352,719532,107352,612180,27856,45304,0,0,0,65946132,9024384,34359738367,537112,0,62720,0,1126400,0,0,0,0,0,0,0,0,2048,0,488720,42405888,93323264
1743619862.001405,600855,21068469,0,131892268,123064056,122895072,0,805748,0,187204,5572120,114100,5027124,73104,544996,1048576,1048576,0,0,49036,0,6003612,516748,187068,107352,719532,107352,612180,27856,45308,0,0,0,65946132,9024384,34359738367,537112,0,62720,0,1126400,0,0,0,0,0,0,0,0,2048,0,488720,42405888,93323264
1743619863.001529,600855,21068469,0,131892268,123063928,122894944,0,805748,0,187204,5572180,114100,5027184,73104,544996,1048576,1048576,0,0,49036,0,6003716,516748,187068,107352,719532,107352,612180,27856,45308,0,0,0,65946132,9024384,34359738367,537112,0,62720,0,1126400,0,0,0,0,0,0,0,0,2048,0,488720,42405888,93323264
1743619864.002183,600855,21068469,0,131892268,123062668,122893684,0,805760,0,187504,5573140,114400,5028144,73104,544996,1048576,1048576,0,0,49048,0,6005040,516748,187068,107352,719532,107352,612180,27856,45308,0,0,0,65946132,9024384,34359738367,537112,0,62720,0,1126400,0,0,0,0,0,0,0,0,2048,0,488720,42405888,93323264
1743619865.001736,600855,21068469,0,131892268,123060876,122892340,0,806076,0,187744,5574844,114588,5029452,73156,545392,1048576,1048576,0,0,49084,0,6006480,516808,187128,107352,719540,107352,612188,27856,45308,0,0,0,65946132,9024384,34359738367,537112,0,62720,0,1126400,0,0,0,0,0,0,0,0,2048,0,488720,42405888,93323264
1743619866.001807,600855,21068469,0,131892268,123060576,122892096,0,806080,0,187804,5575024,114648,5029576,73156,545448,1048576,1048576,0,0,49088,0,6006764,516808,187128,107352,719572,107352,612220,27856,45308,0,0,0,65946132,9024384,34359738367,537112,0,62720,0,1126400,0,0,0,0,0,0,0,0,2048,0,488720,42405888,93323264
1743619867.001294,600855,21068469,0,131892268,123058952,122890572,0,806084,0,188524,5575804,115280,5030344,73244,545460,1048576,1048576,0,0,49092,0,6008312,516808,187128,107352,719572,107352,612220,27856,45308,0,0,0,65946132,9024384,34359738367,537112,0,62720,0,1126400,0,0,0,0,0,0,0,0,2048,0,488720,42405888,93323264
1743619868.001824,600855,21068469,0,131892268,123057860,122889480,0,806104,0,188584,5576944,115340,5031484,73244,545460,1048576,1048576,0,0,49112,0,6009448,516808,187128,107352,719572,107352,612220,27856,45308,0,0,0,65946132,9024384,34359738367,537112,0,62720,0,1126400,0,0,0,0,0,0,0,0,2048,0,488720,42405888,93323264
1743619869.001896,600855,21068469,0,131892268,123057188,122888808,0,806112,0,188644,5577544,115400,5032084,73244,545460,1048576,1048576,0,0,49120,0,6010168,516808,187128,107352,719572,107352,612220,27856,45308,0,0,0,65946132,9024384,34359738367,537112,0,62720,0,1126400,0,0,0,0,0,0,0,0,2048,0,488720,42405888,93323264
1743619870.001387,600855,21068469,0,131892268,123055340,122886960,0,806120,0,189476,5578512,116200,5033084,73276,545428,1048576,1048576,0,0,49128,0,6011984,516808,187128,107352,719572,107352,612220,27856,45328,0,0,0,65946132,9031976,34359738367,537112,0,62720,0,1126400,0,0,0,0,0,0,0,0,2048,0,488720,42405888,93323264
1743619871.001562,600855,21068469,0,131892268,123030696,122862568,0,806376,0,189896,5603100,116532,5057508,73364,545592,1048576,1048576,0,0,49164,220,6036604,516808,187128,107352,719572,107352,612220,27856,45328,0,0,0,65946132,9057588,34359738367,537112,0,62720,0,1126400,0,0,0,0,0,0,0,0,2048,0,488720,42405888,93323264
1743619872.001683,600855,21068469,0,131892268,123028996,122860952,0,806380,0,190012,5604232,116648,5058556,73364,545676,1048576,1048576,0,0,49168,0,6037988,516808,187128,107352,719572,107352,612220,27856,45372,0,0,0,65946132,9057588,34359738367,537112,0,62720,0,1126400,0,0,0,0,0,0,0,0,2048,0,488720,42405888,93323264
1743619873.002217,600855,21068469,0,131892268,123015200,122847156,0,806388,0,191284,5605144,117920,5059468,73364,545676,1048576,1048576,0,0,0,21876,6040164,516808,187128,107352,720548,107352,613196,27856,45372,0,0,0,65946132,9057588,34359738367,537112,0,62720,0,1126400,0,0,0,0,0,0,0,0,2048,0,488720,42405888,93323264
1743619874.001337,600855,21068469,0,131892268,122976692,122851332,0,849828,0,192056,5648988,118060,5061260,73996,587728,1048576,1048576,0,0,45064,0,6042232,516808,187128,107352,719240,107352,611888,27856,45376,0,0,0,65946132,9070604,34359738367,537112,0,62720,0,1126400,0,0,0,0,0,0,0,0,2048,0,488720,42405888,93323264
1743619875.001887,600855,21068469,0,131892268,122974612,122854688,0,854736,0,194072,5653896,118212,5062596,75860,591300,1048576,1048576,0,0,48904,0,6043360,516808,187128,107352,720008,107352,612656,27856,45396,0,0,0,65946132,9070604,34359738367,537112,0,62720,0,1126400,0,0,0,0,0,0,0,0,2048,0,488720,42405888,93323264
1743619876.001957,600855,21068469,0,131892268,122965316,122845480,0,854744,0,194312,5662956,118364,5071656,75948,591300,1048576,1048576,0,0,48912,0,6052612,516808,187128,107352,720008,107352,612656,27856,45408,0,0,0,65946132,9070604,34359738367,537112,0,62720,0,1126400,0,0,0,0,0,0,0,0,2048,0,488720,42405888,93323264
1743619877.001467,600855,21068469,0,131892268,122965048,122845212,0,854764,0,194312,5663196,118364,5071896,75948,591300,1048576,1048576,0,0,48932,0,6052908,516808,187128,107352,720008,107352,612656,27856,45408,0,0,0,65946132,9070604,34359738367,537112,0,62720,0,1126400,0,0,0,0,0,0,0,0,2048,0,488720,42405888,93323264
1743619878.001545,600855,21068469,0,131892268,122962472,122842896,0,855008,0,194920,5665156,118968,5073600,75952,591556,1048576,1048576,0,0,48952,0,6055288,516812,187132,107352,720016,107352,612664,27856,45408,0,0,0,65946132,9070604,34359738367,537112,0,62720,0,1126400,0,0,0,0,0,0,0,0,2048,0,488720,42405888,93323264
1743619879.002092,600855,21068469,0,131892268,122961240,122841664,0,855012,0,194920,5666404,118968,5074848,75952,591556,1048576,1048576,0,0,48956,0,6056468,516812,187132,107352,720016,107352,612664,27856,45408,0,0,0,65946132,9070604,34359738367,537112,0,62720,0,1126400,0,0,0,0,0,0,0,0,2048,0,488720,42405888,93323264
1743619880.001220,600855,21068469,0,131892268,122959900,122840324,0,855020,0,195576,5667080,119576,5075572,76000,591508,1048576,1048576,0,0,48964,0,6057864,516812,187132,107352,720016,107352,612664,27856,45408,0,0,0,65946132,9070604,34359738367,537112,0,62720,0,1126400,0,0,0,0,0,0,0,0,2048,0,488720,42405888,93323264
1743619881.001328,600855,21068469,0,131892268,122957324,122837760,0,855032,0,195936,5669360,119824,5077952,76112,591408,1048576,1048576,0,0,48976,0,6060420,516812,187132,107352,720016,107352,612664,27856,45424,0,0,0,65946132,9088688,34359738367,537112,0,62720,0,1126400,0,0,0,0,0,0,0,0,2048,0,488720,42405888,93323264
1743619882.001893,600855,21068469,0,131892268,122959620,122840116,0,855044,0,195936,5667140,119824,5075672,76112,591468,1048576,1048576,0,0,48988,0,6058100,516812,187132,107352,720016,107352,612664,27856,45424,0,0,0,65946132,9088396,34359738367,537112,0,62720,0,1126400,0,0,0,0,0,0,0,0,2048,0,488720,42405888,93323264
1743619883.001964,600855,21068469,0,131892268,122957548,122838044,0,855056,0,196588,5668676,120432,5077252,76156,591424,1048576,1048576,0,0,49000,0,6060212,516812,187132,107352,720016,107352,612664,27856,45424,0,0,0,65946132,9088396,34359738367,537112,0,62720,0,1126400,0,0,0,0,0,0,0,0,2048,0,488720,42405888,93323264
1743619884.001433,600855,21068469,0,131892268,122939824,122820564,0,855312,0,196672,5686048,120516,5094380,76156,591668,1048576,1048576,0,0,49036,220,6077580,516812,187132,107352,720020,107352,612668,27856,45436,0,0,0,65946132,9108868,34359738367,537112,0,62720,0,1126400,0,0,0,0,0,0,0,0,2048,0,488720,42405888,93323264
1743619885.002010,600855,21068469,0,131892268,122938788,122819528,0,855312,0,197624,5686260,121432,5094628,76192,591632,1048576,1048576,0,0,49036,0,6078652,516812,187132,107352,720020,107352,612668,27856,45468,0,0,0,65946132,9108868,34359738367,537112,0,62720,0,1126400,0,0,0,0,0,0,0,0,2048,0,488720,42405888,93323264
1743619886.000660,600855,21068469,0,131892268,122936848,122817628,0,855324,0,197804,5688000,121560,5096380,76244,591620,1048576,1048576,0,0,49048,0,6080536,516812,187132,107352,720028,107352,612676,27856,45468,0,0,0,65946132,9108868,34359738367,537112,0,62720,0,1126400,0,0,0,0,0,0,0,0,2048,0,488720,42405888,93323264
1743619887.001786,600855,21068469,0,131892268,122936680,122817460,0,855328,0,197804,5688060,121560,5096440,76244,591620,1048576,1048576,0,0,49052,0,6080712,516812,187132,107352,720028,107352,612676,27856,45468,0,0,0,65946132,9108868,34359738367,537112,0,62720,0,1126400,0,0,0,0,0,0,0,0,2048,0,488720,42405888,93323264
1743619888.002246,600855,21068469,0,131892268,122934832,122815612,0,855336,0,198512,5689152,122268,5097532,76244,591620,1048576,1048576,0,0,49060,0,6082508,516812,187132,107352,720028,107352,612676,27856,45468,0,0,0,65946132,9108868,34359738367,537112,0,62720,0,1126400,0,0,0,0,0,0,0,0,2048,0,488720,42405888,93323264
1743619889.001378,600855,21068469,0,131892268,122928036,122808824,0,855340,0,199020,5689488,122772,5097864,76248,591624,1048576,1048576,0,0,4,6536,6083368,516812,187132,107352,720124,107352,612772,27856,45468,0,0,0,65946132,9108868,34359738367,537112,0,62720,0,1126400,0,0,0,0,0,0,0,0,2048,0,488720,42405888,93323264
1743619890.001852,600855,21068469,0,131892268,122934188,122814976,0,855352,0,200104,5689484,123816,5097900,76288,591584,1048576,1048576,0,0,24,0,6084404,516812,187132,107352,718596,107352,611244,27856,45468,0,0,0,65946132,9108868,34359738367,537112,0,62720,0,1126400,0,0,0,0,0,0,0,0,2048,0,488720,42405888,93323264
1743619891.001849,600855,21068469,0,131892268,122885096,122814068,0,903912,0,203260,5734616,124408,5097412,78852,637204,1048576,1048576,0,0,48900,0,6083984,516812,187132,107352,719592,107352,612240,27856,45464,0,0,0,65946132,9108868,34359738367,537112,0,62720,0,1126400,0,0,0,0,0,0,0,0,2048,0,488720,42405888,93323264
1743619892.001917,600855,21068469,0,131892268,122883504,122812696,0,903916,0,203916,5735520,124888,5098272,79028,637248,1048576,1048576,0,0,48904,0,6085608,516812,187132,107352,719592,107352,612240,27856,45464,0,0,0,65946132,9108868,34359738367,537112,0,62720,0,1126400,0,0,0,0,0,0,0,0,2048,0,488720,42405888,93323264
1743619893.001457,600855,21068469,0,131892268,122882776,122812080,0,903928,0,203960,5736352,124932,5098992,79028,637360,1048576,1048576,0,0,48916,0,6086392,516812,187132,107352,719592,107352,612240,27856,45472,0,0,0,65946132,9113216,34359738367,537112,0,62720,0,1126400,0,0,0,0,0,0,0,0,2048,0,488720,42405888,93323264
1743619894.001554,600855,21068469,0,131892268,122881816,122811120,0,903932,0,204200,5736904,125120,5099596,79080,637308,1048576,1048576,0,0,48920,0,6087324,516812,187132,107352,719600,107352,612248,27856,45472,0,0,0,65946132,9113216,34359738367,537112,0,62720,0,1126400,0,0,0,0,0,0,0,0,2048,0,488720,42405888,93323264
1743619895.002120,600855,21068469,0,131892268,122880052,122809364,0,903940,0,204664,5738180,125544,5100904,79120,637276,1048576,1048576,0,0,48928,0,6089052,516812,187132,107352,719600,107352,612248,27856,45472,0,0,0,65946132,9113216,34359738367,537112,0,62720,0,1126400,0,0,0,0,0,0,0,0,2048,0,488720,42405888,93323264
1743619896.001242,600855,21068469,0,131892268,122879828,122809140,0,903940,0,204664,5738480,125544,5101204,79120,637276,1048576,1048576,0,0,48928,0,6089288,516812,187132,107352,719600,107352,612248,27856,45472,0,0,0,65946132,9113216,34359738367,537112,0,62720,0,1126400,0,0,0,0,0,0,0,0,2048,0,488720,42405888,93323264
1743619897.001821,600855,21068469,0,131892268,122878308,122807628,0,903960,0,205240,5739524,126120,5102240,79120,637284,1048576,1048576,0,0,48948,0,6090756,516812,187132,107352,719608,107352,612256,27856,45472,0,0,0,65946132,9113216,34359738367,537112,0,62720,0,1126400,0,0,0,0,0,0,0,0,2048,0,488720,42405888,93323264
1743619898.001863,600855,21068469,0,131892268,122877776,122807332,0,904216,0,206528,5738760,127408,5101240,79120,637520,1048576,1048576,0,0,48984,220,6091036,516812,187132,107352,719616,107352,612264,27856,45476,0,0,0,65946132,9113216,34359738367,537112,0,62720,0,1126400,0,0,0,0,0,0,0,0,2048,0,488720,42405888,93323264
1743619899.001459,600855,21068469,0,131892268,122876208,122805948,0,904224,0,207132,5739776,127980,5102104,79152,637672,1048576,1048576,0,0,48992,0,6092572,516812,187132,107352,719616,107352,612264,27856,45476,0,0,0,65946132,9113216,34359738367,537112,0,62720,0,1126400,0,0,0,0,0,0,0,0,2048,0,488720,42405888,93323264
1743619900.001598,600855,21068469,0,131892268,122875228,122804968,0,904236,0,207132,5740736,127980,5103064,79152,637672,1048576,1048576,0,0,49004,0,6093512,516812,187132,107352,719616,107352,612264,27856,45476,0,0,0,65946132,9113216,34359738367,537112,0,62720,0,1126400,0,0,0,0,0,0,0,0,2048,0,488720,42405888,93323264
1743619901.001638,600855,21068469,0,131892268,122874584,122804336,0,904236,0,207552,5741096,128316,5103496,79236,637600,1048576,1048576,0,0,49004,0,6094252,516812,187132,107352,719616,107352,612264,27856,45476,0,0,0,65946132,9113216,34359738367,537112,0,62720,0,1126400,0,0,0,0,0,0,0,0,2048,0,488720,42405888,93323264
1743619902.002042,600855,21068469,0,131892268,122872876,122802628,0,904244,0,208540,5741608,129304,5104008,79236,637600,1048576,1048576,0,0,49012,0,6095968,516812,187132,107352,719616,107352,612264,27856,45476,0,0,0,65946132,9113216,34359738367,537112,0,62720,0,1126400,0,0,0,0,0,0,0,0,2048,0,488720,42405888,93323264
1743619903.001168,600855,21068469,0,131892268,122872672,122802424,0,904244,0,208540,5741848,129304,5104248,79236,637600,1048576,1048576,0,0,49012,0,6096220,516812,187132,107352,719624,107352,612272,27856,45476,0,0,0,65946132,9113216,34359738367,537112,0,62720,0,1126400,0,0,0,0,0,0,0,0,2048,0,488720,42405888,93323264
1743619904.001695,600855,21068469,0,131892268,122871132,122800892,0,904252,0,208860,5743088,129568,5105536,79292,637552,1048576,1048576,0,0,49020,0,6097720,516812,187132,107352,719624,107352,612272,27856,45476,0,0,0,65946132,9113216,34359738367,537112,0,62720,0,1126400,0,0,0,0,0,0,0,0,2048,0,488720,42405888,93323264
1743619905.002096,600855,21068469,0,131892268,122870876,122800748,0,904276,0,208920,5743440,129604,5105800,79316,637640,1048576,1048576,0,0,24,0,6097964,516812,187132,107352,719252,107352,611900,27856,45480,0,0,0,65946132,9113216,34359738367,537112,0,62720,0,1126400,0,0,0,0,0,0,0,0,2048,0,488720,42405888,93323264
1743619906.001221,600855,21068469,0,131892268,122869240,122799344,0,904520,0,209856,5744260,130528,5106400,79328,637860,1048576,1048576,0,0,52,0,6099520,516812,187132,107352,719252,107352,611900,27856,45480,0,0,0,65946132,9113216,34359738367,537112,0,62720,0,1126400,0,0,0,0,0,0,0,0,2048,0,488720,42405888,93323264
1743619907.001709,600855,21068469,0,131892268,122868848,122799000,0,904616,0,209856,5744740,130528,5106832,79328,637908,1048576,1048576,0,0,52,0,6099748,516816,187132,107352,719252,107352,611900,27856,45480,0,0,0,65946132,9113216,34359738367,537112,0,62720,0,1126400,0,0,0,0,0,0,0,0,2048,0,488720,42405888,93323264
1743619908.002239,600855,21068469,0,131892268,122867404,122797612,0,904628,0,210172,5745744,130844,5107780,79328,637964,1048576,1048576,0,0,64,0,6101284,516816,187132,107352,719252,107352,611900,27856,45480,0,0,0,65946132,9113216,34359738367,537112,0,62720,0,1126400,0,0,0,0,0,0,0,0,2048,0,488720,42405888,93323264
1743619909.001372,600855,21068469,0,131892268,122802412,122777944,0,950332,0,211980,5804568,131128,5122804,80852,681764,1048576,1048576,0,0,44992,0,6116084,516816,187132,107352,720044,107352,612692,27856,45492,0,0,0,65946132,9136248,34359738367,537112,0,62720,0,1126400,0,0,0,0,0,0,0,0,2048,0,488720,42405888,93323264
1743619910.001945,600855,21068469,0,131892268,122801968,122780452,0,953024,0,213292,5807452,131372,5123804,81920,683648,1048576,1048576,0,0,48980,0,6117708,516816,187132,107352,720080,107352,612728,27856,45524,0,0,0,65946132,9136248,34359738367,537112,0,62720,0,1126400,0,0,0,0,0,0,0,0,2048,0,488720,42405888,93323264
1743619911.002090,600855,21068469,0,131892268,122800652,122779140,0,953036,0,213292,5808892,131372,5125240,81920,683652,1048576,1048576,0,0,48992,0,6119012,516816,187132,107352,720080,107352,612728,27856,45528,0,0,0,65946132,9136248,34359738367,537112,0,62720,0,1126400,0,0,0,0,0,0,0,0,2048,0,488720,42405888,93323264
1743619912.001221,600855,21068469,0,131892268,122800232,122778744,0,953040,0,214188,5808236,132200,5124628,81988,683608,1048576,1048576,0,0,48996,0,6119472,516816,187132,107352,720080,107352,612728,27856,45528,0,0,0,65946132,9136248,34359738367,537112,0,62720,0,1126400,0,0,0,0,0,0,0,0,2048,0,488720,42405888,93323264
1743619913.001828,600855,21068469,0,131892268,122798360,122777216,0,953300,0,214196,5809944,132208,5125992,81988,683952,1048576,1048576,0,0,49036,0,6120804,516816,187132,107352,720084,107352,612732,27856,45528,0,0,0,65946132,9158792,34359738367,537112,0,62720,0,1126400,0,0,0,0,0,0,0,0,2048,0,488720,42405888,93323264
1743619914.001930,600855,21068469,0,131892268,122798160,122777028,0,953308,0,214588,5809792,132600,5125828,81988,683964,1048576,1048576,0,0,49048,0,6121176,516816,187132,107352,720084,107352,612732,27856,45560,0,0,0,65946132,9158792,34359738367,537112,0,62720,0,1126400,0,0,0,0,0,0,0,0,2048,0,488720,42405888,93323264
1743619915.001563,600855,21068469,0,131892268,122796416,122775284,0,953316,0,214832,5811108,132808,5127180,82024,683928,1048576,1048576,0,0,49056,0,6122908,516816,187132,107352,720092,107352,612740,27856,45560,0,0,0,65946132,9158792,34359738367,537112,0,62720,0,1126400,0,0,0,0,0,0,0,0,2048,0,488720,42405888,93323264
1743619916.001702,600855,21068469,0,131892268,122796268,122775148,0,953316,0,214832,5811588,132808,5127648,82024,683940,1048576,1048576,0,0,49056,0,6123088,516816,187132,107352,720100,107352,612748,27856,45560,0,0,0,65946132,9158792,34359738367,537112,0,62720,0,1126400,0,0,0,0,0,0,0,0,2048,0,488720,42405888,93323264
1743619917.002228,600855,21068469,0,131892268,122794636,122773516,0,953328,0,215204,5812716,133180,5128776,82024,683940,1048576,1048576,0,0,49068,0,6124636,516816,187132,107352,720108,107352,612756,27856,45560,0,0,0,65946132,9158792,34359738367,537112,0,62720,0,1126400,0,0,0,0,0,0,0,0,2048,0,488720,42405888,93323264
1743619918.001295,600855,21068469,0,131892268,122794440,122773324,0,953328,0,215204,5812956,133180,5129012,82024,683944,1048576,1048576,0,0,49068,0,6124856,516816,187132,107352,720108,107352,612756,27856,45560,0,0,0,65946132,9163344,34359738367,537112,0,62720,0,1126400,0,0,0,0,0,0,0,0,2048,0,488720,42405888,93323264
1743619919.001934,600855,21068469,0,131892268,122790072,122768956,0,953340,0,217156,5815512,135080,5131620,82076,683892,1048576,1048576,0,0,49080,0,6129304,516816,187132,107352,720108,107352,612756,27856,45572,0,0,0,65946132,9163344,34359738367,537112,0,62720,0,1126400,0,0,0,0,0,0,0,0,2048,0,488720,42405888,93323264
1743619920.002007,600855,21068469,0,131892268,122789568,122768780,0,953604,0,217156,5816008,135080,5131788,82076,684220,1048576,1048576,0,0,49116,224,6129524,516820,187136,107352,720108,107352,612756,27856,45576,0,0,0,65946132,9163344,34359738367,537112,0,62720,0,1126400,0,0,0,0,0,0,0,0,2048,0,488720,42405888,93323264
1743619921.001234,600855,21068469,0,131892268,122788408,122767620,0,953616,0,218636,5816024,136560,5131804,82076,684220,1048576,1048576,0,0,16,0,6130936,516820,187136,107352,719128,107352,611776,27856,45576,0,0,0,65946132,9163344,34359738367,537112,0,62720,0,1126400,0,0,0,0,0,0,0,0,2048,0,488720,42405888,93323264
1743619922.001762,600855,21068469,0,131892268,122788800,122768012,0,953620,0,218636,5816264,136560,5132044,82076,684220,1048576,1048576,0,0,20,0,6131192,516820,187136,107352,719160,107352,611808,27856,45576,0,0,0,65946132,9163344,34359738367,537112,0,62720,0,1126400,0,0,0,0,0,0,0,0,2048,0,488720,42405888,93323264
1743619923.001829,600855,21068469,0,131892268,122787352,122766576,0,953628,0,218904,5817376,136828,5133144,82076,684232,1048576,1048576,0,0,40,0,6132616,516820,187136,107352,719160,107352,611808,27856,45576,0,0,0,65946132,9163344,34359738367,537112,0,62720,0,1126400,0,0,0,0,0,0,0,0,2048,0,488720,42405888,93323264
1743619924.001268,600855,21068469,0,131892268,122786176,122765400,0,953628,0,218904,5818684,136828,5134452,82076,684232,1048576,1048576,0,0,40,0,6133840,516820,187136,107352,719160,107352,611808,27856,45576,0,0,0,65946132,9163344,34359738367,537112,0,62720,0,1126400,0,0,0,0,0,0,0,0,2048,0,488720,42405888,93323264
1743619925.001722,600855,21068469,0,131892268,122784832,122764056,0,953636,0,219740,5819000,137664,5134768,82076,684232,1048576,1048576,0,0,48,0,6135160,516820,187136,107352,719160,107352,611808,27856,45580,0,0,0,65946132,9163344,34359738367,537112,0,62720,0,1126400,0,0,0,0,0,0,0,0,2048,0,488720,42405888,93323264
1743619926.001787,600855,21068469,0,131892268,122784040,122763272,0,953644,0,219740,5819780,137664,5135540,82076,684240,1048576,1048576,0,0,56,0,6135912,516820,187136,107352,719168,107352,611816,27856,45580,0,0,0,65946132,9163344,34359738367,537112,0,62720,0,1126400,0,0,0,0,0,0,0,0,2048,0,488720,42405888,93323264
1743619927.001415,600855,21068469,0,131892268,122783256,122762488,0,953648,0,220120,5820360,138044,5136120,82076,684240,1048576,1048576,0,0,60,0,6136740,516820,187136,107352,719168,107352,611816,27856,45580,0,0,0,65946132,9163344,34359738367,537112,0,62720,0,1126400,0,0,0,0,0,0,0,0,2048,0,488720,42405888,93323264
1743619928.002068,600855,21068469,0,131892268,122732996,122760456,0,1002256,0,223012,5866732,138572,5136628,84440,730104,1048576,1048576,0,0,48980,0,6137308,516820,187136,107352,720104,107352,612752,27872,45580,0,0,0,65946132,9164008,34359738367,537112,0,62720,0,1126400,0,0,0,0,0,0,0,0,2048,0,488720,42405888,93323264
1743619929.001192,600855,21068469,0,131892268,122732180,122759868,0,1002260,0,223192,5867572,138664,5137328,84528,730244,1048576,1048576,0,0,48984,0,6138360,516820,187136,107352,720104,107352,612752,27872,45580,0,0,0,65946132,9164008,34359738367,537112,0,62720,0,1126400,0,0,0,0,0,0,0,0,2048,0,488720,42405888,93323264
1743619930.001643,600855,21068469,0,131892268,122730976,122758676,0,1002272,0,223192,5868712,138664,5138456,84528,730256,1048576,1048576,0,0,48996,0,6139556,516820,187136,107352,720104,107352,612752,27872,45580,0,0,0,65946132,9164008,34359738367,537112,0,62720,0,1126400,0,0,0,0,0,0,0,0,2048,0,488720,42405888,93323264
1743619931.002037,600855,21068469,0,131892268,122730444,122758176,0,1002280,0,223372,5869192,138760,5138988,84612,730204,1048576,1048576,0,0,49004,0,6140024,516820,187136,107352,720104,107352,612752,27872,45580,0,0,0,65946132,9164008,34359738367,537112,0,62720,0,1126400,0,0,0,0,0,0,0,0,2048,0,488720,42405888,93323264
1743619932.001161,600855,21068469,0,131892268,122729016,122756796,0,1002288,0,223432,5870512,138772,5140308,84660,730204,1048576,1048576,0,0,49012,0,6141468,516820,187136,107352,720104,107352,612752,27872,45580,0,0,0,65946132,9164008,34359738367,537112,0,62720,0,1126400,0,0,0,0,0,0,0,0,2048,0,488720,42405888,93323264
1743619933.001718,600855,21068469,0,131892268,122728680,122756460,0,1002288,0,223492,5870632,138832,5140428,84660,730204,1048576,1048576,0,0,49012,0,6141752,516820,187136,107352,720104,107352,612752,27872,45580,0,0,0,65946132,9164008,34359738367,537112,0,62720,0,1126400,0,0,0,0,0,0,0,0,2048,0,488720,42405888,93323264
1743619934.001785,600855,21068469,0,131892268,122727140,122754976,0,1002296,0,223552,5872192,138892,5141932,84660,730260,1048576,1048576,0,0,49020,0,6143316,516820,187136,107352,720104,107352,612752,27872,45580,0,0,0,65946132,9164008,34359738367,537112,0,62720,0,1126400,0,0,0,0,0,0,0,0,2048,0,488720,42405888,93323264
1743619935.001381,600855,21068469,0,131892268,122726972,122754808,0,1002296,0,223552,5872252,138892,5141992,84660,730260,1048576,1048576,0,0,49020,0,6143496,516820,187136,107352,720104,107352,612752,27872,45580,0,0,0,65946132,9164008,34359738367,537112,0,62720,0,1126400,0,0,0,0,0,0,0,0,2048,0,488720,42405888,93323264
1743619936.001500,600855,21068469,0,131892268,122725208,122753340,0,1002568,0,224148,5873616,139432,5143116,84716,730500,1048576,1048576,0,0,49064,0,6144988,516824,187140,107352,720108,107352,612756,27872,45580,0,0,0,65946132,9164008,34359738367,537112,0,62720,0,1126400,0,0,0,0,0,0,0,0,2048,0,488720,42405888,93323264
1743619937.002063,600855,21068469,0,131892268,122726220,122754368,0,1002568,0,224164,5873616,139432,5143116,84732,730500,1048576,1048576,0,0,8,0,6145124,516824,187140,107352,718748,107352,611396,27872,45580,0,0,0,65946132,9164008,34359738367,537112,0,62720,0,1126400,0,0,0,0,0,0,0,0,2048,0,488720,42405888,93323264
1743619938.001155,600855,21068469,0,131892268,122723168,122751364,0,1002580,0,226084,5874876,141268,5144412,84816,730464,1048576,1048576,0,0,28,0,6148236,516824,187140,107352,718748,107352,611396,27872,45584,0,0,0,65946132,9164008,34359738367,537112,0,62720,0,1126400,0,0,0,0,0,0,0,0,2048,0,488720,42405888,93323264
1743619939.001682,600855,21068469,0,131892268,122722924,122751136,0,1002588,0,226084,5875236,141268,5144756,84816,730480,1048576,1048576,0,0,40,0,6148460,516824,187140,107352,718744,107352,611392,27872,45584,0,0,0,65946132,9164008,34359738367,537112,0,62720,0,1126400,0,0,0,0,0,0,0,0,2048,0,488720,42405888,93323264
1743619940.001752,600855,21068469,0,131892268,122721496,122749708,0,1002596,0,227612,5874968,142768,5144516,84844,730452,1048576,1048576,0,0,48,0,6149908,516824,187140,107352,718744,107352,611392,27872,45588,0,0,0,65946132,9164008,34359738367,537112,0,62720,0,1126400,0,0,0,0,0,0,0,0,2048,0,488720,42405888,93323264
1743619941.001802,600855,21068469,0,131892268,122721328,122749540,0,1002600,0,227612,5875208,142768,5144756,84844,730452,1048576,1048576,0,0,52,0,6150120,516824,187140,107352,718744,107352,611392,27872,45588,0,0,0,65946132,9168320,34359738367,537112,0,62720,0,1126400,0,0,0,0,0,0,0,0,2048,0,488720,42405888,93323264
1743619942.002263,600855,21068469,0,131892268,122719928,122748140,0,1002604,0,227844,5876232,142944,5145836,84900,730396,1048576,1048576,0,0,56,0,6151520,516824,187140,107352,718744,107352,611392,27872,45596,0,0,0,65946132,9168320,34359738367,537112,0,62720,0,1126400,0,0,0,0,0,0,0,0,2048,0,488720,42405888,93323264
1743619943.001387,600855,21068469,0,131892268,122735636,122764088,0,1002852,0,227844,5860552,142944,5129916,84900,730636,1048576,1048576,0,0,80,128,6135592,516824,187140,107352,718744,107352,611392,27872,45596,0,0,0,65946132,9152756,34359738367,537112,0,62720,0,1126400,0,0,0,0,0,0,0,0,2048,0,488720,42405888,93323264
1743619944.001888,600855,21068469,0,131892268,122734768,122763304,0,1002876,0,228068,5861296,143168,5130576,84900,730720,1048576,1048576,0,0,104,0,6136352,516824,187140,107352,718744,107352,611392,27872,45564,0,0,0,65946132,9152756,34359738367,537112,0,62720,0,1126400,0,0,0,0,0,0,0,0,2048,0,488720,42405888,93323264
1743619945.001418,600855,21068469,0,131892268,122724884,122753420,0,1002876,0,228068,5871052,143168,5140332,84900,730720,1048576,1048576,0,0,104,0,6146144,516824,187140,107352,718744,107352,611392,27872,45564,0,0,0,65946132,9162548,34359738367,537112,0,62720,0,1126400,0,0,0,0,0,0,0,0,2048,0,488720,42405888,93323264
1743619946.001540,600855,21068469,0,131892268,122723652,122752212,0,1002884,0,228384,5872144,143484,5141400,84900,730744,1048576,1048576,0,0,112,0,6147564,516824,187140,107352,718744,107352,611392,27872,45584,0,0,0,65946132,9162548,34359738367,537112,0,62720,0,1126400,0,0,0,0,0,0,0,0,2048,0,488720,42405888,93323264
1743619947.002132,600855,21068469,0,131892268,122674208,122747260,0,1048176,0,229732,5915324,143656,5141264,86076,774060,1048576,1048576,0,0,45172,0,6147212,516824,187140,107352,719836,107352,612484,27872,45584,0,0,0,65946132,9163676,34359738367,537112,0,62720,0,1126400,0,0,0,0,0,0,0,0,2048,0,488720,42405888,93323264
1743619948.001586,600855,21068469,0,131892268,122673472,122750112,0,1051248,0,231312,5918396,143760,5142224,87552,776172,1048576,1048576,0,0,49004,0,6148384,516824,187140,107352,719816,107352,612464,27872,45584,0,0,0,65946132,9163676,34359738367,537112,0,62720,0,1126400,0,0,0,0,0,0,0,0,2048,0,488720,42405888,93323264
1743619949.001669,600855,21068469,0,131892268,122671764,122748480,0,1051248,0,231312,5919524,143760,5143276,87552,776248,1048576,1048576,0,0,49004,0,6150088,516824,187140,107352,719816,107352,612464,27872,45584,0,0,0,65946132,9163676,34359738367,537112,0,62720,0,1126400,0,0,0,0,0,0,0,0,2048,0,488720,42405888,93323264
1743619950.002062,600855,21068469,0,131892268,122670896,122747652,0,1051264,0,232148,5920020,144552,5143776,87596,776244,1048576,1048576,0,0,49020,0,6150952,516824,187140,107352,719820,107352,612468,27872,45584,0,0,0,65946132,9163676,34359738367,537112,0,62720,0,1126400,0,0,0,0,0,0,0,0,2048,0,488720,42405888,93323264
1743619951.002016,600855,21068469,0,131892268,122670532,122747528,0,1051520,0,232172,5920460,144564,5143988,87608,776472,1048576,1048576,0,0,49052,0,6151152,516824,187140,107352,719824,107352,612472,27872,45584,0,0,0,65946132,9163676,34359738367,537112,0,62720,0,1126400,0,0,0,0,0,0,0,0,2048,0,488720,42405888,93323264
1743619952.001138,600855,21068469,0,131892268,122669188,122746200,0,1051524,0,232272,5921680,144664,5145192,87608,776488,1048576,1048576,0,0,49056,0,6152392,516824,187140,107352,719824,107352,612472,27872,45584,0,0,0,65946132,9163676,34359738367,537112,0,62720,0,1126400,0,0,0,0,0,0,0,0,2048,0,488720,42405888,93323264
1743619953.001699,600855,21068469,0,131892268,122669048,122746060,0,1051524,0,232272,5921920,144664,5145432,87608,776488,1048576,1048576,0,0,49056,0,6152628,516824,187140,107352,719824,107352,612472,27872,45584,0,0,0,65946132,9163676,34359738367,537112,0,62720,0,1126400,0,0,0,0,0,0,0,0,2048,0,488720,42405888,93323264
1743619954.001766,600855,21068469,0,131892268,122667816,122744828,0,1051532,0,232460,5922812,144852,5146324,87608,776488,1048576,1048576,0,0,49064,0,6153756,516824,187140,107352,719824,107352,612472,27872,45588,0,0,0,65946132,9163676,34359738367,537112,0,62720,0,1126400,0,0,0,0,0,0,0,0,2048,0,488720,42405888,93323264
1743619955.001396,600855,21068469,0,131892268,122667732,122744744,0,1051536,0,232460,5922992,144852,5146504,87608,776488,1048576,1048576,0,0,49068,0,6153916,516824,187140,107352,719824,107352,612472,27872,45588,0,0,0,65946132,9163676,34359738367,537112,0,62720,0,1126400,0,0,0,0,0,0,0,0,2048,0,488720,42405888,93323264
1743619956.001462,600855,21068469,0,131892268,122666500,122743572,0,1051552,0,232600,5924052,144960,5147536,87640,776516,1048576,1048576,0,0,49084,0,6155112,516824,187140,107352,719828,107352,612476,27872,45592,0,0,0,65946132,9163676,34359738367,537112,0,62720,0,1126400,0,0,0,0,0,0,0,0,2048,0,488720,42405888,93323264
1743619957.002053,600855,21068469,0,131892268,122655100,122732192,0,1051560,0,232600,5924832,144960,5148296,87640,776536,1048576,1048576,0,0,204,18520,6155824,516824,187140,107352,719828,107352,612476,27872,45592,0,0,0,65946132,9163676,34359738367,537112,0,62720,0,1126400,0,0,0,0,0,0,0,0,2048,0,488720,42405888,93323264
1743619958.001177,600855,21068469,0,131892268,122666132,122743260,0,1051564,0,232800,5925328,145096,5148820,87704,776508,1048576,1048576,0,0,12,0,6156508,516824,187140,107352,718408,107352,611056,27872,45596,0,0,0,65946132,9163676,34359738367,537112,0,62720,0,1126400,0,0,0,0,0,0,0,0,2048,0,488720,42405888,93323264
1743619959.001904,600855,21068469,0,131892268,122649576,122726936,0,1051824,0,233320,5941364,145560,5164680,87760,776684,1048576,1048576,0,0,56,224,6172836,516824,187140,107352,718416,107352,611064,27872,45596,0,0,0,65946132,9182120,34359738367,537112,0,62720,0,1126400,0,0,0,0,0,0,0,0,2048,0,488720,42405888,93323264
1743619960.001992,600855,21068469,0,131892268,122646132,122723504,0,1051832,0,233796,5944380,146028,5167692,87768,776688,1048576,1048576,0,0,64,0,6176332,516824,187140,107352,718416,107352,611064,27872,45632,0,0,0,65946132,9182120,34359738367,537112,0,62720,0,1126400,0,0,0,0,0,0,0,0,2048,0,488720,42405888,93323264
1743619961.001572,600855,21068469,0,131892268,122645824,122723196,0,1051836,0,233796,5944560,146028,5167872,87768,776688,1048576,1048576,0,0,68,0,6176576,516824,187140,107352,718416,107352,611064,27872,45632,0,0,0,65946132,9182120,34359738367,537112,0,62720,0,1126400,0,0,0,0,0,0,0,0,2048,0,488720,42405888,93323264
1743619962.002097,600855,21068469,0,131892268,122644620,122721992,0,1051840,0,235496,5943940,147688,5167292,87808,776648,1048576,1048576,0,0,72,0,6177800,516824,187140,107352,718416,107352,611064,27872,45632,0,0,0,65946132,9182120,34359738367,537112,0,62720,0,1126400,0,0,0,0,0,0,0,0,2048,0,488720,42405888,93323264
1743619963.001170,600855,21068469,0,131892268,122644424,122721796,0,1051848,0,235496,5944120,147688,5167472,87808,776648,1048576,1048576,0,0,80,0,6177964,516824,187140,107352,718416,107352,611064,27872,45632,0,0,0,65946132,9182120,34359738367,537112,0,62720,0,1126400,0,0,0,0,0,0,0,0,2048,0,488720,42405888,93323264
1743619964.001708,600855,21068469,0,131892268,122643136,122720520,0,1051852,0,235576,5945420,147756,5168772,87820,776648,1048576,1048576,0,0,84,0,6179244,516824,187140,107352,718416,107352,611064,27872,45632,0,0,0,65946132,9182120,34359738367,537112,0,62720,0,1126400,0,0,0,0,0,0,0,0,2048,0,488720,42405888,93323264
1743619965.002188,600855,21068469,0,131892268,122642940,122720336,0,1051868,0,235576,5945540,147756,5168880,87820,776660,1048576,1048576,0,0,104,0,6179444,516824,187140,107352,718416,107352,611064,27872,45632,0,0,0,65946132,9182120,34359738367,537112,0,62720,0,1126400,0,0,0,0,0,0,0,0,2048,0,488720,42405888,93323264
1743619966.001293,600855,21068469,0,131892268,122641708,122719120,0,1051872,0,235624,5946932,147760,5170300,87864,776632,1048576,1048576,0,0,108,0,6180676,516824,187140,107352,718416,107352,611064,27872,45632,0,0,0,65946132,9182120,34359738367,537112,0,62720,0,1126400,0,0,0,0,0,0,0,0,2048,0,488720,42405888,93323264
1743619967.001833,600855,21068469,0,131892268,122893604,123019188,0,1100288,0,238612,5681512,148176,4859280,90436,822232,1048576,1048576,0,0,28928,4536,5870148,517324,187184,107352,719504,107352,612152,27920,45072,0,0,0,65946132,8877116,34359738367,537128,0,62720,0,1126400,0,0,0,0,0,0,0,0,2048,0,488720,42405888,93323264
1743619968.002278,600855,21068469,0,131892268,123288732,123415840,0,1101732,0,238392,5296988,147720,4473472,90672,823516,1048576,1048576,0,0,4900,0,5483176,517816,187212,107356,718652,107356,611296,27920,44096,0,0,0,65946132,8413240,34359738367,537128,0,62720,0,1126400,0,0,0,0,0,0,0,0,2048,0,488720,42405888,93323264
1743619969.001371,600855,21068469,0,131892268,123288724,123415832,0,1101732,0,238392,5296988,147720,4473472,90672,823516,1048576,1048576,0,0,4900,0,5483176,517816,187212,107356,718660,107356,611304,27936,44096,0,0,0,65946132,8413240,34359738367,537128,0,62720,0,1126400,0,0,0,0,0,0,0,0,2048,0,488720,42405888,93323264
1743619970.001797,600855,21068469,0,131892268,123288724,123415832,0,1101732,0,238392,5296988,147720,4473472,90672,823516,1048576,1048576,0,0,4900,0,5483176,517816,187212,107356,718660,107356,611304,27936,44096,0,0,0,65946132,8413240,34359738367,537128,0,62720,0,1126400,0,0,0,0,0,0,0,0,2048,0,488720,42405888,93323264
1743619971.002043,600855,21068469,0,131892268,123287772,123416004,0,1103028,0,238408,5298112,147736,4473472,90672,824640,1048576,1048576,0,0,4920,0,5483208,518632,187212,107356,718660,107356,611304,27936,44160,0,0,0,65946132,8413240,34359738367,537128,0,62720,0,1126400,0,0,0,0,0,0,0,0,2048,0,488720,42405888,93323264
1743619972.001138,600855,21068469,0,131892268,123287788,123416020,0,1103028,0,238408,5298112,147736,4473472,90672,824640,1048576,1048576,0,0,4920,0,5483208,518632,187212,107356,718660,107356,611304,27936,44160,0,0,0,65946132,8413240,34359738367,537128,0,62720,0,1126400,0,0,0,0,0,0,0,0,2048,0,488720,42405888,93323264
1743619973.001567,600855,21068469,0,131892268,123287816,123416048,0,1103028,0,238408,5298112,147736,4473472,90672,824640,1048576,1048576,0,0,4920,0,5483208,518632,187212,107356,718660,107356,611304,27936,44160,0,0,0,65946132,8413240,34359738367,537128,0,62720,0,1126400,0,0,0,0,0,0,0,0,2048,0,488720,42405888,93323264
1743619974.001705,600855,21068469,0,131892268,123287816,123416048,0,1103028,0,238408,5298112,147736,4473472,90672,824640,1048576,1048576,0,0,4920,0,5483208,518632,187212,107356,718660,107356,611304,27936,44160,0,0,0,65946132,8413240,34359738367,537128,0,62720,0,1126400,0,0,0,0,0,0,0,0,2048,0,488720,42405888,93323264
1743619975.002241,600855,21068469,0,131892268,123287808,123416040,0,1103028,0,238408,5298112,147736,4473472,90672,824640,1048576,1048576,0,0,4920,0,5483208,518632,187212,107356,718668,107356,611312,27936,44160,0,0,0,65946132,8413240,34359738367,537128,0,62720,0,1126400,0,0,0,0,0,0,0,0,2048,0,488720,42405888,93323264
1743619976.001366,600855,21068469,0,131892268,123287808,123416040,0,1103028,0,238408,5298112,147736,4473472,90672,824640,1048576,1048576,0,0,4920,0,5483208,518632,187212,107356,718668,107356,611312,27936,44160,0,0,0,65946132,8413240,34359738367,537128,0,62720,0,1126400,0,0,0,0,0,0,0,0,2048,0,488720,42405888,93323264
1743619977.001947,600855,21068469,0,131892268,123287808,123416040,0,1103028,0,238408,5298112,147736,4473472,90672,824640,1048576,1048576,0,0,4920,0,5483208,518632,187212,107356,718668,107356,611312,27936,44160,0,0,0,65946132,8413240,34359738367,537128,0,62720,0,1126400,0,0,0,0,0,0,0,0,2048,0,488720,42405888,93323264
1743619978.002015,600855,21068469,0,131892268,123287808,123416040,0,1103028,0,238408,5298112,147736,4473472,90672,824640,1048576,1048576,0,0,4920,0,5483208,518632,187212,107356,718668,107356,611312,27920,44160,0,0,0,65946132,8413240,34359738367,537128,0,62720,0,1126400,0,0,0,0,0,0,0,0,2048,0,488720,42405888,93323264
1743619979.001546,600855,21068469,0,131892268,123287836,123416068,0,1103028,0,238408,5298112,147736,4473472,90672,824640,1048576,1048576,0,0,4920,0,5483208,518632,187212,107356,718668,107356,611312,27904,44160,0,0,0,65946132,8413240,34359738367,537112,0,62720,0,1126400,0,0,0,0,0,0,0,0,2048,0,488720,42405888,93323264
1743619980.001678,600855,21068469,0,131892268,123287836,123416068,0,1103028,0,238408,5298112,147736,4473472,90672,824640,1048576,1048576,0,0,4920,0,5483208,518632,187212,107356,718668,107356,611312,27904,44160,0,0,0,65946132,8413240,34359738367,537112,0,62720,0,1126400,0,0,0,0,0,0,0,0,2048,0,488720,42405888,93323264
1743619981.001276,600855,21068469,0,131892268,123287856,123416088,0,1103028,0,238408,5298112,147736,4473472,90672,824640,1048576,1048576,0,0,4920,0,5483208,518632,187212,107356,718676,107356,611320,27904,44160,0,0,0,65946132,8413240,34359738367,537112,0,62720,0,1126400,0,0,0,0,0,0,0,0,2048,0,488720,42405888,93323264
1743619982.001683,600855,21068469,0,131892268,123287856,123416088,0,1103028,0,238408,5298112,147736,4473472,90672,824640,1048576,1048576,0,0,4920,0,5483208,518632,187212,107356,718676,107356,611320,27904,44160,0,0,0,65946132,8413240,34359738367,537112,0,62720,0,1126400,0,0,0,0,0,0,0,0,2048,0,488720,42405888,93323264
1743619983.001753,600855,21068469,0,131892268,123287884,123416116,0,1103028,0,238408,5298112,147736,4473472,90672,824640,1048576,1048576,0,0,384,504,5483208,518632,187212,107356,718676,107356,611320,27904,44160,0,0,0,65946132,8413240,34359738367,537112,0,62720,0,1126400,0,0,0,0,0,0,0,0,2048,0,488720,42405888,93323264
1743619984.002052,600855,21068469,0,131892268,123287908,123416140,0,1103028,0,238408,5298112,147736,4473472,90672,824640,1048576,1048576,0,0,0,0,5483208,518632,187212,107356,718696,107356,611340,27904,44160,0,0,0,65946132,8413240,34359738367,537112,0,62720,0,1126400,0,0,0,0,0,0,0,0,2048,0,488720,42405888,93323264
1743619985.001536,600855,21068469,0,131892268,123287908,123416140,0,1103028,0,238408,5298112,147736,4473472,90672,824640,1048576,1048576,0,0,0,0,5483208,518632,187212,107356,718696,107356,611340,27904,44160,0,0,0,65946132,8413240,34359738367,537112,0,62720,0,1126400,0,0,0,0,0,0,0,0,2048,0,488720,42405888,93323264
1743619986.001633,600855,21068469,0,131892268,123287908,123416140,0,1103028,0,238408,5298112,147736,4473472,90672,824640,1048576,1048576,0,0,0,0,5483208,518632,187212,107356,718696,107356,611340,27904,44160,0,0,0,65946132,8413240,34359738367,537112,0,62720,0,1126400,0,0,0,0,0,0,0,0,2048,0,488720,42405888,93323264
1743619987.001938,600855,21068469,0,131892268,123287908,123416140,0,1103028,0,238408,5298112,147736,4473472,90672,824640,1048576,1048576,0,0,0,0,5483208,518632,187212,107356,718696,107356,611340,27904,44160,0,0,0,65946132,8413240,34359738367,537112,0,62720,0,1126400,0,0,0,0,0,0,0,0,2048,0,488720,42405888,93323264
1743619988.001365,600855,21068469,0,131892268,123287900,123416132,0,1103028,0,238408,5298112,147736,4473472,90672,824640,1048576,1048576,0,0,0,0,5483208,518632,187212,107356,718704,107356,611348,27904,44160,0,0,0,65946132,8413240,34359738367,537112,0,62720,0,1126400,0,0,0,0,0,0,0,0,2048,0,488720,42405888,93323264
1743619989.001436,600855,21068469,0,131892268,123287900,123416132,0,1103028,0,238408,5298112,147736,4473472,90672,824640,1048576,1048576,0,0,0,0,5483208,518632,187212,107356,718704,107356,611348,27904,44160,0,0,0,65946132,8413240,34359738367,537112,0,62720,0,1126400,0,0,0,0,0,0,0,0,2048,0,488720,42405888,93323264
1743619990.001736,600855,21068469,0,131892268,123287900,123416132,0,1103028,0,238408,5298112,147736,4473472,90672,824640,1048576,1048576,0,0,0,0,5483208,518632,187212,107356,718704,107356,611348,27904,44160,0,0,0,65946132,8413240,34359738367,537112,0,62720,0,1126400,0,0,0,0,0,0,0,0,2048,0,488720,42405888,93323264
1743619991.001719,600855,21068469,0,131892268,123287892,123416124,0,1103028,0,238408,5298112,147736,4473472,90672,824640,1048576,1048576,0,0,0,0,5483208,518632,187212,107356,718712,107356,611356,27904,44160,0,0,0,65946132,8413240,34359738367,537112,0,62720,0,1126400,0,0,0,0,0,0,0,0,2048,0,488720,42405888,93323264
1743619992.001790,600855,21068469,0,131892268,123287892,123416124,0,1103028,0,238408,5298112,147736,4473472,90672,824640,1048576,1048576,0,0,0,0,5483208,518632,187212,107356,718712,107356,611356,27904,44160,0,0,0,65946132,8413240,34359738367,537112,0,62720,0,1126400,0,0,0,0,0,0,0,0,2048,0,488720,42405888,93323264
1743619993.002248,600855,21068469,0,131892268,123287884,123416116,0,1103028,0,238408,5298112,147736,4473472,90672,824640,1048576,1048576,0,0,0,0,5483208,518632,187212,107356,718720,107356,611364,27904,44160,0,0,0,65946132,8413240,34359738367,537112,0,62720,0,1126400,0,0,0,0,0,0,0,0,2048,0,488720,42405888,93323264
1743619994.001382,600855,21068469,0,131892268,123287884,123416116,0,1103028,0,238408,5298112,147736,4473472,90672,824640,1048576,1048576,0,0,0,0,5483208,518632,187212,107356,718720,107356,611364,27904,44160,0,0,0,65946132,8413240,34359738367,537112,0,62720,0,1126400,0,0,0,0,0,0,0,0,2048,0,488720,42405888,93323264
1743619995.001881,600855,21068469,0,131892268,123287884,123416116,0,1103028,0,238408,5298112,147736,4473472,90672,824640,1048576,1048576,0,0,0,0,5483208,518632,187212,107356,718720,107356,611364,27904,44160,0,0,0,65946132,8413240,34359738367,537112,0,62720,0,1126400,0,0,0,0,0,0,0,0,2048,0,488720,42405888,93323264
1743619996.001951,600855,21068469,0,131892268,123287884,123416116,0,1103028,0,238408,5298112,147736,4473472,90672,824640,1048576,1048576,0,0,0,0,5483208,518632,187212,107356,718720,107356,611364,27904,44160,0,0,0,65946132,8413240,34359738367,537112,0,62720,0,1126400,0,0,0,0,0,0,0,0,2048,0,488720,42405888,93323264
1743619997.001456,600855,21068469,0,131892268,123287884,123416116,0,1103028,0,238408,5298112,147736,4473472,90672,824640,1048576,1048576,0,0,0,0,5483208,518632,187212,107356,718720,107356,611364,27904,44160,0,0,0,65946132,8413240,34359738367,537112,0,62720,0,1126400,0,0,0,0,0,0,0,0,2048,0,488720,42405888,93323264
1743619998.001532,600855,21068469,0,131892268,123287876,123416108,0,1103028,0,238408,5298112,147736,4473472,90672,824640,1048576,1048576,0,0,0,0,5483208,518632,187212,107356,718728,107356,611372,27904,44160,0,0,0,65946132,8413240,34359738367,537112,0,62720,0,1126400,0,0,0,0,0,0,0,0,2048,0,488720,42405888,93323264
1743619999.002099,600855,21068469,0,131892268,123287868,123416100,0,1103028,0,238408,5298112,147736,4473472,90672,824640,1048576,1048576,0,0,0,0,5483208,518632,187212,107356,718736,107356,611380,27904,44160,0,0,0,65946132,8413240,34359738367,537112,0,62720,0,1126400,0,0,0,0,0,0,0,0,2048,0,488720,42405888,93323264
1743620000.001223,600855,21068469,0,131892268,123287868,123416100,0,1103028,0,238408,5298112,147736,4473472,90672,824640,1048576,1048576,0,0,0,0,5483208,518632,187212,107356,718736,107356,611380,27904,44160,0,0,0,65946132,8413240,34359738367,537112,0,62720,0,1126400,0,0,0,0,0,0,0,0,2048,0,488720,42405888,93323264
1743620001.001946,600855,21068469,0,131892268,123287840,123416072,0,1103028,0,238408,5298112,147736,4473472,90672,824640,1048576,1048576,0,0,0,0,5483208,518632,187212,107356,718736,107356,611380,27904,44160,0,0,0,65946132,8413240,34359738367,537112,0,62720,0,1126400,0,0,0,0,0,0,0,0,2048,0,488720,42405888,93323264
1743620002.001406,600855,21068469,0,131892268,123287840,123416072,0,1103028,0,238408,5298112,147736,4473472,90672,824640,1048576,1048576,0,0,0,0,5483208,518632,187212,107356,718736,107356,611380,27904,44160,0,0,0,65946132,8413240,34359738367,537112,0,62720,0,1126400,0,0,0,0,0,0,0,0,2048,0,488720,42405888,93323264
1743620003.001532,600855,21068469,0,131892268,123287840,123416072,0,1103028,0,238408,5298112,147736,4473472,90672,824640,1048576,1048576,0,0,0,0,5483208,518632,187212,107356,718736,107356,611380,27904,44160,0,0,0,65946132,8413240,34359738367,537112,0,62720,0,1126400,0,0,0,0,0,0,0,0,2048,0,488720,42405888,93323264
1743620004.001947,600855,21068469,0,131892268,123287840,123416072,0,1103028,0,238408,5298112,147736,4473472,90672,824640,1048576,1048576,0,0,0,0,5483208,518632,187212,107356,718736,107356,611380,27904,44160,0,0,0,65946132,8413240,34359738367,537112,0,62720,0,1126400,0,0,0,0,0,0,0,0,2048,0,488720,42405888,93323264
1743620005.001469,600855,21068469,0,131892268,123287840,123416072,0,1103028,0,238408,5298112,147736,4473472,90672,824640,1048576,1048576,0,0,0,0,5483208,518632,187212,107356,718736,107356,611380,27904,44160,0,0,0,65946132,8413240,34359738367,537112,0,62720,0,1126400,0,0,0,0,0,0,0,0,2048,0,488720,42405888,93323264
1743620006.001548,600855,21068469,0,131892268,123287832,123416064,0,1103028,0,238408,5298112,147736,4473472,90672,824640,1048576,1048576,0,0,0,0,5483208,518632,187212,107356,718744,107356,611388,27904,44160,0,0,0,65946132,8413240,34359738367,537112,0,62720,0,1126400,0,0,0,0,0,0,0,0,2048,0,488720,42405888,93323264
1743620007.001919,600855,21068469,0,131892268,123287832,123416064,0,1103028,0,238408,5298112,147736,4473472,90672,824640,1048576,1048576,0,0,0,0,5483208,518632,187212,107356,718744,107356,611388,27904,44160,0,0,0,65946132,8413240,34359738367,537112,0,62720,0,1126400,0,0,0,0,0,0,0,0,2048,0,488720,42405888,93323264
1743620008.001418,600855,21068469,0,131892268,123287832,123416064,0,1103028,0,238408,5298112,147736,4473472,90672,824640,1048576,1048576,0,0,0,0,5483208,518632,187212,107356,718744,107356,611388,27904,44160,0,0,0,65946132,8413240,34359738367,537112,0,62720,0,1126400,0,0,0,0,0,0,0,0,2048,0,488720,42405888,93323264
1743620009.001542,600855,21068469,0,131892268,123287832,123416064,0,1103028,0,238408,5298112,147736,4473472,90672,824640,1048576,1048576,0,0,0,0,5483208,518632,187212,107356,718744,107356,611388,27904,44160,0,0,0,65946132,8413240,34359738367,537112,0,62720,0,1126400,0,0,0,0,0,0,0,0,2048,0,488720,42405888,93323264
1743620010.001949,600855,21068469,0,131892268,123287832,123416064,0,1103028,0,238408,5298112,147736,4473472,90672,824640,1048576,1048576,0,0,0,0,5483208,518632,187212,107356,718744,107356,611388,27904,44160,0,0,0,65946132,8413240,34359738367,537112,0,62720,0,1126400,0,0,0,0,0,0,0,0,2048,0,488720,42405888,93323264
1743620011.001993,600855,21068469,0,131892268,123287824,123416056,0,1103028,0,238408,5298112,147736,4473472,90672,824640,1048576,1048576,0,0,0,0,5483208,518632,187212,107356,718752,107356,611396,27904,44160,0,0,0,65946132,8413240,34359738367,537128,0,62720,0,1126400,0,0,0,0,0,0,0,0,2048,0,488720,42405888,93323264
1743620012.002062,600855,21068469,0,131892268,123287852,123416084,0,1103028,0,238408,5298112,147736,4473472,90672,824640,1048576,1048576,0,0,0,0,5483208,518632,187212,107356,718752,107356,611396,27904,44160,0,0,0,65946132,8413240,34359738367,537112,0,62720,0,1126400,0,0,0,0,0,0,0,0,2048,0,488720,42405888,93323264
1743620013.001668,600855,21068469,0,131892268,123287852,123416084,0,1103028,0,238408,5298112,147736,4473472,90672,824640,1048576,1048576,0,0,0,0,5483208,518632,187212,107356,718752,107356,611396,27904,44160,0,0,0,65946132,8413240,34359738367,537112,0,62720,0,1126400,0,0,0,0,0,0,0,0,2048,0,488720,42405888,93323264
1743620014.001771,600855,21068469,0,131892268,123287852,123416084,0,1103028,0,238408,5298112,147736,4473472,90672,824640,1048576,1048576,0,0,0,0,5483208,518632,187212,107356,718752,107356,611396,27904,44160,0,0,0,65946132,8413240,34359738367,537112,0,62720,0,1126400,0,0,0,0,0,0,0,0,2048,0,488720,42405888,93323264
1743620015.002293,600855,21068469,0,131892268,123287852,123416084,0,1103028,0,238408,5298112,147736,4473472,90672,824640,1048576,1048576,0,0,0,0,5483208,518632,187212,107356,718752,107356,611396,27904,44160,0,0,0,65946132,8413240,34359738367,537112,0,62720,0,1126400,0,0,0,0,0,0,0,0,2048,0,488720,42405888,93323264
1743620016.001364,600855,21068469,0,131892268,123287908,123416140,0,1103028,0,238408,5298112,147736,4473472,90672,824640,1048576,1048576,0,0,0,0,5483208,518632,187212,107356,718752,107356,611396,27888,44160,0,0,0,65946132,8413240,34359738367,537112,0,62720,0,1126400,0,0,0,0,0,0,0,0,2048,0,488720,42405888,93323264
1743620017.001862,600855,21068469,0,131892268,123287908,123416140,0,1103028,0,238408,5298112,147736,4473472,90672,824640,1048576,1048576,0,0,0,0,5483208,518632,187212,107356,718752,107356,611396,27888,44160,0,0,0,65946132,8413240,34359738367,537112,0,62720,0,1126400,0,0,0,0,0,0,0,0,2048,0,488720,42405888,93323264
1743620018.001934,600855,21068469,0,131892268,123287936,123416168,0,1103028,0,238408,5298112,147736,4473472,90672,824640,1048576,1048576,0,0,0,0,5483208,518632,187212,107356,718752,107356,611396,27888,44160,0,0,0,65946132,8413240,34359738367,537112,0,62720,0,1126400,0,0,0,0,0,0,0,0,2048,0,488720,42405888,93323264
1743620019.001441,600855,21068469,0,131892268,123287936,123416168,0,1103028,0,238408,5298112,147736,4473472,90672,824640,1048576,1048576,0,0,0,0,5483208,518632,187212,107356,718752,107356,611396,27888,44160,0,0,0,65946132,8413240,34359738367,537112,0,62720,0,1126400,0,0,0,0,0,0,0,0,2048,0,488720,42405888,93323264
1743620020.001513,600855,21068469,0,131892268,123287936,123416168,0,1103028,0,238408,5298112,147736,4473472,90672,824640,1048576,1048576,0,0,0,0,5483208,518632,187212,107356,718752,107356,611396,27888,44160,0,0,0,65946132,8413240,34359738367,537112,0,62720,0,1126400,0,0,0,0,0,0,0,0,2048,0,488720,42405888,93323264
1743620021.001345,600855,21068469,0,131892268,123287928,123416160,0,1103028,0,238408,5298112,147736,4473472,90672,824640,1048576,1048576,0,0,0,0,5483208,518632,187212,107356,718760,107356,611404,27888,44160,0,0,0,65946132,8413240,34359738367,537112,0,62720,0,1126400,0,0,0,0,0,0,0,0,2048,0,488720,42405888,93323264
1743620022.001774,600855,21068469,0,131892268,123287928,123416160,0,1103028,0,238408,5298112,147736,4473472,90672,824640,1048576,1048576,0,0,0,0,5483208,518632,187212,107356,718760,107356,611404,27888,44160,0,0,0,65946132,8413240,34359738367,537112,0,62720,0,1126400,0,0,0,0,0,0,0,0,2048,0,488720,42405888,93323264
1743620023.001848,600855,21068469,0,131892268,123287928,123416160,0,1103028,0,238408,5298112,147736,4473472,90672,824640,1048576,1048576,0,0,0,0,5483208,518632,187212,107356,718760,107356,611404,27888,44160,0,0,0,65946132,8413240,34359738367,537112,0,62720,0,1126400,0,0,0,0,0,0,0,0,2048,0,488720,42405888,93323264
1743620024.001282,600855,21068469,0,131892268,123287920,123416152,0,1103028,0,238408,5298112,147736,4473472,90672,824640,1048576,1048576,0,0,0,0,5483208,518632,187212,107356,718768,107356,611412,27888,44160,0,0,0,65946132,8413240,34359738367,537112,0,62720,0,1126400,0,0,0,0,0,0,0,0,2048,0,488720,42405888,93323264
1743620025.001801,600855,21068469,0,131892268,123287920,123416152,0,1103028,0,238408,5298112,147736,4473472,90672,824640,1048576,1048576,0,0,0,0,5483208,518632,187212,107356,718768,107356,611412,27888,44160,0,0,0,65946132,8413240,34359738367,537112,0,62720,0,1126400,0,0,0,0,0,0,0,0,2048,0,488720,42405888,93323264
1743620026.001924,600855,21068469,0,131892268,123287912,123416144,0,1103028,0,238408,5298112,147736,4473472,90672,824640,1048576,1048576,0,0,0,0,5483208,518632,187212,107356,718776,107356,611420,27888,44160,0,0,0,65946132,8413240,34359738367,537112,0,62720,0,1126400,0,0,0,0,0,0,0,0,2048,0,488720,42405888,93323264
1743620027.001380,600855,21068469,0,131892268,123287904,123416136,0,1103028,0,238408,5298112,147736,4473472,90672,824640,1048576,1048576,0,0,0,0,5483208,518632,187212,107356,718784,107356,611428,27888,44160,0,0,0,65946132,8413240,34359738367,537112,0,62720,0,1126400,0,0,0,0,0,0,0,0,2048,0,488720,42405888,93323264
1743620028.001881,600855,21068469,0,131892268,123287904,123416136,0,1103028,0,238408,5298112,147736,4473472,90672,824640,1048576,1048576,0,0,0,0,5483208,518632,187212,107356,718784,107356,611428,27888,44160,0,0,0,65946132,8413240,34359738367,537112,0,62720,0,1126400,0,0,0,0,0,0,0,0,2048,0,488720,42405888,93323264
1743620029.001973,600855,21068469,0,131892268,123287904,123416136,0,1103028,0,238408,5298112,147736,4473472,90672,824640,1048576,1048576,0,0,0,0,5483208,518632,187212,107356,718784,107356,611428,27888,44160,0,0,0,65946132,8413240,34359738367,537112,0,62720,0,1126400,0,0,0,0,0,0,0,0,2048,0,488720,42405888,93323264
1743620030.001409,600855,21068469,0,131892268,123287904,123416136,0,1103028,0,238408,5298112,147736,4473472,90672,824640,1048576,1048576,0,0,0,0,5483208,518632,187212,107356,718784,107356,611428,27888,44160,0,0,0,65946132,8413240,34359738367,537112,0,62720,0,1126400,0,0,0,0,0,0,0,0,2048,0,488720,42405888,93323264
1743620031.002053,600855,21068469,0,131892268,123287904,123416136,0,1103028,0,238408,5298112,147736,4473472,90672,824640,1048576,1048576,0,0,0,0,5483208,518632,187212,107356,718784,107356,611428,27888,44160,0,0,0,65946132,8413240,34359738367,537112,0,62720,0,1126400,0,0,0,0,0,0,0,0,2048,0,488720,42405888,93323264
1743620032.001179,600855,21068469,0,131892268,123287904,123416136,0,1103028,0,238408,5298112,147736,4473472,90672,824640,1048576,1048576,0,0,0,0,5483208,518632,187212,107356,718784,107356,611428,27888,44160,0,0,0,65946132,8413240,34359738367,537112,0,62720,0,1126400,0,0,0,0,0,0,0,0,2048,0,488720,42405888,93323264
1743620033.001731,600855,21068469,0,131892268,123287904,123416136,0,1103028,0,238408,5298112,147736,4473472,90672,824640,1048576,1048576,0,0,0,0,5483208,518632,187212,107356,718784,107356,611428,27888,44160,0,0,0,65946132,8413240,34359738367,537112,0,62720,0,1126400,0,0,0,0,0,0,0,0,2048,0,488720,42405888,93323264
1743620034.001859,600855,21068469,0,131892268,123287904,123416136,0,1103028,0,238408,5298112,147736,4473472,90672,824640,1048576,1048576,0,0,0,0,5483208,518632,187212,107356,718784,107356,611428,27888,44160,0,0,0,65946132,8413240,34359738367,537112,0,62720,0,1126400,0,0,0,0,0,0,0,0,2048,0,488720,42405888,93323264
1743620035.001429,600855,21068469,0,131892268,123287904,123416136,0,1103028,0,238408,5298112,147736,4473472,90672,824640,1048576,1048576,0,0,0,0,5483208,518632,187212,107356,718784,107356,611428,27888,44160,0,0,0,65946132,8413240,34359738367,537112,0,62720,0,1126400,0,0,0,0,0,0,0,0,2048,0,488720,42405888,93323264
1743620036.001553,600855,21068469,0,131892268,123287904,123416136,0,1103028,0,238408,5298112,147736,4473472,90672,824640,1048576,1048576,0,0,0,0,5483208,518632,187212,107356,718784,107356,611428,27888,44160,0,0,0,65946132,8413240,34359738367,537112,0,62720,0,1126400,0,0,0,0,0,0,0,0,2048,0,488720,42405888,93323264
1743620037.002097,600855,21068469,0,131892268,123287904,123416136,0,1103028,0,238408,5298112,147736,4473472,90672,824640,1048576,1048576,0,0,0,0,5483208,518632,187212,107356,718784,107356,611428,27888,44160,0,0,0,65946132,8413240,34359738367,537112,0,62720,0,1126400,0,0,0,0,0,0,0,0,2048,0,488720,42405888,93323264
1743620038.001194,600855,21068469,0,131892268,123287904,123416136,0,1103028,0,238408,5298112,147736,4473472,90672,824640,1048576,1048576,0,0,0,0,5483208,518632,187212,107356,718784,107356,611428,27888,44160,0,0,0,65946132,8413240,34359738367,537112,0,62720,0,1126400,0,0,0,0,0,0,0,0,2048,0,488720,42405888,93323264
1743620039.001784,600855,21068469,0,131892268,123287904,123416136,0,1103028,0,238408,5298112,147736,4473472,90672,824640,1048576,1048576,0,0,0,0,5483208,518632,187212,107356,718784,107356,611428,27872,44160,0,0,0,65946132,8413240,34359738367,537112,0,62720,0,1126400,0,0,0,0,0,0,0,0,2048,0,488720,42405888,93323264
1743620040.001861,600855,21068469,0,131892268,123287904,123416136,0,1103028,0,238408,5298112,147736,4473472,90672,824640,1048576,1048576,0,0,0,0,5483208,518632,187212,107356,718784,107356,611428,27872,44160,0,0,0,65946132,8413240,34359738367,537112,0,62720,0,1126400,0,0,0,0,0,0,0,0,2048,0,488720,42405888,93323264
1743620041.001706,600855,21068469,0,131892268,123287904,123416136,0,1103028,0,238408,5298112,147736,4473472,90672,824640,1048576,1048576,0,0,0,0,5483208,518632,187212,107356,718784,107356,611428,27872,44160,0,0,0,65946132,8413240,34359738367,537112,0,62720,0,1126400,0,0,0,0,0,0,0,0,2048,0,488720,42405888,93323264
1743620042.002111,600855,21068469,0,131892268,123287904,123416136,0,1103028,0,238408,5298112,147736,4473472,90672,824640,1048576,1048576,0,0,0,0,5483208,518632,187212,107356,718784,107356,611428,27872,44160,0,0,0,65946132,8413240,34359738367,537112,0,62720,0,1126400,0,0,0,0,0,0,0,0,2048,0,488720,42405888,93323264
1743620043.001240,600855,21068469,0,131892268,123287904,123416136,0,1103028,0,238408,5298112,147736,4473472,90672,824640,1048576,1048576,0,0,0,0,5483212,518632,187212,107356,718784,107356,611428,27872,44160,0,0,0,65946132,8413240,34359738367,537112,0,62720,0,1126400,0,0,0,0,0,0,0,0,2048,0,488720,42405888,93323264
1743620044.001713,600855,21068469,0,131892268,123287932,123416164,0,1103028,0,238408,5298112,147736,4473472,90672,824640,1048576,1048576,0,0,0,0,5483212,518632,187212,107356,718784,107356,611428,27872,44160,0,0,0,65946132,8413240,34359738367,537112,0,62720,0,1126400,0,0,0,0,0,0,0,0,2048,0,488720,42405888,93323264
1743620045.002141,600855,21068469,0,131892268,123287924,123416156,0,1103028,0,238408,5298112,147736,4473472,90672,824640,1048576,1048576,0,0,0,0,5483212,518632,187212,107356,718792,107356,611436,27872,44160,0,0,0,65946132,8413240,34359738367,537112,0,62720,0,1126400,0,0,0,0,0,0,0,0,2048,0,488720,42405888,93323264
1743620046.001267,600855,21068469,0,131892268,123287924,123416156,0,1103028,0,238408,5298112,147736,4473472,90672,824640,1048576,1048576,0,0,0,0,5483212,518632,187212,107356,718792,107356,611436,27872,44160,0,0,0,65946132,8413240,34359738367,537112,0,62720,0,1126400,0,0,0,0,0,0,0,0,2048,0,488720,42405888,93323264
1743620047.001697,600855,21068469,0,131892268,123287916,123416148,0,1103028,0,238408,5298112,147736,4473472,90672,824640,1048576,1048576,0,0,0,0,5483212,518632,187212,107356,718800,107356,611444,27872,44160,0,0,0,65946132,8413240,34359738367,537112,0,62720,0,1126400,0,0,0,0,0,0,0,0,2048,0,488720,42405888,93323264
1743620048.001921,600855,21068469,0,131892268,123259212,123396620,0,1112260,0,244124,5314192,147780,4485984,96344,828208,1048576,1048576,0,0,0,0,5496420,522320,187208,107228,718696,107228,611468,28528,45748,0,0,0,65946132,8449948,34359738367,537576,0,62720,0,1126400,0,0,0,0,0,0,0,0,2048,0,488720,42405888,93323264
1743620049.001717,600855,21068469,0,131892268,123263584,123405928,0,1116372,0,246876,5309600,147812,4479976,99064,829624,1048576,1048576,0,0,0,0,5489676,519040,187212,108828,720284,108828,611456,28112,44836,0,0,0,65946132,8445592,34359738367,537352,0,62720,0,1126400,0,0,0,0,0,0,0,0,2048,0,488720,42405888,93323264
1743620050.002147,600855,21068469,0,131892268,123263552,123406788,0,1116884,0,248164,5309364,147792,4480540,100372,828824,1048576,1048576,0,0,0,0,5490168,518828,187216,109596,721016,109596,611420,27984,44492,0,0,0,65946132,8451264,34359738367,537320,0,62720,0,1126400,0,0,0,0,0,0,0,0,2048,0,488720,42405888,93323264
1743620051.001549,600855,21068469,0,131892268,123266616,123413260,0,1120384,0,248252,5306168,147784,4473936,100468,832232,1048576,1048576,0,0,0,0,5483212,518632,187212,109404,720632,109404,611228,27888,44160,0,0,0,65946132,8450884,34359738367,537272,0,62720,0,1126400,0,0,0,0,0,0,0,0,2048,0,488720,42405888,93323264
1743620052.001700,600855,21068469,0,131892268,123266696,123413340,0,1120384,0,248252,5306168,147784,4473936,100468,832232,1048576,1048576,0,0,0,0,5483212,518632,187212,109404,720632,109404,611228,27888,44160,0,0,0,65946132,8450884,34359738367,537272,0,62720,0,1126400,0,0,0,0,0,0,0,0,2048,0,488720,42405888,93323264
1743620053.002251,600855,21068469,0,131892268,123266808,123413452,0,1120384,0,248252,5306168,147784,4473936,100468,832232,1048576,1048576,0,0,0,0,5483212,518632,187212,109404,720632,109404,611228,27888,44160,0,0,0,65946132,8450884,34359738367,537272,0,62720,0,1126400,0,0,0,0,0,0,0,0,2048,0,488720,42405888,93323264
1743620054.001371,600855,21068469,0,131892268,123266836,123413480,0,1120384,0,248252,5306168,147784,4473936,100468,832232,1048576,1048576,0,0,0,0,5483212,518632,187212,109404,720632,109404,611228,27888,44160,0,0,0,65946132,8450884,34359738367,537272,0,62720,0,1126400,0,0,0,0,0,0,0,0,2048,0,488720,42405888,93323264
1743620055.001879,600855,21068469,0,131892268,123266836,123413480,0,1120384,0,248252,5306168,147784,4473936,100468,832232,1048576,1048576,0,0,0,0,5483212,518632,187212,109404,720632,109404,611228,27888,44160,0,0,0,65946132,8450884,34359738367,537272,0,62720,0,1126400,0,0,0,0,0,0,0,0,2048,0,488720,42405888,93323264
1743620056.001949,600855,21068469,0,131892268,123266880,123413524,0,1120384,0,248252,5306168,147784,4473936,100468,832232,1048576,1048576,0,0,0,0,5483212,518632,187212,109404,720624,109404,611220,27888,44160,0,0,0,65946132,8450884,34359738367,537272,0,62720,0,1126400,0,0,0,0,0,0,0,0,2048,0,488720,42405888,93323264
1743620057.001452,600855,21068469,0,131892268,123266880,123413524,0,1120384,0,248252,5306168,147784,4473936,100468,832232,1048576,1048576,0,0,0,0,5483212,518632,187212,109404,720624,109404,611220,27888,44160,0,0,0,65946132,8450884,34359738367,537272,0,62720,0,1126400,0,0,0,0,0,0,0,0,2048,0,488720,42405888,93323264
1743620058.001517,600855,21068469,0,131892268,123266880,123413524,0,1120384,0,248252,5306168,147784,4473936,100468,832232,1048576,1048576,0,0,0,0,5483212,518632,187212,109404,720624,109404,611220,27888,44160,0,0,0,65946132,8450884,34359738367,537272,0,62720,0,1126400,0,0,0,0,0,0,0,0,2048,0,488720,42405888,93323264
1743620059.002007,600855,21068469,0,131892268,123266880,123413524,0,1120384,0,248252,5306168,147784,4473936,100468,832232,1048576,1048576,0,0,0,0,5483212,518632,187212,109404,720624,109404,611220,27888,44160,0,0,0,65946132,8450884,34359738367,537272,0,62720,0,1126400,0,0,0,0,0,0,0,0,2048,0,488720,42405888,93323264
1743620060.001135,600855,21068469,0,131892268,123266880,123413524,0,1120384,0,248252,5306168,147784,4473936,100468,832232,1048576,1048576,0,0,0,0,5483212,518632,187212,109404,720624,109404,611220,27888,44160,0,0,0,65946132,8450884,34359738367,537272,0,62720,0,1126400,0,0,0,0,0,0,0,0,2048,0,488720,42405888,93323264
1743620061.001226,600855,21068469,0,131892268,123266880,123413524,0,1120384,0,248252,5306168,147784,4473936,100468,832232,1048576,1048576,0,0,0,0,5483212,518632,187212,109404,720624,109404,611220,27888,44160,0,0,0,65946132,8450884,34359738367,537272,0,62720,0,1126400,0,0,0,0,0,0,0,0,2048,0,488720,42405888,93323264
1743620062.001745,600855,21068469,0,131892268,123266880,123413524,0,1120384,0,248252,5306168,147784,4473936,100468,832232,1048576,1048576,0,0,0,0,5483212,518632,187212,109404,720624,109404,611220,27888,44160,0,0,0,65946132,8450884,34359738367,537272,0,62720,0,1126400,0,0,0,0,0,0,0,0,2048,0,488720,42405888,93323264
1743620063.001819,600855,21068469,0,131892268,123266880,123413524,0,1120384,0,248252,5306168,147784,4473936,100468,832232,1048576,1048576,0,0,0,0,5483212,518632,187212,109404,720624,109404,611220,27888,44160,0,0,0,65946132,8450884,34359738367,537272,0,62720,0,1126400,0,0,0,0,0,0,0,0,2048,0,488720,42405888,93323264
1743620064.001206,600855,21068469,0,131892268,123266880,123413524,0,1120384,0,248252,5306168,147784,4473936,100468,832232,1048576,1048576,0,0,0,0,5483212,518632,187212,109404,720624,109404,611220,27888,44160,0,0,0,65946132,8450884,34359738367,537272,0,62720,0,1126400,0,0,0,0,0,0,0,0,2048,0,488720,42405888,93323264
1743620065.001612,600855,21068469,0,131892268,123266880,123413524,0,1120384,0,248252,5306168,147784,4473936,100468,832232,1048576,1048576,0,0,0,0,5483212,518632,187212,109404,720624,109404,611220,27888,44160,0,0,0,65946132,8450884,34359738367,537272,0,62720,0,1126400,0,0,0,0,0,0,0,0,2048,0,488720,42405888,93323264
1743620066.001678,600855,21068469,0,131892268,123266880,123413524,0,1120384,0,248252,5306168,147784,4473936,100468,832232,1048576,1048576,0,0,0,0,5483212,518632,187212,109404,720624,109404,611220,27888,44160,0,0,0,65946132,8450884,34359738367,537272,0,62720,0,1126400,0,0,0,0,0,0,0,0,2048,0,488720,42405888,93323264
1743620067.002039,600855,21068469,0,131892268,123266880,123413524,0,1120384,0,248252,5306168,147784,4473936,100468,832232,1048576,1048576,0,0,0,0,5483212,518632,187212,109404,720624,109404,611220,27888,44160,0,0,0,65946132,8450884,34359738367,537272,0,62720,0,1126400,0,0,0,0,0,0,0,0,2048,0,488720,42405888,93323264
1743620068.001528,600855,21068469,0,131892268,123266880,123413524,0,1120384,0,248252,5306168,147784,4473936,100468,832232,1048576,1048576,0,0,0,0,5483212,518632,187212,109404,720624,109404,611220,27888,44160,0,0,0,65946132,8450884,34359738367,537272,0,62720,0,1126400,0,0,0,0,0,0,0,0,2048,0,488720,42405888,93323264
1743620069.001662,600855,21068469,0,131892268,123266880,123413524,0,1120384,0,248252,5306168,147784,4473936,100468,832232,1048576,1048576,0,0,0,0,5483212,518632,187212,109404,720624,109404,611220,27888,44160,0,0,0,65946132,8450884,34359738367,537272,0,62720,0,1126400,0,0,0,0,0,0,0,0,2048,0,488720,42405888,93323264
1743620070.001996,600855,21068469,0,131892268,123266880,123413524,0,1120384,0,248252,5306168,147784,4473936,100468,832232,1048576,1048576,0,0,0,0,5483212,518632,187212,109404,720624,109404,611220,27888,44160,0,0,0,65946132,8450884,34359738367,537272,0,62720,0,1126400,0,0,0,0,0,0,0,0,2048,0,488720,42405888,93323264
1743620071.002162,600855,21068469,0,131892268,123266880,123413524,0,1120384,0,248252,5306168,147784,4473936,100468,832232,1048576,1048576,0,0,0,0,5483212,518632,187212,109404,720624,109404,611220,27888,44160,0,0,0,65946132,8450884,34359738367,537272,0,62720,0,1126400,0,0,0,0,0,0,0,0,2048,0,488720,42405888,93323264
1743620072.001286,600855,21068469,0,131892268,123266880,123413524,0,1120384,0,248252,5306168,147784,4473936,100468,832232,1048576,1048576,0,0,0,0,5483212,518632,187212,109404,720624,109404,611220,27888,44160,0,0,0,65946132,8450884,34359738367,537272,0,62720,0,1126400,0,0,0,0,0,0,0,0,2048,0,488720,42405888,93323264
1743620073.001855,600855,21068469,0,131892268,123266880,123413524,0,1120384,0,248252,5306168,147784,4473936,100468,832232,1048576,1048576,0,0,0,0,5483212,518632,187212,109404,720624,109404,611220,27888,44160,0,0,0,65946132,8450884,34359738367,537272,0,62720,0,1126400,0,0,0,0,0,0,0,0,2048,0,488720,42405888,93323264
1743620074.001926,600855,21068469,0,131892268,123266880,123413524,0,1120384,0,248252,5306168,147784,4473936,100468,832232,1048576,1048576,0,0,0,0,5483212,518632,187212,109404,720624,109404,611220,27888,44160,0,0,0,65946132,8450884,34359738367,537272,0,62720,0,1126400,0,0,0,0,0,0,0,0,2048,0,488720,42405888,93323264
1743620075.001507,600855,21068469,0,131892268,123266880,123413524,0,1120384,0,248252,5306168,147784,4473936,100468,832232,1048576,1048576,0,0,0,0,5483212,518632,187212,109404,720624,109404,611220,27888,44160,0,0,0,65946132,8450884,34359738367,537272,0,62720,0,1126400,0,0,0,0,0,0,0,0,2048,0,488720,42405888,93323264
1743620076.001638,600855,21068469,0,131892268,123266880,123413524,0,1120384,0,248252,5306168,147784,4473936,100468,832232,1048576,1048576,0,0,0,0,5483212,518632,187212,109404,720624,109404,611220,27888,44160,0,0,0,65946132,8450884,34359738367,537272,0,62720,0,1126400,0,0,0,0,0,0,0,0,2048,0,488720,42405888,93323264
1743620077.002175,600855,21068469,0,131892268,123266908,123413552,0,1120384,0,248252,5306168,147784,4473936,100468,832232,1048576,1048576,0,0,0,0,5483212,518632,187212,109404,720624,109404,611220,27888,44160,0,0,0,65946132,8450884,34359738367,537272,0,62720,0,1126400,0,0,0,0,0,0,0,0,2048,0,488720,42405888,93323264
1743620078.001275,600855,21068469,0,131892268,123266908,123413552,0,1120384,0,248252,5306168,147784,4473936,100468,832232,1048576,1048576,0,0,0,0,5483212,518632,187212,109404,720624,109404,611220,27888,44160,0,0,0,65946132,8450884,34359738367,537272,0,62720,0,1126400,0,0,0,0,0,0,0,0,2048,0,488720,42405888,93323264
1743620079.001764,600855,21068469,0,131892268,123266908,123413552,0,1120384,0,248252,5306168,147784,4473936,100468,832232,1048576,1048576,0,0,0,0,5483212,518632,187212,109404,720624,109404,611220,27888,44160,0,0,0,65946132,8450884,34359738367,537272,0,62720,0,1126400,0,0,0,0,0,0,0,0,2048,0,488720,42405888,93323264
1743620080.001829,600855,21068469,0,131892268,123266908,123413552,0,1120384,0,248252,5306168,147784,4473936,100468,832232,1048576,1048576,0,0,0,0,5483212,518632,187212,109404,720624,109404,611220,27888,44160,0,0,0,65946132,8450884,34359738367,537272,0,62720,0,1126400,0,0,0,0,0,0,0,0,2048,0,488720,42405888,93323264
1743620081.001695,600855,21068469,0,131892268,123266908,123413552,0,1120384,0,248252,5306168,147784,4473936,100468,832232,1048576,1048576,0,0,0,0,5483212,518632,187212,109404,720624,109404,611220,27888,44160,0,0,0,65946132,8450884,34359738367,537272,0,62720,0,1126400,0,0,0,0,0,0,0,0,2048,0,488720,42405888,93323264
1743620082.002062,600855,21068469,0,131892268,123266908,123413552,0,1120384,0,248252,5306168,147784,4473936,100468,832232,1048576,1048576,0,0,0,0,5483212,518632,187212,109404,720624,109404,611220,27888,44160,0,0,0,65946132,8450884,34359738367,537272,0,62720,0,1126400,0,0,0,0,0,0,0,0,2048,0,488720,42405888,93323264
1743620083.001184,600855,21068469,0,131892268,123266908,123413552,0,1120384,0,248252,5306168,147784,4473936,100468,832232,1048576,1048576,0,0,0,0,5483212,518632,187212,109404,720624,109404,611220,27888,44160,0,0,0,65946132,8450884,34359738367,537272,0,62720,0,1126400,0,0,0,0,0,0,0,0,2048,0,488720,42405888,93323264
1743620084.001688,600855,21068469,0,131892268,123266908,123413552,0,1120384,0,248252,5306168,147784,4473936,100468,832232,1048576,1048576,0,0,0,0,5483212,518632,187212,109404,720624,109404,611220,27888,44160,0,0,0,65946132,8450884,34359738367,537272,0,62720,0,1126400,0,0,0,0,0,0,0,0,2048,0,488720,42405888,93323264
1743620085.002146,600855,21068469,0,131892268,123266908,123413552,0,1120384,0,248252,5306168,147784,4473936,100468,832232,1048576,1048576,0,0,0,0,5483212,518632,187212,109404,720624,109404,611220,27888,44160,0,0,0,65946132,8450884,34359738367,537272,0,62720,0,1126400,0,0,0,0,0,0,0,0,2048,0,488720,42405888,93323264
1743620086.001270,600855,21068469,0,131892268,123266908,123413552,0,1120384,0,248252,5306168,147784,4473936,100468,832232,1048576,1048576,0,0,0,0,5483212,518632,187212,109404,720624,109404,611220,27888,44160,0,0,0,65946132,8450884,34359738367,537272,0,62720,0,1126400,0,0,0,0,0,0,0,0,2048,0,488720,42405888,93323264
1743620087.001698,600855,21068469,0,131892268,123266908,123413552,0,1120384,0,248252,5306168,147784,4473936,100468,832232,1048576,1048576,0,0,0,0,5483212,518632,187212,109404,720624,109404,611220,27888,44160,0,0,0,65946132,8450884,34359738367,537272,0,62720,0,1126400,0,0,0,0,0,0,0,0,2048,0,488720,42405888,93323264
1743620088.002112,600855,21068469,0,131892268,123266908,123413552,0,1120384,0,248252,5306168,147784,4473936,100468,832232,1048576,1048576,0,0,0,0,5483212,518632,187212,109404,720624,109404,611220,27888,44160,0,0,0,65946132,8450884,34359738367,537272,0,62720,0,1126400,0,0,0,0,0,0,0,0,2048,0,488720,42405888,93323264
1743620089.001205,600855,21068469,0,131892268,123266908,123413552,0,1120384,0,248252,5306168,147784,4473936,100468,832232,1048576,1048576,0,0,0,0,5483212,518632,187212,109404,720624,109404,611220,27888,44160,0,0,0,65946132,8450884,34359738367,537272,0,62720,0,1126400,0,0,0,0,0,0,0,0,2048,0,488720,42405888,93323264
1743620090.001587,600855,21068469,0,131892268,123266908,123413552,0,1120384,0,248252,5306168,147784,4473936,100468,832232,1048576,1048576,0,0,0,0,5483212,518632,187212,109404,720624,109404,611220,27888,44160,0,0,0,65946132,8450884,34359738367,537272,0,62720,0,1126400,0,0,0,0,0,0,0,0,2048,0,488720,42405888,93323264
1743620091.002215,600855,21068469,0,131892268,123266908,123413552,0,1120384,0,248252,5306168,147784,4473936,100468,832232,1048576,1048576,0,0,0,0,5483212,518632,187212,109404,720624,109404,611220,27888,44160,0,0,0,65946132,8450884,34359738367,537272,0,62720,0,1126400,0,0,0,0,0,0,0,0,2048,0,488720,42405888,93323264
1743620092.001288,600855,21068469,0,131892268,123266912,123413556,0,1120384,0,248252,5306168,147784,4473936,100468,832232,1048576,1048576,0,0,0,0,5483212,518632,187212,109404,720624,109404,611220,27888,44160,0,0,0,65946132,8450884,34359738367,537272,0,62720,0,1126400,0,0,0,0,0,0,0,0,2048,0,488720,42405888,93323264
1743620093.001786,600855,21068469,0,131892268,123266912,123413556,0,1120384,0,248252,5306168,147784,4473936,100468,832232,1048576,1048576,0,0,0,0,5483212,518632,187212,109404,720624,109404,611220,27888,44160,0,0,0,65946132,8450884,34359738367,537272,0,62720,0,1126400,0,0,0,0,0,0,0,0,2048,0,488720,42405888,93323264
1743620094.001853,600855,21068469,0,131892268,123266912,123413556,0,1120384,0,248252,5306168,147784,4473936,100468,832232,1048576,1048576,0,0,0,0,5483212,518632,187212,109404,720624,109404,611220,27888,44160,0,0,0,65946132,8450884,34359738367,537272,0,62720,0,1126400,0,0,0,0,0,0,0,0,2048,0,488720,42405888,93323264
1743620095.001400,600855,21068469,0,131892268,123266912,123413556,0,1120384,0,248252,5306168,147784,4473936,100468,832232,1048576,1048576,0,0,0,0,5483212,518632,187212,109404,720624,109404,611220,27888,44160,0,0,0,65946132,8450884,34359738367,537272,0,62720,0,1126400,0,0,0,0,0,0,0,0,2048,0,488720,42405888,93323264
1743620096.001520,600855,21068469,0,131892268,123266912,123413556,0,1120384,0,248252,5306168,147784,4473936,100468,832232,1048576,1048576,0,0,0,0,5483212,518632,187212,109404,720624,109404,611220,27888,44160,0,0,0,65946132,8450884,34359738367,537272,0,62720,0,1126400,0,0,0,0,0,0,0,0,2048,0,488720,42405888,93323264
1743620097.001998,600855,21068469,0,131892268,123266912,123413556,0,1120384,0,248252,5306168,147784,4473936,100468,832232,1048576,1048576,0,0,0,0,5483212,518632,187212,109404,720624,109404,611220,27888,44160,0,0,0,65946132,8450884,34359738367,537272,0,62720,0,1126400,0,0,0,0,0,0,0,0,2048,0,488720,42405888,93323264
1743620098.002063,600855,21068469,0,131892268,123266912,123413556,0,1120384,0,248252,5306168,147784,4473936,100468,832232,1048576,1048576,0,0,0,0,5483212,518632,187212,109404,720624,109404,611220,27888,44160,0,0,0,65946132,8450884,34359738367,537272,0,62720,0,1126400,0,0,0,0,0,0,0,0,2048,0,488720,42405888,93323264
1743620099.001628,600855,21068469,0,131892268,123266912,123413556,0,1120384,0,248252,5306168,147784,4473936,100468,832232,1048576,1048576,0,0,0,0,5483212,518632,187212,109404,720624,109404,611220,27888,44160,0,0,0,65946132,8450884,34359738367,537272,0,62720,0,1126400,0,0,0,0,0,0,0,0,2048,0,488720,42405888,93323264
1743620100.001701,600855,21068469,0,131892268,123266912,123413556,0,1120384,0,248252,5306168,147784,4473936,100468,832232,1048576,1048576,0,0,0,0,5483212,518632,187212,109404,720624,109404,611220,27888,44160,0,0,0,65946132,8450884,34359738367,537272,0,62720,0,1126400,0,0,0,0,0,0,0,0,2048,0,488720,42405888,93323264
1743620101.001732,600855,21068469,0,131892268,123266912,123413556,0,1120384,0,248252,5306168,147784,4473936,100468,832232,1048576,1048576,0,0,0,0,5483212,518632,187212,109404,720624,109404,611220,27888,44160,0,0,0,65946132,8450884,34359738367,537272,0,62720,0,1126400,0,0,0,0,0,0,0,0,2048,0,488720,42405888,93323264
1743620102.002175,600855,21068469,0,131892268,123266912,123413556,0,1120384,0,248252,5306168,147784,4473936,100468,832232,1048576,1048576,0,0,0,0,5483212,518632,187212,109404,720624,109404,611220,27888,44160,0,0,0,65946132,8450884,34359738367,537272,0,62720,0,1126400,0,0,0,0,0,0,0,0,2048,0,488720,42405888,93323264
1743620103.001297,600855,21068469,0,131892268,123266924,123413568,0,1120384,0,248252,5306168,147784,4473936,100468,832232,1048576,1048576,0,0,0,0,5483212,518632,187212,109404,720624,109404,611220,27888,44160,0,0,0,65946132,8450884,34359738367,537272,0,62720,0,1126400,0,0,0,0,0,0,0,0,2048,0,488720,42405888,93323264
1743620104.001685,600855,21068469,0,131892268,123266924,123413568,0,1120384,0,248252,5306168,147784,4473936,100468,832232,1048576,1048576,0,0,0,0,5483212,518632,187212,109404,720624,109404,611220,27888,44160,0,0,0,65946132,8450884,34359738367,537272,0,62720,0,1126400,0,0,0,0,0,0,0,0,2048,0,488720,42405888,93323264
1743620105.002125,600855,21068469,0,131892268,123266924,123413568,0,1120384,0,248252,5306168,147784,4473936,100468,832232,1048576,1048576,0,0,0,0,5483212,518632,187212,109404,720624,109404,611220,27888,44160,0,0,0,65946132,8450884,34359738367,537272,0,62720,0,1126400,0,0,0,0,0,0,0,0,2048,0,488720,42405888,93323264
1743620106.001220,600855,21068469,0,131892268,123266924,123413568,0,1120384,0,248252,5306168,147784,4473936,100468,832232,1048576,1048576,0,0,0,0,5483212,518632,187212,109404,720624,109404,611220,27888,44160,0,0,0,65946132,8450884,34359738367,537272,0,62720,0,1126400,0,0,0,0,0,0,0,0,2048,0,488720,42405888,93323264
1743620107.001579,600855,21068469,0,131892268,123266924,123413568,0,1120384,0,248252,5306168,147784,4473936,100468,832232,1048576,1048576,0,0,0,0,5483212,518632,187212,109404,720624,109404,611220,27888,44160,0,0,0,65946132,8450884,34359738367,537272,0,62720,0,1126400,0,0,0,0,0,0,0,0,2048,0,488720,42405888,93323264
1743620108.001954,600855,21068469,0,131892268,123266924,123413568,0,1120384,0,248252,5306168,147784,4473936,100468,832232,1048576,1048576,0,0,0,0,5483212,518632,187212,109404,720624,109404,611220,27888,44160,0,0,0,65946132,8450884,34359738367,537272,0,62720,0,1126400,0,0,0,0,0,0,0,0,2048,0,488720,42405888,93323264
1743620109.002075,600855,21068469,0,131892268,123266924,123413568,0,1120384,0,248252,5306168,147784,4473936,100468,832232,1048576,1048576,0,0,0,0,5483212,518632,187212,109404,720624,109404,611220,27888,44160,0,0,0,65946132,8450884,34359738367,537272,0,62720,0,1126400,0,0,0,0,0,0,0,0,2048,0,488720,42405888,93323264
1743620110.001482,600855,21068469,0,131892268,123266924,123413568,0,1120384,0,248252,5306168,147784,4473936,100468,832232,1048576,1048576,0,0,0,0,5483212,518632,187212,109404,720624,109404,611220,27888,44160,0,0,0,65946132,8450884,34359738367,537272,0,62720,0,1126400,0,0,0,0,0,0,0,0,2048,0,488720,42405888,93323264
1743620111.001921,600855,21068469,0,131892268,123266924,123413568,0,1120384,0,248252,5306168,147784,4473936,100468,832232,1048576,1048576,0,0,0,0,5483212,518632,187212,109404,720624,109404,611220,27888,44160,0,0,0,65946132,8450884,34359738367,537272,0,62720,0,1126400,0,0,0,0,0,0,0,0,2048,0,488720,42405888,93323264
1743620112.001987,600855,21068469,0,131892268,123266924,123413568,0,1120384,0,248252,5306168,147784,4473936,100468,832232,1048576,1048576,0,0,0,0,5483212,518632,187212,109404,720624,109404,611220,27888,44160,0,0,0,65946132,8450884,34359738367,537272,0,62720,0,1126400,0,0,0,0,0,0,0,0,2048,0,488720,42405888,93323264
1743620113.001473,600855,21068469,0,131892268,123266924,123413568,0,1120384,0,248252,5306168,147784,4473936,100468,832232,1048576,1048576,0,0,0,0,5483212,518632,187212,109404,720624,109404,611220,27888,44160,0,0,0,65946132,8450884,34359738367,537272,0,62720,0,1126400,0,0,0,0,0,0,0,0,2048,0,488720,42405888,93323264
1743620114.001591,600855,21068469,0,131892268,123266924,123413568,0,1120384,0,248252,5306168,147784,4473936,100468,832232,1048576,1048576,0,0,0,0,5483212,518632,187212,109404,720624,109404,611220,27888,44160,0,0,0,65946132,8450884,34359738367,537272,0,62720,0,1126400,0,0,0,0,0,0,0,0,2048,0,488720,42405888,93323264
1743620115.002137,600855,21068469,0,131892268,123266924,123413568,0,1120384,0,248252,5306168,147784,4473936,100468,832232,1048576,1048576,0,0,0,0,5483212,518632,187212,109404,720632,109404,611228,27888,44160,0,0,0,65946132,8450884,34359738367,537272,0,62720,0,1126400,0,0,0,0,0,0,0,0,2048,0,488720,42405888,93323264
1743620116.001231,600855,21068469,0,131892268,123266924,123413568,0,1120384,0,248252,5306168,147784,4473936,100468,832232,1048576,1048576,0,0,0,0,5483212,518632,187212,109404,720632,109404,611228,27888,44160,0,0,0,65946132,8450884,34359738367,537272,0,62720,0,1126400,0,0,0,0,0,0,0,0,2048,0,488720,42405888,93323264
1743620117.001717,600855,21068469,0,131892268,123266924,123413568,0,1120384,0,248252,5306168,147784,4473936,100468,832232,1048576,1048576,0,0,0,0,5483212,518632,187212,109404,720632,109404,611228,27888,44160,0,0,0,65946132,8450884,34359738367,537272,0,62720,0,1126400,0,0,0,0,0,0,0,0,2048,0,488720,42405888,93323264
1743620118.001782,600855,21068469,0,131892268,123266924,123413568,0,1120384,0,248252,5306168,147784,4473936,100468,832232,1048576,1048576,0,0,0,0,5483212,518632,187212,109404,720632,109404,611228,27888,44160,0,0,0,65946132,8450884,34359738367,537272,0,62720,0,1126400,0,0,0,0,0,0,0,0,2048,0,488720,42405888,93323264
1743620119.001315,600855,21068469,0,131892268,123266924,123413568,0,1120384,0,248252,5306168,147784,4473936,100468,832232,1048576,1048576,0,0,0,0,5483212,518632,187212,109404,720632,109404,611228,27888,44160,0,0,0,65946132,8450884,34359738367,537272,0,62720,0,1126400,0,0,0,0,0,0,0,0,2048,0,488720,42405888,93323264
1743620120.001405,600855,21068469,0,131892268,123266924,123413568,0,1120384,0,248252,5306168,147784,4473936,100468,832232,1048576,1048576,0,0,0,0,5483212,518632,187212,109404,720632,109404,611228,27888,44160,0,0,0,65946132,8450884,34359738367,537272,0,62720,0,1126400,0,0,0,0,0,0,0,0,2048,0,488720,42405888,93323264
1743620121.001294,600855,21068469,0,131892268,123266952,123413596,0,1120384,0,248252,5306168,147784,4473936,100468,832232,1048576,1048576,0,0,0,0,5483212,518632,187212,109404,720632,109404,611228,27888,44160,0,0,0,65946132,8450884,34359738367,537272,0,62720,0,1126400,0,0,0,0,0,0,0,0,2048,0,488720,42405888,93323264
1743620122.001739,600855,21068469,0,131892268,123266952,123413596,0,1120384,0,248252,5306168,147784,4473936,100468,832232,1048576,1048576,0,0,0,0,5483212,518632,187212,109404,720632,109404,611228,27888,44160,0,0,0,65946132,8450884,34359738367,537272,0,62720,0,1126400,0,0,0,0,0,0,0,0,2048,0,488720,42405888,93323264
1743620123.001805,600855,21068469,0,131892268,123266944,123413588,0,1120384,0,248252,5306168,147784,4473936,100468,832232,1048576,1048576,0,0,0,0,5483212,518632,187212,109404,720640,109404,611236,27888,44160,0,0,0,65946132,8450884,34359738367,537272,0,62720,0,1126400,0,0,0,0,0,0,0,0,2048,0,488720,42405888,93323264
1743620124.001233,600855,21068469,0,131892268,123266944,123413588,0,1120384,0,248252,5306168,147784,4473936,100468,832232,1048576,1048576,0,0,0,0,5483212,518632,187212,109404,720640,109404,611236,27888,44160,0,0,0,65946132,8450884,34359738367,537272,0,62720,0,1126400,0,0,0,0,0,0,0,0,2048,0,488720,42405888,93323264
1743620125.001677,600855,21068469,0,131892268,123266944,123413588,0,1120384,0,248252,5306168,147784,4473936,100468,832232,1048576,1048576,0,0,0,0,5483212,518632,187212,109404,720640,109404,611236,27888,44160,0,0,0,65946132,8450884,34359738367,537272,0,62720,0,1126400,0,0,0,0,0,0,0,0,2048,0,488720,42405888,93323264
1743620126.001750,600855,21068469,0,131892268,123266944,123413588,0,1120384,0,248252,5306168,147784,4473936,100468,832232,1048576,1048576,0,0,0,0,5483212,518632,187212,109404,720640,109404,611236,27888,44160,0,0,0,65946132,8450884,34359738367,537272,0,62720,0,1126400,0,0,0,0,0,0,0,0,2048,0,488720,42405888,93323264
1743620127.002108,600855,21068469,0,131892268,123266944,123413588,0,1120384,0,248252,5306168,147784,4473936,100468,832232,1048576,1048576,0,0,0,0,5483212,518632,187212,109404,720640,109404,611236,27888,44160,0,0,0,65946132,8450884,34359738367,537272,0,62720,0,1126400,0,0,0,0,0,0,0,0,2048,0,488720,42405888,93323264
1743620128.001534,600855,21068469,0,131892268,123266944,123413588,0,1120384,0,248252,5306168,147784,4473936,100468,832232,1048576,1048576,0,0,0,0,5483212,518632,187212,109404,720640,109404,611236,27888,44160,0,0,0,65946132,8450884,34359738367,537272,0,62720,0,1126400,0,0,0,0,0,0,0,0,2048,0,488720,42405888,93323264
1743620129.001666,600855,21068469,0,131892268,123266944,123413588,0,1120384,0,248252,5306168,147784,4473936,100468,832232,1048576,1048576,0,0,0,0,5483212,518632,187212,109404,720640,109404,611236,27888,44160,0,0,0,65946132,8450884,34359738367,537272,0,62720,0,1126400,0,0,0,0,0,0,0,0,2048,0,488720,42405888,93323264
1743620130.002059,600855,21068469,0,131892268,123266944,123413588,0,1120384,0,248252,5306168,147784,4473936,100468,832232,1048576,1048576,0,0,0,0,5483212,518632,187212,109404,720640,109404,611236,27888,44160,0,0,0,65946132,8450884,34359738367,537272,0,62720,0,1126400,0,0,0,0,0,0,0,0,2048,0,488720,42405888,93323264
1743620131.001964,600855,21068469,0,131892268,123266944,123413588,0,1120384,0,248252,5306168,147784,4473936,100468,832232,1048576,1048576,0,0,0,0,5483212,518632,187212,109404,720648,109404,611244,27888,44160,0,0,0,65946132,8450884,34359738367,537272,0,62720,0,1126400,0,0,0,0,0,0,0,0,2048,0,488720,42405888,93323264
1743620132.002037,600855,21068469,0,131892268,123266944,123413588,0,1120384,0,248252,5306168,147784,4473936,100468,832232,1048576,1048576,0,0,0,0,5483212,518632,187212,109404,720648,109404,611244,27888,44160,0,0,0,65946132,8450884,34359738367,537272,0,62720,0,1126400,0,0,0,0,0,0,0,0,2048,0,488720,42405888,93323264
1743620133.001579,600855,21068469,0,131892268,123266972,123413616,0,1120384,0,248252,5306168,147784,4473936,100468,832232,1048576,1048576,0,0,0,0,5483212,518632,187212,109404,720648,109404,611244,27888,44160,0,0,0,65946132,8450884,34359738367,537272,0,62720,0,1126400,0,0,0,0,0,0,0,0,2048,0,488720,42405888,93323264
1743620134.001651,600855,21068469,0,131892268,123266972,123413616,0,1120384,0,248252,5306168,147784,4473936,100468,832232,1048576,1048576,0,0,0,0,5483212,518632,187212,109404,720648,109404,611244,27888,44160,0,0,0,65946132,8450884,34359738367,537272,0,62720,0,1126400,0,0,0,0,0,0,0,0,2048,0,488720,42405888,93323264
1743620135.002190,600855,21068469,0,131892268,123266972,123413616,0,1120384,0,248252,5306168,147784,4473936,100468,832232,1048576,1048576,0,0,0,0,5483212,518632,187212,109404,720648,109404,611244,27888,44160,0,0,0,65946132,8450884,34359738367,537272,0,62720,0,1126400,0,0,0,0,0,0,0,0,2048,0,488720,42405888,93323264
1743620136.001308,600855,21068469,0,131892268,123266972,123413616,0,1120384,0,248252,5306168,147784,4473936,100468,832232,1048576,1048576,0,0,0,0,5483212,518632,187212,109404,720648,109404,611244,27888,44160,0,0,0,65946132,8450884,34359738367,537272,0,62720,0,1126400,0,0,0,0,0,0,0,0,2048,0,488720,42405888,93323264
1743620137.001839,600855,21068469,0,131892268,123266972,123413616,0,1120384,0,248252,5306168,147784,4473936,100468,832232,1048576,1048576,0,0,0,0,5483212,518632,187212,109404,720648,109404,611244,27888,44160,0,0,0,65946132,8450884,34359738367,537272,0,62720,0,1126400,0,0,0,0,0,0,0,0,2048,0,488720,42405888,93323264
1743620138.001904,600855,21068469,0,131892268,123267004,123413648,0,1120384,0,248252,5306168,147784,4473936,100468,832232,1048576,1048576,0,0,0,0,5483212,518632,187212,109404,720648,109404,611244,27888,44160,0,0,0,65946132,8450884,34359738367,537272,0,62720,0,1126400,0,0,0,0,0,0,0,0,2048,0,488720,42405888,93323264
1743620139.001428,600855,21068469,0,131892268,123267004,123413648,0,1120384,0,248252,5306168,147784,4473936,100468,832232,1048576,1048576,0,0,0,0,5483212,518632,187212,109404,720648,109404,611244,27888,44160,0,0,0,65946132,8450884,34359738367,537272,0,62720,0,1126400,0,0,0,0,0,0,0,0,2048,0,488720,42405888,93323264
1743620140.001501,600855,21068469,0,131892268,123267004,123413648,0,1120384,0,248252,5306168,147784,4473936,100468,832232,1048576,1048576,0,0,0,0,5483212,518632,187212,109404,720648,109404,611244,27888,44160,0,0,0,65946132,8450884,34359738367,537272,0,62720,0,1126400,0,0,0,0,0,0,0,0,2048,0,488720,42405888,93323264
1743620141.001303,600855,21068469,0,131892268,123266996,123413640,0,1120384,0,248252,5306168,147784,4473936,100468,832232,1048576,1048576,0,0,0,0,5483212,518632,187212,109404,720656,109404,611252,27888,44160,0,0,0,65946132,8450884,34359738367,537272,0,62720,0,1126400,0,0,0,0,0,0,0,0,2048,0,488720,42405888,93323264
1743620142.001772,600855,21068469,0,131892268,123266996,123413640,0,1120384,0,248252,5306168,147784,4473936,100468,832232,1048576,1048576,0,0,0,0,5483212,518632,187212,109404,720656,109404,611252,27888,44160,0,0,0,65946132,8450884,34359738367,537272,0,62720,0,1126400,0,0,0,0,0,0,0,0,2048,0,488720,42405888,93323264
1743620143.001840,600855,21068469,0,131892268,123266996,123413640,0,1120384,0,248252,5306168,147784,4473936,100468,832232,1048576,1048576,0,0,0,0,5483212,518632,187212,109404,720656,109404,611252,27888,44160,0,0,0,65946132,8450884,34359738367,537272,0,62720,0,1126400,0,0,0,0,0,0,0,0,2048,0,488720,42405888,93323264
1743620144.001222,600855,21068469,0,131892268,123266996,123413640,0,1120384,0,248252,5306168,147784,4473936,100468,832232,1048576,1048576,0,0,0,0,5483212,518632,187212,109404,720656,109404,611252,27888,44160,0,0,0,65946132,8450884,34359738367,537272,0,62720,0,1126400,0,0,0,0,0,0,0,0,2048,0,488720,42405888,93323264
1743620145.001724,600855,21068469,0,131892268,123266996,123413640,0,1120384,0,248252,5306168,147784,4473936,100468,832232,1048576,1048576,0,0,0,0,5483212,518632,187212,109404,720656,109404,611252,27888,44160,0,0,0,65946132,8450884,34359738367,537272,0,62720,0,1126400,0,0,0,0,0,0,0,0,2048,0,488720,42405888,93323264
1743620146.001808,600855,21068469,0,131892268,123266996,123413640,0,1120384,0,248252,5306168,147784,4473936,100468,832232,1048576,1048576,0,0,0,0,5483212,518632,187212,109404,720656,109404,611252,27888,44160,0,0,0,65946132,8450884,34359738367,537272,0,62720,0,1126400,0,0,0,0,0,0,0,0,2048,0,488720,42405888,93323264
1743620147.001190,600855,21068469,0,131892268,123266988,123413632,0,1120384,0,248252,5306168,147784,4473936,100468,832232,1048576,1048576,0,0,0,0,5483212,518632,187212,109404,720664,109404,611260,27888,44160,0,0,0,65946132,8450884,34359738367,537272,0,62720,0,1126400,0,0,0,0,0,0,0,0,2048,0,488720,42405888,93323264
1743620148.001677,600855,21068469,0,131892268,123266988,123413632,0,1120384,0,248252,5306168,147784,4473936,100468,832232,1048576,1048576,0,0,0,0,5483212,518632,187212,109404,720664,109404,611260,27888,44160,0,0,0,65946132,8450884,34359738367,537272,0,62720,0,1126400,0,0,0,0,0,0,0,0,2048,0,488720,42405888,93323264
1743620149.001796,600855,21068469,0,131892268,123266988,123413632,0,1120384,0,248252,5306168,147784,4473936,100468,832232,1048576,1048576,0,0,0,0,5483212,518632,187212,109404,720664,109404,611260,27888,44160,0,0,0,65946132,8450884,34359738367,537272,0,62720,0,1126400,0,0,0,0,0,0,0,0,2048,0,488720,42405888,93323264
1743620150.001241,600855,21068469,0,131892268,123266980,123413624,0,1120384,0,248252,5306168,147784,4473936,100468,832232,1048576,1048576,0,0,0,0,5483212,518632,187212,109404,720672,109404,611268,27888,44160,0,0,0,65946132,8450884,34359738367,537272,0,62720,0,1126400,0,0,0,0,0,0,0,0,2048,0,488720,42405888,93323264
1743620151.002058,600855,21068469,0,131892268,123266980,123413624,0,1120384,0,248252,5306168,147784,4473936,100468,832232,1048576,1048576,0,0,0,0,5483212,518632,187212,109404,720672,109404,611268,27888,44160,0,0,0,65946132,8450884,34359738367,537272,0,62720,0,1126400,0,0,0,0,0,0,0,0,2048,0,488720,42405888,93323264
1743620152.001174,600855,21068469,0,131892268,123266980,123413624,0,1120384,0,248252,5306168,147784,4473936,100468,832232,1048576,1048576,0,0,0,0,5483212,518632,187212,109404,720672,109404,611268,27888,44160,0,0,0,65946132,8450884,34359738367,537272,0,62720,0,1126400,0,0,0,0,0,0,0,0,2048,0,488720,42405888,93323264
1743620153.001735,600855,21068469,0,131892268,123266980,123413624,0,1120384,0,248252,5306168,147784,4473936,100468,832232,1048576,1048576,0,0,0,0,5483212,518632,187212,109404,720672,109404,611268,27888,44160,0,0,0,65946132,8450884,34359738367,537272,0,62720,0,1126400,0,0,0,0,0,0,0,0,2048,0,488720,42405888,93323264
1743620154.001802,600855,21068469,0,131892268,123266980,123413624,0,1120384,0,248252,5306168,147784,4473936,100468,832232,1048576,1048576,0,0,0,0,5483212,518632,187212,109404,720672,109404,611268,27888,44160,0,0,0,65946132,8450884,34359738367,537272,0,62720,0,1126400,0,0,0,0,0,0,0,0,2048,0,488720,42405888,93323264
1743620155.001380,600855,21068469,0,131892268,123266980,123413624,0,1120384,0,248252,5306168,147784,4473936,100468,832232,1048576,1048576,0,0,0,0,5483212,518632,187212,109404,720672,109404,611268,27888,44160,0,0,0,65946132,8450884,34359738367,537272,0,62720,0,1126400,0,0,0,0,0,0,0,0,2048,0,488720,42405888,93323264
1743620156.001480,600855,21068469,0,131892268,123266980,123413624,0,1120384,0,248252,5306168,147784,4473936,100468,832232,1048576,1048576,0,0,0,0,5483212,518632,187212,109404,720672,109404,611268,27888,44160,0,0,0,65946132,8450884,34359738367,537272,0,62720,0,1126400,0,0,0,0,0,0,0,0,2048,0,488720,42405888,93323264
1743620157.002019,600855,21068469,0,131892268,123266980,123413624,0,1120384,0,248252,5306168,147784,4473936,100468,832232,1048576,1048576,0,0,0,0,5483212,518632,187212,109404,720672,109404,611268,27888,44160,0,0,0,65946132,8450884,34359738367,537272,0,62720,0,1126400,0,0,0,0,0,0,0,0,2048,0,488720,42405888,93323264
1743620158.001116,600855,21068469,0,131892268,123266980,123413624,0,1120384,0,248252,5306168,147784,4473936,100468,832232,1048576,1048576,0,0,0,0,5483212,518632,187212,109404,720672,109404,611268,27888,44160,0,0,0,65946132,8450884,34359738367,537272,0,62720,0,1126400,0,0,0,0,0,0,0,0,2048,0,488720,42405888,93323264
1743620159.001628,600855,21068469,0,131892268,123266980,123413624,0,1120384,0,248252,5306168,147784,4473936,100468,832232,1048576,1048576,0,0,0,0,5483212,518632,187212,109404,720672,109404,611268,27888,44160,0,0,0,65946132,8450884,34359738367,537272,0,62720,0,1126400,0,0,0,0,0,0,0,0,2048,0,488720,42405888,93323264
1743620160.001756,600855,21068469,0,131892268,123266980,123413624,0,1120384,0,248252,5306168,147784,4473936,100468,832232,1048576,1048576,0,0,0,0,5483212,518632,187212,109404,720672,109404,611268,27888,44160,0,0,0,65946132,8450884,34359738367,537272,0,62720,0,1126400,0,0,0,0,0,0,0,0,2048,0,488720,42405888,93323264
1743620161.002138,600855,21068469,0,131892268,123266980,123413624,0,1120384,0,248252,5306168,147784,4473936,100468,832232,1048576,1048576,0,0,0,0,5483212,518632,187212,109404,720672,109404,611268,27888,44160,0,0,0,65946132,8450884,34359738367,537272,0,62720,0,1126400,0,0,0,0,0,0,0,0,2048,0,488720,42405888,93323264
1743620162.001637,600855,21068469,0,131892268,123266980,123413624,0,1120384,0,248252,5306168,147784,4473936,100468,832232,1048576,1048576,0,0,0,0,5483212,518632,187212,109404,720672,109404,611268,27888,44160,0,0,0,65946132,8450884,34359738367,537272,0,62720,0,1126400,0,0,0,0,0,0,0,0,2048,0,488720,42405888,93323264
1743620163.001705,600855,21068469,0,131892268,123266980,123413624,0,1120384,0,248252,5306168,147784,4473936,100468,832232,1048576,1048576,0,0,0,0,5483212,518632,187212,109404,720672,109404,611268,27888,44160,0,0,0,65946132,8450884,34359738367,537272,0,62720,0,1126400,0,0,0,0,0,0,0,0,2048,0,488720,42405888,93323264
1743620164.002089,600855,21068469,0,131892268,123266980,123413624,0,1120384,0,248252,5306168,147784,4473936,100468,832232,1048576,1048576,0,0,0,0,5483212,518632,187212,109404,720672,109404,611268,27888,44160,0,0,0,65946132,8450884,34359738367,537272,0,62720,0,1126400,0,0,0,0,0,0,0,0,2048,0,488720,42405888,93323264
1743620165.001549,600855,21068469,0,131892268,123266972,123413616,0,1120384,0,248252,5306168,147784,4473936,100468,832232,1048576,1048576,0,0,0,0,5483212,518632,187212,109404,720680,109404,611276,27888,44160,0,0,0,65946132,8450884,34359738367,537272,0,62720,0,1126400,0,0,0,0,0,0,0,0,2048,0,488720,42405888,93323264
1743620166.001672,600855,21068469,0,131892268,123266972,123413616,0,1120384,0,248252,5306168,147784,4473936,100468,832232,1048576,1048576,0,0,0,0,5483212,518632,187212,109404,720680,109404,611276,27888,44160,0,0,0,65946132,8450884,34359738367,537272,0,62720,0,1126400,0,0,0,0,0,0,0,0,2048,0,488720,42405888,93323264
1743620167.002060,600855,21068469,0,131892268,123266972,123413616,0,1120384,0,248252,5306168,147784,4473936,100468,832232,1048576,1048576,0,0,0,0,5483212,518632,187212,109404,720680,109404,611276,27888,44160,0,0,0,65946132,8450884,34359738367,537272,0,62720,0,1126400,0,0,0,0,0,0,0,0,2048,0,488720,42405888,93323264
1743620168.001509,600855,21068469,0,131892268,123266972,123413616,0,1120384,0,248252,5306168,147784,4473936,100468,832232,1048576,1048576,0,0,0,0,5483212,518632,187212,109404,720680,109404,611276,27888,44160,0,0,0,65946132,8450884,34359738367,537272,0,62720,0,1126400,0,0,0,0,0,0,0,0,2048,0,488720,42405888,93323264
1743620169.001600,600855,21068469,0,131892268,123266972,123413616,0,1120384,0,248252,5306168,147784,4473936,100468,832232,1048576,1048576,0,0,0,0,5483212,518632,187212,109404,720680,109404,611276,27888,44160,0,0,0,65946132,8450884,34359738367,537272,0,62720,0,1126400,0,0,0,0,0,0,0,0,2048,0,488720,42405888,93323264
1743620170.001935,600855,21068469,0,131892268,123266972,123413616,0,1120384,0,248252,5306168,147784,4473936,100468,832232,1048576,1048576,0,0,0,0,5483212,518632,187212,109404,720680,109404,611276,27888,44160,0,0,0,65946132,8450884,34359738367,537272,0,62720,0,1126400,0,0,0,0,0,0,0,0,2048,0,488720,42405888,93323264
1743620171.001487,600855,21068469,0,131892268,123266972,123413616,0,1120384,0,248252,5306168,147784,4473936,100468,832232,1048576,1048576,0,0,0,0,5483212,518632,187212,109404,720680,109404,611276,27888,44160,0,0,0,65946132,8450884,34359738367,537272,0,62720,0,1126400,0,0,0,0,0,0,0,0,2048,0,488720,42405888,93323264
1743620172.001576,600855,21068469,0,131892268,123266972,123413616,0,1120384,0,248252,5306168,147784,4473936,100468,832232,1048576,1048576,0,0,0,0,5483212,518632,187212,109404,720680,109404,611276,27888,44160,0,0,0,65946132,8450884,34359738367,537272,0,62720,0,1126400,0,0,0,0,0,0,0,0,2048,0,488720,42405888,93323264
1743620173.002040,600855,21068469,0,131892268,123266972,123413616,0,1120384,0,248252,5306168,147784,4473936,100468,832232,1048576,1048576,0,0,0,0,5483212,518632,187212,109404,720680,109404,611276,27888,44160,0,0,0,65946132,8450884,34359738367,537272,0,62720,0,1126400,0,0,0,0,0,0,0,0,2048,0,488720,42405888,93323264
1743620174.001135,600855,21068469,0,131892268,123266972,123413616,0,1120384,0,248252,5306168,147784,4473936,100468,832232,1048576,1048576,0,0,0,0,5483212,518632,187212,109404,720680,109404,611276,27888,44160,0,0,0,65946132,8450884,34359738367,537272,0,62720,0,1126400,0,0,0,0,0,0,0,0,2048,0,488720,42405888,93323264
1743620175.001677,600855,21068469,0,131892268,123266972,123413616,0,1120384,0,248252,5306168,147784,4473936,100468,832232,1048576,1048576,0,0,0,0,5483212,518632,187212,109404,720680,109404,611276,27888,44160,0,0,0,65946132,8450884,34359738367,537272,0,62720,0,1126400,0,0,0,0,0,0,0,0,2048,0,488720,42405888,93323264
1743620176.001744,600855,21068469,0,131892268,123266972,123413616,0,1120384,0,248252,5306168,147784,4473936,100468,832232,1048576,1048576,0,0,0,0,5483212,518632,187212,109404,720680,109404,611276,27888,44160,0,0,0,65946132,8450884,34359738367,537272,0,62720,0,1126400,0,0,0,0,0,0,0,0,2048,0,488720,42405888,93323264
1743620177.002191,600855,21068469,0,131892268,123266972,123413616,0,1120384,0,248252,5306168,147784,4473936,100468,832232,1048576,1048576,0,0,0,0,5483212,518632,187212,109404,720680,109404,611276,27888,44160,0,0,0,65946132,8450884,34359738367,537272,0,62720,0,1126400,0,0,0,0,0,0,0,0,2048,0,488720,42405888,93323264
1743620178.001314,600855,21068469,0,131892268,123266972,123413616,0,1120384,0,248252,5306168,147784,4473936,100468,832232,1048576,1048576,0,0,0,0,5483212,518632,187212,109404,720680,109404,611276,27888,44160,0,0,0,65946132,8450884,34359738367,537272,0,62720,0,1126400,0,0,0,0,0,0,0,0,2048,0,488720,42405888,93323264
1743620179.001946,600855,21068469,0,131892268,123266972,123413616,0,1120384,0,248252,5306168,147784,4473936,100468,832232,1048576,1048576,0,0,0,0,5483212,518632,187212,109404,720680,109404,611276,27888,44160,0,0,0,65946132,8450884,34359738367,537272,0,62720,0,1126400,0,0,0,0,0,0,0,0,2048,0,488720,42405888,93323264
1743620180.002033,600855,21068469,0,131892268,123266972,123413616,0,1120384,0,248252,5306168,147784,4473936,100468,832232,1048576,1048576,0,0,0,0,5483212,518632,187212,109404,720680,109404,611276,27888,44160,0,0,0,65946132,8450884,34359738367,537272,0,62720,0,1126400,0,0,0,0,0,0,0,0,2048,0,488720,42405888,93323264
1743620181.001641,600855,21068469,0,131892268,123266972,123413616,0,1120384,0,248252,5306168,147784,4473936,100468,832232,1048576,1048576,0,0,0,0,5483212,518632,187212,109404,720680,109404,611276,27888,44160,0,0,0,65946132,8450884,34359738367,537272,0,62720,0,1126400,0,0,0,0,0,0,0,0,2048,0,488720,42405888,93323264
1743620182.002115,600855,21068469,0,131892268,123266972,123413616,0,1120384,0,248252,5306168,147784,4473936,100468,832232,1048576,1048576,0,0,0,0,5483212,518632,187212,109404,720680,109404,611276,27888,44160,0,0,0,65946132,8450884,34359738367,537272,0,62720,0,1126400,0,0,0,0,0,0,0,0,2048,0,488720,42405888,93323264
1743620183.001236,600855,21068469,0,131892268,123266972,123413616,0,1120384,0,248252,5306168,147784,4473936,100468,832232,1048576,1048576,0,0,0,0,5483212,518632,187212,109404,720680,109404,611276,27888,44160,0,0,0,65946132,8450884,34359738367,537272,0,62720,0,1126400,0,0,0,0,0,0,0,0,2048,0,488720,42405888,93323264
1743620184.001712,600855,21068469,0,131892268,123266972,123413616,0,1120384,0,248252,5306168,147784,4473936,100468,832232,1048576,1048576,0,0,0,0,5483212,518632,187212,109404,720680,109404,611276,27888,44160,0,0,0,65946132,8450884,34359738367,537272,0,62720,0,1126400,0,0,0,0,0,0,0,0,2048,0,488720,42405888,93323264
1743620185.002126,600855,21068469,0,131892268,123266984,123413628,0,1120384,0,248252,5306168,147784,4473936,100468,832232,1048576,1048576,0,0,0,0,5483212,518632,187212,109404,720680,109404,611276,27904,44160,0,0,0,65946132,8450884,34359738367,537288,0,62720,0,1126400,0,0,0,0,0,0,0,0,2048,0,488720,42405888,93323264
1743620186.001248,600855,21068469,0,131892268,123266944,123413588,0,1120384,0,248252,5306168,147784,4473936,100468,832232,1048576,1048576,0,0,0,0,5483212,518632,187212,109404,720720,109404,611316,27904,44160,0,0,0,65946132,8450884,34359738367,537288,0,62720,0,1126400,0,0,0,0,0,0,0,0,2048,0,488720,42405888,93323264
1743620187.001644,600855,21068469,0,131892268,123266944,123413588,0,1120384,0,248252,5306168,147784,4473936,100468,832232,1048576,1048576,0,0,0,0,5483212,518632,187212,109404,720720,109404,611316,27904,44160,0,0,0,65946132,8450884,34359738367,537288,0,62720,0,1126400,0,0,0,0,0,0,0,0,2048,0,488720,42405888,93323264
1743620188.002034,600855,21068469,0,131892268,123266944,123413588,0,1120384,0,248252,5306168,147784,4473936,100468,832232,1048576,1048576,0,0,0,0,5483212,518632,187212,109404,720720,109404,611316,27904,44160,0,0,0,65946132,8450884,34359738367,537288,0,62720,0,1126400,0,0,0,0,0,0,0,0,2048,0,488720,42405888,93323264
1743620189.001156,600855,21068469,0,131892268,123266944,123413588,0,1120384,0,248252,5306168,147784,4473936,100468,832232,1048576,1048576,0,0,0,0,5483212,518632,187212,109404,720720,109404,611316,27904,44160,0,0,0,65946132,8450884,34359738367,537288,0,62720,0,1126400,0,0,0,0,0,0,0,0,2048,0,488720,42405888,93323264
1743620190.001563,600855,21068469,0,131892268,123266944,123413588,0,1120384,0,248252,5306168,147784,4473936,100468,832232,1048576,1048576,0,0,0,0,5483212,518632,187212,109404,720720,109404,611316,27904,44160,0,0,0,65946132,8450884,34359738367,537288,0,62720,0,1126400,0,0,0,0,0,0,0,0,2048,0,488720,42405888,93323264
1743620191.002190,600855,21068469,0,131892268,123266944,123413588,0,1120384,0,248252,5306168,147784,4473936,100468,832232,1048576,1048576,0,0,0,0,5483212,518632,187212,109404,720720,109404,611316,27904,44160,0,0,0,65946132,8450884,34359738367,537288,0,62720,0,1126400,0,0,0,0,0,0,0,0,2048,0,488720,42405888,93323264
1743620192.001257,600855,21068469,0,131892268,123266944,123413588,0,1120384,0,248252,5306168,147784,4473936,100468,832232,1048576,1048576,0,0,0,0,5483212,518632,187212,109404,720720,109404,611316,27904,44160,0,0,0,65946132,8450884,34359738367,537288,0,62720,0,1126400,0,0,0,0,0,0,0,0,2048,0,488720,42405888,93323264
1743620193.001791,600855,21068469,0,131892268,123266944,123413588,0,1120384,0,248252,5306168,147784,4473936,100468,832232,1048576,1048576,0,0,0,0,5483212,518632,187212,109404,720720,109404,611316,27904,44160,0,0,0,65946132,8450884,34359738367,537288,0,62720,0,1126400,0,0,0,0,0,0,0,0,2048,0,488720,42405888,93323264
1743620194.001857,600855,21068469,0,131892268,123266944,123413588,0,1120384,0,248252,5306168,147784,4473936,100468,832232,1048576,1048576,0,0,0,0,5483212,518632,187212,109404,720720,109404,611316,27904,44160,0,0,0,65946132,8450884,34359738367,537288,0,62720,0,1126400,0,0,0,0,0,0,0,0,2048,0,488720,42405888,93323264
1743620195.001291,600855,21068469,0,131892268,123266944,123413588,0,1120384,0,248252,5306168,147784,4473936,100468,832232,1048576,1048576,0,0,0,0,5483212,518632,187212,109404,720720,109404,611316,27904,44160,0,0,0,65946132,8450884,34359738367,537288,0,62720,0,1126400,0,0,0,0,0,0,0,0,2048,0,488720,42405888,93323264
1743620196.001390,600855,21068469,0,131892268,123266944,123413588,0,1120384,0,248252,5306168,147784,4473936,100468,832232,1048576,1048576,0,0,0,0,5483212,518632,187212,109404,720720,109404,611316,27904,44160,0,0,0,65946132,8450884,34359738367,537288,0,62720,0,1126400,0,0,0,0,0,0,0,0,2048,0,488720,42405888,93323264
1743620197.001811,600855,21068469,0,131892268,123266944,123413588,0,1120384,0,248252,5306168,147784,4473936,100468,832232,1048576,1048576,0,0,0,0,5483212,518632,187212,109404,720720,109404,611316,27904,44160,0,0,0,65946132,8450884,34359738367,537288,0,62720,0,1126400,0,0,0,0,0,0,0,0,2048,0,488720,42405888,93323264
1743620198.001875,600855,21068469,0,131892268,123266944,123413588,0,1120384,0,248252,5306168,147784,4473936,100468,832232,1048576,1048576,0,0,0,0,5483212,518632,187212,109404,720720,109404,611316,27904,44160,0,0,0,65946132,8450884,34359738367,537288,0,62720,0,1126400,0,0,0,0,0,0,0,0,2048,0,488720,42405888,93323264
1743620199.001395,600855,21068469,0,131892268,123266944,123413588,0,1120384,0,248252,5306168,147784,4473936,100468,832232,1048576,1048576,0,0,0,0,5483212,518632,187212,109404,720720,109404,611316,27904,44160,0,0,0,65946132,8450884,34359738367,537288,0,62720,0,1126400,0,0,0,0,0,0,0,0,2048,0,488720,42405888,93323264
1743620200.001479,600855,21068469,0,131892268,123266944,123413588,0,1120384,0,248252,5306168,147784,4473936,100468,832232,1048576,1048576,0,0,0,0,5483212,518632,187212,109404,720720,109404,611316,27904,44160,0,0,0,65946132,8450884,34359738367,537288,0,62720,0,1126400,0,0,0,0,0,0,0,0,2048,0,488720,42405888,93323264
1743620201.001819,600855,21068469,0,131892268,123266944,123413588,0,1120384,0,248252,5306168,147784,4473936,100468,832232,1048576,1048576,0,0,0,0,5483212,518632,187212,109404,720720,109404,611316,27904,44160,0,0,0,65946132,8450884,34359738367,537288,0,62720,0,1126400,0,0,0,0,0,0,0,0,2048,0,488720,42405888,93323264
1743620202.002182,600855,21068469,0,131892268,123266944,123413588,0,1120384,0,248252,5306168,147784,4473936,100468,832232,1048576,1048576,0,0,0,0,5483212,518632,187212,109404,720720,109404,611316,27904,44160,0,0,0,65946132,8450884,34359738367,537288,0,62720,0,1126400,0,0,0,0,0,0,0,0,2048,0,488720,42405888,93323264
1743620203.001308,600855,21068469,0,131892268,123266944,123413588,0,1120384,0,248252,5306168,147784,4473936,100468,832232,1048576,1048576,0,0,0,0,5483212,518632,187212,109404,720720,109404,611316,27904,44160,0,0,0,65946132,8450884,34359738367,537288,0,62720,0,1126400,0,0,0,0,0,0,0,0,2048,0,488720,42405888,93323264
1743620204.001637,600855,21068469,0,131892268,123266944,123413588,0,1120384,0,248252,5306168,147784,4473936,100468,832232,1048576,1048576,0,0,0,0,5483212,518632,187212,109404,720720,109404,611316,27904,44160,0,0,0,65946132,8450884,34359738367,537288,0,62720,0,1126400,0,0,0,0,0,0,0,0,2048,0,488720,42405888,93323264
1743620205.002034,600855,21068469,0,131892268,123266936,123413580,0,1120384,0,248252,5306168,147784,4473936,100468,832232,1048576,1048576,0,0,0,0,5483212,518632,187212,109404,720728,109404,611324,27904,44160,0,0,0,65946132,8450884,34359738367,537288,0,62720,0,1126400,0,0,0,0,0,0,0,0,2048,0,488720,42405888,93323264
1743620206.001155,600855,21068469,0,131892268,123266936,123413580,0,1120384,0,248252,5306168,147784,4473936,100468,832232,1048576,1048576,0,0,0,0,5483212,518632,187212,109404,720728,109404,611324,27904,44160,0,0,0,65946132,8450884,34359738367,537288,0,62720,0,1126400,0,0,0,0,0,0,0,0,2048,0,488720,42405888,93323264
1743620207.001494,600855,21068469,0,131892268,123266936,123413580,0,1120384,0,248252,5306168,147784,4473936,100468,832232,1048576,1048576,0,0,0,0,5483212,518632,187212,109404,720728,109404,611324,27904,44160,0,0,0,65946132,8450884,34359738367,537288,0,62720,0,1126400,0,0,0,0,0,0,0,0,2048,0,488720,42405888,93323264
1743620208.001858,600855,21068469,0,131892268,123266928,123413572,0,1120384,0,248252,5306168,147784,4473936,100468,832232,1048576,1048576,0,0,0,0,5483212,518632,187212,109404,720736,109404,611332,27904,44160,0,0,0,65946132,8450884,34359738367,537288,0,62720,0,1126400,0,0,0,0,0,0,0,0,2048,0,488720,42405888,93323264
1743620209.001925,600855,21068469,0,131892268,123266928,123413572,0,1120384,0,248252,5306168,147784,4473936,100468,832232,1048576,1048576,0,0,0,0,5483212,518632,187212,109404,720736,109404,611332,27904,44160,0,0,0,65946132,8450884,34359738367,537288,0,62720,0,1126400,0,0,0,0,0,0,0,0,2048,0,488720,42405888,93323264
1743620210.001297,600855,21068469,0,131892268,123266928,123413572,0,1120384,0,248252,5306168,147784,4473936,100468,832232,1048576,1048576,0,0,0,0,5483212,518632,187212,109404,720736,109404,611332,27904,44160,0,0,0,65946132,8450884,34359738367,537288,0,62720,0,1126400,0,0,0,0,0,0,0,0,2048,0,488720,42405888,93323264
1743620211.001784,600855,21068469,0,131892268,123266960,123413604,0,1120384,0,248252,5306168,147784,4473936,100468,832232,1048576,1048576,0,0,0,0,5483212,518632,187212,109404,720704,109404,611300,27904,44160,0,0,0,65946132,8450884,34359738367,537288,0,62720,0,1126400,0,0,0,0,0,0,0,0,2048,0,488720,42405888,93323264
1743620212.001849,600855,21068469,0,131892268,123266960,123413604,0,1120384,0,248252,5306168,147784,4473936,100468,832232,1048576,1048576,0,0,0,0,5483212,518632,187212,109404,720704,109404,611300,27904,44160,0,0,0,65946132,8450884,34359738367,537288,0,62720,0,1126400,0,0,0,0,0,0,0,0,2048,0,488720,42405888,93323264
1743620213.001359,600855,21068469,0,131892268,123266960,123413604,0,1120384,0,248252,5306168,147784,4473936,100468,832232,1048576,1048576,0,0,0,0,5483212,518632,187212,109404,720704,109404,611300,27904,44160,0,0,0,65946132,8450884,34359738367,537288,0,62720,0,1126400,0,0,0,0,0,0,0,0,2048,0,488720,42405888,93323264
1743620214.001425,600855,21068469,0,131892268,123266960,123413632,0,1120384,0,248264,5306184,147784,4473936,100480,832248,1048576,1048576,0,0,0,0,5483212,518632,187212,109404,720704,109404,611300,27904,44160,0,0,0,65946132,8450884,34359738367,537288,0,62720,0,1126400,0,0,0,0,0,0,0,0,2048,0,488720,42405888,93323264
1743620215.001922,600855,21068469,0,131892268,123266960,123413632,0,1120384,0,248264,5306184,147784,4473936,100480,832248,1048576,1048576,0,0,0,0,5483212,518632,187212,109404,720704,109404,611300,27904,44160,0,0,0,65946132,8450884,34359738367,537288,0,62720,0,1126400,0,0,0,0,0,0,0,0,2048,0,488720,42405888,93323264
1743620216.001986,600855,21068469,0,131892268,123266960,123413632,0,1120384,0,248264,5306184,147784,4473936,100480,832248,1048576,1048576,0,0,0,0,5483212,518632,187212,109404,720704,109404,611300,27904,44160,0,0,0,65946132,8450884,34359738367,537288,0,62720,0,1126400,0,0,0,0,0,0,0,0,2048,0,488720,42405888,93323264
1743620217.001499,600855,21068469,0,131892268,123266960,123413632,0,1120384,0,248264,5306184,147784,4473936,100480,832248,1048576,1048576,0,0,0,0,5483212,518632,187212,109404,720704,109404,611300,27904,44160,0,0,0,65946132,8450884,34359738367,537288,0,62720,0,1126400,0,0,0,0,0,0,0,0,2048,0,488720,42405888,93323264
1743620218.001565,600855,21068469,0,131892268,123266960,123413632,0,1120384,0,248264,5306184,147784,4473936,100480,832248,1048576,1048576,0,0,0,0,5483212,518632,187212,109404,720704,109404,611300,27904,44160,0,0,0,65946132,8450884,34359738367,537288,0,62720,0,1126400,0,0,0,0,0,0,0,0,2048,0,488720,42405888,93323264
1743620219.002078,600855,21068469,0,131892268,123266960,123413632,0,1120384,0,248264,5306184,147784,4473936,100480,832248,1048576,1048576,0,0,0,0,5483212,518632,187212,109404,720704,109404,611300,27904,44160,0,0,0,65946132,8450884,34359738367,537288,0,62720,0,1126400,0,0,0,0,0,0,0,0,2048,0,488720,42405888,93323264
1743620220.001148,600855,21068469,0,131892268,123266960,123413632,0,1120384,0,248264,5306184,147784,4473936,100480,832248,1048576,1048576,0,0,0,0,5483212,518632,187212,109404,720704,109404,611300,27904,44160,0,0,0,65946132,8450884,34359738367,537288,0,62720,0,1126400,0,0,0,0,0,0,0,0,2048,0,488720,42405888,93323264
1743620221.001540,600855,21068469,0,131892268,123266960,123413632,0,1120384,0,248264,5306184,147784,4473936,100480,832248,1048576,1048576,0,0,0,0,5483212,518632,187212,109404,720704,109404,611300,27904,44160,0,0,0,65946132,8450884,34359738367,537288,0,62720,0,1126400,0,0,0,0,0,0,0,0,2048,0,488720,42405888,93323264
1743620222.001962,600855,21068469,0,131892268,123266960,123413632,0,1120384,0,248264,5306184,147784,4473936,100480,832248,1048576,1048576,0,0,0,0,5483212,518632,187212,109404,720704,109404,611300,27904,44160,0,0,0,65946132,8450884,34359738367,537288,0,62720,0,1126400,0,0,0,0,0,0,0,0,2048,0,488720,42405888,93323264
1743620223.002028,600855,21068469,0,131892268,123266960,123413632,0,1120384,0,248264,5306184,147784,4473936,100480,832248,1048576,1048576,0,0,0,0,5483212,518632,187212,109404,720704,109404,611300,27904,44160,0,0,0,65946132,8450884,34359738367,537288,0,62720,0,1126400,0,0,0,0,0,0,0,0,2048,0,488720,42405888,93323264
1743620224.001461,600855,21068469,0,131892268,123266960,123413632,0,1120384,0,248264,5306184,147784,4473936,100480,832248,1048576,1048576,0,0,0,0,5483212,518632,187212,109404,720704,109404,611300,27904,44160,0,0,0,65946132,8450884,34359738367,537288,0,62720,0,1126400,0,0,0,0,0,0,0,0,2048,0,488720,42405888,93323264
1743620225.001886,600855,21068469,0,131892268,123266960,123413632,0,1120384,0,248264,5306184,147784,4473936,100480,832248,1048576,1048576,0,0,0,0,5483212,518632,187212,109404,720704,109404,611300,27904,44160,0,0,0,65946132,8450884,34359738367,537288,0,62720,0,1126400,0,0,0,0,0,0,0,0,2048,0,488720,42405888,93323264
1743620226.002005,600855,21068469,0,131892268,123266960,123413632,0,1120384,0,248264,5306184,147784,4473936,100480,832248,1048576,1048576,0,0,0,0,5483212,518632,187212,109404,720704,109404,611300,27904,44160,0,0,0,65946132,8450884,34359738367,537288,0,62720,0,1126400,0,0,0,0,0,0,0,0,2048,0,488720,42405888,93323264
1743620227.001445,600855,21068469,0,131892268,123266960,123413632,0,1120384,0,248264,5306184,147784,4473936,100480,832248,1048576,1048576,0,0,0,0,5483212,518632,187212,109404,720704,109404,611300,27904,44160,0,0,0,65946132,8450884,34359738367,537288,0,62720,0,1126400,0,0,0,0,0,0,0,0,2048,0,488720,42405888,93323264
1743620228.001824,600855,21068469,0,131892268,123266960,123413632,0,1120384,0,248264,5306184,147784,4473936,100480,832248,1048576,1048576,0,0,0,0,5483212,518632,187212,109404,720704,109404,611300,27904,44160,0,0,0,65946132,8450884,34359738367,537288,0,62720,0,1126400,0,0,0,0,0,0,0,0,2048,0,488720,42405888,93323264
1743620229.001890,600855,21068469,0,131892268,123266960,123413632,0,1120384,0,248264,5306184,147784,4473936,100480,832248,1048576,1048576,0,0,0,0,5483212,518632,187212,109404,720704,109404,611300,27904,44160,0,0,0,65946132,8450884,34359738367,537288,0,62720,0,1126400,0,0,0,0,0,0,0,0,2048,0,488720,42405888,93323264
1743620230.001293,600855,21068469,0,131892268,123266960,123413632,0,1120384,0,248264,5306184,147784,4473936,100480,832248,1048576,1048576,0,0,0,0,5483212,518632,187212,109404,720704,109404,611300,27904,44160,0,0,0,65946132,8450884,34359738367,537288,0,62720,0,1126400,0,0,0,0,0,0,0,0,2048,0,488720,42405888,93323264
1743620231.002302,600855,21068469,0,131892268,123266960,123413632,0,1120384,0,248264,5306184,147784,4473936,100480,832248,1048576,1048576,0,0,0,0,5483212,518632,187212,109404,720704,109404,611300,27904,44160,0,0,0,65946132,8450884,34359738367,537288,0,62720,0,1126400,0,0,0,0,0,0,0,0,2048,0,488720,42405888,93323264
1743620232.001421,600855,21068469,0,131892268,123266960,123413632,0,1120384,0,248264,5306184,147784,4473936,100480,832248,1048576,1048576,0,0,0,0,5483212,518632,187212,109404,720704,109404,611300,27904,44160,0,0,0,65946132,8450884,34359738367,537288,0,62720,0,1126400,0,0,0,0,0,0,0,0,2048,0,488720,42405888,93323264
1743620233.002046,600855,21068469,0,131892268,123266960,123413632,0,1120384,0,248264,5306184,147784,4473936,100480,832248,1048576,1048576,0,0,0,0,5483212,518632,187212,109404,720704,109404,611300,27904,44160,0,0,0,65946132,8450884,34359738367,537288,0,62720,0,1126400,0,0,0,0,0,0,0,0,2048,0,488720,42405888,93323264
1743620234.001137,600855,21068469,0,131892268,123266960,123413632,0,1120384,0,248264,5306184,147784,4473936,100480,832248,1048576,1048576,0,0,0,0,5483212,518632,187212,109404,720704,109404,611300,27904,44160,0,0,0,65946132,8450884,34359738367,537288,0,62720,0,1126400,0,0,0,0,0,0,0,0,2048,0,488720,42405888,93323264
1743620235.001680,600855,21068469,0,131892268,123266960,123413632,0,1120384,0,248264,5306184,147784,4473936,100480,832248,1048576,1048576,0,0,0,0,5483212,518632,187212,109404,720704,109404,611300,27904,44160,0,0,0,65946132,8450884,34359738367,537288,0,62720,0,1126400,0,0,0,0,0,0,0,0,2048,0,488720,42405888,93323264
1743620236.001747,600855,21068469,0,131892268,123266960,123413632,0,1120384,0,248264,5306184,147784,4473936,100480,832248,1048576,1048576,0,0,0,0,5483212,518632,187212,109404,720704,109404,611300,27904,44160,0,0,0,65946132,8450884,34359738367,537288,0,62720,0,1126400,0,0,0,0,0,0,0,0,2048,0,488720,42405888,93323264
1743620237.002228,600855,21068469,0,131892268,123266960,123413632,0,1120384,0,248264,5306184,147784,4473936,100480,832248,1048576,1048576,0,0,0,0,5483212,518632,187212,109404,720704,109404,611300,27904,44160,0,0,0,65946132,8450884,34359738367,537288,0,62720,0,1126400,0,0,0,0,0,0,0,0,2048,0,488720,42405888,93323264
1743620238.001295,600855,21068469,0,131892268,123266960,123413632,0,1120384,0,248264,5306184,147784,4473936,100480,832248,1048576,1048576,0,0,0,0,5483212,518632,187212,109404,720704,109404,611300,27904,44160,0,0,0,65946132,8450884,34359738367,537288,0,62720,0,1126400,0,0,0,0,0,0,0,0,2048,0,488720,42405888,93323264
1743620239.001883,600855,21068469,0,131892268,123266960,123413632,0,1120384,0,248264,5306184,147784,4473936,100480,832248,1048576,1048576,0,0,0,0,5483212,518632,187212,109404,720704,109404,611300,27904,44160,0,0,0,65946132,8450884,34359738367,537288,0,62720,0,1126400,0,0,0,0,0,0,0,0,2048,0,488720,42405888,93323264
1743620240.001956,600855,21068469,0,131892268,123266960,123413632,0,1120384,0,248264,5306184,147784,4473936,100480,832248,1048576,1048576,0,0,0,0,5483212,518632,187212,109404,720704,109404,611300,27904,44160,0,0,0,65946132,8450884,34359738367,537288,0,62720,0,1126400,0,0,0,0,0,0,0,0,2048,0,488720,42405888,93323264
1743620241.001682,600855,21068469,0,131892268,123266960,123413632,0,1120384,0,248264,5306184,147784,4473936,100480,832248,1048576,1048576,0,0,0,0,5483212,518632,187212,109404,720704,109404,611300,27904,44160,0,0,0,65946132,8450884,34359738367,537288,0,62720,0,1126400,0,0,0,0,0,0,0,0,2048,0,488720,42405888,93323264
1743620242.002150,600855,21068469,0,131892268,123266920,123413592,0,1120384,0,248264,5306184,147784,4473936,100480,832248,1048576,1048576,0,0,0,0,5483212,518632,187212,109404,720744,109404,611340,27904,44160,0,0,0,65946132,8450884,34359738367,537288,0,62720,0,1126400,0,0,0,0,0,0,0,0,2048,0,488720,42405888,93323264
1743620243.001217,600855,21068469,0,131892268,123266920,123413592,0,1120384,0,248264,5306184,147784,4473936,100480,832248,1048576,1048576,0,0,0,0,5483212,518632,187212,109404,720744,109404,611340,27904,44160,0,0,0,65946132,8450884,34359738367,537288,0,62720,0,1126400,0,0,0,0,0,0,0,0,2048,0,488720,42405888,93323264
1743620244.001577,600855,21068469,0,131892268,123266920,123413592,0,1120384,0,248264,5306184,147784,4473936,100480,832248,1048576,1048576,0,0,0,0,5483212,518632,187212,109404,720744,109404,611340,27904,44160,0,0,0,65946132,8450884,34359738367,537288,0,62720,0,1126400,0,0,0,0,0,0,0,0,2048,0,488720,42405888,93323264
1743620245.001988,600855,21068469,0,131892268,123266920,123413592,0,1120384,0,248264,5306184,147784,4473936,100480,832248,1048576,1048576,0,0,0,0,5483212,518632,187212,109404,720744,109404,611340,27904,44160,0,0,0,65946132,8450884,34359738367,537288,0,62720,0,1126400,0,0,0,0,0,0,0,0,2048,0,488720,42405888,93323264
1743620246.002054,600855,21068469,0,131892268,123266920,123413592,0,1120384,0,248264,5306184,147784,4473936,100480,832248,1048576,1048576,0,0,0,0,5483212,518632,187212,109404,720744,109404,611340,27904,44160,0,0,0,65946132,8450884,34359738367,537288,0,62720,0,1126400,0,0,0,0,0,0,0,0,2048,0,488720,42405888,93323264
1743620247.001419,600855,21068469,0,131892268,123266920,123413592,0,1120384,0,248264,5306184,147784,4473936,100480,832248,1048576,1048576,0,0,0,0,5483212,518632,187212,109404,720744,109404,611340,27904,44160,0,0,0,65946132,8450884,34359738367,537288,0,62720,0,1126400,0,0,0,0,0,0,0,0,2048,0,488720,42405888,93323264
1743620248.001844,600855,21068469,0,131892268,123266920,123413592,0,1120384,0,248264,5306184,147784,4473936,100480,832248,1048576,1048576,0,0,0,0,5483212,518632,187212,109404,720744,109404,611340,27904,44160,0,0,0,65946132,8450884,34359738367,537288,0,62720,0,1126400,0,0,0,0,0,0,0,0,2048,0,488720,42405888,93323264
1743620249.001913,600855,21068469,0,131892268,123266920,123413592,0,1120384,0,248264,5306184,147784,4473936,100480,832248,1048576,1048576,0,0,0,0,5483212,518632,187212,109404,720744,109404,611340,27904,44160,0,0,0,65946132,8450884,34359738367,537288,0,62720,0,1126400,0,0,0,0,0,0,0,0,2048,0,488720,42405888,93323264
1743620250.001300,600855,21068469,0,131892268,123266920,123413592,0,1120384,0,248264,5306184,147784,4473936,100480,832248,1048576,1048576,0,0,0,0,5483212,518632,187212,109404,720744,109404,611340,27904,44160,0,0,0,65946132,8450884,34359738367,537288,0,62720,0,1126400,0,0,0,0,0,0,0,0,2048,0,488720,42405888,93323264
1743620251.002138,600855,21068469,0,131892268,123266920,123413592,0,1120384,0,248264,5306184,147784,4473936,100480,832248,1048576,1048576,0,0,0,0,5483212,518632,187212,109404,720744,109404,611340,27904,44160,0,0,0,65946132,8450884,34359738367,537288,0,62720,0,1126400,0,0,0,0,0,0,0,0,2048,0,488720,42405888,93323264
1743620252.001261,600855,21068469,0,131892268,123266920,123413592,0,1120384,0,248264,5306184,147784,4473936,100480,832248,1048576,1048576,0,0,0,0,5483212,518632,187212,109404,720744,109404,611340,27904,44160,0,0,0,65946132,8450884,34359738367,537288,0,62720,0,1126400,0,0,0,0,0,0,0,0,2048,0,488720,42405888,93323264
1743620253.001803,600855,21068469,0,131892268,123266920,123413592,0,1120384,0,248264,5306184,147784,4473936,100480,832248,1048576,1048576,0,0,0,0,5483212,518632,187212,109404,720744,109404,611340,27904,44160,0,0,0,65946132,8450884,34359738367,537288,0,62720,0,1126400,0,0,0,0,0,0,0,0,2048,0,488720,42405888,93323264
1743620254.001874,600855,21068469,0,131892268,123266948,123413620,0,1120384,0,248264,5306184,147784,4473936,100480,832248,1048576,1048576,0,0,0,0,5483212,518632,187212,109404,720744,109404,611340,27904,44160,0,0,0,65946132,8450884,34359738367,537288,0,62720,0,1126400,0,0,0,0,0,0,0,0,2048,0,488720,42405888,93323264
1743620255.001380,600855,21068469,0,131892268,123266948,123413620,0,1120384,0,248264,5306184,147784,4473936,100480,832248,1048576,1048576,0,0,0,0,5483212,518632,187212,109404,720744,109404,611340,27904,44160,0,0,0,65946132,8450884,34359738367,537288,0,62720,0,1126400,0,0,0,0,0,0,0,0,2048,0,488720,42405888,93323264
1743620256.001500,600855,21068469,0,131892268,123266948,123413620,0,1120384,0,248264,5306184,147784,4473936,100480,832248,1048576,1048576,0,0,0,0,5483212,518632,187212,109404,720744,109404,611340,27904,44160,0,0,0,65946132,8450884,34359738367,537288,0,62720,0,1126400,0,0,0,0,0,0,0,0,2048,0,488720,42405888,93323264
1743620257.002003,600855,21068469,0,131892268,123266948,123413620,0,1120384,0,248264,5306184,147784,4473936,100480,832248,1048576,1048576,0,0,0,0,5483212,518632,187212,109404,720744,109404,611340,27904,44160,0,0,0,65946132,8450884,34359738367,537288,0,62720,0,1126400,0,0,0,0,0,0,0,0,2048,0,488720,42405888,93323264
1743620258.001120,600855,21068469,0,131892268,123266948,123413620,0,1120384,0,248264,5306184,147784,4473936,100480,832248,1048576,1048576,0,0,0,0,5483212,518632,187212,109404,720744,109404,611340,27904,44160,0,0,0,65946132,8450884,34359738367,537288,0,62720,0,1126400,0,0,0,0,0,0,0,0,2048,0,488720,42405888,93323264
1743620259.001663,600855,21068469,0,131892268,123266948,123413620,0,1120384,0,248264,5306184,147784,4473936,100480,832248,1048576,1048576,0,0,0,0,5483212,518632,187212,109404,720744,109404,611340,27904,44160,0,0,0,65946132,8450884,34359738367,537288,0,62720,0,1126400,0,0,0,0,0,0,0,0,2048,0,488720,42405888,93323264
1743620260.001727,600855,21068469,0,131892268,123266948,123413620,0,1120384,0,248264,5306184,147784,4473936,100480,832248,1048576,1048576,0,0,0,0,5483212,518632,187212,109404,720744,109404,611340,27904,44160,0,0,0,65946132,8450884,34359738367,537288,0,62720,0,1126400,0,0,0,0,0,0,0,0,2048,0,488720,42405888,93323264
1743620261.001599,600855,21068469,0,131892268,123266948,123413620,0,1120384,0,248264,5306184,147784,4473936,100480,832248,1048576,1048576,0,0,0,0,5483212,518632,187212,109404,720744,109404,611340,27904,44160,0,0,0,65946132,8450884,34359738367,537288,0,62720,0,1126400,0,0,0,0,0,0,0,0,2048,0,488720,42405888,93323264
1743620262.002071,600855,21068469,0,131892268,123266940,123413612,0,1120384,0,248264,5306184,147784,4473936,100480,832248,1048576,1048576,0,0,0,0,5483212,518632,187212,109404,720752,109404,611348,27904,44160,0,0,0,65946132,8450884,34359738367,537288,0,62720,0,1126400,0,0,0,0,0,0,0,0,2048,0,488720,42405888,93323264
1743620263.001139,600855,21068469,0,131892268,123266940,123413612,0,1120384,0,248264,5306184,147784,4473936,100480,832248,1048576,1048576,0,0,0,0,5483212,518632,187212,109404,720752,109404,611348,27904,44160,0,0,0,65946132,8450884,34359738367,537288,0,62720,0,1126400,0,0,0,0,0,0,0,0,2048,0,488720,42405888,93323264
1743620264.001578,600855,21068469,0,131892268,123266940,123413612,0,1120384,0,248264,5306184,147784,4473936,100480,832248,1048576,1048576,0,0,0,0,5483212,518632,187212,109404,720752,109404,611348,27904,44160,0,0,0,65946132,8450884,34359738367,537288,0,62720,0,1126400,0,0,0,0,0,0,0,0,2048,0,488720,42405888,93323264
1743620265.002024,600855,21068469,0,131892268,123266940,123413612,0,1120384,0,248264,5306184,147784,4473936,100480,832248,1048576,1048576,0,0,0,0,5483212,518632,187212,109404,720752,109404,611348,27904,44160,0,0,0,65946132,8450884,34359738367,537288,0,62720,0,1126400,0,0,0,0,0,0,0,0,2048,0,488720,42405888,93323264
1743620266.001156,600855,21068469,0,131892268,123266940,123413612,0,1120384,0,248264,5306184,147784,4473936,100480,832248,1048576,1048576,0,0,0,0,5483212,518632,187212,109404,720752,109404,611348,27904,44160,0,0,0,65946132,8450884,34359738367,537288,0,62720,0,1126400,0,0,0,0,0,0,0,0,2048,0,488720,42405888,93323264
1743620267.001555,600855,21068469,0,131892268,123266940,123413612,0,1120384,0,248264,5306184,147784,4473936,100480,832248,1048576,1048576,0,0,0,0,5483212,518632,187212,109404,720752,109404,611348,27904,44160,0,0,0,65946132,8450884,34359738367,537288,0,62720,0,1126400,0,0,0,0,0,0,0,0,2048,0,488720,42405888,93323264
1743620268.002042,600855,21068469,0,131892268,123266940,123413612,0,1120384,0,248264,5306184,147784,4473936,100480,832248,1048576,1048576,0,0,0,0,5483212,518632,187212,109404,720752,109404,611348,27904,44160,0,0,0,65946132,8450884,34359738367,537288,0,62720,0,1126400,0,0,0,0,0,0,0,0,2048,0,488720,42405888,93323264
1743620269.001162,600855,21068469,0,131892268,123266972,123413644,0,1120384,0,248264,5306184,147784,4473936,100480,832248,1048576,1048576,0,0,0,0,5483212,518632,187212,109404,720752,109404,611348,27904,44160,0,0,0,65946132,8450884,34359738367,537288,0,62720,0,1126400,0,0,0,0,0,0,0,0,2048,0,488720,42405888,93323264
1743620270.001593,600855,21068469,0,131892268,123266972,123413644,0,1120384,0,248264,5306184,147784,4473936,100480,832248,1048576,1048576,0,0,0,0,5483212,518632,187212,109404,720752,109404,611348,27808,44160,0,0,0,65946132,8450884,34359738367,537256,0,62720,0,1126400,0,0,0,0,0,0,0,0,2048,0,488720,42405888,93323264
1743620271.001795,600855,21068469,0,131892268,123266972,123413644,0,1120384,0,248264,5306184,147784,4473936,100480,832248,1048576,1048576,0,0,0,0,5483212,518632,187212,109404,720752,109404,611348,27776,44160,0,0,0,65946132,8450884,34359738367,537240,0,62720,0,1126400,0,0,0,0,0,0,0,0,2048,0,488720,42405888,93323264
1743620272.001864,600855,21068469,0,131892268,123266964,123413636,0,1120384,0,248264,5306184,147784,4473936,100480,832248,1048576,1048576,0,0,0,0,5483212,518632,187212,109404,720760,109404,611356,27744,44160,0,0,0,65946132,8450884,34359738367,537240,0,62720,0,1126400,0,0,0,0,0,0,0,0,2048,0,488720,42405888,93323264
1743620273.001390,600855,21068469,0,131892268,123266964,123413636,0,1120384,0,248264,5306184,147784,4473936,100480,832248,1048576,1048576,0,0,0,0,5483212,518632,187212,109404,720760,109404,611356,27744,44160,0,0,0,65946132,8450884,34359738367,537240,0,62720,0,1126400,0,0,0,0,0,0,0,0,2048,0,488720,42405888,93323264
1743620274.001508,600855,21068469,0,131892268,123266964,123413692,0,1120384,0,248288,5306216,147784,4473936,100504,832280,1048576,1048576,0,0,0,0,5483212,518632,187212,109404,720760,109404,611356,27744,44160,0,0,0,65946132,8450884,34359738367,537240,0,62720,0,1126400,0,0,0,0,0,0,0,0,2048,0,488720,42405888,93323264
1743620275.001961,600855,21068469,0,131892268,123266980,123413708,0,1120384,0,248288,5306216,147784,4473936,100504,832280,1048576,1048576,0,0,0,0,5483212,518632,187212,109404,720760,109404,611356,27744,44160,0,0,0,65946132,8450884,34359738367,537240,0,62720,0,1126400,0,0,0,0,0,0,0,0,2048,0,488720,42405888,93323264
1743620276.002028,600855,21068469,0,131892268,123266980,123413708,0,1120384,0,248288,5306216,147784,4473936,100504,832280,1048576,1048576,0,0,0,0,5483212,518632,187212,109404,720760,109404,611356,27744,44160,0,0,0,65946132,8450884,34359738367,537240,0,62720,0,1126400,0,0,0,0,0,0,0,0,2048,0,488720,42405888,93323264
1743620277.001543,600855,21068469,0,131892268,123266980,123413708,0,1120384,0,248288,5306216,147784,4473936,100504,832280,1048576,1048576,0,0,0,0,5483212,518632,187212,109404,720760,109404,611356,27744,44160,0,0,0,65946132,8450884,34359738367,537240,0,62720,0,1126400,0,0,0,0,0,0,0,0,2048,0,488720,42405888,93323264
1743620278.001638,600855,21068469,0,131892268,123266972,123413700,0,1120384,0,248288,5306216,147784,4473936,100504,832280,1048576,1048576,0,0,0,0,5483212,518632,187212,109404,720768,109404,611364,27744,44160,0,0,0,65946132,8450884,34359738367,537240,0,62720,0,1126400,0,0,0,0,0,0,0,0,2048,0,488720,42405888,93323264
1743620279.002072,600855,21068469,0,131892268,123266972,123413700,0,1120384,0,248288,5306216,147784,4473936,100504,832280,1048576,1048576,0,0,0,0,5483212,518632,187212,109404,720768,109404,611364,27744,44160,0,0,0,65946132,8450884,34359738367,537240,0,62720,0,1126400,0,0,0,0,0,0,0,0,2048,0,488720,42405888,93323264
1743620280.001185,600855,21068469,0,131892268,123266972,123413700,0,1120384,0,248288,5306216,147784,4473936,100504,832280,1048576,1048576,0,0,0,0,5483212,518632,187212,109404,720768,109404,611364,27744,44160,0,0,0,65946132,8450884,34359738367,537240,0,62720,0,1126400,0,0,0,0,0,0,0,0,2048,0,488720,42405888,93323264
1743620281.001643,600855,21068469,0,131892268,123266972,123413700,0,1120384,0,248288,5306216,147784,4473936,100504,832280,1048576,1048576,0,0,0,0,5483212,518632,187212,109404,720768,109404,611364,27744,44160,0,0,0,65946132,8450884,34359738367,537240,0,62720,0,1126400,0,0,0,0,0,0,0,0,2048,0,488720,42405888,93323264
1743620282.002044,600855,21068469,0,131892268,123266972,123413700,0,1120384,0,248288,5306216,147784,4473936,100504,832280,1048576,1048576,0,0,0,0,5483212,518632,187212,109404,720768,109404,611364,27744,44160,0,0,0,65946132,8450884,34359738367,537240,0,62720,0,1126400,0,0,0,0,0,0,0,0,2048,0,488720,42405888,93323264
1743620283.001163,600855,21068469,0,131892268,123266972,123413700,0,1120384,0,248288,5306216,147784,4473936,100504,832280,1048576,1048576,0,0,0,0,5483212,518632,187212,109404,720768,109404,611364,27744,44160,0,0,0,65946132,8450884,34359738367,537240,0,62720,0,1126400,0,0,0,0,0,0,0,0,2048,0,488720,42405888,93323264
1743620284.001651,600855,21068469,0,131892268,123266972,123413700,0,1120384,0,248288,5306216,147784,4473936,100504,832280,1048576,1048576,0,0,0,0,5483212,518632,187212,109404,720768,109404,611364,27744,44160,0,0,0,65946132,8450884,34359738367,537240,0,62720,0,1126400,0,0,0,0,0,0,0,0,2048,0,488720,42405888,93323264
1743620285.002111,600855,21068469,0,131892268,123266972,123413700,0,1120384,0,248288,5306216,147784,4473936,100504,832280,1048576,1048576,0,0,0,0,5483212,518632,187212,109404,720768,109404,611364,27744,44160,0,0,0,65946132,8450884,34359738367,537240,0,62720,0,1126400,0,0,0,0,0,0,0,0,2048,0,488720,42405888,93323264
1743620286.001236,600855,21068469,0,131892268,123266972,123413700,0,1120384,0,248288,5306216,147784,4473936,100504,832280,1048576,1048576,0,0,0,0,5483212,518632,187212,109404,720768,109404,611364,27744,44160,0,0,0,65946132,8450884,34359738367,537240,0,62720,0,1126400,0,0,0,0,0,0,0,0,2048,0,488720,42405888,93323264
1743620287.001713,600855,21068469,0,131892268,123266972,123413700,0,1120384,0,248288,5306216,147784,4473936,100504,832280,1048576,1048576,0,0,0,0,5483212,518632,187212,109404,720768,109404,611364,27744,44160,0,0,0,65946132,8450884,34359738367,537240,0,62720,0,1126400,0,0,0,0,0,0,0,0,2048,0,488720,42405888,93323264
1743620288.002151,600855,21068469,0,131892268,123266972,123413700,0,1120384,0,248288,5306216,147784,4473936,100504,832280,1048576,1048576,0,0,0,0,5483212,518632,187212,109404,720768,109404,611364,27744,44160,0,0,0,65946132,8450884,34359738367,537240,0,62720,0,1126400,0,0,0,0,0,0,0,0,2048,0,488720,42405888,93323264
1743620289.001274,600855,21068469,0,131892268,123266964,123413692,0,1120384,0,248288,5306216,147784,4473936,100504,832280,1048576,1048576,0,0,0,0,5483212,518632,187212,109404,720776,109404,611372,27744,44160,0,0,0,65946132,8450884,34359738367,537240,0,62720,0,1126400,0,0,0,0,0,0,0,0,2048,0,488720,42405888,93323264
1743620290.001655,600855,21068469,0,131892268,123266964,123413692,0,1120384,0,248288,5306216,147784,4473936,100504,832280,1048576,1048576,0,0,0,0,5483212,518632,187212,109404,720776,109404,611372,27744,44160,0,0,0,65946132,8450884,34359738367,537240,0,62720,0,1126400,0,0,0,0,0,0,0,0,2048,0,488720,42405888,93323264
1743620291.002016,600855,21068469,0,131892268,123266956,123413684,0,1120384,0,248288,5306216,147784,4473936,100504,832280,1048576,1048576,0,0,0,0,5483212,518632,187212,109404,720784,109404,611380,27744,44160,0,0,0,65946132,8450884,34359738367,537240,0,62720,0,1126400,0,0,0,0,0,0,0,0,2048,0,488720,42405888,93323264
1743620292.001138,600855,21068469,0,131892268,123266956,123413684,0,1120384,0,248288,5306216,147784,4473936,100504,832280,1048576,1048576,0,0,0,0,5483212,518632,187212,109404,720784,109404,611380,27744,44160,0,0,0,65946132,8450884,34359738367,537240,0,62720,0,1126400,0,0,0,0,0,0,0,0,2048,0,488720,42405888,93323264
1743620293.001707,600855,21068469,0,131892268,123266956,123413684,0,1120384,0,248288,5306216,147784,4473936,100504,832280,1048576,1048576,0,0,0,0,5483212,518632,187212,109404,720784,109404,611380,27744,44160,0,0,0,65946132,8450884,34359738367,537240,0,62720,0,1126400,0,0,0,0,0,0,0,0,2048,0,488720,42405888,93323264
1743620294.001780,600855,21068469,0,131892268,123266956,123413684,0,1120384,0,248288,5306216,147784,4473936,100504,832280,1048576,1048576,0,0,0,0,5483212,518632,187212,109404,720784,109404,611380,27744,44160,0,0,0,65946132,8450884,34359738367,537240,0,62720,0,1126400,0,0,0,0,0,0,0,0,2048,0,488720,42405888,93323264
1743620295.002257,600855,21068469,0,131892268,123266948,123413676,0,1120384,0,248288,5306216,147784,4473936,100504,832280,1048576,1048576,0,0,0,0,5483212,518632,187212,109404,720792,109404,611388,27744,44160,0,0,0,65946132,8450884,34359738367,537240,0,62720,0,1126400,0,0,0,0,0,0,0,0,2048,0,488720,42405888,93323264
1743620296.001379,600855,21068469,0,131892268,123266948,123413676,0,1120384,0,248288,5306216,147784,4473936,100504,832280,1048576,1048576,0,0,0,0,5483212,518632,187212,109404,720792,109404,611388,27744,44160,0,0,0,65946132,8450884,34359738367,537240,0,62720,0,1126400,0,0,0,0,0,0,0,0,2048,0,488720,42405888,93323264
1743620297.001927,600855,21068469,0,131892268,123266948,123413676,0,1120384,0,248288,5306216,147784,4473936,100504,832280,1048576,1048576,0,0,0,0,5483212,518632,187212,109404,720792,109404,611388,27744,44160,0,0,0,65946132,8450884,34359738367,537240,0,62720,0,1126400,0,0,0,0,0,0,0,0,2048,0,488720,42405888,93323264
1743620298.001998,600855,21068469,0,131892268,123266948,123413676,0,1120384,0,248288,5306216,147784,4473936,100504,832280,1048576,1048576,0,0,0,0,5483212,518632,187212,109404,720792,109404,611388,27744,44160,0,0,0,65946132,8450884,34359738367,537240,0,62720,0,1126400,0,0,0,0,0,0,0,0,2048,0,488720,42405888,93323264
1743620299.001518,600855,21068469,0,131892268,123266948,123413676,0,1120384,0,248288,5306216,147784,4473936,100504,832280,1048576,1048576,0,0,0,0,5483212,518632,187212,109404,720792,109404,611388,27744,44160,0,0,0,65946132,8450884,34359738367,537240,0,62720,0,1126400,0,0,0,0,0,0,0,0,2048,0,488720,42405888,93323264
1743620300.001603,600855,21068469,0,131892268,123266948,123413676,0,1120384,0,248288,5306216,147784,4473936,100504,832280,1048576,1048576,0,0,0,0,5483212,518632,187212,109404,720792,109404,611388,27744,44160,0,0,0,65946132,8450884,34359738367,537240,0,62720,0,1126400,0,0,0,0,0,0,0,0,2048,0,488720,42405888,93323264
1743620301.001581,600855,21068469,0,131892268,123266948,123413676,0,1120384,0,248288,5306216,147784,4473936,100504,832280,1048576,1048576,0,0,0,0,5483212,518632,187212,109404,720792,109404,611388,27744,44160,0,0,0,65946132,8450884,34359738367,537240,0,62720,0,1126400,0,0,0,0,0,0,0,0,2048,0,488720,42405888,93323264
1743620302.002043,600855,21068469,0,131892268,123267012,123413740,0,1120384,0,248288,5306216,147784,4473936,100504,832280,1048576,1048576,0,0,0,0,5483212,518632,187212,109404,720792,109404,611388,27744,44160,0,0,0,65946132,8450884,34359738367,537240,0,62720,0,1126400,0,0,0,0,0,0,0,0,2048,0,488720,42405888,93323264
1743620303.001157,600855,21068469,0,131892268,123267012,123413740,0,1120384,0,248288,5306216,147784,4473936,100504,832280,1048576,1048576,0,0,0,0,5483212,518632,187212,109404,720792,109404,611388,27744,44160,0,0,0,65946132,8450884,34359738367,537240,0,62720,0,1126400,0,0,0,0,0,0,0,0,2048,0,488720,42405888,93323264
1743620304.001564,600855,21068469,0,131892268,123267012,123413740,0,1120384,0,248288,5306216,147784,4473936,100504,832280,1048576,1048576,0,0,0,0,5483212,518632,187212,109404,720792,109404,611388,27744,44160,0,0,0,65946132,8450884,34359738367,537240,0,62720,0,1126400,0,0,0,0,0,0,0,0,2048,0,488720,42405888,93323264
1743620305.001973,600855,21068469,0,131892268,123267012,123413740,0,1120384,0,248288,5306216,147784,4473936,100504,832280,1048576,1048576,0,0,0,0,5483212,518632,187212,109404,720792,109404,611388,27744,44160,0,0,0,65946132,8450884,34359738367,537240,0,62720,0,1126400,0,0,0,0,0,0,0,0,2048,0,488720,42405888,93323264
1743620306.002040,600855,21068469,0,131892268,123267012,123413740,0,1120384,0,248288,5306216,147784,4473936,100504,832280,1048576,1048576,0,0,0,0,5483212,518632,187212,109404,720792,109404,611388,27744,44160,0,0,0,65946132,8450884,34359738367,537240,0,62720,0,1126400,0,0,0,0,0,0,0,0,2048,0,488720,42405888,93323264
1743620307.001464,600855,21068469,0,131892268,123267012,123413740,0,1120384,0,248288,5306216,147784,4473936,100504,832280,1048576,1048576,0,0,0,0,5483212,518632,187212,109404,720792,109404,611388,27744,44160,0,0,0,65946132,8450884,34359738367,537240,0,62720,0,1126400,0,0,0,0,0,0,0,0,2048,0,488720,42405888,93323264
1743620308.001880,600855,21068469,0,131892268,123267012,123413740,0,1120384,0,248288,5306216,147784,4473936,100504,832280,1048576,1048576,0,0,0,0,5483212,518632,187212,109404,720792,109404,611388,27744,44160,0,0,0,65946132,8450884,34359738367,537240,0,62720,0,1126400,0,0,0,0,0,0,0,0,2048,0,488720,42405888,93323264
1743620309.001947,600855,21068469,0,131892268,123267012,123413740,0,1120384,0,248288,5306216,147784,4473936,100504,832280,1048576,1048576,0,0,0,0,5483212,518632,187212,109404,720792,109404,611388,27744,44160,0,0,0,65946132,8450884,34359738367,537240,0,62720,0,1126400,0,0,0,0,0,0,0,0,2048,0,488720,42405888,93323264
1743620310.001378,600855,21068469,0,131892268,123267012,123413740,0,1120384,0,248288,5306216,147784,4473936,100504,832280,1048576,1048576,0,0,0,0,5483212,518632,187212,109404,720792,109404,611388,27744,44160,0,0,0,65946132,8450884,34359738367,537240,0,62720,0,1126400,0,0,0,0,0,0,0,0,2048,0,488720,42405888,93323264
1743620311.001575,600855,21068469,0,131892268,123267012,123413740,0,1120384,0,248288,5306216,147784,4473936,100504,832280,1048576,1048576,0,0,0,0,5483212,518632,187212,109404,720792,109404,611388,27744,44160,0,0,0,65946132,8450884,34359738367,537240,0,62720,0,1126400,0,0,0,0,0,0,0,0,2048,0,488720,42405888,93323264
1743620312.001648,600855,21068469,0,131892268,123267012,123413740,0,1120384,0,248288,5306216,147784,4473936,100504,832280,1048576,1048576,0,0,0,0,5483212,518632,187212,109404,720792,109404,611388,27744,44160,0,0,0,65946132,8450884,34359738367,537240,0,62720,0,1126400,0,0,0,0,0,0,0,0,2048,0,488720,42405888,93323264
1743620313.002217,600855,21068469,0,131892268,123267012,123413740,0,1120384,0,248288,5306216,147784,4473936,100504,832280,1048576,1048576,0,0,0,0,5483212,518632,187212,109404,720792,109404,611388,27744,44160,0,0,0,65946132,8450884,34359738367,537240,0,62720,0,1126400,0,0,0,0,0,0,0,0,2048,0,488720,42405888,93323264
1743620314.001310,600855,21068469,0,131892268,123267012,123413740,0,1120384,0,248288,5306216,147784,4473936,100504,832280,1048576,1048576,0,0,0,0,5483212,518632,187212,109404,720792,109404,611388,27744,44160,0,0,0,65946132,8450884,34359738367,537240,0,62720,0,1126400,0,0,0,0,0,0,0,0,2048,0,488720,42405888,93323264
1743620315.001862,600855,21068469,0,131892268,123267012,123413740,0,1120384,0,248288,5306216,147784,4473936,100504,832280,1048576,1048576,0,0,0,0,5483212,518632,187212,109404,720792,109404,611388,27744,44160,0,0,0,65946132,8450884,34359738367,537240,0,62720,0,1126400,0,0,0,0,0,0,0,0,2048,0,488720,42405888,93323264
1743620316.001928,600855,21068469,0,131892268,123267012,123413740,0,1120384,0,248288,5306216,147784,4473936,100504,832280,1048576,1048576,0,0,0,0,5483212,518632,187212,109404,720792,109404,611388,27744,44160,0,0,0,65946132,8450884,34359738367,537240,0,62720,0,1126400,0,0,0,0,0,0,0,0,2048,0,488720,42405888,93323264
1743620317.001507,600855,21068469,0,131892268,123266980,123413708,0,1120384,0,248288,5306216,147784,4473936,100504,832280,1048576,1048576,0,0,0,0,5483212,518632,187212,109404,720824,109404,611420,27744,44160,0,0,0,65946132,8450884,34359738367,537240,0,62720,0,1126400,0,0,0,0,0,0,0,0,2048,0,488720,42405888,93323264
1743620318.001575,600855,21068469,0,131892268,123266980,123413708,0,1120384,0,248288,5306216,147784,4473936,100504,832280,1048576,1048576,0,0,0,0,5483212,518632,187212,109404,720824,109404,611420,27744,44160,0,0,0,65946132,8450884,34359738367,537240,0,62720,0,1126400,0,0,0,0,0,0,0,0,2048,0,488720,42405888,93323264
1743620319.002080,600855,21068469,0,131892268,123266980,123413708,0,1120384,0,248288,5306216,147784,4473936,100504,832280,1048576,1048576,0,0,0,0,5483212,518632,187212,109404,720824,109404,611420,27744,44160,0,0,0,65946132,8450884,34359738367,537240,0,62720,0,1126400,0,0,0,0,0,0,0,0,2048,0,488720,42405888,93323264
1743620320.001204,600855,21068469,0,131892268,123266988,123413716,0,1120384,0,248288,5306216,147784,4473936,100504,832280,1048576,1048576,0,0,0,0,5483212,518632,187212,109404,720824,109404,611420,27744,44160,0,0,0,65946132,8450884,34359738367,537240,0,62720,0,1126400,0,0,0,0,0,0,0,0,2048,0,488720,42405888,93323264
1743620321.001685,600855,21068469,0,131892268,123266988,123413716,0,1120384,0,248288,5306216,147784,4473936,100504,832280,1048576,1048576,0,0,0,0,5483212,518632,187212,109404,720824,109404,611420,27744,44160,0,0,0,65946132,8450884,34359738367,537240,0,62720,0,1126400,0,0,0,0,0,0,0,0,2048,0,488720,42405888,93323264
1743620322.002132,600855,21068469,0,131892268,123266988,123413716,0,1120384,0,248288,5306216,147784,4473936,100504,832280,1048576,1048576,0,0,0,0,5483212,518632,187212,109404,720824,109404,611420,27744,44160,0,0,0,65946132,8450884,34359738367,537240,0,62720,0,1126400,0,0,0,0,0,0,0,0,2048,0,488720,42405888,93323264
1743620323.001266,600855,21068469,0,131892268,123266988,123413716,0,1120384,0,248288,5306216,147784,4473936,100504,832280,1048576,1048576,0,0,0,0,5483212,518632,187212,109404,720824,109404,611420,27744,44160,0,0,0,65946132,8450884,34359738367,537240,0,62720,0,1126400,0,0,0,0,0,0,0,0,2048,0,488720,42405888,93323264
1743620324.001627,600855,21068469,0,131892268,123266988,123413716,0,1120384,0,248288,5306216,147784,4473936,100504,832280,1048576,1048576,0,0,0,0,5483212,518632,187212,109404,720824,109404,611420,27744,44160,0,0,0,65946132,8450884,34359738367,537240,0,62720,0,1126400,0,0,0,0,0,0,0,0,2048,0,488720,42405888,93323264
1743620325.002095,600855,21068469,0,131892268,123266988,123413716,0,1120384,0,248288,5306216,147784,4473936,100504,832280,1048576,1048576,0,0,0,0,5483212,518632,187212,109404,720824,109404,611420,27744,44160,0,0,0,65946132,8450884,34359738367,537240,0,62720,0,1126400,0,0,0,0,0,0,0,0,2048,0,488720,42405888,93323264
1743620326.001216,600855,21068469,0,131892268,123266988,123413716,0,1120384,0,248288,5306216,147784,4473936,100504,832280,1048576,1048576,0,0,0,0,5483212,518632,187212,109404,720824,109404,611420,27744,44160,0,0,0,65946132,8450884,34359738367,537240,0,62720,0,1126400,0,0,0,0,0,0,0,0,2048,0,488720,42405888,93323264
1743620327.001701,600855,21068469,0,131892268,123266988,123413716,0,1120384,0,248288,5306216,147784,4473936,100504,832280,1048576,1048576,0,0,0,0,5483212,518632,187212,109404,720824,109404,611420,27744,44160,0,0,0,65946132,8450884,34359738367,537240,0,62720,0,1126400,0,0,0,0,0,0,0,0,2048,0,488720,42405888,93323264
1743620328.002138,600855,21068469,0,131892268,123266988,123413716,0,1120384,0,248288,5306216,147784,4473936,100504,832280,1048576,1048576,0,0,0,0,5483212,518632,187212,109404,720824,109404,611420,27744,44160,0,0,0,65946132,8450884,34359738367,537240,0,62720,0,1126400,0,0,0,0,0,0,0,0,2048,0,488720,42405888,93323264
1743620329.001265,600855,21068469,0,131892268,123266988,123413716,0,1120384,0,248288,5306216,147784,4473936,100504,832280,1048576,1048576,0,0,0,0,5483212,518632,187212,109404,720824,109404,611420,27744,44160,0,0,0,65946132,8450884,34359738367,537240,0,62720,0,1126400,0,0,0,0,0,0,0,0,2048,0,488720,42405888,93323264
1743620330.001683,600855,21068469,0,131892268,123266988,123413716,0,1120384,0,248288,5306216,147784,4473936,100504,832280,1048576,1048576,0,0,0,0,5483212,518632,187212,109404,720824,109404,611420,27744,44160,0,0,0,65946132,8450884,34359738367,537240,0,62720,0,1126400,0,0,0,0,0,0,0,0,2048,0,488720,42405888,93323264
1743620331.001625,600855,21068469,0,131892268,123266988,123413716,0,1120384,0,248288,5306216,147784,4473936,100504,832280,1048576,1048576,0,0,0,0,5483212,518632,187212,109404,720824,109404,611420,27744,44160,0,0,0,65946132,8450884,34359738367,537240,0,62720,0,1126400,0,0,0,0,0,0,0,0,2048,0,488720,42405888,93323264
1743620332.001690,600855,21068469,0,131892268,123266988,123413716,0,1120384,0,248288,5306216,147784,4473936,100504,832280,1048576,1048576,0,0,0,0,5483212,518632,187212,109404,720824,109404,611420,27744,44160,0,0,0,65946132,8450884,34359738367,537240,0,62720,0,1126400,0,0,0,0,0,0,0,0,2048,0,488720,42405888,93323264
1743620333.002173,600855,21068469,0,131892268,123266988,123413716,0,1120384,0,248288,5306216,147784,4473936,100504,832280,1048576,1048576,0,0,0,0,5483212,518632,187212,109404,720824,109404,611420,27744,44160,0,0,0,65946132,8450884,34359738367,537240,0,62720,0,1126400,0,0,0,0,0,0,0,0,2048,0,488720,42405888,93323264
1743620334.001241,600855,21068469,0,131892268,123266988,123413716,0,1120384,0,248288,5306216,147784,4473936,100504,832280,1048576,1048576,0,0,0,0,5483212,518632,187212,109404,720824,109404,611420,27744,44160,0,0,0,65946132,8450884,34359738367,537240,0,62720,0,1126400,0,0,0,0,0,0,0,0,2048,0,488720,42405888,93323264
1743620335.001794,600855,21068469,0,131892268,123266988,123413716,0,1120384,0,248288,5306216,147784,4473936,100504,832280,1048576,1048576,0,0,0,0,5483212,518632,187212,109404,720820,109404,611416,27744,44160,0,0,0,65946132,8450884,34359738367,537240,0,62720,0,1126400,0,0,0,0,0,0,0,0,2048,0,488720,42405888,93323264
1743620336.001910,600855,21068469,0,131892268,123266988,123413716,0,1120384,0,248288,5306216,147784,4473936,100504,832280,1048576,1048576,0,0,0,0,5483212,518632,187212,109404,720820,109404,611416,27744,44160,0,0,0,65946132,8450884,34359738367,537240,0,62720,0,1126400,0,0,0,0,0,0,0,0,2048,0,488720,42405888,93323264
1743620337.001492,600855,21068469,0,131892268,123266988,123413716,0,1120384,0,248288,5306216,147784,4473936,100504,832280,1048576,1048576,0,0,0,0,5483212,518632,187212,109404,720820,109404,611416,27744,44160,0,0,0,65946132,8450884,34359738367,537240,0,62720,0,1126400,0,0,0,0,0,0,0,0,2048,0,488720,42405888,93323264
1743620338.001613,600855,21068469,0,131892268,123266988,123413716,0,1120384,0,248288,5306216,147784,4473936,100504,832280,1048576,1048576,0,0,0,0,5483212,518632,187212,109404,720820,109404,611416,27744,44160,0,0,0,65946132,8450884,34359738367,537240,0,62720,0,1126400,0,0,0,0,0,0,0,0,2048,0,488720,42405888,93323264
1743620339.002157,600855,21068469,0,131892268,123266988,123413716,0,1120384,0,248288,5306216,147784,4473936,100504,832280,1048576,1048576,0,0,0,0,5483212,518632,187212,109404,720820,109404,611416,27744,44160,0,0,0,65946132,8450884,34359738367,537240,0,62720,0,1126400,0,0,0,0,0,0,0,0,2048,0,488720,42405888,93323264
1743620340.001281,600855,21068469,0,131892268,123266988,123413716,0,1120384,0,248288,5306216,147784,4473936,100504,832280,1048576,1048576,0,0,0,0,5483212,518632,187212,109404,720820,109404,611416,27744,44160,0,0,0,65946132,8450884,34359738367,537240,0,62720,0,1126400,0,0,0,0,0,0,0,0,2048,0,488720,42405888,93323264
1743620341.001670,600855,21068469,0,131892268,123266988,123413716,0,1120384,0,248288,5306216,147784,4473936,100504,832280,1048576,1048576,0,0,0,0,5483212,518632,187212,109404,720820,109404,611416,27744,44160,0,0,0,65946132,8450884,34359738367,537240,0,62720,0,1126400,0,0,0,0,0,0,0,0,2048,0,488720,42405888,93323264
1743620342.002068,600855,21068469,0,131892268,123266988,123413716,0,1120384,0,248288,5306216,147784,4473936,100504,832280,1048576,1048576,0,0,0,0,5483212,518632,187212,109404,720820,109404,611416,27744,44160,0,0,0,65946132,8450884,34359738367,537240,0,62720,0,1126400,0,0,0,0,0,0,0,0,2048,0,488720,42405888,93323264
1743620343.001190,600855,21068469,0,131892268,123266988,123413716,0,1120384,0,248288,5306216,147784,4473936,100504,832280,1048576,1048576,0,0,0,0,5483212,518632,187212,109404,720820,109404,611416,27744,44160,0,0,0,65946132,8450884,34359738367,537240,0,62720,0,1126400,0,0,0,0,0,0,0,0,2048,0,488720,42405888,93323264
1743620344.001574,600855,21068469,0,131892268,123266988,123413716,0,1120384,0,248288,5306216,147784,4473936,100504,832280,1048576,1048576,0,0,0,0,5483212,518632,187212,109404,720820,109404,611416,27744,44160,0,0,0,65946132,8450884,34359738367,537240,0,62720,0,1126400,0,0,0,0,0,0,0,0,2048,0,488720,42405888,93323264
1743620345.002045,600855,21068469,0,131892268,123266988,123413716,0,1120384,0,248288,5306216,147784,4473936,100504,832280,1048576,1048576,0,0,0,0,5483212,518632,187212,109404,720820,109404,611416,27744,44160,0,0,0,65946132,8450884,34359738367,537240,0,62720,0,1126400,0,0,0,0,0,0,0,0,2048,0,488720,42405888,93323264
1743620346.001183,600855,21068469,0,131892268,123266988,123413716,0,1120384,0,248288,5306216,147784,4473936,100504,832280,1048576,1048576,0,0,0,0,5483212,518632,187212,109404,720820,109404,611416,27744,44160,0,0,0,65946132,8450884,34359738367,537240,0,62720,0,1126400,0,0,0,0,0,0,0,0,2048,0,488720,42405888,93323264
1743620347.001591,600855,21068469,0,131892268,123266988,123413716,0,1120384,0,248288,5306216,147784,4473936,100504,832280,1048576,1048576,0,0,0,0,5483212,518632,187212,109404,720820,109404,611416,27744,44160,0,0,0,65946132,8450884,34359738367,537240,0,62720,0,1126400,0,0,0,0,0,0,0,0,2048,0,488720,42405888,93323264
1743620348.002054,600855,21068469,0,131892268,123266988,123413716,0,1120384,0,248288,5306216,147784,4473936,100504,832280,1048576,1048576,0,0,0,0,5483212,518632,187212,109404,720820,109404,611416,27744,44160,0,0,0,65946132,8450884,34359738367,537240,0,62720,0,1126400,0,0,0,0,0,0,0,0,2048,0,488720,42405888,93323264
1743620349.001140,600855,21068469,0,131892268,123266988,123413716,0,1120384,0,248288,5306216,147784,4473936,100504,832280,1048576,1048576,0,0,0,0,5483212,518632,187212,109404,720820,109404,611416,27744,44160,0,0,0,65946132,8450884,34359738367,537240,0,62720,0,1126400,0,0,0,0,0,0,0,0,2048,0,488720,42405888,93323264
1743620350.001502,600855,21068469,0,131892268,123266988,123413716,0,1120384,0,248288,5306216,147784,4473936,100504,832280,1048576,1048576,0,0,0,0,5483212,518632,187212,109404,720820,109404,611416,27744,44160,0,0,0,65946132,8450884,34359738367,537240,0,62720,0,1126400,0,0,0,0,0,0,0,0,2048,0,488720,42405888,93323264
1743620351.002286,600855,21068469,0,131892268,123266988,123413716,0,1120384,0,248288,5306216,147784,4473936,100504,832280,1048576,1048576,0,0,0,0,5483212,518632,187212,109404,720820,109404,611416,27744,44160,0,0,0,65946132,8450884,34359738367,537240,0,62720,0,1126400,0,0,0,0,0,0,0,0,2048,0,488720,42405888,93323264
1743620352.001357,600855,21068469,0,131892268,123266988,123413716,0,1120384,0,248288,5306216,147784,4473936,100504,832280,1048576,1048576,0,0,0,0,5483212,518632,187212,109404,720820,109404,611416,27728,44160,0,0,0,65946132,8450884,34359738367,537240,0,62720,0,1126400,0,0,0,0,0,0,0,0,2048,0,488720,42405888,93323264
1743620353.001896,600855,21068469,0,131892268,123266988,123413716,0,1120384,0,248288,5306216,147784,4473936,100504,832280,1048576,1048576,0,0,0,0,5483212,518632,187212,109404,720820,109404,611416,27728,44160,0,0,0,65946132,8450884,34359738367,537240,0,62720,0,1126400,0,0,0,0,0,0,0,0,2048,0,488720,42405888,93323264
1743620354.002016,600855,21068469,0,131892268,123266988,123413716,0,1120384,0,248288,5306216,147784,4473936,100504,832280,1048576,1048576,0,0,0,0,5483212,518632,187212,109404,720820,109404,611416,27728,44160,0,0,0,65946132,8450884,34359738367,537240,0,62720,0,1126400,0,0,0,0,0,0,0,0,2048,0,488720,42405888,93323264
1743620355.001639,600855,21068469,0,131892268,123266988,123413716,0,1120384,0,248288,5306216,147784,4473936,100504,832280,1048576,1048576,0,0,0,0,5483212,518632,187212,109404,720820,109404,611416,27728,44160,0,0,0,65946132,8450884,34359738367,537240,0,62720,0,1126400,0,0,0,0,0,0,0,0,2048,0,488720,42405888,93323264
1743620356.001711,600855,21068469,0,131892268,123266988,123413716,0,1120384,0,248288,5306216,147784,4473936,100504,832280,1048576,1048576,0,0,0,0,5483212,518632,187212,109404,720820,109404,611416,27728,44160,0,0,0,65946132,8450884,34359738367,537240,0,62720,0,1126400,0,0,0,0,0,0,0,0,2048,0,488720,42405888,93323264
1743620357.002206,600855,21068469,0,131892268,123266988,123413716,0,1120384,0,248288,5306216,147784,4473936,100504,832280,1048576,1048576,0,0,0,0,5483212,518632,187212,109404,720820,109404,611416,27728,44160,0,0,0,65946132,8450884,34359738367,537240,0,62720,0,1126400,0,0,0,0,0,0,0,0,2048,0,488720,42405888,93323264
1743620358.001327,600855,21068469,0,131892268,123266988,123413716,0,1120384,0,248288,5306216,147784,4473936,100504,832280,1048576,1048576,0,0,0,0,5483212,518632,187212,109404,720820,109404,611416,27728,44160,0,0,0,65946132,8450884,34359738367,537240,0,62720,0,1126400,0,0,0,0,0,0,0,0,2048,0,488720,42405888,93323264
1743620359.001926,600855,21068469,0,131892268,123267024,123413752,0,1120384,0,248288,5306216,147784,4473936,100504,832280,1048576,1048576,0,0,0,0,5483212,518632,187212,109404,720812,109404,611408,27712,44160,0,0,0,65946132,8450884,34359738367,537224,0,62720,0,1126400,0,0,0,0,0,0,0,0,2048,0,488720,42405888,93323264
1743620360.002014,600855,21068469,0,131892268,123267024,123413752,0,1120384,0,248288,5306216,147784,4473936,100504,832280,1048576,1048576,0,0,0,0,5483212,518632,187212,109404,720812,109404,611408,27712,44160,0,0,0,65946132,8450884,34359738367,537224,0,62720,0,1126400,0,0,0,0,0,0,0,0,2048,0,488720,42405888,93323264
1743620361.001210,600855,21068469,0,131892268,123267024,123413752,0,1120384,0,248288,5306216,147784,4473936,100504,832280,1048576,1048576,0,0,0,0,5483212,518632,187212,109404,720812,109404,611408,27712,44160,0,0,0,65946132,8450884,34359738367,537224,0,62720,0,1126400,0,0,0,0,0,0,0,0,2048,0,488720,42405888,93323264
1743620362.001676,600855,21068469,0,131892268,123267024,123413752,0,1120384,0,248288,5306216,147784,4473936,100504,832280,1048576,1048576,0,0,0,0,5483212,518632,187212,109404,720812,109404,611408,27712,44160,0,0,0,65946132,8450884,34359738367,537224,0,62720,0,1126400,0,0,0,0,0,0,0,0,2048,0,488720,42405888,93323264
1743620363.001795,600855,21068469,0,131892268,123267024,123413752,0,1120384,0,248288,5306216,147784,4473936,100504,832280,1048576,1048576,0,0,0,0,5483212,518632,187212,109404,720812,109404,611408,27712,44160,0,0,0,65946132,8450884,34359738367,537224,0,62720,0,1126400,0,0,0,0,0,0,0,0,2048,0,488720,42405888,93323264
1743620364.001249,600855,21068469,0,131892268,123267024,123413752,0,1120384,0,248288,5306216,147784,4473936,100504,832280,1048576,1048576,0,0,0,0,5483212,518632,187212,109404,720812,109404,611408,27712,44160,0,0,0,65946132,8450884,34359738367,537224,0,62720,0,1126400,0,0,0,0,0,0,0,0,2048,0,488720,42405888,93323264
1743620365.001677,600855,21068469,0,131892268,123267024,123413752,0,1120384,0,248288,5306216,147784,4473936,100504,832280,1048576,1048576,0,0,0,0,5483212,518632,187212,109404,720812,109404,611408,27712,44160,0,0,0,65946132,8450884,34359738367,537224,0,62720,0,1126400,0,0,0,0,0,0,0,0,2048,0,488720,42405888,93323264
1743620366.001790,600855,21068469,0,131892268,123267016,123413744,0,1120384,0,248288,5306216,147784,4473936,100504,832280,1048576,1048576,0,0,0,0,5483212,518632,187212,109404,720820,109404,611416,27712,44160,0,0,0,65946132,8450884,34359738367,537224,0,62720,0,1126400,0,0,0,0,0,0,0,0,2048,0,488720,42405888,93323264
1743620367.002147,600855,21068469,0,131892268,123267016,123413744,0,1120384,0,248288,5306216,147784,4473936,100504,832280,1048576,1048576,0,0,0,0,5483212,518632,187212,109404,720820,109404,611416,27712,44160,0,0,0,65946132,8450884,34359738367,537224,0,62720,0,1126400,0,0,0,0,0,0,0,0,2048,0,488720,42405888,93323264
1743620368.001601,600855,21068469,0,131892268,123267016,123413744,0,1120384,0,248288,5306216,147784,4473936,100504,832280,1048576,1048576,0,0,0,0,5483212,518632,187212,109404,720820,109404,611416,27712,44160,0,0,0,65946132,8450884,34359738367,537224,0,62720,0,1126400,0,0,0,0,0,0,0,0,2048,0,488720,42405888,93323264
1743620369.001695,600855,21068469,0,131892268,123267008,123413736,0,1120384,0,248288,5306216,147784,4473936,100504,832280,1048576,1048576,0,0,0,0,5483212,518632,187212,109404,720828,109404,611424,27712,44160,0,0,0,65946132,8450884,34359738367,537224,0,62720,0,1126400,0,0,0,0,0,0,0,0,2048,0,488720,42405888,93323264
1743620370.002070,600855,21068469,0,131892268,123267008,123413736,0,1120384,0,248288,5306216,147784,4473936,100504,832280,1048576,1048576,0,0,0,0,5483212,518632,187212,109404,720828,109404,611424,27712,44160,0,0,0,65946132,8450884,34359738367,537224,0,62720,0,1126400,0,0,0,0,0,0,0,0,2048,0,488720,42405888,93323264
1743620371.001975,600855,21068469,0,131892268,123267008,123413736,0,1120384,0,248288,5306216,147784,4473936,100504,832280,1048576,1048576,0,0,0,0,5483212,518632,187212,109404,720828,109404,611424,27712,44160,0,0,0,65946132,8450884,34359738367,537224,0,62720,0,1126400,0,0,0,0,0,0,0,0,2048,0,488720,42405888,93323264
1743620372.002039,600855,21068469,0,131892268,123267008,123413736,0,1120384,0,248288,5306216,147784,4473936,100504,832280,1048576,1048576,0,0,0,0,5483212,518632,187212,109404,720828,109404,611424,27712,44160,0,0,0,65946132,8450884,34359738367,537224,0,62720,0,1126400,0,0,0,0,0,0,0,0,2048,0,488720,42405888,93323264
1743620373.001522,600855,21068469,0,131892268,123267008,123413736,0,1120384,0,248288,5306216,147784,4473936,100504,832280,1048576,1048576,0,0,0,0,5483212,518632,187212,109404,720828,109404,611424,27712,44160,0,0,0,65946132,8450884,34359738367,537224,0,62720,0,1126400,0,0,0,0,0,0,0,0,2048,0,488720,42405888,93323264
1743620374.001661,600855,21068469,0,131892268,123267008,123413736,0,1120384,0,248288,5306216,147784,4473936,100504,832280,1048576,1048576,0,0,0,0,5483212,518632,187212,109404,720828,109404,611424,27712,44160,0,0,0,65946132,8450884,34359738367,537224,0,62720,0,1126400,0,0,0,0,0,0,0,0,2048,0,488720,42405888,93323264
1743620375.002199,600855,21068469,0,131892268,123267000,123413728,0,1120384,0,248288,5306216,147784,4473936,100504,832280,1048576,1048576,0,0,0,0,5483212,518632,187212,109404,720836,109404,611432,27712,44160,0,0,0,65946132,8450884,34359738367,537224,0,62720,0,1126400,0,0,0,0,0,0,0,0,2048,0,488720,42405888,93323264
1743620376.001330,600855,21068469,0,131892268,123267000,123413728,0,1120384,0,248288,5306216,147784,4473936,100504,832280,1048576,1048576,0,0,0,0,5483212,518632,187212,109404,720836,109404,611432,27712,44160,0,0,0,65946132,8450884,34359738367,537224,0,62720,0,1126400,0,0,0,0,0,0,0,0,2048,0,488720,42405888,93323264
1743620377.001967,600855,21068469,0,131892268,127077544,127225032,0,1120232,0,294520,1630288,63716,927148,230804,703140,1048576,1048576,0,0,0,0,1852672,277240,186168,108604,718492,108604,609888,26048,16140,0,0,0,65946132,2000456,34359738367,534536,0,62720,0,1126400,0,0,0,0,0,0,0,0,2048,0,488720,42405888,93323264
1743620378.002007,600855,21068469,0,131892268,127084440,127231876,0,1116296,0,294816,1621764,60516,922056,234300,699708,1048576,1048576,0,0,0,0,1848908,272672,182232,108372,713024,108372,604652,24784,10872,0,0,0,65946132,2000456,34359738367,534520,0,62720,0,1126400,0,0,0,0,0,0,0,0,2048,0,488720,42405888,93323264
1743620379.001690,600855,21068469,0,131892268,127084724,127232160,0,1116292,0,294836,1621580,60512,921896,234324,699684,1048576,1048576,0,0,0,0,1848748,272532,182228,108372,713016,108372,604644,24768,10832,0,0,0,65946132,2000456,34359738367,534520,0,62720,0,1126400,0,0,0,0,0,0,0,0,2048,0,488720,42405888,93323264
1743620380.001789,600855,21068469,0,131892268,127081132,127228560,0,1116288,0,295100,1624436,60500,924924,234600,699512,1048576,1048576,0,0,0,0,1850428,273176,182176,108148,712788,108148,604640,25168,11968,0,0,0,65946132,2017868,34359738367,534520,0,62720,0,1126400,0,0,0,0,0,0,0,0,2048,0,488720,42405888,93323264
1743620381.002056,600855,21068469,0,131892268,127956368,127423356,0,250364,0,68068,981472,25452,955932,42616,25540,1048576,1048576,0,0,0,0,1847748,273628,182176,103380,707988,103380,604608,24800,10792,0,0,0,65946132,2023268,34359738367,534472,0,62720,0,1126400,0,0,0,0,0,0,0,0,2048,0,488720,42405888,93323264
1743620382.001085,600855,21068469,0,131892268,128023884,127491128,0,179820,0,68252,910168,25464,884800,42788,25368,1048576,1048576,0,0,0,0,1847264,273756,111616,103892,708500,103892,604608,24912,11624,0,0,0,65946132,1953440,34359738367,534568,0,62720,0,1126400,0,0,0,0,0,0,0,0,2048,0,488720,42405888,93323264
1743620383.001171,600855,21068469,0,131892268,128010776,127484700,0,187160,0,74444,918500,25492,886256,48952,32244,1048576,1048576,0,0,0,0,1854540,275224,105964,104212,708472,104212,604260,24928,11092,0,0,0,65946132,1951524,34359738367,534360,0,62720,0,1126400,0,0,0,0,0,0,0,0,2048,0,488720,42405888,93323264
1743620384.000953,600855,21068469,0,131892268,128005032,127482904,0,194036,0,77584,916920,25500,880932,52084,35988,1048576,1048576,0,0,0,0,1849232,273396,105964,105236,709184,105236,603948,24912,11028,0,0,0,65946132,1955824,34359738367,534280,0,62720,0,1126400,0,0,0,0,0,0,0,0,2048,0,488720,42405888,93323264
1743620385.001490,600855,21068469,0,131892268,128004508,127482520,0,194540,0,78748,916652,25504,881324,53244,35328,1048576,1048576,0,0,0,0,1849756,273008,105968,105012,708896,105012,603884,25136,11284,0,0,0,65946132,1982704,34359738367,534344,0,62720,0,1126400,0,0,0,0,0,0,0,0,2048,0,488720,42405888,93323264
1743620386.001590,600855,21068469,0,131892268,127999932,127479092,0,196852,0,78832,921428,25504,883888,53328,37540,1048576,1048576,0,0,0,0,1852028,276872,105968,105012,708864,105012,603852,24864,10912,0,0,0,65946132,1982260,34359738367,534328,0,62720,0,1126400,0,0,0,0,0,0,0,0,2048,0,488720,42405888,93323264
1743620387.002248,600855,21068469,0,131892268,128004312,127483472,0,196848,0,78920,916480,25488,879044,53432,37436,1048576,1048576,0,0,0,0,1847172,272412,105964,105012,708872,105012,603860,24784,10704,0,0,0,65946132,1982260,34359738367,534296,0,62720,0,1126400,0,0,0,0,0,0,0,0,2048,0,488720,42405888,93323264
1743620388.001851,600855,21068469,0,131892268,128005252,127484492,0,197000,0,79224,915828,25484,878540,53740,37288,1048576,1048576,0,0,0,0,1846632,272244,105964,105012,708868,105012,603856,24784,10592,0,0,0,65946132,1982260,34359738367,534296,0,62720,0,1126400,0,0,0,0,0,0,0,0,2048,0,488720,42405888,93323264
1743620389.001920,600855,21068469,0,131892268,128005372,127484612,0,197000,0,79224,915828,25484,878540,53740,37288,1048576,1048576,0,0,0,0,1846632,272244,105964,105012,708820,105012,603808,24784,10592,0,0,0,65946132,1982260,34359738367,534296,0,62720,0,1126400,0,0,0,0,0,0,0,0,2048,0,488720,42405888,93323264
1743620390.001544,600855,21068469,0,131892268,128005568,127484808,0,197000,0,79224,915828,25484,878540,53740,37288,1048576,1048576,0,0,0,0,1846632,272244,105964,105012,708820,105012,603808,24784,10592,0,0,0,65946132,1982260,34359738367,534296,0,62720,0,1126400,0,0,0,0,0,0,0,0,2048,0,488720,42405888,93323264
