timestamp,component_id,job_id,app_id,MemTotal,MemFree,MemAvailable,Buffers,Cached,SwapCached,Active,Inactive,Active(anon),Inactive(anon),Active(file),Inactive(file),Unevictable,Mlocked,SwapTotal,SwapFree,Dirty,Writeback,AnonPages,Mapped,Shmem,KReclaimable,Slab,SReclaimable,SUnreclaim,KernelStack,PageTables,NFS_Unstable,Bounce,WritebackTmp,CommitLimit,Committed_AS,VmallocTotal,VmallocUsed,VmallocChunk,Percpu,HardwareCorrupted,AnonHugePages,ShmemHugePages,ShmemPmdMapped,FileHugePages,FilePmdMapped,HugePages_Total,HugePages_Free,HugePages_Rsvd,HugePages_Surp,Hugepagesize,Hugetlb,DirectMap4k,DirectMap2M,DirectMap1G
1743619091.001451,600855,21068467,0,131892268,127854584,127364872,0,259180,0,76780,1066724,25512,965184,51268,101540,1048576,1048576,0,0,0,0,1933192,306108,106284,105336,711184,105336,605848,25904,12612,0,0,0,65946132,4172240,34359738367,535128,0,62720,0,1126400,0,0,0,0,0,0,0,0,2048,0,488720,42405888,93323264
1743619092.001556,600855,21068467,0,131892268,127826236,127347444,0,280904,0,76820,1094132,25516,970852,51304,123280,1048576,1048576,0,0,0,16,1938860,307816,106284,105400,711624,105400,606224,25920,12624,0,0,0,65946132,4175600,34359738367,535144,0,62720,0,1126400,0,0,0,0,0,0,0,0,2048,0,488720,42405888,93323264
1743619093.001445,600855,21068467,0,131892268,127747968,127282388,0,306532,0,77884,1161460,25592,1013676,52292,147784,1048576,1048576,0,0,0,0,1982020,319584,106440,106328,712996,106328,606668,26176,19052,0,0,0,65946132,4284932,34359738367,535720,0,62720,0,1126400,0,0,0,0,0,0,0,0,2048,0,488720,42405888,93323264
1743619094.001548,600855,21068467,0,131892268,127704984,127257180,0,342376,0,78432,1203744,26048,1020496,52384,183248,1048576,1048576,0,0,0,0,1989140,341292,106516,106328,713236,106328,606908,26256,21808,0,0,0,65946132,4284932,34359738367,535736,0,62720,0,1126400,0,0,0,0,0,0,0,0,2048,0,488720,42405888,93323264
1743619095.002261,600855,21068467,0,131892268,127653716,127227268,0,385308,0,78432,1252908,26048,1026948,52384,225960,1048576,1048576,0,0,0,0,1995508,371240,106516,106328,713236,106328,606908,26272,24180,0,0,0,65946132,4284932,34359738367,535736,0,62720,0,1126400,0,0,0,0,0,0,0,0,2048,0,488720,42405888,93323264
1743619096.000710,600855,21068467,0,131892268,126909740,126496624,0,485968,0,79300,1832632,26080,1580844,53220,251788,1048576,1048576,0,0,0,0,2473428,462000,179920,106328,718020,106328,611692,26816,35048,0,0,0,65946132,5191660,34359738367,536872,0,62720,0,1126400,0,0,0,0,0,0,0,0,2048,0,488720,42405888,93323264
1743619097.002284,600855,21068467,0,131892268,126698888,126294740,0,506728,0,83172,2046180,28796,1777836,54376,268344,1048576,1048576,0,0,1528,0,2672008,479300,183860,106552,718288,106552,611736,27808,37892,0,0,0,65946132,5422148,34359738367,537016,0,62720,0,1126400,0,0,0,0,0,0,0,0,2048,0,488720,42405888,93323264
1743619098.000708,600855,21068467,0,131892268,126695280,126291664,0,507576,0,83620,2049960,29252,1780548,54368,269412,1048576,1048576,0,0,84,0,2674756,479912,184116,106552,718124,106552,611572,27840,37900,0,0,0,65946132,5429464,34359738367,537016,0,62720,0,1126400,0,0,0,0,0,0,0,0,2048,0,488720,42405888,93323264
1743619099.001930,600855,21068467,0,131892268,126471828,126072068,0,515732,0,89468,2265148,35100,1988024,54368,277124,1048576,1048576,0,0,224,0,2889324,488436,183980,106552,718140,106552,611588,27840,38648,0,0,0,65946132,5651020,34359738367,537016,0,62720,0,1126400,0,0,0,0,0,0,0,0,2048,0,488720,42405888,93323264
1743619100.002010,600855,21068467,0,131892268,126432712,126033624,0,516884,0,104880,2289512,50512,2011044,54368,278468,1048576,1048576,0,0,224,0,2927292,489468,183980,106552,718140,106552,611588,27840,38748,0,0,0,65946132,5758000,34359738367,537016,0,62720,0,1126400,0,0,0,0,0,0,0,0,2048,0,488720,42405888,93323264
1743619101.001822,600855,21068467,0,131892268,126284620,125886692,0,519360,0,118040,2423808,63672,2143016,54368,280792,1048576,1048576,0,0,224,0,3072000,491212,183980,106552,718144,106552,611592,27840,39468,0,0,0,65946132,6158064,34359738367,537016,0,62720,0,1126400,0,0,0,0,0,0,0,0,2048,0,488720,42405888,93323264
1743619102.002245,600855,21068467,0,131892268,125586404,125194136,0,530540,0,131168,3108328,76800,2816220,54368,292108,1048576,1048576,0,0,228,0,3759200,502004,183980,106552,718160,106552,611608,27840,40844,0,0,0,65946132,6902992,34359738367,537016,0,62720,0,1126400,0,0,0,0,0,0,0,0,2048,0,488720,42405888,93323264
1743619103.001343,600855,21068467,0,131892268,125565600,125175004,0,534348,0,136344,3123956,81976,2828504,54368,295452,1048576,1048576,0,0,228,0,3775732,505260,183980,106552,718160,106552,611608,27840,41052,0,0,0,65946132,6911972,34359738367,537016,0,62720,0,1126400,0,0,0,0,0,0,0,0,2048,0,488720,42405888,93323264
1743619104.001690,600855,21068467,0,131892268,125565560,125175080,0,534632,0,136404,3124136,82032,2828452,54372,295684,1048576,1048576,0,0,404,0,3775732,505372,184044,106552,718168,106552,611616,27840,41068,0,0,0,65946132,6911972,34359738367,537016,0,62720,0,1126400,0,0,0,0,0,0,0,0,2048,0,488720,42405888,93323264
1743619105.002019,600855,21068467,0,131892268,125565616,125175196,0,534756,0,136404,3124256,82032,2828452,54372,295804,1048576,1048576,0,0,512,0,3775732,505372,184044,106552,718168,106552,611616,27840,41068,0,0,0,65946132,6911972,34359738367,537016,0,62720,0,1126400,0,0,0,0,0,0,0,0,2048,0,488720,42405888,93323264
1743619106.001059,600855,21068467,0,131892268,125565644,125175304,0,534920,0,136468,3124348,82088,2828392,54380,295956,1048576,1048576,0,0,656,0,3775732,505372,184044,106552,718168,106552,611616,27840,41068,0,0,0,65946132,6911972,34359738367,537016,0,62720,0,1126400,0,0,0,0,0,0,0,0,2048,0,488720,42405888,93323264
1743619107.001341,600855,21068467,0,131892268,125565724,125175476,0,535068,0,136472,3124516,82088,2828384,54384,296132,1048576,1048576,0,0,788,0,3775732,505372,184044,106552,718172,106552,611620,27840,41068,0,0,0,65946132,6911972,34359738367,537016,0,62720,0,1126400,0,0,0,0,0,0,0,0,2048,0,488720,42405888,93323264
1743619108.000897,600855,21068467,0,131892268,125566100,125175956,0,535264,0,136488,3124800,82088,2828476,54400,296324,1048576,1048576,0,0,404,0,3775732,505436,184108,106552,718172,106552,611620,27840,41068,0,0,0,65946132,6911972,34359738367,537016,0,62720,0,1126400,0,0,0,0,0,0,0,0,2048,0,488720,42405888,93323264
1743619109.001933,600855,21068467,0,131892268,125565692,125175616,0,535396,0,136540,3124888,82140,2828424,54400,296464,1048576,1048576,0,0,148,0,3775732,505436,184108,106552,718176,106552,611624,27840,41068,0,0,0,65946132,6911972,34359738367,537016,0,62720,0,1126400,0,0,0,0,0,0,0,0,2048,0,488720,42405888,93323264
1743619110.000863,600855,21068467,0,131892268,124997460,124608924,0,538472,0,136968,3692324,82544,3392804,54424,299520,1048576,1048576,0,0,392,0,4340108,508392,184340,106552,718128,106552,611576,27840,41912,0,0,0,65946132,7247916,34359738367,537016,0,62720,0,1126400,0,0,0,0,0,0,0,0,2048,0,488720,42405888,93323264
1743619111.000920,600855,21068467,0,131892268,124995776,124608060,0,540652,0,136996,3694540,82572,3393384,54424,301156,1048576,1048576,0,0,1780,0,4340112,509092,184856,106552,718096,106552,611544,27840,41912,0,0,0,65946132,7246948,34359738367,537016,0,62720,0,1126400,0,0,0,0,0,0,0,0,2048,0,488720,42405888,93323264
1743619112.001703,600855,21068467,0,131892268,124994700,124607412,0,541972,0,137012,3695804,82588,3393788,54424,302016,1048576,1048576,0,0,2632,0,4340112,509528,185304,106552,718096,106552,611544,27840,41912,0,0,0,65946132,7250664,34359738367,537016,0,62720,0,1126400,0,0,0,0,0,0,0,0,2048,0,488720,42405888,93323264
1743619113.001920,600855,21068467,0,131892268,124993376,124606588,0,543456,0,137100,3697204,82676,3394192,54424,303012,1048576,1048576,0,0,3620,0,4340112,509988,185768,106552,718136,106552,611584,27840,41912,0,0,0,65946132,7254256,34359738367,537016,0,62720,0,1126400,0,0,0,0,0,0,0,0,2048,0,488720,42405888,93323264
1743619114.001275,600855,21068467,0,131892268,124992256,124605956,0,544808,0,137120,3698624,82692,3394640,54428,303984,1048576,1048576,0,0,4396,0,4340112,510540,186304,106552,718248,106552,611696,27840,41912,0,0,0,65946132,7259284,34359738367,537016,0,62720,0,1126400,0,0,0,0,0,0,0,0,2048,0,488720,42405888,93323264
1743619115.000956,600855,21068467,0,131892268,124990360,124604696,0,546632,0,137176,3700380,82748,3395120,54428,305260,1048576,1048576,0,0,5656,0,4340112,511064,186832,106552,718376,106552,611824,27840,41912,0,0,0,65946132,7259476,34359738367,537016,0,62720,0,1126400,0,0,0,0,0,0,0,0,2048,0,488720,42405888,93323264
1743619116.001708,600855,21068467,0,131892268,124988476,124603340,0,547904,0,138696,3700156,84244,3393872,54452,306284,1048576,1048576,0,0,6212,0,4340112,511728,187120,106560,718468,106560,611908,27840,41912,0,0,0,65946132,7270348,34359738367,537016,0,62720,0,1126400,0,0,0,0,0,0,0,0,2048,0,488720,42405888,93323264
1743619117.001935,600855,21068467,0,131892268,124912688,124527944,0,548796,0,139264,3775176,84820,3468104,54444,307072,1048576,1048576,0,0,6900,0,4415768,511728,187120,106560,718328,106560,611768,27840,41932,0,0,0,65946132,7299736,34359738367,537016,0,62720,0,1126400,0,0,0,0,0,0,0,0,2048,0,488720,42405888,93323264
1743619118.001695,600855,21068467,0,131892268,124661776,124277480,0,549628,0,147876,4017308,93424,3709344,54452,307964,1048576,1048576,0,0,7840,0,4664820,511988,187144,106560,718360,106560,611800,27840,42572,0,0,0,65946132,7575804,34359738367,537016,0,62720,0,1126400,0,0,0,0,0,0,0,0,2048,0,488720,42405888,93323264
1743619119.001937,600855,21068467,0,131892268,124423288,124039124,0,549748,0,156352,4244956,101908,3936720,54444,308236,1048576,1048576,0,0,8056,0,4903544,511904,187060,106560,718904,106560,612344,27840,42832,0,0,0,65946132,7811960,34359738367,537016,0,62720,0,1126400,0,0,0,0,0,0,0,0,2048,0,488720,42405888,93323264
1743619120.001735,600855,21068467,0,131892268,123447568,123074172,0,572296,0,159552,5215832,103620,4887552,55932,328280,1048576,1048576,0,0,25940,0,5853444,514376,187016,106560,718412,106560,611852,27840,44960,0,0,0,65946132,8811108,34359738367,537016,0,62720,0,1126400,0,0,0,0,0,0,0,0,2048,0,488720,42405888,93323264
1743619121.001798,600855,21068467,0,131892268,123292964,122938492,0,609548,0,165536,5365556,103712,5005316,61824,360240,1048576,1048576,0,0,64528,0,5971604,515608,187016,106560,719076,106560,612516,27840,45228,0,0,0,65946132,8963068,34359738367,537016,0,62720,0,1126400,0,0,0,0,0,0,0,0,2048,0,488720,42405888,93323264
1743619122.001960,600855,21068467,0,131892268,123237972,122883928,0,610232,0,166748,5419356,104708,5058476,62040,360880,1048576,1048576,0,0,64564,0,6025892,516048,187016,106560,719084,106560,612524,27840,45360,0,0,0,65946132,8995984,34359738367,537016,0,62720,0,1126400,0,0,0,0,0,0,0,0,2048,0,488720,42405888,93323264
1743619123.001710,600855,21068467,0,131892268,123237996,122883984,0,610252,0,166748,5419428,104708,5058488,62040,360940,1048576,1048576,0,0,64584,0,6025904,516048,187016,106560,719092,106560,612532,27840,45360,0,0,0,65946132,8995984,34359738367,537016,0,62720,0,1126400,0,0,0,0,0,0,0,0,2048,0,488720,42405888,93323264
1743619124.002167,600855,21068467,0,131892268,123239196,122885292,0,610472,0,168480,5417920,106324,5056876,62156,361044,1048576,1048576,0,0,0,0,6025920,516048,187016,106560,717208,106560,610648,27840,45364,0,0,0,65946132,8995984,34359738367,537016,0,62720,0,1126400,0,0,0,0,0,0,0,0,2048,0,488720,42405888,93323264
1743619125.001646,600855,21068467,0,131892268,123239200,122885296,0,610508,0,168480,5417920,106324,5056876,62156,361044,1048576,1048576,0,0,52,0,6025924,516048,187016,106560,717208,106560,610648,27840,45364,0,0,0,65946132,8995984,34359738367,537016,0,62720,0,1126400,0,0,0,0,0,0,0,0,2048,0,488720,42405888,93323264
1743619126.001735,600855,21068467,0,131892268,123239200,122885296,0,610524,0,168480,5417920,106324,5056876,62156,361044,1048576,1048576,0,0,68,0,6025924,516048,187016,106560,717208,106560,610648,27840,45364,0,0,0,65946132,8995984,34359738367,537016,0,62720,0,1126400,0,0,0,0,0,0,0,0,2048,0,488720,42405888,93323264
1743619127.002153,600855,21068467,0,131892268,123238988,122885228,0,610776,0,168780,5417912,106616,5056592,62164,361320,1048576,1048576,0,0,112,0,6025924,516052,187020,106560,717224,106560,610664,27840,45364,0,0,0,65946132,8995984,34359738367,537016,0,62720,0,1126400,0,0,0,0,0,0,0,0,2048,0,488720,42405888,93323264
1743619128.001608,600855,21068467,0,131892268,123192252,122872808,0,656416,0,170512,5461124,106860,5056740,63652,404384,1048576,1048576,0,0,45036,0,6025844,516052,187020,106560,717852,106560,611292,27856,45364,0,0,0,65946132,8992116,34359738367,537016,0,62720,0,1126400,0,0,0,0,0,0,0,0,2048,0,488720,42405888,93323264
1743619129.001703,600855,21068467,0,131892268,123189716,122873416,0,659136,0,171328,5463500,106860,5056788,64468,406712,1048576,1048576,0,0,49216,0,6025844,516052,187020,106560,717948,106560,611388,27856,45364,0,0,0,65946132,8992116,34359738367,537016,0,62720,0,1126400,0,0,0,0,0,0,0,0,2048,0,488720,42405888,93323264
1743619130.002156,600855,21068467,0,131892268,123189464,122873384,0,659376,0,171528,5463520,106988,5056660,64540,406860,1048576,1048576,0,0,49252,0,6025856,516052,187020,106560,717948,106560,611388,27856,45364,0,0,0,65946132,8992116,34359738367,537016,0,62720,0,1126400,0,0,0,0,0,0,0,0,2048,0,488720,42405888,93323264
1743619131.001961,600855,21068467,0,131892268,123189476,122873396,0,659396,0,171528,5463520,106988,5056660,64540,406860,1048576,1048576,0,0,49272,0,6025856,516052,187020,106560,717948,106560,611388,27856,45364,0,0,0,65946132,8992116,34359738367,537016,0,62720,0,1126400,0,0,0,0,0,0,0,0,2048,0,488720,42405888,93323264
1743619132.002033,600855,21068467,0,131892268,123189232,122873240,0,659484,0,171856,5463276,107232,5056412,64624,406864,1048576,1048576,0,0,49360,0,6025856,516052,187020,106560,717948,106560,611388,27856,45364,0,0,0,65946132,8992116,34359738367,537016,0,62720,0,1126400,0,0,0,0,0,0,0,0,2048,0,488720,42405888,93323264
1743619133.000936,600855,21068467,0,131892268,123189220,122873476,0,659656,0,171912,5463528,107232,5056472,64680,407056,1048576,1048576,0,0,49328,0,6025916,516052,187020,106560,717948,106560,611388,27856,45368,0,0,0,65946132,8992116,34359738367,537016,0,62720,0,1126400,0,0,0,0,0,0,0,0,2048,0,488720,42405888,93323264
1743619134.001704,600855,21068467,0,131892268,123189192,122873448,0,659680,0,171912,5463528,107232,5056472,64680,407056,1048576,1048576,0,0,49352,0,6025916,516052,187020,106560,717948,106560,611388,27856,45368,0,0,0,65946132,8992116,34359738367,537016,0,62720,0,1126400,0,0,0,0,0,0,0,0,2048,0,488720,42405888,93323264
1743619135.001947,600855,21068467,0,131892268,123139336,122872208,0,708232,0,174812,5509272,107484,5056248,67328,453024,1048576,1048576,0,0,97872,0,6025920,516056,187024,106560,719432,106560,612872,27872,45368,0,0,0,65946132,8999336,34359738367,537032,0,62720,0,1126400,0,0,0,0,0,0,0,0,2048,0,488720,42405888,93323264
1743619136.001701,600855,21068467,0,131892268,123139336,122872208,0,708232,0,174812,5509272,107484,5056248,67328,453024,1048576,1048576,0,0,97872,0,6025920,516056,187024,106560,719432,106560,612872,27872,45368,0,0,0,65946132,8999336,34359738367,537032,0,62720,0,1126400,0,0,0,0,0,0,0,0,2048,0,488720,42405888,93323264
1743619137.001936,600855,21068467,0,131892268,123139336,122872268,0,708248,0,174812,5509332,107484,5056248,67328,453084,1048576,1048576,0,0,97888,0,6025944,516056,187024,106560,719432,106560,612872,27872,45368,0,0,0,65946132,8999336,34359738367,537032,0,62720,0,1126400,0,0,0,0,0,0,0,0,2048,0,488720,42405888,93323264
1743619138.001692,600855,21068467,0,131892268,123139348,122872280,0,708260,0,174812,5509332,107484,5056248,67328,453084,1048576,1048576,0,0,97900,0,6025944,516056,187024,106560,719432,106560,612872,27872,45368,0,0,0,65946132,8999336,34359738367,537032,0,62720,0,1126400,0,0,0,0,0,0,0,0,2048,0,488720,42405888,93323264
1743619139.001950,600855,21068467,0,131892268,123139312,122872244,0,708272,0,174812,5509332,107484,5056248,67328,453084,1048576,1048576,0,0,97912,0,6025944,516056,187024,106560,719440,106560,612880,27872,45368,0,0,0,65946132,8999336,34359738367,537032,0,62720,0,1126400,0,0,0,0,0,0,0,0,2048,0,488720,42405888,93323264
1743619140.001693,600855,21068467,0,131892268,123140112,122873044,0,708304,0,174812,5509332,107484,5056248,67328,453084,1048576,1048576,0,0,1476,0,6025944,516056,187024,106560,718240,106560,611680,27872,45368,0,0,0,65946132,8999336,34359738367,537032,0,62720,0,1126400,0,0,0,0,0,0,0,0,2048,0,488720,42405888,93323264
1743619141.001791,600855,21068467,0,131892268,123139804,122873032,0,708528,0,175172,5509220,107776,5055956,67396,453264,1048576,1048576,0,0,1488,0,6025984,516056,187024,106656,718048,106656,611392,27872,45368,0,0,0,65946132,8999336,34359738367,537032,0,62720,0,1126400,0,0,0,0,0,0,0,0,2048,0,488720,42405888,93323264
1743619142.001958,600855,21068467,0,131892268,123139920,122873192,0,708536,0,175172,5509280,107776,5055972,67396,453308,1048576,1048576,0,0,1496,0,6026020,516056,187024,106656,717960,106656,611304,27872,45368,0,0,0,65946132,8999336,34359738367,537032,0,62720,0,1126400,0,0,0,0,0,0,0,0,2048,0,488720,42405888,93323264
1743619143.001699,600855,21068467,0,131892268,123139892,122873164,0,708548,0,175172,5509280,107776,5055972,67396,453308,1048576,1048576,0,0,1508,0,6026020,516056,187024,106656,717960,106656,611304,27872,45368,0,0,0,65946132,8999336,34359738367,537032,0,62720,0,1126400,0,0,0,0,0,0,0,0,2048,0,488720,42405888,93323264
1743619144.001797,600855,21068467,0,131892268,123139808,122873128,0,708548,0,175172,5509400,107776,5056044,67396,453356,1048576,1048576,0,0,1508,0,6026120,516056,187024,106656,717960,106656,611304,27872,45368,0,0,0,65946132,8999336,34359738367,537032,0,62720,0,1126400,0,0,0,0,0,0,0,0,2048,0,488720,42405888,93323264
1743619145.002270,600855,21068467,0,131892268,123139752,122873140,0,708560,0,175220,5509512,107776,5056136,67444,453376,1048576,1048576,0,0,52,0,6026220,516056,187024,106656,717960,106656,611304,27872,45368,0,0,0,65946132,8999336,34359738367,537032,0,62720,0,1126400,0,0,0,0,0,0,0,0,2048,0,488720,42405888,93323264
1743619146.000719,600855,21068467,0,131892268,123139304,122873060,0,708832,0,175584,5509676,108084,5055988,67500,453688,1048576,1048576,0,0,88,0,6026392,516080,187048,106656,717960,106656,611304,27872,45368,0,0,0,65946132,8999336,34359738367,537032,0,62720,0,1126400,0,0,0,0,0,0,0,0,2048,0,488720,42405888,93323264
1743619147.002333,600855,21068467,0,131892268,123139304,122873060,0,708844,0,175584,5509676,108084,5055988,67500,453688,1048576,1048576,0,0,100,0,6026408,516080,187048,106656,717960,106656,611304,27872,45368,0,0,0,65946132,8999336,34359738367,537032,0,62720,0,1126400,0,0,0,0,0,0,0,0,2048,0,488720,42405888,93323264
1743619148.001025,600855,21068467,0,131892268,123139164,122872920,0,708852,0,175584,5509736,108084,5056048,67500,453688,1048576,1048576,0,0,108,0,6026576,516080,187048,106656,717960,106656,611304,27872,45368,0,0,0,65946132,8999336,34359738367,537032,0,62720,0,1126400,0,0,0,0,0,0,0,0,2048,0,488720,42405888,93323264
1743619149.001110,600855,21068467,0,131892268,123089248,122870752,0,756732,0,178288,5555716,108232,5056836,70056,498880,1048576,1048576,0,0,49084,0,6027364,516080,187048,106656,718744,106656,612088,27872,45368,0,0,0,65946132,9006108,34359738367,537032,0,62720,0,1126400,0,0,0,0,0,0,0,0,2048,0,488720,42405888,93323264
1743619150.001576,600855,21068467,0,131892268,123089180,122871136,0,757172,0,178348,5556196,108232,5056924,70116,499272,1048576,1048576,0,0,49212,0,6027480,516080,187048,106656,718748,106656,612092,27872,45368,0,0,0,65946132,9006108,34359738367,537032,0,62720,0,1126400,0,0,0,0,0,0,0,0,2048,0,488720,42405888,93323264
1743619151.000982,600855,21068467,0,131892268,123088872,122870832,0,757172,0,178408,5556496,108244,5057268,70164,499228,1048576,1048576,0,0,49212,0,6027800,516080,187048,106656,718748,106656,612092,27872,45368,0,0,0,65946132,9006108,34359738367,537032,0,62720,0,1126400,0,0,0,0,0,0,0,0,2048,0,488720,42405888,93323264
1743619152.001695,600855,21068467,0,131892268,123088200,122870468,0,757440,0,178848,5556684,108604,5057228,70244,499456,1048576,1048576,0,0,49248,0,6028172,516096,187064,106656,718760,106656,612104,27872,45368,0,0,0,65946132,9006108,34359738367,537032,0,62720,0,1126400,0,0,0,0,0,0,0,0,2048,0,488720,42405888,93323264
1743619153.001984,600855,21068467,0,131892268,123087936,122870204,0,757456,0,178848,5556984,108604,5057528,70244,499456,1048576,1048576,0,0,49264,0,6028448,516096,187064,106656,718760,106656,612104,27872,45368,0,0,0,65946132,9006108,34359738367,537032,0,62720,0,1126400,0,0,0,0,0,0,0,0,2048,0,488720,42405888,93323264
1743619154.001989,600855,21068467,0,131892268,123087768,122870036,0,757464,0,178848,5557164,108604,5057708,70244,499456,1048576,1048576,0,0,49272,0,6028636,516096,187064,106656,718760,106656,612104,27856,45368,0,0,0,65946132,9006108,34359738367,537032,0,62720,0,1126400,0,0,0,0,0,0,0,0,2048,0,488720,42405888,93323264
1743619155.001570,600855,21068467,0,131892268,123087264,122869532,0,757476,0,178908,5557584,108624,5058168,70284,499416,1048576,1048576,0,0,49284,0,6029132,516096,187064,106656,718760,106656,612104,27856,45368,0,0,0,65946132,9006108,34359738367,537032,0,62720,0,1126400,0,0,0,0,0,0,0,0,2048,0,488720,42405888,93323264
1743619156.001684,600855,21068467,0,131892268,123086620,122868992,0,757484,0,178908,5558244,108624,5058724,70284,499520,1048576,1048576,0,0,49292,0,6029740,516096,187064,106656,718760,106656,612104,27856,45368,0,0,0,65946132,9006108,34359738367,537032,0,62720,0,1126400,0,0,0,0,0,0,0,0,2048,0,488720,42405888,93323264
1743619157.002290,600855,21068467,0,131892268,123086564,122868936,0,757484,0,178908,5558244,108624,5058724,70284,499520,1048576,1048576,0,0,49292,0,6029804,516096,187064,106656,718760,106656,612104,27856,45368,0,0,0,65946132,9006108,34359738367,537032,0,62720,0,1126400,0,0,0,0,0,0,0,0,2048,0,488720,42405888,93323264
1743619158.001385,600855,21068467,0,131892268,123085584,122868324,0,757784,0,179692,5558544,109296,5058768,70396,499776,1048576,1048576,0,0,49328,0,6030448,516144,187112,106656,718764,106656,612108,27856,45368,0,0,0,65946132,9006108,34359738367,537032,0,62720,0,1126400,0,0,0,0,0,0,0,0,2048,0,488720,42405888,93323264
1743619159.002014,600855,21068467,0,131892268,123084772,122867512,0,757804,0,179848,5559048,109452,5059272,70396,499776,1048576,1048576,0,0,49348,0,6031224,516144,187112,106656,718764,106656,612108,27856,45368,0,0,0,65946132,9006108,34359738367,537032,0,62720,0,1126400,0,0,0,0,0,0,0,0,2048,0,488720,42405888,93323264
1743619160.001176,600855,21068467,0,131892268,123084716,122867456,0,757804,0,179848,5559168,109452,5059392,70396,499776,1048576,1048576,0,0,49348,0,6031284,516144,187112,106656,718764,106656,612108,27856,45368,0,0,0,65946132,9006108,34359738367,537032,0,62720,0,1126400,0,0,0,0,0,0,0,0,2048,0,488720,42405888,93323264
1743619161.002034,600855,21068467,0,131892268,123083904,122866644,0,757820,0,179848,5559948,109452,5060172,70396,499776,1048576,1048576,0,0,49364,0,6032100,516144,187112,106656,718764,106656,612108,27856,45368,0,0,0,65946132,9006108,34359738367,537032,0,62720,0,1126400,0,0,0,0,0,0,0,0,2048,0,488720,42405888,93323264
1743619162.001589,600855,21068467,0,131892268,123082924,122865724,0,757828,0,180144,5560612,109708,5060816,70436,499796,1048576,1048576,0,0,49372,0,6033104,516144,187112,106656,718764,106656,612108,27856,45368,0,0,0,65946132,9006108,34359738367,537032,0,62720,0,1126400,0,0,0,0,0,0,0,0,2048,0,488720,42405888,93323264
1743619163.001674,600855,21068467,0,131892268,123033400,122863448,0,805372,0,182676,5605148,110040,5060304,72636,544844,1048576,1048576,0,0,97068,0,6032608,516148,187116,106656,720032,106656,613376,27856,45372,0,0,0,65946132,8996480,34359738367,537032,0,62720,0,1126400,0,0,0,0,0,0,0,0,2048,0,488720,42405888,93323264
1743619164.002208,600855,21068467,0,131892268,123032824,122864144,0,806432,0,183696,5606356,110580,5060720,73116,545636,1048576,1048576,0,0,97756,0,6033620,516148,187116,106656,720344,106656,613688,27856,45372,0,0,0,65946132,8996480,34359738367,537032,0,62720,0,1126400,0,0,0,0,0,0,0,0,2048,0,488720,42405888,93323264
1743619165.001736,600855,21068467,0,131892268,123019424,122850800,0,806440,0,183772,5607436,110640,5061760,73132,545676,1048576,1048576,0,0,4,60668,6034812,516148,187116,106656,722804,106656,616148,27856,45372,0,0,0,65946132,8996480,34359738367,537032,0,62720,0,1126400,0,0,0,0,0,0,0,0,2048,0,488720,42405888,93323264
1743619166.001831,600855,21068467,0,131892268,123031824,122863200,0,806452,0,183772,5607496,110640,5061820,73132,545676,1048576,1048576,0,0,24,0,6034936,516148,187116,106656,719172,106656,612516,27856,45372,0,0,0,65946132,8996480,34359738367,537032,0,62720,0,1126400,0,0,0,0,0,0,0,0,2048,0,488720,42405888,93323264
1743619167.001503,600855,21068467,0,131892268,123030624,122862052,0,806464,0,184012,5608456,110860,5062748,73152,545708,1048576,1048576,0,0,44,0,6036160,516148,187116,106656,719180,106656,612524,27856,45372,0,0,0,65946132,8996480,34359738367,537032,0,62720,0,1126400,0,0,0,0,0,0,0,0,2048,0,488720,42405888,93323264
1743619168.002021,600855,21068467,0,131892268,123029084,122860528,0,806476,0,184308,5609656,111156,5063932,73152,545724,1048576,1048576,0,0,56,0,6037600,516148,187116,106656,719180,106656,612524,27856,45372,0,0,0,65946132,8996480,34359738367,537032,0,62720,0,1126400,0,0,0,0,0,0,0,0,2048,0,488720,42405888,93323264
1743619169.001192,600855,21068467,0,131892268,123028556,122860260,0,806744,0,184308,5609908,111156,5063924,73152,545984,1048576,1048576,0,0,88,0,6037724,516164,187132,106656,719180,106656,612524,27856,45372,0,0,0,65946132,8996480,34359738367,537032,0,62720,0,1126400,0,0,0,0,0,0,0,0,2048,0,488720,42405888,93323264
1743619170.001923,600855,21068467,0,131892268,123027292,122859040,0,806768,0,185264,5610512,112012,5064584,73252,545928,1048576,1048576,0,0,92,0,6039156,516184,187152,106656,719124,106656,612468,27856,45372,0,0,0,65946132,8996480,34359738367,537032,0,62720,0,1126400,0,0,0,0,0,0,0,0,2048,0,488720,42405888,93323264
1743619171.001481,600855,21068467,0,131892268,123025668,122857416,0,806780,0,185916,5611540,112660,5065616,73256,545924,1048576,1048576,0,0,104,0,6040832,516184,187152,106656,719124,106656,612468,27856,45372,0,0,0,65946132,8996480,34359738367,537032,0,62720,0,1126400,0,0,0,0,0,0,0,0,2048,0,488720,42405888,93323264
1743619172.001560,600855,21068467,0,131892268,123025616,122857364,0,806780,0,185916,5611664,112660,5065740,73256,545924,1048576,1048576,0,0,104,0,6041004,516184,187152,106656,719124,106656,612468,27856,45376,0,0,0,65946132,8996480,34359738367,537032,0,62720,0,1126400,0,0,0,0,0,0,0,0,2048,0,488720,42405888,93323264
1743619173.002191,600855,21068467,0,131892268,123023936,122855760,0,806804,0,186036,5613284,112780,5067284,73256,546000,1048576,1048576,0,0,128,0,6042632,516184,187152,106656,719124,106656,612468,27856,45376,0,0,0,65946132,8996480,34359738367,537032,0,62720,0,1126400,0,0,0,0,0,0,0,0,2048,0,488720,42405888,93323264
1743619174.001291,600855,21068467,0,131892268,123021564,122853388,0,806812,0,186972,5614772,113716,5068772,73256,546000,1048576,1048576,0,0,136,0,6045028,516184,187152,106656,719124,106656,612468,27856,45400,0,0,0,65946132,9015868,34359738367,537032,0,62720,0,1126400,0,0,0,0,0,0,0,0,2048,0,488720,42405888,93323264
1743619175.001923,600855,21068467,0,131892268,123021200,122853024,0,806824,0,186972,5615048,113716,5069048,73256,546000,1048576,1048576,0,0,148,0,6045396,516184,187152,106656,719124,106656,612468,27856,45400,0,0,0,65946132,9015868,34359738367,537032,0,62720,0,1126400,0,0,0,0,0,0,0,0,2048,0,488720,42405888,93323264
1743619176.001998,600855,21068467,0,131892268,122995668,122827836,0,807072,0,187840,5639584,114424,5093400,73416,546184,1048576,1048576,0,0,176,0,6070608,516184,187152,106656,719124,106656,612468,27856,45448,0,0,0,65946132,9045952,34359738367,537032,0,62720,0,1126400,0,0,0,0,0,0,0,0,2048,0,488720,42405888,93323264
1743619177.001649,600855,21068467,0,131892268,122993820,122825988,0,807080,0,188344,5640580,114928,5094396,73416,546184,1048576,1048576,0,0,184,0,6071996,516184,187152,106656,719124,106656,612468,27856,45448,0,0,0,65946132,9045952,34359738367,537032,0,62720,0,1126400,0,0,0,0,0,0,0,0,2048,0,488720,42405888,93323264
1743619178.001752,600855,21068467,0,131892268,122992868,122825036,0,807080,0,188492,5641692,115032,5095552,73460,546140,1048576,1048576,0,0,184,0,6073384,516184,187152,106656,719124,106656,612468,27856,45448,0,0,0,65946132,9045952,34359738367,537032,0,62720,0,1126400,0,0,0,0,0,0,0,0,2048,0,488720,42405888,93323264
1743619179.001462,600855,21068467,0,131892268,122941488,122821812,0,855420,0,191308,5689460,115448,5097564,75860,591896,1048576,1048576,0,0,49060,0,6075600,516184,187152,106656,719840,106656,613184,27856,45472,0,0,0,65946132,9069512,34359738367,537032,0,62720,0,1126400,0,0,0,0,0,0,0,0,2048,0,488720,42405888,93323264
1743619180.001537,600855,21068467,0,131892268,122934796,122815176,0,855432,0,191312,5696248,115448,5104300,75864,591948,1048576,1048576,0,0,49072,0,6082340,516184,187152,106656,719840,106656,613184,27856,45472,0,0,0,65946132,9080500,34359738367,537032,0,62720,0,1126400,0,0,0,0,0,0,0,0,2048,0,488720,42405888,93323264
1743619181.001840,600855,21068467,0,131892268,122932080,122812564,0,855440,0,191656,5698592,115744,5106588,75912,592004,1048576,1048576,0,0,49080,0,6085020,516184,187152,106656,719840,106656,613184,27856,45484,0,0,0,65946132,9080500,34359738367,537032,0,62720,0,1126400,0,0,0,0,0,0,0,0,2048,0,488720,42405888,93323264
1743619182.002366,600855,21068467,0,131892268,122930512,122811304,0,855696,0,192096,5699804,116064,5107612,76032,592192,1048576,1048576,0,0,49112,0,6086356,516188,187156,106656,719852,106656,613196,27856,45484,0,0,0,65946132,9080500,34359738367,537032,0,62720,0,1126400,0,0,0,0,0,0,0,0,2048,0,488720,42405888,93323264
1743619183.001489,600855,21068467,0,131892268,122929188,122810016,0,855700,0,192600,5700632,116500,5108472,76100,592160,1048576,1048576,0,0,49116,0,6087696,516188,187156,106656,719852,106656,613196,27856,45484,0,0,0,65946132,9080500,34359738367,537032,0,62720,0,1126400,0,0,0,0,0,0,0,0,2048,0,488720,42405888,93323264
1743619184.002051,600855,21068467,0,131892268,122926612,122807488,0,855712,0,193316,5702616,117216,5110408,76100,592208,1048576,1048576,0,0,49128,0,6090316,516188,187156,106656,719852,106656,613196,27856,45484,0,0,0,65946132,9080500,34359738367,537032,0,62720,0,1126400,0,0,0,0,0,0,0,0,2048,0,488720,42405888,93323264
1743619185.001576,600855,21068467,0,131892268,122925472,122806348,0,855712,0,193316,5703804,117216,5111596,76100,592208,1048576,1048576,0,0,49128,0,6091500,516188,187156,106656,719852,106656,613196,27856,45484,0,0,0,65946132,9080500,34359738367,537032,0,62720,0,1126400,0,0,0,0,0,0,0,0,2048,0,488720,42405888,93323264
1743619186.001661,600855,21068467,0,131892268,122915420,122796296,0,855728,0,193736,5704620,117524,5112524,76212,592096,1048576,1048576,0,0,4,10588,6092904,516188,187156,106656,720084,106656,613428,27856,45496,0,0,0,65946132,9098576,34359738367,537032,0,62720,0,1126400,0,0,0,0,0,0,0,0,2048,0,488720,42405888,93323264
1743619187.002107,600855,21068467,0,131892268,122925336,122806236,0,855744,0,193832,5703876,117620,5111756,76212,592120,1048576,1048576,0,0,36,0,6092188,516188,187156,106656,718980,106656,612324,27856,45496,0,0,0,65946132,9098520,34359738367,537032,0,62720,0,1126400,0,0,0,0,0,0,0,0,2048,0,488720,42405888,93323264
1743619188.001588,600855,21068467,0,131892268,122924468,122805368,0,855748,0,194468,5704260,118168,5112228,76300,592032,1048576,1048576,0,0,40,0,6093100,516188,187156,106656,718980,106656,612324,27856,45496,0,0,0,65946132,9098520,34359738367,537032,0,62720,0,1126400,0,0,0,0,0,0,0,0,2048,0,488720,42405888,93323264
1743619189.001675,600855,21068467,0,131892268,122905820,122786996,0,856004,0,195416,5722012,119116,5129704,76300,592308,1048576,1048576,0,0,76,0,6111564,516188,187156,106656,718980,106656,612324,27856,45544,0,0,0,65946132,9121884,34359738367,537032,0,62720,0,1126400,0,0,0,0,0,0,0,0,2048,0,488720,42405888,93323264
1743619190.002146,600855,21068467,0,131892268,122905624,122786800,0,856008,0,195416,5722192,119116,5129884,76300,592308,1048576,1048576,0,0,80,0,6111744,516188,187156,106656,718980,106656,612324,27856,45544,0,0,0,65946132,9121884,34359738367,537032,0,62720,0,1126400,0,0,0,0,0,0,0,0,2048,0,488720,42405888,93323264
1743619191.002154,600855,21068467,0,131892268,122903776,122784976,0,856020,0,195536,5723932,119236,5131600,76300,592332,1048576,1048576,0,0,92,0,6113568,516188,187156,106656,718980,106656,612324,27856,45544,0,0,0,65946132,9121884,34359738367,537032,0,62720,0,1126400,0,0,0,0,0,0,0,0,2048,0,488720,42405888,93323264
1743619192.001237,600855,21068467,0,131892268,122902180,122783388,0,856028,0,195536,5725504,119236,5133164,76300,592340,1048576,1048576,0,0,100,0,6115112,516188,187156,106656,718980,106656,612324,27856,45544,0,0,0,65946132,9121884,34359738367,537032,0,62720,0,1126400,0,0,0,0,0,0,0,0,2048,0,488720,42405888,93323264
1743619193.001845,600855,21068467,0,131892268,122901256,122782464,0,856028,0,196188,5725756,119888,5133416,76300,592340,1048576,1048576,0,0,100,0,6116060,516188,187156,106656,718980,106656,612324,27856,45544,0,0,0,65946132,9121884,34359738367,537032,0,62720,0,1126400,0,0,0,0,0,0,0,0,2048,0,488720,42405888,93323264
1743619194.001921,600855,21068467,0,131892268,122899268,122780476,0,856044,0,197320,5726424,120992,5134112,76328,592312,1048576,1048576,0,0,116,0,6118004,516188,187156,106656,718980,106656,612324,27856,45544,0,0,0,65946132,9121884,34359738367,537032,0,62720,0,1126400,0,0,0,0,0,0,0,0,2048,0,488720,42405888,93323264
1743619195.001542,600855,21068467,0,131892268,122860908,122777324,0,893488,0,198256,5761716,121244,5134880,77012,626836,1048576,1048576,0,0,35392,0,6118740,516188,187156,106656,719440,106656,612784,27856,45544,0,0,0,65946132,9129048,34359738367,537032,0,62720,0,1126400,0,0,0,0,0,0,0,0,2048,0,488720,42405888,93323264
1743619196.001629,600855,21068467,0,131892268,122847032,122776568,0,904600,0,200448,5774940,121504,5136916,78944,638024,1048576,1048576,0,0,48980,0,6120848,516188,187156,106656,719768,106656,613112,27856,45548,0,0,0,65946132,9129048,34359738367,537032,0,62720,0,1126400,0,0,0,0,0,0,0,0,2048,0,488720,42405888,93323264
1743619197.002217,600855,21068467,0,131892268,122853472,122783008,0,904600,0,200448,5768892,121504,5130868,78944,638024,1048576,1048576,0,0,48980,0,6114940,516188,187156,106656,719768,106656,613112,27856,45548,0,0,0,65946132,9134636,34359738367,537032,0,62720,0,1126400,0,0,0,0,0,0,0,0,2048,0,488720,42405888,93323264
1743619198.001287,600855,21068467,0,131892268,122845324,122774860,0,904616,0,200636,5776364,121684,5138348,78952,638016,1048576,1048576,0,0,48996,0,6122680,516188,187156,106656,719768,106656,613112,27856,45556,0,0,0,65946132,9134636,34359738367,537032,0,62720,0,1126400,0,0,0,0,0,0,0,0,2048,0,488720,42405888,93323264
1743619199.001898,600855,21068467,0,131892268,122844660,122774196,0,904616,0,200636,5777084,121684,5139068,78952,638016,1048576,1048576,0,0,48996,0,6123352,516188,187156,106656,719768,106656,613112,27856,45556,0,0,0,65946132,9134636,34359738367,537032,0,62720,0,1126400,0,0,0,0,0,0,0,0,2048,0,488720,42405888,93323264
1743619200.001971,600855,21068467,0,131892268,122843456,122773004,0,904624,0,201160,5777700,122140,5139740,79020,637960,1048576,1048576,0,0,49004,0,6124540,516188,187156,106656,719768,106656,613112,27856,45556,0,0,0,65946132,9134636,34359738367,537032,0,62720,0,1126400,0,0,0,0,0,0,0,0,2048,0,488720,42405888,93323264
1743619201.001864,600855,21068467,0,131892268,122841636,122771216,0,904636,0,201544,5779236,122524,5141244,79020,637992,1048576,1048576,0,0,49016,0,6126440,516188,187156,106656,719768,106656,613112,27856,45556,0,0,0,65946132,9134636,34359738367,537032,0,62720,0,1126400,0,0,0,0,0,0,0,0,2048,0,488720,42405888,93323264
1743619202.001388,600855,21068467,0,131892268,122842272,122771928,0,904660,0,201584,5779648,122564,5141580,79020,638068,1048576,1048576,0,0,32,0,6126700,516188,187156,106656,718440,106656,611784,27856,45556,0,0,0,65946132,9134636,34359738367,537032,0,62720,0,1126400,0,0,0,0,0,0,0,0,2048,0,488720,42405888,93323264
1743619203.001489,600855,21068467,0,131892268,122840340,122770268,0,904908,0,203776,5779304,124668,5141052,79108,638252,1048576,1048576,0,0,60,0,6128372,516188,187156,106656,718440,106656,611784,27856,45556,0,0,0,65946132,9134636,34359738367,537032,0,62720,0,1126400,0,0,0,0,0,0,0,0,2048,0,488720,42405888,93323264
1743619204.001905,600855,21068467,0,131892268,122840116,122770044,0,904908,0,203776,5779664,124668,5141412,79108,638252,1048576,1048576,0,0,60,0,6128632,516188,187156,106656,718440,106656,611784,27856,45556,0,0,0,65946132,9134636,34359738367,537032,0,62720,0,1126400,0,0,0,0,0,0,0,0,2048,0,488720,42405888,93323264
1743619205.001449,600855,21068467,0,131892268,122838576,122768504,0,904920,0,203956,5780984,124848,5142732,79108,638252,1048576,1048576,0,0,72,0,6130192,516188,187156,106656,718440,106656,611784,27856,45556,0,0,0,65946132,9134636,34359738367,537032,0,62720,0,1126400,0,0,0,0,0,0,0,0,2048,0,488720,42405888,93323264
1743619206.001559,600855,21068467,0,131892268,122837796,122767724,0,904928,0,203956,5781644,124848,5143392,79108,638252,1048576,1048576,0,0,80,0,6130928,516188,187156,106656,718408,106656,611752,27856,45556,0,0,0,65946132,9134636,34359738367,537032,0,62720,0,1126400,0,0,0,0,0,0,0,0,2048,0,488720,42405888,93323264
1743619207.002104,600855,21068467,0,131892268,122836648,122766592,0,904928,0,204604,5782136,125456,5143908,79148,638228,1048576,1048576,0,0,80,0,6132068,516188,187156,106656,718408,106656,611752,27856,45556,0,0,0,65946132,9134636,34359738367,537032,0,62720,0,1126400,0,0,0,0,0,0,0,0,2048,0,488720,42405888,93323264
1743619208.001610,600855,21068467,0,131892268,122835108,122765052,0,904936,0,204864,5783496,125716,5145268,79148,638228,1048576,1048576,0,0,88,0,6133684,516188,187156,106656,718408,106656,611752,27856,45560,0,0,0,65946132,9134636,34359738367,537032,0,62720,0,1126400,0,0,0,0,0,0,0,0,2048,0,488720,42405888,93323264
1743619209.001720,600855,21068467,0,131892268,122834604,122764560,0,904948,0,204924,5783916,125776,5145676,79148,638240,1048576,1048576,0,0,104,0,6134120,516188,187156,106656,718408,106656,611752,27856,45560,0,0,0,65946132,9134636,34359738367,537032,0,62720,0,1126400,0,0,0,0,0,0,0,0,2048,0,488720,42405888,93323264
1743619210.002192,600855,21068467,0,131892268,122832560,122762812,0,905204,0,205172,5785632,126004,5147116,79168,638516,1048576,1048576,0,0,140,0,6135900,516188,187156,106656,718408,106656,611752,27856,45560,0,0,0,65946132,9134636,34359738367,537032,0,62720,0,1126400,0,0,0,0,0,0,0,0,2048,0,488720,42405888,93323264
1743619211.001712,600855,21068467,0,131892268,122832252,122762568,0,905300,0,205172,5785992,126004,5147412,79168,638580,1048576,1048576,0,0,140,0,6136116,516192,187156,106656,718408,106656,611752,27856,45560,0,0,0,65946132,9134636,34359738367,537032,0,62720,0,1126400,0,0,0,0,0,0,0,0,2048,0,488720,42405888,93323264
1743619212.001792,600855,21068467,0,131892268,122830628,122760984,0,905312,0,205472,5787312,126264,5148732,79208,638580,1048576,1048576,0,0,152,0,6137748,516192,187156,106656,718408,106656,611752,27856,45560,0,0,0,65946132,9134636,34359738367,537032,0,62720,0,1126400,0,0,0,0,0,0,0,0,2048,0,488720,42405888,93323264
1743619213.001438,600855,21068467,0,131892268,122784408,122759816,0,951304,0,207308,5827584,126452,5145600,80856,681984,1048576,1048576,0,0,45316,0,6134344,516192,187156,106656,719280,106656,612624,27856,45560,0,0,0,65946132,9142840,34359738367,537032,0,62720,0,1126400,0,0,0,0,0,0,0,0,2048,0,488720,42405888,93323264
1743619214.000730,600855,21068467,0,131892268,122779696,122758456,0,953712,0,208880,5834104,126924,5149868,81956,684236,1048576,1048576,0,0,49072,0,6139524,516192,187156,106656,719344,106656,612688,27856,45568,0,0,0,65946132,9142840,34359738367,537032,0,62720,0,1126400,0,0,0,0,0,0,0,0,2048,0,488720,42405888,93323264
1743619215.002105,600855,21068467,0,131892268,122762364,122741128,0,953720,0,209384,5851288,127428,5167048,81956,684240,1048576,1048576,0,0,49080,0,6156728,516192,187156,106656,719344,106656,612688,27856,45604,0,0,0,65946132,9163560,34359738367,537032,0,62720,0,1126400,0,0,0,0,0,0,0,0,2048,0,488720,42405888,93323264
1743619216.001250,600855,21068467,0,131892268,122761328,122740124,0,953724,0,210492,5850852,128484,5166632,82008,684220,1048576,1048576,0,0,49084,0,6157772,516192,187156,106656,719344,106656,612688,27856,45604,0,0,0,65946132,9163560,34359738367,537032,0,62720,0,1126400,0,0,0,0,0,0,0,0,2048,0,488720,42405888,93323264
1743619217.000983,600855,21068467,0,131892268,122751708,122730816,0,953984,0,210924,5851980,128820,5167544,82104,684436,1048576,1048576,0,0,8,38272,6158992,516192,187156,106656,720012,106656,613356,27856,45604,0,0,0,65946132,9180300,34359738367,537032,0,62720,0,1126400,0,0,0,0,0,0,0,0,2048,0,488720,42405888,93323264
1743619218.001702,600855,21068467,0,131892268,122760152,122739260,0,953996,0,211204,5852120,129100,5167684,82104,684436,1048576,1048576,0,0,28,0,6159508,516192,187156,106656,718220,106656,611564,27856,45632,0,0,0,65946132,9180300,34359738367,537032,0,62720,0,1126400,0,0,0,0,0,0,0,0,2048,0,488720,42405888,93323264
1743619219.001972,600855,21068467,0,131892268,122758648,122737776,0,954004,0,211352,5853472,129248,5169016,82104,684456,1048576,1048576,0,0,44,0,6161100,516192,187156,106656,718216,106656,611560,27856,45632,0,0,0,65946132,9180300,34359738367,537032,0,62720,0,1126400,0,0,0,0,0,0,0,0,2048,0,488720,42405888,93323264
1743619220.001698,600855,21068467,0,131892268,122758452,122737580,0,954004,0,211572,5853372,129456,5168928,82116,684444,1048576,1048576,0,0,44,0,6161272,516192,187156,106656,718216,106656,611560,27856,45632,0,0,0,65946132,9180300,34359738367,537032,0,62720,0,1126400,0,0,0,0,0,0,0,0,2048,0,488720,42405888,93323264
1743619221.001798,600855,21068467,0,131892268,122756772,122735968,0,954012,0,211972,5854712,129828,5170228,82144,684484,1048576,1048576,0,0,52,0,6162952,516192,187156,106656,718216,106656,611560,27856,45632,0,0,0,65946132,9180300,34359738367,537032,0,62720,0,1126400,0,0,0,0,0,0,0,0,2048,0,488720,42405888,93323264
1743619222.001939,600855,21068467,0,131892268,122773628,122752824,0,954012,0,211972,5837876,129828,5153392,82144,684484,1048576,1048576,0,0,52,0,6146040,516192,187156,106656,718216,106656,611560,27856,45632,0,0,0,65946132,9184852,34359738367,537032,0,62720,0,1126400,0,0,0,0,0,0,0,0,2048,0,488720,42405888,93323264
1743619223.001696,600855,21068467,0,131892268,122751732,122730928,0,954024,0,213792,5858084,131644,5173604,82148,684480,1048576,1048576,0,0,64,0,6168000,516192,187156,106656,718216,106656,611560,27856,45652,0,0,0,65946132,9184852,34359738367,537032,0,62720,0,1126400,0,0,0,0,0,0,0,0,2048,0,488720,42405888,93323264
1743619224.001789,600855,21068467,0,131892268,122751200,122730636,0,954292,0,213796,5858552,131648,5173832,82148,684720,1048576,1048576,0,0,104,224,6168220,516196,187160,106656,718216,106656,611560,27856,45652,0,0,0,65946132,9184852,34359738367,537032,0,62720,0,1126400,0,0,0,0,0,0,0,0,2048,0,488720,42405888,93323264
1743619225.001935,600855,21068467,0,131892268,122749828,122729264,0,954296,0,215776,5858012,133576,5173344,82200,684668,1048576,1048576,0,0,108,0,6169644,516196,187160,106656,718216,106656,611560,27856,45652,0,0,0,65946132,9184852,34359738367,537032,0,62720,0,1126400,0,0,0,0,0,0,0,0,2048,0,488720,42405888,93323264
1743619226.002023,600855,21068467,0,131892268,122749576,122729012,0,954304,0,215776,5858252,133576,5173584,82200,684668,1048576,1048576,0,0,116,0,6169892,516196,187160,106656,718216,106656,611560,27856,45652,0,0,0,65946132,9184852,34359738367,537032,0,62720,0,1126400,0,0,0,0,0,0,0,0,2048,0,488720,42405888,93323264
1743619227.001424,600855,21068467,0,131892268,122748176,122727680,0,954312,0,216088,5859260,133888,5174524,82200,684736,1048576,1048576,0,0,124,0,6171284,516196,187160,106656,718216,106656,611560,27856,45660,0,0,0,65946132,9184852,34359738367,537032,0,62720,0,1126400,0,0,0,0,0,0,0,0,2048,0,488720,42405888,93323264
1743619228.001890,600855,21068467,0,131892268,122746860,122726376,0,954316,0,216088,5860460,133888,5175712,82200,684748,1048576,1048576,0,0,128,0,6172528,516196,187160,106656,718216,106656,611560,27856,45660,0,0,0,65946132,9184852,34359738367,537032,0,62720,0,1126400,0,0,0,0,0,0,0,0,2048,0,488720,42405888,93323264
1743619229.001968,600855,21068467,0,131892268,122746496,122726012,0,954320,0,216980,5859988,134780,5175240,82200,684748,1048576,1048576,0,0,132,0,6172892,516196,187160,106656,718216,106656,611560,27856,45660,0,0,0,65946132,9184852,34359738367,537032,0,62720,0,1126400,0,0,0,0,0,0,0,0,2048,0,488720,42405888,93323264
1743619230.001483,600855,21068467,0,131892268,122745124,122724640,0,954332,0,217132,5861156,134932,5176408,82200,684748,1048576,1048576,0,0,144,0,6174304,516196,187160,106656,718216,106656,611560,27856,45660,0,0,0,65946132,9184852,34359738367,537032,0,62720,0,1126400,0,0,0,0,0,0,0,0,2048,0,488720,42405888,93323264
1743619231.001964,600855,21068467,0,131892268,122744928,122724468,0,954336,0,217368,5861280,135168,5176508,82200,684772,1048576,1048576,0,0,148,0,6174540,516196,187160,106656,718216,106656,611560,27856,45660,0,0,0,65946132,9184852,34359738367,537032,0,62720,0,1126400,0,0,0,0,0,0,0,0,2048,0,488720,42405888,93323264
1743619232.001702,600855,21068467,0,131892268,122694500,122722228,0,1002948,0,220212,5908280,135608,5177724,84604,730556,1048576,1048576,0,0,49072,0,6175864,516196,187160,106656,719036,106656,612380,27856,45660,0,0,0,65946132,9184232,34359738367,537032,0,62720,0,1126400,0,0,0,0,0,0,0,0,2048,0,488720,42405888,93323264
1743619233.001965,600855,21068467,0,131892268,122695796,122723608,0,1002948,0,220436,5908300,135692,5177800,84744,730500,1048576,1048576,0,0,8,0,6176112,516196,187160,106656,717352,106656,610696,27856,45660,0,0,0,65946132,9184232,34359738367,537032,0,62720,0,1126400,0,0,0,0,0,0,0,0,2048,0,488720,42405888,93323264
1743619234.002045,600855,21068467,0,131892268,122694312,122722188,0,1002956,0,220436,5909740,135692,5179176,84744,730564,1048576,1048576,0,0,24,0,6177552,516196,187160,106656,717352,106656,610696,27856,45660,0,0,0,65946132,9184232,34359738367,537032,0,62720,0,1126400,0,0,0,0,0,0,0,0,2048,0,488720,42405888,93323264
1743619235.000960,600855,21068467,0,131892268,122694116,122722024,0,1002968,0,220496,5909860,135728,5179288,84768,730572,1048576,1048576,0,0,40,0,6177704,516196,187160,106656,717352,106656,610696,27856,45660,0,0,0,65946132,9184232,34359738367,537032,0,62720,0,1126400,0,0,0,0,0,0,0,0,2048,0,488720,42405888,93323264
1743619236.001691,600855,21068467,0,131892268,122692576,122720500,0,1002976,0,220556,5911420,135788,5180832,84768,730588,1048576,1048576,0,0,48,0,6179292,516196,187160,106656,717352,106656,610696,27856,45660,0,0,0,65946132,9184232,34359738367,537032,0,62720,0,1126400,0,0,0,0,0,0,0,0,2048,0,488720,42405888,93323264
1743619237.002329,600855,21068467,0,131892268,122692352,122720276,0,1002976,0,220556,5911660,135788,5181072,84768,730588,1048576,1048576,0,0,48,0,6179512,516196,187160,106656,717352,106656,610696,27856,45660,0,0,0,65946132,9184232,34359738367,537032,0,62720,0,1126400,0,0,0,0,0,0,0,0,2048,0,488720,42405888,93323264
1743619238.000719,600855,21068467,0,131892268,122691064,122718988,0,1002984,0,220796,5912680,135972,5182148,84824,730532,1048576,1048576,0,0,56,0,6180788,516196,187160,106656,717352,106656,610696,27856,45660,0,0,0,65946132,9184232,34359738367,537032,0,62720,0,1126400,0,0,0,0,0,0,0,0,2048,0,488720,42405888,93323264
1743619239.000953,600855,21068467,0,131892268,122690784,122718768,0,1003020,0,220796,5912920,135972,5182328,84824,730592,1048576,1048576,0,0,92,0,6181024,516196,187160,106656,717352,106656,610696,27856,45660,0,0,0,65946132,9184232,34359738367,537032,0,62720,0,1126400,0,0,0,0,0,0,0,0,2048,0,488720,42405888,93323264
1743619240.001703,600855,21068467,0,131892268,122689244,122717464,0,1003252,0,221440,5913808,136612,5182984,84828,730824,1048576,1048576,0,0,96,0,6182364,516200,187164,106656,717352,106656,610696,27856,45660,0,0,0,65946132,9184232,34359738367,537032,0,62720,0,1126400,0,0,0,0,0,0,0,0,2048,0,488720,42405888,93323264
1743619241.001730,600855,21068467,0,131892268,122688964,122717184,0,1003256,0,221440,5913928,136612,5183104,84828,730824,1048576,1048576,0,0,100,0,6182584,516200,187164,106656,717352,106656,610696,27856,45660,0,0,0,65946132,9184232,34359738367,537032,0,62720,0,1126400,0,0,0,0,0,0,0,0,2048,0,488720,42405888,93323264
1743619242.002167,600855,21068467,0,131892268,122686108,122714328,0,1003276,0,223300,5915248,138448,5184448,84852,730800,1048576,1048576,0,0,120,0,6185548,516200,187164,106656,717352,106656,610696,27856,45664,0,0,0,65946132,9184232,34359738367,537032,0,62720,0,1126400,0,0,0,0,0,0,0,0,2048,0,488720,42405888,93323264
1743619243.001296,600855,21068467,0,131892268,122685856,122714076,0,1003276,0,223300,5915428,138448,5184628,84852,730800,1048576,1048576,0,0,120,0,6185756,516200,187164,106656,717352,106656,610696,27856,45664,0,0,0,65946132,9184232,34359738367,537032,0,62720,0,1126400,0,0,0,0,0,0,0,0,2048,0,488720,42405888,93323264
1743619244.001845,600855,21068467,0,131892268,122684456,122712696,0,1003284,0,224780,5915208,139924,5184392,84856,730816,1048576,1048576,0,0,128,0,6187060,516200,187164,106656,717352,106656,610696,27856,45664,0,0,0,65946132,9184232,34359738367,537032,0,62720,0,1126400,0,0,0,0,0,0,0,0,2048,0,488720,42405888,93323264
1743619245.002277,600855,21068467,0,131892268,122684288,122712528,0,1003284,0,224780,5915508,139924,5184692,84856,730816,1048576,1048576,0,0,128,0,6187292,516200,187164,106656,717352,106656,610696,27856,45664,0,0,0,65946132,9193760,34359738367,537032,0,62720,0,1126400,0,0,0,0,0,0,0,0,2048,0,488720,42405888,93323264
1743619246.001397,600855,21068467,0,131892268,122682888,122711128,0,1003292,0,224900,5916640,140036,5185832,84864,730808,1048576,1048576,0,0,136,0,6188640,516200,187164,106656,717352,106656,610696,27856,45672,0,0,0,65946132,9193760,34359738367,537032,0,62720,0,1126400,0,0,0,0,0,0,0,0,2048,0,488720,42405888,93323264
1743619247.001936,600855,21068467,0,131892268,122708676,122737196,0,1003560,0,224928,5890832,140048,5159760,84880,731072,1048576,1048576,0,0,180,224,6162584,516200,187164,106656,717352,106656,610696,27856,45680,0,0,0,65946132,9169584,34359738367,537032,0,62720,0,1126400,0,0,0,0,0,0,0,0,2048,0,488720,42405888,93323264
1743619248.001385,600855,21068467,0,131892268,122707724,122736332,0,1003564,0,225104,5891940,140224,5160780,84880,731160,1048576,1048576,0,0,184,0,6163544,516200,187164,106656,717352,106656,610696,27856,45628,0,0,0,65946132,9169584,34359738367,537032,0,62720,0,1126400,0,0,0,0,0,0,0,0,2048,0,488720,42405888,93323264
1743619249.001503,600855,21068467,0,131892268,122690644,122719252,0,1003568,0,225104,5908888,140224,5177728,84880,731160,1048576,1048576,0,0,16,0,6180664,516200,187164,106656,717352,106656,610696,27856,45660,0,0,0,65946132,9186104,34359738367,537032,0,62720,0,1126400,0,0,0,0,0,0,0,0,2048,0,488720,42405888,93323264
1743619250.002020,600855,21068467,0,131892268,122689776,122718384,0,1003572,0,225900,5908932,141004,5177788,84896,731144,1048576,1048576,0,0,24,0,6181532,516200,187164,106656,717352,106656,610696,27856,45660,0,0,0,65946132,9186104,34359738367,537032,0,62720,0,1126400,0,0,0,0,0,0,0,0,2048,0,488720,42405888,93323264
1743619251.002001,600855,21068467,0,131892268,122640188,122716832,0,1051932,0,228392,5955572,141204,5178684,87188,776888,1048576,1048576,0,0,48916,0,6182064,516200,187164,106656,718236,106656,611580,27856,45656,0,0,0,65946132,9184428,34359738367,537032,0,62720,0,1126400,0,0,0,0,0,0,0,0,2048,0,488720,42405888,93323264
1743619252.001127,600855,21068467,0,131892268,122639572,122716412,0,1051936,0,228876,5955560,141492,5178672,87384,776888,1048576,1048576,0,0,48920,0,6182728,516200,187164,106656,718236,106656,611580,27856,45656,0,0,0,65946132,9184428,34359738367,537032,0,62720,0,1126400,0,0,0,0,0,0,0,0,2048,0,488720,42405888,93323264
1743619253.001912,600855,21068467,0,131892268,122638592,122715464,0,1051948,0,228876,5956580,141492,5179660,87384,776920,1048576,1048576,0,0,48932,0,6183724,516200,187164,106656,718236,106656,611580,27856,45656,0,0,0,65946132,9184428,34359738367,537032,0,62720,0,1126400,0,0,0,0,0,0,0,0,2048,0,488720,42405888,93323264
1743619254.001978,600855,21068467,0,131892268,122629352,122706264,0,1051952,0,229056,5956880,141568,5180024,87488,776856,1048576,1048576,0,0,48,21100,6184196,516200,187164,106656,719400,106656,612744,27856,45656,0,0,0,65946132,9184428,34359738367,537032,0,62720,0,1126400,0,0,0,0,0,0,0,0,2048,0,488720,42405888,93323264
1743619255.001685,600855,21068467,0,131892268,122637776,122715032,0,1052228,0,229120,5958112,141584,5180960,87536,777152,1048576,1048576,0,0,44,0,6185020,516220,187184,106656,717200,106656,610544,27856,45656,0,0,0,65946132,9184428,34359738367,537032,0,62720,0,1126400,0,0,0,0,0,0,0,0,2048,0,488720,42405888,93323264
1743619256.001773,600855,21068467,0,131892268,122637104,122714360,0,1052232,0,229244,5958708,141708,5181556,87536,777152,1048576,1048576,0,0,52,0,6185760,516220,187184,106656,717200,106656,610544,27856,45656,0,0,0,65946132,9184428,34359738367,537032,0,62720,0,1126400,0,0,0,0,0,0,0,0,2048,0,488720,42405888,93323264
1743619257.001378,600855,21068467,0,131892268,122635888,122713144,0,1052240,0,229244,5959788,141708,5182636,87536,777152,1048576,1048576,0,0,60,0,6186888,516220,187184,106656,717200,106656,610544,27856,45656,0,0,0,65946132,9184428,34359738367,537032,0,62720,0,1126400,0,0,0,0,0,0,0,0,2048,0,488720,42405888,93323264
1743619258.001475,600855,21068467,0,131892268,122635468,122712724,0,1052240,0,229296,5960096,141732,5182972,87564,777124,1048576,1048576,0,0,60,0,6187312,516220,187184,106656,717200,106656,610544,27856,45656,0,0,0,65946132,9184428,34359738367,537032,0,62720,0,1126400,0,0,0,0,0,0,0,0,2048,0,488720,42405888,93323264
1743619259.002080,600855,21068467,0,131892268,122634124,122711380,0,1052248,0,229296,5961476,141732,5184352,87564,777124,1048576,1048576,0,0,68,0,6188672,516220,187184,106656,717200,106656,610544,27856,45656,0,0,0,65946132,9184428,34359738367,537032,0,62720,0,1126400,0,0,0,0,0,0,0,0,2048,0,488720,42405888,93323264
1743619260.001212,600855,21068467,0,131892268,122633956,122711212,0,1052260,0,229392,5961620,141828,5184496,87564,777124,1048576,1048576,0,0,84,0,6188824,516220,187184,106656,717200,106656,610544,27856,45656,0,0,0,65946132,9184428,34359738367,537032,0,62720,0,1126400,0,0,0,0,0,0,0,0,2048,0,488720,42405888,93323264
1743619261.001404,600855,21068467,0,131892268,122632472,122709752,0,1052268,0,229424,5963108,141848,5185972,87576,777136,1048576,1048576,0,0,92,0,6190252,516220,187184,106656,717200,106656,610544,27856,45660,0,0,0,65946132,9184428,34359738367,537032,0,62720,0,1126400,0,0,0,0,0,0,0,0,2048,0,488720,42405888,93323264
1743619262.001967,600855,21068467,0,131892268,122632360,122709700,0,1052272,0,229424,5963408,141848,5186212,87576,777196,1048576,1048576,0,0,96,0,6190424,516220,187184,106656,717200,106656,610544,27856,45660,0,0,0,65946132,9184428,34359738367,537032,0,62720,0,1126400,0,0,0,0,0,0,0,0,2048,0,488720,42405888,93323264
1743619263.002090,600855,21068467,0,131892268,122612340,122689912,0,1052540,0,229604,5983076,142020,5205656,87584,777420,1048576,1048576,0,0,136,0,6210152,516224,187188,106656,717200,106656,610544,27856,45692,0,0,0,65946132,9204908,34359738367,537032,0,62720,0,1126400,0,0,0,0,0,0,0,0,2048,0,488720,42405888,93323264
1743619264.001570,600855,21068467,0,131892268,122612200,122689816,0,1052544,0,230288,5982716,142592,5205364,87696,777352,1048576,1048576,0,0,140,0,6210384,516224,187188,106656,717144,106656,610488,27856,45696,0,0,0,65946132,9204908,34359738367,537032,0,62720,0,1126400,0,0,0,0,0,0,0,0,2048,0,488720,42405888,93323264
1743619265.002059,600855,21068467,0,131892268,122610996,122688612,0,1052552,0,231296,5983472,143600,5206120,87696,777352,1048576,1048576,0,0,148,0,6211516,516224,187188,106656,717144,106656,610488,27856,45696,0,0,0,65946132,9204908,34359738367,537032,0,62720,0,1126400,0,0,0,0,0,0,0,0,2048,0,488720,42405888,93323264
1743619266.001185,600855,21068467,0,131892268,122610520,122688136,0,1052556,0,231876,5982748,144180,5205396,87696,777352,1048576,1048576,0,0,152,0,6211968,516224,187188,106656,717144,106656,610488,27856,45696,0,0,0,65946132,9204908,34359738367,537032,0,62720,0,1126400,0,0,0,0,0,0,0,0,2048,0,488720,42405888,93323264
1743619267.001696,600855,21068467,0,131892268,122609064,122686680,0,1052560,0,231876,5984068,144180,5206716,87696,777352,1048576,1048576,0,0,156,0,6213408,516224,187188,106656,717144,106656,610488,27856,45696,0,0,0,65946132,9204908,34359738367,537032,0,62720,0,1126400,0,0,0,0,0,0,0,0,2048,0,488720,42405888,93323264
1743619268.002186,600855,21068467,0,131892268,122608896,122686532,0,1052572,0,231972,5984152,144276,5206780,87696,777372,1048576,1048576,0,0,168,0,6213572,516224,187188,106656,717144,106656,610488,27856,45696,0,0,0,65946132,9204908,34359738367,537032,0,62720,0,1126400,0,0,0,0,0,0,0,0,2048,0,488720,42405888,93323264
1743619269.001317,600855,21068467,0,131892268,122607524,122685160,0,1052580,0,232012,5985672,144316,5208300,87696,777372,1048576,1048576,0,0,176,0,6214968,516224,187188,106656,717144,106656,610488,27856,45696,0,0,0,65946132,9204908,34359738367,537032,0,62720,0,1126400,0,0,0,0,0,0,0,0,2048,0,488720,42405888,93323264
1743619270.001780,600855,21068467,0,131892268,122607356,122685012,0,1052584,0,232028,5985832,144316,5208456,87712,777376,1048576,1048576,0,0,0,0,6215160,516224,187188,106656,717144,106656,610488,27856,45696,0,0,0,65946132,9204908,34359738367,537032,0,62720,0,1126400,0,0,0,0,0,0,0,0,2048,0,488720,42405888,93323264
1743619271.001997,600855,21068467,0,131892268,123167324,123294416,0,1102172,0,235452,5422980,144888,4599020,90564,823960,1048576,1048576,0,0,4832,60,5605840,517108,187228,106656,716872,106656,610216,27872,44356,0,0,0,65946132,8548992,34359738367,537032,0,62720,0,1126400,0,0,0,0,0,0,0,0,2048,0,488720,42405888,93323264
1743619272.002067,600855,21068467,0,131892268,123166984,123294420,0,1102424,0,236596,5422192,145972,4597952,90624,824240,1048576,1048576,0,0,4848,0,5605860,517168,187236,106664,716692,106664,610028,27888,44360,0,0,0,65946132,8548992,34359738367,537032,0,62720,0,1126400,0,0,0,0,0,0,0,0,2048,0,488720,42405888,93323264
1743619273.001717,600855,21068467,0,131892268,123166984,123294420,0,1102424,0,236596,5422192,145972,4597952,90624,824240,1048576,1048576,0,0,4848,0,5605860,517168,187236,106664,716692,106664,610028,27888,44360,0,0,0,65946132,8548992,34359738367,537032,0,62720,0,1126400,0,0,0,0,0,0,0,0,2048,0,488720,42405888,93323264
1743619274.001794,600855,21068467,0,131892268,123166984,123294420,0,1102424,0,236596,5422192,145972,4597952,90624,824240,1048576,1048576,0,0,4848,0,5605860,517168,187236,106664,716692,106664,610028,27888,44360,0,0,0,65946132,8548992,34359738367,537032,0,62720,0,1126400,0,0,0,0,0,0,0,0,2048,0,488720,42405888,93323264
1743619275.001418,600855,21068467,0,131892268,123165696,123294384,0,1103720,0,236596,5423452,145972,4597960,90624,825492,1048576,1048576,0,0,4868,0,5605888,518016,187236,106664,716696,106664,610032,27888,44424,0,0,0,65946132,8548992,34359738367,537032,0,62720,0,1126400,0,0,0,0,0,0,0,0,2048,0,488720,42405888,93323264
1743619276.001542,600855,21068467,0,131892268,123165704,123294392,0,1103720,0,236596,5423452,145972,4597960,90624,825492,1048576,1048576,0,0,4868,0,5605892,518136,187236,106664,716696,106664,610032,27888,44424,0,0,0,65946132,8548992,34359738367,537032,0,62720,0,1126400,0,0,0,0,0,0,0,0,2048,0,488720,42405888,93323264
1743619277.002115,600855,21068467,0,131892268,123165704,123294392,0,1103720,0,236596,5423452,145972,4597960,90624,825492,1048576,1048576,0,0,4868,0,5605892,518136,187236,106664,716696,106664,610032,27888,44424,0,0,0,65946132,8548992,34359738367,537032,0,62720,0,1126400,0,0,0,0,0,0,0,0,2048,0,488720,42405888,93323264
1743619278.001248,600855,21068467,0,131892268,123165704,123294392,0,1103720,0,236596,5423452,145972,4597960,90624,825492,1048576,1048576,0,0,4868,0,5605892,518136,187236,106664,716696,106664,610032,27888,44424,0,0,0,65946132,8548992,34359738367,537032,0,62720,0,1126400,0,0,0,0,0,0,0,0,2048,0,488720,42405888,93323264
1743619279.001817,600855,21068467,0,131892268,123165704,123294392,0,1103720,0,236596,5423452,145972,4597960,90624,825492,1048576,1048576,0,0,4868,0,5605892,518136,187236,106664,716696,106664,610032,27888,44424,0,0,0,65946132,8548992,34359738367,537032,0,62720,0,1126400,0,0,0,0,0,0,0,0,2048,0,488720,42405888,93323264
1743619280.001889,600855,21068467,0,131892268,123165704,123294392,0,1103720,0,236596,5423452,145972,4597960,90624,825492,1048576,1048576,0,0,4868,0,5605892,518136,187236,106664,716696,106664,610032,27888,44424,0,0,0,65946132,8548992,34359738367,537032,0,62720,0,1126400,0,0,0,0,0,0,0,0,2048,0,488720,42405888,93323264
1743619281.001741,600855,21068467,0,131892268,123165732,123294420,0,1103720,0,236596,5423440,145972,4597948,90624,825492,1048576,1048576,0,0,4868,0,5605892,518136,187236,106664,716696,106664,610032,27888,44424,0,0,0,65946132,8548992,34359738367,537032,0,62720,0,1126400,0,0,0,0,0,0,0,0,2048,0,488720,42405888,93323264
1743619282.002169,600855,21068467,0,131892268,123165760,123294448,0,1103720,0,236596,5423456,145972,4597964,90624,825492,1048576,1048576,0,0,4868,0,5605892,518136,187236,106664,716696,106664,610032,27872,44424,0,0,0,65946132,8548992,34359738367,537016,0,62720,0,1126400,0,0,0,0,0,0,0,0,2048,0,488720,42405888,93323264
1743619283.001295,600855,21068467,0,131892268,123165760,123294456,0,1103720,0,236608,5423448,145972,4597960,90636,825488,1048576,1048576,0,0,4868,0,5605892,518136,187236,106664,716696,106664,610032,27872,44424,0,0,0,65946132,8548992,34359738367,537016,0,62720,0,1126400,0,0,0,0,0,0,0,0,2048,0,488720,42405888,93323264
1743619284.001742,600855,21068467,0,131892268,123165760,123294456,0,1103720,0,236608,5423448,145972,4597960,90636,825488,1048576,1048576,0,0,4868,0,5605892,518136,187236,106664,716696,106664,610032,27872,44424,0,0,0,65946132,8548992,34359738367,537016,0,62720,0,1126400,0,0,0,0,0,0,0,0,2048,0,488720,42405888,93323264
1743619285.002150,600855,21068467,0,131892268,123165760,123294456,0,1103720,0,236608,5423448,145972,4597960,90636,825488,1048576,1048576,0,0,4868,0,5605892,518136,187236,106664,716696,106664,610032,27872,44424,0,0,0,65946132,8548992,34359738367,537016,0,62720,0,1126400,0,0,0,0,0,0,0,0,2048,0,488720,42405888,93323264
1743619286.001268,600855,21068467,0,131892268,123165872,123294608,0,1103720,0,236624,5423472,145972,4597960,90652,825512,1048576,1048576,0,0,0,0,5605892,518136,187236,106664,716588,106664,609924,27872,44424,0,0,0,65946132,8548992,34359738367,537016,0,62720,0,1126400,0,0,0,0,0,0,0,0,2048,0,488720,42405888,93323264
1743619287.001684,600855,21068467,0,131892268,123165872,123294608,0,1103720,0,236624,5423472,145972,4597960,90652,825512,1048576,1048576,0,0,0,0,5605892,518136,187236,106664,716588,106664,609924,27872,44424,0,0,0,65946132,8548992,34359738367,537016,0,62720,0,1126400,0,0,0,0,0,0,0,0,2048,0,488720,42405888,93323264
1743619288.002085,600855,21068467,0,131892268,123165872,123294608,0,1103720,0,236624,5423472,145972,4597960,90652,825512,1048576,1048576,0,0,0,0,5605892,518136,187236,106664,716588,106664,609924,27872,44424,0,0,0,65946132,8548992,34359738367,537016,0,62720,0,1126400,0,0,0,0,0,0,0,0,2048,0,488720,42405888,93323264
1743619289.001198,600855,21068467,0,131892268,123165872,123294608,0,1103720,0,236624,5423472,145972,4597960,90652,825512,1048576,1048576,0,0,0,0,5605892,518136,187236,106664,716588,106664,609924,27872,44424,0,0,0,65946132,8548992,34359738367,537016,0,62720,0,1126400,0,0,0,0,0,0,0,0,2048,0,488720,42405888,93323264
1743619290.001562,600855,21068467,0,131892268,123165900,123294636,0,1103720,0,236624,5423472,145972,4597960,90652,825512,1048576,1048576,0,0,0,0,5605892,518136,187236,106664,716588,106664,609924,27872,44424,0,0,0,65946132,8548992,34359738367,537000,0,62720,0,1126400,0,0,0,0,0,0,0,0,2048,0,488720,42405888,93323264
1743619291.001437,600855,21068467,0,131892268,123165900,123294636,0,1103720,0,236624,5423472,145972,4597960,90652,825512,1048576,1048576,0,0,0,0,5605892,518136,187236,106664,716588,106664,609924,27872,44424,0,0,0,65946132,8548992,34359738367,537000,0,62720,0,1126400,0,0,0,0,0,0,0,0,2048,0,488720,42405888,93323264
1743619292.001529,600855,21068467,0,131892268,123165900,123294636,0,1103720,0,236624,5423472,145972,4597960,90652,825512,1048576,1048576,0,0,0,0,5605892,518136,187236,106664,716588,106664,609924,27872,44424,0,0,0,65946132,8548992,34359738367,537000,0,62720,0,1126400,0,0,0,0,0,0,0,0,2048,0,488720,42405888,93323264
1743619293.002041,600855,21068467,0,131892268,123165900,123294636,0,1103720,0,236624,5423472,145972,4597960,90652,825512,1048576,1048576,0,0,0,0,5605892,518136,187236,106664,716588,106664,609924,27872,44424,0,0,0,65946132,8548992,34359738367,537000,0,62720,0,1126400,0,0,0,0,0,0,0,0,2048,0,488720,42405888,93323264
1743619294.001161,600855,21068467,0,131892268,123165900,123294636,0,1103720,0,236624,5423472,145972,4597960,90652,825512,1048576,1048576,0,0,0,0,5605892,518136,187236,106664,716588,106664,609924,27872,44424,0,0,0,65946132,8548992,34359738367,537000,0,62720,0,1126400,0,0,0,0,0,0,0,0,2048,0,488720,42405888,93323264
1743619295.001768,600855,21068467,0,131892268,123165900,123294636,0,1103720,0,236624,5423472,145972,4597960,90652,825512,1048576,1048576,0,0,0,0,5605892,518136,187236,106664,716588,106664,609924,27872,44424,0,0,0,65946132,8548992,34359738367,537000,0,62720,0,1126400,0,0,0,0,0,0,0,0,2048,0,488720,42405888,93323264
1743619296.001834,600855,21068467,0,131892268,123165892,123294628,0,1103720,0,236624,5423472,145972,4597960,90652,825512,1048576,1048576,0,0,0,0,5605892,518136,187236,106664,716596,106664,609932,27872,44424,0,0,0,65946132,8548992,34359738367,537000,0,62720,0,1126400,0,0,0,0,0,0,0,0,2048,0,488720,42405888,93323264
1743619297.001418,600855,21068467,0,131892268,123165884,123294620,0,1103720,0,236624,5423472,145972,4597960,90652,825512,1048576,1048576,0,0,0,0,5605892,518136,187236,106664,716604,106664,609940,27872,44424,0,0,0,65946132,8548992,34359738367,537000,0,62720,0,1126400,0,0,0,0,0,0,0,0,2048,0,488720,42405888,93323264
1743619298.001501,600855,21068467,0,131892268,123165884,123294620,0,1103720,0,236624,5423472,145972,4597960,90652,825512,1048576,1048576,0,0,0,0,5605892,518136,187236,106664,716604,106664,609940,27872,44424,0,0,0,65946132,8548992,34359738367,537000,0,62720,0,1126400,0,0,0,0,0,0,0,0,2048,0,488720,42405888,93323264
1743619299.001992,600855,21068467,0,131892268,123165884,123294620,0,1103720,0,236624,5423472,145972,4597960,90652,825512,1048576,1048576,0,0,0,0,5605892,518136,187236,106664,716604,106664,609940,27872,44424,0,0,0,65946132,8548992,34359738367,537000,0,62720,0,1126400,0,0,0,0,0,0,0,0,2048,0,488720,42405888,93323264
1743619300.002111,600855,21068467,0,131892268,123165884,123294620,0,1103720,0,236624,5423472,145972,4597960,90652,825512,1048576,1048576,0,0,0,0,5605892,518136,187236,106664,716604,106664,609940,27872,44424,0,0,0,65946132,8548992,34359738367,537000,0,62720,0,1126400,0,0,0,0,0,0,0,0,2048,0,488720,42405888,93323264
1743619301.002065,600855,21068467,0,131892268,123165884,123294620,0,1103720,0,236624,5423472,145972,4597960,90652,825512,1048576,1048576,0,0,0,0,5605892,518136,187236,106664,716604,106664,609940,27872,44424,0,0,0,65946132,8548992,34359738367,537000,0,62720,0,1126400,0,0,0,0,0,0,0,0,2048,0,488720,42405888,93323264
1743619302.001513,600855,21068467,0,131892268,123165884,123294620,0,1103720,0,236624,5423472,145972,4597960,90652,825512,1048576,1048576,0,0,0,0,5605892,518136,187236,106664,716604,106664,609940,27872,44424,0,0,0,65946132,8548992,34359738367,537000,0,62720,0,1126400,0,0,0,0,0,0,0,0,2048,0,488720,42405888,93323264
1743619303.001625,600855,21068467,0,131892268,123165884,123294620,0,1103720,0,236624,5423472,145972,4597960,90652,825512,1048576,1048576,0,0,0,0,5605892,518136,187236,106664,716604,106664,609940,27872,44424,0,0,0,65946132,8548992,34359738367,537000,0,62720,0,1126400,0,0,0,0,0,0,0,0,2048,0,488720,42405888,93323264
1743619304.001990,600855,21068467,0,131892268,123165884,123294620,0,1103720,0,236624,5423472,145972,4597960,90652,825512,1048576,1048576,0,0,0,0,5605892,518136,187236,106664,716604,106664,609940,27872,44424,0,0,0,65946132,8548992,34359738367,537000,0,62720,0,1126400,0,0,0,0,0,0,0,0,2048,0,488720,42405888,93323264
1743619305.001391,600855,21068467,0,131892268,123165884,123294620,0,1103720,0,236624,5423472,145972,4597960,90652,825512,1048576,1048576,0,0,0,0,5605892,518136,187236,106664,716604,106664,609940,27872,44424,0,0,0,65946132,8548992,34359738367,537000,0,62720,0,1126400,0,0,0,0,0,0,0,0,2048,0,488720,42405888,93323264
1743619306.001480,600855,21068467,0,131892268,123165884,123294620,0,1103720,0,236624,5423472,145972,4597960,90652,825512,1048576,1048576,0,0,0,0,5605892,518136,187236,106664,716604,106664,609940,27872,44424,0,0,0,65946132,8548992,34359738367,537000,0,62720,0,1126400,0,0,0,0,0,0,0,0,2048,0,488720,42405888,93323264
1743619307.001846,600855,21068467,0,131892268,123165876,123294612,0,1103720,0,236624,5423472,145972,4597960,90652,825512,1048576,1048576,0,0,0,0,5605892,518136,187236,106664,716612,106664,609948,27872,44424,0,0,0,65946132,8548992,34359738367,537000,0,62720,0,1126400,0,0,0,0,0,0,0,0,2048,0,488720,42405888,93323264
1743619308.002248,600855,21068467,0,131892268,123165876,123294612,0,1103720,0,236624,5423472,145972,4597960,90652,825512,1048576,1048576,0,0,0,0,5605892,518136,187236,106664,716612,106664,609948,27872,44424,0,0,0,65946132,8548992,34359738367,537000,0,62720,0,1126400,0,0,0,0,0,0,0,0,2048,0,488720,42405888,93323264
1743619309.001315,600855,21068467,0,131892268,123165876,123294612,0,1103720,0,236624,5423472,145972,4597960,90652,825512,1048576,1048576,0,0,0,0,5605892,518136,187236,106664,716612,106664,609948,27872,44424,0,0,0,65946132,8548992,34359738367,537000,0,62720,0,1126400,0,0,0,0,0,0,0,0,2048,0,488720,42405888,93323264
1743619310.001752,600855,21068467,0,131892268,123165876,123294612,0,1103720,0,236624,5423472,145972,4597960,90652,825512,1048576,1048576,0,0,0,0,5605892,518136,187236,106664,716612,106664,609948,27872,44424,0,0,0,65946132,8548992,34359738367,537000,0,62720,0,1126400,0,0,0,0,0,0,0,0,2048,0,488720,42405888,93323264
1743619311.001833,600855,21068467,0,131892268,123165896,123294632,0,1103720,0,236624,5423472,145972,4597960,90652,825512,1048576,1048576,0,0,0,0,5605892,518136,187236,106664,716620,106664,609956,27872,44424,0,0,0,65946132,8548992,34359738367,537000,0,62720,0,1126400,0,0,0,0,0,0,0,0,2048,0,488720,42405888,93323264
1743619312.001903,600855,21068467,0,131892268,123165896,123294632,0,1103720,0,236624,5423472,145972,4597960,90652,825512,1048576,1048576,0,0,0,0,5605892,518136,187236,106664,716620,106664,609956,27872,44424,0,0,0,65946132,8548992,34359738367,537000,0,62720,0,1126400,0,0,0,0,0,0,0,0,2048,0,488720,42405888,93323264
1743619313.001483,600855,21068467,0,131892268,123165896,123294632,0,1103720,0,236624,5423472,145972,4597960,90652,825512,1048576,1048576,0,0,0,0,5605892,518136,187236,106664,716620,106664,609956,27872,44424,0,0,0,65946132,8548992,34359738367,537000,0,62720,0,1126400,0,0,0,0,0,0,0,0,2048,0,488720,42405888,93323264
1743619314.001609,600855,21068467,0,131892268,123165896,123294632,0,1103720,0,236624,5423472,145972,4597960,90652,825512,1048576,1048576,0,0,0,0,5605892,518136,187236,106664,716620,106664,609956,27872,44424,0,0,0,65946132,8548992,34359738367,537000,0,62720,0,1126400,0,0,0,0,0,0,0,0,2048,0,488720,42405888,93323264
1743619315.002098,600855,21068467,0,131892268,123165896,123294632,0,1103720,0,236624,5423472,145972,4597960,90652,825512,1048576,1048576,0,0,0,0,5605892,518136,187236,106664,716620,106664,609956,27872,44424,0,0,0,65946132,8548992,34359738367,537000,0,62720,0,1126400,0,0,0,0,0,0,0,0,2048,0,488720,42405888,93323264
1743619316.001236,600855,21068467,0,131892268,123165896,123294632,0,1103720,0,236624,5423472,145972,4597960,90652,825512,1048576,1048576,0,0,0,0,5605892,518136,187236,106664,716620,106664,609956,27872,44424,0,0,0,65946132,8548992,34359738367,537000,0,62720,0,1126400,0,0,0,0,0,0,0,0,2048,0,488720,42405888,93323264
1743619317.001805,600855,21068467,0,131892268,123165896,123294632,0,1103720,0,236624,5423472,145972,4597960,90652,825512,1048576,1048576,0,0,0,0,5605892,518136,187236,106664,716620,106664,609956,27872,44424,0,0,0,65946132,8548992,34359738367,537000,0,62720,0,1126400,0,0,0,0,0,0,0,0,2048,0,488720,42405888,93323264
1743619318.001877,600855,21068467,0,131892268,123165896,123294632,0,1103720,0,236624,5423472,145972,4597960,90652,825512,1048576,1048576,0,0,0,0,5605892,518136,187236,106664,716620,106664,609956,27872,44424,0,0,0,65946132,8548992,34359738367,537000,0,62720,0,1126400,0,0,0,0,0,0,0,0,2048,0,488720,42405888,93323264
1743619319.001468,600855,21068467,0,131892268,123165896,123294632,0,1103720,0,236624,5423472,145972,4597960,90652,825512,1048576,1048576,0,0,0,0,5605892,518136,187236,106664,716620,106664,609956,27872,44424,0,0,0,65946132,8548992,34359738367,537000,0,62720,0,1126400,0,0,0,0,0,0,0,0,2048,0,488720,42405888,93323264
1743619320.001597,600855,21068467,0,131892268,123165896,123294632,0,1103720,0,236624,5423472,145972,4597960,90652,825512,1048576,1048576,0,0,0,0,5605892,518136,187236,106664,716620,106664,609956,27872,44424,0,0,0,65946132,8548992,34359738367,537000,0,62720,0,1126400,0,0,0,0,0,0,0,0,2048,0,488720,42405888,93323264
1743619321.002099,600855,21068467,0,131892268,123165896,123294632,0,1103720,0,236624,5423464,145972,4597952,90652,825512,1048576,1048576,0,0,0,0,5605892,518136,187236,106664,716620,106664,609956,27872,44424,0,0,0,65946132,8548992,34359738367,537000,0,62720,0,1126400,0,0,0,0,0,0,0,0,2048,0,488720,42405888,93323264
1743619322.001611,600855,21068467,0,131892268,123165896,123294632,0,1103720,0,236624,5423464,145972,4597952,90652,825512,1048576,1048576,0,0,0,0,5605892,518136,187236,106664,716620,106664,609956,27872,44424,0,0,0,65946132,8548992,34359738367,537000,0,62720,0,1126400,0,0,0,0,0,0,0,0,2048,0,488720,42405888,93323264
1743619323.001688,600855,21068467,0,131892268,123165896,123294632,0,1103720,0,236624,5423464,145972,4597952,90652,825512,1048576,1048576,0,0,0,0,5605892,518136,187236,106664,716620,106664,609956,27872,44424,0,0,0,65946132,8548992,34359738367,537000,0,62720,0,1126400,0,0,0,0,0,0,0,0,2048,0,488720,42405888,93323264
1743619324.002053,600855,21068467,0,131892268,123165896,123294632,0,1103720,0,236624,5423464,145972,4597952,90652,825512,1048576,1048576,0,0,0,0,5605892,518136,187236,106664,716620,106664,609956,27872,44424,0,0,0,65946132,8548992,34359738367,537000,0,62720,0,1126400,0,0,0,0,0,0,0,0,2048,0,488720,42405888,93323264
1743619325.001492,600855,21068467,0,131892268,123165896,123294632,0,1103720,0,236624,5423464,145972,4597952,90652,825512,1048576,1048576,0,0,0,0,5605892,518136,187236,106664,716620,106664,609956,27872,44424,0,0,0,65946132,8548992,34359738367,537000,0,62720,0,1126400,0,0,0,0,0,0,0,0,2048,0,488720,42405888,93323264
1743619326.001617,600855,21068467,0,131892268,123165916,123294652,0,1103720,0,236624,5423464,145972,4597952,90652,825512,1048576,1048576,0,0,0,0,5605892,518136,187236,106664,716628,106664,609964,27872,44424,0,0,0,65946132,8548992,34359738367,537000,0,62720,0,1126400,0,0,0,0,0,0,0,0,2048,0,488720,42405888,93323264
1743619327.002020,600855,21068467,0,131892268,123165916,123294652,0,1103720,0,236624,5423464,145972,4597952,90652,825512,1048576,1048576,0,0,0,0,5605892,518136,187236,106664,716628,106664,609964,27872,44424,0,0,0,65946132,8548992,34359738367,537000,0,62720,0,1126400,0,0,0,0,0,0,0,0,2048,0,488720,42405888,93323264
1743619328.001527,600855,21068467,0,131892268,123165916,123294652,0,1103720,0,236624,5423464,145972,4597952,90652,825512,1048576,1048576,0,0,0,0,5605892,518136,187236,106664,716628,106664,609964,27872,44424,0,0,0,65946132,8548992,34359738367,537000,0,62720,0,1126400,0,0,0,0,0,0,0,0,2048,0,488720,42405888,93323264
1743619329.001664,600855,21068467,0,131892268,123165916,123294652,0,1103720,0,236624,5423464,145972,4597952,90652,825512,1048576,1048576,0,0,0,0,5605892,518136,187236,106664,716628,106664,609964,27872,44424,0,0,0,65946132,8548992,34359738367,537000,0,62720,0,1126400,0,0,0,0,0,0,0,0,2048,0,488720,42405888,93323264
1743619330.002049,600855,21068467,0,131892268,123165916,123294652,0,1103720,0,236624,5423464,145972,4597952,90652,825512,1048576,1048576,0,0,0,0,5605892,518136,187236,106664,716628,106664,609964,27872,44424,0,0,0,65946132,8548992,34359738367,537000,0,62720,0,1126400,0,0,0,0,0,0,0,0,2048,0,488720,42405888,93323264
1743619331.001830,600855,21068467,0,131892268,123165916,123294652,0,1103720,0,236624,5423464,145972,4597952,90652,825512,1048576,1048576,0,0,0,0,5605892,518136,187236,106664,716628,106664,609964,27872,44424,0,0,0,65946132,8548992,34359738367,537000,0,62720,0,1126400,0,0,0,0,0,0,0,0,2048,0,488720,42405888,93323264
1743619332.001897,600855,21068467,0,131892268,123165916,123294652,0,1103720,0,236624,5423464,145972,4597952,90652,825512,1048576,1048576,0,0,0,0,5605892,518136,187236,106664,716628,106664,609964,27872,44424,0,0,0,65946132,8548992,34359738367,537000,0,62720,0,1126400,0,0,0,0,0,0,0,0,2048,0,488720,42405888,93323264
1743619333.001487,600855,21068467,0,131892268,123165916,123294652,0,1103720,0,236624,5423464,145972,4597952,90652,825512,1048576,1048576,0,0,0,0,5605892,518136,187236,106664,716628,106664,609964,27872,44424,0,0,0,65946132,8548992,34359738367,537000,0,62720,0,1126400,0,0,0,0,0,0,0,0,2048,0,488720,42405888,93323264
1743619334.001576,600855,21068467,0,131892268,123165916,123294652,0,1103720,0,236624,5423464,145972,4597952,90652,825512,1048576,1048576,0,0,0,0,5605892,518136,187236,106664,716628,106664,609964,27872,44424,0,0,0,65946132,8548992,34359738367,537000,0,62720,0,1126400,0,0,0,0,0,0,0,0,2048,0,488720,42405888,93323264
1743619335.002072,600855,21068467,0,131892268,123165916,123294652,0,1103720,0,236624,5423464,145972,4597952,90652,825512,1048576,1048576,0,0,0,0,5605892,518136,187236,106664,716628,106664,609964,27872,44424,0,0,0,65946132,8548992,34359738367,537000,0,62720,0,1126400,0,0,0,0,0,0,0,0,2048,0,488720,42405888,93323264
1743619336.001193,600855,21068467,0,131892268,123165916,123294652,0,1103720,0,236624,5423464,145972,4597952,90652,825512,1048576,1048576,0,0,0,0,5605892,518136,187236,106664,716628,106664,609964,27872,44424,0,0,0,65946132,8548992,34359738367,537000,0,62720,0,1126400,0,0,0,0,0,0,0,0,2048,0,488720,42405888,93323264
1743619337.001750,600855,21068467,0,131892268,123165908,123294644,0,1103720,0,236624,5423464,145972,4597952,90652,825512,1048576,1048576,0,0,0,0,5605892,518136,187236,106664,716636,106664,609972,27872,44424,0,0,0,65946132,8548992,34359738367,537000,0,62720,0,1126400,0,0,0,0,0,0,0,0,2048,0,488720,42405888,93323264
1743619338.001819,600855,21068467,0,131892268,123165936,123294672,0,1103720,0,236624,5423464,145972,4597952,90652,825512,1048576,1048576,0,0,0,0,5605892,518136,187236,106664,716636,106664,609972,27872,44424,0,0,0,65946132,8548992,34359738367,537000,0,62720,0,1126400,0,0,0,0,0,0,0,0,2048,0,488720,42405888,93323264
1743619339.001308,600855,21068467,0,131892268,123166032,123294768,0,1103720,0,236624,5423464,145972,4597952,90652,825512,1048576,1048576,0,0,0,0,5605892,518136,187236,106664,716540,106664,609876,27872,44424,0,0,0,65946132,8548992,34359738367,537000,0,62720,0,1126400,0,0,0,0,0,0,0,0,2048,0,488720,42405888,93323264
1743619340.001374,600855,21068467,0,131892268,123166032,123294768,0,1103720,0,236624,5423464,145972,4597952,90652,825512,1048576,1048576,0,0,0,0,5605892,518136,187236,106664,716540,106664,609876,27872,44424,0,0,0,65946132,8548992,34359738367,537000,0,62720,0,1126400,0,0,0,0,0,0,0,0,2048,0,488720,42405888,93323264
1743619341.001830,600855,21068467,0,131892268,123166032,123294768,0,1103720,0,236624,5423464,145972,4597952,90652,825512,1048576,1048576,0,0,0,0,5605892,518136,187236,106664,716540,106664,609876,27872,44424,0,0,0,65946132,8548992,34359738367,537000,0,62720,0,1126400,0,0,0,0,0,0,0,0,2048,0,488720,42405888,93323264
1743619342.002233,600855,21068467,0,131892268,123166032,123294768,0,1103720,0,236624,5423464,145972,4597952,90652,825512,1048576,1048576,0,0,0,0,5605892,518136,187236,106664,716540,106664,609876,27872,44424,0,0,0,65946132,8548992,34359738367,537000,0,62720,0,1126400,0,0,0,0,0,0,0,0,2048,0,488720,42405888,93323264
1743619343.001356,600855,21068467,0,131892268,123166024,123294760,0,1103720,0,236624,5423464,145972,4597952,90652,825512,1048576,1048576,0,0,0,0,5605892,518136,187236,106664,716548,106664,609884,27872,44424,0,0,0,65946132,8548992,34359738367,537000,0,62720,0,1126400,0,0,0,0,0,0,0,0,2048,0,488720,42405888,93323264
1743619344.001799,600855,21068467,0,131892268,123166024,123294760,0,1103720,0,236624,5423464,145972,4597952,90652,825512,1048576,1048576,0,0,0,0,5605892,518136,187236,106664,716548,106664,609884,27872,44424,0,0,0,65946132,8548992,34359738367,537000,0,62720,0,1126400,0,0,0,0,0,0,0,0,2048,0,488720,42405888,93323264
1743619345.002211,600855,21068467,0,131892268,123166024,123294760,0,1103720,0,236624,5423464,145972,4597952,90652,825512,1048576,1048576,0,0,0,0,5605892,518136,187236,106664,716548,106664,609884,27872,44424,0,0,0,65946132,8548992,34359738367,537000,0,62720,0,1126400,0,0,0,0,0,0,0,0,2048,0,488720,42405888,93323264
1743619346.001334,600855,21068467,0,131892268,123166024,123294760,0,1103720,0,236624,5423464,145972,4597952,90652,825512,1048576,1048576,0,0,0,0,5605892,518136,187236,106664,716548,106664,609884,27872,44424,0,0,0,65946132,8548992,34359738367,537000,0,62720,0,1126400,0,0,0,0,0,0,0,0,2048,0,488720,42405888,93323264
1743619347.001736,600855,21068467,0,131892268,123166016,123294752,0,1103720,0,236624,5423464,145972,4597952,90652,825512,1048576,1048576,0,0,0,0,5605892,518136,187236,106664,716556,106664,609892,27872,44424,0,0,0,65946132,8548992,34359738367,537000,0,62720,0,1126400,0,0,0,0,0,0,0,0,2048,0,488720,42405888,93323264
1743619348.002145,600855,21068467,0,131892268,123166016,123294752,0,1103720,0,236624,5423464,145972,4597952,90652,825512,1048576,1048576,0,0,0,0,5605892,518136,187236,106664,716556,106664,609892,27872,44424,0,0,0,65946132,8548992,34359738367,537000,0,62720,0,1126400,0,0,0,0,0,0,0,0,2048,0,488720,42405888,93323264
1743619349.001269,600855,21068467,0,131892268,123166016,123294752,0,1103720,0,236624,5423464,145972,4597952,90652,825512,1048576,1048576,0,0,0,0,5605892,518136,187236,106664,716556,106664,609892,27872,44424,0,0,0,65946132,8548992,34359738367,537000,0,62720,0,1126400,0,0,0,0,0,0,0,0,2048,0,488720,42405888,93323264
1743619350.001656,600855,21068467,0,131892268,123166016,123294752,0,1103720,0,236624,5423464,145972,4597952,90652,825512,1048576,1048576,0,0,0,0,5605892,518136,187236,106664,716556,106664,609892,27872,44424,0,0,0,65946132,8548992,34359738367,537000,0,62720,0,1126400,0,0,0,0,0,0,0,0,2048,0,488720,42405888,93323264
1743619351.001569,600855,21068467,0,131892268,123166016,123294752,0,1103720,0,236624,5423464,145972,4597952,90652,825512,1048576,1048576,0,0,0,0,5605892,518136,187236,106664,716556,106664,609892,27872,44424,0,0,0,65946132,8548992,34359738367,537000,0,62720,0,1126400,0,0,0,0,0,0,0,0,2048,0,488720,42405888,93323264
1743619352.001655,600855,21068467,0,131892268,123166016,123294752,0,1103720,0,236624,5423464,145972,4597952,90652,825512,1048576,1048576,0,0,0,0,5605896,518136,187236,106664,716556,106664,609892,27872,44424,0,0,0,65946132,8548992,34359738367,537000,0,62720,0,1126400,0,0,0,0,0,0,0,0,2048,0,488720,42405888,93323264
1743619353.002168,600855,21068467,0,131892268,123166016,123294752,0,1103720,0,236624,5423464,145972,4597952,90652,825512,1048576,1048576,0,0,0,0,5605896,518136,187236,106664,716556,106664,609892,27872,44424,0,0,0,65946132,8548992,34359738367,537000,0,62720,0,1126400,0,0,0,0,0,0,0,0,2048,0,488720,42405888,93323264
1743619354.001267,600855,21068467,0,131892268,123166016,123294752,0,1103720,0,236624,5423464,145972,4597952,90652,825512,1048576,1048576,0,0,0,0,5605896,518136,187236,106664,716556,106664,609892,27872,44424,0,0,0,65946132,8548992,34359738367,537000,0,62720,0,1126400,0,0,0,0,0,0,0,0,2048,0,488720,42405888,93323264
1743619355.001855,600855,21068467,0,131892268,123166016,123294752,0,1103720,0,236624,5423464,145972,4597952,90652,825512,1048576,1048576,0,0,0,0,5605896,518136,187236,106664,716556,106664,609892,27872,44424,0,0,0,65946132,8548992,34359738367,537000,0,62720,0,1126400,0,0,0,0,0,0,0,0,2048,0,488720,42405888,93323264
1743619356.001955,600855,21068467,0,131892268,123166016,123294752,0,1103720,0,236624,5423464,145972,4597952,90652,825512,1048576,1048576,0,0,0,0,5605896,518136,187236,106664,716556,106664,609892,27872,44424,0,0,0,65946132,8548992,34359738367,537000,0,62720,0,1126400,0,0,0,0,0,0,0,0,2048,0,488720,42405888,93323264
1743619357.001539,600855,21068467,0,131892268,123166016,123294752,0,1103720,0,236624,5423464,145972,4597952,90652,825512,1048576,1048576,0,0,0,0,5605896,518136,187236,106664,716556,106664,609892,27872,44424,0,0,0,65946132,8548992,34359738367,537000,0,62720,0,1126400,0,0,0,0,0,0,0,0,2048,0,488720,42405888,93323264
1743619358.001676,600855,21068467,0,131892268,123166016,123294752,0,1103720,0,236624,5423464,145972,4597952,90652,825512,1048576,1048576,0,0,0,0,5605896,518136,187236,106664,716556,106664,609892,27872,44424,0,0,0,65946132,8548992,34359738367,537000,0,62720,0,1126400,0,0,0,0,0,0,0,0,2048,0,488720,42405888,93323264
1743619359.002244,600855,21068467,0,131892268,123166016,123294752,0,1103720,0,236624,5423464,145972,4597952,90652,825512,1048576,1048576,0,0,0,0,5605896,518136,187236,106664,716556,106664,609892,27872,44424,0,0,0,65946132,8548992,34359738367,537000,0,62720,0,1126400,0,0,0,0,0,0,0,0,2048,0,488720,42405888,93323264
1743619360.001338,600855,21068467,0,131892268,123166016,123294752,0,1103720,0,236624,5423464,145972,4597952,90652,825512,1048576,1048576,0,0,0,0,5605896,518136,187236,106664,716556,106664,609892,27872,44424,0,0,0,65946132,8548992,34359738367,537000,0,62720,0,1126400,0,0,0,0,0,0,0,0,2048,0,488720,42405888,93323264
1743619361.001384,600855,21068467,0,131892268,123166016,123294752,0,1103720,0,236624,5423464,145972,4597952,90652,825512,1048576,1048576,0,0,0,0,5605896,518136,187236,106664,716556,106664,609892,27872,44424,0,0,0,65946132,8548992,34359738367,537000,0,62720,0,1126400,0,0,0,0,0,0,0,0,2048,0,488720,42405888,93323264
1743619362.001828,600855,21068467,0,131892268,123166016,123294752,0,1103720,0,236624,5423464,145972,4597952,90652,825512,1048576,1048576,0,0,0,0,5605896,518136,187236,106664,716556,106664,609892,27872,44424,0,0,0,65946132,8548992,34359738367,537000,0,62720,0,1126400,0,0,0,0,0,0,0,0,2048,0,488720,42405888,93323264
1743619363.001899,600855,21068467,0,131892268,123166016,123294752,0,1103720,0,236624,5423464,145972,4597952,90652,825512,1048576,1048576,0,0,0,0,5605896,518136,187236,106664,716556,106664,609892,27872,44424,0,0,0,65946132,8548992,34359738367,537000,0,62720,0,1126400,0,0,0,0,0,0,0,0,2048,0,488720,42405888,93323264
1743619364.001333,600855,21068467,0,131892268,123166016,123294752,0,1103720,0,236624,5423464,145972,4597952,90652,825512,1048576,1048576,0,0,0,0,5605896,518136,187236,106664,716556,106664,609892,27872,44424,0,0,0,65946132,8548992,34359738367,537000,0,62720,0,1126400,0,0,0,0,0,0,0,0,2048,0,488720,42405888,93323264
1743619365.001822,600855,21068467,0,131892268,123166016,123294752,0,1103720,0,236624,5423464,145972,4597952,90652,825512,1048576,1048576,0,0,0,0,5605896,518136,187236,106664,716556,106664,609892,27872,44424,0,0,0,65946132,8548992,34359738367,537000,0,62720,0,1126400,0,0,0,0,0,0,0,0,2048,0,488720,42405888,93323264
1743619366.001902,600855,21068467,0,131892268,123166016,123294752,0,1103720,0,236624,5423464,145972,4597952,90652,825512,1048576,1048576,0,0,0,0,5605896,518136,187236,106664,716556,106664,609892,27872,44424,0,0,0,65946132,8548992,34359738367,537000,0,62720,0,1126400,0,0,0,0,0,0,0,0,2048,0,488720,42405888,93323264
1743619367.001352,600855,21068467,0,131892268,123166016,123294752,0,1103720,0,236624,5423464,145972,4597952,90652,825512,1048576,1048576,0,0,0,0,5605896,518136,187236,106664,716556,106664,609892,27872,44424,0,0,0,65946132,8548992,34359738367,537000,0,62720,0,1126400,0,0,0,0,0,0,0,0,2048,0,488720,42405888,93323264
1743619368.001789,600855,21068467,0,131892268,123166016,123294752,0,1103720,0,236624,5423464,145972,4597952,90652,825512,1048576,1048576,0,0,0,0,5605896,518136,187236,106664,716556,106664,609892,27872,44424,0,0,0,65946132,8548992,34359738367,537000,0,62720,0,1126400,0,0,0,0,0,0,0,0,2048,0,488720,42405888,93323264
1743619369.001861,600855,21068467,0,131892268,123166016,123294752,0,1103720,0,236624,5423464,145972,4597952,90652,825512,1048576,1048576,0,0,0,0,5605896,518136,187236,106664,716556,106664,609892,27872,44424,0,0,0,65946132,8548992,34359738367,537000,0,62720,0,1126400,0,0,0,0,0,0,0,0,2048,0,488720,42405888,93323264
1743619370.001297,600855,21068467,0,131892268,123166016,123294752,0,1103720,0,236624,5423464,145972,4597952,90652,825512,1048576,1048576,0,0,0,0,5605896,518136,187236,106664,716556,106664,609892,27872,44424,0,0,0,65946132,8548992,34359738367,537000,0,62720,0,1126400,0,0,0,0,0,0,0,0,2048,0,488720,42405888,93323264
1743619371.001850,600855,21068467,0,131892268,123166016,123294752,0,1103720,0,236624,5423464,145972,4597952,90652,825512,1048576,1048576,0,0,0,0,5605896,518136,187236,106664,716556,106664,609892,27872,44424,0,0,0,65946132,8548992,34359738367,537000,0,62720,0,1126400,0,0,0,0,0,0,0,0,2048,0,488720,42405888,93323264
1743619372.001915,600855,21068467,0,131892268,123166016,123294752,0,1103720,0,236624,5423464,145972,4597952,90652,825512,1048576,1048576,0,0,0,0,5605896,518136,187236,106664,716556,106664,609892,27872,44424,0,0,0,65946132,8548992,34359738367,537000,0,62720,0,1126400,0,0,0,0,0,0,0,0,2048,0,488720,42405888,93323264
1743619373.001466,600855,21068467,0,131892268,123165988,123294740,0,1103720,0,236660,5423444,145980,4597944,90680,825500,1048576,1048576,0,0,0,0,5605896,518136,187236,106664,716556,106664,609892,27872,44424,0,0,0,65946132,8548992,34359738367,537000,0,62720,0,1126400,0,0,0,0,0,0,0,0,2048,0,488720,42405888,93323264
1743619374.001533,600855,21068467,0,131892268,123165988,123294740,0,1103720,0,236660,5423444,145980,4597944,90680,825500,1048576,1048576,0,0,0,0,5605896,518136,187236,106664,716556,106664,609892,27872,44424,0,0,0,65946132,8548992,34359738367,537000,0,62720,0,1126400,0,0,0,0,0,0,0,0,2048,0,488720,42405888,93323264
1743619375.002026,600855,21068467,0,131892268,123165988,123294740,0,1103720,0,236660,5423444,145980,4597944,90680,825500,1048576,1048576,0,0,0,0,5605896,518136,187236,106664,716556,106664,609892,27872,44424,0,0,0,65946132,8548992,34359738367,537000,0,62720,0,1126400,0,0,0,0,0,0,0,0,2048,0,488720,42405888,93323264
1743619376.001130,600855,21068467,0,131892268,123165988,123294740,0,1103720,0,236660,5423444,145980,4597944,90680,825500,1048576,1048576,0,0,0,0,5605896,518136,187236,106664,716556,106664,609892,27872,44424,0,0,0,65946132,8548992,34359738367,537000,0,62720,0,1126400,0,0,0,0,0,0,0,0,2048,0,488720,42405888,93323264
1743619377.001687,600855,21068467,0,131892268,123165988,123294740,0,1103720,0,236660,5423444,145980,4597944,90680,825500,1048576,1048576,0,0,0,0,5605896,518136,187236,106664,716556,106664,609892,27872,44424,0,0,0,65946132,8548992,34359738367,537000,0,62720,0,1126400,0,0,0,0,0,0,0,0,2048,0,488720,42405888,93323264
1743619378.001805,600855,21068467,0,131892268,123165988,123294740,0,1103720,0,236660,5423444,145980,4597944,90680,825500,1048576,1048576,0,0,0,0,5605896,518136,187236,106664,716556,106664,609892,27872,44424,0,0,0,65946132,8548992,34359738367,537000,0,62720,0,1126400,0,0,0,0,0,0,0,0,2048,0,488720,42405888,93323264
1743619379.001296,600855,21068467,0,131892268,123165988,123294740,0,1103720,0,236660,5423444,145980,4597944,90680,825500,1048576,1048576,0,0,0,0,5605896,518136,187236,106664,716556,106664,609892,27872,44424,0,0,0,65946132,8548992,34359738367,537000,0,62720,0,1126400,0,0,0,0,0,0,0,0,2048,0,488720,42405888,93323264
1743619380.001427,600855,21068467,0,131892268,123165988,123294740,0,1103720,0,236660,5423444,145980,4597944,90680,825500,1048576,1048576,0,0,0,0,5605896,518136,187236,106664,716556,106664,609892,27872,44424,0,0,0,65946132,8548992,34359738367,537000,0,62720,0,1126400,0,0,0,0,0,0,0,0,2048,0,488720,42405888,93323264
1743619381.002062,600855,21068467,0,131892268,123166044,123294796,0,1103720,0,236660,5423444,145980,4597944,90680,825500,1048576,1048576,0,0,0,0,5605896,518136,187236,106664,716556,106664,609892,27872,44424,0,0,0,65946132,8548992,34359738367,537000,0,62720,0,1126400,0,0,0,0,0,0,0,0,2048,0,488720,42405888,93323264
1743619382.001544,600855,21068467,0,131892268,123166044,123294796,0,1103720,0,236660,5423444,145980,4597944,90680,825500,1048576,1048576,0,0,0,0,5605896,518136,187236,106664,716556,106664,609892,27872,44424,0,0,0,65946132,8548992,34359738367,537000,0,62720,0,1126400,0,0,0,0,0,0,0,0,2048,0,488720,42405888,93323264
1743619383.001682,600855,21068467,0,131892268,123166044,123294796,0,1103720,0,236660,5423444,145980,4597944,90680,825500,1048576,1048576,0,0,0,0,5605896,518136,187236,106664,716556,106664,609892,27872,44424,0,0,0,65946132,8548992,34359738367,537000,0,62720,0,1126400,0,0,0,0,0,0,0,0,2048,0,488720,42405888,93323264
1743619384.002065,600855,21068467,0,131892268,123166044,123294796,0,1103720,0,236660,5423444,145980,4597944,90680,825500,1048576,1048576,0,0,0,0,5605896,518136,187236,106664,716556,106664,609892,27872,44424,0,0,0,65946132,8548992,34359738367,537000,0,62720,0,1126400,0,0,0,0,0,0,0,0,2048,0,488720,42405888,93323264
1743619385.001497,600855,21068467,0,131892268,123166044,123294796,0,1103720,0,236660,5423444,145980,4597944,90680,825500,1048576,1048576,0,0,0,0,5605896,518136,187236,106664,716556,106664,609892,27872,44424,0,0,0,65946132,8548992,34359738367,537000,0,62720,0,1126400,0,0,0,0,0,0,0,0,2048,0,488720,42405888,93323264
1743619386.001617,600855,21068467,0,131892268,123166044,123294796,0,1103720,0,236660,5423444,145980,4597944,90680,825500,1048576,1048576,0,0,0,0,5605896,518136,187236,106664,716556,106664,609892,27872,44424,0,0,0,65946132,8548992,34359738367,537000,0,62720,0,1126400,0,0,0,0,0,0,0,0,2048,0,488720,42405888,93323264
1743619387.002019,600855,21068467,0,131892268,123166044,123294796,0,1103720,0,236660,5423444,145980,4597944,90680,825500,1048576,1048576,0,0,0,0,5605896,518136,187236,106664,716556,106664,609892,27872,44424,0,0,0,65946132,8548992,34359738367,537000,0,62720,0,1126400,0,0,0,0,0,0,0,0,2048,0,488720,42405888,93323264
1743619388.001475,600855,21068467,0,131892268,123166044,123294796,0,1103720,0,236660,5423444,145980,4597944,90680,825500,1048576,1048576,0,0,0,0,5605896,518136,187236,106664,716556,106664,609892,27872,44424,0,0,0,65946132,8548992,34359738367,537000,0,62720,0,1126400,0,0,0,0,0,0,0,0,2048,0,488720,42405888,93323264
1743619389.001544,600855,21068467,0,131892268,123166044,123294796,0,1103720,0,236660,5423444,145980,4597944,90680,825500,1048576,1048576,0,0,0,0,5605896,518136,187236,106664,716556,106664,609892,27872,44424,0,0,0,65946132,8548992,34359738367,537000,0,62720,0,1126400,0,0,0,0,0,0,0,0,2048,0,488720,42405888,93323264
1743619390.001928,600855,21068467,0,131892268,123166044,123294796,0,1103720,0,236660,5423444,145980,4597944,90680,825500,1048576,1048576,0,0,0,0,5605896,518136,187236,106664,716556,106664,609892,27872,44424,0,0,0,65946132,8548992,34359738367,537000,0,62720,0,1126400,0,0,0,0,0,0,0,0,2048,0,488720,42405888,93323264
1743619391.001594,600855,21068467,0,131892268,123166044,123294796,0,1103720,0,236660,5423444,145980,4597944,90680,825500,1048576,1048576,0,0,0,0,5605896,518136,187236,106664,716556,106664,609892,27872,44424,0,0,0,65946132,8548992,34359738367,537000,0,62720,0,1126400,0,0,0,0,0,0,0,0,2048,0,488720,42405888,93323264
1743619392.001716,600855,21068467,0,131892268,123166044,123294796,0,1103720,0,236660,5423444,145980,4597944,90680,825500,1048576,1048576,0,0,0,0,5605896,518136,187236,106664,716556,106664,609892,27872,44424,0,0,0,65946132,8548992,34359738367,537000,0,62720,0,1126400,0,0,0,0,0,0,0,0,2048,0,488720,42405888,93323264
1743619393.002254,600855,21068467,0,131892268,123166044,123294796,0,1103720,0,236660,5423444,145980,4597944,90680,825500,1048576,1048576,0,0,0,0,5605896,518136,187236,106664,716556,106664,609892,27872,44424,0,0,0,65946132,8548992,34359738367,537000,0,62720,0,1126400,0,0,0,0,0,0,0,0,2048,0,488720,42405888,93323264
1743619394.001381,600855,21068467,0,131892268,123166044,123294796,0,1103720,0,236660,5423444,145980,4597944,90680,825500,1048576,1048576,0,0,0,0,5605896,518136,187236,106664,716556,106664,609892,27872,44424,0,0,0,65946132,8548992,34359738367,537000,0,62720,0,1126400,0,0,0,0,0,0,0,0,2048,0,488720,42405888,93323264
1743619395.001890,600855,21068467,0,131892268,123166044,123294796,0,1103720,0,236660,5423444,145980,4597944,90680,825500,1048576,1048576,0,0,0,0,5605896,518136,187236,106664,716556,106664,609892,27872,44424,0,0,0,65946132,8548992,34359738367,537000,0,62720,0,1126400,0,0,0,0,0,0,0,0,2048,0,488720,42405888,93323264
1743619396.001961,600855,21068467,0,131892268,123166044,123294796,0,1103720,0,236660,5423444,145980,4597944,90680,825500,1048576,1048576,0,0,0,0,5605896,518136,187236,106664,716556,106664,609892,27872,44424,0,0,0,65946132,8548992,34359738367,537000,0,62720,0,1126400,0,0,0,0,0,0,0,0,2048,0,488720,42405888,93323264
1743619397.001507,600855,21068467,0,131892268,123166044,123294796,0,1103720,0,236660,5423444,145980,4597944,90680,825500,1048576,1048576,0,0,0,0,5605896,518136,187236,106664,716556,106664,609892,27872,44424,0,0,0,65946132,8548992,34359738367,537000,0,62720,0,1126400,0,0,0,0,0,0,0,0,2048,0,488720,42405888,93323264
1743619398.001613,600855,21068467,0,131892268,123166044,123294796,0,1103720,0,236660,5423444,145980,4597944,90680,825500,1048576,1048576,0,0,0,0,5605896,518136,187236,106664,716556,106664,609892,27872,44424,0,0,0,65946132,8548992,34359738367,537000,0,62720,0,1126400,0,0,0,0,0,0,0,0,2048,0,488720,42405888,93323264
1743619399.002126,600855,21068467,0,131892268,123166044,123294796,0,1103720,0,236660,5423444,145980,4597944,90680,825500,1048576,1048576,0,0,0,0,5605896,518136,187236,106664,716556,106664,609892,27872,44424,0,0,0,65946132,8548992,34359738367,537000,0,62720,0,1126400,0,0,0,0,0,0,0,0,2048,0,488720,42405888,93323264
1743619400.001252,600855,21068467,0,131892268,123166044,123294796,0,1103720,0,236660,5423444,145980,4597944,90680,825500,1048576,1048576,0,0,0,0,5605896,518136,187236,106664,716556,106664,609892,27872,44424,0,0,0,65946132,8548992,34359738367,537000,0,62720,0,1126400,0,0,0,0,0,0,0,0,2048,0,488720,42405888,93323264
1743619401.001994,600855,21068467,0,131892268,123166044,123294796,0,1103720,0,236660,5423444,145980,4597944,90680,825500,1048576,1048576,0,0,0,0,5605896,518136,187236,106664,716556,106664,609892,27872,44424,0,0,0,65946132,8548992,34359738367,537000,0,62720,0,1126400,0,0,0,0,0,0,0,0,2048,0,488720,42405888,93323264
1743619402.001529,600855,21068467,0,131892268,123166044,123294796,0,1103720,0,236660,5423444,145980,4597944,90680,825500,1048576,1048576,0,0,0,0,5605896,518136,187236,106664,716556,106664,609892,27872,44424,0,0,0,65946132,8548992,34359738367,537000,0,62720,0,1126400,0,0,0,0,0,0,0,0,2048,0,488720,42405888,93323264
1743619403.001678,600855,21068467,0,131892268,123166072,123294824,0,1103720,0,236660,5423444,145980,4597944,90680,825500,1048576,1048576,0,0,0,0,5605896,518136,187236,106664,716556,106664,609892,27872,44424,0,0,0,65946132,8548992,34359738367,537000,0,62720,0,1126400,0,0,0,0,0,0,0,0,2048,0,488720,42405888,93323264
1743619404.002066,600855,21068467,0,131892268,123166072,123294824,0,1103720,0,236660,5423444,145980,4597944,90680,825500,1048576,1048576,0,0,0,0,5605896,518136,187236,106664,716556,106664,609892,27872,44424,0,0,0,65946132,8548992,34359738367,537000,0,62720,0,1126400,0,0,0,0,0,0,0,0,2048,0,488720,42405888,93323264
1743619405.001537,600855,21068467,0,131892268,123166072,123294824,0,1103720,0,236660,5423444,145980,4597944,90680,825500,1048576,1048576,0,0,0,0,5605896,518136,187236,106664,716556,106664,609892,27872,44424,0,0,0,65946132,8548992,34359738367,537000,0,62720,0,1126400,0,0,0,0,0,0,0,0,2048,0,488720,42405888,93323264
1743619406.001671,600855,21068467,0,131892268,123166072,123294824,0,1103720,0,236660,5423444,145980,4597944,90680,825500,1048576,1048576,0,0,0,0,5605896,518136,187236,106664,716556,106664,609892,27872,44424,0,0,0,65946132,8548992,34359738367,537000,0,62720,0,1126400,0,0,0,0,0,0,0,0,2048,0,488720,42405888,93323264
1743619407.002078,600855,21068467,0,131892268,123166072,123294824,0,1103720,0,236660,5423444,145980,4597944,90680,825500,1048576,1048576,0,0,0,0,5605896,518136,187236,106664,716556,106664,609892,27872,44424,0,0,0,65946132,8548992,34359738367,537000,0,62720,0,1126400,0,0,0,0,0,0,0,0,2048,0,488720,42405888,93323264
1743619408.001586,600855,21068467,0,131892268,123166072,123294824,0,1103720,0,236660,5423444,145980,4597944,90680,825500,1048576,1048576,0,0,0,0,5605896,518136,187236,106664,716556,106664,609892,27872,44424,0,0,0,65946132,8548992,34359738367,537000,0,62720,0,1126400,0,0,0,0,0,0,0,0,2048,0,488720,42405888,93323264
1743619409.001661,600855,21068467,0,131892268,123166072,123294824,0,1103720,0,236660,5423444,145980,4597944,90680,825500,1048576,1048576,0,0,0,0,5605896,518136,187236,106664,716556,106664,609892,27872,44424,0,0,0,65946132,8548992,34359738367,537000,0,62720,0,1126400,0,0,0,0,0,0,0,0,2048,0,488720,42405888,93323264
1743619410.002051,600855,21068467,0,131892268,123166072,123294824,0,1103720,0,236660,5423444,145980,4597944,90680,825500,1048576,1048576,0,0,0,0,5605896,518136,187236,106664,716556,106664,609892,27872,44424,0,0,0,65946132,8548992,34359738367,537000,0,62720,0,1126400,0,0,0,0,0,0,0,0,2048,0,488720,42405888,93323264
1743619411.001871,600855,21068467,0,131892268,123166100,123294852,0,1103720,0,236664,5423496,145980,4598000,90684,825496,1048576,1048576,0,0,0,0,5605896,518136,187236,106664,716556,106664,609892,27872,44424,0,0,0,65946132,8548992,34359738367,536984,0,62720,0,1126400,0,0,0,0,0,0,0,0,2048,0,488720,42405888,93323264
1743619412.001942,600855,21068467,0,131892268,123166100,123294852,0,1103720,0,236664,5423496,145980,4598000,90684,825496,1048576,1048576,0,0,0,0,5605896,518136,187236,106664,716556,106664,609892,27872,44424,0,0,0,65946132,8548992,34359738367,536984,0,62720,0,1126400,0,0,0,0,0,0,0,0,2048,0,488720,42405888,93323264
1743619413.001475,600855,21068467,0,131892268,123166324,123295076,0,1103720,0,236664,5423496,145980,4598000,90684,825496,1048576,1048576,0,0,0,0,5605896,518136,187236,106664,716332,106664,609668,27872,44424,0,0,0,65946132,8548992,34359738367,536984,0,62720,0,1126400,0,0,0,0,0,0,0,0,2048,0,488720,42405888,93323264
1743619414.001569,600855,21068467,0,131892268,123166324,123295076,0,1103720,0,236664,5423496,145980,4598000,90684,825496,1048576,1048576,0,0,0,0,5605896,518136,187236,106664,716332,106664,609668,27872,44424,0,0,0,65946132,8548992,34359738367,536984,0,62720,0,1126400,0,0,0,0,0,0,0,0,2048,0,488720,42405888,93323264
1743619415.002091,600855,21068467,0,131892268,123166324,123295076,0,1103720,0,236664,5423496,145980,4598000,90684,825496,1048576,1048576,0,0,0,0,5605896,518136,187236,106664,716332,106664,609668,27872,44424,0,0,0,65946132,8548992,34359738367,536984,0,62720,0,1126400,0,0,0,0,0,0,0,0,2048,0,488720,42405888,93323264
1743619416.001210,600855,21068467,0,131892268,123166324,123295076,0,1103720,0,236664,5423496,145980,4598000,90684,825496,1048576,1048576,0,0,0,0,5605896,518136,187236,106664,716332,106664,609668,27872,44424,0,0,0,65946132,8548992,34359738367,536984,0,62720,0,1126400,0,0,0,0,0,0,0,0,2048,0,488720,42405888,93323264
1743619417.001780,600855,21068467,0,131892268,123166316,123295068,0,1103720,0,236664,5423496,145980,4598000,90684,825496,1048576,1048576,0,0,0,0,5605896,518136,187236,106664,716340,106664,609676,27872,44424,0,0,0,65946132,8548992,34359738367,536984,0,62720,0,1126400,0,0,0,0,0,0,0,0,2048,0,488720,42405888,93323264
1743619418.001885,600855,21068467,0,131892268,123166316,123295068,0,1103720,0,236664,5423496,145980,4598000,90684,825496,1048576,1048576,0,0,0,0,5605896,518136,187236,106664,716340,106664,609676,27872,44424,0,0,0,65946132,8548992,34359738367,536984,0,62720,0,1126400,0,0,0,0,0,0,0,0,2048,0,488720,42405888,93323264
1743619419.001467,600855,21068467,0,131892268,123166316,123295068,0,1103720,0,236664,5423496,145980,4598000,90684,825496,1048576,1048576,0,0,0,0,5605896,518136,187236,106664,716340,106664,609676,27872,44424,0,0,0,65946132,8548992,34359738367,536984,0,62720,0,1126400,0,0,0,0,0,0,0,0,2048,0,488720,42405888,93323264
1743619420.001533,600855,21068467,0,131892268,123166316,123295068,0,1103720,0,236664,5423496,145980,4598000,90684,825496,1048576,1048576,0,0,0,0,5605896,518136,187236,106664,716340,106664,609676,27872,44424,0,0,0,65946132,8548992,34359738367,536984,0,62720,0,1126400,0,0,0,0,0,0,0,0,2048,0,488720,42405888,93323264
1743619421.002050,600855,21068467,0,131892268,123166316,123295068,0,1103720,0,236664,5423496,145980,4598000,90684,825496,1048576,1048576,0,0,0,0,5605896,518136,187236,106664,716340,106664,609676,27872,44424,0,0,0,65946132,8548992,34359738367,536984,0,62720,0,1126400,0,0,0,0,0,0,0,0,2048,0,488720,42405888,93323264
1743619422.001491,600855,21068467,0,131892268,123166316,123295068,0,1103720,0,236664,5423496,145980,4598000,90684,825496,1048576,1048576,0,0,0,0,5605896,518136,187236,106664,716340,106664,609676,27872,44424,0,0,0,65946132,8548992,34359738367,536984,0,62720,0,1126400,0,0,0,0,0,0,0,0,2048,0,488720,42405888,93323264
1743619423.001561,600855,21068467,0,131892268,123166316,123295068,0,1103720,0,236664,5423496,145980,4598000,90684,825496,1048576,1048576,0,0,0,0,5605896,518136,187236,106664,716340,106664,609676,27872,44424,0,0,0,65946132,8548992,34359738367,536984,0,62720,0,1126400,0,0,0,0,0,0,0,0,2048,0,488720,42405888,93323264
1743619424.001971,600855,21068467,0,131892268,123166316,123295068,0,1103720,0,236664,5423496,145980,4598000,90684,825496,1048576,1048576,0,0,0,0,5605896,518136,187236,106664,716340,106664,609676,27872,44424,0,0,0,65946132,8548992,34359738367,536984,0,62720,0,1126400,0,0,0,0,0,0,0,0,2048,0,488720,42405888,93323264
1743619425.001379,600855,21068467,0,131892268,123166308,123295060,0,1103720,0,236664,5423496,145980,4598000,90684,825496,1048576,1048576,0,0,0,0,5605896,518136,187236,106664,716348,106664,609684,27872,44424,0,0,0,65946132,8548992,34359738367,536984,0,62720,0,1126400,0,0,0,0,0,0,0,0,2048,0,488720,42405888,93323264
1743619426.001445,600855,21068467,0,131892268,123166308,123295060,0,1103720,0,236664,5423496,145980,4598000,90684,825496,1048576,1048576,0,0,0,0,5605896,518136,187236,106664,716348,106664,609684,27872,44424,0,0,0,65946132,8548992,34359738367,536984,0,62720,0,1126400,0,0,0,0,0,0,0,0,2048,0,488720,42405888,93323264
1743619427.001833,600855,21068467,0,131892268,123166308,123295060,0,1103720,0,236664,5423496,145980,4598000,90684,825496,1048576,1048576,0,0,0,0,5605896,518136,187236,106664,716348,106664,609684,27872,44424,0,0,0,65946132,8548992,34359738367,536984,0,62720,0,1126400,0,0,0,0,0,0,0,0,2048,0,488720,42405888,93323264
1743619428.002234,600855,21068467,0,131892268,123166308,123295060,0,1103720,0,236664,5423496,145980,4598000,90684,825496,1048576,1048576,0,0,0,0,5605896,518136,187236,106664,716348,106664,609684,27872,44424,0,0,0,65946132,8548992,34359738367,536984,0,62720,0,1126400,0,0,0,0,0,0,0,0,2048,0,488720,42405888,93323264
1743619429.001325,600855,21068467,0,131892268,123166308,123295060,0,1103720,0,236664,5423496,145980,4598000,90684,825496,1048576,1048576,0,0,0,0,5605896,518136,187236,106664,716348,106664,609684,27872,44424,0,0,0,65946132,8548992,34359738367,536984,0,62720,0,1126400,0,0,0,0,0,0,0,0,2048,0,488720,42405888,93323264
1743619430.001687,600855,21068467,0,131892268,123166308,123295060,0,1103720,0,236664,5423496,145980,4598000,90684,825496,1048576,1048576,0,0,0,0,5605896,518136,187236,106664,716348,106664,609684,27872,44424,0,0,0,65946132,8548992,34359738367,536984,0,62720,0,1126400,0,0,0,0,0,0,0,0,2048,0,488720,42405888,93323264
1743619431.001433,600855,21068467,0,131892268,123166300,123295052,0,1103720,0,236664,5423496,145980,4598000,90684,825496,1048576,1048576,0,0,0,0,5605896,518136,187236,106664,716356,106664,609692,27872,44424,0,0,0,65946132,8548992,34359738367,536984,0,62720,0,1126400,0,0,0,0,0,0,0,0,2048,0,488720,42405888,93323264
1743619432.001561,600855,21068467,0,131892268,123166300,123295052,0,1103720,0,236664,5423496,145980,4598000,90684,825496,1048576,1048576,0,0,0,0,5605896,518136,187236,106664,716356,106664,609692,27872,44424,0,0,0,65946132,8548992,34359738367,536984,0,62720,0,1126400,0,0,0,0,0,0,0,0,2048,0,488720,42405888,93323264
1743619433.002119,600855,21068467,0,131892268,123166300,123295052,0,1103720,0,236664,5423496,145980,4598000,90684,825496,1048576,1048576,0,0,0,0,5605896,518136,187236,106664,716356,106664,609692,27872,44424,0,0,0,65946132,8548992,34359738367,536984,0,62720,0,1126400,0,0,0,0,0,0,0,0,2048,0,488720,42405888,93323264
1743619434.001242,600855,21068467,0,131892268,123166300,123295052,0,1103720,0,236664,5423496,145980,4598000,90684,825496,1048576,1048576,0,0,0,0,5605896,518136,187236,106664,716356,106664,609692,27872,44424,0,0,0,65946132,8548992,34359738367,536984,0,62720,0,1126400,0,0,0,0,0,0,0,0,2048,0,488720,42405888,93323264
1743619435.001838,600855,21068467,0,131892268,123166300,123295052,0,1103720,0,236664,5423496,145980,4598000,90684,825496,1048576,1048576,0,0,0,0,5605896,518136,187236,106664,716356,106664,609692,27872,44424,0,0,0,65946132,8548992,34359738367,536984,0,62720,0,1126400,0,0,0,0,0,0,0,0,2048,0,488720,42405888,93323264
1743619436.001915,600855,21068467,0,131892268,123166300,123295052,0,1103720,0,236664,5423496,145980,4598000,90684,825496,1048576,1048576,0,0,0,0,5605896,518136,187236,106664,716356,106664,609692,27872,44424,0,0,0,65946132,8548992,34359738367,536984,0,62720,0,1126400,0,0,0,0,0,0,0,0,2048,0,488720,42405888,93323264
1743619437.001476,600855,21068467,0,131892268,123166300,123295052,0,1103720,0,236664,5423496,145980,4598000,90684,825496,1048576,1048576,0,0,0,0,5605896,518136,187236,106664,716356,106664,609692,27872,44424,0,0,0,65946132,8548992,34359738367,536984,0,62720,0,1126400,0,0,0,0,0,0,0,0,2048,0,488720,42405888,93323264
1743619438.001599,600855,21068467,0,131892268,123166292,123295044,0,1103720,0,236664,5423496,145980,4598000,90684,825496,1048576,1048576,0,0,0,0,5605896,518136,187236,106664,716364,106664,609700,27872,44424,0,0,0,65946132,8548992,34359738367,536984,0,62720,0,1126400,0,0,0,0,0,0,0,0,2048,0,488720,42405888,93323264
1743619439.002152,600855,21068467,0,131892268,123166292,123295044,0,1103720,0,236664,5423496,145980,4598000,90684,825496,1048576,1048576,0,0,0,0,5605896,518136,187236,106664,716364,106664,609700,27872,44424,0,0,0,65946132,8548992,34359738367,536984,0,62720,0,1126400,0,0,0,0,0,0,0,0,2048,0,488720,42405888,93323264
1743619440.001275,600855,21068467,0,131892268,123166292,123295044,0,1103720,0,236664,5423496,145980,4598000,90684,825496,1048576,1048576,0,0,0,0,5605896,518136,187236,106664,716364,106664,609700,27872,44424,0,0,0,65946132,8548992,34359738367,536984,0,62720,0,1126400,0,0,0,0,0,0,0,0,2048,0,488720,42405888,93323264
1743619441.001989,600855,21068467,0,131892268,123166292,123295044,0,1103720,0,236664,5423496,145980,4598000,90684,825496,1048576,1048576,0,0,0,0,5605896,518136,187236,106664,716364,106664,609700,27872,44424,0,0,0,65946132,8548992,34359738367,536984,0,62720,0,1126400,0,0,0,0,0,0,0,0,2048,0,488720,42405888,93323264
1743619442.001393,600855,21068467,0,131892268,123166292,123295044,0,1103720,0,236664,5423496,145980,4598000,90684,825496,1048576,1048576,0,0,0,0,5605896,518136,187236,106664,716364,106664,609700,27872,44424,0,0,0,65946132,8548992,34359738367,536984,0,62720,0,1126400,0,0,0,0,0,0,0,0,2048,0,488720,42405888,93323264
1743619443.001462,600855,21068467,0,131892268,123166292,123295044,0,1103720,0,236664,5423496,145980,4598000,90684,825496,1048576,1048576,0,0,0,0,5605896,518136,187236,106664,716364,106664,609700,27872,44424,0,0,0,65946132,8548992,34359738367,536984,0,62720,0,1126400,0,0,0,0,0,0,0,0,2048,0,488720,42405888,93323264
1743619444.001839,600855,21068467,0,131892268,123166292,123295044,0,1103720,0,236664,5423496,145980,4598000,90684,825496,1048576,1048576,0,0,0,0,5605896,518136,187236,106664,716364,106664,609700,27872,44424,0,0,0,65946132,8548992,34359738367,536984,0,62720,0,1126400,0,0,0,0,0,0,0,0,2048,0,488720,42405888,93323264
1743619445.002261,600855,21068467,0,131892268,123166292,123295044,0,1103720,0,236664,5423496,145980,4598000,90684,825496,1048576,1048576,0,0,0,0,5605896,518136,187236,106664,716364,106664,609700,27872,44424,0,0,0,65946132,8548992,34359738367,536984,0,62720,0,1126400,0,0,0,0,0,0,0,0,2048,0,488720,42405888,93323264
1743619446.001385,600855,21068467,0,131892268,123166292,123295044,0,1103720,0,236664,5423496,145980,4598000,90684,825496,1048576,1048576,0,0,0,0,5605896,518136,187236,106664,716364,106664,609700,27872,44424,0,0,0,65946132,8548992,34359738367,536984,0,62720,0,1126400,0,0,0,0,0,0,0,0,2048,0,488720,42405888,93323264
1743619447.000772,600855,21068467,0,131892268,123138376,123277600,0,1113328,0,242076,5440956,146004,4611240,96072,829716,1048576,1048576,0,0,0,0,5619616,521384,187236,108392,718040,108392,609648,28608,47168,0,0,0,65946132,8558324,34359738367,537608,0,62720,0,1126400,0,0,0,0,0,0,0,0,2048,0,488720,42405888,93323264
1743619448.001920,600855,21068467,0,131892268,123144108,123287708,0,1117224,0,245360,5430164,146032,4599792,99328,830372,1048576,1048576,0,0,0,0,5607620,518168,187236,109320,719168,109320,609848,27856,44516,0,0,0,65946132,8575444,34359738367,537224,0,62720,0,1126400,0,0,0,0,0,0,0,0,2048,0,488720,42405888,93323264
1743619449.001991,600855,21068467,0,131892268,123139640,123286184,0,1120276,0,246628,5433576,146052,4601908,100576,831668,1048576,1048576,0,0,0,0,5609464,521160,187240,110120,720136,110120,610016,27904,44596,0,0,0,65946132,8587196,34359738367,537128,0,62720,0,1126400,0,0,0,0,0,0,0,0,2048,0,488720,42405888,93323264
1743619450.001403,600855,21068467,0,131892268,123142528,123290552,0,1121232,0,246684,5431392,146040,4598328,100644,833064,1048576,1048576,0,0,0,0,5605904,518136,187236,110152,720196,110152,610044,27840,44424,0,0,0,65946132,8579848,34359738367,537112,0,62720,0,1126400,0,0,0,0,0,0,0,0,2048,0,488720,42405888,93323264
1743619451.001560,600855,21068467,0,131892268,123142648,123290672,0,1121232,0,246684,5431392,146040,4598328,100644,833064,1048576,1048576,0,0,0,0,5605904,518136,187236,110152,720196,110152,610044,27840,44424,0,0,0,65946132,8579848,34359738367,537112,0,62720,0,1126400,0,0,0,0,0,0,0,0,2048,0,488720,42405888,93323264
1743619452.001639,600855,21068467,0,131892268,123142732,123290756,0,1121232,0,246684,5431392,146040,4598328,100644,833064,1048576,1048576,0,0,0,0,5605904,518136,187236,110152,720196,110152,610044,27840,44424,0,0,0,65946132,8579848,34359738367,537112,0,62720,0,1126400,0,0,0,0,0,0,0,0,2048,0,488720,42405888,93323264
1743619453.002133,600855,21068467,0,131892268,123142748,123290772,0,1121232,0,246684,5431392,146040,4598328,100644,833064,1048576,1048576,0,0,0,0,5605904,518136,187236,110152,720196,110152,610044,27840,44424,0,0,0,65946132,8579848,34359738367,537112,0,62720,0,1126400,0,0,0,0,0,0,0,0,2048,0,488720,42405888,93323264
1743619454.001221,600855,21068467,0,131892268,123142804,123290828,0,1121232,0,246684,5431392,146040,4598328,100644,833064,1048576,1048576,0,0,0,0,5605904,518136,187236,110152,720196,110152,610044,27840,44424,0,0,0,65946132,8579848,34359738367,537112,0,62720,0,1126400,0,0,0,0,0,0,0,0,2048,0,488720,42405888,93323264
1743619455.001746,600855,21068467,0,131892268,123142804,123290828,0,1121232,0,246684,5431392,146040,4598328,100644,833064,1048576,1048576,0,0,0,0,5605904,518136,187236,110152,720196,110152,610044,27840,44424,0,0,0,65946132,8579848,34359738367,537112,0,62720,0,1126400,0,0,0,0,0,0,0,0,2048,0,488720,42405888,93323264
1743619456.001881,600855,21068467,0,131892268,123142812,123290836,0,1121232,0,246684,5431392,146040,4598328,100644,833064,1048576,1048576,0,0,0,0,5605904,518136,187236,110152,720196,110152,610044,27840,44424,0,0,0,65946132,8579848,34359738367,537112,0,62720,0,1126400,0,0,0,0,0,0,0,0,2048,0,488720,42405888,93323264
1743619457.001421,600855,21068467,0,131892268,123142812,123290836,0,1121232,0,246684,5431392,146040,4598328,100644,833064,1048576,1048576,0,0,0,0,5605904,518136,187236,110152,720196,110152,610044,27840,44424,0,0,0,65946132,8579848,34359738367,537112,0,62720,0,1126400,0,0,0,0,0,0,0,0,2048,0,488720,42405888,93323264
1743619458.001544,600855,21068467,0,131892268,123142840,123290864,0,1121232,0,246684,5431392,146040,4598328,100644,833064,1048576,1048576,0,0,0,0,5605904,518136,187236,110152,720196,110152,610044,27840,44424,0,0,0,65946132,8579848,34359738367,537112,0,62720,0,1126400,0,0,0,0,0,0,0,0,2048,0,488720,42405888,93323264
1743619459.002073,600855,21068467,0,131892268,123142840,123290864,0,1121232,0,246684,5431392,146040,4598328,100644,833064,1048576,1048576,0,0,0,0,5605904,518136,187236,110152,720196,110152,610044,27840,44424,0,0,0,65946132,8579848,34359738367,537112,0,62720,0,1126400,0,0,0,0,0,0,0,0,2048,0,488720,42405888,93323264
1743619460.001197,600855,21068467,0,131892268,123142840,123290864,0,1121232,0,246684,5431392,146040,4598328,100644,833064,1048576,1048576,0,0,0,0,5605904,518136,187236,110152,720196,110152,610044,27840,44424,0,0,0,65946132,8579848,34359738367,537112,0,62720,0,1126400,0,0,0,0,0,0,0,0,2048,0,488720,42405888,93323264
1743619461.001266,600855,21068467,0,131892268,123142952,123290976,0,1121232,0,246684,5431392,146040,4598328,100644,833064,1048576,1048576,0,0,0,0,5605904,518136,187236,110152,720196,110152,610044,27840,44424,0,0,0,65946132,8579848,34359738367,537112,0,62720,0,1126400,0,0,0,0,0,0,0,0,2048,0,488720,42405888,93323264
1743619462.001740,600855,21068467,0,131892268,123143008,123291032,0,1121232,0,246684,5431392,146040,4598328,100644,833064,1048576,1048576,0,0,0,0,5605904,518136,187236,110152,720196,110152,610044,27840,44424,0,0,0,65946132,8579848,34359738367,537112,0,62720,0,1126400,0,0,0,0,0,0,0,0,2048,0,488720,42405888,93323264
1743619463.001866,600855,21068467,0,131892268,123143000,123291024,0,1121232,0,246684,5431388,146040,4598324,100644,833064,1048576,1048576,0,0,0,0,5605904,518136,187236,110152,720204,110152,610052,27840,44424,0,0,0,65946132,8579848,34359738367,537112,0,62720,0,1126400,0,0,0,0,0,0,0,0,2048,0,488720,42405888,93323264
1743619464.001235,600855,21068467,0,131892268,123143028,123291052,0,1121232,0,246684,5431388,146040,4598324,100644,833064,1048576,1048576,0,0,0,0,5605904,518136,187236,110152,720204,110152,610052,27840,44424,0,0,0,65946132,8579848,34359738367,537112,0,62720,0,1126400,0,0,0,0,0,0,0,0,2048,0,488720,42405888,93323264
1743619465.001723,600855,21068467,0,131892268,123143020,123291044,0,1121232,0,246684,5431388,146040,4598324,100644,833064,1048576,1048576,0,0,0,0,5605904,518136,187236,110152,720212,110152,610060,27840,44424,0,0,0,65946132,8579848,34359738367,537112,0,62720,0,1126400,0,0,0,0,0,0,0,0,2048,0,488720,42405888,93323264
1743619466.001841,600855,21068467,0,131892268,123143020,123291044,0,1121232,0,246684,5431388,146040,4598324,100644,833064,1048576,1048576,0,0,0,0,5605904,518136,187236,110152,720212,110152,610060,27840,44424,0,0,0,65946132,8579848,34359738367,537112,0,62720,0,1126400,0,0,0,0,0,0,0,0,2048,0,488720,42405888,93323264
1743619467.001243,600855,21068467,0,131892268,123143020,123291044,0,1121232,0,246684,5431388,146040,4598324,100644,833064,1048576,1048576,0,0,0,0,5605904,518136,187236,110152,720212,110152,610060,27840,44424,0,0,0,65946132,8579848,34359738367,537112,0,62720,0,1126400,0,0,0,0,0,0,0,0,2048,0,488720,42405888,93323264
1743619468.001731,600855,21068467,0,131892268,123143048,123291072,0,1121232,0,246684,5431388,146040,4598324,100644,833064,1048576,1048576,0,0,0,0,5605904,518136,187236,110152,720212,110152,610060,27840,44424,0,0,0,65946132,8579848,34359738367,537112,0,62720,0,1126400,0,0,0,0,0,0,0,0,2048,0,488720,42405888,93323264
1743619469.001799,600855,21068467,0,131892268,123143048,123291072,0,1121232,0,246684,5431388,146040,4598324,100644,833064,1048576,1048576,0,0,0,0,5605904,518136,187236,110152,720212,110152,610060,27840,44424,0,0,0,65946132,8579848,34359738367,537112,0,62720,0,1126400,0,0,0,0,0,0,0,0,2048,0,488720,42405888,93323264
1743619470.002130,600855,21068467,0,131892268,123143132,123291156,0,1121232,0,246684,5431388,146040,4598324,100644,833064,1048576,1048576,0,0,0,0,5605904,518136,187236,110152,720212,110152,610060,27840,44424,0,0,0,65946132,8579848,34359738367,537112,0,62720,0,1126400,0,0,0,0,0,0,0,0,2048,0,488720,42405888,93323264
1743619471.001660,600855,21068467,0,131892268,123143132,123291156,0,1121232,0,246684,5431388,146040,4598324,100644,833064,1048576,1048576,0,0,0,0,5605904,518136,187236,110152,720212,110152,610060,27840,44424,0,0,0,65946132,8579848,34359738367,537112,0,62720,0,1126400,0,0,0,0,0,0,0,0,2048,0,488720,42405888,93323264
1743619472.001729,600855,21068467,0,131892268,123143132,123291156,0,1121232,0,246684,5431388,146040,4598324,100644,833064,1048576,1048576,0,0,0,0,5605904,518136,187236,110152,720212,110152,610060,27840,44424,0,0,0,65946132,8579848,34359738367,537112,0,62720,0,1126400,0,0,0,0,0,0,0,0,2048,0,488720,42405888,93323264
1743619473.002188,600855,21068467,0,131892268,123143132,123291156,0,1121232,0,246684,5431388,146040,4598324,100644,833064,1048576,1048576,0,0,0,0,5605904,518136,187236,110152,720212,110152,610060,27840,44424,0,0,0,65946132,8579848,34359738367,537112,0,62720,0,1126400,0,0,0,0,0,0,0,0,2048,0,488720,42405888,93323264
1743619474.001308,600855,21068467,0,131892268,123143132,123291156,0,1121232,0,246684,5431388,146040,4598324,100644,833064,1048576,1048576,0,0,0,0,5605904,518136,187236,110152,720212,110152,610060,27840,44424,0,0,0,65946132,8579848,34359738367,537112,0,62720,0,1126400,0,0,0,0,0,0,0,0,2048,0,488720,42405888,93323264
1743619475.001860,600855,21068467,0,131892268,123143140,123291164,0,1121232,0,246684,5431388,146040,4598324,100644,833064,1048576,1048576,0,0,0,0,5605904,518136,187236,110152,720212,110152,610060,27840,44424,0,0,0,65946132,8579848,34359738367,537112,0,62720,0,1126400,0,0,0,0,0,0,0,0,2048,0,488720,42405888,93323264
1743619476.001927,600855,21068467,0,131892268,123143140,123291164,0,1121232,0,246684,5431388,146040,4598324,100644,833064,1048576,1048576,0,0,0,0,5605904,518136,187236,110152,720212,110152,610060,27840,44424,0,0,0,65946132,8579848,34359738367,537112,0,62720,0,1126400,0,0,0,0,0,0,0,0,2048,0,488720,42405888,93323264
1743619477.001478,600855,21068467,0,131892268,123143140,123291164,0,1121232,0,246684,5431388,146040,4598324,100644,833064,1048576,1048576,0,0,0,0,5605904,518136,187236,110152,720212,110152,610060,27840,44424,0,0,0,65946132,8579848,34359738367,537112,0,62720,0,1126400,0,0,0,0,0,0,0,0,2048,0,488720,42405888,93323264
1743619478.001595,600855,21068467,0,131892268,123143140,123291164,0,1121232,0,246684,5431388,146040,4598324,100644,833064,1048576,1048576,0,0,0,0,5605904,518136,187236,110152,720212,110152,610060,27840,44424,0,0,0,65946132,8579848,34359738367,537112,0,62720,0,1126400,0,0,0,0,0,0,0,0,2048,0,488720,42405888,93323264
1743619479.002063,600855,21068467,0,131892268,123143140,123291164,0,1121232,0,246684,5431388,146040,4598324,100644,833064,1048576,1048576,0,0,0,0,5605904,518136,187236,110152,720212,110152,610060,27840,44424,0,0,0,65946132,8579848,34359738367,537112,0,62720,0,1126400,0,0,0,0,0,0,0,0,2048,0,488720,42405888,93323264
1743619480.001187,600855,21068467,0,131892268,123143140,123291164,0,1121232,0,246684,5431388,146040,4598324,100644,833064,1048576,1048576,0,0,0,0,5605904,518136,187236,110152,720212,110152,610060,27840,44424,0,0,0,65946132,8579848,34359738367,537112,0,62720,0,1126400,0,0,0,0,0,0,0,0,2048,0,488720,42405888,93323264
1743619481.001793,600855,21068467,0,131892268,123143140,123291164,0,1121232,0,246684,5431388,146040,4598324,100644,833064,1048576,1048576,0,0,0,0,5605904,518136,187236,110152,720212,110152,610060,27840,44424,0,0,0,65946132,8579848,34359738367,537112,0,62720,0,1126400,0,0,0,0,0,0,0,0,2048,0,488720,42405888,93323264
1743619482.002223,600855,21068467,0,131892268,123143140,123291164,0,1121232,0,246684,5431388,146040,4598324,100644,833064,1048576,1048576,0,0,0,0,5605904,518136,187236,110152,720212,110152,610060,27840,44424,0,0,0,65946132,8579848,34359738367,537112,0,62720,0,1126400,0,0,0,0,0,0,0,0,2048,0,488720,42405888,93323264
1743619483.001316,600855,21068467,0,131892268,123143140,123291164,0,1121232,0,246684,5431388,146040,4598324,100644,833064,1048576,1048576,0,0,0,0,5605904,518136,187236,110152,720212,110152,610060,27840,44424,0,0,0,65946132,8579848,34359738367,537112,0,62720,0,1126400,0,0,0,0,0,0,0,0,2048,0,488720,42405888,93323264
1743619484.001686,600855,21068467,0,131892268,123143140,123291164,0,1121232,0,246684,5431388,146040,4598324,100644,833064,1048576,1048576,0,0,0,0,5605904,518136,187236,110152,720212,110152,610060,27840,44424,0,0,0,65946132,8579848,34359738367,537112,0,62720,0,1126400,0,0,0,0,0,0,0,0,2048,0,488720,42405888,93323264
1743619485.002064,600855,21068467,0,131892268,123143140,123291164,0,1121232,0,246684,5431388,146040,4598324,100644,833064,1048576,1048576,0,0,0,0,5605904,518136,187236,110152,720212,110152,610060,27840,44424,0,0,0,65946132,8579848,34359738367,537112,0,62720,0,1126400,0,0,0,0,0,0,0,0,2048,0,488720,42405888,93323264
1743619486.001190,600855,21068467,0,131892268,123143140,123291164,0,1121232,0,246684,5431388,146040,4598324,100644,833064,1048576,1048576,0,0,0,0,5605904,518136,187236,110152,720212,110152,610060,27840,44424,0,0,0,65946132,8579848,34359738367,537112,0,62720,0,1126400,0,0,0,0,0,0,0,0,2048,0,488720,42405888,93323264
1743619487.001596,600855,21068467,0,131892268,123143140,123291164,0,1121232,0,246684,5431388,146040,4598324,100644,833064,1048576,1048576,0,0,0,0,5605904,518136,187236,110152,720212,110152,610060,27840,44424,0,0,0,65946132,8579848,34359738367,537112,0,62720,0,1126400,0,0,0,0,0,0,0,0,2048,0,488720,42405888,93323264
1743619488.002090,600855,21068467,0,131892268,123143140,123291164,0,1121232,0,246684,5431388,146040,4598324,100644,833064,1048576,1048576,0,0,0,0,5605904,518136,187236,110152,720212,110152,610060,27840,44424,0,0,0,65946132,8579848,34359738367,537112,0,62720,0,1126400,0,0,0,0,0,0,0,0,2048,0,488720,42405888,93323264
1743619489.001215,600855,21068467,0,131892268,123143140,123291164,0,1121232,0,246684,5431388,146040,4598324,100644,833064,1048576,1048576,0,0,0,0,5605904,518136,187236,110152,720212,110152,610060,27840,44424,0,0,0,65946132,8579848,34359738367,537112,0,62720,0,1126400,0,0,0,0,0,0,0,0,2048,0,488720,42405888,93323264
1743619490.001652,600855,21068467,0,131892268,123143140,123291164,0,1121232,0,246684,5431388,146040,4598324,100644,833064,1048576,1048576,0,0,0,0,5605904,518136,187236,110152,720212,110152,610060,27840,44424,0,0,0,65946132,8579848,34359738367,537112,0,62720,0,1126400,0,0,0,0,0,0,0,0,2048,0,488720,42405888,93323264
1743619491.002264,600855,21068467,0,131892268,123143140,123291164,0,1121232,0,246684,5431388,146040,4598324,100644,833064,1048576,1048576,0,0,0,0,5605904,518136,187236,110152,720212,110152,610060,27840,44424,0,0,0,65946132,8579848,34359738367,537112,0,62720,0,1126400,0,0,0,0,0,0,0,0,2048,0,488720,42405888,93323264
1743619492.001384,600855,21068467,0,131892268,123143140,123291164,0,1121232,0,246684,5431388,146040,4598324,100644,833064,1048576,1048576,0,0,0,0,5605904,518136,187236,110152,720212,110152,610060,27840,44424,0,0,0,65946132,8579848,34359738367,537112,0,62720,0,1126400,0,0,0,0,0,0,0,0,2048,0,488720,42405888,93323264
1743619493.001851,600855,21068467,0,131892268,123143140,123291164,0,1121232,0,246684,5431388,146040,4598324,100644,833064,1048576,1048576,0,0,0,0,5605904,518136,187236,110152,720212,110152,610060,27840,44424,0,0,0,65946132,8579848,34359738367,537112,0,62720,0,1126400,0,0,0,0,0,0,0,0,2048,0,488720,42405888,93323264
1743619494.001922,600855,21068467,0,131892268,123143168,123291192,0,1121232,0,246684,5431388,146040,4598324,100644,833064,1048576,1048576,0,0,0,0,5605904,518136,187236,110152,720212,110152,610060,27840,44424,0,0,0,65946132,8579848,34359738367,537112,0,62720,0,1126400,0,0,0,0,0,0,0,0,2048,0,488720,42405888,93323264
1743619495.001476,600855,21068467,0,131892268,123143168,123291192,0,1121232,0,246684,5431388,146040,4598324,100644,833064,1048576,1048576,0,0,0,0,5605904,518136,187236,110152,720212,110152,610060,27840,44424,0,0,0,65946132,8579848,34359738367,537112,0,62720,0,1126400,0,0,0,0,0,0,0,0,2048,0,488720,42405888,93323264
1743619496.001575,600855,21068467,0,131892268,123143168,123291192,0,1121232,0,246684,5431388,146040,4598324,100644,833064,1048576,1048576,0,0,0,0,5605904,518136,187236,110152,720212,110152,610060,27840,44424,0,0,0,65946132,8579848,34359738367,537112,0,62720,0,1126400,0,0,0,0,0,0,0,0,2048,0,488720,42405888,93323264
1743619497.002047,600855,21068467,0,131892268,123143168,123291192,0,1121232,0,246684,5431388,146040,4598324,100644,833064,1048576,1048576,0,0,0,0,5605904,518136,187236,110152,720212,110152,610060,27840,44424,0,0,0,65946132,8579848,34359738367,537112,0,62720,0,1126400,0,0,0,0,0,0,0,0,2048,0,488720,42405888,93323264
1743619498.001127,600855,21068467,0,131892268,123143168,123291192,0,1121232,0,246684,5431388,146040,4598324,100644,833064,1048576,1048576,0,0,0,0,5605904,518136,187236,110152,720212,110152,610060,27840,44424,0,0,0,65946132,8579848,34359738367,537112,0,62720,0,1126400,0,0,0,0,0,0,0,0,2048,0,488720,42405888,93323264
1743619499.001668,600855,21068467,0,131892268,123143168,123291192,0,1121232,0,246684,5431388,146040,4598324,100644,833064,1048576,1048576,0,0,0,0,5605904,518136,187236,110152,720212,110152,610060,27840,44424,0,0,0,65946132,8579848,34359738367,537112,0,62720,0,1126400,0,0,0,0,0,0,0,0,2048,0,488720,42405888,93323264
1743619500.001734,600855,21068467,0,131892268,123143168,123291192,0,1121232,0,246684,5431388,146040,4598324,100644,833064,1048576,1048576,0,0,0,0,5605904,518136,187236,110152,720212,110152,610060,27840,44424,0,0,0,65946132,8579848,34359738367,537112,0,62720,0,1126400,0,0,0,0,0,0,0,0,2048,0,488720,42405888,93323264
1743619501.001235,600855,21068467,0,131892268,123143176,123291200,0,1121232,0,246684,5431388,146040,4598324,100644,833064,1048576,1048576,0,0,0,0,5605904,518136,187236,110152,720212,110152,610060,27840,44424,0,0,0,65946132,8579848,34359738367,537112,0,62720,0,1126400,0,0,0,0,0,0,0,0,2048,0,488720,42405888,93323264
1743619502.001736,600855,21068467,0,131892268,123143204,123291228,0,1121232,0,246684,5431388,146040,4598324,100644,833064,1048576,1048576,0,0,0,0,5605904,518136,187236,110152,720212,110152,610060,27840,44424,0,0,0,65946132,8579848,34359738367,537112,0,62720,0,1126400,0,0,0,0,0,0,0,0,2048,0,488720,42405888,93323264
1743619503.001860,600855,21068467,0,131892268,123143204,123291228,0,1121232,0,246684,5431388,146040,4598324,100644,833064,1048576,1048576,0,0,0,0,5605904,518136,187236,110152,720212,110152,610060,27840,44424,0,0,0,65946132,8579848,34359738367,537112,0,62720,0,1126400,0,0,0,0,0,0,0,0,2048,0,488720,42405888,93323264
1743619504.001310,600855,21068467,0,131892268,123143204,123291228,0,1121232,0,246684,5431388,146040,4598324,100644,833064,1048576,1048576,0,0,0,0,5605904,518136,187236,110152,720212,110152,610060,27840,44424,0,0,0,65946132,8579848,34359738367,537112,0,62720,0,1126400,0,0,0,0,0,0,0,0,2048,0,488720,42405888,93323264
1743619505.001835,600855,21068467,0,131892268,123143212,123291236,0,1121232,0,246684,5431388,146040,4598324,100644,833064,1048576,1048576,0,0,0,0,5605904,518136,187236,110152,720212,110152,610060,27840,44424,0,0,0,65946132,8579848,34359738367,537112,0,62720,0,1126400,0,0,0,0,0,0,0,0,2048,0,488720,42405888,93323264
1743619506.001954,600855,21068467,0,131892268,123143212,123291236,0,1121232,0,246684,5431388,146040,4598324,100644,833064,1048576,1048576,0,0,0,0,5605904,518136,187236,110152,720212,110152,610060,27840,44424,0,0,0,65946132,8579848,34359738367,537112,0,62720,0,1126400,0,0,0,0,0,0,0,0,2048,0,488720,42405888,93323264
1743619507.001375,600855,21068467,0,131892268,123143212,123291236,0,1121232,0,246684,5431388,146040,4598324,100644,833064,1048576,1048576,0,0,0,0,5605904,518136,187236,110152,720212,110152,610060,27840,44424,0,0,0,65946132,8579848,34359738367,537112,0,62720,0,1126400,0,0,0,0,0,0,0,0,2048,0,488720,42405888,93323264
1743619508.001856,600855,21068467,0,131892268,123143212,123291236,0,1121232,0,246684,5431388,146040,4598324,100644,833064,1048576,1048576,0,0,0,0,5605904,518136,187236,110152,720212,110152,610060,27840,44424,0,0,0,65946132,8579848,34359738367,537112,0,62720,0,1126400,0,0,0,0,0,0,0,0,2048,0,488720,42405888,93323264
1743619509.001981,600855,21068467,0,131892268,123143212,123291236,0,1121232,0,246684,5431388,146040,4598324,100644,833064,1048576,1048576,0,0,0,0,5605904,518136,187236,110152,720212,110152,610060,27840,44424,0,0,0,65946132,8579848,34359738367,537112,0,62720,0,1126400,0,0,0,0,0,0,0,0,2048,0,488720,42405888,93323264
1743619510.001394,600855,21068467,0,131892268,123143212,123291236,0,1121232,0,246684,5431388,146040,4598324,100644,833064,1048576,1048576,0,0,0,0,5605904,518136,187236,110152,720212,110152,610060,27840,44424,0,0,0,65946132,8579848,34359738367,537112,0,62720,0,1126400,0,0,0,0,0,0,0,0,2048,0,488720,42405888,93323264
1743619511.001379,600855,21068467,0,131892268,123143212,123291236,0,1121232,0,246684,5431388,146040,4598324,100644,833064,1048576,1048576,0,0,0,0,5605904,518136,187236,110152,720212,110152,610060,27840,44424,0,0,0,65946132,8579848,34359738367,537112,0,62720,0,1126400,0,0,0,0,0,0,0,0,2048,0,488720,42405888,93323264
1743619512.001449,600855,21068467,0,131892268,123143212,123291236,0,1121232,0,246684,5431388,146040,4598324,100644,833064,1048576,1048576,0,0,0,0,5605904,518136,187236,110152,720212,110152,610060,27840,44424,0,0,0,65946132,8579848,34359738367,537112,0,62720,0,1126400,0,0,0,0,0,0,0,0,2048,0,488720,42405888,93323264
1743619513.001984,600855,21068467,0,131892268,123143212,123291236,0,1121232,0,246684,5431388,146040,4598324,100644,833064,1048576,1048576,0,0,0,0,5605904,518136,187236,110152,720212,110152,610060,27840,44424,0,0,0,65946132,8579848,34359738367,537112,0,62720,0,1126400,0,0,0,0,0,0,0,0,2048,0,488720,42405888,93323264
1743619514.002071,600855,21068467,0,131892268,123143212,123291236,0,1121232,0,246684,5431388,146040,4598324,100644,833064,1048576,1048576,0,0,0,0,5605904,518136,187236,110152,720212,110152,610060,27840,44424,0,0,0,65946132,8579848,34359738367,537112,0,62720,0,1126400,0,0,0,0,0,0,0,0,2048,0,488720,42405888,93323264
1743619515.001616,600855,21068467,0,131892268,123143212,123291236,0,1121232,0,246684,5431388,146040,4598324,100644,833064,1048576,1048576,0,0,0,0,5605904,518136,187236,110152,720212,110152,610060,27840,44424,0,0,0,65946132,8579848,34359738367,537112,0,62720,0,1126400,0,0,0,0,0,0,0,0,2048,0,488720,42405888,93323264
1743619516.001740,600855,21068467,0,131892268,123143212,123291236,0,1121232,0,246684,5431388,146040,4598324,100644,833064,1048576,1048576,0,0,0,0,5605904,518136,187236,110152,720212,110152,610060,27840,44424,0,0,0,65946132,8579848,34359738367,537112,0,62720,0,1126400,0,0,0,0,0,0,0,0,2048,0,488720,42405888,93323264
1743619517.002272,600855,21068467,0,131892268,123143212,123291236,0,1121232,0,246684,5431388,146040,4598324,100644,833064,1048576,1048576,0,0,0,0,5605904,518136,187236,110152,720212,110152,610060,27840,44424,0,0,0,65946132,8579848,34359738367,537112,0,62720,0,1126400,0,0,0,0,0,0,0,0,2048,0,488720,42405888,93323264
1743619518.001395,600855,21068467,0,131892268,123143212,123291236,0,1121232,0,246684,5431388,146040,4598324,100644,833064,1048576,1048576,0,0,0,0,5605904,518136,187236,110152,720212,110152,610060,27840,44424,0,0,0,65946132,8579848,34359738367,537112,0,62720,0,1126400,0,0,0,0,0,0,0,0,2048,0,488720,42405888,93323264
1743619519.002000,600855,21068467,0,131892268,123143240,123291264,0,1121232,0,246684,5431388,146040,4598324,100644,833064,1048576,1048576,0,0,0,0,5605904,518136,187236,110152,720212,110152,610060,27840,44424,0,0,0,65946132,8579848,34359738367,537112,0,62720,0,1126400,0,0,0,0,0,0,0,0,2048,0,488720,42405888,93323264
1743619520.001124,600855,21068467,0,131892268,123143240,123291264,0,1121232,0,246684,5431388,146040,4598324,100644,833064,1048576,1048576,0,0,0,0,5605904,518136,187236,110152,720212,110152,610060,27840,44424,0,0,0,65946132,8579848,34359738367,537112,0,62720,0,1126400,0,0,0,0,0,0,0,0,2048,0,488720,42405888,93323264
1743619521.001938,600855,21068467,0,131892268,123143240,123291264,0,1121232,0,246684,5431388,146040,4598324,100644,833064,1048576,1048576,0,0,0,0,5605904,518136,187236,110152,720212,110152,610060,27840,44424,0,0,0,65946132,8579848,34359738367,537112,0,62720,0,1126400,0,0,0,0,0,0,0,0,2048,0,488720,42405888,93323264
1743619522.001441,600855,21068467,0,131892268,123143240,123291264,0,1121232,0,246684,5431388,146040,4598324,100644,833064,1048576,1048576,0,0,0,0,5605904,518136,187236,110152,720212,110152,610060,27840,44424,0,0,0,65946132,8579848,34359738367,537112,0,62720,0,1126400,0,0,0,0,0,0,0,0,2048,0,488720,42405888,93323264
1743619523.001564,600855,21068467,0,131892268,123143212,123291260,0,1121232,0,246696,5431404,146040,4598328,100656,833076,1048576,1048576,0,0,0,0,5605904,518136,187236,110152,720212,110152,610060,27840,44424,0,0,0,65946132,8579848,34359738367,537112,0,62720,0,1126400,0,0,0,0,0,0,0,0,2048,0,488720,42405888,93323264
1743619524.001949,600855,21068467,0,131892268,123143212,123291260,0,1121232,0,246696,5431404,146040,4598328,100656,833076,1048576,1048576,0,0,0,0,5605904,518136,187236,110152,720212,110152,610060,27840,44424,0,0,0,65946132,8579848,34359738367,537112,0,62720,0,1126400,0,0,0,0,0,0,0,0,2048,0,488720,42405888,93323264
1743619525.001454,600855,21068467,0,131892268,123143212,123291260,0,1121232,0,246696,5431404,146040,4598328,100656,833076,1048576,1048576,0,0,0,0,5605904,518136,187236,110152,720212,110152,610060,27840,44424,0,0,0,65946132,8579848,34359738367,537112,0,62720,0,1126400,0,0,0,0,0,0,0,0,2048,0,488720,42405888,93323264
1743619526.001528,600855,21068467,0,131892268,123143212,123291260,0,1121232,0,246696,5431404,146040,4598328,100656,833076,1048576,1048576,0,0,0,0,5605904,518136,187236,110152,720212,110152,610060,27840,44424,0,0,0,65946132,8579848,34359738367,537112,0,62720,0,1126400,0,0,0,0,0,0,0,0,2048,0,488720,42405888,93323264
1743619527.001853,600855,21068467,0,131892268,123143212,123291260,0,1121232,0,246696,5431404,146040,4598328,100656,833076,1048576,1048576,0,0,0,0,5605904,518136,187236,110152,720212,110152,610060,27840,44424,0,0,0,65946132,8579848,34359738367,537112,0,62720,0,1126400,0,0,0,0,0,0,0,0,2048,0,488720,42405888,93323264
1743619528.002259,600855,21068467,0,131892268,123143212,123291260,0,1121232,0,246696,5431404,146040,4598328,100656,833076,1048576,1048576,0,0,0,0,5605904,518136,187236,110152,720212,110152,610060,27840,44424,0,0,0,65946132,8579848,34359738367,537112,0,62720,0,1126400,0,0,0,0,0,0,0,0,2048,0,488720,42405888,93323264
1743619529.001381,600855,21068467,0,131892268,123143212,123291260,0,1121232,0,246696,5431404,146040,4598328,100656,833076,1048576,1048576,0,0,0,0,5605904,518136,187236,110152,720212,110152,610060,27840,44424,0,0,0,65946132,8579848,34359738367,537112,0,62720,0,1126400,0,0,0,0,0,0,0,0,2048,0,488720,42405888,93323264
1743619530.001762,600855,21068467,0,131892268,123143212,123291260,0,1121232,0,246696,5431404,146040,4598328,100656,833076,1048576,1048576,0,0,0,0,5605904,518136,187236,110152,720212,110152,610060,27840,44424,0,0,0,65946132,8579848,34359738367,537112,0,62720,0,1126400,0,0,0,0,0,0,0,0,2048,0,488720,42405888,93323264
1743619531.001406,600855,21068467,0,131892268,123143212,123291260,0,1121232,0,246696,5431404,146040,4598328,100656,833076,1048576,1048576,0,0,0,0,5605904,518136,187236,110152,720212,110152,610060,27840,44424,0,0,0,65946132,8579848,34359738367,537112,0,62720,0,1126400,0,0,0,0,0,0,0,0,2048,0,488720,42405888,93323264
1743619532.001485,600855,21068467,0,131892268,123143240,123291288,0,1121232,0,246696,5431404,146040,4598328,100656,833076,1048576,1048576,0,0,0,0,5605904,518136,187236,110152,720212,110152,610060,27840,44424,0,0,0,65946132,8579848,34359738367,537112,0,62720,0,1126400,0,0,0,0,0,0,0,0,2048,0,488720,42405888,93323264
1743619533.001944,600855,21068467,0,131892268,123143240,123291288,0,1121232,0,246696,5431404,146040,4598328,100656,833076,1048576,1048576,0,0,0,0,5605904,518136,187236,110152,720212,110152,610060,27840,44424,0,0,0,65946132,8579848,34359738367,537112,0,62720,0,1126400,0,0,0,0,0,0,0,0,2048,0,488720,42405888,93323264
1743619534.002018,600855,21068467,0,131892268,123143240,123291288,0,1121232,0,246696,5431404,146040,4598328,100656,833076,1048576,1048576,0,0,0,0,5605904,518136,187236,110152,720212,110152,610060,27840,44424,0,0,0,65946132,8579848,34359738367,537112,0,62720,0,1126400,0,0,0,0,0,0,0,0,2048,0,488720,42405888,93323264
1743619535.001603,600855,21068467,0,131892268,123143240,123291288,0,1121232,0,246696,5431404,146040,4598328,100656,833076,1048576,1048576,0,0,0,0,5605904,518136,187236,110152,720212,110152,610060,27840,44424,0,0,0,65946132,8579848,34359738367,537112,0,62720,0,1126400,0,0,0,0,0,0,0,0,2048,0,488720,42405888,93323264
1743619536.001734,600855,21068467,0,131892268,123143240,123291288,0,1121232,0,246696,5431404,146040,4598328,100656,833076,1048576,1048576,0,0,0,0,5605904,518136,187236,110152,720212,110152,610060,27840,44424,0,0,0,65946132,8579848,34359738367,537112,0,62720,0,1126400,0,0,0,0,0,0,0,0,2048,0,488720,42405888,93323264
1743619537.002300,600855,21068467,0,131892268,123143240,123291288,0,1121232,0,246696,5431404,146040,4598328,100656,833076,1048576,1048576,0,0,0,0,5605904,518136,187236,110152,720212,110152,610060,27840,44424,0,0,0,65946132,8579848,34359738367,537112,0,62720,0,1126400,0,0,0,0,0,0,0,0,2048,0,488720,42405888,93323264
1743619538.001427,600855,21068467,0,131892268,123143240,123291288,0,1121232,0,246696,5431404,146040,4598328,100656,833076,1048576,1048576,0,0,0,0,5605904,518136,187236,110152,720212,110152,610060,27840,44424,0,0,0,65946132,8579848,34359738367,537112,0,62720,0,1126400,0,0,0,0,0,0,0,0,2048,0,488720,42405888,93323264
1743619539.001992,600855,21068467,0,131892268,123143240,123291288,0,1121232,0,246696,5431404,146040,4598328,100656,833076,1048576,1048576,0,0,0,0,5605904,518136,187236,110152,720212,110152,610060,27840,44424,0,0,0,65946132,8579848,34359738367,537112,0,62720,0,1126400,0,0,0,0,0,0,0,0,2048,0,488720,42405888,93323264
1743619540.002064,600855,21068467,0,131892268,123143240,123291288,0,1121232,0,246696,5431404,146040,4598328,100656,833076,1048576,1048576,0,0,0,0,5605904,518136,187236,110152,720212,110152,610060,27840,44424,0,0,0,65946132,8579848,34359738367,537112,0,62720,0,1126400,0,0,0,0,0,0,0,0,2048,0,488720,42405888,93323264
1743619541.001707,600855,21068467,0,131892268,123143232,123291280,0,1121232,0,246696,5431404,146040,4598328,100656,833076,1048576,1048576,0,0,0,0,5605904,518136,187236,110152,720220,110152,610068,27840,44424,0,0,0,65946132,8579848,34359738367,537112,0,62720,0,1126400,0,0,0,0,0,0,0,0,2048,0,488720,42405888,93323264
1743619542.002173,600855,21068467,0,131892268,123143232,123291280,0,1121232,0,246696,5431404,146040,4598328,100656,833076,1048576,1048576,0,0,0,0,5605904,518136,187236,110152,720220,110152,610068,27840,44424,0,0,0,65946132,8579848,34359738367,537112,0,62720,0,1126400,0,0,0,0,0,0,0,0,2048,0,488720,42405888,93323264
1743619543.001300,600855,21068467,0,131892268,123143232,123291280,0,1121232,0,246696,5431404,146040,4598328,100656,833076,1048576,1048576,0,0,0,0,5605904,518136,187236,110152,720220,110152,610068,27840,44424,0,0,0,65946132,8579848,34359738367,537112,0,62720,0,1126400,0,0,0,0,0,0,0,0,2048,0,488720,42405888,93323264
1743619544.001780,600855,21068467,0,131892268,123143224,123291272,0,1121232,0,246696,5431404,146040,4598328,100656,833076,1048576,1048576,0,0,0,0,5605904,518136,187236,110152,720228,110152,610076,27840,44424,0,0,0,65946132,8579848,34359738367,537112,0,62720,0,1126400,0,0,0,0,0,0,0,0,2048,0,488720,42405888,93323264
1743619545.002182,600855,21068467,0,131892268,123143224,123291272,0,1121232,0,246696,5431404,146040,4598328,100656,833076,1048576,1048576,0,0,0,0,5605904,518136,187236,110152,720228,110152,610076,27840,44424,0,0,0,65946132,8579848,34359738367,537112,0,62720,0,1126400,0,0,0,0,0,0,0,0,2048,0,488720,42405888,93323264
1743619546.001305,600855,21068467,0,131892268,123143216,123291264,0,1121232,0,246696,5431404,146040,4598328,100656,833076,1048576,1048576,0,0,0,0,5605904,518136,187236,110152,720236,110152,610084,27840,44424,0,0,0,65946132,8579848,34359738367,537112,0,62720,0,1126400,0,0,0,0,0,0,0,0,2048,0,488720,42405888,93323264
1743619547.001801,600855,21068467,0,131892268,123143216,123291264,0,1121232,0,246696,5431404,146040,4598328,100656,833076,1048576,1048576,0,0,0,0,5605904,518136,187236,110152,720236,110152,610084,27840,44424,0,0,0,65946132,8579848,34359738367,537112,0,62720,0,1126400,0,0,0,0,0,0,0,0,2048,0,488720,42405888,93323264
1743619548.002225,600855,21068467,0,131892268,123143216,123291264,0,1121232,0,246696,5431404,146040,4598328,100656,833076,1048576,1048576,0,0,0,0,5605904,518136,187236,110152,720236,110152,610084,27840,44424,0,0,0,65946132,8579848,34359738367,537112,0,62720,0,1126400,0,0,0,0,0,0,0,0,2048,0,488720,42405888,93323264
1743619549.001346,600855,21068467,0,131892268,123143216,123291264,0,1121232,0,246696,5431404,146040,4598328,100656,833076,1048576,1048576,0,0,0,0,5605904,518136,187236,110152,720236,110152,610084,27840,44424,0,0,0,65946132,8579848,34359738367,537112,0,62720,0,1126400,0,0,0,0,0,0,0,0,2048,0,488720,42405888,93323264
1743619550.001820,600855,21068467,0,131892268,123143216,123291264,0,1121232,0,246696,5431404,146040,4598328,100656,833076,1048576,1048576,0,0,0,0,5605904,518136,187236,110152,720236,110152,610084,27840,44424,0,0,0,65946132,8579848,34359738367,537112,0,62720,0,1126400,0,0,0,0,0,0,0,0,2048,0,488720,42405888,93323264
1743619551.001657,600855,21068467,0,131892268,123143300,123291348,0,1121232,0,246696,5431388,146040,4598312,100656,833076,1048576,1048576,0,0,0,0,5605904,518136,187236,110152,720236,110152,610084,27840,44424,0,0,0,65946132,8579848,34359738367,537112,0,62720,0,1126400,0,0,0,0,0,0,0,0,2048,0,488720,42405888,93323264
1743619552.001723,600855,21068467,0,131892268,123143300,123291396,0,1121232,0,246696,5431444,146040,4598320,100656,833124,1048576,1048576,0,0,0,0,5605904,518136,187236,110152,720236,110152,610084,27840,44424,0,0,0,65946132,8579848,34359738367,537112,0,62720,0,1126400,0,0,0,0,0,0,0,0,2048,0,488720,42405888,93323264
1743619553.002182,600855,21068467,0,131892268,123143300,123291396,0,1121232,0,246696,5431444,146040,4598320,100656,833124,1048576,1048576,0,0,0,0,5605904,518136,187236,110152,720236,110152,610084,27840,44424,0,0,0,65946132,8579848,34359738367,537112,0,62720,0,1126400,0,0,0,0,0,0,0,0,2048,0,488720,42405888,93323264
1743619554.001303,600855,21068467,0,131892268,123143300,123291396,0,1121232,0,246696,5431444,146040,4598320,100656,833124,1048576,1048576,0,0,0,0,5605904,518136,187236,110152,720236,110152,610084,27840,44424,0,0,0,65946132,8579848,34359738367,537112,0,62720,0,1126400,0,0,0,0,0,0,0,0,2048,0,488720,42405888,93323264
1743619555.001888,600855,21068467,0,131892268,123143300,123291396,0,1121232,0,246696,5431444,146040,4598320,100656,833124,1048576,1048576,0,0,0,0,5605904,518136,187236,110152,720236,110152,610084,27840,44424,0,0,0,65946132,8579848,34359738367,537112,0,62720,0,1126400,0,0,0,0,0,0,0,0,2048,0,488720,42405888,93323264
1743619556.001957,600855,21068467,0,131892268,123143300,123291396,0,1121232,0,246696,5431444,146040,4598320,100656,833124,1048576,1048576,0,0,0,0,5605904,518136,187236,110152,720236,110152,610084,27840,44424,0,0,0,65946132,8579848,34359738367,537112,0,62720,0,1126400,0,0,0,0,0,0,0,0,2048,0,488720,42405888,93323264
1743619557.001540,600855,21068467,0,131892268,123143300,123291396,0,1121232,0,246696,5431444,146040,4598320,100656,833124,1048576,1048576,0,0,0,0,5605904,518136,187236,110152,720236,110152,610084,27840,44424,0,0,0,65946132,8579848,34359738367,537112,0,62720,0,1126400,0,0,0,0,0,0,0,0,2048,0,488720,42405888,93323264
1743619558.001667,600855,21068467,0,131892268,123143300,123291396,0,1121232,0,246696,5431444,146040,4598320,100656,833124,1048576,1048576,0,0,0,0,5605904,518136,187236,110152,720236,110152,610084,27840,44424,0,0,0,65946132,8579848,34359738367,537112,0,62720,0,1126400,0,0,0,0,0,0,0,0,2048,0,488720,42405888,93323264
1743619559.002165,600855,21068467,0,131892268,123143300,123291396,0,1121232,0,246696,5431444,146040,4598320,100656,833124,1048576,1048576,0,0,0,0,5605904,518136,187236,110152,720236,110152,610084,27840,44424,0,0,0,65946132,8579848,34359738367,537112,0,62720,0,1126400,0,0,0,0,0,0,0,0,2048,0,488720,42405888,93323264
1743619560.001290,600855,21068467,0,131892268,123143300,123291396,0,1121232,0,246696,5431444,146040,4598320,100656,833124,1048576,1048576,0,0,0,0,5605904,518136,187236,110152,720236,110152,610084,27840,44424,0,0,0,65946132,8579848,34359738367,537112,0,62720,0,1126400,0,0,0,0,0,0,0,0,2048,0,488720,42405888,93323264
1743619561.001728,600855,21068467,0,131892268,123143300,123291396,0,1121232,0,246696,5431444,146040,4598320,100656,833124,1048576,1048576,0,0,0,0,5605904,518136,187236,110152,720236,110152,610084,27840,44424,0,0,0,65946132,8579848,34359738367,537112,0,62720,0,1126400,0,0,0,0,0,0,0,0,2048,0,488720,42405888,93323264
1743619562.002133,600855,21068467,0,131892268,123143300,123291396,0,1121232,0,246696,5431444,146040,4598320,100656,833124,1048576,1048576,0,0,0,0,5605904,518136,187236,110152,720236,110152,610084,27840,44424,0,0,0,65946132,8579848,34359738367,537112,0,62720,0,1126400,0,0,0,0,0,0,0,0,2048,0,488720,42405888,93323264
1743619563.001257,600855,21068467,0,131892268,123143300,123291396,0,1121232,0,246696,5431444,146040,4598320,100656,833124,1048576,1048576,0,0,0,0,5605904,518136,187236,110152,720236,110152,610084,27840,44424,0,0,0,65946132,8579848,34359738367,537112,0,62720,0,1126400,0,0,0,0,0,0,0,0,2048,0,488720,42405888,93323264
1743619564.001677,600855,21068467,0,131892268,123143300,123291396,0,1121232,0,246696,5431444,146040,4598320,100656,833124,1048576,1048576,0,0,0,0,5605904,518136,187236,110152,720236,110152,610084,27840,44424,0,0,0,65946132,8579848,34359738367,537112,0,62720,0,1126400,0,0,0,0,0,0,0,0,2048,0,488720,42405888,93323264
1743619565.002080,600855,21068467,0,131892268,123143300,123291396,0,1121232,0,246696,5431444,146040,4598320,100656,833124,1048576,1048576,0,0,0,0,5605904,518136,187236,110152,720236,110152,610084,27840,44424,0,0,0,65946132,8579848,34359738367,537112,0,62720,0,1126400,0,0,0,0,0,0,0,0,2048,0,488720,42405888,93323264
1743619566.001202,600855,21068467,0,131892268,123143300,123291396,0,1121232,0,246696,5431444,146040,4598320,100656,833124,1048576,1048576,0,0,0,0,5605904,518136,187236,110152,720236,110152,610084,27840,44424,0,0,0,65946132,8579848,34359738367,537112,0,62720,0,1126400,0,0,0,0,0,0,0,0,2048,0,488720,42405888,93323264
1743619567.001609,600855,21068467,0,131892268,123143300,123291396,0,1121232,0,246696,5431444,146040,4598320,100656,833124,1048576,1048576,0,0,0,0,5605904,518136,187236,110152,720236,110152,610084,27840,44424,0,0,0,65946132,8579848,34359738367,537112,0,62720,0,1126400,0,0,0,0,0,0,0,0,2048,0,488720,42405888,93323264
1743619568.002066,600855,21068467,0,131892268,123143300,123291396,0,1121232,0,246696,5431444,146040,4598320,100656,833124,1048576,1048576,0,0,0,0,5605904,518136,187236,110152,720236,110152,610084,27840,44424,0,0,0,65946132,8579848,34359738367,537112,0,62720,0,1126400,0,0,0,0,0,0,0,0,2048,0,488720,42405888,93323264
1743619569.001192,600855,21068467,0,131892268,123143300,123291396,0,1121232,0,246696,5431444,146040,4598320,100656,833124,1048576,1048576,0,0,0,0,5605904,518136,187236,110152,720236,110152,610084,27840,44424,0,0,0,65946132,8579848,34359738367,537112,0,62720,0,1126400,0,0,0,0,0,0,0,0,2048,0,488720,42405888,93323264
1743619570.001639,600855,21068467,0,131892268,123143300,123291396,0,1121232,0,246696,5431444,146040,4598320,100656,833124,1048576,1048576,0,0,0,0,5605904,518136,187236,110152,720236,110152,610084,27840,44424,0,0,0,65946132,8579848,34359738367,537112,0,62720,0,1126400,0,0,0,0,0,0,0,0,2048,0,488720,42405888,93323264
1743619571.001527,600855,21068467,0,131892268,123143300,123291396,0,1121232,0,246696,5431444,146040,4598320,100656,833124,1048576,1048576,0,0,0,0,5605904,518136,187236,110152,720236,110152,610084,27824,44424,0,0,0,65946132,8579848,34359738367,537064,0,62720,0,1126400,0,0,0,0,0,0,0,0,2048,0,488720,42405888,93323264
1743619572.001598,600855,21068467,0,131892268,123143340,123291436,0,1121232,0,246696,5431444,146040,4598320,100656,833124,1048576,1048576,0,0,0,0,5605904,518136,187236,110152,720236,110152,610084,27744,44424,0,0,0,65946132,8579848,34359738367,537064,0,62720,0,1126400,0,0,0,0,0,0,0,0,2048,0,488720,42405888,93323264
1743619573.002096,600855,21068467,0,131892268,123143340,123291436,0,1121232,0,246696,5431444,146040,4598320,100656,833124,1048576,1048576,0,0,0,0,5605904,518136,187236,110152,720236,110152,610084,27744,44424,0,0,0,65946132,8579848,34359738367,537064,0,62720,0,1126400,0,0,0,0,0,0,0,0,2048,0,488720,42405888,93323264
1743619574.001175,600855,21068467,0,131892268,123143340,123291436,0,1121232,0,246696,5431444,146040,4598320,100656,833124,1048576,1048576,0,0,0,0,5605904,518136,187236,110152,720236,110152,610084,27744,44424,0,0,0,65946132,8579848,34359738367,537064,0,62720,0,1126400,0,0,0,0,0,0,0,0,2048,0,488720,42405888,93323264
1743619575.001786,600855,21068467,0,131892268,123143340,123291436,0,1121232,0,246696,5431444,146040,4598320,100656,833124,1048576,1048576,0,0,0,0,5605904,518136,187236,110152,720236,110152,610084,27744,44424,0,0,0,65946132,8579848,34359738367,537064,0,62720,0,1126400,0,0,0,0,0,0,0,0,2048,0,488720,42405888,93323264
1743619576.001912,600855,21068467,0,131892268,123143340,123291436,0,1121232,0,246696,5431444,146040,4598320,100656,833124,1048576,1048576,0,0,0,0,5605904,518136,187236,110152,720236,110152,610084,27728,44424,0,0,0,65946132,8579848,34359738367,537064,0,62720,0,1126400,0,0,0,0,0,0,0,0,2048,0,488720,42405888,93323264
1743619577.001493,600855,21068467,0,131892268,123143340,123291436,0,1121232,0,246696,5431444,146040,4598320,100656,833124,1048576,1048576,0,0,0,0,5605904,518136,187236,110152,720236,110152,610084,27728,44424,0,0,0,65946132,8579848,34359738367,537064,0,62720,0,1126400,0,0,0,0,0,0,0,0,2048,0,488720,42405888,93323264
1743619578.001632,600855,21068467,0,131892268,123143340,123291436,0,1121232,0,246696,5431444,146040,4598320,100656,833124,1048576,1048576,0,0,0,0,5605904,518136,187236,110152,720236,110152,610084,27728,44424,0,0,0,65946132,8579848,34359738367,537064,0,62720,0,1126400,0,0,0,0,0,0,0,0,2048,0,488720,42405888,93323264
1743619579.002169,600855,21068467,0,131892268,123143340,123291436,0,1121232,0,246696,5431444,146040,4598320,100656,833124,1048576,1048576,0,0,0,0,5605904,518136,187236,110152,720236,110152,610084,27728,44424,0,0,0,65946132,8579848,34359738367,537064,0,62720,0,1126400,0,0,0,0,0,0,0,0,2048,0,488720,42405888,93323264
1743619580.001296,600855,21068467,0,131892268,123143368,123291464,0,1121232,0,246696,5431444,146040,4598320,100656,833124,1048576,1048576,0,0,0,0,5605904,518136,187236,110152,720236,110152,610084,27728,44424,0,0,0,65946132,8579848,34359738367,537064,0,62720,0,1126400,0,0,0,0,0,0,0,0,2048,0,488720,42405888,93323264
1743619581.001847,600855,21068467,0,131892268,123143432,123291528,0,1121232,0,246696,5431444,146040,4598320,100656,833124,1048576,1048576,0,0,0,0,5605904,518136,187236,110152,720236,110152,610084,27728,44424,0,0,0,65946132,8579848,34359738367,537064,0,62720,0,1126400,0,0,0,0,0,0,0,0,2048,0,488720,42405888,93323264
1743619582.002254,600855,21068467,0,131892268,123143432,123291528,0,1121232,0,246696,5431444,146040,4598320,100656,833124,1048576,1048576,0,0,0,0,5605904,518136,187236,110152,720236,110152,610084,27728,44424,0,0,0,65946132,8579848,34359738367,537064,0,62720,0,1126400,0,0,0,0,0,0,0,0,2048,0,488720,42405888,93323264
1743619583.001330,600855,21068467,0,131892268,123143432,123291528,0,1121232,0,246696,5431444,146040,4598320,100656,833124,1048576,1048576,0,0,0,0,5605904,518136,187236,110152,720236,110152,610084,27728,44424,0,0,0,65946132,8579848,34359738367,537064,0,62720,0,1126400,0,0,0,0,0,0,0,0,2048,0,488720,42405888,93323264
1743619584.001693,600855,21068467,0,131892268,123143432,123291528,0,1121232,0,246696,5431444,146040,4598320,100656,833124,1048576,1048576,0,0,0,0,5605904,518136,187236,110152,720236,110152,610084,27728,44424,0,0,0,65946132,8579848,34359738367,537064,0,62720,0,1126400,0,0,0,0,0,0,0,0,2048,0,488720,42405888,93323264
1743619585.002123,600855,21068467,0,131892268,123143432,123291528,0,1121232,0,246696,5431444,146040,4598320,100656,833124,1048576,1048576,0,0,0,0,5605904,518136,187236,110152,720236,110152,610084,27728,44424,0,0,0,65946132,8579848,34359738367,537064,0,62720,0,1126400,0,0,0,0,0,0,0,0,2048,0,488720,42405888,93323264
1743619586.001242,600855,21068467,0,131892268,123143460,123291556,0,1121232,0,246696,5431444,146040,4598320,100656,833124,1048576,1048576,0,0,0,0,5605904,518136,187236,110152,720236,110152,610084,27696,44424,0,0,0,65946132,8579848,34359738367,537032,0,62720,0,1126400,0,0,0,0,0,0,0,0,2048,0,488720,42405888,93323264
1743619587.001630,600855,21068467,0,131892268,123143460,123291556,0,1121232,0,246696,5431444,146040,4598320,100656,833124,1048576,1048576,0,0,0,0,5605904,518136,187236,110152,720236,110152,610084,27696,44424,0,0,0,65946132,8579848,34359738367,537032,0,62720,0,1126400,0,0,0,0,0,0,0,0,2048,0,488720,42405888,93323264
1743619588.002032,600855,21068467,0,131892268,123143460,123291556,0,1121232,0,246696,5431444,146040,4598320,100656,833124,1048576,1048576,0,0,0,0,5605904,518136,187236,110152,720236,110152,610084,27696,44424,0,0,0,65946132,8579848,34359738367,537032,0,62720,0,1126400,0,0,0,0,0,0,0,0,2048,0,488720,42405888,93323264
1743619589.001155,600855,21068467,0,131892268,123143452,123291548,0,1121232,0,246696,5431444,146040,4598320,100656,833124,1048576,1048576,0,0,0,0,5605904,518136,187236,110152,720244,110152,610092,27696,44424,0,0,0,65946132,8579848,34359738367,537032,0,62720,0,1126400,0,0,0,0,0,0,0,0,2048,0,488720,42405888,93323264
1743619590.001541,600855,21068467,0,131892268,123143452,123291548,0,1121232,0,246696,5431444,146040,4598320,100656,833124,1048576,1048576,0,0,0,0,5605904,518136,187236,110152,720244,110152,610092,27696,44424,0,0,0,65946132,8579848,34359738367,537032,0,62720,0,1126400,0,0,0,0,0,0,0,0,2048,0,488720,42405888,93323264
1743619591.002036,600855,21068467,0,131892268,123143508,123291604,0,1121232,0,246696,5431444,146040,4598320,100656,833124,1048576,1048576,0,0,0,0,5605904,518136,187236,110152,720244,110152,610092,27696,44424,0,0,0,65946132,8579848,34359738367,537032,0,62720,0,1126400,0,0,0,0,0,0,0,0,2048,0,488720,42405888,93323264
1743619592.001156,600855,21068467,0,131892268,123143500,123291596,0,1121232,0,246696,5431444,146040,4598320,100656,833124,1048576,1048576,0,0,0,0,5605904,518136,187236,110152,720252,110152,610100,27696,44424,0,0,0,65946132,8579848,34359738367,537032,0,62720,0,1126400,0,0,0,0,0,0,0,0,2048,0,488720,42405888,93323264
1743619593.001757,600855,21068467,0,131892268,123143500,123291596,0,1121232,0,246696,5431444,146040,4598320,100656,833124,1048576,1048576,0,0,0,0,5605904,518136,187236,110152,720252,110152,610100,27696,44424,0,0,0,65946132,8579848,34359738367,537032,0,62720,0,1126400,0,0,0,0,0,0,0,0,2048,0,488720,42405888,93323264
1743619594.001824,600855,21068467,0,131892268,123143500,123291596,0,1121232,0,246696,5431444,146040,4598320,100656,833124,1048576,1048576,0,0,0,0,5605904,518136,187236,110152,720252,110152,610100,27696,44424,0,0,0,65946132,8579848,34359738367,537032,0,62720,0,1126400,0,0,0,0,0,0,0,0,2048,0,488720,42405888,93323264
1743619595.001309,600855,21068467,0,131892268,123143492,123291588,0,1121232,0,246696,5431444,146040,4598320,100656,833124,1048576,1048576,0,0,0,0,5605904,518136,187236,110152,720260,110152,610108,27696,44424,0,0,0,65946132,8579848,34359738367,537032,0,62720,0,1126400,0,0,0,0,0,0,0,0,2048,0,488720,42405888,93323264
1743619596.001434,600855,21068467,0,131892268,123143492,123291588,0,1121232,0,246696,5431444,146040,4598320,100656,833124,1048576,1048576,0,0,0,0,5605904,518136,187236,110152,720260,110152,610108,27696,44424,0,0,0,65946132,8579848,34359738367,537032,0,62720,0,1126400,0,0,0,0,0,0,0,0,2048,0,488720,42405888,93323264
1743619597.002041,600855,21068467,0,131892268,123143492,123291588,0,1121232,0,246696,5431444,146040,4598320,100656,833124,1048576,1048576,0,0,0,0,5605904,518136,187236,110152,720260,110152,610108,27696,44424,0,0,0,65946132,8579848,34359738367,537032,0,62720,0,1126400,0,0,0,0,0,0,0,0,2048,0,488720,42405888,93323264
1743619598.001163,600855,21068467,0,131892268,123143492,123291588,0,1121232,0,246696,5431444,146040,4598320,100656,833124,1048576,1048576,0,0,0,0,5605904,518136,187236,110152,720260,110152,610108,27696,44424,0,0,0,65946132,8579848,34359738367,537032,0,62720,0,1126400,0,0,0,0,0,0,0,0,2048,0,488720,42405888,93323264
1743619599.001745,600855,21068467,0,131892268,123143492,123291588,0,1121232,0,246696,5431444,146040,4598320,100656,833124,1048576,1048576,0,0,0,0,5605904,518136,187236,110152,720260,110152,610108,27696,44424,0,0,0,65946132,8579848,34359738367,537032,0,62720,0,1126400,0,0,0,0,0,0,0,0,2048,0,488720,42405888,93323264
1743619600.001832,600855,21068467,0,131892268,123143492,123291588,0,1121232,0,246696,5431444,146040,4598320,100656,833124,1048576,1048576,0,0,0,0,5605904,518136,187236,110152,720260,110152,610108,27696,44424,0,0,0,65946132,8579848,34359738367,537032,0,62720,0,1126400,0,0,0,0,0,0,0,0,2048,0,488720,42405888,93323264
1743619601.001747,600855,21068467,0,131892268,123143520,123291616,0,1121232,0,246696,5431444,146040,4598320,100656,833124,1048576,1048576,0,0,0,0,5605904,518136,187236,110152,720260,110152,610108,27696,44424,0,0,0,65946132,8579848,34359738367,537032,0,62720,0,1126400,0,0,0,0,0,0,0,0,2048,0,488720,42405888,93323264
1743619602.002151,600855,21068467,0,131892268,123143520,123291616,0,1121232,0,246696,5431444,146040,4598320,100656,833124,1048576,1048576,0,0,0,0,5605904,518136,187236,110152,720260,110152,610108,27696,44424,0,0,0,65946132,8579848,34359738367,537032,0,62720,0,1126400,0,0,0,0,0,0,0,0,2048,0,488720,42405888,93323264
1743619603.001273,600855,21068467,0,131892268,123143520,123291616,0,1121232,0,246696,5431444,146040,4598320,100656,833124,1048576,1048576,0,0,0,0,5605904,518136,187236,110152,720260,110152,610108,27696,44424,0,0,0,65946132,8579848,34359738367,537032,0,62720,0,1126400,0,0,0,0,0,0,0,0,2048,0,488720,42405888,93323264
1743619604.001732,600855,21068467,0,131892268,123143520,123291616,0,1121232,0,246696,5431444,146040,4598320,100656,833124,1048576,1048576,0,0,0,0,5605904,518136,187236,110152,720260,110152,610108,27696,44424,0,0,0,65946132,8579848,34359738367,537032,0,62720,0,1126400,0,0,0,0,0,0,0,0,2048,0,488720,42405888,93323264
1743619605.002178,600855,21068467,0,131892268,123143520,123291616,0,1121232,0,246696,5431444,146040,4598320,100656,833124,1048576,1048576,0,0,0,0,5605904,518136,187236,110152,720260,110152,610108,27696,44424,0,0,0,65946132,8579848,34359738367,537032,0,62720,0,1126400,0,0,0,0,0,0,0,0,2048,0,488720,42405888,93323264
1743619606.001301,600855,21068467,0,131892268,123143520,123291616,0,1121232,0,246696,5431444,146040,4598320,100656,833124,1048576,1048576,0,0,0,0,5605904,518136,187236,110152,720260,110152,610108,27696,44424,0,0,0,65946132,8579848,34359738367,537032,0,62720,0,1126400,0,0,0,0,0,0,0,0,2048,0,488720,42405888,93323264
1743619607.001791,600855,21068467,0,131892268,123143512,123291608,0,1121232,0,246696,5431444,146040,4598320,100656,833124,1048576,1048576,0,0,0,0,5605904,518136,187236,110152,720268,110152,610116,27696,44424,0,0,0,65946132,8579848,34359738367,537032,0,62720,0,1126400,0,0,0,0,0,0,0,0,2048,0,488720,42405888,93323264
1743619608.002218,600855,21068467,0,131892268,123143504,123291600,0,1121232,0,246696,5431444,146040,4598320,100656,833124,1048576,1048576,0,0,0,0,5605904,518136,187236,110152,720276,110152,610124,27696,44424,0,0,0,65946132,8579848,34359738367,537032,0,62720,0,1126400,0,0,0,0,0,0,0,0,2048,0,488720,42405888,93323264
1743619609.001341,600855,21068467,0,131892268,123143504,123291600,0,1121232,0,246696,5431444,146040,4598320,100656,833124,1048576,1048576,0,0,0,0,5605904,518136,187236,110152,720276,110152,610124,27696,44424,0,0,0,65946132,8579848,34359738367,537032,0,62720,0,1126400,0,0,0,0,0,0,0,0,2048,0,488720,42405888,93323264
1743619610.001718,600855,21068467,0,131892268,123143504,123291600,0,1121232,0,246696,5431444,146040,4598320,100656,833124,1048576,1048576,0,0,0,0,5605904,518136,187236,110152,720276,110152,610124,27696,44424,0,0,0,65946132,8579848,34359738367,537032,0,62720,0,1126400,0,0,0,0,0,0,0,0,2048,0,488720,42405888,93323264
1743619611.002118,600855,21068467,0,131892268,123143496,123291592,0,1121232,0,246696,5431444,146040,4598320,100656,833124,1048576,1048576,0,0,0,0,5605904,518136,187236,110152,720284,110152,610132,27696,44424,0,0,0,65946132,8579848,34359738367,537032,0,62720,0,1126400,0,0,0,0,0,0,0,0,2048,0,488720,42405888,93323264
1743619612.001243,600855,21068467,0,131892268,123143496,123291592,0,1121232,0,246696,5431444,146040,4598320,100656,833124,1048576,1048576,0,0,0,0,5605904,518136,187236,110152,720284,110152,610132,27696,44424,0,0,0,65946132,8579848,34359738367,537032,0,62720,0,1126400,0,0,0,0,0,0,0,0,2048,0,488720,42405888,93323264
1743619613.001765,600855,21068467,0,131892268,123143528,123291624,0,1121232,0,246696,5431444,146040,4598320,100656,833124,1048576,1048576,0,0,0,0,5605904,518136,187236,110152,720284,110152,610132,27696,44424,0,0,0,65946132,8579848,34359738367,537032,0,62720,0,1126400,0,0,0,0,0,0,0,0,2048,0,488720,42405888,93323264
1743619614.001836,600855,21068467,0,131892268,123143528,123291624,0,1121232,0,246696,5431444,146040,4598320,100656,833124,1048576,1048576,0,0,0,0,5605904,518136,187236,110152,720284,110152,610132,27696,44424,0,0,0,65946132,8579848,34359738367,537032,0,62720,0,1126400,0,0,0,0,0,0,0,0,2048,0,488720,42405888,93323264
1743619615.001348,600855,21068467,0,131892268,123143528,123291624,0,1121232,0,246696,5431444,146040,4598320,100656,833124,1048576,1048576,0,0,0,0,5605904,518136,187236,110152,720284,110152,610132,27696,44424,0,0,0,65946132,8579848,34359738367,537032,0,62720,0,1126400,0,0,0,0,0,0,0,0,2048,0,488720,42405888,93323264
1743619616.001477,600855,21068467,0,131892268,123143528,123291624,0,1121232,0,246696,5431444,146040,4598320,100656,833124,1048576,1048576,0,0,0,0,5605904,518136,187236,110152,720284,110152,610132,27696,44424,0,0,0,65946132,8579848,34359738367,537032,0,62720,0,1126400,0,0,0,0,0,0,0,0,2048,0,488720,42405888,93323264
1743619617.001984,600855,21068467,0,131892268,123143528,123291624,0,1121232,0,246696,5431444,146040,4598320,100656,833124,1048576,1048576,0,0,0,0,5605904,518136,187236,110152,720284,110152,610132,27696,44424,0,0,0,65946132,8579848,34359738367,537032,0,62720,0,1126400,0,0,0,0,0,0,0,0,2048,0,488720,42405888,93323264
1743619618.002054,600855,21068467,0,131892268,123143528,123291624,0,1121232,0,246696,5431444,146040,4598320,100656,833124,1048576,1048576,0,0,0,0,5605904,518136,187236,110152,720284,110152,610132,27696,44424,0,0,0,65946132,8579848,34359738367,537032,0,62720,0,1126400,0,0,0,0,0,0,0,0,2048,0,488720,42405888,93323264
1743619619.001600,600855,21068467,0,131892268,123143528,123291624,0,1121232,0,246696,5431444,146040,4598320,100656,833124,1048576,1048576,0,0,0,0,5605904,518136,187236,110152,720284,110152,610132,27696,44424,0,0,0,65946132,8579848,34359738367,537032,0,62720,0,1126400,0,0,0,0,0,0,0,0,2048,0,488720,42405888,93323264
1743619620.001672,600855,21068467,0,131892268,123143528,123291624,0,1121232,0,246696,5431444,146040,4598320,100656,833124,1048576,1048576,0,0,0,0,5605904,518136,187236,110152,720284,110152,610132,27696,44424,0,0,0,65946132,8579848,34359738367,537032,0,62720,0,1126400,0,0,0,0,0,0,0,0,2048,0,488720,42405888,93323264
1743619621.001958,600855,21068467,0,131892268,123143528,123291624,0,1121232,0,246696,5431444,146040,4598320,100656,833124,1048576,1048576,0,0,0,0,5605904,518136,187236,110152,720284,110152,610132,27696,44424,0,0,0,65946132,8579848,34359738367,537032,0,62720,0,1126400,0,0,0,0,0,0,0,0,2048,0,488720,42405888,93323264
1743619622.001403,600855,21068467,0,131892268,123143528,123291624,0,1121232,0,246696,5431444,146040,4598320,100656,833124,1048576,1048576,0,0,0,0,5605904,518136,187236,110152,720284,110152,610132,27696,44424,0,0,0,65946132,8579848,34359738367,537032,0,62720,0,1126400,0,0,0,0,0,0,0,0,2048,0,488720,42405888,93323264
1743619623.001529,600855,21068467,0,131892268,123143528,123291624,0,1121232,0,246696,5431444,146040,4598320,100656,833124,1048576,1048576,0,0,0,0,5605904,518136,187236,110152,720284,110152,610132,27696,44424,0,0,0,65946132,8579848,34359738367,537032,0,62720,0,1126400,0,0,0,0,0,0,0,0,2048,0,488720,42405888,93323264
1743619624.001872,600855,21068467,0,131892268,123143528,123291624,0,1121232,0,246696,5431444,146040,4598320,100656,833124,1048576,1048576,0,0,0,0,5605904,518136,187236,110152,720284,110152,610132,27696,44424,0,0,0,65946132,8579848,34359738367,537032,0,62720,0,1126400,0,0,0,0,0,0,0,0,2048,0,488720,42405888,93323264
1743619625.002278,600855,21068467,0,131892268,123143528,123291624,0,1121232,0,246696,5431444,146040,4598320,100656,833124,1048576,1048576,0,0,0,0,5605904,518136,187236,110152,720284,110152,610132,27696,44424,0,0,0,65946132,8579848,34359738367,537032,0,62720,0,1126400,0,0,0,0,0,0,0,0,2048,0,488720,42405888,93323264
1743619626.001388,600855,21068467,0,131892268,123143528,123291624,0,1121232,0,246696,5431444,146040,4598320,100656,833124,1048576,1048576,0,0,0,0,5605904,518136,187236,110152,720284,110152,610132,27696,44424,0,0,0,65946132,8579848,34359738367,537032,0,62720,0,1126400,0,0,0,0,0,0,0,0,2048,0,488720,42405888,93323264
1743619627.001791,600855,21068467,0,131892268,123143528,123291624,0,1121232,0,246696,5431444,146040,4598320,100656,833124,1048576,1048576,0,0,0,0,5605904,518136,187236,110152,720284,110152,610132,27696,44424,0,0,0,65946132,8579848,34359738367,537032,0,62720,0,1126400,0,0,0,0,0,0,0,0,2048,0,488720,42405888,93323264
1743619628.002193,600855,21068467,0,131892268,123143528,123291624,0,1121232,0,246696,5431444,146040,4598320,100656,833124,1048576,1048576,0,0,0,0,5605904,518136,187236,110152,720284,110152,610132,27696,44424,0,0,0,65946132,8579848,34359738367,537032,0,62720,0,1126400,0,0,0,0,0,0,0,0,2048,0,488720,42405888,93323264
1743619629.001262,600855,21068467,0,131892268,123143528,123291624,0,1121232,0,246696,5431444,146040,4598320,100656,833124,1048576,1048576,0,0,0,0,5605904,518136,187236,110152,720284,110152,610132,27696,44424,0,0,0,65946132,8579848,34359738367,537032,0,62720,0,1126400,0,0,0,0,0,0,0,0,2048,0,488720,42405888,93323264
1743619630.001631,600855,21068467,0,131892268,123143528,123291624,0,1121232,0,246696,5431444,146040,4598320,100656,833124,1048576,1048576,0,0,0,0,5605904,518136,187236,110152,720284,110152,610132,27696,44424,0,0,0,65946132,8579848,34359738367,537032,0,62720,0,1126400,0,0,0,0,0,0,0,0,2048,0,488720,42405888,93323264
1743619631.002310,600855,21068467,0,131892268,123143556,123291652,0,1121232,0,246696,5431444,146040,4598320,100656,833124,1048576,1048576,0,0,0,0,5605904,518136,187236,110152,720284,110152,610132,27696,44424,0,0,0,65946132,8579848,34359738367,537032,0,62720,0,1126400,0,0,0,0,0,0,0,0,2048,0,488720,42405888,93323264
1743619632.001433,600855,21068467,0,131892268,123143556,123291652,0,1121232,0,246696,5431444,146040,4598320,100656,833124,1048576,1048576,0,0,0,0,5605904,518136,187236,110152,720284,110152,610132,27696,44424,0,0,0,65946132,8579848,34359738367,537032,0,62720,0,1126400,0,0,0,0,0,0,0,0,2048,0,488720,42405888,93323264
1743619633.002001,600855,21068467,0,131892268,123143556,123291652,0,1121232,0,246696,5431444,146040,4598320,100656,833124,1048576,1048576,0,0,0,0,5605904,518136,187236,110152,720284,110152,610132,27696,44424,0,0,0,65946132,8579848,34359738367,537032,0,62720,0,1126400,0,0,0,0,0,0,0,0,2048,0,488720,42405888,93323264
1743619634.001092,600855,21068467,0,131892268,123143556,123291652,0,1121232,0,246696,5431444,146040,4598320,100656,833124,1048576,1048576,0,0,0,0,5605904,518136,187236,110152,720284,110152,610132,27696,44424,0,0,0,65946132,8579848,34359738367,537032,0,62720,0,1126400,0,0,0,0,0,0,0,0,2048,0,488720,42405888,93323264
1743619635.001585,600855,21068467,0,131892268,123143556,123291652,0,1121232,0,246696,5431444,146040,4598320,100656,833124,1048576,1048576,0,0,0,0,5605904,518136,187236,110152,720284,110152,610132,27696,44424,0,0,0,65946132,8579848,34359738367,537032,0,62720,0,1126400,0,0,0,0,0,0,0,0,2048,0,488720,42405888,93323264
1743619636.001700,600855,21068467,0,131892268,123143556,123291652,0,1121232,0,246696,5431444,146040,4598320,100656,833124,1048576,1048576,0,0,0,0,5605904,518136,187236,110152,720284,110152,610132,27696,44424,0,0,0,65946132,8579848,34359738367,537032,0,62720,0,1126400,0,0,0,0,0,0,0,0,2048,0,488720,42405888,93323264
1743619637.002176,600855,21068467,0,131892268,123143560,123291656,0,1121232,0,246696,5431444,146040,4598320,100656,833124,1048576,1048576,0,0,0,0,5605904,518136,187236,110152,720284,110152,610132,27696,44424,0,0,0,65946132,8579848,34359738367,537032,0,62720,0,1126400,0,0,0,0,0,0,0,0,2048,0,488720,42405888,93323264
1743619638.001299,600855,21068467,0,131892268,123143560,123291656,0,1121232,0,246696,5431444,146040,4598320,100656,833124,1048576,1048576,0,0,0,0,5605904,518136,187236,110152,720284,110152,610132,27696,44424,0,0,0,65946132,8579848,34359738367,537032,0,62720,0,1126400,0,0,0,0,0,0,0,0,2048,0,488720,42405888,93323264
1743619639.001827,600855,21068467,0,131892268,123143560,123291656,0,1121232,0,246696,5431444,146040,4598320,100656,833124,1048576,1048576,0,0,0,0,5605904,518136,187236,110152,720284,110152,610132,27696,44424,0,0,0,65946132,8579848,34359738367,537032,0,62720,0,1126400,0,0,0,0,0,0,0,0,2048,0,488720,42405888,93323264
1743619640.001894,600855,21068467,0,131892268,123143560,123291656,0,1121232,0,246696,5431444,146040,4598320,100656,833124,1048576,1048576,0,0,0,0,5605904,518136,187236,110152,720284,110152,610132,27696,44424,0,0,0,65946132,8579848,34359738367,537032,0,62720,0,1126400,0,0,0,0,0,0,0,0,2048,0,488720,42405888,93323264
1743619641.001327,600855,21068467,0,131892268,123143560,123291656,0,1121232,0,246696,5431444,146040,4598320,100656,833124,1048576,1048576,0,0,0,0,5605904,518136,187236,110152,720284,110152,610132,27696,44424,0,0,0,65946132,8579848,34359738367,537032,0,62720,0,1126400,0,0,0,0,0,0,0,0,2048,0,488720,42405888,93323264
1743619642.001750,600855,21068467,0,131892268,123143560,123291656,0,1121232,0,246696,5431444,146040,4598320,100656,833124,1048576,1048576,0,0,0,0,5605904,518136,187236,110152,720284,110152,610132,27696,44424,0,0,0,65946132,8579848,34359738367,537032,0,62720,0,1126400,0,0,0,0,0,0,0,0,2048,0,488720,42405888,93323264
1743619643.001818,600855,21068467,0,131892268,123143560,123291656,0,1121232,0,246696,5431444,146040,4598320,100656,833124,1048576,1048576,0,0,0,0,5605904,518136,187236,110152,720284,110152,610132,27696,44424,0,0,0,65946132,8579848,34359738367,537032,0,62720,0,1126400,0,0,0,0,0,0,0,0,2048,0,488720,42405888,93323264
1743619644.002125,600855,21068467,0,131892268,123143560,123291656,0,1121232,0,246696,5431444,146040,4598320,100656,833124,1048576,1048576,0,0,0,0,5605904,518136,187236,110152,720284,110152,610132,27696,44424,0,0,0,65946132,8579848,34359738367,537032,0,62720,0,1126400,0,0,0,0,0,0,0,0,2048,0,488720,42405888,93323264
1743619645.001594,600855,21068467,0,131892268,123143560,123291656,0,1121232,0,246696,5431444,146040,4598320,100656,833124,1048576,1048576,0,0,0,0,5605904,518136,187236,110152,720284,110152,610132,27696,44424,0,0,0,65946132,8579848,34359738367,537032,0,62720,0,1126400,0,0,0,0,0,0,0,0,2048,0,488720,42405888,93323264
1743619646.001663,600855,21068467,0,131892268,123143560,123291656,0,1121232,0,246696,5431444,146040,4598320,100656,833124,1048576,1048576,0,0,0,0,5605904,518136,187236,110152,720284,110152,610132,27696,44424,0,0,0,65946132,8579848,34359738367,537032,0,62720,0,1126400,0,0,0,0,0,0,0,0,2048,0,488720,42405888,93323264
1743619647.002027,600855,21068467,0,131892268,123143560,123291656,0,1121232,0,246696,5431444,146040,4598320,100656,833124,1048576,1048576,0,0,0,0,5605904,518136,187236,110152,720284,110152,610132,27696,44424,0,0,0,65946132,8579848,34359738367,537032,0,62720,0,1126400,0,0,0,0,0,0,0,0,2048,0,488720,42405888,93323264
1743619648.001509,600855,21068467,0,131892268,123143560,123291656,0,1121232,0,246696,5431444,146040,4598320,100656,833124,1048576,1048576,0,0,0,0,5605904,518136,187236,110152,720284,110152,610132,27696,44424,0,0,0,65946132,8579848,34359738367,537032,0,62720,0,1126400,0,0,0,0,0,0,0,0,2048,0,488720,42405888,93323264
1743619649.001645,600855,21068467,0,131892268,123143560,123291656,0,1121232,0,246696,5431444,146040,4598320,100656,833124,1048576,1048576,0,0,0,0,5605904,518136,187236,110152,720284,110152,610132,27696,44424,0,0,0,65946132,8579848,34359738367,537032,0,62720,0,1126400,0,0,0,0,0,0,0,0,2048,0,488720,42405888,93323264
1743619650.002034,600855,21068467,0,131892268,123143560,123291656,0,1121232,0,246696,5431440,146040,4598316,100656,833124,1048576,1048576,0,0,0,0,5605904,518136,187236,110152,720284,110152,610132,27696,44424,0,0,0,65946132,8579848,34359738367,537032,0,62720,0,1126400,0,0,0,0,0,0,0,0,2048,0,488720,42405888,93323264
1743619651.001453,600855,21068467,0,131892268,123143588,123291684,0,1121232,0,246696,5431440,146040,4598316,100656,833124,1048576,1048576,0,0,0,0,5605904,518136,187236,110152,720284,110152,610132,27696,44424,0,0,0,65946132,8579848,34359738367,537032,0,62720,0,1126400,0,0,0,0,0,0,0,0,2048,0,488720,42405888,93323264
1743619652.001520,600855,21068467,0,131892268,123143616,123291712,0,1121232,0,246696,5431440,146040,4598316,100656,833124,1048576,1048576,0,0,0,0,5605904,518136,187236,110152,720284,110152,610132,27696,44424,0,0,0,65946132,8579848,34359738367,537032,0,62720,0,1126400,0,0,0,0,0,0,0,0,2048,0,488720,42405888,93323264
1743619653.002059,600855,21068467,0,131892268,123143616,123291712,0,1121232,0,246696,5431440,146040,4598316,100656,833124,1048576,1048576,0,0,0,0,5605904,518136,187236,110152,720284,110152,610132,27696,44424,0,0,0,65946132,8579848,34359738367,537032,0,62720,0,1126400,0,0,0,0,0,0,0,0,2048,0,488720,42405888,93323264
1743619654.001195,600855,21068467,0,131892268,123143616,123291712,0,1121232,0,246696,5431440,146040,4598316,100656,833124,1048576,1048576,0,0,0,0,5605904,518136,187236,110152,720284,110152,610132,27696,44424,0,0,0,65946132,8579848,34359738367,537032,0,62720,0,1126400,0,0,0,0,0,0,0,0,2048,0,488720,42405888,93323264
1743619655.001679,600855,21068467,0,131892268,123143616,123291712,0,1121232,0,246696,5431440,146040,4598316,100656,833124,1048576,1048576,0,0,0,0,5605904,518136,187236,110152,720284,110152,610132,27696,44424,0,0,0,65946132,8579848,34359738367,537032,0,62720,0,1126400,0,0,0,0,0,0,0,0,2048,0,488720,42405888,93323264
1743619656.001732,600855,21068467,0,131892268,123143616,123291712,0,1121232,0,246696,5431440,146040,4598316,100656,833124,1048576,1048576,0,0,0,0,5605904,518136,187236,110152,720284,110152,610132,27696,44424,0,0,0,65946132,8579848,34359738367,537032,0,62720,0,1126400,0,0,0,0,0,0,0,0,2048,0,488720,42405888,93323264
1743619657.002256,600855,21068467,0,131892268,123143616,123291712,0,1121232,0,246696,5431440,146040,4598316,100656,833124,1048576,1048576,0,0,0,0,5605904,518136,187236,110152,720284,110152,610132,27696,44424,0,0,0,65946132,8579848,34359738367,537032,0,62720,0,1126400,0,0,0,0,0,0,0,0,2048,0,488720,42405888,93323264
1743619658.001381,600855,21068467,0,131892268,123143616,123291712,0,1121232,0,246696,5431440,146040,4598316,100656,833124,1048576,1048576,0,0,0,0,5605904,518136,187236,110152,720284,110152,610132,27696,44424,0,0,0,65946132,8579848,34359738367,537032,0,62720,0,1126400,0,0,0,0,0,0,0,0,2048,0,488720,42405888,93323264
1743619659.001935,600855,21068467,0,131892268,123143616,123291712,0,1121232,0,246696,5431440,146040,4598316,100656,833124,1048576,1048576,0,0,0,0,5605904,518136,187236,110152,720284,110152,610132,27712,44424,0,0,0,65946132,8579848,34359738367,537032,0,62720,0,1126400,0,0,0,0,0,0,0,0,2048,0,488720,42405888,93323264
1743619660.002005,600855,21068467,0,131892268,123143616,123291712,0,1121232,0,246696,5431440,146040,4598316,100656,833124,1048576,1048576,0,0,0,0,5605904,518136,187236,110152,720284,110152,610132,27712,44424,0,0,0,65946132,8579848,34359738367,537032,0,62720,0,1126400,0,0,0,0,0,0,0,0,2048,0,488720,42405888,93323264
1743619661.001509,600855,21068467,0,131892268,123143620,123291716,0,1121232,0,246696,5431440,146040,4598316,100656,833124,1048576,1048576,0,0,0,0,5605904,518136,187236,110152,720284,110152,610132,27712,44424,0,0,0,65946132,8579848,34359738367,537032,0,62720,0,1126400,0,0,0,0,0,0,0,0,2048,0,488720,42405888,93323264
1743619662.001904,600855,21068467,0,131892268,123143620,123291716,0,1121232,0,246696,5431440,146040,4598316,100656,833124,1048576,1048576,0,0,0,0,5605904,518136,187236,110152,720284,110152,610132,27712,44424,0,0,0,65946132,8579848,34359738367,537032,0,62720,0,1126400,0,0,0,0,0,0,0,0,2048,0,488720,42405888,93323264
1743619663.001976,600855,21068467,0,131892268,123143620,123291716,0,1121232,0,246696,5431440,146040,4598316,100656,833124,1048576,1048576,0,0,0,0,5605904,518136,187236,110152,720284,110152,610132,27712,44424,0,0,0,65946132,8579848,34359738367,537032,0,62720,0,1126400,0,0,0,0,0,0,0,0,2048,0,488720,42405888,93323264
1743619664.001348,600855,21068467,0,131892268,123143620,123291716,0,1121232,0,246696,5431440,146040,4598316,100656,833124,1048576,1048576,0,0,0,0,5605904,518136,187236,110152,720284,110152,610132,27712,44424,0,0,0,65946132,8579848,34359738367,537032,0,62720,0,1126400,0,0,0,0,0,0,0,0,2048,0,488720,42405888,93323264
1743619665.001859,600855,21068467,0,131892268,123143628,123291724,0,1121232,0,246696,5431440,146040,4598316,100656,833124,1048576,1048576,0,0,0,0,5605904,518140,187236,110152,720280,110152,610128,27728,44424,0,0,0,65946132,8579848,34359738367,537032,0,62720,0,1126400,0,0,0,0,0,0,0,0,2048,0,488720,42405888,93323264
1743619666.001931,600855,21068467,0,131892268,123143656,123291752,0,1121232,0,246696,5431440,146040,4598316,100656,833124,1048576,1048576,0,0,0,0,5605904,518140,187236,110152,720280,110152,610128,27728,44424,0,0,0,65946132,8579848,34359738367,537032,0,62720,0,1126400,0,0,0,0,0,0,0,0,2048,0,488720,42405888,93323264
1743619667.001304,600855,21068467,0,131892268,123143656,123291752,0,1121232,0,246696,5431440,146040,4598316,100656,833124,1048576,1048576,0,0,0,0,5605904,518140,187236,110152,720280,110152,610128,27728,44424,0,0,0,65946132,8579848,34359738367,537032,0,62720,0,1126400,0,0,0,0,0,0,0,0,2048,0,488720,42405888,93323264
1743619668.001791,600855,21068467,0,131892268,123143656,123291752,0,1121232,0,246696,5431440,146040,4598316,100656,833124,1048576,1048576,0,0,0,0,5605904,518140,187236,110152,720280,110152,610128,27728,44424,0,0,0,65946132,8579848,34359738367,537032,0,62720,0,1126400,0,0,0,0,0,0,0,0,2048,0,488720,42405888,93323264
1743619669.001862,600855,21068467,0,131892268,123143684,123291780,0,1121232,0,246696,5431440,146040,4598316,100656,833124,1048576,1048576,0,0,0,0,5605904,518140,187236,110152,720280,110152,610128,27728,44424,0,0,0,65946132,8579848,34359738367,537032,0,62720,0,1126400,0,0,0,0,0,0,0,0,2048,0,488720,42405888,93323264
1743619670.001180,600855,21068467,0,131892268,123143684,123291780,0,1121232,0,246696,5431440,146040,4598316,100656,833124,1048576,1048576,0,0,0,0,5605904,518140,187236,110152,720280,110152,610128,27728,44424,0,0,0,65946132,8579848,34359738367,537032,0,62720,0,1126400,0,0,0,0,0,0,0,0,2048,0,488720,42405888,93323264
1743619671.001287,600855,21068467,0,131892268,123143684,123291780,0,1121232,0,246696,5431440,146040,4598316,100656,833124,1048576,1048576,0,0,0,0,5605904,518140,187236,110152,720280,110152,610128,27728,44424,0,0,0,65946132,8579848,34359738367,537032,0,62720,0,1126400,0,0,0,0,0,0,0,0,2048,0,488720,42405888,93323264
1743619672.001409,600855,21068467,0,131892268,123143684,123291780,0,1121232,0,246696,5431440,146040,4598316,100656,833124,1048576,1048576,0,0,0,0,5605904,518140,187236,110152,720280,110152,610128,27728,44424,0,0,0,65946132,8579848,34359738367,537032,0,62720,0,1126400,0,0,0,0,0,0,0,0,2048,0,488720,42405888,93323264
1743619673.001913,600855,21068467,0,131892268,123143712,123291808,0,1121232,0,246696,5431440,146040,4598316,100656,833124,1048576,1048576,0,0,0,0,5605904,518140,187236,110152,720280,110152,610128,27728,44424,0,0,0,65946132,8579848,34359738367,537032,0,62720,0,1126400,0,0,0,0,0,0,0,0,2048,0,488720,42405888,93323264
1743619674.001978,600855,21068467,0,131892268,123143712,123291808,0,1121232,0,246696,5431440,146040,4598316,100656,833124,1048576,1048576,0,0,0,0,5605904,518140,187236,110152,720280,110152,610128,27728,44424,0,0,0,65946132,8579848,34359738367,537032,0,62720,0,1126400,0,0,0,0,0,0,0,0,2048,0,488720,42405888,93323264
1743619675.001501,600855,21068467,0,131892268,123143740,123291836,0,1121232,0,246696,5431440,146040,4598316,100656,833124,1048576,1048576,0,0,0,0,5605904,518140,187236,110152,720280,110152,610128,27712,44424,0,0,0,65946132,8579848,34359738367,537016,0,62720,0,1126400,0,0,0,0,0,0,0,0,2048,0,488720,42405888,93323264
1743619676.001583,600855,21068467,0,131892268,123143740,123291836,0,1121232,0,246696,5431440,146040,4598316,100656,833124,1048576,1048576,0,0,0,0,5605904,518140,187236,110152,720280,110152,610128,27712,44424,0,0,0,65946132,8579848,34359738367,537016,0,62720,0,1126400,0,0,0,0,0,0,0,0,2048,0,488720,42405888,93323264
1743619677.002013,600855,21068467,0,131892268,123143732,123291828,0,1121232,0,246696,5431440,146040,4598316,100656,833124,1048576,1048576,0,0,0,0,5605904,518140,187236,110152,720288,110152,610136,27712,44424,0,0,0,65946132,8579848,34359738367,537016,0,62720,0,1126400,0,0,0,0,0,0,0,0,2048,0,488720,42405888,93323264
1743619678.001132,600855,21068467,0,131892268,123143724,123291820,0,1121232,0,246696,5431440,146040,4598316,100656,833124,1048576,1048576,0,0,0,0,5605904,518140,187236,110152,720296,110152,610144,27712,44424,0,0,0,65946132,8579848,34359738367,537016,0,62720,0,1126400,0,0,0,0,0,0,0,0,2048,0,488720,42405888,93323264
1743619679.001594,600855,21068467,0,131892268,123143724,123291820,0,1121232,0,246696,5431440,146040,4598316,100656,833124,1048576,1048576,0,0,0,0,5605904,518140,187236,110152,720296,110152,610144,27712,44424,0,0,0,65946132,8579848,34359738367,537016,0,62720,0,1126400,0,0,0,0,0,0,0,0,2048,0,488720,42405888,93323264
1743619680.001681,600855,21068467,0,131892268,123143724,123291820,0,1121232,0,246696,5431440,146040,4598316,100656,833124,1048576,1048576,0,0,0,0,5605904,518140,187236,110152,720296,110152,610144,27712,44424,0,0,0,65946132,8579848,34359738367,537016,0,62720,0,1126400,0,0,0,0,0,0,0,0,2048,0,488720,42405888,93323264
1743619681.002096,600855,21068467,0,131892268,123143724,123291820,0,1121232,0,246696,5431440,146040,4598316,100656,833124,1048576,1048576,0,0,0,0,5605904,518140,187236,110152,720296,110152,610144,27712,44424,0,0,0,65946132,8579848,34359738367,537016,0,62720,0,1126400,0,0,0,0,0,0,0,0,2048,0,488720,42405888,93323264
1743619682.001598,600855,21068467,0,131892268,123143724,123291820,0,1121232,0,246696,5431440,146040,4598316,100656,833124,1048576,1048576,0,0,0,0,5605904,518140,187236,110152,720296,110152,610144,27712,44424,0,0,0,65946132,8579848,34359738367,537016,0,62720,0,1126400,0,0,0,0,0,0,0,0,2048,0,488720,42405888,93323264
1743619683.001720,600855,21068467,0,131892268,123143724,123291820,0,1121232,0,246696,5431440,146040,4598316,100656,833124,1048576,1048576,0,0,0,0,5605904,518140,187236,110152,720296,110152,610144,27712,44424,0,0,0,65946132,8579848,34359738367,537016,0,62720,0,1126400,0,0,0,0,0,0,0,0,2048,0,488720,42405888,93323264
1743619684.002143,600855,21068467,0,131892268,123143724,123291820,0,1121232,0,246696,5431440,146040,4598316,100656,833124,1048576,1048576,0,0,0,0,5605904,518140,187236,110152,720296,110152,610144,27712,44424,0,0,0,65946132,8579848,34359738367,537016,0,62720,0,1126400,0,0,0,0,0,0,0,0,2048,0,488720,42405888,93323264
1743619685.001647,600855,21068467,0,131892268,123219752,123368764,0,1121848,0,250520,5353352,145956,4523236,104564,830116,1048576,1048576,0,0,0,0,5530900,484368,186960,110184,720276,110184,610092,27408,42732,0,0,0,65946132,6290260,34359738367,536152,0,62720,0,1126400,0,0,0,0,0,0,0,0,2048,0,488720,42405888,93323264
1743619686.001735,600855,21068467,0,131892268,127075824,127224836,0,1120596,0,294228,1630664,63928,926284,230300,704380,1048576,1048576,0,0,0,0,1852320,277428,185708,110184,719324,110184,609140,27136,15568,0,0,0,65946132,1983616,34359738367,534488,0,62720,0,1126400,0,0,0,0,0,0,0,0,2048,0,488720,42405888,93323264
1743619687.001296,600855,21068467,0,131892268,127961388,127428704,0,244324,0,68020,974772,25428,949204,42592,25568,1048576,1048576,0,0,0,0,1847328,273620,175624,104040,708564,104040,604524,24960,11192,0,0,0,65946132,2032524,34359738367,534456,0,62720,0,1126400,0,0,0,0,0,0,0,0,2048,0,488720,42405888,93323264
1743619688.001070,600855,21068467,0,131892268,128017072,127491092,0,187112,0,74312,912476,25468,880204,48844,32272,1048576,1048576,0,0,0,0,1848232,273188,105964,104488,708752,104488,604264,24912,11104,0,0,0,65946132,1936420,34359738367,534376,0,62720,0,1126400,0,0,0,0,0,0,0,0,2048,0,488720,42405888,93323264
1743619689.000719,600855,21068467,0,131892268,128002452,127480596,0,194080,0,77536,920492,25508,884404,52028,36088,1048576,1048576,0,0,0,0,1853060,273272,105964,105736,709148,105736,603412,24976,11400,0,0,0,65946132,1936740,34359738367,534344,0,62720,0,1126400,0,0,0,0,0,0,0,0,2048,0,488720,42405888,93323264
1743619690.001286,600855,21068467,0,131892268,128002112,127480484,0,194540,0,78660,919176,25488,883776,53172,35400,1048576,1048576,0,0,0,0,1852020,273208,105968,105736,708976,105736,603240,24912,11040,0,0,0,65946132,1964768,34359738367,534344,0,62720,0,1126400,0,0,0,0,0,0,0,0,2048,0,488720,42405888,93323264
