timestamp,component_id,job_id,app_id,MemTotal,MemFree,MemAvailable,Buffers,Cached,SwapCached,Active,Inactive,Active(anon),Inactive(anon),Active(file),Inactive(file),Unevictable,Mlocked,SwapTotal,SwapFree,Dirty,Writeback,AnonPages,Mapped,Shmem,KReclaimable,Slab,SReclaimable,SUnreclaim,KernelStack,PageTables,NFS_Unstable,Bounce,WritebackTmp,CommitLimit,Committed_AS,VmallocTotal,VmallocUsed,VmallocChunk,Percpu,HardwareCorrupted,AnonHugePages,ShmemHugePages,ShmemPmdMapped,FileHugePages,FilePmdMapped,HugePages_Total,HugePages_Free,HugePages_Rsvd,HugePages_Surp,Hugepagesize,Hugetlb,DirectMap4k,DirectMap2M,DirectMap1G
1743619781.001717,600960,21068470,0,131892240,128202720,127701788,0,236872,0,76768,794940,26004,707952,50764,86988,1048576,1048576,0,0,0,0,1683720,262396,99024,97948,677860,97948,579912,25184,11904,0,0,0,65946120,4107068,34359738367,495360,0,64640,0,1126400,0,0,0,0,0,0,0,0,2048,0,507152,36096000,99614720
1743619782.002204,600960,21068470,0,131892240,128180928,127684840,0,246212,0,76952,816028,26004,719892,50948,96136,1048576,1048576,0,0,0,0,1695660,266124,99024,98300,678284,98300,579984,25184,11952,0,0,0,65946120,4122380,34359738367,495360,0,64640,0,1126400,0,0,0,0,0,0,0,0,2048,0,507152,36096000,99614720
1743619783.001548,600960,21068470,0,131892240,128161740,127668308,0,251488,0,77224,834508,26004,733396,51220,101112,1048576,1048576,0,0,0,0,1709152,267096,99024,98368,678296,98368,579928,25168,11972,0,0,0,65946120,4129652,34359738367,495344,0,64640,0,1126400,0,0,0,0,0,0,0,0,2048,0,507152,36096000,99614720
1743619784.002004,600960,21068470,0,131892240,128138824,127655756,0,272128,0,77232,857728,26004,735928,51228,121800,1048576,1048576,0,0,4,0,1711724,267356,99024,98400,678320,98400,579920,25168,11988,0,0,0,65946120,4137060,34359738367,495344,0,64640,0,1126400,0,0,0,0,0,0,0,0,2048,0,507152,36096000,99614720
1743619785.001400,600960,21068470,0,131892240,128132676,127650972,0,274864,0,77592,862820,26036,738616,51556,124204,1048576,1048576,0,0,4,0,1714452,267872,99028,98400,678256,98400,579856,25184,12276,0,0,0,65946120,4144212,34359738367,495360,0,64640,0,1126400,0,0,0,0,0,0,0,0,2048,0,507152,36096000,99614720
1743619786.001851,600960,21068470,0,131892240,128059884,127589280,0,296552,0,78844,925880,26552,781076,52292,144804,1048576,1048576,0,0,0,0,1757324,279588,99244,99264,679784,99264,580520,25504,17388,0,0,0,65946120,4267572,34359738367,496032,0,64640,0,1126400,0,0,0,0,0,0,0,0,2048,0,507152,36096000,99614720
1743619787.002174,600960,21068470,0,131892240,127991608,127548780,0,352320,0,78844,991492,26552,791136,52292,200356,1048576,1048576,0,0,0,0,1767204,313640,99256,99264,679840,99264,580576,25520,21972,0,0,0,65946120,4267572,34359738367,496032,0,64640,0,1126400,0,0,0,0,0,0,0,0,2048,0,507152,36096000,99614720
1743619788.001686,600960,21068470,0,131892240,127973436,127537736,0,366692,0,78844,1009072,26552,794464,52292,214608,1048576,1048576,0,0,0,0,1770552,324460,99256,99264,679876,99264,580612,25520,22700,0,0,0,65946120,4267572,34359738367,496032,0,64640,0,1126400,0,0,0,0,0,0,0,0,2048,0,507152,36096000,99614720
1743619789.002047,600960,21068470,0,131892240,127945296,127521960,0,391268,0,78844,1034992,26552,795652,52292,239340,1048576,1048576,0,0,0,0,1771968,340792,99256,99264,679888,99264,580624,25520,24076,0,0,0,65946120,4267572,34359738367,496032,0,64640,0,1126400,0,0,0,0,0,0,0,0,2048,0,507152,36096000,99614720
1743619790.011908,600960,21068470,0,131892240,127217244,126801964,0,482964,0,79908,1605500,26560,1351108,53348,254392,1048576,1048576,0,0,0,0,2251064,424412,175108,99264,684212,99264,584948,26416,35372,0,0,0,65946120,5147968,34359738367,497024,0,64640,0,1126400,0,0,0,0,0,0,0,0,2048,0,507152,36096000,99614720
1743619791.001404,600960,21068470,0,131892240,127005996,126597356,0,497716,0,83232,1813556,29052,1546556,54180,267000,1048576,1048576,0,0,884,0,2447996,439484,176544,99104,685080,99104,585976,27072,37180,0,0,0,65946120,5393064,34359738367,497104,0,64640,0,1126400,0,0,0,0,0,0,0,0,2048,0,507152,36096000,99614720
1743619792.001462,600960,21068470,0,131892240,126999508,126592192,0,500472,0,83848,1820956,29668,1551308,54180,269648,1048576,1048576,0,0,1948,0,2453332,441284,176844,99104,685024,99104,585920,27072,37260,0,0,0,65946120,5393064,34359738367,497104,0,64640,0,1126400,0,0,0,0,0,0,0,0,2048,0,507152,36096000,99614720
1743619793.001885,600960,21068470,0,131892240,126790780,126387164,0,508232,0,89852,2023156,35664,1746112,54188,277044,1048576,1048576,0,0,2104,0,2654172,449336,176712,99104,685128,99104,586024,27088,38000,0,0,0,65946120,5597692,34359738367,497120,0,64640,0,1126400,0,0,0,0,0,0,0,0,2048,0,507152,36096000,99614720
1743619794.001310,600960,21068470,0,131892240,126747140,126344148,0,509284,0,104992,2051332,50804,1773044,54188,278288,1048576,1048576,0,0,2104,0,2696236,450444,176712,99104,685128,99104,586024,27088,38068,0,0,0,65946120,5688616,34359738367,497120,0,64640,0,1126400,0,0,0,0,0,0,0,0,2048,0,507152,36096000,99614720
1743619795.001405,600960,21068470,0,131892240,126595972,126193724,0,510780,0,119740,2187400,65552,1907620,54188,279780,1048576,1048576,0,0,2108,0,2845944,451708,176712,99104,685132,99104,586028,27088,38804,0,0,0,65946120,6122028,34359738367,497120,0,64640,0,1126400,0,0,0,0,0,0,0,0,2048,0,507152,36096000,99614720
1743619796.001897,600960,21068470,0,131892240,125905312,125508972,0,522600,0,132540,2863344,78352,2571752,54188,291592,1048576,1048576,0,0,0,0,3522704,462812,176712,99104,685144,99104,586040,27088,40088,0,0,0,65946120,6847268,34359738367,497120,0,64640,0,1126400,0,0,0,0,0,0,0,0,2048,0,507152,36096000,99614720
1743619797.001329,600960,21068470,0,131892240,125870164,125475716,0,526540,0,138348,2893560,84160,2598184,54188,295376,1048576,1048576,0,0,0,0,3554716,466264,176712,99104,685152,99104,586048,27088,40420,0,0,0,65946120,6876952,34359738367,497120,0,64640,0,1126400,0,0,0,0,0,0,0,0,2048,0,507152,36096000,99614720
1743619798.001407,600960,21068470,0,131892240,125869744,125475496,0,526984,0,138348,2893972,84160,2598192,54188,295780,1048576,1048576,0,0,152,0,3554716,466544,176760,99104,685152,99104,586048,27088,40420,0,0,0,65946120,6876952,34359738367,497120,0,64640,0,1126400,0,0,0,0,0,0,0,0,2048,0,507152,36096000,99614720
1743619799.001831,600960,21068470,0,131892240,125869616,125475400,0,527072,0,138348,2894032,84160,2598192,54188,295840,1048576,1048576,0,0,208,0,3554716,466560,176776,99104,685152,99104,586048,27088,40420,0,0,0,65946120,6876952,34359738367,497120,0,64640,0,1126400,0,0,0,0,0,0,0,0,2048,0,507152,36096000,99614720
1743619800.002270,600960,21068470,0,131892240,125869484,125475356,0,527264,0,138348,2894200,84160,2598180,54188,296020,1048576,1048576,0,0,384,0,3554716,466560,176776,99104,685152,99104,586048,27088,40420,0,0,0,65946120,6876952,34359738367,497120,0,64640,0,1126400,0,0,0,0,0,0,0,0,2048,0,507152,36096000,99614720
1743619801.001823,600960,21068470,0,131892240,125869116,125475224,0,527424,0,138348,2894312,84160,2598172,54188,296140,1048576,1048576,0,0,524,0,3554716,466560,176776,99456,685504,99456,586048,27088,40420,0,0,0,65946120,6876952,34359738367,497120,0,64640,0,1126400,0,0,0,0,0,0,0,0,2048,0,507152,36096000,99614720
1743619802.002078,600960,21068470,0,131892240,125869060,125475224,0,527588,0,138352,2894412,84160,2598168,54192,296244,1048576,1048576,0,0,616,0,3554716,466616,176832,99456,685504,99456,586048,27088,40420,0,0,0,65946120,6876952,34359738367,497120,0,64640,0,1126400,0,0,0,0,0,0,0,0,2048,0,507152,36096000,99614720
1743619803.001382,600960,21068470,0,131892240,125868944,125475204,0,527752,0,138360,2894652,84160,2598220,54200,296432,1048576,1048576,0,0,116,0,3554716,466624,176840,99456,685504,99456,586048,27088,40420,0,0,0,65946120,6876952,34359738367,497120,0,64640,0,1126400,0,0,0,0,0,0,0,0,2048,0,507152,36096000,99614720
1743619804.001636,600960,21068470,0,131892240,125796488,125403308,0,528920,0,138568,2966420,84328,2668912,54240,297508,1048576,1048576,0,0,156,0,3625628,467560,176840,99456,685516,99456,586060,27088,40420,0,0,0,65946120,7193884,34359738367,497120,0,64640,0,1126400,0,0,0,0,0,0,0,0,2048,0,507152,36096000,99614720
1743619805.001976,600960,21068470,0,131892240,125303196,124911060,0,531052,0,138760,3459704,84516,3160112,54244,299592,1048576,1048576,0,0,552,64,4116496,469556,177080,99456,685608,99456,586152,27088,41256,0,0,0,65946120,7200064,34359738367,497120,0,64640,0,1126400,0,0,0,0,0,0,0,0,2048,0,507152,36096000,99614720
1743619806.001384,600960,21068470,0,131892240,125302684,124910932,0,532040,0,138784,3460652,84536,3160296,54248,300356,1048576,1048576,0,0,1076,0,4116496,470072,177304,99456,685480,99456,586024,27088,41256,0,0,0,65946120,7200088,34359738367,497120,0,64640,0,1126400,0,0,0,0,0,0,0,0,2048,0,507152,36096000,99614720
1743619807.001744,600960,21068470,0,131892240,125301244,124910080,0,533668,0,138836,3462380,84592,3160840,54244,301540,1048576,1048576,0,0,2156,0,4116500,470588,177812,99456,685464,99456,586008,27088,41256,0,0,0,65946120,7199304,34359738367,497120,0,64640,0,1126400,0,0,0,0,0,0,0,0,2048,0,507152,36096000,99614720
1743619808.002027,600960,21068470,0,131892240,125300588,124909736,0,534588,0,138844,3463264,84600,3161100,54244,302164,1048576,1048576,0,0,500,48,4116500,470872,178100,99456,685300,99456,585844,27088,41256,0,0,0,65946120,7204024,34359738367,497120,0,64640,0,1126400,0,0,0,0,0,0,0,0,2048,0,507152,36096000,99614720
1743619809.001340,600960,21068470,0,131892240,125299328,124908916,0,535940,0,138896,3464536,84648,3161500,54248,303036,1048576,1048576,0,0,1364,0,4116500,471336,178564,99456,685428,99456,585972,27088,41256,0,0,0,65946120,7209292,34359738367,497120,0,64640,0,1126400,0,0,0,0,0,0,0,0,2048,0,507152,36096000,99614720
1743619810.017007,600960,21068470,0,131892240,125298332,124908396,0,537232,0,138948,3465808,84696,3161864,54252,303944,1048576,1048576,0,0,2200,188,4116492,471760,178992,99492,685416,99492,585924,27088,41248,0,0,0,65946120,7208400,34359738367,497120,0,64640,0,1126400,0,0,0,0,0,0,0,0,2048,0,507152,36096000,99614720
1743619811.001221,600960,21068470,0,131892240,125297060,124907488,0,538372,0,138948,3466920,84696,3162244,54252,304676,1048576,1048576,0,0,2940,0,4116500,472156,179380,99492,685400,99492,585908,27088,41256,0,0,0,65946120,7215480,34359738367,497120,0,64640,0,1126400,0,0,0,0,0,0,0,0,2048,0,507152,36096000,99614720
1743619812.001296,600960,21068470,0,131892240,125295292,124906292,0,539896,0,139200,3468076,84948,3162256,54252,305820,1048576,1048576,0,0,3456,0,4116500,472496,179724,99492,685736,99492,586244,27088,41256,0,0,0,65946120,7221848,34359738367,497120,0,64640,0,1126400,0,0,0,0,0,0,0,0,2048,0,507152,36096000,99614720
1743619813.001725,600960,21068470,0,131892240,125293560,124904964,0,540820,0,140992,3467228,86724,3160652,54268,306576,1048576,1048576,0,0,372,0,4116512,473000,179860,99524,685548,99524,586024,27088,41256,0,0,0,65946120,7221848,34359738367,497120,0,64640,0,1126400,0,0,0,0,0,0,0,0,2048,0,507152,36096000,99614720
1743619814.002192,600960,21068470,0,131892240,125077788,124689360,0,541044,0,143516,3679312,89248,3372400,54268,306912,1048576,1048576,0,0,580,0,4332868,473000,179860,99524,685556,99524,586032,27088,41396,0,0,0,65946120,7382156,34359738367,497120,0,64640,0,1126400,0,0,0,0,0,0,0,0,2048,0,507152,36096000,99614720
1743619815.001262,600960,21068470,0,131892240,124985952,124597996,0,542036,0,149484,3766008,95208,3458160,54276,307848,1048576,1048576,0,0,1540,0,4422876,473248,179872,99524,685620,99524,586096,27088,41904,0,0,0,65946120,7491316,34359738367,497120,0,64640,0,1126400,0,0,0,0,0,0,0,0,2048,0,507152,36096000,99614720
1743619816.001744,600960,21068470,0,131892240,124458924,124071088,0,542280,0,156832,4280440,102564,3972344,54268,308096,1048576,1048576,0,0,1784,0,4949804,473232,179852,99524,685720,99524,586196,27088,42076,0,0,0,65946120,8092408,34359738367,497120,0,64640,0,1126400,0,0,0,0,0,0,0,0,2048,0,507152,36096000,99614720
1743619817.002163,600960,21068470,0,131892240,123646072,123283476,0,597524,0,164492,5074720,106868,4719500,57624,355220,1048576,1048576,0,0,53944,0,5695968,475612,179768,99524,686316,99524,586792,27120,44300,0,0,0,65946120,8905160,34359738367,497152,0,64640,0,1126400,0,0,0,0,0,0,0,0,2048,0,507152,36096000,99614720
1743619818.001060,600960,21068470,0,131892240,123605680,123247724,0,602328,0,169888,5121560,107948,4761372,61940,360188,1048576,1048576,0,0,5104,332,5739132,477000,179768,99524,687064,99524,587540,27120,44600,0,0,0,65946120,8913144,34359738367,497152,0,64640,0,1126400,0,0,0,0,0,0,0,0,2048,0,507152,36096000,99614720
1743619819.001538,600960,21068470,0,131892240,123545248,123187448,0,602616,0,169888,5181964,107948,4821464,61940,360500,1048576,1048576,0,0,5132,0,5799368,477144,179768,99524,686812,99524,587288,27120,44716,0,0,0,65946120,8967024,34359738367,497152,0,64640,0,1126400,0,0,0,0,0,0,0,0,2048,0,507152,36096000,99614720
1743619820.002021,600960,21068470,0,131892240,123545248,123187448,0,602628,0,169888,5181964,107948,4821464,61940,360500,1048576,1048576,0,0,5144,0,5799368,477144,179768,99524,686812,99524,587288,27120,44716,0,0,0,65946120,8967024,34359738367,497152,0,64640,0,1126400,0,0,0,0,0,0,0,0,2048,0,507152,36096000,99614720
1743619821.001637,600960,21068470,0,131892240,123545044,123187384,0,602876,0,171784,5180348,109800,4819612,61984,360736,1048576,1048576,0,0,5188,0,5799368,477144,179768,99524,686820,99524,587296,27120,44716,0,0,0,65946120,8967024,34359738367,497152,0,64640,0,1126400,0,0,0,0,0,0,0,0,2048,0,507152,36096000,99614720
1743619822.001920,600960,21068470,0,131892240,123545036,123187376,0,602892,0,171784,5180348,109800,4819612,61984,360736,1048576,1048576,0,0,5204,0,5799368,477144,179768,99524,686828,99524,587304,27120,44716,0,0,0,65946120,8967024,34359738367,497152,0,64640,0,1126400,0,0,0,0,0,0,0,0,2048,0,507152,36096000,99614720
1743619823.001269,600960,21068470,0,131892240,123545040,123187380,0,602904,0,171784,5180368,109800,4819632,61984,360736,1048576,1048576,0,0,48,4912,5799368,477144,179768,99524,686828,99524,587304,27120,44716,0,0,0,65946120,8967024,34359738367,497152,0,64640,0,1126400,0,0,0,0,0,0,0,0,2048,0,507152,36096000,99614720
1743619824.001604,600960,21068470,0,131892240,123545132,123187612,0,603156,0,171928,5180504,109944,4819492,61984,361012,1048576,1048576,0,0,96,0,5799368,477148,179772,99524,686388,99524,586864,27120,44716,0,0,0,65946120,8967024,34359738367,497152,0,64640,0,1126400,0,0,0,0,0,0,0,0,2048,0,507152,36096000,99614720
1743619825.001942,600960,21068470,0,131892240,123496272,123169800,0,645188,0,172012,5221956,109944,4819500,62068,402456,1048576,1048576,0,0,43320,0,5799368,477148,179772,99524,686520,99524,586996,27120,44716,0,0,0,65946120,8971940,34359738367,497152,0,64640,0,1126400,0,0,0,0,0,0,0,0,2048,0,507152,36096000,99614720
1743619826.001310,600960,21068470,0,131892240,123495852,123175804,0,651500,0,174556,5226292,110172,4819728,64384,406564,1048576,1048576,0,0,49184,0,5799368,477148,179772,99524,687188,99524,587664,27120,44716,0,0,0,65946120,8971940,34359738367,497152,0,64640,0,1126400,0,0,0,0,0,0,0,0,2048,0,507152,36096000,99614720
1743619827.001622,600960,21068470,0,131892240,123495628,123175804,0,651752,0,175004,5226068,110516,4819384,64488,406684,1048576,1048576,0,0,49232,0,5799376,477148,179772,99524,687188,99524,587664,27120,44716,0,0,0,65946120,8971940,34359738367,497152,0,64640,0,1126400,0,0,0,0,0,0,0,0,2048,0,507152,36096000,99614720
1743619828.001989,600960,21068470,0,131892240,123495628,123175804,0,651772,0,175004,5226068,110516,4819384,64488,406684,1048576,1048576,0,0,49252,0,5799376,477148,179772,99524,687188,99524,587664,27120,44716,0,0,0,65946120,8971940,34359738367,497152,0,64640,0,1126400,0,0,0,0,0,0,0,0,2048,0,507152,36096000,99614720
1743619829.001333,600960,21068470,0,131892240,123495684,123175860,0,651788,0,175004,5226068,110516,4819384,64488,406684,1048576,1048576,0,0,49268,0,5799376,477148,179772,99524,687188,99524,587664,27120,44716,0,0,0,65946120,8971940,34359738367,497152,0,64640,0,1126400,0,0,0,0,0,0,0,0,2048,0,507152,36096000,99614720
1743619830.007747,600960,21068470,0,131892240,123495504,123175988,0,652028,0,175388,5226008,110840,4819076,64548,406932,1048576,1048576,0,0,49304,0,5799400,477148,179772,99524,687196,99524,587672,27120,44720,0,0,0,65946120,8971940,34359738367,497152,0,64640,0,1126400,0,0,0,0,0,0,0,0,2048,0,507152,36096000,99614720
1743619831.002176,600960,21068470,0,131892240,123495480,123175964,0,652040,0,175388,5226008,110840,4819076,64548,406932,1048576,1048576,0,0,49316,0,5799400,477148,179772,99524,687196,99524,587672,27120,44720,0,0,0,65946120,8971940,34359738367,497152,0,64640,0,1126400,0,0,0,0,0,0,0,0,2048,0,507152,36096000,99614720
1743619832.001242,600960,21068470,0,131892240,123495500,123175984,0,652068,0,175388,5226008,110840,4819076,64548,406932,1048576,1048576,0,0,49344,0,5799400,477148,179772,99524,687196,99524,587672,27120,44720,0,0,0,65946120,8971940,34359738367,497152,0,64640,0,1126400,0,0,0,0,0,0,0,0,2048,0,507152,36096000,99614720
1743619833.001647,600960,21068470,0,131892240,123444992,123173508,0,700256,0,178040,5272124,110960,4819692,67080,452432,1048576,1048576,0,0,97492,0,5800056,477152,179776,99524,688476,99524,588952,27120,44720,0,0,0,65946120,8971940,34359738367,497152,0,64640,0,1126400,0,0,0,0,0,0,0,0,2048,0,507152,36096000,99614720
1743619834.001353,600960,21068470,0,131892240,123444968,123173856,0,700616,0,178100,5272436,110960,4819692,67140,452744,1048576,1048576,0,0,97860,0,5800056,477152,179776,99524,688540,99524,589016,27120,44720,0,0,0,65946120,8971940,34359738367,497152,0,64640,0,1126400,0,0,0,0,0,0,0,0,2048,0,507152,36096000,99614720
1743619835.001475,600960,21068470,0,131892240,123444960,123173848,0,700628,0,178100,5272436,110960,4819692,67140,452744,1048576,1048576,0,0,97872,0,5800068,477152,179776,99524,688548,99524,589024,27120,44720,0,0,0,65946120,8971940,34359738367,497152,0,64640,0,1126400,0,0,0,0,0,0,0,0,2048,0,507152,36096000,99614720
1743619836.001936,600960,21068470,0,131892240,123444932,123173820,0,700640,0,178100,5272436,110960,4819692,67140,452744,1048576,1048576,0,0,97884,0,5800072,477152,179776,99524,688548,99524,589024,27120,44720,0,0,0,65946120,8971940,34359738367,497152,0,64640,0,1126400,0,0,0,0,0,0,0,0,2048,0,507152,36096000,99614720
1743619837.001395,600960,21068470,0,131892240,123444904,123173824,0,700652,0,178100,5272496,110960,4819720,67140,452776,1048576,1048576,0,0,97896,0,5800092,477152,179776,99524,688548,99524,589024,27120,44720,0,0,0,65946120,8971940,34359738367,497152,0,64640,0,1126400,0,0,0,0,0,0,0,0,2048,0,507152,36096000,99614720
1743619838.001463,600960,21068470,0,131892240,123434420,123163648,0,700888,0,178100,5272804,110960,4819720,67140,453084,1048576,1048576,0,0,5688,80852,5800092,477152,179776,99524,690088,99524,590564,27120,44720,0,0,0,65946120,8971940,34359738367,497152,0,64640,0,1126400,0,0,0,0,0,0,0,0,2048,0,507152,36096000,99614720
1743619839.001886,600960,21068470,0,131892240,123445892,123175132,0,700912,0,179180,5271756,111840,4818860,67340,452896,1048576,1048576,0,0,5528,0,5800124,477152,179776,99524,686972,99524,587448,27120,44720,0,0,0,65946120,8971940,34359738367,497152,0,64640,0,1126400,0,0,0,0,0,0,0,0,2048,0,507152,36096000,99614720
1743619840.001351,600960,21068470,0,131892240,123445840,123175120,0,700920,0,179180,5271816,111840,4818880,67340,452936,1048576,1048576,0,0,5544,0,5800152,477152,179776,99524,687004,99524,587480,27120,44720,0,0,0,65946120,8971940,34359738367,497152,0,64640,0,1126400,0,0,0,0,0,0,0,0,2048,0,507152,36096000,99614720
1743619841.001658,600960,21068470,0,131892240,123445756,123175140,0,700928,0,179180,5271996,111840,4818956,67340,453040,1048576,1048576,0,0,5552,0,5800212,477152,179776,99524,687004,99524,587480,27120,44720,0,0,0,65946120,8971940,34359738367,497152,0,64640,0,1126400,0,0,0,0,0,0,0,0,2048,0,507152,36096000,99614720
1743619842.002050,600960,21068470,0,131892240,123445728,123175112,0,700928,0,179180,5271996,111840,4818956,67340,453040,1048576,1048576,0,0,5552,0,5800252,477152,179776,99524,687004,99524,587480,27120,44720,0,0,0,65946120,8971940,34359738367,497152,0,64640,0,1126400,0,0,0,0,0,0,0,0,2048,0,507152,36096000,99614720
1743619843.001354,600960,21068470,0,131892240,123445588,123175008,0,700940,0,179180,5272116,111840,4819040,67340,453076,1048576,1048576,0,0,5564,0,5800380,477152,179776,99524,687004,99524,587480,27120,44720,0,0,0,65946120,8971940,34359738367,497152,0,64640,0,1126400,0,0,0,0,0,0,0,0,2048,0,507152,36096000,99614720
1743619844.001651,600960,21068470,0,131892240,123445492,123175252,0,701208,0,179896,5271924,112440,4818624,67456,453300,1048576,1048576,0,0,72,0,5800532,477168,179792,99524,686656,99524,587132,27120,44720,0,0,0,65946120,8971940,34359738367,497152,0,64640,0,1126400,0,0,0,0,0,0,0,0,2048,0,507152,36096000,99614720
1743619845.001186,600960,21068470,0,131892240,123445436,123175196,0,701216,0,179896,5271924,112440,4818624,67456,453300,1048576,1048576,0,0,84,0,5800540,477168,179792,99524,686656,99524,587132,27120,44720,0,0,0,65946120,8971940,34359738367,497152,0,64640,0,1126400,0,0,0,0,0,0,0,0,2048,0,507152,36096000,99614720
1743619846.001469,600960,21068470,0,131892240,123445296,123175056,0,701224,0,179896,5272044,112440,4818744,67456,453300,1048576,1048576,0,0,92,0,5800728,477168,179792,99524,686656,99524,587132,27120,44720,0,0,0,65946120,8971940,34359738367,497152,0,64640,0,1126400,0,0,0,0,0,0,0,0,2048,0,507152,36096000,99614720
1743619847.001869,600960,21068470,0,131892240,123396440,123174508,0,749528,0,182548,5317748,112540,4818692,70008,499056,1048576,1048576,0,0,49180,0,5800700,477168,179792,99524,687704,99524,588180,27120,44720,0,0,0,65946120,8970528,34359738367,497152,0,64640,0,1126400,0,0,0,0,0,0,0,0,2048,0,507152,36096000,99614720
1743619848.001196,600960,21068470,0,131892240,123396440,123174508,0,749532,0,182548,5317748,112540,4818692,70008,499056,1048576,1048576,0,0,49184,0,5800716,477168,179792,99524,687704,99524,588180,27120,44720,0,0,0,65946120,8970528,34359738367,497152,0,64640,0,1126400,0,0,0,0,0,0,0,0,2048,0,507152,36096000,99614720
1743619849.001535,600960,21068470,0,131892240,123396132,123174212,0,749544,0,182548,5318048,112540,4818980,70008,499068,1048576,1048576,0,0,49196,0,5801008,477168,179792,99524,687704,99524,588180,27120,44720,0,0,0,65946120,8970528,34359738367,497152,0,64640,0,1126400,0,0,0,0,0,0,0,0,2048,0,507152,36096000,99614720
1743619850.007872,600960,21068470,0,131892240,123395712,123174120,0,749844,0,183156,5317892,112968,4818676,70188,499216,1048576,1048576,0,0,49232,0,5801100,477216,179840,99524,687712,99524,588188,27120,44720,0,0,0,65946120,8970528,34359738367,497152,0,64640,0,1126400,0,0,0,0,0,0,0,0,2048,0,507152,36096000,99614720
1743619851.002292,600960,21068470,0,131892240,123395376,123173792,0,749852,0,183156,5318192,112968,4818968,70188,499224,1048576,1048576,0,0,49240,0,5801408,477216,179840,99524,687712,99524,588188,27120,44720,0,0,0,65946120,8970528,34359738367,497152,0,64640,0,1126400,0,0,0,0,0,0,0,0,2048,0,507152,36096000,99614720
1743619852.001411,600960,21068470,0,131892240,123395012,123173428,0,749864,0,183156,5318612,112968,4819388,70188,499224,1048576,1048576,0,0,49252,0,5801836,477216,179840,99524,687712,99524,588188,27120,44720,0,0,0,65946120,8970528,34359738367,497152,0,64640,0,1126400,0,0,0,0,0,0,0,0,2048,0,507152,36096000,99614720
1743619853.001867,600960,21068470,0,131892240,123394732,123173148,0,749880,0,183156,5318852,112968,4819628,70188,499224,1048576,1048576,0,0,49268,0,5802104,477216,179840,99524,687716,99524,588192,27120,44720,0,0,0,65946120,8970528,34359738367,497152,0,64640,0,1126400,0,0,0,0,0,0,0,0,2048,0,507152,36096000,99614720
1743619854.001332,600960,21068470,0,131892240,123394424,123172840,0,749880,0,183156,5319092,112968,4819868,70188,499224,1048576,1048576,0,0,49268,0,5802384,477216,179840,99524,687716,99524,588192,27120,44720,0,0,0,65946120,8970528,34359738367,497152,0,64640,0,1126400,0,0,0,0,0,0,0,0,2048,0,507152,36096000,99614720
1743619855.001402,600960,21068470,0,131892240,123393808,123172224,0,749888,0,183216,5319632,112976,4820460,70240,499172,1048576,1048576,0,0,49276,0,5802972,477216,179840,99524,687716,99524,588192,27120,44720,0,0,0,65946120,8970528,34359738367,497152,0,64640,0,1126400,0,0,0,0,0,0,0,0,2048,0,507152,36096000,99614720
1743619856.001785,600960,21068470,0,131892240,123393484,123172204,0,750220,0,183552,5319696,113268,4820264,70284,499432,1048576,1048576,0,0,49312,192,5803052,477288,179888,99524,687684,99524,588160,27120,44724,0,0,0,65946120,8970528,34359738367,497152,0,64640,0,1126400,0,0,0,0,0,0,0,0,2048,0,507152,36096000,99614720
1743619857.002233,600960,21068470,0,131892240,123392840,123171616,0,750220,0,183552,5320356,113268,4820868,70284,499488,1048576,1048576,0,0,49312,0,5803696,477288,179888,99524,687684,99524,588160,27120,44724,0,0,0,65946120,8970528,34359738367,497152,0,64640,0,1126400,0,0,0,0,0,0,0,0,2048,0,507152,36096000,99614720
1743619858.001305,600960,21068470,0,131892240,123392028,123170864,0,750240,0,183672,5320956,113364,4821432,70308,499524,1048576,1048576,0,0,49332,0,5804484,477288,179888,99524,687684,99524,588160,27120,44724,0,0,0,65946120,8970528,34359738367,497152,0,64640,0,1126400,0,0,0,0,0,0,0,0,2048,0,507152,36096000,99614720
1743619859.001735,600960,21068470,0,131892240,123392160,123171052,0,750240,0,183724,5321148,113368,4821616,70356,499532,1048576,1048576,0,0,4,56,5804552,477288,179888,99524,687528,99524,588004,27120,44724,0,0,0,65946120,8970528,34359738367,497152,0,64640,0,1126400,0,0,0,0,0,0,0,0,2048,0,507152,36096000,99614720
1743619860.002261,600960,21068470,0,131892240,123391668,123170560,0,750256,0,183964,5321628,113608,4822096,70356,499532,1048576,1048576,0,0,32,0,5805344,477288,179888,99524,687032,99524,587508,27120,44724,0,0,0,65946120,8970528,34359738367,497152,0,64640,0,1126400,0,0,0,0,0,0,0,0,2048,0,507152,36096000,99614720
1743619861.001286,600960,21068470,0,131892240,123390772,123169696,0,750264,0,184024,5322588,113624,4823068,70400,499520,1048576,1048576,0,0,40,0,5806308,477288,179888,99524,687032,99524,587508,27120,44724,0,0,0,65946120,8970528,34359738367,497152,0,64640,0,1126400,0,0,0,0,0,0,0,0,2048,0,507152,36096000,99614720
1743619862.001552,600960,21068470,0,131892240,123340064,123161160,0,794628,0,184628,5365288,113700,4824124,70928,541164,1048576,1048576,0,0,43584,0,5807264,477288,179888,99524,687252,99524,587728,27120,44728,0,0,0,65946120,8970720,34359738367,497152,0,64640,0,1126400,0,0,0,0,0,0,0,0,2048,0,507152,36096000,99614720
1743619863.001865,600960,21068470,0,131892240,123338848,123166284,0,798868,0,187292,5369944,114332,4824472,72960,545472,1048576,1048576,0,0,48944,0,5808312,477292,179892,99524,688080,99524,588556,27120,44732,0,0,0,65946120,8970720,34359738367,497152,0,64640,0,1126400,0,0,0,0,0,0,0,0,2048,0,507152,36096000,99614720
1743619864.002165,600960,21068470,0,131892240,123338652,123166088,0,798876,0,187292,5370048,114332,4824576,72960,545472,1048576,1048576,0,0,48952,0,5808424,477300,179892,99524,688080,99524,588556,27120,44732,0,0,0,65946120,8970720,34359738367,497152,0,64640,0,1126400,0,0,0,0,0,0,0,0,2048,0,507152,36096000,99614720
1743619865.001531,600960,21068470,0,131892240,123337560,123164996,0,798884,0,187592,5370648,114580,4825228,73012,545420,1048576,1048576,0,0,48964,0,5809520,477300,179892,99524,688080,99524,588556,27120,44732,0,0,0,65946120,8970720,34359738367,497152,0,64640,0,1126400,0,0,0,0,0,0,0,0,2048,0,507152,36096000,99614720
1743619866.001817,600960,21068470,0,131892240,123336216,123163728,0,798896,0,187712,5371912,114652,4826464,73060,545448,1048576,1048576,0,0,48976,0,5810860,477300,179892,99524,688080,99524,588556,27120,44732,0,0,0,65946120,8970720,34359738367,497152,0,64640,0,1126400,0,0,0,0,0,0,0,0,2048,0,507152,36096000,99614720
1743619867.002170,600960,21068470,0,131892240,123335888,123163400,0,798908,0,187712,5372392,114652,4826944,73060,545448,1048576,1048576,0,0,48988,0,5811208,477300,179892,99524,688080,99524,588556,27120,44732,0,0,0,65946120,8970720,34359738367,497152,0,64640,0,1126400,0,0,0,0,0,0,0,0,2048,0,507152,36096000,99614720
1743619868.001461,600960,21068470,0,131892240,123334824,123162392,0,798912,0,188172,5373072,115104,4827576,73068,545496,1048576,1048576,0,0,48992,0,5812312,477300,179892,99524,688080,99524,588556,27120,44732,0,0,0,65946120,8970720,34359738367,497152,0,64640,0,1126400,0,0,0,0,0,0,0,0,2048,0,507152,36096000,99614720
1743619869.001777,600960,21068470,0,131892240,123333060,123160940,0,799180,0,189300,5373780,116104,4828100,73196,545680,1048576,1048576,0,0,49028,0,5813864,477312,179904,99524,688084,99524,588560,27120,44732,0,0,0,65946120,8970720,34359738367,497152,0,64640,0,1126400,0,0,0,0,0,0,0,0,2048,0,507152,36096000,99614720
1743619870.011219,600960,21068470,0,131892240,123332892,123160772,0,799180,0,189300,5373956,116104,4828276,73196,545680,1048576,1048576,0,0,49028,0,5813992,477312,179904,99524,688084,99524,588560,27120,44732,0,0,0,65946120,8970720,34359738367,497152,0,64640,0,1126400,0,0,0,0,0,0,0,0,2048,0,507152,36096000,99614720
1743619871.001685,600960,21068470,0,131892240,123331380,123159260,0,799192,0,189652,5375108,116456,4829428,73196,545680,1048576,1048576,0,0,49040,0,5815532,477312,179904,99524,688084,99524,588560,27120,44732,0,0,0,65946120,8970720,34359738367,497152,0,64640,0,1126400,0,0,0,0,0,0,0,0,2048,0,507152,36096000,99614720
1743619872.001765,600960,21068470,0,131892240,123330764,123158644,0,799208,0,189652,5375648,116456,4829968,73196,545680,1048576,1048576,0,0,49056,0,5816136,477312,179904,99524,688084,99524,588560,27120,44732,0,0,0,65946120,8970720,34359738367,497152,0,64640,0,1126400,0,0,0,0,0,0,0,0,2048,0,507152,36096000,99614720
1743619873.001158,600960,21068470,0,131892240,123329588,123157468,0,799216,0,189712,5376788,116516,4831108,73196,545680,1048576,1048576,0,0,49064,0,5817320,477312,179904,99524,688084,99524,588560,27120,44732,0,0,0,65946120,8970720,34359738367,497152,0,64640,0,1126400,0,0,0,0,0,0,0,0,2048,0,507152,36096000,99614720
1743619874.001564,600960,21068470,0,131892240,123327740,123155620,0,799224,0,190656,5377764,117460,4832084,73196,545680,1048576,1048576,0,0,49072,0,5819232,477312,179904,99524,688084,99524,588560,27120,44756,0,0,0,65946120,8999556,34359738367,497152,0,64640,0,1126400,0,0,0,0,0,0,0,0,2048,0,507152,36096000,99614720
1743619875.001642,600960,21068470,0,131892240,123302324,123130484,0,799456,0,190668,5402464,117472,4856504,73196,545960,1048576,1048576,0,0,24,232,5843616,477312,179904,99524,688332,99524,588808,27120,44756,0,0,0,65946120,9023500,34359738367,497152,0,64640,0,1126400,0,0,0,0,0,0,0,0,2048,0,507152,36096000,99614720
1743619876.002065,600960,21068470,0,131892240,123300744,123128964,0,799484,0,191144,5403428,117896,4857460,73248,545968,1048576,1048576,0,0,56,0,5845228,477312,179904,99524,688368,99524,588844,27120,44804,0,0,0,65946120,9023500,34359738367,497152,0,64640,0,1126400,0,0,0,0,0,0,0,0,2048,0,507152,36096000,99614720
1743619877.001475,600960,21068470,0,131892240,123299456,123127728,0,799492,0,191648,5403832,118400,4857812,73248,546020,1048576,1048576,0,0,64,0,5846024,477312,179904,99524,688368,99524,588844,27120,44804,0,0,0,65946120,9023500,34359738367,497152,0,64640,0,1126400,0,0,0,0,0,0,0,0,2048,0,507152,36096000,99614720
1743619878.001547,600960,21068470,0,131892240,123298576,123126848,0,799492,0,191956,5404964,118696,4858956,73260,546008,1048576,1048576,0,0,64,0,5847388,477312,179904,99524,688368,99524,588844,27120,44804,0,0,0,65946120,9023500,34359738367,497152,0,64640,0,1126400,0,0,0,0,0,0,0,0,2048,0,507152,36096000,99614720
1743619879.001958,600960,21068470,0,131892240,123247680,123123952,0,847828,0,194540,5452384,119008,4860648,75532,591736,1048576,1048576,0,0,48936,0,5849336,477312,179904,99524,689144,99524,589620,27120,44824,0,0,0,65946120,9040568,34359738367,497152,0,64640,0,1126400,0,0,0,0,0,0,0,0,2048,0,507152,36096000,99614720
1743619880.001454,600960,21068470,0,131892240,123241032,123117320,0,847840,0,194600,5459080,119032,4867364,75568,591716,1048576,1048576,0,0,48952,0,5856012,477312,179904,99524,689144,99524,589620,27120,44824,0,0,0,65946120,9040568,34359738367,497152,0,64640,0,1126400,0,0,0,0,0,0,0,0,2048,0,507152,36096000,99614720
1743619881.001449,600960,21068470,0,131892240,123238288,123114612,0,847848,0,195136,5461172,119420,4869568,75716,591604,1048576,1048576,0,0,48960,0,5858704,477312,179904,99524,689144,99524,589620,27120,44840,0,0,0,65946120,9040568,34359738367,497152,0,64640,0,1126400,0,0,0,0,0,0,0,0,2048,0,507152,36096000,99614720
1743619882.001754,600960,21068470,0,131892240,123236916,123113548,0,848108,0,195688,5462216,119924,4870352,75764,591864,1048576,1048576,0,0,48996,220,5859892,477316,179908,99524,689156,99524,589632,27120,44840,0,0,0,65946120,9040568,34359738367,497152,0,64640,0,1126400,0,0,0,0,0,0,0,0,2048,0,507152,36096000,99614720
1743619883.002123,600960,21068470,0,131892240,123235572,123112236,0,848112,0,196320,5462796,120380,4871076,75940,591720,1048576,1048576,0,0,49000,0,5861288,477316,179908,99524,689156,99524,589632,27120,44840,0,0,0,65946120,9040568,34359738367,497152,0,64640,0,1126400,0,0,0,0,0,0,0,0,2048,0,507152,36096000,99614720
1743619884.001442,600960,21068470,0,131892240,123233724,123110448,0,848124,0,196320,5464680,120380,4872900,75940,591780,1048576,1048576,0,0,49012,0,5863048,477316,179908,99524,689156,99524,589632,27120,44840,0,0,0,65946120,9040568,34359738367,497152,0,64640,0,1126400,0,0,0,0,0,0,0,0,2048,0,507152,36096000,99614720
1743619885.001761,600960,21068470,0,131892240,123232912,123109652,0,848124,0,197156,5464720,121212,4872928,75944,591792,1048576,1048576,0,0,49012,0,5863920,477316,179908,99524,689156,99524,589632,27120,44840,0,0,0,65946120,9040568,34359738367,497152,0,64640,0,1126400,0,0,0,0,0,0,0,0,2048,0,507152,36096000,99614720
1743619886.002045,600960,21068470,0,131892240,123230364,123107116,0,848132,0,197632,5466944,121596,4875232,76036,591712,1048576,1048576,0,0,49020,0,5866484,477316,179908,99524,689156,99524,589632,27120,44848,0,0,0,65946120,9048024,34359738367,497152,0,64640,0,1126400,0,0,0,0,0,0,0,0,2048,0,507152,36096000,99614720
1743619887.001350,600960,21068470,0,131892240,123232660,123109412,0,848148,0,197632,5464604,121596,4872892,76036,591712,1048576,1048576,0,0,49036,0,5864148,477316,179908,99524,689156,99524,589632,27120,44848,0,0,0,65946120,9047748,34359738367,497152,0,64640,0,1126400,0,0,0,0,0,0,0,0,2048,0,507152,36096000,99614720
1743619888.001619,600960,21068470,0,131892240,123230636,123107388,0,848156,0,198404,5465868,122316,4874208,76088,591660,1048576,1048576,0,0,49044,0,5866264,477316,179908,99524,689164,99524,589640,27120,44848,0,0,0,65946120,9047748,34359738367,497152,0,64640,0,1126400,0,0,0,0,0,0,0,0,2048,0,507152,36096000,99614720
1743619889.001993,600960,21068470,0,131892240,123213540,123090596,0,848412,0,198636,5482904,122548,4890940,76088,591964,1048576,1048576,0,0,49080,220,5883120,477316,179908,99524,689184,99524,589660,27120,44848,0,0,0,65946120,9075168,34359738367,497152,0,64640,0,1126400,0,0,0,0,0,0,0,0,2048,0,507152,36096000,99614720
1743619890.007744,600960,21068470,0,131892240,123211780,123088936,0,848416,0,199956,5483140,123812,4891132,76144,592008,1048576,1048576,0,0,49084,0,5884808,477316,179908,99524,689192,99524,589668,27120,44892,0,0,0,65946120,9075168,34359738367,497152,0,64640,0,1126400,0,0,0,0,0,0,0,0,2048,0,507152,36096000,99614720
1743619891.002201,600960,21068470,0,131892240,123211284,123088440,0,848424,0,199996,5484060,123812,4892092,76184,591968,1048576,1048576,0,0,20,0,5885804,477316,179908,99524,688344,99524,588820,27120,44896,0,0,0,65946120,9075168,34359738367,497136,0,64640,0,1126400,0,0,0,0,0,0,0,0,2048,0,507152,36096000,99614720
1743619892.001272,600960,21068470,0,131892240,123210236,123087400,0,848428,0,200480,5484776,124296,4892800,76184,591976,1048576,1048576,0,0,28,0,5886928,477316,179908,99524,688360,99524,588836,27120,44896,0,0,0,65946120,9075168,34359738367,497136,0,64640,0,1126400,0,0,0,0,0,0,0,0,2048,0,507152,36096000,99614720
1743619893.001714,600960,21068470,0,131892240,123208128,123085368,0,848436,0,201072,5486164,124832,4894168,76240,591996,1048576,1048576,0,0,36,0,5888912,477316,179908,99524,688368,99524,588844,27120,44896,0,0,0,65946120,9075168,34359738367,497136,0,64640,0,1126400,0,0,0,0,0,0,0,0,2048,0,507152,36096000,99614720
1743619894.002167,600960,21068470,0,131892240,123207932,123085172,0,848440,0,201072,5486404,124832,4894408,76240,591996,1048576,1048576,0,0,40,0,5889120,477316,179908,99524,688368,99524,588844,27120,44896,0,0,0,65946120,9075168,34359738367,497136,0,64640,0,1126400,0,0,0,0,0,0,0,0,2048,0,507152,36096000,99614720
1743619895.001270,600960,21068470,0,131892240,123206028,123083284,0,848456,0,202188,5487148,125940,4895144,76248,592004,1048576,1048576,0,0,60,0,5890940,477316,179908,99524,688368,99524,588844,27120,44896,0,0,0,65946120,9075168,34359738367,497136,0,64640,0,1126400,0,0,0,0,0,0,0,0,2048,0,507152,36096000,99614720
1743619896.001698,600960,21068470,0,131892240,123157256,123082036,0,896696,0,204920,5531900,126388,4894656,78532,637244,1048576,1048576,0,0,48928,0,5890316,477316,179908,99524,689172,99524,589648,27120,44892,0,0,0,65946120,9074000,34359738367,497136,0,64640,0,1126400,0,0,0,0,0,0,0,0,2048,0,507152,36096000,99614720
1743619897.002158,600960,21068470,0,131892240,123155808,123081352,0,897020,0,205280,5533736,126548,4895928,78732,637808,1048576,1048576,0,0,48932,0,5892060,477316,179908,99524,689228,99524,589704,27120,44892,0,0,0,65946120,9074000,34359738367,497136,0,64640,0,1126400,0,0,0,0,0,0,0,0,2048,0,507152,36096000,99614720
1743619898.001229,600960,21068470,0,131892240,123155220,123080764,0,897028,0,205300,5533992,126564,4896188,78736,637804,1048576,1048576,0,0,48940,0,5892348,477316,179908,99524,689228,99524,589704,27120,44868,0,0,0,65946120,9077872,34359738367,497136,0,64640,0,1126400,0,0,0,0,0,0,0,0,2048,0,507152,36096000,99614720
1743619899.001676,600960,21068470,0,131892240,123154104,123079680,0,897036,0,205660,5535264,126812,4897540,78848,637724,1048576,1048576,0,0,48948,0,5893888,477316,179908,99524,689228,99524,589704,27120,44900,0,0,0,65946120,9077872,34359738367,497136,0,64640,0,1126400,0,0,0,0,0,0,0,0,2048,0,507152,36096000,99614720
1743619900.002111,600960,21068470,0,131892240,123152584,123078256,0,897044,0,206140,5536272,127212,4898532,78928,637740,1048576,1048576,0,0,48956,0,5895380,477316,179908,99524,689236,99524,589712,27120,44904,0,0,0,65946120,9077872,34359738367,497136,0,64640,0,1126400,0,0,0,0,0,0,0,0,2048,0,507152,36096000,99614720
1743619901.002013,600960,21068470,0,131892240,123152108,123077784,0,897044,0,206612,5536100,127628,4898412,78984,637688,1048576,1048576,0,0,48956,0,5895800,477316,179908,99524,689236,99524,589712,27120,44904,0,0,0,65946120,9077872,34359738367,497136,0,64640,0,1126400,0,0,0,0,0,0,0,0,2048,0,507152,36096000,99614720
1743619902.001320,600960,21068470,0,131892240,123150372,123076060,0,897056,0,207208,5537364,128200,4899688,79008,637676,1048576,1048576,0,0,48968,0,5897608,477316,179908,99524,689236,99524,589712,27120,44904,0,0,0,65946120,9077872,34359738367,497136,0,64640,0,1126400,0,0,0,0,0,0,0,0,2048,0,507152,36096000,99614720
1743619903.001612,600960,21068470,0,131892240,123150064,123075752,0,897068,0,207208,5537664,128200,4899988,79008,637676,1048576,1048576,0,0,48980,0,5897848,477316,179908,99524,689236,99524,589712,27120,44904,0,0,0,65946120,9077872,34359738367,497136,0,64640,0,1126400,0,0,0,0,0,0,0,0,2048,0,507152,36096000,99614720
1743619904.001931,600960,21068470,0,131892240,123148228,123074208,0,897324,0,209088,5537632,130072,4899672,79016,637960,1048576,1048576,0,0,49016,0,5899472,477316,179908,99524,689252,99524,589728,27120,44904,0,0,0,65946120,9077872,34359738367,497136,0,64640,0,1126400,0,0,0,0,0,0,0,0,2048,0,507152,36096000,99614720
1743619905.001299,600960,21068470,0,131892240,123148032,123074012,0,897328,0,209088,5537872,130072,4899912,79016,637960,1048576,1048576,0,0,49020,0,5899680,477316,179908,99524,689252,99524,589728,27120,44904,0,0,0,65946120,9077872,34359738367,497136,0,64640,0,1126400,0,0,0,0,0,0,0,0,2048,0,507152,36096000,99614720
1743619906.001625,600960,21068470,0,131892240,123136640,123062620,0,897340,0,209436,5539024,130376,4901108,79060,637916,1048576,1048576,0,0,144,47880,5901304,477316,179908,99524,689772,99524,590248,27120,44908,0,0,0,65946120,9077872,34359738367,497136,0,64640,0,1126400,0,0,0,0,0,0,0,0,2048,0,507152,36096000,99614720
1743619907.001939,600960,21068470,0,131892240,123146664,123072644,0,897340,0,209436,5539144,130376,4901228,79060,637916,1048576,1048576,0,0,8,0,5901556,477316,179908,99524,688280,99524,588756,27120,44908,0,0,0,65946120,9077872,34359738367,497136,0,64640,0,1126400,0,0,0,0,0,0,0,0,2048,0,507152,36096000,99614720
1743619908.001415,600960,21068470,0,131892240,123145040,123071024,0,897348,0,209624,5540636,130564,4902716,79060,637920,1048576,1048576,0,0,24,0,5903148,477316,179908,99524,688280,99524,588756,27120,44908,0,0,0,65946120,9077872,34359738367,497136,0,64640,0,1126400,0,0,0,0,0,0,0,0,2048,0,507152,36096000,99614720
1743619909.001731,600960,21068470,0,131892240,123143808,123069836,0,897356,0,209684,5542016,130624,4904052,79060,637964,1048576,1048576,0,0,32,0,5904400,477316,179908,99524,688280,99524,588756,27120,44908,0,0,0,65946120,9077872,34359738367,497136,0,64640,0,1126400,0,0,0,0,0,0,0,0,2048,0,507152,36096000,99614720
1743619910.008216,600960,21068470,0,131892240,123143136,123069164,0,897368,0,209720,5542520,130660,4904556,79060,637964,1048576,1048576,0,0,48,0,5905020,477316,179908,99524,688280,99524,588756,27120,44908,0,0,0,65946120,9077872,34359738367,497136,0,64640,0,1126400,0,0,0,0,0,0,0,0,2048,0,507152,36096000,99614720
1743619911.001598,600960,21068470,0,131892240,123141600,123067948,0,897624,0,209900,5544028,130808,4905776,79092,638252,1048576,1048576,0,0,84,0,5906336,477316,179908,99524,688304,99524,588780,27120,44908,0,0,0,65946120,9077872,34359738367,497136,0,64640,0,1126400,0,0,0,0,0,0,0,0,2048,0,507152,36096000,99614720
1743619912.001721,600960,21068470,0,131892240,123141004,123067400,0,897624,0,210124,5544524,131016,4906240,79108,638284,1048576,1048576,0,0,84,0,5906880,477316,179908,99524,688316,99524,588792,27120,44908,0,0,0,65946120,9077872,34359738367,497136,0,64640,0,1126400,0,0,0,0,0,0,0,0,2048,0,507152,36096000,99614720
1743619913.001155,600960,21068470,0,131892240,123139184,123065616,0,897636,0,210488,5545660,131348,4907372,79140,638288,1048576,1048576,0,0,96,0,5908600,477316,179908,99524,688316,99524,588792,27120,44908,0,0,0,65946120,9077872,34359738367,497136,0,64640,0,1126400,0,0,0,0,0,0,0,0,2048,0,507152,36096000,99614720
1743619914.001239,600960,21068470,0,131892240,123118448,123062740,0,915240,0,210824,5564228,131584,4908180,79240,656048,1048576,1048576,0,0,15000,0,5909372,477316,179908,99524,688428,99524,588904,27120,44912,0,0,0,65946120,9083868,34359738367,497152,0,64640,0,1126400,0,0,0,0,0,0,0,0,2048,0,507152,36096000,99614720
1743619915.001312,600960,21068470,0,131892240,123087256,123062020,0,946032,0,214064,5592972,132292,4908984,81772,683988,1048576,1048576,0,0,49012,0,5911092,477316,179908,99524,689348,99524,589824,27136,44920,0,0,0,65946120,9092932,34359738367,497152,0,64640,0,1126400,0,0,0,0,0,0,0,0,2048,0,507152,36096000,99614720
1743619916.001673,600960,21068470,0,131892240,123070400,123045168,0,946036,0,214064,5609356,132292,4925364,81772,683992,1048576,1048576,0,0,49016,0,5927424,477316,179908,99524,689348,99524,589824,27136,44920,0,0,0,65946120,9114760,34359738367,497152,0,64640,0,1126400,0,0,0,0,0,0,0,0,2048,0,507152,36096000,99614720
1743619917.002073,600960,21068470,0,131892240,123069060,123043868,0,946048,0,215384,5609908,133532,4925956,81852,683952,1048576,1048576,0,0,49028,0,5929268,477316,179908,99524,689348,99524,589824,27136,44952,0,0,0,65946120,9114760,34359738367,497152,0,64640,0,1126400,0,0,0,0,0,0,0,0,2048,0,507152,36096000,99614720
1743619918.001198,600960,21068470,0,131892240,123068640,123043684,0,946276,0,215428,5610896,133536,4926748,81892,684148,1048576,1048576,0,0,49036,220,5929472,477316,179908,99524,689356,99524,589832,27136,44952,0,0,0,65946120,9114760,34359738367,497152,0,64640,0,1126400,0,0,0,0,0,0,0,0,2048,0,507152,36096000,99614720
1743619919.001644,600960,21068470,0,131892240,123067240,123042284,0,946316,0,215884,5611256,133968,4927132,81916,684124,1048576,1048576,0,0,49076,0,5930908,477316,179908,99524,689356,99524,589832,27136,44972,0,0,0,65946120,9134812,34359738367,497152,0,64640,0,1126400,0,0,0,0,0,0,0,0,2048,0,507152,36096000,99614720
1743619924.001478,600960,21068470,0,131892240,123060088,123035252,0,946340,0,217856,5616824,135920,4932600,81936,684224,1048576,1048576,0,0,28,0,5938364,477316,179908,99524,688904,99524,589380,27136,44976,0,0,0,65946120,9139352,34359738367,497152,0,64640,0,1126400,0,0,0,0,0,0,0,0,2048,0,507152,36096000,99614720
1743619926.002137,600960,21068470,0,131892240,123058316,123033760,0,946616,0,219676,5616920,137736,4932420,81940,684500,1048576,1048576,0,0,76,0,5939856,477320,179912,99524,688912,99524,589388,27136,44988,0,0,0,65946120,9139352,34359738367,497152,0,64640,0,1126400,0,0,0,0,0,0,0,0,2048,0,507152,36096000,99614720
1743619927.001497,600960,21068470,0,131892240,123057916,123033360,0,946628,0,220668,5616228,138728,4931728,81940,684500,1048576,1048576,0,0,92,0,5940276,477320,179912,99524,688920,99524,589396,27136,44988,0,0,0,65946120,9139352,34359738367,497152,0,64640,0,1126400,0,0,0,0,0,0,0,0,2048,0,507152,36096000,99614720
1743619928.001808,600960,21068470,0,131892240,123056432,123031876,0,946636,0,221040,5617296,139100,4932796,81940,684500,1048576,1048576,0,0,100,0,5941704,477320,179912,99524,688920,99524,589396,27136,44988,0,0,0,65946120,9139352,34359738367,497152,0,64640,0,1126400,0,0,0,0,0,0,0,0,2048,0,507152,36096000,99614720
1743619929.002139,600960,21068470,0,131892240,123056320,123031776,0,946636,0,221040,5617536,139100,4933024,81940,684512,1048576,1048576,0,0,100,0,5941880,477320,179912,99524,688920,99524,589396,27136,44988,0,0,0,65946120,9139352,34359738367,497152,0,64640,0,1126400,0,0,0,0,0,0,0,0,2048,0,507152,36096000,99614720
1743619930.009302,600960,21068470,0,131892240,123054780,123030284,0,946644,0,221200,5618872,139260,4934312,81940,684560,1048576,1048576,0,0,108,0,5943376,477320,179912,99524,688920,99524,589396,27136,44988,0,0,0,65946120,9139352,34359738367,497152,0,64640,0,1126400,0,0,0,0,0,0,0,0,2048,0,507152,36096000,99614720
1743619931.001747,600960,21068470,0,131892240,123054612,123030116,0,946644,0,221200,5618984,139260,4934424,81940,684560,1048576,1048576,0,0,108,0,5943568,477320,179912,99524,688920,99524,589396,27136,44988,0,0,0,65946120,9139352,34359738367,497152,0,64640,0,1126400,0,0,0,0,0,0,0,0,2048,0,507152,36096000,99614720
1743619932.001020,600960,21068470,0,131892240,123053324,123028840,0,946656,0,221600,5620000,139640,4935448,81960,684552,1048576,1048576,0,0,120,0,5944880,477320,179912,99524,688920,99524,589396,27136,44988,0,0,0,65946120,9139352,34359738367,497152,0,64640,0,1126400,0,0,0,0,0,0,0,0,2048,0,507152,36096000,99614720
1743619933.001059,600960,21068470,0,131892240,123045228,123028092,0,954360,0,221852,5627584,139820,4935756,82032,691828,1048576,1048576,0,0,6024,0,5945116,477320,179912,99524,689052,99524,589528,27136,44988,0,0,0,65946120,9139352,34359738367,497152,0,64640,0,1126400,0,0,0,0,0,0,0,0,2048,0,507152,36096000,99614720
1743619934.001525,600960,21068470,0,131892240,123003292,123026972,0,995272,0,224532,5666516,140124,4936248,84408,730268,1048576,1048576,0,0,49048,0,5945844,477320,179912,99524,689416,99524,589892,27136,44988,0,0,0,65946120,9139352,34359738367,497152,0,64640,0,1126400,0,0,0,0,0,0,0,0,2048,0,507152,36096000,99614720
1743619935.001597,600960,21068470,0,131892240,123002884,123026664,0,995272,0,224592,5666936,140132,4936620,84460,730316,1048576,1048576,0,0,49048,0,5946316,477320,179912,99524,689432,99524,589908,27136,44988,0,0,0,65946120,9139352,34359738367,497152,0,64640,0,1126400,0,0,0,0,0,0,0,0,2048,0,507152,36096000,99614720
1743619936.002112,600960,21068470,0,131892240,123001400,123025288,0,995276,0,224652,5668316,140148,4937936,84504,730380,1048576,1048576,0,0,49052,0,5947692,477320,179912,99524,689432,99524,589908,27136,44988,0,0,0,65946120,9139352,34359738367,497152,0,64640,0,1126400,0,0,0,0,0,0,0,0,2048,0,507152,36096000,99614720
1743619937.001533,600960,21068470,0,131892240,123001280,123025196,0,995288,0,224772,5668376,140260,4937976,84512,730400,1048576,1048576,0,0,49064,0,5947852,477320,179912,99524,689440,99524,589916,27136,44988,0,0,0,65946120,9139352,34359738367,497152,0,64640,0,1126400,0,0,0,0,0,0,0,0,2048,0,507152,36096000,99614720
1743619938.001599,600960,21068470,0,131892240,123000328,123024284,0,995292,0,224788,5669880,140260,4939456,84528,730424,1048576,1048576,0,0,0,0,5949396,477320,179912,99524,688596,99524,589072,27136,44988,0,0,0,65946120,9139352,34359738367,497152,0,64640,0,1126400,0,0,0,0,0,0,0,0,2048,0,507152,36096000,99614720
1743619939.002101,600960,21068470,0,131892240,123000172,123024188,0,995300,0,224788,5670060,140260,4939576,84528,730484,1048576,1048576,0,0,16,0,5949560,477320,179912,99524,688620,99524,589096,27136,44988,0,0,0,65946120,9139352,34359738367,497152,0,64640,0,1126400,0,0,0,0,0,0,0,0,2048,0,507152,36096000,99614720
1743619940.001532,600960,21068470,0,131892240,122998940,123023028,0,995304,0,224788,5671200,140260,4940644,84528,730556,1048576,1048576,0,0,28,0,5950796,477320,179912,99524,688620,99524,589096,27136,44988,0,0,0,65946120,9139352,34359738367,497152,0,64640,0,1126400,0,0,0,0,0,0,0,0,2048,0,507152,36096000,99614720
1743619941.001348,600960,21068470,0,131892240,122998632,123022720,0,995336,0,224788,5671492,140260,4940936,84528,730556,1048576,1048576,0,0,60,0,5951024,477320,179912,99524,688620,99524,589096,27136,44988,0,0,0,65946120,9139352,34359738367,497152,0,64640,0,1126400,0,0,0,0,0,0,0,0,2048,0,507152,36096000,99614720
1743619942.001589,600960,21068470,0,131892240,122997140,123021516,0,995576,0,225348,5672324,140748,4941552,84600,730772,1048576,1048576,0,0,72,0,5952284,477324,179916,99524,688628,99524,589104,27136,44992,0,0,0,65946120,9139352,34359738367,497152,0,64640,0,1126400,0,0,0,0,0,0,0,0,2048,0,507152,36096000,99614720
1743619948.001480,600960,21068470,0,131892240,122991028,123015404,0,995616,0,228992,5674812,144208,4944224,84784,730588,1048576,1048576,0,0,116,0,5958328,477324,179916,99524,688636,99524,589112,27136,45008,0,0,0,65946120,9151172,34359738367,497152,0,64640,0,1126400,0,0,0,0,0,0,0,0,2048,0,507152,36096000,99614720
1743619949.001137,600960,21068470,0,131892240,123021800,123046484,0,995872,0,229008,5644028,144212,4913144,84796,730884,1048576,1048576,0,0,148,224,5927280,477324,179916,99524,688636,99524,589112,27136,45008,0,0,0,65946120,9156692,34359738367,497152,0,64640,0,1126400,0,0,0,0,0,0,0,0,2048,0,507152,36096000,99614720
1743619950.011030,600960,21068470,0,131892240,122995500,123020228,0,995884,0,229208,5670368,144412,4939440,84796,730928,1048576,1048576,0,0,160,0,5953664,477324,179916,99524,688644,99524,589120,27136,45004,0,0,0,65946120,9156692,34359738367,497152,0,64640,0,1126400,0,0,0,0,0,0,0,0,2048,0,507152,36096000,99614720
1743619951.001607,600960,21068470,0,131892240,122995192,123019920,0,995888,0,229208,5670688,144412,4939760,84796,730928,1048576,1048576,0,0,164,0,5953900,477324,179916,99524,688644,99524,589120,27136,45004,0,0,0,65946120,9156692,34359738367,497152,0,64640,0,1126400,0,0,0,0,0,0,0,0,2048,0,507152,36096000,99614720
1743619952.001679,600960,21068470,0,131892240,122993792,123018520,0,995892,0,230072,5671024,145276,4940096,84796,730928,1048576,1048576,0,0,168,0,5955336,477324,179916,99524,688644,99524,589120,27136,45004,0,0,0,65946120,9156692,34359738367,497152,0,64640,0,1126400,0,0,0,0,0,0,0,0,2048,0,507152,36096000,99614720
1743619953.002132,600960,21068470,0,131892240,122943044,123010176,0,1040080,0,230904,5713324,145424,4940676,85480,772648,1048576,1048576,0,0,44572,0,5955696,477324,179916,99524,689036,99524,589512,27136,45004,0,0,0,65946120,9156864,34359738367,497152,0,64640,0,1126400,0,0,0,0,0,0,0,0,2048,0,507152,36096000,99614720
1743619954.001603,600960,21068470,0,131892240,122943992,123016804,0,1044256,0,232996,5718416,145568,4942036,87428,776380,1048576,1048576,0,0,8,0,5957156,477324,179916,99524,688236,99524,588712,27136,45004,0,0,0,65946120,9156864,34359738367,497152,0,64640,0,1126400,0,0,0,0,0,0,0,0,2048,0,507152,36096000,99614720
1743619955.001671,600960,21068470,0,131892240,122943760,123016612,0,1044260,0,232996,5718536,145568,4942116,87428,776420,1048576,1048576,0,0,12,0,5957340,477324,179916,99524,688244,99524,588720,27136,45004,0,0,0,65946120,9156864,34359738367,497152,0,64640,0,1126400,0,0,0,0,0,0,0,0,2048,0,507152,36096000,99614720
1743619956.002153,600960,21068470,0,131892240,122942444,123015352,0,1044272,0,234064,5718944,146504,4942600,87560,776344,1048576,1048576,0,0,32,0,5958672,477324,179916,99524,688244,99524,588720,27136,45004,0,0,0,65946120,9156864,34359738367,497152,0,64640,0,1126400,0,0,0,0,0,0,0,0,2048,0,507152,36096000,99614720
1743619957.001683,600960,21068470,0,131892240,122942052,123015256,0,1044532,0,234240,5719272,146680,4942632,87560,776640,1048576,1048576,0,0,64,224,5958876,477328,179920,99524,688244,99524,588720,27136,45004,0,0,0,65946120,9156864,34359738367,497152,0,64640,0,1126400,0,0,0,0,0,0,0,0,2048,0,507152,36096000,99614720
1743619958.001751,600960,21068470,0,131892240,122940548,123013752,0,1044544,0,234348,5720304,146748,4943704,87600,776600,1048576,1048576,0,0,68,0,5960276,477336,179928,99524,688292,99524,588768,27136,45008,0,0,0,65946120,9156864,34359738367,497152,0,64640,0,1126400,0,0,0,0,0,0,0,0,2048,0,507152,36096000,99614720
1743619959.002181,600960,21068470,0,131892240,122940408,123013612,0,1044544,0,234348,5720664,146748,4944064,87600,776600,1048576,1048576,0,0,68,0,5960476,477336,179928,99524,688292,99524,588768,27136,45008,0,0,0,65946120,9156864,34359738367,497152,0,64640,0,1126400,0,0,0,0,0,0,0,0,2048,0,507152,36096000,99614720
1743619960.001661,600960,21068470,0,131892240,122939036,123012240,0,1044552,0,234500,5721828,146900,4945228,87600,776600,1048576,1048576,0,0,76,0,5961804,477336,179928,99524,688292,99524,588768,27136,45008,0,0,0,65946120,9156864,34359738367,497152,0,64640,0,1126400,0,0,0,0,0,0,0,0,2048,0,507152,36096000,99614720
1743619961.002106,600960,21068470,0,131892240,122938896,123012100,0,1044556,0,234500,5721888,146900,4945288,87600,776600,1048576,1048576,0,0,80,0,5961968,477336,179928,99524,688292,99524,588768,27136,45008,0,0,0,65946120,9156864,34359738367,497152,0,64640,0,1126400,0,0,0,0,0,0,0,0,2048,0,507152,36096000,99614720
1743619962.001154,600960,21068470,0,131892240,122937496,123010728,0,1044572,0,234576,5723380,146972,4946756,87604,776624,1048576,1048576,0,0,100,0,5963360,477336,179928,99524,688292,99524,588768,27136,45008,0,0,0,65946120,9156864,34359738367,497152,0,64640,0,1126400,0,0,0,0,0,0,0,0,2048,0,507152,36096000,99614720
1743619963.001511,600960,21068470,0,131892240,122937216,123010448,0,1044572,0,234576,5723560,146972,4946936,87604,776624,1048576,1048576,0,0,100,0,5963584,477336,179928,99524,688292,99524,588768,27136,45008,0,0,0,65946120,9156864,34359738367,497152,0,64640,0,1126400,0,0,0,0,0,0,0,0,2048,0,507152,36096000,99614720
1743619964.001874,600960,21068470,0,131892240,122935844,123009076,0,1044584,0,234724,5724732,147072,4948156,87652,776576,1048576,1048576,0,0,112,0,5964972,477336,179928,99524,688292,99524,588768,27136,45008,0,0,0,65946120,9156864,34359738367,497152,0,64640,0,1126400,0,0,0,0,0,0,0,0,2048,0,507152,36096000,99614720
1743619965.001254,600960,21068470,0,131892240,122919576,122992808,0,1044592,0,234724,5741100,147072,4964524,87652,776576,1048576,1048576,0,0,120,0,5981304,477336,179928,99524,688292,99524,588768,27136,45008,0,0,0,65946120,9173228,34359738367,497152,0,64640,0,1126400,0,0,0,0,0,0,0,0,2048,0,507152,36096000,99614720
1743619966.001592,600960,21068470,0,131892240,122915680,122989152,0,1044888,0,235864,5743828,148212,4967012,87652,776816,1048576,1048576,0,0,160,0,5984832,477368,179960,99524,688324,99524,588800,27136,45044,0,0,0,65946120,9173228,34359738367,497152,0,64640,0,1126400,0,0,0,0,0,0,0,0,2048,0,507152,36096000,99614720
1743619967.001914,600960,21068470,0,131892240,122915428,122988900,0,1044888,0,235864,5743948,148212,4967132,87652,776816,1048576,1048576,0,0,160,0,5985040,477368,179960,99524,688324,99524,588800,27136,45044,0,0,0,65946120,9173228,34359738367,497152,0,64640,0,1126400,0,0,0,0,0,0,0,0,2048,0,507152,36096000,99614720
1743619968.001197,600960,21068470,0,131892240,122913972,122987484,0,1044896,0,237512,5743800,149860,4966944,87652,776856,1048576,1048576,0,0,168,0,5986520,477368,179960,99524,688324,99524,588800,27136,45044,0,0,0,65946120,9173228,34359738367,497152,0,64640,0,1126400,0,0,0,0,0,0,0,0,2048,0,507152,36096000,99614720
1743619969.001518,600960,21068470,0,131892240,122913932,122987444,0,1044896,0,237512,5743980,149860,4967124,87652,776856,1048576,1048576,0,0,168,0,5986700,477368,179960,99524,688324,99524,588800,27136,45044,0,0,0,65946120,9173228,34359738367,497152,0,64640,0,1126400,0,0,0,0,0,0,0,0,2048,0,507152,36096000,99614720
1743619970.008026,600960,21068470,0,131892240,122912320,122985844,0,1044904,0,237544,5745468,149860,4968632,87684,776836,1048576,1048576,0,0,24,0,5988172,477368,179960,99524,688324,99524,588800,27136,45044,0,0,0,65946120,9173228,34359738367,497152,0,64640,0,1126400,0,0,0,0,0,0,0,0,2048,0,507152,36096000,99614720
1743619971.001432,600960,21068470,0,131892240,122912236,122985760,0,1044912,0,237544,5745588,149860,4968752,87684,776836,1048576,1048576,0,0,36,0,5988272,477368,179960,99524,688324,99524,588800,27136,45044,0,0,0,65946120,9173228,34359738367,497152,0,64640,0,1126400,0,0,0,0,0,0,0,0,2048,0,507152,36096000,99614720
1743619972.001501,600960,21068470,0,131892240,122910660,122984184,0,1044924,0,237600,5747092,149912,4970260,87688,776832,1048576,1048576,0,0,48,0,5989784,477368,179960,99524,688332,99524,588808,27136,45044,0,0,0,65946120,9173228,34359738367,497152,0,64640,0,1126400,0,0,0,0,0,0,0,0,2048,0,507152,36096000,99614720
1743619973.001947,600960,21068470,0,131892240,122910436,122983960,0,1044928,0,237600,5747152,149912,4970320,87688,776832,1048576,1048576,0,0,52,0,5989952,477368,179960,99524,688336,99524,588812,27136,45044,0,0,0,65946120,9173228,34359738367,497152,0,64640,0,1126400,0,0,0,0,0,0,0,0,2048,0,507152,36096000,99614720
1743619974.001388,600960,21068470,0,131892240,123523900,123647212,0,1094740,0,232652,5138496,142088,4314756,90564,823740,1048576,1048576,0,0,4856,24,5325804,478328,179988,99536,688820,99536,589284,27136,43620,0,0,0,65946120,8462928,34359738367,497152,0,64640,0,1126400,0,0,0,0,0,0,0,0,2048,0,507152,36096000,99614720
1743619975.001460,600960,21068470,0,131892240,123523972,123647308,0,1094740,0,232824,5138372,142252,4314616,90572,823756,1048576,1048576,0,0,4856,0,5325816,478340,179988,99536,688860,99536,589324,27152,43620,0,0,0,65946120,8462928,34359738367,497168,0,64640,0,1126400,0,0,0,0,0,0,0,0,2048,0,507152,36096000,99614720
1743619976.001858,600960,21068470,0,131892240,123523964,123647300,0,1094740,0,232824,5138372,142252,4314616,90572,823756,1048576,1048576,0,0,4856,0,5325816,478340,179988,99536,688868,99536,589332,27152,43620,0,0,0,65946120,8462928,34359738367,497168,0,64640,0,1126400,0,0,0,0,0,0,0,0,2048,0,507152,36096000,99614720
1743619981.001972,600960,21068470,0,131892240,123522876,123647472,0,1096036,0,232824,5139632,142252,4314616,90572,825016,1048576,1048576,0,0,4876,0,5325848,479236,179988,99536,688868,99536,589332,27152,43684,0,0,0,65946120,8462928,34359738367,497168,0,64640,0,1126400,0,0,0,0,0,0,0,0,2048,0,507152,36096000,99614720
1743619982.001130,600960,21068470,0,131892240,123522876,123647472,0,1096036,0,232824,5139632,142252,4314616,90572,825016,1048576,1048576,0,0,4876,0,5325848,479236,179988,99536,688868,99536,589332,27152,43684,0,0,0,65946120,8462928,34359738367,497168,0,64640,0,1126400,0,0,0,0,0,0,0,0,2048,0,507152,36096000,99614720
1743619983.001436,600960,21068470,0,131892240,123522876,123647472,0,1096036,0,232824,5139632,142252,4314616,90572,825016,1048576,1048576,0,0,4876,0,5325848,479236,179988,99536,688868,99536,589332,27152,43684,0,0,0,65946120,8462928,34359738367,497168,0,64640,0,1126400,0,0,0,0,0,0,0,0,2048,0,507152,36096000,99614720
1743619984.001598,600960,21068470,0,131892240,123522876,123647472,0,1096036,0,232824,5139632,142252,4314616,90572,825016,1048576,1048576,0,0,4876,0,5325848,479236,179988,99536,688868,99536,589332,27152,43684,0,0,0,65946120,8462928,34359738367,497168,0,64640,0,1126400,0,0,0,0,0,0,0,0,2048,0,507152,36096000,99614720
1743619985.001939,600960,21068470,0,131892240,123522876,123647472,0,1096036,0,232824,5139632,142252,4314616,90572,825016,1048576,1048576,0,0,4876,0,5325848,479236,179988,99536,688868,99536,589332,27136,43684,0,0,0,65946120,8462928,34359738367,497168,0,64640,0,1126400,0,0,0,0,0,0,0,0,2048,0,507152,36096000,99614720
1743619986.001132,600960,21068470,0,131892240,123522868,123647464,0,1096036,0,232824,5139632,142252,4314616,90572,825016,1048576,1048576,0,0,4876,0,5325848,479236,179988,99536,688876,99536,589340,27136,43684,0,0,0,65946120,8462928,34359738367,497168,0,64640,0,1126400,0,0,0,0,0,0,0,0,2048,0,507152,36096000,99614720
1743619987.001457,600960,21068470,0,131892240,123522868,123647464,0,1096036,0,232824,5139632,142252,4314616,90572,825016,1048576,1048576,0,0,4876,0,5325848,479236,179988,99536,688876,99536,589340,27136,43684,0,0,0,65946120,8462928,34359738367,497168,0,64640,0,1126400,0,0,0,0,0,0,0,0,2048,0,507152,36096000,99614720
1743619988.001622,600960,21068470,0,131892240,123522868,123647464,0,1096036,0,232824,5139632,142252,4314616,90572,825016,1048576,1048576,0,0,4876,0,5325848,479236,179988,99536,688876,99536,589340,27136,43684,0,0,0,65946120,8462928,34359738367,497168,0,64640,0,1126400,0,0,0,0,0,0,0,0,2048,0,507152,36096000,99614720
1743619989.001972,600960,21068470,0,131892240,123522868,123647464,0,1096036,0,232824,5139632,142252,4314616,90572,825016,1048576,1048576,0,0,4876,0,5325848,479236,179988,99536,688876,99536,589340,27136,43684,0,0,0,65946120,8462928,34359738367,497168,0,64640,0,1126400,0,0,0,0,0,0,0,0,2048,0,507152,36096000,99614720
1743619990.007129,600960,21068470,0,131892240,123523520,123648140,0,1096036,0,232844,5139632,142252,4314612,90592,825020,1048576,1048576,0,0,0,0,5325848,479236,179988,99536,688216,99536,588680,27136,43684,0,0,0,65946120,8462928,34359738367,497168,0,64640,0,1126400,0,0,0,0,0,0,0,0,2048,0,507152,36096000,99614720
1743619991.001602,600960,21068470,0,131892240,123523520,123648140,0,1096036,0,232844,5139632,142252,4314612,90592,825020,1048576,1048576,0,0,0,0,5325848,479236,179988,99536,688216,99536,588680,27136,43684,0,0,0,65946120,8462928,34359738367,497168,0,64640,0,1126400,0,0,0,0,0,0,0,0,2048,0,507152,36096000,99614720
1743619992.001678,600960,21068470,0,131892240,123523520,123648140,0,1096036,0,232844,5139632,142252,4314612,90592,825020,1048576,1048576,0,0,0,0,5325848,479236,179988,99536,688216,99536,588680,27136,43684,0,0,0,65946120,8462928,34359738367,497168,0,64640,0,1126400,0,0,0,0,0,0,0,0,2048,0,507152,36096000,99614720
1743619998.001183,600960,21068470,0,131892240,123523488,123648108,0,1096036,0,232844,5139632,142252,4314612,90592,825020,1048576,1048576,0,0,0,0,5325848,479236,179988,99536,688248,99536,588712,27136,43684,0,0,0,65946120,8462928,34359738367,497168,0,64640,0,1126400,0,0,0,0,0,0,0,0,2048,0,507152,36096000,99614720
1743619999.001473,600960,21068470,0,131892240,123523488,123648108,0,1096036,0,232844,5139632,142252,4314612,90592,825020,1048576,1048576,0,0,0,0,5325848,479236,179988,99536,688248,99536,588712,27136,43684,0,0,0,65946120,8462928,34359738367,497168,0,64640,0,1126400,0,0,0,0,0,0,0,0,2048,0,507152,36096000,99614720
1743620001.001938,600960,21068470,0,131892240,123523488,123648108,0,1096036,0,232844,5139632,142252,4314612,90592,825020,1048576,1048576,0,0,0,0,5325848,479236,179988,99536,688248,99536,588712,27136,43684,0,0,0,65946120,8462928,34359738367,497168,0,64640,0,1126400,0,0,0,0,0,0,0,0,2048,0,507152,36096000,99614720
1743620002.002113,600960,21068470,0,131892240,123523480,123648100,0,1096036,0,232844,5139632,142252,4314612,90592,825020,1048576,1048576,0,0,0,0,5325848,479236,179988,99536,688256,99536,588720,27136,43684,0,0,0,65946120,8462928,34359738367,497168,0,64640,0,1126400,0,0,0,0,0,0,0,0,2048,0,507152,36096000,99614720
1743620003.001418,600960,21068470,0,131892240,123523480,123648100,0,1096036,0,232844,5139632,142252,4314612,90592,825020,1048576,1048576,0,0,0,0,5325848,479236,179988,99536,688256,99536,588720,27136,43684,0,0,0,65946120,8462928,34359738367,497168,0,64640,0,1126400,0,0,0,0,0,0,0,0,2048,0,507152,36096000,99614720
1743620004.001580,600960,21068470,0,131892240,123523480,123648100,0,1096036,0,232844,5139632,142252,4314612,90592,825020,1048576,1048576,0,0,0,0,5325848,479236,179988,99536,688256,99536,588720,27136,43684,0,0,0,65946120,8462928,34359738367,497168,0,64640,0,1126400,0,0,0,0,0,0,0,0,2048,0,507152,36096000,99614720
1743620005.001901,600960,21068470,0,131892240,123523480,123648100,0,1096036,0,232844,5139632,142252,4314612,90592,825020,1048576,1048576,0,0,0,0,5325848,479236,179988,99536,688256,99536,588720,27136,43684,0,0,0,65946120,8462928,34359738367,497168,0,64640,0,1126400,0,0,0,0,0,0,0,0,2048,0,507152,36096000,99614720
1743620006.002095,600960,21068470,0,131892240,123523480,123648100,0,1096036,0,232844,5139624,142252,4314604,90592,825020,1048576,1048576,0,0,0,0,5325848,479236,179988,99536,688256,99536,588720,27120,43684,0,0,0,65946120,8462928,34359738367,497152,0,64640,0,1126400,0,0,0,0,0,0,0,0,2048,0,507152,36096000,99614720
1743620007.001420,600960,21068470,0,131892240,123523516,123648136,0,1096036,0,232844,5139624,142252,4314604,90592,825020,1048576,1048576,0,0,0,0,5325848,479236,179988,99536,688248,99536,588712,27088,43684,0,0,0,65946120,8462928,34359738367,497136,0,64640,0,1126400,0,0,0,0,0,0,0,0,2048,0,507152,36096000,99614720
1743620008.001579,600960,21068470,0,131892240,123523516,123648136,0,1096036,0,232844,5139624,142252,4314604,90592,825020,1048576,1048576,0,0,0,0,5325848,479236,179988,99536,688248,99536,588712,27088,43684,0,0,0,65946120,8462928,34359738367,497136,0,64640,0,1126400,0,0,0,0,0,0,0,0,2048,0,507152,36096000,99614720
1743620009.001887,600960,21068470,0,131892240,123523516,123648136,0,1096036,0,232844,5139624,142252,4314604,90592,825020,1048576,1048576,0,0,0,0,5325848,479236,179988,99536,688248,99536,588712,27088,43684,0,0,0,65946120,8462928,34359738367,497136,0,64640,0,1126400,0,0,0,0,0,0,0,0,2048,0,507152,36096000,99614720
1743620010.007990,600960,21068470,0,131892240,123523516,123648136,0,1096036,0,232844,5139624,142252,4314604,90592,825020,1048576,1048576,0,0,0,0,5325848,479236,179988,99536,688248,99536,588712,27088,43684,0,0,0,65946120,8462928,34359738367,497136,0,64640,0,1126400,0,0,0,0,0,0,0,0,2048,0,507152,36096000,99614720
1743620011.001370,600960,21068470,0,131892240,123523516,123648136,0,1096036,0,232844,5139624,142252,4314604,90592,825020,1048576,1048576,0,0,0,0,5325848,479236,179988,99536,688248,99536,588712,27088,43684,0,0,0,65946120,8462928,34359738367,497152,0,64640,0,1126400,0,0,0,0,0,0,0,0,2048,0,507152,36096000,99614720
1743620012.001448,600960,21068470,0,131892240,123523516,123648136,0,1096036,0,232844,5139624,142252,4314604,90592,825020,1048576,1048576,0,0,0,0,5325848,479236,179988,99536,688248,99536,588712,27088,43684,0,0,0,65946120,8462928,34359738367,497136,0,64640,0,1126400,0,0,0,0,0,0,0,0,2048,0,507152,36096000,99614720
1743620013.001732,600960,21068470,0,131892240,123523516,123648136,0,1096036,0,232844,5139624,142252,4314604,90592,825020,1048576,1048576,0,0,0,0,5325848,479236,179988,99536,688248,99536,588712,27088,43684,0,0,0,65946120,8462928,34359738367,497136,0,64640,0,1126400,0,0,0,0,0,0,0,0,2048,0,507152,36096000,99614720
1743620014.002131,600960,21068470,0,131892240,123523516,123648136,0,1096036,0,232844,5139624,142252,4314604,90592,825020,1048576,1048576,0,0,0,0,5325848,479236,179988,99536,688248,99536,588712,27088,43684,0,0,0,65946120,8462928,34359738367,497136,0,64640,0,1126400,0,0,0,0,0,0,0,0,2048,0,507152,36096000,99614720
1743620015.001197,600960,21068470,0,131892240,123523516,123648136,0,1096036,0,232844,5139624,142252,4314604,90592,825020,1048576,1048576,0,0,0,0,5325848,479236,179988,99536,688248,99536,588712,27088,43684,0,0,0,65946120,8462928,34359738367,497136,0,64640,0,1126400,0,0,0,0,0,0,0,0,2048,0,507152,36096000,99614720
1743620016.001485,600960,21068470,0,131892240,123523516,123648136,0,1096036,0,232844,5139624,142252,4314604,90592,825020,1048576,1048576,0,0,0,0,5325848,479236,179988,99536,688248,99536,588712,27088,43684,0,0,0,65946120,8462928,34359738367,497136,0,64640,0,1126400,0,0,0,0,0,0,0,0,2048,0,507152,36096000,99614720
1743620022.001339,600960,21068470,0,131892240,123523544,123648164,0,1096036,0,232844,5139624,142252,4314604,90592,825020,1048576,1048576,0,0,0,0,5325848,479236,179988,99536,688248,99536,588712,27088,43684,0,0,0,65946120,8462928,34359738367,497136,0,64640,0,1126400,0,0,0,0,0,0,0,0,2048,0,507152,36096000,99614720
1743620024.001924,600960,21068470,0,131892240,123523544,123648164,0,1096036,0,232844,5139624,142252,4314604,90592,825020,1048576,1048576,0,0,0,0,5325848,479236,179988,99536,688248,99536,588712,27088,43684,0,0,0,65946120,8462928,34359738367,497028,0,64640,0,1126400,0,0,0,0,0,0,0,0,2048,0,507152,36096000,99614720
1743620025.001272,600960,21068470,0,131892240,123523544,123648164,0,1096036,0,232844,5139624,142252,4314604,90592,825020,1048576,1048576,0,0,0,0,5325848,479236,179988,99536,688248,99536,588712,27088,43684,0,0,0,65946120,8462928,34359738367,497136,0,64640,0,1126400,0,0,0,0,0,0,0,0,2048,0,507152,36096000,99614720
1743620026.001477,600960,21068470,0,131892240,123523544,123648164,0,1096036,0,232844,5139624,142252,4314604,90592,825020,1048576,1048576,0,0,0,0,5325848,479236,179988,99536,688248,99536,588712,27088,43684,0,0,0,65946120,8462928,34359738367,497136,0,64640,0,1126400,0,0,0,0,0,0,0,0,2048,0,507152,36096000,99614720
1743620027.001851,600960,21068470,0,131892240,123523544,123648164,0,1096036,0,232844,5139624,142252,4314604,90592,825020,1048576,1048576,0,0,0,0,5325848,479236,179988,99536,688248,99536,588712,27088,43684,0,0,0,65946120,8462928,34359738367,497136,0,64640,0,1126400,0,0,0,0,0,0,0,0,2048,0,507152,36096000,99614720
1743620028.002083,600960,21068470,0,131892240,123523544,123648164,0,1096036,0,232844,5139624,142252,4314604,90592,825020,1048576,1048576,0,0,0,0,5325848,479236,179988,99536,688248,99536,588712,27088,43684,0,0,0,65946120,8462928,34359738367,497136,0,64640,0,1126400,0,0,0,0,0,0,0,0,2048,0,507152,36096000,99614720
1743620029.001407,600960,21068470,0,131892240,123523544,123648164,0,1096036,0,232844,5139624,142252,4314604,90592,825020,1048576,1048576,0,0,0,0,5325848,479236,179988,99536,688248,99536,588712,27088,43684,0,0,0,65946120,8462928,34359738367,497136,0,64640,0,1126400,0,0,0,0,0,0,0,0,2048,0,507152,36096000,99614720
1743620034.001620,600960,21068470,0,131892240,123523544,123648164,0,1096036,0,232844,5139624,142252,4314604,90592,825020,1048576,1048576,0,0,0,0,5325848,479236,179988,99536,688248,99536,588712,27088,43684,0,0,0,65946120,8462928,34359738367,497136,0,64640,0,1126400,0,0,0,0,0,0,0,0,2048,0,507152,36096000,99614720
1743620035.001690,600960,21068470,0,131892240,123523544,123648164,0,1096036,0,232844,5139624,142252,4314604,90592,825020,1048576,1048576,0,0,0,0,5325848,479236,179988,99536,688248,99536,588712,27088,43684,0,0,0,65946120,8462928,34359738367,497136,0,64640,0,1126400,0,0,0,0,0,0,0,0,2048,0,507152,36096000,99614720
1743620036.002010,600960,21068470,0,131892240,123523544,123648164,0,1096036,0,232844,5139624,142252,4314604,90592,825020,1048576,1048576,0,0,0,0,5325848,479236,179988,99536,688248,99536,588712,27088,43684,0,0,0,65946120,8462928,34359738367,497136,0,64640,0,1126400,0,0,0,0,0,0,0,0,2048,0,507152,36096000,99614720
1743620037.001363,600960,21068470,0,131892240,123523544,123648164,0,1096036,0,232844,5139624,142252,4314604,90592,825020,1048576,1048576,0,0,0,0,5325848,479236,179988,99536,688248,99536,588712,27088,43684,0,0,0,65946120,8462928,34359738367,497136,0,64640,0,1126400,0,0,0,0,0,0,0,0,2048,0,507152,36096000,99614720
1743620038.001432,600960,21068470,0,131892240,123523544,123648164,0,1096036,0,232844,5139624,142252,4314604,90592,825020,1048576,1048576,0,0,0,0,5325848,479236,179988,99536,688248,99536,588712,27088,43684,0,0,0,65946120,8462928,34359738367,497136,0,64640,0,1126400,0,0,0,0,0,0,0,0,2048,0,507152,36096000,99614720
1743620039.001722,600960,21068470,0,131892240,123523544,123648164,0,1096036,0,232844,5139624,142252,4314604,90592,825020,1048576,1048576,0,0,0,0,5325848,479236,179988,99536,688248,99536,588712,27072,43684,0,0,0,65946120,8462928,34359738367,497120,0,64640,0,1126400,0,0,0,0,0,0,0,0,2048,0,507152,36096000,99614720
1743620045.001993,600960,21068470,0,131892240,123523588,123648208,0,1096036,0,232844,5139604,142252,4314584,90592,825020,1048576,1048576,0,0,0,0,5325852,479236,179988,99536,688248,99536,588712,27056,43684,0,0,0,65946120,8462928,34359738367,497120,0,64640,0,1126400,0,0,0,0,0,0,0,0,2048,0,507152,36096000,99614720
1743620046.001195,600960,21068470,0,131892240,123523588,123648208,0,1096036,0,232844,5139604,142252,4314584,90592,825020,1048576,1048576,0,0,0,0,5325852,479236,179988,99536,688248,99536,588712,27056,43684,0,0,0,65946120,8462928,34359738367,497120,0,64640,0,1126400,0,0,0,0,0,0,0,0,2048,0,507152,36096000,99614720
1743620047.001550,600960,21068470,0,131892240,123523588,123648208,0,1096036,0,232844,5139604,142252,4314584,90592,825020,1048576,1048576,0,0,0,0,5325852,479236,179988,99536,688248,99536,588712,27056,43684,0,0,0,65946120,8462928,34359738367,497120,0,64640,0,1126400,0,0,0,0,0,0,0,0,2048,0,507152,36096000,99614720
1743620048.001774,600960,21068470,0,131892240,123506356,123639876,0,1104852,0,238392,5149544,142288,4321200,96104,828344,1048576,1048576,0,0,0,0,5332560,479436,179988,99664,688296,99664,588632,27248,44336,0,0,0,65946120,8484280,34359738367,497168,0,64640,0,1126400,0,0,0,0,0,0,0,0,2048,0,507152,36096000,99614720
1743620049.001184,600960,21068470,0,131892240,123492640,123631008,0,1108708,0,241120,5156444,142312,4326948,98808,829496,1048576,1048576,0,0,0,0,5338632,482076,179988,101648,690568,101648,588920,27296,44880,0,0,0,65946120,8517808,34359738367,497376,0,64640,0,1126400,0,0,0,0,0,0,0,0,2048,0,507152,36096000,99614720
1743620050.006906,600960,21068470,0,131892240,123504472,123643552,0,1109376,0,241276,5146476,142304,4316480,98972,829996,1048576,1048576,0,0,0,0,5327724,479268,179988,101744,690600,101744,588856,27184,44156,0,0,0,65946120,8519352,34359738367,497280,0,64640,0,1126400,0,0,0,0,0,0,0,0,2048,0,507152,36096000,99614720
1743620051.001327,600960,21068470,0,131892240,123502348,123642208,0,1109640,0,241796,5146580,142304,4316836,99492,829744,1048576,1048576,0,0,0,0,5328056,479332,179988,102768,691596,102768,588828,27248,43916,0,0,0,65946120,8510152,34359738367,497280,0,64640,0,1126400,0,0,0,0,0,0,0,0,2048,0,507152,36096000,99614720
1743620052.001421,600960,21068470,0,131892240,123499444,123643192,0,1113332,0,242856,5147808,142316,4315448,100540,832360,1048576,1048576,0,0,0,0,5326456,479420,179992,103216,692176,103216,588960,27104,43976,0,0,0,65946120,8500724,34359738367,497248,0,64640,0,1126400,0,0,0,0,0,0,0,0,2048,0,507152,36096000,99614720
1743620053.001755,600960,21068470,0,131892240,123500448,123644304,0,1113412,0,242868,5147304,142304,4314860,100564,832444,1048576,1048576,0,0,0,0,5325852,479236,179988,103216,692168,103216,588952,27040,43684,0,0,0,65946120,8500724,34359738367,497248,0,64640,0,1126400,0,0,0,0,0,0,0,0,2048,0,507152,36096000,99614720
1743620054.002136,600960,21068470,0,131892240,123500504,123644360,0,1113412,0,242868,5147304,142304,4314860,100564,832444,1048576,1048576,0,0,0,0,5325852,479236,179988,103216,692168,103216,588952,27040,43684,0,0,0,65946120,8500724,34359738367,497248,0,64640,0,1126400,0,0,0,0,0,0,0,0,2048,0,507152,36096000,99614720
1743620055.001263,600960,21068470,0,131892240,123500532,123644388,0,1113412,0,242868,5147304,142304,4314860,100564,832444,1048576,1048576,0,0,0,0,5325852,479236,179988,103216,692168,103216,588952,27040,43684,0,0,0,65946120,8500724,34359738367,497248,0,64640,0,1126400,0,0,0,0,0,0,0,0,2048,0,507152,36096000,99614720
1743620056.001693,600960,21068470,0,131892240,123500552,123644408,0,1113412,0,242868,5147304,142304,4314860,100564,832444,1048576,1048576,0,0,0,0,5325852,479236,179988,103216,692200,103216,588984,27040,43684,0,0,0,65946120,8500724,34359738367,497248,0,64640,0,1126400,0,0,0,0,0,0,0,0,2048,0,507152,36096000,99614720
1743620057.002099,600960,21068470,0,131892240,123500616,123644472,0,1113412,0,242868,5147304,142304,4314860,100564,832444,1048576,1048576,0,0,0,0,5325852,479236,179988,103216,692200,103216,588984,27040,43684,0,0,0,65946120,8500724,34359738367,497248,0,64640,0,1126400,0,0,0,0,0,0,0,0,2048,0,507152,36096000,99614720
1743620058.001169,600960,21068470,0,131892240,123500680,123644536,0,1113412,0,242868,5147304,142304,4314860,100564,832444,1048576,1048576,0,0,0,0,5325852,479236,179988,103216,692200,103216,588984,27040,43684,0,0,0,65946120,8500724,34359738367,497248,0,64640,0,1126400,0,0,0,0,0,0,0,0,2048,0,507152,36096000,99614720
1743620059.001465,600960,21068470,0,131892240,123500680,123644536,0,1113412,0,242868,5147300,142304,4314856,100564,832444,1048576,1048576,0,0,0,0,5325852,479236,179988,103216,692200,103216,588984,27040,43684,0,0,0,65946120,8500724,34359738367,497248,0,64640,0,1126400,0,0,0,0,0,0,0,0,2048,0,507152,36096000,99614720
1743620065.001284,600960,21068470,0,131892240,123500708,123644564,0,1113412,0,242868,5147300,142304,4314856,100564,832444,1048576,1048576,0,0,0,0,5325852,479236,179988,103216,692200,103216,588984,27040,43684,0,0,0,65946120,8500724,34359738367,497248,0,64640,0,1126400,0,0,0,0,0,0,0,0,2048,0,507152,36096000,99614720
1743620066.001454,600960,21068470,0,131892240,123500708,123644564,0,1113412,0,242868,5147300,142304,4314856,100564,832444,1048576,1048576,0,0,0,0,5325852,479236,179988,103216,692200,103216,588984,27040,43684,0,0,0,65946120,8500724,34359738367,497248,0,64640,0,1126400,0,0,0,0,0,0,0,0,2048,0,507152,36096000,99614720
1743620067.001809,600960,21068470,0,131892240,123500708,123644564,0,1113412,0,242868,5147300,142304,4314856,100564,832444,1048576,1048576,0,0,0,0,5325852,479236,179988,103216,692200,103216,588984,27040,43684,0,0,0,65946120,8500724,34359738367,497248,0,64640,0,1126400,0,0,0,0,0,0,0,0,2048,0,507152,36096000,99614720
1743620068.002036,600960,21068470,0,131892240,123500708,123644564,0,1113412,0,242868,5147300,142304,4314856,100564,832444,1048576,1048576,0,0,0,0,5325852,479236,179988,103216,692200,103216,588984,27040,43684,0,0,0,65946120,8500724,34359738367,497248,0,64640,0,1126400,0,0,0,0,0,0,0,0,2048,0,507152,36096000,99614720
1743620069.001430,600960,21068470,0,131892240,123500716,123644572,0,1113412,0,242868,5147300,142304,4314856,100564,832444,1048576,1048576,0,0,0,0,5325852,479236,179988,103216,692200,103216,588984,27040,43684,0,0,0,65946120,8500724,34359738367,497248,0,64640,0,1126400,0,0,0,0,0,0,0,0,2048,0,507152,36096000,99614720
1743620070.007543,600960,21068470,0,131892240,123500716,123644572,0,1113412,0,242868,5147300,142304,4314856,100564,832444,1048576,1048576,0,0,0,0,5325852,479236,179988,103216,692200,103216,588984,27040,43684,0,0,0,65946120,8500724,34359738367,497248,0,64640,0,1126400,0,0,0,0,0,0,0,0,2048,0,507152,36096000,99614720
1743620071.001978,600960,21068470,0,131892240,123500716,123644572,0,1113412,0,242868,5147300,142304,4314856,100564,832444,1048576,1048576,0,0,0,0,5325852,479236,179988,103216,692200,103216,588984,27040,43684,0,0,0,65946120,8500724,34359738367,497248,0,64640,0,1126400,0,0,0,0,0,0,0,0,2048,0,507152,36096000,99614720
1743620072.002057,600960,21068470,0,131892240,123500716,123644572,0,1113412,0,242868,5147300,142304,4314856,100564,832444,1048576,1048576,0,0,0,0,5325852,479236,179988,103216,692200,103216,588984,27040,43684,0,0,0,65946120,8500724,34359738367,497248,0,64640,0,1126400,0,0,0,0,0,0,0,0,2048,0,507152,36096000,99614720
1743620073.001498,600960,21068470,0,131892240,123500716,123644572,0,1113412,0,242868,5147300,142304,4314856,100564,832444,1048576,1048576,0,0,0,0,5325852,479236,179988,103216,692200,103216,588984,27040,43684,0,0,0,65946120,8500724,34359738367,497248,0,64640,0,1126400,0,0,0,0,0,0,0,0,2048,0,507152,36096000,99614720
1743620078.001871,600960,21068470,0,131892240,123500716,123644572,0,1113412,0,242868,5147300,142304,4314856,100564,832444,1048576,1048576,0,0,0,0,5325852,479236,179988,103216,692200,103216,588984,27040,43684,0,0,0,65946120,8500724,34359738367,497248,0,64640,0,1126400,0,0,0,0,0,0,0,0,2048,0,507152,36096000,99614720
1743620080.001625,600960,21068470,0,131892240,123500716,123644572,0,1113412,0,242868,5147300,142304,4314856,100564,832444,1048576,1048576,0,0,0,0,5325852,479236,179988,103216,692200,103216,588984,27040,43684,0,0,0,65946120,8500724,34359738367,497248,0,64640,0,1126400,0,0,0,0,0,0,0,0,2048,0,507152,36096000,99614720
1743620081.002126,600960,21068470,0,131892240,123500744,123644600,0,1113412,0,242868,5147300,142304,4314856,100564,832444,1048576,1048576,0,0,0,0,5325852,479236,179988,103216,692200,103216,588984,27040,43684,0,0,0,65946120,8500724,34359738367,497248,0,64640,0,1126400,0,0,0,0,0,0,0,0,2048,0,507152,36096000,99614720
1743620082.001310,600960,21068470,0,131892240,123500744,123644600,0,1113412,0,242868,5147300,142304,4314856,100564,832444,1048576,1048576,0,0,0,0,5325852,479236,179988,103216,692200,103216,588984,27040,43684,0,0,0,65946120,8500724,34359738367,497248,0,64640,0,1126400,0,0,0,0,0,0,0,0,2048,0,507152,36096000,99614720
1743620095.001337,600960,21068470,0,131892240,123500824,123644680,0,1113412,0,242868,5147300,142304,4314856,100564,832444,1048576,1048576,0,0,0,0,5325852,479236,179988,103216,692152,103216,588936,27040,43684,0,0,0,65946120,8500724,34359738367,497140,0,64640,0,1126400,0,0,0,0,0,0,0,0,2048,0,507152,36096000,99614720
1743620097.002037,600960,21068470,0,131892240,123500824,123644680,0,1113412,0,242868,5147300,142304,4314856,100564,832444,1048576,1048576,0,0,0,0,5325852,479236,179988,103216,692152,103216,588936,27040,43684,0,0,0,65946120,8500724,34359738367,497248,0,64640,0,1126400,0,0,0,0,0,0,0,0,2048,0,507152,36096000,99614720
1743620098.001108,600960,21068470,0,131892240,123500824,123644680,0,1113412,0,242868,5147300,142304,4314856,100564,832444,1048576,1048576,0,0,0,0,5325852,479236,179988,103216,692152,103216,588936,27040,43684,0,0,0,65946120,8500724,34359738367,497248,0,64640,0,1126400,0,0,0,0,0,0,0,0,2048,0,507152,36096000,99614720
1743620099.001407,600960,21068470,0,131892240,123500824,123644680,0,1113412,0,242868,5147300,142304,4314856,100564,832444,1048576,1048576,0,0,0,0,5325852,479236,179988,103216,692152,103216,588936,27040,43684,0,0,0,65946120,8500724,34359738367,497248,0,64640,0,1126400,0,0,0,0,0,0,0,0,2048,0,507152,36096000,99614720
1743620101.001766,600960,21068470,0,131892240,123500824,123644680,0,1113412,0,242868,5147300,142304,4314856,100564,832444,1048576,1048576,0,0,0,0,5325852,479236,179988,103216,692152,103216,588936,27040,43684,0,0,0,65946120,8500724,34359738367,497248,0,64640,0,1126400,0,0,0,0,0,0,0,0,2048,0,507152,36096000,99614720
1743620102.002003,600960,21068470,0,131892240,123500824,123644680,0,1113412,0,242868,5147300,142304,4314856,100564,832444,1048576,1048576,0,0,0,0,5325852,479236,179988,103216,692152,103216,588936,27040,43684,0,0,0,65946120,8500724,34359738367,497248,0,64640,0,1126400,0,0,0,0,0,0,0,0,2048,0,507152,36096000,99614720
1743620103.001405,600960,21068470,0,131892240,123500824,123644680,0,1113412,0,242868,5147300,142304,4314856,100564,832444,1048576,1048576,0,0,0,0,5325852,479236,179988,103216,692152,103216,588936,27040,43684,0,0,0,65946120,8500724,34359738367,497248,0,64640,0,1126400,0,0,0,0,0,0,0,0,2048,0,507152,36096000,99614720
1743620104.001727,600960,21068470,0,131892240,123500824,123644680,0,1113412,0,242868,5147300,142304,4314856,100564,832444,1048576,1048576,0,0,0,0,5325852,479236,179988,103216,692152,103216,588936,27040,43684,0,0,0,65946120,8500724,34359738367,497248,0,64640,0,1126400,0,0,0,0,0,0,0,0,2048,0,507152,36096000,99614720
1743620105.002089,600960,21068470,0,131892240,123500824,123644680,0,1113412,0,242868,5147300,142304,4314856,100564,832444,1048576,1048576,0,0,0,0,5325852,479236,179988,103216,692152,103216,588936,27040,43684,0,0,0,65946120,8500724,34359738367,497248,0,64640,0,1126400,0,0,0,0,0,0,0,0,2048,0,507152,36096000,99614720
1743620106.001273,600960,21068470,0,131892240,123500824,123644680,0,1113412,0,242868,5147300,142304,4314856,100564,832444,1048576,1048576,0,0,0,0,5325852,479236,179988,103216,692152,103216,588936,27040,43684,0,0,0,65946120,8500724,34359738367,497248,0,64640,0,1126400,0,0,0,0,0,0,0,0,2048,0,507152,36096000,99614720
1743620112.001502,600960,21068470,0,131892240,123500856,123644712,0,1113412,0,242868,5147300,142304,4314856,100564,832444,1048576,1048576,0,0,0,0,5325852,479236,179988,103216,692120,103216,588904,27040,43684,0,0,0,65946120,8500724,34359738367,497140,0,64640,0,1126400,0,0,0,0,0,0,0,0,2048,0,507152,36096000,99614720
1743620113.001824,600960,21068470,0,131892240,123500856,123644712,0,1113412,0,242868,5147300,142304,4314856,100564,832444,1048576,1048576,0,0,0,0,5325852,479236,179988,103216,692120,103216,588904,27040,43684,0,0,0,65946120,8500724,34359738367,497248,0,64640,0,1126400,0,0,0,0,0,0,0,0,2048,0,507152,36096000,99614720
1743620115.001421,600960,21068470,0,131892240,123500856,123644712,0,1113412,0,242868,5147300,142304,4314856,100564,832444,1048576,1048576,0,0,0,0,5325852,479236,179988,103216,692120,103216,588904,27040,43684,0,0,0,65946120,8500724,34359738367,497140,0,64640,0,1126400,0,0,0,0,0,0,0,0,2048,0,507152,36096000,99614720
1743620116.001751,600960,21068470,0,131892240,123500856,123644712,0,1113412,0,242868,5147300,142304,4314856,100564,832444,1048576,1048576,0,0,0,0,5325852,479236,179988,103216,692120,103216,588904,27040,43684,0,0,0,65946120,8500724,34359738367,497248,0,64640,0,1126400,0,0,0,0,0,0,0,0,2048,0,507152,36096000,99614720
1743620117.002138,600960,21068470,0,131892240,123500884,123644740,0,1113412,0,242868,5147300,142304,4314856,100564,832444,1048576,1048576,0,0,0,0,5325852,479236,179988,103216,692120,103216,588904,27040,43684,0,0,0,65946120,8500724,34359738367,497248,0,64640,0,1126400,0,0,0,0,0,0,0,0,2048,0,507152,36096000,99614720
1743620118.001206,600960,21068470,0,131892240,123500884,123644740,0,1113412,0,242868,5147300,142304,4314856,100564,832444,1048576,1048576,0,0,0,0,5325852,479236,179988,103216,692120,103216,588904,27040,43684,0,0,0,65946120,8500724,34359738367,497248,0,64640,0,1126400,0,0,0,0,0,0,0,0,2048,0,507152,36096000,99614720
1743620119.001500,600960,21068470,0,131892240,123500884,123644740,0,1113412,0,242868,5147300,142304,4314856,100564,832444,1048576,1048576,0,0,0,0,5325852,479236,179988,103216,692120,103216,588904,27040,43684,0,0,0,65946120,8500724,34359738367,497248,0,64640,0,1126400,0,0,0,0,0,0,0,0,2048,0,507152,36096000,99614720
1743620120.001873,600960,21068470,0,131892240,123500884,123644740,0,1113412,0,242868,5147300,142304,4314856,100564,832444,1048576,1048576,0,0,0,0,5325852,479236,179988,103216,692120,103216,588904,27040,43684,0,0,0,65946120,8500724,34359738367,497248,0,64640,0,1126400,0,0,0,0,0,0,0,0,2048,0,507152,36096000,99614720
1743620121.001996,600960,21068470,0,131892240,123500884,123644740,0,1113412,0,242868,5147296,142304,4314852,100564,832444,1048576,1048576,0,0,0,0,5325852,479236,179988,103216,692120,103216,588904,27024,43684,0,0,0,65946120,8500724,34359738367,497248,0,64640,0,1126400,0,0,0,0,0,0,0,0,2048,0,507152,36096000,99614720
1743620122.001165,600960,21068470,0,131892240,123500884,123644740,0,1113412,0,242868,5147296,142304,4314852,100564,832444,1048576,1048576,0,0,0,0,5325852,479236,179988,103216,692120,103216,588904,27024,43684,0,0,0,65946120,8500724,34359738367,497248,0,64640,0,1126400,0,0,0,0,0,0,0,0,2048,0,507152,36096000,99614720
1743620123.001476,600960,21068470,0,131892240,123500884,123644740,0,1113412,0,242868,5147296,142304,4314852,100564,832444,1048576,1048576,0,0,0,0,5325852,479236,179988,103216,692120,103216,588904,27040,43684,0,0,0,65946120,8500724,34359738367,497264,0,64640,0,1126400,0,0,0,0,0,0,0,0,2048,0,507152,36096000,99614720
1743620124.001660,600960,21068470,0,131892240,123500884,123644740,0,1113412,0,242868,5147296,142304,4314852,100564,832444,1048576,1048576,0,0,0,0,5325852,479236,179988,103216,692120,103216,588904,27040,43684,0,0,0,65946120,8500724,34359738367,497264,0,64640,0,1126400,0,0,0,0,0,0,0,0,2048,0,507152,36096000,99614720
1743620125.001990,600960,21068470,0,131892240,123500884,123644740,0,1113412,0,242868,5147296,142304,4314852,100564,832444,1048576,1048576,0,0,0,0,5325852,479236,179988,103216,692120,103216,588904,27040,43684,0,0,0,65946120,8500724,34359738367,497264,0,64640,0,1126400,0,0,0,0,0,0,0,0,2048,0,507152,36096000,99614720
1743620126.001156,600960,21068470,0,131892240,123500884,123644740,0,1113412,0,242868,5147296,142304,4314852,100564,832444,1048576,1048576,0,0,0,0,5325852,479236,179988,103216,692120,103216,588904,27040,43684,0,0,0,65946120,8500724,34359738367,497264,0,64640,0,1126400,0,0,0,0,0,0,0,0,2048,0,507152,36096000,99614720
1743620127.001520,600960,21068470,0,131892240,123500884,123644740,0,1113412,0,242868,5147296,142304,4314852,100564,832444,1048576,1048576,0,0,0,0,5325852,479236,179988,103216,692120,103216,588904,27040,43684,0,0,0,65946120,8500724,34359738367,497264,0,64640,0,1126400,0,0,0,0,0,0,0,0,2048,0,507152,36096000,99614720
1743620128.001699,600960,21068470,0,131892240,123500884,123644740,0,1113412,0,242868,5147296,142304,4314852,100564,832444,1048576,1048576,0,0,0,0,5325852,479236,179988,103216,692120,103216,588904,27040,43684,0,0,0,65946120,8500724,34359738367,497264,0,64640,0,1126400,0,0,0,0,0,0,0,0,2048,0,507152,36096000,99614720
1743620129.002036,600960,21068470,0,131892240,123500884,123644740,0,1113412,0,242868,5147296,142304,4314852,100564,832444,1048576,1048576,0,0,0,0,5325852,479236,179988,103216,692120,103216,588904,27040,43684,0,0,0,65946120,8500724,34359738367,497264,0,64640,0,1126400,0,0,0,0,0,0,0,0,2048,0,507152,36096000,99614720
1743620130.007160,600960,21068470,0,131892240,123500884,123644740,0,1113412,0,242868,5147296,142304,4314852,100564,832444,1048576,1048576,0,0,0,0,5325852,479236,179988,103216,692120,103216,588904,27040,43684,0,0,0,65946120,8500724,34359738367,497280,0,64640,0,1126400,0,0,0,0,0,0,0,0,2048,0,507152,36096000,99614720
1743620131.001551,600960,21068470,0,131892240,123500916,123644772,0,1113412,0,242868,5147292,142304,4314848,100564,832444,1048576,1048576,0,0,0,0,5325852,479236,179988,103216,692120,103216,588904,27040,43684,0,0,0,65946120,8500724,34359738367,497264,0,64640,0,1126400,0,0,0,0,0,0,0,0,2048,0,507152,36096000,99614720
1743620132.001664,600960,21068470,0,131892240,123500924,123644780,0,1113412,0,242868,5147292,142304,4314848,100564,832444,1048576,1048576,0,0,0,0,5325852,479236,179988,103216,692120,103216,588904,27040,43684,0,0,0,65946120,8500724,34359738367,497264,0,64640,0,1126400,0,0,0,0,0,0,0,0,2048,0,507152,36096000,99614720
1743620133.002000,600960,21068470,0,131892240,123500924,123644780,0,1113412,0,242868,5147292,142304,4314848,100564,832444,1048576,1048576,0,0,0,0,5325852,479236,179988,103216,692120,103216,588904,27040,43684,0,0,0,65946120,8500724,34359738367,497264,0,64640,0,1126400,0,0,0,0,0,0,0,0,2048,0,507152,36096000,99614720
1743620134.001350,600960,21068470,0,131892240,123500932,123644788,0,1113412,0,242868,5147292,142304,4314848,100564,832444,1048576,1048576,0,0,0,0,5325852,479236,179988,103216,692112,103216,588896,27040,43684,0,0,0,65946120,8500724,34359738367,497264,0,64640,0,1126400,0,0,0,0,0,0,0,0,2048,0,507152,36096000,99614720
1743620135.001427,600960,21068470,0,131892240,123500932,123644788,0,1113412,0,242868,5147292,142304,4314848,100564,832444,1048576,1048576,0,0,0,0,5325852,479236,179988,103216,692112,103216,588896,27040,43684,0,0,0,65946120,8500724,34359738367,497264,0,64640,0,1126400,0,0,0,0,0,0,0,0,2048,0,507152,36096000,99614720
1743620136.001719,600960,21068470,0,131892240,123501012,123644868,0,1113412,0,242868,5147292,142304,4314848,100564,832444,1048576,1048576,0,0,0,0,5325852,479236,179988,103216,692032,103216,588816,27040,43684,0,0,0,65946120,8500724,34359738367,497264,0,64640,0,1126400,0,0,0,0,0,0,0,0,2048,0,507152,36096000,99614720
1743620137.002081,600960,21068470,0,131892240,123501040,123644896,0,1113412,0,242868,5147292,142304,4314848,100564,832444,1048576,1048576,0,0,0,0,5325852,479236,179988,103216,692032,103216,588816,27040,43684,0,0,0,65946120,8500724,34359738367,497264,0,64640,0,1126400,0,0,0,0,0,0,0,0,2048,0,507152,36096000,99614720
1743620138.001153,600960,21068470,0,131892240,123501072,123644928,0,1113412,0,242868,5147292,142304,4314848,100564,832444,1048576,1048576,0,0,0,0,5325852,479236,179988,103216,692032,103216,588816,27040,43684,0,0,0,65946120,8500724,34359738367,497264,0,64640,0,1126400,0,0,0,0,0,0,0,0,2048,0,507152,36096000,99614720
1743620139.001434,600960,21068470,0,131892240,123501072,123644928,0,1113412,0,242868,5147292,142304,4314848,100564,832444,1048576,1048576,0,0,0,0,5325852,479236,179988,103216,692032,103216,588816,27040,43684,0,0,0,65946120,8500724,34359738367,497264,0,64640,0,1126400,0,0,0,0,0,0,0,0,2048,0,507152,36096000,99614720
1743620140.001793,600960,21068470,0,131892240,123501072,123644960,0,1113412,0,242912,5147280,142304,4314848,100608,832432,1048576,1048576,0,0,0,0,5325852,479236,179988,103216,692032,103216,588816,27040,43684,0,0,0,65946120,8500724,34359738367,497264,0,64640,0,1126400,0,0,0,0,0,0,0,0,2048,0,507152,36096000,99614720
1743620141.001894,600960,21068470,0,131892240,123501072,123644960,0,1113412,0,242912,5147280,142304,4314848,100608,832432,1048576,1048576,0,0,0,0,5325852,479236,179988,103216,692032,103216,588816,27040,43684,0,0,0,65946120,8500724,34359738367,497264,0,64640,0,1126400,0,0,0,0,0,0,0,0,2048,0,507152,36096000,99614720
1743620142.002085,600960,21068470,0,131892240,123501072,123644960,0,1113412,0,242912,5147280,142304,4314848,100608,832432,1048576,1048576,0,0,0,0,5325852,479236,179988,103216,692032,103216,588816,27040,43684,0,0,0,65946120,8500724,34359738367,497264,0,64640,0,1126400,0,0,0,0,0,0,0,0,2048,0,507152,36096000,99614720
1743620143.001465,600960,21068470,0,131892240,123501072,123644960,0,1113412,0,242912,5147280,142304,4314848,100608,832432,1048576,1048576,0,0,0,0,5325852,479236,179988,103216,692032,103216,588816,27040,43684,0,0,0,65946120,8500724,34359738367,497264,0,64640,0,1126400,0,0,0,0,0,0,0,0,2048,0,507152,36096000,99614720
1743620144.001736,600960,21068470,0,131892240,123501072,123644960,0,1113412,0,242912,5147280,142304,4314848,100608,832432,1048576,1048576,0,0,0,0,5325852,479236,179988,103216,692032,103216,588816,27040,43684,0,0,0,65946120,8500724,34359738367,497264,0,64640,0,1126400,0,0,0,0,0,0,0,0,2048,0,507152,36096000,99614720
1743620145.002102,600960,21068470,0,131892240,123501072,123644960,0,1113412,0,242912,5147280,142304,4314848,100608,832432,1048576,1048576,0,0,0,0,5325852,479236,179988,103216,692032,103216,588816,27040,43684,0,0,0,65946120,8500724,34359738367,497264,0,64640,0,1126400,0,0,0,0,0,0,0,0,2048,0,507152,36096000,99614720
1743620146.001324,600960,21068470,0,131892240,123501072,123644960,0,1113412,0,242912,5147280,142304,4314848,100608,832432,1048576,1048576,0,0,0,0,5325852,479236,179988,103216,692032,103216,588816,27040,43684,0,0,0,65946120,8500724,34359738367,497264,0,64640,0,1126400,0,0,0,0,0,0,0,0,2048,0,507152,36096000,99614720
1743620147.001638,600960,21068470,0,131892240,123501072,123644960,0,1113412,0,242912,5147280,142304,4314848,100608,832432,1048576,1048576,0,0,0,0,5325852,479236,179988,103216,692032,103216,588816,27040,43684,0,0,0,65946120,8500724,34359738367,497264,0,64640,0,1126400,0,0,0,0,0,0,0,0,2048,0,507152,36096000,99614720
1743620148.001815,600960,21068470,0,131892240,123501072,123644960,0,1113412,0,242912,5147280,142304,4314848,100608,832432,1048576,1048576,0,0,0,0,5325852,479236,179988,103216,692032,103216,588816,27040,43684,0,0,0,65946120,8500724,34359738367,497264,0,64640,0,1126400,0,0,0,0,0,0,0,0,2048,0,507152,36096000,99614720
1743620149.002127,600960,21068470,0,131892240,123501072,123644960,0,1113412,0,242912,5147280,142304,4314848,100608,832432,1048576,1048576,0,0,0,0,5325852,479236,179988,103216,692032,103216,588816,27040,43684,0,0,0,65946120,8500724,34359738367,497264,0,64640,0,1126400,0,0,0,0,0,0,0,0,2048,0,507152,36096000,99614720
1743620150.007150,600960,21068470,0,131892240,123501072,123644960,0,1113412,0,242912,5147280,142304,4314848,100608,832432,1048576,1048576,0,0,0,0,5325852,479236,179988,103216,692032,103216,588816,27040,43684,0,0,0,65946120,8500724,34359738367,497264,0,64640,0,1126400,0,0,0,0,0,0,0,0,2048,0,507152,36096000,99614720
1743620151.001520,600960,21068470,0,131892240,123501072,123644960,0,1113412,0,242912,5147280,142304,4314848,100608,832432,1048576,1048576,0,0,0,0,5325852,479236,179988,103216,692032,103216,588816,27040,43684,0,0,0,65946120,8500724,34359738367,497264,0,64640,0,1126400,0,0,0,0,0,0,0,0,2048,0,507152,36096000,99614720
1743620152.001598,600960,21068470,0,131892240,123501072,123644960,0,1113412,0,242912,5147280,142304,4314848,100608,832432,1048576,1048576,0,0,0,0,5325852,479236,179988,103216,692032,103216,588816,27040,43684,0,0,0,65946120,8500724,34359738367,497264,0,64640,0,1126400,0,0,0,0,0,0,0,0,2048,0,507152,36096000,99614720
1743620153.001878,600960,21068470,0,131892240,123501096,123644984,0,1113412,0,242912,5147280,142304,4314848,100608,832432,1048576,1048576,0,0,0,0,5325852,479236,179988,103216,692024,103216,588808,27040,43684,0,0,0,65946120,8500724,34359738367,497264,0,64640,0,1126400,0,0,0,0,0,0,0,0,2048,0,507152,36096000,99614720
1743620154.001261,600960,21068470,0,131892240,123501064,123644952,0,1113412,0,242912,5147280,142304,4314848,100608,832432,1048576,1048576,0,0,0,0,5325852,479236,179988,103216,692056,103216,588840,27040,43684,0,0,0,65946120,8500724,34359738367,497264,0,64640,0,1126400,0,0,0,0,0,0,0,0,2048,0,507152,36096000,99614720
1743620155.001348,600960,21068470,0,131892240,123501092,123644980,0,1113412,0,242912,5147280,142304,4314848,100608,832432,1048576,1048576,0,0,0,0,5325852,479236,179988,103216,692056,103216,588840,27040,43684,0,0,0,65946120,8500724,34359738367,497264,0,64640,0,1126400,0,0,0,0,0,0,0,0,2048,0,507152,36096000,99614720
1743620156.001642,600960,21068470,0,131892240,123501092,123644980,0,1113412,0,242912,5147280,142304,4314848,100608,832432,1048576,1048576,0,0,0,0,5325852,479236,179988,103216,692056,103216,588840,27040,43684,0,0,0,65946120,8500724,34359738367,497264,0,64640,0,1126400,0,0,0,0,0,0,0,0,2048,0,507152,36096000,99614720
1743620157.002049,600960,21068470,0,131892240,123501092,123644980,0,1113412,0,242912,5147280,142304,4314848,100608,832432,1048576,1048576,0,0,0,0,5325852,479236,179988,103216,692056,103216,588840,27040,43684,0,0,0,65946120,8500724,34359738367,497264,0,64640,0,1126400,0,0,0,0,0,0,0,0,2048,0,507152,36096000,99614720
1743620158.001119,600960,21068470,0,131892240,123501092,123644980,0,1113412,0,242912,5147280,142304,4314848,100608,832432,1048576,1048576,0,0,0,0,5325852,479236,179988,103216,692056,103216,588840,27040,43684,0,0,0,65946120,8500724,34359738367,497264,0,64640,0,1126400,0,0,0,0,0,0,0,0,2048,0,507152,36096000,99614720
1743620159.001396,600960,21068470,0,131892240,123501092,123644980,0,1113412,0,242912,5147280,142304,4314848,100608,832432,1048576,1048576,0,0,0,0,5325852,479236,179988,103216,692056,103216,588840,27040,43684,0,0,0,65946120,8500724,34359738367,497264,0,64640,0,1126400,0,0,0,0,0,0,0,0,2048,0,507152,36096000,99614720
1743620160.001767,600960,21068470,0,131892240,123501092,123644980,0,1113412,0,242912,5147280,142304,4314848,100608,832432,1048576,1048576,0,0,0,0,5325852,479236,179988,103216,692056,103216,588840,27040,43684,0,0,0,65946120,8500724,34359738367,497264,0,64640,0,1126400,0,0,0,0,0,0,0,0,2048,0,507152,36096000,99614720
1743620161.001792,600960,21068470,0,131892240,123501092,123644980,0,1113412,0,242912,5147280,142304,4314848,100608,832432,1048576,1048576,0,0,0,0,5325852,479236,179988,103216,692056,103216,588840,27040,43684,0,0,0,65946120,8500724,34359738367,497264,0,64640,0,1126400,0,0,0,0,0,0,0,0,2048,0,507152,36096000,99614720
1743620162.001962,600960,21068470,0,131892240,123501092,123644980,0,1113412,0,242912,5147280,142304,4314848,100608,832432,1048576,1048576,0,0,0,0,5325852,479236,179988,103216,692056,103216,588840,27040,43684,0,0,0,65946120,8500724,34359738367,497264,0,64640,0,1126400,0,0,0,0,0,0,0,0,2048,0,507152,36096000,99614720
1743620163.001269,600960,21068470,0,131892240,123501092,123644980,0,1113412,0,242912,5147280,142304,4314848,100608,832432,1048576,1048576,0,0,0,0,5325852,479236,179988,103216,692056,103216,588840,27040,43684,0,0,0,65946120,8500724,34359738367,497264,0,64640,0,1126400,0,0,0,0,0,0,0,0,2048,0,507152,36096000,99614720
1743620164.001435,600960,21068470,0,131892240,123501100,123644988,0,1113412,0,242912,5147280,142304,4314848,100608,832432,1048576,1048576,0,0,0,0,5325852,479236,179988,103216,692048,103216,588832,27040,43684,0,0,0,65946120,8500724,34359738367,497264,0,64640,0,1126400,0,0,0,0,0,0,0,0,2048,0,507152,36096000,99614720
1743620165.001764,600960,21068470,0,131892240,123501100,123644988,0,1113412,0,242912,5147280,142304,4314848,100608,832432,1048576,1048576,0,0,0,0,5325852,479236,179988,103216,692048,103216,588832,27040,43684,0,0,0,65946120,8500724,34359738367,497264,0,64640,0,1126400,0,0,0,0,0,0,0,0,2048,0,507152,36096000,99614720
1743620166.001955,600960,21068470,0,131892240,123501100,123644988,0,1113412,0,242912,5147280,142304,4314848,100608,832432,1048576,1048576,0,0,0,0,5325852,479236,179988,103216,692048,103216,588832,27040,43684,0,0,0,65946120,8500724,34359738367,497264,0,64640,0,1126400,0,0,0,0,0,0,0,0,2048,0,507152,36096000,99614720
1743620167.001280,600960,21068470,0,131892240,123501100,123644988,0,1113412,0,242912,5147280,142304,4314848,100608,832432,1048576,1048576,0,0,0,0,5325852,479236,179988,103216,692048,103216,588832,27040,43684,0,0,0,65946120,8500724,34359738367,497264,0,64640,0,1126400,0,0,0,0,0,0,0,0,2048,0,507152,36096000,99614720
1743620168.001443,600960,21068470,0,131892240,123501100,123644988,0,1113412,0,242912,5147280,142304,4314848,100608,832432,1048576,1048576,0,0,0,0,5325852,479236,179988,103216,692048,103216,588832,27040,43684,0,0,0,65946120,8500724,34359738367,497264,0,64640,0,1126400,0,0,0,0,0,0,0,0,2048,0,507152,36096000,99614720
1743620169.001766,600960,21068470,0,131892240,123501100,123644988,0,1113412,0,242912,5147280,142304,4314848,100608,832432,1048576,1048576,0,0,0,0,5325852,479236,179988,103216,692048,103216,588832,27040,43684,0,0,0,65946120,8500724,34359738367,497264,0,64640,0,1126400,0,0,0,0,0,0,0,0,2048,0,507152,36096000,99614720
1743620170.007891,600960,21068470,0,131892240,123501100,123644996,0,1113412,0,242912,5147292,142304,4314852,100608,832440,1048576,1048576,0,0,0,0,5325852,479236,179988,103216,692048,103216,588832,27040,43684,0,0,0,65946120,8500724,34359738367,497264,0,64640,0,1126400,0,0,0,0,0,0,0,0,2048,0,507152,36096000,99614720
1743620171.001243,600960,21068470,0,131892240,123501100,123644996,0,1113412,0,242912,5147292,142304,4314852,100608,832440,1048576,1048576,0,0,0,0,5325852,479236,179988,103216,692048,103216,588832,27040,43684,0,0,0,65946120,8500724,34359738367,497264,0,64640,0,1126400,0,0,0,0,0,0,0,0,2048,0,507152,36096000,99614720
1743620172.001330,600960,21068470,0,131892240,123501100,123644996,0,1113412,0,242912,5147292,142304,4314852,100608,832440,1048576,1048576,0,0,0,0,5325852,479236,179988,103216,692048,103216,588832,27040,43684,0,0,0,65946120,8500724,34359738367,497264,0,64640,0,1126400,0,0,0,0,0,0,0,0,2048,0,507152,36096000,99614720
1743620173.001618,600960,21068470,0,131892240,123501100,123644996,0,1113412,0,242912,5147292,142304,4314852,100608,832440,1048576,1048576,0,0,0,0,5325852,479236,179988,103216,692048,103216,588832,27040,43684,0,0,0,65946120,8500724,34359738367,497264,0,64640,0,1126400,0,0,0,0,0,0,0,0,2048,0,507152,36096000,99614720
1743620174.001995,600960,21068470,0,131892240,123501100,123644996,0,1113412,0,242912,5147292,142304,4314852,100608,832440,1048576,1048576,0,0,0,0,5325852,479236,179988,103216,692048,103216,588832,27040,43684,0,0,0,65946120,8500724,34359738367,497264,0,64640,0,1126400,0,0,0,0,0,0,0,0,2048,0,507152,36096000,99614720
1743620175.002070,600960,21068470,0,131892240,123501100,123644996,0,1113412,0,242912,5147292,142304,4314852,100608,832440,1048576,1048576,0,0,0,0,5325852,479236,179988,103216,692048,103216,588832,27040,43684,0,0,0,65946120,8500724,34359738367,497264,0,64640,0,1126400,0,0,0,0,0,0,0,0,2048,0,507152,36096000,99614720
1743620181.001639,600960,21068470,0,131892240,123501100,123644996,0,1113412,0,242912,5147292,142304,4314852,100608,832440,1048576,1048576,0,0,0,0,5325852,479236,179988,103216,692048,103216,588832,27040,43684,0,0,0,65946120,8500724,34359738367,497156,0,64640,0,1126400,0,0,0,0,0,0,0,0,2048,0,507152,36096000,99614720
1743620183.002143,600960,21068470,0,131892240,123501100,123644996,0,1113412,0,242912,5147292,142304,4314852,100608,832440,1048576,1048576,0,0,0,0,5325852,479236,179988,103216,692048,103216,588832,27040,43684,0,0,0,65946120,8500724,34359738367,497264,0,64640,0,1126400,0,0,0,0,0,0,0,0,2048,0,507152,36096000,99614720
1743620184.001454,600960,21068470,0,131892240,123501100,123644996,0,1113412,0,242912,5147292,142304,4314852,100608,832440,1048576,1048576,0,0,0,0,5325852,479236,179988,103216,692048,103216,588832,27040,43684,0,0,0,65946120,8500724,34359738367,497264,0,64640,0,1126400,0,0,0,0,0,0,0,0,2048,0,507152,36096000,99614720
1743620185.001803,600960,21068470,0,131892240,123501100,123644996,0,1113412,0,242912,5147292,142304,4314852,100608,832440,1048576,1048576,0,0,0,0,5325852,479236,179988,103216,692048,103216,588832,27040,43684,0,0,0,65946120,8500724,34359738367,497264,0,64640,0,1126400,0,0,0,0,0,0,0,0,2048,0,507152,36096000,99614720
1743620186.002025,600960,21068470,0,131892240,123501100,123644996,0,1113412,0,242912,5147292,142304,4314852,100608,832440,1048576,1048576,0,0,0,0,5325852,479236,179988,103216,692048,103216,588832,27040,43684,0,0,0,65946120,8500724,34359738367,497264,0,64640,0,1126400,0,0,0,0,0,0,0,0,2048,0,507152,36096000,99614720
1743620187.001347,600960,21068470,0,131892240,123501100,123644996,0,1113412,0,242912,5147292,142304,4314852,100608,832440,1048576,1048576,0,0,0,0,5325852,479236,179988,103216,692048,103216,588832,27040,43684,0,0,0,65946120,8500724,34359738367,497264,0,64640,0,1126400,0,0,0,0,0,0,0,0,2048,0,507152,36096000,99614720
1743620188.001576,600960,21068470,0,131892240,123501100,123644996,0,1113412,0,242912,5147292,142304,4314852,100608,832440,1048576,1048576,0,0,0,0,5325852,479236,179988,103216,692048,103216,588832,27040,43684,0,0,0,65946120,8500724,34359738367,497264,0,64640,0,1126400,0,0,0,0,0,0,0,0,2048,0,507152,36096000,99614720
1743620189.001939,600960,21068470,0,131892240,123501100,123644996,0,1113412,0,242912,5147292,142304,4314852,100608,832440,1048576,1048576,0,0,0,0,5325852,479236,179988,103216,692048,103216,588832,27040,43684,0,0,0,65946120,8500724,34359738367,497264,0,64640,0,1126400,0,0,0,0,0,0,0,0,2048,0,507152,36096000,99614720
1743620190.007070,600960,21068470,0,131892240,123501100,123644996,0,1113412,0,242912,5147292,142304,4314852,100608,832440,1048576,1048576,0,0,0,0,5325852,479236,179988,103216,692048,103216,588832,27040,43684,0,0,0,65946120,8500724,34359738367,497280,0,64640,0,1126400,0,0,0,0,0,0,0,0,2048,0,507152,36096000,99614720
1743620191.001437,600960,21068470,0,131892240,123501100,123644996,0,1113412,0,242912,5147292,142304,4314852,100608,832440,1048576,1048576,0,0,0,0,5325852,479236,179988,103216,692048,103216,588832,27056,43684,0,0,0,65946120,8500724,34359738367,497280,0,64640,0,1126400,0,0,0,0,0,0,0,0,2048,0,507152,36096000,99614720
1743620192.001510,600960,21068470,0,131892240,123501100,123644996,0,1113412,0,242912,5147292,142304,4314852,100608,832440,1048576,1048576,0,0,0,0,5325852,479236,179988,103216,692048,103216,588832,27056,43684,0,0,0,65946120,8500724,34359738367,497280,0,64640,0,1126400,0,0,0,0,0,0,0,0,2048,0,507152,36096000,99614720
1743620193.001812,600960,21068470,0,131892240,123501100,123644996,0,1113412,0,242912,5147292,142304,4314852,100608,832440,1048576,1048576,0,0,0,0,5325852,479236,179988,103216,692048,103216,588832,27056,43684,0,0,0,65946120,8500724,34359738367,497280,0,64640,0,1126400,0,0,0,0,0,0,0,0,2048,0,507152,36096000,99614720
1743620194.002255,600960,21068470,0,131892240,123501100,123644996,0,1113412,0,242912,5147292,142304,4314852,100608,832440,1048576,1048576,0,0,0,0,5325852,479236,179988,103216,692048,103216,588832,27056,43684,0,0,0,65946120,8500724,34359738367,497280,0,64640,0,1126400,0,0,0,0,0,0,0,0,2048,0,507152,36096000,99614720
1743620195.001385,600960,21068470,0,131892240,123501100,123644996,0,1113412,0,242912,5147292,142304,4314852,100608,832440,1048576,1048576,0,0,0,0,5325852,479236,179988,103216,692048,103216,588832,27056,43684,0,0,0,65946120,8500724,34359738367,497280,0,64640,0,1126400,0,0,0,0,0,0,0,0,2048,0,507152,36096000,99614720
1743620196.001781,600960,21068470,0,131892240,123501100,123644996,0,1113412,0,242912,5147292,142304,4314852,100608,832440,1048576,1048576,0,0,0,0,5325852,479236,179988,103216,692048,103216,588832,27056,43684,0,0,0,65946120,8500724,34359738367,497280,0,64640,0,1126400,0,0,0,0,0,0,0,0,2048,0,507152,36096000,99614720
1743620197.002165,600960,21068470,0,131892240,123501100,123644996,0,1113412,0,242912,5147292,142304,4314852,100608,832440,1048576,1048576,0,0,0,0,5325852,479236,179988,103216,692048,103216,588832,27056,43684,0,0,0,65946120,8500724,34359738367,497280,0,64640,0,1126400,0,0,0,0,0,0,0,0,2048,0,507152,36096000,99614720
1743620198.001234,600960,21068470,0,131892240,123501100,123644996,0,1113412,0,242912,5147292,142304,4314852,100608,832440,1048576,1048576,0,0,0,0,5325852,479236,179988,103216,692048,103216,588832,27056,43684,0,0,0,65946120,8500724,34359738367,497280,0,64640,0,1126400,0,0,0,0,0,0,0,0,2048,0,507152,36096000,99614720
1743620199.001535,600960,21068470,0,131892240,123501100,123644996,0,1113412,0,242912,5147292,142304,4314852,100608,832440,1048576,1048576,0,0,0,0,5325852,479236,179988,103216,692048,103216,588832,27056,43684,0,0,0,65946120,8500724,34359738367,497280,0,64640,0,1126400,0,0,0,0,0,0,0,0,2048,0,507152,36096000,99614720
1743620200.001968,600960,21068470,0,131892240,123501100,123644996,0,1113412,0,242912,5147292,142304,4314852,100608,832440,1048576,1048576,0,0,0,0,5325852,479236,179988,103216,692048,103216,588832,27056,43684,0,0,0,65946120,8500724,34359738367,497280,0,64640,0,1126400,0,0,0,0,0,0,0,0,2048,0,507152,36096000,99614720
1743620201.002101,600960,21068470,0,131892240,123501100,123644996,0,1113412,0,242912,5147292,142304,4314852,100608,832440,1048576,1048576,0,0,0,0,5325852,479236,179988,103216,692048,103216,588832,27056,43684,0,0,0,65946120,8500724,34359738367,497280,0,64640,0,1126400,0,0,0,0,0,0,0,0,2048,0,507152,36096000,99614720
1743620202.001270,600960,21068470,0,131892240,123501100,123644996,0,1113412,0,242912,5147292,142304,4314852,100608,832440,1048576,1048576,0,0,0,0,5325852,479236,179988,103216,692048,103216,588832,27056,43684,0,0,0,65946120,8500724,34359738367,497280,0,64640,0,1126400,0,0,0,0,0,0,0,0,2048,0,507152,36096000,99614720
1743620203.001595,600960,21068470,0,131892240,123501100,123644996,0,1113412,0,242912,5147292,142304,4314852,100608,832440,1048576,1048576,0,0,0,0,5325852,479236,179988,103216,692048,103216,588832,27056,43684,0,0,0,65946120,8500724,34359738367,497280,0,64640,0,1126400,0,0,0,0,0,0,0,0,2048,0,507152,36096000,99614720
1743620204.001764,600960,21068470,0,131892240,123501108,123645004,0,1113412,0,242912,5147292,142304,4314852,100608,832440,1048576,1048576,0,0,0,0,5325852,479236,179988,103216,692040,103216,588824,27056,43684,0,0,0,65946120,8500724,34359738367,497280,0,64640,0,1126400,0,0,0,0,0,0,0,0,2048,0,507152,36096000,99614720
1743620205.002125,600960,21068470,0,131892240,123501108,123645004,0,1113412,0,242912,5147292,142304,4314852,100608,832440,1048576,1048576,0,0,0,0,5325852,479236,179988,103216,692040,103216,588824,27056,43684,0,0,0,65946120,8500724,34359738367,497280,0,64640,0,1126400,0,0,0,0,0,0,0,0,2048,0,507152,36096000,99614720
1743620206.001407,600960,21068470,0,131892240,123501108,123645004,0,1113412,0,242912,5147292,142304,4314852,100608,832440,1048576,1048576,0,0,0,0,5325852,479236,179988,103216,692040,103216,588824,27056,43684,0,0,0,65946120,8500724,34359738367,497280,0,64640,0,1126400,0,0,0,0,0,0,0,0,2048,0,507152,36096000,99614720
1743620207.001756,600960,21068470,0,131892240,123501108,123645004,0,1113412,0,242912,5147292,142304,4314852,100608,832440,1048576,1048576,0,0,0,0,5325852,479236,179988,103216,692040,103216,588824,27056,43684,0,0,0,65946120,8500724,34359738367,497280,0,64640,0,1126400,0,0,0,0,0,0,0,0,2048,0,507152,36096000,99614720
1743620208.001925,600960,21068470,0,131892240,123501108,123645004,0,1113412,0,242912,5147292,142304,4314852,100608,832440,1048576,1048576,0,0,0,0,5325852,479236,179988,103216,692040,103216,588824,27056,43684,0,0,0,65946120,8500724,34359738367,497280,0,64640,0,1126400,0,0,0,0,0,0,0,0,2048,0,507152,36096000,99614720
1743620209.001274,600960,21068470,0,131892240,123501108,123645004,0,1113412,0,242912,5147292,142304,4314852,100608,832440,1048576,1048576,0,0,0,0,5325852,479236,179988,103216,692040,103216,588824,27056,43684,0,0,0,65946120,8500724,34359738367,497280,0,64640,0,1126400,0,0,0,0,0,0,0,0,2048,0,507152,36096000,99614720
1743620210.009787,600960,21068470,0,131892240,123501108,123645004,0,1113412,0,242912,5147292,142304,4314852,100608,832440,1048576,1048576,0,0,0,0,5325852,479236,179988,103216,692040,103216,588824,27056,43684,0,0,0,65946120,8500724,34359738367,497280,0,64640,0,1126400,0,0,0,0,0,0,0,0,2048,0,507152,36096000,99614720
1743620216.001433,600960,21068470,0,131892240,123501136,123645032,0,1113412,0,242912,5147292,142304,4314852,100608,832440,1048576,1048576,0,0,0,0,5325852,479236,179988,103216,692036,103216,588820,27056,43684,0,0,0,65946120,8500724,34359738367,497172,0,64640,0,1126400,0,0,0,0,0,0,0,0,2048,0,507152,36096000,99614720
1743620217.001825,600960,21068470,0,131892240,123501136,123645032,0,1113412,0,242912,5147292,142304,4314852,100608,832440,1048576,1048576,0,0,0,0,5325852,479236,179988,103216,692036,103216,588820,27056,43684,0,0,0,65946120,8500724,34359738367,497280,0,64640,0,1126400,0,0,0,0,0,0,0,0,2048,0,507152,36096000,99614720
1743620218.001900,600960,21068470,0,131892240,123501136,123645032,0,1113412,0,242912,5147292,142304,4314852,100608,832440,1048576,1048576,0,0,0,0,5325852,479236,179988,103216,692036,103216,588820,27056,43684,0,0,0,65946120,8500724,34359738367,497280,0,64640,0,1126400,0,0,0,0,0,0,0,0,2048,0,507152,36096000,99614720
1743620220.001606,600960,21068470,0,131892240,123501136,123645032,0,1113412,0,242912,5147292,142304,4314852,100608,832440,1048576,1048576,0,0,0,0,5325852,479236,179988,103216,692036,103216,588820,27056,43684,0,0,0,65946120,8500724,34359738367,497172,0,64640,0,1126400,0,0,0,0,0,0,0,0,2048,0,507152,36096000,99614720
1743620233.001686,600960,21068470,0,131892240,123501172,123645068,0,1113412,0,242912,5147292,142304,4314852,100608,832440,1048576,1048576,0,0,0,0,5325852,479236,179988,103216,692036,103216,588820,27056,43684,0,0,0,65946120,8500724,34359738367,497172,0,64640,0,1126400,0,0,0,0,0,0,0,0,2048,0,507152,36096000,99614720
1743620234.002077,600960,21068470,0,131892240,123501172,123645068,0,1113412,0,242912,5147292,142304,4314852,100608,832440,1048576,1048576,0,0,0,0,5325852,479236,179988,103216,692036,103216,588820,27056,43684,0,0,0,65946120,8500724,34359738367,497280,0,64640,0,1126400,0,0,0,0,0,0,0,0,2048,0,507152,36096000,99614720
1743620235.001149,600960,21068470,0,131892240,123501172,123645068,0,1113412,0,242912,5147292,142304,4314852,100608,832440,1048576,1048576,0,0,0,0,5325852,479236,179988,103216,692036,103216,588820,27056,43684,0,0,0,65946120,8500724,34359738367,497280,0,64640,0,1126400,0,0,0,0,0,0,0,0,2048,0,507152,36096000,99614720
1743620236.001458,600960,21068470,0,131892240,123501248,123645144,0,1113412,0,242912,5147292,142304,4314852,100608,832440,1048576,1048576,0,0,0,0,5325852,479236,179988,103216,692044,103216,588828,27056,43684,0,0,0,65946120,8500724,34359738367,497280,0,64640,0,1126400,0,0,0,0,0,0,0,0,2048,0,507152,36096000,99614720
1743620237.001831,600960,21068470,0,131892240,123501240,123645136,0,1113412,0,242912,5147292,142304,4314852,100608,832440,1048576,1048576,0,0,0,0,5325852,479236,179988,103216,692052,103216,588836,27056,43684,0,0,0,65946120,8500724,34359738367,497280,0,64640,0,1126400,0,0,0,0,0,0,0,0,2048,0,507152,36096000,99614720
1743620238.001910,600960,21068470,0,131892240,123501240,123645136,0,1113412,0,242912,5147292,142304,4314852,100608,832440,1048576,1048576,0,0,0,0,5325852,479236,179988,103216,692052,103216,588836,27056,43684,0,0,0,65946120,8500724,34359738367,497280,0,64640,0,1126400,0,0,0,0,0,0,0,0,2048,0,507152,36096000,99614720
1743620239.001230,600960,21068470,0,131892240,123501248,123645144,0,1113412,0,242912,5147292,142304,4314852,100608,832440,1048576,1048576,0,0,0,0,5325852,479236,179988,103216,692044,103216,588828,27056,43684,0,0,0,65946120,8500724,34359738367,497280,0,64640,0,1126400,0,0,0,0,0,0,0,0,2048,0,507152,36096000,99614720
1743620240.001694,600960,21068470,0,131892240,123501248,123645144,0,1113412,0,242912,5147292,142304,4314852,100608,832440,1048576,1048576,0,0,0,0,5325852,479236,179988,103216,692044,103216,588828,27056,43684,0,0,0,65946120,8500724,34359738367,497280,0,64640,0,1126400,0,0,0,0,0,0,0,0,2048,0,507152,36096000,99614720
1743620245.001399,600960,21068470,0,131892240,123501248,123645144,0,1113412,0,242912,5147292,142304,4314852,100608,832440,1048576,1048576,0,0,0,0,5325852,479236,179988,103216,692044,103216,588828,27056,43684,0,0,0,65946120,8500724,34359738367,497280,0,64640,0,1126400,0,0,0,0,0,0,0,0,2048,0,507152,36096000,99614720
1743620246.001577,600960,21068470,0,131892240,123501248,123645144,0,1113412,0,242912,5147292,142304,4314852,100608,832440,1048576,1048576,0,0,0,0,5325852,479236,179988,103216,692044,103216,588828,27056,43684,0,0,0,65946120,8500724,34359738367,497280,0,64640,0,1126400,0,0,0,0,0,0,0,0,2048,0,507152,36096000,99614720
1743620247.001900,600960,21068470,0,131892240,123501248,123645144,0,1113412,0,242912,5147292,142304,4314852,100608,832440,1048576,1048576,0,0,0,0,5325852,479236,179988,103216,692044,103216,588828,27056,43684,0,0,0,65946120,8500724,34359738367,497280,0,64640,0,1126400,0,0,0,0,0,0,0,0,2048,0,507152,36096000,99614720
1743620248.002072,600960,21068470,0,131892240,123501248,123645144,0,1113412,0,242912,5147292,142304,4314852,100608,832440,1048576,1048576,0,0,0,0,5325852,479236,179988,103216,692044,103216,588828,27056,43684,0,0,0,65946120,8500724,34359738367,497280,0,64640,0,1126400,0,0,0,0,0,0,0,0,2048,0,507152,36096000,99614720
1743620249.001462,600960,21068470,0,131892240,123501248,123645144,0,1113412,0,242912,5147292,142304,4314852,100608,832440,1048576,1048576,0,0,0,0,5325852,479236,179988,103216,692044,103216,588828,27056,43684,0,0,0,65946120,8500724,34359738367,497280,0,64640,0,1126400,0,0,0,0,0,0,0,0,2048,0,507152,36096000,99614720
1743620250.007475,600960,21068470,0,131892240,123501248,123645144,0,1113412,0,242912,5147292,142304,4314852,100608,832440,1048576,1048576,0,0,0,0,5325852,479236,179988,103216,692044,103216,588828,27056,43684,0,0,0,65946120,8500724,34359738367,497280,0,64640,0,1126400,0,0,0,0,0,0,0,0,2048,0,507152,36096000,99614720
1743620251.001880,600960,21068470,0,131892240,123501248,123645144,0,1113412,0,242912,5147292,142304,4314852,100608,832440,1048576,1048576,0,0,0,0,5325852,479236,179988,103216,692044,103216,588828,27056,43684,0,0,0,65946120,8500724,34359738367,497280,0,64640,0,1126400,0,0,0,0,0,0,0,0,2048,0,507152,36096000,99614720
1743620252.001980,600960,21068470,0,131892240,123501284,123645180,0,1113412,0,242912,5147292,142304,4314852,100608,832440,1048576,1048576,0,0,0,0,5325852,479236,179988,103216,692044,103216,588828,27056,43684,0,0,0,65946120,8500724,34359738367,497280,0,64640,0,1126400,0,0,0,0,0,0,0,0,2048,0,507152,36096000,99614720
1743620253.001373,600960,21068470,0,131892240,123501284,123645180,0,1113412,0,242912,5147292,142304,4314852,100608,832440,1048576,1048576,0,0,0,0,5325852,479236,179988,103216,692044,103216,588828,27056,43684,0,0,0,65946120,8500724,34359738367,497280,0,64640,0,1126400,0,0,0,0,0,0,0,0,2048,0,507152,36096000,99614720
1743620254.001774,600960,21068470,0,131892240,123501284,123645180,0,1113412,0,242912,5147292,142304,4314852,100608,832440,1048576,1048576,0,0,0,0,5325852,479236,179988,103216,692044,103216,588828,27056,43684,0,0,0,65946120,8500724,34359738367,497280,0,64640,0,1126400,0,0,0,0,0,0,0,0,2048,0,507152,36096000,99614720
1743620255.001867,600960,21068470,0,131892240,123501284,123645180,0,1113412,0,242912,5147292,142304,4314852,100608,832440,1048576,1048576,0,0,0,0,5325852,479236,179988,103216,692044,103216,588828,27056,43684,0,0,0,65946120,8500724,34359738367,497280,0,64640,0,1126400,0,0,0,0,0,0,0,0,2048,0,507152,36096000,99614720
1743620256.001217,600960,21068470,0,131892240,123501284,123645180,0,1113412,0,242912,5147292,142304,4314852,100608,832440,1048576,1048576,0,0,0,0,5325852,479236,179988,103216,692044,103216,588828,27056,43684,0,0,0,65946120,8500724,34359738367,497280,0,64640,0,1126400,0,0,0,0,0,0,0,0,2048,0,507152,36096000,99614720
1743620257.001618,600960,21068470,0,131892240,123501284,123645180,0,1113412,0,242912,5147292,142304,4314852,100608,832440,1048576,1048576,0,0,0,0,5325852,479236,179988,103216,692044,103216,588828,27056,43684,0,0,0,65946120,8500724,34359738367,497280,0,64640,0,1126400,0,0,0,0,0,0,0,0,2048,0,507152,36096000,99614720
1743620258.001692,600960,21068470,0,131892240,123501284,123645180,0,1113412,0,242912,5147292,142304,4314852,100608,832440,1048576,1048576,0,0,0,0,5325852,479236,179988,103216,692044,103216,588828,27056,43684,0,0,0,65946120,8500724,34359738367,497280,0,64640,0,1126400,0,0,0,0,0,0,0,0,2048,0,507152,36096000,99614720
1743620259.002042,600960,21068470,0,131892240,123501312,123645208,0,1113412,0,242912,5147292,142304,4314852,100608,832440,1048576,1048576,0,0,0,0,5325852,479236,179988,103216,692044,103216,588828,27056,43684,0,0,0,65946120,8500724,34359738367,497280,0,64640,0,1126400,0,0,0,0,0,0,0,0,2048,0,507152,36096000,99614720
1743620260.001428,600960,21068470,0,131892240,123501312,123645208,0,1113412,0,242912,5147292,142304,4314852,100608,832440,1048576,1048576,0,0,0,0,5325852,479236,179988,103216,692044,103216,588828,27056,43684,0,0,0,65946120,8500724,34359738367,497280,0,64640,0,1126400,0,0,0,0,0,0,0,0,2048,0,507152,36096000,99614720
1743620261.001522,600960,21068470,0,131892240,123501312,123645208,0,1113412,0,242912,5147292,142304,4314852,100608,832440,1048576,1048576,0,0,0,0,5325852,479236,179988,103216,692044,103216,588828,27056,43684,0,0,0,65946120,8500724,34359738367,497280,0,64640,0,1126400,0,0,0,0,0,0,0,0,2048,0,507152,36096000,99614720
1743620262.001770,600960,21068470,0,131892240,123501312,123645208,0,1113412,0,242912,5147292,142304,4314852,100608,832440,1048576,1048576,0,0,0,0,5325852,479236,179988,103216,692044,103216,588828,27056,43684,0,0,0,65946120,8500724,34359738367,497280,0,64640,0,1126400,0,0,0,0,0,0,0,0,2048,0,507152,36096000,99614720
1743620263.002101,600960,21068470,0,131892240,123501312,123645208,0,1113412,0,242912,5147292,142304,4314852,100608,832440,1048576,1048576,0,0,0,0,5325852,479236,179988,103216,692044,103216,588828,27056,43684,0,0,0,65946120,8500724,34359738367,497280,0,64640,0,1126400,0,0,0,0,0,0,0,0,2048,0,507152,36096000,99614720
1743620264.001346,600960,21068470,0,131892240,123501312,123645208,0,1113412,0,242912,5147292,142304,4314852,100608,832440,1048576,1048576,0,0,0,0,5325852,479236,179988,103216,692044,103216,588828,27056,43684,0,0,0,65946120,8500724,34359738367,497280,0,64640,0,1126400,0,0,0,0,0,0,0,0,2048,0,507152,36096000,99614720
1743620265.001647,600960,21068470,0,131892240,123501312,123645208,0,1113412,0,242912,5147292,142304,4314852,100608,832440,1048576,1048576,0,0,0,0,5325852,479236,179988,103216,692044,103216,588828,27056,43684,0,0,0,65946120,8500724,34359738367,497280,0,64640,0,1126400,0,0,0,0,0,0,0,0,2048,0,507152,36096000,99614720
1743620266.001884,600960,21068470,0,131892240,123501312,123645208,0,1113412,0,242912,5147292,142304,4314852,100608,832440,1048576,1048576,0,0,0,0,5325852,479236,179988,103216,692044,103216,588828,27056,43684,0,0,0,65946120,8500724,34359738367,497280,0,64640,0,1126400,0,0,0,0,0,0,0,0,2048,0,507152,36096000,99614720
1743620267.001223,600960,21068470,0,131892240,123501312,123645208,0,1113412,0,242912,5147292,142304,4314852,100608,832440,1048576,1048576,0,0,0,0,5325852,479236,179988,103216,692044,103216,588828,27056,43684,0,0,0,65946120,8500724,34359738367,497280,0,64640,0,1126400,0,0,0,0,0,0,0,0,2048,0,507152,36096000,99614720
1743620268.001524,600960,21068470,0,131892240,123501312,123645208,0,1113412,0,242912,5147292,142304,4314852,100608,832440,1048576,1048576,0,0,0,0,5325852,479236,179988,103216,692044,103216,588828,27056,43684,0,0,0,65946120,8500724,34359738367,497280,0,64640,0,1126400,0,0,0,0,0,0,0,0,2048,0,507152,36096000,99614720
1743620269.001886,600960,21068470,0,131892240,123501320,123645216,0,1113412,0,242912,5147292,142304,4314852,100608,832440,1048576,1048576,0,0,0,0,5325852,479236,179988,103216,692036,103216,588820,27056,43684,0,0,0,65946120,8500724,34359738367,497280,0,64640,0,1126400,0,0,0,0,0,0,0,0,2048,0,507152,36096000,99614720
1743620270.008203,600960,21068470,0,131892240,123501320,123645216,0,1113412,0,242912,5147292,142304,4314852,100608,832440,1048576,1048576,0,0,0,0,5325852,479236,179988,103216,692036,103216,588820,27056,43684,0,0,0,65946120,8500724,34359738367,497280,0,64640,0,1126400,0,0,0,0,0,0,0,0,2048,0,507152,36096000,99614720
1743620271.001602,600960,21068470,0,131892240,123501320,123645216,0,1113412,0,242912,5147292,142304,4314852,100608,832440,1048576,1048576,0,0,0,0,5325852,479236,179988,103216,692036,103216,588820,27056,43684,0,0,0,65946120,8500724,34359738367,497280,0,64640,0,1126400,0,0,0,0,0,0,0,0,2048,0,507152,36096000,99614720
1743620272.001691,600960,21068470,0,131892240,123501320,123645216,0,1113412,0,242912,5147292,142304,4314852,100608,832440,1048576,1048576,0,0,0,0,5325852,479236,179988,103216,692036,103216,588820,27056,43684,0,0,0,65946120,8500724,34359738367,497280,0,64640,0,1126400,0,0,0,0,0,0,0,0,2048,0,507152,36096000,99614720
1743620273.002028,600960,21068470,0,131892240,123501320,123645216,0,1113412,0,242912,5147292,142304,4314852,100608,832440,1048576,1048576,0,0,0,0,5325852,479236,179988,103216,692036,103216,588820,27056,43684,0,0,0,65946120,8500724,34359738367,497280,0,64640,0,1126400,0,0,0,0,0,0,0,0,2048,0,507152,36096000,99614720
1743620274.001398,600960,21068470,0,131892240,123501320,123645216,0,1113412,0,242912,5147292,142304,4314852,100608,832440,1048576,1048576,0,0,0,0,5325852,479236,179988,103216,692036,103216,588820,27056,43684,0,0,0,65946120,8500724,34359738367,497280,0,64640,0,1126400,0,0,0,0,0,0,0,0,2048,0,507152,36096000,99614720
1743620275.001468,600960,21068470,0,131892240,123501320,123645216,0,1113412,0,242912,5147292,142304,4314852,100608,832440,1048576,1048576,0,0,0,0,5325852,479236,179988,103216,692036,103216,588820,27056,43684,0,0,0,65946120,8500724,34359738367,497280,0,64640,0,1126400,0,0,0,0,0,0,0,0,2048,0,507152,36096000,99614720
1743620280.002034,600960,21068470,0,131892240,123501540,123645340,0,1113412,0,242912,5147292,142304,4314852,100608,832440,1048576,1048576,0,0,0,0,5325852,479236,179988,103024,691844,103024,588820,26928,43684,0,0,0,65946120,8500724,34359738367,497248,0,64640,0,1126400,0,0,0,0,0,0,0,0,2048,0,507152,36096000,99614720
1743620281.002002,600960,21068470,0,131892240,123501540,123645340,0,1113412,0,242912,5147292,142304,4314852,100608,832440,1048576,1048576,0,0,0,0,5325852,479236,179988,103024,691844,103024,588820,26928,43684,0,0,0,65946120,8500724,34359738367,497248,0,64640,0,1126400,0,0,0,0,0,0,0,0,2048,0,507152,36096000,99614720
1743620282.001337,600960,21068470,0,131892240,123501540,123645340,0,1113412,0,242912,5147292,142304,4314852,100608,832440,1048576,1048576,0,0,0,0,5325852,479236,179988,103024,691844,103024,588820,26928,43684,0,0,0,65946120,8500724,34359738367,497248,0,64640,0,1126400,0,0,0,0,0,0,0,0,2048,0,507152,36096000,99614720
1743620283.001772,600960,21068470,0,131892240,123501540,123645340,0,1113412,0,242912,5147292,142304,4314852,100608,832440,1048576,1048576,0,0,0,0,5325852,479236,179988,103024,691844,103024,588820,26928,43684,0,0,0,65946120,8500724,34359738367,497248,0,64640,0,1126400,0,0,0,0,0,0,0,0,2048,0,507152,36096000,99614720
1743620284.002033,600960,21068470,0,131892240,123501532,123645332,0,1113412,0,242912,5147292,142304,4314852,100608,832440,1048576,1048576,0,0,0,0,5325852,479236,179988,103024,691852,103024,588828,26928,43684,0,0,0,65946120,8500724,34359738367,497248,0,64640,0,1126400,0,0,0,0,0,0,0,0,2048,0,507152,36096000,99614720
1743620285.001370,600960,21068470,0,131892240,123501532,123645332,0,1113412,0,242912,5147292,142304,4314852,100608,832440,1048576,1048576,0,0,0,0,5325852,479236,179988,103024,691852,103024,588828,26928,43684,0,0,0,65946120,8500724,34359738367,497248,0,64640,0,1126400,0,0,0,0,0,0,0,0,2048,0,507152,36096000,99614720
1743620286.001624,600960,21068470,0,131892240,123501532,123645332,0,1113412,0,242912,5147292,142304,4314852,100608,832440,1048576,1048576,0,0,0,0,5325852,479236,179988,103024,691852,103024,588828,26928,43684,0,0,0,65946120,8500724,34359738367,497248,0,64640,0,1126400,0,0,0,0,0,0,0,0,2048,0,507152,36096000,99614720
1743620287.001979,600960,21068470,0,131892240,123501532,123645332,0,1113412,0,242912,5147292,142304,4314852,100608,832440,1048576,1048576,0,0,0,0,5325852,479236,179988,103024,691852,103024,588828,26928,43684,0,0,0,65946120,8500724,34359738367,497248,0,64640,0,1126400,0,0,0,0,0,0,0,0,2048,0,507152,36096000,99614720
1743620288.001247,600960,21068470,0,131892240,123501532,123645332,0,1113412,0,242912,5147292,142304,4314852,100608,832440,1048576,1048576,0,0,0,0,5325852,479236,179988,103024,691852,103024,588828,26928,43684,0,0,0,65946120,8500724,34359738367,497248,0,64640,0,1126400,0,0,0,0,0,0,0,0,2048,0,507152,36096000,99614720
1743620289.001559,600960,21068470,0,131892240,123501532,123645332,0,1113412,0,242912,5147292,142304,4314852,100608,832440,1048576,1048576,0,0,0,0,5325852,479236,179988,103024,691852,103024,588828,26928,43684,0,0,0,65946120,8500724,34359738367,497248,0,64640,0,1126400,0,0,0,0,0,0,0,0,2048,0,507152,36096000,99614720
1743620290.007556,600960,21068470,0,131892240,123501532,123645332,0,1113412,0,242912,5147292,142304,4314852,100608,832440,1048576,1048576,0,0,0,0,5325852,479236,179988,103024,691852,103024,588828,26928,43684,0,0,0,65946120,8500724,34359738367,497248,0,64640,0,1126400,0,0,0,0,0,0,0,0,2048,0,507152,36096000,99614720
1743620291.001929,600960,21068470,0,131892240,123501532,123645332,0,1113412,0,242912,5147292,142304,4314852,100608,832440,1048576,1048576,0,0,0,0,5325852,479236,179988,103024,691852,103024,588828,26928,43684,0,0,0,65946120,8500724,34359738367,497248,0,64640,0,1126400,0,0,0,0,0,0,0,0,2048,0,507152,36096000,99614720
1743620292.002005,600960,21068470,0,131892240,123501532,123645332,0,1113412,0,242912,5147292,142304,4314852,100608,832440,1048576,1048576,0,0,0,0,5325852,479236,179988,103024,691852,103024,588828,26928,43684,0,0,0,65946120,8500724,34359738367,497248,0,64640,0,1126400,0,0,0,0,0,0,0,0,2048,0,507152,36096000,99614720
1743620293.001291,600960,21068470,0,131892240,123501532,123645332,0,1113412,0,242912,5147292,142304,4314852,100608,832440,1048576,1048576,0,0,0,0,5325852,479236,179988,103024,691852,103024,588828,26928,43684,0,0,0,65946120,8500724,34359738367,497248,0,64640,0,1126400,0,0,0,0,0,0,0,0,2048,0,507152,36096000,99614720
1743620294.001684,600960,21068470,0,131892240,123501532,123645332,0,1113412,0,242912,5147292,142304,4314852,100608,832440,1048576,1048576,0,0,0,0,5325852,479236,179988,103024,691852,103024,588828,26912,43684,0,0,0,65946120,8500724,34359738367,497248,0,64640,0,1126400,0,0,0,0,0,0,0,0,2048,0,507152,36096000,99614720
1743620295.001760,600960,21068470,0,131892240,123501524,123645324,0,1113412,0,242912,5147292,142304,4314852,100608,832440,1048576,1048576,0,0,0,0,5325852,479236,179988,103024,691860,103024,588836,26912,43684,0,0,0,65946120,8500724,34359738367,497248,0,64640,0,1126400,0,0,0,0,0,0,0,0,2048,0,507152,36096000,99614720
1743620296.002121,600960,21068470,0,131892240,123501524,123645324,0,1113412,0,242912,5147292,142304,4314852,100608,832440,1048576,1048576,0,0,0,0,5325852,479236,179988,103024,691860,103024,588836,26912,43684,0,0,0,65946120,8500724,34359738367,497248,0,64640,0,1126400,0,0,0,0,0,0,0,0,2048,0,507152,36096000,99614720
1743620301.001567,600960,21068470,0,131892240,123501588,123645388,0,1113412,0,242912,5147292,142304,4314852,100608,832440,1048576,1048576,0,0,0,0,5325852,479236,179988,103024,691860,103024,588836,26912,43684,0,0,0,65946120,8500724,34359738367,497248,0,64640,0,1126400,0,0,0,0,0,0,0,0,2048,0,507152,36096000,99614720
1743620302.001792,600960,21068470,0,131892240,123501612,123645412,0,1113412,0,242912,5147292,142304,4314852,100608,832440,1048576,1048576,0,0,0,0,5325852,479236,179988,103024,691868,103024,588844,26928,43684,0,0,0,65946120,8500724,34359738367,497248,0,64640,0,1126400,0,0,0,0,0,0,0,0,2048,0,507152,36096000,99614720
1743620303.002121,600960,21068470,0,131892240,123501612,123645412,0,1113412,0,242912,5147292,142304,4314852,100608,832440,1048576,1048576,0,0,0,0,5325852,479236,179988,103024,691868,103024,588844,26928,43684,0,0,0,65946120,8500724,34359738367,497248,0,64640,0,1126400,0,0,0,0,0,0,0,0,2048,0,507152,36096000,99614720
1743620304.001346,600960,21068470,0,131892240,123501604,123645404,0,1113412,0,242912,5147292,142304,4314852,100608,832440,1048576,1048576,0,0,0,0,5325852,479236,179988,103024,691876,103024,588852,26928,43684,0,0,0,65946120,8500724,34359738367,497248,0,64640,0,1126400,0,0,0,0,0,0,0,0,2048,0,507152,36096000,99614720
1743620305.001676,600960,21068470,0,131892240,123501604,123645404,0,1113412,0,242912,5147292,142304,4314852,100608,832440,1048576,1048576,0,0,0,0,5325852,479236,179988,103024,691876,103024,588852,26928,43684,0,0,0,65946120,8500724,34359738367,497248,0,64640,0,1126400,0,0,0,0,0,0,0,0,2048,0,507152,36096000,99614720
1743620306.001887,600960,21068470,0,131892240,123501604,123645404,0,1113412,0,242912,5147292,142304,4314852,100608,832440,1048576,1048576,0,0,0,0,5325852,479236,179988,103024,691876,103024,588852,26928,43684,0,0,0,65946120,8500724,34359738367,497248,0,64640,0,1126400,0,0,0,0,0,0,0,0,2048,0,507152,36096000,99614720
1743620307.001232,600960,21068470,0,131892240,123501604,123645404,0,1113412,0,242912,5147292,142304,4314852,100608,832440,1048576,1048576,0,0,0,0,5325852,479236,179988,103024,691876,103024,588852,26928,43684,0,0,0,65946120,8500724,34359738367,497248,0,64640,0,1126400,0,0,0,0,0,0,0,0,2048,0,507152,36096000,99614720
1743620308.001473,600960,21068470,0,131892240,123501604,123645404,0,1113412,0,242912,5147292,142304,4314852,100608,832440,1048576,1048576,0,0,0,0,5325852,479236,179988,103024,691876,103024,588852,26928,43684,0,0,0,65946120,8500724,34359738367,497248,0,64640,0,1126400,0,0,0,0,0,0,0,0,2048,0,507152,36096000,99614720
1743620313.001885,600960,21068470,0,131892240,123501596,123645396,0,1113412,0,242912,5147292,142304,4314852,100608,832440,1048576,1048576,0,0,0,0,5325852,479236,179988,103024,691892,103024,588868,26928,43684,0,0,0,65946120,8500724,34359738367,497248,0,64640,0,1126400,0,0,0,0,0,0,0,0,2048,0,507152,36096000,99614720
1743620314.001412,600960,21068470,0,131892240,123501596,123645396,0,1113412,0,242912,5147292,142304,4314852,100608,832440,1048576,1048576,0,0,0,0,5325852,479236,179988,103024,691892,103024,588868,26928,43684,0,0,0,65946120,8500724,34359738367,497248,0,64640,0,1126400,0,0,0,0,0,0,0,0,2048,0,507152,36096000,99614720
1743620315.001484,600960,21068470,0,131892240,123501596,123645396,0,1113412,0,242912,5147292,142304,4314852,100608,832440,1048576,1048576,0,0,0,0,5325852,479236,179988,103024,691892,103024,588868,26928,43684,0,0,0,65946120,8500724,34359738367,497248,0,64640,0,1126400,0,0,0,0,0,0,0,0,2048,0,507152,36096000,99614720
1743620316.001830,600960,21068470,0,131892240,123501596,123645396,0,1113412,0,242912,5147292,142304,4314852,100608,832440,1048576,1048576,0,0,0,0,5325852,479236,179988,103024,691892,103024,588868,26928,43684,0,0,0,65946120,8500724,34359738367,497248,0,64640,0,1126400,0,0,0,0,0,0,0,0,2048,0,507152,36096000,99614720
1743620317.002254,600960,21068470,0,131892240,123501596,123645396,0,1113412,0,242912,5147292,142304,4314852,100608,832440,1048576,1048576,0,0,0,0,5325852,479236,179988,103024,691892,103024,588868,26928,43684,0,0,0,65946120,8500724,34359738367,497248,0,64640,0,1126400,0,0,0,0,0,0,0,0,2048,0,507152,36096000,99614720
1743620318.001324,600960,21068470,0,131892240,123501596,123645396,0,1113412,0,242912,5147292,142304,4314852,100608,832440,1048576,1048576,0,0,0,0,5325852,479236,179988,103024,691892,103024,588868,26928,43684,0,0,0,65946120,8500724,34359738367,497248,0,64640,0,1126400,0,0,0,0,0,0,0,0,2048,0,507152,36096000,99614720
1743620319.001681,600960,21068470,0,131892240,123501588,123645388,0,1113412,0,242912,5147292,142304,4314852,100608,832440,1048576,1048576,0,0,0,0,5325852,479236,179988,103024,691900,103024,588876,26928,43684,0,0,0,65946120,8500724,34359738367,497248,0,64640,0,1126400,0,0,0,0,0,0,0,0,2048,0,507152,36096000,99614720
1743620320.002097,600960,21068470,0,131892240,123501588,123645388,0,1113412,0,242912,5147292,142304,4314852,100608,832440,1048576,1048576,0,0,0,0,5325852,479236,179988,103024,691900,103024,588876,26928,43684,0,0,0,65946120,8500724,34359738367,497248,0,64640,0,1126400,0,0,0,0,0,0,0,0,2048,0,507152,36096000,99614720
1743620321.001256,600960,21068470,0,131892240,123501588,123645388,0,1113412,0,242912,5147292,142304,4314852,100608,832440,1048576,1048576,0,0,0,0,5325852,479236,179988,103024,691900,103024,588876,26928,43684,0,0,0,65946120,8500724,34359738367,497248,0,64640,0,1126400,0,0,0,0,0,0,0,0,2048,0,507152,36096000,99614720
1743620326.001626,600960,21068470,0,131892240,123501588,123645388,0,1113412,0,242912,5147292,142304,4314852,100608,832440,1048576,1048576,0,0,0,0,5325852,479236,179988,103024,691900,103024,588876,26928,43684,0,0,0,65946120,8500724,34359738367,497248,0,64640,0,1126400,0,0,0,0,0,0,0,0,2048,0,507152,36096000,99614720
1743620328.001262,600960,21068470,0,131892240,123501580,123645380,0,1113412,0,242912,5147292,142304,4314852,100608,832440,1048576,1048576,0,0,0,0,5325852,479236,179988,103024,691908,103024,588884,26928,43684,0,0,0,65946120,8500724,34359738367,497248,0,64640,0,1126400,0,0,0,0,0,0,0,0,2048,0,507152,36096000,99614720
1743620330.010483,600960,21068470,0,131892240,123501580,123645380,0,1113412,0,242912,5147292,142304,4314852,100608,832440,1048576,1048576,0,0,0,0,5325852,479236,179988,103024,691908,103024,588884,26928,43684,0,0,0,65946120,8500724,34359738367,497140,0,64640,0,1126400,0,0,0,0,0,0,0,0,2048,0,507152,36096000,99614720
1743620331.001978,600960,21068470,0,131892240,123501580,123645380,0,1113412,0,242912,5147292,142304,4314852,100608,832440,1048576,1048576,0,0,0,0,5325852,479236,179988,103024,691908,103024,588884,26928,43684,0,0,0,65946120,8500724,34359738367,497248,0,64640,0,1126400,0,0,0,0,0,0,0,0,2048,0,507152,36096000,99614720
1743620332.002054,600960,21068470,0,131892240,123501580,123645380,0,1113412,0,242912,5147292,142304,4314852,100608,832440,1048576,1048576,0,0,0,0,5325852,479236,179988,103024,691908,103024,588884,26928,43684,0,0,0,65946120,8500724,34359738367,497248,0,64640,0,1126400,0,0,0,0,0,0,0,0,2048,0,507152,36096000,99614720
1743620333.001390,600960,21068470,0,131892240,123501580,123645380,0,1113412,0,242912,5147292,142304,4314852,100608,832440,1048576,1048576,0,0,0,0,5325852,479236,179988,103024,691908,103024,588884,26928,43684,0,0,0,65946120,8500724,34359738367,497248,0,64640,0,1126400,0,0,0,0,0,0,0,0,2048,0,507152,36096000,99614720
1743620334.001801,600960,21068470,0,131892240,123501580,123645380,0,1113412,0,242912,5147292,142304,4314852,100608,832440,1048576,1048576,0,0,0,0,5325852,479236,179988,103024,691908,103024,588884,26928,43684,0,0,0,65946120,8500724,34359738367,497248,0,64640,0,1126400,0,0,0,0,0,0,0,0,2048,0,507152,36096000,99614720
1743620335.001878,600960,21068470,0,131892240,123501612,123645412,0,1113412,0,242912,5147292,142304,4314852,100608,832440,1048576,1048576,0,0,0,0,5325852,479236,179988,103024,691876,103024,588852,26928,43684,0,0,0,65946120,8500724,34359738367,497248,0,64640,0,1126400,0,0,0,0,0,0,0,0,2048,0,507152,36096000,99614720
1743620336.001201,600960,21068470,0,131892240,123501612,123645412,0,1113412,0,242912,5147292,142304,4314852,100608,832440,1048576,1048576,0,0,0,0,5325852,479236,179988,103024,691876,103024,588852,26928,43684,0,0,0,65946120,8500724,34359738367,497248,0,64640,0,1126400,0,0,0,0,0,0,0,0,2048,0,507152,36096000,99614720
1743620337.001607,600960,21068470,0,131892240,123501612,123645412,0,1113412,0,242912,5147292,142304,4314852,100608,832440,1048576,1048576,0,0,0,0,5325852,479236,179988,103024,691876,103024,588852,26928,43684,0,0,0,65946120,8500724,34359738367,497248,0,64640,0,1126400,0,0,0,0,0,0,0,0,2048,0,507152,36096000,99614720
1743620338.001728,600960,21068470,0,131892240,123501612,123645412,0,1113412,0,242912,5147292,142304,4314852,100608,832440,1048576,1048576,0,0,0,0,5325852,479236,179988,103024,691876,103024,588852,26928,43684,0,0,0,65946120,8500724,34359738367,497248,0,64640,0,1126400,0,0,0,0,0,0,0,0,2048,0,507152,36096000,99614720
1743620344.001866,600960,21068470,0,131892240,123501612,123645412,0,1113412,0,242912,5147292,142304,4314852,100608,832440,1048576,1048576,0,0,0,0,5325852,479236,179988,103024,691876,103024,588852,26928,43684,0,0,0,65946120,8500724,34359738367,497248,0,64640,0,1126400,0,0,0,0,0,0,0,0,2048,0,507152,36096000,99614720
1743620345.001223,600960,21068470,0,131892240,123501612,123645412,0,1113412,0,242912,5147292,142304,4314852,100608,832440,1048576,1048576,0,0,0,0,5325852,479236,179988,103024,691876,103024,588852,26928,43684,0,0,0,65946120,8500724,34359738367,497248,0,64640,0,1126400,0,0,0,0,0,0,0,0,2048,0,507152,36096000,99614720
1743620346.001423,600960,21068470,0,131892240,123501612,123645412,0,1113412,0,242912,5147292,142304,4314852,100608,832440,1048576,1048576,0,0,0,0,5325852,479236,179988,103024,691876,103024,588852,26928,43684,0,0,0,65946120,8500724,34359738367,497248,0,64640,0,1126400,0,0,0,0,0,0,0,0,2048,0,507152,36096000,99614720
1743620347.001745,600960,21068470,0,131892240,123501612,123645412,0,1113412,0,242912,5147292,142304,4314852,100608,832440,1048576,1048576,0,0,0,0,5325852,479236,179988,103024,691876,103024,588852,26928,43684,0,0,0,65946120,8500724,34359738367,497248,0,64640,0,1126400,0,0,0,0,0,0,0,0,2048,0,507152,36096000,99614720
1743620348.001978,600960,21068470,0,131892240,123501612,123645412,0,1113412,0,242912,5147292,142304,4314852,100608,832440,1048576,1048576,0,0,0,0,5325852,479236,179988,103024,691876,103024,588852,26928,43684,0,0,0,65946120,8500724,34359738367,497248,0,64640,0,1126400,0,0,0,0,0,0,0,0,2048,0,507152,36096000,99614720
1743620349.001280,600960,21068470,0,131892240,123501612,123645412,0,1113412,0,242912,5147292,142304,4314852,100608,832440,1048576,1048576,0,0,0,0,5325852,479236,179988,103024,691876,103024,588852,26928,43684,0,0,0,65946120,8500724,34359738367,497248,0,64640,0,1126400,0,0,0,0,0,0,0,0,2048,0,507152,36096000,99614720
1743620350.007352,600960,21068470,0,131892240,123501612,123645412,0,1113412,0,242912,5147292,142304,4314852,100608,832440,1048576,1048576,0,0,0,0,5325852,479236,179988,103024,691876,103024,588852,26928,43684,0,0,0,65946120,8500724,34359738367,497248,0,64640,0,1126400,0,0,0,0,0,0,0,0,2048,0,507152,36096000,99614720
1743620351.001734,600960,21068470,0,131892240,123501612,123645412,0,1113412,0,242912,5147292,142304,4314852,100608,832440,1048576,1048576,0,0,0,0,5325852,479236,179988,103024,691876,103024,588852,26928,43684,0,0,0,65946120,8500724,34359738367,497248,0,64640,0,1126400,0,0,0,0,0,0,0,0,2048,0,507152,36096000,99614720
1743620352.001822,600960,21068470,0,131892240,123501612,123645412,0,1113412,0,242912,5147292,142304,4314852,100608,832440,1048576,1048576,0,0,0,0,5325852,479236,179988,103024,691876,103024,588852,26928,43684,0,0,0,65946120,8500724,34359738367,497248,0,64640,0,1126400,0,0,0,0,0,0,0,0,2048,0,507152,36096000,99614720
1743620353.002123,600960,21068470,0,131892240,123501612,123645412,0,1113412,0,242912,5147292,142304,4314852,100608,832440,1048576,1048576,0,0,0,0,5325852,479236,179988,103024,691876,103024,588852,26928,43684,0,0,0,65946120,8500724,34359738367,497248,0,64640,0,1126400,0,0,0,0,0,0,0,0,2048,0,507152,36096000,99614720
1743620354.001541,600960,21068470,0,131892240,123501612,123645412,0,1113412,0,242912,5147292,142304,4314852,100608,832440,1048576,1048576,0,0,0,0,5325852,479236,179988,103024,691876,103024,588852,26928,43684,0,0,0,65946120,8500724,34359738367,497248,0,64640,0,1126400,0,0,0,0,0,0,0,0,2048,0,507152,36096000,99614720
1743620355.001677,600960,21068470,0,131892240,123501612,123645412,0,1113412,0,242912,5147292,142304,4314852,100608,832440,1048576,1048576,0,0,0,0,5325852,479236,179988,103024,691876,103024,588852,26928,43684,0,0,0,65946120,8500724,34359738367,497248,0,64640,0,1126400,0,0,0,0,0,0,0,0,2048,0,507152,36096000,99614720
1743620356.002062,600960,21068470,0,131892240,123501612,123645412,0,1113412,0,242912,5147292,142304,4314852,100608,832440,1048576,1048576,0,0,0,0,5325852,479236,179988,103024,691876,103024,588852,26928,43684,0,0,0,65946120,8500724,34359738367,497248,0,64640,0,1126400,0,0,0,0,0,0,0,0,2048,0,507152,36096000,99614720
1743620357.001463,600960,21068470,0,131892240,123501612,123645412,0,1113412,0,242912,5147292,142304,4314852,100608,832440,1048576,1048576,0,0,0,0,5325852,479236,179988,103024,691876,103024,588852,26928,43684,0,0,0,65946120,8500724,34359738367,497248,0,64640,0,1126400,0,0,0,0,0,0,0,0,2048,0,507152,36096000,99614720
1743620363.001954,600960,21068470,0,131892240,123501612,123645412,0,1113412,0,242912,5147292,142304,4314852,100608,832440,1048576,1048576,0,0,0,0,5325852,479236,179988,103024,691876,103024,588852,26928,43684,0,0,0,65946120,8500724,34359738367,497248,0,64640,0,1126400,0,0,0,0,0,0,0,0,2048,0,507152,36096000,99614720
1743620364.001135,600960,21068470,0,131892240,123501612,123645412,0,1113412,0,242912,5147292,142304,4314852,100608,832440,1048576,1048576,0,0,0,0,5325852,479236,179988,103024,691876,103024,588852,26928,43684,0,0,0,65946120,8500724,34359738367,497248,0,64640,0,1126400,0,0,0,0,0,0,0,0,2048,0,507152,36096000,99614720
1743620365.001502,600960,21068470,0,131892240,123501612,123645412,0,1113412,0,242912,5147292,142304,4314852,100608,832440,1048576,1048576,0,0,0,0,5325852,479236,179988,103024,691876,103024,588852,26928,43684,0,0,0,65946120,8500724,34359738367,497248,0,64640,0,1126400,0,0,0,0,0,0,0,0,2048,0,507152,36096000,99614720
1743620366.001742,600960,21068470,0,131892240,123501612,123645412,0,1113412,0,242912,5147292,142304,4314852,100608,832440,1048576,1048576,0,0,0,0,5325852,479236,179988,103024,691876,103024,588852,26928,43684,0,0,0,65946120,8500724,34359738367,497248,0,64640,0,1126400,0,0,0,0,0,0,0,0,2048,0,507152,36096000,99614720
1743620367.001198,600960,21068470,0,131892240,123501612,123645412,0,1113412,0,242912,5147292,142304,4314852,100608,832440,1048576,1048576,0,0,0,0,5325852,479236,179988,103024,691876,103024,588852,26928,43684,0,0,0,65946120,8500724,34359738367,497248,0,64640,0,1126400,0,0,0,0,0,0,0,0,2048,0,507152,36096000,99614720
1743620368.001180,600960,21068470,0,131892240,123501612,123645412,0,1113412,0,242912,5147292,142304,4314852,100608,832440,1048576,1048576,0,0,0,0,5325852,479236,179988,103024,691876,103024,588852,26928,43684,0,0,0,65946120,8500724,34359738367,497248,0,64640,0,1126400,0,0,0,0,0,0,0,0,2048,0,507152,36096000,99614720
1743620369.001552,600960,21068470,0,131892240,123501612,123645412,0,1113412,0,242912,5147292,142304,4314852,100608,832440,1048576,1048576,0,0,0,0,5325852,479236,179988,103024,691876,103024,588852,26928,43684,0,0,0,65946120,8500724,34359738367,497248,0,64640,0,1126400,0,0,0,0,0,0,0,0,2048,0,507152,36096000,99614720
1743620370.010934,600960,21068470,0,131892240,123501612,123645412,0,1113412,0,242912,5147292,142304,4314852,100608,832440,1048576,1048576,0,0,0,0,5325852,479236,179988,103024,691876,103024,588852,26928,43684,0,0,0,65946120,8500724,34359738367,497264,0,64640,0,1126400,0,0,0,0,0,0,0,0,2048,0,507152,36096000,99614720
1743620371.001273,600960,21068470,0,131892240,123501632,123645432,0,1113412,0,242912,5147292,142304,4314852,100608,832440,1048576,1048576,0,0,0,0,5325852,479236,179988,103024,691876,103024,588852,26928,43684,0,0,0,65946120,8500724,34359738367,497248,0,64640,0,1126400,0,0,0,0,0,0,0,0,2048,0,507152,36096000,99614720
1743620372.001375,600960,21068470,0,131892240,123501632,123645432,0,1113412,0,242912,5147292,142304,4314852,100608,832440,1048576,1048576,0,0,0,0,5325852,479236,179988,103024,691876,103024,588852,26928,43684,0,0,0,65946120,8500724,34359738367,497248,0,64640,0,1126400,0,0,0,0,0,0,0,0,2048,0,507152,36096000,99614720
1743620373.001731,600960,21068470,0,131892240,123501632,123645432,0,1113412,0,242912,5147292,142304,4314852,100608,832440,1048576,1048576,0,0,0,0,5325852,479236,179988,103024,691876,103024,588852,26928,43684,0,0,0,65946120,8500724,34359738367,497248,0,64640,0,1126400,0,0,0,0,0,0,0,0,2048,0,507152,36096000,99614720
1743620374.002141,600960,21068470,0,131892240,123501632,123645432,0,1113412,0,242912,5147292,142304,4314852,100608,832440,1048576,1048576,0,0,0,0,5325852,479236,179988,103024,691876,103024,588852,26928,43684,0,0,0,65946120,8500724,34359738367,497248,0,64640,0,1126400,0,0,0,0,0,0,0,0,2048,0,507152,36096000,99614720
1743620375.001210,600960,21068470,0,131892240,123501632,123645432,0,1113412,0,242912,5147292,142304,4314852,100608,832440,1048576,1048576,0,0,0,0,5325852,479236,179988,103024,691876,103024,588852,26928,43684,0,0,0,65946120,8500724,34359738367,497248,0,64640,0,1126400,0,0,0,0,0,0,0,0,2048,0,507152,36096000,99614720
1743620376.001562,600960,21068470,0,131892240,123501632,123645432,0,1113412,0,242912,5147292,142304,4314852,100608,832440,1048576,1048576,0,0,0,0,5325852,479236,179988,103024,691876,103024,588852,26928,43684,0,0,0,65946120,8500724,34359738367,497248,0,64640,0,1126400,0,0,0,0,0,0,0,0,2048,0,507152,36096000,99614720
1743620384.001826,600960,21068470,0,131892240,128306608,127781760,0,187080,0,78072,684936,25980,648652,52092,36284,1048576,1048576,0,0,0,0,1624764,234108,98704,99496,681308,99496,581812,24128,10472,0,0,0,65946120,1932368,34359738367,494544,0,64640,0,1126400,0,0,0,0,0,0,0,0,2048,0,507152,36096000,99614720
1743620385.002216,600960,21068470,0,131892240,128307592,127782744,0,187432,0,79220,683412,25976,647932,53244,35480,1048576,1048576,0,0,0,0,1623988,234140,98708,99144,680612,99144,581468,24144,10508,0,0,0,65946120,1931912,34359738367,494464,0,64640,0,1126400,0,0,0,0,0,0,0,0,2048,0,507152,36096000,99614720
1743620386.001591,600960,21068470,0,131892240,128302500,127778792,0,189712,0,79268,689172,25980,651456,53288,37716,1048576,1048576,0,0,0,0,1627256,237804,98708,99144,680628,99144,581484,24048,10276,0,0,0,65946120,1931912,34359738367,494384,0,64640,0,1126400,0,0,0,0,0,0,0,0,2048,0,507152,36096000,99614720
1743620387.001889,600960,21068470,0,131892240,128306772,127783064,0,189712,0,79264,684324,25972,646612,53292,37712,1048576,1048576,0,0,0,0,1622484,233772,98708,99144,680628,99144,581484,24016,10216,0,0,0,65946120,1931592,34359738367,494352,0,64640,0,1126400,0,0,0,0,0,0,0,0,2048,0,507152,36096000,99614720
1743620388.001446,600960,21068470,0,131892240,128308080,127784444,0,189860,0,79640,683512,25960,646040,53680,37472,1048576,1048576,0,0,0,0,1621860,233172,98704,99144,680628,99144,581484,23968,9956,0,0,0,65946120,1931592,34359738367,494352,0,64640,0,1126400,0,0,0,0,0,0,0,0,2048,0,507152,36096000,99614720
1743620389.001845,600960,21068470,0,131892240,128308284,127784648,0,189860,0,79640,683512,25960,646040,53680,37472,1048576,1048576,0,0,0,0,1621860,233172,98704,99144,680628,99144,581484,23968,9956,0,0,0,65946120,1931592,34359738367,494352,0,64640,0,1126400,0,0,0,0,0,0,0,0,2048,0,507152,36096000,99614720
