timestamp,component_id,job_id,app_id,MemTotal,MemFree,MemAvailable,Buffers,Cached,SwapCached,Active,Inactive,Active(anon),Inactive(anon),Active(file),Inactive(file),Unevictable,Mlocked,SwapTotal,SwapFree,Dirty,Writeback,AnonPages,Mapped,Shmem,KReclaimable,Slab,SReclaimable,SUnreclaim,KernelStack,PageTables,NFS_Unstable,Bounce,WritebackTmp,CommitLimit,Committed_AS,VmallocTotal,VmallocUsed,VmallocChunk,Percpu,HardwareCorrupted,AnonHugePages,ShmemHugePages,ShmemPmdMapped,FileHugePages,FilePmdMapped,HugePages_Total,HugePages_Free,HugePages_Rsvd,HugePages_Surp,Hugepagesize,Hugetlb,DirectMap4k,DirectMap2M,DirectMap1G
1744061760.017199,600004,21131157,0,131892268,127826388,127303604,0,213588,0,85412,990728,37140,947636,48272,43092,1048576,1048576,0,0,4,0,1911252,287064,122172,101048,761212,101048,660164,24288,11132,0,0,0,65946132,1873476,34359738367,527888,0,72640,0,1126400,0,0,0,0,0,0,0,0,2048,0,488720,40308736,95420416
1744061761.001711,600004,21131157,0,131892268,127797336,127278088,0,220452,0,86592,1016484,37188,967644,49404,48840,1048576,1048576,0,0,164,0,1931908,290336,122176,101240,761140,101240,659900,25328,12092,0,0,0,65946132,4046584,34359738367,528896,0,72640,0,1126400,0,0,0,0,0,0,0,0,2048,0,488720,40308736,95420416
1744061762.001786,600004,21131157,0,131892268,127777652,127262488,0,228896,0,86876,1035708,37188,979208,49688,56500,1048576,1048576,0,0,164,0,1942968,293364,122180,101464,761352,101464,659888,25328,12136,0,0,0,65946132,4053824,34359738367,528896,0,72640,0,1126400,0,0,0,0,0,0,0,0,2048,0,488720,40308736,95420416
1744061763.001420,600004,21131157,0,131892268,127753576,127248188,0,247792,0,87296,1059884,37188,984636,50108,75248,1048576,1048576,0,0,164,0,1948212,302404,122432,101848,761888,101848,660040,25328,12188,0,0,0,65946132,4061072,34359738367,528896,0,72640,0,1126400,0,0,0,0,0,0,0,0,2048,0,488720,40308736,95420416
1744061764.002029,600004,21131157,0,131892268,127738848,127238888,0,258452,0,87428,1074308,37188,988560,50240,85748,1048576,1048576,0,0,0,0,1952080,306004,122432,102072,762220,102072,660148,25328,12208,0,0,0,65946132,4061072,34359738367,528896,0,72640,0,1126400,0,0,0,0,0,0,0,0,2048,0,488720,40308736,95420416
1744061765.001137,600004,21131157,0,131892268,127713564,127218832,0,268564,0,87580,1098784,37188,1003048,50392,95736,1048576,1048576,0,0,0,0,1966612,309764,122432,102392,762392,102392,660000,25328,12248,0,0,0,65946132,4077404,34359738367,528896,0,72640,0,1126400,0,0,0,0,0,0,0,0,2048,0,488720,40308736,95420416
1744061766.001707,600004,21131157,0,131892268,127697008,127205200,0,274412,0,87808,1114924,37188,1013636,50620,101288,1048576,1048576,0,0,0,0,1977160,311016,122432,102456,762512,102456,660056,25328,12272,0,0,0,65946132,4092400,34359738367,528896,0,72640,0,1126400,0,0,0,0,0,0,0,0,2048,0,488720,40308736,95420416
1744061767.002338,600004,21131157,0,131892268,127600344,127128696,0,314208,0,89436,1199540,37720,1059924,51716,139616,1048576,1048576,0,0,76,0,2024092,319840,122652,103352,765572,103352,662220,25696,18388,0,0,0,65946132,4212108,34359738367,529616,0,72640,0,1126400,0,0,0,0,0,0,0,0,2048,0,488720,40308736,95420416
1744061768.001428,600004,21131157,0,131892268,127525572,127083168,0,372660,0,89568,1270612,37764,1072656,51804,197956,1048576,1048576,0,0,76,0,2036688,356896,122652,103416,765384,103416,661968,25696,22212,0,0,0,65946132,4212108,34359738367,529616,0,72640,0,1126400,0,0,0,0,0,0,0,0,2048,0,488720,40308736,95420416
1744061769.002036,600004,21131157,0,131892268,127412276,126993776,0,428488,0,89836,1377576,37768,1132108,52068,245468,1048576,1048576,0,0,76,0,2088408,397800,130804,103448,765632,103448,662184,26208,28144,0,0,0,65946132,4333348,34359738367,529776,0,72640,0,1126400,0,0,0,0,0,0,0,0,2048,0,488720,40308736,95420416
1744061770.001611,600004,21131157,0,131892268,126631752,126222688,0,515184,0,91488,2002252,37892,1740144,53596,262108,1048576,1048576,0,0,156,0,2627384,478804,199396,104152,772008,104152,667856,27456,36392,0,0,0,65946132,5423956,34359738367,531056,0,72640,0,1126400,0,0,0,0,0,0,0,0,2048,0,488720,40308736,95420416
1744061771.001515,600004,21131157,0,131892268,126318524,125917872,0,532752,0,102864,2303600,47088,2026916,55776,276684,1048576,1048576,0,0,1096,0,2923396,493036,200064,104216,772040,104216,667824,27488,38572,0,0,0,65946132,5705032,34359738367,531072,0,72640,0,1126400,0,0,0,0,0,0,0,0,2048,0,488720,40308736,95420416
1744061772.001856,600004,21131157,0,131892268,126268332,125868508,0,534348,0,118436,2338296,62660,2059952,55776,278344,1048576,1048576,0,0,1128,0,2971840,494532,200172,104216,771984,104216,667768,27488,38660,0,0,0,65946132,5798076,34359738367,531072,0,72640,0,1126400,0,0,0,0,0,0,0,0,2048,0,488720,40308736,95420416
1744061773.001276,600004,21131157,0,131892268,126134592,125735392,0,535728,0,127696,2458020,71920,2178428,55776,279592,1048576,1048576,0,0,1132,0,3104236,495484,200172,104216,772024,104216,667808,27488,39232,0,0,0,65946132,6212412,34359738367,531072,0,72640,0,1126400,0,0,0,0,0,0,0,0,2048,0,488720,40308736,95420416
1744061774.001650,600004,21131157,0,131892268,125450072,125057052,0,547996,0,145456,3128532,89656,2836604,55800,291928,1048576,1048576,0,0,1136,0,3776160,507344,200172,104216,772132,104216,667916,27488,40736,0,0,0,65946132,6878544,34359738367,531072,0,72640,0,1126400,0,0,0,0,0,0,0,0,2048,0,488720,40308736,95420416
1744061775.002051,600004,21131157,0,131892268,125400212,125009020,0,551844,0,150828,3172480,95024,2876904,55804,295576,1048576,1048576,0,0,0,156,3821028,510892,200172,104216,772204,104216,667988,27504,40992,0,0,0,65946132,6962292,34359738367,531088,0,72640,0,1126400,0,0,0,0,0,0,0,0,2048,0,488720,40308736,95420416
1744061776.000977,600004,21131157,0,131892268,125400336,125009244,0,552096,0,150828,3172720,95024,2876944,55804,295776,1048576,1048576,0,0,152,0,3821056,510952,200232,104216,772148,104216,667932,27504,40992,0,0,0,65946132,6962292,34359738367,531088,0,72640,0,1126400,0,0,0,0,0,0,0,0,2048,0,488720,40308736,95420416
1744061777.001309,600004,21131157,0,131892268,125400400,125009368,0,552232,0,150828,3172832,95024,2876936,55804,295896,1048576,1048576,0,0,268,0,3821076,510956,200236,104216,772172,104216,667956,27504,40992,0,0,0,65946132,6962292,34359738367,531088,0,72640,0,1126400,0,0,0,0,0,0,0,0,2048,0,488720,40308736,95420416
1744061778.001590,600004,21131157,0,131892268,125400472,125009500,0,552364,0,150828,3172952,95024,2876936,55804,296016,1048576,1048576,0,0,384,0,3821076,510956,200236,104216,772212,104216,667996,27504,40992,0,0,0,65946132,6962292,34359738367,531088,0,72640,0,1126400,0,0,0,0,0,0,0,0,2048,0,488720,40308736,95420416
1744061779.001923,600004,21131157,0,131892268,125400364,125009480,0,552528,0,150828,3173116,95024,2876920,55804,296196,1048576,1048576,0,0,532,0,3821076,510956,200236,104216,772236,104216,668020,27504,40992,0,0,0,65946132,6962292,34359738367,531088,0,72640,0,1126400,0,0,0,0,0,0,0,0,2048,0,488720,40308736,95420416
1744061780.013779,600004,21131157,0,131892268,125400416,125009560,0,552724,0,150828,3173220,95024,2876968,55804,296252,1048576,1048576,0,0,648,0,3821076,511020,200300,104216,772236,104216,668020,27504,40992,0,0,0,65946132,6962292,34359738367,531088,0,72640,0,1126400,0,0,0,0,0,0,0,0,2048,0,488720,40308736,95420416
1744061781.002194,600004,21131157,0,131892268,125400424,125009628,0,552856,0,150832,3173284,95028,2876912,55804,296372,1048576,1048576,0,0,64,0,3821076,511020,200300,104216,772268,104216,668052,27504,40992,0,0,0,65946132,6962292,34359738367,531088,0,72640,0,1126400,0,0,0,0,0,0,0,0,2048,0,488720,40308736,95420416
1744061782.000908,600004,21131157,0,131892268,124823540,124434264,0,555840,0,151244,3749388,95412,3450004,55832,299384,1048576,1048576,0,0,380,0,4394284,513896,200412,104216,772276,104216,668060,27504,41908,0,0,0,65946132,7305488,34359738367,531088,0,72640,0,1126400,0,0,0,0,0,0,0,0,2048,0,488720,40308736,95420416
1744061783.001026,600004,21131157,0,131892268,124821704,124433224,0,557904,0,151376,3751780,95544,3450808,55832,300972,1048576,1048576,0,0,528,0,4394480,514816,201024,104216,772432,104216,668216,27504,41908,0,0,0,65946132,7306600,34359738367,531088,0,72640,0,1126400,0,0,0,0,0,0,0,0,2048,0,488720,40308736,95420416
1744061784.001594,600004,21131157,0,131892268,124820320,124432472,0,559676,0,151376,3753552,95544,3451316,55832,302236,1048576,1048576,0,0,632,0,4394492,515316,201524,104216,772376,104216,668160,27504,41908,0,0,0,65946132,7306684,34359738367,531088,0,72640,0,1126400,0,0,0,0,0,0,0,0,2048,0,488720,40308736,95420416
1744061785.000910,600004,21131157,0,131892268,124818652,124431488,0,561544,0,151380,3755456,95548,3451848,55832,303608,1048576,1048576,0,0,812,0,4394492,515876,202084,104216,772712,104216,668496,27504,41908,0,0,0,65946132,7311224,34359738367,531088,0,72640,0,1126400,0,0,0,0,0,0,0,0,2048,0,488720,40308736,95420416
1744061786.001439,600004,21131157,0,131892268,124817424,124430812,0,563296,0,151396,3757260,95564,3452552,55832,304708,1048576,1048576,0,0,136,0,4394544,516520,202728,104216,772680,104216,668464,27504,41908,0,0,0,65946132,7311324,34359738367,531088,0,72640,0,1126400,0,0,0,0,0,0,0,0,2048,0,488720,40308736,95420416
1744061787.001148,600004,21131157,0,131892268,124815752,124429876,0,565400,0,151396,3759264,95564,3453084,55832,306180,1048576,1048576,0,0,516,20,4394548,517092,203300,104216,772584,104216,668368,27504,41908,0,0,0,65946132,7319564,34359738367,531088,0,72640,0,1126400,0,0,0,0,0,0,0,0,2048,0,488720,40308736,95420416
1744061788.000938,600004,21131157,0,131892268,124483376,124099072,0,568652,0,160684,4080616,104848,3771296,55836,309320,1048576,1048576,0,0,1056,0,4723044,517848,203448,104216,772800,104216,668584,27504,42536,0,0,0,65946132,7629384,34359738367,531088,0,72640,0,1126400,0,0,0,0,0,0,0,0,2048,0,488720,40308736,95420416
1744061789.001368,600004,21131157,0,131892268,123175944,122791824,0,569088,0,173788,5372476,117948,5062792,55840,309684,1048576,1048576,0,0,1332,0,6027208,517992,203436,104216,772832,104216,668616,27504,44592,0,0,0,65946132,8984232,34359738367,531088,0,72640,0,1126400,0,0,0,0,0,0,0,0,2048,0,488720,40308736,95420416
1744061790.001880,600004,21131157,0,131892268,123132208,122777748,0,628608,0,181716,5405404,118660,5043616,63056,361788,1048576,1048576,0,0,17436,0,6008552,521184,203436,104216,776256,104216,672040,27504,45152,0,0,0,65946132,9048732,34359738367,531088,0,72640,0,1126400,0,0,0,0,0,0,0,0,2048,0,488720,40308736,95420416
1744061791.001586,600004,21131157,0,131892268,123077760,122723664,0,629304,0,182776,5458960,119532,5096628,63244,362332,1048576,1048576,0,0,17976,0,6062440,521760,203440,104216,776216,104216,672000,27504,45328,0,0,0,65946132,9081152,34359738367,531088,0,72640,0,1126400,0,0,0,0,0,0,0,0,2048,0,488720,40308736,95420416
1744061792.001896,600004,21131157,0,131892268,123077740,122723644,0,629320,0,182776,5459152,119532,5096820,63244,362332,1048576,1048576,0,0,17992,0,6062632,521760,203440,104216,776216,104216,672000,27504,45328,0,0,0,65946132,9081152,34359738367,531088,0,72640,0,1126400,0,0,0,0,0,0,0,0,2048,0,488720,40308736,95420416
1744061793.001296,600004,21131157,0,131892268,123077576,122723632,0,629568,0,184596,5457632,121208,5095144,63388,362488,1048576,1048576,0,0,18240,0,6062632,521760,203440,104216,776176,104216,671960,27504,45328,0,0,0,65946132,9081152,34359738367,531088,0,72640,0,1126400,0,0,0,0,0,0,0,0,2048,0,488720,40308736,95420416
1744061794.001597,600004,21131157,0,131892268,123077604,122723660,0,629584,0,184596,5457632,121208,5095144,63388,362488,1048576,1048576,0,0,18256,0,6062632,521760,203440,104216,776176,104216,671960,27504,45328,0,0,0,65946132,9081152,34359738367,531088,0,72640,0,1126400,0,0,0,0,0,0,0,0,2048,0,488720,40308736,95420416
1744061795.001078,600004,21131157,0,131892268,123077588,122723644,0,629616,0,184596,5457632,121208,5095144,63388,362488,1048576,1048576,0,0,18288,0,6062632,521760,203440,104216,776192,104216,671976,27504,45328,0,0,0,65946132,9081152,34359738367,531088,0,72640,0,1126400,0,0,0,0,0,0,0,0,2048,0,488720,40308736,95420416
1744061796.001425,600004,21131157,0,131892268,123077404,122723576,0,629852,0,184848,5457612,121460,5094892,63388,362720,1048576,1048576,0,0,18524,0,6062632,521760,203440,104216,776208,104216,671992,27504,45328,0,0,0,65946132,9081152,34359738367,531088,0,72640,0,1126400,0,0,0,0,0,0,0,0,2048,0,488720,40308736,95420416
1744061797.001103,600004,21131157,0,131892268,123025908,122695864,0,677992,0,187292,5503160,121660,5095112,65632,408048,1048576,1048576,0,0,28652,0,6062632,521760,203440,104216,779568,104216,675352,27504,45328,0,0,0,65946132,9087808,34359738367,531088,0,72640,0,1126400,0,0,0,0,0,0,0,0,2048,0,488720,40308736,95420416
1744061798.001451,600004,21131157,0,131892268,123025376,122695512,0,678388,0,187832,5502980,122072,5094700,65760,408280,1048576,1048576,0,0,29172,0,6062632,521760,203440,104216,779600,104216,675384,27504,45328,0,0,0,65946132,9087808,34359738367,531088,0,72640,0,1126400,0,0,0,0,0,0,0,0,2048,0,488720,40308736,95420416
1744061799.001904,600004,21131157,0,131892268,123025348,122695484,0,678404,0,187832,5502980,122072,5094700,65760,408280,1048576,1048576,0,0,29188,0,6062632,521760,203440,104216,779600,104216,675384,27504,45328,0,0,0,65946132,9087808,34359738367,531088,0,72640,0,1126400,0,0,0,0,0,0,0,0,2048,0,488720,40308736,95420416
1744061800.012768,600004,21131157,0,131892268,123025352,122695488,0,678420,0,187832,5502980,122072,5094700,65760,408280,1048576,1048576,0,0,29204,0,6062632,521760,203440,104216,779600,104216,675384,27504,45328,0,0,0,65946132,9087808,34359738367,531088,0,72640,0,1126400,0,0,0,0,0,0,0,0,2048,0,488720,40308736,95420416
1744061801.002289,600004,21131157,0,131892268,123025124,122695408,0,678680,0,188256,5502856,122336,5094440,65920,408416,1048576,1048576,0,0,29452,0,6062632,521772,203452,104216,779632,104216,675416,27504,45328,0,0,0,65946132,9087808,34359738367,531088,0,72640,0,1126400,0,0,0,0,0,0,0,0,2048,0,488720,40308736,95420416
1744061802.001399,600004,21131157,0,131892268,123025112,122695396,0,678688,0,188256,5502856,122336,5094440,65920,408416,1048576,1048576,0,0,29460,0,6062632,521772,203452,104216,779632,104216,675416,27504,45328,0,0,0,65946132,9087808,34359738367,531088,0,72640,0,1126400,0,0,0,0,0,0,0,0,2048,0,488720,40308736,95420416
1744061803.001885,600004,21131157,0,131892268,123025112,122695428,0,678720,0,188256,5502916,122336,5094440,65920,408476,1048576,1048576,0,0,29492,0,6062632,521772,203452,104216,779632,104216,675416,27504,45328,0,0,0,65946132,9087808,34359738367,531088,0,72640,0,1126400,0,0,0,0,0,0,0,0,2048,0,488720,40308736,95420416
1744061804.001421,600004,21131157,0,131892268,122972400,122667000,0,727308,0,191104,5549148,122568,5094720,68536,454428,1048576,1048576,0,0,7960,0,6063116,521812,203492,104216,783360,104216,679144,27504,45328,0,0,0,65946132,9091452,34359738367,531088,0,72640,0,1126400,0,0,0,0,0,0,0,0,2048,0,488720,40308736,95420416
1744061805.001542,600004,21131157,0,131892268,122972372,122666972,0,727320,0,191104,5549148,122568,5094720,68536,454428,1048576,1048576,0,0,7972,0,6063128,521812,203492,104216,783360,104216,679144,27504,45328,0,0,0,65946132,9091452,34359738367,531088,0,72640,0,1126400,0,0,0,0,0,0,0,0,2048,0,488720,40308736,95420416
1744061806.002034,600004,21131157,0,131892268,122972372,122666972,0,727328,0,191104,5549148,122568,5094720,68536,454428,1048576,1048576,0,0,7980,0,6063128,521812,203492,104216,783360,104216,679144,27504,45328,0,0,0,65946132,9091452,34359738367,531088,0,72640,0,1126400,0,0,0,0,0,0,0,0,2048,0,488720,40308736,95420416
1744061807.001559,600004,21131157,0,131892268,122972344,122666944,0,727336,0,191104,5549148,122568,5094720,68536,454428,1048576,1048576,0,0,7988,0,6063132,521812,203492,104216,783360,104216,679144,27504,45328,0,0,0,65946132,9091452,34359738367,531088,0,72640,0,1126400,0,0,0,0,0,0,0,0,2048,0,488720,40308736,95420416
1744061808.000942,600004,21131157,0,131892268,122972344,122666944,0,727348,0,191104,5549148,122568,5094720,68536,454428,1048576,1048576,0,0,8000,0,6063132,521812,203492,104216,783360,104216,679144,27504,45328,0,0,0,65946132,9091452,34359738367,531088,0,72640,0,1126400,0,0,0,0,0,0,0,0,2048,0,488720,40308736,95420416
1744061809.001403,600004,21131157,0,131892268,122971908,122666696,0,727608,0,191632,5549072,123008,5094356,68624,454716,1048576,1048576,0,0,8256,0,6063268,521816,203496,104216,783376,104216,679160,27504,45332,0,0,0,65946132,9091452,34359738367,531088,0,72640,0,1126400,0,0,0,0,0,0,0,0,2048,0,488720,40308736,95420416
1744061810.002254,600004,21131157,0,131892268,122971908,122666696,0,727608,0,191632,5549072,123008,5094356,68624,454716,1048576,1048576,0,0,8256,0,6063268,521816,203496,104216,783376,104216,679160,27504,45332,0,0,0,65946132,9091452,34359738367,531088,0,72640,0,1126400,0,0,0,0,0,0,0,0,2048,0,488720,40308736,95420416
1744061811.002144,600004,21131157,0,131892268,122971880,122666688,0,727616,0,191632,5549132,123008,5094372,68624,454760,1048576,1048576,0,0,8264,0,6063312,521816,203496,104216,783376,104216,679160,27504,45332,0,0,0,65946132,9091452,34359738367,531088,0,72640,0,1126400,0,0,0,0,0,0,0,0,2048,0,488720,40308736,95420416
1744061812.001465,600004,21131157,0,131892268,122971796,122666616,0,727624,0,191632,5549252,123008,5094468,68624,454784,1048576,1048576,0,0,8272,0,6063392,521816,203496,104216,783376,104216,679160,27504,45332,0,0,0,65946132,9091452,34359738367,531088,0,72640,0,1126400,0,0,0,0,0,0,0,0,2048,0,488720,40308736,95420416
1744061813.001907,600004,21131157,0,131892268,122971684,122666504,0,727640,0,191632,5549252,123008,5094468,68624,454784,1048576,1048576,0,0,8288,0,6063496,521816,203496,104216,783376,104216,679160,27504,45332,0,0,0,65946132,9091452,34359738367,531088,0,72640,0,1126400,0,0,0,0,0,0,0,0,2048,0,488720,40308736,95420416
1744061814.001200,600004,21131157,0,131892268,122971656,122666476,0,727644,0,191632,5549252,123008,5094468,68624,454784,1048576,1048576,0,0,8292,0,6063520,521816,203496,104216,783376,104216,679160,27504,45332,0,0,0,65946132,9091452,34359738367,531088,0,72640,0,1126400,0,0,0,0,0,0,0,0,2048,0,488720,40308736,95420416
1744061815.001635,600004,21131157,0,131892268,122971164,122666188,0,727952,0,192580,5548960,123840,5093884,68740,455076,1048576,1048576,0,0,8548,0,6063688,521868,203548,104216,783392,104216,679176,27504,45332,0,0,0,65946132,9091452,34359738367,531088,0,72640,0,1126400,0,0,0,0,0,0,0,0,2048,0,488720,40308736,95420416
1744061816.001972,600004,21131157,0,131892268,122970940,122665968,0,727960,0,192616,5549104,123876,5094024,68740,455080,1048576,1048576,0,0,8556,0,6063868,521868,203548,104216,783392,104216,679176,27504,45332,0,0,0,65946132,9091452,34359738367,531088,0,72640,0,1126400,0,0,0,0,0,0,0,0,2048,0,488720,40308736,95420416
1744061817.001611,600004,21131157,0,131892268,122919456,122635156,0,771404,0,192736,5590324,123896,5094000,68840,496324,1048576,1048576,0,0,17196,144,6063872,521868,203548,104216,783576,104216,679360,27504,45332,0,0,0,65946132,9091500,34359738367,531088,0,72640,0,1126400,0,0,0,0,0,0,0,0,2048,0,488720,40308736,95420416
1744061818.002151,600004,21131157,0,131892268,122918928,122637908,0,776240,0,195228,5594192,124004,5093688,71224,500504,1048576,1048576,0,0,20092,0,6063640,521868,203548,104216,787044,104216,682828,27504,45332,0,0,0,65946132,9091500,34359738367,531088,0,72640,0,1126400,0,0,0,0,0,0,0,0,2048,0,488720,40308736,95420416
1744061819.001576,600004,21131157,0,131892268,122918592,122637584,0,776252,0,195228,5594552,124004,5094028,71224,500524,1048576,1048576,0,0,20104,0,6063960,521868,203548,104216,787044,104216,682828,27504,45332,0,0,0,65946132,9091500,34359738367,531088,0,72640,0,1126400,0,0,0,0,0,0,0,0,2048,0,488720,40308736,95420416
1744061820.013139,600004,21131157,0,131892268,122918364,122637476,0,776512,0,195408,5594608,124128,5093900,71280,500708,1048576,1048576,0,0,20356,0,6063980,521876,203556,104216,787076,104216,682860,27504,45332,0,0,0,65946132,9091500,34359738367,531088,0,72640,0,1126400,0,0,0,0,0,0,0,0,2048,0,488720,40308736,95420416
1744061821.001679,600004,21131157,0,131892268,122917988,122637116,0,776524,0,195768,5594548,124416,5093912,71352,500636,1048576,1048576,0,0,20368,0,6064344,521876,203556,104248,787116,104248,682868,27504,45332,0,0,0,65946132,9091500,34359738367,531088,0,72640,0,1126400,0,0,0,0,0,0,0,0,2048,0,488720,40308736,95420416
1744061822.001788,600004,21131157,0,131892268,122917564,122636692,0,776536,0,195888,5594908,124536,5094272,71352,500636,1048576,1048576,0,0,3376,0,6064772,521876,203556,104248,787068,104248,682820,27504,45332,0,0,0,65946132,9091500,34359738367,531088,0,72640,0,1126400,0,0,0,0,0,0,0,0,2048,0,488720,40308736,95420416
1744061823.001337,600004,21131157,0,131892268,122917276,122636412,0,776544,0,195888,5595208,124536,5094556,71352,500652,1048576,1048576,0,0,3396,0,6065104,521876,203556,104248,787068,104248,682820,27504,45332,0,0,0,65946132,9091500,34359738367,531088,0,72640,0,1126400,0,0,0,0,0,0,0,0,2048,0,488720,40308736,95420416
1744061824.001915,600004,21131157,0,131892268,122917016,122636152,0,776548,0,195888,5595508,124536,5094856,71352,500652,1048576,1048576,0,0,3400,0,6065328,521876,203556,104248,787076,104248,682828,27504,45332,0,0,0,65946132,9091500,34359738367,531088,0,72640,0,1126400,0,0,0,0,0,0,0,0,2048,0,488720,40308736,95420416
1744061825.002023,600004,21131157,0,131892268,122916472,122635648,0,776556,0,195948,5595988,124540,5095308,71408,500680,1048576,1048576,0,0,3408,0,6065916,521876,203556,104248,787068,104248,682820,27504,45332,0,0,0,65946132,9091500,34359738367,531088,0,72640,0,1126400,0,0,0,0,0,0,0,0,2048,0,488720,40308736,95420416
1744061826.001544,600004,21131157,0,131892268,122915672,122635056,0,776824,0,196188,5596768,124700,5095756,71488,501012,1048576,1048576,0,0,3660,0,6066480,521892,203572,104248,787084,104248,682836,27504,45332,0,0,0,65946132,9091500,34359738367,531088,0,72640,0,1126400,0,0,0,0,0,0,0,0,2048,0,488720,40308736,95420416
1744061827.002147,600004,21131157,0,131892268,122915560,122634944,0,776828,0,196188,5596828,124700,5095816,71488,501012,1048576,1048576,0,0,3212,0,6066612,521892,203572,104248,787084,104248,682836,27504,45332,0,0,0,65946132,9091500,34359738367,531088,0,72640,0,1126400,0,0,0,0,0,0,0,0,2048,0,488720,40308736,95420416
1744061828.001253,600004,21131157,0,131892268,122914720,122634104,0,776844,0,196368,5597488,124840,5096516,71528,500972,1048576,1048576,0,0,3232,0,6067388,521892,203572,104248,787084,104248,682836,27504,45332,0,0,0,65946132,9091500,34359738367,531088,0,72640,0,1126400,0,0,0,0,0,0,0,0,2048,0,488720,40308736,95420416
1744061829.001769,600004,21131157,0,131892268,122913880,122633264,0,776860,0,196368,5598328,124840,5097356,71528,500972,1048576,1048576,0,0,3248,0,6068228,521892,203572,104248,787084,104248,682836,27504,45332,0,0,0,65946132,9091500,34359738367,531088,0,72640,0,1126400,0,0,0,0,0,0,0,0,2048,0,488720,40308736,95420416
1744061830.002334,600004,21131157,0,131892268,122913824,122633208,0,776860,0,196368,5598328,124840,5097356,71528,500972,1048576,1048576,0,0,3248,0,6068308,521892,203572,104248,787084,104248,682836,27504,45332,0,0,0,65946132,9091500,34359738367,531088,0,72640,0,1126400,0,0,0,0,0,0,0,0,2048,0,488720,40308736,95420416
1744061831.002210,600004,21131157,0,131892268,122912972,122632396,0,776872,0,196604,5599052,125028,5098044,71576,501008,1048576,1048576,0,0,3260,0,6069204,521892,203572,104248,787084,104248,682836,27504,45332,0,0,0,65946132,9091500,34359738367,531088,0,72640,0,1126400,0,0,0,0,0,0,0,0,2048,0,488720,40308736,95420416
1744061832.001576,600004,21131157,0,131892268,122859656,122603332,0,825444,0,199736,5645488,125280,5098856,74456,546632,1048576,1048576,0,0,46828,0,6070120,521892,203572,104248,790732,104248,686484,27504,45332,0,0,0,65946132,9089848,34359738367,531088,0,72640,0,1126400,0,0,0,0,0,0,0,0,2048,0,488720,40308736,95420416
1744061833.001996,600004,21131157,0,131892268,122859460,122603188,0,825448,0,199840,5645676,125324,5099004,74516,546672,1048576,1048576,0,0,46832,0,6070356,521892,203572,104248,790732,104248,686484,27504,45332,0,0,0,65946132,9089848,34359738367,531088,0,72640,0,1126400,0,0,0,0,0,0,0,0,2048,0,488720,40308736,95420416
1744061834.001354,600004,21131157,0,131892268,122858356,122602132,0,825464,0,200200,5646576,125672,5099816,74528,546760,1048576,1048576,0,0,46848,0,6071472,521892,203572,104248,790732,104248,686484,27504,45332,0,0,0,65946132,9089848,34359738367,531088,0,72640,0,1126400,0,0,0,0,0,0,0,0,2048,0,488720,40308736,95420416
1744061835.001751,600004,21131157,0,131892268,122857180,122600956,0,825476,0,200260,5647536,125728,5100780,74532,546756,1048576,1048576,0,0,46860,0,6072652,521892,203572,104248,790732,104248,686484,27504,45332,0,0,0,65946132,9089848,34359738367,531088,0,72640,0,1126400,0,0,0,0,0,0,0,0,2048,0,488720,40308736,95420416
1744061836.002120,600004,21131157,0,131892268,122856928,122600704,0,825476,0,200320,5647656,125788,5100900,74532,546756,1048576,1048576,0,0,46860,0,6072924,521892,203572,104248,790732,104248,686484,27504,45332,0,0,0,65946132,9089848,34359738367,531088,0,72640,0,1126400,0,0,0,0,0,0,0,0,2048,0,488720,40308736,95420416
1744061837.001510,600004,21131157,0,131892268,122855556,122599388,0,825488,0,200784,5648752,126252,5101888,74532,546864,1048576,1048576,0,0,46668,204,6074248,521892,203572,104248,790732,104248,686484,27504,45332,0,0,0,65946132,9089848,34359738367,531088,0,72640,0,1126400,0,0,0,0,0,0,0,0,2048,0,488720,40308736,95420416
1744061838.001864,600004,21131157,0,131892268,122853944,122597916,0,825752,0,201536,5649556,126848,5102564,74688,546992,1048576,1048576,0,0,46928,0,6075592,521896,203576,104248,790748,104248,686500,27504,45332,0,0,0,65946132,9089848,34359738367,531088,0,72640,0,1126400,0,0,0,0,0,0,0,0,2048,0,488720,40308736,95420416
1744061839.001262,600004,21131157,0,131892268,122853636,122597608,0,825752,0,201656,5649676,126968,5102684,74688,546992,1048576,1048576,0,0,46928,0,6075904,521896,203576,104248,790748,104248,686500,27504,45332,0,0,0,65946132,9089848,34359738367,531088,0,72640,0,1126400,0,0,0,0,0,0,0,0,2048,0,488720,40308736,95420416
1744061840.012625,600004,21131157,0,131892268,122852068,122596064,0,825760,0,202076,5651056,127388,5104016,74688,547040,1048576,1048576,0,0,46936,0,6077500,521896,203576,104248,790748,104248,686500,27504,45332,0,0,0,65946132,9089848,34359738367,531088,0,72640,0,1126400,0,0,0,0,0,0,0,0,2048,0,488720,40308736,95420416
1744061841.002140,600004,21131157,0,131892268,122850716,122594740,0,825776,0,202076,5652316,127388,5105224,74688,547092,1048576,1048576,0,0,46952,0,6078820,521896,203576,104248,790756,104248,686508,27504,45332,0,0,0,65946132,9089848,34359738367,531088,0,72640,0,1126400,0,0,0,0,0,0,0,0,2048,0,488720,40308736,95420416
1744061842.001250,600004,21131157,0,131892268,122850156,122594196,0,825788,0,202196,5652676,127508,5105552,74688,547124,1048576,1048576,0,0,92,3324,6079400,521896,203576,104248,790756,104248,686508,27504,45332,0,0,0,65946132,9089848,34359738367,531088,0,72640,0,1126400,0,0,0,0,0,0,0,0,2048,0,488720,40308736,95420416
1744061843.001747,600004,21131157,0,131892268,122848188,122592256,0,825796,0,203052,5653860,128292,5106752,74760,547108,1048576,1048576,0,0,24,0,6081248,521896,203576,104248,790820,104248,686572,27504,45352,0,0,0,65946132,9098820,34359738367,531088,0,72640,0,1126400,0,0,0,0,0,0,0,0,2048,0,488720,40308736,95420416
1744061844.002473,600004,21131157,0,131892268,122823800,122567868,0,825856,0,203528,5677700,128684,5130676,74844,547024,1048576,1048576,0,0,84,0,6105644,521896,203576,104248,790820,104248,686572,27504,45356,0,0,0,65946132,9128780,34359738367,531088,0,72640,0,1126400,0,0,0,0,0,0,0,0,2048,0,488720,40308736,95420416
1744061845.001619,600004,21131157,0,131892268,122822012,122566208,0,826052,0,203648,5679248,128804,5131968,74844,547280,1048576,1048576,0,0,280,0,6107136,521896,203576,104248,790844,104248,686596,27504,45400,0,0,0,65946132,9128780,34359738367,531088,0,72640,0,1126400,0,0,0,0,0,0,0,0,2048,0,488720,40308736,95420416
1744061846.001311,600004,21131157,0,131892268,122819928,122564204,0,826060,0,204376,5680800,129500,5133388,74876,547412,1048576,1048576,0,0,288,0,6109300,521896,203576,104248,790828,104248,686580,27504,45400,0,0,0,65946132,9128780,34359738367,531088,0,72640,0,1126400,0,0,0,0,0,0,0,0,2048,0,488720,40308736,95420416
1744061847.001835,600004,21131157,0,131892268,122766656,122532572,0,870292,0,205300,5723712,129760,5133684,75540,590028,1048576,1048576,0,0,8580,1432,6109504,521896,203576,104248,793100,104248,688852,27504,45400,0,0,0,65946132,9131712,34359738367,531088,0,72640,0,1126400,0,0,0,0,0,0,0,0,2048,0,488720,40308736,95420416
1744061848.001946,600004,21131157,0,131892268,122765436,122533780,0,874352,0,207264,5728572,129880,5135532,77384,593040,1048576,1048576,0,0,11952,0,6111636,521896,203576,104248,794620,104248,690372,27504,45412,0,0,0,65946132,9141132,34359738367,531088,0,72640,0,1126400,0,0,0,0,0,0,0,0,2048,0,488720,40308736,95420416
1744061849.001478,600004,21131157,0,131892268,122756856,122525276,0,874392,0,207368,5736860,129880,5143804,77488,593056,1048576,1048576,0,0,12296,0,6120028,521896,203576,104280,794652,104280,690372,27504,45428,0,0,0,65946132,9154276,34359738367,531088,0,72640,0,1126400,0,0,0,0,0,0,0,0,2048,0,488720,40308736,95420416
1744061850.002086,600004,21131157,0,131892268,122755844,122524264,0,874396,0,207960,5737324,130408,5144332,77552,592992,1048576,1048576,0,0,12300,0,6121032,521896,203576,104280,794660,104280,690380,27504,45428,0,0,0,65946132,9154276,34359738367,531088,0,72640,0,1126400,0,0,0,0,0,0,0,0,2048,0,488720,40308736,95420416
1744061851.002145,600004,21131157,0,131892268,122753368,122521896,0,874652,0,208736,5738888,131084,5145784,77652,593104,1048576,1048576,0,0,12556,0,6123232,521896,203576,104280,794700,104280,690420,27504,45428,0,0,0,65946132,9154276,34359738367,531088,0,72640,0,1126400,0,0,0,0,0,0,0,0,2048,0,488720,40308736,95420416
1744061852.001522,600004,21131157,0,131892268,122752892,122521428,0,874656,0,208892,5739272,131240,5146152,77652,593120,1048576,1048576,0,0,12560,0,6123728,521896,203576,104280,794700,104280,690420,27504,45428,0,0,0,65946132,9154276,34359738367,531088,0,72640,0,1126400,0,0,0,0,0,0,0,0,2048,0,488720,40308736,95420416
1744061853.001953,600004,21131157,0,131892268,122750428,122518968,0,874668,0,209372,5741252,131644,5148200,77728,593052,1048576,1048576,0,0,12572,0,6126212,521896,203576,104280,794700,104280,690420,27504,45428,0,0,0,65946132,9154276,34359738367,531088,0,72640,0,1126400,0,0,0,0,0,0,0,0,2048,0,488720,40308736,95420416
1744061854.001318,600004,21131157,0,131892268,122748860,122517400,0,874676,0,209372,5742692,131644,5149640,77728,593052,1048576,1048576,0,0,12580,0,6127684,521896,203576,104280,794700,104280,690420,27504,45428,0,0,0,65946132,9161792,34359738367,531088,0,72640,0,1126400,0,0,0,0,0,0,0,0,2048,0,488720,40308736,95420416
1744061855.001760,600004,21131157,0,131892268,122747712,122516280,0,874688,0,209492,5743712,131720,5150648,77772,593064,1048576,1048576,0,0,12592,0,6128848,521896,203576,104280,794700,104280,690420,27504,45444,0,0,0,65946132,9161792,34359738367,531088,0,72640,0,1126400,0,0,0,0,0,0,0,0,2048,0,488720,40308736,95420416
1744061856.002156,600004,21131157,0,131892268,122747844,122516460,0,874704,0,210052,5743172,132280,5150008,77772,593164,1048576,1048576,0,0,12608,0,6128672,521896,203576,104280,794708,104280,690428,27504,45444,0,0,0,65946132,9163420,34359738367,531088,0,72640,0,1126400,0,0,0,0,0,0,0,0,2048,0,488720,40308736,95420416
1744061857.001586,600004,21131157,0,131892268,122732864,122501480,0,874720,0,210052,5757908,132280,5164744,77772,593164,1048576,1048576,0,0,12624,0,6143528,521896,203576,104280,794836,104280,690556,27504,45444,0,0,0,65946132,9183900,34359738367,531088,0,72640,0,1126400,0,0,0,0,0,0,0,0,2048,0,488720,40308736,95420416
1744061858.001039,600004,21131157,0,131892268,122729160,122497896,0,874960,0,211716,5760144,133864,5166824,77852,593320,1048576,1048576,0,0,12864,0,6147136,521896,203576,104280,794660,104280,690380,27504,45488,0,0,0,65946132,9183900,34359738367,531088,0,72640,0,1126400,0,0,0,0,0,0,0,0,2048,0,488720,40308736,95420416
1744061859.001429,600004,21131157,0,131892268,122728684,122497436,0,874972,0,211716,5760504,133864,5167152,77852,593352,1048576,1048576,0,0,12876,0,6147544,521896,203576,104280,794660,104280,690380,27504,45488,0,0,0,65946132,9183900,34359738367,531088,0,72640,0,1126400,0,0,0,0,0,0,0,0,2048,0,488720,40308736,95420416
1744061860.013817,600004,21131157,0,131892268,122727116,122495868,0,874972,0,211948,5761832,134084,5168492,77864,593340,1048576,1048576,0,0,12876,0,6149120,521896,203576,104280,794660,104280,690380,27504,45488,0,0,0,65946132,9183900,34359738367,531088,0,72640,0,1126400,0,0,0,0,0,0,0,0,2048,0,488720,40308736,95420416
1744061861.002290,600004,21131157,0,131892268,122725156,122493928,0,874980,0,212528,5763292,134664,5169908,77864,593384,1048576,1048576,0,0,12884,0,6151124,521896,203576,104280,794660,104280,690380,27504,45488,0,0,0,65946132,9183900,34359738367,531088,0,72640,0,1126400,0,0,0,0,0,0,0,0,2048,0,488720,40308736,95420416
1744061862.001410,600004,21131157,0,131892268,122724932,122493704,0,874984,0,212528,5763532,134664,5170148,77864,593384,1048576,1048576,0,0,12888,0,6151324,521896,203576,104280,794660,104280,690380,27504,45488,0,0,0,65946132,9183900,34359738367,531088,0,72640,0,1126400,0,0,0,0,0,0,0,0,2048,0,488720,40308736,95420416
1744061863.001867,600004,21131157,0,131892268,122723168,122491944,0,875000,0,214160,5763760,136296,5170372,77864,593388,1048576,1048576,0,0,12904,0,6153084,521896,203576,104280,794660,104280,690380,27504,45488,0,0,0,65946132,9183900,34359738367,531088,0,72640,0,1126400,0,0,0,0,0,0,0,0,2048,0,488720,40308736,95420416
1744061864.001370,600004,21131157,0,131892268,122670112,122462840,0,923528,0,217456,5809200,137152,5170348,80304,638852,1048576,1048576,0,0,24568,0,6153404,521896,203576,104280,798452,104280,694172,27504,45488,0,0,0,65946132,9184764,34359738367,531088,0,72640,0,1126400,0,0,0,0,0,0,0,0,2048,0,488720,40308736,95420416
1744061865.001479,600004,21131157,0,131892268,122668808,122461692,0,923532,0,218068,5810088,137584,5171104,80484,638984,1048576,1048576,0,0,24572,0,6155008,521896,203576,104280,798452,104280,694172,27504,45488,0,0,0,65946132,9184764,34359738367,531088,0,72640,0,1126400,0,0,0,0,0,0,0,0,2048,0,488720,40308736,95420416
1744061866.001958,600004,21131157,0,131892268,122667856,122460776,0,923544,0,218192,5811076,137620,5172104,80572,638972,1048576,1048576,0,0,24584,0,6155924,521896,203576,104280,798452,104280,694172,27504,45496,0,0,0,65946132,9188620,34359738367,531088,0,72640,0,1126400,0,0,0,0,0,0,0,0,2048,0,488720,40308736,95420416
1744061867.001465,600004,21131157,0,131892268,122667072,122460008,0,923548,0,218372,5811676,137760,5172712,80612,638964,1048576,1048576,0,0,24588,0,6156756,521896,203576,104280,798452,104280,694172,27504,45496,0,0,0,65946132,9188620,34359738367,531088,0,72640,0,1126400,0,0,0,0,0,0,0,0,2048,0,488720,40308736,95420416
1744061868.001570,600004,21131157,0,131892268,122665448,122458384,0,923556,0,218884,5812784,138264,5173828,80620,638956,1048576,1048576,0,0,24596,0,6158404,521896,203576,104280,798452,104280,694172,27504,45496,0,0,0,65946132,9188620,34359738367,531088,0,72640,0,1126400,0,0,0,0,0,0,0,0,2048,0,488720,40308736,95420416
1744061869.002063,600004,21131157,0,131892268,122665140,122458116,0,923556,0,218884,5813144,138264,5174108,80620,639036,1048576,1048576,0,0,24596,0,6158668,521896,203576,104280,798452,104280,694172,27504,45496,0,0,0,65946132,9188620,34359738367,531088,0,72640,0,1126400,0,0,0,0,0,0,0,0,2048,0,488720,40308736,95420416
1744061870.001410,600004,21131157,0,131892268,122663656,122456632,0,923576,0,219480,5813980,138812,5174992,80668,638988,1048576,1048576,0,0,24616,0,6160176,521896,203576,104280,798452,104280,694172,27504,45496,0,0,0,65946132,9188620,34359738367,531088,0,72640,0,1126400,0,0,0,0,0,0,0,0,2048,0,488720,40308736,95420416
1744061871.001779,600004,21131157,0,131892268,122663136,122456216,0,923820,0,220728,5813152,140036,5173984,80692,639168,1048576,1048576,0,0,24860,0,6160432,521896,203576,104280,798468,104280,694188,27504,45496,0,0,0,65946132,9188620,34359738367,531088,0,72640,0,1126400,0,0,0,0,0,0,0,0,2048,0,488720,40308736,95420416
1744061872.002165,600004,21131157,0,131892268,122661652,122454760,0,923840,0,221036,5814404,140344,5175180,80692,639224,1048576,1048576,0,0,24880,0,6161916,521896,203576,104280,798468,104280,694188,27504,45496,0,0,0,65946132,9188620,34359738367,531088,0,72640,0,1126400,0,0,0,0,0,0,0,0,2048,0,488720,40308736,95420416
1744061873.001561,600004,21131157,0,131892268,122660320,122453468,0,923848,0,221036,5815844,140344,5176536,80692,639308,1048576,1048576,0,0,23320,0,6163240,521896,203576,104280,798484,104280,694204,27504,45496,0,0,0,65946132,9188620,34359738367,531088,0,72640,0,1126400,0,0,0,0,0,0,0,0,2048,0,488720,40308736,95420416
1744061874.001910,600004,21131157,0,131892268,122659944,122453092,0,923852,0,221248,5815992,140556,5176684,80692,639308,1048576,1048576,0,0,23332,0,6163696,521896,203576,104280,798408,104280,694128,27504,45496,0,0,0,65946132,9188620,34359738367,531088,0,72640,0,1126400,0,0,0,0,0,0,0,0,2048,0,488720,40308736,95420416
1744061875.001268,600004,21131157,0,131892268,122658348,122451504,0,923860,0,221512,5817408,140820,5178088,80692,639320,1048576,1048576,0,0,23348,0,6165312,521896,203576,104280,798408,104280,694128,27504,45496,0,0,0,65946132,9188620,34359738367,531088,0,72640,0,1126400,0,0,0,0,0,0,0,0,2048,0,488720,40308736,95420416
1744061876.001619,600004,21131157,0,131892268,122658068,122451224,0,923860,0,221512,5817828,140820,5178508,80692,639320,1048576,1048576,0,0,23348,0,6165564,521896,203576,104280,798408,104280,694128,27504,45496,0,0,0,65946132,9188620,34359738367,531088,0,72640,0,1126400,0,0,0,0,0,0,0,0,2048,0,488720,40308736,95420416
1744061877.002054,600004,21131157,0,131892268,122656556,122449712,0,923868,0,221912,5818868,141180,5179584,80732,639284,1048576,1048576,0,0,23356,0,6167048,521896,203576,104280,798408,104280,694128,27504,45496,0,0,0,65946132,9188620,34359738367,531088,0,72640,0,1126400,0,0,0,0,0,0,0,0,2048,0,488720,40308736,95420416
1744061878.001390,600004,21131157,0,131892268,122655556,122448860,0,924136,0,221912,5819516,141180,5179940,80732,639576,1048576,1048576,0,0,1444,3472,6167304,521900,203580,104280,798400,104280,694120,27504,45500,0,0,0,65946132,9188620,34359738367,531072,0,72640,0,1126400,0,0,0,0,0,0,0,0,2048,0,488720,40308736,95420416
1744061879.001780,600004,21131157,0,131892268,122654520,122447824,0,924140,0,222428,5820320,141696,5180744,80732,639576,1048576,1048576,0,0,1176,0,6168836,521900,203580,104280,798400,104280,694120,27504,45500,0,0,0,65946132,9188620,34359738367,531072,0,72640,0,1126400,0,0,0,0,0,0,0,0,2048,0,488720,40308736,95420416
1744061880.012623,600004,21131157,0,131892268,122653464,122446812,0,924248,0,222428,5821520,141696,5181856,80732,639664,1048576,1048576,0,0,1188,0,6169884,521904,203580,104280,798336,104280,694056,27504,45500,0,0,0,65946132,9188620,34359738367,531072,0,72640,0,1126400,0,0,0,0,0,0,0,0,2048,0,488720,40308736,95420416
1744061881.002311,600004,21131157,0,131892268,122652828,122446180,0,924248,0,222668,5821436,141936,5181760,80732,639676,1048576,1048576,0,0,1188,0,6170560,521904,203580,104280,798328,104280,694048,27504,45500,0,0,0,65946132,9190508,34359738367,531072,0,72640,0,1126400,0,0,0,0,0,0,0,0,2048,0,488720,40308736,95420416
1744061882.001417,600004,21131157,0,131892268,122598508,122415980,0,972624,0,225524,5869752,142364,5184268,83160,685484,1048576,1048576,0,0,45988,0,6172724,521904,203580,104280,802024,104280,697744,27504,45512,0,0,0,65946132,9188000,34359738367,531072,0,72640,0,1126400,0,0,0,0,0,0,0,0,2048,0,488720,40308736,95420416
1744061883.001940,600004,21131157,0,131892268,122598284,122415796,0,972624,0,225704,5869752,142432,5184296,83272,685456,1048576,1048576,0,0,45768,220,6172976,521904,203580,104280,802024,104280,697744,27504,45512,0,0,0,65946132,9188000,34359738367,531072,0,72640,0,1126400,0,0,0,0,0,0,0,0,2048,0,488720,40308736,95420416
1744061884.001488,600004,21131157,0,131892268,122579444,122397000,0,972636,0,226612,5887724,143292,5202228,83320,685496,1048576,1048576,0,0,45780,0,6191836,521904,203580,104280,802024,104280,697744,27504,45548,0,0,0,65946132,9204588,34359738367,531072,0,72640,0,1126400,0,0,0,0,0,0,0,0,2048,0,488720,40308736,95420416
1744061885.001587,600004,21131157,0,131892268,122579192,122396748,0,972644,0,226612,5887904,143292,5202408,83320,685496,1048576,1048576,0,0,45788,0,6192032,521904,203580,104280,802024,104280,697744,27504,45548,0,0,0,65946132,9204588,34359738367,531072,0,72640,0,1126400,0,0,0,0,0,0,0,0,2048,0,488720,40308736,95420416
1744061886.002087,600004,21131157,0,131892268,122577524,122395188,0,972904,0,227204,5888932,143700,5203404,83504,685528,1048576,1048576,0,0,46052,0,6193408,521904,203580,104280,802040,104280,697760,27504,45572,0,0,0,65946132,9224680,34359738367,531072,0,72640,0,1126400,0,0,0,0,0,0,0,0,2048,0,488720,40308736,95420416
1744061887.000825,600004,21131157,0,131892268,122577300,122395004,0,972908,0,227204,5889232,143700,5203628,83504,685604,1048576,1048576,0,0,46056,0,6193680,521904,203580,104280,802040,104280,697760,27504,45572,0,0,0,65946132,9224680,34359738367,531072,0,72640,0,1126400,0,0,0,0,0,0,0,0,2048,0,488720,40308736,95420416
1744061888.001936,600004,21131157,0,131892268,122575984,122393700,0,972916,0,227528,5890288,143976,5204708,83552,685580,1048576,1048576,0,0,46064,0,6194980,521904,203580,104280,802040,104280,697760,27504,45580,0,0,0,65946132,9224680,34359738367,531072,0,72640,0,1126400,0,0,0,0,0,0,0,0,2048,0,488720,40308736,95420416
1744061889.001367,600004,21131157,0,131892268,122575676,122393392,0,972916,0,227528,5890468,143976,5204888,83552,685580,1048576,1048576,0,0,45844,0,6195248,521904,203580,104280,802040,104280,697760,27504,45580,0,0,0,65946132,9224680,34359738367,531072,0,72640,0,1126400,0,0,0,0,0,0,0,0,2048,0,488720,40308736,95420416
1744061890.001893,600004,21131157,0,131892268,122574388,122392124,0,972924,0,227924,5891512,144352,5205912,83572,685600,1048576,1048576,0,0,45852,0,6196608,521904,203580,104280,802040,104280,697760,27504,45580,0,0,0,65946132,9224680,34359738367,531072,0,72640,0,1126400,0,0,0,0,0,0,0,0,2048,0,488720,40308736,95420416
1744061891.002052,600004,21131157,0,131892268,122570272,122388008,0,972928,0,228932,5894584,145360,5208984,83572,685600,1048576,1048576,0,0,45856,0,6200684,521904,203580,104280,802040,104280,697760,27504,45584,0,0,0,65946132,9230016,34359738367,531072,0,72640,0,1126400,0,0,0,0,0,0,0,0,2048,0,488720,40308736,95420416
1744061892.001411,600004,21131157,0,131892268,122569852,122387588,0,972936,0,229844,5894068,146264,5208476,83580,685592,1048576,1048576,0,0,45864,0,6201116,521904,203580,104280,802040,104280,697760,27504,45592,0,0,0,65946132,9230016,34359738367,531072,0,72640,0,1126400,0,0,0,0,0,0,0,0,2048,0,488720,40308736,95420416
1744061893.001863,600004,21131157,0,131892268,122568476,122386316,0,973200,0,230768,5894584,147188,5208780,83580,685804,1048576,1048576,0,0,46128,0,6202236,521904,203580,104280,802072,104280,697792,27504,45592,0,0,0,65946132,9230016,34359738367,531072,0,72640,0,1126400,0,0,0,0,0,0,0,0,2048,0,488720,40308736,95420416
1744061894.002353,600004,21131157,0,131892268,122568056,122385920,0,973212,0,231560,5894232,147980,5208380,83580,685852,1048576,1048576,0,0,46140,0,6202652,521904,203580,104280,802072,104280,697792,27504,45592,0,0,0,65946132,9230016,34359738367,531072,0,72640,0,1126400,0,0,0,0,0,0,0,0,2048,0,488720,40308736,95420416
1744061895.001819,600004,21131157,0,131892268,122566712,122384592,0,973216,0,231796,5895256,148168,5209424,83628,685832,1048576,1048576,0,0,46144,0,6204012,521904,203580,104280,802072,104280,697792,27504,45592,0,0,0,65946132,9230016,34359738367,531072,0,72640,0,1126400,0,0,0,0,0,0,0,0,2048,0,488720,40308736,95420416
1744061896.002169,600004,21131157,0,131892268,122566488,122384368,0,973220,0,231796,5895496,148168,5209664,83628,685832,1048576,1048576,0,0,46148,0,6204180,521904,203580,104280,802072,104280,697792,27504,45592,0,0,0,65946132,9230016,34359738367,531072,0,72640,0,1126400,0,0,0,0,0,0,0,0,2048,0,488720,40308736,95420416
1744061897.001581,600004,21131157,0,131892268,122564864,122382748,0,973228,0,232464,5896448,148796,5210644,83668,685804,1048576,1048576,0,0,46156,0,6205768,521904,203580,104280,802072,104280,697792,27504,45592,0,0,0,65946132,9230016,34359738367,531072,0,72640,0,1126400,0,0,0,0,0,0,0,0,2048,0,488720,40308736,95420416
1744061898.001911,600004,21131157,0,131892268,122564780,122382696,0,973232,0,232464,5896688,148796,5210824,83668,685864,1048576,1048576,0,0,46160,0,6205952,521904,203580,104280,802072,104280,697792,27504,45592,0,0,0,65946132,9230016,34359738367,531072,0,72640,0,1126400,0,0,0,0,0,0,0,0,2048,0,488720,40308736,95420416
1744061899.001344,600004,21131157,0,131892268,122563436,122381356,0,973240,0,232556,5897916,148888,5212040,83668,685876,1048576,1048576,0,0,45948,0,6207248,521904,203580,104280,802072,104280,697792,27504,45592,0,0,0,65946132,9230016,34359738367,531072,0,72640,0,1126400,0,0,0,0,0,0,0,0,2048,0,488720,40308736,95420416
1744061900.009155,600004,21131157,0,131892268,122518420,122354804,0,1011024,0,233604,5934160,149032,5212260,84572,721900,1048576,1048576,0,0,29004,488,6207360,521904,203580,104280,804200,104280,699920,27504,45592,0,0,0,65946132,9229784,34359738367,531072,0,72640,0,1126400,0,0,0,0,0,0,0,0,2048,0,488720,40308736,95420416
1744061901.001657,600004,21131157,0,131892268,122509568,122351588,0,1021828,0,235560,5944580,149412,5212988,86148,731592,1048576,1048576,0,0,23884,0,6208520,521904,203580,104280,805904,104280,701624,27504,45596,0,0,0,65946132,9229784,34359738367,531072,0,72640,0,1126400,0,0,0,0,0,0,0,0,2048,0,488720,40308736,95420416
1744061902.001768,600004,21131157,0,131892268,122509372,122351420,0,1021832,0,235560,5944700,149412,5213052,86148,731648,1048576,1048576,0,0,23888,0,6208656,521904,203580,104280,805904,104280,701624,27504,45596,0,0,0,65946132,9229784,34359738367,531072,0,72640,0,1126400,0,0,0,0,0,0,0,0,2048,0,488720,40308736,95420416
1744061903.001219,600004,21131157,0,131892268,122508076,122350124,0,1021852,0,235620,5945960,149472,5214312,86148,731648,1048576,1048576,0,0,23908,0,6209984,521904,203580,104280,805912,104280,701632,27504,45596,0,0,0,65946132,9229784,34359738367,531072,0,72640,0,1126400,0,0,0,0,0,0,0,0,2048,0,488720,40308736,95420416
1744061904.001719,600004,21131157,0,131892268,122507908,122349956,0,1021852,0,235620,5946020,149472,5214372,86148,731648,1048576,1048576,0,0,23224,0,6210180,521904,203580,104280,805912,104280,701632,27504,45596,0,0,0,65946132,9229784,34359738367,531072,0,72640,0,1126400,0,0,0,0,0,0,0,0,2048,0,488720,40308736,95420416
1744061905.001841,600004,21131157,0,131892268,122506592,122348652,0,1021860,0,235676,5947464,149512,5215804,86164,731660,1048576,1048576,0,0,23236,0,6211508,521904,203580,104280,805912,104280,701632,27504,45596,0,0,0,65946132,9229784,34359738367,531072,0,72640,0,1126400,0,0,0,0,0,0,0,0,2048,0,488720,40308736,95420416
1744061906.001267,600004,21131157,0,131892268,122506228,122348316,0,1021860,0,235676,5947636,149512,5215920,86164,731716,1048576,1048576,0,0,23236,0,6211768,521904,203580,104280,805912,104280,701632,27504,45596,0,0,0,65946132,9229784,34359738367,531072,0,72640,0,1126400,0,0,0,0,0,0,0,0,2048,0,488720,40308736,95420416
1744061907.001763,600004,21131157,0,131892268,122505196,122347284,0,1021868,0,235848,5948544,149636,5216876,86212,731668,1048576,1048576,0,0,23244,0,6212844,521904,203580,104280,805912,104280,701632,27504,45600,0,0,0,65946132,9229784,34359738367,531072,0,72640,0,1126400,0,0,0,0,0,0,0,0,2048,0,488720,40308736,95420416
1744061908.001889,600004,21131157,0,131892268,122504676,122346864,0,1022108,0,236016,5948796,149788,5216944,86228,731852,1048576,1048576,0,0,23476,0,6213084,521912,203588,104280,805928,104280,701648,27504,45600,0,0,0,65946132,9229784,34359738367,531072,0,72640,0,1126400,0,0,0,0,0,0,0,0,2048,0,488720,40308736,95420416
1744061909.001332,600004,21131157,0,131892268,122503360,122345596,0,1022180,0,236556,5949756,150272,5217864,86284,731892,1048576,1048576,0,0,23180,0,6214340,521948,203624,104280,805928,104280,701648,27504,45600,0,0,0,65946132,9229784,34359738367,531072,0,72640,0,1126400,0,0,0,0,0,0,0,0,2048,0,488720,40308736,95420416
1744061910.001814,600004,21131157,0,131892268,122503140,122345376,0,1022180,0,236556,5949876,150272,5217984,86284,731892,1048576,1048576,0,0,23180,0,6214564,521948,203624,104280,805952,104280,701672,27504,45600,0,0,0,65946132,9229784,34359738367,531072,0,72640,0,1126400,0,0,0,0,0,0,0,0,2048,0,488720,40308736,95420416
1744061911.001378,600004,21131157,0,131892268,122500340,122342588,0,1022200,0,238472,5950840,152084,5219028,86388,731812,1048576,1048576,0,0,23208,0,6217352,521948,203624,104280,805952,104280,701672,27504,45604,0,0,0,65946132,9237856,34359738367,531072,0,72640,0,1126400,0,0,0,0,0,0,0,0,2048,0,488720,40308736,95420416
1744061912.001805,600004,21131157,0,131892268,122499680,122341928,0,1022204,0,238976,5950816,152588,5219004,86388,731812,1048576,1048576,0,0,23212,0,6217984,521948,203624,104280,805968,104280,701688,27504,45604,0,0,0,65946132,9237856,34359738367,531072,0,72640,0,1126400,0,0,0,0,0,0,0,0,2048,0,488720,40308736,95420416
1744061913.002232,600004,21131157,0,131892268,122498868,122341128,0,1022208,0,240200,5950552,153728,5218804,86472,731748,1048576,1048576,0,0,23216,0,6218776,521948,203624,104280,805968,104280,701688,27504,45604,0,0,0,65946132,9237856,34359738367,531072,0,72640,0,1126400,0,0,0,0,0,0,0,0,2048,0,488720,40308736,95420416
1744061914.001306,600004,21131157,0,131892268,122498112,122340392,0,1022216,0,240216,5951276,153728,5219500,86488,731776,1048576,1048576,0,0,1016,0,6219548,521948,203624,104280,805968,104280,701688,27504,45564,0,0,0,65946132,9242172,34359738367,531072,0,72640,0,1126400,0,0,0,0,0,0,0,0,2048,0,488720,40308736,95420416
1744061915.001771,600004,21131157,0,131892268,122497376,122339656,0,1022220,0,240296,5951832,153808,5220056,86488,731776,1048576,1048576,0,0,1020,0,6220212,521948,203624,104280,805976,104280,701696,27504,45612,0,0,0,65946132,9242172,34359738367,531072,0,72640,0,1126400,0,0,0,0,0,0,0,0,2048,0,488720,40308736,95420416
1744061916.002128,600004,21131157,0,131892268,122522272,122364704,0,1022492,0,240296,5926964,153808,5194888,86488,732076,1048576,1048576,0,0,1284,0,6195076,521956,203632,104280,806000,104280,701720,27504,45612,0,0,0,65946132,9218864,34359738367,531072,0,72640,0,1126400,0,0,0,0,0,0,0,0,2048,0,488720,40308736,95420416
1744061917.001530,600004,21131157,0,131892268,122521460,122363904,0,1022496,0,240420,5927732,153932,5195628,86488,732104,1048576,1048576,0,0,1288,0,6195872,521956,203632,104280,806000,104280,701720,27504,45568,0,0,0,65946132,9218864,34359738367,531072,0,72640,0,1126400,0,0,0,0,0,0,0,0,2048,0,488720,40308736,95420416
1744061918.001840,600004,21131157,0,131892268,122504016,122346476,0,1022500,0,240444,5945120,153956,5212984,86488,732136,1048576,1048576,0,0,1292,0,6213276,521956,203632,104280,806000,104280,701720,27504,45604,0,0,0,65946132,9235384,34359738367,531072,0,72640,0,1126400,0,0,0,0,0,0,0,0,2048,0,488720,40308736,95420416
1744061919.002287,600004,21131157,0,131892268,122503596,122346056,0,1022504,0,241100,5944944,154612,5212808,86488,732136,1048576,1048576,0,0,1032,264,6213736,521956,203632,104280,806000,104280,701720,27504,45604,0,0,0,65946132,9235384,34359738367,531072,0,72640,0,1126400,0,0,0,0,0,0,0,0,2048,0,488720,40308736,95420416
1744061920.013726,600004,21131157,0,131892268,122450496,122316952,0,1070844,0,244060,5990964,155044,5213368,89016,777596,1048576,1048576,0,0,45804,0,6214564,521956,203632,104280,809792,104280,705512,27504,45600,0,0,0,65946132,9238100,34359738367,531072,0,72640,0,1126400,0,0,0,0,0,0,0,0,2048,0,488720,40308736,95420416
1744061921.002232,600004,21131157,0,131892268,122449780,122316308,0,1070848,0,244540,5991144,155420,5213508,89120,777636,1048576,1048576,0,0,45808,0,6215176,521956,203632,104280,809808,104280,705528,27504,45600,0,0,0,65946132,9238100,34359738367,531072,0,72640,0,1126400,0,0,0,0,0,0,0,0,2048,0,488720,40308736,95420416
1744061922.000938,600004,21131157,0,131892268,122446672,122313232,0,1070856,0,244540,5994144,155420,5216444,89120,777700,1048576,1048576,0,0,45816,0,6218360,521956,203632,104280,809808,104280,705528,27504,45604,0,0,0,65946132,9238100,34359738367,531072,0,72640,0,1126400,0,0,0,0,0,0,0,0,2048,0,488720,40308736,95420416
1744061923.001432,600004,21131157,0,131892268,122446336,122312916,0,1070860,0,245380,5993584,156200,5215900,89180,777684,1048576,1048576,0,0,45820,0,6218680,521956,203632,104280,809808,104280,705528,27504,45604,0,0,0,65946132,9238100,34359738367,531072,0,72640,0,1126400,0,0,0,0,0,0,0,0,2048,0,488720,40308736,95420416
1744061924.001166,600004,21131157,0,131892268,122445824,122312552,0,1071172,0,245740,5993944,156532,5215992,89208,777952,1048576,1048576,0,0,46076,0,6219024,522012,203688,104280,809704,104280,705424,27504,45604,0,0,0,65946132,9238100,34359738367,531072,0,72640,0,1126400,0,0,0,0,0,0,0,0,2048,0,488720,40308736,95420416
1744061925.001274,600004,21131157,0,131892268,122444816,122311572,0,1071176,0,245904,5995160,156672,5217180,89232,777980,1048576,1048576,0,0,45856,0,6220156,522012,203688,104280,809704,104280,705424,27504,45604,0,0,0,65946132,9238100,34359738367,531072,0,72640,0,1126400,0,0,0,0,0,0,0,0,2048,0,488720,40308736,95420416
1744061926.001872,600004,21131157,0,131892268,122444144,122310900,0,1071184,0,245904,5995760,156672,5217780,89232,777980,1048576,1048576,0,0,45864,0,6220824,522012,203688,104280,809704,104280,705424,27504,45604,0,0,0,65946132,9238100,34359738367,531072,0,72640,0,1126400,0,0,0,0,0,0,0,0,2048,0,488720,40308736,95420416
1744061927.001373,600004,21131157,0,131892268,122443424,122310212,0,1071188,0,246016,5996428,156784,5218384,89232,778044,1048576,1048576,0,0,45868,0,6221520,522012,203688,104280,809704,104280,705424,27504,45604,0,0,0,65946132,9238100,34359738367,531072,0,72640,0,1126400,0,0,0,0,0,0,0,0,2048,0,488720,40308736,95420416
1744061928.001501,600004,21131157,0,131892268,122442332,122309120,0,1071192,0,246016,5997568,156784,5219524,89232,778044,1048576,1048576,0,0,45872,0,6222648,522012,203688,104280,809704,104280,705424,27504,45604,0,0,0,65946132,9238100,34359738367,531072,0,72640,0,1126400,0,0,0,0,0,0,0,0,2048,0,488720,40308736,95420416
1744061929.001985,600004,21131157,0,131892268,122442080,122308868,0,1071204,0,246264,5997560,157008,5219540,89256,778020,1048576,1048576,0,0,45888,0,6222936,522012,203688,104280,809704,104280,705424,27504,45604,0,0,0,65946132,9238100,34359738367,531072,0,72640,0,1126400,0,0,0,0,0,0,0,0,2048,0,488720,40308736,95420416
1744061930.001481,600004,21131157,0,131892268,122440876,122307664,0,1071212,0,246264,5998760,157008,5220740,89256,778020,1048576,1048576,0,0,45896,0,6224084,522012,203688,104280,809704,104280,705424,27504,45608,0,0,0,65946132,9238100,34359738367,531072,0,72640,0,1126400,0,0,0,0,0,0,0,0,2048,0,488720,40308736,95420416
1744061931.001946,600004,21131157,0,131892268,122440624,122307412,0,1071216,0,246388,5998936,157092,5220956,89296,777980,1048576,1048576,0,0,45900,0,6224344,522012,203688,104280,809704,104280,705424,27504,45608,0,0,0,65946132,9238100,34359738367,531072,0,72640,0,1126400,0,0,0,0,0,0,0,0,2048,0,488720,40308736,95420416
1744061932.001334,600004,21131157,0,131892268,122440400,122307188,0,1071232,0,246388,5999056,157092,5221076,89296,777980,1048576,1048576,0,0,45916,0,6224568,522012,203688,104280,809704,104280,705424,27504,45608,0,0,0,65946132,9238100,34359738367,531072,0,72640,0,1126400,0,0,0,0,0,0,0,0,2048,0,488720,40308736,95420416
1744061933.001795,600004,21131157,0,131892268,122420648,122287540,0,1071488,0,246848,6018252,157548,5240064,89300,778188,1048576,1048576,0,0,46164,0,6243948,522020,203696,104280,809656,104280,705376,27504,45648,0,0,0,65946132,9258584,34359738367,531072,0,72640,0,1126400,0,0,0,0,0,0,0,0,2048,0,488720,40308736,95420416
1744061934.002199,600004,21131157,0,131892268,122420368,122287260,0,1071496,0,247488,6017876,158160,5239716,89328,778160,1048576,1048576,0,0,46172,0,6244256,522020,203696,104280,809656,104280,705376,27504,45652,0,0,0,65946132,9258584,34359738367,531072,0,72640,0,1126400,0,0,0,0,0,0,0,0,2048,0,488720,40308736,95420416
1744061935.001665,600004,21131157,0,131892268,122419668,122286584,0,1071500,0,248496,6018152,159168,5239944,89328,778208,1048576,1048576,0,0,45124,0,6244972,522020,203696,104280,809656,104280,705376,27504,45652,0,0,0,65946132,9258584,34359738367,531072,0,72640,0,1126400,0,0,0,0,0,0,0,0,2048,0,488720,40308736,95420416
1744061936.001756,600004,21131157,0,131892268,122418912,122285828,0,1071504,0,249044,6017940,159716,5239732,89328,778208,1048576,1048576,0,0,45128,0,6245740,522020,203696,104280,809656,104280,705376,27504,45652,0,0,0,65946132,9258584,34359738367,531072,0,72640,0,1126400,0,0,0,0,0,0,0,0,2048,0,488720,40308736,95420416
1744061937.002275,600004,21131157,0,131892268,122417932,122284848,0,1071508,0,249044,6018840,159716,5240632,89328,778208,1048576,1048576,0,0,45132,0,6246676,522020,203696,104280,809656,104280,705376,27504,45652,0,0,0,65946132,9258584,34359738367,531072,0,72640,0,1126400,0,0,0,0,0,0,0,0,2048,0,488720,40308736,95420416
1744061938.001692,600004,21131157,0,131892268,122417344,122284260,0,1071512,0,249244,6019120,159916,5240912,89328,778208,1048576,1048576,0,0,45136,0,6247228,522020,203696,104280,809656,104280,705376,27504,45652,0,0,0,65946132,9258584,34359738367,531072,0,72640,0,1126400,0,0,0,0,0,0,0,0,2048,0,488720,40308736,95420416
1744061939.002201,600004,21131157,0,131892268,122416560,122283484,0,1071528,0,249244,6019960,159916,5241740,89328,778220,1048576,1048576,0,0,45152,0,6247988,522020,203696,104280,809656,104280,705376,27504,45652,0,0,0,65946132,9258584,34359738367,531072,0,72640,0,1126400,0,0,0,0,0,0,0,0,2048,0,488720,40308736,95420416
1744061940.012590,600004,21131157,0,131892268,122415892,122282816,0,1071536,0,249300,6020564,159972,5242344,89328,778220,1048576,1048576,0,0,44924,0,6248688,522020,203696,104280,809680,104280,705400,27504,45652,0,0,0,65946132,9258584,34359738367,531072,0,72640,0,1126400,0,0,0,0,0,0,0,0,2048,0,488720,40308736,95420416
1744061941.001172,600004,21131157,0,131892268,123065516,122957068,0,1121120,0,253020,5362524,160852,4537888,92168,824636,1048576,1048576,0,0,57988,0,5544936,522808,203744,104280,813440,104280,709160,27504,44392,0,0,0,65946132,8482028,34359738367,531072,0,72640,0,1126400,0,0,0,0,0,0,0,0,2048,0,488720,40308736,95420416
1744061942.001247,600004,21131157,0,131892268,123090904,122982692,0,1121372,0,253592,5337692,161364,4512676,92228,825016,1048576,1048576,0,0,57992,0,5519692,522952,203764,104312,813440,104312,709128,27520,44032,0,0,0,65946132,8456368,34359738367,531072,0,72640,0,1126400,0,0,0,0,0,0,0,0,2048,0,488720,40308736,95420416
1744061943.001569,600004,21131157,0,131892268,123090932,122982720,0,1121372,0,253592,5337692,161364,4512676,92228,825016,1048576,1048576,0,0,57992,0,5519692,522952,203764,104312,813440,104312,709128,27520,44032,0,0,0,65946132,8456368,34359738367,531072,0,72640,0,1126400,0,0,0,0,0,0,0,0,2048,0,488720,40308736,95420416
1744061944.001932,600004,21131157,0,131892268,123090932,122982720,0,1121372,0,253592,5337692,161364,4512676,92228,825016,1048576,1048576,0,0,57992,0,5519692,522952,203764,104312,813440,104312,709128,27520,44032,0,0,0,65946132,8456368,34359738367,531072,0,72640,0,1126400,0,0,0,0,0,0,0,0,2048,0,488720,40308736,95420416
1744061945.001986,600004,21131157,0,131892268,123089700,122982080,0,1122668,0,253592,5338892,161364,4512692,92228,826200,1048576,1048576,0,0,57916,0,5519720,523960,203764,104312,813440,104312,709128,27520,44096,0,0,0,65946132,8456368,34359738367,531072,0,72640,0,1126400,0,0,0,0,0,0,0,0,2048,0,488720,40308736,95420416
1744061946.000940,600004,21131157,0,131892268,123089700,122982080,0,1122668,0,253592,5338892,161364,4512692,92228,826200,1048576,1048576,0,0,57916,0,5519724,523960,203764,104312,813440,104312,709128,27520,44096,0,0,0,65946132,8456368,34359738367,531072,0,72640,0,1126400,0,0,0,0,0,0,0,0,2048,0,488720,40308736,95420416
1744061947.001298,600004,21131157,0,131892268,123089672,122982052,0,1122668,0,253592,5338892,161364,4512692,92228,826200,1048576,1048576,0,0,57916,0,5519724,523960,203764,104312,813440,104312,709128,27520,44096,0,0,0,65946132,8456368,34359738367,531072,0,72640,0,1126400,0,0,0,0,0,0,0,0,2048,0,488720,40308736,95420416
1744061948.001350,600004,21131157,0,131892268,123089672,122982052,0,1122668,0,253592,5338892,161364,4512692,92228,826200,1048576,1048576,0,0,57916,0,5519724,523960,203764,104312,813440,104312,709128,27520,44096,0,0,0,65946132,8456368,34359738367,531072,0,72640,0,1126400,0,0,0,0,0,0,0,0,2048,0,488720,40308736,95420416
1744061949.001635,600004,21131157,0,131892268,123089672,122982052,0,1122668,0,253592,5338892,161364,4512692,92228,826200,1048576,1048576,0,0,57916,0,5519724,523960,203764,104312,813440,104312,709128,27520,44096,0,0,0,65946132,8456368,34359738367,531072,0,72640,0,1126400,0,0,0,0,0,0,0,0,2048,0,488720,40308736,95420416
1744061950.002020,600004,21131157,0,131892268,123089672,122982052,0,1122668,0,253592,5338892,161364,4512692,92228,826200,1048576,1048576,0,0,30200,0,5519724,523960,203764,104312,813440,104312,709128,27520,44096,0,0,0,65946132,8456368,34359738367,531072,0,72640,0,1126400,0,0,0,0,0,0,0,0,2048,0,488720,40308736,95420416
1744061951.001467,600004,21131157,0,131892268,123089672,122982052,0,1122668,0,253592,5338892,161364,4512692,92228,826200,1048576,1048576,0,0,30200,0,5519724,523960,203764,104312,813440,104312,709128,27520,44096,0,0,0,65946132,8456368,34359738367,531072,0,72640,0,1126400,0,0,0,0,0,0,0,0,2048,0,488720,40308736,95420416
1744061952.001611,600004,21131157,0,131892268,123089672,122982076,0,1122668,0,253620,5338912,161364,4512692,92256,826220,1048576,1048576,0,0,30200,0,5519724,523960,203764,104312,813440,104312,709128,27504,44096,0,0,0,65946132,8456368,34359738367,531072,0,72640,0,1126400,0,0,0,0,0,0,0,0,2048,0,488720,40308736,95420416
1744061953.001938,600004,21131157,0,131892268,123089672,122982076,0,1122668,0,253620,5338912,161364,4512692,92256,826220,1048576,1048576,0,0,30200,0,5519724,523960,203764,104312,813440,104312,709128,27504,44096,0,0,0,65946132,8456368,34359738367,531072,0,72640,0,1126400,0,0,0,0,0,0,0,0,2048,0,488720,40308736,95420416
1744061954.002078,600004,21131157,0,131892268,123089672,122982076,0,1122668,0,253620,5338908,161364,4512688,92256,826220,1048576,1048576,0,0,30200,0,5519724,523960,203764,104312,813440,104312,709128,27504,44096,0,0,0,65946132,8456368,34359738367,531072,0,72640,0,1126400,0,0,0,0,0,0,0,0,2048,0,488720,40308736,95420416
1744061955.001400,600004,21131157,0,131892268,123089672,122982076,0,1122668,0,253620,5338908,161364,4512688,92256,826220,1048576,1048576,0,0,2484,0,5519724,523960,203764,104312,813440,104312,709128,27504,44096,0,0,0,65946132,8456368,34359738367,531072,0,72640,0,1126400,0,0,0,0,0,0,0,0,2048,0,488720,40308736,95420416
1744061956.001552,600004,21131157,0,131892268,123089672,122982076,0,1122668,0,253620,5338908,161364,4512688,92256,826220,1048576,1048576,0,0,2484,0,5519724,523960,203764,104312,813440,104312,709128,27504,44096,0,0,0,65946132,8456368,34359738367,531072,0,72640,0,1126400,0,0,0,0,0,0,0,0,2048,0,488720,40308736,95420416
1744061957.001865,600004,21131157,0,131892268,123089672,122982076,0,1122668,0,253620,5338908,161364,4512688,92256,826220,1048576,1048576,0,0,2484,0,5519724,523960,203764,104312,813440,104312,709128,27504,44096,0,0,0,65946132,8456368,34359738367,531072,0,72640,0,1126400,0,0,0,0,0,0,0,0,2048,0,488720,40308736,95420416
1744061958.002017,600004,21131157,0,131892268,123089672,122982076,0,1122668,0,253620,5338908,161364,4512688,92256,826220,1048576,1048576,0,0,2484,0,5519724,523960,203764,104312,813440,104312,709128,27504,44096,0,0,0,65946132,8456368,34359738367,531072,0,72640,0,1126400,0,0,0,0,0,0,0,0,2048,0,488720,40308736,95420416
1744061959.001323,600004,21131157,0,131892268,123089672,122982076,0,1122668,0,253620,5338908,161364,4512688,92256,826220,1048576,1048576,0,0,2484,0,5519724,523960,203764,104312,813440,104312,709128,27504,44096,0,0,0,65946132,8456368,34359738367,531072,0,72640,0,1126400,0,0,0,0,0,0,0,0,2048,0,488720,40308736,95420416
1744061960.012712,600004,21131157,0,131892268,123089672,122982076,0,1122668,0,253620,5338908,161364,4512688,92256,826220,1048576,1048576,0,0,2484,0,5519724,523960,203764,104312,813440,104312,709128,27504,44096,0,0,0,65946132,8456368,34359738367,531072,0,72640,0,1126400,0,0,0,0,0,0,0,0,2048,0,488720,40308736,95420416
1744061961.002060,600004,21131157,0,131892268,123089672,122982076,0,1122668,0,253620,5338908,161364,4512688,92256,826220,1048576,1048576,0,0,2464,0,5519724,523960,203764,104312,813440,104312,709128,27504,44096,0,0,0,65946132,8456368,34359738367,531072,0,72640,0,1126400,0,0,0,0,0,0,0,0,2048,0,488720,40308736,95420416
1744061962.001112,600004,21131157,0,131892268,123089672,122982076,0,1122668,0,253620,5338908,161364,4512688,92256,826220,1048576,1048576,0,0,2464,0,5519724,523960,203764,104312,813440,104312,709128,27504,44096,0,0,0,65946132,8456368,34359738367,531072,0,72640,0,1126400,0,0,0,0,0,0,0,0,2048,0,488720,40308736,95420416
1744061963.001390,600004,21131157,0,131892268,123089672,122982076,0,1122668,0,253620,5338908,161364,4512688,92256,826220,1048576,1048576,0,0,2464,0,5519724,523960,203764,104312,813440,104312,709128,27504,44096,0,0,0,65946132,8456368,34359738367,531072,0,72640,0,1126400,0,0,0,0,0,0,0,0,2048,0,488720,40308736,95420416
1744061964.001740,600004,21131157,0,131892268,123089672,122982076,0,1122668,0,253620,5338908,161364,4512688,92256,826220,1048576,1048576,0,0,2464,0,5519724,523960,203764,104312,813440,104312,709128,27504,44096,0,0,0,65946132,8456368,34359738367,531072,0,72640,0,1126400,0,0,0,0,0,0,0,0,2048,0,488720,40308736,95420416
1744061965.001792,600004,21131157,0,131892268,123089672,122982076,0,1122668,0,253620,5338908,161364,4512688,92256,826220,1048576,1048576,0,0,952,140,5519724,523960,203764,104312,813440,104312,709128,27504,44096,0,0,0,65946132,8456368,34359738367,531072,0,72640,0,1126400,0,0,0,0,0,0,0,0,2048,0,488720,40308736,95420416
1744061966.002075,600004,21131157,0,131892268,123089672,122982076,0,1122668,0,253620,5338908,161364,4512688,92256,826220,1048576,1048576,0,0,452,0,5519724,523960,203764,104312,813440,104312,709128,27504,44096,0,0,0,65946132,8456368,34359738367,531072,0,72640,0,1126400,0,0,0,0,0,0,0,0,2048,0,488720,40308736,95420416
1744061967.001428,600004,21131157,0,131892268,123089672,122982076,0,1122668,0,253620,5338908,161364,4512688,92256,826220,1048576,1048576,0,0,452,0,5519724,523960,203764,104312,813440,104312,709128,27504,44096,0,0,0,65946132,8456368,34359738367,531072,0,72640,0,1126400,0,0,0,0,0,0,0,0,2048,0,488720,40308736,95420416
1744061968.001489,600004,21131157,0,131892268,123089672,122982076,0,1122668,0,253620,5338908,161364,4512688,92256,826220,1048576,1048576,0,0,452,0,5519724,523960,203764,104312,813440,104312,709128,27504,44096,0,0,0,65946132,8456368,34359738367,531072,0,72640,0,1126400,0,0,0,0,0,0,0,0,2048,0,488720,40308736,95420416
1744061969.001762,600004,21131157,0,131892268,123089672,122982076,0,1122668,0,253620,5338908,161364,4512688,92256,826220,1048576,1048576,0,0,452,0,5519724,523960,203764,104312,813440,104312,709128,27504,44096,0,0,0,65946132,8456368,34359738367,531072,0,72640,0,1126400,0,0,0,0,0,0,0,0,2048,0,488720,40308736,95420416
1744061970.002117,600004,21131157,0,131892268,123089672,122982076,0,1122668,0,253620,5338908,161364,4512688,92256,826220,1048576,1048576,0,0,452,0,5519724,523960,203764,104312,813440,104312,709128,27504,44096,0,0,0,65946132,8456368,34359738367,531072,0,72640,0,1126400,0,0,0,0,0,0,0,0,2048,0,488720,40308736,95420416
1744061971.001191,600004,21131157,0,131892268,123089832,122982236,0,1122668,0,253620,5338908,161364,4512688,92256,826220,1048576,1048576,0,0,448,0,5519724,523960,203764,104312,813280,104312,708968,27504,44096,0,0,0,65946132,8456368,34359738367,531072,0,72640,0,1126400,0,0,0,0,0,0,0,0,2048,0,488720,40308736,95420416
1744061972.001350,600004,21131157,0,131892268,123089832,122982236,0,1122668,0,253620,5338908,161364,4512688,92256,826220,1048576,1048576,0,0,448,0,5519724,523960,203764,104312,813280,104312,708968,27504,44096,0,0,0,65946132,8456368,34359738367,531072,0,72640,0,1126400,0,0,0,0,0,0,0,0,2048,0,488720,40308736,95420416
1744061973.001663,600004,21131157,0,131892268,123089832,122982236,0,1122668,0,253620,5338908,161364,4512688,92256,826220,1048576,1048576,0,0,448,0,5519724,523960,203764,104312,813280,104312,708968,27504,44096,0,0,0,65946132,8456368,34359738367,531072,0,72640,0,1126400,0,0,0,0,0,0,0,0,2048,0,488720,40308736,95420416
1744061974.001821,600004,21131157,0,131892268,123089832,122982236,0,1122668,0,253620,5338908,161364,4512688,92256,826220,1048576,1048576,0,0,448,0,5519724,523960,203764,104312,813280,104312,708968,27504,44096,0,0,0,65946132,8456368,34359738367,531072,0,72640,0,1126400,0,0,0,0,0,0,0,0,2048,0,488720,40308736,95420416
1744061975.002146,600004,21131157,0,131892268,123089832,122982236,0,1122668,0,253620,5338908,161364,4512688,92256,826220,1048576,1048576,0,0,448,0,5519724,523960,203764,104312,813280,104312,708968,27504,44096,0,0,0,65946132,8456368,34359738367,531072,0,72640,0,1126400,0,0,0,0,0,0,0,0,2048,0,488720,40308736,95420416
1744061976.001305,600004,21131157,0,131892268,123089832,122982236,0,1122668,0,253620,5338908,161364,4512688,92256,826220,1048576,1048576,0,0,0,0,5519724,523960,203764,104312,813280,104312,708968,27504,44096,0,0,0,65946132,8456368,34359738367,531072,0,72640,0,1126400,0,0,0,0,0,0,0,0,2048,0,488720,40308736,95420416
1744061977.001622,600004,21131157,0,131892268,123089832,122982236,0,1122668,0,253620,5338908,161364,4512688,92256,826220,1048576,1048576,0,0,0,0,5519724,523960,203764,104312,813280,104312,708968,27504,44096,0,0,0,65946132,8456368,34359738367,531072,0,72640,0,1126400,0,0,0,0,0,0,0,0,2048,0,488720,40308736,95420416
1744061978.001786,600004,21131157,0,131892268,123089832,122982236,0,1122668,0,253620,5338908,161364,4512688,92256,826220,1048576,1048576,0,0,0,0,5519724,523960,203764,104312,813280,104312,708968,27504,44096,0,0,0,65946132,8456368,34359738367,531072,0,72640,0,1126400,0,0,0,0,0,0,0,0,2048,0,488720,40308736,95420416
1744061979.002101,600004,21131157,0,131892268,123089832,122982236,0,1122668,0,253620,5338908,161364,4512688,92256,826220,1048576,1048576,0,0,0,0,5519724,523960,203764,104312,813280,104312,708968,27504,44096,0,0,0,65946132,8456368,34359738367,531072,0,72640,0,1126400,0,0,0,0,0,0,0,0,2048,0,488720,40308736,95420416
1744061980.010997,600004,21131157,0,131892268,123089832,122982236,0,1122668,0,253620,5338908,161364,4512688,92256,826220,1048576,1048576,0,0,0,0,5519724,523960,203764,104312,813280,104312,708968,27504,44096,0,0,0,65946132,8456368,34359738367,531072,0,72640,0,1126400,0,0,0,0,0,0,0,0,2048,0,488720,40308736,95420416
1744061981.001343,600004,21131157,0,131892268,123089832,122982236,0,1122668,0,253620,5338908,161364,4512688,92256,826220,1048576,1048576,0,0,0,0,5519724,523960,203764,104312,813280,104312,708968,27504,44096,0,0,0,65946132,8456368,34359738367,531072,0,72640,0,1126400,0,0,0,0,0,0,0,0,2048,0,488720,40308736,95420416
1744061982.001395,600004,21131157,0,131892268,123089832,122982236,0,1122668,0,253620,5338908,161364,4512688,92256,826220,1048576,1048576,0,0,0,0,5519724,523960,203764,104312,813280,104312,708968,27504,44096,0,0,0,65946132,8456368,34359738367,531072,0,72640,0,1126400,0,0,0,0,0,0,0,0,2048,0,488720,40308736,95420416
1744061983.001662,600004,21131157,0,131892268,123089832,122982236,0,1122668,0,253620,5338908,161364,4512688,92256,826220,1048576,1048576,0,0,0,0,5519724,523960,203764,104312,813280,104312,708968,27504,44096,0,0,0,65946132,8456368,34359738367,531072,0,72640,0,1126400,0,0,0,0,0,0,0,0,2048,0,488720,40308736,95420416
1744061984.002029,600004,21131157,0,131892268,123089832,122982236,0,1122668,0,253620,5338908,161364,4512688,92256,826220,1048576,1048576,0,0,0,0,5519724,523960,203764,104312,813280,104312,708968,27504,44096,0,0,0,65946132,8456368,34359738367,531072,0,72640,0,1126400,0,0,0,0,0,0,0,0,2048,0,488720,40308736,95420416
1744061985.001079,600004,21131157,0,131892268,123089832,122982236,0,1122668,0,253620,5338908,161364,4512688,92256,826220,1048576,1048576,0,0,0,0,5519724,523960,203764,104312,813280,104312,708968,27504,44096,0,0,0,65946132,8456368,34359738367,531072,0,72640,0,1126400,0,0,0,0,0,0,0,0,2048,0,488720,40308736,95420416
1744061986.001346,600004,21131157,0,131892268,123089832,122982236,0,1122668,0,253620,5338908,161364,4512688,92256,826220,1048576,1048576,0,0,0,0,5519724,523960,203764,104312,813280,104312,708968,27504,44096,0,0,0,65946132,8456368,34359738367,531072,0,72640,0,1126400,0,0,0,0,0,0,0,0,2048,0,488720,40308736,95420416
1744061987.001709,600004,21131157,0,131892268,123089832,122982236,0,1122668,0,253620,5338908,161364,4512688,92256,826220,1048576,1048576,0,0,0,0,5519724,523960,203764,104312,813280,104312,708968,27504,44096,0,0,0,65946132,8456368,34359738367,531072,0,72640,0,1126400,0,0,0,0,0,0,0,0,2048,0,488720,40308736,95420416
1744061988.001762,600004,21131157,0,131892268,123089832,122982236,0,1122668,0,253620,5338908,161364,4512688,92256,826220,1048576,1048576,0,0,0,0,5519724,523960,203764,104312,813280,104312,708968,27504,44096,0,0,0,65946132,8456368,34359738367,531072,0,72640,0,1126400,0,0,0,0,0,0,0,0,2048,0,488720,40308736,95420416
1744061989.002028,600004,21131157,0,131892268,123089832,122982236,0,1122668,0,253620,5338908,161364,4512688,92256,826220,1048576,1048576,0,0,0,0,5519724,523960,203764,104312,813280,104312,708968,27504,44096,0,0,0,65946132,8456368,34359738367,531072,0,72640,0,1126400,0,0,0,0,0,0,0,0,2048,0,488720,40308736,95420416
1744061990.001380,600004,21131157,0,131892268,123089832,122982236,0,1122668,0,253620,5338908,161364,4512688,92256,826220,1048576,1048576,0,0,0,0,5519724,523960,203764,104312,813280,104312,708968,27504,44096,0,0,0,65946132,8456368,34359738367,531072,0,72640,0,1126400,0,0,0,0,0,0,0,0,2048,0,488720,40308736,95420416
1744061991.001950,600004,21131157,0,131892268,123089832,122982236,0,1122668,0,253620,5338908,161364,4512688,92256,826220,1048576,1048576,0,0,0,0,5519724,523960,203764,104312,813280,104312,708968,27504,44096,0,0,0,65946132,8456368,34359738367,531072,0,72640,0,1126400,0,0,0,0,0,0,0,0,2048,0,488720,40308736,95420416
1744061992.002084,600004,21131157,0,131892268,123089832,122982236,0,1122668,0,253620,5338908,161364,4512688,92256,826220,1048576,1048576,0,0,0,0,5519724,523960,203764,104312,813280,104312,708968,27504,44096,0,0,0,65946132,8456368,34359738367,531072,0,72640,0,1126400,0,0,0,0,0,0,0,0,2048,0,488720,40308736,95420416
1744061993.001390,600004,21131157,0,131892268,123089832,122982236,0,1122668,0,253620,5338908,161364,4512688,92256,826220,1048576,1048576,0,0,0,0,5519724,523960,203764,104312,813280,104312,708968,27504,44096,0,0,0,65946132,8456368,34359738367,531072,0,72640,0,1126400,0,0,0,0,0,0,0,0,2048,0,488720,40308736,95420416
1744061994.001525,600004,21131157,0,131892268,123089832,122982236,0,1122668,0,253620,5338908,161364,4512688,92256,826220,1048576,1048576,0,0,0,0,5519724,523960,203764,104312,813280,104312,708968,27504,44096,0,0,0,65946132,8456368,34359738367,531072,0,72640,0,1126400,0,0,0,0,0,0,0,0,2048,0,488720,40308736,95420416
1744061995.001846,600004,21131157,0,131892268,123089832,122982236,0,1122668,0,253620,5338908,161364,4512688,92256,826220,1048576,1048576,0,0,0,0,5519724,523960,203764,104312,813280,104312,708968,27504,44096,0,0,0,65946132,8456368,34359738367,531072,0,72640,0,1126400,0,0,0,0,0,0,0,0,2048,0,488720,40308736,95420416
1744061996.001996,600004,21131157,0,131892268,123089832,122982236,0,1122668,0,253620,5338908,161364,4512688,92256,826220,1048576,1048576,0,0,0,0,5519724,523960,203764,104312,813280,104312,708968,27504,44096,0,0,0,65946132,8456368,34359738367,531072,0,72640,0,1126400,0,0,0,0,0,0,0,0,2048,0,488720,40308736,95420416
1744061997.001303,600004,21131157,0,131892268,123089832,122982236,0,1122668,0,253620,5338912,161364,4512692,92256,826220,1048576,1048576,0,0,0,0,5519724,523960,203764,104312,813280,104312,708968,27504,44096,0,0,0,65946132,8456368,34359738367,531056,0,72640,0,1126400,0,0,0,0,0,0,0,0,2048,0,488720,40308736,95420416
1744061998.001442,600004,21131157,0,131892268,123089860,122982264,0,1122668,0,253620,5338912,161364,4512692,92256,826220,1048576,1048576,0,0,0,0,5519724,523960,203764,104312,813280,104312,708968,27504,44096,0,0,0,65946132,8456368,34359738367,531056,0,72640,0,1126400,0,0,0,0,0,0,0,0,2048,0,488720,40308736,95420416
1744061999.001747,600004,21131157,0,131892268,123089860,122982264,0,1122668,0,253620,5338912,161364,4512692,92256,826220,1048576,1048576,0,0,0,0,5519724,523960,203764,104312,813280,104312,708968,27504,44096,0,0,0,65946132,8456368,34359738367,531056,0,72640,0,1126400,0,0,0,0,0,0,0,0,2048,0,488720,40308736,95420416
1744062000.013015,600004,21131157,0,131892268,123089860,122982264,0,1122668,0,253620,5338912,161364,4512692,92256,826220,1048576,1048576,0,0,0,0,5519724,523960,203764,104312,813280,104312,708968,27504,44096,0,0,0,65946132,8456368,34359738367,531056,0,72640,0,1126400,0,0,0,0,0,0,0,0,2048,0,488720,40308736,95420416
1744062001.001355,600004,21131157,0,131892268,123089860,122982264,0,1122668,0,253620,5338912,161364,4512692,92256,826220,1048576,1048576,0,0,0,0,5519724,523960,203764,104312,813280,104312,708968,27504,44096,0,0,0,65946132,8456368,34359738367,531056,0,72640,0,1126400,0,0,0,0,0,0,0,0,2048,0,488720,40308736,95420416
1744062002.000916,600004,21131157,0,131892268,123089868,122982272,0,1122668,0,253620,5338912,161364,4512692,92256,826220,1048576,1048576,0,0,0,0,5519724,523960,203764,104312,813272,104312,708960,27504,44096,0,0,0,65946132,8456368,34359738367,531056,0,72640,0,1126400,0,0,0,0,0,0,0,0,2048,0,488720,40308736,95420416
1744062003.001197,600004,21131157,0,131892268,123089868,122982272,0,1122668,0,253620,5338912,161364,4512692,92256,826220,1048576,1048576,0,0,0,0,5519724,523960,203764,104312,813272,104312,708960,27504,44096,0,0,0,65946132,8456368,34359738367,531056,0,72640,0,1126400,0,0,0,0,0,0,0,0,2048,0,488720,40308736,95420416
1744062004.001553,600004,21131157,0,131892268,123089868,122982272,0,1122668,0,253620,5338912,161364,4512692,92256,826220,1048576,1048576,0,0,0,0,5519724,523960,203764,104312,813272,104312,708960,27504,44096,0,0,0,65946132,8456368,34359738367,531056,0,72640,0,1126400,0,0,0,0,0,0,0,0,2048,0,488720,40308736,95420416
1744062005.001625,600004,21131157,0,131892268,123089868,122982272,0,1122668,0,253620,5338912,161364,4512692,92256,826220,1048576,1048576,0,0,0,0,5519724,523960,203764,104312,813272,104312,708960,27504,44096,0,0,0,65946132,8456368,34359738367,531056,0,72640,0,1126400,0,0,0,0,0,0,0,0,2048,0,488720,40308736,95420416
1744062006.001924,600004,21131157,0,131892268,123089868,122982272,0,1122668,0,253620,5338912,161364,4512692,92256,826220,1048576,1048576,0,0,0,0,5519724,523960,203764,104312,813272,104312,708960,27504,44096,0,0,0,65946132,8456368,34359738367,531056,0,72640,0,1126400,0,0,0,0,0,0,0,0,2048,0,488720,40308736,95420416
1744062007.000846,600004,21131157,0,131892268,123089868,122982272,0,1122668,0,253620,5338912,161364,4512692,92256,826220,1048576,1048576,0,0,0,0,5519724,523960,203764,104312,813272,104312,708960,27504,44096,0,0,0,65946132,8456368,34359738367,531056,0,72640,0,1126400,0,0,0,0,0,0,0,0,2048,0,488720,40308736,95420416
1744062008.001909,600004,21131157,0,131892268,123089868,122982272,0,1122668,0,253620,5338912,161364,4512692,92256,826220,1048576,1048576,0,0,0,0,5519724,523960,203764,104312,813272,104312,708960,27504,44096,0,0,0,65946132,8456368,34359738367,531056,0,72640,0,1126400,0,0,0,0,0,0,0,0,2048,0,488720,40308736,95420416
1744062009.000945,600004,21131157,0,131892268,123089868,122982272,0,1122668,0,253620,5338912,161364,4512692,92256,826220,1048576,1048576,0,0,0,0,5519724,523960,203764,104312,813272,104312,708960,27504,44096,0,0,0,65946132,8456368,34359738367,531056,0,72640,0,1126400,0,0,0,0,0,0,0,0,2048,0,488720,40308736,95420416
1744062010.001068,600004,21131157,0,131892268,123089868,122982272,0,1122668,0,253620,5338912,161364,4512692,92256,826220,1048576,1048576,0,0,0,0,5519724,523960,203764,104312,813272,104312,708960,27504,44096,0,0,0,65946132,8456368,34359738367,531056,0,72640,0,1126400,0,0,0,0,0,0,0,0,2048,0,488720,40308736,95420416
1744062011.001018,600004,21131157,0,131892268,123089868,122982272,0,1122668,0,253620,5338912,161364,4512692,92256,826220,1048576,1048576,0,0,0,0,5519724,523960,203764,104312,813272,104312,708960,27504,44096,0,0,0,65946132,8456368,34359738367,531056,0,72640,0,1126400,0,0,0,0,0,0,0,0,2048,0,488720,40308736,95420416
1744062012.000950,600004,21131157,0,131892268,123062024,122960048,0,1132116,0,259296,5355672,161400,4525640,97896,830032,1048576,1048576,0,0,0,0,5532856,526920,203764,106104,815108,106104,709004,28032,46116,0,0,0,65946132,8479388,34359738367,531488,0,72640,0,1126400,0,0,0,0,0,0,0,0,2048,0,488720,40308736,95420416
1744062013.001019,600004,21131157,0,131892268,123066156,122966756,0,1136016,0,262148,5350608,161432,4519496,100716,831112,1048576,1048576,0,0,0,0,5526644,523856,203764,107352,816744,107352,709392,27616,44740,0,0,0,65946132,8489580,34359738367,531216,0,72640,0,1126400,0,0,0,0,0,0,0,0,2048,0,488720,40308736,95420416
1744062014.000946,600004,21131157,0,131892268,123064192,122965136,0,1136520,0,263372,5349096,161424,4518720,101948,830376,1048576,1048576,0,0,0,0,5525892,524128,203768,107544,817064,107544,709520,27632,44164,0,0,0,65946132,8500904,34359738367,531216,0,72640,0,1126400,0,0,0,0,0,0,0,0,2048,0,488720,40308736,95420416
1744062015.001022,600004,21131157,0,131892268,123062608,122965064,0,1139868,0,263452,5351532,161436,4517876,102016,833656,1048576,1048576,0,0,0,0,5524684,527644,203768,107224,816852,107224,709628,27568,44356,0,0,0,65946132,8493164,34359738367,531168,0,72640,0,1126400,0,0,0,0,0,0,0,0,2048,0,488720,40308736,95420416
1744062016.000948,600004,21131157,0,131892268,123067460,122969992,0,1140012,0,263464,5346692,161424,4512912,102040,833780,1048576,1048576,0,0,0,0,5519752,523960,203764,107224,816860,107224,709636,27504,44096,0,0,0,65946132,8493164,34359738367,531136,0,72640,0,1126400,0,0,0,0,0,0,0,0,2048,0,488720,40308736,95420416
1744062017.001019,600004,21131157,0,131892268,123067524,122970056,0,1140012,0,263464,5346692,161424,4512912,102040,833780,1048576,1048576,0,0,0,0,5519752,523960,203764,107224,816860,107224,709636,27504,44096,0,0,0,65946132,8493164,34359738367,531136,0,72640,0,1126400,0,0,0,0,0,0,0,0,2048,0,488720,40308736,95420416
1744062018.000947,600004,21131157,0,131892268,123067552,122970084,0,1140012,0,263464,5346692,161424,4512912,102040,833780,1048576,1048576,0,0,0,0,5519752,523960,203764,107224,816860,107224,709636,27504,44096,0,0,0,65946132,8493164,34359738367,531136,0,72640,0,1126400,0,0,0,0,0,0,0,0,2048,0,488720,40308736,95420416
1744062019.001022,600004,21131157,0,131892268,123067656,122970188,0,1140012,0,263464,5346692,161424,4512912,102040,833780,1048576,1048576,0,0,0,0,5519752,523960,203764,107224,816868,107224,709644,27504,44096,0,0,0,65946132,8493164,34359738367,531136,0,72640,0,1126400,0,0,0,0,0,0,0,0,2048,0,488720,40308736,95420416
1744062020.011779,600004,21131157,0,131892268,123067664,122970196,0,1140012,0,263464,5346692,161424,4512912,102040,833780,1048576,1048576,0,0,0,0,5519752,523960,203764,107224,816868,107224,709644,27504,44096,0,0,0,65946132,8493164,34359738367,531136,0,72640,0,1126400,0,0,0,0,0,0,0,0,2048,0,488720,40308736,95420416
1744062021.002071,600004,21131157,0,131892268,123067664,122970196,0,1140012,0,263464,5346692,161424,4512912,102040,833780,1048576,1048576,0,0,0,0,5519752,523960,203764,107224,816868,107224,709644,27504,44096,0,0,0,65946132,8493164,34359738367,531136,0,72640,0,1126400,0,0,0,0,0,0,0,0,2048,0,488720,40308736,95420416
1744062022.000899,600004,21131157,0,131892268,123067664,122970196,0,1140012,0,263464,5346692,161424,4512912,102040,833780,1048576,1048576,0,0,0,0,5519752,523960,203764,107224,816868,107224,709644,27504,44096,0,0,0,65946132,8493164,34359738367,531136,0,72640,0,1126400,0,0,0,0,0,0,0,0,2048,0,488720,40308736,95420416
1744062023.000942,600004,21131157,0,131892268,123067664,122970196,0,1140012,0,263464,5346692,161424,4512912,102040,833780,1048576,1048576,0,0,0,0,5519752,523960,203764,107224,816868,107224,709644,27504,44096,0,0,0,65946132,8493164,34359738367,531136,0,72640,0,1126400,0,0,0,0,0,0,0,0,2048,0,488720,40308736,95420416
1744062024.001057,600004,21131157,0,131892268,123067664,122970196,0,1140012,0,263464,5346692,161424,4512912,102040,833780,1048576,1048576,0,0,0,0,5519752,523960,203764,107224,816868,107224,709644,27504,44096,0,0,0,65946132,8493164,34359738367,531136,0,72640,0,1126400,0,0,0,0,0,0,0,0,2048,0,488720,40308736,95420416
1744062025.000900,600004,21131157,0,131892268,123067692,122970224,0,1140012,0,263464,5346692,161424,4512912,102040,833780,1048576,1048576,0,0,0,0,5519752,523960,203764,107224,816868,107224,709644,27504,44096,0,0,0,65946132,8493164,34359738367,531136,0,72640,0,1126400,0,0,0,0,0,0,0,0,2048,0,488720,40308736,95420416
1744062026.000943,600004,21131157,0,131892268,123067692,122970224,0,1140012,0,263464,5346692,161424,4512912,102040,833780,1048576,1048576,0,0,0,0,5519752,523960,203764,107224,816868,107224,709644,27504,44096,0,0,0,65946132,8493164,34359738367,531136,0,72640,0,1126400,0,0,0,0,0,0,0,0,2048,0,488720,40308736,95420416
1744062027.001063,600004,21131157,0,131892268,123067692,122970224,0,1140012,0,263464,5346692,161424,4512912,102040,833780,1048576,1048576,0,0,0,0,5519752,523960,203764,107224,816868,107224,709644,27504,44096,0,0,0,65946132,8493164,34359738367,531136,0,72640,0,1126400,0,0,0,0,0,0,0,0,2048,0,488720,40308736,95420416
1744062028.000901,600004,21131157,0,131892268,123067692,122970224,0,1140012,0,263464,5346692,161424,4512912,102040,833780,1048576,1048576,0,0,0,0,5519752,523960,203764,107224,816868,107224,709644,27504,44096,0,0,0,65946132,8493164,34359738367,531136,0,72640,0,1126400,0,0,0,0,0,0,0,0,2048,0,488720,40308736,95420416
1744062029.000941,600004,21131157,0,131892268,123067692,122970224,0,1140012,0,263464,5346692,161424,4512912,102040,833780,1048576,1048576,0,0,0,0,5519756,523960,203764,107224,816868,107224,709644,27504,44096,0,0,0,65946132,8493164,34359738367,531136,0,72640,0,1126400,0,0,0,0,0,0,0,0,2048,0,488720,40308736,95420416
1744062030.001064,600004,21131157,0,131892268,123067692,122970224,0,1140012,0,263464,5346692,161424,4512912,102040,833780,1048576,1048576,0,0,0,0,5519756,523960,203764,107224,816868,107224,709644,27504,44096,0,0,0,65946132,8493164,34359738367,531136,0,72640,0,1126400,0,0,0,0,0,0,0,0,2048,0,488720,40308736,95420416
1744062031.002030,600004,21131157,0,131892268,123067748,122970280,0,1140012,0,263464,5346692,161424,4512912,102040,833780,1048576,1048576,0,0,0,0,5519756,523960,203764,107224,816868,107224,709644,27504,44096,0,0,0,65946132,8493164,34359738367,531136,0,72640,0,1126400,0,0,0,0,0,0,0,0,2048,0,488720,40308736,95420416
1744062032.000941,600004,21131157,0,131892268,123067748,122970280,0,1140012,0,263464,5346692,161424,4512912,102040,833780,1048576,1048576,0,0,0,0,5519756,523960,203764,107224,816876,107224,709652,27504,44096,0,0,0,65946132,8493164,34359738367,531136,0,72640,0,1126400,0,0,0,0,0,0,0,0,2048,0,488720,40308736,95420416
1744062033.001018,600004,21131157,0,131892268,123067816,122970348,0,1140012,0,263464,5346692,161424,4512912,102040,833780,1048576,1048576,0,0,0,0,5519756,523960,203764,107224,816844,107224,709620,27504,44096,0,0,0,65946132,8493164,34359738367,531136,0,72640,0,1126400,0,0,0,0,0,0,0,0,2048,0,488720,40308736,95420416
1744062034.000942,600004,21131157,0,131892268,123067824,122970356,0,1140012,0,263464,5346692,161424,4512912,102040,833780,1048576,1048576,0,0,0,0,5519756,523960,203764,107224,816836,107224,709612,27504,44096,0,0,0,65946132,8493164,34359738367,531136,0,72640,0,1126400,0,0,0,0,0,0,0,0,2048,0,488720,40308736,95420416
1744062035.001021,600004,21131157,0,131892268,123067824,122970356,0,1140012,0,263464,5346692,161424,4512912,102040,833780,1048576,1048576,0,0,0,0,5519756,523960,203764,107224,816836,107224,709612,27504,44096,0,0,0,65946132,8493164,34359738367,531136,0,72640,0,1126400,0,0,0,0,0,0,0,0,2048,0,488720,40308736,95420416
1744062036.000943,600004,21131157,0,131892268,123067824,122970356,0,1140012,0,263464,5346692,161424,4512912,102040,833780,1048576,1048576,0,0,0,0,5519756,523960,203764,107224,816836,107224,709612,27504,44096,0,0,0,65946132,8493164,34359738367,531136,0,72640,0,1126400,0,0,0,0,0,0,0,0,2048,0,488720,40308736,95420416
1744062037.001019,600004,21131157,0,131892268,123067824,122970356,0,1140012,0,263464,5346692,161424,4512912,102040,833780,1048576,1048576,0,0,0,0,5519756,523960,203764,107224,816836,107224,709612,27504,44096,0,0,0,65946132,8493164,34359738367,531136,0,72640,0,1126400,0,0,0,0,0,0,0,0,2048,0,488720,40308736,95420416
1744062038.000942,600004,21131157,0,131892268,123067824,122970356,0,1140012,0,263464,5346692,161424,4512912,102040,833780,1048576,1048576,0,0,0,0,5519756,523960,203764,107224,816836,107224,709612,27504,44096,0,0,0,65946132,8493164,34359738367,531136,0,72640,0,1126400,0,0,0,0,0,0,0,0,2048,0,488720,40308736,95420416
1744062039.001021,600004,21131157,0,131892268,123067824,122970356,0,1140012,0,263464,5346692,161424,4512912,102040,833780,1048576,1048576,0,0,0,0,5519756,523960,203764,107224,816836,107224,709612,27504,44096,0,0,0,65946132,8493164,34359738367,531136,0,72640,0,1126400,0,0,0,0,0,0,0,0,2048,0,488720,40308736,95420416
1744062040.011815,600004,21131157,0,131892268,123067824,122970356,0,1140012,0,263464,5346692,161424,4512912,102040,833780,1048576,1048576,0,0,0,0,5519756,523960,203764,107224,816836,107224,709612,27504,44096,0,0,0,65946132,8493164,34359738367,531136,0,72640,0,1126400,0,0,0,0,0,0,0,0,2048,0,488720,40308736,95420416
1744062041.002061,600004,21131157,0,131892268,123067824,122970356,0,1140012,0,263464,5346692,161424,4512912,102040,833780,1048576,1048576,0,0,0,0,5519756,523960,203764,107224,816836,107224,709612,27504,44096,0,0,0,65946132,8493164,34359738367,531136,0,72640,0,1126400,0,0,0,0,0,0,0,0,2048,0,488720,40308736,95420416
1744062042.000903,600004,21131157,0,131892268,123067824,122970356,0,1140012,0,263464,5346692,161424,4512912,102040,833780,1048576,1048576,0,0,0,0,5519756,523960,203764,107224,816836,107224,709612,27504,44096,0,0,0,65946132,8493164,34359738367,531136,0,72640,0,1126400,0,0,0,0,0,0,0,0,2048,0,488720,40308736,95420416
1744062043.000944,600004,21131157,0,131892268,123067824,122970356,0,1140012,0,263464,5346692,161424,4512912,102040,833780,1048576,1048576,0,0,0,0,5519756,523960,203764,107224,816836,107224,709612,27504,44096,0,0,0,65946132,8493164,34359738367,531136,0,72640,0,1126400,0,0,0,0,0,0,0,0,2048,0,488720,40308736,95420416
1744062044.001060,600004,21131157,0,131892268,123067824,122970356,0,1140012,0,263464,5346692,161424,4512912,102040,833780,1048576,1048576,0,0,0,0,5519756,523960,203764,107224,816836,107224,709612,27504,44096,0,0,0,65946132,8493164,34359738367,531136,0,72640,0,1126400,0,0,0,0,0,0,0,0,2048,0,488720,40308736,95420416
1744062045.000903,600004,21131157,0,131892268,123067824,122970356,0,1140012,0,263464,5346692,161424,4512912,102040,833780,1048576,1048576,0,0,0,0,5519756,523960,203764,107224,816836,107224,709612,27504,44096,0,0,0,65946132,8493164,34359738367,531136,0,72640,0,1126400,0,0,0,0,0,0,0,0,2048,0,488720,40308736,95420416
1744062046.000948,600004,21131157,0,131892268,123067824,122970356,0,1140012,0,263464,5346692,161424,4512912,102040,833780,1048576,1048576,0,0,0,0,5519756,523960,203764,107224,816836,107224,709612,27504,44096,0,0,0,65946132,8493164,34359738367,531136,0,72640,0,1126400,0,0,0,0,0,0,0,0,2048,0,488720,40308736,95420416
1744062047.001060,600004,21131157,0,131892268,123067824,122970356,0,1140012,0,263464,5346692,161424,4512912,102040,833780,1048576,1048576,0,0,0,0,5519756,523960,203764,107224,816836,107224,709612,27504,44096,0,0,0,65946132,8493164,34359738367,531136,0,72640,0,1126400,0,0,0,0,0,0,0,0,2048,0,488720,40308736,95420416
1744062048.000900,600004,21131157,0,131892268,123067824,122970356,0,1140012,0,263464,5346692,161424,4512912,102040,833780,1048576,1048576,0,0,0,0,5519756,523960,203764,107224,816836,107224,709612,27504,44096,0,0,0,65946132,8493164,34359738367,531136,0,72640,0,1126400,0,0,0,0,0,0,0,0,2048,0,488720,40308736,95420416
1744062049.000940,600004,21131157,0,131892268,123067824,122970356,0,1140012,0,263464,5346692,161424,4512912,102040,833780,1048576,1048576,0,0,0,0,5519756,523960,203764,107224,816836,107224,709612,27504,44096,0,0,0,65946132,8493164,34359738367,531136,0,72640,0,1126400,0,0,0,0,0,0,0,0,2048,0,488720,40308736,95420416
1744062050.001058,600004,21131157,0,131892268,123067824,122970356,0,1140012,0,263464,5346692,161424,4512912,102040,833780,1048576,1048576,0,0,0,0,5519756,523960,203764,107224,816836,107224,709612,27504,44096,0,0,0,65946132,8493164,34359738367,531136,0,72640,0,1126400,0,0,0,0,0,0,0,0,2048,0,488720,40308736,95420416
1744062051.002021,600004,21131157,0,131892268,123067824,122970356,0,1140012,0,263464,5346692,161424,4512912,102040,833780,1048576,1048576,0,0,0,0,5519756,523960,203764,107224,816836,107224,709612,27504,44096,0,0,0,65946132,8493164,34359738367,531136,0,72640,0,1126400,0,0,0,0,0,0,0,0,2048,0,488720,40308736,95420416
1744062052.000939,600004,21131157,0,131892268,123067824,122970356,0,1140012,0,263464,5346692,161424,4512912,102040,833780,1048576,1048576,0,0,0,0,5519756,523960,203764,107224,816836,107224,709612,27504,44096,0,0,0,65946132,8493164,34359738367,531136,0,72640,0,1126400,0,0,0,0,0,0,0,0,2048,0,488720,40308736,95420416
1744062053.001020,600004,21131157,0,131892268,123067824,122970356,0,1140012,0,263464,5346692,161424,4512912,102040,833780,1048576,1048576,0,0,0,0,5519756,523960,203764,107224,816836,107224,709612,27504,44096,0,0,0,65946132,8493164,34359738367,531136,0,72640,0,1126400,0,0,0,0,0,0,0,0,2048,0,488720,40308736,95420416
1744062054.000947,600004,21131157,0,131892268,123067824,122970356,0,1140012,0,263464,5346692,161424,4512912,102040,833780,1048576,1048576,0,0,0,0,5519756,523960,203764,107224,816836,107224,709612,27504,44096,0,0,0,65946132,8493164,34359738367,531136,0,72640,0,1126400,0,0,0,0,0,0,0,0,2048,0,488720,40308736,95420416
1744062055.001020,600004,21131157,0,131892268,123067824,122970356,0,1140012,0,263464,5346692,161424,4512912,102040,833780,1048576,1048576,0,0,0,0,5519756,523960,203764,107224,816836,107224,709612,27504,44096,0,0,0,65946132,8493164,34359738367,531136,0,72640,0,1126400,0,0,0,0,0,0,0,0,2048,0,488720,40308736,95420416
1744062056.000946,600004,21131157,0,131892268,123067832,122970364,0,1140012,0,263464,5346692,161424,4512912,102040,833780,1048576,1048576,0,0,0,0,5519756,523960,203764,107224,816836,107224,709612,27504,44096,0,0,0,65946132,8493164,34359738367,531136,0,72640,0,1126400,0,0,0,0,0,0,0,0,2048,0,488720,40308736,95420416
1744062057.001020,600004,21131157,0,131892268,123067832,122970364,0,1140012,0,263464,5346692,161424,4512912,102040,833780,1048576,1048576,0,0,0,0,5519756,523960,203764,107224,816836,107224,709612,27504,44096,0,0,0,65946132,8493164,34359738367,531136,0,72640,0,1126400,0,0,0,0,0,0,0,0,2048,0,488720,40308736,95420416
1744062058.000945,600004,21131157,0,131892268,123067832,122970364,0,1140012,0,263464,5346692,161424,4512912,102040,833780,1048576,1048576,0,0,0,0,5519756,523960,203764,107224,816836,107224,709612,27504,44096,0,0,0,65946132,8493164,34359738367,531136,0,72640,0,1126400,0,0,0,0,0,0,0,0,2048,0,488720,40308736,95420416
1744062059.001019,600004,21131157,0,131892268,123067832,122970364,0,1140012,0,263464,5346692,161424,4512912,102040,833780,1048576,1048576,0,0,0,0,5519756,523960,203764,107224,816836,107224,709612,27504,44096,0,0,0,65946132,8493164,34359738367,531136,0,72640,0,1126400,0,0,0,0,0,0,0,0,2048,0,488720,40308736,95420416
1744062060.011064,600004,21131157,0,131892268,123067832,122970364,0,1140012,0,263464,5346692,161424,4512912,102040,833780,1048576,1048576,0,0,0,0,5519756,523960,203764,107224,816836,107224,709612,27504,44096,0,0,0,65946132,8493164,34359738367,531136,0,72640,0,1126400,0,0,0,0,0,0,0,0,2048,0,488720,40308736,95420416
1744062061.001064,600004,21131157,0,131892268,123067832,122970364,0,1140012,0,263464,5346692,161424,4512912,102040,833780,1048576,1048576,0,0,0,0,5519756,523960,203764,107224,816836,107224,709612,27504,44096,0,0,0,65946132,8493164,34359738367,531136,0,72640,0,1126400,0,0,0,0,0,0,0,0,2048,0,488720,40308736,95420416
1744062062.000900,600004,21131157,0,131892268,123067832,122970364,0,1140012,0,263464,5346692,161424,4512912,102040,833780,1048576,1048576,0,0,0,0,5519756,523960,203764,107224,816836,107224,709612,27504,44096,0,0,0,65946132,8493164,34359738367,531136,0,72640,0,1126400,0,0,0,0,0,0,0,0,2048,0,488720,40308736,95420416
1744062063.000947,600004,21131157,0,131892268,123067860,122970392,0,1140012,0,263464,5346692,161424,4512912,102040,833780,1048576,1048576,0,0,0,0,5519756,523960,203764,107224,816836,107224,709612,27504,44096,0,0,0,65946132,8493164,34359738367,531136,0,72640,0,1126400,0,0,0,0,0,0,0,0,2048,0,488720,40308736,95420416
1744062064.001066,600004,21131157,0,131892268,123067860,122970392,0,1140012,0,263464,5346692,161424,4512912,102040,833780,1048576,1048576,0,0,0,0,5519756,523960,203764,107224,816836,107224,709612,27504,44096,0,0,0,65946132,8493164,34359738367,531136,0,72640,0,1126400,0,0,0,0,0,0,0,0,2048,0,488720,40308736,95420416
1744062065.000903,600004,21131157,0,131892268,123067860,122970392,0,1140012,0,263464,5346692,161424,4512912,102040,833780,1048576,1048576,0,0,0,0,5519756,523960,203764,107224,816836,107224,709612,27504,44096,0,0,0,65946132,8493164,34359738367,531136,0,72640,0,1126400,0,0,0,0,0,0,0,0,2048,0,488720,40308736,95420416
1744062066.000950,600004,21131157,0,131892268,123067860,122970392,0,1140012,0,263464,5346692,161424,4512912,102040,833780,1048576,1048576,0,0,0,0,5519756,523960,203764,107224,816836,107224,709612,27504,44096,0,0,0,65946132,8493164,34359738367,531136,0,72640,0,1126400,0,0,0,0,0,0,0,0,2048,0,488720,40308736,95420416
1744062067.001058,600004,21131157,0,131892268,123067860,122970392,0,1140012,0,263464,5346692,161424,4512912,102040,833780,1048576,1048576,0,0,0,0,5519756,523960,203764,107224,816836,107224,709612,27504,44096,0,0,0,65946132,8493164,34359738367,531136,0,72640,0,1126400,0,0,0,0,0,0,0,0,2048,0,488720,40308736,95420416
1744062068.000900,600004,21131157,0,131892268,123067888,122970420,0,1140012,0,263464,5346692,161424,4512912,102040,833780,1048576,1048576,0,0,0,0,5519756,523960,203764,107224,816836,107224,709612,27504,44096,0,0,0,65946132,8493164,34359738367,531136,0,72640,0,1126400,0,0,0,0,0,0,0,0,2048,0,488720,40308736,95420416
1744062069.000947,600004,21131157,0,131892268,123067888,122970420,0,1140012,0,263464,5346692,161424,4512912,102040,833780,1048576,1048576,0,0,0,0,5519756,523960,203764,107224,816836,107224,709612,27504,44096,0,0,0,65946132,8493164,34359738367,531136,0,72640,0,1126400,0,0,0,0,0,0,0,0,2048,0,488720,40308736,95420416
1744062070.001058,600004,21131157,0,131892268,123067888,122970420,0,1140012,0,263464,5346692,161424,4512912,102040,833780,1048576,1048576,0,0,0,0,5519756,523960,203764,107224,816836,107224,709612,27504,44096,0,0,0,65946132,8493164,34359738367,531136,0,72640,0,1126400,0,0,0,0,0,0,0,0,2048,0,488720,40308736,95420416
1744062071.001018,600004,21131157,0,131892268,123067888,122970420,0,1140012,0,263464,5346692,161424,4512912,102040,833780,1048576,1048576,0,0,0,0,5519756,523960,203764,107224,816836,107224,709612,27504,44096,0,0,0,65946132,8493164,34359738367,531136,0,72640,0,1126400,0,0,0,0,0,0,0,0,2048,0,488720,40308736,95420416
1744062072.000950,600004,21131157,0,131892268,123067888,122970420,0,1140012,0,263464,5346692,161424,4512912,102040,833780,1048576,1048576,0,0,0,0,5519756,523960,203764,107224,816836,107224,709612,27504,44096,0,0,0,65946132,8493164,34359738367,531136,0,72640,0,1126400,0,0,0,0,0,0,0,0,2048,0,488720,40308736,95420416
1744062073.001018,600004,21131157,0,131892268,123067888,122970420,0,1140012,0,263464,5346692,161424,4512912,102040,833780,1048576,1048576,0,0,0,0,5519756,523960,203764,107224,816836,107224,709612,27504,44096,0,0,0,65946132,8493164,34359738367,531136,0,72640,0,1126400,0,0,0,0,0,0,0,0,2048,0,488720,40308736,95420416
1744062074.000955,600004,21131157,0,131892268,123067888,122970420,0,1140012,0,263464,5346692,161424,4512912,102040,833780,1048576,1048576,0,0,0,0,5519756,523960,203764,107224,816836,107224,709612,27504,44096,0,0,0,65946132,8493164,34359738367,531136,0,72640,0,1126400,0,0,0,0,0,0,0,0,2048,0,488720,40308736,95420416
1744062075.001020,600004,21131157,0,131892268,123067888,122970420,0,1140012,0,263464,5346692,161424,4512912,102040,833780,1048576,1048576,0,0,0,0,5519756,523960,203764,107224,816836,107224,709612,27504,44096,0,0,0,65946132,8493164,34359738367,531136,0,72640,0,1126400,0,0,0,0,0,0,0,0,2048,0,488720,40308736,95420416
1744062076.000955,600004,21131157,0,131892268,123067888,122970420,0,1140012,0,263464,5346692,161424,4512912,102040,833780,1048576,1048576,0,0,0,0,5519756,523960,203764,107224,816836,107224,709612,27504,44096,0,0,0,65946132,8493164,34359738367,531136,0,72640,0,1126400,0,0,0,0,0,0,0,0,2048,0,488720,40308736,95420416
1744062077.001017,600004,21131157,0,131892268,123067880,122970412,0,1140012,0,263464,5346692,161424,4512912,102040,833780,1048576,1048576,0,0,0,0,5519756,523960,203764,107224,816844,107224,709620,27504,44096,0,0,0,65946132,8493164,34359738367,531136,0,72640,0,1126400,0,0,0,0,0,0,0,0,2048,0,488720,40308736,95420416
1744062078.000940,600004,21131157,0,131892268,123067880,122970412,0,1140012,0,263464,5346692,161424,4512912,102040,833780,1048576,1048576,0,0,0,0,5519756,523960,203764,107224,816844,107224,709620,27504,44096,0,0,0,65946132,8493164,34359738367,531136,0,72640,0,1126400,0,0,0,0,0,0,0,0,2048,0,488720,40308736,95420416
1744062079.001024,600004,21131157,0,131892268,123067908,122970440,0,1140012,0,263464,5346692,161424,4512912,102040,833780,1048576,1048576,0,0,0,0,5519756,523960,203764,107224,816844,107224,709620,27488,44096,0,0,0,65946132,8493164,34359738367,531120,0,72640,0,1126400,0,0,0,0,0,0,0,0,2048,0,488720,40308736,95420416
1744062080.011854,600004,21131157,0,131892268,123067940,122970472,0,1140012,0,263464,5346692,161424,4512912,102040,833780,1048576,1048576,0,0,0,0,5519756,523960,203764,107224,816844,107224,709620,27472,44096,0,0,0,65946132,8493164,34359738367,531120,0,72640,0,1126400,0,0,0,0,0,0,0,0,2048,0,488720,40308736,95420416
1744062081.002065,600004,21131157,0,131892268,123067940,122970472,0,1140012,0,263464,5346692,161424,4512912,102040,833780,1048576,1048576,0,0,0,0,5519756,523960,203764,107224,816844,107224,709620,27472,44096,0,0,0,65946132,8493164,34359738367,531120,0,72640,0,1126400,0,0,0,0,0,0,0,0,2048,0,488720,40308736,95420416
1744062082.000900,600004,21131157,0,131892268,123067932,122970464,0,1140012,0,263464,5346692,161424,4512912,102040,833780,1048576,1048576,0,0,0,0,5519756,523960,203764,107224,816852,107224,709628,27472,44096,0,0,0,65946132,8493164,34359738367,531120,0,72640,0,1126400,0,0,0,0,0,0,0,0,2048,0,488720,40308736,95420416
1744062083.000944,600004,21131157,0,131892268,123067932,122970464,0,1140012,0,263464,5346692,161424,4512912,102040,833780,1048576,1048576,0,0,0,0,5519756,523960,203764,107224,816852,107224,709628,27472,44096,0,0,0,65946132,8493164,34359738367,531120,0,72640,0,1126400,0,0,0,0,0,0,0,0,2048,0,488720,40308736,95420416
1744062084.001062,600004,21131157,0,131892268,123067932,122970464,0,1140012,0,263464,5346692,161424,4512912,102040,833780,1048576,1048576,0,0,0,0,5519756,523960,203764,107224,816852,107224,709628,27472,44096,0,0,0,65946132,8493164,34359738367,531120,0,72640,0,1126400,0,0,0,0,0,0,0,0,2048,0,488720,40308736,95420416
1744062085.000904,600004,21131157,0,131892268,123067924,122970456,0,1140012,0,263464,5346692,161424,4512912,102040,833780,1048576,1048576,0,0,0,0,5519756,523960,203764,107224,816860,107224,709636,27472,44096,0,0,0,65946132,8493164,34359738367,531120,0,72640,0,1126400,0,0,0,0,0,0,0,0,2048,0,488720,40308736,95420416
1744062086.000942,600004,21131157,0,131892268,123067924,122970456,0,1140012,0,263464,5346692,161424,4512912,102040,833780,1048576,1048576,0,0,0,0,5519756,523960,203764,107224,816860,107224,709636,27472,44096,0,0,0,65946132,8493164,34359738367,531120,0,72640,0,1126400,0,0,0,0,0,0,0,0,2048,0,488720,40308736,95420416
1744062087.001063,600004,21131157,0,131892268,123067924,122970456,0,1140012,0,263464,5346692,161424,4512912,102040,833780,1048576,1048576,0,0,0,0,5519756,523960,203764,107224,816860,107224,709636,27472,44096,0,0,0,65946132,8493164,34359738367,531120,0,72640,0,1126400,0,0,0,0,0,0,0,0,2048,0,488720,40308736,95420416
1744062088.000901,600004,21131157,0,131892268,123067924,122970456,0,1140012,0,263464,5346692,161424,4512912,102040,833780,1048576,1048576,0,0,0,0,5519756,523960,203764,107224,816860,107224,709636,27472,44096,0,0,0,65946132,8493164,34359738367,531120,0,72640,0,1126400,0,0,0,0,0,0,0,0,2048,0,488720,40308736,95420416
1744062089.000949,600004,21131157,0,131892268,123067924,122970456,0,1140012,0,263464,5346692,161424,4512912,102040,833780,1048576,1048576,0,0,0,0,5519756,523960,203764,107224,816860,107224,709636,27472,44096,0,0,0,65946132,8493164,34359738367,531120,0,72640,0,1126400,0,0,0,0,0,0,0,0,2048,0,488720,40308736,95420416
1744062090.001063,600004,21131157,0,131892268,123067924,122970456,0,1140012,0,263464,5346692,161424,4512912,102040,833780,1048576,1048576,0,0,0,0,5519756,523960,203764,107224,816860,107224,709636,27472,44096,0,0,0,65946132,8493164,34359738367,531120,0,72640,0,1126400,0,0,0,0,0,0,0,0,2048,0,488720,40308736,95420416
1744062091.002021,600004,21131157,0,131892268,123067924,122970456,0,1140012,0,263464,5346692,161424,4512912,102040,833780,1048576,1048576,0,0,0,0,5519756,523960,203764,107224,816860,107224,709636,27472,44096,0,0,0,65946132,8493164,34359738367,531120,0,72640,0,1126400,0,0,0,0,0,0,0,0,2048,0,488720,40308736,95420416
1744062092.000951,600004,21131157,0,131892268,123067924,122970456,0,1140012,0,263464,5346692,161424,4512912,102040,833780,1048576,1048576,0,0,0,0,5519756,523960,203764,107224,816860,107224,709636,27472,44096,0,0,0,65946132,8493164,34359738367,531120,0,72640,0,1126400,0,0,0,0,0,0,0,0,2048,0,488720,40308736,95420416
1744062093.001019,600004,21131157,0,131892268,123067924,122970456,0,1140012,0,263464,5346692,161424,4512912,102040,833780,1048576,1048576,0,0,0,0,5519756,523960,203764,107224,816860,107224,709636,27472,44096,0,0,0,65946132,8493164,34359738367,531120,0,72640,0,1126400,0,0,0,0,0,0,0,0,2048,0,488720,40308736,95420416
1744062094.000946,600004,21131157,0,131892268,123067924,122970456,0,1140012,0,263464,5346692,161424,4512912,102040,833780,1048576,1048576,0,0,0,0,5519756,523960,203764,107224,816860,107224,709636,27472,44096,0,0,0,65946132,8493164,34359738367,531120,0,72640,0,1126400,0,0,0,0,0,0,0,0,2048,0,488720,40308736,95420416
1744062095.001020,600004,21131157,0,131892268,123067924,122970456,0,1140012,0,263464,5346692,161424,4512912,102040,833780,1048576,1048576,0,0,0,0,5519756,523960,203764,107224,816860,107224,709636,27456,44096,0,0,0,65946132,8493164,34359738367,531104,0,72640,0,1126400,0,0,0,0,0,0,0,0,2048,0,488720,40308736,95420416
1744062096.000945,600004,21131157,0,131892268,123067916,122970448,0,1140012,0,263464,5346692,161424,4512912,102040,833780,1048576,1048576,0,0,0,0,5519756,523960,203764,107224,816868,107224,709644,27456,44096,0,0,0,65946132,8493164,34359738367,531104,0,72640,0,1126400,0,0,0,0,0,0,0,0,2048,0,488720,40308736,95420416
1744062097.001018,600004,21131157,0,131892268,123067916,122970448,0,1140012,0,263464,5346692,161424,4512912,102040,833780,1048576,1048576,0,0,0,0,5519756,523960,203764,107224,816868,107224,709644,27456,44096,0,0,0,65946132,8493164,34359738367,531104,0,72640,0,1126400,0,0,0,0,0,0,0,0,2048,0,488720,40308736,95420416
1744062098.000946,600004,21131157,0,131892268,123067916,122970448,0,1140012,0,263464,5346692,161424,4512912,102040,833780,1048576,1048576,0,0,0,0,5519756,523960,203764,107224,816868,107224,709644,27456,44096,0,0,0,65946132,8493164,34359738367,531104,0,72640,0,1126400,0,0,0,0,0,0,0,0,2048,0,488720,40308736,95420416
1744062099.001040,600004,21131157,0,131892268,123067892,122970424,0,1140012,0,263464,5346692,161424,4512912,102040,833780,1048576,1048576,0,0,0,0,5519756,523960,203764,107224,816892,107224,709668,27456,44096,0,0,0,65946132,8493164,34359738367,531104,0,72640,0,1126400,0,0,0,0,0,0,0,0,2048,0,488720,40308736,95420416
1744062100.012128,600004,21131157,0,131892268,123067892,122970424,0,1140012,0,263464,5346692,161424,4512912,102040,833780,1048576,1048576,0,0,0,0,5519756,523960,203764,107224,816892,107224,709668,27456,44096,0,0,0,65946132,8493164,34359738367,531104,0,72640,0,1126400,0,0,0,0,0,0,0,0,2048,0,488720,40308736,95420416
1744062101.001467,600004,21131157,0,131892268,123067892,122970424,0,1140012,0,263464,5346692,161424,4512912,102040,833780,1048576,1048576,0,0,0,0,5519756,523960,203764,107224,816892,107224,709668,27456,44096,0,0,0,65946132,8493164,34359738367,531104,0,72640,0,1126400,0,0,0,0,0,0,0,0,2048,0,488720,40308736,95420416
1744062102.001540,600004,21131157,0,131892268,123067892,122970424,0,1140012,0,263464,5346692,161424,4512912,102040,833780,1048576,1048576,0,0,0,0,5519756,523960,203764,107224,816892,107224,709668,27456,44096,0,0,0,65946132,8493164,34359738367,531104,0,72640,0,1126400,0,0,0,0,0,0,0,0,2048,0,488720,40308736,95420416
1744062103.001813,600004,21131157,0,131892268,123067892,122970424,0,1140012,0,263464,5346692,161424,4512912,102040,833780,1048576,1048576,0,0,0,0,5519756,523960,203764,107224,816892,107224,709668,27456,44096,0,0,0,65946132,8493164,34359738367,531104,0,72640,0,1126400,0,0,0,0,0,0,0,0,2048,0,488720,40308736,95420416
1744062104.002174,600004,21131157,0,131892268,123067892,122970424,0,1140012,0,263464,5346692,161424,4512912,102040,833780,1048576,1048576,0,0,0,0,5519756,523960,203764,107224,816892,107224,709668,27456,44096,0,0,0,65946132,8493164,34359738367,531104,0,72640,0,1126400,0,0,0,0,0,0,0,0,2048,0,488720,40308736,95420416
1744062105.001247,600004,21131157,0,131892268,123067884,122970416,0,1140012,0,263464,5346692,161424,4512912,102040,833780,1048576,1048576,0,0,0,0,5519756,523960,203764,107224,816900,107224,709676,27456,44096,0,0,0,65946132,8493164,34359738367,531104,0,72640,0,1126400,0,0,0,0,0,0,0,0,2048,0,488720,40308736,95420416
1744062106.001521,600004,21131157,0,131892268,123067884,122970416,0,1140012,0,263464,5346692,161424,4512912,102040,833780,1048576,1048576,0,0,0,0,5519756,523960,203764,107224,816900,107224,709676,27456,44096,0,0,0,65946132,8493164,34359738367,531104,0,72640,0,1126400,0,0,0,0,0,0,0,0,2048,0,488720,40308736,95420416
1744062107.001880,600004,21131157,0,131892268,123067884,122970416,0,1140012,0,263464,5346692,161424,4512912,102040,833780,1048576,1048576,0,0,0,0,5519756,523960,203764,107224,816900,107224,709676,27456,44096,0,0,0,65946132,8493164,34359738367,531104,0,72640,0,1126400,0,0,0,0,0,0,0,0,2048,0,488720,40308736,95420416
1744062108.001951,600004,21131157,0,131892268,123067884,122970416,0,1140012,0,263464,5346692,161424,4512912,102040,833780,1048576,1048576,0,0,0,0,5519756,523960,203764,107224,816900,107224,709676,27456,44096,0,0,0,65946132,8493164,34359738367,531104,0,72640,0,1126400,0,0,0,0,0,0,0,0,2048,0,488720,40308736,95420416
1744062109.001246,600004,21131157,0,131892268,123067868,122970400,0,1140012,0,263464,5346692,161424,4512912,102040,833780,1048576,1048576,0,0,0,0,5519756,523960,203764,107224,816916,107224,709692,27456,44096,0,0,0,65946132,8493164,34359738367,531104,0,72640,0,1126400,0,0,0,0,0,0,0,0,2048,0,488720,40308736,95420416
1744062110.001605,600004,21131157,0,131892268,123067868,122970400,0,1140012,0,263464,5346692,161424,4512912,102040,833780,1048576,1048576,0,0,0,0,5519756,523960,203764,107224,816916,107224,709692,27456,44096,0,0,0,65946132,8493164,34359738367,531104,0,72640,0,1126400,0,0,0,0,0,0,0,0,2048,0,488720,40308736,95420416
1744062111.001657,600004,21131157,0,131892268,123067868,122970400,0,1140012,0,263464,5346692,161424,4512912,102040,833780,1048576,1048576,0,0,0,0,5519756,523960,203764,107224,816916,107224,709692,27456,44096,0,0,0,65946132,8493164,34359738367,531104,0,72640,0,1126400,0,0,0,0,0,0,0,0,2048,0,488720,40308736,95420416
1744062112.001812,600004,21131157,0,131892268,123067868,122970400,0,1140012,0,263464,5346692,161424,4512912,102040,833780,1048576,1048576,0,0,0,0,5519756,523960,203764,107224,816916,107224,709692,27456,44096,0,0,0,65946132,8493164,34359738367,531104,0,72640,0,1126400,0,0,0,0,0,0,0,0,2048,0,488720,40308736,95420416
1744062113.002129,600004,21131157,0,131892268,123067896,122970428,0,1140012,0,263464,5346692,161424,4512912,102040,833780,1048576,1048576,0,0,0,0,5519756,523960,203764,107224,816916,107224,709692,27456,44096,0,0,0,65946132,8493164,34359738367,531104,0,72640,0,1126400,0,0,0,0,0,0,0,0,2048,0,488720,40308736,95420416
1744062114.001290,600004,21131157,0,131892268,123067896,122970428,0,1140012,0,263464,5346692,161424,4512912,102040,833780,1048576,1048576,0,0,0,0,5519756,523960,203764,107224,816916,107224,709692,27456,44096,0,0,0,65946132,8493164,34359738367,531104,0,72640,0,1126400,0,0,0,0,0,0,0,0,2048,0,488720,40308736,95420416
1744062115.001598,600004,21131157,0,131892268,123067896,122970428,0,1140012,0,263464,5346692,161424,4512912,102040,833780,1048576,1048576,0,0,0,0,5519756,523960,203764,107224,816916,107224,709692,27456,44096,0,0,0,65946132,8493164,34359738367,531104,0,72640,0,1126400,0,0,0,0,0,0,0,0,2048,0,488720,40308736,95420416
1744062116.001756,600004,21131157,0,131892268,123067896,122970428,0,1140012,0,263464,5346692,161424,4512912,102040,833780,1048576,1048576,0,0,0,0,5519756,523960,203764,107224,816916,107224,709692,27456,44096,0,0,0,65946132,8493164,34359738367,531104,0,72640,0,1126400,0,0,0,0,0,0,0,0,2048,0,488720,40308736,95420416
1744062117.002072,600004,21131157,0,131892268,123067896,122970428,0,1140012,0,263464,5346692,161424,4512912,102040,833780,1048576,1048576,0,0,0,0,5519756,523960,203764,107224,816916,107224,709692,27456,44096,0,0,0,65946132,8493164,34359738367,531104,0,72640,0,1126400,0,0,0,0,0,0,0,0,2048,0,488720,40308736,95420416
1744062118.001235,600004,21131157,0,131892268,123067904,122970436,0,1140012,0,263464,5346692,161424,4512912,102040,833780,1048576,1048576,0,0,0,0,5519756,523960,203764,107224,816916,107224,709692,27456,44096,0,0,0,65946132,8493164,34359738367,531088,0,72640,0,1126400,0,0,0,0,0,0,0,0,2048,0,488720,40308736,95420416
1744062119.001545,600004,21131157,0,131892268,123067932,122970464,0,1140012,0,263464,5346692,161424,4512912,102040,833780,1048576,1048576,0,0,0,0,5519756,523960,203764,107224,816916,107224,709692,27456,44096,0,0,0,65946132,8493164,34359738367,531088,0,72640,0,1126400,0,0,0,0,0,0,0,0,2048,0,488720,40308736,95420416
1744062120.012128,600004,21131157,0,131892268,123067932,122970464,0,1140012,0,263464,5346692,161424,4512912,102040,833780,1048576,1048576,0,0,0,0,5519756,523960,203764,107224,816916,107224,709692,27456,44096,0,0,0,65946132,8493164,34359738367,531088,0,72640,0,1126400,0,0,0,0,0,0,0,0,2048,0,488720,40308736,95420416
1744062121.001473,600004,21131157,0,131892268,123067924,122970456,0,1140012,0,263464,5346692,161424,4512912,102040,833780,1048576,1048576,0,0,0,0,5519756,523960,203764,107224,816924,107224,709700,27456,44096,0,0,0,65946132,8493164,34359738367,531088,0,72640,0,1126400,0,0,0,0,0,0,0,0,2048,0,488720,40308736,95420416
1744062122.001553,600004,21131157,0,131892268,123067924,122970456,0,1140012,0,263464,5346692,161424,4512912,102040,833780,1048576,1048576,0,0,0,0,5519756,523960,203764,107224,816924,107224,709700,27456,44096,0,0,0,65946132,8493164,34359738367,531088,0,72640,0,1126400,0,0,0,0,0,0,0,0,2048,0,488720,40308736,95420416
1744062123.001838,600004,21131157,0,131892268,123067924,122970456,0,1140012,0,263464,5346692,161424,4512912,102040,833780,1048576,1048576,0,0,0,0,5519756,523960,203764,107224,816924,107224,709700,27456,44096,0,0,0,65946132,8493164,34359738367,531088,0,72640,0,1126400,0,0,0,0,0,0,0,0,2048,0,488720,40308736,95420416
1744062124.002195,600004,21131157,0,131892268,123067916,122970448,0,1140012,0,263464,5346692,161424,4512912,102040,833780,1048576,1048576,0,0,0,0,5519756,523960,203764,107224,816932,107224,709708,27456,44096,0,0,0,65946132,8493164,34359738367,531088,0,72640,0,1126400,0,0,0,0,0,0,0,0,2048,0,488720,40308736,95420416
1744062125.001265,600004,21131157,0,131892268,123067916,122970448,0,1140012,0,263464,5346692,161424,4512912,102040,833780,1048576,1048576,0,0,0,0,5519756,523960,203764,107224,816932,107224,709708,27456,44096,0,0,0,65946132,8493164,34359738367,531088,0,72640,0,1126400,0,0,0,0,0,0,0,0,2048,0,488720,40308736,95420416
1744062126.001543,600004,21131157,0,131892268,123067916,122970448,0,1140012,0,263464,5346692,161424,4512912,102040,833780,1048576,1048576,0,0,0,0,5519756,523960,203764,107224,816932,107224,709708,27456,44096,0,0,0,65946132,8493164,34359738367,531088,0,72640,0,1126400,0,0,0,0,0,0,0,0,2048,0,488720,40308736,95420416
1744062127.001922,600004,21131157,0,131892268,123067884,122970416,0,1140012,0,263464,5346692,161424,4512912,102040,833780,1048576,1048576,0,0,0,0,5519756,523960,203764,107224,816964,107224,709740,27456,44096,0,0,0,65946132,8493164,34359738367,531088,0,72640,0,1126400,0,0,0,0,0,0,0,0,2048,0,488720,40308736,95420416
1744062128.001991,600004,21131157,0,131892268,123067884,122970416,0,1140012,0,263464,5346692,161424,4512912,102040,833780,1048576,1048576,0,0,0,0,5519756,523960,203764,107224,816964,107224,709740,27456,44096,0,0,0,65946132,8493164,34359738367,531088,0,72640,0,1126400,0,0,0,0,0,0,0,0,2048,0,488720,40308736,95420416
1744062129.001269,600004,21131157,0,131892268,123067884,122970416,0,1140012,0,263464,5346692,161424,4512912,102040,833780,1048576,1048576,0,0,0,0,5519756,523960,203764,107224,816964,107224,709740,27456,44096,0,0,0,65946132,8493164,34359738367,531088,0,72640,0,1126400,0,0,0,0,0,0,0,0,2048,0,488720,40308736,95420416
1744062130.001625,600004,21131157,0,131892268,123067884,122970416,0,1140012,0,263464,5346692,161424,4512912,102040,833780,1048576,1048576,0,0,0,0,5519756,523960,203764,107224,816964,107224,709740,27456,44096,0,0,0,65946132,8493164,34359738367,531088,0,72640,0,1126400,0,0,0,0,0,0,0,0,2048,0,488720,40308736,95420416
1744062131.002113,600004,21131157,0,131892268,123067884,122970416,0,1140012,0,263464,5346692,161424,4512912,102040,833780,1048576,1048576,0,0,0,0,5519756,523960,203764,107224,816964,107224,709740,27456,44096,0,0,0,65946132,8493164,34359738367,531088,0,72640,0,1126400,0,0,0,0,0,0,0,0,2048,0,488720,40308736,95420416
1744062132.001272,600004,21131157,0,131892268,123067884,122970416,0,1140012,0,263464,5346692,161424,4512912,102040,833780,1048576,1048576,0,0,0,0,5519756,523960,203764,107224,816964,107224,709740,27456,44096,0,0,0,65946132,8493164,34359738367,531088,0,72640,0,1126400,0,0,0,0,0,0,0,0,2048,0,488720,40308736,95420416
1744062133.001579,600004,21131157,0,131892268,123067844,122970376,0,1140012,0,263464,5346692,161424,4512912,102040,833780,1048576,1048576,0,0,0,0,5519756,523960,203764,107224,817004,107224,709780,27456,44096,0,0,0,65946132,8493164,34359738367,531088,0,72640,0,1126400,0,0,0,0,0,0,0,0,2048,0,488720,40308736,95420416
1744062134.001746,600004,21131157,0,131892268,123067836,122970368,0,1140012,0,263464,5346692,161424,4512912,102040,833780,1048576,1048576,0,0,0,0,5519756,523960,203764,107224,817012,107224,709788,27456,44096,0,0,0,65946132,8493164,34359738367,531088,0,72640,0,1126400,0,0,0,0,0,0,0,0,2048,0,488720,40308736,95420416
1744062135.002077,600004,21131157,0,131892268,123067836,122970368,0,1140012,0,263464,5346692,161424,4512912,102040,833780,1048576,1048576,0,0,0,0,5519756,523960,203764,107224,817012,107224,709788,27456,44096,0,0,0,65946132,8493164,34359738367,531088,0,72640,0,1126400,0,0,0,0,0,0,0,0,2048,0,488720,40308736,95420416
1744062136.001241,600004,21131157,0,131892268,123067836,122970368,0,1140012,0,263464,5346692,161424,4512912,102040,833780,1048576,1048576,0,0,0,0,5519756,523960,203764,107224,817012,107224,709788,27456,44096,0,0,0,65946132,8493164,34359738367,531088,0,72640,0,1126400,0,0,0,0,0,0,0,0,2048,0,488720,40308736,95420416
1744062137.001550,600004,21131157,0,131892268,123067836,122970368,0,1140012,0,263464,5346692,161424,4512912,102040,833780,1048576,1048576,0,0,0,0,5519756,523960,203764,107224,817012,107224,709788,27456,44096,0,0,0,65946132,8493164,34359738367,531088,0,72640,0,1126400,0,0,0,0,0,0,0,0,2048,0,488720,40308736,95420416
1744062138.001708,600004,21131157,0,131892268,123067836,122970368,0,1140012,0,263464,5346692,161424,4512912,102040,833780,1048576,1048576,0,0,0,0,5519756,523960,203764,107224,817012,107224,709788,27456,44096,0,0,0,65946132,8493164,34359738367,531088,0,72640,0,1126400,0,0,0,0,0,0,0,0,2048,0,488720,40308736,95420416
1744062139.002022,600004,21131157,0,131892268,123067836,122970368,0,1140012,0,263464,5346692,161424,4512912,102040,833780,1048576,1048576,0,0,0,0,5519756,523960,203764,107224,817012,107224,709788,27456,44096,0,0,0,65946132,8493164,34359738367,531088,0,72640,0,1126400,0,0,0,0,0,0,0,0,2048,0,488720,40308736,95420416
1744062140.012014,600004,21131157,0,131892268,123068116,122970648,0,1140012,0,263460,5346648,161420,4512868,102040,833780,1048576,1048576,0,0,0,0,5519760,523960,203764,107224,817012,107224,709788,27456,44096,0,0,0,65946132,8493164,34359738367,531056,0,72640,0,1126400,0,0,0,0,0,0,0,0,2048,0,488720,40308736,95420416
1744062141.001355,600004,21131157,0,131892268,123068116,122970648,0,1140012,0,263460,5346648,161420,4512868,102040,833780,1048576,1048576,0,0,0,0,5519760,523960,203764,107224,817012,107224,709788,27456,44096,0,0,0,65946132,8493164,34359738367,531056,0,72640,0,1126400,0,0,0,0,0,0,0,0,2048,0,488720,40308736,95420416
1744062142.001425,600004,21131157,0,131892268,123068172,122970704,0,1140012,0,263460,5346648,161420,4512868,102040,833780,1048576,1048576,0,0,0,0,5519760,523960,203764,107224,817012,107224,709788,27456,44096,0,0,0,65946132,8493164,34359738367,531056,0,72640,0,1126400,0,0,0,0,0,0,0,0,2048,0,488720,40308736,95420416
1744062143.001700,600004,21131157,0,131892268,123068172,122970704,0,1140012,0,263460,5346648,161420,4512868,102040,833780,1048576,1048576,0,0,0,0,5519760,523960,203764,107224,817012,107224,709788,27456,44096,0,0,0,65946132,8493164,34359738367,531056,0,72640,0,1126400,0,0,0,0,0,0,0,0,2048,0,488720,40308736,95420416
1744062144.002067,600004,21131157,0,131892268,123068172,122970704,0,1140012,0,263460,5346648,161420,4512868,102040,833780,1048576,1048576,0,0,0,0,5519760,523960,203764,107224,817012,107224,709788,27456,44096,0,0,0,65946132,8493164,34359738367,531056,0,72640,0,1126400,0,0,0,0,0,0,0,0,2048,0,488720,40308736,95420416
1744062145.001137,600004,21131157,0,131892268,123068172,122970704,0,1140012,0,263460,5346648,161420,4512868,102040,833780,1048576,1048576,0,0,0,0,5519760,523960,203764,107224,817012,107224,709788,27456,44096,0,0,0,65946132,8493164,34359738367,531056,0,72640,0,1126400,0,0,0,0,0,0,0,0,2048,0,488720,40308736,95420416
1744062146.001420,600004,21131157,0,131892268,123068172,122970704,0,1140012,0,263460,5346648,161420,4512868,102040,833780,1048576,1048576,0,0,0,0,5519760,523960,203764,107224,817012,107224,709788,27456,44096,0,0,0,65946132,8493164,34359738367,531056,0,72640,0,1126400,0,0,0,0,0,0,0,0,2048,0,488720,40308736,95420416
1744062147.001779,600004,21131157,0,131892268,123068180,122970712,0,1140012,0,263460,5346648,161420,4512868,102040,833780,1048576,1048576,0,0,0,0,5519760,523960,203764,107224,817004,107224,709780,27456,44096,0,0,0,65946132,8493164,34359738367,531056,0,72640,0,1126400,0,0,0,0,0,0,0,0,2048,0,488720,40308736,95420416
1744062148.001858,600004,21131157,0,131892268,123068180,122970712,0,1140012,0,263460,5346648,161420,4512868,102040,833780,1048576,1048576,0,0,0,0,5519760,523960,203764,107224,817004,107224,709780,27456,44096,0,0,0,65946132,8493164,34359738367,531056,0,72640,0,1126400,0,0,0,0,0,0,0,0,2048,0,488720,40308736,95420416
1744062149.000241,600004,21131157,0,131892268,123068180,122970712,0,1140012,0,263460,5346648,161420,4512868,102040,833780,1048576,1048576,0,0,0,0,5519760,523960,203764,107224,817004,107224,709780,27456,44096,0,0,0,65946132,8493164,34359738367,531056,0,72640,0,1126400,0,0,0,0,0,0,0,0,2048,0,488720,40308736,95420416
1744062150.001061,600004,21131157,0,131892268,123068180,122970712,0,1140012,0,263460,5346648,161420,4512868,102040,833780,1048576,1048576,0,0,0,0,5519760,523960,203764,107224,817004,107224,709780,27456,44096,0,0,0,65946132,8493164,34359738367,531056,0,72640,0,1126400,0,0,0,0,0,0,0,0,2048,0,488720,40308736,95420416
1744062151.002047,600004,21131157,0,131892268,123068180,122970712,0,1140012,0,263460,5346648,161420,4512868,102040,833780,1048576,1048576,0,0,0,0,5519760,523960,203764,107224,817004,107224,709780,27456,44096,0,0,0,65946132,8493164,34359738367,531056,0,72640,0,1126400,0,0,0,0,0,0,0,0,2048,0,488720,40308736,95420416
1744062152.000939,600004,21131157,0,131892268,123068180,122970712,0,1140012,0,263460,5346648,161420,4512868,102040,833780,1048576,1048576,0,0,0,0,5519760,523960,203764,107224,817004,107224,709780,27456,44096,0,0,0,65946132,8493164,34359738367,531056,0,72640,0,1126400,0,0,0,0,0,0,0,0,2048,0,488720,40308736,95420416
1744062153.001020,600004,21131157,0,131892268,123068208,122970740,0,1140012,0,263460,5346648,161420,4512868,102040,833780,1048576,1048576,0,0,0,0,5519760,523960,203764,107224,817004,107224,709780,27456,44096,0,0,0,65946132,8493164,34359738367,531056,0,72640,0,1126400,0,0,0,0,0,0,0,0,2048,0,488720,40308736,95420416
1744062154.000948,600004,21131157,0,131892268,123068208,122970740,0,1140012,0,263460,5346648,161420,4512868,102040,833780,1048576,1048576,0,0,0,0,5519760,523960,203764,107224,817004,107224,709780,27456,44096,0,0,0,65946132,8493164,34359738367,531056,0,72640,0,1126400,0,0,0,0,0,0,0,0,2048,0,488720,40308736,95420416
1744062155.001022,600004,21131157,0,131892268,123068208,122970740,0,1140012,0,263460,5346648,161420,4512868,102040,833780,1048576,1048576,0,0,0,0,5519760,523960,203764,107224,817004,107224,709780,27456,44096,0,0,0,65946132,8493164,34359738367,531056,0,72640,0,1126400,0,0,0,0,0,0,0,0,2048,0,488720,40308736,95420416
1744062156.000940,600004,21131157,0,131892268,123068208,122970740,0,1140012,0,263460,5346648,161420,4512868,102040,833780,1048576,1048576,0,0,0,0,5519760,523960,203764,107224,817004,107224,709780,27456,44096,0,0,0,65946132,8493164,34359738367,531056,0,72640,0,1126400,0,0,0,0,0,0,0,0,2048,0,488720,40308736,95420416
1744062157.001019,600004,21131157,0,131892268,123068208,122970740,0,1140012,0,263460,5346648,161420,4512868,102040,833780,1048576,1048576,0,0,0,0,5519760,523960,203764,107224,817004,107224,709780,27456,44096,0,0,0,65946132,8493164,34359738367,531056,0,72640,0,1126400,0,0,0,0,0,0,0,0,2048,0,488720,40308736,95420416
1744062158.000946,600004,21131157,0,131892268,123068304,122970836,0,1140012,0,263460,5346648,161420,4512868,102040,833780,1048576,1048576,0,0,0,0,5519760,523960,203764,107224,816908,107224,709684,27456,44096,0,0,0,65946132,8493164,34359738367,531056,0,72640,0,1126400,0,0,0,0,0,0,0,0,2048,0,488720,40308736,95420416
1744062159.001019,600004,21131157,0,131892268,123068304,122970836,0,1140012,0,263460,5346648,161420,4512868,102040,833780,1048576,1048576,0,0,0,0,5519760,523960,203764,107224,816908,107224,709684,27456,44096,0,0,0,65946132,8493164,34359738367,531056,0,72640,0,1126400,0,0,0,0,0,0,0,0,2048,0,488720,40308736,95420416
1744062160.012060,600004,21131157,0,131892268,123068304,122970836,0,1140012,0,263460,5346648,161420,4512868,102040,833780,1048576,1048576,0,0,0,0,5519760,523960,203764,107224,816908,107224,709684,27456,44096,0,0,0,65946132,8493164,34359738367,531056,0,72640,0,1126400,0,0,0,0,0,0,0,0,2048,0,488720,40308736,95420416
1744062161.001068,600004,21131157,0,131892268,123068304,122970836,0,1140012,0,263460,5346648,161420,4512868,102040,833780,1048576,1048576,0,0,0,0,5519760,523960,203764,107224,816908,107224,709684,27456,44096,0,0,0,65946132,8493164,34359738367,531056,0,72640,0,1126400,0,0,0,0,0,0,0,0,2048,0,488720,40308736,95420416
1744062162.000899,600004,21131157,0,131892268,123068304,122970836,0,1140012,0,263460,5346648,161420,4512868,102040,833780,1048576,1048576,0,0,0,0,5519760,523960,203764,107224,816908,107224,709684,27456,44096,0,0,0,65946132,8493164,34359738367,531056,0,72640,0,1126400,0,0,0,0,0,0,0,0,2048,0,488720,40308736,95420416
1744062163.000943,600004,21131157,0,131892268,123068312,122970844,0,1140012,0,263460,5346648,161420,4512868,102040,833780,1048576,1048576,0,0,0,0,5519760,523960,203764,107224,816900,107224,709676,27456,44096,0,0,0,65946132,8493164,34359738367,531056,0,72640,0,1126400,0,0,0,0,0,0,0,0,2048,0,488720,40308736,95420416
1744062164.001070,600004,21131157,0,131892268,123068312,122970844,0,1140012,0,263460,5346648,161420,4512868,102040,833780,1048576,1048576,0,0,0,0,5519760,523960,203764,107224,816900,107224,709676,27456,44096,0,0,0,65946132,8493164,34359738367,531056,0,72640,0,1126400,0,0,0,0,0,0,0,0,2048,0,488720,40308736,95420416
1744062165.000902,600004,21131157,0,131892268,123068320,122970852,0,1140012,0,263460,5346648,161420,4512868,102040,833780,1048576,1048576,0,0,0,0,5519760,523960,203764,107224,816892,107224,709668,27456,44096,0,0,0,65946132,8493164,34359738367,531056,0,72640,0,1126400,0,0,0,0,0,0,0,0,2048,0,488720,40308736,95420416
1744062166.000941,600004,21131157,0,131892268,123068320,122970852,0,1140012,0,263460,5346648,161420,4512868,102040,833780,1048576,1048576,0,0,0,0,5519760,523960,203764,107224,816892,107224,709668,27456,44096,0,0,0,65946132,8493164,34359738367,531056,0,72640,0,1126400,0,0,0,0,0,0,0,0,2048,0,488720,40308736,95420416
1744062167.001061,600004,21131157,0,131892268,123068320,122970852,0,1140012,0,263460,5346648,161420,4512868,102040,833780,1048576,1048576,0,0,0,0,5519760,523960,203764,107224,816892,107224,709668,27456,44096,0,0,0,65946132,8493164,34359738367,531056,0,72640,0,1126400,0,0,0,0,0,0,0,0,2048,0,488720,40308736,95420416
1744062168.000900,600004,21131157,0,131892268,123068320,122970852,0,1140012,0,263460,5346648,161420,4512868,102040,833780,1048576,1048576,0,0,0,0,5519760,523960,203764,107224,816892,107224,709668,27456,44096,0,0,0,65946132,8493164,34359738367,531056,0,72640,0,1126400,0,0,0,0,0,0,0,0,2048,0,488720,40308736,95420416
1744062169.000953,600004,21131157,0,131892268,123068320,122970852,0,1140012,0,263460,5346648,161420,4512868,102040,833780,1048576,1048576,0,0,0,0,5519760,523960,203764,107224,816892,107224,709668,27456,44096,0,0,0,65946132,8493164,34359738367,531056,0,72640,0,1126400,0,0,0,0,0,0,0,0,2048,0,488720,40308736,95420416
1744062170.001063,600004,21131157,0,131892268,123068320,122970852,0,1140012,0,263460,5346648,161420,4512868,102040,833780,1048576,1048576,0,0,0,0,5519760,523960,203764,107224,816892,107224,709668,27456,44096,0,0,0,65946132,8493164,34359738367,531056,0,72640,0,1126400,0,0,0,0,0,0,0,0,2048,0,488720,40308736,95420416
1744062171.002022,600004,21131157,0,131892268,123068348,122970880,0,1140012,0,263460,5346648,161420,4512868,102040,833780,1048576,1048576,0,0,0,0,5519760,523960,203764,107224,816892,107224,709668,27456,44096,0,0,0,65946132,8493164,34359738367,531056,0,72640,0,1126400,0,0,0,0,0,0,0,0,2048,0,488720,40308736,95420416
1744062172.000945,600004,21131157,0,131892268,123068348,122970880,0,1140012,0,263460,5346648,161420,4512868,102040,833780,1048576,1048576,0,0,0,0,5519760,523960,203764,107224,816892,107224,709668,27456,44096,0,0,0,65946132,8493164,34359738367,531056,0,72640,0,1126400,0,0,0,0,0,0,0,0,2048,0,488720,40308736,95420416
1744062173.001018,600004,21131157,0,131892268,123068348,122970880,0,1140012,0,263460,5346648,161420,4512868,102040,833780,1048576,1048576,0,0,0,0,5519760,523960,203764,107224,816892,107224,709668,27456,44096,0,0,0,65946132,8493164,34359738367,531056,0,72640,0,1126400,0,0,0,0,0,0,0,0,2048,0,488720,40308736,95420416
1744062174.000959,600004,21131157,0,131892268,123068376,122970908,0,1140012,0,263460,5346648,161420,4512868,102040,833780,1048576,1048576,0,0,0,0,5519760,523960,203764,107224,816892,107224,709668,27456,44096,0,0,0,65946132,8493164,34359738367,531056,0,72640,0,1126400,0,0,0,0,0,0,0,0,2048,0,488720,40308736,95420416
1744062175.001018,600004,21131157,0,131892268,123068376,122970908,0,1140012,0,263460,5346648,161420,4512868,102040,833780,1048576,1048576,0,0,0,0,5519760,523960,203764,107224,816892,107224,709668,27456,44096,0,0,0,65946132,8493164,34359738367,531056,0,72640,0,1126400,0,0,0,0,0,0,0,0,2048,0,488720,40308736,95420416
1744062176.000941,600004,21131157,0,131892268,123068376,122970908,0,1140012,0,263460,5346648,161420,4512868,102040,833780,1048576,1048576,0,0,0,0,5519760,523960,203764,107224,816892,107224,709668,27456,44096,0,0,0,65946132,8493164,34359738367,531056,0,72640,0,1126400,0,0,0,0,0,0,0,0,2048,0,488720,40308736,95420416
1744062177.001020,600004,21131157,0,131892268,123068376,122970908,0,1140012,0,263460,5346648,161420,4512868,102040,833780,1048576,1048576,0,0,0,0,5519760,523960,203764,107224,816892,107224,709668,27456,44096,0,0,0,65946132,8493164,34359738367,531056,0,72640,0,1126400,0,0,0,0,0,0,0,0,2048,0,488720,40308736,95420416
1744062178.000962,600004,21131157,0,131892268,123068376,122970908,0,1140012,0,263460,5346648,161420,4512868,102040,833780,1048576,1048576,0,0,0,0,5519760,523960,203764,107224,816892,107224,709668,27456,44096,0,0,0,65946132,8493164,34359738367,531056,0,72640,0,1126400,0,0,0,0,0,0,0,0,2048,0,488720,40308736,95420416
1744062179.001272,600004,21131157,0,131892268,123068376,122970908,0,1140012,0,263460,5346648,161420,4512868,102040,833780,1048576,1048576,0,0,0,0,5519760,523960,203764,107224,816892,107224,709668,27456,44096,0,0,0,65946132,8493164,34359738367,531056,0,72640,0,1126400,0,0,0,0,0,0,0,0,2048,0,488720,40308736,95420416
1744062180.011097,600004,21131157,0,131892268,123068376,122970908,0,1140012,0,263460,5346648,161420,4512868,102040,833780,1048576,1048576,0,0,0,0,5519760,523960,203764,107224,816892,107224,709668,27456,44096,0,0,0,65946132,8493164,34359738367,531056,0,72640,0,1126400,0,0,0,0,0,0,0,0,2048,0,488720,40308736,95420416
1744062181.001439,600004,21131157,0,131892268,123068376,122970908,0,1140012,0,263460,5346648,161420,4512868,102040,833780,1048576,1048576,0,0,0,0,5519760,523960,203764,107224,816892,107224,709668,27456,44096,0,0,0,65946132,8493164,34359738367,531056,0,72640,0,1126400,0,0,0,0,0,0,0,0,2048,0,488720,40308736,95420416
1744062182.001509,600004,21131157,0,131892268,123068376,122970908,0,1140012,0,263460,5346648,161420,4512868,102040,833780,1048576,1048576,0,0,0,0,5519760,523960,203764,107224,816892,107224,709668,27456,44096,0,0,0,65946132,8493164,34359738367,531056,0,72640,0,1126400,0,0,0,0,0,0,0,0,2048,0,488720,40308736,95420416
1744062183.000935,600004,21131157,0,131892268,123068376,122970908,0,1140012,0,263460,5346648,161420,4512868,102040,833780,1048576,1048576,0,0,0,0,5519760,523960,203764,107224,816892,107224,709668,27456,44096,0,0,0,65946132,8493164,34359738367,531056,0,72640,0,1126400,0,0,0,0,0,0,0,0,2048,0,488720,40308736,95420416
1744062184.001064,600004,21131157,0,131892268,123068376,122970908,0,1140012,0,263460,5346648,161420,4512868,102040,833780,1048576,1048576,0,0,0,0,5519760,523960,203764,107224,816892,107224,709668,27456,44096,0,0,0,65946132,8493164,34359738367,531056,0,72640,0,1126400,0,0,0,0,0,0,0,0,2048,0,488720,40308736,95420416
1744062185.000901,600004,21131157,0,131892268,123068376,122970908,0,1140012,0,263460,5346648,161420,4512868,102040,833780,1048576,1048576,0,0,0,0,5519760,523960,203764,107224,816892,107224,709668,27456,44096,0,0,0,65946132,8493164,34359738367,531056,0,72640,0,1126400,0,0,0,0,0,0,0,0,2048,0,488720,40308736,95420416
1744062186.000947,600004,21131157,0,131892268,123068376,122970908,0,1140012,0,263460,5346648,161420,4512868,102040,833780,1048576,1048576,0,0,0,0,5519760,523960,203764,107224,816892,107224,709668,27456,44096,0,0,0,65946132,8493164,34359738367,531056,0,72640,0,1126400,0,0,0,0,0,0,0,0,2048,0,488720,40308736,95420416
1744062187.001068,600004,21131157,0,131892268,123068376,122970908,0,1140012,0,263460,5346648,161420,4512868,102040,833780,1048576,1048576,0,0,0,0,5519760,523960,203764,107224,816892,107224,709668,27456,44096,0,0,0,65946132,8493164,34359738367,531056,0,72640,0,1126400,0,0,0,0,0,0,0,0,2048,0,488720,40308736,95420416
1744062188.000903,600004,21131157,0,131892268,123068376,122970908,0,1140012,0,263460,5346648,161420,4512868,102040,833780,1048576,1048576,0,0,0,0,5519760,523960,203764,107224,816892,107224,709668,27456,44096,0,0,0,65946132,8493164,34359738367,531056,0,72640,0,1126400,0,0,0,0,0,0,0,0,2048,0,488720,40308736,95420416
1744062189.000946,600004,21131157,0,131892268,123068376,122970908,0,1140012,0,263460,5346648,161420,4512868,102040,833780,1048576,1048576,0,0,0,0,5519760,523960,203764,107224,816892,107224,709668,27456,44096,0,0,0,65946132,8493164,34359738367,531056,0,72640,0,1126400,0,0,0,0,0,0,0,0,2048,0,488720,40308736,95420416
1744062190.001065,600004,21131157,0,131892268,123068376,122970908,0,1140012,0,263460,5346648,161420,4512868,102040,833780,1048576,1048576,0,0,0,0,5519760,523960,203764,107224,816892,107224,709668,27456,44096,0,0,0,65946132,8493164,34359738367,531056,0,72640,0,1126400,0,0,0,0,0,0,0,0,2048,0,488720,40308736,95420416
1744062191.001024,600004,21131157,0,131892268,123068376,122970908,0,1140012,0,263460,5346648,161420,4512868,102040,833780,1048576,1048576,0,0,0,0,5519760,523960,203764,107224,816892,107224,709668,27456,44096,0,0,0,65946132,8493164,34359738367,531056,0,72640,0,1126400,0,0,0,0,0,0,0,0,2048,0,488720,40308736,95420416
1744062192.000945,600004,21131157,0,131892268,123068376,122970908,0,1140012,0,263460,5346648,161420,4512868,102040,833780,1048576,1048576,0,0,0,0,5519760,523960,203764,107224,816892,107224,709668,27456,44096,0,0,0,65946132,8493164,34359738367,531056,0,72640,0,1126400,0,0,0,0,0,0,0,0,2048,0,488720,40308736,95420416
1744062193.001018,600004,21131157,0,131892268,123068376,122970908,0,1140012,0,263460,5346648,161420,4512868,102040,833780,1048576,1048576,0,0,0,0,5519760,523960,203764,107224,816892,107224,709668,27456,44096,0,0,0,65946132,8493164,34359738367,531056,0,72640,0,1126400,0,0,0,0,0,0,0,0,2048,0,488720,40308736,95420416
1744062194.000954,600004,21131157,0,131892268,123068376,122970908,0,1140012,0,263460,5346648,161420,4512868,102040,833780,1048576,1048576,0,0,0,0,5519760,523960,203764,107224,816892,107224,709668,27456,44096,0,0,0,65946132,8493164,34359738367,531056,0,72640,0,1126400,0,0,0,0,0,0,0,0,2048,0,488720,40308736,95420416
1744062195.001020,600004,21131157,0,131892268,123068376,122970908,0,1140012,0,263460,5346648,161420,4512868,102040,833780,1048576,1048576,0,0,0,0,5519760,523960,203764,107224,816892,107224,709668,27456,44096,0,0,0,65946132,8493164,34359738367,531056,0,72640,0,1126400,0,0,0,0,0,0,0,0,2048,0,488720,40308736,95420416
1744062196.000945,600004,21131157,0,131892268,123068376,122970908,0,1140012,0,263460,5346648,161420,4512868,102040,833780,1048576,1048576,0,0,0,0,5519760,523960,203764,107224,816892,107224,709668,27456,44096,0,0,0,65946132,8493164,34359738367,531056,0,72640,0,1126400,0,0,0,0,0,0,0,0,2048,0,488720,40308736,95420416
1744062197.001021,600004,21131157,0,131892268,123068376,122970908,0,1140012,0,263460,5346648,161420,4512868,102040,833780,1048576,1048576,0,0,0,0,5519760,523960,203764,107224,816892,107224,709668,27456,44096,0,0,0,65946132,8493164,34359738367,531056,0,72640,0,1126400,0,0,0,0,0,0,0,0,2048,0,488720,40308736,95420416
1744062198.000945,600004,21131157,0,131892268,123068376,122970908,0,1140012,0,263460,5346648,161420,4512868,102040,833780,1048576,1048576,0,0,0,0,5519760,523960,203764,107224,816892,107224,709668,27456,44096,0,0,0,65946132,8493164,34359738367,531056,0,72640,0,1126400,0,0,0,0,0,0,0,0,2048,0,488720,40308736,95420416
1744062199.001021,600004,21131157,0,131892268,123068376,122970908,0,1140012,0,263460,5346648,161420,4512868,102040,833780,1048576,1048576,0,0,0,0,5519760,523960,203764,107224,816892,107224,709668,27456,44096,0,0,0,65946132,8493164,34359738367,531056,0,72640,0,1126400,0,0,0,0,0,0,0,0,2048,0,488720,40308736,95420416
1744062200.011588,600004,21131157,0,131892268,123068376,122970908,0,1140012,0,263460,5346648,161420,4512868,102040,833780,1048576,1048576,0,0,0,0,5519760,523960,203764,107224,816892,107224,709668,27456,44096,0,0,0,65946132,8493164,34359738367,531056,0,72640,0,1126400,0,0,0,0,0,0,0,0,2048,0,488720,40308736,95420416
1744062201.001066,600004,21131157,0,131892268,123068376,122970908,0,1140012,0,263460,5346648,161420,4512868,102040,833780,1048576,1048576,0,0,0,0,5519760,523960,203764,107224,816892,107224,709668,27456,44096,0,0,0,65946132,8493164,34359738367,531056,0,72640,0,1126400,0,0,0,0,0,0,0,0,2048,0,488720,40308736,95420416
1744062202.000901,600004,21131157,0,131892268,123068376,122970908,0,1140012,0,263460,5346648,161420,4512868,102040,833780,1048576,1048576,0,0,0,0,5519760,523960,203764,107224,816892,107224,709668,27456,44096,0,0,0,65946132,8493164,34359738367,531056,0,72640,0,1126400,0,0,0,0,0,0,0,0,2048,0,488720,40308736,95420416
1744062203.000943,600004,21131157,0,131892268,123068376,122970908,0,1140012,0,263460,5346648,161420,4512868,102040,833780,1048576,1048576,0,0,0,0,5519760,523960,203764,107224,816892,107224,709668,27456,44096,0,0,0,65946132,8493164,34359738367,531056,0,72640,0,1126400,0,0,0,0,0,0,0,0,2048,0,488720,40308736,95420416
1744062204.001063,600004,21131157,0,131892268,123068376,122970908,0,1140012,0,263460,5346648,161420,4512868,102040,833780,1048576,1048576,0,0,0,0,5519760,523960,203764,107224,816892,107224,709668,27456,44096,0,0,0,65946132,8493164,34359738367,531056,0,72640,0,1126400,0,0,0,0,0,0,0,0,2048,0,488720,40308736,95420416
1744062205.000902,600004,21131157,0,131892268,123068368,122970900,0,1140012,0,263460,5346648,161420,4512868,102040,833780,1048576,1048576,0,0,0,0,5519760,523960,203764,107224,816900,107224,709676,27456,44096,0,0,0,65946132,8493164,34359738367,531056,0,72640,0,1126400,0,0,0,0,0,0,0,0,2048,0,488720,40308736,95420416
1744062206.000944,600004,21131157,0,131892268,123068368,122970900,0,1140012,0,263460,5346648,161420,4512868,102040,833780,1048576,1048576,0,0,0,0,5519760,523960,203764,107224,816900,107224,709676,27456,44096,0,0,0,65946132,8493164,34359738367,531056,0,72640,0,1126400,0,0,0,0,0,0,0,0,2048,0,488720,40308736,95420416
1744062207.001062,600004,21131157,0,131892268,123068368,122970900,0,1140012,0,263460,5346648,161420,4512868,102040,833780,1048576,1048576,0,0,0,0,5519760,523960,203764,107224,816900,107224,709676,27456,44096,0,0,0,65946132,8493164,34359738367,531056,0,72640,0,1126400,0,0,0,0,0,0,0,0,2048,0,488720,40308736,95420416
1744062208.000904,600004,21131157,0,131892268,123068368,122970900,0,1140012,0,263460,5346648,161420,4512868,102040,833780,1048576,1048576,0,0,0,0,5519760,523960,203764,107224,816900,107224,709676,27456,44096,0,0,0,65946132,8493164,34359738367,531056,0,72640,0,1126400,0,0,0,0,0,0,0,0,2048,0,488720,40308736,95420416
1744062209.000945,600004,21131157,0,131892268,123068368,122970900,0,1140012,0,263460,5346648,161420,4512868,102040,833780,1048576,1048576,0,0,0,0,5519760,523960,203764,107224,816900,107224,709676,27456,44096,0,0,0,65946132,8493164,34359738367,531056,0,72640,0,1126400,0,0,0,0,0,0,0,0,2048,0,488720,40308736,95420416
1744062210.001062,600004,21131157,0,131892268,123068368,122970900,0,1140012,0,263460,5346648,161420,4512868,102040,833780,1048576,1048576,0,0,0,0,5519760,523960,203764,107224,816900,107224,709676,27456,44096,0,0,0,65946132,8493164,34359738367,531056,0,72640,0,1126400,0,0,0,0,0,0,0,0,2048,0,488720,40308736,95420416
1744062211.001022,600004,21131157,0,131892268,123068376,122970908,0,1140012,0,263460,5346648,161420,4512868,102040,833780,1048576,1048576,0,0,0,0,5519760,523960,203764,107224,816892,107224,709668,27456,44096,0,0,0,65946132,8493164,34359738367,531056,0,72640,0,1126400,0,0,0,0,0,0,0,0,2048,0,488720,40308736,95420416
1744062212.000978,600004,21131157,0,131892268,123068376,122970908,0,1140012,0,263460,5346648,161420,4512868,102040,833780,1048576,1048576,0,0,0,0,5519760,523960,203764,107224,816892,107224,709668,27456,44096,0,0,0,65946132,8493164,34359738367,531056,0,72640,0,1126400,0,0,0,0,0,0,0,0,2048,0,488720,40308736,95420416
1744062213.001021,600004,21131157,0,131892268,123068376,122970908,0,1140012,0,263460,5346648,161420,4512868,102040,833780,1048576,1048576,0,0,0,0,5519760,523960,203764,107224,816892,107224,709668,27456,44096,0,0,0,65946132,8493164,34359738367,531056,0,72640,0,1126400,0,0,0,0,0,0,0,0,2048,0,488720,40308736,95420416
1744062214.000978,600004,21131157,0,131892268,123068376,122970908,0,1140012,0,263460,5346648,161420,4512868,102040,833780,1048576,1048576,0,0,0,0,5519760,523960,203764,107224,816892,107224,709668,27456,44096,0,0,0,65946132,8493164,34359738367,531056,0,72640,0,1126400,0,0,0,0,0,0,0,0,2048,0,488720,40308736,95420416
1744062215.001022,600004,21131157,0,131892268,123068368,122970900,0,1140012,0,263460,5346648,161420,4512868,102040,833780,1048576,1048576,0,0,0,0,5519760,523960,203764,107224,816900,107224,709676,27456,44096,0,0,0,65946132,8493164,34359738367,531056,0,72640,0,1126400,0,0,0,0,0,0,0,0,2048,0,488720,40308736,95420416
1744062216.000974,600004,21131157,0,131892268,123068368,122970900,0,1140012,0,263460,5346648,161420,4512868,102040,833780,1048576,1048576,0,0,0,0,5519760,523960,203764,107224,816900,107224,709676,27456,44096,0,0,0,65946132,8493164,34359738367,531056,0,72640,0,1126400,0,0,0,0,0,0,0,0,2048,0,488720,40308736,95420416
1744062217.001018,600004,21131157,0,131892268,123068368,122970900,0,1140012,0,263460,5346648,161420,4512868,102040,833780,1048576,1048576,0,0,0,0,5519760,523960,203764,107224,816900,107224,709676,27456,44096,0,0,0,65946132,8493164,34359738367,531056,0,72640,0,1126400,0,0,0,0,0,0,0,0,2048,0,488720,40308736,95420416
1744062218.000975,600004,21131157,0,131892268,123068368,122970900,0,1140012,0,263460,5346648,161420,4512868,102040,833780,1048576,1048576,0,0,0,0,5519760,523960,203764,107224,816900,107224,709676,27456,44096,0,0,0,65946132,8493164,34359738367,531056,0,72640,0,1126400,0,0,0,0,0,0,0,0,2048,0,488720,40308736,95420416
1744062219.001018,600004,21131157,0,131892268,123068368,122970900,0,1140012,0,263460,5346648,161420,4512868,102040,833780,1048576,1048576,0,0,0,0,5519760,523960,203764,107224,816900,107224,709676,27456,44096,0,0,0,65946132,8493164,34359738367,531056,0,72640,0,1126400,0,0,0,0,0,0,0,0,2048,0,488720,40308736,95420416
1744062220.011036,600004,21131157,0,131892268,123068368,122970900,0,1140012,0,263460,5346648,161420,4512868,102040,833780,1048576,1048576,0,0,0,0,5519760,523960,203764,107224,816900,107224,709676,27456,44096,0,0,0,65946132,8493164,34359738367,531056,0,72640,0,1126400,0,0,0,0,0,0,0,0,2048,0,488720,40308736,95420416
1744062221.001092,600004,21131157,0,131892268,123068368,122970900,0,1140012,0,263460,5346648,161420,4512868,102040,833780,1048576,1048576,0,0,0,0,5519760,523960,203764,107224,816900,107224,709676,27456,44096,0,0,0,65946132,8493164,34359738367,531056,0,72640,0,1126400,0,0,0,0,0,0,0,0,2048,0,488720,40308736,95420416
1744062222.000901,600004,21131157,0,131892268,123068368,122970900,0,1140012,0,263460,5346648,161420,4512868,102040,833780,1048576,1048576,0,0,0,0,5519760,523960,203764,107224,816900,107224,709676,27456,44096,0,0,0,65946132,8493164,34359738367,531056,0,72640,0,1126400,0,0,0,0,0,0,0,0,2048,0,488720,40308736,95420416
1744062223.000975,600004,21131157,0,131892268,123068344,122970876,0,1140012,0,263460,5346648,161420,4512868,102040,833780,1048576,1048576,0,0,0,0,5519760,523960,203764,107224,816924,107224,709700,27456,44096,0,0,0,65946132,8493164,34359738367,531056,0,72640,0,1126400,0,0,0,0,0,0,0,0,2048,0,488720,40308736,95420416
1744062224.001096,600004,21131157,0,131892268,123068336,122970868,0,1140012,0,263460,5346648,161420,4512868,102040,833780,1048576,1048576,0,0,0,0,5519760,523960,203764,107224,816932,107224,709708,27456,44096,0,0,0,65946132,8493164,34359738367,531056,0,72640,0,1126400,0,0,0,0,0,0,0,0,2048,0,488720,40308736,95420416
1744062225.000902,600004,21131157,0,131892268,123068328,122970860,0,1140012,0,263460,5346648,161420,4512868,102040,833780,1048576,1048576,0,0,0,0,5519760,523960,203764,107224,816940,107224,709716,27456,44096,0,0,0,65946132,8493164,34359738367,531056,0,72640,0,1126400,0,0,0,0,0,0,0,0,2048,0,488720,40308736,95420416
1744062226.000979,600004,21131157,0,131892268,123068328,122970860,0,1140012,0,263460,5346648,161420,4512868,102040,833780,1048576,1048576,0,0,0,0,5519760,523960,203764,107224,816940,107224,709716,27456,44096,0,0,0,65946132,8493164,34359738367,531056,0,72640,0,1126400,0,0,0,0,0,0,0,0,2048,0,488720,40308736,95420416
1744062227.001094,600004,21131157,0,131892268,123068328,122970860,0,1140012,0,263460,5346648,161420,4512868,102040,833780,1048576,1048576,0,0,0,0,5519760,523960,203764,107224,816940,107224,709716,27456,44096,0,0,0,65946132,8493164,34359738367,531056,0,72640,0,1126400,0,0,0,0,0,0,0,0,2048,0,488720,40308736,95420416
1744062228.000891,600004,21131157,0,131892268,123068320,122970852,0,1140012,0,263460,5346648,161420,4512868,102040,833780,1048576,1048576,0,0,0,0,5519760,523960,203764,107224,816948,107224,709724,27456,44096,0,0,0,65946132,8493164,34359738367,531056,0,72640,0,1126400,0,0,0,0,0,0,0,0,2048,0,488720,40308736,95420416
1744062229.000975,600004,21131157,0,131892268,123068320,122970852,0,1140012,0,263460,5346648,161420,4512868,102040,833780,1048576,1048576,0,0,0,0,5519760,523960,203764,107224,816948,107224,709724,27456,44096,0,0,0,65946132,8493164,34359738367,531056,0,72640,0,1126400,0,0,0,0,0,0,0,0,2048,0,488720,40308736,95420416
1744062230.001098,600004,21131157,0,131892268,123068320,122970852,0,1140012,0,263460,5346648,161420,4512868,102040,833780,1048576,1048576,0,0,0,0,5519760,523960,203764,107224,816948,107224,709724,27456,44096,0,0,0,65946132,8493164,34359738367,531056,0,72640,0,1126400,0,0,0,0,0,0,0,0,2048,0,488720,40308736,95420416
1744062231.001022,600004,21131157,0,131892268,123068320,122970852,0,1140012,0,263460,5346648,161420,4512868,102040,833780,1048576,1048576,0,0,0,0,5519760,523960,203764,107224,816948,107224,709724,27456,44096,0,0,0,65946132,8493164,34359738367,531056,0,72640,0,1126400,0,0,0,0,0,0,0,0,2048,0,488720,40308736,95420416
1744062232.000974,600004,21131157,0,131892268,123068320,122970852,0,1140012,0,263460,5346648,161420,4512868,102040,833780,1048576,1048576,0,0,0,0,5519760,523960,203764,107224,816948,107224,709724,27456,44096,0,0,0,65946132,8493164,34359738367,531056,0,72640,0,1126400,0,0,0,0,0,0,0,0,2048,0,488720,40308736,95420416
1744062233.001251,600004,21131157,0,131892268,123068320,122970852,0,1140012,0,263460,5346648,161420,4512868,102040,833780,1048576,1048576,0,0,0,0,5519760,523960,203764,107224,816948,107224,709724,27456,44096,0,0,0,65946132,8493164,34359738367,531056,0,72640,0,1126400,0,0,0,0,0,0,0,0,2048,0,488720,40308736,95420416
1744062234.000947,600004,21131157,0,131892268,123068320,122970852,0,1140012,0,263460,5346648,161420,4512868,102040,833780,1048576,1048576,0,0,0,0,5519760,523960,203764,107224,816948,107224,709724,27456,44096,0,0,0,65946132,8493164,34359738367,531056,0,72640,0,1126400,0,0,0,0,0,0,0,0,2048,0,488720,40308736,95420416
1744062235.001017,600004,21131157,0,131892268,123068320,122970852,0,1140012,0,263460,5346648,161420,4512868,102040,833780,1048576,1048576,0,0,0,0,5519760,523960,203764,107224,816948,107224,709724,27456,44096,0,0,0,65946132,8493164,34359738367,531056,0,72640,0,1126400,0,0,0,0,0,0,0,0,2048,0,488720,40308736,95420416
1744062236.000950,600004,21131157,0,131892268,123068320,122970852,0,1140012,0,263460,5346648,161420,4512868,102040,833780,1048576,1048576,0,0,0,0,5519760,523960,203764,107224,816948,107224,709724,27456,44096,0,0,0,65946132,8493164,34359738367,531056,0,72640,0,1126400,0,0,0,0,0,0,0,0,2048,0,488720,40308736,95420416
1744062237.001019,600004,21131157,0,131892268,123068320,122970852,0,1140012,0,263460,5346648,161420,4512868,102040,833780,1048576,1048576,0,0,0,0,5519760,523960,203764,107224,816948,107224,709724,27456,44096,0,0,0,65946132,8493164,34359738367,531056,0,72640,0,1126400,0,0,0,0,0,0,0,0,2048,0,488720,40308736,95420416
1744062238.000953,600004,21131157,0,131892268,123068292,122970824,0,1140012,0,263460,5346648,161420,4512868,102040,833780,1048576,1048576,0,0,0,0,5519760,523960,203764,107224,816948,107224,709724,27456,44096,0,0,0,65946132,8493164,34359738367,531056,0,72640,0,1126400,0,0,0,0,0,0,0,0,2048,0,488720,40308736,95420416
1744062239.001021,600004,21131157,0,131892268,123068320,122970852,0,1140012,0,263460,5346648,161420,4512868,102040,833780,1048576,1048576,0,0,0,0,5519760,523960,203764,107224,816948,107224,709724,27456,44096,0,0,0,65946132,8493164,34359738367,531056,0,72640,0,1126400,0,0,0,0,0,0,0,0,2048,0,488720,40308736,95420416
1744062240.011088,600004,21131157,0,131892268,123068320,122970852,0,1140012,0,263460,5346648,161420,4512868,102040,833780,1048576,1048576,0,0,0,0,5519760,523960,203764,107224,816948,107224,709724,27456,44096,0,0,0,65946132,8493164,34359738367,531056,0,72640,0,1126400,0,0,0,0,0,0,0,0,2048,0,488720,40308736,95420416
1744062241.001067,600004,21131157,0,131892268,123068320,122970852,0,1140012,0,263460,5346648,161420,4512868,102040,833780,1048576,1048576,0,0,0,0,5519760,523960,203764,107224,816948,107224,709724,27456,44096,0,0,0,65946132,8493164,34359738367,531056,0,72640,0,1126400,0,0,0,0,0,0,0,0,2048,0,488720,40308736,95420416
1744062242.000901,600004,21131157,0,131892268,123068320,122970852,0,1140012,0,263460,5346648,161420,4512868,102040,833780,1048576,1048576,0,0,0,0,5519760,523960,203764,107224,816948,107224,709724,27456,44096,0,0,0,65946132,8493164,34359738367,531056,0,72640,0,1126400,0,0,0,0,0,0,0,0,2048,0,488720,40308736,95420416
1744062243.000948,600004,21131157,0,131892268,123068336,122970868,0,1140012,0,263460,5346648,161420,4512868,102040,833780,1048576,1048576,0,0,0,0,5519760,523960,203764,107224,816964,107224,709740,27456,44096,0,0,0,65946132,8493164,34359738367,531056,0,72640,0,1126400,0,0,0,0,0,0,0,0,2048,0,488720,40308736,95420416
1744062244.001066,600004,21131157,0,131892268,123068368,122970900,0,1140012,0,263460,5346648,161420,4512868,102040,833780,1048576,1048576,0,0,0,0,5519760,523960,203764,107224,816932,107224,709708,27424,44096,0,0,0,65946132,8493164,34359738367,531056,0,72640,0,1126400,0,0,0,0,0,0,0,0,2048,0,488720,40308736,95420416
1744062245.000901,600004,21131157,0,131892268,123068396,122970928,0,1140012,0,263460,5346648,161420,4512868,102040,833780,1048576,1048576,0,0,0,0,5519760,523960,203764,107224,816932,107224,709708,27408,44096,0,0,0,65946132,8493164,34359738367,531040,0,72640,0,1126400,0,0,0,0,0,0,0,0,2048,0,488720,40308736,95420416
1744062246.000954,600004,21131157,0,131892268,123068424,122970956,0,1140012,0,263460,5346648,161420,4512868,102040,833780,1048576,1048576,0,0,0,0,5519760,523960,203764,107224,816932,107224,709708,27408,44096,0,0,0,65946132,8493164,34359738367,531040,0,72640,0,1126400,0,0,0,0,0,0,0,0,2048,0,488720,40308736,95420416
1744062247.001066,600004,21131157,0,131892268,123068424,122970956,0,1140012,0,263460,5346648,161420,4512868,102040,833780,1048576,1048576,0,0,0,0,5519760,523960,203764,107224,816932,107224,709708,27408,44096,0,0,0,65946132,8493164,34359738367,531040,0,72640,0,1126400,0,0,0,0,0,0,0,0,2048,0,488720,40308736,95420416
1744062248.000901,600004,21131157,0,131892268,123068424,122970956,0,1140012,0,263460,5346648,161420,4512868,102040,833780,1048576,1048576,0,0,0,0,5519760,523960,203764,107224,816932,107224,709708,27408,44096,0,0,0,65946132,8493164,34359738367,531040,0,72640,0,1126400,0,0,0,0,0,0,0,0,2048,0,488720,40308736,95420416
1744062249.000953,600004,21131157,0,131892268,123068424,122970956,0,1140012,0,263460,5346648,161420,4512868,102040,833780,1048576,1048576,0,0,0,0,5519760,523960,203764,107224,816932,107224,709708,27408,44096,0,0,0,65946132,8493164,34359738367,531040,0,72640,0,1126400,0,0,0,0,0,0,0,0,2048,0,488720,40308736,95420416
1744062250.001067,600004,21131157,0,131892268,123068416,122970948,0,1140012,0,263460,5346648,161420,4512868,102040,833780,1048576,1048576,0,0,0,0,5519760,523960,203764,107224,816940,107224,709716,27408,44096,0,0,0,65946132,8493164,34359738367,531040,0,72640,0,1126400,0,0,0,0,0,0,0,0,2048,0,488720,40308736,95420416
1744062251.002020,600004,21131157,0,131892268,123068416,122970948,0,1140012,0,263460,5346648,161420,4512868,102040,833780,1048576,1048576,0,0,0,0,5519760,523960,203764,107224,816940,107224,709716,27408,44096,0,0,0,65946132,8493164,34359738367,531040,0,72640,0,1126400,0,0,0,0,0,0,0,0,2048,0,488720,40308736,95420416
1744062252.000975,600004,21131157,0,131892268,123068416,122970948,0,1140012,0,263460,5346648,161420,4512868,102040,833780,1048576,1048576,0,0,0,0,5519760,523960,203764,107224,816940,107224,709716,27408,44096,0,0,0,65946132,8493164,34359738367,531040,0,72640,0,1126400,0,0,0,0,0,0,0,0,2048,0,488720,40308736,95420416
1744062253.001021,600004,21131157,0,131892268,123068416,122970948,0,1140012,0,263460,5346648,161420,4512868,102040,833780,1048576,1048576,0,0,0,0,5519760,523960,203764,107224,816940,107224,709716,27408,44096,0,0,0,65946132,8493164,34359738367,531040,0,72640,0,1126400,0,0,0,0,0,0,0,0,2048,0,488720,40308736,95420416
1744062254.000975,600004,21131157,0,131892268,123068400,122970932,0,1140012,0,263460,5346648,161420,4512868,102040,833780,1048576,1048576,0,0,0,0,5519760,523960,203764,107224,816956,107224,709732,27408,44096,0,0,0,65946132,8493164,34359738367,531040,0,72640,0,1126400,0,0,0,0,0,0,0,0,2048,0,488720,40308736,95420416
1744062255.001020,600004,21131157,0,131892268,123068400,122970932,0,1140012,0,263460,5346648,161420,4512868,102040,833780,1048576,1048576,0,0,0,0,5519760,523960,203764,107224,816956,107224,709732,27408,44096,0,0,0,65946132,8493164,34359738367,531040,0,72640,0,1126400,0,0,0,0,0,0,0,0,2048,0,488720,40308736,95420416
1744062256.000977,600004,21131157,0,131892268,123068392,122970924,0,1140012,0,263460,5346648,161420,4512868,102040,833780,1048576,1048576,0,0,0,0,5519760,523960,203764,107224,816964,107224,709740,27408,44096,0,0,0,65946132,8493164,34359738367,531040,0,72640,0,1126400,0,0,0,0,0,0,0,0,2048,0,488720,40308736,95420416
1744062257.001018,600004,21131157,0,131892268,123068392,122970924,0,1140012,0,263460,5346648,161420,4512868,102040,833780,1048576,1048576,0,0,0,0,5519760,523960,203764,107224,816964,107224,709740,27408,44096,0,0,0,65946132,8493164,34359738367,531040,0,72640,0,1126400,0,0,0,0,0,0,0,0,2048,0,488720,40308736,95420416
1744062258.000979,600004,21131157,0,131892268,123068392,122970924,0,1140012,0,263460,5346648,161420,4512868,102040,833780,1048576,1048576,0,0,0,0,5519760,523960,203764,107224,816964,107224,709740,27408,44096,0,0,0,65946132,8493164,34359738367,531040,0,72640,0,1126400,0,0,0,0,0,0,0,0,2048,0,488720,40308736,95420416
1744062259.001031,600004,21131157,0,131892268,123068392,122970924,0,1140012,0,263460,5346648,161420,4512868,102040,833780,1048576,1048576,0,0,0,0,5519760,523960,203764,107224,816964,107224,709740,27408,44096,0,0,0,65946132,8493164,34359738367,531040,0,72640,0,1126400,0,0,0,0,0,0,0,0,2048,0,488720,40308736,95420416
1744062260.011812,600004,21131157,0,131892268,123068392,122970924,0,1140012,0,263460,5346648,161420,4512868,102040,833780,1048576,1048576,0,0,0,0,5519760,523960,203764,107224,816964,107224,709740,27408,44096,0,0,0,65946132,8493164,34359738367,531040,0,72640,0,1126400,0,0,0,0,0,0,0,0,2048,0,488720,40308736,95420416
1744062261.002095,600004,21131157,0,131892268,123068392,122970924,0,1140012,0,263460,5346648,161420,4512868,102040,833780,1048576,1048576,0,0,0,0,5519760,523960,203764,107224,816964,107224,709740,27408,44096,0,0,0,65946132,8493164,34359738367,531040,0,72640,0,1126400,0,0,0,0,0,0,0,0,2048,0,488720,40308736,95420416
1744062262.000902,600004,21131157,0,131892268,123068392,122970924,0,1140012,0,263460,5346648,161420,4512868,102040,833780,1048576,1048576,0,0,0,0,5519760,523960,203764,107224,816964,107224,709740,27408,44096,0,0,0,65946132,8493164,34359738367,531040,0,72640,0,1126400,0,0,0,0,0,0,0,0,2048,0,488720,40308736,95420416
1744062263.000977,600004,21131157,0,131892268,123068392,122970924,0,1140012,0,263460,5346648,161420,4512868,102040,833780,1048576,1048576,0,0,0,0,5519760,523960,203764,107224,816964,107224,709740,27408,44096,0,0,0,65946132,8493164,34359738367,531040,0,72640,0,1126400,0,0,0,0,0,0,0,0,2048,0,488720,40308736,95420416
1744062264.001091,600004,21131157,0,131892268,123068392,122970924,0,1140012,0,263460,5346648,161420,4512868,102040,833780,1048576,1048576,0,0,0,0,5519760,523960,203764,107224,816964,107224,709740,27408,44096,0,0,0,65946132,8493164,34359738367,531040,0,72640,0,1126400,0,0,0,0,0,0,0,0,2048,0,488720,40308736,95420416
1744062265.000902,600004,21131157,0,131892268,123068392,122970924,0,1140012,0,263460,5346648,161420,4512868,102040,833780,1048576,1048576,0,0,0,0,5519760,523960,203764,107224,816964,107224,709740,27408,44096,0,0,0,65946132,8493164,34359738367,531040,0,72640,0,1126400,0,0,0,0,0,0,0,0,2048,0,488720,40308736,95420416
1744062266.000980,600004,21131157,0,131892268,123068392,122970924,0,1140012,0,263460,5346648,161420,4512868,102040,833780,1048576,1048576,0,0,0,0,5519760,523960,203764,107224,816964,107224,709740,27408,44096,0,0,0,65946132,8493164,34359738367,531040,0,72640,0,1126400,0,0,0,0,0,0,0,0,2048,0,488720,40308736,95420416
1744062267.001093,600004,21131157,0,131892268,123068392,122970924,0,1140012,0,263460,5346648,161420,4512868,102040,833780,1048576,1048576,0,0,0,0,5519760,523960,203764,107224,816964,107224,709740,27408,44096,0,0,0,65946132,8493164,34359738367,531040,0,72640,0,1126400,0,0,0,0,0,0,0,0,2048,0,488720,40308736,95420416
1744062268.001136,600004,21131157,0,131892268,123068392,122970924,0,1140012,0,263460,5346648,161420,4512868,102040,833780,1048576,1048576,0,0,0,0,5519760,523960,203764,107224,816964,107224,709740,27408,44096,0,0,0,65946132,8493164,34359738367,531040,0,72640,0,1126400,0,0,0,0,0,0,0,0,2048,0,488720,40308736,95420416
1744062269.001421,600004,21131157,0,131892268,123068384,122970916,0,1140012,0,263460,5346648,161420,4512868,102040,833780,1048576,1048576,0,0,0,0,5519760,523960,203764,107224,816972,107224,709748,27408,44096,0,0,0,65946132,8493164,34359738367,531040,0,72640,0,1126400,0,0,0,0,0,0,0,0,2048,0,488720,40308736,95420416
1744062270.001779,600004,21131157,0,131892268,123068384,122970916,0,1140012,0,263460,5346648,161420,4512868,102040,833780,1048576,1048576,0,0,0,0,5519760,523960,203764,107224,816972,107224,709748,27408,44096,0,0,0,65946132,8493164,34359738367,531040,0,72640,0,1126400,0,0,0,0,0,0,0,0,2048,0,488720,40308736,95420416
1744062271.002111,600004,21131157,0,131892268,123068384,122970916,0,1140012,0,263460,5346648,161420,4512868,102040,833780,1048576,1048576,0,0,0,0,5519760,523960,203764,107224,816972,107224,709748,27408,44096,0,0,0,65946132,8493164,34359738367,531040,0,72640,0,1126400,0,0,0,0,0,0,0,0,2048,0,488720,40308736,95420416
1744062272.001277,600004,21131157,0,131892268,123068384,122970916,0,1140012,0,263460,5346648,161420,4512868,102040,833780,1048576,1048576,0,0,0,0,5519760,523960,203764,107224,816972,107224,709748,27408,44096,0,0,0,65946132,8493164,34359738367,531040,0,72640,0,1126400,0,0,0,0,0,0,0,0,2048,0,488720,40308736,95420416
1744062273.001594,600004,21131157,0,131892268,123068384,122970916,0,1140012,0,263460,5346648,161420,4512868,102040,833780,1048576,1048576,0,0,0,0,5519760,523960,203764,107224,816972,107224,709748,27408,44096,0,0,0,65946132,8493164,34359738367,531040,0,72640,0,1126400,0,0,0,0,0,0,0,0,2048,0,488720,40308736,95420416
1744062274.001762,600004,21131157,0,131892268,123068376,122970908,0,1140012,0,263460,5346648,161420,4512868,102040,833780,1048576,1048576,0,0,0,0,5519760,523960,203764,107224,816980,107224,709756,27408,44096,0,0,0,65946132,8493164,34359738367,531040,0,72640,0,1126400,0,0,0,0,0,0,0,0,2048,0,488720,40308736,95420416
1744062275.002083,600004,21131157,0,131892268,123068376,122970908,0,1140012,0,263460,5346648,161420,4512868,102040,833780,1048576,1048576,0,0,0,0,5519760,523960,203764,107224,816980,107224,709756,27408,44096,0,0,0,65946132,8493164,34359738367,531040,0,72640,0,1126400,0,0,0,0,0,0,0,0,2048,0,488720,40308736,95420416
1744062276.001250,600004,21131157,0,131892268,123068408,122970940,0,1140012,0,263460,5346648,161420,4512868,102040,833780,1048576,1048576,0,0,0,0,5519760,523960,203764,107224,816980,107224,709756,27408,44096,0,0,0,65946132,8493164,34359738367,531040,0,72640,0,1126400,0,0,0,0,0,0,0,0,2048,0,488720,40308736,95420416
1744062277.001565,600004,21131157,0,131892268,123068400,122970932,0,1140012,0,263460,5346648,161420,4512868,102040,833780,1048576,1048576,0,0,0,0,5519760,523960,203764,107224,816988,107224,709764,27408,44096,0,0,0,65946132,8493164,34359738367,531040,0,72640,0,1126400,0,0,0,0,0,0,0,0,2048,0,488720,40308736,95420416
1744062278.001745,600004,21131157,0,131892268,123068400,122970932,0,1140012,0,263460,5346648,161420,4512868,102040,833780,1048576,1048576,0,0,0,0,5519760,523960,203764,107224,816988,107224,709764,27408,44096,0,0,0,65946132,8493164,34359738367,531040,0,72640,0,1126400,0,0,0,0,0,0,0,0,2048,0,488720,40308736,95420416
1744062279.002080,600004,21131157,0,131892268,123068400,122970932,0,1140012,0,263460,5346648,161420,4512868,102040,833780,1048576,1048576,0,0,0,0,5519760,523960,203764,107224,816988,107224,709764,27408,44096,0,0,0,65946132,8493164,34359738367,531040,0,72640,0,1126400,0,0,0,0,0,0,0,0,2048,0,488720,40308736,95420416
1744062280.011999,600004,21131157,0,131892268,123068400,122970932,0,1140012,0,263460,5346648,161420,4512868,102040,833780,1048576,1048576,0,0,0,0,5519760,523960,203764,107224,816988,107224,709764,27408,44096,0,0,0,65946132,8493164,34359738367,531040,0,72640,0,1126400,0,0,0,0,0,0,0,0,2048,0,488720,40308736,95420416
1744062281.001344,600004,21131157,0,131892268,123068400,122970932,0,1140012,0,263460,5346648,161420,4512868,102040,833780,1048576,1048576,0,0,0,0,5519760,523960,203764,107224,816988,107224,709764,27408,44096,0,0,0,65946132,8493164,34359738367,531040,0,72640,0,1126400,0,0,0,0,0,0,0,0,2048,0,488720,40308736,95420416
1744062282.001428,600004,21131157,0,131892268,123068392,122970924,0,1140012,0,263460,5346648,161420,4512868,102040,833780,1048576,1048576,0,0,0,0,5519760,523960,203764,107224,816996,107224,709772,27408,44096,0,0,0,65946132,8493164,34359738367,531040,0,72640,0,1126400,0,0,0,0,0,0,0,0,2048,0,488720,40308736,95420416
1744062283.001715,600004,21131157,0,131892268,123068392,122970924,0,1140012,0,263460,5346648,161420,4512868,102040,833780,1048576,1048576,0,0,0,0,5519760,523960,203764,107224,816996,107224,709772,27408,44096,0,0,0,65946132,8493164,34359738367,531040,0,72640,0,1126400,0,0,0,0,0,0,0,0,2048,0,488720,40308736,95420416
1744062284.002099,600004,21131157,0,131892268,123068392,122970924,0,1140012,0,263460,5346648,161420,4512868,102040,833780,1048576,1048576,0,0,0,0,5519760,523960,203764,107224,816996,107224,709772,27408,44096,0,0,0,65946132,8493164,34359738367,531040,0,72640,0,1126400,0,0,0,0,0,0,0,0,2048,0,488720,40308736,95420416
1744062285.001170,600004,21131157,0,131892268,123068384,122970916,0,1140012,0,263460,5346648,161420,4512868,102040,833780,1048576,1048576,0,0,0,0,5519760,523960,203764,107224,817004,107224,709780,27408,44096,0,0,0,65946132,8493164,34359738367,531040,0,72640,0,1126400,0,0,0,0,0,0,0,0,2048,0,488720,40308736,95420416
1744062286.001456,600004,21131157,0,131892268,123068384,122970916,0,1140012,0,263460,5346648,161420,4512868,102040,833780,1048576,1048576,0,0,0,0,5519760,523960,203764,107224,817004,107224,709780,27408,44096,0,0,0,65946132,8493164,34359738367,531040,0,72640,0,1126400,0,0,0,0,0,0,0,0,2048,0,488720,40308736,95420416
1744062287.001811,600004,21131157,0,131892268,123068384,122970916,0,1140012,0,263460,5346648,161420,4512868,102040,833780,1048576,1048576,0,0,0,0,5519760,523960,203764,107224,817004,107224,709780,27408,44096,0,0,0,65946132,8493164,34359738367,531040,0,72640,0,1126400,0,0,0,0,0,0,0,0,2048,0,488720,40308736,95420416
1744062288.001882,600004,21131157,0,131892268,123068384,122970916,0,1140012,0,263460,5346648,161420,4512868,102040,833780,1048576,1048576,0,0,0,0,5519760,523960,203764,107224,817004,107224,709780,27408,44096,0,0,0,65946132,8493164,34359738367,531040,0,72640,0,1126400,0,0,0,0,0,0,0,0,2048,0,488720,40308736,95420416
1744062289.001168,600004,21131157,0,131892268,123068400,122970932,0,1140012,0,263460,5346648,161420,4512868,102040,833780,1048576,1048576,0,0,0,0,5519760,523960,203764,107224,816988,107224,709764,27408,44096,0,0,0,65946132,8493164,34359738367,531040,0,72640,0,1126400,0,0,0,0,0,0,0,0,2048,0,488720,40308736,95420416
1744062290.001529,600004,21131157,0,131892268,123068400,122970932,0,1140012,0,263460,5346648,161420,4512868,102040,833780,1048576,1048576,0,0,0,0,5519760,523960,203764,107224,816988,107224,709764,27408,44096,0,0,0,65946132,8493164,34359738367,531040,0,72640,0,1126400,0,0,0,0,0,0,0,0,2048,0,488720,40308736,95420416
1744062291.001559,600004,21131157,0,131892268,123068400,122970932,0,1140012,0,263460,5346648,161420,4512868,102040,833780,1048576,1048576,0,0,0,0,5519760,523960,203764,107224,816988,107224,709764,27408,44096,0,0,0,65946132,8493164,34359738367,531040,0,72640,0,1126400,0,0,0,0,0,0,0,0,2048,0,488720,40308736,95420416
1744062292.001779,600004,21131157,0,131892268,123068400,122970932,0,1140012,0,263460,5346648,161420,4512868,102040,833780,1048576,1048576,0,0,0,0,5519760,523960,203764,107224,816988,107224,709764,27408,44096,0,0,0,65946132,8493164,34359738367,531040,0,72640,0,1126400,0,0,0,0,0,0,0,0,2048,0,488720,40308736,95420416
1744062293.002092,600004,21131157,0,131892268,123068400,122970932,0,1140012,0,263460,5346648,161420,4512868,102040,833780,1048576,1048576,0,0,0,0,5519760,523960,203764,107224,816988,107224,709764,27408,44096,0,0,0,65946132,8493164,34359738367,531040,0,72640,0,1126400,0,0,0,0,0,0,0,0,2048,0,488720,40308736,95420416
1744062294.001312,600004,21131157,0,131892268,123068400,122970932,0,1140012,0,263460,5346648,161420,4512868,102040,833780,1048576,1048576,0,0,0,0,5519760,523960,203764,107224,816988,107224,709764,27408,44096,0,0,0,65946132,8493164,34359738367,531040,0,72640,0,1126400,0,0,0,0,0,0,0,0,2048,0,488720,40308736,95420416
1744062295.001621,600004,21131157,0,131892268,123068400,122970932,0,1140012,0,263460,5346648,161420,4512868,102040,833780,1048576,1048576,0,0,0,0,5519760,523960,203764,107224,816988,107224,709764,27408,44096,0,0,0,65946132,8493164,34359738367,531040,0,72640,0,1126400,0,0,0,0,0,0,0,0,2048,0,488720,40308736,95420416
1744062296.001847,600004,21131157,0,131892268,123068400,122970932,0,1140012,0,263460,5346648,161420,4512868,102040,833780,1048576,1048576,0,0,0,0,5519760,523960,203764,107224,816988,107224,709764,27408,44096,0,0,0,65946132,8493164,34359738367,531040,0,72640,0,1126400,0,0,0,0,0,0,0,0,2048,0,488720,40308736,95420416
1744062297.002154,600004,21131157,0,131892268,123068400,122970932,0,1140012,0,263460,5346648,161420,4512868,102040,833780,1048576,1048576,0,0,0,0,5519760,523960,203764,107224,816988,107224,709764,27408,44096,0,0,0,65946132,8493164,34359738367,531040,0,72640,0,1126400,0,0,0,0,0,0,0,0,2048,0,488720,40308736,95420416
1744062298.001368,600004,21131157,0,131892268,123068400,122970932,0,1140012,0,263460,5346648,161420,4512868,102040,833780,1048576,1048576,0,0,0,0,5519760,523960,203764,107224,816988,107224,709764,27408,44096,0,0,0,65946132,8493164,34359738367,531040,0,72640,0,1126400,0,0,0,0,0,0,0,0,2048,0,488720,40308736,95420416
1744062299.001676,600004,21131157,0,131892268,123068400,122970932,0,1140012,0,263460,5346648,161420,4512868,102040,833780,1048576,1048576,0,0,0,0,5519760,523960,203764,107224,816988,107224,709764,27408,44096,0,0,0,65946132,8493164,34359738367,531040,0,72640,0,1126400,0,0,0,0,0,0,0,0,2048,0,488720,40308736,95420416
1744062300.012269,600004,21131157,0,131892268,123068400,122970932,0,1140012,0,263460,5346648,161420,4512868,102040,833780,1048576,1048576,0,0,0,0,5519760,523960,203764,107224,816988,107224,709764,27408,44096,0,0,0,65946132,8493164,34359738367,531040,0,72640,0,1126400,0,0,0,0,0,0,0,0,2048,0,488720,40308736,95420416
1744062301.001639,600004,21131157,0,131892268,123068400,122970932,0,1140012,0,263460,5346648,161420,4512868,102040,833780,1048576,1048576,0,0,0,0,5519760,523960,203764,107224,816988,107224,709764,27408,44096,0,0,0,65946132,8493164,34359738367,531040,0,72640,0,1126400,0,0,0,0,0,0,0,0,2048,0,488720,40308736,95420416
1744062302.001710,600004,21131157,0,131892268,123068400,122970932,0,1140012,0,263460,5346648,161420,4512868,102040,833780,1048576,1048576,0,0,0,0,5519760,523960,203764,107224,816988,107224,709764,27408,44096,0,0,0,65946132,8493164,34359738367,531040,0,72640,0,1126400,0,0,0,0,0,0,0,0,2048,0,488720,40308736,95420416
1744062303.002068,600004,21131157,0,131892268,123068400,122970932,0,1140012,0,263460,5346648,161420,4512868,102040,833780,1048576,1048576,0,0,0,0,5519760,523960,203764,107224,816988,107224,709764,27408,44096,0,0,0,65946132,8493164,34359738367,531040,0,72640,0,1126400,0,0,0,0,0,0,0,0,2048,0,488720,40308736,95420416
1744062304.001448,600004,21131157,0,131892268,123068400,122970932,0,1140012,0,263460,5346648,161420,4512868,102040,833780,1048576,1048576,0,0,0,0,5519760,523960,203764,107224,816988,107224,709764,27408,44096,0,0,0,65946132,8493164,34359738367,531040,0,72640,0,1126400,0,0,0,0,0,0,0,0,2048,0,488720,40308736,95420416
1744062305.001520,600004,21131157,0,131892268,123068400,122970932,0,1140012,0,263460,5346648,161420,4512868,102040,833780,1048576,1048576,0,0,0,0,5519760,523960,203764,107224,816988,107224,709764,27408,44096,0,0,0,65946132,8493164,34359738367,531040,0,72640,0,1126400,0,0,0,0,0,0,0,0,2048,0,488720,40308736,95420416
1744062306.001840,600004,21131157,0,131892268,123068400,122970932,0,1140012,0,263460,5346648,161420,4512868,102040,833780,1048576,1048576,0,0,0,0,5519760,523960,203764,107224,816988,107224,709764,27408,44096,0,0,0,65946132,8493164,34359738367,531040,0,72640,0,1126400,0,0,0,0,0,0,0,0,2048,0,488720,40308736,95420416
1744062307.002199,600004,21131157,0,131892268,123068400,122970932,0,1140012,0,263460,5346648,161420,4512868,102040,833780,1048576,1048576,0,0,0,0,5519760,523960,203764,107224,816988,107224,709764,27408,44096,0,0,0,65946132,8493164,34359738367,531040,0,72640,0,1126400,0,0,0,0,0,0,0,0,2048,0,488720,40308736,95420416
1744062308.001269,600004,21131157,0,131892268,123068408,122970940,0,1140012,0,263460,5346648,161420,4512868,102040,833780,1048576,1048576,0,0,0,0,5519760,523960,203764,107224,816980,107224,709756,27408,44096,0,0,0,65946132,8493164,34359738367,531040,0,72640,0,1126400,0,0,0,0,0,0,0,0,2048,0,488720,40308736,95420416
1744062309.001557,600004,21131157,0,131892268,123068408,122970940,0,1140012,0,263460,5346648,161420,4512868,102040,833780,1048576,1048576,0,0,0,0,5519760,523960,203764,107224,816980,107224,709756,27408,44096,0,0,0,65946132,8493164,34359738367,531040,0,72640,0,1126400,0,0,0,0,0,0,0,0,2048,0,488720,40308736,95420416
1744062310.001921,600004,21131157,0,131892268,123068408,122970940,0,1140012,0,263460,5346648,161420,4512868,102040,833780,1048576,1048576,0,0,0,0,5519760,523960,203764,107224,816980,107224,709756,27408,44096,0,0,0,65946132,8493164,34359738367,531040,0,72640,0,1126400,0,0,0,0,0,0,0,0,2048,0,488720,40308736,95420416
1744062311.001281,600004,21131157,0,131892268,123068408,122970940,0,1140012,0,263460,5346648,161420,4512868,102040,833780,1048576,1048576,0,0,0,0,5519760,523960,203764,107224,816980,107224,709756,27408,44096,0,0,0,65946132,8493164,34359738367,531040,0,72640,0,1126400,0,0,0,0,0,0,0,0,2048,0,488720,40308736,95420416
1744062312.001449,600004,21131157,0,131892268,123068408,122970940,0,1140012,0,263460,5346648,161420,4512868,102040,833780,1048576,1048576,0,0,0,0,5519760,523960,203764,107224,816980,107224,709756,27408,44096,0,0,0,65946132,8493164,34359738367,531040,0,72640,0,1126400,0,0,0,0,0,0,0,0,2048,0,488720,40308736,95420416
1744062313.001757,600004,21131157,0,131892268,123068408,122970940,0,1140012,0,263460,5346648,161420,4512868,102040,833780,1048576,1048576,0,0,0,0,5519760,523960,203764,107224,816980,107224,709756,27392,44096,0,0,0,65946132,8493164,34359738367,531040,0,72640,0,1126400,0,0,0,0,0,0,0,0,2048,0,488720,40308736,95420416
1744062314.001926,600004,21131157,0,131892268,123068408,122970940,0,1140012,0,263460,5346648,161420,4512868,102040,833780,1048576,1048576,0,0,0,0,5519760,523960,203764,107224,816980,107224,709756,27392,44096,0,0,0,65946132,8493164,34359738367,531040,0,72640,0,1126400,0,0,0,0,0,0,0,0,2048,0,488720,40308736,95420416
1744062315.001233,600004,21131157,0,131892268,123068408,122970940,0,1140012,0,263460,5346648,161420,4512868,102040,833780,1048576,1048576,0,0,0,0,5519760,523960,203764,107224,816980,107224,709756,27392,44096,0,0,0,65946132,8493164,34359738367,531040,0,72640,0,1126400,0,0,0,0,0,0,0,0,2048,0,488720,40308736,95420416
1744062316.000643,600004,21131157,0,131892268,123068408,122970940,0,1140012,0,263460,5346648,161420,4512868,102040,833780,1048576,1048576,0,0,0,0,5519760,523960,203764,107224,816980,107224,709756,27392,44096,0,0,0,65946132,8493164,34359738367,531040,0,72640,0,1126400,0,0,0,0,0,0,0,0,2048,0,488720,40308736,95420416
1744062317.001971,600004,21131157,0,131892268,123068408,122970940,0,1140012,0,263460,5346648,161420,4512868,102040,833780,1048576,1048576,0,0,0,0,5519760,523960,203764,107224,816980,107224,709756,27392,44096,0,0,0,65946132,8493164,34359738367,531040,0,72640,0,1126400,0,0,0,0,0,0,0,0,2048,0,488720,40308736,95420416
1744062318.001187,600004,21131157,0,131892268,123068408,122970940,0,1140012,0,263460,5346648,161420,4512868,102040,833780,1048576,1048576,0,0,0,0,5519760,523960,203764,107224,816980,107224,709756,27392,44096,0,0,0,65946132,8493164,34359738367,531040,0,72640,0,1126400,0,0,0,0,0,0,0,0,2048,0,488720,40308736,95420416
1744062319.001494,600004,21131157,0,131892268,123068408,122970940,0,1140012,0,263460,5346648,161420,4512868,102040,833780,1048576,1048576,0,0,0,0,5519760,523960,203764,107224,816980,107224,709756,27392,44096,0,0,0,65946132,8493164,34359738367,531040,0,72640,0,1126400,0,0,0,0,0,0,0,0,2048,0,488720,40308736,95420416
1744062320.012385,600004,21131157,0,131892268,123068408,122970940,0,1140012,0,263460,5346648,161420,4512868,102040,833780,1048576,1048576,0,0,0,0,5519760,523960,203764,107224,816980,107224,709756,27392,44096,0,0,0,65946132,8493164,34359738367,531040,0,72640,0,1126400,0,0,0,0,0,0,0,0,2048,0,488720,40308736,95420416
1744062321.001752,600004,21131157,0,131892268,123068376,122970908,0,1140012,0,263460,5346648,161420,4512868,102040,833780,1048576,1048576,0,0,0,0,5519760,523960,203764,107224,817012,107224,709788,27392,44096,0,0,0,65946132,8493164,34359738367,531040,0,72640,0,1126400,0,0,0,0,0,0,0,0,2048,0,488720,40308736,95420416
1744062322.001823,600004,21131157,0,131892268,123068376,122970908,0,1140012,0,263460,5346648,161420,4512868,102040,833780,1048576,1048576,0,0,0,0,5519760,523960,203764,107224,817012,107224,709788,27392,44096,0,0,0,65946132,8493164,34359738367,531040,0,72640,0,1126400,0,0,0,0,0,0,0,0,2048,0,488720,40308736,95420416
1744062323.001164,600004,21131157,0,131892268,123068376,122970908,0,1140012,0,263460,5346648,161420,4512868,102040,833780,1048576,1048576,0,0,0,0,5519760,523960,203764,107224,817012,107224,709788,27392,44096,0,0,0,65946132,8493164,34359738367,531040,0,72640,0,1126400,0,0,0,0,0,0,0,0,2048,0,488720,40308736,95420416
1744062324.001544,600004,21131157,0,131892268,123068376,122970908,0,1140012,0,263460,5346648,161420,4512868,102040,833780,1048576,1048576,0,0,0,0,5519760,523960,203764,107224,817012,107224,709788,27392,44096,0,0,0,65946132,8493164,34359738367,531040,0,72640,0,1126400,0,0,0,0,0,0,0,0,2048,0,488720,40308736,95420416
1744062325.001615,600004,21131157,0,131892268,123068376,122970908,0,1140012,0,263460,5346648,161420,4512868,102040,833780,1048576,1048576,0,0,0,0,5519760,523960,203764,107224,817012,107224,709788,27392,44096,0,0,0,65946132,8493164,34359738367,531040,0,72640,0,1126400,0,0,0,0,0,0,0,0,2048,0,488720,40308736,95420416
1744062326.001956,600004,21131157,0,131892268,123068376,122970908,0,1140012,0,263460,5346648,161420,4512868,102040,833780,1048576,1048576,0,0,0,0,5519760,523960,203764,107224,817012,107224,709788,27392,44096,0,0,0,65946132,8493164,34359738367,531040,0,72640,0,1126400,0,0,0,0,0,0,0,0,2048,0,488720,40308736,95420416
1744062327.001334,600004,21131157,0,131892268,123068376,122970908,0,1140012,0,263460,5346648,161420,4512868,102040,833780,1048576,1048576,0,0,0,0,5519760,523960,203764,107224,817012,107224,709788,27392,44096,0,0,0,65946132,8493164,34359738367,531040,0,72640,0,1126400,0,0,0,0,0,0,0,0,2048,0,488720,40308736,95420416
1744062328.001403,600004,21131157,0,131892268,123068376,122970908,0,1140012,0,263460,5346648,161420,4512868,102040,833780,1048576,1048576,0,0,0,0,5519760,523960,203764,107224,817012,107224,709788,27392,44096,0,0,0,65946132,8493164,34359738367,531040,0,72640,0,1126400,0,0,0,0,0,0,0,0,2048,0,488720,40308736,95420416
1744062329.001738,600004,21131157,0,131892268,123068376,122970908,0,1140012,0,263460,5346648,161420,4512868,102040,833780,1048576,1048576,0,0,0,0,5519760,523960,203764,107224,817012,107224,709788,27392,44096,0,0,0,65946132,8493164,34359738367,531040,0,72640,0,1126400,0,0,0,0,0,0,0,0,2048,0,488720,40308736,95420416
1744062330.002143,600004,21131157,0,131892268,123068376,122970908,0,1140012,0,263460,5346648,161420,4512868,102040,833780,1048576,1048576,0,0,0,0,5519760,523960,203764,107224,817012,107224,709788,27392,44096,0,0,0,65946132,8493164,34359738367,531040,0,72640,0,1126400,0,0,0,0,0,0,0,0,2048,0,488720,40308736,95420416
1744062331.001319,600004,21131157,0,131892268,123068376,122970908,0,1140012,0,263460,5346648,161420,4512868,102040,833780,1048576,1048576,0,0,0,0,5519760,523960,203764,107224,817012,107224,709788,27376,44096,0,0,0,65946132,8493164,34359738367,531024,0,72640,0,1126400,0,0,0,0,0,0,0,0,2048,0,488720,40308736,95420416
1744062332.001547,600004,21131157,0,131892268,123068404,122970936,0,1140012,0,263460,5346648,161420,4512868,102040,833780,1048576,1048576,0,0,0,0,5519760,523960,203764,107224,817012,107224,709788,27376,44096,0,0,0,65946132,8493164,34359738367,531024,0,72640,0,1126400,0,0,0,0,0,0,0,0,2048,0,488720,40308736,95420416
1744062333.001863,600004,21131157,0,131892268,123068404,122970936,0,1140012,0,263460,5346648,161420,4512868,102040,833780,1048576,1048576,0,0,0,0,5519760,523960,203764,107224,817012,107224,709788,27376,44096,0,0,0,65946132,8493164,34359738367,531024,0,72640,0,1126400,0,0,0,0,0,0,0,0,2048,0,488720,40308736,95420416
1744062334.002083,600004,21131157,0,131892268,123068404,122970936,0,1140012,0,263460,5346648,161420,4512868,102040,833780,1048576,1048576,0,0,0,0,5519760,523960,203764,107224,817012,107224,709788,27376,44096,0,0,0,65946132,8493164,34359738367,531024,0,72640,0,1126400,0,0,0,0,0,0,0,0,2048,0,488720,40308736,95420416
1744062335.001389,600004,21131157,0,131892268,123068404,122970936,0,1140012,0,263460,5346648,161420,4512868,102040,833780,1048576,1048576,0,0,0,0,5519760,523960,203764,107224,817012,107224,709788,27376,44096,0,0,0,65946132,8493164,34359738367,531024,0,72640,0,1126400,0,0,0,0,0,0,0,0,2048,0,488720,40308736,95420416
1744062336.001606,600004,21131157,0,131892268,123068404,122970936,0,1140012,0,263460,5346648,161420,4512868,102040,833780,1048576,1048576,0,0,0,0,5519760,523960,203764,107224,817012,107224,709788,27376,44096,0,0,0,65946132,8493164,34359738367,531024,0,72640,0,1126400,0,0,0,0,0,0,0,0,2048,0,488720,40308736,95420416
1744062337.001918,600004,21131157,0,131892268,123068404,122970936,0,1140012,0,263460,5346648,161420,4512868,102040,833780,1048576,1048576,0,0,0,0,5519760,523960,203764,107224,817012,107224,709788,27376,44096,0,0,0,65946132,8493164,34359738367,531024,0,72640,0,1126400,0,0,0,0,0,0,0,0,2048,0,488720,40308736,95420416
1744062338.002141,600004,21131157,0,131892268,123068404,122970936,0,1140012,0,263460,5346648,161420,4512868,102040,833780,1048576,1048576,0,0,0,0,5519760,523960,203764,107224,817012,107224,709788,27376,44096,0,0,0,65946132,8493164,34359738367,531024,0,72640,0,1126400,0,0,0,0,0,0,0,0,2048,0,488720,40308736,95420416
1744062339.001447,600004,21131157,0,131892268,123068404,122970936,0,1140012,0,263460,5346648,161420,4512868,102040,833780,1048576,1048576,0,0,0,0,5519760,523960,203764,107224,817012,107224,709788,27376,44096,0,0,0,65946132,8493164,34359738367,531024,0,72640,0,1126400,0,0,0,0,0,0,0,0,2048,0,488720,40308736,95420416
1744062340.012237,600004,21131157,0,131892268,123068404,122970936,0,1140012,0,263460,5346648,161420,4512868,102040,833780,1048576,1048576,0,0,0,0,5519760,523960,203764,107224,817012,107224,709788,27376,44096,0,0,0,65946132,8493164,34359738367,531024,0,72640,0,1126400,0,0,0,0,0,0,0,0,2048,0,488720,40308736,95420416
1744062341.001627,600004,21131157,0,131892268,123068404,122970936,0,1140012,0,263460,5346648,161420,4512868,102040,833780,1048576,1048576,0,0,0,0,5519760,523960,203764,107224,817012,107224,709788,27376,44096,0,0,0,65946132,8493164,34359738367,531024,0,72640,0,1126400,0,0,0,0,0,0,0,0,2048,0,488720,40308736,95420416
1744062342.001697,600004,21131157,0,131892268,123068404,122970936,0,1140012,0,263460,5346648,161420,4512868,102040,833780,1048576,1048576,0,0,0,0,5519760,523960,203764,107224,817012,107224,709788,27376,44096,0,0,0,65946132,8493164,34359738367,531024,0,72640,0,1126400,0,0,0,0,0,0,0,0,2048,0,488720,40308736,95420416
1744062343.002031,600004,21131157,0,131892268,123068404,122970936,0,1140012,0,263460,5346648,161420,4512868,102040,833780,1048576,1048576,0,0,0,0,5519760,523960,203764,107224,817012,107224,709788,27376,44096,0,0,0,65946132,8493164,34359738367,531024,0,72640,0,1126400,0,0,0,0,0,0,0,0,2048,0,488720,40308736,95420416
1744062344.001407,600004,21131157,0,131892268,123068404,122970936,0,1140012,0,263460,5346648,161420,4512868,102040,833780,1048576,1048576,0,0,0,0,5519760,523960,203764,107224,817012,107224,709788,27376,44096,0,0,0,65946132,8493164,34359738367,531024,0,72640,0,1126400,0,0,0,0,0,0,0,0,2048,0,488720,40308736,95420416
1744062345.001477,600004,21131157,0,131892268,123068380,122970912,0,1140012,0,263460,5346648,161420,4512868,102040,833780,1048576,1048576,0,0,0,0,5519760,523960,203764,107224,817036,107224,709812,27376,44096,0,0,0,65946132,8493164,34359738367,531024,0,72640,0,1126400,0,0,0,0,0,0,0,0,2048,0,488720,40308736,95420416
1744062346.001811,600004,21131157,0,131892268,123068364,122970896,0,1140012,0,263460,5346648,161420,4512868,102040,833780,1048576,1048576,0,0,0,0,5519760,523960,203764,107224,817052,107224,709828,27376,44096,0,0,0,65946132,8493164,34359738367,531024,0,72640,0,1126400,0,0,0,0,0,0,0,0,2048,0,488720,40308736,95420416
1744062347.002217,600004,21131157,0,131892268,123068364,122970896,0,1140012,0,263460,5346648,161420,4512868,102040,833780,1048576,1048576,0,0,0,0,5519760,523960,203764,107224,817052,107224,709828,27376,44096,0,0,0,65946132,8493164,34359738367,531024,0,72640,0,1126400,0,0,0,0,0,0,0,0,2048,0,488720,40308736,95420416
1744062348.001287,600004,21131157,0,131892268,123068364,122970896,0,1140012,0,263460,5346648,161420,4512868,102040,833780,1048576,1048576,0,0,0,0,5519760,523960,203764,107224,817052,107224,709828,27376,44096,0,0,0,65946132,8493164,34359738367,531024,0,72640,0,1126400,0,0,0,0,0,0,0,0,2048,0,488720,40308736,95420416
1744062349.001623,600004,21131157,0,131892268,123068364,122970896,0,1140012,0,263460,5346648,161420,4512868,102040,833780,1048576,1048576,0,0,0,0,5519760,523960,203764,107224,817052,107224,709828,27376,44096,0,0,0,65946132,8493164,34359738367,531024,0,72640,0,1126400,0,0,0,0,0,0,0,0,2048,0,488720,40308736,95420416
1744062350.002019,600004,21131157,0,131892268,123068364,122970896,0,1140012,0,263460,5346648,161420,4512868,102040,833780,1048576,1048576,0,0,0,0,5519760,523960,203764,107224,817052,107224,709828,27376,44096,0,0,0,65946132,8493164,34359738367,531024,0,72640,0,1126400,0,0,0,0,0,0,0,0,2048,0,488720,40308736,95420416
1744062351.001224,600004,21131157,0,131892268,123068364,122970896,0,1140012,0,263460,5346648,161420,4512868,102040,833780,1048576,1048576,0,0,0,0,5519760,523960,203764,107224,817052,107224,709828,27376,44096,0,0,0,65946132,8493164,34359738367,531024,0,72640,0,1126400,0,0,0,0,0,0,0,0,2048,0,488720,40308736,95420416
1744062352.001440,600004,21131157,0,131892268,123068364,122970896,0,1140012,0,263460,5346648,161420,4512868,102040,833780,1048576,1048576,0,0,0,0,5519760,523960,203764,107224,817052,107224,709828,27376,44096,0,0,0,65946132,8493164,34359738367,531024,0,72640,0,1126400,0,0,0,0,0,0,0,0,2048,0,488720,40308736,95420416
1744062353.001757,600004,21131157,0,131892268,123068364,122970896,0,1140012,0,263460,5346648,161420,4512868,102040,833780,1048576,1048576,0,0,0,0,5519760,523960,203764,107224,817052,107224,709828,27376,44096,0,0,0,65946132,8493164,34359738367,531024,0,72640,0,1126400,0,0,0,0,0,0,0,0,2048,0,488720,40308736,95420416
1744062354.001957,600004,21131157,0,131892268,123068364,122970896,0,1140012,0,263460,5346648,161420,4512868,102040,833780,1048576,1048576,0,0,0,0,5519760,523960,203764,107224,817052,107224,709828,27376,44096,0,0,0,65946132,8493164,34359738367,531024,0,72640,0,1126400,0,0,0,0,0,0,0,0,2048,0,488720,40308736,95420416
1744062355.001262,600004,21131157,0,131892268,123068364,122970896,0,1140012,0,263460,5346648,161420,4512868,102040,833780,1048576,1048576,0,0,0,0,5519760,523960,203764,107224,817052,107224,709828,27376,44096,0,0,0,65946132,8493164,34359738367,531024,0,72640,0,1126400,0,0,0,0,0,0,0,0,2048,0,488720,40308736,95420416
1744062356.001486,600004,21131157,0,131892268,123068364,122970896,0,1140012,0,263460,5346648,161420,4512868,102040,833780,1048576,1048576,0,0,0,0,5519760,523960,203764,107224,817052,107224,709828,27376,44096,0,0,0,65946132,8493164,34359738367,531024,0,72640,0,1126400,0,0,0,0,0,0,0,0,2048,0,488720,40308736,95420416
1744062357.000989,600004,21131157,0,131892268,123068348,122970880,0,1140012,0,263460,5346648,161420,4512868,102040,833780,1048576,1048576,0,0,0,0,5519760,523960,203764,107224,817068,107224,709844,27376,44096,0,0,0,65946132,8493164,34359738367,531024,0,72640,0,1126400,0,0,0,0,0,0,0,0,2048,0,488720,40308736,95420416
1744062358.001163,600004,21131157,0,131892268,123068376,122970908,0,1140012,0,263460,5346648,161420,4512868,102040,833780,1048576,1048576,0,0,0,0,5519760,523960,203764,107224,817068,107224,709844,27376,44096,0,0,0,65946132,8493164,34359738367,531024,0,72640,0,1126400,0,0,0,0,0,0,0,0,2048,0,488720,40308736,95420416
1744062359.001475,600004,21131157,0,131892268,123068376,122970908,0,1140012,0,263460,5346648,161420,4512868,102040,833780,1048576,1048576,0,0,0,0,5519760,523960,203764,107224,817068,107224,709844,27376,44096,0,0,0,65946132,8493164,34359738367,531024,0,72640,0,1126400,0,0,0,0,0,0,0,0,2048,0,488720,40308736,95420416
1744062360.012046,600004,21131157,0,131892268,123068376,122970908,0,1140012,0,263460,5346648,161420,4512868,102040,833780,1048576,1048576,0,0,0,0,5519760,523960,203764,107224,817068,107224,709844,27376,44096,0,0,0,65946132,8493164,34359738367,531024,0,72640,0,1126400,0,0,0,0,0,0,0,0,2048,0,488720,40308736,95420416
1744062361.001405,600004,21131157,0,131892268,123068376,122970908,0,1140012,0,263460,5346648,161420,4512868,102040,833780,1048576,1048576,0,0,0,0,5519760,523960,203764,107224,817068,107224,709844,27376,44096,0,0,0,65946132,8493164,34359738367,531024,0,72640,0,1126400,0,0,0,0,0,0,0,0,2048,0,488720,40308736,95420416
1744062362.001513,600004,21131157,0,131892268,126869172,126771852,0,1138004,0,307204,1679592,73404,976524,233800,703068,1048576,1048576,0,0,284,0,1898204,280008,200860,106472,812544,106472,706072,25104,13384,0,0,0,65946132,1989860,34359738367,528384,0,72640,0,1126400,0,0,0,0,0,0,0,0,2048,0,488720,40308736,95420416
1744062363.001988,600004,21131157,0,131892268,126870092,126772704,0,1135496,0,308192,1677576,72112,976540,236080,701036,1048576,1048576,0,0,0,0,1898640,278372,198304,106088,809748,106088,703660,25072,12004,0,0,0,65946132,1988872,34359738367,528432,0,72640,0,1126400,0,0,0,0,0,0,0,0,2048,0,488720,40308736,95420416
1744062364.001260,600004,21131157,0,131892268,127858800,127326628,0,194780,0,80340,963972,37124,934232,43216,29740,1048576,1048576,0,0,0,0,1898224,278516,122092,100680,760464,100680,659784,24704,11480,0,0,0,65946132,1951432,34359738367,528224,0,72640,0,1126400,0,0,0,0,0,0,0,0,2048,0,488720,40308736,95420416
1744062365.001381,600004,21131157,0,131892268,127839172,127313736,0,206624,0,88244,969808,37144,936108,51100,33700,1048576,1048576,0,0,0,0,1900664,280028,122092,102312,761964,102312,659652,25344,13920,0,0,0,65946132,1933232,34359738367,528288,0,72640,0,1126400,0,0,0,0,0,0,0,0,2048,0,488720,40308736,95420416
1744062366.001010,600004,21131157,0,131892268,127836348,127312652,0,209748,0,88664,974784,37156,938368,51508,36416,1048576,1048576,0,0,0,0,1902080,278436,122092,102664,761772,102664,659108,24528,10656,0,0,0,65946132,1952784,34359738367,528176,0,72640,0,1126400,0,0,0,0,0,0,0,0,2048,0,488720,40308736,95420416
1744062367.001580,600004,21131157,0,131892268,127840404,127318072,0,212464,0,90276,968772,37184,931232,53092,37540,1048576,1048576,0,0,0,0,1894896,277436,122092,102688,761756,102688,659068,24464,10620,0,0,0,65946132,1948608,34359738367,528144,0,72640,0,1126400,0,0,0,0,0,0,0,0,2048,0,488720,40308736,95420416
1744062368.001701,600004,21131157,0,131892268,127840728,127318400,0,212468,0,90276,968708,37184,931164,53092,37544,1048576,1048576,0,0,0,0,1894824,277436,122092,102688,761724,102688,659036,24432,10576,0,0,0,65946132,1948608,34359738367,528144,0,72640,0,1126400,0,0,0,0,0,0,0,0,2048,0,488720,40308736,95420416
1744062369.001335,600004,21131157,0,131892268,127840932,127318604,0,212468,0,90276,968708,37184,931164,53092,37544,1048576,1048576,0,0,0,0,1894824,277436,122092,102688,761724,102688,659036,24432,10576,0,0,0,65946132,1948608,34359738367,528144,0,72640,0,1126400,0,0,0,0,0,0,0,0,2048,0,488720,40308736,95420416
