timestamp,component_id,job_id,app_id,MemTotal,MemFree,MemAvailable,Buffers,Cached,SwapCached,Active,Inactive,Active(anon),Inactive(anon),Active(file),Inactive(file),Unevictable,Mlocked,SwapTotal,SwapFree,Dirty,Writeback,AnonPages,Mapped,Shmem,KReclaimable,Slab,SReclaimable,SUnreclaim,KernelStack,PageTables,NFS_Unstable,Bounce,WritebackTmp,CommitLimit,Committed_AS,VmallocTotal,VmallocUsed,VmallocChunk,Percpu,HardwareCorrupted,AnonHugePages,ShmemHugePages,ShmemPmdMapped,FileHugePages,FilePmdMapped,HugePages_Total,HugePages_Free,HugePages_Rsvd,HugePages_Surp,Hugepagesize,Hugetlb,DirectMap4k,DirectMap2M,DirectMap1G
1744061761.001494,600039,21131155,0,131892256,128650396,128122576,0,136568,0,55476,599592,6832,550356,48644,49236,1048576,1048576,0,0,164,0,1567364,230104,38632,84460,590956,84460,506496,23168,10932,0,0,0,65946128,3925072,34359738367,509804,0,52480,0,1116160,0,0,0,0,0,0,0,0,2048,0,349456,10039296,125829120
1744061762.001615,600039,21131155,0,131892256,128630916,128106792,0,144336,0,55584,617804,6832,561444,48752,56360,1048576,1048576,0,0,164,0,1578396,232760,38636,84620,591140,84620,506520,23168,10964,0,0,0,65946128,3940448,34359738367,509804,0,52480,0,1116160,0,0,0,0,0,0,0,0,2048,0,349456,10039296,125829120
1744061763.002318,600039,21131155,0,131892256,128606200,128092004,0,163528,0,56012,642024,6832,566684,49180,75340,1048576,1048576,0,0,164,0,1583368,241608,38888,85072,591680,85072,506608,23168,11016,0,0,0,65946128,3940448,34359738367,509804,0,52480,0,1116160,0,0,0,0,0,0,0,0,2048,0,349456,10039296,125829120
1744061764.001390,600039,21131155,0,131892256,128591512,128082912,0,174504,0,56108,657072,6832,570832,49276,86240,1048576,1048576,0,0,0,0,1587516,245804,38888,85264,591916,85264,506652,23168,11036,0,0,0,65946128,3947660,34359738367,509804,0,52480,0,1116160,0,0,0,0,0,0,0,0,2048,0,349456,10039296,125829120
1744061765.002026,600039,21131155,0,131892256,128566532,128063096,0,184528,0,56260,681040,6832,584944,49428,96096,1048576,1048576,0,0,0,0,1601632,249404,38888,85584,592256,85584,506672,23168,11080,0,0,0,65946128,3962808,34359738367,509804,0,52480,0,1116160,0,0,0,0,0,0,0,0,2048,0,349456,10039296,125829120
1744061766.001114,600039,21131155,0,131892256,128550112,128049560,0,190288,0,56536,697616,6832,596088,49704,101528,1048576,1048576,0,0,0,0,1612772,250580,38888,85648,592332,85648,506684,23168,11112,0,0,0,65946128,3970036,34359738367,509804,0,52480,0,1116160,0,0,0,0,0,0,0,0,2048,0,349456,10039296,125829120
1744061767.000677,600039,21131155,0,131892256,128453088,127971800,0,227840,0,57592,780152,7320,641884,50272,138268,1048576,1048576,0,0,76,0,1659132,258396,39108,86860,596184,86860,509324,23488,17616,0,0,0,65946128,4088048,34359738367,510460,0,52480,0,1116160,0,0,0,0,0,0,0,0,2048,0,349456,10039296,125829120
1744061768.001758,600039,21131155,0,131892256,128377872,127926948,0,288536,0,58208,853460,7384,655160,50824,198300,1048576,1048576,0,0,76,0,1672284,296240,39108,87004,595948,87004,508944,23504,21076,0,0,0,65946128,4088048,34359738367,510460,0,52480,0,1116160,0,0,0,0,0,0,0,0,2048,0,349456,10039296,125829120
1744061769.001543,600039,21131155,0,131892256,128262352,127835928,0,345356,0,58476,961448,7388,714596,51088,246852,1048576,1048576,0,0,76,0,1723736,337412,47392,87188,596320,87188,509132,24016,27160,0,0,0,65946128,4214404,34359738367,510684,0,52480,0,1116160,0,0,0,0,0,0,0,0,2048,0,349456,10039296,125829120
1744061770.001475,600039,21131155,0,131892256,127391628,126976192,0,435276,0,60304,1678200,7580,1411840,52724,266360,1048576,1048576,0,0,1056,0,2352884,420548,116008,88020,602868,88020,514848,25280,35372,0,0,0,65946128,5327340,34359738367,511788,0,52480,0,1116160,0,0,0,0,0,0,0,0,2048,0,349456,10039296,125829120
1744061771.001605,600039,21131155,0,131892256,127171644,126762676,0,448940,0,71188,1886048,16328,1608884,54860,277164,1048576,1048576,0,0,1096,0,2558296,432824,116520,88020,602580,88020,514560,25296,37416,0,0,0,65946128,5551460,34359738367,511788,0,52480,0,1116160,0,0,0,0,0,0,0,0,2048,0,349456,10039296,125829120
1744061772.002099,600039,21131155,0,131892256,127123668,126715400,0,450152,0,86328,1918668,31468,1640116,54860,278552,1048576,1048576,0,0,1128,0,2604432,433872,116648,88028,602588,88028,514560,25296,37488,0,0,0,65946128,5637364,34359738367,511788,0,52480,0,1116160,0,0,0,0,0,0,0,0,2048,0,349456,10039296,125829120
1744061773.001207,600039,21131155,0,131892256,126983568,126575964,0,451532,0,96608,2043344,41748,1763464,54860,279880,1048576,1048576,0,0,1132,0,2743200,434736,116648,88028,602592,88028,514564,25296,38064,0,0,0,65946128,6053960,34359738367,511788,0,52480,0,1116160,0,0,0,0,0,0,0,0,2048,0,349456,10039296,125829120
1744061774.001675,600039,21131155,0,131892256,126283364,125881896,0,463812,0,114528,2728672,59668,2436516,54860,292156,1048576,1048576,0,0,1136,0,3429724,446444,116648,88028,602616,88028,514588,25296,39604,0,0,0,65946128,6783948,34359738367,511788,0,52480,0,1116160,0,0,0,0,0,0,0,0,2048,0,349456,10039296,125829120
1744061775.002160,600039,21131155,0,131892256,126254836,125855156,0,467700,0,120636,2750764,65776,2455036,54860,295728,1048576,1048576,0,0,1192,0,3453656,449820,116648,88028,602528,88028,514500,25312,39828,0,0,0,65946128,6809396,34359738367,511804,0,52480,0,1116160,0,0,0,0,0,0,0,0,2048,0,349456,10039296,125829120
1744061776.001216,600039,21131155,0,131892256,126254984,125855420,0,467880,0,120636,2751004,65776,2455044,54860,295960,1048576,1048576,0,0,1292,0,3453688,449884,116712,88028,602528,88028,514500,25312,39828,0,0,0,65946128,6809396,34359738367,511804,0,52480,0,1116160,0,0,0,0,0,0,0,0,2048,0,349456,10039296,125829120
1744061777.001538,600039,21131155,0,131892256,126255088,125855580,0,468020,0,120636,2751124,65776,2455048,54860,296076,1048576,1048576,0,0,1416,0,3453688,449884,116712,88028,602544,88028,514516,25312,39828,0,0,0,65946128,6809396,34359738367,511804,0,52480,0,1116160,0,0,0,0,0,0,0,0,2048,0,349456,10039296,125829120
1744061778.001910,600039,21131155,0,131892256,126255112,125855660,0,468164,0,120636,2751244,65776,2455060,54860,296184,1048576,1048576,0,0,1544,0,3453692,449884,116712,88028,602544,88028,514516,25312,39828,0,0,0,65946128,6809396,34359738367,511804,0,52480,0,1116160,0,0,0,0,0,0,0,0,2048,0,349456,10039296,125829120
1744061779.001476,600039,21131155,0,131892256,126255044,125855628,0,468332,0,120636,2751364,65776,2455104,54860,296260,1048576,1048576,0,0,1688,0,3453696,449884,116712,88028,602560,88028,514532,25312,39828,0,0,0,65946128,6809396,34359738367,511804,0,52480,0,1116160,0,0,0,0,0,0,0,0,2048,0,349456,10039296,125829120
1744061780.001555,600039,21131155,0,131892256,126255060,125855704,0,468524,0,120636,2751492,65776,2455116,54860,296376,1048576,1048576,0,0,296,0,3453696,449948,116776,88028,602560,88028,514532,25312,39828,0,0,0,65946128,6809396,34359738367,511804,0,52480,0,1116160,0,0,0,0,0,0,0,0,2048,0,349456,10039296,125829120
1744061781.001327,600039,21131155,0,131892256,126255016,125855748,0,468660,0,120636,2751672,65776,2455116,54860,296556,1048576,1048576,0,0,120,0,3453696,449948,116776,88028,602576,88028,514548,25312,39828,0,0,0,65946128,6809396,34359738367,511804,0,52480,0,1116160,0,0,0,0,0,0,0,0,2048,0,349456,10039296,125829120
1744061782.001411,600039,21131155,0,131892256,125683496,125285888,0,471936,0,120976,3322216,66092,3022364,54884,299852,1048576,1048576,0,0,560,12,4021124,453072,116956,88028,602624,88028,514596,25312,40732,0,0,0,65946128,7133120,34359738367,511804,0,52480,0,1116160,0,0,0,0,0,0,0,0,2048,0,349456,10039296,125829120
1744061783.002098,600039,21131155,0,131892256,125681140,125284412,0,474100,0,121164,3324852,66272,3023252,54892,301600,1048576,1048576,0,0,744,20,4021248,453856,117600,88028,602672,88028,514644,25312,40732,0,0,0,65946128,7137372,34359738367,511804,0,52480,0,1116160,0,0,0,0,0,0,0,0,2048,0,349456,10039296,125829120
1744061784.001171,600039,21131155,0,131892256,125679740,125283756,0,476176,0,121208,3327024,66316,3023936,54892,303088,1048576,1048576,0,0,1120,20,4021272,454384,118128,88028,602768,88028,514740,25312,40732,0,0,0,65946128,7136460,34359738367,511804,0,52480,0,1116160,0,0,0,0,0,0,0,0,2048,0,349456,10039296,125829120
1744061785.000721,600039,21131155,0,131892256,125678448,125282968,0,477760,0,121240,3328620,66348,3024524,54892,304096,1048576,1048576,0,0,952,0,4021268,454996,118744,88028,602704,88028,514676,25312,40732,0,0,0,65946128,7134812,34359738367,511804,0,52480,0,1116160,0,0,0,0,0,0,0,0,2048,0,349456,10039296,125829120
1744061786.001468,600039,21131155,0,131892256,125675636,125281144,0,480456,0,121244,3331216,66352,3025140,54892,306076,1048576,1048576,0,0,788,0,4021280,455704,119452,88028,603088,88028,515060,25312,40732,0,0,0,65946128,7141952,34359738367,511804,0,52480,0,1116160,0,0,0,0,0,0,0,0,2048,0,349456,10039296,125829120
1744061787.001990,600039,21131155,0,131892256,125567860,125174592,0,483512,0,121636,3435916,66744,3127400,54892,308516,1048576,1048576,0,0,720,20,4125972,456612,119940,88040,603460,88040,515420,25312,40732,0,0,0,65946128,7240244,34359738367,511804,0,52480,0,1116160,0,0,0,0,0,0,0,0,2048,0,349456,10039296,125829120
1744061788.002071,600039,21131155,0,131892256,125261692,124869084,0,484844,0,135748,3726344,80856,3416508,54892,309836,1048576,1048576,0,0,880,0,4430560,456972,120044,88040,603236,88040,515196,25312,41400,0,0,0,65946128,7548008,34359738367,511804,0,52480,0,1116160,0,0,0,0,0,0,0,0,2048,0,349456,10039296,125829120
1744061789.001639,600039,21131155,0,131892256,124144752,123764332,0,509448,0,143204,4832936,86392,4500648,56812,332288,1048576,1048576,0,0,5488,2504,5516392,459436,119912,88040,604556,88040,516516,25312,43708,0,0,0,65946128,8743640,34359738367,511804,0,52480,0,1116160,0,0,0,0,0,0,0,0,2048,0,349456,10039296,125829120
1744061790.001530,600039,21131155,0,131892256,123974912,123612168,0,544932,0,149608,4995908,87252,4633812,62356,362096,1048576,1048576,0,0,17432,0,5650624,460992,119912,88040,607260,88040,519220,25328,44080,0,0,0,65946128,8902140,34359738367,511820,0,52480,0,1116160,0,0,0,0,0,0,0,0,2048,0,349456,10039296,125829120
1744061791.001603,600039,21131155,0,131892256,123914276,123551736,0,545232,0,149728,5056448,87372,4693944,62356,362504,1048576,1048576,0,0,17664,0,5710984,461084,119916,88040,607272,88040,519232,25328,44196,0,0,0,65946128,8940984,34359738367,511820,0,52480,0,1116160,0,0,0,0,0,0,0,0,2048,0,349456,10039296,125829120
1744061792.002064,600039,21131155,0,131892256,123914244,123551732,0,545264,0,149728,5056508,87372,4693944,62356,362564,1048576,1048576,0,0,17696,0,5710984,461084,119916,88040,607272,88040,519232,25328,44196,0,0,0,65946128,8940984,34359738367,511820,0,52480,0,1116160,0,0,0,0,0,0,0,0,2048,0,349456,10039296,125829120
1744061793.001193,600039,21131155,0,131892256,123914004,123551584,0,545492,0,151508,5054908,89060,4692256,62448,362652,1048576,1048576,0,0,17924,0,5710984,461084,119916,88040,607288,88040,519248,25328,44196,0,0,0,65946128,8940984,34359738367,511820,0,52480,0,1116160,0,0,0,0,0,0,0,0,2048,0,349456,10039296,125829120
1744061794.001703,600039,21131155,0,131892256,123913996,123551604,0,545512,0,151508,5054968,89060,4692256,62448,362712,1048576,1048576,0,0,17944,0,5710984,461084,119916,88040,607288,88040,519248,25328,44196,0,0,0,65946128,8940984,34359738367,511820,0,52480,0,1116160,0,0,0,0,0,0,0,0,2048,0,349456,10039296,125829120
1744061795.002440,600039,21131155,0,131892256,123913756,123551456,0,545760,0,151728,5054928,89280,4692036,62448,362892,1048576,1048576,0,0,18192,0,5710984,461084,119916,88040,607304,88040,519264,25328,44196,0,0,0,65946128,8940984,34359738367,511820,0,52480,0,1116160,0,0,0,0,0,0,0,0,2048,0,349456,10039296,125829120
1744061796.001518,600039,21131155,0,131892256,123913748,123551448,0,545776,0,151776,5054880,89328,4691988,62448,362892,1048576,1048576,0,0,18208,0,5710992,461084,119916,88040,607304,88040,519264,25328,44196,0,0,0,65946128,8940984,34359738367,511820,0,52480,0,1116160,0,0,0,0,0,0,0,0,2048,0,349456,10039296,125829120
1744061797.002007,600039,21131155,0,131892256,123861344,123537768,0,594072,0,154368,5101044,89488,4692552,64880,408492,1048576,1048576,0,0,28620,0,5711488,461084,119916,88040,611064,88040,523024,25328,44196,0,0,0,65946128,8939468,34359738367,511820,0,52480,0,1116160,0,0,0,0,0,0,0,0,2048,0,349456,10039296,125829120
1744061798.001542,600039,21131155,0,131892256,123861112,123537836,0,594328,0,154788,5100924,89836,4692204,64952,408720,1048576,1048576,0,0,28876,0,5711488,461084,119916,88040,611016,88040,522976,25328,44196,0,0,0,65946128,8939468,34359738367,511820,0,52480,0,1116160,0,0,0,0,0,0,0,0,2048,0,349456,10039296,125829120
1744061799.001621,600039,21131155,0,131892256,123861068,123537792,0,594340,0,154788,5100924,89836,4692204,64952,408720,1048576,1048576,0,0,28888,0,5711488,461084,119916,88040,611032,88040,522992,25328,44196,0,0,0,65946128,8939468,34359738367,511820,0,52480,0,1116160,0,0,0,0,0,0,0,0,2048,0,349456,10039296,125829120
1744061800.002048,600039,21131155,0,131892256,123861068,123537792,0,594364,0,154788,5100924,89836,4692204,64952,408720,1048576,1048576,0,0,28912,0,5711488,461084,119916,88040,611032,88040,522992,25328,44196,0,0,0,65946128,8939468,34359738367,511820,0,52480,0,1116160,0,0,0,0,0,0,0,0,2048,0,349456,10039296,125829120
1744061801.001872,600039,21131155,0,131892256,123860772,123537788,0,594652,0,155268,5100804,90272,4691836,64996,408968,1048576,1048576,0,0,29152,0,5711488,461132,119964,88040,611048,88040,523008,25328,44196,0,0,0,65946128,8939468,34359738367,511820,0,52480,0,1116160,0,0,0,0,0,0,0,0,2048,0,349456,10039296,125829120
1744061802.001950,600039,21131155,0,131892256,123860772,123537848,0,594680,0,155268,5100864,90272,4691836,64996,409028,1048576,1048576,0,0,29180,0,5711488,461132,119964,88040,611048,88040,523008,25328,44196,0,0,0,65946128,8939468,34359738367,511820,0,52480,0,1116160,0,0,0,0,0,0,0,0,2048,0,349456,10039296,125829120
1744061803.000797,600039,21131155,0,131892256,123807972,123533328,0,643256,0,158080,5146760,90424,4692112,67656,454648,1048576,1048576,0,0,7672,0,5711844,461140,119972,88040,614920,88040,526880,25328,44200,0,0,0,65946128,8942732,34359738367,511820,0,52480,0,1116160,0,0,0,0,0,0,0,0,2048,0,349456,10039296,125829120
1744061804.001872,600039,21131155,0,131892256,123808164,123533580,0,643260,0,158080,5146820,90424,4692112,67656,454708,1048576,1048576,0,0,7676,0,5711844,461140,119972,88040,614792,88040,526752,25328,44200,0,0,0,65946128,8942732,34359738367,511820,0,52480,0,1116160,0,0,0,0,0,0,0,0,2048,0,349456,10039296,125829120
1744061805.001523,600039,21131155,0,131892256,123808144,123533560,0,643272,0,158080,5146820,90424,4692112,67656,454708,1048576,1048576,0,0,7688,0,5711860,461140,119972,88040,614792,88040,526752,25328,44200,0,0,0,65946128,8942732,34359738367,511820,0,52480,0,1116160,0,0,0,0,0,0,0,0,2048,0,349456,10039296,125829120
1744061806.001605,600039,21131155,0,131892256,123808176,123533592,0,643280,0,158080,5146820,90424,4692112,67656,454708,1048576,1048576,0,0,7696,0,5711864,461140,119972,88040,614792,88040,526752,25328,44200,0,0,0,65946128,8942732,34359738367,511820,0,52480,0,1116160,0,0,0,0,0,0,0,0,2048,0,349456,10039296,125829120
1744061807.002213,600039,21131155,0,131892256,123808148,123533564,0,643288,0,158080,5146880,90424,4692172,67656,454708,1048576,1048576,0,0,7704,0,5711880,461140,119972,88040,614792,88040,526752,25328,44200,0,0,0,65946128,8942732,34359738367,511820,0,52480,0,1116160,0,0,0,0,0,0,0,0,2048,0,349456,10039296,125829120
1744061808.001319,600039,21131155,0,131892256,123807992,123533468,0,643336,0,158140,5146880,90440,4692156,67700,454724,1048576,1048576,0,0,7748,0,5711888,461144,119976,88040,614920,88040,526880,25328,44200,0,0,0,65946128,8942732,34359738367,511820,0,52480,0,1116160,0,0,0,0,0,0,0,0,2048,0,349456,10039296,125829120
1744061809.001889,600039,21131155,0,131892256,123807668,123533476,0,643568,0,158680,5146760,90896,4691788,67784,454972,1048576,1048576,0,0,7972,0,5712052,461152,119984,88040,614824,88040,526784,25328,44200,0,0,0,65946128,8942732,34359738367,511820,0,52480,0,1116160,0,0,0,0,0,0,0,0,2048,0,349456,10039296,125829120
1744061810.001960,600039,21131155,0,131892256,123807616,123533424,0,643576,0,158680,5146820,90896,4691848,67784,454972,1048576,1048576,0,0,7980,0,5712092,461152,119984,88040,614824,88040,526784,25328,44200,0,0,0,65946128,8942732,34359738367,511820,0,52480,0,1116160,0,0,0,0,0,0,0,0,2048,0,349456,10039296,125829120
1744061811.001685,600039,21131155,0,131892256,123807608,123533416,0,643584,0,158680,5146820,90896,4691848,67784,454972,1048576,1048576,0,0,7988,0,5712092,461152,119984,88040,614832,88040,526792,25328,44200,0,0,0,65946128,8942732,34359738367,511820,0,52480,0,1116160,0,0,0,0,0,0,0,0,2048,0,349456,10039296,125829120
1744061812.002180,600039,21131155,0,131892256,123807496,123533364,0,643588,0,158680,5146940,90896,4691908,67784,455032,1048576,1048576,0,0,7568,0,5712192,461152,119984,88040,614832,88040,526792,25328,44200,0,0,0,65946128,8942732,34359738367,511820,0,52480,0,1116160,0,0,0,0,0,0,0,0,2048,0,349456,10039296,125829120
1744061813.001302,600039,21131155,0,131892256,123807412,123533280,0,643600,0,158680,5147000,90896,4691968,67784,455032,1048576,1048576,0,0,7580,0,5712300,461152,119984,88040,614832,88040,526792,25328,44200,0,0,0,65946128,8942732,34359738367,511820,0,52480,0,1116160,0,0,0,0,0,0,0,0,2048,0,349456,10039296,125829120
1744061814.001742,600039,21131155,0,131892256,123807088,123533204,0,643900,0,159196,5146860,91412,4691580,67784,455280,1048576,1048576,0,0,7832,0,5712372,461200,120032,88040,614848,88040,526808,25328,44200,0,0,0,65946128,8942732,34359738367,511820,0,52480,0,1116160,0,0,0,0,0,0,0,0,2048,0,349456,10039296,125829120
1744061815.002237,600039,21131155,0,131892256,123806920,123533036,0,643908,0,159196,5146980,91412,4691700,67784,455280,1048576,1048576,0,0,7840,0,5712476,461200,120032,88040,614848,88040,526808,25328,44200,0,0,0,65946128,8942732,34359738367,511820,0,52480,0,1116160,0,0,0,0,0,0,0,0,2048,0,349456,10039296,125829120
1744061816.001331,600039,21131155,0,131892256,123806780,123532896,0,643916,0,159196,5147100,91412,4691820,67784,455280,1048576,1048576,0,0,7848,0,5712644,461200,120032,88040,614848,88040,526808,25328,44200,0,0,0,65946128,8942732,34359738367,511820,0,52480,0,1116160,0,0,0,0,0,0,0,0,2048,0,349456,10039296,125829120
1744061817.000964,600039,21131155,0,131892256,123754480,123528984,0,692204,0,161968,5192744,91500,4691760,70468,500984,1048576,1048576,0,0,20112,0,5712660,461200,120032,88040,618568,88040,530528,25328,44196,0,0,0,65946128,8942192,34359738367,511820,0,52480,0,1116160,0,0,0,0,0,0,0,0,2048,0,349456,10039296,125829120
1744061818.001470,600039,21131155,0,131892256,123754436,123528944,0,692208,0,162004,5192708,91500,4691756,70504,500952,1048576,1048576,0,0,20120,0,5712672,461200,120032,88040,618584,88040,530544,25328,44196,0,0,0,65946128,8942192,34359738367,511820,0,52480,0,1116160,0,0,0,0,0,0,0,0,2048,0,349456,10039296,125829120
1744061819.001574,600039,21131155,0,131892256,123754168,123528740,0,692220,0,162004,5193008,91500,4691992,70504,501016,1048576,1048576,0,0,20132,0,5712964,461200,120032,88040,618584,88040,530544,25328,44196,0,0,0,65946128,8942192,34359738367,511820,0,52480,0,1116160,0,0,0,0,0,0,0,0,2048,0,349456,10039296,125829120
1744061820.002004,600039,21131155,0,131892256,123753612,123528364,0,692472,0,162784,5192828,92196,4691716,70588,501112,1048576,1048576,0,0,20384,0,5713320,461200,120032,88040,618552,88040,530512,25328,44196,0,0,0,65946128,8942192,34359738367,511820,0,52480,0,1116160,0,0,0,0,0,0,0,0,2048,0,349456,10039296,125829120
1744061821.001925,600039,21131155,0,131892256,123753656,123528412,0,692480,0,162784,5192828,92196,4691716,70588,501112,1048576,1048576,0,0,20392,0,5713360,461200,120032,88048,618468,88048,530420,25328,44196,0,0,0,65946128,8942192,34359738367,511820,0,52480,0,1116160,0,0,0,0,0,0,0,0,2048,0,349456,10039296,125829120
1744061822.002000,600039,21131155,0,131892256,123753236,123528052,0,692496,0,162904,5193128,92316,4691956,70588,501172,1048576,1048576,0,0,3444,0,5713768,461200,120032,88048,618468,88048,530420,25328,44196,0,0,0,65946128,8942192,34359738367,511820,0,52480,0,1116160,0,0,0,0,0,0,0,0,2048,0,349456,10039296,125829120
1744061823.001623,600039,21131155,0,131892256,123752744,123527560,0,692508,0,162904,5193668,92316,4692496,70588,501172,1048576,1048576,0,0,3464,0,5714288,461200,120032,88048,618468,88048,530420,25328,44196,0,0,0,65946128,8942192,34359738367,511820,0,52480,0,1116160,0,0,0,0,0,0,0,0,2048,0,349456,10039296,125829120
1744061824.001709,600039,21131155,0,131892256,123752432,123527308,0,692516,0,162904,5194028,92316,4692796,70588,501232,1048576,1048576,0,0,3472,0,5714608,461200,120032,88048,618484,88048,530436,25328,44196,0,0,0,65946128,8942192,34359738367,511820,0,52480,0,1116160,0,0,0,0,0,0,0,0,2048,0,349456,10039296,125829120
1744061825.002299,600039,21131155,0,131892256,123752124,123527004,0,692516,0,162996,5194296,92352,4693116,70644,501180,1048576,1048576,0,0,3472,0,5714924,461200,120032,88048,618484,88048,530436,25328,44196,0,0,0,65946128,8942192,34359738367,511820,0,52480,0,1116160,0,0,0,0,0,0,0,0,2048,0,349456,10039296,125829120
1744061826.001391,600039,21131155,0,131892256,123751168,123526272,0,692784,0,163584,5194548,92856,4693228,70728,501320,1048576,1048576,0,0,3724,0,5715592,461216,120048,88048,618516,88048,530468,25328,44196,0,0,0,65946128,8942192,34359738367,511820,0,52480,0,1116160,0,0,0,0,0,0,0,0,2048,0,349456,10039296,125829120
1744061827.002030,600039,21131155,0,131892256,123750832,123525936,0,692796,0,163584,5194908,92856,4693588,70728,501320,1048576,1048576,0,0,3284,0,5715928,461216,120048,88048,618548,88048,530500,25328,44196,0,0,0,65946128,8942192,34359738367,511820,0,52480,0,1116160,0,0,0,0,0,0,0,0,2048,0,349456,10039296,125829120
1744061828.001150,600039,21131155,0,131892256,123750328,123525492,0,692804,0,163764,5195208,92996,4693868,70768,501340,1048576,1048576,0,0,3296,0,5716404,461216,120048,88048,618580,88048,530532,25328,44196,0,0,0,65946128,8942192,34359738367,511820,0,52480,0,1116160,0,0,0,0,0,0,0,0,2048,0,349456,10039296,125829120
1744061829.001744,600039,21131155,0,131892256,123749500,123524664,0,692820,0,163820,5195992,93020,4694684,70800,501308,1048576,1048576,0,0,3312,0,5717256,461216,120048,88048,618580,88048,530532,25328,44196,0,0,0,65946128,8942192,34359738367,511820,0,52480,0,1116160,0,0,0,0,0,0,0,0,2048,0,349456,10039296,125829120
1744061830.001826,600039,21131155,0,131892256,123748828,123524144,0,692828,0,163820,5196832,93020,4695372,70800,501460,1048576,1048576,0,0,3320,0,5717960,461216,120048,88048,618580,88048,530532,25328,44196,0,0,0,65946128,8942192,34359738367,511820,0,52480,0,1116160,0,0,0,0,0,0,0,0,2048,0,349456,10039296,125829120
1744061831.000586,600039,21131155,0,131892256,123726540,123518276,0,709368,0,164180,5216956,93340,4699116,70840,517840,1048576,1048576,0,0,7768,0,5721808,461216,120048,88048,619292,88048,531244,25328,44196,0,0,0,65946128,8942192,34359738367,511820,0,52480,0,1116160,0,0,0,0,0,0,0,0,2048,0,349456,10039296,125829120
1744061832.001775,600039,21131155,0,131892256,123694840,123518584,0,741416,0,167108,5243484,93772,4696132,73336,547352,1048576,1048576,0,0,46900,0,5719380,461216,120048,88048,622364,88048,534316,25328,44196,0,0,0,65946128,8942776,34359738367,511820,0,52480,0,1116160,0,0,0,0,0,0,0,0,2048,0,349456,10039296,125829120
1744061833.001853,600039,21131155,0,131892256,123694756,123518500,0,741420,0,167108,5243604,93772,4696252,73336,547352,1048576,1048576,0,0,46904,0,5719472,461216,120048,88048,622364,88048,534316,25328,44196,0,0,0,65946128,8942776,34359738367,511820,0,52480,0,1116160,0,0,0,0,0,0,0,0,2048,0,349456,10039296,125829120
1744061834.001366,600039,21131155,0,131892256,123693720,123517584,0,741436,0,167408,5244444,94032,4697012,73376,547432,1048576,1048576,0,0,46920,0,5720548,461216,120048,88048,622364,88048,534316,25328,44196,0,0,0,65946128,8942776,34359738367,511820,0,52480,0,1116160,0,0,0,0,0,0,0,0,2048,0,349456,10039296,125829120
1744061835.001896,600039,21131155,0,131892256,123692292,123516228,0,741448,0,167648,5245524,94188,4698104,73460,547420,1048576,1048576,0,0,46932,0,5721920,461216,120048,88048,622364,88048,534316,25328,44196,0,0,0,65946128,8942776,34359738367,511820,0,52480,0,1116160,0,0,0,0,0,0,0,0,2048,0,349456,10039296,125829120
1744061836.001974,600039,21131155,0,131892256,123692208,123516196,0,741456,0,167648,5245644,94188,4698172,73460,547472,1048576,1048576,0,0,46940,0,5722004,461216,120048,88048,622364,88048,534316,25328,44196,0,0,0,65946128,8942776,34359738367,511820,0,52480,0,1116160,0,0,0,0,0,0,0,0,2048,0,349456,10039296,125829120
1744061837.001435,600039,21131155,0,131892256,123690836,123514864,0,741460,0,167828,5246904,94368,4699392,73460,547512,1048576,1048576,0,0,72,3200,5723388,461216,120048,88048,622364,88048,534316,25328,44196,0,0,0,65946128,8942776,34359738367,511820,0,52480,0,1116160,0,0,0,0,0,0,0,0,2048,0,349456,10039296,125829120
1744061838.001935,600039,21131155,0,131892256,123688956,123513272,0,741720,0,168752,5247796,95204,4700084,73548,547712,1048576,1048576,0,0,268,0,5724876,461220,120052,88048,622508,88048,534460,25328,44196,0,0,0,65946128,8942776,34359738367,511820,0,52480,0,1116160,0,0,0,0,0,0,0,0,2048,0,349456,10039296,125829120
1744061839.002035,600039,21131155,0,131892256,123688856,123513216,0,741724,0,168752,5248036,95204,4700280,73548,547756,1048576,1048576,0,0,276,0,5725064,461220,120052,88048,622508,88048,534460,25328,44196,0,0,0,65946128,8942776,34359738367,511820,0,52480,0,1116160,0,0,0,0,0,0,0,0,2048,0,349456,10039296,125829120
1744061840.001666,600039,21131155,0,131892256,123687372,123511732,0,741732,0,169460,5248708,95896,4700968,73564,547740,1048576,1048576,0,0,284,0,5726516,461220,120052,88048,622508,88048,534460,25328,44196,0,0,0,65946128,8942776,34359738367,511820,0,52480,0,1116160,0,0,0,0,0,0,0,0,2048,0,349456,10039296,125829120
1744061841.001488,600039,21131155,0,131892256,123685580,123509940,0,741748,0,169760,5250088,96140,4702404,73620,547684,1048576,1048576,0,0,300,0,5728280,461220,120052,88048,622508,88048,534460,25328,44196,0,0,0,65946128,8942776,34359738367,511820,0,52480,0,1116160,0,0,0,0,0,0,0,0,2048,0,349456,10039296,125829120
1744061842.001567,600039,21131155,0,131892256,123685384,123509744,0,741756,0,169760,5250328,96140,4702644,73620,547684,1048576,1048576,0,0,312,0,5728456,461220,120052,88048,622508,88048,534460,25328,44196,0,0,0,65946128,8961420,34359738367,511820,0,52480,0,1116160,0,0,0,0,0,0,0,0,2048,0,349456,10039296,125829120
1744061843.002141,600039,21131155,0,131892256,123683604,123507964,0,741764,0,170520,5251188,96892,4703512,73628,547676,1048576,1048576,0,0,320,0,5730200,461220,120052,88048,622524,88048,534476,25328,44220,0,0,0,65946128,8961420,34359738367,511820,0,52480,0,1116160,0,0,0,0,0,0,0,0,2048,0,349456,10039296,125829120
1744061844.001219,600039,21131155,0,131892256,123657844,123482428,0,742024,0,170820,5276628,97100,4728820,73720,547808,1048576,1048576,0,0,580,0,5755704,461220,120052,88048,622524,88048,534476,25328,44268,0,0,0,65946128,8991504,34359738367,511820,0,52480,0,1116160,0,0,0,0,0,0,0,0,2048,0,349456,10039296,125829120
1744061845.001806,600039,21131155,0,131892256,123657212,123481796,0,742024,0,170940,5277048,97220,4729240,73720,547808,1048576,1048576,0,0,580,0,5756272,461220,120052,88048,622524,88048,534476,25328,44268,0,0,0,65946128,8991504,34359738367,511820,0,52480,0,1116160,0,0,0,0,0,0,0,0,2048,0,349456,10039296,125829120
1744061846.001884,600039,21131155,0,131892256,123655196,123479780,0,742032,0,171768,5278320,98020,4730540,73748,547780,1048576,1048576,0,0,588,0,5758336,461220,120052,88048,622524,88048,534476,25328,44268,0,0,0,65946128,8991504,34359738367,511820,0,52480,0,1116160,0,0,0,0,0,0,0,0,2048,0,349456,10039296,125829120
1744061847.001495,600039,21131155,0,131892256,123602128,123473552,0,789112,0,173908,5324848,98284,4732104,75624,592744,1048576,1048576,0,0,9740,0,5759820,461220,120052,88048,626172,88048,538124,25328,44272,0,0,0,65946128,9012428,34359738367,511820,0,52480,0,1116160,0,0,0,0,0,0,0,0,2048,0,349456,10039296,125829120
1744061848.001574,600039,21131155,0,131892256,123600340,123473348,0,790368,0,174748,5326628,98352,4733072,76396,593556,1048576,1048576,0,0,12596,0,5761072,461220,120052,88048,626300,88048,538252,25328,44292,0,0,0,65946128,9012428,34359738367,511820,0,52480,0,1116160,0,0,0,0,0,0,0,0,2048,0,349456,10039296,125829120
1744061849.002182,600039,21131155,0,131892256,123591016,123464060,0,790380,0,175100,5335460,98664,4741908,76436,593552,1048576,1048576,0,0,12608,0,5770424,461220,120052,88048,626300,88048,538252,25328,44308,0,0,0,65946128,9012428,34359738367,511820,0,52480,0,1116160,0,0,0,0,0,0,0,0,2048,0,349456,10039296,125829120
1744061850.001303,600039,21131155,0,131892256,123590552,123463596,0,790384,0,175100,5335880,98664,4742328,76436,593552,1048576,1048576,0,0,12612,0,5770668,461220,120052,88048,626428,88048,538380,25328,44308,0,0,0,65946128,9012428,34359738367,511820,0,52480,0,1116160,0,0,0,0,0,0,0,0,2048,0,349456,10039296,125829120
1744061851.001986,600039,21131155,0,131892256,123588088,123461476,0,790636,0,176060,5337436,99588,4743576,76472,593860,1048576,1048576,0,0,12864,0,5773040,461220,120052,88048,626316,88048,538268,25328,44308,0,0,0,65946128,9012428,34359738367,511820,0,52480,0,1116160,0,0,0,0,0,0,0,0,2048,0,349456,10039296,125829120
1744061852.001499,600039,21131155,0,131892256,123586960,123460348,0,790648,0,176060,5338564,99588,4744704,76472,593860,1048576,1048576,0,0,12876,0,5774220,461220,120052,88048,626324,88048,538276,25328,44308,0,0,0,65946128,9012428,34359738367,511820,0,52480,0,1116160,0,0,0,0,0,0,0,0,2048,0,349456,10039296,125829120
1744061853.001653,600039,21131155,0,131892256,123585532,123458920,0,790652,0,176596,5339540,99988,4745816,76608,593724,1048576,1048576,0,0,12880,0,5775600,461220,120052,88048,626324,88048,538276,25328,44308,0,0,0,65946128,9012428,34359738367,511820,0,52480,0,1116160,0,0,0,0,0,0,0,0,2048,0,349456,10039296,125829120
1744061854.001231,600039,21131155,0,131892256,123582900,123456296,0,790664,0,176876,5341840,100252,4748124,76624,593716,1048576,1048576,0,0,12892,0,5778176,461220,120052,88048,626324,88048,538276,25328,44320,0,0,0,65946128,9021780,34359738367,511820,0,52480,0,1116160,0,0,0,0,0,0,0,0,2048,0,349456,10039296,125829120
1744061855.001782,600039,21131155,0,131892256,123585168,123458564,0,790672,0,176876,5339560,100252,4745844,76624,593716,1048576,1048576,0,0,12900,0,5775868,461220,120052,88048,626324,88048,538276,25328,44320,0,0,0,65946128,9021488,34359738367,511820,0,52480,0,1116160,0,0,0,0,0,0,0,0,2048,0,349456,10039296,125829120
1744061856.001852,600039,21131155,0,131892256,123583096,123456544,0,790684,0,177592,5340880,100968,4747112,76624,593768,1048576,1048576,0,0,12912,0,5777968,461220,120052,88048,626324,88048,538276,25328,44320,0,0,0,65946128,9021488,34359738367,511820,0,52480,0,1116160,0,0,0,0,0,0,0,0,2048,0,349456,10039296,125829120
1744061857.001368,600039,21131155,0,131892256,123565748,123439468,0,790940,0,177592,5358280,100968,4764240,76624,594040,1048576,1048576,0,0,13168,0,5795012,461220,120052,88048,626340,88048,538292,25328,44352,0,0,0,65946128,9048980,34359738367,511820,0,52480,0,1116160,0,0,0,0,0,0,0,0,2048,0,349456,10039296,125829120
1744061858.001996,600039,21131155,0,131892256,123564276,123438028,0,790944,0,178244,5359044,101592,4765000,76652,594044,1048576,1048576,0,0,116,4024,5796488,461220,120052,88048,626356,88048,538308,25328,44364,0,0,0,65946128,9048980,34359738367,511820,0,52480,0,1116160,0,0,0,0,0,0,0,0,2048,0,349456,10039296,125829120
1744061859.002076,600039,21131155,0,131892256,123562232,123435984,0,790956,0,178888,5360440,102208,4766424,76680,594016,1048576,1048576,0,0,28,0,5798492,461220,120052,88048,626356,88048,538308,25328,44364,0,0,0,65946128,9048980,34359738367,511820,0,52480,0,1116160,0,0,0,0,0,0,0,0,2048,0,349456,10039296,125829120
1744061860.001561,600039,21131155,0,131892256,123562064,123435816,0,790956,0,178888,5360560,102208,4766544,76680,594016,1048576,1048576,0,0,28,0,5798668,461220,120052,88048,626356,88048,538308,25328,44364,0,0,0,65946128,9048980,34359738367,511820,0,52480,0,1116160,0,0,0,0,0,0,0,0,2048,0,349456,10039296,125829120
1744061861.000755,600039,21131155,0,131892256,123560152,123433904,0,790964,0,179244,5362124,102564,4768108,76680,594016,1048576,1048576,0,0,36,0,5800532,461220,120052,88048,626364,88048,538316,25328,44368,0,0,0,65946128,9048980,34359738367,511820,0,52480,0,1116160,0,0,0,0,0,0,0,0,2048,0,349456,10039296,125829120
1744061862.001844,600039,21131155,0,131892256,123558976,123432728,0,790968,0,179748,5362820,103068,4768804,76680,594016,1048576,1048576,0,0,40,0,5801720,461220,120052,88048,626364,88048,538316,25328,44368,0,0,0,65946128,9048980,34359738367,511820,0,52480,0,1116160,0,0,0,0,0,0,0,0,2048,0,349456,10039296,125829120
1744061863.001443,600039,21131155,0,131892256,123558052,123431832,0,790984,0,180972,5362496,104236,4768508,76736,593988,1048576,1048576,0,0,60,0,5802636,461220,120052,88048,626364,88048,538316,25328,44368,0,0,0,65946128,9048980,34359738367,511820,0,52480,0,1116160,0,0,0,0,0,0,0,0,2048,0,349456,10039296,125829120
1744061864.001509,600039,21131155,0,131892256,123504492,123426672,0,839524,0,185040,5407872,105512,4768276,79528,639596,1048576,1048576,0,0,46056,0,5803636,461220,120052,88048,630212,88048,542164,25328,44364,0,0,0,65946128,9048044,34359738367,511820,0,52480,0,1116160,0,0,0,0,0,0,0,0,2048,0,349456,10039296,125829120
1744061865.002052,600039,21131155,0,131892256,123504344,123426544,0,839528,0,185040,5408172,105512,4768556,79528,639616,1048576,1048576,0,0,46060,0,5803888,461220,120052,88048,630220,88048,542172,25328,44364,0,0,0,65946128,9048044,34359738367,511820,0,52480,0,1116160,0,0,0,0,0,0,0,0,2048,0,349456,10039296,125829120
1744061866.001156,600039,21131155,0,131892256,123502692,123424936,0,839540,0,185156,5409756,105624,4770100,79532,639656,1048576,1048576,0,0,46072,0,5805528,461220,120052,88048,630220,88048,542172,25328,44372,0,0,0,65946128,9051900,34359738367,511820,0,52480,0,1116160,0,0,0,0,0,0,0,0,2048,0,349456,10039296,125829120
1744061867.001774,600039,21131155,0,131892256,123502412,123424656,0,839540,0,185156,5409996,105624,4770340,79532,639656,1048576,1048576,0,0,46072,0,5805804,461220,120052,88048,630220,88048,542172,25328,44372,0,0,0,65946128,9051900,34359738367,511820,0,52480,0,1116160,0,0,0,0,0,0,0,0,2048,0,349456,10039296,125829120
1744061868.001857,600039,21131155,0,131892256,123500788,123423104,0,839548,0,185904,5410868,106372,4771140,79532,639728,1048576,1048576,0,0,46080,0,5807400,461220,120052,88048,630220,88048,542172,25328,44372,0,0,0,65946128,9051900,34359738367,511820,0,52480,0,1116160,0,0,0,0,0,0,0,0,2048,0,349456,10039296,125829120
1744061869.001415,600039,21131155,0,131892256,123499240,123421568,0,839560,0,186084,5412128,106516,4772424,79568,639704,1048576,1048576,0,0,12,0,5808824,461220,120052,88048,630284,88048,542236,25328,44372,0,0,0,65946128,9051900,34359738367,511820,0,52480,0,1116160,0,0,0,0,0,0,0,0,2048,0,349456,10039296,125829120
1744061870.001509,600039,21131155,0,131892256,123498736,123421064,0,839568,0,186180,5412512,106612,4772808,79568,639704,1048576,1048576,0,0,24,0,5809368,461220,120052,88048,630284,88048,542236,25328,44372,0,0,0,65946128,9051900,34359738367,511820,0,52480,0,1116160,0,0,0,0,0,0,0,0,2048,0,349456,10039296,125829120
1744061871.001407,600039,21131155,0,131892256,123496760,123419424,0,839828,0,186988,5413924,107352,4773952,79636,639972,1048576,1048576,0,0,292,0,5811128,461220,120052,88048,630300,88048,542252,25328,44372,0,0,0,65946128,9051900,34359738367,511820,0,52480,0,1116160,0,0,0,0,0,0,0,0,2048,0,349456,10039296,125829120
1744061872.001882,600039,21131155,0,131892256,123496508,123419172,0,839832,0,186988,5414164,107352,4774192,79636,639972,1048576,1048576,0,0,296,0,5811372,461220,120052,88048,630300,88048,542252,25328,44372,0,0,0,65946128,9051900,34359738367,511820,0,52480,0,1116160,0,0,0,0,0,0,0,0,2048,0,349456,10039296,125829120
1744061873.001975,600039,21131155,0,131892256,123494968,123417632,0,839844,0,187064,5415592,107400,4775648,79664,639944,1048576,1048576,0,0,308,0,5812952,461220,120052,88048,630300,88048,542252,25328,44376,0,0,0,65946128,9051900,34359738367,511820,0,52480,0,1116160,0,0,0,0,0,0,0,0,2048,0,349456,10039296,125829120
1744061874.001377,600039,21131155,0,131892256,123494268,123416932,0,839848,0,187064,5416312,107400,4776368,79664,639944,1048576,1048576,0,0,312,0,5813620,461220,120052,88048,630300,88048,542252,25328,44376,0,0,0,65946128,9051900,34359738367,511820,0,52480,0,1116160,0,0,0,0,0,0,0,0,2048,0,349456,10039296,125829120
1744061875.001861,600039,21131155,0,131892256,123493092,123415780,0,839852,0,187560,5416836,107892,4776872,79668,639964,1048576,1048576,0,0,316,0,5814760,461220,120052,88048,630300,88048,542252,25328,44376,0,0,0,65946128,9051900,34359738367,511820,0,52480,0,1116160,0,0,0,0,0,0,0,0,2048,0,349456,10039296,125829120
1744061876.001945,600039,21131155,0,131892256,123491348,123414036,0,839860,0,187668,5418528,108000,4778564,79668,639964,1048576,1048576,0,0,324,0,5816508,461220,120052,88048,630308,88048,542260,25328,44376,0,0,0,65946128,9051900,34359738367,511820,0,52480,0,1116160,0,0,0,0,0,0,0,0,2048,0,349456,10039296,125829120
1744061877.001345,600039,21131155,0,131892256,123491152,123413840,0,839872,0,187836,5418600,108168,4778636,79668,639964,1048576,1048576,0,0,336,0,5816740,461220,120052,88048,630308,88048,542260,25328,44376,0,0,0,65946128,9051900,34359738367,511820,0,52480,0,1116160,0,0,0,0,0,0,0,0,2048,0,349456,10039296,125829120
1744061878.001804,600039,21131155,0,131892256,123489084,123412088,0,840132,0,188256,5420232,108588,4779968,79668,640264,1048576,1048576,0,0,592,0,5818504,461224,120056,88080,630332,88080,542252,25328,44376,0,0,0,65946128,9051900,34359738367,511820,0,52480,0,1116160,0,0,0,0,0,0,0,0,2048,0,349456,10039296,125829120
1744061879.001890,600039,21131155,0,131892256,123488776,123411876,0,840228,0,188256,5420472,108588,4780112,79668,640360,1048576,1048576,0,0,592,0,5818704,461228,120056,88080,630332,88080,542252,25328,44376,0,0,0,65946128,9051900,34359738367,511820,0,52480,0,1116160,0,0,0,0,0,0,0,0,2048,0,349456,10039296,125829120
1744061880.001311,600039,21131155,0,131892256,123487152,123410252,0,840240,0,188576,5421772,108904,4781416,79672,640356,1048576,1048576,0,0,604,0,5820352,461228,120056,88080,630332,88080,542252,25328,44376,0,0,0,65946128,9051900,34359738367,511820,0,52480,0,1116160,0,0,0,0,0,0,0,0,2048,0,349456,10039296,125829120
1744061881.000757,600039,21131155,0,131892256,123435320,123402204,0,885380,0,189764,5465320,109148,4782124,80616,683196,1048576,1048576,0,0,40324,0,5820984,461228,120056,88080,632956,88080,544876,25328,44388,0,0,0,65946128,9057420,34359738367,511820,0,52480,0,1116160,0,0,0,0,0,0,0,0,2048,0,349456,10039296,125829120
1744061882.001845,600039,21131155,0,131892256,123432800,123403984,0,888628,0,191656,5469012,109380,4783176,82276,685836,1048576,1048576,0,0,45420,0,5822416,461228,120056,88080,634116,88080,546036,25328,44388,0,0,0,65946128,9057420,34359738367,511820,0,52480,0,1116160,0,0,0,0,0,0,0,0,2048,0,349456,10039296,125829120
1744061883.001429,600039,21131155,0,131892256,123415284,123386524,0,888640,0,191656,5486712,109380,4800820,82276,685892,1048576,1048576,0,0,45432,0,5839980,461228,120056,88080,634132,88080,546052,25328,44424,0,0,0,65946128,9079868,34359738367,511820,0,52480,0,1116160,0,0,0,0,0,0,0,0,2048,0,349456,10039296,125829120
1744061884.001535,600039,21131155,0,131892256,123414528,123385796,0,888640,0,192548,5486480,110252,4800580,82296,685900,1048576,1048576,0,0,45432,0,5840664,461228,120056,88080,634132,88080,546052,25328,44432,0,0,0,65946128,9079868,34359738367,511820,0,52480,0,1116160,0,0,0,0,0,0,0,0,2048,0,349456,10039296,125829120
1744061885.001738,600039,21131155,0,131892256,123412784,123384428,0,888904,0,192848,5488040,110480,4801836,82368,686204,1048576,1048576,0,0,176,0,5842092,461228,120056,88080,634196,88080,546116,25328,44432,0,0,0,65946128,9097344,34359738367,511820,0,52480,0,1116160,0,0,0,0,0,0,0,0,2048,0,349456,10039296,125829120
1744061886.001834,600039,21131155,0,131892256,123412364,123384008,0,888912,0,193196,5488052,110756,4801920,82440,686132,1048576,1048576,0,0,192,0,5842504,461228,120056,88080,634196,88080,546116,25328,44452,0,0,0,65946128,9097344,34359738367,511820,0,52480,0,1116160,0,0,0,0,0,0,0,0,2048,0,349456,10039296,125829120
1744061887.000604,600039,21131155,0,131892256,123410680,123382336,0,888920,0,193324,5489664,110884,4803520,82440,686144,1048576,1048576,0,0,208,0,5844156,461228,120056,88080,634228,88080,546148,25328,44452,0,0,0,65946128,9097344,34359738367,511820,0,52480,0,1116160,0,0,0,0,0,0,0,0,2048,0,349456,10039296,125829120
1744061888.001688,600039,21131155,0,131892256,123410484,123382140,0,888920,0,193324,5489784,110884,4803640,82440,686144,1048576,1048576,0,0,208,0,5844332,461228,120056,88080,634228,88080,546148,25328,44452,0,0,0,65946128,9097344,34359738367,511820,0,52480,0,1116160,0,0,0,0,0,0,0,0,2048,0,349456,10039296,125829120
1744061889.002229,600039,21131155,0,131892256,123409000,123380684,0,888928,0,193732,5490816,111256,4804680,82476,686136,1048576,1048576,0,0,216,0,5845880,461228,120056,88080,634228,88080,546148,25328,44452,0,0,0,65946128,9097344,34359738367,511820,0,52480,0,1116160,0,0,0,0,0,0,0,0,2048,0,349456,10039296,125829120
1744061890.001318,600039,21131155,0,131892256,123408776,123380460,0,888928,0,193732,5491056,111256,4804920,82476,686136,1048576,1048576,0,0,216,0,5846080,461228,120056,88080,634228,88080,546148,25328,44452,0,0,0,65946128,9101880,34359738367,511820,0,52480,0,1116160,0,0,0,0,0,0,0,0,2048,0,349456,10039296,125829120
1744061891.001317,600039,21131155,0,131892256,123404264,123375948,0,888944,0,195820,5493488,113328,4807368,82492,686120,1048576,1048576,0,0,232,0,5850544,461228,120056,88080,634260,88080,546180,25328,44464,0,0,0,65946128,9101880,34359738367,511820,0,52480,0,1116160,0,0,0,0,0,0,0,0,2048,0,349456,10039296,125829120
1744061892.001788,600039,21131155,0,131892256,123403772,123375728,0,889204,0,196180,5493488,113688,4807096,82492,686392,1048576,1048576,0,0,492,0,5850748,461228,120056,88080,634276,88080,546196,25328,44464,0,0,0,65946128,9109048,34359738367,511820,0,52480,0,1116160,0,0,0,0,0,0,0,0,2048,0,349456,10039296,125829120
1744061893.001872,600039,21131155,0,131892256,123402344,123374332,0,889216,0,197504,5493724,114984,4807328,82520,686396,1048576,1048576,0,0,504,0,5852160,461228,120056,88080,634276,88080,546196,25328,44464,0,0,0,65946128,9109048,34359738367,511820,0,52480,0,1116160,0,0,0,0,0,0,0,0,2048,0,349456,10039296,125829120
1744061894.001328,600039,21131155,0,131892256,123401280,123373304,0,889220,0,197504,5494744,114984,4808312,82520,686432,1048576,1048576,0,0,508,0,5853236,461228,120056,88080,634276,88080,546196,25328,44464,0,0,0,65946128,9109048,34359738367,511820,0,52480,0,1116160,0,0,0,0,0,0,0,0,2048,0,349456,10039296,125829120
1744061895.001857,600039,21131155,0,131892256,123400676,123372700,0,889224,0,197916,5494812,115396,4808380,82520,686432,1048576,1048576,0,0,512,0,5853836,461228,120056,88080,634292,88080,546212,25328,44464,0,0,0,65946128,9109048,34359738367,511820,0,52480,0,1116160,0,0,0,0,0,0,0,0,2048,0,349456,10039296,125829120
1744061896.001944,600039,21131155,0,131892256,123399336,123371396,0,889232,0,198096,5496012,115532,4809588,82564,686424,1048576,1048576,0,0,520,0,5855168,461228,120056,88080,634260,88080,546180,25328,44464,0,0,0,65946128,9109048,34359738367,511820,0,52480,0,1116160,0,0,0,0,0,0,0,0,2048,0,349456,10039296,125829120
1744061897.001394,600039,21131155,0,131892256,123399000,123371060,0,889236,0,198776,5495632,116212,4809208,82564,686424,1048576,1048576,0,0,524,0,5855460,461228,120056,88080,634260,88080,546180,25328,44464,0,0,0,65946128,9109048,34359738367,511820,0,52480,0,1116160,0,0,0,0,0,0,0,0,2048,0,349456,10039296,125829120
1744061898.001870,600039,21131155,0,131892256,123397516,123369588,0,889248,0,198996,5497032,116432,4810596,82564,686436,1048576,1048576,0,0,536,0,5856980,461228,120056,88080,634260,88080,546180,25328,44464,0,0,0,65946128,9109048,34359738367,511820,0,52480,0,1116160,0,0,0,0,0,0,0,0,2048,0,349456,10039296,125829120
1744061899.001951,600039,21131155,0,131892256,123397404,123369476,0,889248,0,198996,5497152,116432,4810716,82564,686436,1048576,1048576,0,0,536,0,5857132,461228,120056,88080,634260,88080,546180,25328,44464,0,0,0,65946128,9109048,34359738367,511820,0,52480,0,1116160,0,0,0,0,0,0,0,0,2048,0,349456,10039296,125829120
1744061900.000617,600039,21131155,0,131892256,123343620,123364032,0,937844,0,202376,5543772,117168,4811640,85208,732132,1048576,1048576,0,0,12812,0,5858492,461228,120056,88080,638036,88080,549956,25328,44460,0,0,0,65946128,9113756,34359738367,511820,0,52480,0,1116160,0,0,0,0,0,0,0,0,2048,0,349456,10039296,125829120
1744061901.001928,600039,21131155,0,131892256,123343452,123363884,0,937848,0,202376,5543892,117168,4811740,85208,732152,1048576,1048576,0,0,12816,0,5858592,461228,120056,88080,638036,88080,549956,25328,44460,0,0,0,65946128,9113756,34359738367,511820,0,52480,0,1116160,0,0,0,0,0,0,0,0,2048,0,349456,10039296,125829120
1744061902.002013,600039,21131155,0,131892256,123342056,123362580,0,937868,0,202496,5545332,117252,4813124,85244,732208,1048576,1048576,0,0,12836,0,5860072,461228,120056,88080,638036,88080,549956,25328,44460,0,0,0,65946128,9113756,34359738367,511820,0,52480,0,1116160,0,0,0,0,0,0,0,0,2048,0,349456,10039296,125829120
1744061903.001249,600039,21131155,0,131892256,123341840,123362364,0,937868,0,202496,5545392,117252,4813184,85244,732208,1048576,1048576,0,0,12836,0,5860264,461228,120056,88080,638084,88080,550004,25328,44460,0,0,0,65946128,9113756,34359738367,511820,0,52480,0,1116160,0,0,0,0,0,0,0,0,2048,0,349456,10039296,125829120
1744061904.001344,600039,21131155,0,131892256,123340356,123360924,0,937876,0,202496,5546832,117252,4814580,85244,732252,1048576,1048576,0,0,12844,0,5861696,461228,120056,88080,638084,88080,550004,25328,44464,0,0,0,65946128,9113756,34359738367,511820,0,52480,0,1116160,0,0,0,0,0,0,0,0,2048,0,349456,10039296,125829120
1744061905.001901,600039,21131155,0,131892256,123340096,123360664,0,937876,0,202496,5547012,117252,4814760,85244,732252,1048576,1048576,0,0,12844,0,5861936,461228,120056,88080,638092,88080,550012,25328,44464,0,0,0,65946128,9113756,34359738367,511820,0,52480,0,1116160,0,0,0,0,0,0,0,0,2048,0,349456,10039296,125829120
1744061906.001990,600039,21131155,0,131892256,123338808,123359416,0,937884,0,202540,5548288,117296,4815996,85244,732292,1048576,1048576,0,0,12852,0,5863196,461228,120056,88080,638092,88080,550012,25328,44464,0,0,0,65946128,9113756,34359738367,511820,0,52480,0,1116160,0,0,0,0,0,0,0,0,2048,0,349456,10039296,125829120
1744061907.001100,600039,21131155,0,131892256,123338256,123359128,0,938156,0,202600,5548708,117356,4816152,85244,732556,1048576,1048576,0,0,13116,0,5863424,461236,120064,88080,638252,88080,550172,25328,44464,0,0,0,65946128,9113756,34359738367,511820,0,52480,0,1116160,0,0,0,0,0,0,0,0,2048,0,349456,10039296,125829120
1744061908.001214,600039,21131155,0,131892256,123336984,123357872,0,938204,0,203092,5549608,117732,4817152,85360,732456,1048576,1048576,0,0,13120,0,5864740,461280,120108,88080,638124,88080,550044,25328,44464,0,0,0,65946128,9113756,34359738367,511820,0,52480,0,1116160,0,0,0,0,0,0,0,0,2048,0,349456,10039296,125829120
1744061909.001803,600039,21131155,0,131892256,123336732,123357620,0,938208,0,203092,5549908,117732,4817452,85360,732456,1048576,1048576,0,0,13124,0,5865000,461280,120108,88080,638124,88080,550044,25328,44464,0,0,0,65946128,9113756,34359738367,511820,0,52480,0,1116160,0,0,0,0,0,0,0,0,2048,0,349456,10039296,125829120
1744061910.001897,600039,21131155,0,131892256,123333792,123354716,0,938224,0,205028,5550972,119644,4818504,85384,732468,1048576,1048576,0,0,13140,0,5867912,461280,120108,88080,638124,88080,550044,25328,44468,0,0,0,65946128,9113756,34359738367,511820,0,52480,0,1116160,0,0,0,0,0,0,0,0,2048,0,349456,10039296,125829120
1744061911.001708,600039,21131155,0,131892256,123333008,123353932,0,938224,0,205532,5551068,120148,4818600,85384,732468,1048576,1048576,0,0,13140,0,5868688,461280,120108,88080,638124,88080,550044,25328,44472,0,0,0,65946128,9113756,34359738367,511820,0,52480,0,1116160,0,0,0,0,0,0,0,0,2048,0,349456,10039296,125829120
1744061912.002190,600039,21131155,0,131892256,123332224,123353176,0,938232,0,206480,5551200,121096,4818704,85384,732496,1048576,1048576,0,0,13148,0,5869484,461280,120108,88080,638124,88080,550044,25328,44472,0,0,0,65946128,9113756,34359738367,511820,0,52480,0,1116160,0,0,0,0,0,0,0,0,2048,0,349456,10039296,125829120
1744061913.001274,600039,21131155,0,131892256,123331068,123352040,0,938240,0,206492,5552184,121096,4819680,85396,732504,1048576,1048576,0,0,13156,0,5870628,461280,120108,88080,638132,88080,550052,25328,44480,0,0,0,65946128,9118088,34359738367,511820,0,52480,0,1116160,0,0,0,0,0,0,0,0,2048,0,349456,10039296,125829120
1744061914.001752,600039,21131155,0,131892256,123330648,123351620,0,938244,0,206660,5552376,121264,4819872,85396,732504,1048576,1048576,0,0,13160,0,5871036,461280,120108,88080,638132,88080,550052,25328,44480,0,0,0,65946128,9118088,34359738367,511820,0,52480,0,1116160,0,0,0,0,0,0,0,0,2048,0,349456,10039296,125829120
1744061915.002229,600039,21131155,0,131892256,123335544,123356804,0,938508,0,206960,5547416,121564,4814624,85396,732792,1048576,1048576,0,0,13424,0,5865948,461280,120108,88080,638164,88080,550084,25328,44476,0,0,0,65946128,9121072,34359738367,511820,0,52480,0,1116160,0,0,0,0,0,0,0,0,2048,0,349456,10039296,125829120
1744061916.001324,600039,21131155,0,131892256,123335052,123356312,0,938512,0,207008,5547848,121612,4815056,85396,732792,1048576,1048576,0,0,0,0,5866460,461280,120108,88080,638180,88080,550100,25328,44476,0,0,0,65946128,9121072,34359738367,511820,0,52480,0,1116160,0,0,0,0,0,0,0,0,2048,0,349456,10039296,125829120
1744061917.001532,600039,21131155,0,131892256,123333456,123354716,0,938520,0,207064,5549232,121668,4816440,85396,732792,1048576,1048576,0,0,24,0,5867948,461280,120108,88080,638180,88080,550100,25328,44476,0,0,0,65946128,9121072,34359738367,511820,0,52480,0,1116160,0,0,0,0,0,0,0,0,2048,0,349456,10039296,125829120
1744061918.002082,600039,21131155,0,131892256,123333232,123354492,0,938520,0,207172,5549480,121776,4816688,85396,732792,1048576,1048576,0,0,24,0,5868168,461280,120108,88080,638180,88080,550100,25344,44476,0,0,0,65946128,9121072,34359738367,511836,0,52480,0,1116160,0,0,0,0,0,0,0,0,2048,0,349456,10039296,125829120
1744061919.001200,600039,21131155,0,131892256,123280204,123349380,0,986872,0,209876,5595748,122100,4817436,87776,778312,1048576,1048576,0,0,44812,0,5868988,461280,120108,88112,641956,88112,553844,25344,44476,0,0,0,65946128,9131652,34359738367,511836,0,52480,0,1116160,0,0,0,0,0,0,0,0,2048,0,349456,10039296,125829120
1744061920.001691,600039,21131155,0,131892256,123279884,123349216,0,986876,0,210296,5595688,122412,4817328,87884,778360,1048576,1048576,0,0,44816,0,5869272,461280,120108,88112,641940,88112,553828,25344,44476,0,0,0,65946128,9131652,34359738367,511836,0,52480,0,1116160,0,0,0,0,0,0,0,0,2048,0,349456,10039296,125829120
1744061921.002068,600039,21131155,0,131892256,123278428,123347864,0,986888,0,210352,5597072,122436,4818640,87916,778432,1048576,1048576,0,0,44828,0,5870700,461280,120108,88112,641936,88112,553824,25344,44476,0,0,0,65946128,9131652,34359738367,511836,0,52480,0,1116160,0,0,0,0,0,0,0,0,2048,0,349456,10039296,125829120
1744061922.001208,600039,21131155,0,131892256,123278232,123347668,0,986888,0,210352,5597312,122436,4818880,87916,778432,1048576,1048576,0,0,44828,0,5870892,461280,120108,88112,641936,88112,553824,25344,44476,0,0,0,65946128,9131652,34359738367,511836,0,52480,0,1116160,0,0,0,0,0,0,0,0,2048,0,349456,10039296,125829120
1744061923.001865,600039,21131155,0,131892256,123277712,123347448,0,987192,0,210400,5597716,122436,4819032,87964,778684,1048576,1048576,0,0,45084,0,5871092,461328,120156,88112,641952,88112,553840,25344,44480,0,0,0,65946128,9131652,34359738367,511836,0,52480,0,1116160,0,0,0,0,0,0,0,0,2048,0,349456,10039296,125829120
1744061924.001943,600039,21131155,0,131892256,123276284,123346024,0,987212,0,210568,5598988,122528,4820376,88040,778612,1048576,1048576,0,0,45088,0,5872584,461344,120172,88112,641952,88112,553840,25344,44480,0,0,0,65946128,9131652,34359738367,511836,0,52480,0,1116160,0,0,0,0,0,0,0,0,2048,0,349456,10039296,125829120
1744061925.001614,600039,21131155,0,131892256,123276032,123345772,0,987216,0,210568,5599228,122528,4820616,88040,778612,1048576,1048576,0,0,45092,0,5872816,461344,120172,88112,641952,88112,553840,25344,44480,0,0,0,65946128,9131652,34359738367,511836,0,52480,0,1116160,0,0,0,0,0,0,0,0,2048,0,349456,10039296,125829120
1744061926.001503,600039,21131155,0,131892256,123274576,123344316,0,987220,0,210740,5600316,122644,4821760,88096,778556,1048576,1048576,0,0,240,30708,5874172,461344,120172,88112,641952,88112,553840,25344,44480,0,0,0,65946128,9131652,34359738367,511836,0,52480,0,1116160,0,0,0,0,0,0,0,0,2048,0,349456,10039296,125829120
1744061927.001988,600039,21131155,0,131892256,123274388,123344164,0,987224,0,210740,5600556,122644,4821964,88096,778592,1048576,1048576,0,0,12,0,5874360,461344,120172,88112,642000,88112,553888,25344,44480,0,0,0,65946128,9131652,34359738367,511836,0,52480,0,1116160,0,0,0,0,0,0,0,0,2048,0,349456,10039296,125829120
1744061928.002077,600039,21131155,0,131892256,123272932,123342708,0,987240,0,210800,5601936,122700,4823348,88100,778588,1048576,1048576,0,0,40,0,5875824,461344,120172,88112,642000,88112,553888,25328,44480,0,0,0,65946128,9131652,34359738367,511836,0,52480,0,1116160,0,0,0,0,0,0,0,0,2048,0,349456,10039296,125829120
1744061929.001616,600039,21131155,0,131892256,123272736,123342512,0,987240,0,210800,5602116,122700,4823528,88100,778588,1048576,1048576,0,0,40,0,5876056,461344,120172,88112,642000,88112,553888,25328,44480,0,0,0,65946128,9131652,34359738367,511836,0,52480,0,1116160,0,0,0,0,0,0,0,0,2048,0,349456,10039296,125829120
1744061930.001703,600039,21131155,0,131892256,123271224,123341028,0,987252,0,210844,5603632,122744,4825016,88100,778616,1048576,1048576,0,0,52,0,5877528,461344,120172,88112,642000,88112,553888,25328,44484,0,0,0,65946128,9131652,34359738367,511836,0,52480,0,1116160,0,0,0,0,0,0,0,0,2048,0,349456,10039296,125829120
1744061931.001300,600039,21131155,0,131892256,123254508,123324600,0,987516,0,211024,5620120,122868,4841272,88156,778848,1048576,1048576,0,0,316,0,5893860,461344,120172,88112,642128,88112,554016,25328,44484,0,0,0,65946128,9152312,34359738367,511836,0,52480,0,1116160,0,0,0,0,0,0,0,0,2048,0,349456,10039296,125829120
1744061932.001748,600039,21131155,0,131892256,123251008,123321128,0,987520,0,211736,5623020,123496,4844228,88240,778792,1048576,1048576,0,0,320,0,5897456,461344,120172,88112,642000,88112,553888,25328,44520,0,0,0,65946128,9152312,34359738367,511836,0,52480,0,1116160,0,0,0,0,0,0,0,0,2048,0,349456,10039296,125829120
1744061933.001499,600039,21131155,0,131892256,123250784,123320904,0,987524,0,211736,5623140,123496,4844348,88240,778792,1048576,1048576,0,0,324,0,5897688,461344,120172,88112,642000,88112,553888,25328,44520,0,0,0,65946128,9152312,34359738367,511836,0,52480,0,1116160,0,0,0,0,0,0,0,0,2048,0,349456,10039296,125829120
1744061934.001933,600039,21131155,0,131892256,123249216,123319336,0,987532,0,213356,5623080,125116,4844288,88240,778792,1048576,1048576,0,0,332,0,5899216,461344,120172,88112,642000,88112,553888,25328,44520,0,0,0,65946128,9152312,34359738367,511836,0,52480,0,1116160,0,0,0,0,0,0,0,0,2048,0,349456,10039296,125829120
1744061935.001479,600039,21131155,0,131892256,123249076,123319208,0,987532,0,213356,5623260,125116,4844456,88240,778804,1048576,1048576,0,0,332,0,5899404,461344,120172,88112,642000,88112,553888,25328,44520,0,0,0,65946128,9152312,34359738367,511836,0,52480,0,1116160,0,0,0,0,0,0,0,0,2048,0,349456,10039296,125829120
1744061936.001557,600039,21131155,0,131892256,123247452,123317584,0,987540,0,213448,5624608,125208,4845804,88240,778804,1048576,1048576,0,0,340,0,5900940,461344,120172,88112,642000,88112,553888,25328,44520,0,0,0,65946128,9152312,34359738367,511836,0,52480,0,1116160,0,0,0,0,0,0,0,0,2048,0,349456,10039296,125829120
1744061937.002030,600039,21131155,0,131892256,123247284,123317436,0,987548,0,213448,5624788,125208,4845964,88240,778824,1048576,1048576,0,0,348,0,5901132,461344,120172,88112,642000,88112,553888,25328,44520,0,0,0,65946128,9152312,34359738367,511836,0,52480,0,1116160,0,0,0,0,0,0,0,0,2048,0,349456,10039296,125829120
1744061938.001544,600039,21131155,0,131892256,123245856,123316008,0,987560,0,213496,5626380,125212,4847600,88284,778780,1048576,1048576,0,0,360,0,5902604,461344,120172,88112,642000,88112,553888,25328,44520,0,0,0,65946128,9152312,34359738367,511836,0,52480,0,1116160,0,0,0,0,0,0,0,0,2048,0,349456,10039296,125829120
1744061939.001613,600039,21131155,0,131892256,123211088,123310104,0,1016768,0,214656,5655284,125428,4848632,89228,806652,1048576,1048576,0,0,24404,0,5903552,461344,120172,88208,644224,88208,556016,25328,44524,0,0,0,65946128,9152312,34359738367,511836,0,52480,0,1116160,0,0,0,0,0,0,0,0,2048,0,349456,10039296,125829120
1744061940.002048,600039,21131155,0,131892256,123914296,124034120,0,1037144,0,213376,4954128,122100,4128732,91276,825396,1048576,1048576,0,0,46480,0,5179876,462268,120236,88240,645952,88240,557712,25328,42896,0,0,0,65946128,8343840,34359738367,511836,0,52480,0,1116160,0,0,0,0,0,0,0,0,2048,0,349456,10039296,125829120
1744061941.001637,600039,21131155,0,131892256,123913976,124034048,0,1037404,0,214736,4953004,123456,4127384,91280,825620,1048576,1048576,0,0,45708,44,5179884,462316,120240,88276,646020,88276,557744,25328,42896,0,0,0,65946128,8343844,34359738367,511836,0,52480,0,1116160,0,0,0,0,0,0,0,0,2048,0,349456,10039296,125829120
1744061942.001708,600039,21131155,0,131892256,123914040,124034120,0,1037412,0,214860,4952884,123580,4127264,91280,825620,1048576,1048576,0,0,45708,0,5179884,462324,120244,88292,645956,88292,557664,25344,42896,0,0,0,65946128,8343844,34359738367,511836,0,52480,0,1116160,0,0,0,0,0,0,0,0,2048,0,349456,10039296,125829120
1744061943.002135,600039,21131155,0,131892256,123914040,124034120,0,1037412,0,214860,4952884,123580,4127264,91280,825620,1048576,1048576,0,0,45708,0,5179884,462324,120244,88292,645956,88292,557664,25344,42896,0,0,0,65946128,8343844,34359738367,511836,0,52480,0,1116160,0,0,0,0,0,0,0,0,2048,0,349456,10039296,125829120
1744061944.001189,600039,21131155,0,131892256,123912780,124034120,0,1038712,0,214860,4954144,123580,4127264,91280,826880,1048576,1048576,0,0,45732,0,5179900,463272,120244,88292,645956,88292,557664,25344,42952,0,0,0,65946128,8343844,34359738367,511836,0,52480,0,1116160,0,0,0,0,0,0,0,0,2048,0,349456,10039296,125829120
1744061945.001648,600039,21131155,0,131892256,123912788,124034128,0,1038712,0,214860,4954144,123580,4127264,91280,826880,1048576,1048576,0,0,45732,0,5179912,463272,120244,88292,645948,88292,557656,25344,42960,0,0,0,65946128,8343844,34359738367,511836,0,52480,0,1116160,0,0,0,0,0,0,0,0,2048,0,349456,10039296,125829120
1744061946.001696,600039,21131155,0,131892256,123912788,124034128,0,1038712,0,214860,4954144,123580,4127264,91280,826880,1048576,1048576,0,0,45732,0,5179916,463272,120244,88292,645948,88292,557656,25344,42960,0,0,0,65946128,8343844,34359738367,511836,0,52480,0,1116160,0,0,0,0,0,0,0,0,2048,0,349456,10039296,125829120
1744061947.002168,600039,21131155,0,131892256,123912788,124034128,0,1038712,0,214860,4954144,123580,4127264,91280,826880,1048576,1048576,0,0,876,3528,5179916,463272,120244,88292,645948,88292,557656,25344,42960,0,0,0,65946128,8343844,34359738367,511836,0,52480,0,1116160,0,0,0,0,0,0,0,0,2048,0,349456,10039296,125829120
1744061948.001212,600039,21131155,0,131892256,123912612,124033952,0,1038712,0,214860,4954144,123580,4127264,91280,826880,1048576,1048576,0,0,0,0,5179916,463272,120244,88292,646124,88292,557832,25344,42960,0,0,0,65946128,8343844,34359738367,511836,0,52480,0,1116160,0,0,0,0,0,0,0,0,2048,0,349456,10039296,125829120
1744061949.001656,600039,21131155,0,131892256,123912612,124033952,0,1038712,0,214860,4954144,123580,4127264,91280,826880,1048576,1048576,0,0,0,0,5179916,463272,120244,88292,646124,88292,557832,25344,42960,0,0,0,65946128,8343844,34359738367,511836,0,52480,0,1116160,0,0,0,0,0,0,0,0,2048,0,349456,10039296,125829120
1744061950.001702,600039,21131155,0,131892256,123912620,124033960,0,1038712,0,214860,4954144,123580,4127264,91280,826880,1048576,1048576,0,0,0,0,5179916,463272,120244,88292,646116,88292,557824,25344,42960,0,0,0,65946128,8343844,34359738367,511836,0,52480,0,1116160,0,0,0,0,0,0,0,0,2048,0,349456,10039296,125829120
1744061951.001957,600039,21131155,0,131892256,123912620,124033960,0,1038712,0,214860,4954144,123580,4127264,91280,826880,1048576,1048576,0,0,0,0,5179916,463272,120244,88292,646116,88292,557824,25344,42960,0,0,0,65946128,8343844,34359738367,511836,0,52480,0,1116160,0,0,0,0,0,0,0,0,2048,0,349456,10039296,125829120
1744061952.001328,600039,21131155,0,131892256,123912620,124033960,0,1038712,0,214860,4954144,123580,4127264,91280,826880,1048576,1048576,0,0,0,0,5179916,463272,120244,88292,646116,88292,557824,25328,42960,0,0,0,65946128,8343844,34359738367,511836,0,52480,0,1116160,0,0,0,0,0,0,0,0,2048,0,349456,10039296,125829120
1744061953.001374,600039,21131155,0,131892256,123912620,124033960,0,1038712,0,214860,4954144,123580,4127264,91280,826880,1048576,1048576,0,0,0,0,5179916,463272,120244,88292,646116,88292,557824,25328,42960,0,0,0,65946128,8343844,34359738367,511836,0,52480,0,1116160,0,0,0,0,0,0,0,0,2048,0,349456,10039296,125829120
1744061954.001689,600039,21131155,0,131892256,123912620,124033960,0,1038712,0,214860,4954144,123580,4127264,91280,826880,1048576,1048576,0,0,0,0,5179916,463272,120244,88292,646116,88292,557824,25328,42960,0,0,0,65946128,8343844,34359738367,511836,0,52480,0,1116160,0,0,0,0,0,0,0,0,2048,0,349456,10039296,125829120
1744061955.002055,600039,21131155,0,131892256,123912620,124033960,0,1038712,0,214860,4954144,123580,4127264,91280,826880,1048576,1048576,0,0,0,0,5179916,463272,120244,88292,646116,88292,557824,25328,42960,0,0,0,65946128,8343844,34359738367,511836,0,52480,0,1116160,0,0,0,0,0,0,0,0,2048,0,349456,10039296,125829120
1744061956.001101,600039,21131155,0,131892256,123912620,124033960,0,1038712,0,214860,4954144,123580,4127264,91280,826880,1048576,1048576,0,0,0,0,5179916,463272,120244,88292,646116,88292,557824,25328,42960,0,0,0,65946128,8343844,34359738367,511836,0,52480,0,1116160,0,0,0,0,0,0,0,0,2048,0,349456,10039296,125829120
1744061957.001417,600039,21131155,0,131892256,123912620,124033960,0,1038712,0,214860,4954144,123580,4127264,91280,826880,1048576,1048576,0,0,0,0,5179916,463272,120244,88292,646116,88292,557824,25328,42960,0,0,0,65946128,8343844,34359738367,511836,0,52480,0,1116160,0,0,0,0,0,0,0,0,2048,0,349456,10039296,125829120
1744061958.001783,600039,21131155,0,131892256,123912588,124033928,0,1038712,0,214860,4954144,123580,4127264,91280,826880,1048576,1048576,0,0,0,0,5179916,463272,120244,88292,646148,88292,557856,25328,42960,0,0,0,65946128,8343844,34359738367,511836,0,52480,0,1116160,0,0,0,0,0,0,0,0,2048,0,349456,10039296,125829120
1744061959.001829,600039,21131155,0,131892256,123912588,124033928,0,1038712,0,214860,4954144,123580,4127264,91280,826880,1048576,1048576,0,0,0,0,5179916,463272,120244,88292,646148,88292,557856,25328,42960,0,0,0,65946128,8343844,34359738367,511836,0,52480,0,1116160,0,0,0,0,0,0,0,0,2048,0,349456,10039296,125829120
1744061960.001140,600039,21131155,0,131892256,123912588,124033928,0,1038712,0,214860,4954144,123580,4127264,91280,826880,1048576,1048576,0,0,0,0,5179916,463272,120244,88292,646148,88292,557856,25328,42960,0,0,0,65946128,8343844,34359738367,511836,0,52480,0,1116160,0,0,0,0,0,0,0,0,2048,0,349456,10039296,125829120
1744061961.001962,600039,21131155,0,131892256,123912444,124033784,0,1038712,0,214860,4954144,123580,4127264,91280,826880,1048576,1048576,0,0,0,0,5179916,463272,120244,88292,646180,88292,557888,25328,42960,0,0,0,65946128,8343844,34359738367,511836,0,52480,0,1116160,0,0,0,0,0,0,0,0,2048,0,349456,10039296,125829120
1744061962.002010,600039,21131155,0,131892256,123912412,124033768,0,1038712,0,214860,4954144,123580,4127264,91280,826880,1048576,1048576,0,0,0,0,5179916,463272,120244,88324,646212,88324,557888,25328,42960,0,0,0,65946128,8343844,34359738367,511836,0,52480,0,1116160,0,0,0,0,0,0,0,0,2048,0,349456,10039296,125829120
1744061963.001451,600039,21131155,0,131892256,123912412,124033768,0,1038712,0,214860,4954144,123580,4127264,91280,826880,1048576,1048576,0,0,0,0,5179916,463272,120244,88324,646212,88324,557888,25328,42960,0,0,0,65946128,8343844,34359738367,511836,0,52480,0,1116160,0,0,0,0,0,0,0,0,2048,0,349456,10039296,125829120
1744061964.001495,600039,21131155,0,131892256,123912412,124033768,0,1038712,0,214860,4954144,123580,4127264,91280,826880,1048576,1048576,0,0,0,0,5179916,463272,120244,88324,646212,88324,557888,25328,42960,0,0,0,65946128,8343844,34359738367,511836,0,52480,0,1116160,0,0,0,0,0,0,0,0,2048,0,349456,10039296,125829120
1744061965.001924,600039,21131155,0,131892256,123912412,124033768,0,1038712,0,214860,4954144,123580,4127264,91280,826880,1048576,1048576,0,0,0,0,5179916,463272,120244,88324,646212,88324,557888,25328,42960,0,0,0,65946128,8343844,34359738367,511836,0,52480,0,1116160,0,0,0,0,0,0,0,0,2048,0,349456,10039296,125829120
1744061966.001476,600039,21131155,0,131892256,123912412,124033768,0,1038712,0,214860,4954144,123580,4127264,91280,826880,1048576,1048576,0,0,0,0,5179916,463272,120244,88324,646212,88324,557888,25328,42960,0,0,0,65946128,8343844,34359738367,511836,0,52480,0,1116160,0,0,0,0,0,0,0,0,2048,0,349456,10039296,125829120
1744061967.001928,600039,21131155,0,131892256,123912412,124033768,0,1038712,0,214860,4954144,123580,4127264,91280,826880,1048576,1048576,0,0,0,0,5179916,463272,120244,88324,646212,88324,557888,25328,42960,0,0,0,65946128,8343844,34359738367,511836,0,52480,0,1116160,0,0,0,0,0,0,0,0,2048,0,349456,10039296,125829120
1744061968.001976,600039,21131155,0,131892256,123912412,124033768,0,1038712,0,214860,4954148,123580,4127268,91280,826880,1048576,1048576,0,0,0,0,5179916,463272,120244,88324,646212,88324,557888,25328,42960,0,0,0,65946128,8343844,34359738367,511836,0,52480,0,1116160,0,0,0,0,0,0,0,0,2048,0,349456,10039296,125829120
1744061969.001416,600039,21131155,0,131892256,123912412,124033768,0,1038712,0,214860,4954148,123580,4127268,91280,826880,1048576,1048576,0,0,0,0,5179916,463272,120244,88324,646212,88324,557888,25328,42960,0,0,0,65946128,8343844,34359738367,511836,0,52480,0,1116160,0,0,0,0,0,0,0,0,2048,0,349456,10039296,125829120
1744061970.001464,600039,21131155,0,131892256,123912412,124033768,0,1038712,0,214860,4954148,123580,4127268,91280,826880,1048576,1048576,0,0,0,0,5179916,463272,120244,88324,646212,88324,557888,25328,42960,0,0,0,65946128,8343844,34359738367,511836,0,52480,0,1116160,0,0,0,0,0,0,0,0,2048,0,349456,10039296,125829120
1744061971.001444,600039,21131155,0,131892256,123912412,124033768,0,1038712,0,214860,4954148,123580,4127268,91280,826880,1048576,1048576,0,0,0,0,5179916,463272,120244,88324,646212,88324,557888,25328,42960,0,0,0,65946128,8343844,34359738367,511836,0,52480,0,1116160,0,0,0,0,0,0,0,0,2048,0,349456,10039296,125829120
1744061972.001813,600039,21131155,0,131892256,123912412,124033768,0,1038712,0,214860,4954148,123580,4127268,91280,826880,1048576,1048576,0,0,0,0,5179916,463272,120244,88324,646212,88324,557888,25328,42960,0,0,0,65946128,8343844,34359738367,511836,0,52480,0,1116160,0,0,0,0,0,0,0,0,2048,0,349456,10039296,125829120
1744061973.001860,600039,21131155,0,131892256,123912412,124033768,0,1038712,0,214860,4954148,123580,4127268,91280,826880,1048576,1048576,0,0,0,0,5179916,463272,120244,88324,646212,88324,557888,25328,42960,0,0,0,65946128,8343844,34359738367,511836,0,52480,0,1116160,0,0,0,0,0,0,0,0,2048,0,349456,10039296,125829120
1744061974.001174,600039,21131155,0,131892256,123912412,124033768,0,1038712,0,214860,4954148,123580,4127268,91280,826880,1048576,1048576,0,0,0,0,5179916,463272,120244,88324,646212,88324,557888,25328,42960,0,0,0,65946128,8343844,34359738367,511836,0,52480,0,1116160,0,0,0,0,0,0,0,0,2048,0,349456,10039296,125829120
1744061975.001550,600039,21131155,0,131892256,123912392,124033748,0,1038712,0,214860,4954148,123580,4127268,91280,826880,1048576,1048576,0,0,0,0,5179916,463272,120244,88324,646260,88324,557936,25328,42960,0,0,0,65946128,8343844,34359738367,511836,0,52480,0,1116160,0,0,0,0,0,0,0,0,2048,0,349456,10039296,125829120
1744061976.001597,600039,21131155,0,131892256,123912392,124033748,0,1038712,0,214860,4954148,123580,4127268,91280,826880,1048576,1048576,0,0,0,0,5179916,463272,120244,88324,646260,88324,557936,25328,42960,0,0,0,65946128,8343844,34359738367,511836,0,52480,0,1116160,0,0,0,0,0,0,0,0,2048,0,349456,10039296,125829120
1744061977.001914,600039,21131155,0,131892256,123912392,124033748,0,1038712,0,214860,4954148,123580,4127268,91280,826880,1048576,1048576,0,0,0,0,5179916,463272,120244,88324,646260,88324,557936,25328,42960,0,0,0,65946128,8343844,34359738367,511836,0,52480,0,1116160,0,0,0,0,0,0,0,0,2048,0,349456,10039296,125829120
1744061978.001281,600039,21131155,0,131892256,123912392,124033748,0,1038712,0,214860,4954148,123580,4127268,91280,826880,1048576,1048576,0,0,0,0,5179916,463272,120244,88324,646260,88324,557936,25328,42960,0,0,0,65946128,8343844,34359738367,511836,0,52480,0,1116160,0,0,0,0,0,0,0,0,2048,0,349456,10039296,125829120
1744061979.001328,600039,21131155,0,131892256,123912392,124033748,0,1038712,0,214860,4954148,123580,4127268,91280,826880,1048576,1048576,0,0,0,0,5179916,463272,120244,88324,646260,88324,557936,25328,42960,0,0,0,65946128,8343844,34359738367,511836,0,52480,0,1116160,0,0,0,0,0,0,0,0,2048,0,349456,10039296,125829120
1744061980.001645,600039,21131155,0,131892256,123912392,124033748,0,1038712,0,214860,4954148,123580,4127268,91280,826880,1048576,1048576,0,0,0,0,5179916,463272,120244,88324,646260,88324,557936,25328,42960,0,0,0,65946128,8343844,34359738367,511836,0,52480,0,1116160,0,0,0,0,0,0,0,0,2048,0,349456,10039296,125829120
1744061981.001963,600039,21131155,0,131892256,123912392,124033748,0,1038712,0,214860,4954148,123580,4127268,91280,826880,1048576,1048576,0,0,0,0,5179916,463272,120244,88324,646260,88324,557936,25328,42960,0,0,0,65946128,8343844,34359738367,511836,0,52480,0,1116160,0,0,0,0,0,0,0,0,2048,0,349456,10039296,125829120
1744061982.002009,600039,21131155,0,131892256,123912392,124033748,0,1038712,0,214860,4954148,123580,4127268,91280,826880,1048576,1048576,0,0,0,0,5179916,463272,120244,88324,646260,88324,557936,25328,42960,0,0,0,65946128,8343844,34359738367,511836,0,52480,0,1116160,0,0,0,0,0,0,0,0,2048,0,349456,10039296,125829120
1744061983.000626,600039,21131155,0,131892256,123912392,124033748,0,1038712,0,214860,4954148,123580,4127268,91280,826880,1048576,1048576,0,0,0,0,5179916,463272,120244,88324,646260,88324,557936,25312,42960,0,0,0,65946128,8343844,34359738367,511804,0,52480,0,1116160,0,0,0,0,0,0,0,0,2048,0,349456,10039296,125829120
1744061984.001675,600039,21131155,0,131892256,123912392,124033748,0,1038712,0,214860,4954148,123580,4127268,91280,826880,1048576,1048576,0,0,0,0,5179916,463272,120244,88324,646260,88324,557936,25296,42960,0,0,0,65946128,8343844,34359738367,511804,0,52480,0,1116160,0,0,0,0,0,0,0,0,2048,0,349456,10039296,125829120
1744061985.002115,600039,21131155,0,131892256,123912404,124033760,0,1038712,0,214860,4954148,123580,4127268,91280,826880,1048576,1048576,0,0,0,0,5179916,463272,120244,88324,646260,88324,557936,25280,42960,0,0,0,65946128,8343844,34359738367,511804,0,52480,0,1116160,0,0,0,0,0,0,0,0,2048,0,349456,10039296,125829120
1744061986.001162,600039,21131155,0,131892256,123912404,124033760,0,1038712,0,214860,4954148,123580,4127268,91280,826880,1048576,1048576,0,0,0,0,5179916,463272,120244,88324,646260,88324,557936,25280,42960,0,0,0,65946128,8343844,34359738367,511804,0,52480,0,1116160,0,0,0,0,0,0,0,0,2048,0,349456,10039296,125829120
1744061987.000788,600039,21131155,0,131892256,123912396,124033752,0,1038712,0,214860,4954148,123580,4127268,91280,826880,1048576,1048576,0,0,0,0,5179916,463272,120244,88324,646268,88324,557944,25280,42960,0,0,0,65946128,8343844,34359738367,511804,0,52480,0,1116160,0,0,0,0,0,0,0,0,2048,0,349456,10039296,125829120
1744061988.001488,600039,21131155,0,131892256,123912408,124033764,0,1038712,0,214860,4954148,123580,4127268,91280,826880,1048576,1048576,0,0,0,0,5179916,463272,120244,88324,646260,88324,557936,25280,42960,0,0,0,65946128,8343844,34359738367,511804,0,52480,0,1116160,0,0,0,0,0,0,0,0,2048,0,349456,10039296,125829120
1744061989.001926,600039,21131155,0,131892256,123912408,124033764,0,1038712,0,214860,4954148,123580,4127268,91280,826880,1048576,1048576,0,0,0,0,5179916,463272,120244,88324,646260,88324,557936,25280,42960,0,0,0,65946128,8343844,34359738367,511804,0,52480,0,1116160,0,0,0,0,0,0,0,0,2048,0,349456,10039296,125829120
1744061990.001973,600039,21131155,0,131892256,123912408,124033764,0,1038712,0,214860,4954148,123580,4127268,91280,826880,1048576,1048576,0,0,0,0,5179916,463272,120244,88324,646260,88324,557936,25280,42960,0,0,0,65946128,8343844,34359738367,511804,0,52480,0,1116160,0,0,0,0,0,0,0,0,2048,0,349456,10039296,125829120
1744061991.000897,600039,21131155,0,131892256,123912408,124033764,0,1038712,0,214860,4954148,123580,4127268,91280,826880,1048576,1048576,0,0,0,0,5179916,463272,120244,88324,646260,88324,557936,25280,42960,0,0,0,65946128,8343844,34359738367,511804,0,52480,0,1116160,0,0,0,0,0,0,0,0,2048,0,349456,10039296,125829120
1744061992.001276,600039,21131155,0,131892256,123912408,124033764,0,1038712,0,214860,4954148,123580,4127268,91280,826880,1048576,1048576,0,0,0,0,5179916,463272,120244,88324,646260,88324,557936,25280,42960,0,0,0,65946128,8343844,34359738367,511804,0,52480,0,1116160,0,0,0,0,0,0,0,0,2048,0,349456,10039296,125829120
1744061993.001322,600039,21131155,0,131892256,123912408,124033764,0,1038712,0,214860,4954148,123580,4127268,91280,826880,1048576,1048576,0,0,0,0,5179916,463272,120244,88324,646260,88324,557936,25280,42960,0,0,0,65946128,8343844,34359738367,511804,0,52480,0,1116160,0,0,0,0,0,0,0,0,2048,0,349456,10039296,125829120
1744061994.001643,600039,21131155,0,131892256,123912408,124033764,0,1038712,0,214860,4954148,123580,4127268,91280,826880,1048576,1048576,0,0,0,0,5179916,463272,120244,88324,646260,88324,557936,25280,42960,0,0,0,65946128,8343844,34359738367,511804,0,52480,0,1116160,0,0,0,0,0,0,0,0,2048,0,349456,10039296,125829120
1744061995.001673,600039,21131155,0,131892256,123912408,124033764,0,1038712,0,214860,4954148,123580,4127268,91280,826880,1048576,1048576,0,0,0,0,5179916,463272,120244,88324,646260,88324,557936,25280,42960,0,0,0,65946128,8343844,34359738367,511804,0,52480,0,1116160,0,0,0,0,0,0,0,0,2048,0,349456,10039296,125829120
1744061996.001721,600039,21131155,0,131892256,123912408,124033764,0,1038712,0,214860,4954148,123580,4127268,91280,826880,1048576,1048576,0,0,0,0,5179916,463272,120244,88324,646260,88324,557936,25280,42960,0,0,0,65946128,8343844,34359738367,511804,0,52480,0,1116160,0,0,0,0,0,0,0,0,2048,0,349456,10039296,125829120
1744061997.002044,600039,21131155,0,131892256,123912408,124033764,0,1038712,0,214860,4954148,123580,4127268,91280,826880,1048576,1048576,0,0,0,0,5179916,463272,120244,88324,646260,88324,557936,25280,42960,0,0,0,65946128,8343844,34359738367,511804,0,52480,0,1116160,0,0,0,0,0,0,0,0,2048,0,349456,10039296,125829120
1744061998.001423,600039,21131155,0,131892256,123912436,124033792,0,1038712,0,214860,4954148,123580,4127268,91280,826880,1048576,1048576,0,0,0,0,5179916,463272,120244,88324,646260,88324,557936,25280,42960,0,0,0,65946128,8343844,34359738367,511804,0,52480,0,1116160,0,0,0,0,0,0,0,0,2048,0,349456,10039296,125829120
1744061999.001323,600039,21131155,0,131892256,123912436,124033792,0,1038712,0,214860,4954148,123580,4127268,91280,826880,1048576,1048576,0,0,0,0,5179916,463272,120244,88324,646260,88324,557936,25280,42960,0,0,0,65946128,8343844,34359738367,511804,0,52480,0,1116160,0,0,0,0,0,0,0,0,2048,0,349456,10039296,125829120
1744062000.001645,600039,21131155,0,131892256,123912436,124033792,0,1038712,0,214860,4954148,123580,4127268,91280,826880,1048576,1048576,0,0,0,0,5179916,463272,120244,88324,646260,88324,557936,25280,42960,0,0,0,65946128,8343844,34359738367,511804,0,52480,0,1116160,0,0,0,0,0,0,0,0,2048,0,349456,10039296,125829120
1744062001.001390,600039,21131155,0,131892256,123912436,124033792,0,1038712,0,214860,4954148,123580,4127268,91280,826880,1048576,1048576,0,0,0,0,5179916,463272,120244,88324,646260,88324,557936,25280,42960,0,0,0,65946128,8343844,34359738367,511804,0,52480,0,1116160,0,0,0,0,0,0,0,0,2048,0,349456,10039296,125829120
1744062002.001458,600039,21131155,0,131892256,123912436,124033792,0,1038712,0,214860,4954148,123580,4127268,91280,826880,1048576,1048576,0,0,0,0,5179916,463272,120244,88324,646260,88324,557936,25280,42960,0,0,0,65946128,8343844,34359738367,511804,0,52480,0,1116160,0,0,0,0,0,0,0,0,2048,0,349456,10039296,125829120
1744062003.001906,600039,21131155,0,131892256,123912436,124033792,0,1038712,0,214860,4954148,123580,4127268,91280,826880,1048576,1048576,0,0,0,0,5179916,463272,120244,88324,646260,88324,557936,25280,42960,0,0,0,65946128,8343844,34359738367,511804,0,52480,0,1116160,0,0,0,0,0,0,0,0,2048,0,349456,10039296,125829120
1744062004.001980,600039,21131155,0,131892256,123912420,124033776,0,1038712,0,214860,4954148,123580,4127268,91280,826880,1048576,1048576,0,0,0,0,5179916,463272,120244,88324,646276,88324,557952,25280,42960,0,0,0,65946128,8343844,34359738367,511804,0,52480,0,1116160,0,0,0,0,0,0,0,0,2048,0,349456,10039296,125829120
1744062005.001403,600039,21131155,0,131892256,123912420,124033776,0,1038712,0,214860,4954148,123580,4127268,91280,826880,1048576,1048576,0,0,0,0,5179916,463272,120244,88324,646276,88324,557952,25280,42960,0,0,0,65946128,8343844,34359738367,511804,0,52480,0,1116160,0,0,0,0,0,0,0,0,2048,0,349456,10039296,125829120
1744062006.001473,600039,21131155,0,131892256,123912412,124033768,0,1038712,0,214860,4954148,123580,4127268,91280,826880,1048576,1048576,0,0,0,0,5179916,463272,120244,88324,646284,88324,557960,25280,42960,0,0,0,65946128,8343844,34359738367,511804,0,52480,0,1116160,0,0,0,0,0,0,0,0,2048,0,349456,10039296,125829120
1744062007.001924,600039,21131155,0,131892256,123912404,124033760,0,1038712,0,214860,4954148,123580,4127268,91280,826880,1048576,1048576,0,0,0,0,5179916,463272,120244,88324,646292,88324,557968,25280,42960,0,0,0,65946128,8343844,34359738367,511804,0,52480,0,1116160,0,0,0,0,0,0,0,0,2048,0,349456,10039296,125829120
1744062008.001992,600039,21131155,0,131892256,123912404,124033760,0,1038712,0,214860,4954148,123580,4127268,91280,826880,1048576,1048576,0,0,0,0,5179916,463272,120244,88324,646292,88324,557968,25280,42960,0,0,0,65946128,8343844,34359738367,511804,0,52480,0,1116160,0,0,0,0,0,0,0,0,2048,0,349456,10039296,125829120
1744062009.001450,600039,21131155,0,131892256,123912404,124033760,0,1038712,0,214860,4954148,123580,4127268,91280,826880,1048576,1048576,0,0,0,0,5179916,463272,120244,88324,646292,88324,557968,25280,42960,0,0,0,65946128,8343844,34359738367,511804,0,52480,0,1116160,0,0,0,0,0,0,0,0,2048,0,349456,10039296,125829120
1744062010.001525,600039,21131155,0,131892256,123912404,124033760,0,1038712,0,214860,4954148,123580,4127268,91280,826880,1048576,1048576,0,0,0,0,5179916,463272,120244,88324,646292,88324,557968,25280,42960,0,0,0,65946128,8343844,34359738367,511804,0,52480,0,1116160,0,0,0,0,0,0,0,0,2048,0,349456,10039296,125829120
1744062011.001925,600039,21131155,0,131892256,123912388,124033744,0,1038712,0,214860,4954148,123580,4127268,91280,826880,1048576,1048576,0,0,0,0,5179916,463272,120244,88324,646308,88324,557984,25280,42960,0,0,0,65946128,8343844,34359738367,511804,0,52480,0,1116160,0,0,0,0,0,0,0,0,2048,0,349456,10039296,125829120
1744062012.001288,600039,21131155,0,131892256,123883336,124015000,0,1048328,0,220612,4970788,123628,4139956,96984,830832,1048576,1048576,0,0,0,0,5192548,465972,120244,89628,648116,89628,558488,25792,44324,0,0,0,65946128,8375308,34359738367,512380,0,52480,0,1116160,0,0,0,0,0,0,0,0,2048,0,349456,10039296,125829120
1744062013.000492,600039,21131155,0,131892256,123891980,124028140,0,1052040,0,223340,4961332,123644,4129488,99696,831844,1048576,1048576,0,0,0,0,5182052,463476,120244,91172,649624,91172,558452,25424,43104,0,0,0,65946128,8377324,34359738367,512044,0,52480,0,1116160,0,0,0,0,0,0,0,0,2048,0,349456,10039296,125829120
1744062014.001542,600039,21131155,0,131892256,123887772,124024492,0,1052560,0,224572,4963772,123652,4132588,100920,831184,1048576,1048576,0,0,0,0,5185008,463336,120248,91164,649424,91164,558260,25424,43532,0,0,0,65946128,8380920,34359738367,511964,0,52480,0,1116160,0,0,0,0,0,0,0,0,2048,0,349456,10039296,125829120
1744062015.001917,600039,21131155,0,131892256,123885172,124025344,0,1055912,0,224640,4967180,123644,4132720,100996,834460,1048576,1048576,0,0,0,0,5184852,466956,120248,91364,649652,91364,558288,25312,43220,0,0,0,65946128,8394784,34359738367,511932,0,52480,0,1116160,0,0,0,0,0,0,0,0,2048,0,349456,10039296,125829120
1744062016.001987,600039,21131155,0,131892256,123890200,124030520,0,1056056,0,224652,4962336,123632,4127752,101020,834584,1048576,1048576,0,0,0,0,5179916,463272,120244,91364,649668,91364,558304,25248,42960,0,0,0,65946128,8393704,34359738367,511900,0,52480,0,1116160,0,0,0,0,0,0,0,0,2048,0,349456,10039296,125829120
1744062017.001318,600039,21131155,0,131892256,123890304,124030624,0,1056056,0,224652,4962336,123632,4127752,101020,834584,1048576,1048576,0,0,0,0,5179916,463272,120244,91364,649668,91364,558304,25248,42960,0,0,0,65946128,8393704,34359738367,511900,0,52480,0,1116160,0,0,0,0,0,0,0,0,2048,0,349456,10039296,125829120
1744062018.001703,600039,21131155,0,131892256,123890332,124030652,0,1056056,0,224652,4962336,123632,4127752,101020,834584,1048576,1048576,0,0,0,0,5179916,463272,120244,91364,649668,91364,558304,25248,42960,0,0,0,65946128,8393704,34359738367,511900,0,52480,0,1116160,0,0,0,0,0,0,0,0,2048,0,349456,10039296,125829120
1744062019.001773,600039,21131155,0,131892256,123890340,124030660,0,1056056,0,224652,4962336,123632,4127752,101020,834584,1048576,1048576,0,0,0,0,5179916,463272,120244,91364,649668,91364,558304,25248,42960,0,0,0,65946128,8393704,34359738367,511900,0,52480,0,1116160,0,0,0,0,0,0,0,0,2048,0,349456,10039296,125829120
1744062020.002108,600039,21131155,0,131892256,123890368,124030688,0,1056056,0,224652,4962336,123632,4127752,101020,834584,1048576,1048576,0,0,0,0,5179916,463272,120244,91364,649668,91364,558304,25248,42960,0,0,0,65946128,8393704,34359738367,511900,0,52480,0,1116160,0,0,0,0,0,0,0,0,2048,0,349456,10039296,125829120
1744062021.001726,600039,21131155,0,131892256,123890396,124030716,0,1056056,0,224652,4962336,123632,4127752,101020,834584,1048576,1048576,0,0,0,0,5179916,463272,120244,91364,649668,91364,558304,25248,42960,0,0,0,65946128,8393704,34359738367,511900,0,52480,0,1116160,0,0,0,0,0,0,0,0,2048,0,349456,10039296,125829120
1744062022.001766,600039,21131155,0,131892256,123890408,124030728,0,1056056,0,224652,4962336,123632,4127752,101020,834584,1048576,1048576,0,0,0,0,5179916,463272,120244,91364,649668,91364,558304,25248,42960,0,0,0,65946128,8393704,34359738367,511900,0,52480,0,1116160,0,0,0,0,0,0,0,0,2048,0,349456,10039296,125829120
1744062023.002214,600039,21131155,0,131892256,123890416,124030736,0,1056056,0,224652,4962336,123632,4127752,101020,834584,1048576,1048576,0,0,0,0,5179916,463272,120244,91364,649668,91364,558304,25248,42960,0,0,0,65946128,8393704,34359738367,511900,0,52480,0,1116160,0,0,0,0,0,0,0,0,2048,0,349456,10039296,125829120
1744062024.001282,600039,21131155,0,131892256,123890416,124030736,0,1056056,0,224652,4962336,123632,4127752,101020,834584,1048576,1048576,0,0,0,0,5179916,463272,120244,91364,649668,91364,558304,25248,42960,0,0,0,65946128,8393704,34359738367,511900,0,52480,0,1116160,0,0,0,0,0,0,0,0,2048,0,349456,10039296,125829120
1744062025.001730,600039,21131155,0,131892256,123890416,124030736,0,1056056,0,224652,4962336,123632,4127752,101020,834584,1048576,1048576,0,0,0,0,5179916,463272,120244,91364,649668,91364,558304,25248,42960,0,0,0,65946128,8393704,34359738367,511900,0,52480,0,1116160,0,0,0,0,0,0,0,0,2048,0,349456,10039296,125829120
1744062026.001799,600039,21131155,0,131892256,123890416,124030736,0,1056056,0,224652,4962336,123632,4127752,101020,834584,1048576,1048576,0,0,0,0,5179916,463272,120244,91364,649668,91364,558304,25248,42960,0,0,0,65946128,8393704,34359738367,511900,0,52480,0,1116160,0,0,0,0,0,0,0,0,2048,0,349456,10039296,125829120
1744062027.002247,600039,21131155,0,131892256,123890416,124030736,0,1056056,0,224652,4962336,123632,4127752,101020,834584,1048576,1048576,0,0,0,0,5179916,463272,120244,91364,649668,91364,558304,25248,42960,0,0,0,65946128,8393704,34359738367,511900,0,52480,0,1116160,0,0,0,0,0,0,0,0,2048,0,349456,10039296,125829120
1744062028.001314,600039,21131155,0,131892256,123890416,124030736,0,1056056,0,224652,4962336,123632,4127752,101020,834584,1048576,1048576,0,0,0,0,5179916,463272,120244,91364,649668,91364,558304,25248,42960,0,0,0,65946128,8393704,34359738367,511900,0,52480,0,1116160,0,0,0,0,0,0,0,0,2048,0,349456,10039296,125829120
1744062029.001765,600039,21131155,0,131892256,123890388,124030708,0,1056056,0,224652,4962336,123632,4127752,101020,834584,1048576,1048576,0,0,0,0,5179920,463272,120244,91364,649668,91364,558304,25248,42960,0,0,0,65946128,8393704,34359738367,511900,0,52480,0,1116160,0,0,0,0,0,0,0,0,2048,0,349456,10039296,125829120
1744062030.001832,600039,21131155,0,131892256,123890388,124030708,0,1056056,0,224652,4962336,123632,4127752,101020,834584,1048576,1048576,0,0,0,0,5179920,463272,120244,91364,649668,91364,558304,25248,42960,0,0,0,65946128,8393704,34359738367,511900,0,52480,0,1116160,0,0,0,0,0,0,0,0,2048,0,349456,10039296,125829120
1744062031.001539,600039,21131155,0,131892256,123890388,124030708,0,1056056,0,224652,4962336,123632,4127752,101020,834584,1048576,1048576,0,0,0,0,5179920,463272,120244,91364,649668,91364,558304,25248,42960,0,0,0,65946128,8393704,34359738367,511900,0,52480,0,1116160,0,0,0,0,0,0,0,0,2048,0,349456,10039296,125829120
1744062032.001916,600039,21131155,0,131892256,123890400,124030720,0,1056056,0,224652,4962336,123632,4127752,101020,834584,1048576,1048576,0,0,0,0,5179920,463272,120244,91364,649668,91364,558304,25248,42960,0,0,0,65946128,8393704,34359738367,511900,0,52480,0,1116160,0,0,0,0,0,0,0,0,2048,0,349456,10039296,125829120
1744062033.001985,600039,21131155,0,131892256,123890400,124030720,0,1056056,0,224652,4962336,123632,4127752,101020,834584,1048576,1048576,0,0,0,0,5179920,463272,120244,91364,649668,91364,558304,25248,42960,0,0,0,65946128,8393704,34359738367,511900,0,52480,0,1116160,0,0,0,0,0,0,0,0,2048,0,349456,10039296,125829120
1744062034.001314,600039,21131155,0,131892256,123890400,124030720,0,1056056,0,224652,4962336,123632,4127752,101020,834584,1048576,1048576,0,0,0,0,5179920,463272,120244,91364,649668,91364,558304,25248,42960,0,0,0,65946128,8393704,34359738367,511900,0,52480,0,1116160,0,0,0,0,0,0,0,0,2048,0,349456,10039296,125829120
1744062035.001702,600039,21131155,0,131892256,123890400,124030720,0,1056056,0,224652,4962336,123632,4127752,101020,834584,1048576,1048576,0,0,0,0,5179920,463272,120244,91364,649668,91364,558304,25248,42960,0,0,0,65946128,8393704,34359738367,511900,0,52480,0,1116160,0,0,0,0,0,0,0,0,2048,0,349456,10039296,125829120
1744062036.001770,600039,21131155,0,131892256,123890400,124030720,0,1056056,0,224652,4962336,123632,4127752,101020,834584,1048576,1048576,0,0,0,0,5179920,463272,120244,91364,649668,91364,558304,25248,42960,0,0,0,65946128,8393704,34359738367,511900,0,52480,0,1116160,0,0,0,0,0,0,0,0,2048,0,349456,10039296,125829120
1744062037.002101,600039,21131155,0,131892256,123890400,124030720,0,1056056,0,224652,4962336,123632,4127752,101020,834584,1048576,1048576,0,0,0,0,5179920,463272,120244,91364,649668,91364,558304,25248,42960,0,0,0,65946128,8393704,34359738367,511900,0,52480,0,1116160,0,0,0,0,0,0,0,0,2048,0,349456,10039296,125829120
1744062038.001479,600039,21131155,0,131892256,123890400,124030720,0,1056056,0,224652,4962336,123632,4127752,101020,834584,1048576,1048576,0,0,0,0,5179920,463272,120244,91364,649668,91364,558304,25248,42960,0,0,0,65946128,8393704,34359738367,511900,0,52480,0,1116160,0,0,0,0,0,0,0,0,2048,0,349456,10039296,125829120
1744062039.001547,600039,21131155,0,131892256,123890400,124030720,0,1056056,0,224652,4962336,123632,4127752,101020,834584,1048576,1048576,0,0,0,0,5179920,463272,120244,91364,649668,91364,558304,25248,42960,0,0,0,65946128,8393704,34359738367,511900,0,52480,0,1116160,0,0,0,0,0,0,0,0,2048,0,349456,10039296,125829120
1744062040.001881,600039,21131155,0,131892256,123890400,124030720,0,1056056,0,224652,4962336,123632,4127752,101020,834584,1048576,1048576,0,0,0,0,5179920,463272,120244,91364,649668,91364,558304,25248,42960,0,0,0,65946128,8393704,34359738367,511900,0,52480,0,1116160,0,0,0,0,0,0,0,0,2048,0,349456,10039296,125829120
1744062041.001786,600039,21131155,0,131892256,123890392,124030712,0,1056056,0,224652,4962336,123632,4127752,101020,834584,1048576,1048576,0,0,0,0,5179920,463272,120244,91364,649676,91364,558312,25248,42960,0,0,0,65946128,8393704,34359738367,511900,0,52480,0,1116160,0,0,0,0,0,0,0,0,2048,0,349456,10039296,125829120
1744062042.001854,600039,21131155,0,131892256,123890392,124030712,0,1056056,0,224652,4962336,123632,4127752,101020,834584,1048576,1048576,0,0,0,0,5179920,463272,120244,91364,649676,91364,558312,25248,42960,0,0,0,65946128,8393704,34359738367,511900,0,52480,0,1116160,0,0,0,0,0,0,0,0,2048,0,349456,10039296,125829120
1744062043.001303,600039,21131155,0,131892256,123890384,124030704,0,1056056,0,224652,4962336,123632,4127752,101020,834584,1048576,1048576,0,0,0,0,5179920,463272,120244,91364,649684,91364,558320,25248,42960,0,0,0,65946128,8393704,34359738367,511900,0,52480,0,1116160,0,0,0,0,0,0,0,0,2048,0,349456,10039296,125829120
1744062044.001372,600039,21131155,0,131892256,123890384,124030704,0,1056056,0,224652,4962336,123632,4127752,101020,834584,1048576,1048576,0,0,0,0,5179920,463272,120244,91364,649684,91364,558320,25248,42960,0,0,0,65946128,8393704,34359738367,511900,0,52480,0,1116160,0,0,0,0,0,0,0,0,2048,0,349456,10039296,125829120
1744062045.001841,600039,21131155,0,131892256,123890396,124030716,0,1056056,0,224652,4962336,123632,4127752,101020,834584,1048576,1048576,0,0,0,0,5179920,463272,120244,91364,649684,91364,558320,25248,42960,0,0,0,65946128,8393704,34359738367,511900,0,52480,0,1116160,0,0,0,0,0,0,0,0,2048,0,349456,10039296,125829120
1744062046.001912,600039,21131155,0,131892256,123890396,124030716,0,1056056,0,224652,4962336,123632,4127752,101020,834584,1048576,1048576,0,0,0,0,5179920,463272,120244,91364,649684,91364,558320,25248,42960,0,0,0,65946128,8393704,34359738367,511900,0,52480,0,1116160,0,0,0,0,0,0,0,0,2048,0,349456,10039296,125829120
1744062047.001357,600039,21131155,0,131892256,123890396,124030716,0,1056056,0,224652,4962336,123632,4127752,101020,834584,1048576,1048576,0,0,0,0,5179920,463272,120244,91364,649684,91364,558320,25248,42960,0,0,0,65946128,8393704,34359738367,511900,0,52480,0,1116160,0,0,0,0,0,0,0,0,2048,0,349456,10039296,125829120
1744062048.001447,600039,21131155,0,131892256,123890396,124030716,0,1056056,0,224652,4962336,123632,4127752,101020,834584,1048576,1048576,0,0,0,0,5179920,463272,120244,91364,649684,91364,558320,25248,42960,0,0,0,65946128,8393704,34359738367,511900,0,52480,0,1116160,0,0,0,0,0,0,0,0,2048,0,349456,10039296,125829120
1744062049.001871,600039,21131155,0,131892256,123890396,124030716,0,1056056,0,224652,4962336,123632,4127752,101020,834584,1048576,1048576,0,0,0,0,5179920,463272,120244,91364,649684,91364,558320,25248,42960,0,0,0,65946128,8393704,34359738367,511900,0,52480,0,1116160,0,0,0,0,0,0,0,0,2048,0,349456,10039296,125829120
1744062050.001940,600039,21131155,0,131892256,123890396,124030716,0,1056056,0,224652,4962336,123632,4127752,101020,834584,1048576,1048576,0,0,0,0,5179920,463272,120244,91364,649684,91364,558320,25248,42960,0,0,0,65946128,8393704,34359738367,511900,0,52480,0,1116160,0,0,0,0,0,0,0,0,2048,0,349456,10039296,125829120
1744062051.002092,600039,21131155,0,131892256,123890396,124030716,0,1056056,0,224652,4962336,123632,4127752,101020,834584,1048576,1048576,0,0,0,0,5179920,463272,120244,91364,649684,91364,558320,25248,42960,0,0,0,65946128,8393704,34359738367,511900,0,52480,0,1116160,0,0,0,0,0,0,0,0,2048,0,349456,10039296,125829120
1744062052.001476,600039,21131155,0,131892256,123890408,124030728,0,1056056,0,224652,4962336,123632,4127752,101020,834584,1048576,1048576,0,0,0,0,5179920,463272,120244,91364,649684,91364,558320,25248,42960,0,0,0,65946128,8393704,34359738367,511900,0,52480,0,1116160,0,0,0,0,0,0,0,0,2048,0,349456,10039296,125829120
1744062053.001550,600039,21131155,0,131892256,123890408,124030728,0,1056056,0,224652,4962336,123632,4127752,101020,834584,1048576,1048576,0,0,0,0,5179920,463272,120244,91364,649684,91364,558320,25248,42960,0,0,0,65946128,8393704,34359738367,511900,0,52480,0,1116160,0,0,0,0,0,0,0,0,2048,0,349456,10039296,125829120
1744062054.001885,600039,21131155,0,131892256,123890408,124030728,0,1056056,0,224652,4962336,123632,4127752,101020,834584,1048576,1048576,0,0,0,0,5179920,463272,120244,91364,649684,91364,558320,25248,42960,0,0,0,65946128,8393704,34359738367,511900,0,52480,0,1116160,0,0,0,0,0,0,0,0,2048,0,349456,10039296,125829120
1744062055.001268,600039,21131155,0,131892256,123890408,124030728,0,1056056,0,224652,4962336,123632,4127752,101020,834584,1048576,1048576,0,0,0,0,5179920,463272,120244,91364,649684,91364,558320,25248,42960,0,0,0,65946128,8393704,34359738367,511900,0,52480,0,1116160,0,0,0,0,0,0,0,0,2048,0,349456,10039296,125829120
1744062056.000492,600039,21131155,0,131892256,123890408,124030728,0,1056056,0,224652,4962336,123632,4127752,101020,834584,1048576,1048576,0,0,0,0,5179920,463272,120244,91364,649684,91364,558320,25248,42960,0,0,0,65946128,8393704,34359738367,511900,0,52480,0,1116160,0,0,0,0,0,0,0,0,2048,0,349456,10039296,125829120
1744062057.001797,600039,21131155,0,131892256,123890408,124030728,0,1056056,0,224652,4962336,123632,4127752,101020,834584,1048576,1048576,0,0,0,0,5179920,463272,120244,91364,649684,91364,558320,25248,42960,0,0,0,65946128,8393704,34359738367,511900,0,52480,0,1116160,0,0,0,0,0,0,0,0,2048,0,349456,10039296,125829120
1744062058.002178,600039,21131155,0,131892256,123890492,124030812,0,1056056,0,224652,4962336,123632,4127752,101020,834584,1048576,1048576,0,0,0,0,5179920,463272,120244,91364,649684,91364,558320,25248,42960,0,0,0,65946128,8393704,34359738367,511900,0,52480,0,1116160,0,0,0,0,0,0,0,0,2048,0,349456,10039296,125829120
1744062059.000488,600039,21131155,0,131892256,123890504,124030824,0,1056056,0,224652,4962336,123632,4127752,101020,834584,1048576,1048576,0,0,0,0,5179920,463272,120244,91364,649684,91364,558320,25248,42960,0,0,0,65946128,8393704,34359738367,511900,0,52480,0,1116160,0,0,0,0,0,0,0,0,2048,0,349456,10039296,125829120
1744062060.001831,600039,21131155,0,131892256,123890504,124030824,0,1056056,0,224652,4962336,123632,4127752,101020,834584,1048576,1048576,0,0,0,0,5179920,463272,120244,91364,649684,91364,558320,25248,42960,0,0,0,65946128,8393704,34359738367,511900,0,52480,0,1116160,0,0,0,0,0,0,0,0,2048,0,349456,10039296,125829120
1744062061.002152,600039,21131155,0,131892256,123890532,124030852,0,1056056,0,224652,4962336,123632,4127752,101020,834584,1048576,1048576,0,0,0,0,5179920,463272,120244,91364,649684,91364,558320,25248,42960,0,0,0,65946128,8393704,34359738367,511900,0,52480,0,1116160,0,0,0,0,0,0,0,0,2048,0,349456,10039296,125829120
1744062062.001192,600039,21131155,0,131892256,123890532,124030852,0,1056056,0,224652,4962336,123632,4127752,101020,834584,1048576,1048576,0,0,0,0,5179920,463272,120244,91364,649684,91364,558320,25248,42960,0,0,0,65946128,8393704,34359738367,511900,0,52480,0,1116160,0,0,0,0,0,0,0,0,2048,0,349456,10039296,125829120
1744062063.001639,600039,21131155,0,131892256,123890504,124030824,0,1056056,0,224652,4962336,123632,4127752,101020,834584,1048576,1048576,0,0,0,0,5179920,463272,120244,91364,649684,91364,558320,25248,42960,0,0,0,65946128,8393704,34359738367,511900,0,52480,0,1116160,0,0,0,0,0,0,0,0,2048,0,349456,10039296,125829120
1744062064.001491,600039,21131155,0,131892256,123890512,124030832,0,1056056,0,224652,4962336,123632,4127752,101020,834584,1048576,1048576,0,0,0,0,5179920,463272,120244,91364,649684,91364,558320,25248,42960,0,0,0,65946128,8393704,34359738367,511900,0,52480,0,1116160,0,0,0,0,0,0,0,0,2048,0,349456,10039296,125829120
1744062065.001913,600039,21131155,0,131892256,123890512,124030832,0,1056056,0,224652,4962336,123632,4127752,101020,834584,1048576,1048576,0,0,0,0,5179920,463272,120244,91364,649684,91364,558320,25248,42960,0,0,0,65946128,8393704,34359738367,511900,0,52480,0,1116160,0,0,0,0,0,0,0,0,2048,0,349456,10039296,125829120
1744062066.001981,600039,21131155,0,131892256,123890512,124030832,0,1056056,0,224652,4962336,123632,4127752,101020,834584,1048576,1048576,0,0,0,0,5179920,463272,120244,91364,649684,91364,558320,25248,42960,0,0,0,65946128,8393704,34359738367,511900,0,52480,0,1116160,0,0,0,0,0,0,0,0,2048,0,349456,10039296,125829120
1744062067.001435,600039,21131155,0,131892256,123890512,124030832,0,1056056,0,224652,4962336,123632,4127752,101020,834584,1048576,1048576,0,0,0,0,5179920,463272,120244,91364,649684,91364,558320,25248,42960,0,0,0,65946128,8393704,34359738367,511900,0,52480,0,1116160,0,0,0,0,0,0,0,0,2048,0,349456,10039296,125829120
1744062068.001506,600039,21131155,0,131892256,123890512,124030832,0,1056056,0,224652,4962336,123632,4127752,101020,834584,1048576,1048576,0,0,0,0,5179920,463272,120244,91364,649684,91364,558320,25248,42960,0,0,0,65946128,8393704,34359738367,511900,0,52480,0,1116160,0,0,0,0,0,0,0,0,2048,0,349456,10039296,125829120
1744062069.001953,600039,21131155,0,131892256,123890512,124030832,0,1056056,0,224652,4962336,123632,4127752,101020,834584,1048576,1048576,0,0,0,0,5179920,463272,120244,91364,649684,91364,558320,25248,42960,0,0,0,65946128,8393704,34359738367,511900,0,52480,0,1116160,0,0,0,0,0,0,0,0,2048,0,349456,10039296,125829120
1744062070.002022,600039,21131155,0,131892256,123890512,124030832,0,1056056,0,224652,4962336,123632,4127752,101020,834584,1048576,1048576,0,0,0,0,5179920,463272,120244,91364,649684,91364,558320,25248,42960,0,0,0,65946128,8393704,34359738367,511900,0,52480,0,1116160,0,0,0,0,0,0,0,0,2048,0,349456,10039296,125829120
1744062071.001824,600039,21131155,0,131892256,123890480,124030800,0,1056056,0,224652,4962336,123632,4127752,101020,834584,1048576,1048576,0,0,0,0,5179920,463272,120244,91364,649716,91364,558352,25248,42960,0,0,0,65946128,8393704,34359738367,511900,0,52480,0,1116160,0,0,0,0,0,0,0,0,2048,0,349456,10039296,125829120
1744062072.002203,600039,21131155,0,131892256,123890480,124030800,0,1056056,0,224652,4962336,123632,4127752,101020,834584,1048576,1048576,0,0,0,0,5179920,463272,120244,91364,649716,91364,558352,25248,42960,0,0,0,65946128,8393704,34359738367,511900,0,52480,0,1116160,0,0,0,0,0,0,0,0,2048,0,349456,10039296,125829120
1744062073.001272,600039,21131155,0,131892256,123890480,124030800,0,1056056,0,224652,4962336,123632,4127752,101020,834584,1048576,1048576,0,0,0,0,5179920,463272,120244,91364,649716,91364,558352,25248,42960,0,0,0,65946128,8393704,34359738367,511900,0,52480,0,1116160,0,0,0,0,0,0,0,0,2048,0,349456,10039296,125829120
1744062074.001584,600039,21131155,0,131892256,123890480,124030800,0,1056056,0,224652,4962336,123632,4127752,101020,834584,1048576,1048576,0,0,0,0,5179920,463272,120244,91364,649716,91364,558352,25232,42960,0,0,0,65946128,8393704,34359738367,511900,0,52480,0,1116160,0,0,0,0,0,0,0,0,2048,0,349456,10039296,125829120
1744062075.001962,600039,21131155,0,131892256,123890488,124030808,0,1056056,0,224652,4962336,123632,4127752,101020,834584,1048576,1048576,0,0,0,0,5179920,463272,120244,91364,649708,91364,558344,25232,42960,0,0,0,65946128,8393704,34359738367,511900,0,52480,0,1116160,0,0,0,0,0,0,0,0,2048,0,349456,10039296,125829120
1744062076.002030,600039,21131155,0,131892256,123890488,124030808,0,1056056,0,224652,4962336,123632,4127752,101020,834584,1048576,1048576,0,0,0,0,5179920,463272,120244,91364,649708,91364,558344,25232,42960,0,0,0,65946128,8393704,34359738367,511900,0,52480,0,1116160,0,0,0,0,0,0,0,0,2048,0,349456,10039296,125829120
1744062077.001360,600039,21131155,0,131892256,123890488,124030808,0,1056056,0,224652,4962336,123632,4127752,101020,834584,1048576,1048576,0,0,0,0,5179920,463272,120244,91364,649708,91364,558344,25232,42960,0,0,0,65946128,8393704,34359738367,511900,0,52480,0,1116160,0,0,0,0,0,0,0,0,2048,0,349456,10039296,125829120
1744062078.001743,600039,21131155,0,131892256,123890488,124030808,0,1056056,0,224652,4962336,123632,4127752,101020,834584,1048576,1048576,0,0,0,0,5179920,463272,120244,91364,649708,91364,558344,25232,42960,0,0,0,65946128,8393704,34359738367,511900,0,52480,0,1116160,0,0,0,0,0,0,0,0,2048,0,349456,10039296,125829120
1744062079.001812,600039,21131155,0,131892256,123890488,124030808,0,1056056,0,224652,4962336,123632,4127752,101020,834584,1048576,1048576,0,0,0,0,5179920,463272,120244,91364,649708,91364,558344,25232,42960,0,0,0,65946128,8393704,34359738367,511900,0,52480,0,1116160,0,0,0,0,0,0,0,0,2048,0,349456,10039296,125829120
1744062080.000539,600039,21131155,0,131892256,123890488,124030808,0,1056056,0,224652,4962336,123632,4127752,101020,834584,1048576,1048576,0,0,0,0,5179920,463272,120244,91364,649708,91364,558344,25232,42960,0,0,0,65946128,8393704,34359738367,511900,0,52480,0,1116160,0,0,0,0,0,0,0,0,2048,0,349456,10039296,125829120
1744062081.002118,600039,21131155,0,131892256,123890552,124030872,0,1056056,0,224652,4962336,123632,4127752,101020,834584,1048576,1048576,0,0,0,0,5179920,463272,120244,91364,649676,91364,558312,25232,42960,0,0,0,65946128,8393704,34359738367,511900,0,52480,0,1116160,0,0,0,0,0,0,0,0,2048,0,349456,10039296,125829120
1744062082.001186,600039,21131155,0,131892256,123890552,124030872,0,1056056,0,224652,4962336,123632,4127752,101020,834584,1048576,1048576,0,0,0,0,5179920,463272,120244,91364,649676,91364,558312,25232,42960,0,0,0,65946128,8393704,34359738367,511900,0,52480,0,1116160,0,0,0,0,0,0,0,0,2048,0,349456,10039296,125829120
1744062083.001651,600039,21131155,0,131892256,123890552,124030872,0,1056056,0,224652,4962336,123632,4127752,101020,834584,1048576,1048576,0,0,0,0,5179920,463272,120244,91364,649676,91364,558312,25232,42960,0,0,0,65946128,8393704,34359738367,511900,0,52480,0,1116160,0,0,0,0,0,0,0,0,2048,0,349456,10039296,125829120
1744062084.001461,600039,21131155,0,131892256,123890552,124030872,0,1056056,0,224652,4962336,123632,4127752,101020,834584,1048576,1048576,0,0,0,0,5179920,463272,120244,91364,649676,91364,558312,25232,42960,0,0,0,65946128,8393704,34359738367,511900,0,52480,0,1116160,0,0,0,0,0,0,0,0,2048,0,349456,10039296,125829120
1744062085.001882,600039,21131155,0,131892256,123890552,124030872,0,1056056,0,224652,4962336,123632,4127752,101020,834584,1048576,1048576,0,0,0,0,5179920,463272,120244,91364,649676,91364,558312,25232,42960,0,0,0,65946128,8393704,34359738367,511900,0,52480,0,1116160,0,0,0,0,0,0,0,0,2048,0,349456,10039296,125829120
1744062086.001951,600039,21131155,0,131892256,123890552,124030872,0,1056056,0,224652,4962336,123632,4127752,101020,834584,1048576,1048576,0,0,0,0,5179920,463272,120244,91364,649676,91364,558312,25232,42960,0,0,0,65946128,8393704,34359738367,511900,0,52480,0,1116160,0,0,0,0,0,0,0,0,2048,0,349456,10039296,125829120
1744062087.001373,600039,21131155,0,131892256,123890560,124030880,0,1056056,0,224652,4962336,123632,4127752,101020,834584,1048576,1048576,0,0,0,0,5179920,463272,120244,91364,649668,91364,558304,25232,42960,0,0,0,65946128,8393704,34359738367,511900,0,52480,0,1116160,0,0,0,0,0,0,0,0,2048,0,349456,10039296,125829120
1744062088.001449,600039,21131155,0,131892256,123890560,124030880,0,1056056,0,224652,4962336,123632,4127752,101020,834584,1048576,1048576,0,0,0,0,5179920,463272,120244,91364,649668,91364,558304,25232,42960,0,0,0,65946128,8393704,34359738367,511900,0,52480,0,1116160,0,0,0,0,0,0,0,0,2048,0,349456,10039296,125829120
1744062089.001872,600039,21131155,0,131892256,123890560,124030880,0,1056056,0,224652,4962336,123632,4127752,101020,834584,1048576,1048576,0,0,0,0,5179920,463272,120244,91364,649668,91364,558304,25232,42960,0,0,0,65946128,8393704,34359738367,511900,0,52480,0,1116160,0,0,0,0,0,0,0,0,2048,0,349456,10039296,125829120
1744062090.001911,600039,21131155,0,131892256,123890560,124030880,0,1056056,0,224652,4962336,123632,4127752,101020,834584,1048576,1048576,0,0,0,0,5179920,463272,120244,91364,649668,91364,558304,25232,42960,0,0,0,65946128,8393704,34359738367,511900,0,52480,0,1116160,0,0,0,0,0,0,0,0,2048,0,349456,10039296,125829120
1744062091.001573,600039,21131155,0,131892256,123890560,124030880,0,1056056,0,224652,4962336,123632,4127752,101020,834584,1048576,1048576,0,0,0,0,5179920,463272,120244,91364,649668,91364,558304,25232,42960,0,0,0,65946128,8393704,34359738367,511900,0,52480,0,1116160,0,0,0,0,0,0,0,0,2048,0,349456,10039296,125829120
1744062092.001950,600039,21131155,0,131892256,123890560,124030880,0,1056056,0,224652,4962336,123632,4127752,101020,834584,1048576,1048576,0,0,0,0,5179920,463272,120244,91364,649668,91364,558304,25232,42960,0,0,0,65946128,8393704,34359738367,511900,0,52480,0,1116160,0,0,0,0,0,0,0,0,2048,0,349456,10039296,125829120
1744062093.002020,600039,21131155,0,131892256,123890560,124030880,0,1056056,0,224652,4962336,123632,4127752,101020,834584,1048576,1048576,0,0,0,0,5179920,463272,120244,91364,649668,91364,558304,25232,42960,0,0,0,65946128,8393704,34359738367,511900,0,52480,0,1116160,0,0,0,0,0,0,0,0,2048,0,349456,10039296,125829120
1744062094.001328,600039,21131155,0,131892256,123890560,124030880,0,1056056,0,224652,4962336,123632,4127752,101020,834584,1048576,1048576,0,0,0,0,5179920,463272,120244,91364,649668,91364,558304,25232,42960,0,0,0,65946128,8393704,34359738367,511900,0,52480,0,1116160,0,0,0,0,0,0,0,0,2048,0,349456,10039296,125829120
1744062095.001711,600039,21131155,0,131892256,123890560,124030880,0,1056056,0,224652,4962336,123632,4127752,101020,834584,1048576,1048576,0,0,0,0,5179920,463272,120244,91364,649668,91364,558304,25232,42960,0,0,0,65946128,8393704,34359738367,511900,0,52480,0,1116160,0,0,0,0,0,0,0,0,2048,0,349456,10039296,125829120
1744062096.001780,600039,21131155,0,131892256,123890560,124030880,0,1056056,0,224652,4962336,123632,4127752,101020,834584,1048576,1048576,0,0,0,0,5179920,463272,120244,91364,649668,91364,558304,25232,42960,0,0,0,65946128,8393704,34359738367,511900,0,52480,0,1116160,0,0,0,0,0,0,0,0,2048,0,349456,10039296,125829120
1744062097.002090,600039,21131155,0,131892256,123890560,124030880,0,1056056,0,224652,4962336,123632,4127752,101020,834584,1048576,1048576,0,0,0,0,5179920,463272,120244,91364,649668,91364,558304,25232,42960,0,0,0,65946128,8393704,34359738367,511900,0,52480,0,1116160,0,0,0,0,0,0,0,0,2048,0,349456,10039296,125829120
1744062098.001478,600039,21131155,0,131892256,123890560,124030880,0,1056056,0,224652,4962336,123632,4127752,101020,834584,1048576,1048576,0,0,0,0,5179920,463272,120244,91364,649668,91364,558304,25232,42960,0,0,0,65946128,8393704,34359738367,511900,0,52480,0,1116160,0,0,0,0,0,0,0,0,2048,0,349456,10039296,125829120
1744062099.001552,600039,21131155,0,131892256,123890560,124030880,0,1056056,0,224652,4962336,123632,4127752,101020,834584,1048576,1048576,0,0,0,0,5179920,463272,120244,91364,649668,91364,558304,25232,42960,0,0,0,65946128,8393704,34359738367,511900,0,52480,0,1116160,0,0,0,0,0,0,0,0,2048,0,349456,10039296,125829120
1744062100.001864,600039,21131155,0,131892256,123890560,124030880,0,1056056,0,224652,4962336,123632,4127752,101020,834584,1048576,1048576,0,0,0,0,5179920,463272,120244,91364,649668,91364,558304,25232,42960,0,0,0,65946128,8393704,34359738367,511900,0,52480,0,1116160,0,0,0,0,0,0,0,0,2048,0,349456,10039296,125829120
1744062101.001461,600039,21131155,0,131892256,123890560,124030880,0,1056056,0,224652,4962336,123632,4127752,101020,834584,1048576,1048576,0,0,0,0,5179920,463272,120244,91364,649668,91364,558304,25232,42960,0,0,0,65946128,8393704,34359738367,511900,0,52480,0,1116160,0,0,0,0,0,0,0,0,2048,0,349456,10039296,125829120
1744062102.001529,600039,21131155,0,131892256,123890560,124030880,0,1056056,0,224652,4962336,123632,4127752,101020,834584,1048576,1048576,0,0,0,0,5179920,463272,120244,91364,649668,91364,558304,25232,42960,0,0,0,65946128,8393704,34359738367,511900,0,52480,0,1116160,0,0,0,0,0,0,0,0,2048,0,349456,10039296,125829120
1744062103.001957,600039,21131155,0,131892256,123890560,124030880,0,1056056,0,224652,4962336,123632,4127752,101020,834584,1048576,1048576,0,0,0,0,5179920,463272,120244,91364,649668,91364,558304,25232,42960,0,0,0,65946128,8393704,34359738367,511900,0,52480,0,1116160,0,0,0,0,0,0,0,0,2048,0,349456,10039296,125829120
1744062104.002027,600039,21131155,0,131892256,123890560,124030880,0,1056056,0,224652,4962336,123632,4127752,101020,834584,1048576,1048576,0,0,0,0,5179920,463272,120244,91364,649668,91364,558304,25232,42960,0,0,0,65946128,8393704,34359738367,511900,0,52480,0,1116160,0,0,0,0,0,0,0,0,2048,0,349456,10039296,125829120
1744062105.001453,600039,21131155,0,131892256,123890560,124030880,0,1056056,0,224652,4962336,123632,4127752,101020,834584,1048576,1048576,0,0,0,0,5179920,463272,120244,91364,649668,91364,558304,25232,42960,0,0,0,65946128,8393704,34359738367,511900,0,52480,0,1116160,0,0,0,0,0,0,0,0,2048,0,349456,10039296,125829120
1744062106.001523,600039,21131155,0,131892256,123890560,124030880,0,1056056,0,224652,4962336,123632,4127752,101020,834584,1048576,1048576,0,0,0,0,5179920,463272,120244,91364,649668,91364,558304,25232,42960,0,0,0,65946128,8393704,34359738367,511900,0,52480,0,1116160,0,0,0,0,0,0,0,0,2048,0,349456,10039296,125829120
1744062107.001971,600039,21131155,0,131892256,123890560,124030880,0,1056056,0,224652,4962336,123632,4127752,101020,834584,1048576,1048576,0,0,0,0,5179920,463272,120244,91364,649668,91364,558304,25232,42960,0,0,0,65946128,8393704,34359738367,511900,0,52480,0,1116160,0,0,0,0,0,0,0,0,2048,0,349456,10039296,125829120
1744062108.002041,600039,21131155,0,131892256,123890560,124030880,0,1056056,0,224652,4962336,123632,4127752,101020,834584,1048576,1048576,0,0,0,0,5179920,463272,120244,91364,649668,91364,558304,25232,42960,0,0,0,65946128,8393704,34359738367,511900,0,52480,0,1116160,0,0,0,0,0,0,0,0,2048,0,349456,10039296,125829120
1744062109.001470,600039,21131155,0,131892256,123890560,124030880,0,1056056,0,224652,4962336,123632,4127752,101020,834584,1048576,1048576,0,0,0,0,5179920,463272,120244,91364,649668,91364,558304,25232,42960,0,0,0,65946128,8393704,34359738367,511900,0,52480,0,1116160,0,0,0,0,0,0,0,0,2048,0,349456,10039296,125829120
1744062110.001539,600039,21131155,0,131892256,123890560,124030880,0,1056056,0,224652,4962336,123632,4127752,101020,834584,1048576,1048576,0,0,0,0,5179920,463272,120244,91364,649668,91364,558304,25232,42960,0,0,0,65946128,8393704,34359738367,511900,0,52480,0,1116160,0,0,0,0,0,0,0,0,2048,0,349456,10039296,125829120
1744062111.001923,600039,21131155,0,131892256,123890560,124030880,0,1056056,0,224652,4962336,123632,4127752,101020,834584,1048576,1048576,0,0,0,0,5179920,463272,120244,91364,649668,91364,558304,25232,42960,0,0,0,65946128,8393704,34359738367,511900,0,52480,0,1116160,0,0,0,0,0,0,0,0,2048,0,349456,10039296,125829120
1744062112.001298,600039,21131155,0,131892256,123890560,124030880,0,1056056,0,224652,4962336,123632,4127752,101020,834584,1048576,1048576,0,0,0,0,5179920,463272,120244,91364,649668,91364,558304,25232,42960,0,0,0,65946128,8393704,34359738367,511900,0,52480,0,1116160,0,0,0,0,0,0,0,0,2048,0,349456,10039296,125829120
1744062113.001368,600039,21131155,0,131892256,123890560,124030880,0,1056056,0,224652,4962336,123632,4127752,101020,834584,1048576,1048576,0,0,0,0,5179920,463272,120244,91364,649668,91364,558304,25232,42960,0,0,0,65946128,8393704,34359738367,511900,0,52480,0,1116160,0,0,0,0,0,0,0,0,2048,0,349456,10039296,125829120
1744062114.001706,600039,21131155,0,131892256,123890560,124030880,0,1056056,0,224652,4962336,123632,4127752,101020,834584,1048576,1048576,0,0,0,0,5179920,463272,120244,91364,649668,91364,558304,25232,42960,0,0,0,65946128,8393704,34359738367,511900,0,52480,0,1116160,0,0,0,0,0,0,0,0,2048,0,349456,10039296,125829120
1744062115.002088,600039,21131155,0,131892256,123890560,124030880,0,1056056,0,224652,4962336,123632,4127752,101020,834584,1048576,1048576,0,0,0,0,5179920,463272,120244,91364,649668,91364,558304,25232,42960,0,0,0,65946128,8393704,34359738367,511900,0,52480,0,1116160,0,0,0,0,0,0,0,0,2048,0,349456,10039296,125829120
1744062116.001158,600039,21131155,0,131892256,123890560,124030880,0,1056056,0,224652,4962336,123632,4127752,101020,834584,1048576,1048576,0,0,0,0,5179920,463272,120244,91364,649668,91364,558304,25232,42960,0,0,0,65946128,8393704,34359738367,511900,0,52480,0,1116160,0,0,0,0,0,0,0,0,2048,0,349456,10039296,125829120
1744062117.001494,600039,21131155,0,131892256,123890560,124030880,0,1056056,0,224652,4962336,123632,4127752,101020,834584,1048576,1048576,0,0,0,0,5179920,463272,120244,91364,649668,91364,558304,25232,42960,0,0,0,65946128,8393704,34359738367,511900,0,52480,0,1116160,0,0,0,0,0,0,0,0,2048,0,349456,10039296,125829120
1744062118.001845,600039,21131155,0,131892256,123890600,124030920,0,1056056,0,224652,4962336,123632,4127752,101020,834584,1048576,1048576,0,0,0,0,5179920,463272,120244,91364,649668,91364,558304,25232,42960,0,0,0,65946128,8393704,34359738367,511900,0,52480,0,1116160,0,0,0,0,0,0,0,0,2048,0,349456,10039296,125829120
1744062119.001915,600039,21131155,0,131892256,123890592,124030912,0,1056056,0,224652,4962336,123632,4127752,101020,834584,1048576,1048576,0,0,0,0,5179920,463272,120244,91364,649676,91364,558312,25232,42960,0,0,0,65946128,8393704,34359738367,511900,0,52480,0,1116160,0,0,0,0,0,0,0,0,2048,0,349456,10039296,125829120
1744062120.001247,600039,21131155,0,131892256,123890592,124030912,0,1056056,0,224652,4962336,123632,4127752,101020,834584,1048576,1048576,0,0,0,0,5179920,463272,120244,91364,649676,91364,558312,25232,42960,0,0,0,65946128,8393704,34359738367,511900,0,52480,0,1116160,0,0,0,0,0,0,0,0,2048,0,349456,10039296,125829120
1744062121.001303,600039,21131155,0,131892256,123890676,124030996,0,1056056,0,224652,4962336,123632,4127752,101020,834584,1048576,1048576,0,0,0,0,5179920,463272,120244,91364,649676,91364,558312,25184,42960,0,0,0,65946128,8393704,34359738367,511900,0,52480,0,1116160,0,0,0,0,0,0,0,0,2048,0,349456,10039296,125829120
1744062122.001373,600039,21131155,0,131892256,123890676,124030996,0,1056056,0,224652,4962336,123632,4127752,101020,834584,1048576,1048576,0,0,0,0,5179920,463272,120244,91364,649676,91364,558312,25184,42960,0,0,0,65946128,8393704,34359738367,511900,0,52480,0,1116160,0,0,0,0,0,0,0,0,2048,0,349456,10039296,125829120
1744062123.001831,600039,21131155,0,131892256,123890668,124030988,0,1056056,0,224652,4962336,123632,4127752,101020,834584,1048576,1048576,0,0,0,0,5179920,463272,120244,91364,649684,91364,558320,25184,42960,0,0,0,65946128,8393704,34359738367,511900,0,52480,0,1116160,0,0,0,0,0,0,0,0,2048,0,349456,10039296,125829120
1744062124.001899,600039,21131155,0,131892256,123890668,124030988,0,1056056,0,224652,4962336,123632,4127752,101020,834584,1048576,1048576,0,0,0,0,5179920,463272,120244,91364,649684,91364,558320,25184,42960,0,0,0,65946128,8393704,34359738367,511900,0,52480,0,1116160,0,0,0,0,0,0,0,0,2048,0,349456,10039296,125829120
1744062125.001354,600039,21131155,0,131892256,123890668,124030988,0,1056056,0,224652,4962336,123632,4127752,101020,834584,1048576,1048576,0,0,0,0,5179920,463272,120244,91364,649684,91364,558320,25184,42960,0,0,0,65946128,8393704,34359738367,511900,0,52480,0,1116160,0,0,0,0,0,0,0,0,2048,0,349456,10039296,125829120
1744062126.001429,600039,21131155,0,131892256,123890668,124030988,0,1056056,0,224652,4962336,123632,4127752,101020,834584,1048576,1048576,0,0,0,0,5179920,463272,120244,91364,649684,91364,558320,25184,42960,0,0,0,65946128,8393704,34359738367,511900,0,52480,0,1116160,0,0,0,0,0,0,0,0,2048,0,349456,10039296,125829120
1744062127.001880,600039,21131155,0,131892256,123890668,124030988,0,1056056,0,224652,4962336,123632,4127752,101020,834584,1048576,1048576,0,0,0,0,5179920,463272,120244,91364,649684,91364,558320,25184,42960,0,0,0,65946128,8393704,34359738367,511900,0,52480,0,1116160,0,0,0,0,0,0,0,0,2048,0,349456,10039296,125829120
1744062128.001949,600039,21131155,0,131892256,123890668,124030988,0,1056056,0,224652,4962336,123632,4127752,101020,834584,1048576,1048576,0,0,0,0,5179920,463272,120244,91364,649684,91364,558320,25184,42960,0,0,0,65946128,8393704,34359738367,511900,0,52480,0,1116160,0,0,0,0,0,0,0,0,2048,0,349456,10039296,125829120
1744062129.001369,600039,21131155,0,131892256,123890660,124030980,0,1056056,0,224652,4962336,123632,4127752,101020,834584,1048576,1048576,0,0,0,0,5179920,463272,120244,91364,649692,91364,558328,25184,42960,0,0,0,65946128,8393704,34359738367,511900,0,52480,0,1116160,0,0,0,0,0,0,0,0,2048,0,349456,10039296,125829120
1744062130.001447,600039,21131155,0,131892256,123890688,124031008,0,1056056,0,224652,4962336,123632,4127752,101020,834584,1048576,1048576,0,0,0,0,5179920,463272,120244,91364,649692,91364,558328,25184,42960,0,0,0,65946128,8393704,34359738367,511900,0,52480,0,1116160,0,0,0,0,0,0,0,0,2048,0,349456,10039296,125829120
1744062131.001818,600039,21131155,0,131892256,123890688,124031008,0,1056056,0,224652,4962336,123632,4127752,101020,834584,1048576,1048576,0,0,0,0,5179920,463272,120244,91364,649692,91364,558328,25184,42960,0,0,0,65946128,8393704,34359738367,511900,0,52480,0,1116160,0,0,0,0,0,0,0,0,2048,0,349456,10039296,125829120
1744062132.002195,600039,21131155,0,131892256,123890688,124031008,0,1056056,0,224652,4962336,123632,4127752,101020,834584,1048576,1048576,0,0,0,0,5179920,463272,120244,91364,649692,91364,558328,25184,42960,0,0,0,65946128,8393704,34359738367,511900,0,52480,0,1116160,0,0,0,0,0,0,0,0,2048,0,349456,10039296,125829120
1744062133.001263,600039,21131155,0,131892256,123890688,124031008,0,1056056,0,224652,4962336,123632,4127752,101020,834584,1048576,1048576,0,0,0,0,5179920,463272,120244,91364,649692,91364,558328,25184,42960,0,0,0,65946128,8393704,34359738367,511900,0,52480,0,1116160,0,0,0,0,0,0,0,0,2048,0,349456,10039296,125829120
1744062134.001598,600039,21131155,0,131892256,123890688,124031008,0,1056056,0,224652,4962336,123632,4127752,101020,834584,1048576,1048576,0,0,0,0,5179920,463272,120244,91364,649692,91364,558328,25184,42960,0,0,0,65946128,8393704,34359738367,511900,0,52480,0,1116160,0,0,0,0,0,0,0,0,2048,0,349456,10039296,125829120
1744062135.001948,600039,21131155,0,131892256,123890688,124031008,0,1056056,0,224652,4962336,123632,4127752,101020,834584,1048576,1048576,0,0,0,0,5179920,463272,120244,91364,649692,91364,558328,25184,42960,0,0,0,65946128,8393704,34359738367,511900,0,52480,0,1116160,0,0,0,0,0,0,0,0,2048,0,349456,10039296,125829120
1744062136.002016,600039,21131155,0,131892256,123890688,124031008,0,1056056,0,224652,4962336,123632,4127752,101020,834584,1048576,1048576,0,0,0,0,5179920,463272,120244,91364,649692,91364,558328,25184,42960,0,0,0,65946128,8393704,34359738367,511900,0,52480,0,1116160,0,0,0,0,0,0,0,0,2048,0,349456,10039296,125829120
1744062137.001354,600039,21131155,0,131892256,123890688,124031008,0,1056056,0,224652,4962336,123632,4127752,101020,834584,1048576,1048576,0,0,0,0,5179920,463272,120244,91364,649692,91364,558328,25184,42960,0,0,0,65946128,8393704,34359738367,511900,0,52480,0,1116160,0,0,0,0,0,0,0,0,2048,0,349456,10039296,125829120
1744062138.001737,600039,21131155,0,131892256,123890656,124030976,0,1056056,0,224652,4962336,123632,4127752,101020,834584,1048576,1048576,0,0,0,0,5179920,463272,120244,91364,649724,91364,558360,25184,42960,0,0,0,65946128,8393704,34359738367,511900,0,52480,0,1116160,0,0,0,0,0,0,0,0,2048,0,349456,10039296,125829120
1744062139.001806,600039,21131155,0,131892256,123890656,124030976,0,1056056,0,224652,4962336,123632,4127752,101020,834584,1048576,1048576,0,0,0,0,5179920,463272,120244,91364,649724,91364,558360,25184,42960,0,0,0,65946128,8393704,34359738367,511900,0,52480,0,1116160,0,0,0,0,0,0,0,0,2048,0,349456,10039296,125829120
1744062140.002115,600039,21131155,0,131892256,123890648,124030968,0,1056056,0,224652,4962336,123632,4127752,101020,834584,1048576,1048576,0,0,0,0,5179920,463272,120244,91364,649732,91364,558368,25184,42960,0,0,0,65946128,8393704,34359738367,511900,0,52480,0,1116160,0,0,0,0,0,0,0,0,2048,0,349456,10039296,125829120
1744062141.001379,600039,21131155,0,131892256,123890648,124030968,0,1056056,0,224652,4962336,123632,4127752,101020,834584,1048576,1048576,0,0,0,0,5179920,463272,120244,91364,649732,91364,558368,25184,42960,0,0,0,65946128,8393704,34359738367,511900,0,52480,0,1116160,0,0,0,0,0,0,0,0,2048,0,349456,10039296,125829120
1744062142.001454,600039,21131155,0,131892256,123890648,124030968,0,1056056,0,224652,4962336,123632,4127752,101020,834584,1048576,1048576,0,0,0,0,5179920,463272,120244,91364,649732,91364,558368,25184,42960,0,0,0,65946128,8393704,34359738367,511900,0,52480,0,1116160,0,0,0,0,0,0,0,0,2048,0,349456,10039296,125829120
1744062143.001847,600039,21131155,0,131892256,123890648,124030968,0,1056056,0,224652,4962336,123632,4127752,101020,834584,1048576,1048576,0,0,0,0,5179920,463272,120244,91364,649732,91364,558368,25184,42960,0,0,0,65946128,8393704,34359738367,511900,0,52480,0,1116160,0,0,0,0,0,0,0,0,2048,0,349456,10039296,125829120
1744062144.001917,600039,21131155,0,131892256,123890648,124030968,0,1056056,0,224652,4962336,123632,4127752,101020,834584,1048576,1048576,0,0,0,0,5179920,463272,120244,91364,649732,91364,558368,25184,42960,0,0,0,65946128,8393704,34359738367,511900,0,52480,0,1116160,0,0,0,0,0,0,0,0,2048,0,349456,10039296,125829120
1744062145.001312,600039,21131155,0,131892256,123890648,124030968,0,1056056,0,224652,4962336,123632,4127752,101020,834584,1048576,1048576,0,0,0,0,5179920,463272,120244,91364,649732,91364,558368,25184,42960,0,0,0,65946128,8393704,34359738367,511900,0,52480,0,1116160,0,0,0,0,0,0,0,0,2048,0,349456,10039296,125829120
1744062146.001380,600039,21131155,0,131892256,123890648,124030968,0,1056056,0,224652,4962336,123632,4127752,101020,834584,1048576,1048576,0,0,0,0,5179920,463272,120244,91364,649732,91364,558368,25184,42960,0,0,0,65946128,8393704,34359738367,511900,0,52480,0,1116160,0,0,0,0,0,0,0,0,2048,0,349456,10039296,125829120
1744062147.001783,600039,21131155,0,131892256,123890564,124030884,0,1056056,0,224652,4962336,123632,4127752,101020,834584,1048576,1048576,0,0,0,0,5179920,463272,120244,91364,649732,91364,558368,25184,42960,0,0,0,65946128,8393704,34359738367,511900,0,52480,0,1116160,0,0,0,0,0,0,0,0,2048,0,349456,10039296,125829120
1744062148.000941,600039,21131155,0,131892256,123890564,124030884,0,1056056,0,224652,4962336,123632,4127752,101020,834584,1048576,1048576,0,0,0,0,5179920,463272,120244,91364,649732,91364,558368,25184,42960,0,0,0,65946128,8393704,34359738367,511900,0,52480,0,1116160,0,0,0,0,0,0,0,0,2048,0,349456,10039296,125829120
1744062149.001358,600039,21131155,0,131892256,123890564,124030884,0,1056056,0,224652,4962336,123632,4127752,101020,834584,1048576,1048576,0,0,0,0,5179920,463272,120244,91364,649732,91364,558368,25184,42960,0,0,0,65946128,8393704,34359738367,511900,0,52480,0,1116160,0,0,0,0,0,0,0,0,2048,0,349456,10039296,125829120
1744062150.001441,600039,21131155,0,131892256,123890564,124030884,0,1056056,0,224652,4962336,123632,4127752,101020,834584,1048576,1048576,0,0,0,0,5179920,463272,120244,91364,649732,91364,558368,25184,42960,0,0,0,65946128,8393704,34359738367,511900,0,52480,0,1116160,0,0,0,0,0,0,0,0,2048,0,349456,10039296,125829120
1744062151.001651,600039,21131155,0,131892256,123890564,124030884,0,1056056,0,224652,4962336,123632,4127752,101020,834584,1048576,1048576,0,0,0,0,5179920,463272,120244,91364,649732,91364,558368,25184,42960,0,0,0,65946128,8393704,34359738367,511900,0,52480,0,1116160,0,0,0,0,0,0,0,0,2048,0,349456,10039296,125829120
1744062152.002025,600039,21131155,0,131892256,123890564,124030884,0,1056056,0,224652,4962336,123632,4127752,101020,834584,1048576,1048576,0,0,0,0,5179920,463272,120244,91364,649732,91364,558368,25184,42960,0,0,0,65946128,8393704,34359738367,511900,0,52480,0,1116160,0,0,0,0,0,0,0,0,2048,0,349456,10039296,125829120
1744062153.001093,600039,21131155,0,131892256,123890564,124030884,0,1056056,0,224652,4962336,123632,4127752,101020,834584,1048576,1048576,0,0,0,0,5179920,463272,120244,91364,649732,91364,558368,25184,42960,0,0,0,65946128,8393704,34359738367,511900,0,52480,0,1116160,0,0,0,0,0,0,0,0,2048,0,349456,10039296,125829120
1744062154.001428,600039,21131155,0,131892256,123890564,124030884,0,1056056,0,224652,4962336,123632,4127752,101020,834584,1048576,1048576,0,0,0,0,5179920,463272,120244,91364,649732,91364,558368,25184,42960,0,0,0,65946128,8393704,34359738367,511900,0,52480,0,1116160,0,0,0,0,0,0,0,0,2048,0,349456,10039296,125829120
1744062155.001804,600039,21131155,0,131892256,123890564,124030884,0,1056056,0,224652,4962336,123632,4127752,101020,834584,1048576,1048576,0,0,0,0,5179920,463272,120244,91364,649732,91364,558368,25184,42960,0,0,0,65946128,8393704,34359738367,511900,0,52480,0,1116160,0,0,0,0,0,0,0,0,2048,0,349456,10039296,125829120
1744062156.001878,600039,21131155,0,131892256,123890564,124030884,0,1056056,0,224652,4962336,123632,4127752,101020,834584,1048576,1048576,0,0,0,0,5179920,463272,120244,91364,649732,91364,558368,25184,42960,0,0,0,65946128,8393704,34359738367,511900,0,52480,0,1116160,0,0,0,0,0,0,0,0,2048,0,349456,10039296,125829120
1744062157.001208,600039,21131155,0,131892256,123890564,124030884,0,1056056,0,224652,4962336,123632,4127752,101020,834584,1048576,1048576,0,0,0,0,5179920,463272,120244,91364,649732,91364,558368,25184,42960,0,0,0,65946128,8393704,34359738367,511900,0,52480,0,1116160,0,0,0,0,0,0,0,0,2048,0,349456,10039296,125829120
1744062158.001594,600039,21131155,0,131892256,123890564,124030884,0,1056056,0,224652,4962336,123632,4127752,101020,834584,1048576,1048576,0,0,0,0,5179920,463272,120244,91364,649732,91364,558368,25184,42960,0,0,0,65946128,8393704,34359738367,511900,0,52480,0,1116160,0,0,0,0,0,0,0,0,2048,0,349456,10039296,125829120
1744062159.001665,600039,21131155,0,131892256,123890564,124030884,0,1056056,0,224652,4962336,123632,4127752,101020,834584,1048576,1048576,0,0,0,0,5179920,463272,120244,91364,649732,91364,558368,25184,42960,0,0,0,65946128,8393704,34359738367,511900,0,52480,0,1116160,0,0,0,0,0,0,0,0,2048,0,349456,10039296,125829120
1744062160.001560,600039,21131155,0,131892256,123890564,124030884,0,1056056,0,224652,4962336,123632,4127752,101020,834584,1048576,1048576,0,0,0,0,5179920,463272,120244,91364,649732,91364,558368,25184,42960,0,0,0,65946128,8393704,34359738367,511900,0,52480,0,1116160,0,0,0,0,0,0,0,0,2048,0,349456,10039296,125829120
1744062161.001334,600039,21131155,0,131892256,123890564,124030884,0,1056056,0,224652,4962336,123632,4127752,101020,834584,1048576,1048576,0,0,0,0,5179920,463272,120244,91364,649732,91364,558368,25184,42960,0,0,0,65946128,8393704,34359738367,511900,0,52480,0,1116160,0,0,0,0,0,0,0,0,2048,0,349456,10039296,125829120
1744062162.001410,600039,21131155,0,131892256,123890564,124030884,0,1056056,0,224652,4962336,123632,4127752,101020,834584,1048576,1048576,0,0,0,0,5179920,463272,120244,91364,649732,91364,558368,25184,42960,0,0,0,65946128,8393704,34359738367,511900,0,52480,0,1116160,0,0,0,0,0,0,0,0,2048,0,349456,10039296,125829120
1744062163.001837,600039,21131155,0,131892256,123890564,124030884,0,1056056,0,224652,4962336,123632,4127752,101020,834584,1048576,1048576,0,0,0,0,5179920,463272,120244,91364,649732,91364,558368,25184,42960,0,0,0,65946128,8393704,34359738367,511900,0,52480,0,1116160,0,0,0,0,0,0,0,0,2048,0,349456,10039296,125829120
1744062164.001907,600039,21131155,0,131892256,123890564,124030884,0,1056056,0,224652,4962336,123632,4127752,101020,834584,1048576,1048576,0,0,0,0,5179920,463272,120244,91364,649732,91364,558368,25184,42960,0,0,0,65946128,8393704,34359738367,511900,0,52480,0,1116160,0,0,0,0,0,0,0,0,2048,0,349456,10039296,125829120
1744062165.001322,600039,21131155,0,131892256,123890564,124030884,0,1056056,0,224652,4962336,123632,4127752,101020,834584,1048576,1048576,0,0,0,0,5179920,463272,120244,91364,649732,91364,558368,25184,42960,0,0,0,65946128,8393704,34359738367,511900,0,52480,0,1116160,0,0,0,0,0,0,0,0,2048,0,349456,10039296,125829120
1744062166.001391,600039,21131155,0,131892256,123890564,124030884,0,1056056,0,224652,4962336,123632,4127752,101020,834584,1048576,1048576,0,0,0,0,5179920,463272,120244,91364,649732,91364,558368,25184,42960,0,0,0,65946128,8393704,34359738367,511900,0,52480,0,1116160,0,0,0,0,0,0,0,0,2048,0,349456,10039296,125829120
1744062167.001783,600039,21131155,0,131892256,123890564,124030884,0,1056056,0,224652,4962336,123632,4127752,101020,834584,1048576,1048576,0,0,0,0,5179920,463272,120244,91364,649732,91364,558368,25184,42960,0,0,0,65946128,8393704,34359738367,511900,0,52480,0,1116160,0,0,0,0,0,0,0,0,2048,0,349456,10039296,125829120
1744062168.001853,600039,21131155,0,131892256,123890564,124030884,0,1056056,0,224652,4962336,123632,4127752,101020,834584,1048576,1048576,0,0,0,0,5179920,463272,120244,91364,649732,91364,558368,25184,42960,0,0,0,65946128,8393704,34359738367,511900,0,52480,0,1116160,0,0,0,0,0,0,0,0,2048,0,349456,10039296,125829120
1744062169.001237,600039,21131155,0,131892256,123890564,124030884,0,1056056,0,224652,4962336,123632,4127752,101020,834584,1048576,1048576,0,0,0,0,5179920,463272,120244,91364,649732,91364,558368,25184,42960,0,0,0,65946128,8393704,34359738367,511900,0,52480,0,1116160,0,0,0,0,0,0,0,0,2048,0,349456,10039296,125829120
1744062170.001306,600039,21131155,0,131892256,123890564,124030884,0,1056056,0,224652,4962336,123632,4127752,101020,834584,1048576,1048576,0,0,0,0,5179920,463272,120244,91364,649732,91364,558368,25184,42960,0,0,0,65946128,8393704,34359738367,511900,0,52480,0,1116160,0,0,0,0,0,0,0,0,2048,0,349456,10039296,125829120
1744062171.001975,600039,21131155,0,131892256,123890592,124030912,0,1056056,0,224652,4962336,123632,4127752,101020,834584,1048576,1048576,0,0,0,0,5179920,463272,120244,91364,649732,91364,558368,25184,42960,0,0,0,65946128,8393704,34359738367,511900,0,52480,0,1116160,0,0,0,0,0,0,0,0,2048,0,349456,10039296,125829120
1744062172.001320,600039,21131155,0,131892256,123890600,124030920,0,1056056,0,224652,4962336,123632,4127752,101020,834584,1048576,1048576,0,0,0,0,5179920,463272,120244,91364,649724,91364,558360,25184,42960,0,0,0,65946128,8393704,34359738367,511900,0,52480,0,1116160,0,0,0,0,0,0,0,0,2048,0,349456,10039296,125829120
1744062173.001390,600039,21131155,0,131892256,123890600,124030920,0,1056056,0,224652,4962336,123632,4127752,101020,834584,1048576,1048576,0,0,0,0,5179920,463272,120244,91364,649724,91364,558360,25184,42960,0,0,0,65946128,8393704,34359738367,511900,0,52480,0,1116160,0,0,0,0,0,0,0,0,2048,0,349456,10039296,125829120
1744062174.001661,600039,21131155,0,131892256,123890600,124030920,0,1056056,0,224652,4962336,123632,4127752,101020,834584,1048576,1048576,0,0,0,0,5179920,463272,120244,91364,649724,91364,558360,25184,42960,0,0,0,65946128,8393704,34359738367,511900,0,52480,0,1116160,0,0,0,0,0,0,0,0,2048,0,349456,10039296,125829120
1744062175.002006,600039,21131155,0,131892256,123890600,124030920,0,1056056,0,224652,4962336,123632,4127752,101020,834584,1048576,1048576,0,0,0,0,5179920,463272,120244,91364,649724,91364,558360,25184,42960,0,0,0,65946128,8393704,34359738367,511900,0,52480,0,1116160,0,0,0,0,0,0,0,0,2048,0,349456,10039296,125829120
1744062176.000108,600039,21131155,0,131892256,123890600,124030920,0,1056056,0,224652,4962336,123632,4127752,101020,834584,1048576,1048576,0,0,0,0,5179920,463272,120244,91364,649724,91364,558360,25184,42960,0,0,0,65946128,8393704,34359738367,511900,0,52480,0,1116160,0,0,0,0,0,0,0,0,2048,0,349456,10039296,125829120
1744062177.001374,600039,21131155,0,131892256,123890600,124030920,0,1056056,0,224652,4962336,123632,4127752,101020,834584,1048576,1048576,0,0,0,0,5179920,463272,120244,91364,649724,91364,558360,25184,42960,0,0,0,65946128,8393704,34359738367,511900,0,52480,0,1116160,0,0,0,0,0,0,0,0,2048,0,349456,10039296,125829120
1744062178.001746,600039,21131155,0,131892256,123890600,124030920,0,1056056,0,224652,4962336,123632,4127752,101020,834584,1048576,1048576,0,0,0,0,5179920,463272,120244,91364,649724,91364,558360,25184,42960,0,0,0,65946128,8393704,34359738367,511900,0,52480,0,1116160,0,0,0,0,0,0,0,0,2048,0,349456,10039296,125829120
1744062179.001804,600039,21131155,0,131892256,123890600,124030920,0,1056056,0,224652,4962336,123632,4127752,101020,834584,1048576,1048576,0,0,0,0,5179920,463272,120244,91364,649724,91364,558360,25184,42960,0,0,0,65946128,8393704,34359738367,511900,0,52480,0,1116160,0,0,0,0,0,0,0,0,2048,0,349456,10039296,125829120
1744062180.002082,600039,21131155,0,131892256,123890600,124030920,0,1056056,0,224652,4962336,123632,4127752,101020,834584,1048576,1048576,0,0,0,0,5179920,463272,120244,91364,649724,91364,558360,25184,42960,0,0,0,65946128,8393704,34359738367,511900,0,52480,0,1116160,0,0,0,0,0,0,0,0,2048,0,349456,10039296,125829120
1744062181.001449,600039,21131155,0,131892256,123890600,124030920,0,1056056,0,224652,4962336,123632,4127752,101020,834584,1048576,1048576,0,0,0,0,5179920,463272,120244,91364,649724,91364,558360,25184,42960,0,0,0,65946128,8393704,34359738367,511900,0,52480,0,1116160,0,0,0,0,0,0,0,0,2048,0,349456,10039296,125829120
1744062182.001506,600039,21131155,0,131892256,123890600,124030920,0,1056056,0,224652,4962336,123632,4127752,101020,834584,1048576,1048576,0,0,0,0,5179920,463272,120244,91364,649724,91364,558360,25184,42960,0,0,0,65946128,8393704,34359738367,511900,0,52480,0,1116160,0,0,0,0,0,0,0,0,2048,0,349456,10039296,125829120
1744062183.001932,600039,21131155,0,131892256,123890568,124030888,0,1056056,0,224652,4962336,123632,4127752,101020,834584,1048576,1048576,0,0,0,0,5179920,463272,120244,91364,649756,91364,558392,25184,42960,0,0,0,65946128,8393704,34359738367,511900,0,52480,0,1116160,0,0,0,0,0,0,0,0,2048,0,349456,10039296,125829120
1744062184.001989,600039,21131155,0,131892256,123890568,124030888,0,1056056,0,224652,4962336,123632,4127752,101020,834584,1048576,1048576,0,0,0,0,5179920,463272,120244,91364,649756,91364,558392,25184,42960,0,0,0,65946128,8393704,34359738367,511900,0,52480,0,1116160,0,0,0,0,0,0,0,0,2048,0,349456,10039296,125829120
1744062185.001405,600039,21131155,0,131892256,123890568,124030888,0,1056056,0,224652,4962336,123632,4127752,101020,834584,1048576,1048576,0,0,0,0,5179920,463272,120244,91364,649756,91364,558392,25184,42960,0,0,0,65946128,8393704,34359738367,511900,0,52480,0,1116160,0,0,0,0,0,0,0,0,2048,0,349456,10039296,125829120
1744062186.001470,600039,21131155,0,131892256,123890568,124030888,0,1056056,0,224652,4962336,123632,4127752,101020,834584,1048576,1048576,0,0,0,0,5179920,463272,120244,91364,649756,91364,558392,25184,42960,0,0,0,65946128,8393704,34359738367,511900,0,52480,0,1116160,0,0,0,0,0,0,0,0,2048,0,349456,10039296,125829120
1744062187.001872,600039,21131155,0,131892256,123890568,124030888,0,1056056,0,224652,4962336,123632,4127752,101020,834584,1048576,1048576,0,0,0,0,5179920,463272,120244,91364,649756,91364,558392,25184,42960,0,0,0,65946128,8393704,34359738367,511900,0,52480,0,1116160,0,0,0,0,0,0,0,0,2048,0,349456,10039296,125829120
1744062188.001932,600039,21131155,0,131892256,123890568,124030888,0,1056056,0,224652,4962336,123632,4127752,101020,834584,1048576,1048576,0,0,0,0,5179920,463272,120244,91364,649756,91364,558392,25184,42960,0,0,0,65946128,8393704,34359738367,511900,0,52480,0,1116160,0,0,0,0,0,0,0,0,2048,0,349456,10039296,125829120
1744062189.001335,600039,21131155,0,131892256,123890568,124030888,0,1056056,0,224652,4962336,123632,4127752,101020,834584,1048576,1048576,0,0,0,0,5179920,463272,120244,91364,649756,91364,558392,25184,42960,0,0,0,65946128,8393704,34359738367,511900,0,52480,0,1116160,0,0,0,0,0,0,0,0,2048,0,349456,10039296,125829120
1744062190.001395,600039,21131155,0,131892256,123890568,124030888,0,1056056,0,224652,4962336,123632,4127752,101020,834584,1048576,1048576,0,0,0,0,5179920,463272,120244,91364,649756,91364,558392,25184,42960,0,0,0,65946128,8393704,34359738367,511900,0,52480,0,1116160,0,0,0,0,0,0,0,0,2048,0,349456,10039296,125829120
1744062191.001970,600039,21131155,0,131892256,123890568,124030888,0,1056056,0,224652,4962336,123632,4127752,101020,834584,1048576,1048576,0,0,0,0,5179920,463272,120244,91364,649756,91364,558392,25184,42960,0,0,0,65946128,8393704,34359738367,511900,0,52480,0,1116160,0,0,0,0,0,0,0,0,2048,0,349456,10039296,125829120
1744062192.001314,600039,21131155,0,131892256,123890568,124030888,0,1056056,0,224652,4962336,123632,4127752,101020,834584,1048576,1048576,0,0,0,0,5179920,463272,120244,91364,649756,91364,558392,25184,42960,0,0,0,65946128,8393704,34359738367,511900,0,52480,0,1116160,0,0,0,0,0,0,0,0,2048,0,349456,10039296,125829120
1744062193.001384,600039,21131155,0,131892256,123890568,124030888,0,1056056,0,224652,4962336,123632,4127752,101020,834584,1048576,1048576,0,0,0,0,5179920,463272,120244,91364,649756,91364,558392,25184,42960,0,0,0,65946128,8393704,34359738367,511900,0,52480,0,1116160,0,0,0,0,0,0,0,0,2048,0,349456,10039296,125829120
1744062194.001659,600039,21131155,0,131892256,123890568,124030888,0,1056056,0,224652,4962336,123632,4127752,101020,834584,1048576,1048576,0,0,0,0,5179920,463272,120244,91364,649756,91364,558392,25184,42960,0,0,0,65946128,8393704,34359738367,511900,0,52480,0,1116160,0,0,0,0,0,0,0,0,2048,0,349456,10039296,125829120
1744062195.001975,600039,21131155,0,131892256,123890568,124030888,0,1056056,0,224652,4962336,123632,4127752,101020,834584,1048576,1048576,0,0,0,0,5179920,463272,120244,91364,649756,91364,558392,25184,42960,0,0,0,65946128,8393704,34359738367,511900,0,52480,0,1116160,0,0,0,0,0,0,0,0,2048,0,349456,10039296,125829120
1744062196.002050,600039,21131155,0,131892256,123890568,124030888,0,1056056,0,224652,4962336,123632,4127752,101020,834584,1048576,1048576,0,0,0,0,5179920,463272,120244,91364,649756,91364,558392,25184,42960,0,0,0,65946128,8393704,34359738367,511900,0,52480,0,1116160,0,0,0,0,0,0,0,0,2048,0,349456,10039296,125829120
1744062197.001322,600039,21131155,0,131892256,123890568,124030888,0,1056056,0,224652,4962336,123632,4127752,101020,834584,1048576,1048576,0,0,0,0,5179920,463272,120244,91364,649756,91364,558392,25184,42960,0,0,0,65946128,8393704,34359738367,511900,0,52480,0,1116160,0,0,0,0,0,0,0,0,2048,0,349456,10039296,125829120
1744062198.001634,600039,21131155,0,131892256,123890568,124030888,0,1056056,0,224652,4962336,123632,4127752,101020,834584,1048576,1048576,0,0,0,0,5179920,463272,120244,91364,649756,91364,558392,25184,42960,0,0,0,65946128,8393704,34359738367,511900,0,52480,0,1116160,0,0,0,0,0,0,0,0,2048,0,349456,10039296,125829120
1744062199.001703,600039,21131155,0,131892256,123890568,124030888,0,1056056,0,224652,4962336,123632,4127752,101020,834584,1048576,1048576,0,0,0,0,5179920,463272,120244,91364,649756,91364,558392,25184,42960,0,0,0,65946128,8393704,34359738367,511900,0,52480,0,1116160,0,0,0,0,0,0,0,0,2048,0,349456,10039296,125829120
1744062200.001969,600039,21131155,0,131892256,123890568,124030888,0,1056056,0,224652,4962336,123632,4127752,101020,834584,1048576,1048576,0,0,0,0,5179920,463272,120244,91364,649756,91364,558392,25184,42960,0,0,0,65946128,8393704,34359738367,511900,0,52480,0,1116160,0,0,0,0,0,0,0,0,2048,0,349456,10039296,125829120
1744062201.001618,600039,21131155,0,131892256,123890568,124030888,0,1056056,0,224652,4962336,123632,4127752,101020,834584,1048576,1048576,0,0,0,0,5179920,463272,120244,91364,649756,91364,558392,25184,42960,0,0,0,65946128,8393704,34359738367,511900,0,52480,0,1116160,0,0,0,0,0,0,0,0,2048,0,349456,10039296,125829120
1744062202.001489,600039,21131155,0,131892256,123890568,124030888,0,1056056,0,224652,4962336,123632,4127752,101020,834584,1048576,1048576,0,0,0,0,5179920,463272,120244,91364,649756,91364,558392,25184,42960,0,0,0,65946128,8393704,34359738367,511900,0,52480,0,1116160,0,0,0,0,0,0,0,0,2048,0,349456,10039296,125829120
1744062203.001646,600039,21131155,0,131892256,123890536,124030856,0,1056056,0,224652,4962336,123632,4127752,101020,834584,1048576,1048576,0,0,0,0,5179920,463272,120244,91364,649788,91364,558424,25184,42960,0,0,0,65946128,8393704,34359738367,511900,0,52480,0,1116160,0,0,0,0,0,0,0,0,2048,0,349456,10039296,125829120
1744062204.001488,600039,21131155,0,131892256,123890536,124030856,0,1056056,0,224652,4962336,123632,4127752,101020,834584,1048576,1048576,0,0,0,0,5179920,463272,120244,91364,649788,91364,558424,25184,42960,0,0,0,65946128,8393704,34359738367,511900,0,52480,0,1116160,0,0,0,0,0,0,0,0,2048,0,349456,10039296,125829120
1744062205.001642,600039,21131155,0,131892256,123890536,124030856,0,1056056,0,224652,4962336,123632,4127752,101020,834584,1048576,1048576,0,0,0,0,5179920,463272,120244,91364,649788,91364,558424,25184,42960,0,0,0,65946128,8393704,34359738367,511900,0,52480,0,1116160,0,0,0,0,0,0,0,0,2048,0,349456,10039296,125829120
1744062206.001491,600039,21131155,0,131892256,123890536,124030856,0,1056056,0,224652,4962336,123632,4127752,101020,834584,1048576,1048576,0,0,0,0,5179920,463272,120244,91364,649788,91364,558424,25184,42960,0,0,0,65946128,8393704,34359738367,511900,0,52480,0,1116160,0,0,0,0,0,0,0,0,2048,0,349456,10039296,125829120
1744062207.001872,600039,21131155,0,131892256,123890536,124030856,0,1056056,0,224652,4962336,123632,4127752,101020,834584,1048576,1048576,0,0,0,0,5179920,463272,120244,91364,649788,91364,558424,25184,42960,0,0,0,65946128,8393704,34359738367,511900,0,52480,0,1116160,0,0,0,0,0,0,0,0,2048,0,349456,10039296,125829120
1744062208.001941,600039,21131155,0,131892256,123890500,124030820,0,1056056,0,224652,4962336,123632,4127752,101020,834584,1048576,1048576,0,0,0,0,5179920,463272,120244,91364,649852,91364,558488,25184,42960,0,0,0,65946128,8393704,34359738367,511900,0,52480,0,1116160,0,0,0,0,0,0,0,0,2048,0,349456,10039296,125829120
1744062209.001324,600039,21131155,0,131892256,123890500,124030820,0,1056056,0,224652,4962336,123632,4127752,101020,834584,1048576,1048576,0,0,0,0,5179920,463272,120244,91364,649852,91364,558488,25184,42960,0,0,0,65946128,8393704,34359738367,511900,0,52480,0,1116160,0,0,0,0,0,0,0,0,2048,0,349456,10039296,125829120
1744062210.001395,600039,21131155,0,131892256,123890500,124030820,0,1056056,0,224652,4962336,123632,4127752,101020,834584,1048576,1048576,0,0,0,0,5179920,463272,120244,91364,649852,91364,558488,25184,42960,0,0,0,65946128,8393704,34359738367,511900,0,52480,0,1116160,0,0,0,0,0,0,0,0,2048,0,349456,10039296,125829120
1744062211.001803,600039,21131155,0,131892256,123890500,124030820,0,1056056,0,224652,4962336,123632,4127752,101020,834584,1048576,1048576,0,0,0,0,5179920,463272,120244,91364,649852,91364,558488,25184,42960,0,0,0,65946128,8393704,34359738367,511900,0,52480,0,1116160,0,0,0,0,0,0,0,0,2048,0,349456,10039296,125829120
1744062212.002147,600039,21131155,0,131892256,123890500,124030820,0,1056056,0,224652,4962336,123632,4127752,101020,834584,1048576,1048576,0,0,0,0,5179920,463272,120244,91364,649852,91364,558488,25184,42960,0,0,0,65946128,8393704,34359738367,511900,0,52480,0,1116160,0,0,0,0,0,0,0,0,2048,0,349456,10039296,125829120
1744062213.001220,600039,21131155,0,131892256,123890500,124030820,0,1056056,0,224652,4962336,123632,4127752,101020,834584,1048576,1048576,0,0,0,0,5179920,463272,120244,91364,649852,91364,558488,25184,42960,0,0,0,65946128,8393704,34359738367,511900,0,52480,0,1116160,0,0,0,0,0,0,0,0,2048,0,349456,10039296,125829120
1744062214.001497,600039,21131155,0,131892256,123890500,124030820,0,1056056,0,224652,4962336,123632,4127752,101020,834584,1048576,1048576,0,0,0,0,5179920,463272,120244,91364,649852,91364,558488,25184,42960,0,0,0,65946128,8393704,34359738367,511900,0,52480,0,1116160,0,0,0,0,0,0,0,0,2048,0,349456,10039296,125829120
1744062215.001839,600039,21131155,0,131892256,123890500,124030820,0,1056056,0,224652,4962336,123632,4127752,101020,834584,1048576,1048576,0,0,0,0,5179920,463272,120244,91364,649852,91364,558488,25184,42960,0,0,0,65946128,8393704,34359738367,511900,0,52480,0,1116160,0,0,0,0,0,0,0,0,2048,0,349456,10039296,125829120
1744062216.001907,600039,21131155,0,131892256,123890500,124030820,0,1056056,0,224652,4962336,123632,4127752,101020,834584,1048576,1048576,0,0,0,0,5179920,463272,120244,91364,649852,91364,558488,25184,42960,0,0,0,65946128,8393704,34359738367,511900,0,52480,0,1116160,0,0,0,0,0,0,0,0,2048,0,349456,10039296,125829120
1744062217.001171,600039,21131155,0,131892256,123890500,124030820,0,1056056,0,224652,4962336,123632,4127752,101020,834584,1048576,1048576,0,0,0,0,5179920,463272,120244,91364,649852,91364,558488,25184,42960,0,0,0,65946128,8393704,34359738367,511900,0,52480,0,1116160,0,0,0,0,0,0,0,0,2048,0,349456,10039296,125829120
1744062218.001525,600039,21131155,0,131892256,123890500,124030820,0,1056056,0,224652,4962336,123632,4127752,101020,834584,1048576,1048576,0,0,0,0,5179920,463272,120244,91364,649852,91364,558488,25184,42960,0,0,0,65946128,8393704,34359738367,511900,0,52480,0,1116160,0,0,0,0,0,0,0,0,2048,0,349456,10039296,125829120
1744062219.001596,600039,21131155,0,131892256,123890500,124030820,0,1056056,0,224652,4962336,123632,4127752,101020,834584,1048576,1048576,0,0,0,0,5179920,463272,120244,91364,649852,91364,558488,25184,42960,0,0,0,65946128,8393704,34359738367,511900,0,52480,0,1116160,0,0,0,0,0,0,0,0,2048,0,349456,10039296,125829120
1744062220.001864,600039,21131155,0,131892256,123890500,124030820,0,1056056,0,224652,4962336,123632,4127752,101020,834584,1048576,1048576,0,0,0,0,5179920,463272,120244,91364,649852,91364,558488,25184,42960,0,0,0,65946128,8393704,34359738367,511900,0,52480,0,1116160,0,0,0,0,0,0,0,0,2048,0,349456,10039296,125829120
1744062221.001430,600039,21131155,0,131892256,123890500,124030820,0,1056056,0,224652,4962336,123632,4127752,101020,834584,1048576,1048576,0,0,0,0,5179920,463272,120244,91364,649852,91364,558488,25184,42960,0,0,0,65946128,8393704,34359738367,511900,0,52480,0,1116160,0,0,0,0,0,0,0,0,2048,0,349456,10039296,125829120
1744062222.001500,600039,21131155,0,131892256,123890500,124030820,0,1056056,0,224652,4962336,123632,4127752,101020,834584,1048576,1048576,0,0,0,0,5179920,463272,120244,91364,649852,91364,558488,25184,42960,0,0,0,65946128,8393704,34359738367,511900,0,52480,0,1116160,0,0,0,0,0,0,0,0,2048,0,349456,10039296,125829120
1744062223.001883,600039,21131155,0,131892256,123890500,124030820,0,1056056,0,224652,4962336,123632,4127752,101020,834584,1048576,1048576,0,0,0,0,5179920,463272,120244,91364,649852,91364,558488,25184,42960,0,0,0,65946128,8393704,34359738367,511900,0,52480,0,1116160,0,0,0,0,0,0,0,0,2048,0,349456,10039296,125829120
1744062224.001953,600039,21131155,0,131892256,123890500,124030820,0,1056056,0,224652,4962336,123632,4127752,101020,834584,1048576,1048576,0,0,0,0,5179920,463272,120244,91364,649852,91364,558488,25184,42960,0,0,0,65946128,8393704,34359738367,511900,0,52480,0,1116160,0,0,0,0,0,0,0,0,2048,0,349456,10039296,125829120
1744062225.001338,600039,21131155,0,131892256,123890500,124030820,0,1056056,0,224652,4962336,123632,4127752,101020,834584,1048576,1048576,0,0,0,0,5179920,463272,120244,91364,649852,91364,558488,25184,42960,0,0,0,65946128,8393704,34359738367,511900,0,52480,0,1116160,0,0,0,0,0,0,0,0,2048,0,349456,10039296,125829120
1744062226.001408,600039,21131155,0,131892256,123890500,124030820,0,1056056,0,224652,4962336,123632,4127752,101020,834584,1048576,1048576,0,0,0,0,5179920,463272,120244,91364,649852,91364,558488,25184,42960,0,0,0,65946128,8393704,34359738367,511900,0,52480,0,1116160,0,0,0,0,0,0,0,0,2048,0,349456,10039296,125829120
1744062227.001794,600039,21131155,0,131892256,123890500,124030820,0,1056056,0,224652,4962336,123632,4127752,101020,834584,1048576,1048576,0,0,0,0,5179920,463272,120244,91364,649852,91364,558488,25184,42960,0,0,0,65946128,8393704,34359738367,511900,0,52480,0,1116160,0,0,0,0,0,0,0,0,2048,0,349456,10039296,125829120
1744062228.001862,600039,21131155,0,131892256,123890500,124030820,0,1056056,0,224652,4962336,123632,4127752,101020,834584,1048576,1048576,0,0,0,0,5179920,463272,120244,91364,649852,91364,558488,25184,42960,0,0,0,65946128,8393704,34359738367,511900,0,52480,0,1116160,0,0,0,0,0,0,0,0,2048,0,349456,10039296,125829120
1744062229.001249,600039,21131155,0,131892256,123890500,124030820,0,1056056,0,224652,4962336,123632,4127752,101020,834584,1048576,1048576,0,0,0,0,5179920,463272,120244,91364,649852,91364,558488,25184,42960,0,0,0,65946128,8393704,34359738367,511900,0,52480,0,1116160,0,0,0,0,0,0,0,0,2048,0,349456,10039296,125829120
1744062230.001318,600039,21131155,0,131892256,123890500,124030820,0,1056056,0,224652,4962336,123632,4127752,101020,834584,1048576,1048576,0,0,0,0,5179920,463272,120244,91364,649852,91364,558488,25184,42960,0,0,0,65946128,8393704,34359738367,511900,0,52480,0,1116160,0,0,0,0,0,0,0,0,2048,0,349456,10039296,125829120
1744062231.001797,600039,21131155,0,131892256,123890500,124030820,0,1056056,0,224652,4962336,123632,4127752,101020,834584,1048576,1048576,0,0,0,0,5179920,463272,120244,91364,649852,91364,558488,25184,42960,0,0,0,65946128,8393704,34359738367,511900,0,52480,0,1116160,0,0,0,0,0,0,0,0,2048,0,349456,10039296,125829120
1744062232.002146,600039,21131155,0,131892256,123890500,124030820,0,1056056,0,224652,4962336,123632,4127752,101020,834584,1048576,1048576,0,0,0,0,5179920,463272,120244,91364,649852,91364,558488,25184,42960,0,0,0,65946128,8393704,34359738367,511900,0,52480,0,1116160,0,0,0,0,0,0,0,0,2048,0,349456,10039296,125829120
1744062233.001221,600039,21131155,0,131892256,123890500,124030820,0,1056056,0,224652,4962336,123632,4127752,101020,834584,1048576,1048576,0,0,0,0,5179920,463272,120244,91364,649852,91364,558488,25184,42960,0,0,0,65946128,8393704,34359738367,511900,0,52480,0,1116160,0,0,0,0,0,0,0,0,2048,0,349456,10039296,125829120
1744062234.001495,600039,21131155,0,131892256,123890500,124030820,0,1056056,0,224652,4962336,123632,4127752,101020,834584,1048576,1048576,0,0,0,0,5179920,463272,120244,91364,649852,91364,558488,25184,42960,0,0,0,65946128,8393704,34359738367,511900,0,52480,0,1116160,0,0,0,0,0,0,0,0,2048,0,349456,10039296,125829120
1744062235.001840,600039,21131155,0,131892256,123890500,124030820,0,1056056,0,224652,4962336,123632,4127752,101020,834584,1048576,1048576,0,0,0,0,5179920,463272,120244,91364,649852,91364,558488,25184,42960,0,0,0,65946128,8393704,34359738367,511900,0,52480,0,1116160,0,0,0,0,0,0,0,0,2048,0,349456,10039296,125829120
1744062236.001910,600039,21131155,0,131892256,123890500,124030820,0,1056056,0,224652,4962336,123632,4127752,101020,834584,1048576,1048576,0,0,0,0,5179920,463272,120244,91364,649852,91364,558488,25184,42960,0,0,0,65946128,8393704,34359738367,511900,0,52480,0,1116160,0,0,0,0,0,0,0,0,2048,0,349456,10039296,125829120
1744062237.001171,600039,21131155,0,131892256,123890500,124030820,0,1056056,0,224652,4962336,123632,4127752,101020,834584,1048576,1048576,0,0,0,0,5179920,463272,120244,91364,649852,91364,558488,25184,42960,0,0,0,65946128,8393704,34359738367,511900,0,52480,0,1116160,0,0,0,0,0,0,0,0,2048,0,349456,10039296,125829120
1744062238.001527,600039,21131155,0,131892256,123890472,124030792,0,1056056,0,224652,4962336,123632,4127752,101020,834584,1048576,1048576,0,0,0,0,5179920,463272,120244,91364,649852,91364,558488,25184,42960,0,0,0,65946128,8393704,34359738367,511900,0,52480,0,1116160,0,0,0,0,0,0,0,0,2048,0,349456,10039296,125829120
1744062239.001596,600039,21131155,0,131892256,123890472,124030792,0,1056056,0,224652,4962336,123632,4127752,101020,834584,1048576,1048576,0,0,0,0,5179920,463272,120244,91364,649852,91364,558488,25184,42960,0,0,0,65946128,8393704,34359738367,511900,0,52480,0,1116160,0,0,0,0,0,0,0,0,2048,0,349456,10039296,125829120
1744062240.001837,600039,21131155,0,131892256,123890472,124030792,0,1056056,0,224652,4962336,123632,4127752,101020,834584,1048576,1048576,0,0,0,0,5179920,463272,120244,91364,649852,91364,558488,25184,42960,0,0,0,65946128,8393704,34359738367,511900,0,52480,0,1116160,0,0,0,0,0,0,0,0,2048,0,349456,10039296,125829120
1744062241.001651,600039,21131155,0,131892256,123890492,124030812,0,1056056,0,224652,4962336,123632,4127752,101020,834584,1048576,1048576,0,0,0,0,5179920,463272,120244,91364,649860,91364,558496,25152,42960,0,0,0,65946128,8393704,34359738367,511884,0,52480,0,1116160,0,0,0,0,0,0,0,0,2048,0,349456,10039296,125829120
1744062242.001720,600039,21131155,0,131892256,123890492,124030812,0,1056056,0,224652,4962336,123632,4127752,101020,834584,1048576,1048576,0,0,0,0,5179920,463272,120244,91364,649860,91364,558496,25152,42960,0,0,0,65946128,8393704,34359738367,511884,0,52480,0,1116160,0,0,0,0,0,0,0,0,2048,0,349456,10039296,125829120
1744062243.002101,600039,21131155,0,131892256,123890520,124030840,0,1056056,0,224652,4962336,123632,4127752,101020,834584,1048576,1048576,0,0,0,0,5179920,463272,120244,91364,649860,91364,558496,25152,42960,0,0,0,65946128,8393704,34359738367,511884,0,52480,0,1116160,0,0,0,0,0,0,0,0,2048,0,349456,10039296,125829120
1744062244.001169,600039,21131155,0,131892256,123890520,124030840,0,1056056,0,224652,4962336,123632,4127752,101020,834584,1048576,1048576,0,0,0,0,5179920,463272,120244,91364,649860,91364,558496,25152,42960,0,0,0,65946128,8393704,34359738367,511884,0,52480,0,1116160,0,0,0,0,0,0,0,0,2048,0,349456,10039296,125829120
1744062245.001556,600039,21131155,0,131892256,123890584,124030904,0,1056056,0,224652,4962336,123632,4127752,101020,834584,1048576,1048576,0,0,0,0,5179920,463272,120244,91364,649860,91364,558496,25152,42960,0,0,0,65946128,8393704,34359738367,511884,0,52480,0,1116160,0,0,0,0,0,0,0,0,2048,0,349456,10039296,125829120
1744062246.001624,600039,21131155,0,131892256,123890584,124030904,0,1056056,0,224652,4962336,123632,4127752,101020,834584,1048576,1048576,0,0,0,0,5179920,463272,120244,91364,649860,91364,558496,25152,42960,0,0,0,65946128,8393704,34359738367,511884,0,52480,0,1116160,0,0,0,0,0,0,0,0,2048,0,349456,10039296,125829120
1744062247.002008,600039,21131155,0,131892256,123890552,124030872,0,1056056,0,224652,4962336,123632,4127752,101020,834584,1048576,1048576,0,0,0,0,5179920,463272,120244,91364,649892,91364,558528,25152,42960,0,0,0,65946128,8393704,34359738367,511884,0,52480,0,1116160,0,0,0,0,0,0,0,0,2048,0,349456,10039296,125829120
1744062248.001077,600039,21131155,0,131892256,123890552,124030872,0,1056056,0,224652,4962336,123632,4127752,101020,834584,1048576,1048576,0,0,0,0,5179920,463272,120244,91364,649892,91364,558528,25152,42960,0,0,0,65946128,8393704,34359738367,511884,0,52480,0,1116160,0,0,0,0,0,0,0,0,2048,0,349456,10039296,125829120
1744062249.001468,600039,21131155,0,131892256,123890552,124030872,0,1056056,0,224652,4962336,123632,4127752,101020,834584,1048576,1048576,0,0,0,0,5179920,463272,120244,91364,649892,91364,558528,25152,42960,0,0,0,65946128,8393704,34359738367,511884,0,52480,0,1116160,0,0,0,0,0,0,0,0,2048,0,349456,10039296,125829120
1744062250.001537,600039,21131155,0,131892256,123890564,124030884,0,1056056,0,224652,4962336,123632,4127752,101020,834584,1048576,1048576,0,0,0,0,5179920,463272,120244,91364,649892,91364,558528,25152,42960,0,0,0,65946128,8393704,34359738367,511884,0,52480,0,1116160,0,0,0,0,0,0,0,0,2048,0,349456,10039296,125829120
1744062251.001188,600039,21131155,0,131892256,123890564,124030884,0,1056056,0,224652,4962336,123632,4127752,101020,834584,1048576,1048576,0,0,0,0,5179920,463272,120244,91364,649892,91364,558528,25152,42960,0,0,0,65946128,8393704,34359738367,511884,0,52480,0,1116160,0,0,0,0,0,0,0,0,2048,0,349456,10039296,125829120
1744062252.001537,600039,21131155,0,131892256,123890564,124030884,0,1056056,0,224652,4962336,123632,4127752,101020,834584,1048576,1048576,0,0,0,0,5179920,463272,120244,91364,649892,91364,558528,25152,42960,0,0,0,65946128,8393704,34359738367,511884,0,52480,0,1116160,0,0,0,0,0,0,0,0,2048,0,349456,10039296,125829120
1744062253.001605,600039,21131155,0,131892256,123890564,124030884,0,1056056,0,224652,4962336,123632,4127752,101020,834584,1048576,1048576,0,0,0,0,5179920,463272,120244,91364,649892,91364,558528,25152,42960,0,0,0,65946128,8393704,34359738367,511884,0,52480,0,1116160,0,0,0,0,0,0,0,0,2048,0,349456,10039296,125829120
1744062254.001870,600039,21131155,0,131892256,123890564,124030884,0,1056056,0,224652,4962336,123632,4127752,101020,834584,1048576,1048576,0,0,0,0,5179920,463272,120244,91364,649892,91364,558528,25152,42960,0,0,0,65946128,8393704,34359738367,511884,0,52480,0,1116160,0,0,0,0,0,0,0,0,2048,0,349456,10039296,125829120
1744062255.002219,600039,21131155,0,131892256,123890564,124030884,0,1056056,0,224652,4962336,123632,4127752,101020,834584,1048576,1048576,0,0,0,0,5179920,463272,120244,91364,649892,91364,558528,25152,42960,0,0,0,65946128,8393704,34359738367,511884,0,52480,0,1116160,0,0,0,0,0,0,0,0,2048,0,349456,10039296,125829120
1744062256.001288,600039,21131155,0,131892256,123890556,124030876,0,1056056,0,224652,4962336,123632,4127752,101020,834584,1048576,1048576,0,0,0,0,5179920,463272,120244,91364,649900,91364,558536,25152,42960,0,0,0,65946128,8393704,34359738367,511884,0,52480,0,1116160,0,0,0,0,0,0,0,0,2048,0,349456,10039296,125829120
1744062257.001559,600039,21131155,0,131892256,123890556,124030876,0,1056056,0,224652,4962336,123632,4127752,101020,834584,1048576,1048576,0,0,0,0,5179920,463272,120244,91364,649900,91364,558536,25152,42960,0,0,0,65946128,8393704,34359738367,511884,0,52480,0,1116160,0,0,0,0,0,0,0,0,2048,0,349456,10039296,125829120
1744062258.001905,600039,21131155,0,131892256,123890556,124030876,0,1056056,0,224652,4962336,123632,4127752,101020,834584,1048576,1048576,0,0,0,0,5179920,463272,120244,91364,649900,91364,558536,25152,42960,0,0,0,65946128,8393704,34359738367,511884,0,52480,0,1116160,0,0,0,0,0,0,0,0,2048,0,349456,10039296,125829120
1744062259.001973,600039,21131155,0,131892256,123890556,124030876,0,1056056,0,224652,4962336,123632,4127752,101020,834584,1048576,1048576,0,0,0,0,5179920,463272,120244,91364,649900,91364,558536,25152,42960,0,0,0,65946128,8393704,34359738367,511884,0,52480,0,1116160,0,0,0,0,0,0,0,0,2048,0,349456,10039296,125829120
1744062260.001238,600039,21131155,0,131892256,123890556,124030876,0,1056056,0,224652,4962336,123632,4127752,101020,834584,1048576,1048576,0,0,0,0,5179920,463272,120244,91364,649900,91364,558536,25152,42960,0,0,0,65946128,8393704,34359738367,511884,0,52480,0,1116160,0,0,0,0,0,0,0,0,2048,0,349456,10039296,125829120
1744062261.001745,600039,21131155,0,131892256,123890556,124030876,0,1056056,0,224652,4962336,123632,4127752,101020,834584,1048576,1048576,0,0,0,0,5179920,463272,120244,91364,649900,91364,558536,25152,42960,0,0,0,65946128,8393704,34359738367,511884,0,52480,0,1116160,0,0,0,0,0,0,0,0,2048,0,349456,10039296,125829120
1744062262.001815,600039,21131155,0,131892256,123890556,124030876,0,1056056,0,224652,4962336,123632,4127752,101020,834584,1048576,1048576,0,0,0,0,5179920,463272,120244,91364,649900,91364,558536,25152,42960,0,0,0,65946128,8393704,34359738367,511884,0,52480,0,1116160,0,0,0,0,0,0,0,0,2048,0,349456,10039296,125829120
1744062263.002200,600039,21131155,0,131892256,123890556,124030876,0,1056056,0,224652,4962336,123632,4127752,101020,834584,1048576,1048576,0,0,0,0,5179920,463272,120244,91364,649900,91364,558536,25152,42960,0,0,0,65946128,8393704,34359738367,511884,0,52480,0,1116160,0,0,0,0,0,0,0,0,2048,0,349456,10039296,125829120
1744062264.001270,600039,21131155,0,131892256,123890556,124030876,0,1056056,0,224652,4962336,123632,4127752,101020,834584,1048576,1048576,0,0,0,0,5179920,463272,120244,91364,649900,91364,558536,25152,42960,0,0,0,65946128,8393704,34359738367,511884,0,52480,0,1116160,0,0,0,0,0,0,0,0,2048,0,349456,10039296,125829120
1744062265.001650,600039,21131155,0,131892256,123890556,124030876,0,1056056,0,224652,4962336,123632,4127752,101020,834584,1048576,1048576,0,0,0,0,5179920,463272,120244,91364,649900,91364,558536,25152,42960,0,0,0,65946128,8393704,34359738367,511884,0,52480,0,1116160,0,0,0,0,0,0,0,0,2048,0,349456,10039296,125829120
1744062266.001718,600039,21131155,0,131892256,123890556,124030876,0,1056056,0,224652,4962336,123632,4127752,101020,834584,1048576,1048576,0,0,0,0,5179920,463272,120244,91364,649900,91364,558536,25152,42960,0,0,0,65946128,8393704,34359738367,511884,0,52480,0,1116160,0,0,0,0,0,0,0,0,2048,0,349456,10039296,125829120
1744062267.002098,600039,21131155,0,131892256,123890556,124030876,0,1056056,0,224652,4962336,123632,4127752,101020,834584,1048576,1048576,0,0,0,0,5179920,463272,120244,91364,649900,91364,558536,25152,42960,0,0,0,65946128,8393704,34359738367,511884,0,52480,0,1116160,0,0,0,0,0,0,0,0,2048,0,349456,10039296,125829120
1744062268.001166,600039,21131155,0,131892256,123890556,124030876,0,1056056,0,224652,4962336,123632,4127752,101020,834584,1048576,1048576,0,0,0,0,5179920,463272,120244,91364,649900,91364,558536,25152,42960,0,0,0,65946128,8393704,34359738367,511884,0,52480,0,1116160,0,0,0,0,0,0,0,0,2048,0,349456,10039296,125829120
1744062269.001560,600039,21131155,0,131892256,123890556,124030876,0,1056056,0,224652,4962336,123632,4127752,101020,834584,1048576,1048576,0,0,0,0,5179920,463272,120244,91364,649900,91364,558536,25152,42960,0,0,0,65946128,8393704,34359738367,511884,0,52480,0,1116160,0,0,0,0,0,0,0,0,2048,0,349456,10039296,125829120
1744062270.001492,600039,21131155,0,131892256,123890556,124030876,0,1056056,0,224652,4962336,123632,4127752,101020,834584,1048576,1048576,0,0,0,0,5179920,463272,120244,91364,649900,91364,558536,25152,42960,0,0,0,65946128,8393704,34359738367,511884,0,52480,0,1116160,0,0,0,0,0,0,0,0,2048,0,349456,10039296,125829120
1744062271.001811,600039,21131155,0,131892256,123890556,124030876,0,1056056,0,224652,4962336,123632,4127752,101020,834584,1048576,1048576,0,0,0,0,5179920,463272,120244,91364,649900,91364,558536,25152,42960,0,0,0,65946128,8393704,34359738367,511884,0,52480,0,1116160,0,0,0,0,0,0,0,0,2048,0,349456,10039296,125829120
1744062272.002154,600039,21131155,0,131892256,123890556,124030876,0,1056056,0,224652,4962336,123632,4127752,101020,834584,1048576,1048576,0,0,0,0,5179920,463272,120244,91364,649900,91364,558536,25152,42960,0,0,0,65946128,8393704,34359738367,511884,0,52480,0,1116160,0,0,0,0,0,0,0,0,2048,0,349456,10039296,125829120
1744062273.001223,600039,21131155,0,131892256,123890556,124030876,0,1056056,0,224652,4962336,123632,4127752,101020,834584,1048576,1048576,0,0,0,0,5179920,463272,120244,91364,649900,91364,558536,25152,42960,0,0,0,65946128,8393704,34359738367,511884,0,52480,0,1116160,0,0,0,0,0,0,0,0,2048,0,349456,10039296,125829120
1744062274.000529,600039,21131155,0,131892256,123890556,124030876,0,1056056,0,224652,4962336,123632,4127752,101020,834584,1048576,1048576,0,0,0,0,5179920,463272,120244,91364,649900,91364,558536,25152,42960,0,0,0,65946128,8393704,34359738367,511884,0,52480,0,1116160,0,0,0,0,0,0,0,0,2048,0,349456,10039296,125829120
1744062275.001647,600039,21131155,0,131892256,123890556,124030876,0,1056056,0,224652,4962336,123632,4127752,101020,834584,1048576,1048576,0,0,0,0,5179920,463272,120244,91364,649900,91364,558536,25152,42960,0,0,0,65946128,8393704,34359738367,511884,0,52480,0,1116160,0,0,0,0,0,0,0,0,2048,0,349456,10039296,125829120
1744062276.001491,600039,21131155,0,131892256,123890556,124030876,0,1056056,0,224652,4962336,123632,4127752,101020,834584,1048576,1048576,0,0,0,0,5179920,463272,120244,91364,649900,91364,558536,25152,42960,0,0,0,65946128,8393704,34359738367,511884,0,52480,0,1116160,0,0,0,0,0,0,0,0,2048,0,349456,10039296,125829120
1744062277.001525,600039,21131155,0,131892256,123890556,124030876,0,1056056,0,224652,4962336,123632,4127752,101020,834584,1048576,1048576,0,0,0,0,5179920,463272,120244,91364,649900,91364,558536,25152,42960,0,0,0,65946128,8393704,34359738367,511884,0,52480,0,1116160,0,0,0,0,0,0,0,0,2048,0,349456,10039296,125829120
1744062278.001648,600039,21131155,0,131892256,123890556,124030876,0,1056056,0,224652,4962336,123632,4127752,101020,834584,1048576,1048576,0,0,0,0,5179920,463272,120244,91364,649900,91364,558536,25152,42960,0,0,0,65946128,8393704,34359738367,511884,0,52480,0,1116160,0,0,0,0,0,0,0,0,2048,0,349456,10039296,125829120
1744062279.001717,600039,21131155,0,131892256,123890556,124030876,0,1056056,0,224652,4962336,123632,4127752,101020,834584,1048576,1048576,0,0,0,0,5179920,463272,120244,91364,649900,91364,558536,25152,42960,0,0,0,65946128,8393704,34359738367,511884,0,52480,0,1116160,0,0,0,0,0,0,0,0,2048,0,349456,10039296,125829120
1744062280.001981,600039,21131155,0,131892256,123890556,124030876,0,1056056,0,224652,4962336,123632,4127752,101020,834584,1048576,1048576,0,0,0,0,5179920,463272,120244,91364,649900,91364,558536,25152,42960,0,0,0,65946128,8393704,34359738367,511884,0,52480,0,1116160,0,0,0,0,0,0,0,0,2048,0,349456,10039296,125829120
1744062281.001700,600039,21131155,0,131892256,123890556,124030876,0,1056056,0,224652,4962336,123632,4127752,101020,834584,1048576,1048576,0,0,0,0,5179920,463272,120244,91364,649900,91364,558536,25152,42960,0,0,0,65946128,8393704,34359738367,511884,0,52480,0,1116160,0,0,0,0,0,0,0,0,2048,0,349456,10039296,125829120
1744062282.001488,600039,21131155,0,131892256,123890556,124030876,0,1056056,0,224652,4962336,123632,4127752,101020,834584,1048576,1048576,0,0,0,0,5179920,463272,120244,91364,649900,91364,558536,25152,42960,0,0,0,65946128,8393704,34359738367,511884,0,52480,0,1116160,0,0,0,0,0,0,0,0,2048,0,349456,10039296,125829120
1744062283.001869,600039,21131155,0,131892256,123890556,124030876,0,1056056,0,224652,4962336,123632,4127752,101020,834584,1048576,1048576,0,0,0,0,5179920,463272,120244,91364,649900,91364,558536,25152,42960,0,0,0,65946128,8393704,34359738367,511884,0,52480,0,1116160,0,0,0,0,0,0,0,0,2048,0,349456,10039296,125829120
1744062284.001937,600039,21131155,0,131892256,123890556,124030876,0,1056056,0,224652,4962336,123632,4127752,101020,834584,1048576,1048576,0,0,0,0,5179920,463272,120244,91364,649900,91364,558536,25152,42960,0,0,0,65946128,8393704,34359738367,511884,0,52480,0,1116160,0,0,0,0,0,0,0,0,2048,0,349456,10039296,125829120
1744062285.001312,600039,21131155,0,131892256,123890556,124030876,0,1056056,0,224652,4962336,123632,4127752,101020,834584,1048576,1048576,0,0,0,0,5179920,463272,120244,91364,649900,91364,558536,25152,42960,0,0,0,65946128,8393704,34359738367,511884,0,52480,0,1116160,0,0,0,0,0,0,0,0,2048,0,349456,10039296,125829120
1744062286.001385,600039,21131155,0,131892256,123890492,124030812,0,1056056,0,224652,4962336,123632,4127752,101020,834584,1048576,1048576,0,0,0,0,5179920,463272,120244,91364,649964,91364,558600,25152,42960,0,0,0,65946128,8393704,34359738367,511884,0,52480,0,1116160,0,0,0,0,0,0,0,0,2048,0,349456,10039296,125829120
1744062287.001775,600039,21131155,0,131892256,123890492,124030812,0,1056056,0,224652,4962336,123632,4127752,101020,834584,1048576,1048576,0,0,0,0,5179920,463272,120244,91364,649964,91364,558600,25152,42960,0,0,0,65946128,8393704,34359738367,511884,0,52480,0,1116160,0,0,0,0,0,0,0,0,2048,0,349456,10039296,125829120
1744062288.001844,600039,21131155,0,131892256,123890492,124030812,0,1056056,0,224652,4962336,123632,4127752,101020,834584,1048576,1048576,0,0,0,0,5179920,463272,120244,91364,649964,91364,558600,25152,42960,0,0,0,65946128,8393704,34359738367,511884,0,52480,0,1116160,0,0,0,0,0,0,0,0,2048,0,349456,10039296,125829120
1744062289.002193,600039,21131155,0,131892256,123890492,124030812,0,1056056,0,224652,4962336,123632,4127752,101020,834584,1048576,1048576,0,0,0,0,5179920,463272,120244,91364,649964,91364,558600,25152,42960,0,0,0,65946128,8393704,34359738367,511884,0,52480,0,1116160,0,0,0,0,0,0,0,0,2048,0,349456,10039296,125829120
1744062290.000490,600039,21131155,0,131892256,123890492,124030812,0,1056056,0,224652,4962336,123632,4127752,101020,834584,1048576,1048576,0,0,0,0,5179920,463272,120244,91364,649964,91364,558600,25152,42960,0,0,0,65946128,8393704,34359738367,511884,0,52480,0,1116160,0,0,0,0,0,0,0,0,2048,0,349456,10039296,125829120
1744062291.001675,600039,21131155,0,131892256,123890492,124030812,0,1056056,0,224652,4962336,123632,4127752,101020,834584,1048576,1048576,0,0,0,0,5179920,463272,120244,91364,649964,91364,558600,25152,42960,0,0,0,65946128,8393704,34359738367,511884,0,52480,0,1116160,0,0,0,0,0,0,0,0,2048,0,349456,10039296,125829120
1744062292.002019,600039,21131155,0,131892256,123890492,124030812,0,1056056,0,224652,4962336,123632,4127752,101020,834584,1048576,1048576,0,0,0,0,5179920,463272,120244,91364,649964,91364,558600,25152,42960,0,0,0,65946128,8393704,34359738367,511884,0,52480,0,1116160,0,0,0,0,0,0,0,0,2048,0,349456,10039296,125829120
1744062293.001086,600039,21131155,0,131892256,123890492,124030812,0,1056056,0,224652,4962336,123632,4127752,101020,834584,1048576,1048576,0,0,0,0,5179920,463272,120244,91364,649964,91364,558600,25152,42960,0,0,0,65946128,8393704,34359738367,511884,0,52480,0,1116160,0,0,0,0,0,0,0,0,2048,0,349456,10039296,125829120
1744062294.001358,600039,21131155,0,131892256,123890492,124030812,0,1056056,0,224652,4962336,123632,4127752,101020,834584,1048576,1048576,0,0,0,0,5179920,463272,120244,91364,649964,91364,558600,25152,42960,0,0,0,65946128,8393704,34359738367,511884,0,52480,0,1116160,0,0,0,0,0,0,0,0,2048,0,349456,10039296,125829120
1744062295.001709,600039,21131155,0,131892256,123890492,124030812,0,1056056,0,224652,4962336,123632,4127752,101020,834584,1048576,1048576,0,0,0,0,5179920,463272,120244,91364,649964,91364,558600,25152,42960,0,0,0,65946128,8393704,34359738367,511884,0,52480,0,1116160,0,0,0,0,0,0,0,0,2048,0,349456,10039296,125829120
1744062296.001776,600039,21131155,0,131892256,123890520,124030840,0,1056056,0,224652,4962336,123632,4127752,101020,834584,1048576,1048576,0,0,0,0,5179920,463272,120244,91364,649964,91364,558600,25152,42960,0,0,0,65946128,8393704,34359738367,511884,0,52480,0,1116160,0,0,0,0,0,0,0,0,2048,0,349456,10039296,125829120
1744062297.002042,600039,21131155,0,131892256,123890520,124030840,0,1056056,0,224652,4962336,123632,4127752,101020,834584,1048576,1048576,0,0,0,0,5179920,463272,120244,91364,649964,91364,558600,25152,42960,0,0,0,65946128,8393704,34359738367,511884,0,52480,0,1116160,0,0,0,0,0,0,0,0,2048,0,349456,10039296,125829120
1744062298.001384,600039,21131155,0,131892256,123890520,124030840,0,1056056,0,224652,4962336,123632,4127752,101020,834584,1048576,1048576,0,0,0,0,5179920,463272,120244,91364,649964,91364,558600,25152,42960,0,0,0,65946128,8393704,34359738367,511884,0,52480,0,1116160,0,0,0,0,0,0,0,0,2048,0,349456,10039296,125829120
1744062299.001458,600039,21131155,0,131892256,123890520,124030840,0,1056056,0,224652,4962336,123632,4127752,101020,834584,1048576,1048576,0,0,0,0,5179920,463272,120244,91364,649964,91364,558600,25152,42960,0,0,0,65946128,8393704,34359738367,511884,0,52480,0,1116160,0,0,0,0,0,0,0,0,2048,0,349456,10039296,125829120
1744062300.001727,600039,21131155,0,131892256,123890520,124030840,0,1056056,0,224652,4962336,123632,4127752,101020,834584,1048576,1048576,0,0,0,0,5179920,463272,120244,91364,649964,91364,558600,25152,42960,0,0,0,65946128,8393704,34359738367,511884,0,52480,0,1116160,0,0,0,0,0,0,0,0,2048,0,349456,10039296,125829120
1744062301.002114,600039,21131155,0,131892256,123890520,124030840,0,1056056,0,224652,4962336,123632,4127752,101020,834584,1048576,1048576,0,0,0,0,5179920,463272,120244,91364,649964,91364,558600,25152,42960,0,0,0,65946128,8393704,34359738367,511884,0,52480,0,1116160,0,0,0,0,0,0,0,0,2048,0,349456,10039296,125829120
1744062302.001153,600039,21131155,0,131892256,123890520,124030840,0,1056056,0,224652,4962336,123632,4127752,101020,834584,1048576,1048576,0,0,0,0,5179920,463272,120244,91364,649964,91364,558600,25152,42960,0,0,0,65946128,8393704,34359738367,511884,0,52480,0,1116160,0,0,0,0,0,0,0,0,2048,0,349456,10039296,125829120
1744062303.001550,600039,21131155,0,131892256,123890520,124030840,0,1056056,0,224652,4962336,123632,4127752,101020,834584,1048576,1048576,0,0,0,0,5179920,463272,120244,91364,649964,91364,558600,25152,42960,0,0,0,65946128,8393704,34359738367,511884,0,52480,0,1116160,0,0,0,0,0,0,0,0,2048,0,349456,10039296,125829120
1744062304.001621,600039,21131155,0,131892256,123890520,124030840,0,1056056,0,224652,4962336,123632,4127752,101020,834584,1048576,1048576,0,0,0,0,5179920,463272,120244,91364,649964,91364,558600,25152,42960,0,0,0,65946128,8393704,34359738367,511884,0,52480,0,1116160,0,0,0,0,0,0,0,0,2048,0,349456,10039296,125829120
1744062305.002003,600039,21131155,0,131892256,123890520,124030840,0,1056056,0,224652,4962336,123632,4127752,101020,834584,1048576,1048576,0,0,0,0,5179920,463272,120244,91364,649964,91364,558600,25152,42960,0,0,0,65946128,8393704,34359738367,511884,0,52480,0,1116160,0,0,0,0,0,0,0,0,2048,0,349456,10039296,125829120
1744062306.001070,600039,21131155,0,131892256,123890520,124030840,0,1056056,0,224652,4962336,123632,4127752,101020,834584,1048576,1048576,0,0,0,0,5179920,463272,120244,91364,649964,91364,558600,25152,42960,0,0,0,65946128,8393704,34359738367,511884,0,52480,0,1116160,0,0,0,0,0,0,0,0,2048,0,349456,10039296,125829120
1744062307.001463,600039,21131155,0,131892256,123890520,124030840,0,1056056,0,224652,4962336,123632,4127752,101020,834584,1048576,1048576,0,0,0,0,5179920,463272,120244,91364,649964,91364,558600,25152,42960,0,0,0,65946128,8393704,34359738367,511884,0,52480,0,1116160,0,0,0,0,0,0,0,0,2048,0,349456,10039296,125829120
1744062308.001531,600039,21131155,0,131892256,123890520,124030840,0,1056056,0,224652,4962336,123632,4127752,101020,834584,1048576,1048576,0,0,0,0,5179920,463272,120244,91364,649964,91364,558600,25152,42960,0,0,0,65946128,8393704,34359738367,511884,0,52480,0,1116160,0,0,0,0,0,0,0,0,2048,0,349456,10039296,125829120
1744062309.001914,600039,21131155,0,131892256,123890520,124030840,0,1056056,0,224652,4962336,123632,4127752,101020,834584,1048576,1048576,0,0,0,0,5179920,463272,120244,91364,649964,91364,558600,25152,42960,0,0,0,65946128,8393704,34359738367,511884,0,52480,0,1116160,0,0,0,0,0,0,0,0,2048,0,349456,10039296,125829120
1744062310.001982,600039,21131155,0,131892256,123890520,124030840,0,1056056,0,224652,4962336,123632,4127752,101020,834584,1048576,1048576,0,0,0,0,5179920,463272,120244,91364,649964,91364,558600,25152,42960,0,0,0,65946128,8393704,34359738367,511884,0,52480,0,1116160,0,0,0,0,0,0,0,0,2048,0,349456,10039296,125829120
1744062311.001635,600039,21131155,0,131892256,123890520,124030840,0,1056056,0,224652,4962336,123632,4127752,101020,834584,1048576,1048576,0,0,0,0,5179920,463272,120244,91364,649964,91364,558600,25152,42960,0,0,0,65946128,8393704,34359738367,511884,0,52480,0,1116160,0,0,0,0,0,0,0,0,2048,0,349456,10039296,125829120
1744062312.001979,600039,21131155,0,131892256,123890520,124030840,0,1056056,0,224652,4962336,123632,4127752,101020,834584,1048576,1048576,0,0,0,0,5179920,463272,120244,91364,649964,91364,558600,25152,42960,0,0,0,65946128,8393704,34359738367,511884,0,52480,0,1116160,0,0,0,0,0,0,0,0,2048,0,349456,10039296,125829120
1744062313.002047,600039,21131155,0,131892256,123890520,124030840,0,1056056,0,224652,4962336,123632,4127752,101020,834584,1048576,1048576,0,0,0,0,5179920,463272,120244,91364,649964,91364,558600,25152,42960,0,0,0,65946128,8393704,34359738367,511884,0,52480,0,1116160,0,0,0,0,0,0,0,0,2048,0,349456,10039296,125829120
1744062314.001312,600039,21131155,0,131892256,123890520,124030840,0,1056056,0,224652,4962336,123632,4127752,101020,834584,1048576,1048576,0,0,0,0,5179920,463272,120244,91364,649964,91364,558600,25152,42960,0,0,0,65946128,8393704,34359738367,511884,0,52480,0,1116160,0,0,0,0,0,0,0,0,2048,0,349456,10039296,125829120
1744062315.001663,600039,21131155,0,131892256,123890520,124030840,0,1056056,0,224652,4962336,123632,4127752,101020,834584,1048576,1048576,0,0,0,0,5179920,463272,120244,91364,649964,91364,558600,25152,42960,0,0,0,65946128,8393704,34359738367,511884,0,52480,0,1116160,0,0,0,0,0,0,0,0,2048,0,349456,10039296,125829120
1744062316.001732,600039,21131155,0,131892256,123890520,124030840,0,1056056,0,224652,4962336,123632,4127752,101020,834584,1048576,1048576,0,0,0,0,5179920,463272,120244,91364,649964,91364,558600,25152,42960,0,0,0,65946128,8393704,34359738367,511884,0,52480,0,1116160,0,0,0,0,0,0,0,0,2048,0,349456,10039296,125829120
1744062317.001997,600039,21131155,0,131892256,123890520,124030840,0,1056056,0,224652,4962336,123632,4127752,101020,834584,1048576,1048576,0,0,0,0,5179920,463272,120244,91364,649964,91364,558600,25152,42960,0,0,0,65946128,8393704,34359738367,511884,0,52480,0,1116160,0,0,0,0,0,0,0,0,2048,0,349456,10039296,125829120
1744062318.000651,600039,21131155,0,131892256,123890520,124030840,0,1056056,0,224652,4962336,123632,4127752,101020,834584,1048576,1048576,0,0,0,0,5179920,463272,120244,91364,649964,91364,558600,25152,42960,0,0,0,65946128,8393704,34359738367,511884,0,52480,0,1116160,0,0,0,0,0,0,0,0,2048,0,349456,10039296,125829120
1744062319.001498,600039,21131155,0,131892256,123890520,124030840,0,1056056,0,224652,4962336,123632,4127752,101020,834584,1048576,1048576,0,0,0,0,5179920,463272,120244,91364,649964,91364,558600,25152,42960,0,0,0,65946128,8393704,34359738367,511884,0,52480,0,1116160,0,0,0,0,0,0,0,0,2048,0,349456,10039296,125829120
1744062320.001764,600039,21131155,0,131892256,123890520,124030840,0,1056056,0,224652,4962336,123632,4127752,101020,834584,1048576,1048576,0,0,0,0,5179920,463272,120244,91364,649964,91364,558600,25152,42960,0,0,0,65946128,8393704,34359738367,511884,0,52480,0,1116160,0,0,0,0,0,0,0,0,2048,0,349456,10039296,125829120
1744062321.000644,600039,21131155,0,131892256,123890520,124030840,0,1056056,0,224652,4962336,123632,4127752,101020,834584,1048576,1048576,0,0,0,0,5179920,463272,120244,91364,649964,91364,558600,25152,42960,0,0,0,65946128,8393704,34359738367,511884,0,52480,0,1116160,0,0,0,0,0,0,0,0,2048,0,349456,10039296,125829120
1744062322.001713,600039,21131155,0,131892256,123890520,124030840,0,1056056,0,224652,4962336,123632,4127752,101020,834584,1048576,1048576,0,0,0,0,5179920,463272,120244,91364,649964,91364,558600,25152,42960,0,0,0,65946128,8393704,34359738367,511884,0,52480,0,1116160,0,0,0,0,0,0,0,0,2048,0,349456,10039296,125829120
1744062323.002160,600039,21131155,0,131892256,123890520,124030840,0,1056056,0,224652,4962336,123632,4127752,101020,834584,1048576,1048576,0,0,0,0,5179920,463272,120244,91364,649964,91364,558600,25152,42960,0,0,0,65946128,8393704,34359738367,511884,0,52480,0,1116160,0,0,0,0,0,0,0,0,2048,0,349456,10039296,125829120
1744062324.001227,600039,21131155,0,131892256,123890520,124030840,0,1056056,0,224652,4962336,123632,4127752,101020,834584,1048576,1048576,0,0,0,0,5179920,463272,120244,91364,649964,91364,558600,25152,42960,0,0,0,65946128,8393704,34359738367,511884,0,52480,0,1116160,0,0,0,0,0,0,0,0,2048,0,349456,10039296,125829120
1744062325.001672,600039,21131155,0,131892256,123890520,124030840,0,1056056,0,224652,4962336,123632,4127752,101020,834584,1048576,1048576,0,0,0,0,5179920,463272,120244,91364,649964,91364,558600,25152,42960,0,0,0,65946128,8393704,34359738367,511884,0,52480,0,1116160,0,0,0,0,0,0,0,0,2048,0,349456,10039296,125829120
1744062326.001490,600039,21131155,0,131892256,123890520,124030840,0,1056056,0,224652,4962336,123632,4127752,101020,834584,1048576,1048576,0,0,0,0,5179920,463272,120244,91364,649964,91364,558600,25152,42960,0,0,0,65946128,8393704,34359738367,511884,0,52480,0,1116160,0,0,0,0,0,0,0,0,2048,0,349456,10039296,125829120
1744062327.001674,600039,21131155,0,131892256,123890520,124030840,0,1056056,0,224652,4962336,123632,4127752,101020,834584,1048576,1048576,0,0,0,0,5179920,463272,120244,91364,649964,91364,558600,25152,42960,0,0,0,65946128,8393704,34359738367,511884,0,52480,0,1116160,0,0,0,0,0,0,0,0,2048,0,349456,10039296,125829120
1744062328.001488,600039,21131155,0,131892256,123890520,124030840,0,1056056,0,224652,4962336,123632,4127752,101020,834584,1048576,1048576,0,0,0,0,5179920,463272,120244,91364,649964,91364,558600,25152,42960,0,0,0,65946128,8393704,34359738367,511884,0,52480,0,1116160,0,0,0,0,0,0,0,0,2048,0,349456,10039296,125829120
1744062329.001678,600039,21131155,0,131892256,123890520,124030840,0,1056056,0,224652,4962336,123632,4127752,101020,834584,1048576,1048576,0,0,0,0,5179920,463272,120244,91364,649964,91364,558600,25152,42960,0,0,0,65946128,8393704,34359738367,511884,0,52480,0,1116160,0,0,0,0,0,0,0,0,2048,0,349456,10039296,125829120
1744062330.001749,600039,21131155,0,131892256,123890520,124030840,0,1056056,0,224652,4962336,123632,4127752,101020,834584,1048576,1048576,0,0,0,0,5179920,463272,120244,91364,649964,91364,558600,25152,42960,0,0,0,65946128,8393704,34359738367,511884,0,52480,0,1116160,0,0,0,0,0,0,0,0,2048,0,349456,10039296,125829120
1744062331.001204,600039,21131155,0,131892256,123890520,124030840,0,1056056,0,224652,4962336,123632,4127752,101020,834584,1048576,1048576,0,0,0,0,5179920,463272,120244,91364,649964,91364,558600,25152,42960,0,0,0,65946128,8393704,34359738367,511884,0,52480,0,1116160,0,0,0,0,0,0,0,0,2048,0,349456,10039296,125829120
1744062332.001599,600039,21131155,0,131892256,123890520,124030840,0,1056056,0,224652,4962336,123632,4127752,101020,834584,1048576,1048576,0,0,0,0,5179920,463272,120244,91364,649964,91364,558600,25152,42960,0,0,0,65946128,8393704,34359738367,511884,0,52480,0,1116160,0,0,0,0,0,0,0,0,2048,0,349456,10039296,125829120
1744062333.001674,600039,21131155,0,131892256,123890520,124030840,0,1056056,0,224652,4962336,123632,4127752,101020,834584,1048576,1048576,0,0,0,0,5179920,463272,120244,91364,649964,91364,558600,25152,42960,0,0,0,65946128,8393704,34359738367,511884,0,52480,0,1116160,0,0,0,0,0,0,0,0,2048,0,349456,10039296,125829120
1744062334.002004,600039,21131155,0,131892256,123890520,124030840,0,1056056,0,224652,4962336,123632,4127752,101020,834584,1048576,1048576,0,0,0,0,5179920,463272,120244,91364,649964,91364,558600,25152,42960,0,0,0,65946128,8393704,34359738367,511884,0,52480,0,1116160,0,0,0,0,0,0,0,0,2048,0,349456,10039296,125829120
1744062335.001385,600039,21131155,0,131892256,123890520,124030840,0,1056056,0,224652,4962336,123632,4127752,101020,834584,1048576,1048576,0,0,0,0,5179920,463272,120244,91364,649964,91364,558600,25152,42960,0,0,0,65946128,8393704,34359738367,511884,0,52480,0,1116160,0,0,0,0,0,0,0,0,2048,0,349456,10039296,125829120
1744062336.001460,600039,21131155,0,131892256,123890520,124030840,0,1056056,0,224652,4962336,123632,4127752,101020,834584,1048576,1048576,0,0,0,0,5179920,463272,120244,91364,649964,91364,558600,25152,42960,0,0,0,65946128,8393704,34359738367,511884,0,52480,0,1116160,0,0,0,0,0,0,0,0,2048,0,349456,10039296,125829120
1744062337.001788,600039,21131155,0,131892256,123890520,124030840,0,1056056,0,224652,4962336,123632,4127752,101020,834584,1048576,1048576,0,0,0,0,5179920,463272,120244,91364,649964,91364,558600,25152,42960,0,0,0,65946128,8393704,34359738367,511884,0,52480,0,1116160,0,0,0,0,0,0,0,0,2048,0,349456,10039296,125829120
1744062338.002164,600039,21131155,0,131892256,123890520,124030840,0,1056056,0,224652,4962336,123632,4127752,101020,834584,1048576,1048576,0,0,0,0,5179920,463272,120244,91364,649964,91364,558600,25152,42960,0,0,0,65946128,8393704,34359738367,511884,0,52480,0,1116160,0,0,0,0,0,0,0,0,2048,0,349456,10039296,125829120
1744062339.001232,600039,21131155,0,131892256,123890520,124030840,0,1056056,0,224652,4962336,123632,4127752,101020,834584,1048576,1048576,0,0,0,0,5179920,463272,120244,91364,649964,91364,558600,25152,42960,0,0,0,65946128,8393704,34359738367,511884,0,52480,0,1116160,0,0,0,0,0,0,0,0,2048,0,349456,10039296,125829120
1744062340.001567,600039,21131155,0,131892256,123890520,124030840,0,1056056,0,224652,4962336,123632,4127752,101020,834584,1048576,1048576,0,0,0,0,5179920,463272,120244,91364,649964,91364,558600,25152,42960,0,0,0,65946128,8393704,34359738367,511884,0,52480,0,1116160,0,0,0,0,0,0,0,0,2048,0,349456,10039296,125829120
1744062341.001537,600039,21131155,0,131892256,123890520,124030840,0,1056056,0,224652,4962336,123632,4127752,101020,834584,1048576,1048576,0,0,0,0,5179920,463272,120244,91364,649964,91364,558600,25152,42960,0,0,0,65946128,8393704,34359738367,511884,0,52480,0,1116160,0,0,0,0,0,0,0,0,2048,0,349456,10039296,125829120
1744062342.001607,600039,21131155,0,131892256,123890520,124030840,0,1056056,0,224652,4962336,123632,4127752,101020,834584,1048576,1048576,0,0,0,0,5179920,463272,120244,91364,649964,91364,558600,25152,42960,0,0,0,65946128,8393704,34359738367,511884,0,52480,0,1116160,0,0,0,0,0,0,0,0,2048,0,349456,10039296,125829120
1744062343.002049,600039,21131155,0,131892256,123890520,124030840,0,1056056,0,224652,4962336,123632,4127752,101020,834584,1048576,1048576,0,0,0,0,5179920,463272,120244,91364,649964,91364,558600,25152,42960,0,0,0,65946128,8393704,34359738367,511884,0,52480,0,1116160,0,0,0,0,0,0,0,0,2048,0,349456,10039296,125829120
1744062344.001116,600039,21131155,0,131892256,123890520,124030840,0,1056056,0,224652,4962336,123632,4127752,101020,834584,1048576,1048576,0,0,0,0,5179920,463272,120244,91364,649964,91364,558600,25152,42960,0,0,0,65946128,8393704,34359738367,511884,0,52480,0,1116160,0,0,0,0,0,0,0,0,2048,0,349456,10039296,125829120
1744062345.001571,600039,21131155,0,131892256,123890520,124030840,0,1056056,0,224652,4962336,123632,4127752,101020,834584,1048576,1048576,0,0,0,0,5179920,463272,120244,91364,649964,91364,558600,25152,42960,0,0,0,65946128,8393704,34359738367,511884,0,52480,0,1116160,0,0,0,0,0,0,0,0,2048,0,349456,10039296,125829120
1744062346.001645,600039,21131155,0,131892256,123890520,124030840,0,1056056,0,224652,4962336,123632,4127752,101020,834584,1048576,1048576,0,0,0,0,5179920,463272,120244,91364,649964,91364,558600,25152,42960,0,0,0,65946128,8393704,34359738367,511884,0,52480,0,1116160,0,0,0,0,0,0,0,0,2048,0,349456,10039296,125829120
1744062347.002092,600039,21131155,0,131892256,123890520,124030840,0,1056056,0,224652,4962336,123632,4127752,101020,834584,1048576,1048576,0,0,0,0,5179920,463272,120244,91364,649964,91364,558600,25152,42960,0,0,0,65946128,8393704,34359738367,511884,0,52480,0,1116160,0,0,0,0,0,0,0,0,2048,0,349456,10039296,125829120
1744062348.001162,600039,21131155,0,131892256,123890520,124030840,0,1056056,0,224652,4962336,123632,4127752,101020,834584,1048576,1048576,0,0,0,0,5179920,463272,120244,91364,649964,91364,558600,25152,42960,0,0,0,65946128,8393704,34359738367,511884,0,52480,0,1116160,0,0,0,0,0,0,0,0,2048,0,349456,10039296,125829120
1744062349.001608,600039,21131155,0,131892256,123890520,124030840,0,1056056,0,224652,4962336,123632,4127752,101020,834584,1048576,1048576,0,0,0,0,5179920,463272,120244,91364,649964,91364,558600,25152,42960,0,0,0,65946128,8393704,34359738367,511884,0,52480,0,1116160,0,0,0,0,0,0,0,0,2048,0,349456,10039296,125829120
1744062350.001677,600039,21131155,0,131892256,123890520,124030840,0,1056056,0,224652,4962336,123632,4127752,101020,834584,1048576,1048576,0,0,0,0,5179920,463272,120244,91364,649964,91364,558600,25152,42960,0,0,0,65946128,8393704,34359738367,511884,0,52480,0,1116160,0,0,0,0,0,0,0,0,2048,0,349456,10039296,125829120
1744062351.001990,600039,21131155,0,131892256,123890520,124030840,0,1056056,0,224652,4962336,123632,4127752,101020,834584,1048576,1048576,0,0,0,0,5179920,463272,120244,91364,649964,91364,558600,25152,42960,0,0,0,65946128,8393704,34359738367,511884,0,52480,0,1116160,0,0,0,0,0,0,0,0,2048,0,349456,10039296,125829120
1744062352.001367,600039,21131155,0,131892256,123890520,124030840,0,1056056,0,224652,4962336,123632,4127752,101020,834584,1048576,1048576,0,0,0,0,5179920,463272,120244,91364,649964,91364,558600,25152,42960,0,0,0,65946128,8393704,34359738367,511884,0,52480,0,1116160,0,0,0,0,0,0,0,0,2048,0,349456,10039296,125829120
1744062353.001449,600039,21131155,0,131892256,123890488,124030808,0,1056056,0,224652,4962336,123632,4127752,101020,834584,1048576,1048576,0,0,0,0,5179920,463272,120244,91364,649996,91364,558632,25152,42960,0,0,0,65946128,8393704,34359738367,511884,0,52480,0,1116160,0,0,0,0,0,0,0,0,2048,0,349456,10039296,125829120
1744062354.001777,600039,21131155,0,131892256,123890488,124030808,0,1056056,0,224652,4962336,123632,4127752,101020,834584,1048576,1048576,0,0,0,0,5179920,463272,120244,91364,649996,91364,558632,25152,42960,0,0,0,65946128,8393704,34359738367,511884,0,52480,0,1116160,0,0,0,0,0,0,0,0,2048,0,349456,10039296,125829120
1744062355.002155,600039,21131155,0,131892256,123890488,124030808,0,1056056,0,224652,4962336,123632,4127752,101020,834584,1048576,1048576,0,0,0,0,5179920,463272,120244,91364,649996,91364,558632,25152,42960,0,0,0,65946128,8393704,34359738367,511884,0,52480,0,1116160,0,0,0,0,0,0,0,0,2048,0,349456,10039296,125829120
1744062356.001222,600039,21131155,0,131892256,123890488,124030808,0,1056056,0,224652,4962336,123632,4127752,101020,834584,1048576,1048576,0,0,0,0,5179920,463272,120244,91364,649996,91364,558632,25152,42960,0,0,0,65946128,8393704,34359738367,511884,0,52480,0,1116160,0,0,0,0,0,0,0,0,2048,0,349456,10039296,125829120
1744062357.001551,600039,21131155,0,131892256,123890488,124030808,0,1056056,0,224652,4962336,123632,4127752,101020,834584,1048576,1048576,0,0,0,0,5179920,463272,120244,91364,649996,91364,558632,25152,42960,0,0,0,65946128,8393704,34359738367,511884,0,52480,0,1116160,0,0,0,0,0,0,0,0,2048,0,349456,10039296,125829120
1744062358.001926,600039,21131155,0,131892256,123890528,124030848,0,1056056,0,224652,4962336,123632,4127752,101020,834584,1048576,1048576,0,0,0,0,5179920,463272,120244,91364,649996,91364,558632,25152,42960,0,0,0,65946128,8393704,34359738367,511884,0,52480,0,1116160,0,0,0,0,0,0,0,0,2048,0,349456,10039296,125829120
1744062359.001995,600039,21131155,0,131892256,123890528,124030848,0,1056056,0,224652,4962336,123632,4127752,101020,834584,1048576,1048576,0,0,0,0,5179920,463272,120244,91364,649996,91364,558632,25152,42960,0,0,0,65946128,8393704,34359738367,511884,0,52480,0,1116160,0,0,0,0,0,0,0,0,2048,0,349456,10039296,125829120
1744062360.001329,600039,21131155,0,131892256,123890528,124030848,0,1056056,0,224652,4962336,123632,4127752,101020,834584,1048576,1048576,0,0,0,0,5179920,463272,120244,91364,649996,91364,558632,25152,42960,0,0,0,65946128,8393704,34359738367,511884,0,52480,0,1116160,0,0,0,0,0,0,0,0,2048,0,349456,10039296,125829120
1744062361.001459,600039,21131155,0,131892256,123890528,124030848,0,1056056,0,224652,4962336,123632,4127752,101020,834584,1048576,1048576,0,0,0,0,5179920,463272,120244,91364,649996,91364,558632,25152,42960,0,0,0,65946128,8393704,34359738367,511884,0,52480,0,1116160,0,0,0,0,0,0,0,0,2048,0,349456,10039296,125829120
1744062362.001550,600039,21131155,0,131892256,127718264,127859412,0,1052420,0,276888,1260532,43124,557648,233764,702884,1048576,1048576,0,0,284,0,1533552,218776,115712,90932,644688,90932,553756,22800,10968,0,0,0,65946128,1872512,34359738367,509276,0,52480,0,1116160,0,0,0,0,0,0,0,0,2048,0,349456,10039296,125829120
1744062363.002290,600039,21131155,0,131892256,127716704,127857708,0,1051540,0,276916,1261248,41848,559620,235068,701628,1048576,1048576,0,0,284,0,1535492,217980,114784,90548,643240,90548,552692,22816,12080,0,0,0,65946128,1841976,34359738367,509276,0,52480,0,1116160,0,0,0,0,0,0,0,0,2048,0,349456,10039296,125829120
1744062364.001363,600039,21131155,0,131892256,128703804,128165432,0,112944,0,50684,548756,6748,518080,43936,30676,1048576,1048576,0,0,0,0,1535040,217872,38568,86620,594004,86620,507384,22336,9780,0,0,0,65946128,1775848,34359738367,509084,0,52480,0,1116160,0,0,0,0,0,0,0,0,2048,0,349456,10039296,125829120
1744062365.001920,600039,21131155,0,131892256,128691308,128159744,0,125224,0,57152,552316,6784,515764,50368,36552,1048576,1048576,0,0,0,0,1532948,217864,38572,87932,594736,87932,506804,22448,10248,0,0,0,65946128,1798220,34359738367,509100,0,52480,0,1116160,0,0,0,0,0,0,0,0,2048,0,349456,10039296,125829120
1744062366.002022,600039,21131155,0,131892256,128690632,128159396,0,125648,0,57676,552308,6784,515856,50892,36452,1048576,1048576,0,0,0,0,1532972,218028,38568,88164,594128,88164,505964,22464,10148,0,0,0,65946128,1789668,34359738367,509164,0,52480,0,1116160,0,0,0,0,0,0,0,0,2048,0,349456,10039296,125829120
1744062367.001709,600039,21131155,0,131892256,128691440,128161636,0,128228,0,58900,550932,6772,513140,52128,37792,1048576,1048576,0,0,0,0,1529916,216904,38568,88452,594096,88452,505644,22224,9384,0,0,0,65946128,1795260,34359738367,509084,0,52480,0,1116160,0,0,0,0,0,0,0,0,2048,0,349456,10039296,125829120
1744062368.001780,600039,21131155,0,131892256,128691456,128161652,0,128228,0,58900,550932,6772,513140,52128,37792,1048576,1048576,0,0,0,0,1529916,216904,38568,88452,594096,88452,505644,22224,9384,0,0,0,65946128,1795260,34359738367,509084,0,52480,0,1116160,0,0,0,0,0,0,0,0,2048,0,349456,10039296,125829120
1744062369.001660,600039,21131155,0,131892256,128691612,128161808,0,128228,0,58900,550932,6772,513140,52128,37792,1048576,1048576,0,0,0,0,1529916,216904,38568,88452,594096,88452,505644,22224,9384,0,0,0,65946128,1795260,34359738367,509084,0,52480,0,1116160,0,0,0,0,0,0,0,0,2048,0,349456,10039296,125829120
1744062370.001783,600039,21131155,0,131892256,128692032,128162096,0,128228,0,58900,550664,6772,513140,52128,37524,1048576,1048576,0,0,0,0,1529916,216904,38568,88452,594096,88452,505644,22224,9384,0,0,0,65946128,1795260,34359738367,509084,0,52480,0,1116160,0,0,0,0,0,0,0,0,2048,0,349456,10039296,125829120
