timestamp,component_id,job_id,app_id,MemTotal,MemFree,MemAvailable,Buffers,Cached,SwapCached,Active,Inactive,Active(anon),Inactive(anon),Active(file),Inactive(file),Unevictable,Mlocked,SwapTotal,SwapFree,Dirty,Writeback,AnonPages,Mapped,Shmem,KReclaimable,Slab,SReclaimable,SUnreclaim,KernelStack,PageTables,NFS_Unstable,Bounce,WritebackTmp,CommitLimit,Committed_AS,VmallocTotal,VmallocUsed,VmallocChunk,Percpu,HardwareCorrupted,AnonHugePages,ShmemHugePages,ShmemPmdMapped,FileHugePages,FilePmdMapped,HugePages_Total,HugePages_Free,HugePages_Rsvd,HugePages_Surp,Hugepagesize,Hugetlb,DirectMap4k,DirectMap2M,DirectMap1G
1744061760.016984,600003,21131156,0,131892232,127881708,127357964,0,210328,0,87120,931816,37084,890252,50036,41564,1048576,1048576,0,0,4,0,1857320,280012,118684,98896,755432,98896,656536,24080,11032,0,0,0,65946116,1870536,34359738367,520068,0,82560,0,1128448,0,0,0,0,0,0,0,0,2048,0,509200,42385408,93323264
1744061761.001517,600003,21131156,0,131892232,127852764,127332568,0,217864,0,88204,957252,37132,909692,51072,47560,1048576,1048576,0,0,164,0,1876836,283664,118688,98960,755652,98960,656692,25008,11732,0,0,0,65946116,4035672,34359738367,521076,0,82560,0,1128448,0,0,0,0,0,0,0,0,2048,0,509200,42385408,93323264
1744061762.001637,600003,21131156,0,131892232,127832460,127316140,0,225356,0,88616,976480,37132,921872,51484,54608,1048576,1048576,0,0,164,0,1889036,286420,118692,99248,756096,99248,656848,25120,12036,0,0,0,65946116,4042972,34359738367,521076,0,82560,0,1128448,0,0,0,0,0,0,0,0,2048,0,509200,42385408,93323264
1744061763.002256,600003,21131156,0,131892232,127807916,127301552,0,244620,0,89040,1000824,37132,927108,51908,73716,1048576,1048576,0,0,164,0,1894008,295432,118944,99632,756540,99632,656908,25120,12088,0,0,0,65946116,4050264,34359738367,521076,0,82560,0,1128448,0,0,0,0,0,0,0,0,2048,0,509200,42385408,93323264
1744061764.001971,600003,21131156,0,131892232,127794852,127293400,0,254304,0,89116,1014276,37132,931004,51984,83272,1048576,1048576,0,0,164,0,1897904,298464,118944,99824,756640,99824,656816,25136,12100,0,0,0,65946116,4057888,34359738367,521092,0,82560,0,1128448,0,0,0,0,0,0,0,0,2048,0,509200,42385408,93323264
1744061765.002041,600003,21131156,0,131892232,127768816,127273216,0,265624,0,89284,1039692,37132,945204,52152,94488,1048576,1048576,0,0,164,0,1912176,302924,118944,100144,756984,100144,656840,25152,12148,0,0,0,65946116,4065368,34359738367,521108,0,82560,0,1128448,0,0,0,0,0,0,0,0,2048,0,509200,42385408,93323264
1744061766.001668,600003,21131156,0,131892232,127751580,127259064,0,271740,0,89560,1056616,37132,956332,52428,100284,1048576,1048576,0,0,0,0,1923260,304384,118944,100240,757144,100240,656904,25152,12172,0,0,0,65946116,4072892,34359738367,521108,0,82560,0,1128448,0,0,0,0,0,0,0,0,2048,0,509200,42385408,93323264
1744061767.001771,600003,21131156,0,131892232,127657692,127184084,0,308980,0,90516,1138784,37588,1001952,52928,136832,1048576,1048576,0,0,76,0,1969660,310684,119148,101008,759812,101008,658804,25392,17888,0,0,0,65946116,4170132,34359738367,521716,0,82560,0,1128448,0,0,0,0,0,0,0,0,2048,0,509200,42385408,93323264
1744061768.001852,600003,21131156,0,131892232,127580924,127137704,0,369848,0,91180,1212376,37676,1015476,53504,196900,1048576,1048576,0,0,76,0,1982936,350508,119164,101136,760352,101136,659216,25520,22148,0,0,0,65946116,4170132,34359738367,521732,0,82560,0,1128448,0,0,0,0,0,0,0,0,2048,0,509200,42385408,93323264
1744061769.001411,600003,21131156,0,131892232,127468368,127048752,0,425040,0,91396,1317280,37680,1073512,53716,243768,1048576,1048576,0,0,76,0,2033068,389912,127432,101264,760640,101264,659376,25936,27308,0,0,0,65946116,4285084,34359738367,521908,0,82560,0,1128448,0,0,0,0,0,0,0,0,2048,0,509200,42385408,93323264
1744061770.001714,600003,21131156,0,131892232,126674868,126265328,0,513184,0,93104,1956664,37760,1694976,55344,261688,1048576,1048576,0,0,208,0,2585988,473248,196064,101872,766380,101872,664508,27184,36288,0,0,0,65946116,5432744,34359738367,523172,0,82560,0,1128448,0,0,0,0,0,0,0,0,2048,0,509200,42385408,93323264
1744061771.001617,600003,21131156,0,131892232,126380388,125978824,0,529924,0,104264,2239180,46712,1963780,57552,275400,1048576,1048576,0,0,1052,0,2863376,486696,196576,101904,766556,101904,664652,27328,38444,0,0,0,65946116,5688620,34359738367,523172,0,82560,0,1128448,0,0,0,0,0,0,0,0,2048,0,509200,42385408,93323264
1744061772.001577,600003,21131156,0,131892232,126325192,125924296,0,530976,0,118208,2280424,60656,2003692,57552,276732,1048576,1048576,0,0,1052,0,2917168,487652,196576,101904,766624,101904,664720,27328,38540,0,0,0,65946116,5786288,34359738367,523172,0,82560,0,1128448,0,0,0,0,0,0,0,0,2048,0,509200,42385408,93323264
1744061773.001945,600003,21131156,0,131892232,126188540,125788264,0,532484,0,127476,2404744,69924,2126772,57552,277972,1048576,1048576,0,0,1056,0,3054584,488560,196704,101904,766664,101904,664760,27328,39104,0,0,0,65946116,6203728,34359738367,523172,0,82560,0,1128448,0,0,0,0,0,0,0,0,2048,0,509200,42385408,93323264
1744061774.001255,600003,21131156,0,131892232,125491344,125097260,0,544760,0,145524,3086428,87972,2796072,57552,290356,1048576,1048576,0,0,1056,0,3736580,500540,196704,101904,766664,101904,664760,27328,40644,0,0,0,65946116,6930368,34359738367,523172,0,82560,0,1128448,0,0,0,0,0,0,0,0,2048,0,509200,42385408,93323264
1744061775.001631,600003,21131156,0,131892232,125453668,125061416,0,548592,0,150736,3117772,93184,2823748,57552,294024,1048576,1048576,0,0,1056,0,3769656,503740,196704,101904,766528,101904,664624,27328,40880,0,0,0,65946116,6958084,34359738367,523172,0,82560,0,1128448,0,0,0,0,0,0,0,0,2048,0,509200,42385408,93323264
1744061776.001856,600003,21131156,0,131892232,125453988,125061856,0,548840,0,150736,3118072,93184,2823812,57552,294260,1048576,1048576,0,0,120,0,3769692,503796,196760,101904,766576,101904,664672,27328,40880,0,0,0,65946116,6958084,34359738367,523172,0,82560,0,1128448,0,0,0,0,0,0,0,0,2048,0,509200,42385408,93323264
1744061777.002172,600003,21131156,0,131892232,125454236,125062132,0,548984,0,150736,3118132,93184,2823812,57552,294320,1048576,1048576,0,0,240,0,3769696,503804,196768,101904,766608,101904,664704,27328,40880,0,0,0,65946116,6958084,34359738367,523172,0,82560,0,1128448,0,0,0,0,0,0,0,0,2048,0,509200,42385408,93323264
1744061778.001379,600003,21131156,0,131892232,125454432,125062360,0,549060,0,150736,3118192,93184,2823812,57552,294380,1048576,1048576,0,0,296,0,3769696,503804,196768,101904,766552,101904,664648,27328,40880,0,0,0,65946116,6958084,34359738367,523172,0,82560,0,1128448,0,0,0,0,0,0,0,0,2048,0,509200,42385408,93323264
1744061779.001565,600003,21131156,0,131892232,125454484,125062500,0,549280,0,150736,3118372,93184,2823812,57552,294560,1048576,1048576,0,0,500,0,3769696,503804,196768,101904,766584,101904,664680,27328,40880,0,0,0,65946116,6958084,34359738367,523172,0,82560,0,1128448,0,0,0,0,0,0,0,0,2048,0,509200,42385408,93323264
1744061780.012825,600003,21131156,0,131892232,125454484,125062532,0,549376,0,150820,3118380,93256,2823772,57564,294608,1048576,1048576,0,0,528,0,3769696,503860,196824,101904,766640,101904,664736,27328,40880,0,0,0,65946116,6958084,34359738367,523172,0,82560,0,1128448,0,0,0,0,0,0,0,0,2048,0,509200,42385408,93323264
1744061781.002174,600003,21131156,0,131892232,125454524,125062660,0,549604,0,150820,3118560,93256,2823772,57564,294788,1048576,1048576,0,0,88,0,3769696,503868,196832,101904,766624,101904,664720,27328,40880,0,0,0,65946116,6958084,34359738367,523172,0,82560,0,1128448,0,0,0,0,0,0,0,0,2048,0,509200,42385408,93323264
1744061782.001278,600003,21131156,0,131892232,124883912,124493296,0,552112,0,151108,3688348,93528,3391084,57580,297264,1048576,1048576,0,0,236,24,4337028,506496,197004,101904,766640,101904,664736,27328,41788,0,0,0,65946116,7279248,34359738367,523172,0,82560,0,1128448,0,0,0,0,0,0,0,0,2048,0,509200,42385408,93323264
1744061783.001836,600003,21131156,0,131892232,124881464,124491964,0,554828,0,151252,3691976,93668,3392480,57584,299496,1048576,1048576,0,0,676,36,4337808,507548,197600,101904,766608,101904,664704,27328,41800,0,0,0,65946116,7281924,34359738367,523172,0,82560,0,1128448,0,0,0,0,0,0,0,0,2048,0,509200,42385408,93323264
1744061784.001693,600003,21131156,0,131892232,124880384,124491640,0,556788,0,151312,3694212,93728,3393204,57584,301008,1048576,1048576,0,0,960,0,4337828,508096,198148,101904,766616,101904,664712,27312,41800,0,0,0,65946116,7281972,34359738367,523172,0,82560,0,1128448,0,0,0,0,0,0,0,0,2048,0,509200,42385408,93323264
1744061785.001434,600003,21131156,0,131892232,124879212,124490864,0,558004,0,151352,3695436,93768,3393640,57584,301796,1048576,1048576,0,0,560,0,4337832,508576,198612,101904,766808,101904,664904,27312,41800,0,0,0,65946116,7282000,34359738367,523172,0,82560,0,1128448,0,0,0,0,0,0,0,0,2048,0,509200,42385408,93323264
1744061786.001847,600003,21131156,0,131892232,124877036,124489616,0,560580,0,151352,3697972,93768,3394316,57584,303656,1048576,1048576,0,0,712,0,4337844,509228,199272,101904,766840,101904,664936,27312,41800,0,0,0,65946116,7282044,34359738367,523172,0,82560,0,1128448,0,0,0,0,0,0,0,0,2048,0,509200,42385408,93323264
1744061787.002333,600003,21131156,0,131892232,124875248,124488528,0,562588,0,151352,3699916,93768,3394864,57584,305052,1048576,1048576,0,0,984,16,4337844,509832,199876,101904,766888,101904,664984,27312,41800,0,0,0,65946116,7282108,34359738367,523172,0,82560,0,1128448,0,0,0,0,0,0,0,0,2048,0,509200,42385408,93323264
1744061788.001446,600003,21131156,0,131892232,124587268,124201944,0,565512,0,160344,3976456,102756,3668612,57588,307844,1048576,1048576,0,0,1208,0,4622640,510552,200024,101904,766776,101904,664872,27312,42124,0,0,0,65946116,7532816,34359738367,523172,0,82560,0,1128448,0,0,0,0,0,0,0,0,2048,0,509200,42385408,93323264
1744061789.001959,600003,21131156,0,131892232,123208284,122823120,0,565820,0,171024,5343232,113436,5035068,57588,308164,1048576,1048576,0,0,1360,0,5997988,510724,199968,101904,766728,101904,664824,27312,44612,0,0,0,65946116,8939932,34359738367,523172,0,82560,0,1128448,0,0,0,0,0,0,0,0,2048,0,509200,42385408,93323264
1744061790.001528,600003,21131156,0,131892232,123177800,122822172,0,625084,0,179364,5361160,114248,5001456,65116,359704,1048576,1048576,0,0,17680,16,5965040,514000,199968,101904,770112,101904,668208,27312,45128,0,0,0,65946116,8998472,34359738367,523172,0,82560,0,1128448,0,0,0,0,0,0,0,0,2048,0,509200,42385408,93323264
1744061791.001625,600003,21131156,0,131892232,123123248,122768068,0,626004,0,180500,5416248,115252,5055780,65248,360468,1048576,1048576,0,0,18008,0,6020504,514540,199972,101904,770200,101904,668296,27312,45248,0,0,0,65946116,9051028,34359738367,523172,0,82560,0,1128448,0,0,0,0,0,0,0,0,2048,0,509200,42385408,93323264
1744061792.001984,600003,21131156,0,131892232,123121492,122766336,0,626016,0,180500,5418156,115252,5057636,65248,360520,1048576,1048576,0,0,18020,0,6022328,514560,199972,101904,770200,101904,668296,27312,45272,0,0,0,65946116,9051028,34359738367,523172,0,82560,0,1128448,0,0,0,0,0,0,0,0,2048,0,509200,42385408,93323264
1744061793.001420,600003,21131156,0,131892232,123121252,122766216,0,626268,0,182340,5416556,116948,5055940,65392,360616,1048576,1048576,0,0,18272,0,6022328,514560,199972,101904,770216,101904,668312,27312,45272,0,0,0,65946116,9051028,34359738367,523172,0,82560,0,1128448,0,0,0,0,0,0,0,0,2048,0,509200,42385408,93323264
1744061794.001778,600003,21131156,0,131892232,123121280,122766276,0,626284,0,182340,5416616,116948,5055940,65392,360676,1048576,1048576,0,0,18288,0,6022328,514560,199972,101904,770216,101904,668312,27312,45272,0,0,0,65946116,9051028,34359738367,523172,0,82560,0,1128448,0,0,0,0,0,0,0,0,2048,0,509200,42385408,93323264
1744061795.002166,600003,21131156,0,131892232,123121124,122766120,0,626300,0,182340,5416616,116948,5055940,65392,360676,1048576,1048576,0,0,18304,0,6022328,514560,199972,101904,770344,101904,668440,27312,45272,0,0,0,65946116,9051028,34359738367,523172,0,82560,0,1128448,0,0,0,0,0,0,0,0,2048,0,509200,42385408,93323264
1744061796.001559,600003,21131156,0,131892232,123121024,122766140,0,626548,0,182568,5416628,117176,5055712,65392,360916,1048576,1048576,0,0,18552,0,6022328,514560,199972,101904,770248,101904,668344,27312,45272,0,0,0,65946116,9051028,34359738367,523172,0,82560,0,1128448,0,0,0,0,0,0,0,0,2048,0,509200,42385408,93323264
1744061797.001958,600003,21131156,0,131892232,123068392,122737256,0,674508,0,184976,5463384,117408,5057144,67568,406240,1048576,1048576,0,0,28088,0,6023652,514560,199972,101904,773928,101904,672024,27312,45276,0,0,0,65946116,9052896,34359738367,523172,0,82560,0,1128448,0,0,0,0,0,0,0,0,2048,0,509200,42385408,93323264
1744061798.001245,600003,21131156,0,131892232,123067464,122736620,0,675092,0,185156,5463784,117408,5057140,67748,406644,1048576,1048576,0,0,29212,0,6023652,514560,199972,101904,773944,101904,672040,27312,45276,0,0,0,65946116,9052896,34359738367,523172,0,82560,0,1128448,0,0,0,0,0,0,0,0,2048,0,509200,42385408,93323264
1744061799.001661,600003,21131156,0,131892232,123067456,122736640,0,675100,0,185456,5463544,117668,5056884,67788,406660,1048576,1048576,0,0,29220,0,6023660,514560,199972,101904,773944,101904,672040,27312,45276,0,0,0,65946116,9052896,34359738367,523172,0,82560,0,1128448,0,0,0,0,0,0,0,0,2048,0,509200,42385408,93323264
1744061800.013712,600003,21131156,0,131892232,123067388,122736572,0,675120,0,185456,5463544,117668,5056884,67788,406660,1048576,1048576,0,0,29240,0,6023660,514560,199972,101904,773968,101904,672064,27312,45276,0,0,0,65946116,9052896,34359738367,523172,0,82560,0,1128448,0,0,0,0,0,0,0,0,2048,0,509200,42385408,93323264
1744061801.002193,600003,21131156,0,131892232,123067132,122736452,0,675384,0,185816,5463484,118004,5056580,67812,406904,1048576,1048576,0,0,29484,0,6023660,514580,199992,101904,774000,101904,672096,27312,45276,0,0,0,65946116,9052896,34359738367,523172,0,82560,0,1128448,0,0,0,0,0,0,0,0,2048,0,509200,42385408,93323264
1744061802.001298,600003,21131156,0,131892232,123067088,122736408,0,675400,0,185816,5463484,118004,5056580,67812,406904,1048576,1048576,0,0,29500,0,6023660,514580,199992,101904,774016,101904,672112,27312,45276,0,0,0,65946116,9052896,34359738367,523172,0,82560,0,1128448,0,0,0,0,0,0,0,0,2048,0,509200,42385408,93323264
1744061803.001540,600003,21131156,0,131892232,123016172,122706232,0,719308,0,186236,5503540,118004,5055572,68232,447968,1048576,1048576,0,0,6444,0,6022652,514580,199992,101904,774752,101904,672848,27312,45276,0,0,0,65946116,9050788,34359738367,523172,0,82560,0,1128448,0,0,0,0,0,0,0,0,2048,0,509200,42385408,93323264
1744061804.002042,600003,21131156,0,131892232,123016292,122709944,0,723996,0,189060,5507656,118336,5054996,70724,452660,1048576,1048576,0,0,7996,0,6022352,514600,200012,101904,777600,101904,675696,27312,45272,0,0,0,65946116,9050788,34359738367,523172,0,82560,0,1128448,0,0,0,0,0,0,0,0,2048,0,509200,42385408,93323264
1744061805.001118,600003,21131156,0,131892232,123016296,122709948,0,724008,0,189060,5507656,118336,5054996,70724,452660,1048576,1048576,0,0,8004,0,6022360,514604,200016,101904,777600,101904,675696,27312,45272,0,0,0,65946116,9050788,34359738367,523172,0,82560,0,1128448,0,0,0,0,0,0,0,0,2048,0,509200,42385408,93323264
1744061806.001622,600003,21131156,0,131892232,123016300,122709952,0,724016,0,189060,5507656,118336,5054996,70724,452660,1048576,1048576,0,0,8012,0,6022364,514604,200016,101904,777600,101904,675696,27312,45272,0,0,0,65946116,9050788,34359738367,523172,0,82560,0,1128448,0,0,0,0,0,0,0,0,2048,0,509200,42385408,93323264
1744061807.002335,600003,21131156,0,131892232,123016300,122709952,0,724024,0,189060,5507656,118336,5054996,70724,452660,1048576,1048576,0,0,8020,0,6022372,514604,200016,101904,777600,101904,675696,27312,45272,0,0,0,65946116,9050788,34359738367,523172,0,82560,0,1128448,0,0,0,0,0,0,0,0,2048,0,509200,42385408,93323264
1744061808.001494,600003,21131156,0,131892232,123016264,122709916,0,724040,0,189060,5507656,118336,5054996,70724,452660,1048576,1048576,0,0,8036,0,6022372,514604,200016,101904,777608,101904,675704,27312,45272,0,0,0,65946116,9050788,34359738367,523172,0,82560,0,1128448,0,0,0,0,0,0,0,0,2048,0,509200,42385408,93323264
1744061809.001976,600003,21131156,0,131892232,123016008,122709768,0,724300,0,189600,5507356,118756,5054604,70844,452752,1048576,1048576,0,0,8288,0,6022420,514612,200024,101904,777640,101904,675736,27312,45272,0,0,0,65946116,9050788,34359738367,523172,0,82560,0,1128448,0,0,0,0,0,0,0,0,2048,0,509200,42385408,93323264
1744061810.001525,600003,21131156,0,131892232,123015896,122709660,0,724308,0,189600,5507308,118756,5054548,70844,452760,1048576,1048576,0,0,8296,0,6022440,514612,200024,101904,777640,101904,675736,27312,45272,0,0,0,65946116,9050788,34359738367,523172,0,82560,0,1128448,0,0,0,0,0,0,0,0,2048,0,509200,42385408,93323264
1744061811.001767,600003,21131156,0,131892232,123015868,122709660,0,724312,0,189600,5507368,118756,5054548,70844,452820,1048576,1048576,0,0,8300,0,6022460,514612,200024,101904,777640,101904,675736,27312,45272,0,0,0,65946116,9050788,34359738367,523172,0,82560,0,1128448,0,0,0,0,0,0,0,0,2048,0,509200,42385408,93323264
1744061812.002102,600003,21131156,0,131892232,123015700,122709508,0,724320,0,189600,5507532,118756,5054684,70844,452848,1048576,1048576,0,0,8308,0,6022564,514612,200024,101904,777640,101904,675736,27312,45272,0,0,0,65946116,9050788,34359738367,523172,0,82560,0,1128448,0,0,0,0,0,0,0,0,2048,0,509200,42385408,93323264
1744061813.001506,600003,21131156,0,131892232,123015644,122709452,0,724332,0,189600,5507652,118756,5054804,70844,452848,1048576,1048576,0,0,8320,0,6022628,514612,200024,101904,777640,101904,675736,27312,45272,0,0,0,65946116,9050788,34359738367,523172,0,82560,0,1128448,0,0,0,0,0,0,0,0,2048,0,509200,42385408,93323264
1744061814.002008,600003,21131156,0,131892232,123015616,122709424,0,724336,0,189600,5507652,118756,5054804,70844,452848,1048576,1048576,0,0,8324,0,6022684,514612,200024,101904,777640,101904,675736,27312,45272,0,0,0,65946116,9050788,34359738367,523172,0,82560,0,1128448,0,0,0,0,0,0,0,0,2048,0,509200,42385408,93323264
1744061815.001480,600003,21131156,0,131892232,123015152,122709136,0,724648,0,190248,5507524,119260,5054468,70988,453056,1048576,1048576,0,0,8584,0,6022852,514664,200076,101904,777656,101904,675752,27312,45272,0,0,0,65946116,9050788,34359738367,523172,0,82560,0,1128448,0,0,0,0,0,0,0,0,2048,0,509200,42385408,93323264
1744061816.001830,600003,21131156,0,131892232,123014984,122708996,0,724656,0,190248,5507644,119260,5054528,70988,453116,1048576,1048576,0,0,8592,0,6022984,514664,200076,101904,777656,101904,675752,27312,45272,0,0,0,65946116,9050788,34359738367,523172,0,82560,0,1128448,0,0,0,0,0,0,0,0,2048,0,509200,42385408,93323264
1744061817.002225,600003,21131156,0,131892232,122962316,122678056,0,769204,0,190788,5551808,119292,5055744,71496,496064,1048576,1048576,0,0,16624,0,6024100,514664,200076,101904,778552,101904,676648,27312,45272,0,0,0,65946116,9055212,34359738367,523172,0,82560,0,1128448,0,0,0,0,0,0,0,0,2048,0,509200,42385408,93323264
1744061818.001593,600003,21131156,0,131892232,122961488,122679512,0,772936,0,193136,5554236,119452,5055792,73684,498444,1048576,1048576,0,0,20100,0,6024304,514664,200076,101904,781408,101904,679504,27312,45276,0,0,0,65946116,9055212,34359738367,523172,0,82560,0,1128448,0,0,0,0,0,0,0,0,2048,0,509200,42385408,93323264
1744061819.001983,600003,21131156,0,131892232,122961180,122679220,0,772948,0,193136,5554536,119452,5056064,73684,498472,1048576,1048576,0,0,20112,0,6024616,514664,200076,101904,781408,101904,679504,27312,45276,0,0,0,65946116,9055212,34359738367,523172,0,82560,0,1128448,0,0,0,0,0,0,0,0,2048,0,509200,42385408,93323264
1744061820.012320,600003,21131156,0,131892232,122960796,122678956,0,773176,0,193256,5554716,119560,5056016,73696,498700,1048576,1048576,0,0,20340,0,6024644,514664,200076,101904,781568,101904,679664,27312,45276,0,0,0,65946116,9055212,34359738367,523172,0,82560,0,1128448,0,0,0,0,0,0,0,0,2048,0,509200,42385408,93323264
1744061821.001846,600003,21131156,0,131892232,122960584,122678784,0,773220,0,193916,5554380,120140,5055708,73776,498672,1048576,1048576,0,0,20376,0,6025004,514672,200084,101936,781472,101936,679536,27312,45276,0,0,0,65946116,9055212,34359738367,523172,0,82560,0,1128448,0,0,0,0,0,0,0,0,2048,0,509200,42385408,93323264
1744061822.001926,600003,21131156,0,131892232,122960360,122678560,0,773228,0,193976,5554800,120188,5056140,73788,498660,1048576,1048576,0,0,3376,0,6025468,514672,200084,101936,781296,101936,679360,27312,45276,0,0,0,65946116,9055212,34359738367,523172,0,82560,0,1128448,0,0,0,0,0,0,0,0,2048,0,509200,42385408,93323264
1744061823.001475,600003,21131156,0,131892232,122960164,122678368,0,773244,0,193976,5555048,120188,5056380,73788,498668,1048576,1048576,0,0,3404,0,6025624,514672,200084,101936,781296,101936,679360,27312,45276,0,0,0,65946116,9055212,34359738367,523172,0,82560,0,1128448,0,0,0,0,0,0,0,0,2048,0,509200,42385408,93323264
1744061824.002007,600003,21131156,0,131892232,122959744,122677948,0,773244,0,194156,5555168,120312,5056556,73844,498612,1048576,1048576,0,0,3404,0,6026016,514672,200084,101936,781296,101936,679360,27312,45276,0,0,0,65946116,9055212,34359738367,523172,0,82560,0,1128448,0,0,0,0,0,0,0,0,2048,0,509200,42385408,93323264
1744061825.001109,600003,21131156,0,131892232,122959156,122677392,0,773252,0,194156,5555832,120312,5057156,73844,498676,1048576,1048576,0,0,3412,0,6026632,514672,200084,101936,781296,101936,679360,27312,45276,0,0,0,65946116,9055212,34359738367,523172,0,82560,0,1128448,0,0,0,0,0,0,0,0,2048,0,509200,42385408,93323264
1744061826.001623,600003,21131156,0,131892232,122958680,122677068,0,773524,0,195228,5555204,121320,5056288,73908,498916,1048576,1048576,0,0,3664,0,6026812,514692,200104,101936,781296,101936,679360,27312,45276,0,0,0,65946116,9055212,34359738367,523172,0,82560,0,1128448,0,0,0,0,0,0,0,0,2048,0,509200,42385408,93323264
1744061827.002234,600003,21131156,0,131892232,122958120,122676532,0,773524,0,195228,5555804,121320,5056844,73908,498960,1048576,1048576,0,0,3212,0,6027372,514692,200104,101936,781296,101936,679360,27312,45276,0,0,0,65946116,9055212,34359738367,523172,0,82560,0,1128448,0,0,0,0,0,0,0,0,2048,0,509200,42385408,93323264
1744061828.001324,600003,21131156,0,131892232,122957348,122675768,0,773544,0,195408,5556412,121500,5057436,73908,498976,1048576,1048576,0,0,3236,0,6028176,514692,200104,101936,781200,101936,679264,27312,45276,0,0,0,65946116,9055212,34359738367,523172,0,82560,0,1128448,0,0,0,0,0,0,0,0,2048,0,509200,42385408,93323264
1744061829.001851,600003,21131156,0,131892232,122956708,122675172,0,773556,0,195408,5557192,121500,5058124,73908,499068,1048576,1048576,0,0,3248,0,6028852,514692,200104,101936,781112,101936,679176,27312,45276,0,0,0,65946116,9055212,34359738367,523172,0,82560,0,1128448,0,0,0,0,0,0,0,0,2048,0,509200,42385408,93323264
1744061830.001422,600003,21131156,0,131892232,122956480,122674948,0,773564,0,195408,5557496,121500,5058424,73908,499072,1048576,1048576,0,0,3256,0,6029092,514692,200104,101936,781112,101936,679176,27312,45276,0,0,0,65946116,9055212,34359738367,523172,0,82560,0,1128448,0,0,0,0,0,0,0,0,2048,0,509200,42385408,93323264
1744061831.001791,600003,21131156,0,131892232,122955548,122674044,0,773568,0,195648,5558160,121740,5059028,73908,499132,1048576,1048576,0,0,3260,0,6030032,514692,200104,101936,781120,101936,679184,27312,45276,0,0,0,65946116,9055212,34359738367,523172,0,82560,0,1128448,0,0,0,0,0,0,0,0,2048,0,509200,42385408,93323264
1744061832.002131,600003,21131156,0,131892232,122903356,122645980,0,822144,0,198392,5603684,121928,5058852,76464,544832,1048576,1048576,0,0,46832,0,6029856,514692,200104,101936,784928,101936,682992,27312,45272,0,0,0,65946116,9060692,34359738367,523172,0,82560,0,1128448,0,0,0,0,0,0,0,0,2048,0,509200,42385408,93323264
1744061833.001691,600003,21131156,0,131892232,122902940,122645604,0,822144,0,198512,5603984,121968,5059152,76544,544832,1048576,1048576,0,0,46832,0,6030344,514692,200104,101936,784928,101936,682992,27312,45272,0,0,0,65946116,9060692,34359738367,523172,0,82560,0,1128448,0,0,0,0,0,0,0,0,2048,0,509200,42385408,93323264
1744061834.002134,600003,21131156,0,131892232,122901708,122644420,0,822152,0,198812,5605008,122212,5060140,76600,544868,1048576,1048576,0,0,46840,0,6031576,514692,200104,101936,784928,101936,682992,27312,45272,0,0,0,65946116,9060692,34359738367,523172,0,82560,0,1128448,0,0,0,0,0,0,0,0,2048,0,509200,42385408,93323264
1744061835.001556,600003,21131156,0,131892232,122901024,122643740,0,822176,0,198812,5605676,122212,5060800,76600,544876,1048576,1048576,0,0,46864,0,6032244,514692,200104,101936,784912,101936,682976,27312,45272,0,0,0,65946116,9060692,34359738367,523172,0,82560,0,1128448,0,0,0,0,0,0,0,0,2048,0,509200,42385408,93323264
1744061836.001575,600003,21131156,0,131892232,122900324,122643048,0,822176,0,198932,5606276,122332,5061380,76600,544896,1048576,1048576,0,0,46864,0,6032944,514692,200104,101936,784912,101936,682976,27312,45272,0,0,0,65946116,9060692,34359738367,523172,0,82560,0,1128448,0,0,0,0,0,0,0,0,2048,0,509200,42385408,93323264
1744061837.001993,600003,21131156,0,131892232,122898868,122641624,0,822188,0,199472,5607360,122832,5062444,76640,544916,1048576,1048576,0,0,46876,0,6034368,514692,200104,101936,784912,101936,682976,27312,45272,0,0,0,65946116,9060692,34359738367,523172,0,82560,0,1128448,0,0,0,0,0,0,0,0,2048,0,509200,42385408,93323264
1744061838.001335,600003,21131156,0,131892232,122897900,122640768,0,822448,0,200492,5607212,123804,5062116,76688,545096,1048576,1048576,0,0,46928,0,6035108,514696,200108,101936,784928,101936,682992,27312,45272,0,0,0,65946116,9060692,34359738367,523172,0,82560,0,1128448,0,0,0,0,0,0,0,0,2048,0,509200,42385408,93323264
1744061839.001743,600003,21131156,0,131892232,122897032,122639928,0,822448,0,200644,5607844,123908,5062744,76736,545100,1048576,1048576,0,0,46928,0,6035992,514696,200108,101936,784928,101936,682992,27312,45272,0,0,0,65946116,9060692,34359738367,523172,0,82560,0,1128448,0,0,0,0,0,0,0,0,2048,0,509200,42385408,93323264
1744061840.013616,600003,21131156,0,131892232,122895364,122638284,0,822460,0,201244,5609052,124508,5063904,76736,545148,1048576,1048576,0,0,46940,0,6037668,514696,200108,101936,784944,101936,683008,27312,45272,0,0,0,65946116,9060692,34359738367,523172,0,82560,0,1128448,0,0,0,0,0,0,0,0,2048,0,509200,42385408,93323264
1744061841.002119,600003,21131156,0,131892232,122895180,122638100,0,822476,0,201244,5609176,124508,5064024,76736,545152,1048576,1048576,0,0,46956,0,6037836,514696,200108,101936,784960,101936,683024,27312,45272,0,0,0,65946116,9060692,34359738367,523172,0,82560,0,1128448,0,0,0,0,0,0,0,0,2048,0,509200,42385408,93323264
1744061842.001234,600003,21131156,0,131892232,122893472,122636392,0,822484,0,201364,5610616,124628,5065464,76736,545152,1048576,1048576,0,0,600,3252,6039508,514696,200108,101936,784960,101936,683024,27312,45272,0,0,0,65946116,9060692,34359738367,523172,0,82560,0,1128448,0,0,0,0,0,0,0,0,2048,0,509200,42385408,93323264
1744061843.001704,600003,21131156,0,131892232,122891480,122634448,0,822492,0,202148,5611936,125388,5066712,76760,545224,1048576,1048576,0,0,24,0,6041448,514696,200108,101936,784992,101936,683056,27312,45296,0,0,0,65946116,9069664,34359738367,523172,0,82560,0,1128448,0,0,0,0,0,0,0,0,2048,0,509200,42385408,93323264
1744061844.002213,600003,21131156,0,131892232,122866980,122609948,0,822492,0,202148,5636308,125388,5091084,76760,545224,1048576,1048576,0,0,24,0,6065836,514696,200108,101936,785120,101936,683184,27312,45296,0,0,0,65946116,9103788,34359738367,523172,0,82560,0,1128448,0,0,0,0,0,0,0,0,2048,0,509200,42385408,93323264
1744061845.001329,600003,21131156,0,131892232,122865144,122608280,0,822752,0,202628,5637708,125800,5092220,76828,545488,1048576,1048576,0,0,284,0,6067476,514696,200108,101936,785008,101936,683072,27312,45344,0,0,0,65946116,9103788,34359738367,523172,0,82560,0,1128448,0,0,0,0,0,0,0,0,2048,0,509200,42385408,93323264
1744061846.001808,600003,21131156,0,131892232,122863604,122606740,0,822756,0,203132,5638764,126304,5093276,76828,545488,1048576,1048576,0,0,288,0,6068988,514696,200108,101936,785008,101936,683072,27312,45344,0,0,0,65946116,9103788,34359738367,523172,0,82560,0,1128448,0,0,0,0,0,0,0,0,2048,0,509200,42385408,93323264
1744061847.002301,600003,21131156,0,131892232,122810384,122575084,0,867792,0,204816,5681916,126960,5094328,77856,587588,1048576,1048576,0,0,8512,0,6070396,514696,200108,101936,787552,101936,685616,27312,45344,0,0,0,65946116,9098424,34359738367,523172,0,82560,0,1128448,0,0,0,0,0,0,0,0,2048,0,509200,42385408,93323264
1744061848.001395,600003,21131156,0,131892232,122807764,122574884,0,870944,0,206492,5687528,127096,5096640,79396,590888,1048576,1048576,0,0,12072,0,6073004,514696,200108,101936,788752,101936,686816,27312,45372,0,0,0,65946116,9118084,34359738367,523172,0,82560,0,1128448,0,0,0,0,0,0,0,0,2048,0,509200,42385408,93323264
1744061849.001576,600003,21131156,0,131892232,122799784,122566992,0,871088,0,206596,5695312,127108,5104336,79488,590976,1048576,1048576,0,0,12296,0,6080772,514696,200108,101936,788768,101936,686832,27312,45376,0,0,0,65946116,9118084,34359738367,523172,0,82560,0,1128448,0,0,0,0,0,0,0,0,2048,0,509200,42385408,93323264
1744061850.002117,600003,21131156,0,131892232,122798684,122565896,0,871096,0,207136,5695912,127500,5105080,79636,590832,1048576,1048576,0,0,12304,0,6081952,514696,200108,101936,788752,101936,686816,27312,45388,0,0,0,65946116,9118084,34359738367,523172,0,82560,0,1128448,0,0,0,0,0,0,0,0,2048,0,509200,42385408,93323264
1744061851.002182,600003,21131156,0,131892232,122796288,122563648,0,871352,0,208036,5697272,128340,5106200,79696,591072,1048576,1048576,0,0,12560,0,6084008,514696,200108,101936,788768,101936,686832,27312,45392,0,0,0,65946116,9118084,34359738367,523172,0,82560,0,1128448,0,0,0,0,0,0,0,0,2048,0,509200,42385408,93323264
1744061852.001515,600003,21131156,0,131892232,122794636,122562044,0,871356,0,208156,5698856,128444,5107708,79712,591148,1048576,1048576,0,0,12564,0,6085660,514696,200108,101936,788768,101936,686832,27312,45392,0,0,0,65946116,9118084,34359738367,523172,0,82560,0,1128448,0,0,0,0,0,0,0,0,2048,0,509200,42385408,93323264
1744061853.001911,600003,21131156,0,131892232,122793096,122560532,0,871368,0,208436,5700148,128712,5108952,79724,591196,1048576,1048576,0,0,12576,0,6087208,514696,200108,101936,788768,101936,686832,27312,45392,0,0,0,65946116,9118084,34359738367,523172,0,82560,0,1128448,0,0,0,0,0,0,0,0,2048,0,509200,42385408,93323264
1744061854.001239,600003,21131156,0,131892232,122791864,122559316,0,871368,0,208436,5701396,128712,5110172,79724,591224,1048576,1048576,0,0,12576,0,6088432,514696,200108,101936,788768,101936,686832,27312,45392,0,0,0,65946116,9138012,34359738367,523172,0,82560,0,1128448,0,0,0,0,0,0,0,0,2048,0,509200,42385408,93323264
1744061855.001633,600003,21131156,0,131892232,122790436,122557888,0,871388,0,208736,5702308,129012,5111084,79724,591224,1048576,1048576,0,0,12596,0,6089872,514696,200108,101936,788768,101936,686832,27312,45408,0,0,0,65946116,9138012,34359738367,523172,0,82560,0,1128448,0,0,0,0,0,0,0,0,2048,0,509200,42385408,93323264
1744061856.001930,600003,21131156,0,131892232,122790688,122558168,0,871400,0,209568,5701340,129784,5110120,79784,591220,1048576,1048576,0,0,12608,0,6089648,514696,200108,101936,788768,101936,686832,27312,45408,0,0,0,65946116,9137720,34359738367,523172,0,82560,0,1128448,0,0,0,0,0,0,0,0,2048,0,509200,42385408,93323264
1744061857.001345,600003,21131156,0,131892232,122773776,122541284,0,871432,0,209568,5718272,129784,5126992,79784,591280,1048576,1048576,0,0,12640,0,6106492,514696,200108,101936,788784,101936,686848,27312,45408,0,0,0,65946116,9158196,34359738367,523172,0,82560,0,1128448,0,0,0,0,0,0,0,0,2048,0,509200,42385408,93323264
1744061858.001671,600003,21131156,0,131892232,122771812,122539432,0,871660,0,210596,5719300,130812,5127796,79784,591504,1048576,1048576,0,0,12868,0,6108180,514696,200108,101936,788816,101936,686880,27312,45452,0,0,0,65946116,9158196,34359738367,523172,0,82560,0,1128448,0,0,0,0,0,0,0,0,2048,0,509200,42385408,93323264
1744061859.002092,600003,21131156,0,131892232,122771532,122539152,0,871660,0,210596,5719540,130812,5128036,79784,591504,1048576,1048576,0,0,12868,0,6108400,514696,200108,101936,788816,101936,686880,27312,45452,0,0,0,65946116,9158196,34359738367,523172,0,82560,0,1128448,0,0,0,0,0,0,0,0,2048,0,509200,42385408,93323264
1744061860.013418,600003,21131156,0,131892232,122769740,122537368,0,871672,0,211068,5720988,131284,5129472,79784,591516,1048576,1048576,0,0,12880,0,6110216,514696,200108,101936,788816,101936,686880,27312,45452,0,0,0,65946116,9158196,34359738367,523172,0,82560,0,1128448,0,0,0,0,0,0,0,0,2048,0,509200,42385408,93323264
1744061861.001933,600003,21131156,0,131892232,122767192,122534820,0,871680,0,211244,5723292,131460,5131776,79784,591516,1048576,1048576,0,0,12888,0,6112760,514696,200108,101936,788816,101936,686880,27312,45452,0,0,0,65946116,9158196,34359738367,523172,0,82560,0,1128448,0,0,0,0,0,0,0,0,2048,0,509200,42385408,93323264
1744061862.002010,600003,21131156,0,131892232,122766240,122533868,0,871680,0,211484,5723988,131700,5132472,79784,591516,1048576,1048576,0,0,12888,0,6113680,514696,200108,101936,788816,101936,686880,27312,45452,0,0,0,65946116,9158196,34359738367,523172,0,82560,0,1128448,0,0,0,0,0,0,0,0,2048,0,509200,42385408,93323264
1744061863.001485,600003,21131156,0,131892232,122764356,122531984,0,871696,0,212712,5724560,132916,5133056,79796,591504,1048576,1048576,0,0,12904,0,6115564,514696,200108,101936,788824,101936,686888,27312,45452,0,0,0,65946116,9158196,34359738367,523172,0,82560,0,1128448,0,0,0,0,0,0,0,0,2048,0,509200,42385408,93323264
1744061864.002151,600003,21131156,0,131892232,122712860,122502044,0,916652,0,213840,5766476,133152,5132752,80688,633724,1048576,1048576,0,0,22868,928,6115104,514696,200108,101936,791048,101936,689112,27312,45448,0,0,0,65946116,9160260,34359738367,523172,0,82560,0,1128448,0,0,0,0,0,0,0,0,2048,0,509200,42385408,93323264
1744061865.001277,600003,21131156,0,131892232,122710632,122502496,0,920232,0,215668,5771448,133264,5134076,82404,637372,1048576,1048576,0,0,24576,0,6116860,514696,200108,101936,792600,101936,690664,27312,45448,0,0,0,65946116,9160260,34359738367,523172,0,82560,0,1128448,0,0,0,0,0,0,0,0,2048,0,509200,42385408,93323264
1744061866.001781,600003,21131156,0,131892232,122710352,122502240,0,920244,0,215668,5771688,133264,5134268,82404,637420,1048576,1048576,0,0,24588,0,6117116,514696,200108,101936,792600,101936,690664,27312,45448,0,0,0,65946116,9164124,34359738367,523172,0,82560,0,1128448,0,0,0,0,0,0,0,0,2048,0,509200,42385408,93323264
1744061867.002280,600003,21131156,0,131892232,122708756,122500656,0,920244,0,215988,5772956,133484,5135616,82504,637340,1048576,1048576,0,0,24588,0,6118704,514696,200108,101936,792600,101936,690664,27312,45456,0,0,0,65946116,9164124,34359738367,523172,0,82560,0,1128448,0,0,0,0,0,0,0,0,2048,0,509200,42385408,93323264
1744061868.001361,600003,21131156,0,131892232,122707020,122498952,0,920252,0,216932,5773752,134360,5136416,82572,637336,1048576,1048576,0,0,24596,0,6120392,514696,200108,101936,792600,101936,690664,27312,45456,0,0,0,65946116,9164124,34359738367,523172,0,82560,0,1128448,0,0,0,0,0,0,0,0,2048,0,509200,42385408,93323264
1744061869.001831,600003,21131156,0,131892232,122706208,122498140,0,920252,0,217052,5774436,134480,5137100,82572,637336,1048576,1048576,0,0,24596,0,6121200,514696,200108,101936,792600,101936,690664,27312,45456,0,0,0,65946116,9164124,34359738367,523172,0,82560,0,1128448,0,0,0,0,0,0,0,0,2048,0,509200,42385408,93323264
1744061870.002327,600003,21131156,0,131892232,122704632,122496576,0,920272,0,217640,5775444,135048,5138100,82592,637344,1048576,1048576,0,0,24616,0,6122756,514696,200108,101936,792608,101936,690672,27312,45456,0,0,0,65946116,9164124,34359738367,523172,0,82560,0,1128448,0,0,0,0,0,0,0,0,2048,0,509200,42385408,93323264
1744061871.001382,600003,21131156,0,131892232,122703960,122496024,0,920532,0,218648,5775036,136056,5137456,82592,637580,1048576,1048576,0,0,24876,0,6123016,514696,200108,101936,792792,101936,690856,27312,45456,0,0,0,65946116,9164124,34359738367,523172,0,82560,0,1128448,0,0,0,0,0,0,0,0,2048,0,509200,42385408,93323264
1744061872.001765,600003,21131156,0,131892232,122702464,122494552,0,920536,0,219808,5775496,137164,5137920,82644,637576,1048576,1048576,0,0,24880,0,6124664,514696,200108,101936,792664,101936,690728,27312,45460,0,0,0,65946116,9164124,34359738367,523172,0,82560,0,1128448,0,0,0,0,0,0,0,0,2048,0,509200,42385408,93323264
1744061873.002195,600003,21131156,0,131892232,122701820,122493908,0,920548,0,219808,5776216,137164,5138640,82644,637576,1048576,1048576,0,0,23380,504,6125336,514696,200108,101936,792664,101936,690728,27312,45460,0,0,0,65946116,9164124,34359738367,523172,0,82560,0,1128448,0,0,0,0,0,0,0,0,2048,0,509200,42385408,93323264
1744061874.001511,600003,21131156,0,131892232,122700712,122492820,0,920548,0,219940,5777164,137296,5139548,82644,637616,1048576,1048576,0,0,23324,0,6126468,514696,200108,101936,792680,101936,690744,27312,45460,0,0,0,65946116,9164124,34359738367,523172,0,82560,0,1128448,0,0,0,0,0,0,0,0,2048,0,509200,42385408,93323264
1744061875.001913,600003,21131156,0,131892232,122698940,122491056,0,920556,0,220196,5778588,137552,5140956,82644,637632,1048576,1048576,0,0,23344,0,6128240,514696,200108,101936,792688,101936,690752,27312,45460,0,0,0,65946116,9164124,34359738367,523172,0,82560,0,1128448,0,0,0,0,0,0,0,0,2048,0,509200,42385408,93323264
1744061876.001229,600003,21131156,0,131892232,122698664,122490780,0,920556,0,220196,5778888,137552,5141256,82644,637632,1048576,1048576,0,0,23344,0,6128504,514696,200108,101936,792688,101936,690752,27312,45460,0,0,0,65946116,9164124,34359738367,523172,0,82560,0,1128448,0,0,0,0,0,0,0,0,2048,0,509200,42385408,93323264
1744061877.001633,600003,21131156,0,131892232,122696956,122489072,0,920568,0,220608,5780156,137948,5142540,82660,637616,1048576,1048576,0,0,23356,0,6130208,514696,200108,101936,792688,101936,690752,27312,45460,0,0,0,65946116,9164124,34359738367,523172,0,82560,0,1128448,0,0,0,0,0,0,0,0,2048,0,509200,42385408,93323264
1744061878.002067,600003,21131156,0,131892232,122695964,122488172,0,920804,0,220608,5781184,137948,5143384,82660,637800,1048576,1048576,0,0,23588,0,6130452,514700,200112,101936,792728,101936,690792,27312,45460,0,0,0,65946116,9164124,34359738367,523172,0,82560,0,1128448,0,0,0,0,0,0,0,0,2048,0,509200,42385408,93323264
1744061879.001514,600003,21131156,0,131892232,122694692,122486940,0,920836,0,221188,5781992,138520,5144116,82668,637876,1048576,1048576,0,0,1172,0,6132196,514700,200112,101936,792712,101936,690776,27312,45468,0,0,0,65946116,9164124,34359738367,523172,0,82560,0,1128448,0,0,0,0,0,0,0,0,2048,0,509200,42385408,93323264
1744061880.013583,600003,21131156,0,131892232,122694412,122486712,0,920940,0,222196,5781908,139528,5143928,82668,637980,1048576,1048576,0,0,1180,0,6132396,514704,200112,101936,792712,101936,690776,27312,45468,0,0,0,65946116,9164124,34359738367,523172,0,82560,0,1128448,0,0,0,0,0,0,0,0,2048,0,509200,42385408,93323264
1744061881.002078,600003,21131156,0,131892232,122692732,122485032,0,920948,0,222480,5782620,139812,5144640,82668,637980,1048576,1048576,0,0,1188,0,6134032,514704,200112,101936,792712,101936,690776,27312,45468,0,0,0,65946116,9167072,34359738367,523172,0,82560,0,1128448,0,0,0,0,0,0,0,0,2048,0,509200,42385408,93323264
1744061882.001190,600003,21131156,0,131892232,122638328,122454652,0,969316,0,225356,5830304,140212,5146752,85144,683552,1048576,1048576,0,0,45980,0,6136100,514704,200112,101936,796520,101936,694584,27312,45484,0,0,0,65946116,9175968,34359738367,523172,0,82560,0,1128448,0,0,0,0,0,0,0,0,2048,0,509200,42385408,93323264
1744061883.001692,600003,21131156,0,131892232,122637936,122454328,0,969320,0,225776,5830244,140384,5146808,85392,683436,1048576,1048576,0,0,45984,0,6136520,514704,200112,101936,796520,101936,694584,27312,45484,0,0,0,65946116,9175968,34359738367,523172,0,82560,0,1128448,0,0,0,0,0,0,0,0,2048,0,509200,42385408,93323264
1744061884.002207,600003,21131156,0,131892232,122619708,122436152,0,969332,0,226432,5847768,141040,5164228,85392,683540,1048576,1048576,0,0,45776,0,6154676,514704,200112,101936,796520,101936,694584,27312,45516,0,0,0,65946116,9192556,34359738367,523172,0,82560,0,1128448,0,0,0,0,0,0,0,0,2048,0,509200,42385408,93323264
1744061885.001310,600003,21131156,0,131892232,122619140,122435700,0,969592,0,226672,5848068,141280,5164296,85392,683772,1048576,1048576,0,0,46036,0,6155000,514704,200112,101936,796536,101936,694600,27312,45516,0,0,0,65946116,9192556,34359738367,523172,0,82560,0,1128448,0,0,0,0,0,0,0,0,2048,0,509200,42385408,93323264
1744061886.001783,600003,21131156,0,131892232,122617656,122434216,0,969596,0,226964,5849084,141544,5165340,85420,683744,1048576,1048576,0,0,46040,0,6156456,514704,200112,101936,796536,101936,694600,27312,45544,0,0,0,65946116,9209676,34359738367,523172,0,82560,0,1128448,0,0,0,0,0,0,0,0,2048,0,509200,42385408,93323264
1744061887.002281,600003,21131156,0,131892232,122617068,122433628,0,969604,0,226964,5849924,141544,5166176,85420,683748,1048576,1048576,0,0,46052,0,6157036,514704,200112,101936,796536,101936,694600,27312,45544,0,0,0,65946116,9209676,34359738367,523172,0,82560,0,1128448,0,0,0,0,0,0,0,0,2048,0,509200,42385408,93323264
1744061888.001393,600003,21131156,0,131892232,122615884,122432464,0,969612,0,227048,5850936,141628,5167152,85420,683784,1048576,1048576,0,0,46060,0,6158248,514704,200112,101936,796544,101936,694608,27312,45544,0,0,0,65946116,9209676,34359738367,523172,0,82560,0,1128448,0,0,0,0,0,0,0,0,2048,0,509200,42385408,93323264
1744061889.001857,600003,21131156,0,131892232,122615576,122432172,0,969616,0,227048,5851236,141628,5167420,85420,683816,1048576,1048576,0,0,45844,0,6158512,514704,200112,101936,796544,101936,694608,27312,45544,0,0,0,65946116,9209676,34359738367,523172,0,82560,0,1128448,0,0,0,0,0,0,0,0,2048,0,509200,42385408,93323264
1744061890.001502,600003,21131156,0,131892232,122614112,122430708,0,969620,0,227348,5852376,141928,5168560,85420,683816,1048576,1048576,0,0,45848,0,6159972,514704,200112,101936,796552,101936,694616,27312,45544,0,0,0,65946116,9209676,34359738367,523172,0,82560,0,1128448,0,0,0,0,0,0,0,0,2048,0,509200,42385408,93323264
1744061891.001405,600003,21131156,0,131892232,122611844,122428440,0,969628,0,228356,5854128,142936,5170312,85420,683816,1048576,1048576,0,0,45856,0,6162216,514704,200112,101936,796552,101936,694616,27312,45544,0,0,0,65946116,9221240,34359738367,523172,0,82560,0,1128448,0,0,0,0,0,0,0,0,2048,0,509200,42385408,93323264
1744061892.001702,600003,21131156,0,131892232,122610204,122426804,0,969636,0,229260,5854460,143816,5170660,85444,683800,1048576,1048576,0,0,45864,0,6163860,514704,200112,101936,796568,101936,694632,27312,45552,0,0,0,65946116,9221240,34359738367,523172,0,82560,0,1128448,0,0,0,0,0,0,0,0,2048,0,509200,42385408,93323264
1744061893.002110,600003,21131156,0,131892232,122608696,122425444,0,969900,0,230296,5855044,144844,5170956,85452,684088,1048576,1048576,0,0,46128,0,6165060,514704,200112,101936,796592,101936,694656,27312,45552,0,0,0,65946116,9221240,34359738367,523172,0,82560,0,1128448,0,0,0,0,0,0,0,0,2048,0,509200,42385408,93323264
1744061894.001444,600003,21131156,0,131892232,122608192,122424948,0,969908,0,231180,5854520,145684,5170456,85496,684064,1048576,1048576,0,0,272,3456,6165548,514704,200112,101936,796592,101936,694656,27312,45552,0,0,0,65946116,9221240,34359738367,523172,0,82560,0,1128448,0,0,0,0,0,0,0,0,2048,0,509200,42385408,93323264
1744061895.001866,600003,21131156,0,131892232,122606748,122423504,0,969916,0,231360,5855732,145808,5171724,85552,684008,1048576,1048576,0,0,24,0,6166912,514704,200112,101936,796664,101936,694728,27312,45552,0,0,0,65946116,9221240,34359738367,523172,0,82560,0,1128448,0,0,0,0,0,0,0,0,2048,0,509200,42385408,93323264
1744061896.002154,600003,21131156,0,131892232,122606468,122423232,0,969920,0,231532,5855920,145980,5171896,85552,684024,1048576,1048576,0,0,28,0,6167188,514704,200112,101936,796664,101936,694728,27312,45552,0,0,0,65946116,9221240,34359738367,523172,0,82560,0,1128448,0,0,0,0,0,0,0,0,2048,0,509200,42385408,93323264
1744061897.001588,600003,21131156,0,131892232,122604856,122421620,0,969924,0,232284,5856608,146732,5172584,85552,684024,1048576,1048576,0,0,32,0,6168784,514704,200112,101936,796680,101936,694744,27312,45552,0,0,0,65946116,9221240,34359738367,523172,0,82560,0,1128448,0,0,0,0,0,0,0,0,2048,0,509200,42385408,93323264
1744061898.001886,600003,21131156,0,131892232,122604744,122421508,0,969928,0,232284,5856788,146732,5172764,85552,684024,1048576,1048576,0,0,36,0,6168924,514704,200112,101936,796680,101936,694744,27312,45552,0,0,0,65946116,9221240,34359738367,523172,0,82560,0,1128448,0,0,0,0,0,0,0,0,2048,0,509200,42385408,93323264
1744061899.001300,600003,21131156,0,131892232,122603252,122420024,0,969940,0,232608,5857964,147036,5173948,85572,684016,1048576,1048576,0,0,48,0,6170396,514704,200112,101936,796688,101936,694752,27312,45552,0,0,0,65946116,9221240,34359738367,523172,0,82560,0,1128448,0,0,0,0,0,0,0,0,2048,0,509200,42385408,93323264
1744061900.012908,600003,21131156,0,131892232,122549196,122387796,0,1014888,0,234068,5900612,147492,5173944,86576,726668,1048576,1048576,0,0,10464,504,6170120,514704,200112,101936,798416,101936,696480,27312,45552,0,0,0,65946116,9220228,34359738367,523172,0,82560,0,1128448,0,0,0,0,0,0,0,0,2048,0,509200,42385408,93323264
1744061901.001400,600003,21131156,0,131892232,122549672,122390568,0,1018532,0,236248,5904160,147992,5174580,88256,729580,1048576,1048576,0,0,12312,0,6171724,514704,200112,101936,800400,101936,698464,27312,45548,0,0,0,65946116,9220228,34359738367,523172,0,82560,0,1128448,0,0,0,0,0,0,0,0,2048,0,509200,42385408,93323264
1744061902.001520,600003,21131156,0,131892232,122549392,122390312,0,1018532,0,236248,5904460,147992,5174828,88256,729632,1048576,1048576,0,0,12312,0,6171964,514704,200112,101936,800400,101936,698464,27312,45548,0,0,0,65946116,9220228,34359738367,523172,0,82560,0,1128448,0,0,0,0,0,0,0,0,2048,0,509200,42385408,93323264
1744061903.002033,600003,21131156,0,131892232,122548048,122388988,0,1018548,0,236368,5905688,148096,5176032,88272,729656,1048576,1048576,0,0,12332,0,6173332,514704,200112,101936,800400,101936,698464,27312,45548,0,0,0,65946116,9220228,34359738367,523172,0,82560,0,1128448,0,0,0,0,0,0,0,0,2048,0,509200,42385408,93323264
1744061904.001527,600003,21131156,0,131892232,122547776,122388716,0,1018552,0,236368,5905928,148096,5176272,88272,729656,1048576,1048576,0,0,12336,0,6173572,514704,200112,101936,800400,101936,698464,27312,45548,0,0,0,65946116,9220228,34359738367,523172,0,82560,0,1128448,0,0,0,0,0,0,0,0,2048,0,509200,42385408,93323264
1744061905.001656,600003,21131156,0,131892232,122546404,122387344,0,1018556,0,236480,5907256,148136,5177672,88344,729584,1048576,1048576,0,0,12340,0,6174960,514704,200112,101936,800400,101936,698464,27312,45552,0,0,0,65946116,9220228,34359738367,523172,0,82560,0,1128448,0,0,0,0,0,0,0,0,2048,0,509200,42385408,93323264
1744061906.002133,600003,21131156,0,131892232,122545676,122386616,0,1018560,0,236480,5907796,148136,5178212,88344,729584,1048576,1048576,0,0,12344,0,6175656,514704,200112,101936,800400,101936,698464,27312,45552,0,0,0,65946116,9220228,34359738367,523172,0,82560,0,1128448,0,0,0,0,0,0,0,0,2048,0,509200,42385408,93323264
1744061907.001653,600003,21131156,0,131892232,122544920,122385868,0,1018564,0,236704,5908592,148360,5178992,88344,729600,1048576,1048576,0,0,12348,0,6176480,514704,200112,101936,800400,101936,698464,27312,45552,0,0,0,65946116,9220228,34359738367,523172,0,82560,0,1128448,0,0,0,0,0,0,0,0,2048,0,509200,42385408,93323264
1744061908.001733,600003,21131156,0,131892232,122543616,122384728,0,1018872,0,237048,5909448,148676,5179552,88372,729896,1048576,1048576,0,0,12616,0,6177420,514744,200152,101936,800416,101936,698480,27312,45552,0,0,0,65946116,9220228,34359738367,523172,0,82560,0,1128448,0,0,0,0,0,0,0,0,2048,0,509200,42385408,93323264
1744061909.002176,600003,21131156,0,131892232,122543000,122384136,0,1018872,0,237296,5909800,148924,5179856,88372,729944,1048576,1048576,0,0,12616,0,6178056,514744,200152,101936,800416,101936,698480,27312,45552,0,0,0,65946116,9220228,34359738367,523172,0,82560,0,1128448,0,0,0,0,0,0,0,0,2048,0,509200,42385408,93323264
1744061910.001666,600003,21131156,0,131892232,122540256,122381444,0,1018880,0,238304,5911564,149932,5181512,88372,730052,1048576,1048576,0,0,12624,0,6180780,514744,200152,101936,800416,101936,698480,27312,45552,0,0,0,65946116,9220228,34359738367,523172,0,82560,0,1128448,0,0,0,0,0,0,0,0,2048,0,509200,42385408,93323264
1744061911.002170,600003,21131156,0,131892232,122539808,122381012,0,1018892,0,239156,5911360,150764,5181296,88392,730064,1048576,1048576,0,0,12636,0,6181216,514744,200152,101936,800416,101936,698480,27312,45560,0,0,0,65946116,9220228,34359738367,523172,0,82560,0,1128448,0,0,0,0,0,0,0,0,2048,0,509200,42385408,93323264
1744061912.001489,600003,21131156,0,131892232,122538464,122379668,0,1018900,0,239692,5912024,151300,5181960,88392,730064,1048576,1048576,0,0,12644,0,6182552,514744,200152,101936,800416,101936,698480,27312,45560,0,0,0,65946116,9220228,34359738367,523172,0,82560,0,1128448,0,0,0,0,0,0,0,0,2048,0,509200,42385408,93323264
1744061913.001827,600003,21131156,0,131892232,122538212,122379416,0,1018904,0,240592,5911424,152168,5181392,88424,730032,1048576,1048576,0,0,12648,0,6182808,514744,200152,101936,800416,101936,698480,27312,45560,0,0,0,65946116,9220228,34359738367,523172,0,82560,0,1128448,0,0,0,0,0,0,0,0,2048,0,509200,42385408,93323264
1744061914.002123,600003,21131156,0,131892232,122536672,122377876,0,1018912,0,240828,5912532,152392,5182512,88436,730020,1048576,1048576,0,0,12656,0,6184288,514744,200152,101936,800416,101936,698480,27312,45568,0,0,0,65946116,9226956,34359738367,523172,0,82560,0,1128448,0,0,0,0,0,0,0,0,2048,0,509200,42385408,93323264
1744061915.001521,600003,21131156,0,131892232,122536504,122377716,0,1018924,0,240828,5912652,152392,5182620,88436,730032,1048576,1048576,0,0,12668,0,6184460,514744,200152,101936,800416,101936,698480,27312,45568,0,0,0,65946116,9226956,34359738367,523172,0,82560,0,1128448,0,0,0,0,0,0,0,0,2048,0,509200,42385408,93323264
1744061916.001795,600003,21131156,0,131892232,122540980,122382328,0,1019188,0,241236,5907856,152796,5177552,88440,730304,1048576,1048576,0,0,12924,0,6179632,514752,200160,101936,800448,101936,698512,27312,45568,0,0,0,65946116,9225804,34359738367,523172,0,82560,0,1128448,0,0,0,0,0,0,0,0,2048,0,509200,42385408,93323264
1744061917.002166,600003,21131156,0,131892232,122540840,122382188,0,1019188,0,241296,5907916,152856,5177612,88440,730304,1048576,1048576,0,0,12924,0,6179784,514752,200160,101936,800448,101936,698512,27312,45568,0,0,0,65946116,9225804,34359738367,523172,0,82560,0,1128448,0,0,0,0,0,0,0,0,2048,0,509200,42385408,93323264
1744061918.001517,600003,21131156,0,131892232,122539244,122380600,0,1019196,0,242108,5908732,153656,5178428,88452,730304,1048576,1048576,0,0,12932,0,6181456,514752,200160,101936,800448,101936,698512,27312,45568,0,0,0,65946116,9225804,34359738367,523172,0,82560,0,1128448,0,0,0,0,0,0,0,0,2048,0,509200,42385408,93323264
1744061919.001915,600003,21131156,0,131892232,122488976,122351560,0,1063412,0,242632,5952212,153744,5179888,88888,772324,1048576,1048576,0,0,19980,1024,6182712,514752,200160,101936,801616,101936,699680,27312,45568,0,0,0,65946116,9233400,34359738367,523172,0,82560,0,1128448,0,0,0,0,0,0,0,0,2048,0,509200,42385408,93323264
1744061920.013412,600003,21131156,0,131892232,122484480,122349904,0,1067540,0,244772,5956976,153856,5181000,90916,775976,1048576,1048576,0,0,23388,0,6183928,514752,200160,101936,804224,101936,702288,27312,45572,0,0,0,65946116,9233400,34359738367,523172,0,82560,0,1128448,0,0,0,0,0,0,0,0,2048,0,509200,42385408,93323264
1744061921.001976,600003,21131156,0,131892232,122484332,122349792,0,1067540,0,244772,5957096,153856,5181048,90916,776048,1048576,1048576,0,0,23388,0,6184028,514752,200160,101936,804232,101936,702296,27312,45572,0,0,0,65946116,9233400,34359738367,523172,0,82560,0,1128448,0,0,0,0,0,0,0,0,2048,0,509200,42385408,93323264
1744061922.002072,600003,21131156,0,131892232,122482848,122348364,0,1067552,0,244948,5958540,153980,5182428,90968,776112,1048576,1048576,0,0,23400,0,6185548,514752,200160,101936,804232,101936,702296,27312,45572,0,0,0,65946116,9233400,34359738367,523172,0,82560,0,1128448,0,0,0,0,0,0,0,0,2048,0,509200,42385408,93323264
1744061923.001568,600003,21131156,0,131892232,122482524,122348048,0,1067564,0,244948,5958780,153980,5182652,90968,776128,1048576,1048576,0,0,23408,0,6185724,514756,200164,101936,804360,101936,702424,27312,45572,0,0,0,65946116,9233400,34359738367,523172,0,82560,0,1128448,0,0,0,0,0,0,0,0,2048,0,509200,42385408,93323264
1744061924.002105,600003,21131156,0,131892232,122481040,122346680,0,1067868,0,244948,5960220,153980,5183860,90968,776360,1048576,1048576,0,0,23660,0,6187008,514808,200216,101936,804248,101936,702312,27312,45572,0,0,0,65946116,9233400,34359738367,523172,0,82560,0,1128448,0,0,0,0,0,0,0,0,2048,0,509200,42385408,93323264
1744061925.001208,600003,21131156,0,131892232,122480760,122346432,0,1067872,0,245008,5960400,153988,5184032,91020,776368,1048576,1048576,0,0,23120,0,6187292,514808,200216,101936,804248,101936,702312,27312,45572,0,0,0,65946116,9233400,34359738367,523172,0,82560,0,1128448,0,0,0,0,0,0,0,0,2048,0,509200,42385408,93323264
1744061926.001708,600003,21131156,0,131892232,122479360,122345040,0,1067880,0,245008,5961928,153988,5185540,91020,776388,1048576,1048576,0,0,23136,0,6188712,514808,200216,101936,804248,101936,702312,27312,45572,0,0,0,65946116,9233400,34359738367,523172,0,82560,0,1128448,0,0,0,0,0,0,0,0,2048,0,509200,42385408,93323264
1744061927.002236,600003,21131156,0,131892232,122479240,122344932,0,1067880,0,245116,5962000,154064,5185620,91052,776380,1048576,1048576,0,0,23136,0,6188856,514808,200216,101936,804256,101936,702320,27312,45572,0,0,0,65946116,9233400,34359738367,523172,0,82560,0,1128448,0,0,0,0,0,0,0,0,2048,0,509200,42385408,93323264
1744061928.001333,600003,21131156,0,131892232,122477552,122343244,0,1067888,0,245176,5963500,154084,5187160,91092,776340,1048576,1048576,0,0,23144,0,6190476,514808,200216,101936,804264,101936,702328,27312,45572,0,0,0,65946116,9233400,34359738367,523172,0,82560,0,1128448,0,0,0,0,0,0,0,0,2048,0,509200,42385408,93323264
1744061929.001848,600003,21131156,0,131892232,122477468,122343160,0,1067896,0,245176,5963500,154084,5187160,91092,776340,1048576,1048576,0,0,23152,0,6190576,514808,200216,101936,804264,101936,702328,27312,45572,0,0,0,65946116,9233400,34359738367,523172,0,82560,0,1128448,0,0,0,0,0,0,0,0,2048,0,509200,42385408,93323264
1744061930.001385,600003,21131156,0,131892232,122475852,122341560,0,1067908,0,245188,5965048,154096,5188676,91092,776372,1048576,1048576,0,0,8,0,6192084,514808,200216,101936,804312,101936,702376,27312,45576,0,0,0,65946116,9233400,34359738367,523172,0,82560,0,1128448,0,0,0,0,0,0,0,0,2048,0,509200,42385408,93323264
1744061931.001429,600003,21131156,0,131892232,122475416,122341124,0,1067916,0,245188,5965324,154096,5188952,91092,776372,1048576,1048576,0,0,28,0,6192392,514808,200216,101936,804440,101936,702504,27312,45576,0,0,0,65946116,9233400,34359738367,523172,0,82560,0,1128448,0,0,0,0,0,0,0,0,2048,0,509200,42385408,93323264
1744061932.001726,600003,21131156,0,131892232,122475544,122341252,0,1067928,0,245188,5965324,154096,5188952,91092,776372,1048576,1048576,0,0,36,0,6192392,514812,200220,101936,804312,101936,702376,27312,45576,0,0,0,65946116,9233400,34359738367,523172,0,82560,0,1128448,0,0,0,0,0,0,0,0,2048,0,509200,42385408,93323264
1744061933.002039,600003,21131156,0,131892232,122475572,122341280,0,1067928,0,245188,5965324,154096,5188952,91092,776372,1048576,1048576,0,0,36,0,6192392,514812,200220,101936,804312,101936,702376,27312,45576,0,0,0,65946116,9233400,34359738367,523172,0,82560,0,1128448,0,0,0,0,0,0,0,0,2048,0,509200,42385408,93323264
1744061934.001328,600003,21131156,0,131892232,122459444,122325152,0,1067940,0,245188,5981452,154096,5205080,91092,776372,1048576,1048576,0,0,48,0,6208520,514812,200220,101936,804312,101936,702376,27312,45576,0,0,0,65946116,9253216,34359738367,523172,0,82560,0,1128448,0,0,0,0,0,0,0,0,2048,0,509200,42385408,93323264
1744061935.001756,600003,21131156,0,131892232,122455484,122321300,0,1068188,0,246216,5984276,155024,5207792,91192,776484,1048576,1048576,0,0,292,0,6212140,514816,200224,101936,804328,101936,702392,27312,45612,0,0,0,65946116,9253216,34359738367,523172,0,82560,0,1128448,0,0,0,0,0,0,0,0,2048,0,509200,42385408,93323264
1744061936.002105,600003,21131156,0,131892232,122455404,122321220,0,1068188,0,246216,5984396,155024,5207912,91192,776484,1048576,1048576,0,0,292,0,6212276,514816,200224,101936,804296,101936,702360,27312,45612,0,0,0,65946116,9253216,34359738367,523172,0,82560,0,1128448,0,0,0,0,0,0,0,0,2048,0,509200,42385408,93323264
1744061937.001522,600003,21131156,0,131892232,122453908,122319724,0,1068196,0,247812,5984360,156572,5207924,91240,776436,1048576,1048576,0,0,300,0,6213852,514816,200224,101936,804280,101936,702344,27312,45612,0,0,0,65946116,9253216,34359738367,523172,0,82560,0,1128448,0,0,0,0,0,0,0,0,2048,0,509200,42385408,93323264
1744061938.001866,600003,21131156,0,131892232,122453824,122319640,0,1068196,0,247812,5984600,156572,5208164,91240,776436,1048576,1048576,0,0,300,0,6213972,514816,200224,101936,804280,101936,702344,27312,45612,0,0,0,65946116,9253216,34359738367,523172,0,82560,0,1128448,0,0,0,0,0,0,0,0,2048,0,509200,42385408,93323264
1744061939.001289,600003,21131156,0,131892232,122452220,122318036,0,1068204,0,247908,5985944,156668,5209508,91240,776436,1048576,1048576,0,0,308,0,6215572,514816,200224,101936,804288,101936,702352,27312,45612,0,0,0,65946116,9253216,34359738367,523172,0,82560,0,1128448,0,0,0,0,0,0,0,0,2048,0,509200,42385408,93323264
1744061940.013297,600003,21131156,0,131892232,122452024,122317856,0,1068216,0,247908,5986184,156668,5209712,91240,776472,1048576,1048576,0,0,324,0,6215744,514816,200224,101936,804288,101936,702352,27312,45612,0,0,0,65946116,9253216,34359738367,523172,0,82560,0,1128448,0,0,0,0,0,0,0,0,2048,0,509200,42385408,93323264
1744061941.001835,600003,21131156,0,131892232,122450432,122316264,0,1068224,0,247952,5987580,156712,5211108,91240,776472,1048576,1048576,0,0,4,0,6217276,514816,200224,101936,804312,101936,702376,27312,45612,0,0,0,65946116,9253216,34359738367,523172,0,82560,0,1128448,0,0,0,0,0,0,0,0,2048,0,509200,42385408,93323264
1744061942.001917,600003,21131156,0,131892232,123099672,122988272,0,1114888,0,246552,5329460,153828,4508940,92724,820520,1048576,1048576,0,0,42756,16,5511320,515352,200248,101936,806184,101936,704248,27312,45204,0,0,0,65946116,8469352,34359738367,523172,0,82560,0,1128448,0,0,0,0,0,0,0,0,2048,0,509200,42385408,93323264
1744061943.001370,600003,21131156,0,131892232,123127948,123018632,0,1118060,0,249512,5305296,155312,4482084,94200,823212,1048576,1048576,0,0,46376,0,5485988,515828,200288,101936,807920,101936,705984,27328,43968,0,0,0,65946116,8444752,34359738367,523172,0,82560,0,1128448,0,0,0,0,0,0,0,0,2048,0,509200,42385408,93323264
1744061944.001802,600003,21131156,0,131892232,123127940,123018624,0,1118060,0,249512,5305296,155312,4482084,94200,823212,1048576,1048576,0,0,46376,0,5486000,515828,200288,101936,807928,101936,705992,27328,43968,0,0,0,65946116,8444752,34359738367,523172,0,82560,0,1128448,0,0,0,0,0,0,0,0,2048,0,509200,42385408,93323264
1744061945.001871,600003,21131156,0,131892232,123127932,123018616,0,1118060,0,249512,5305296,155312,4482084,94200,823212,1048576,1048576,0,0,46376,0,5486000,515828,200288,101936,807936,101936,706000,27328,43968,0,0,0,65946116,8444752,34359738367,523172,0,82560,0,1128448,0,0,0,0,0,0,0,0,2048,0,509200,42385408,93323264
1744061946.000555,600003,21131156,0,131892232,123126744,123018020,0,1119356,0,249512,5306500,155312,4482100,94200,824400,1048576,1048576,0,0,0,3416,5486028,516712,200288,101936,807972,101936,706036,27328,44032,0,0,0,65946116,8444752,34359738367,523172,0,82560,0,1128448,0,0,0,0,0,0,0,0,2048,0,509200,42385408,93323264
1744061947.001955,600003,21131156,0,131892232,123126800,123018076,0,1119356,0,249512,5306500,155312,4482100,94200,824400,1048576,1048576,0,0,0,0,5486032,516712,200288,101936,807972,101936,706036,27328,44032,0,0,0,65946116,8444752,34359738367,523172,0,82560,0,1128448,0,0,0,0,0,0,0,0,2048,0,509200,42385408,93323264
1744061948.002002,600003,21131156,0,131892232,123126800,123018076,0,1119356,0,249512,5306512,155312,4482112,94200,824400,1048576,1048576,0,0,0,0,5486032,516712,200288,101936,807972,101936,706036,27328,44032,0,0,0,65946116,8444752,34359738367,523172,0,82560,0,1128448,0,0,0,0,0,0,0,0,2048,0,509200,42385408,93323264
1744061949.001315,600003,21131156,0,131892232,123126828,123018104,0,1119356,0,249512,5306512,155312,4482112,94200,824400,1048576,1048576,0,0,0,0,5486032,516712,200288,101936,807972,101936,706036,27328,44032,0,0,0,65946116,8444752,34359738367,523172,0,82560,0,1128448,0,0,0,0,0,0,0,0,2048,0,509200,42385408,93323264
1744061950.001706,600003,21131156,0,131892232,123126828,123018104,0,1119356,0,249512,5306512,155312,4482112,94200,824400,1048576,1048576,0,0,0,0,5486032,516712,200288,101936,807972,101936,706036,27328,44032,0,0,0,65946116,8444752,34359738367,523172,0,82560,0,1128448,0,0,0,0,0,0,0,0,2048,0,509200,42385408,93323264
1744061951.001848,600003,21131156,0,131892232,123126828,123018104,0,1119356,0,249512,5306512,155312,4482112,94200,824400,1048576,1048576,0,0,0,0,5486032,516712,200288,101936,807972,101936,706036,27328,44032,0,0,0,65946116,8444752,34359738367,523172,0,82560,0,1128448,0,0,0,0,0,0,0,0,2048,0,509200,42385408,93323264
1744061952.002034,600003,21131156,0,131892232,123126828,123018104,0,1119356,0,249512,5306512,155312,4482112,94200,824400,1048576,1048576,0,0,0,0,5486032,516712,200288,101936,807972,101936,706036,27328,44032,0,0,0,65946116,8444752,34359738367,523172,0,82560,0,1128448,0,0,0,0,0,0,0,0,2048,0,509200,42385408,93323264
1744061953.001340,600003,21131156,0,131892232,123126820,123018096,0,1119356,0,249512,5306524,155312,4482124,94200,824400,1048576,1048576,0,0,0,0,5486032,516712,200288,101936,807980,101936,706044,27312,44032,0,0,0,65946116,8444752,34359738367,523156,0,82560,0,1128448,0,0,0,0,0,0,0,0,2048,0,509200,42385408,93323264
1744061954.001531,600003,21131156,0,131892232,123126820,123018096,0,1119356,0,249512,5306524,155312,4482124,94200,824400,1048576,1048576,0,0,0,0,5486032,516712,200288,101936,807980,101936,706044,27312,44032,0,0,0,65946116,8444752,34359738367,523156,0,82560,0,1128448,0,0,0,0,0,0,0,0,2048,0,509200,42385408,93323264
1744061955.001831,600003,21131156,0,131892232,123126820,123018096,0,1119356,0,249512,5306524,155312,4482124,94200,824400,1048576,1048576,0,0,0,0,5486032,516712,200288,101936,807980,101936,706044,27312,44032,0,0,0,65946116,8444752,34359738367,523156,0,82560,0,1128448,0,0,0,0,0,0,0,0,2048,0,509200,42385408,93323264
1744061956.001990,600003,21131156,0,131892232,123126820,123018096,0,1119356,0,249512,5306524,155312,4482124,94200,824400,1048576,1048576,0,0,0,0,5486032,516712,200288,101936,807980,101936,706044,27312,44032,0,0,0,65946116,8444752,34359738367,523156,0,82560,0,1128448,0,0,0,0,0,0,0,0,2048,0,509200,42385408,93323264
1744061957.001287,600003,21131156,0,131892232,123126820,123018096,0,1119356,0,249512,5306524,155312,4482124,94200,824400,1048576,1048576,0,0,0,0,5486032,516712,200288,101936,807980,101936,706044,27312,44032,0,0,0,65946116,8444752,34359738367,523156,0,82560,0,1128448,0,0,0,0,0,0,0,0,2048,0,509200,42385408,93323264
1744061958.001478,600003,21131156,0,131892232,123126820,123018096,0,1119356,0,249512,5306524,155312,4482124,94200,824400,1048576,1048576,0,0,0,0,5486032,516712,200288,101936,807980,101936,706044,27312,44032,0,0,0,65946116,8444752,34359738367,523156,0,82560,0,1128448,0,0,0,0,0,0,0,0,2048,0,509200,42385408,93323264
1744061959.001776,600003,21131156,0,131892232,123126820,123018096,0,1119356,0,249512,5306524,155312,4482124,94200,824400,1048576,1048576,0,0,0,0,5486032,516712,200288,101936,807980,101936,706044,27312,44032,0,0,0,65946116,8444752,34359738367,523156,0,82560,0,1128448,0,0,0,0,0,0,0,0,2048,0,509200,42385408,93323264
1744061960.013470,600003,21131156,0,131892232,123126820,123018096,0,1119356,0,249512,5306524,155312,4482124,94200,824400,1048576,1048576,0,0,0,0,5486032,516712,200288,101936,807980,101936,706044,27312,44032,0,0,0,65946116,8444752,34359738367,523156,0,82560,0,1128448,0,0,0,0,0,0,0,0,2048,0,509200,42385408,93323264
1744061961.001824,600003,21131156,0,131892232,123126820,123018096,0,1119356,0,249512,5306524,155312,4482124,94200,824400,1048576,1048576,0,0,0,0,5486032,516712,200288,101936,807980,101936,706044,27312,44032,0,0,0,65946116,8444752,34359738367,523156,0,82560,0,1128448,0,0,0,0,0,0,0,0,2048,0,509200,42385408,93323264
1744061962.001869,600003,21131156,0,131892232,123126820,123018096,0,1119356,0,249512,5306524,155312,4482124,94200,824400,1048576,1048576,0,0,0,0,5486032,516712,200288,101936,807980,101936,706044,27312,44032,0,0,0,65946116,8444752,34359738367,523156,0,82560,0,1128448,0,0,0,0,0,0,0,0,2048,0,509200,42385408,93323264
1744061963.001182,600003,21131156,0,131892232,123126820,123018096,0,1119356,0,249512,5306524,155312,4482124,94200,824400,1048576,1048576,0,0,0,0,5486032,516712,200288,101936,807980,101936,706044,27312,44032,0,0,0,65946116,8444752,34359738367,523156,0,82560,0,1128448,0,0,0,0,0,0,0,0,2048,0,509200,42385408,93323264
1744061964.001521,600003,21131156,0,131892232,123126820,123018096,0,1119356,0,249512,5306524,155312,4482124,94200,824400,1048576,1048576,0,0,0,0,5486032,516712,200288,101936,807980,101936,706044,27312,44032,0,0,0,65946116,8444752,34359738367,523156,0,82560,0,1128448,0,0,0,0,0,0,0,0,2048,0,509200,42385408,93323264
1744061965.001568,600003,21131156,0,131892232,123126820,123018096,0,1119356,0,249512,5306524,155312,4482124,94200,824400,1048576,1048576,0,0,0,0,5486032,516712,200288,101936,807980,101936,706044,27312,44032,0,0,0,65946116,8444752,34359738367,523156,0,82560,0,1128448,0,0,0,0,0,0,0,0,2048,0,509200,42385408,93323264
1744061966.001885,600003,21131156,0,131892232,123126788,123018064,0,1119356,0,249512,5306524,155312,4482124,94200,824400,1048576,1048576,0,0,0,0,5486032,516712,200288,101936,808012,101936,706076,27312,44032,0,0,0,65946116,8444752,34359738367,523156,0,82560,0,1128448,0,0,0,0,0,0,0,0,2048,0,509200,42385408,93323264
1744061967.001262,600003,21131156,0,131892232,123126788,123018064,0,1119356,0,249512,5306524,155312,4482124,94200,824400,1048576,1048576,0,0,0,0,5486032,516712,200288,101936,808012,101936,706076,27312,44032,0,0,0,65946116,8444752,34359738367,523156,0,82560,0,1128448,0,0,0,0,0,0,0,0,2048,0,509200,42385408,93323264
1744061968.001308,600003,21131156,0,131892232,123126788,123018064,0,1119356,0,249512,5306524,155312,4482124,94200,824400,1048576,1048576,0,0,0,0,5486032,516712,200288,101936,808012,101936,706076,27312,44032,0,0,0,65946116,8444752,34359738367,523156,0,82560,0,1128448,0,0,0,0,0,0,0,0,2048,0,509200,42385408,93323264
1744061969.001632,600003,21131156,0,131892232,123126780,123018056,0,1119356,0,249512,5306524,155312,4482124,94200,824400,1048576,1048576,0,0,0,0,5486032,516712,200288,101936,808020,101936,706084,27312,44032,0,0,0,65946116,8444752,34359738367,523156,0,82560,0,1128448,0,0,0,0,0,0,0,0,2048,0,509200,42385408,93323264
1744061970.001996,600003,21131156,0,131892232,123126772,123018048,0,1119356,0,249512,5306524,155312,4482124,94200,824400,1048576,1048576,0,0,0,0,5486032,516712,200288,101936,808028,101936,706092,27312,44032,0,0,0,65946116,8444752,34359738367,523156,0,82560,0,1128448,0,0,0,0,0,0,0,0,2048,0,509200,42385408,93323264
1744061971.001938,600003,21131156,0,131892232,123126772,123018048,0,1119356,0,249512,5306524,155312,4482124,94200,824400,1048576,1048576,0,0,0,0,5486032,516712,200288,101936,808028,101936,706092,27312,44032,0,0,0,65946116,8444752,34359738367,523156,0,82560,0,1128448,0,0,0,0,0,0,0,0,2048,0,509200,42385408,93323264
1744061972.001121,600003,21131156,0,131892232,123126772,123018048,0,1119356,0,249512,5306524,155312,4482124,94200,824400,1048576,1048576,0,0,0,0,5486032,516712,200288,101936,808028,101936,706092,27312,44032,0,0,0,65946116,8444752,34359738367,523156,0,82560,0,1128448,0,0,0,0,0,0,0,0,2048,0,509200,42385408,93323264
1744061973.001433,600003,21131156,0,131892232,123126772,123018048,0,1119356,0,249512,5306524,155312,4482124,94200,824400,1048576,1048576,0,0,0,0,5486032,516712,200288,101936,808028,101936,706092,27312,44032,0,0,0,65946116,8444752,34359738367,523156,0,82560,0,1128448,0,0,0,0,0,0,0,0,2048,0,509200,42385408,93323264
1744061974.001575,600003,21131156,0,131892232,123126772,123018048,0,1119356,0,249512,5306524,155312,4482124,94200,824400,1048576,1048576,0,0,0,0,5486032,516712,200288,101936,808028,101936,706092,27312,44032,0,0,0,65946116,8444752,34359738367,523156,0,82560,0,1128448,0,0,0,0,0,0,0,0,2048,0,509200,42385408,93323264
1744061975.001874,600003,21131156,0,131892232,123126772,123018048,0,1119356,0,249512,5306524,155312,4482124,94200,824400,1048576,1048576,0,0,0,0,5486032,516712,200288,101936,808028,101936,706092,27312,44032,0,0,0,65946116,8444752,34359738367,523156,0,82560,0,1128448,0,0,0,0,0,0,0,0,2048,0,509200,42385408,93323264
1744061976.002036,600003,21131156,0,131892232,123126772,123018048,0,1119356,0,249512,5306524,155312,4482124,94200,824400,1048576,1048576,0,0,0,0,5486032,516712,200288,101936,808028,101936,706092,27312,44032,0,0,0,65946116,8444752,34359738367,523156,0,82560,0,1128448,0,0,0,0,0,0,0,0,2048,0,509200,42385408,93323264
1744061977.001331,600003,21131156,0,131892232,123126772,123018048,0,1119356,0,249512,5306524,155312,4482124,94200,824400,1048576,1048576,0,0,0,0,5486032,516712,200288,101936,808028,101936,706092,27312,44032,0,0,0,65946116,8444752,34359738367,523156,0,82560,0,1128448,0,0,0,0,0,0,0,0,2048,0,509200,42385408,93323264
1744061978.001491,600003,21131156,0,131892232,123126772,123018060,0,1119356,0,249528,5306528,155324,4482112,94204,824416,1048576,1048576,0,0,0,0,5486032,516712,200288,101936,808028,101936,706092,27312,44032,0,0,0,65946116,8444752,34359738367,523156,0,82560,0,1128448,0,0,0,0,0,0,0,0,2048,0,509200,42385408,93323264
1744061979.001789,600003,21131156,0,131892232,123126772,123018060,0,1119356,0,249528,5306528,155324,4482112,94204,824416,1048576,1048576,0,0,0,0,5486032,516712,200288,101936,808028,101936,706092,27312,44032,0,0,0,65946116,8444752,34359738367,523156,0,82560,0,1128448,0,0,0,0,0,0,0,0,2048,0,509200,42385408,93323264
1744061980.013524,600003,21131156,0,131892232,123126780,123018068,0,1119356,0,249528,5306528,155324,4482112,94204,824416,1048576,1048576,0,0,0,0,5486032,516712,200288,101936,808020,101936,706084,27312,44032,0,0,0,65946116,8444752,34359738367,523156,0,82560,0,1128448,0,0,0,0,0,0,0,0,2048,0,509200,42385408,93323264
1744061981.001881,600003,21131156,0,131892232,123126780,123018068,0,1119356,0,249528,5306528,155324,4482112,94204,824416,1048576,1048576,0,0,0,0,5486032,516712,200288,101936,808020,101936,706084,27312,44032,0,0,0,65946116,8444752,34359738367,523156,0,82560,0,1128448,0,0,0,0,0,0,0,0,2048,0,509200,42385408,93323264
1744061982.001931,600003,21131156,0,131892232,123126780,123018068,0,1119356,0,249528,5306528,155324,4482112,94204,824416,1048576,1048576,0,0,0,0,5486032,516712,200288,101936,808020,101936,706084,27312,44032,0,0,0,65946116,8444752,34359738367,523156,0,82560,0,1128448,0,0,0,0,0,0,0,0,2048,0,509200,42385408,93323264
1744061983.001250,600003,21131156,0,131892232,123126780,123018068,0,1119356,0,249528,5306528,155324,4482112,94204,824416,1048576,1048576,0,0,0,0,5486032,516712,200288,101936,808020,101936,706084,27312,44032,0,0,0,65946116,8444752,34359738367,523156,0,82560,0,1128448,0,0,0,0,0,0,0,0,2048,0,509200,42385408,93323264
1744061984.001622,600003,21131156,0,131892232,123126780,123018068,0,1119356,0,249528,5306528,155324,4482112,94204,824416,1048576,1048576,0,0,0,0,5486032,516712,200288,101936,808020,101936,706084,27312,44032,0,0,0,65946116,8444752,34359738367,523156,0,82560,0,1128448,0,0,0,0,0,0,0,0,2048,0,509200,42385408,93323264
1744061985.001667,600003,21131156,0,131892232,123126780,123018068,0,1119356,0,249528,5306528,155324,4482112,94204,824416,1048576,1048576,0,0,0,0,5486032,516712,200288,101936,808020,101936,706084,27312,44032,0,0,0,65946116,8444752,34359738367,523156,0,82560,0,1128448,0,0,0,0,0,0,0,0,2048,0,509200,42385408,93323264
1744061986.001934,600003,21131156,0,131892232,123126780,123018068,0,1119356,0,249528,5306528,155324,4482112,94204,824416,1048576,1048576,0,0,0,0,5486032,516712,200288,101936,808020,101936,706084,27312,44032,0,0,0,65946116,8444752,34359738367,523156,0,82560,0,1128448,0,0,0,0,0,0,0,0,2048,0,509200,42385408,93323264
1744061987.001304,600003,21131156,0,131892232,123126780,123018068,0,1119356,0,249528,5306528,155324,4482112,94204,824416,1048576,1048576,0,0,0,0,5486032,516712,200288,101936,808020,101936,706084,27312,44032,0,0,0,65946116,8444752,34359738367,523156,0,82560,0,1128448,0,0,0,0,0,0,0,0,2048,0,509200,42385408,93323264
1744061988.001349,600003,21131156,0,131892232,123126780,123018068,0,1119356,0,249528,5306528,155324,4482112,94204,824416,1048576,1048576,0,0,0,0,5486032,516712,200288,101936,808020,101936,706084,27312,44032,0,0,0,65946116,8444752,34359738367,523156,0,82560,0,1128448,0,0,0,0,0,0,0,0,2048,0,509200,42385408,93323264
1744061989.001669,600003,21131156,0,131892232,123126780,123018068,0,1119356,0,249528,5306528,155324,4482112,94204,824416,1048576,1048576,0,0,0,0,5486032,516712,200288,101936,808020,101936,706084,27312,44032,0,0,0,65946116,8444752,34359738367,523156,0,82560,0,1128448,0,0,0,0,0,0,0,0,2048,0,509200,42385408,93323264
1744061990.002037,600003,21131156,0,131892232,123126780,123018068,0,1119356,0,249528,5306528,155324,4482112,94204,824416,1048576,1048576,0,0,0,0,5486032,516712,200288,101936,808020,101936,706084,27312,44032,0,0,0,65946116,8444752,34359738367,523156,0,82560,0,1128448,0,0,0,0,0,0,0,0,2048,0,509200,42385408,93323264
1744061991.001497,600003,21131156,0,131892232,123126780,123018068,0,1119356,0,249528,5306528,155324,4482112,94204,824416,1048576,1048576,0,0,0,0,5486032,516712,200288,101936,808020,101936,706084,27312,44032,0,0,0,65946116,8444752,34359738367,523156,0,82560,0,1128448,0,0,0,0,0,0,0,0,2048,0,509200,42385408,93323264
1744061992.001686,600003,21131156,0,131892232,123126780,123018068,0,1119356,0,249528,5306528,155324,4482112,94204,824416,1048576,1048576,0,0,0,0,5486032,516712,200288,101936,808020,101936,706084,27312,44032,0,0,0,65946116,8444752,34359738367,523156,0,82560,0,1128448,0,0,0,0,0,0,0,0,2048,0,509200,42385408,93323264
1744061993.001980,600003,21131156,0,131892232,123126780,123018068,0,1119356,0,249528,5306528,155324,4482112,94204,824416,1048576,1048576,0,0,0,0,5486032,516712,200288,101936,808020,101936,706084,27312,44032,0,0,0,65946116,8444752,34359738367,523156,0,82560,0,1128448,0,0,0,0,0,0,0,0,2048,0,509200,42385408,93323264
1744061994.001169,600003,21131156,0,131892232,123126780,123018068,0,1119356,0,249528,5306528,155324,4482112,94204,824416,1048576,1048576,0,0,0,0,5486032,516712,200288,101936,808020,101936,706084,27312,44032,0,0,0,65946116,8444752,34359738367,523156,0,82560,0,1128448,0,0,0,0,0,0,0,0,2048,0,509200,42385408,93323264
1744061995.001473,600003,21131156,0,131892232,123126780,123018068,0,1119356,0,249528,5306528,155324,4482112,94204,824416,1048576,1048576,0,0,0,0,5486032,516712,200288,101936,808020,101936,706084,27312,44032,0,0,0,65946116,8444752,34359738367,523156,0,82560,0,1128448,0,0,0,0,0,0,0,0,2048,0,509200,42385408,93323264
1744061996.001610,600003,21131156,0,131892232,123126780,123018068,0,1119356,0,249528,5306528,155324,4482112,94204,824416,1048576,1048576,0,0,0,0,5486032,516712,200288,101936,808020,101936,706084,27312,44032,0,0,0,65946116,8444752,34359738367,523156,0,82560,0,1128448,0,0,0,0,0,0,0,0,2048,0,509200,42385408,93323264
1744061997.001909,600003,21131156,0,131892232,123126808,123018096,0,1119356,0,249528,5306528,155324,4482112,94204,824416,1048576,1048576,0,0,0,0,5486032,516712,200288,101936,808020,101936,706084,27312,44032,0,0,0,65946116,8444752,34359738367,523140,0,82560,0,1128448,0,0,0,0,0,0,0,0,2048,0,509200,42385408,93323264
1744061998.002078,600003,21131156,0,131892232,123126808,123018096,0,1119356,0,249528,5306528,155324,4482112,94204,824416,1048576,1048576,0,0,0,0,5486032,516712,200288,101936,808020,101936,706084,27312,44032,0,0,0,65946116,8444752,34359738367,523140,0,82560,0,1128448,0,0,0,0,0,0,0,0,2048,0,509200,42385408,93323264
1744061999.001382,600003,21131156,0,131892232,123126808,123018096,0,1119356,0,249528,5306528,155324,4482112,94204,824416,1048576,1048576,0,0,0,0,5486032,516712,200288,101936,808020,101936,706084,27312,44032,0,0,0,65946116,8444752,34359738367,523140,0,82560,0,1128448,0,0,0,0,0,0,0,0,2048,0,509200,42385408,93323264
1744062000.013000,600003,21131156,0,131892232,123126808,123018096,0,1119356,0,249528,5306528,155324,4482112,94204,824416,1048576,1048576,0,0,0,0,5486032,516712,200288,101936,808020,101936,706084,27312,44032,0,0,0,65946116,8444752,34359738367,523140,0,82560,0,1128448,0,0,0,0,0,0,0,0,2048,0,509200,42385408,93323264
1744062001.001355,600003,21131156,0,131892232,123126808,123018096,0,1119356,0,249528,5306528,155324,4482112,94204,824416,1048576,1048576,0,0,0,0,5486032,516712,200288,101936,808020,101936,706084,27312,44032,0,0,0,65946116,8444752,34359738367,523140,0,82560,0,1128448,0,0,0,0,0,0,0,0,2048,0,509200,42385408,93323264
1744062002.001405,600003,21131156,0,131892232,123126808,123018096,0,1119356,0,249528,5306528,155324,4482112,94204,824416,1048576,1048576,0,0,0,0,5486032,516712,200288,101936,808020,101936,706084,27312,44032,0,0,0,65946116,8444752,34359738367,523140,0,82560,0,1128448,0,0,0,0,0,0,0,0,2048,0,509200,42385408,93323264
1744062003.001697,600003,21131156,0,131892232,123126808,123018096,0,1119356,0,249528,5306528,155324,4482112,94204,824416,1048576,1048576,0,0,0,0,5486032,516712,200288,101936,808020,101936,706084,27312,44032,0,0,0,65946116,8444752,34359738367,523140,0,82560,0,1128448,0,0,0,0,0,0,0,0,2048,0,509200,42385408,93323264
1744062004.002046,600003,21131156,0,131892232,123126808,123018096,0,1119356,0,249528,5306528,155324,4482112,94204,824416,1048576,1048576,0,0,0,0,5486032,516712,200288,101936,808020,101936,706084,27312,44032,0,0,0,65946116,8444752,34359738367,523140,0,82560,0,1128448,0,0,0,0,0,0,0,0,2048,0,509200,42385408,93323264
1744062005.001091,600003,21131156,0,131892232,123126808,123018096,0,1119356,0,249528,5306528,155324,4482112,94204,824416,1048576,1048576,0,0,0,0,5486032,516712,200288,101936,808020,101936,706084,27312,44032,0,0,0,65946116,8444752,34359738367,523140,0,82560,0,1128448,0,0,0,0,0,0,0,0,2048,0,509200,42385408,93323264
1744062006.001383,600003,21131156,0,131892232,123126800,123018088,0,1119356,0,249528,5306528,155324,4482112,94204,824416,1048576,1048576,0,0,0,0,5486032,516712,200288,101936,808028,101936,706092,27312,44032,0,0,0,65946116,8444752,34359738367,523140,0,82560,0,1128448,0,0,0,0,0,0,0,0,2048,0,509200,42385408,93323264
1744062007.001730,600003,21131156,0,131892232,123126784,123018072,0,1119356,0,249528,5306528,155324,4482112,94204,824416,1048576,1048576,0,0,0,0,5486032,516712,200288,101936,808044,101936,706108,27312,44032,0,0,0,65946116,8444752,34359738367,523140,0,82560,0,1128448,0,0,0,0,0,0,0,0,2048,0,509200,42385408,93323264
1744062008.001775,600003,21131156,0,131892232,123126752,123018040,0,1119356,0,249528,5306528,155324,4482112,94204,824416,1048576,1048576,0,0,0,0,5486032,516712,200288,101936,808076,101936,706140,27312,44032,0,0,0,65946116,8444752,34359738367,523140,0,82560,0,1128448,0,0,0,0,0,0,0,0,2048,0,509200,42385408,93323264
1744062009.002038,600003,21131156,0,131892232,123126752,123018040,0,1119356,0,249528,5306528,155324,4482112,94204,824416,1048576,1048576,0,0,0,0,5486032,516712,200288,101936,808076,101936,706140,27312,44032,0,0,0,65946116,8444752,34359738367,523140,0,82560,0,1128448,0,0,0,0,0,0,0,0,2048,0,509200,42385408,93323264
1744062010.001406,600003,21131156,0,131892232,123126752,123018040,0,1119356,0,249528,5306528,155324,4482112,94204,824416,1048576,1048576,0,0,0,0,5486032,516712,200288,101936,808076,101936,706140,27312,44032,0,0,0,65946116,8444752,34359738367,523140,0,82560,0,1128448,0,0,0,0,0,0,0,0,2048,0,509200,42385408,93323264
1744062011.002077,600003,21131156,0,131892232,123126752,123018040,0,1119356,0,249528,5306528,155324,4482112,94204,824416,1048576,1048576,0,0,0,0,5486032,516712,200288,101936,808076,101936,706140,27312,44032,0,0,0,65946116,8444752,34359738367,523140,0,82560,0,1128448,0,0,0,0,0,0,0,0,2048,0,509200,42385408,93323264
1744062012.001253,600003,21131156,0,131892232,123098836,122994816,0,1128076,0,254504,5323048,155360,4494792,99144,828256,1048576,1048576,0,0,0,0,5498432,521360,200288,102544,808716,102544,706172,27552,46332,0,0,0,65946116,8478664,34359738367,523668,0,82560,0,1128448,0,0,0,0,0,0,0,0,2048,0,509200,42385408,93323264
1744062013.001573,600003,21131156,0,131892232,123102372,123002080,0,1132708,0,258020,5315648,155372,4486236,102648,829412,1048576,1048576,0,0,0,0,5490336,516912,200288,105336,811568,105336,706232,27504,44436,0,0,0,65946116,8492120,34359738367,523396,0,82560,0,1128448,0,0,0,0,0,0,0,0,2048,0,509200,42385408,93323264
1744062014.001707,600003,21131156,0,131892232,123103612,123004016,0,1133208,0,259300,5313288,155384,4484648,103916,828640,1048576,1048576,0,0,0,0,5488724,516776,200292,106232,812416,106232,706184,27568,44244,0,0,0,65946116,8496048,34359738367,523412,0,82560,0,1128448,0,0,0,0,0,0,0,0,2048,0,509200,42385408,93323264
1744062015.002004,600003,21131156,0,131892232,123097716,122999700,0,1136592,0,259412,5319036,155396,4487128,104016,831908,1048576,1048576,0,0,0,0,5490964,520396,200292,106024,812144,106024,706120,27376,44292,0,0,0,65946116,8503192,34359738367,523316,0,82560,0,1128448,0,0,0,0,0,0,0,0,2048,0,509200,42385408,93323264
1744062016.001176,600003,21131156,0,131892232,123102676,123004760,0,1136736,0,259424,5314296,155384,4482212,104040,832084,1048576,1048576,0,0,0,0,5486032,516712,200288,106024,812144,106024,706120,27312,44032,0,0,0,65946116,8503192,34359738367,523284,0,82560,0,1128448,0,0,0,0,0,0,0,0,2048,0,509200,42385408,93323264
1744062017.001474,600003,21131156,0,131892232,123102732,123004816,0,1136736,0,259424,5314296,155384,4482212,104040,832084,1048576,1048576,0,0,0,0,5486032,516712,200288,106024,812144,106024,706120,27312,44032,0,0,0,65946116,8503192,34359738367,523284,0,82560,0,1128448,0,0,0,0,0,0,0,0,2048,0,509200,42385408,93323264
1744062018.001663,600003,21131156,0,131892232,123102816,123004900,0,1136736,0,259424,5314296,155384,4482212,104040,832084,1048576,1048576,0,0,0,0,5486032,516712,200288,106024,812144,106024,706120,27312,44032,0,0,0,65946116,8503192,34359738367,523284,0,82560,0,1128448,0,0,0,0,0,0,0,0,2048,0,509200,42385408,93323264
1744062019.001960,600003,21131156,0,131892232,123102816,123004900,0,1136736,0,259424,5314296,155384,4482212,104040,832084,1048576,1048576,0,0,0,0,5486032,516712,200288,106024,812144,106024,706120,27312,44032,0,0,0,65946116,8503192,34359738367,523284,0,82560,0,1128448,0,0,0,0,0,0,0,0,2048,0,509200,42385408,93323264
1744062020.012740,600003,21131156,0,131892232,123102816,123004900,0,1136736,0,259424,5314296,155384,4482212,104040,832084,1048576,1048576,0,0,0,0,5486032,516712,200288,106024,812144,106024,706120,27312,44032,0,0,0,65946116,8503192,34359738367,523284,0,82560,0,1128448,0,0,0,0,0,0,0,0,2048,0,509200,42385408,93323264
1744062021.002067,600003,21131156,0,131892232,123102816,123004900,0,1136736,0,259424,5314296,155384,4482212,104040,832084,1048576,1048576,0,0,0,0,5486032,516712,200288,106024,812144,106024,706120,27312,44032,0,0,0,65946116,8503192,34359738367,523284,0,82560,0,1128448,0,0,0,0,0,0,0,0,2048,0,509200,42385408,93323264
1744062022.001114,600003,21131156,0,131892232,123102816,123004900,0,1136736,0,259424,5314296,155384,4482212,104040,832084,1048576,1048576,0,0,0,0,5486032,516712,200288,106024,812144,106024,706120,27312,44032,0,0,0,65946116,8503192,34359738367,523284,0,82560,0,1128448,0,0,0,0,0,0,0,0,2048,0,509200,42385408,93323264
1744062023.001433,600003,21131156,0,131892232,123102816,123004900,0,1136736,0,259424,5314296,155384,4482212,104040,832084,1048576,1048576,0,0,0,0,5486032,516712,200288,106024,812144,106024,706120,27312,44032,0,0,0,65946116,8503192,34359738367,523284,0,82560,0,1128448,0,0,0,0,0,0,0,0,2048,0,509200,42385408,93323264
1744062024.001778,600003,21131156,0,131892232,123102816,123004900,0,1136736,0,259424,5314296,155384,4482212,104040,832084,1048576,1048576,0,0,0,0,5486032,516712,200288,106024,812144,106024,706120,27312,44032,0,0,0,65946116,8503192,34359738367,523284,0,82560,0,1128448,0,0,0,0,0,0,0,0,2048,0,509200,42385408,93323264
1744062025.001827,600003,21131156,0,131892232,123102816,123004900,0,1136736,0,259424,5314296,155384,4482212,104040,832084,1048576,1048576,0,0,0,0,5486032,516712,200288,106024,812144,106024,706120,27312,44032,0,0,0,65946116,8503192,34359738367,523284,0,82560,0,1128448,0,0,0,0,0,0,0,0,2048,0,509200,42385408,93323264
1744062026.002096,600003,21131156,0,131892232,123102816,123004900,0,1136736,0,259424,5314296,155384,4482212,104040,832084,1048576,1048576,0,0,0,0,5486032,516712,200288,106024,812144,106024,706120,27312,44032,0,0,0,65946116,8503192,34359738367,523284,0,82560,0,1128448,0,0,0,0,0,0,0,0,2048,0,509200,42385408,93323264
1744062027.001469,600003,21131156,0,131892232,123102816,123004900,0,1136736,0,259424,5314296,155384,4482212,104040,832084,1048576,1048576,0,0,0,0,5486032,516712,200288,106024,812144,106024,706120,27312,44032,0,0,0,65946116,8503192,34359738367,523284,0,82560,0,1128448,0,0,0,0,0,0,0,0,2048,0,509200,42385408,93323264
1744062028.001514,600003,21131156,0,131892232,123102808,123004892,0,1136736,0,259424,5314296,155384,4482212,104040,832084,1048576,1048576,0,0,0,0,5486032,516712,200288,106024,812152,106024,706128,27312,44032,0,0,0,65946116,8503192,34359738367,523284,0,82560,0,1128448,0,0,0,0,0,0,0,0,2048,0,509200,42385408,93323264
1744062029.001807,600003,21131156,0,131892232,123102808,123004892,0,1136736,0,259424,5314296,155384,4482212,104040,832084,1048576,1048576,0,0,0,0,5486036,516712,200288,106024,812152,106024,706128,27312,44032,0,0,0,65946116,8503192,34359738367,523284,0,82560,0,1128448,0,0,0,0,0,0,0,0,2048,0,509200,42385408,93323264
1744062030.002153,600003,21131156,0,131892232,123102808,123004892,0,1136736,0,259424,5314296,155384,4482212,104040,832084,1048576,1048576,0,0,0,0,5486036,516712,200288,106024,812152,106024,706128,27312,44032,0,0,0,65946116,8503192,34359738367,523284,0,82560,0,1128448,0,0,0,0,0,0,0,0,2048,0,509200,42385408,93323264
1744062031.001580,600003,21131156,0,131892232,123102808,123004892,0,1136736,0,259424,5314296,155384,4482212,104040,832084,1048576,1048576,0,0,0,0,5486036,516712,200288,106024,812152,106024,706128,27312,44032,0,0,0,65946116,8503192,34359738367,523284,0,82560,0,1128448,0,0,0,0,0,0,0,0,2048,0,509200,42385408,93323264
1744062032.001737,600003,21131156,0,131892232,123102800,123004884,0,1136736,0,259424,5314296,155384,4482212,104040,832084,1048576,1048576,0,0,0,0,5486036,516712,200288,106024,812160,106024,706136,27312,44032,0,0,0,65946116,8503192,34359738367,523284,0,82560,0,1128448,0,0,0,0,0,0,0,0,2048,0,509200,42385408,93323264
1744062033.002031,600003,21131156,0,131892232,123102800,123004884,0,1136736,0,259424,5314296,155384,4482212,104040,832084,1048576,1048576,0,0,0,0,5486036,516712,200288,106024,812160,106024,706136,27312,44032,0,0,0,65946116,8503192,34359738367,523284,0,82560,0,1128448,0,0,0,0,0,0,0,0,2048,0,509200,42385408,93323264
1744062034.001187,600003,21131156,0,131892232,123102800,123004884,0,1136736,0,259424,5314296,155384,4482212,104040,832084,1048576,1048576,0,0,0,0,5486036,516712,200288,106024,812160,106024,706136,27312,44032,0,0,0,65946116,8503192,34359738367,523284,0,82560,0,1128448,0,0,0,0,0,0,0,0,2048,0,509200,42385408,93323264
1744062035.001500,600003,21131156,0,131892232,123102800,123004884,0,1136736,0,259424,5314296,155384,4482212,104040,832084,1048576,1048576,0,0,0,0,5486036,516712,200288,106024,812160,106024,706136,27312,44032,0,0,0,65946116,8503192,34359738367,523284,0,82560,0,1128448,0,0,0,0,0,0,0,0,2048,0,509200,42385408,93323264
1744062036.001662,600003,21131156,0,131892232,123102800,123004884,0,1136736,0,259424,5314296,155384,4482212,104040,832084,1048576,1048576,0,0,0,0,5486036,516712,200288,106024,812160,106024,706136,27312,44032,0,0,0,65946116,8503192,34359738367,523284,0,82560,0,1128448,0,0,0,0,0,0,0,0,2048,0,509200,42385408,93323264
1744062037.001966,600003,21131156,0,131892232,123102800,123004884,0,1136736,0,259424,5314296,155384,4482212,104040,832084,1048576,1048576,0,0,0,0,5486036,516712,200288,106024,812160,106024,706136,27312,44032,0,0,0,65946116,8503192,34359738367,523284,0,82560,0,1128448,0,0,0,0,0,0,0,0,2048,0,509200,42385408,93323264
1744062038.001129,600003,21131156,0,131892232,123102760,123004848,0,1136736,0,259436,5314308,155388,4482220,104048,832088,1048576,1048576,0,0,0,0,5486036,516712,200288,106024,812200,106024,706176,27312,44032,0,0,0,65946116,8503192,34359738367,523284,0,82560,0,1128448,0,0,0,0,0,0,0,0,2048,0,509200,42385408,93323264
1744062039.001430,600003,21131156,0,131892232,123102760,123004848,0,1136736,0,259436,5314308,155388,4482220,104048,832088,1048576,1048576,0,0,0,0,5486036,516712,200288,106024,812200,106024,706176,27312,44032,0,0,0,65946116,8503192,34359738367,523284,0,82560,0,1128448,0,0,0,0,0,0,0,0,2048,0,509200,42385408,93323264
1744062040.013270,600003,21131156,0,131892232,123102760,123004848,0,1136736,0,259436,5314308,155388,4482220,104048,832088,1048576,1048576,0,0,0,0,5486036,516712,200288,106024,812200,106024,706176,27312,44032,0,0,0,65946116,8503192,34359738367,523284,0,82560,0,1128448,0,0,0,0,0,0,0,0,2048,0,509200,42385408,93323264
1744062041.001603,600003,21131156,0,131892232,123102760,123004848,0,1136736,0,259436,5314308,155388,4482220,104048,832088,1048576,1048576,0,0,0,0,5486036,516712,200288,106024,812200,106024,706176,27312,44032,0,0,0,65946116,8503192,34359738367,523284,0,82560,0,1128448,0,0,0,0,0,0,0,0,2048,0,509200,42385408,93323264
1744062042.001652,600003,21131156,0,131892232,123102752,123004840,0,1136736,0,259436,5314308,155388,4482220,104048,832088,1048576,1048576,0,0,0,0,5486036,516712,200288,106024,812208,106024,706184,27312,44032,0,0,0,65946116,8503192,34359738367,523284,0,82560,0,1128448,0,0,0,0,0,0,0,0,2048,0,509200,42385408,93323264
1744062043.001947,600003,21131156,0,131892232,123102768,123004856,0,1136736,0,259436,5314308,155388,4482220,104048,832088,1048576,1048576,0,0,0,0,5486036,516712,200288,106024,812192,106024,706168,27312,44032,0,0,0,65946116,8503192,34359738367,523284,0,82560,0,1128448,0,0,0,0,0,0,0,0,2048,0,509200,42385408,93323264
1744062044.001313,600003,21131156,0,131892232,123102768,123004856,0,1136736,0,259436,5314308,155388,4482220,104048,832088,1048576,1048576,0,0,0,0,5486036,516712,200288,106024,812192,106024,706168,27312,44032,0,0,0,65946116,8503192,34359738367,523284,0,82560,0,1128448,0,0,0,0,0,0,0,0,2048,0,509200,42385408,93323264
1744062045.001360,600003,21131156,0,131892232,123102768,123004856,0,1136736,0,259436,5314308,155388,4482220,104048,832088,1048576,1048576,0,0,0,0,5486036,516712,200288,106024,812192,106024,706168,27312,44032,0,0,0,65946116,8503192,34359738367,523284,0,82560,0,1128448,0,0,0,0,0,0,0,0,2048,0,509200,42385408,93323264
1744062046.001651,600003,21131156,0,131892232,123102768,123004856,0,1136736,0,259436,5314308,155388,4482220,104048,832088,1048576,1048576,0,0,0,0,5486036,516712,200288,106024,812192,106024,706168,27312,44032,0,0,0,65946116,8503192,34359738367,523284,0,82560,0,1128448,0,0,0,0,0,0,0,0,2048,0,509200,42385408,93323264
1744062047.001992,600003,21131156,0,131892232,123102768,123004856,0,1136736,0,259436,5314308,155388,4482220,104048,832088,1048576,1048576,0,0,0,0,5486036,516712,200288,106024,812192,106024,706168,27312,44032,0,0,0,65946116,8503192,34359738367,523284,0,82560,0,1128448,0,0,0,0,0,0,0,0,2048,0,509200,42385408,93323264
1744062048.002037,600003,21131156,0,131892232,123102768,123004856,0,1136736,0,259436,5314308,155388,4482220,104048,832088,1048576,1048576,0,0,0,0,5486036,516712,200288,106024,812192,106024,706168,27312,44032,0,0,0,65946116,8503192,34359738367,523284,0,82560,0,1128448,0,0,0,0,0,0,0,0,2048,0,509200,42385408,93323264
1744062049.001328,600003,21131156,0,131892232,123102796,123004884,0,1136736,0,259436,5314308,155388,4482220,104048,832088,1048576,1048576,0,0,0,0,5486036,516712,200288,106024,812192,106024,706168,27296,44032,0,0,0,65946116,8503192,34359738367,523252,0,82560,0,1128448,0,0,0,0,0,0,0,0,2048,0,509200,42385408,93323264
1744062050.001685,600003,21131156,0,131892232,123102848,123004936,0,1136736,0,259436,5314308,155388,4482220,104048,832088,1048576,1048576,0,0,0,0,5486036,516712,200288,106024,812192,106024,706168,27280,44032,0,0,0,65946116,8503192,34359738367,523252,0,82560,0,1128448,0,0,0,0,0,0,0,0,2048,0,509200,42385408,93323264
1744062051.001533,600003,21131156,0,131892232,123102848,123004936,0,1136736,0,259436,5314308,155388,4482220,104048,832088,1048576,1048576,0,0,0,0,5486036,516712,200288,106024,812192,106024,706168,27280,44032,0,0,0,65946116,8503192,34359738367,523252,0,82560,0,1128448,0,0,0,0,0,0,0,0,2048,0,509200,42385408,93323264
1744062052.001675,600003,21131156,0,131892232,123102848,123004936,0,1136736,0,259436,5314308,155388,4482220,104048,832088,1048576,1048576,0,0,0,0,5486036,516712,200288,106024,812192,106024,706168,27280,44032,0,0,0,65946116,8503192,34359738367,523252,0,82560,0,1128448,0,0,0,0,0,0,0,0,2048,0,509200,42385408,93323264
1744062053.001972,600003,21131156,0,131892232,123102848,123004936,0,1136736,0,259436,5314308,155388,4482220,104048,832088,1048576,1048576,0,0,0,0,5486036,516712,200288,106024,812192,106024,706168,27280,44032,0,0,0,65946116,8503192,34359738367,523252,0,82560,0,1128448,0,0,0,0,0,0,0,0,2048,0,509200,42385408,93323264
1744062054.001132,600003,21131156,0,131892232,123102848,123004936,0,1136736,0,259436,5314308,155388,4482220,104048,832088,1048576,1048576,0,0,0,0,5486036,516712,200288,106024,812192,106024,706168,27280,44032,0,0,0,65946116,8503192,34359738367,523252,0,82560,0,1128448,0,0,0,0,0,0,0,0,2048,0,509200,42385408,93323264
1744062055.001437,600003,21131156,0,131892232,123102848,123004936,0,1136736,0,259436,5314308,155388,4482220,104048,832088,1048576,1048576,0,0,0,0,5486036,516712,200288,106024,812192,106024,706168,27280,44032,0,0,0,65946116,8503192,34359738367,523252,0,82560,0,1128448,0,0,0,0,0,0,0,0,2048,0,509200,42385408,93323264
1744062056.001575,600003,21131156,0,131892232,123102848,123004936,0,1136736,0,259436,5314308,155388,4482220,104048,832088,1048576,1048576,0,0,0,0,5486036,516712,200288,106024,812192,106024,706168,27280,44032,0,0,0,65946116,8503192,34359738367,523252,0,82560,0,1128448,0,0,0,0,0,0,0,0,2048,0,509200,42385408,93323264
1744062057.001870,600003,21131156,0,131892232,123102848,123004936,0,1136736,0,259436,5314308,155388,4482220,104048,832088,1048576,1048576,0,0,0,0,5486036,516712,200288,106024,812192,106024,706168,27280,44032,0,0,0,65946116,8503192,34359738367,523252,0,82560,0,1128448,0,0,0,0,0,0,0,0,2048,0,509200,42385408,93323264
1744062058.002030,600003,21131156,0,131892232,123102848,123004936,0,1136736,0,259436,5314308,155388,4482220,104048,832088,1048576,1048576,0,0,0,0,5486036,516712,200288,106024,812192,106024,706168,27280,44032,0,0,0,65946116,8503192,34359738367,523252,0,82560,0,1128448,0,0,0,0,0,0,0,0,2048,0,509200,42385408,93323264
1744062059.001332,600003,21131156,0,131892232,123102848,123004936,0,1136736,0,259436,5314308,155388,4482220,104048,832088,1048576,1048576,0,0,0,0,5486036,516712,200288,106024,812192,106024,706168,27280,44032,0,0,0,65946116,8503192,34359738367,523252,0,82560,0,1128448,0,0,0,0,0,0,0,0,2048,0,509200,42385408,93323264
1744062060.012146,600003,21131156,0,131892232,123102848,123004936,0,1136736,0,259436,5314308,155388,4482220,104048,832088,1048576,1048576,0,0,0,0,5486036,516712,200288,106024,812192,106024,706168,27280,44032,0,0,0,65946116,8503192,34359738367,523252,0,82560,0,1128448,0,0,0,0,0,0,0,0,2048,0,509200,42385408,93323264
1744062061.001483,600003,21131156,0,131892232,123102848,123004936,0,1136736,0,259436,5314308,155388,4482220,104048,832088,1048576,1048576,0,0,0,0,5486036,516712,200288,106024,812192,106024,706168,27280,44032,0,0,0,65946116,8503192,34359738367,523252,0,82560,0,1128448,0,0,0,0,0,0,0,0,2048,0,509200,42385408,93323264
1744062062.001529,600003,21131156,0,131892232,123102848,123004936,0,1136736,0,259436,5314308,155388,4482220,104048,832088,1048576,1048576,0,0,0,0,5486036,516712,200288,106024,812192,106024,706168,27280,44032,0,0,0,65946116,8503192,34359738367,523252,0,82560,0,1128448,0,0,0,0,0,0,0,0,2048,0,509200,42385408,93323264
1744062063.001819,600003,21131156,0,131892232,123102848,123004936,0,1136736,0,259436,5314308,155388,4482220,104048,832088,1048576,1048576,0,0,0,0,5486036,516712,200288,106024,812192,106024,706168,27280,44032,0,0,0,65946116,8503192,34359738367,523252,0,82560,0,1128448,0,0,0,0,0,0,0,0,2048,0,509200,42385408,93323264
1744062064.002161,600003,21131156,0,131892232,123102848,123004936,0,1136736,0,259436,5314308,155388,4482220,104048,832088,1048576,1048576,0,0,0,0,5486036,516712,200288,106024,812192,106024,706168,27280,44032,0,0,0,65946116,8503192,34359738367,523252,0,82560,0,1128448,0,0,0,0,0,0,0,0,2048,0,509200,42385408,93323264
1744062065.001206,600003,21131156,0,131892232,123102848,123004936,0,1136736,0,259436,5314308,155388,4482220,104048,832088,1048576,1048576,0,0,0,0,5486036,516712,200288,106024,812192,106024,706168,27280,44032,0,0,0,65946116,8503192,34359738367,523252,0,82560,0,1128448,0,0,0,0,0,0,0,0,2048,0,509200,42385408,93323264
1744062066.001501,600003,21131156,0,131892232,123102848,123004936,0,1136736,0,259436,5314308,155388,4482220,104048,832088,1048576,1048576,0,0,0,0,5486036,516712,200288,106024,812192,106024,706168,27280,44032,0,0,0,65946116,8503192,34359738367,523252,0,82560,0,1128448,0,0,0,0,0,0,0,0,2048,0,509200,42385408,93323264
1744062067.001876,600003,21131156,0,131892232,123102848,123004936,0,1136736,0,259436,5314308,155388,4482220,104048,832088,1048576,1048576,0,0,0,0,5486036,516712,200288,106024,812192,106024,706168,27280,44032,0,0,0,65946116,8503192,34359738367,523252,0,82560,0,1128448,0,0,0,0,0,0,0,0,2048,0,509200,42385408,93323264
1744062068.001922,600003,21131156,0,131892232,123102848,123004936,0,1136736,0,259436,5314308,155388,4482220,104048,832088,1048576,1048576,0,0,0,0,5486036,516712,200288,106024,812192,106024,706168,27280,44032,0,0,0,65946116,8503192,34359738367,523252,0,82560,0,1128448,0,0,0,0,0,0,0,0,2048,0,509200,42385408,93323264
1744062069.001210,600003,21131156,0,131892232,123102848,123004936,0,1136736,0,259436,5314308,155388,4482220,104048,832088,1048576,1048576,0,0,0,0,5486036,516712,200288,106024,812192,106024,706168,27280,44032,0,0,0,65946116,8503192,34359738367,523252,0,82560,0,1128448,0,0,0,0,0,0,0,0,2048,0,509200,42385408,93323264
1744062070.001559,600003,21131156,0,131892232,123102880,123004968,0,1136736,0,259436,5314308,155388,4482220,104048,832088,1048576,1048576,0,0,0,0,5486036,516712,200288,106024,812160,106024,706136,27280,44032,0,0,0,65946116,8503192,34359738367,523252,0,82560,0,1128448,0,0,0,0,0,0,0,0,2048,0,509200,42385408,93323264
1744062071.001393,600003,21131156,0,131892232,123102880,123004968,0,1136736,0,259436,5314308,155388,4482220,104048,832088,1048576,1048576,0,0,0,0,5486036,516712,200288,106024,812160,106024,706136,27280,44032,0,0,0,65946116,8503192,34359738367,523252,0,82560,0,1128448,0,0,0,0,0,0,0,0,2048,0,509200,42385408,93323264
1744062072.001535,600003,21131156,0,131892232,123102880,123004968,0,1136736,0,259436,5314308,155388,4482220,104048,832088,1048576,1048576,0,0,0,0,5486036,516712,200288,106024,812160,106024,706136,27280,44032,0,0,0,65946116,8503192,34359738367,523252,0,82560,0,1128448,0,0,0,0,0,0,0,0,2048,0,509200,42385408,93323264
1744062073.001831,600003,21131156,0,131892232,123102888,123004976,0,1136736,0,259436,5314308,155388,4482220,104048,832088,1048576,1048576,0,0,0,0,5486036,516712,200288,106024,812152,106024,706128,27280,44032,0,0,0,65946116,8503192,34359738367,523252,0,82560,0,1128448,0,0,0,0,0,0,0,0,2048,0,509200,42385408,93323264
1744062074.001997,600003,21131156,0,131892232,123102888,123004976,0,1136736,0,259436,5314308,155388,4482220,104048,832088,1048576,1048576,0,0,0,0,5486036,516712,200288,106024,812152,106024,706128,27280,44032,0,0,0,65946116,8503192,34359738367,523252,0,82560,0,1128448,0,0,0,0,0,0,0,0,2048,0,509200,42385408,93323264
1744062075.001294,600003,21131156,0,131892232,123102888,123004976,0,1136736,0,259436,5314308,155388,4482220,104048,832088,1048576,1048576,0,0,0,0,5486036,516712,200288,106024,812152,106024,706128,27280,44032,0,0,0,65946116,8503192,34359738367,523252,0,82560,0,1128448,0,0,0,0,0,0,0,0,2048,0,509200,42385408,93323264
1744062076.001460,600003,21131156,0,131892232,123102888,123004976,0,1136736,0,259436,5314308,155388,4482220,104048,832088,1048576,1048576,0,0,0,0,5486036,516712,200288,106024,812152,106024,706128,27280,44032,0,0,0,65946116,8503192,34359738367,523252,0,82560,0,1128448,0,0,0,0,0,0,0,0,2048,0,509200,42385408,93323264
1744062077.001755,600003,21131156,0,131892232,123102888,123004976,0,1136736,0,259436,5314308,155388,4482220,104048,832088,1048576,1048576,0,0,0,0,5486036,516712,200288,106024,812152,106024,706128,27280,44032,0,0,0,65946116,8503192,34359738367,523252,0,82560,0,1128448,0,0,0,0,0,0,0,0,2048,0,509200,42385408,93323264
1744062078.001872,600003,21131156,0,131892232,123102888,123004976,0,1136736,0,259436,5314308,155388,4482220,104048,832088,1048576,1048576,0,0,0,0,5486036,516712,200288,106024,812152,106024,706128,27280,44032,0,0,0,65946116,8503192,34359738367,523252,0,82560,0,1128448,0,0,0,0,0,0,0,0,2048,0,509200,42385408,93323264
1744062079.002169,600003,21131156,0,131892232,123102920,123005008,0,1136736,0,259436,5314308,155388,4482220,104048,832088,1048576,1048576,0,0,0,0,5486036,516712,200288,106024,812152,106024,706128,27264,44032,0,0,0,65946116,8503192,34359738367,523236,0,82560,0,1128448,0,0,0,0,0,0,0,0,2048,0,509200,42385408,93323264
1744062080.012953,600003,21131156,0,131892232,123102920,123005008,0,1136736,0,259436,5314308,155388,4482220,104048,832088,1048576,1048576,0,0,0,0,5486036,516712,200288,106024,812152,106024,706128,27264,44032,0,0,0,65946116,8503192,34359738367,523236,0,82560,0,1128448,0,0,0,0,0,0,0,0,2048,0,509200,42385408,93323264
1744062081.001281,600003,21131156,0,131892232,123102920,123005008,0,1136736,0,259436,5314308,155388,4482220,104048,832088,1048576,1048576,0,0,0,0,5486036,516712,200288,106024,812152,106024,706128,27264,44032,0,0,0,65946116,8503192,34359738367,523236,0,82560,0,1128448,0,0,0,0,0,0,0,0,2048,0,509200,42385408,93323264
1744062082.001329,600003,21131156,0,131892232,123102920,123005008,0,1136736,0,259436,5314308,155388,4482220,104048,832088,1048576,1048576,0,0,0,0,5486036,516712,200288,106024,812152,106024,706128,27264,44032,0,0,0,65946116,8503192,34359738367,523236,0,82560,0,1128448,0,0,0,0,0,0,0,0,2048,0,509200,42385408,93323264
1744062083.001586,600003,21131156,0,131892232,123102948,123005036,0,1136736,0,259436,5314308,155388,4482220,104048,832088,1048576,1048576,0,0,0,0,5486036,516712,200288,106024,812152,106024,706128,27232,44032,0,0,0,65946116,8503192,34359738367,523236,0,82560,0,1128448,0,0,0,0,0,0,0,0,2048,0,509200,42385408,93323264
1744062084.001919,600003,21131156,0,131892232,123102948,123005036,0,1136736,0,259436,5314308,155388,4482220,104048,832088,1048576,1048576,0,0,0,0,5486036,516712,200288,106024,812152,106024,706128,27232,44032,0,0,0,65946116,8503192,34359738367,523236,0,82560,0,1128448,0,0,0,0,0,0,0,0,2048,0,509200,42385408,93323264
1744062085.001964,600003,21131156,0,131892232,123102948,123005036,0,1136736,0,259436,5314308,155388,4482220,104048,832088,1048576,1048576,0,0,0,0,5486036,516712,200288,106024,812152,106024,706128,27232,44032,0,0,0,65946116,8503192,34359738367,523236,0,82560,0,1128448,0,0,0,0,0,0,0,0,2048,0,509200,42385408,93323264
1744062086.001207,600003,21131156,0,131892232,123102948,123005036,0,1136736,0,259436,5314308,155388,4482220,104048,832088,1048576,1048576,0,0,0,0,5486036,516712,200288,106024,812152,106024,706128,27232,44032,0,0,0,65946116,8503192,34359738367,523236,0,82560,0,1128448,0,0,0,0,0,0,0,0,2048,0,509200,42385408,93323264
1744062087.001557,600003,21131156,0,131892232,123102948,123005036,0,1136736,0,259436,5314308,155388,4482220,104048,832088,1048576,1048576,0,0,0,0,5486036,516712,200288,106024,812152,106024,706128,27232,44032,0,0,0,65946116,8503192,34359738367,523236,0,82560,0,1128448,0,0,0,0,0,0,0,0,2048,0,509200,42385408,93323264
1744062088.001604,600003,21131156,0,131892232,123102948,123005036,0,1136736,0,259436,5314308,155388,4482220,104048,832088,1048576,1048576,0,0,0,0,5486036,516712,200288,106024,812152,106024,706128,27232,44032,0,0,0,65946116,8503192,34359738367,523236,0,82560,0,1128448,0,0,0,0,0,0,0,0,2048,0,509200,42385408,93323264
1744062089.001847,600003,21131156,0,131892232,123102948,123005036,0,1136736,0,259436,5314308,155388,4482220,104048,832088,1048576,1048576,0,0,0,0,5486036,516712,200288,106024,812152,106024,706128,27232,44032,0,0,0,65946116,8503192,34359738367,523236,0,82560,0,1128448,0,0,0,0,0,0,0,0,2048,0,509200,42385408,93323264
1744062090.002184,600003,21131156,0,131892232,123102948,123005036,0,1136736,0,259436,5314308,155388,4482220,104048,832088,1048576,1048576,0,0,0,0,5486036,516712,200288,106024,812152,106024,706128,27232,44032,0,0,0,65946116,8503192,34359738367,523236,0,82560,0,1128448,0,0,0,0,0,0,0,0,2048,0,509200,42385408,93323264
1744062091.001648,600003,21131156,0,131892232,123102948,123005036,0,1136736,0,259436,5314308,155388,4482220,104048,832088,1048576,1048576,0,0,0,0,5486036,516712,200288,106024,812152,106024,706128,27232,44032,0,0,0,65946116,8503192,34359738367,523236,0,82560,0,1128448,0,0,0,0,0,0,0,0,2048,0,509200,42385408,93323264
1744062092.001767,600003,21131156,0,131892232,123102940,123005028,0,1136736,0,259436,5314308,155388,4482220,104048,832088,1048576,1048576,0,0,0,0,5486036,516712,200288,106024,812160,106024,706136,27232,44032,0,0,0,65946116,8503192,34359738367,523236,0,82560,0,1128448,0,0,0,0,0,0,0,0,2048,0,509200,42385408,93323264
1744062093.002062,600003,21131156,0,131892232,123102940,123005028,0,1136736,0,259436,5314308,155388,4482220,104048,832088,1048576,1048576,0,0,0,0,5486036,516712,200288,106024,812160,106024,706136,27232,44032,0,0,0,65946116,8503192,34359738367,523236,0,82560,0,1128448,0,0,0,0,0,0,0,0,2048,0,509200,42385408,93323264
1744062094.001176,600003,21131156,0,131892232,123102940,123005028,0,1136736,0,259436,5314308,155388,4482220,104048,832088,1048576,1048576,0,0,0,0,5486036,516712,200288,106024,812160,106024,706136,27232,44032,0,0,0,65946116,8503192,34359738367,523236,0,82560,0,1128448,0,0,0,0,0,0,0,0,2048,0,509200,42385408,93323264
1744062095.001477,600003,21131156,0,131892232,123102940,123005028,0,1136736,0,259436,5314308,155388,4482220,104048,832088,1048576,1048576,0,0,0,0,5486036,516712,200288,106024,812160,106024,706136,27232,44032,0,0,0,65946116,8503192,34359738367,523236,0,82560,0,1128448,0,0,0,0,0,0,0,0,2048,0,509200,42385408,93323264
1744062096.001595,600003,21131156,0,131892232,123102940,123005028,0,1136736,0,259436,5314308,155388,4482220,104048,832088,1048576,1048576,0,0,0,0,5486036,516712,200288,106024,812160,106024,706136,27232,44032,0,0,0,65946116,8503192,34359738367,523236,0,82560,0,1128448,0,0,0,0,0,0,0,0,2048,0,509200,42385408,93323264
1744062097.001888,600003,21131156,0,131892232,123102940,123005028,0,1136736,0,259436,5314308,155388,4482220,104048,832088,1048576,1048576,0,0,0,0,5486036,516712,200288,106024,812160,106024,706136,27232,44032,0,0,0,65946116,8503192,34359738367,523236,0,82560,0,1128448,0,0,0,0,0,0,0,0,2048,0,509200,42385408,93323264
1744062098.002010,600003,21131156,0,131892232,123102940,123005028,0,1136736,0,259436,5314308,155388,4482220,104048,832088,1048576,1048576,0,0,0,0,5486036,516712,200288,106024,812160,106024,706136,27232,44032,0,0,0,65946116,8503192,34359738367,523236,0,82560,0,1128448,0,0,0,0,0,0,0,0,2048,0,509200,42385408,93323264
1744062099.001312,600003,21131156,0,131892232,123102940,123005028,0,1136736,0,259436,5314308,155388,4482220,104048,832088,1048576,1048576,0,0,0,0,5486036,516712,200288,106024,812160,106024,706136,27232,44032,0,0,0,65946116,8503192,34359738367,523236,0,82560,0,1128448,0,0,0,0,0,0,0,0,2048,0,509200,42385408,93323264
1744062100.013000,600003,21131156,0,131892232,123102940,123005028,0,1136736,0,259436,5314308,155388,4482220,104048,832088,1048576,1048576,0,0,0,0,5486036,516712,200288,106024,812160,106024,706136,27232,44032,0,0,0,65946116,8503192,34359738367,523236,0,82560,0,1128448,0,0,0,0,0,0,0,0,2048,0,509200,42385408,93323264
1744062101.001322,600003,21131156,0,131892232,123102940,123005028,0,1136736,0,259436,5314308,155388,4482220,104048,832088,1048576,1048576,0,0,0,0,5486036,516712,200288,106024,812160,106024,706136,27232,44032,0,0,0,65946116,8503192,34359738367,523236,0,82560,0,1128448,0,0,0,0,0,0,0,0,2048,0,509200,42385408,93323264
1744062102.001384,600003,21131156,0,131892232,123102940,123005028,0,1136736,0,259436,5314308,155388,4482220,104048,832088,1048576,1048576,0,0,0,0,5486036,516712,200288,106024,812160,106024,706136,27232,44032,0,0,0,65946116,8503192,34359738367,523236,0,82560,0,1128448,0,0,0,0,0,0,0,0,2048,0,509200,42385408,93323264
1744062103.001639,600003,21131156,0,131892232,123102940,123005028,0,1136736,0,259436,5314308,155388,4482220,104048,832088,1048576,1048576,0,0,0,0,5486036,516712,200288,106024,812160,106024,706136,27232,44032,0,0,0,65946116,8503192,34359738367,523236,0,82560,0,1128448,0,0,0,0,0,0,0,0,2048,0,509200,42385408,93323264
1744062104.001982,600003,21131156,0,131892232,123102940,123005028,0,1136736,0,259436,5314308,155388,4482220,104048,832088,1048576,1048576,0,0,0,0,5486036,516712,200288,106024,812160,106024,706136,27232,44032,0,0,0,65946116,8503192,34359738367,523236,0,82560,0,1128448,0,0,0,0,0,0,0,0,2048,0,509200,42385408,93323264
1744062105.002030,600003,21131156,0,131892232,123102940,123005028,0,1136736,0,259436,5314308,155388,4482220,104048,832088,1048576,1048576,0,0,0,0,5486036,516712,200288,106024,812160,106024,706136,27232,44032,0,0,0,65946116,8503192,34359738367,523236,0,82560,0,1128448,0,0,0,0,0,0,0,0,2048,0,509200,42385408,93323264
1744062106.001280,600003,21131156,0,131892232,123102940,123005028,0,1136736,0,259436,5314308,155388,4482220,104048,832088,1048576,1048576,0,0,0,0,5486036,516712,200288,106024,812160,106024,706136,27232,44032,0,0,0,65946116,8503192,34359738367,523236,0,82560,0,1128448,0,0,0,0,0,0,0,0,2048,0,509200,42385408,93323264
1744062107.001627,600003,21131156,0,131892232,123102940,123005028,0,1136736,0,259436,5314308,155388,4482220,104048,832088,1048576,1048576,0,0,0,0,5486036,516712,200288,106024,812160,106024,706136,27232,44032,0,0,0,65946116,8503192,34359738367,523236,0,82560,0,1128448,0,0,0,0,0,0,0,0,2048,0,509200,42385408,93323264
1744062108.001673,600003,21131156,0,131892232,123102940,123005028,0,1136736,0,259436,5314308,155388,4482220,104048,832088,1048576,1048576,0,0,0,0,5486036,516712,200288,106024,812160,106024,706136,27232,44032,0,0,0,65946116,8503192,34359738367,523236,0,82560,0,1128448,0,0,0,0,0,0,0,0,2048,0,509200,42385408,93323264
1744062109.001914,600003,21131156,0,131892232,123102940,123005028,0,1136736,0,259436,5314308,155388,4482220,104048,832088,1048576,1048576,0,0,0,0,5486036,516712,200288,106024,812160,106024,706136,27232,44032,0,0,0,65946116,8503192,34359738367,523236,0,82560,0,1128448,0,0,0,0,0,0,0,0,2048,0,509200,42385408,93323264
1744062110.001242,600003,21131156,0,131892232,123102932,123005020,0,1136736,0,259436,5314308,155388,4482220,104048,832088,1048576,1048576,0,0,0,0,5486036,516712,200288,106024,812168,106024,706144,27232,44032,0,0,0,65946116,8503192,34359738367,523236,0,82560,0,1128448,0,0,0,0,0,0,0,0,2048,0,509200,42385408,93323264
1744062111.001797,600003,21131156,0,131892232,123102932,123005020,0,1136736,0,259436,5314308,155388,4482220,104048,832088,1048576,1048576,0,0,0,0,5486036,516712,200288,106024,812168,106024,706144,27232,44032,0,0,0,65946116,8503192,34359738367,523236,0,82560,0,1128448,0,0,0,0,0,0,0,0,2048,0,509200,42385408,93323264
1744062112.001914,600003,21131156,0,131892232,123102932,123005020,0,1136736,0,259436,5314308,155388,4482220,104048,832088,1048576,1048576,0,0,0,0,5486036,516712,200288,106024,812168,106024,706144,27232,44032,0,0,0,65946116,8503192,34359738367,523236,0,82560,0,1128448,0,0,0,0,0,0,0,0,2048,0,509200,42385408,93323264
1744062113.001211,600003,21131156,0,131892232,123102932,123005020,0,1136736,0,259436,5314308,155388,4482220,104048,832088,1048576,1048576,0,0,0,0,5486036,516712,200288,106024,812168,106024,706144,27232,44032,0,0,0,65946116,8503192,34359738367,523236,0,82560,0,1128448,0,0,0,0,0,0,0,0,2048,0,509200,42385408,93323264
1744062114.001329,600003,21131156,0,131892232,123102932,123005020,0,1136736,0,259436,5314308,155388,4482220,104048,832088,1048576,1048576,0,0,0,0,5486036,516712,200288,106024,812168,106024,706144,27232,44032,0,0,0,65946116,8503192,34359738367,523236,0,82560,0,1128448,0,0,0,0,0,0,0,0,2048,0,509200,42385408,93323264
1744062115.001643,600003,21131156,0,131892232,123102900,123004988,0,1136736,0,259436,5314308,155388,4482220,104048,832088,1048576,1048576,0,0,0,0,5486036,516712,200288,106024,812200,106024,706176,27232,44032,0,0,0,65946116,8503192,34359738367,523236,0,82560,0,1128448,0,0,0,0,0,0,0,0,2048,0,509200,42385408,93323264
1744062116.001760,600003,21131156,0,131892232,123102900,123004988,0,1136736,0,259436,5314308,155388,4482220,104048,832088,1048576,1048576,0,0,0,0,5486036,516712,200288,106024,812200,106024,706176,27232,44032,0,0,0,65946116,8503192,34359738367,523236,0,82560,0,1128448,0,0,0,0,0,0,0,0,2048,0,509200,42385408,93323264
1744062117.002057,600003,21131156,0,131892232,123102900,123004988,0,1136736,0,259436,5314308,155388,4482220,104048,832088,1048576,1048576,0,0,0,0,5486036,516712,200288,106024,812200,106024,706176,27232,44032,0,0,0,65946116,8503192,34359738367,523236,0,82560,0,1128448,0,0,0,0,0,0,0,0,2048,0,509200,42385408,93323264
1744062118.001179,600003,21131156,0,131892232,123102908,123004996,0,1136736,0,259436,5314308,155388,4482220,104048,832088,1048576,1048576,0,0,0,0,5486036,516712,200288,106024,812200,106024,706176,27232,44032,0,0,0,65946116,8503192,34359738367,523220,0,82560,0,1128448,0,0,0,0,0,0,0,0,2048,0,509200,42385408,93323264
1744062119.001484,600003,21131156,0,131892232,123102908,123004996,0,1136736,0,259436,5314308,155388,4482220,104048,832088,1048576,1048576,0,0,0,0,5486036,516712,200288,106024,812200,106024,706176,27232,44032,0,0,0,65946116,8503192,34359738367,523220,0,82560,0,1128448,0,0,0,0,0,0,0,0,2048,0,509200,42385408,93323264
1744062120.012534,600003,21131156,0,131892232,123102932,123005020,0,1136736,0,259436,5314308,155388,4482220,104048,832088,1048576,1048576,0,0,0,0,5486036,516712,200288,106024,812200,106024,706176,27232,44032,0,0,0,65946116,8503192,34359738367,523220,0,82560,0,1128448,0,0,0,0,0,0,0,0,2048,0,509200,42385408,93323264
1744062121.001865,600003,21131156,0,131892232,123102932,123005020,0,1136736,0,259436,5314308,155388,4482220,104048,832088,1048576,1048576,0,0,0,0,5486036,516712,200288,106024,812200,106024,706176,27232,44032,0,0,0,65946116,8503192,34359738367,523220,0,82560,0,1128448,0,0,0,0,0,0,0,0,2048,0,509200,42385408,93323264
1744062122.001911,600003,21131156,0,131892232,123102952,123005040,0,1136736,0,259436,5314308,155388,4482220,104048,832088,1048576,1048576,0,0,0,0,5486036,516712,200288,106024,812200,106024,706176,27232,44032,0,0,0,65946116,8503192,34359738367,523220,0,82560,0,1128448,0,0,0,0,0,0,0,0,2048,0,509200,42385408,93323264
1744062123.001157,600003,21131156,0,131892232,123102952,123005040,0,1136736,0,259436,5314308,155388,4482220,104048,832088,1048576,1048576,0,0,0,0,5486036,516712,200288,106024,812200,106024,706176,27232,44032,0,0,0,65946116,8503192,34359738367,523220,0,82560,0,1128448,0,0,0,0,0,0,0,0,2048,0,509200,42385408,93323264
1744062124.001503,600003,21131156,0,131892232,123102952,123005040,0,1136736,0,259436,5314308,155388,4482220,104048,832088,1048576,1048576,0,0,0,0,5486036,516712,200288,106024,812200,106024,706176,27232,44032,0,0,0,65946116,8503192,34359738367,523220,0,82560,0,1128448,0,0,0,0,0,0,0,0,2048,0,509200,42385408,93323264
1744062125.001551,600003,21131156,0,131892232,123102952,123005040,0,1136736,0,259436,5314308,155388,4482220,104048,832088,1048576,1048576,0,0,0,0,5486036,516712,200288,106024,812200,106024,706176,27232,44032,0,0,0,65946116,8503192,34359738367,523220,0,82560,0,1128448,0,0,0,0,0,0,0,0,2048,0,509200,42385408,93323264
1744062126.001794,600003,21131156,0,131892232,123102952,123005040,0,1136736,0,259436,5314308,155388,4482220,104048,832088,1048576,1048576,0,0,0,0,5486036,516712,200288,106024,812200,106024,706176,27232,44032,0,0,0,65946116,8503192,34359738367,523220,0,82560,0,1128448,0,0,0,0,0,0,0,0,2048,0,509200,42385408,93323264
1744062127.002136,600003,21131156,0,131892232,123102952,123005040,0,1136736,0,259436,5314308,155388,4482220,104048,832088,1048576,1048576,0,0,0,0,5486036,516712,200288,106024,812200,106024,706176,27232,44032,0,0,0,65946116,8503192,34359738367,523220,0,82560,0,1128448,0,0,0,0,0,0,0,0,2048,0,509200,42385408,93323264
1744062128.001182,600003,21131156,0,131892232,123102952,123005040,0,1136736,0,259436,5314308,155388,4482220,104048,832088,1048576,1048576,0,0,0,0,5486036,516712,200288,106024,812200,106024,706176,27232,44032,0,0,0,65946116,8503192,34359738367,523220,0,82560,0,1128448,0,0,0,0,0,0,0,0,2048,0,509200,42385408,93323264
1744062129.001432,600003,21131156,0,131892232,123102952,123005040,0,1136736,0,259436,5314308,155388,4482220,104048,832088,1048576,1048576,0,0,0,0,5486036,516712,200288,106024,812200,106024,706176,27232,44032,0,0,0,65946116,8503192,34359738367,523220,0,82560,0,1128448,0,0,0,0,0,0,0,0,2048,0,509200,42385408,93323264
1744062130.001763,600003,21131156,0,131892232,123102952,123005040,0,1136736,0,259436,5314308,155388,4482220,104048,832088,1048576,1048576,0,0,0,0,5486036,516712,200288,106024,812200,106024,706176,27232,44032,0,0,0,65946116,8503192,34359738367,523220,0,82560,0,1128448,0,0,0,0,0,0,0,0,2048,0,509200,42385408,93323264
1744062131.001169,600003,21131156,0,131892232,123102980,123005068,0,1136736,0,259436,5314304,155388,4482216,104048,832088,1048576,1048576,0,0,0,0,5486036,516712,200288,106024,812200,106024,706176,27216,44032,0,0,0,65946116,8503192,34359738367,523204,0,82560,0,1128448,0,0,0,0,0,0,0,0,2048,0,509200,42385408,93323264
1744062132.001294,600003,21131156,0,131892232,123102980,123005068,0,1136736,0,259436,5314304,155388,4482216,104048,832088,1048576,1048576,0,0,0,0,5486036,516712,200288,106024,812200,106024,706176,27216,44032,0,0,0,65946116,8503192,34359738367,523204,0,82560,0,1128448,0,0,0,0,0,0,0,0,2048,0,509200,42385408,93323264
1744062133.001596,600003,21131156,0,131892232,123102984,123005072,0,1136736,0,259436,5314304,155388,4482216,104048,832088,1048576,1048576,0,0,0,0,5486036,516712,200288,106024,812200,106024,706176,27216,44032,0,0,0,65946116,8503192,34359738367,523204,0,82560,0,1128448,0,0,0,0,0,0,0,0,2048,0,509200,42385408,93323264
1744062134.001720,600003,21131156,0,131892232,123102984,123005072,0,1136736,0,259436,5314304,155388,4482216,104048,832088,1048576,1048576,0,0,0,0,5486036,516712,200288,106024,812200,106024,706176,27216,44032,0,0,0,65946116,8503192,34359738367,523204,0,82560,0,1128448,0,0,0,0,0,0,0,0,2048,0,509200,42385408,93323264
1744062135.002023,600003,21131156,0,131892232,123102984,123005072,0,1136736,0,259436,5314304,155388,4482216,104048,832088,1048576,1048576,0,0,0,0,5486036,516712,200288,106024,812200,106024,706176,27216,44032,0,0,0,65946116,8503192,34359738367,523204,0,82560,0,1128448,0,0,0,0,0,0,0,0,2048,0,509200,42385408,93323264
1744062136.001144,600003,21131156,0,131892232,123102976,123005064,0,1136736,0,259436,5314304,155388,4482216,104048,832088,1048576,1048576,0,0,0,0,5486036,516712,200288,106024,812208,106024,706184,27216,44032,0,0,0,65946116,8503192,34359738367,523204,0,82560,0,1128448,0,0,0,0,0,0,0,0,2048,0,509200,42385408,93323264
1744062137.001482,600003,21131156,0,131892232,123102976,123005064,0,1136736,0,259436,5314304,155388,4482216,104048,832088,1048576,1048576,0,0,0,0,5486036,516712,200288,106024,812208,106024,706184,27216,44032,0,0,0,65946116,8503192,34359738367,523204,0,82560,0,1128448,0,0,0,0,0,0,0,0,2048,0,509200,42385408,93323264
1744062138.001634,600003,21131156,0,131892232,123102976,123005064,0,1136736,0,259436,5314292,155388,4482204,104048,832088,1048576,1048576,0,0,0,0,5486036,516712,200288,106024,812208,106024,706184,27216,44032,0,0,0,65946116,8503192,34359738367,523204,0,82560,0,1128448,0,0,0,0,0,0,0,0,2048,0,509200,42385408,93323264
1744062139.001938,600003,21131156,0,131892232,123102976,123005064,0,1136736,0,259436,5314292,155388,4482204,104048,832088,1048576,1048576,0,0,0,0,5486036,516712,200288,106024,812208,106024,706184,27216,44032,0,0,0,65946116,8503192,34359738367,523204,0,82560,0,1128448,0,0,0,0,0,0,0,0,2048,0,509200,42385408,93323264
1744062140.013467,600003,21131156,0,131892232,123103240,123005328,0,1136736,0,259432,5314248,155384,4482160,104048,832088,1048576,1048576,0,0,0,0,5486040,516712,200288,106024,812208,106024,706184,27216,44032,0,0,0,65946116,8503192,34359738367,523172,0,82560,0,1128448,0,0,0,0,0,0,0,0,2048,0,509200,42385408,93323264
1744062141.001789,600003,21131156,0,131892232,123103240,123005328,0,1136736,0,259432,5314248,155384,4482160,104048,832088,1048576,1048576,0,0,0,0,5486040,516712,200288,106024,812208,106024,706184,27216,44032,0,0,0,65946116,8503192,34359738367,523172,0,82560,0,1128448,0,0,0,0,0,0,0,0,2048,0,509200,42385408,93323264
1744062142.001837,600003,21131156,0,131892232,123103240,123005328,0,1136736,0,259432,5314248,155384,4482160,104048,832088,1048576,1048576,0,0,0,0,5486040,516712,200288,106024,812208,106024,706184,27216,44032,0,0,0,65946116,8503192,34359738367,523172,0,82560,0,1128448,0,0,0,0,0,0,0,0,2048,0,509200,42385408,93323264
1744062143.001093,600003,21131156,0,131892232,123103240,123005328,0,1136736,0,259432,5314248,155384,4482160,104048,832088,1048576,1048576,0,0,0,0,5486040,516712,200288,106024,812208,106024,706184,27216,44032,0,0,0,65946116,8503192,34359738367,523172,0,82560,0,1128448,0,0,0,0,0,0,0,0,2048,0,509200,42385408,93323264
1744062144.001440,600003,21131156,0,131892232,123103240,123005328,0,1136736,0,259432,5314248,155384,4482160,104048,832088,1048576,1048576,0,0,0,0,5486040,516712,200288,106024,812208,106024,706184,27216,44032,0,0,0,65946116,8503192,34359738367,523172,0,82560,0,1128448,0,0,0,0,0,0,0,0,2048,0,509200,42385408,93323264
1744062145.001491,600003,21131156,0,131892232,123103240,123005328,0,1136736,0,259432,5314248,155384,4482160,104048,832088,1048576,1048576,0,0,0,0,5486040,516712,200288,106024,812208,106024,706184,27216,44032,0,0,0,65946116,8503192,34359738367,523172,0,82560,0,1128448,0,0,0,0,0,0,0,0,2048,0,509200,42385408,93323264
1744062146.001736,600003,21131156,0,131892232,123103240,123005328,0,1136736,0,259432,5314248,155384,4482160,104048,832088,1048576,1048576,0,0,0,0,5486040,516712,200288,106024,812208,106024,706184,27216,44032,0,0,0,65946116,8503192,34359738367,523172,0,82560,0,1128448,0,0,0,0,0,0,0,0,2048,0,509200,42385408,93323264
1744062147.002077,600003,21131156,0,131892232,123103268,123005356,0,1136736,0,259432,5314248,155384,4482160,104048,832088,1048576,1048576,0,0,0,0,5486040,516712,200288,106024,812208,106024,706184,27216,44032,0,0,0,65946116,8503192,34359738367,523172,0,82560,0,1128448,0,0,0,0,0,0,0,0,2048,0,509200,42385408,93323264
1744062148.001123,600003,21131156,0,131892232,123103244,123005332,0,1136736,0,259432,5314248,155384,4482160,104048,832088,1048576,1048576,0,0,0,0,5486040,516712,200288,106024,812232,106024,706208,27216,44032,0,0,0,65946116,8503192,34359738367,523172,0,82560,0,1128448,0,0,0,0,0,0,0,0,2048,0,509200,42385408,93323264
1744062149.001365,600003,21131156,0,131892232,123103244,123005332,0,1136736,0,259432,5314248,155384,4482160,104048,832088,1048576,1048576,0,0,0,0,5486040,516712,200288,106024,812232,106024,706208,27216,44032,0,0,0,65946116,8503192,34359738367,523172,0,82560,0,1128448,0,0,0,0,0,0,0,0,2048,0,509200,42385408,93323264
1744062150.001703,600003,21131156,0,131892232,123103244,123005332,0,1136736,0,259432,5314248,155384,4482160,104048,832088,1048576,1048576,0,0,0,0,5486040,516712,200288,106024,812232,106024,706208,27216,44032,0,0,0,65946116,8503192,34359738367,523172,0,82560,0,1128448,0,0,0,0,0,0,0,0,2048,0,509200,42385408,93323264
1744062151.001570,600003,21131156,0,131892232,123103244,123005332,0,1136736,0,259432,5314248,155384,4482160,104048,832088,1048576,1048576,0,0,0,0,5486040,516712,200288,106024,812232,106024,706208,27216,44032,0,0,0,65946116,8503192,34359738367,523172,0,82560,0,1128448,0,0,0,0,0,0,0,0,2048,0,509200,42385408,93323264
1744062152.001706,600003,21131156,0,131892232,123103244,123005332,0,1136736,0,259432,5314248,155384,4482160,104048,832088,1048576,1048576,0,0,0,0,5486040,516712,200288,106024,812232,106024,706208,27216,44032,0,0,0,65946116,8503192,34359738367,523172,0,82560,0,1128448,0,0,0,0,0,0,0,0,2048,0,509200,42385408,93323264
1744062153.002002,600003,21131156,0,131892232,123103244,123005332,0,1136736,0,259432,5314248,155384,4482160,104048,832088,1048576,1048576,0,0,0,0,5486040,516712,200288,106024,812232,106024,706208,27216,44032,0,0,0,65946116,8503192,34359738367,523172,0,82560,0,1128448,0,0,0,0,0,0,0,0,2048,0,509200,42385408,93323264
1744062154.001118,600003,21131156,0,131892232,123103244,123005332,0,1136736,0,259432,5314248,155384,4482160,104048,832088,1048576,1048576,0,0,0,0,5486040,516712,200288,106024,812232,106024,706208,27216,44032,0,0,0,65946116,8503192,34359738367,523172,0,82560,0,1128448,0,0,0,0,0,0,0,0,2048,0,509200,42385408,93323264
1744062155.001424,600003,21131156,0,131892232,123103244,123005332,0,1136736,0,259432,5314248,155384,4482160,104048,832088,1048576,1048576,0,0,0,0,5486040,516712,200288,106024,812232,106024,706208,27216,44032,0,0,0,65946116,8503192,34359738367,523172,0,82560,0,1128448,0,0,0,0,0,0,0,0,2048,0,509200,42385408,93323264
1744062156.001551,600003,21131156,0,131892232,123103236,123005324,0,1136736,0,259432,5314248,155384,4482160,104048,832088,1048576,1048576,0,0,0,0,5486040,516712,200288,106024,812240,106024,706216,27216,44032,0,0,0,65946116,8503192,34359738367,523172,0,82560,0,1128448,0,0,0,0,0,0,0,0,2048,0,509200,42385408,93323264
1744062157.001850,600003,21131156,0,131892232,123103236,123005324,0,1136736,0,259432,5314248,155384,4482160,104048,832088,1048576,1048576,0,0,0,0,5486040,516712,200288,106024,812240,106024,706216,27216,44032,0,0,0,65946116,8503192,34359738367,523172,0,82560,0,1128448,0,0,0,0,0,0,0,0,2048,0,509200,42385408,93323264
1744062158.001974,600003,21131156,0,131892232,123103236,123005324,0,1136736,0,259432,5314248,155384,4482160,104048,832088,1048576,1048576,0,0,0,0,5486040,516712,200288,106024,812240,106024,706216,27216,44032,0,0,0,65946116,8503192,34359738367,523172,0,82560,0,1128448,0,0,0,0,0,0,0,0,2048,0,509200,42385408,93323264
1744062159.001271,600003,21131156,0,131892232,123103204,123005292,0,1136736,0,259432,5314248,155384,4482160,104048,832088,1048576,1048576,0,0,0,0,5486040,516712,200288,106024,812272,106024,706248,27216,44032,0,0,0,65946116,8503192,34359738367,523172,0,82560,0,1128448,0,0,0,0,0,0,0,0,2048,0,509200,42385408,93323264
1744062160.012879,600003,21131156,0,131892232,123103204,123005292,0,1136736,0,259432,5314248,155384,4482160,104048,832088,1048576,1048576,0,0,0,0,5486040,516712,200288,106024,812272,106024,706248,27216,44032,0,0,0,65946116,8503192,34359738367,523172,0,82560,0,1128448,0,0,0,0,0,0,0,0,2048,0,509200,42385408,93323264
1744062161.001204,600003,21131156,0,131892232,123103204,123005292,0,1136736,0,259432,5314248,155384,4482160,104048,832088,1048576,1048576,0,0,0,0,5486040,516712,200288,106024,812272,106024,706248,27216,44032,0,0,0,65946116,8503192,34359738367,523172,0,82560,0,1128448,0,0,0,0,0,0,0,0,2048,0,509200,42385408,93323264
1744062162.001256,600003,21131156,0,131892232,123103204,123005292,0,1136736,0,259432,5314248,155384,4482160,104048,832088,1048576,1048576,0,0,0,0,5486040,516712,200288,106024,812272,106024,706248,27216,44032,0,0,0,65946116,8503192,34359738367,523172,0,82560,0,1128448,0,0,0,0,0,0,0,0,2048,0,509200,42385408,93323264
1744062163.001519,600003,21131156,0,131892232,123103204,123005292,0,1136736,0,259432,5314248,155384,4482160,104048,832088,1048576,1048576,0,0,0,0,5486040,516712,200288,106024,812272,106024,706248,27216,44032,0,0,0,65946116,8503192,34359738367,523172,0,82560,0,1128448,0,0,0,0,0,0,0,0,2048,0,509200,42385408,93323264
1744062164.001851,600003,21131156,0,131892232,123103204,123005292,0,1136736,0,259432,5314248,155384,4482160,104048,832088,1048576,1048576,0,0,0,0,5486040,516712,200288,106024,812272,106024,706248,27216,44032,0,0,0,65946116,8503192,34359738367,523172,0,82560,0,1128448,0,0,0,0,0,0,0,0,2048,0,509200,42385408,93323264
1744062165.001898,600003,21131156,0,131892232,123103204,123005292,0,1136736,0,259432,5314248,155384,4482160,104048,832088,1048576,1048576,0,0,0,0,5486040,516712,200288,106024,812272,106024,706248,27216,44032,0,0,0,65946116,8503192,34359738367,523172,0,82560,0,1128448,0,0,0,0,0,0,0,0,2048,0,509200,42385408,93323264
1744062166.001138,600003,21131156,0,131892232,123103204,123005292,0,1136736,0,259432,5314248,155384,4482160,104048,832088,1048576,1048576,0,0,0,0,5486040,516712,200288,106024,812272,106024,706248,27216,44032,0,0,0,65946116,8503192,34359738367,523172,0,82560,0,1128448,0,0,0,0,0,0,0,0,2048,0,509200,42385408,93323264
1744062167.001482,600003,21131156,0,131892232,123103204,123005292,0,1136736,0,259432,5314248,155384,4482160,104048,832088,1048576,1048576,0,0,0,0,5486040,516712,200288,106024,812272,106024,706248,27216,44032,0,0,0,65946116,8503192,34359738367,523172,0,82560,0,1128448,0,0,0,0,0,0,0,0,2048,0,509200,42385408,93323264
1744062168.001531,600003,21131156,0,131892232,123103204,123005292,0,1136736,0,259432,5314248,155384,4482160,104048,832088,1048576,1048576,0,0,0,0,5486040,516712,200288,106024,812272,106024,706248,27216,44032,0,0,0,65946116,8503192,34359738367,523172,0,82560,0,1128448,0,0,0,0,0,0,0,0,2048,0,509200,42385408,93323264
1744062169.001780,600003,21131156,0,131892232,123103204,123005292,0,1136736,0,259432,5314248,155384,4482160,104048,832088,1048576,1048576,0,0,0,0,5486040,516712,200288,106024,812272,106024,706248,27216,44032,0,0,0,65946116,8503192,34359738367,523172,0,82560,0,1128448,0,0,0,0,0,0,0,0,2048,0,509200,42385408,93323264
1744062170.002111,600003,21131156,0,131892232,123103204,123005292,0,1136736,0,259432,5314248,155384,4482160,104048,832088,1048576,1048576,0,0,0,0,5486040,516712,200288,106024,812272,106024,706248,27216,44032,0,0,0,65946116,8503192,34359738367,523172,0,82560,0,1128448,0,0,0,0,0,0,0,0,2048,0,509200,42385408,93323264
1744062171.001494,600003,21131156,0,131892232,123103204,123005292,0,1136736,0,259432,5314248,155384,4482160,104048,832088,1048576,1048576,0,0,0,0,5486040,516712,200288,106024,812272,106024,706248,27216,44032,0,0,0,65946116,8503192,34359738367,523172,0,82560,0,1128448,0,0,0,0,0,0,0,0,2048,0,509200,42385408,93323264
1744062172.001613,600003,21131156,0,131892232,123103204,123005292,0,1136736,0,259432,5314248,155384,4482160,104048,832088,1048576,1048576,0,0,0,0,5486040,516712,200288,106024,812272,106024,706248,27216,44032,0,0,0,65946116,8503192,34359738367,523172,0,82560,0,1128448,0,0,0,0,0,0,0,0,2048,0,509200,42385408,93323264
1744062173.001908,600003,21131156,0,131892232,123103204,123005292,0,1136736,0,259432,5314248,155384,4482160,104048,832088,1048576,1048576,0,0,0,0,5486040,516712,200288,106024,812272,106024,706248,27216,44032,0,0,0,65946116,8503192,34359738367,523172,0,82560,0,1128448,0,0,0,0,0,0,0,0,2048,0,509200,42385408,93323264
1744062174.002022,600003,21131156,0,131892232,123103204,123005292,0,1136736,0,259432,5314248,155384,4482160,104048,832088,1048576,1048576,0,0,0,0,5486040,516712,200288,106024,812272,106024,706248,27216,44032,0,0,0,65946116,8503192,34359738367,523172,0,82560,0,1128448,0,0,0,0,0,0,0,0,2048,0,509200,42385408,93323264
1744062175.001318,600003,21131156,0,131892232,123103204,123005292,0,1136736,0,259432,5314248,155384,4482160,104048,832088,1048576,1048576,0,0,0,0,5486040,516712,200288,106024,812272,106024,706248,27216,44032,0,0,0,65946116,8503192,34359738367,523172,0,82560,0,1128448,0,0,0,0,0,0,0,0,2048,0,509200,42385408,93323264
1744062176.001443,600003,21131156,0,131892232,123103204,123005292,0,1136736,0,259432,5314248,155384,4482160,104048,832088,1048576,1048576,0,0,0,0,5486040,516712,200288,106024,812272,106024,706248,27216,44032,0,0,0,65946116,8503192,34359738367,523172,0,82560,0,1128448,0,0,0,0,0,0,0,0,2048,0,509200,42385408,93323264
1744062177.001739,600003,21131156,0,131892232,123103204,123005292,0,1136736,0,259432,5314248,155384,4482160,104048,832088,1048576,1048576,0,0,0,0,5486040,516712,200288,106024,812272,106024,706248,27216,44032,0,0,0,65946116,8503192,34359738367,523172,0,82560,0,1128448,0,0,0,0,0,0,0,0,2048,0,509200,42385408,93323264
1744062178.001865,600003,21131156,0,131892232,123103204,123005292,0,1136736,0,259432,5314248,155384,4482160,104048,832088,1048576,1048576,0,0,0,0,5486040,516712,200288,106024,812272,106024,706248,27216,44032,0,0,0,65946116,8503192,34359738367,523172,0,82560,0,1128448,0,0,0,0,0,0,0,0,2048,0,509200,42385408,93323264
1744062179.002163,600003,21131156,0,131892232,123103204,123005292,0,1136736,0,259432,5314248,155384,4482160,104048,832088,1048576,1048576,0,0,0,0,5486040,516712,200288,106024,812272,106024,706248,27216,44032,0,0,0,65946116,8503192,34359738367,523172,0,82560,0,1128448,0,0,0,0,0,0,0,0,2048,0,509200,42385408,93323264
1744062180.012311,600003,21131156,0,131892232,123103204,123005292,0,1136736,0,259432,5314248,155384,4482160,104048,832088,1048576,1048576,0,0,0,0,5486040,516712,200288,106024,812272,106024,706248,27216,44032,0,0,0,65946116,8503192,34359738367,523172,0,82560,0,1128448,0,0,0,0,0,0,0,0,2048,0,509200,42385408,93323264
1744062181.001641,600003,21131156,0,131892232,123103196,123005284,0,1136736,0,259432,5314248,155384,4482160,104048,832088,1048576,1048576,0,0,0,0,5486040,516712,200288,106024,812280,106024,706256,27216,44032,0,0,0,65946116,8503192,34359738367,523172,0,82560,0,1128448,0,0,0,0,0,0,0,0,2048,0,509200,42385408,93323264
1744062182.001688,600003,21131156,0,131892232,123103196,123005284,0,1136736,0,259432,5314248,155384,4482160,104048,832088,1048576,1048576,0,0,0,0,5486040,516712,200288,106024,812280,106024,706256,27216,44032,0,0,0,65946116,8503192,34359738367,523172,0,82560,0,1128448,0,0,0,0,0,0,0,0,2048,0,509200,42385408,93323264
1744062183.001941,600003,21131156,0,131892232,123103196,123005284,0,1136736,0,259432,5314248,155384,4482160,104048,832088,1048576,1048576,0,0,0,0,5486040,516712,200288,106024,812280,106024,706256,27216,44032,0,0,0,65946116,8503192,34359738367,523172,0,82560,0,1128448,0,0,0,0,0,0,0,0,2048,0,509200,42385408,93323264
1744062184.001274,600003,21131156,0,131892232,123103188,123005276,0,1136736,0,259432,5314248,155384,4482160,104048,832088,1048576,1048576,0,0,0,0,5486040,516712,200288,106024,812288,106024,706264,27216,44032,0,0,0,65946116,8503192,34359738367,523172,0,82560,0,1128448,0,0,0,0,0,0,0,0,2048,0,509200,42385408,93323264
1744062185.001319,600003,21131156,0,131892232,123103188,123005276,0,1136736,0,259432,5314248,155384,4482160,104048,832088,1048576,1048576,0,0,0,0,5486040,516712,200288,106024,812288,106024,706264,27216,44032,0,0,0,65946116,8503192,34359738367,523172,0,82560,0,1128448,0,0,0,0,0,0,0,0,2048,0,509200,42385408,93323264
1744062186.001568,600003,21131156,0,131892232,123103188,123005276,0,1136736,0,259432,5314248,155384,4482160,104048,832088,1048576,1048576,0,0,0,0,5486040,516712,200288,106024,812288,106024,706264,27216,44032,0,0,0,65946116,8503192,34359738367,523172,0,82560,0,1128448,0,0,0,0,0,0,0,0,2048,0,509200,42385408,93323264
1744062187.001905,600003,21131156,0,131892232,123103196,123005284,0,1136736,0,259432,5314248,155384,4482160,104048,832088,1048576,1048576,0,0,0,0,5486040,516712,200288,106024,812288,106024,706264,27216,44032,0,0,0,65946116,8503192,34359738367,523172,0,82560,0,1128448,0,0,0,0,0,0,0,0,2048,0,509200,42385408,93323264
1744062188.001953,600003,21131156,0,131892232,123103196,123005284,0,1136736,0,259432,5314248,155384,4482160,104048,832088,1048576,1048576,0,0,0,0,5486040,516712,200288,106024,812288,106024,706264,27216,44032,0,0,0,65946116,8503192,34359738367,523172,0,82560,0,1128448,0,0,0,0,0,0,0,0,2048,0,509200,42385408,93323264
1744062189.001198,600003,21131156,0,131892232,123103196,123005284,0,1136736,0,259432,5314248,155384,4482160,104048,832088,1048576,1048576,0,0,0,0,5486040,516712,200288,106024,812288,106024,706264,27216,44032,0,0,0,65946116,8503192,34359738367,523172,0,82560,0,1128448,0,0,0,0,0,0,0,0,2048,0,509200,42385408,93323264
1744062190.001535,600003,21131156,0,131892232,123103196,123005284,0,1136736,0,259432,5314248,155384,4482160,104048,832088,1048576,1048576,0,0,0,0,5486040,516712,200288,106024,812288,106024,706264,27216,44032,0,0,0,65946116,8503192,34359738367,523172,0,82560,0,1128448,0,0,0,0,0,0,0,0,2048,0,509200,42385408,93323264
1744062191.001410,600003,21131156,0,131892232,123103196,123005284,0,1136736,0,259432,5314248,155384,4482160,104048,832088,1048576,1048576,0,0,0,0,5486040,516712,200288,106024,812288,106024,706264,27216,44032,0,0,0,65946116,8503192,34359738367,523172,0,82560,0,1128448,0,0,0,0,0,0,0,0,2048,0,509200,42385408,93323264
1744062192.001546,600003,21131156,0,131892232,123103196,123005284,0,1136736,0,259432,5314248,155384,4482160,104048,832088,1048576,1048576,0,0,0,0,5486040,516712,200288,106024,812288,106024,706264,27216,44032,0,0,0,65946116,8503192,34359738367,523172,0,82560,0,1128448,0,0,0,0,0,0,0,0,2048,0,509200,42385408,93323264
1744062193.001844,600003,21131156,0,131892232,123103196,123005284,0,1136736,0,259432,5314248,155384,4482160,104048,832088,1048576,1048576,0,0,0,0,5486040,516712,200288,106024,812288,106024,706264,27216,44032,0,0,0,65946116,8503192,34359738367,523172,0,82560,0,1128448,0,0,0,0,0,0,0,0,2048,0,509200,42385408,93323264
1744062194.001964,600003,21131156,0,131892232,123103196,123005284,0,1136736,0,259432,5314248,155384,4482160,104048,832088,1048576,1048576,0,0,0,0,5486040,516712,200288,106024,812288,106024,706264,27216,44032,0,0,0,65946116,8503192,34359738367,523172,0,82560,0,1128448,0,0,0,0,0,0,0,0,2048,0,509200,42385408,93323264
1744062195.001261,600003,21131156,0,131892232,123103196,123005284,0,1136736,0,259432,5314248,155384,4482160,104048,832088,1048576,1048576,0,0,0,0,5486040,516712,200288,106024,812288,106024,706264,27216,44032,0,0,0,65946116,8503192,34359738367,523172,0,82560,0,1128448,0,0,0,0,0,0,0,0,2048,0,509200,42385408,93323264
1744062196.001389,600003,21131156,0,131892232,123103196,123005284,0,1136736,0,259432,5314248,155384,4482160,104048,832088,1048576,1048576,0,0,0,0,5486040,516712,200288,106024,812288,106024,706264,27216,44032,0,0,0,65946116,8503192,34359738367,523172,0,82560,0,1128448,0,0,0,0,0,0,0,0,2048,0,509200,42385408,93323264
1744062197.001685,600003,21131156,0,131892232,123103196,123005284,0,1136736,0,259432,5314248,155384,4482160,104048,832088,1048576,1048576,0,0,0,0,5486040,516712,200288,106024,812288,106024,706264,27216,44032,0,0,0,65946116,8503192,34359738367,523172,0,82560,0,1128448,0,0,0,0,0,0,0,0,2048,0,509200,42385408,93323264
1744062198.001809,600003,21131156,0,131892232,123103196,123005284,0,1136736,0,259432,5314248,155384,4482160,104048,832088,1048576,1048576,0,0,0,0,5486040,516712,200288,106024,812288,106024,706264,27216,44032,0,0,0,65946116,8503192,34359738367,523172,0,82560,0,1128448,0,0,0,0,0,0,0,0,2048,0,509200,42385408,93323264
1744062199.002111,600003,21131156,0,131892232,123103196,123005284,0,1136736,0,259432,5314248,155384,4482160,104048,832088,1048576,1048576,0,0,0,0,5486040,516712,200288,106024,812288,106024,706264,27216,44032,0,0,0,65946116,8503192,34359738367,523172,0,82560,0,1128448,0,0,0,0,0,0,0,0,2048,0,509200,42385408,93323264
1744062200.012957,600003,21131156,0,131892232,123103196,123005284,0,1136736,0,259432,5314248,155384,4482160,104048,832088,1048576,1048576,0,0,0,0,5486040,516712,200288,106024,812288,106024,706264,27216,44032,0,0,0,65946116,8503192,34359738367,523172,0,82560,0,1128448,0,0,0,0,0,0,0,0,2048,0,509200,42385408,93323264
1744062201.001282,600003,21131156,0,131892232,123103196,123005284,0,1136736,0,259432,5314248,155384,4482160,104048,832088,1048576,1048576,0,0,0,0,5486040,516712,200288,106024,812288,106024,706264,27216,44032,0,0,0,65946116,8503192,34359738367,523172,0,82560,0,1128448,0,0,0,0,0,0,0,0,2048,0,509200,42385408,93323264
1744062202.001329,600003,21131156,0,131892232,123103196,123005284,0,1136736,0,259432,5314248,155384,4482160,104048,832088,1048576,1048576,0,0,0,0,5486040,516712,200288,106024,812288,106024,706264,27216,44032,0,0,0,65946116,8503192,34359738367,523172,0,82560,0,1128448,0,0,0,0,0,0,0,0,2048,0,509200,42385408,93323264
1744062203.001581,600003,21131156,0,131892232,123103196,123005284,0,1136736,0,259432,5314248,155384,4482160,104048,832088,1048576,1048576,0,0,0,0,5486040,516712,200288,106024,812288,106024,706264,27216,44032,0,0,0,65946116,8503192,34359738367,523172,0,82560,0,1128448,0,0,0,0,0,0,0,0,2048,0,509200,42385408,93323264
1744062204.001912,600003,21131156,0,131892232,123103196,123005284,0,1136736,0,259432,5314248,155384,4482160,104048,832088,1048576,1048576,0,0,0,0,5486040,516712,200288,106024,812288,106024,706264,27216,44032,0,0,0,65946116,8503192,34359738367,523172,0,82560,0,1128448,0,0,0,0,0,0,0,0,2048,0,509200,42385408,93323264
1744062205.001960,600003,21131156,0,131892232,123103196,123005284,0,1136736,0,259432,5314248,155384,4482160,104048,832088,1048576,1048576,0,0,0,0,5486040,516712,200288,106024,812288,106024,706264,27216,44032,0,0,0,65946116,8503192,34359738367,523172,0,82560,0,1128448,0,0,0,0,0,0,0,0,2048,0,509200,42385408,93323264
1744062206.001200,600003,21131156,0,131892232,123103196,123005284,0,1136736,0,259432,5314248,155384,4482160,104048,832088,1048576,1048576,0,0,0,0,5486040,516712,200288,106024,812288,106024,706264,27216,44032,0,0,0,65946116,8503192,34359738367,523172,0,82560,0,1128448,0,0,0,0,0,0,0,0,2048,0,509200,42385408,93323264
1744062207.001546,600003,21131156,0,131892232,123103196,123005284,0,1136736,0,259432,5314248,155384,4482160,104048,832088,1048576,1048576,0,0,0,0,5486040,516712,200288,106024,812288,106024,706264,27216,44032,0,0,0,65946116,8503192,34359738367,523172,0,82560,0,1128448,0,0,0,0,0,0,0,0,2048,0,509200,42385408,93323264
1744062208.001592,600003,21131156,0,131892232,123103196,123005284,0,1136736,0,259432,5314248,155384,4482160,104048,832088,1048576,1048576,0,0,0,0,5486040,516712,200288,106024,812288,106024,706264,27216,44032,0,0,0,65946116,8503192,34359738367,523172,0,82560,0,1128448,0,0,0,0,0,0,0,0,2048,0,509200,42385408,93323264
1744062209.001839,600003,21131156,0,131892232,123103196,123005284,0,1136736,0,259432,5314248,155384,4482160,104048,832088,1048576,1048576,0,0,0,0,5486040,516712,200288,106024,812288,106024,706264,27216,44032,0,0,0,65946116,8503192,34359738367,523172,0,82560,0,1128448,0,0,0,0,0,0,0,0,2048,0,509200,42385408,93323264
1744062210.002174,600003,21131156,0,131892232,123103196,123005284,0,1136736,0,259432,5314248,155384,4482160,104048,832088,1048576,1048576,0,0,0,0,5486040,516712,200288,106024,812288,106024,706264,27216,44032,0,0,0,65946116,8503192,34359738367,523172,0,82560,0,1128448,0,0,0,0,0,0,0,0,2048,0,509200,42385408,93323264
1744062211.002135,600003,21131156,0,131892232,123103196,123005284,0,1136736,0,259432,5314248,155384,4482160,104048,832088,1048576,1048576,0,0,0,0,5486040,516712,200288,106024,812288,106024,706264,27216,44032,0,0,0,65946116,8503192,34359738367,523172,0,82560,0,1128448,0,0,0,0,0,0,0,0,2048,0,509200,42385408,93323264
1744062212.001256,600003,21131156,0,131892232,123103228,123005316,0,1136736,0,259432,5314248,155384,4482160,104048,832088,1048576,1048576,0,0,0,0,5486040,516712,200288,106024,812256,106024,706232,27216,44032,0,0,0,65946116,8503192,34359738367,523172,0,82560,0,1128448,0,0,0,0,0,0,0,0,2048,0,509200,42385408,93323264
1744062213.001569,600003,21131156,0,131892232,123103228,123005316,0,1136736,0,259432,5314248,155384,4482160,104048,832088,1048576,1048576,0,0,0,0,5486040,516712,200288,106024,812256,106024,706232,27216,44032,0,0,0,65946116,8503192,34359738367,523172,0,82560,0,1128448,0,0,0,0,0,0,0,0,2048,0,509200,42385408,93323264
1744062214.001686,600003,21131156,0,131892232,123103228,123005316,0,1136736,0,259432,5314248,155384,4482160,104048,832088,1048576,1048576,0,0,0,0,5486040,516712,200288,106024,812256,106024,706232,27216,44032,0,0,0,65946116,8503192,34359738367,523172,0,82560,0,1128448,0,0,0,0,0,0,0,0,2048,0,509200,42385408,93323264
1744062215.001988,600003,21131156,0,131892232,123103228,123005316,0,1136736,0,259432,5314248,155384,4482160,104048,832088,1048576,1048576,0,0,0,0,5486040,516712,200288,106024,812256,106024,706232,27216,44032,0,0,0,65946116,8503192,34359738367,523172,0,82560,0,1128448,0,0,0,0,0,0,0,0,2048,0,509200,42385408,93323264
1744062216.001107,600003,21131156,0,131892232,123103228,123005316,0,1136736,0,259432,5314248,155384,4482160,104048,832088,1048576,1048576,0,0,0,0,5486040,516712,200288,106024,812256,106024,706232,27216,44032,0,0,0,65946116,8503192,34359738367,523172,0,82560,0,1128448,0,0,0,0,0,0,0,0,2048,0,509200,42385408,93323264
1744062217.001410,600003,21131156,0,131892232,123103228,123005316,0,1136736,0,259432,5314248,155384,4482160,104048,832088,1048576,1048576,0,0,0,0,5486040,516712,200288,106024,812256,106024,706232,27216,44032,0,0,0,65946116,8503192,34359738367,523172,0,82560,0,1128448,0,0,0,0,0,0,0,0,2048,0,509200,42385408,93323264
1744062218.001530,600003,21131156,0,131892232,123103228,123005316,0,1136736,0,259432,5314248,155384,4482160,104048,832088,1048576,1048576,0,0,0,0,5486040,516712,200288,106024,812256,106024,706232,27216,44032,0,0,0,65946116,8503192,34359738367,523172,0,82560,0,1128448,0,0,0,0,0,0,0,0,2048,0,509200,42385408,93323264
1744062219.001830,600003,21131156,0,131892232,123103228,123005316,0,1136736,0,259432,5314248,155384,4482160,104048,832088,1048576,1048576,0,0,0,0,5486040,516712,200288,106024,812256,106024,706232,27216,44032,0,0,0,65946116,8503192,34359738367,523172,0,82560,0,1128448,0,0,0,0,0,0,0,0,2048,0,509200,42385408,93323264
1744062220.013062,600003,21131156,0,131892232,123103228,123005316,0,1136736,0,259432,5314248,155384,4482160,104048,832088,1048576,1048576,0,0,0,0,5486040,516712,200288,106024,812256,106024,706232,27216,44032,0,0,0,65946116,8503192,34359738367,523172,0,82560,0,1128448,0,0,0,0,0,0,0,0,2048,0,509200,42385408,93323264
1744062221.001391,600003,21131156,0,131892232,123103228,123005316,0,1136736,0,259432,5314248,155384,4482160,104048,832088,1048576,1048576,0,0,0,0,5486040,516712,200288,106024,812256,106024,706232,27216,44032,0,0,0,65946116,8503192,34359738367,523172,0,82560,0,1128448,0,0,0,0,0,0,0,0,2048,0,509200,42385408,93323264
1744062222.001441,600003,21131156,0,131892232,123103228,123005316,0,1136736,0,259432,5314248,155384,4482160,104048,832088,1048576,1048576,0,0,0,0,5486040,516712,200288,106024,812256,106024,706232,27216,44032,0,0,0,65946116,8503192,34359738367,523172,0,82560,0,1128448,0,0,0,0,0,0,0,0,2048,0,509200,42385408,93323264
1744062223.001694,600003,21131156,0,131892232,123103228,123005316,0,1136736,0,259432,5314248,155384,4482160,104048,832088,1048576,1048576,0,0,0,0,5486040,516712,200288,106024,812256,106024,706232,27216,44032,0,0,0,65946116,8503192,34359738367,523172,0,82560,0,1128448,0,0,0,0,0,0,0,0,2048,0,509200,42385408,93323264
1744062224.002026,600003,21131156,0,131892232,123103228,123005316,0,1136736,0,259432,5314248,155384,4482160,104048,832088,1048576,1048576,0,0,0,0,5486040,516712,200288,106024,812256,106024,706232,27216,44032,0,0,0,65946116,8503192,34359738367,523172,0,82560,0,1128448,0,0,0,0,0,0,0,0,2048,0,509200,42385408,93323264
1744062225.001070,600003,21131156,0,131892232,123103228,123005316,0,1136736,0,259432,5314248,155384,4482160,104048,832088,1048576,1048576,0,0,0,0,5486040,516712,200288,106024,812256,106024,706232,27216,44032,0,0,0,65946116,8503192,34359738367,523172,0,82560,0,1128448,0,0,0,0,0,0,0,0,2048,0,509200,42385408,93323264
1744062226.001310,600003,21131156,0,131892232,123103228,123005316,0,1136736,0,259432,5314248,155384,4482160,104048,832088,1048576,1048576,0,0,0,0,5486040,516712,200288,106024,812256,106024,706232,27216,44032,0,0,0,65946116,8503192,34359738367,523172,0,82560,0,1128448,0,0,0,0,0,0,0,0,2048,0,509200,42385408,93323264
1744062227.001653,600003,21131156,0,131892232,123103228,123005316,0,1136736,0,259432,5314248,155384,4482160,104048,832088,1048576,1048576,0,0,0,0,5486040,516712,200288,106024,812256,106024,706232,27216,44032,0,0,0,65946116,8503192,34359738367,523172,0,82560,0,1128448,0,0,0,0,0,0,0,0,2048,0,509200,42385408,93323264
1744062228.001702,600003,21131156,0,131892232,123103228,123005316,0,1136736,0,259432,5314248,155384,4482160,104048,832088,1048576,1048576,0,0,0,0,5486040,516712,200288,106024,812256,106024,706232,27216,44032,0,0,0,65946116,8503192,34359738367,523172,0,82560,0,1128448,0,0,0,0,0,0,0,0,2048,0,509200,42385408,93323264
1744062229.001947,600003,21131156,0,131892232,123103228,123005316,0,1136736,0,259432,5314248,155384,4482160,104048,832088,1048576,1048576,0,0,0,0,5486040,516712,200288,106024,812256,106024,706232,27216,44032,0,0,0,65946116,8503192,34359738367,523172,0,82560,0,1128448,0,0,0,0,0,0,0,0,2048,0,509200,42385408,93323264
1744062230.001281,600003,21131156,0,131892232,123103228,123005316,0,1136736,0,259432,5314248,155384,4482160,104048,832088,1048576,1048576,0,0,0,0,5486040,516712,200288,106024,812256,106024,706232,27216,44032,0,0,0,65946116,8503192,34359738367,523172,0,82560,0,1128448,0,0,0,0,0,0,0,0,2048,0,509200,42385408,93323264
1744062231.001993,600003,21131156,0,131892232,123103228,123005316,0,1136736,0,259432,5314248,155384,4482160,104048,832088,1048576,1048576,0,0,0,0,5486040,516712,200288,106024,812256,106024,706232,27216,44032,0,0,0,65946116,8503192,34359738367,523172,0,82560,0,1128448,0,0,0,0,0,0,0,0,2048,0,509200,42385408,93323264
1744062232.001114,600003,21131156,0,131892232,123103228,123005316,0,1136736,0,259432,5314248,155384,4482160,104048,832088,1048576,1048576,0,0,0,0,5486040,516712,200288,106024,812256,106024,706232,27216,44032,0,0,0,65946116,8503192,34359738367,523172,0,82560,0,1128448,0,0,0,0,0,0,0,0,2048,0,509200,42385408,93323264
1744062233.001415,600003,21131156,0,131892232,123103228,123005316,0,1136736,0,259432,5314248,155384,4482160,104048,832088,1048576,1048576,0,0,0,0,5486040,516712,200288,106024,812256,106024,706232,27216,44032,0,0,0,65946116,8503192,34359738367,523172,0,82560,0,1128448,0,0,0,0,0,0,0,0,2048,0,509200,42385408,93323264
1744062234.001539,600003,21131156,0,131892232,123103228,123005316,0,1136736,0,259432,5314248,155384,4482160,104048,832088,1048576,1048576,0,0,0,0,5486040,516712,200288,106024,812256,106024,706232,27216,44032,0,0,0,65946116,8503192,34359738367,523172,0,82560,0,1128448,0,0,0,0,0,0,0,0,2048,0,509200,42385408,93323264
1744062235.001837,600003,21131156,0,131892232,123103228,123005316,0,1136736,0,259432,5314248,155384,4482160,104048,832088,1048576,1048576,0,0,0,0,5486040,516712,200288,106024,812256,106024,706232,27216,44032,0,0,0,65946116,8503192,34359738367,523172,0,82560,0,1128448,0,0,0,0,0,0,0,0,2048,0,509200,42385408,93323264
1744062236.001954,600003,21131156,0,131892232,123103228,123005316,0,1136736,0,259432,5314248,155384,4482160,104048,832088,1048576,1048576,0,0,0,0,5486040,516712,200288,106024,812256,106024,706232,27216,44032,0,0,0,65946116,8503192,34359738367,523172,0,82560,0,1128448,0,0,0,0,0,0,0,0,2048,0,509200,42385408,93323264
1744062237.001248,600003,21131156,0,131892232,123103228,123005316,0,1136736,0,259432,5314248,155384,4482160,104048,832088,1048576,1048576,0,0,0,0,5486040,516712,200288,106024,812256,106024,706232,27216,44032,0,0,0,65946116,8503192,34359738367,523172,0,82560,0,1128448,0,0,0,0,0,0,0,0,2048,0,509200,42385408,93323264
1744062238.001386,600003,21131156,0,131892232,123103200,123005288,0,1136736,0,259432,5314248,155384,4482160,104048,832088,1048576,1048576,0,0,0,0,5486040,516712,200288,106024,812256,106024,706232,27216,44032,0,0,0,65946116,8503192,34359738367,523188,0,82560,0,1128448,0,0,0,0,0,0,0,0,2048,0,509200,42385408,93323264
1744062239.001689,600003,21131156,0,131892232,123103200,123005288,0,1136736,0,259432,5314248,155384,4482160,104048,832088,1048576,1048576,0,0,0,0,5486040,516712,200288,106024,812256,106024,706232,27216,44032,0,0,0,65946116,8503192,34359738367,523188,0,82560,0,1128448,0,0,0,0,0,0,0,0,2048,0,509200,42385408,93323264
1744062240.012976,600003,21131156,0,131892232,123103200,123005288,0,1136736,0,259432,5314248,155384,4482160,104048,832088,1048576,1048576,0,0,0,0,5486040,516712,200288,106024,812256,106024,706232,27216,44032,0,0,0,65946116,8503192,34359738367,523188,0,82560,0,1128448,0,0,0,0,0,0,0,0,2048,0,509200,42385408,93323264
1744062241.001301,600003,21131156,0,131892232,123103192,123005280,0,1136736,0,259432,5314248,155384,4482160,104048,832088,1048576,1048576,0,0,0,0,5486040,516712,200288,106024,812264,106024,706240,27216,44032,0,0,0,65946116,8503192,34359738367,523188,0,82560,0,1128448,0,0,0,0,0,0,0,0,2048,0,509200,42385408,93323264
1744062242.001347,600003,21131156,0,131892232,123103192,123005280,0,1136736,0,259432,5314248,155384,4482160,104048,832088,1048576,1048576,0,0,0,0,5486040,516712,200288,106024,812264,106024,706240,27216,44032,0,0,0,65946116,8503192,34359738367,523188,0,82560,0,1128448,0,0,0,0,0,0,0,0,2048,0,509200,42385408,93323264
1744062243.001600,600003,21131156,0,131892232,123103184,123005272,0,1136736,0,259432,5314248,155384,4482160,104048,832088,1048576,1048576,0,0,0,0,5486040,516712,200288,106024,812272,106024,706248,27216,44032,0,0,0,65946116,8503192,34359738367,523188,0,82560,0,1128448,0,0,0,0,0,0,0,0,2048,0,509200,42385408,93323264
1744062244.001933,600003,21131156,0,131892232,123103184,123005272,0,1136736,0,259432,5314248,155384,4482160,104048,832088,1048576,1048576,0,0,0,0,5486040,516712,200288,106024,812272,106024,706248,27216,44032,0,0,0,65946116,8503192,34359738367,523188,0,82560,0,1128448,0,0,0,0,0,0,0,0,2048,0,509200,42385408,93323264
1744062245.001984,600003,21131156,0,131892232,123103176,123005264,0,1136736,0,259432,5314248,155384,4482160,104048,832088,1048576,1048576,0,0,0,0,5486040,516712,200288,106024,812280,106024,706256,27216,44032,0,0,0,65946116,8503192,34359738367,523188,0,82560,0,1128448,0,0,0,0,0,0,0,0,2048,0,509200,42385408,93323264
1744062246.001229,600003,21131156,0,131892232,123103176,123005264,0,1136736,0,259432,5314248,155384,4482160,104048,832088,1048576,1048576,0,0,0,0,5486040,516712,200288,106024,812280,106024,706256,27200,44032,0,0,0,65946116,8503192,34359738367,523172,0,82560,0,1128448,0,0,0,0,0,0,0,0,2048,0,509200,42385408,93323264
1744062247.001574,600003,21131156,0,131892232,123103176,123005264,0,1136736,0,259432,5314248,155384,4482160,104048,832088,1048576,1048576,0,0,0,0,5486040,516712,200288,106024,812280,106024,706256,27184,44032,0,0,0,65946116,8503192,34359738367,523172,0,82560,0,1128448,0,0,0,0,0,0,0,0,2048,0,509200,42385408,93323264
1744062248.001621,600003,21131156,0,131892232,123103168,123005256,0,1136736,0,259432,5314248,155384,4482160,104048,832088,1048576,1048576,0,0,0,0,5486040,516712,200288,106024,812288,106024,706264,27184,44032,0,0,0,65946116,8503192,34359738367,523172,0,82560,0,1128448,0,0,0,0,0,0,0,0,2048,0,509200,42385408,93323264
1744062249.001862,600003,21131156,0,131892232,123103168,123005256,0,1136736,0,259432,5314248,155384,4482160,104048,832088,1048576,1048576,0,0,0,0,5486040,516712,200288,106024,812288,106024,706264,27184,44032,0,0,0,65946116,8503192,34359738367,523172,0,82560,0,1128448,0,0,0,0,0,0,0,0,2048,0,509200,42385408,93323264
1744062250.002196,600003,21131156,0,131892232,123103168,123005256,0,1136736,0,259432,5314248,155384,4482160,104048,832088,1048576,1048576,0,0,0,0,5486040,516712,200288,106024,812288,106024,706264,27184,44032,0,0,0,65946116,8503192,34359738367,523172,0,82560,0,1128448,0,0,0,0,0,0,0,0,2048,0,509200,42385408,93323264
1744062251.001608,600003,21131156,0,131892232,123103160,123005248,0,1136736,0,259432,5314248,155384,4482160,104048,832088,1048576,1048576,0,0,0,0,5486040,516712,200288,106024,812296,106024,706272,27184,44032,0,0,0,65946116,8503192,34359738367,523172,0,82560,0,1128448,0,0,0,0,0,0,0,0,2048,0,509200,42385408,93323264
1744062252.001732,600003,21131156,0,131892232,123103160,123005248,0,1136736,0,259432,5314248,155384,4482160,104048,832088,1048576,1048576,0,0,0,0,5486040,516712,200288,106024,812296,106024,706272,27184,44032,0,0,0,65946116,8503192,34359738367,523172,0,82560,0,1128448,0,0,0,0,0,0,0,0,2048,0,509200,42385408,93323264
1744062253.002029,600003,21131156,0,131892232,123103160,123005248,0,1136736,0,259432,5314248,155384,4482160,104048,832088,1048576,1048576,0,0,0,0,5486040,516712,200288,106024,812296,106024,706272,27184,44032,0,0,0,65946116,8503192,34359738367,523172,0,82560,0,1128448,0,0,0,0,0,0,0,0,2048,0,509200,42385408,93323264
1744062254.001147,600003,21131156,0,131892232,123103160,123005248,0,1136736,0,259432,5314248,155384,4482160,104048,832088,1048576,1048576,0,0,0,0,5486040,516712,200288,106024,812296,106024,706272,27184,44032,0,0,0,65946116,8503192,34359738367,523172,0,82560,0,1128448,0,0,0,0,0,0,0,0,2048,0,509200,42385408,93323264
1744062255.001458,600003,21131156,0,131892232,123103160,123005248,0,1136736,0,259432,5314248,155384,4482160,104048,832088,1048576,1048576,0,0,0,0,5486040,516712,200288,106024,812296,106024,706272,27184,44032,0,0,0,65946116,8503192,34359738367,523172,0,82560,0,1128448,0,0,0,0,0,0,0,0,2048,0,509200,42385408,93323264
1744062256.001577,600003,21131156,0,131892232,123103160,123005248,0,1136736,0,259432,5314248,155384,4482160,104048,832088,1048576,1048576,0,0,0,0,5486040,516712,200288,106024,812296,106024,706272,27184,44032,0,0,0,65946116,8503192,34359738367,523172,0,82560,0,1128448,0,0,0,0,0,0,0,0,2048,0,509200,42385408,93323264
1744062257.001873,600003,21131156,0,131892232,123103160,123005248,0,1136736,0,259432,5314248,155384,4482160,104048,832088,1048576,1048576,0,0,0,0,5486040,516712,200288,106024,812296,106024,706272,27184,44032,0,0,0,65946116,8503192,34359738367,523172,0,82560,0,1128448,0,0,0,0,0,0,0,0,2048,0,509200,42385408,93323264
1744062258.001992,600003,21131156,0,131892232,123103160,123005248,0,1136736,0,259432,5314248,155384,4482160,104048,832088,1048576,1048576,0,0,0,0,5486040,516712,200288,106024,812296,106024,706272,27184,44032,0,0,0,65946116,8503192,34359738367,523172,0,82560,0,1128448,0,0,0,0,0,0,0,0,2048,0,509200,42385408,93323264
1744062259.001290,600003,21131156,0,131892232,123103160,123005248,0,1136736,0,259432,5314248,155384,4482160,104048,832088,1048576,1048576,0,0,0,0,5486040,516712,200288,106024,812296,106024,706272,27184,44032,0,0,0,65946116,8503192,34359738367,523172,0,82560,0,1128448,0,0,0,0,0,0,0,0,2048,0,509200,42385408,93323264
1744062260.012461,600003,21131156,0,131892232,123103160,123005248,0,1136736,0,259432,5314248,155384,4482160,104048,832088,1048576,1048576,0,0,0,0,5486040,516712,200288,106024,812296,106024,706272,27184,44032,0,0,0,65946116,8503192,34359738367,523172,0,82560,0,1128448,0,0,0,0,0,0,0,0,2048,0,509200,42385408,93323264
1744062261.001790,600003,21131156,0,131892232,123103168,123005256,0,1136736,0,259432,5314248,155384,4482160,104048,832088,1048576,1048576,0,0,0,0,5486040,516712,200288,106024,812288,106024,706264,27184,44032,0,0,0,65946116,8503192,34359738367,523172,0,82560,0,1128448,0,0,0,0,0,0,0,0,2048,0,509200,42385408,93323264
1744062262.001837,600003,21131156,0,131892232,123103168,123005256,0,1136736,0,259432,5314248,155384,4482160,104048,832088,1048576,1048576,0,0,0,0,5486040,516712,200288,106024,812288,106024,706264,27184,44032,0,0,0,65946116,8503192,34359738367,523172,0,82560,0,1128448,0,0,0,0,0,0,0,0,2048,0,509200,42385408,93323264
1744062263.002082,600003,21131156,0,131892232,123103168,123005256,0,1136736,0,259432,5314248,155384,4482160,104048,832088,1048576,1048576,0,0,0,0,5486040,516712,200288,106024,812288,106024,706264,27184,44032,0,0,0,65946116,8503192,34359738367,523172,0,82560,0,1128448,0,0,0,0,0,0,0,0,2048,0,509200,42385408,93323264
1744062264.001416,600003,21131156,0,131892232,123103168,123005256,0,1136736,0,259432,5314248,155384,4482160,104048,832088,1048576,1048576,0,0,0,0,5486040,516712,200288,106024,812288,106024,706264,27184,44032,0,0,0,65946116,8503192,34359738367,523172,0,82560,0,1128448,0,0,0,0,0,0,0,0,2048,0,509200,42385408,93323264
1744062265.001462,600003,21131156,0,131892232,123103168,123005256,0,1136736,0,259432,5314248,155384,4482160,104048,832088,1048576,1048576,0,0,0,0,5486040,516712,200288,106024,812288,106024,706264,27184,44032,0,0,0,65946116,8503192,34359738367,523172,0,82560,0,1128448,0,0,0,0,0,0,0,0,2048,0,509200,42385408,93323264
1744062266.001700,600003,21131156,0,131892232,123103136,123005224,0,1136736,0,259432,5314248,155384,4482160,104048,832088,1048576,1048576,0,0,0,0,5486040,516712,200288,106024,812320,106024,706296,27184,44032,0,0,0,65946116,8503192,34359738367,523172,0,82560,0,1128448,0,0,0,0,0,0,0,0,2048,0,509200,42385408,93323264
1744062267.002036,600003,21131156,0,131892232,123103136,123005224,0,1136736,0,259432,5314248,155384,4482160,104048,832088,1048576,1048576,0,0,0,0,5486040,516712,200288,106024,812320,106024,706296,27184,44032,0,0,0,65946116,8503192,34359738367,523172,0,82560,0,1128448,0,0,0,0,0,0,0,0,2048,0,509200,42385408,93323264
1744062268.001081,600003,21131156,0,131892232,123103136,123005224,0,1136736,0,259432,5314248,155384,4482160,104048,832088,1048576,1048576,0,0,0,0,5486040,516712,200288,106024,812320,106024,706296,27184,44032,0,0,0,65946116,8503192,34359738367,523172,0,82560,0,1128448,0,0,0,0,0,0,0,0,2048,0,509200,42385408,93323264
1744062269.001328,600003,21131156,0,131892232,123103136,123005224,0,1136736,0,259432,5314248,155384,4482160,104048,832088,1048576,1048576,0,0,0,0,5486040,516712,200288,106024,812320,106024,706296,27184,44032,0,0,0,65946116,8503192,34359738367,523172,0,82560,0,1128448,0,0,0,0,0,0,0,0,2048,0,509200,42385408,93323264
1744062270.001668,600003,21131156,0,131892232,123103136,123005224,0,1136736,0,259432,5314248,155384,4482160,104048,832088,1048576,1048576,0,0,0,0,5486040,516712,200288,106024,812320,106024,706296,27184,44032,0,0,0,65946116,8503192,34359738367,523172,0,82560,0,1128448,0,0,0,0,0,0,0,0,2048,0,509200,42385408,93323264
1744062271.002077,600003,21131156,0,131892232,123103136,123005224,0,1136736,0,259432,5314248,155384,4482160,104048,832088,1048576,1048576,0,0,0,0,5486040,516712,200288,106024,812320,106024,706296,27184,44032,0,0,0,65946116,8503192,34359738367,523172,0,82560,0,1128448,0,0,0,0,0,0,0,0,2048,0,509200,42385408,93323264
1744062272.001199,600003,21131156,0,131892232,123103136,123005224,0,1136736,0,259432,5314248,155384,4482160,104048,832088,1048576,1048576,0,0,0,0,5486040,516712,200288,106024,812320,106024,706296,27184,44032,0,0,0,65946116,8503192,34359738367,523172,0,82560,0,1128448,0,0,0,0,0,0,0,0,2048,0,509200,42385408,93323264
1744062273.001500,600003,21131156,0,131892232,123103136,123005224,0,1136736,0,259432,5314248,155384,4482160,104048,832088,1048576,1048576,0,0,0,0,5486040,516712,200288,106024,812320,106024,706296,27184,44032,0,0,0,65946116,8503192,34359738367,523172,0,82560,0,1128448,0,0,0,0,0,0,0,0,2048,0,509200,42385408,93323264
1744062274.001620,600003,21131156,0,131892232,123103136,123005224,0,1136736,0,259432,5314248,155384,4482160,104048,832088,1048576,1048576,0,0,0,0,5486040,516712,200288,106024,812320,106024,706296,27184,44032,0,0,0,65946116,8503192,34359738367,523172,0,82560,0,1128448,0,0,0,0,0,0,0,0,2048,0,509200,42385408,93323264
1744062275.001926,600003,21131156,0,131892232,123103200,123005288,0,1136736,0,259432,5314248,155384,4482160,104048,832088,1048576,1048576,0,0,0,0,5486040,516712,200288,106024,812320,106024,706296,27184,44032,0,0,0,65946116,8503192,34359738367,523172,0,82560,0,1128448,0,0,0,0,0,0,0,0,2048,0,509200,42385408,93323264
1744062276.002051,600003,21131156,0,131892232,123103200,123005288,0,1136736,0,259432,5314248,155384,4482160,104048,832088,1048576,1048576,0,0,0,0,5486040,516712,200288,106024,812320,106024,706296,27184,44032,0,0,0,65946116,8503192,34359738367,523172,0,82560,0,1128448,0,0,0,0,0,0,0,0,2048,0,509200,42385408,93323264
1744062277.001351,600003,21131156,0,131892232,123103200,123005288,0,1136736,0,259432,5314248,155384,4482160,104048,832088,1048576,1048576,0,0,0,0,5486040,516712,200288,106024,812320,106024,706296,27184,44032,0,0,0,65946116,8503192,34359738367,523172,0,82560,0,1128448,0,0,0,0,0,0,0,0,2048,0,509200,42385408,93323264
1744062278.001479,600003,21131156,0,131892232,123103200,123005288,0,1136736,0,259432,5314248,155384,4482160,104048,832088,1048576,1048576,0,0,0,0,5486040,516712,200288,106024,812320,106024,706296,27184,44032,0,0,0,65946116,8503192,34359738367,523172,0,82560,0,1128448,0,0,0,0,0,0,0,0,2048,0,509200,42385408,93323264
1744062279.001779,600003,21131156,0,131892232,123103200,123005288,0,1136736,0,259432,5314248,155384,4482160,104048,832088,1048576,1048576,0,0,0,0,5486040,516712,200288,106024,812320,106024,706296,27184,44032,0,0,0,65946116,8503192,34359738367,523172,0,82560,0,1128448,0,0,0,0,0,0,0,0,2048,0,509200,42385408,93323264
1744062280.013887,600003,21131156,0,131892232,123103200,123005288,0,1136736,0,259432,5314248,155384,4482160,104048,832088,1048576,1048576,0,0,0,0,5486040,516712,200288,106024,812320,106024,706296,27184,44032,0,0,0,65946116,8503192,34359738367,523172,0,82560,0,1128448,0,0,0,0,0,0,0,0,2048,0,509200,42385408,93323264
1744062281.001207,600003,21131156,0,131892232,123103200,123005288,0,1136736,0,259432,5314248,155384,4482160,104048,832088,1048576,1048576,0,0,0,0,5486040,516712,200288,106024,812320,106024,706296,27184,44032,0,0,0,65946116,8503192,34359738367,523172,0,82560,0,1128448,0,0,0,0,0,0,0,0,2048,0,509200,42385408,93323264
1744062282.001255,600003,21131156,0,131892232,123103176,123005264,0,1136736,0,259432,5314248,155384,4482160,104048,832088,1048576,1048576,0,0,0,0,5486040,516712,200288,106024,812344,106024,706320,27184,44032,0,0,0,65946116,8503192,34359738367,523172,0,82560,0,1128448,0,0,0,0,0,0,0,0,2048,0,509200,42385408,93323264
1744062283.001510,600003,21131156,0,131892232,123103176,123005264,0,1136736,0,259432,5314248,155384,4482160,104048,832088,1048576,1048576,0,0,0,0,5486040,516712,200288,106024,812344,106024,706320,27184,44032,0,0,0,65946116,8503192,34359738367,523172,0,82560,0,1128448,0,0,0,0,0,0,0,0,2048,0,509200,42385408,93323264
1744062284.001840,600003,21131156,0,131892232,123103176,123005264,0,1136736,0,259432,5314248,155384,4482160,104048,832088,1048576,1048576,0,0,0,0,5486040,516712,200288,106024,812344,106024,706320,27184,44032,0,0,0,65946116,8503192,34359738367,523172,0,82560,0,1128448,0,0,0,0,0,0,0,0,2048,0,509200,42385408,93323264
1744062285.001888,600003,21131156,0,131892232,123103168,123005256,0,1136736,0,259432,5314248,155384,4482160,104048,832088,1048576,1048576,0,0,0,0,5486040,516712,200288,106024,812352,106024,706328,27184,44032,0,0,0,65946116,8503192,34359738367,523172,0,82560,0,1128448,0,0,0,0,0,0,0,0,2048,0,509200,42385408,93323264
1744062286.001133,600003,21131156,0,131892232,123103168,123005256,0,1136736,0,259432,5314248,155384,4482160,104048,832088,1048576,1048576,0,0,0,0,5486040,516712,200288,106024,812352,106024,706328,27184,44032,0,0,0,65946116,8503192,34359738367,523172,0,82560,0,1128448,0,0,0,0,0,0,0,0,2048,0,509200,42385408,93323264
1744062287.001473,600003,21131156,0,131892232,123103168,123005256,0,1136736,0,259432,5314248,155384,4482160,104048,832088,1048576,1048576,0,0,0,0,5486040,516712,200288,106024,812352,106024,706328,27184,44032,0,0,0,65946116,8503192,34359738367,523172,0,82560,0,1128448,0,0,0,0,0,0,0,0,2048,0,509200,42385408,93323264
1744062288.001523,600003,21131156,0,131892232,123103160,123005248,0,1136736,0,259432,5314248,155384,4482160,104048,832088,1048576,1048576,0,0,0,0,5486040,516712,200288,106024,812360,106024,706336,27184,44032,0,0,0,65946116,8503192,34359738367,523172,0,82560,0,1128448,0,0,0,0,0,0,0,0,2048,0,509200,42385408,93323264
1744062289.001765,600003,21131156,0,131892232,123103160,123005248,0,1136736,0,259432,5314248,155384,4482160,104048,832088,1048576,1048576,0,0,0,0,5486040,516712,200288,106024,812360,106024,706336,27184,44032,0,0,0,65946116,8503192,34359738367,523172,0,82560,0,1128448,0,0,0,0,0,0,0,0,2048,0,509200,42385408,93323264
1744062290.002096,600003,21131156,0,131892232,123103160,123005248,0,1136736,0,259432,5314248,155384,4482160,104048,832088,1048576,1048576,0,0,0,0,5486040,516712,200288,106024,812360,106024,706336,27184,44032,0,0,0,65946116,8503192,34359738367,523172,0,82560,0,1128448,0,0,0,0,0,0,0,0,2048,0,509200,42385408,93323264
1744062291.002002,600003,21131156,0,131892232,123103160,123005248,0,1136736,0,259432,5314248,155384,4482160,104048,832088,1048576,1048576,0,0,0,0,5486040,516712,200288,106024,812360,106024,706336,27184,44032,0,0,0,65946116,8503192,34359738367,523172,0,82560,0,1128448,0,0,0,0,0,0,0,0,2048,0,509200,42385408,93323264
1744062292.001122,600003,21131156,0,131892232,123103160,123005248,0,1136736,0,259432,5314248,155384,4482160,104048,832088,1048576,1048576,0,0,0,0,5486040,516712,200288,106024,812360,106024,706336,27184,44032,0,0,0,65946116,8503192,34359738367,523172,0,82560,0,1128448,0,0,0,0,0,0,0,0,2048,0,509200,42385408,93323264
1744062293.001430,600003,21131156,0,131892232,123103160,123005248,0,1136736,0,259432,5314248,155384,4482160,104048,832088,1048576,1048576,0,0,0,0,5486040,516712,200288,106024,812360,106024,706336,27184,44032,0,0,0,65946116,8503192,34359738367,523172,0,82560,0,1128448,0,0,0,0,0,0,0,0,2048,0,509200,42385408,93323264
1744062294.001550,600003,21131156,0,131892232,123103160,123005248,0,1136736,0,259432,5314248,155384,4482160,104048,832088,1048576,1048576,0,0,0,0,5486040,516712,200288,106024,812360,106024,706336,27184,44032,0,0,0,65946116,8503192,34359738367,523172,0,82560,0,1128448,0,0,0,0,0,0,0,0,2048,0,509200,42385408,93323264
1744062295.001848,600003,21131156,0,131892232,123103160,123005248,0,1136736,0,259432,5314248,155384,4482160,104048,832088,1048576,1048576,0,0,0,0,5486040,516712,200288,106024,812360,106024,706336,27184,44032,0,0,0,65946116,8503192,34359738367,523172,0,82560,0,1128448,0,0,0,0,0,0,0,0,2048,0,509200,42385408,93323264
1744062296.001973,600003,21131156,0,131892232,123103152,123005240,0,1136736,0,259432,5314248,155384,4482160,104048,832088,1048576,1048576,0,0,0,0,5486040,516712,200288,106024,812368,106024,706344,27184,44032,0,0,0,65946116,8503192,34359738367,523172,0,82560,0,1128448,0,0,0,0,0,0,0,0,2048,0,509200,42385408,93323264
1744062297.001269,600003,21131156,0,131892232,123103152,123005240,0,1136736,0,259432,5314248,155384,4482160,104048,832088,1048576,1048576,0,0,0,0,5486040,516712,200288,106024,812368,106024,706344,27184,44032,0,0,0,65946116,8503192,34359738367,523172,0,82560,0,1128448,0,0,0,0,0,0,0,0,2048,0,509200,42385408,93323264
1744062298.001394,600003,21131156,0,131892232,123103152,123005240,0,1136736,0,259432,5314248,155384,4482160,104048,832088,1048576,1048576,0,0,0,0,5486040,516712,200288,106024,812368,106024,706344,27184,44032,0,0,0,65946116,8503192,34359738367,523172,0,82560,0,1128448,0,0,0,0,0,0,0,0,2048,0,509200,42385408,93323264
1744062299.001691,600003,21131156,0,131892232,123103152,123005240,0,1136736,0,259432,5314248,155384,4482160,104048,832088,1048576,1048576,0,0,0,0,5486040,516712,200288,106024,812368,106024,706344,27184,44032,0,0,0,65946116,8503192,34359738367,523172,0,82560,0,1128448,0,0,0,0,0,0,0,0,2048,0,509200,42385408,93323264
1744062300.013164,600003,21131156,0,131892232,123103144,123005232,0,1136736,0,259432,5314248,155384,4482160,104048,832088,1048576,1048576,0,0,0,0,5486040,516712,200288,106024,812376,106024,706352,27184,44032,0,0,0,65946116,8503192,34359738367,523172,0,82560,0,1128448,0,0,0,0,0,0,0,0,2048,0,509200,42385408,93323264
1744062301.001506,600003,21131156,0,131892232,123103144,123005232,0,1136736,0,259432,5314248,155384,4482160,104048,832088,1048576,1048576,0,0,0,0,5486040,516712,200288,106024,812376,106024,706352,27184,44032,0,0,0,65946116,8503192,34359738367,523172,0,82560,0,1128448,0,0,0,0,0,0,0,0,2048,0,509200,42385408,93323264
1744062302.001552,600003,21131156,0,131892232,123103144,123005232,0,1136736,0,259432,5314248,155384,4482160,104048,832088,1048576,1048576,0,0,0,0,5486040,516712,200288,106024,812376,106024,706352,27184,44032,0,0,0,65946116,8503192,34359738367,523172,0,82560,0,1128448,0,0,0,0,0,0,0,0,2048,0,509200,42385408,93323264
1744062303.001799,600003,21131156,0,131892232,123103144,123005232,0,1136736,0,259432,5314248,155384,4482160,104048,832088,1048576,1048576,0,0,0,0,5486040,516712,200288,106024,812376,106024,706352,27184,44032,0,0,0,65946116,8503192,34359738367,523172,0,82560,0,1128448,0,0,0,0,0,0,0,0,2048,0,509200,42385408,93323264
1744062304.002129,600003,21131156,0,131892232,123103144,123005232,0,1136736,0,259432,5314248,155384,4482160,104048,832088,1048576,1048576,0,0,0,0,5486040,516712,200288,106024,812376,106024,706352,27184,44032,0,0,0,65946116,8503192,34359738367,523172,0,82560,0,1128448,0,0,0,0,0,0,0,0,2048,0,509200,42385408,93323264
1744062305.001177,600003,21131156,0,131892232,123103144,123005232,0,1136736,0,259432,5314248,155384,4482160,104048,832088,1048576,1048576,0,0,0,0,5486040,516712,200288,106024,812376,106024,706352,27184,44032,0,0,0,65946116,8503192,34359738367,523172,0,82560,0,1128448,0,0,0,0,0,0,0,0,2048,0,509200,42385408,93323264
1744062306.001421,600003,21131156,0,131892232,123103144,123005232,0,1136736,0,259432,5314248,155384,4482160,104048,832088,1048576,1048576,0,0,0,0,5486040,516712,200288,106024,812376,106024,706352,27184,44032,0,0,0,65946116,8503192,34359738367,523172,0,82560,0,1128448,0,0,0,0,0,0,0,0,2048,0,509200,42385408,93323264
1744062307.001765,600003,21131156,0,131892232,123103144,123005232,0,1136736,0,259432,5314248,155384,4482160,104048,832088,1048576,1048576,0,0,0,0,5486040,516712,200288,106024,812376,106024,706352,27184,44032,0,0,0,65946116,8503192,34359738367,523172,0,82560,0,1128448,0,0,0,0,0,0,0,0,2048,0,509200,42385408,93323264
1744062308.001815,600003,21131156,0,131892232,123103144,123005232,0,1136736,0,259432,5314260,155384,4482172,104048,832088,1048576,1048576,0,0,0,0,5486040,516712,200288,106024,812376,106024,706352,27184,44032,0,0,0,65946116,8503192,34359738367,523172,0,82560,0,1128448,0,0,0,0,0,0,0,0,2048,0,509200,42385408,93323264
1744062309.002068,600003,21131156,0,131892232,123103208,123005296,0,1136736,0,259432,5314260,155384,4482172,104048,832088,1048576,1048576,0,0,0,0,5486040,516712,200288,106024,812312,106024,706288,27184,44032,0,0,0,65946116,8503192,34359738367,523172,0,82560,0,1128448,0,0,0,0,0,0,0,0,2048,0,509200,42385408,93323264
1744062310.001405,600003,21131156,0,131892232,123103208,123005296,0,1136736,0,259432,5314260,155384,4482172,104048,832088,1048576,1048576,0,0,0,0,5486040,516712,200288,106024,812312,106024,706288,27184,44032,0,0,0,65946116,8503192,34359738367,523172,0,82560,0,1128448,0,0,0,0,0,0,0,0,2048,0,509200,42385408,93323264
1744062311.002118,600003,21131156,0,131892232,123103208,123005296,0,1136736,0,259432,5314260,155384,4482172,104048,832088,1048576,1048576,0,0,0,0,5486040,516712,200288,106024,812312,106024,706288,27184,44032,0,0,0,65946116,8503192,34359738367,523172,0,82560,0,1128448,0,0,0,0,0,0,0,0,2048,0,509200,42385408,93323264
1744062312.001244,600003,21131156,0,131892232,123103208,123005296,0,1136736,0,259432,5314260,155384,4482172,104048,832088,1048576,1048576,0,0,0,0,5486040,516712,200288,106024,812312,106024,706288,27184,44032,0,0,0,65946116,8503192,34359738367,523172,0,82560,0,1128448,0,0,0,0,0,0,0,0,2048,0,509200,42385408,93323264
1744062313.001545,600003,21131156,0,131892232,123103208,123005296,0,1136736,0,259432,5314260,155384,4482172,104048,832088,1048576,1048576,0,0,0,0,5486040,516712,200288,106024,812312,106024,706288,27184,44032,0,0,0,65946116,8503192,34359738367,523172,0,82560,0,1128448,0,0,0,0,0,0,0,0,2048,0,509200,42385408,93323264
1744062314.001663,600003,21131156,0,131892232,123103216,123005304,0,1136736,0,259432,5314260,155384,4482172,104048,832088,1048576,1048576,0,0,0,0,5486040,516712,200288,106024,812304,106024,706280,27184,44032,0,0,0,65946116,8503192,34359738367,523172,0,82560,0,1128448,0,0,0,0,0,0,0,0,2048,0,509200,42385408,93323264
1744062315.001961,600003,21131156,0,131892232,123103216,123005304,0,1136736,0,259432,5314260,155384,4482172,104048,832088,1048576,1048576,0,0,0,0,5486040,516712,200288,106024,812304,106024,706280,27184,44032,0,0,0,65946116,8503192,34359738367,523172,0,82560,0,1128448,0,0,0,0,0,0,0,0,2048,0,509200,42385408,93323264
1744062316.002083,600003,21131156,0,131892232,123103216,123005304,0,1136736,0,259432,5314260,155384,4482172,104048,832088,1048576,1048576,0,0,0,0,5486040,516712,200288,106024,812304,106024,706280,27184,44032,0,0,0,65946116,8503192,34359738367,523172,0,82560,0,1128448,0,0,0,0,0,0,0,0,2048,0,509200,42385408,93323264
1744062317.001385,600003,21131156,0,131892232,123103216,123005304,0,1136736,0,259432,5314260,155384,4482172,104048,832088,1048576,1048576,0,0,0,0,5486040,516712,200288,106024,812304,106024,706280,27184,44032,0,0,0,65946116,8503192,34359738367,523172,0,82560,0,1128448,0,0,0,0,0,0,0,0,2048,0,509200,42385408,93323264
1744062318.001515,600003,21131156,0,131892232,123103216,123005304,0,1136736,0,259432,5314260,155384,4482172,104048,832088,1048576,1048576,0,0,0,0,5486040,516712,200288,106024,812304,106024,706280,27184,44032,0,0,0,65946116,8503192,34359738367,523172,0,82560,0,1128448,0,0,0,0,0,0,0,0,2048,0,509200,42385408,93323264
1744062319.001814,600003,21131156,0,131892232,123103216,123005304,0,1136736,0,259432,5314260,155384,4482172,104048,832088,1048576,1048576,0,0,0,0,5486040,516712,200288,106024,812304,106024,706280,27184,44032,0,0,0,65946116,8503192,34359738367,523172,0,82560,0,1128448,0,0,0,0,0,0,0,0,2048,0,509200,42385408,93323264
1744062320.013027,600003,21131156,0,131892232,123103216,123005304,0,1136736,0,259432,5314260,155384,4482172,104048,832088,1048576,1048576,0,0,0,0,5486040,516712,200288,106024,812304,106024,706280,27184,44032,0,0,0,65946116,8503192,34359738367,523172,0,82560,0,1128448,0,0,0,0,0,0,0,0,2048,0,509200,42385408,93323264
1744062321.001352,600003,21131156,0,131892232,123103216,123005304,0,1136736,0,259432,5314260,155384,4482172,104048,832088,1048576,1048576,0,0,0,0,5486040,516712,200288,106024,812304,106024,706280,27184,44032,0,0,0,65946116,8503192,34359738367,523172,0,82560,0,1128448,0,0,0,0,0,0,0,0,2048,0,509200,42385408,93323264
1744062322.001401,600003,21131156,0,131892232,123103216,123005304,0,1136736,0,259432,5314260,155384,4482172,104048,832088,1048576,1048576,0,0,0,0,5486040,516712,200288,106024,812304,106024,706280,27184,44032,0,0,0,65946116,8503192,34359738367,523172,0,82560,0,1128448,0,0,0,0,0,0,0,0,2048,0,509200,42385408,93323264
1744062323.001647,600003,21131156,0,131892232,123103216,123005304,0,1136736,0,259432,5314260,155384,4482172,104048,832088,1048576,1048576,0,0,0,0,5486040,516712,200288,106024,812304,106024,706280,27184,44032,0,0,0,65946116,8503192,34359738367,523172,0,82560,0,1128448,0,0,0,0,0,0,0,0,2048,0,509200,42385408,93323264
1744062324.001984,600003,21131156,0,131892232,123103216,123005304,0,1136736,0,259432,5314260,155384,4482172,104048,832088,1048576,1048576,0,0,0,0,5486040,516712,200288,106024,812304,106024,706280,27184,44032,0,0,0,65946116,8503192,34359738367,523172,0,82560,0,1128448,0,0,0,0,0,0,0,0,2048,0,509200,42385408,93323264
1744062325.002030,600003,21131156,0,131892232,123103216,123005304,0,1136736,0,259432,5314260,155384,4482172,104048,832088,1048576,1048576,0,0,0,0,5486040,516712,200288,106024,812304,106024,706280,27184,44032,0,0,0,65946116,8503192,34359738367,523172,0,82560,0,1128448,0,0,0,0,0,0,0,0,2048,0,509200,42385408,93323264
1744062326.001269,600003,21131156,0,131892232,123103216,123005304,0,1136736,0,259432,5314260,155384,4482172,104048,832088,1048576,1048576,0,0,0,0,5486040,516712,200288,106024,812304,106024,706280,27184,44032,0,0,0,65946116,8503192,34359738367,523172,0,82560,0,1128448,0,0,0,0,0,0,0,0,2048,0,509200,42385408,93323264
1744062327.001611,600003,21131156,0,131892232,123103216,123005304,0,1136736,0,259432,5314260,155384,4482172,104048,832088,1048576,1048576,0,0,0,0,5486040,516712,200288,106024,812304,106024,706280,27184,44032,0,0,0,65946116,8503192,34359738367,523172,0,82560,0,1128448,0,0,0,0,0,0,0,0,2048,0,509200,42385408,93323264
1744062328.001659,600003,21131156,0,131892232,123103216,123005304,0,1136736,0,259432,5314260,155384,4482172,104048,832088,1048576,1048576,0,0,0,0,5486040,516712,200288,106024,812304,106024,706280,27184,44032,0,0,0,65946116,8503192,34359738367,523172,0,82560,0,1128448,0,0,0,0,0,0,0,0,2048,0,509200,42385408,93323264
1744062329.001902,600003,21131156,0,131892232,123103216,123005304,0,1136736,0,259432,5314260,155384,4482172,104048,832088,1048576,1048576,0,0,0,0,5486040,516712,200288,106024,812304,106024,706280,27184,44032,0,0,0,65946116,8503192,34359738367,523172,0,82560,0,1128448,0,0,0,0,0,0,0,0,2048,0,509200,42385408,93323264
1744062330.001242,600003,21131156,0,131892232,123103184,123005272,0,1136736,0,259432,5314260,155384,4482172,104048,832088,1048576,1048576,0,0,0,0,5486040,516712,200288,106024,812336,106024,706312,27184,44032,0,0,0,65946116,8503192,34359738367,523172,0,82560,0,1128448,0,0,0,0,0,0,0,0,2048,0,509200,42385408,93323264
1744062331.001718,600003,21131156,0,131892232,123103184,123005272,0,1136736,0,259432,5314260,155384,4482172,104048,832088,1048576,1048576,0,0,0,0,5486040,516712,200288,106024,812336,106024,706312,27184,44032,0,0,0,65946116,8503192,34359738367,523172,0,82560,0,1128448,0,0,0,0,0,0,0,0,2048,0,509200,42385408,93323264
1744062332.001848,600003,21131156,0,131892232,123103184,123005272,0,1136736,0,259432,5314260,155384,4482172,104048,832088,1048576,1048576,0,0,0,0,5486040,516712,200288,106024,812336,106024,706312,27184,44032,0,0,0,65946116,8503192,34359738367,523172,0,82560,0,1128448,0,0,0,0,0,0,0,0,2048,0,509200,42385408,93323264
1744062333.002145,600003,21131156,0,131892232,123103184,123005272,0,1136736,0,259432,5314260,155384,4482172,104048,832088,1048576,1048576,0,0,0,0,5486040,516712,200288,106024,812336,106024,706312,27184,44032,0,0,0,65946116,8503192,34359738367,523172,0,82560,0,1128448,0,0,0,0,0,0,0,0,2048,0,509200,42385408,93323264
1744062334.001263,600003,21131156,0,131892232,123103184,123005272,0,1136736,0,259432,5314260,155384,4482172,104048,832088,1048576,1048576,0,0,0,0,5486040,516712,200288,106024,812336,106024,706312,27184,44032,0,0,0,65946116,8503192,34359738367,523172,0,82560,0,1128448,0,0,0,0,0,0,0,0,2048,0,509200,42385408,93323264
1744062335.001565,600003,21131156,0,131892232,123103184,123005272,0,1136736,0,259432,5314260,155384,4482172,104048,832088,1048576,1048576,0,0,0,0,5486040,516712,200288,106024,812336,106024,706312,27184,44032,0,0,0,65946116,8503192,34359738367,523172,0,82560,0,1128448,0,0,0,0,0,0,0,0,2048,0,509200,42385408,93323264
1744062336.001680,600003,21131156,0,131892232,123103184,123005272,0,1136736,0,259432,5314260,155384,4482172,104048,832088,1048576,1048576,0,0,0,0,5486040,516712,200288,106024,812336,106024,706312,27184,44032,0,0,0,65946116,8503192,34359738367,523172,0,82560,0,1128448,0,0,0,0,0,0,0,0,2048,0,509200,42385408,93323264
1744062337.001975,600003,21131156,0,131892232,123103184,123005272,0,1136736,0,259432,5314260,155384,4482172,104048,832088,1048576,1048576,0,0,0,0,5486040,516712,200288,106024,812336,106024,706312,27184,44032,0,0,0,65946116,8503192,34359738367,523172,0,82560,0,1128448,0,0,0,0,0,0,0,0,2048,0,509200,42385408,93323264
1744062338.001091,600003,21131156,0,131892232,123103184,123005272,0,1136736,0,259432,5314260,155384,4482172,104048,832088,1048576,1048576,0,0,0,0,5486040,516712,200288,106024,812336,106024,706312,27184,44032,0,0,0,65946116,8503192,34359738367,523172,0,82560,0,1128448,0,0,0,0,0,0,0,0,2048,0,509200,42385408,93323264
1744062339.001397,600003,21131156,0,131892232,123103184,123005272,0,1136736,0,259432,5314260,155384,4482172,104048,832088,1048576,1048576,0,0,0,0,5486040,516712,200288,106024,812336,106024,706312,27184,44032,0,0,0,65946116,8503192,34359738367,523172,0,82560,0,1128448,0,0,0,0,0,0,0,0,2048,0,509200,42385408,93323264
1744062340.013192,600003,21131156,0,131892232,123103184,123005272,0,1136736,0,259432,5314260,155384,4482172,104048,832088,1048576,1048576,0,0,0,0,5486040,516712,200288,106024,812336,106024,706312,27184,44032,0,0,0,65946116,8503192,34359738367,523172,0,82560,0,1128448,0,0,0,0,0,0,0,0,2048,0,509200,42385408,93323264
1744062341.001520,600003,21131156,0,131892232,123103184,123005272,0,1136736,0,259432,5314260,155384,4482172,104048,832088,1048576,1048576,0,0,0,0,5486040,516712,200288,106024,812336,106024,706312,27184,44032,0,0,0,65946116,8503192,34359738367,523172,0,82560,0,1128448,0,0,0,0,0,0,0,0,2048,0,509200,42385408,93323264
1744062342.001570,600003,21131156,0,131892232,123103184,123005272,0,1136736,0,259432,5314260,155384,4482172,104048,832088,1048576,1048576,0,0,0,0,5486040,516712,200288,106024,812336,106024,706312,27184,44032,0,0,0,65946116,8503192,34359738367,523172,0,82560,0,1128448,0,0,0,0,0,0,0,0,2048,0,509200,42385408,93323264
1744062343.001821,600003,21131156,0,131892232,123103184,123005272,0,1136736,0,259432,5314260,155384,4482172,104048,832088,1048576,1048576,0,0,0,0,5486040,516712,200288,106024,812336,106024,706312,27184,44032,0,0,0,65946116,8503192,34359738367,523172,0,82560,0,1128448,0,0,0,0,0,0,0,0,2048,0,509200,42385408,93323264
1744062344.002153,600003,21131156,0,131892232,123103184,123005272,0,1136736,0,259432,5314260,155384,4482172,104048,832088,1048576,1048576,0,0,0,0,5486040,516712,200288,106024,812336,106024,706312,27184,44032,0,0,0,65946116,8503192,34359738367,523172,0,82560,0,1128448,0,0,0,0,0,0,0,0,2048,0,509200,42385408,93323264
1744062345.001198,600003,21131156,0,131892232,123103184,123005272,0,1136736,0,259432,5314260,155384,4482172,104048,832088,1048576,1048576,0,0,0,0,5486040,516712,200288,106024,812336,106024,706312,27184,44032,0,0,0,65946116,8503192,34359738367,523172,0,82560,0,1128448,0,0,0,0,0,0,0,0,2048,0,509200,42385408,93323264
1744062346.001440,600003,21131156,0,131892232,123103184,123005272,0,1136736,0,259432,5314260,155384,4482172,104048,832088,1048576,1048576,0,0,0,0,5486040,516712,200288,106024,812336,106024,706312,27184,44032,0,0,0,65946116,8503192,34359738367,523172,0,82560,0,1128448,0,0,0,0,0,0,0,0,2048,0,509200,42385408,93323264
1744062347.001780,600003,21131156,0,131892232,123103184,123005272,0,1136736,0,259432,5314260,155384,4482172,104048,832088,1048576,1048576,0,0,0,0,5486040,516712,200288,106024,812336,106024,706312,27184,44032,0,0,0,65946116,8503192,34359738367,523172,0,82560,0,1128448,0,0,0,0,0,0,0,0,2048,0,509200,42385408,93323264
1744062348.001827,600003,21131156,0,131892232,123103184,123005272,0,1136736,0,259432,5314260,155384,4482172,104048,832088,1048576,1048576,0,0,0,0,5486040,516712,200288,106024,812336,106024,706312,27184,44032,0,0,0,65946116,8503192,34359738367,523172,0,82560,0,1128448,0,0,0,0,0,0,0,0,2048,0,509200,42385408,93323264
1744062349.002069,600003,21131156,0,131892232,123103184,123005272,0,1136736,0,259432,5314260,155384,4482172,104048,832088,1048576,1048576,0,0,0,0,5486040,516712,200288,106024,812336,106024,706312,27184,44032,0,0,0,65946116,8503192,34359738367,523172,0,82560,0,1128448,0,0,0,0,0,0,0,0,2048,0,509200,42385408,93323264
1744062350.001407,600003,21131156,0,131892232,123103184,123005272,0,1136736,0,259432,5314260,155384,4482172,104048,832088,1048576,1048576,0,0,0,0,5486040,516712,200288,106024,812336,106024,706312,27184,44032,0,0,0,65946116,8503192,34359738367,523172,0,82560,0,1128448,0,0,0,0,0,0,0,0,2048,0,509200,42385408,93323264
1744062351.001302,600003,21131156,0,131892232,123103184,123005272,0,1136736,0,259432,5314260,155384,4482172,104048,832088,1048576,1048576,0,0,0,0,5486040,516712,200288,106024,812336,106024,706312,27184,44032,0,0,0,65946116,8503192,34359738367,523172,0,82560,0,1128448,0,0,0,0,0,0,0,0,2048,0,509200,42385408,93323264
1744062352.001433,600003,21131156,0,131892232,123103184,123005272,0,1136736,0,259432,5314260,155384,4482172,104048,832088,1048576,1048576,0,0,0,0,5486040,516712,200288,106024,812336,106024,706312,27184,44032,0,0,0,65946116,8503192,34359738367,523172,0,82560,0,1128448,0,0,0,0,0,0,0,0,2048,0,509200,42385408,93323264
1744062353.001731,600003,21131156,0,131892232,123103184,123005272,0,1136736,0,259432,5314260,155384,4482172,104048,832088,1048576,1048576,0,0,0,0,5486040,516712,200288,106024,812336,106024,706312,27184,44032,0,0,0,65946116,8503192,34359738367,523172,0,82560,0,1128448,0,0,0,0,0,0,0,0,2048,0,509200,42385408,93323264
1744062354.001845,600003,21131156,0,131892232,123103184,123005272,0,1136736,0,259432,5314260,155384,4482172,104048,832088,1048576,1048576,0,0,0,0,5486040,516712,200288,106024,812336,106024,706312,27184,44032,0,0,0,65946116,8503192,34359738367,523172,0,82560,0,1128448,0,0,0,0,0,0,0,0,2048,0,509200,42385408,93323264
1744062355.002146,600003,21131156,0,131892232,123103184,123005272,0,1136736,0,259432,5314260,155384,4482172,104048,832088,1048576,1048576,0,0,0,0,5486040,516712,200288,106024,812336,106024,706312,27184,44032,0,0,0,65946116,8503192,34359738367,523172,0,82560,0,1128448,0,0,0,0,0,0,0,0,2048,0,509200,42385408,93323264
1744062356.001264,600003,21131156,0,131892232,123103184,123005272,0,1136736,0,259432,5314260,155384,4482172,104048,832088,1048576,1048576,0,0,0,0,5486040,516712,200288,106024,812336,106024,706312,27184,44032,0,0,0,65946116,8503192,34359738367,523172,0,82560,0,1128448,0,0,0,0,0,0,0,0,2048,0,509200,42385408,93323264
1744062357.001563,600003,21131156,0,131892232,123103184,123005272,0,1136736,0,259432,5314260,155384,4482172,104048,832088,1048576,1048576,0,0,0,0,5486040,516712,200288,106024,812336,106024,706312,27184,44032,0,0,0,65946116,8503192,34359738367,523172,0,82560,0,1128448,0,0,0,0,0,0,0,0,2048,0,509200,42385408,93323264
1744062358.001685,600003,21131156,0,131892232,123103196,123005284,0,1136736,0,259432,5314260,155384,4482172,104048,832088,1048576,1048576,0,0,0,0,5486040,516712,200288,106024,812336,106024,706312,27184,44032,0,0,0,65946116,8503192,34359738367,523172,0,82560,0,1128448,0,0,0,0,0,0,0,0,2048,0,509200,42385408,93323264
1744062359.001983,600003,21131156,0,131892232,123103196,123005284,0,1136736,0,259432,5314260,155384,4482172,104048,832088,1048576,1048576,0,0,0,0,5486040,516712,200288,106024,812336,106024,706312,27184,44032,0,0,0,65946116,8503192,34359738367,523172,0,82560,0,1128448,0,0,0,0,0,0,0,0,2048,0,509200,42385408,93323264
1744062360.012215,600003,21131156,0,131892232,123103196,123005284,0,1136736,0,259432,5314260,155384,4482172,104048,832088,1048576,1048576,0,0,0,0,5486040,516712,200288,106024,812336,106024,706312,27184,44032,0,0,0,65946116,8503192,34359738367,523172,0,82560,0,1128448,0,0,0,0,0,0,0,0,2048,0,509200,42385408,93323264
1744062361.001541,600003,21131156,0,131892232,123103196,123005284,0,1136736,0,259432,5314260,155384,4482172,104048,832088,1048576,1048576,0,0,0,0,5486040,516712,200288,106024,812336,106024,706312,27184,44032,0,0,0,65946116,8503192,34359738367,523172,0,82560,0,1128448,0,0,0,0,0,0,0,0,2048,0,509200,42385408,93323264
1744062362.001621,600003,21131156,0,131892232,126922600,126825048,0,1134872,0,307880,1623440,72408,921712,235472,701728,1048576,1048576,0,0,284,0,1846736,272532,197528,105680,808552,105680,702872,25088,13716,0,0,0,65946116,1987588,34359738367,520516,0,82560,0,1128448,0,0,0,0,0,0,0,0,2048,0,509200,42385408,93323264
1744062363.002144,600003,21131156,0,131892232,126924200,126826684,0,1132180,0,309644,1619436,72064,919744,237580,699692,1048576,1048576,0,0,284,0,1845980,271604,194836,105680,805428,105680,699748,24640,11872,0,0,0,65946116,1982876,34359738367,520484,0,82560,0,1128448,0,0,0,0,0,0,0,0,2048,0,509200,42385408,93323264
1744062364.000769,600003,21131156,0,131892232,127910676,127378532,0,191480,0,81816,906900,37040,878608,44776,28292,1048576,1048576,0,0,0,0,1845812,271332,118624,100624,756164,100624,655540,24432,11068,0,0,0,65946116,1944388,34359738367,520468,0,82560,0,1128448,0,0,0,0,0,0,0,0,2048,0,509200,42385408,93323264
1744062365.001844,600003,21131156,0,131892232,127883640,127358448,0,203696,0,89804,921768,37116,889132,52688,32636,1048576,1048576,0,0,0,0,1856512,274724,118624,102272,757324,102272,655052,24800,12904,0,0,0,65946116,1947520,34359738367,520532,0,82560,0,1128448,0,0,0,0,0,0,0,0,2048,0,509200,42385408,93323264
1744062366.001443,600003,21131156,0,131892232,127892200,127368516,0,206988,0,90356,913320,37072,877972,53284,35348,1048576,1048576,0,0,0,0,1845008,270920,118624,101984,756644,101984,654660,24288,10644,0,0,0,65946116,1981624,34359738367,520420,0,82560,0,1128448,0,0,0,0,0,0,0,0,2048,0,509200,42385408,93323264
1744062367.002021,600003,21131156,0,131892232,127892716,127370276,0,209696,0,91948,912196,37108,875696,54840,36500,1048576,1048576,0,0,0,0,1842708,270396,118624,101760,756196,101760,654436,24240,10456,0,0,0,65946116,1987228,34359738367,520356,0,82560,0,1128448,0,0,0,0,0,0,0,0,2048,0,509200,42385408,93323264
1744062368.001147,600003,21131156,0,131892232,127892792,127370352,0,209696,0,91948,912196,37108,875696,54840,36500,1048576,1048576,0,0,0,0,1842708,270396,118624,101760,756196,101760,654436,24240,10456,0,0,0,65946116,1987228,34359738367,520356,0,82560,0,1128448,0,0,0,0,0,0,0,0,2048,0,509200,42385408,93323264
1744062369.001785,600003,21131156,0,131892232,127892836,127370396,0,209700,0,91948,912196,37108,875692,54840,36504,1048576,1048576,0,0,0,0,1842708,270396,118624,101760,756196,101760,654436,24240,10456,0,0,0,65946116,1987228,34359738367,520356,0,82560,0,1128448,0,0,0,0,0,0,0,0,2048,0,509200,42385408,93323264
