timestamp,component_id,job_id,app_id,MemTotal,MemFree,MemAvailable,Buffers,Cached,SwapCached,Active,Inactive,Active(anon),Inactive(anon),Active(file),Inactive(file),Unevictable,Mlocked,SwapTotal,SwapFree,Dirty,Writeback,AnonPages,Mapped,Shmem,KReclaimable,Slab,SReclaimable,SUnreclaim,KernelStack,PageTables,NFS_Unstable,Bounce,WritebackTmp,CommitLimit,Committed_AS,VmallocTotal,VmallocUsed,VmallocChunk,Percpu,HardwareCorrupted,AnonHugePages,ShmemHugePages,ShmemPmdMapped,FileHugePages,FilePmdMapped,HugePages_Total,HugePages_Free,HugePages_Rsvd,HugePages_Surp,Hugepagesize,Hugetlb,DirectMap4k,DirectMap2M,DirectMap1G
1744061761.001506,600038,21131154,0,131892248,128625788,128101252,0,136440,0,55048,621388,6536,572216,48512,49172,1048576,1048576,0,0,164,0,1588956,237864,38628,91220,579592,91220,488372,23536,11020,0,0,0,65946124,3903496,34359738367,518396,0,52800,0,1116160,0,0,0,0,0,0,0,0,2048,0,376080,15255552,120586240
1744061762.001600,600038,21131154,0,131892248,128607812,128087292,0,144476,0,55400,639084,6536,582228,48864,56856,1048576,1048576,0,0,164,0,1598972,240856,38628,91220,579524,91220,488304,23536,11064,0,0,0,65946124,3918872,34359738367,518396,0,52800,0,1116160,0,0,0,0,0,0,0,0,2048,0,376080,15255552,120586240
1744061763.002248,600038,21131154,0,131892248,128584508,128073448,0,163412,0,55588,661396,6540,586032,49048,75364,1048576,1048576,0,0,164,0,1602464,249328,38884,91444,579908,91444,488464,23536,11096,0,0,0,65946124,3918872,34359738367,518396,0,52800,0,1116160,0,0,0,0,0,0,0,0,2048,0,376080,15255552,120586240
1744061764.001328,600038,21131154,0,131892248,128570232,128064684,0,174344,0,55652,676324,6540,590060,49112,86264,1048576,1048576,0,0,164,0,1606492,253192,38884,91508,579920,91508,488412,23536,11104,0,0,0,65946124,3926108,34359738367,518396,0,52800,0,1116160,0,0,0,0,0,0,0,0,2048,0,376080,15255552,120586240
1744061765.002056,600038,21131154,0,131892248,128545184,128044696,0,184520,0,55832,700420,6540,604668,49292,95752,1048576,1048576,0,0,164,0,1621136,256892,38884,91956,580384,91956,488428,23536,11152,0,0,0,65946124,3933560,34359738367,518396,0,52800,0,1116160,0,0,0,0,0,0,0,0,2048,0,376080,15255552,120586240
1744061766.001159,600038,21131154,0,131892248,128528944,128031516,0,190116,0,56104,716792,6540,615256,49564,101536,1048576,1048576,0,0,164,0,1631684,258144,38884,92020,580460,92020,488440,23536,11180,0,0,0,65946124,3948312,34359738367,518396,0,52800,0,1116160,0,0,0,0,0,0,0,0,2048,0,376080,15255552,120586240
1744061767.001213,600038,21131154,0,131892248,128432436,127954368,0,228772,0,56740,801580,6648,661948,50092,139632,1048576,1048576,0,0,236,0,1678336,266480,38888,92116,582888,92116,490772,23808,17116,0,0,0,65946124,4062264,34359738367,519052,0,52800,0,1116160,0,0,0,0,0,0,0,0,2048,0,376080,15255552,120586240
1744061768.001358,600038,21131154,0,131892248,128359568,127910696,0,287128,0,57804,870668,7088,673616,50716,197052,1048576,1048576,0,0,236,0,1690500,303672,39116,92468,582852,92468,490384,23856,20792,0,0,0,65946124,4062264,34359738367,519052,0,52800,0,1116160,0,0,0,0,0,0,0,0,2048,0,376080,15255552,120586240
1744061769.002054,600038,21131154,0,131892248,128244032,127819636,0,344200,0,58056,979492,7096,733732,50960,245760,1048576,1048576,0,0,236,0,1742860,346192,47384,92468,583076,92468,490608,24368,27112,0,0,0,65946124,4174128,34359738367,519260,0,52800,0,1116160,0,0,0,0,0,0,0,0,2048,0,376080,15255552,120586240
1744061770.001113,600038,21131154,0,131892248,127371816,126958744,0,434972,0,59876,1698168,7292,1432052,52584,266116,1048576,1048576,0,0,192,0,2372844,429892,116136,93132,588632,93132,495500,25712,35896,0,0,0,65946124,5299708,34359738367,520492,0,52800,0,1116160,0,0,0,0,0,0,0,0,2048,0,376080,15255552,120586240
1744061771.001045,600038,21131154,0,131892248,127154824,126747608,0,447276,0,70504,1902696,15844,1627128,54660,275568,1048576,1048576,0,0,344,0,2576448,439736,116652,93316,588268,93316,494952,25680,37396,0,0,0,65946124,5530316,34359738367,520524,0,52800,0,1116160,0,0,0,0,0,0,0,0,2048,0,376080,15255552,120586240
1744061772.000792,600038,21131154,0,131892248,127066600,126660756,0,449700,0,86056,1976900,31368,1698612,54688,278288,1048576,1048576,0,0,344,0,2662928,442332,116644,93316,588240,93316,494924,25680,37712,0,0,0,65946124,5625032,34359738367,520524,0,52800,0,1116160,0,0,0,0,0,0,0,0,2048,0,376080,15255552,120586240
1744061773.001930,600038,21131154,0,131892248,127003904,126598864,0,451380,0,94344,2028620,39656,1748724,54688,279896,1048576,1048576,0,0,344,0,2724380,443572,116644,93316,588240,93316,494924,25680,38132,0,0,0,65946124,6023824,34359738367,520524,0,52800,0,1116160,0,0,0,0,0,0,0,0,2048,0,376080,15255552,120586240
1744061774.001460,600038,21131154,0,131892248,126502780,126103016,0,461988,0,111588,2513324,56900,2222880,54688,290444,1048576,1048576,0,0,348,0,3213144,453616,116644,93316,588260,93316,494944,25680,39252,0,0,0,65946124,6515808,34359738367,520524,0,52800,0,1116160,0,0,0,0,0,0,0,0,2048,0,376080,15255552,120586240
1744061775.001192,600038,21131154,0,131892248,126227632,125830384,0,467288,0,119716,2779620,65028,2484140,54688,295480,1048576,1048576,0,0,380,0,3481916,458588,116644,93316,588268,93316,494952,25680,39908,0,0,0,65946124,6793436,34359738367,520524,0,52800,0,1116160,0,0,0,0,0,0,0,0,2048,0,376080,15255552,120586240
1744061776.001265,600038,21131154,0,131892248,126227660,125830648,0,467656,0,119716,2780100,65028,2484148,54688,295952,1048576,1048576,0,0,496,0,3481932,458828,116648,93316,588268,93316,494952,25680,39908,0,0,0,65946124,6793436,34359738367,520524,0,52800,0,1116160,0,0,0,0,0,0,0,0,2048,0,376080,15255552,120586240
1744061777.001652,600038,21131154,0,131892248,126227788,125830836,0,467848,0,119716,2780220,65028,2484148,54688,296072,1048576,1048576,0,0,612,0,3481972,458888,116708,93316,588252,93316,494936,25680,39908,0,0,0,65946124,6793436,34359738367,520524,0,52800,0,1116160,0,0,0,0,0,0,0,0,2048,0,376080,15255552,120586240
1744061778.002084,600038,21131154,0,131892248,126227952,125831060,0,467980,0,119716,2780340,65028,2484148,54688,296192,1048576,1048576,0,0,728,0,3481972,458888,116708,93316,588252,93316,494936,25680,39908,0,0,0,65946124,6793436,34359738367,520524,0,52800,0,1116160,0,0,0,0,0,0,0,0,2048,0,376080,15255552,120586240
1744061779.000950,600038,21131154,0,131892248,126227852,125831020,0,468124,0,119716,2780460,65028,2484148,54688,296312,1048576,1048576,0,0,852,0,3481972,458888,116708,93316,588268,93316,494952,25680,39908,0,0,0,65946124,6793436,34359738367,520524,0,52800,0,1116160,0,0,0,0,0,0,0,0,2048,0,376080,15255552,120586240
1744061780.001250,600038,21131154,0,131892248,126227756,125831036,0,468332,0,119720,2780732,65028,2484204,54692,296528,1048576,1048576,0,0,988,0,3481972,458944,116764,93316,588284,93316,494968,25680,39908,0,0,0,65946124,6793436,34359738367,520524,0,52800,0,1116160,0,0,0,0,0,0,0,0,2048,0,376080,15255552,120586240
1744061781.001559,600038,21131154,0,131892248,126227844,125831188,0,468476,0,119720,2780912,65028,2484252,54692,296660,1048576,1048576,0,0,1108,0,3481972,458952,116772,93316,588284,93316,494968,25680,39908,0,0,0,65946124,6793436,34359738367,520524,0,52800,0,1116160,0,0,0,0,0,0,0,0,2048,0,376080,15255552,120586240
1744061782.001630,600038,21131154,0,131892248,125655304,125259924,0,470948,0,119964,3352296,65236,3053124,54728,299172,1048576,1048576,0,0,132,0,4050952,461428,116832,93316,588124,93316,494808,25680,40692,0,0,0,65946124,7103184,34359738367,520524,0,52800,0,1116160,0,0,0,0,0,0,0,0,2048,0,376080,15255552,120586240
1744061783.002167,600038,21131154,0,131892248,125653444,125258960,0,473144,0,120348,3354820,65612,3053860,54736,300960,1048576,1048576,0,0,268,8,4051400,462300,117292,93316,588268,93316,494952,25680,40812,0,0,0,65946124,7103240,34359738367,520524,0,52800,0,1116160,0,0,0,0,0,0,0,0,2048,0,376080,15255552,120586240
1744061784.000964,600038,21131154,0,131892248,125652648,125258828,0,475020,0,120340,3356752,65604,3054464,54736,302288,1048576,1048576,0,0,404,4,4051432,463000,117848,93316,588380,93316,495064,25680,40812,0,0,0,65946124,7110544,34359738367,520524,0,52800,0,1116160,0,0,0,0,0,0,0,0,2048,0,376080,15255552,120586240
1744061785.001558,600038,21131154,0,131892248,125651360,125258092,0,476744,0,120336,3358444,65600,3055052,54736,303392,1048576,1048576,0,0,424,0,4051440,463596,118440,93316,588300,93316,494984,25680,40804,0,0,0,65946124,7113584,34359738367,520524,0,52800,0,1116160,0,0,0,0,0,0,0,0,2048,0,376080,15255552,120586240
1744061786.000998,600038,21131154,0,131892248,125649372,125256928,0,478960,0,120340,3360776,65604,3055740,54736,305036,1048576,1048576,0,0,756,72,4051448,464276,119120,93316,588540,93316,495224,25680,40812,0,0,0,65946124,7113660,34359738367,520524,0,52800,0,1116160,0,0,0,0,0,0,0,0,2048,0,376080,15255552,120586240
1744061787.001278,600038,21131154,0,131892248,125647228,125255696,0,481280,0,120376,3363100,65636,3056240,54740,306860,1048576,1048576,0,0,496,0,4051456,464748,119596,93316,588492,93316,495176,25680,40812,0,0,0,65946124,7124972,34359738367,520524,0,52800,0,1116160,0,0,0,0,0,0,0,0,2048,0,376080,15255552,120586240
1744061788.001375,600038,21131154,0,131892248,125321512,124931448,0,484532,0,130052,3678700,75308,3368912,54744,309788,1048576,1048576,0,0,756,0,4373768,465676,119924,93316,588668,93316,495352,25680,41436,0,0,0,65946124,7447856,34359738367,520524,0,52800,0,1116160,0,0,0,0,0,0,0,0,2048,0,376080,15255552,120586240
1744061789.002010,600038,21131154,0,131892248,123995760,123605848,0,484864,0,141972,4988960,87228,4678864,54744,310096,1048576,1048576,0,0,916,0,5695600,465812,119908,93316,588588,93316,495272,25680,43516,0,0,0,65946124,8815208,34359738367,520540,0,52800,0,1116160,0,0,0,0,0,0,0,0,2048,0,376080,15255552,120586240
1744061790.001123,600038,21131154,0,131892248,123959284,123598824,0,544156,0,150400,5014172,88184,4652644,62216,361528,1048576,1048576,0,0,17244,0,5670120,469140,119908,93316,592572,93316,499256,25696,44092,0,0,0,65946124,8859040,34359738367,520540,0,52800,0,1116160,0,0,0,0,0,0,0,0,2048,0,376080,15255552,120586240
1744061791.002084,600038,21131154,0,131892248,123899968,123540032,0,545072,0,151416,5072192,88992,4709824,62424,362368,1048576,1048576,0,0,17632,0,5728564,469664,119912,93316,592688,93316,499372,25696,44192,0,0,0,65946124,8916460,34359738367,520540,0,52800,0,1116160,0,0,0,0,0,0,0,0,2048,0,376080,15255552,120586240
1744061792.001605,600038,21131154,0,131892248,123897872,123537944,0,545084,0,151416,5074256,88992,4711876,62424,362380,1048576,1048576,0,0,17644,0,5730620,469684,119912,93316,592688,93316,499372,25696,44264,0,0,0,65946124,8916460,34359738367,520540,0,52800,0,1116160,0,0,0,0,0,0,0,0,2048,0,376080,15255552,120586240
1744061793.001713,600038,21131154,0,131892248,123897660,123537868,0,545336,0,153220,5072720,90664,4710200,62556,362520,1048576,1048576,0,0,17896,0,5730620,469684,119912,93316,592720,93316,499404,25696,44264,0,0,0,65946124,8916460,34359738367,520540,0,52800,0,1116160,0,0,0,0,0,0,0,0,2048,0,376080,15255552,120586240
1744061794.001080,600038,21131154,0,131892248,123897716,123537924,0,545352,0,153220,5072720,90664,4710200,62556,362520,1048576,1048576,0,0,17912,0,5730620,469684,119912,93316,592720,93316,499404,25696,44264,0,0,0,65946124,8916460,34359738367,520540,0,52800,0,1116160,0,0,0,0,0,0,0,0,2048,0,376080,15255552,120586240
1744061795.001641,600038,21131154,0,131892248,123897532,123537740,0,545372,0,153220,5072720,90664,4710200,62556,362520,1048576,1048576,0,0,16976,384,5730620,469684,119912,93316,592896,93316,499580,25696,44264,0,0,0,65946124,8916460,34359738367,520540,0,52800,0,1116160,0,0,0,0,0,0,0,0,2048,0,376080,15255552,120586240
1744061796.001774,600038,21131154,0,131892248,123897420,123537784,0,545616,0,153340,5072916,90784,4710080,62556,362836,1048576,1048576,0,0,17224,0,5730644,469684,119912,93316,592784,93316,499468,25696,44268,0,0,0,65946124,8916460,34359738367,520540,0,52800,0,1116160,0,0,0,0,0,0,0,0,2048,0,376080,15255552,120586240
1744061797.001305,600038,21131154,0,131892248,123844444,123522644,0,593276,0,155828,5119264,91060,4711524,64768,407740,1048576,1048576,0,0,28276,0,5731888,469684,119912,93316,596544,93316,503228,25696,44268,0,0,0,65946124,8920940,34359738367,520540,0,52800,0,1116160,0,0,0,0,0,0,0,0,2048,0,376080,15255552,120586240
1744061798.002101,600038,21131154,0,131892248,123843600,123522652,0,594168,0,156008,5119936,91060,4711524,64948,408412,1048576,1048576,0,0,28912,0,5731888,469684,119912,93316,596816,93316,503500,25696,44268,0,0,0,65946124,8920940,34359738367,520540,0,52800,0,1116160,0,0,0,0,0,0,0,0,2048,0,376080,15255552,120586240
1744061799.001221,600038,21131154,0,131892248,123843732,123522784,0,594184,0,156428,5119516,91392,4711192,65036,408324,1048576,1048576,0,0,28928,0,5731892,469684,119912,93316,596704,93316,503388,25696,44268,0,0,0,65946124,8920940,34359738367,520540,0,52800,0,1116160,0,0,0,0,0,0,0,0,2048,0,376080,15255552,120586240
1744061800.001715,600038,21131154,0,131892248,123843688,123522740,0,594200,0,156428,5119516,91392,4711192,65036,408324,1048576,1048576,0,0,28944,0,5731892,469684,119912,93316,596720,93316,503404,25696,44268,0,0,0,65946124,8920940,34359738367,520540,0,52800,0,1116160,0,0,0,0,0,0,0,0,2048,0,376080,15255552,120586240
1744061801.001475,600038,21131154,0,131892248,123843448,123522796,0,594452,0,156728,5119516,91680,4710908,65048,408608,1048576,1048576,0,0,29124,0,5731900,469688,119916,93316,596736,93316,503420,25696,44268,0,0,0,65946124,8920940,34359738367,520540,0,52800,0,1116160,0,0,0,0,0,0,0,0,2048,0,376080,15255552,120586240
1744061802.001611,600038,21131154,0,131892248,123843464,123522812,0,594464,0,156728,5119516,91680,4710908,65048,408608,1048576,1048576,0,0,29136,0,5731900,469688,119916,93316,596720,93316,503404,25696,44268,0,0,0,65946124,8920940,34359738367,520540,0,52800,0,1116160,0,0,0,0,0,0,0,0,2048,0,376080,15255552,120586240
1744061803.002201,600038,21131154,0,131892248,123829372,123522508,0,608208,0,156728,5133304,91680,4710908,65048,422396,1048576,1048576,0,0,28516,1008,5731900,469688,119916,93316,596928,93316,503612,25696,44268,0,0,0,65946124,8920940,34359738367,520540,0,52800,0,1116160,0,0,0,0,0,0,0,0,2048,0,376080,15255552,120586240
1744061804.001306,600038,21131154,0,131892248,123791096,123519040,0,643076,0,159472,5165476,91740,4710956,67732,454520,1048576,1048576,0,0,7644,0,5731984,469716,119944,93316,600400,93316,507084,25696,44268,0,0,0,65946124,8921108,34359738367,520540,0,52800,0,1116160,0,0,0,0,0,0,0,0,2048,0,376080,15255552,120586240
1744061805.002026,600038,21131154,0,131892248,123791096,123519040,0,643084,0,159472,5165476,91740,4710956,67732,454520,1048576,1048576,0,0,7648,0,5731984,469716,119944,93316,600400,93316,507084,25696,44268,0,0,0,65946124,8921108,34359738367,520540,0,52800,0,1116160,0,0,0,0,0,0,0,0,2048,0,376080,15255552,120586240
1744061806.001136,600038,21131154,0,131892248,123791068,123519072,0,643092,0,159472,5165536,91740,4710956,67732,454580,1048576,1048576,0,0,7656,0,5732000,469716,119944,93316,600400,93316,507084,25696,44268,0,0,0,65946124,8921108,34359738367,520540,0,52800,0,1116160,0,0,0,0,0,0,0,0,2048,0,376080,15255552,120586240
1744061807.001821,600038,21131154,0,131892248,123791084,123519088,0,643104,0,159472,5165536,91740,4710956,67732,454580,1048576,1048576,0,0,7668,0,5732004,469716,119944,93316,600384,93316,507068,25696,44268,0,0,0,65946124,8921108,34359738367,520540,0,52800,0,1116160,0,0,0,0,0,0,0,0,2048,0,376080,15255552,120586240
1744061808.001932,600038,21131154,0,131892248,123791084,123519140,0,643120,0,159472,5165596,91740,4710964,67732,454632,1048576,1048576,0,0,7684,0,5732012,469716,119944,93316,600384,93316,507068,25696,44268,0,0,0,65946124,8921108,34359738367,520540,0,52800,0,1116160,0,0,0,0,0,0,0,0,2048,0,376080,15255552,120586240
1744061809.001603,600038,21131154,0,131892248,123790760,123519056,0,643400,0,159952,5165356,92136,4710568,67816,454788,1048576,1048576,0,0,7940,0,5732020,469740,119968,93316,600400,93316,507084,25696,44268,0,0,0,65946124,8921108,34359738367,520540,0,52800,0,1116160,0,0,0,0,0,0,0,0,2048,0,376080,15255552,120586240
1744061810.001707,600038,21131154,0,131892248,123790788,123519084,0,643400,0,159952,5165356,92136,4710568,67816,454788,1048576,1048576,0,0,7940,0,5732044,469740,119968,93316,600400,93316,507084,25696,44268,0,0,0,65946124,8921108,34359738367,520540,0,52800,0,1116160,0,0,0,0,0,0,0,0,2048,0,376080,15255552,120586240
1744061811.001317,600038,21131154,0,131892248,123790788,123519116,0,643408,0,159952,5165388,92136,4710568,67816,454820,1048576,1048576,0,0,7948,0,5732084,469740,119968,93316,600400,93316,507084,25696,44268,0,0,0,65946124,8921108,34359738367,520540,0,52800,0,1116160,0,0,0,0,0,0,0,0,2048,0,376080,15255552,120586240
1744061812.001837,600038,21131154,0,131892248,123790704,123519060,0,643416,0,159952,5165508,92136,4710660,67816,454848,1048576,1048576,0,0,7956,0,5732188,469740,119968,93316,600400,93316,507084,25696,44268,0,0,0,65946124,8921108,34359738367,520540,0,52800,0,1116160,0,0,0,0,0,0,0,0,2048,0,376080,15255552,120586240
1744061813.001913,600038,21131154,0,131892248,123790620,123518976,0,643428,0,159952,5165568,92136,4710720,67816,454848,1048576,1048576,0,0,7968,0,5732252,469740,119968,93316,600400,93316,507084,25696,44268,0,0,0,65946124,8921108,34359738367,520540,0,52800,0,1116160,0,0,0,0,0,0,0,0,2048,0,376080,15255552,120586240
1744061814.001488,600038,21131154,0,131892248,123790464,123518820,0,643432,0,159952,5165576,92136,4710728,67816,454848,1048576,1048576,0,0,7972,0,5732304,469740,119968,93316,600528,93316,507212,25696,44268,0,0,0,65946124,8921108,34359738367,520540,0,52800,0,1116160,0,0,0,0,0,0,0,0,2048,0,376080,15255552,120586240
1744061815.001996,600038,21131154,0,131892248,123789876,123518564,0,643708,0,160824,5165240,92916,4710152,67908,455088,1048576,1048576,0,0,8228,0,5732480,469760,119988,93316,600416,93316,507100,25696,44268,0,0,0,65946124,8921108,34359738367,520540,0,52800,0,1116160,0,0,0,0,0,0,0,0,2048,0,376080,15255552,120586240
1744061816.002093,600038,21131154,0,131892248,123789664,123518352,0,643712,0,160824,5165420,92916,4710332,67908,455088,1048576,1048576,0,0,8120,0,5732632,469760,119988,93316,600432,93316,507116,25696,44268,0,0,0,65946124,8921108,34359738367,520540,0,52800,0,1116160,0,0,0,0,0,0,0,0,2048,0,376080,15255552,120586240
1744061817.001610,600038,21131154,0,131892248,123737344,123507548,0,687792,0,161004,5206708,92944,4710256,68060,496452,1048576,1048576,0,0,17080,520,5732576,469760,119988,93316,601344,93316,508028,25696,44268,0,0,0,65946124,8923552,34359738367,520540,0,52800,0,1116160,0,0,0,0,0,0,0,0,2048,0,376080,15255552,120586240
1744061818.002082,600038,21131154,0,131892248,123737548,123514504,0,692004,0,163540,5211096,93080,4710292,70460,500804,1048576,1048576,0,0,19556,0,5732824,469760,119988,93316,603968,93316,510652,25696,44268,0,0,0,65946124,8923552,34359738367,520540,0,52800,0,1116160,0,0,0,0,0,0,0,0,2048,0,376080,15255552,120586240
1744061819.001209,600038,21131154,0,131892248,123737256,123514216,0,692020,0,163540,5211456,93080,4710648,70460,500808,1048576,1048576,0,0,19572,0,5733136,469760,119988,93316,603968,93316,510652,25696,44268,0,0,0,65946124,8923552,34359738367,520540,0,52800,0,1116160,0,0,0,0,0,0,0,0,2048,0,376080,15255552,120586240
1744061820.001116,600038,21131154,0,131892248,123736988,123514244,0,692308,0,163840,5211516,93324,4710468,70516,501048,1048576,1048576,0,0,19824,0,5733172,469796,120024,93316,603984,93316,510668,25680,44268,0,0,0,65946124,8923552,34359738367,520540,0,52800,0,1116160,0,0,0,0,0,0,0,0,2048,0,376080,15255552,120586240
1744061821.002226,600038,21131154,0,131892248,123736596,123513852,0,692320,0,163840,5211756,93324,4710708,70516,501048,1048576,1048576,0,0,3004,0,5733524,469800,120028,93316,603984,93316,510668,25680,44268,0,0,0,65946124,8923552,34359738367,520540,0,52800,0,1116160,0,0,0,0,0,0,0,0,2048,0,376080,15255552,120586240
1744061822.001359,600038,21131154,0,131892248,123736176,123513480,0,692332,0,163840,5212220,93324,4711124,70516,501096,1048576,1048576,0,0,3024,0,5733976,469800,120028,93316,603984,93316,510668,25680,44268,0,0,0,65946124,8923552,34359738367,520540,0,52800,0,1116160,0,0,0,0,0,0,0,0,2048,0,376080,15255552,120586240
1744061823.002042,600038,21131154,0,131892248,123735812,123513168,0,692344,0,163840,5212700,93324,4711552,70516,501148,1048576,1048576,0,0,3036,0,5734400,469800,120028,93316,603984,93316,510668,25680,44268,0,0,0,65946124,8923552,34359738367,520540,0,52800,0,1116160,0,0,0,0,0,0,0,0,2048,0,376080,15255552,120586240
1744061824.001138,600038,21131154,0,131892248,123735700,123513068,0,692348,0,163900,5212880,93336,4711768,70564,501112,1048576,1048576,0,0,3040,0,5734520,469800,120028,93316,603984,93316,510668,25680,44268,0,0,0,65946124,8923552,34359738367,520540,0,52800,0,1116160,0,0,0,0,0,0,0,0,2048,0,376080,15255552,120586240
1744061825.001831,600038,21131154,0,131892248,123735088,123512500,0,692356,0,164020,5213300,93452,4712148,70568,501152,1048576,1048576,0,0,3048,0,5735096,469800,120028,93316,603952,93316,510636,25680,44268,0,0,0,65946124,8923552,34359738367,520540,0,52800,0,1116160,0,0,0,0,0,0,0,0,2048,0,376080,15255552,120586240
1744061826.001926,600038,21131154,0,131892248,123734256,123511908,0,692624,0,164740,5213480,94028,4712232,70712,501248,1048576,1048576,0,0,1556,0,5735780,469816,120044,93316,603968,93316,510652,25680,44268,0,0,0,65946124,8923552,34359738367,520540,0,52800,0,1116160,0,0,0,0,0,0,0,0,2048,0,376080,15255552,120586240
1744061827.001564,600038,21131154,0,131892248,123734144,123511796,0,692624,0,164740,5213480,94028,4712232,70712,501248,1048576,1048576,0,0,1556,0,5735856,469816,120044,93316,603968,93316,510652,25680,44268,0,0,0,65946124,8923552,34359738367,520540,0,52800,0,1116160,0,0,0,0,0,0,0,0,2048,0,376080,15255552,120586240
1744061828.001639,600038,21131154,0,131892248,123733388,123511040,0,692640,0,164740,5214140,94028,4712892,70712,501248,1048576,1048576,0,0,1572,0,5736596,469816,120044,93316,603968,93316,510652,25680,44268,0,0,0,65946124,8923552,34359738367,520540,0,52800,0,1116160,0,0,0,0,0,0,0,0,2048,0,376080,15255552,120586240
1744061829.002232,600038,21131154,0,131892248,123732504,123510156,0,692656,0,164920,5214920,94176,4713704,70744,501216,1048576,1048576,0,0,1588,0,5737444,469816,120044,93316,603984,93316,510668,25680,44268,0,0,0,65946124,8923552,34359738367,520540,0,52800,0,1116160,0,0,0,0,0,0,0,0,2048,0,376080,15255552,120586240
1744061830.001323,600038,21131154,0,131892248,123732476,123510184,0,692664,0,164920,5214980,94176,4713708,70744,501272,1048576,1048576,0,0,1596,0,5737492,469816,120044,93316,603984,93316,510668,25680,44268,0,0,0,65946124,8923552,34359738367,520540,0,52800,0,1116160,0,0,0,0,0,0,0,0,2048,0,376080,15255552,120586240
1744061831.000978,600038,21131154,0,131892248,123656804,123477844,0,737112,0,166216,5279396,94340,4735924,71876,543472,1048576,1048576,0,0,44736,0,5759660,469816,120044,93316,605920,93316,512604,25680,44268,0,0,0,65946124,8959432,34359738367,520540,0,52800,0,1116160,0,0,0,0,0,0,0,0,2048,0,376080,15255552,120586240
1744061832.001512,600038,21131154,0,131892248,123677664,123503876,0,741252,0,168004,5262896,94460,4715920,73544,546976,1048576,1048576,0,0,46148,0,5739864,469816,120044,93316,607696,93316,514380,25680,44268,0,0,0,65946124,8928248,34359738367,520540,0,52800,0,1116160,0,0,0,0,0,0,0,0,2048,0,376080,15255552,120586240
1744061833.001635,600038,21131154,0,131892248,123677452,123503676,0,741260,0,168004,5263076,94460,4716088,73544,546988,1048576,1048576,0,0,46156,0,5740080,469816,120044,93316,607712,93316,514396,25680,44268,0,0,0,65946124,8928248,34359738367,520540,0,52800,0,1116160,0,0,0,0,0,0,0,0,2048,0,376080,15255552,120586240
1744061834.002165,600038,21131154,0,131892248,123676360,123502732,0,741272,0,168244,5264096,94688,4716972,73556,547124,1048576,1048576,0,0,46172,0,5741172,469816,120044,93316,607712,93316,514396,25680,44268,0,0,0,65946124,8928248,34359738367,520540,0,52800,0,1116160,0,0,0,0,0,0,0,0,2048,0,376080,15255552,120586240
1744061835.001610,600038,21131154,0,131892248,123675048,123501424,0,741284,0,168364,5265236,94808,4718108,73556,547128,1048576,1048576,0,0,46184,0,5742500,469816,120044,93316,607712,93316,514396,25680,44268,0,0,0,65946124,8928248,34359738367,520540,0,52800,0,1116160,0,0,0,0,0,0,0,0,2048,0,376080,15255552,120586240
1744061836.001679,600038,21131154,0,131892248,123674936,123501312,0,741284,0,168364,5265356,94808,4718228,73556,547128,1048576,1048576,0,0,46184,0,5742588,469816,120044,93316,607712,93316,514396,25680,44268,0,0,0,65946124,8928248,34359738367,520540,0,52800,0,1116160,0,0,0,0,0,0,0,0,2048,0,376080,15255552,120586240
1744061837.002114,600038,21131154,0,131892248,123673564,123499952,0,741304,0,168944,5266216,95344,4719120,73600,547096,1048576,1048576,0,0,46000,0,5744008,469816,120044,93316,607712,93316,514396,25680,44268,0,0,0,65946124,8928248,34359738367,520540,0,52800,0,1116160,0,0,0,0,0,0,0,0,2048,0,376080,15255552,120586240
1744061838.001650,600038,21131154,0,131892248,123671884,123498576,0,741560,0,169724,5267236,96028,4719932,73696,547304,1048576,1048576,0,0,46252,0,5745488,469820,120048,93316,607728,93316,514412,25680,44268,0,0,0,65946124,8928248,34359738367,520540,0,52800,0,1116160,0,0,0,0,0,0,0,0,2048,0,376080,15255552,120586240
1744061839.001750,600038,21131154,0,131892248,123671720,123498412,0,741564,0,169724,5267356,96028,4720052,73696,547304,1048576,1048576,0,0,46256,0,5745672,469820,120048,93316,607728,93316,514412,25680,44268,0,0,0,65946124,8928248,34359738367,520540,0,52800,0,1116160,0,0,0,0,0,0,0,0,2048,0,376080,15255552,120586240
1744061840.001196,600038,21131154,0,131892248,123670236,123496928,0,741568,0,170236,5268284,96540,4720980,73696,547304,1048576,1048576,0,0,46260,0,5747152,469820,120048,93316,607728,93316,514412,25680,44268,0,0,0,65946124,8928248,34359738367,520540,0,52800,0,1116160,0,0,0,0,0,0,0,0,2048,0,376080,15255552,120586240
1744061841.002148,600038,21131154,0,131892248,123668472,123495164,0,741592,0,170416,5269844,96720,4722540,73696,547304,1048576,1048576,0,0,420,3256,5748904,469820,120048,93316,607728,93316,514412,25680,44268,0,0,0,65946124,8928248,34359738367,520540,0,52800,0,1116160,0,0,0,0,0,0,0,0,2048,0,376080,15255552,120586240
1744061842.001247,600038,21131154,0,131892248,123667632,123494324,0,741600,0,170416,5270084,96720,4722780,73696,547304,1048576,1048576,0,0,16,0,5749616,469820,120048,93316,607840,93316,514524,25680,44268,0,0,0,65946124,8945316,34359738367,520540,0,52800,0,1116160,0,0,0,0,0,0,0,0,2048,0,376080,15255552,120586240
1744061843.001924,600038,21131154,0,131892248,123666316,123493080,0,741604,0,171136,5271164,97440,4723788,73696,547376,1048576,1048576,0,0,28,0,5750888,469820,120048,93316,607840,93316,514524,25680,44296,0,0,0,65946124,8945316,34359738367,520540,0,52800,0,1116160,0,0,0,0,0,0,0,0,2048,0,376080,15255552,120586240
1744061844.002004,600038,21131154,0,131892248,123641072,123468060,0,741860,0,171316,5296244,97588,4748676,73728,547568,1048576,1048576,0,0,284,0,5775756,469820,120048,93316,607856,93316,514540,25680,44348,0,0,0,65946124,8979496,34359738367,520540,0,52800,0,1116160,0,0,0,0,0,0,0,0,2048,0,376080,15255552,120586240
1744061845.001671,600038,21131154,0,131892248,123638940,123465928,0,741860,0,171428,5298040,97700,4750472,73728,547568,1048576,1048576,0,0,284,0,5777896,469820,120048,93316,607888,93316,514572,25680,44348,0,0,0,65946124,8979496,34359738367,520540,0,52800,0,1116160,0,0,0,0,0,0,0,0,2048,0,376080,15255552,120586240
1744061846.001763,600038,21131154,0,131892248,123637932,123464988,0,741868,0,172368,5298552,98640,4750916,73728,547636,1048576,1048576,0,0,292,0,5779040,469820,120048,93316,607776,93316,514460,25680,44348,0,0,0,65946124,8979496,34359738367,520540,0,52800,0,1116160,0,0,0,0,0,0,0,0,2048,0,376080,15255552,120586240
1744061847.001396,600038,21131154,0,131892248,123587468,123460608,0,788488,0,174396,5343280,98908,4751320,75488,591960,1048576,1048576,0,0,8600,0,5779912,469820,120048,93316,611456,93316,518140,25680,44348,0,0,0,65946124,8999688,34359738367,520540,0,52800,0,1116160,0,0,0,0,0,0,0,0,2048,0,376080,15255552,120586240
1744061848.001469,600038,21131154,0,131892248,123583644,123458836,0,790208,0,175536,5345476,99092,4752420,76444,593056,1048576,1048576,0,0,12308,0,5781036,469820,120048,93316,611608,93316,518292,25680,44372,0,0,0,65946124,8999688,34359738367,520540,0,52800,0,1116160,0,0,0,0,0,0,0,0,2048,0,376080,15255552,120586240
1744061849.002053,600038,21131154,0,131892248,123574432,123449708,0,790216,0,175656,5354748,99204,4761616,76452,593132,1048576,1048576,0,0,12316,0,5790300,469820,120048,93316,611608,93316,518292,25680,44392,0,0,0,65946124,9010784,34359738367,520540,0,52800,0,1116160,0,0,0,0,0,0,0,0,2048,0,376080,15255552,120586240
1744061850.001187,600038,21131154,0,131892248,123572920,123448196,0,790220,0,176280,5355876,99816,4762756,76464,593120,1048576,1048576,0,0,12320,0,5791588,469820,120048,93316,611736,93316,518420,25680,44392,0,0,0,65946124,9010784,34359738367,520540,0,52800,0,1116160,0,0,0,0,0,0,0,0,2048,0,376080,15255552,120586240
1744061851.001435,600038,21131154,0,131892248,123571504,123447000,0,790476,0,176668,5356556,100128,4763292,76540,593264,1048576,1048576,0,0,12576,0,5792968,469820,120048,93316,611624,93316,518308,25680,44392,0,0,0,65946124,9010784,34359738367,520540,0,52800,0,1116160,0,0,0,0,0,0,0,0,2048,0,376080,15255552,120586240
1744061852.001956,600038,21131154,0,131892248,123570244,123445788,0,790488,0,176668,5357684,100128,4764372,76540,593312,1048576,1048576,0,0,12588,0,5794152,469820,120048,93316,611624,93316,518308,25680,44392,0,0,0,65946124,9010784,34359738367,520540,0,52800,0,1116160,0,0,0,0,0,0,0,0,2048,0,376080,15255552,120586240
1744061853.002040,600038,21131154,0,131892248,123568816,123444404,0,790488,0,177308,5358656,100692,4765376,76616,593280,1048576,1048576,0,0,12588,0,5795612,469820,120048,93316,611624,93316,518308,25680,44392,0,0,0,65946124,9010784,34359738367,520540,0,52800,0,1116160,0,0,0,0,0,0,0,0,2048,0,376080,15255552,120586240
1744061854.001566,600038,21131154,0,131892248,123566100,123441708,0,790500,0,177692,5360912,101072,4767616,76620,593296,1048576,1048576,0,0,12600,0,5798284,469820,120048,93316,611624,93316,518308,25680,44408,0,0,0,65946124,9028864,34359738367,520540,0,52800,0,1116160,0,0,0,0,0,0,0,0,2048,0,376080,15255552,120586240
1744061855.002101,600038,21131154,0,131892248,123567304,123442932,0,790516,0,178196,5359256,101576,4765940,76620,593316,1048576,1048576,0,0,12616,0,5797092,469820,120048,93316,611624,93316,518308,25680,44408,0,0,0,65946124,9029620,34359738367,520540,0,52800,0,1116160,0,0,0,0,0,0,0,0,2048,0,376080,15255552,120586240
1744061856.001228,600038,21131154,0,131892248,123565168,123440856,0,790524,0,178664,5360900,102044,4767524,76620,593376,1048576,1048576,0,0,12624,0,5799216,469820,120048,93316,611632,93316,518316,25680,44408,0,0,0,65946124,9029620,34359738367,520540,0,52800,0,1116160,0,0,0,0,0,0,0,0,2048,0,376080,15255552,120586240
1744061857.001753,600038,21131154,0,131892248,123547232,123423176,0,790776,0,179032,5378452,102376,4784856,76656,593596,1048576,1048576,0,0,12876,0,5816840,469820,120048,93316,611648,93316,518332,25680,44452,0,0,0,65946124,9050092,34359738367,520540,0,52800,0,1116160,0,0,0,0,0,0,0,0,2048,0,376080,15255552,120586240
1744061858.002252,600038,21131154,0,131892248,123546252,123422216,0,790788,0,179912,5378460,103224,4784876,76688,593584,1048576,1048576,0,0,12888,0,5817828,469820,120048,93316,611648,93316,518332,25680,44452,0,0,0,65946124,9050092,34359738367,520540,0,52800,0,1116160,0,0,0,0,0,0,0,0,2048,0,376080,15255552,120586240
1744061859.001377,600038,21131154,0,131892248,123544124,123420168,0,790792,0,180388,5380148,103700,4786484,76688,593664,1048576,1048576,0,0,12892,0,5819888,469820,120048,93316,611648,93316,518332,25696,44452,0,0,0,65946124,9050092,34359738367,520572,0,52800,0,1116160,0,0,0,0,0,0,0,0,2048,0,376080,15255552,120586240
1744061860.001814,600038,21131154,0,131892248,123543928,123419972,0,790792,0,180388,5380388,103700,4786724,76688,593664,1048576,1048576,0,0,12892,0,5820088,469820,120048,93316,611648,93316,518332,25712,44452,0,0,0,65946124,9050092,34359738367,520572,0,52800,0,1116160,0,0,0,0,0,0,0,0,2048,0,376080,15255552,120586240
1744061861.002201,600038,21131154,0,131892248,123541968,123418012,0,790800,0,180860,5381776,104172,4788112,76688,593664,1048576,1048576,0,0,12900,0,5822064,469820,120048,93316,611648,93316,518332,25712,44452,0,0,0,65946124,9050092,34359738367,520572,0,52800,0,1116160,0,0,0,0,0,0,0,0,2048,0,376080,15255552,120586240
1744061862.001326,600038,21131154,0,131892248,123540344,123416396,0,790812,0,181040,5383276,104316,4789640,76724,593636,1048576,1048576,0,0,312,3164,5823676,469820,120048,93316,611648,93316,518332,25712,44452,0,0,0,65946124,9050092,34359738367,520572,0,52800,0,1116160,0,0,0,0,0,0,0,0,2048,0,376080,15255552,120586240
1744061863.001896,600038,21131154,0,131892248,123484312,123406224,0,837576,0,184032,5428152,105288,4790676,78744,637476,1048576,1048576,0,0,44928,0,5825344,469820,120048,93316,614432,93316,521116,25712,44464,0,0,0,65946124,9045520,34359738367,520572,0,52800,0,1116160,0,0,0,0,0,0,0,0,2048,0,376080,15255552,120586240
1744061864.001961,600038,21131154,0,131892248,123485408,123409812,0,839364,0,184848,5430712,105504,4791344,79344,639368,1048576,1048576,0,0,46016,0,5826348,469820,120048,93316,615232,93316,521916,25712,44452,0,0,0,65946124,9045520,34359738367,520572,0,52800,0,1116160,0,0,0,0,0,0,0,0,2048,0,376080,15255552,120586240
1744061865.001736,600038,21131154,0,131892248,123484924,123409456,0,839364,0,184908,5431252,105540,4791784,79368,639468,1048576,1048576,0,0,46016,0,5826832,469820,120048,93324,615240,93324,521916,25712,44452,0,0,0,65946124,9055236,34359738367,520572,0,52800,0,1116160,0,0,0,0,0,0,0,0,2048,0,376080,15255552,120586240
1744061866.001810,600038,21131154,0,131892248,123483104,123407672,0,839376,0,185316,5432472,105744,4793172,79572,639300,1048576,1048576,0,0,46028,0,5828620,469820,120048,93324,615240,93324,521916,25712,44464,0,0,0,65946124,9055236,34359738367,520572,0,52800,0,1116160,0,0,0,0,0,0,0,0,2048,0,376080,15255552,120586240
1744061867.001485,600038,21131154,0,131892248,123482852,123407428,0,839384,0,185316,5432712,105744,4793404,79572,639308,1048576,1048576,0,0,46036,0,5828856,469820,120048,93324,615240,93324,521916,25712,44464,0,0,0,65946124,9055236,34359738367,520572,0,52800,0,1116160,0,0,0,0,0,0,0,0,2048,0,376080,15255552,120586240
1744061868.001558,600038,21131154,0,131892248,123481204,123405788,0,839384,0,186452,5433316,106796,4794084,79656,639232,1048576,1048576,0,0,46036,0,5830592,469820,120048,93324,615240,93324,521916,25712,44464,0,0,0,65946124,9055236,34359738367,520572,0,52800,0,1116160,0,0,0,0,0,0,0,0,2048,0,376080,15255552,120586240
1744061869.002194,600038,21131154,0,131892248,123479524,123404108,0,839404,0,186648,5434860,106992,4795628,79656,639232,1048576,1048576,0,0,46060,0,5832272,469820,120048,93324,615240,93324,521916,25712,44464,0,0,0,65946124,9055236,34359738367,520556,0,52800,0,1116160,0,0,0,0,0,0,0,0,2048,0,376080,15255552,120586240
1744061870.001329,600038,21131154,0,131892248,123478628,123403496,0,839640,0,187064,5435392,107408,4795876,79656,639516,1048576,1048576,0,0,46296,0,5832848,469820,120048,93324,615240,93324,521916,25696,44464,0,0,0,65946124,9055236,34359738367,520556,0,52800,0,1116160,0,0,0,0,0,0,0,0,2048,0,376080,15255552,120586240
1744061871.001409,600038,21131154,0,131892248,123476808,123401736,0,839664,0,188768,5435308,109068,4795776,79700,639532,1048576,1048576,0,0,46320,0,5834616,469820,120048,93324,615240,93324,521916,25696,44468,0,0,0,65946124,9055236,34359738367,520556,0,52800,0,1116160,0,0,0,0,0,0,0,0,2048,0,376080,15255552,120586240
1744061872.001972,600038,21131154,0,131892248,123476612,123401540,0,839668,0,188768,5435548,109068,4796016,79700,639532,1048576,1048576,0,0,46324,0,5834832,469820,120048,93324,615240,93324,521916,25696,44468,0,0,0,65946124,9055236,34359738367,520556,0,52800,0,1116160,0,0,0,0,0,0,0,0,2048,0,376080,15255552,120586240
1744061873.002052,600038,21131154,0,131892248,123474656,123399596,0,839680,0,188928,5437188,109228,4797644,79700,639544,1048576,1048576,0,0,4,0,5836544,469820,120048,93324,615432,93324,522108,25696,44468,0,0,0,65946124,9055236,34359738367,520556,0,52800,0,1116160,0,0,0,0,0,0,0,0,2048,0,376080,15255552,120586240
1744061874.001572,600038,21131154,0,131892248,123474124,123399064,0,839680,0,188928,5437668,109228,4798124,79700,639544,1048576,1048576,0,0,8,0,5837164,469820,120048,93324,615432,93324,522108,25696,44468,0,0,0,65946124,9055236,34359738367,520556,0,52800,0,1116160,0,0,0,0,0,0,0,0,2048,0,376080,15255552,120586240
1744061875.002068,600038,21131154,0,131892248,123472696,123397708,0,839692,0,189336,5438580,109592,4799008,79744,639572,1048576,1048576,0,0,28,0,5838536,469820,120048,93324,615432,93324,522108,25696,44468,0,0,0,65946124,9055236,34359738367,520556,0,52800,0,1116160,0,0,0,0,0,0,0,0,2048,0,376080,15255552,120586240
1744061876.001199,600038,21131154,0,131892248,123470988,123396020,0,839700,0,189568,5440208,109824,4800616,79744,639592,1048576,1048576,0,0,36,0,5840312,469820,120048,93324,615432,93324,522108,25696,44468,0,0,0,65946124,9055236,34359738367,520556,0,52800,0,1116160,0,0,0,0,0,0,0,0,2048,0,376080,15255552,120586240
1744061877.001745,600038,21131154,0,131892248,123469540,123394784,0,839944,0,189804,5441196,110060,4801392,79744,639804,1048576,1048576,0,0,280,0,5841364,469824,120052,93324,615592,93324,522268,25696,44468,0,0,0,65946124,9055236,34359738367,520556,0,52800,0,1116160,0,0,0,0,0,0,0,0,2048,0,376080,15255552,120586240
1744061878.002275,600038,21131154,0,131892248,123468384,123393676,0,839968,0,190864,5441560,111044,4801784,79820,639776,1048576,1048576,0,0,304,0,5842660,469824,120052,93324,615432,93324,522108,25696,44468,0,0,0,65946124,9055236,34359738367,520556,0,52800,0,1116160,0,0,0,0,0,0,0,0,2048,0,376080,15255552,120586240
1744061879.001367,600038,21131154,0,131892248,123468188,123393500,0,839972,0,191872,5441116,112052,4801320,79820,639796,1048576,1048576,0,0,308,0,5842816,469824,120052,93324,615432,93324,522108,25696,44468,0,0,0,65946124,9055236,34359738367,520556,0,52800,0,1116160,0,0,0,0,0,0,0,0,2048,0,376080,15255552,120586240
1744061880.002011,600038,21131154,0,131892248,123466228,123391644,0,840080,0,191996,5442588,112176,4802688,79820,639900,1048576,1048576,0,0,320,0,5844668,469828,120052,93324,615432,93324,522108,25696,44468,0,0,0,65946124,9055236,34359738367,520556,0,52800,0,1116160,0,0,0,0,0,0,0,0,2048,0,376080,15255552,120586240
1744061881.002279,600038,21131154,0,131892248,123398028,123366752,0,885260,0,192996,5499600,112432,4817136,80564,682464,1048576,1048576,0,0,39976,0,5859084,469828,120052,93324,617784,93324,524460,25696,44476,0,0,0,65946124,9079652,34359738367,520556,0,52800,0,1116160,0,0,0,0,0,0,0,0,2048,0,376080,15255552,120586240
1744061882.001372,600038,21131154,0,131892248,123397724,123371344,0,888464,0,195196,5504000,112736,4818536,82460,685464,1048576,1048576,0,0,45128,0,5860924,469828,120052,93324,619144,93324,525820,25696,44508,0,0,0,65946124,9079652,34359738367,520556,0,52800,0,1116160,0,0,0,0,0,0,0,0,2048,0,376080,15255552,120586240
1744061883.002154,600038,21131154,0,131892248,123396996,123370616,0,888468,0,195196,5504660,112736,4819196,82460,685464,1048576,1048576,0,0,45132,0,5861652,469828,120052,93324,619144,93324,525820,25696,44508,0,0,0,65946124,9079652,34359738367,520556,0,52800,0,1116160,0,0,0,0,0,0,0,0,2048,0,376080,15255552,120586240
1744061884.001230,600038,21131154,0,131892248,123395752,123369452,0,888476,0,196148,5505208,113616,4819736,82532,685472,1048576,1048576,0,0,45140,0,5863004,469828,120052,93324,619072,93324,525748,25696,44508,0,0,0,65946124,9079652,34359738367,520556,0,52800,0,1116160,0,0,0,0,0,0,0,0,2048,0,376080,15255552,120586240
1744061885.001929,600038,21131154,0,131892248,123394112,123368072,0,888740,0,196448,5506588,113900,4820872,82548,685716,1048576,1048576,0,0,45404,0,5864400,469828,120052,93324,619088,93324,525764,25696,44512,0,0,0,65946124,9099660,34359738367,520556,0,52800,0,1116160,0,0,0,0,0,0,0,0,2048,0,376080,15255552,120586240
1744061886.002011,600038,21131154,0,131892248,123393580,123367644,0,888748,0,196568,5507128,114020,4821308,82548,685820,1048576,1048576,0,0,45412,0,5864972,469828,120052,93324,619088,93324,525764,25696,44536,0,0,0,65946124,9099660,34359738367,520556,0,52800,0,1116160,0,0,0,0,0,0,0,0,2048,0,376080,15255552,120586240
1744061887.001322,600038,21131154,0,131892248,123391564,123365640,0,888756,0,196832,5508904,114272,4823084,82560,685820,1048576,1048576,0,0,45420,0,5866972,469828,120052,93324,619088,93324,525764,25696,44536,0,0,0,65946124,9099660,34359738367,520556,0,52800,0,1116160,0,0,0,0,0,0,0,0,2048,0,376080,15255552,120586240
1744061888.001398,600038,21131154,0,131892248,123391340,123365416,0,888756,0,196832,5508964,114272,4823144,82560,685820,1048576,1048576,0,0,45420,0,5867160,469828,120052,93324,619088,93324,525764,25696,44536,0,0,0,65946124,9099660,34359738367,520556,0,52800,0,1116160,0,0,0,0,0,0,0,0,2048,0,376080,15255552,120586240
1744061889.002078,600038,21131154,0,131892248,123389252,123363372,0,888764,0,197200,5510516,114640,4824652,82560,685864,1048576,1048576,0,0,4,0,5869020,469828,120052,93324,619328,93324,526004,25696,44536,0,0,0,65946124,9099660,34359738367,520556,0,52800,0,1116160,0,0,0,0,0,0,0,0,2048,0,376080,15255552,120586240
1744061890.001158,600038,21131154,0,131892248,123386060,123360180,0,888764,0,198208,5512652,115648,4826788,82560,685864,1048576,1048576,0,0,8,0,5872252,469828,120052,93324,619328,93324,526004,25696,44536,0,0,0,65946124,9104196,34359738367,520556,0,52800,0,1116160,0,0,0,0,0,0,0,0,2048,0,376080,15255552,120586240
1744061891.001354,600038,21131154,0,131892248,123384300,123358428,0,888776,0,198808,5513868,116196,4828048,82612,685820,1048576,1048576,0,0,28,0,5873956,469828,120052,93324,619352,93324,526028,25696,44548,0,0,0,65946124,9104196,34359738367,520556,0,52800,0,1116160,0,0,0,0,0,0,0,0,2048,0,376080,15255552,120586240
1744061892.001921,600038,21131154,0,131892248,123383412,123357720,0,889044,0,199552,5514228,116940,4828228,82612,686000,1048576,1048576,0,0,296,0,5874436,469828,120052,93324,619512,93324,526188,25696,44548,0,0,0,65946124,9104196,34359738367,520556,0,52800,0,1116160,0,0,0,0,0,0,0,0,2048,0,376080,15255552,120586240
1744061893.002001,600038,21131154,0,131892248,123382056,123356420,0,889052,0,200616,5514220,117980,4828188,82636,686032,1048576,1048576,0,0,308,0,5875872,469828,120052,93324,619384,93324,526060,25696,44548,0,0,0,65946124,9104196,34359738367,520556,0,52800,0,1116160,0,0,0,0,0,0,0,0,2048,0,376080,15255552,120586240
1744061894.001514,600038,21131154,0,131892248,123380964,123355328,0,889060,0,200616,5515300,117980,4829268,82636,686032,1048576,1048576,0,0,316,0,5877000,469828,120052,93324,619384,93324,526060,25696,44548,0,0,0,65946124,9104196,34359738367,520556,0,52800,0,1116160,0,0,0,0,0,0,0,0,2048,0,376080,15255552,120586240
1744061895.002013,600038,21131154,0,131892248,123380168,123354532,0,889060,0,200888,5515928,118244,4829904,82644,686024,1048576,1048576,0,0,316,0,5877860,469828,120052,93324,619368,93324,526044,25696,44548,0,0,0,65946124,9104196,34359738367,520556,0,52800,0,1116160,0,0,0,0,0,0,0,0,2048,0,376080,15255552,120586240
1744061896.001131,600038,21131154,0,131892248,123378432,123352900,0,889068,0,201008,5517428,118308,4831356,82700,686072,1048576,1048576,0,0,324,0,5879548,469828,120052,93324,619368,93324,526044,25696,44548,0,0,0,65946124,9104196,34359738367,520556,0,52800,0,1116160,0,0,0,0,0,0,0,0,2048,0,376080,15255552,120586240
1744061897.001691,600038,21131154,0,131892248,123378200,123352668,0,889072,0,201272,5517524,118572,4831452,82700,686072,1048576,1048576,0,0,328,0,5879800,469828,120052,93324,619376,93324,526052,25696,44548,0,0,0,65946124,9104196,34359738367,520556,0,52800,0,1116160,0,0,0,0,0,0,0,0,2048,0,376080,15255552,120586240
1744061898.002228,600038,21131154,0,131892248,123376464,123350944,0,889084,0,201564,5518972,118864,4832888,82700,686084,1048576,1048576,0,0,340,0,5881532,469828,120052,93324,619376,93324,526052,25696,44548,0,0,0,65946124,9104196,34359738367,520556,0,52800,0,1116160,0,0,0,0,0,0,0,0,2048,0,376080,15255552,120586240
1744061899.001364,600038,21131154,0,131892248,123320720,123339656,0,934908,0,203284,5562696,119176,4833564,84108,729132,1048576,1048576,0,0,10788,536,5882220,469828,120052,93324,621552,93324,528228,25696,44580,0,0,0,65946124,9106468,34359738367,520556,0,52800,0,1116160,0,0,0,0,0,0,0,0,2048,0,376080,15255552,120586240
1744061900.001375,600038,21131154,0,131892248,123321596,123344316,0,937684,0,205128,5566216,119712,4834608,85416,731608,1048576,1048576,0,0,12612,0,5883812,469828,120052,93324,623200,93324,529876,25696,44556,0,0,0,65946124,9106468,34359738367,520556,0,52800,0,1116160,0,0,0,0,0,0,0,0,2048,0,376080,15255552,120586240
1744061901.001628,600038,21131154,0,131892248,123321428,123344264,0,937684,0,205128,5566396,119712,4834672,85416,731724,1048576,1048576,0,0,12612,0,5883952,469828,120052,93324,623200,93324,529876,25696,44556,0,0,0,65946124,9106468,34359738367,520556,0,52800,0,1116160,0,0,0,0,0,0,0,0,2048,0,376080,15255552,120586240
1744061902.001706,600038,21131154,0,131892248,123319748,123342584,0,937704,0,205188,5568076,119736,4836388,85452,731688,1048576,1048576,0,0,12632,0,5885628,469828,120052,93324,623200,93324,529876,25696,44560,0,0,0,65946124,9106468,34359738367,520556,0,52800,0,1116160,0,0,0,0,0,0,0,0,2048,0,376080,15255552,120586240
1744061903.002207,600038,21131154,0,131892248,123319524,123342360,0,937704,0,205188,5568196,119736,4836508,85452,731688,1048576,1048576,0,0,12632,0,5885888,469828,120052,93324,623208,93324,529884,25696,44560,0,0,0,65946124,9106468,34359738367,520556,0,52800,0,1116160,0,0,0,0,0,0,0,0,2048,0,376080,15255552,120586240
1744061904.000995,600038,21131154,0,131892248,123317788,123340660,0,937712,0,205188,5569816,119736,4838092,85452,731724,1048576,1048576,0,0,12640,0,5887516,469828,120052,93324,623208,93324,529884,25696,44560,0,0,0,65946124,9106468,34359738367,520556,0,52800,0,1116160,0,0,0,0,0,0,0,0,2048,0,376080,15255552,120586240
1744061905.001733,600038,21131154,0,131892248,123317620,123340508,0,937716,0,205188,5570176,119736,4838436,85452,731740,1048576,1048576,0,0,12644,0,5887756,469828,120052,93324,623208,93324,529884,25696,44560,0,0,0,65946124,9106468,34359738367,520556,0,52800,0,1116160,0,0,0,0,0,0,0,0,2048,0,376080,15255552,120586240
1744061906.001816,600038,21131154,0,131892248,123316044,123338932,0,937720,0,205304,5571440,119852,4839700,85452,731740,1048576,1048576,0,0,12648,0,5889276,469828,120052,93324,623216,93324,529892,25696,44560,0,0,0,65946124,9106468,34359738367,520556,0,52800,0,1116160,0,0,0,0,0,0,0,0,2048,0,376080,15255552,120586240
1744061907.001311,600038,21131154,0,131892248,123315408,123338532,0,937996,0,205676,5571728,120200,4839776,85476,731952,1048576,1048576,0,0,12912,0,5889528,469840,120064,93324,623264,93324,529940,25696,44560,0,0,0,65946124,9106468,34359738367,520556,0,52800,0,1116160,0,0,0,0,0,0,0,0,2048,0,376080,15255552,120586240
1744061908.001425,600038,21131154,0,131892248,123313868,123336992,0,937996,0,205836,5573128,120332,4841204,85504,731924,1048576,1048576,0,0,12912,0,5891112,469840,120064,93324,623264,93324,529940,25696,44560,0,0,0,65946124,9106468,34359738367,520556,0,52800,0,1116160,0,0,0,0,0,0,0,0,2048,0,376080,15255552,120586240
1744061909.002134,600038,21131154,0,131892248,123311048,123334172,0,938008,0,205836,5575840,120332,4843916,85504,731924,1048576,1048576,0,0,12924,0,5893948,469840,120064,93324,623264,93324,529940,25696,44560,0,0,0,65946124,9106468,34359738367,520556,0,52800,0,1116160,0,0,0,0,0,0,0,0,2048,0,376080,15255552,120586240
1744061910.001009,600038,21131154,0,131892248,123310544,123333668,0,938020,0,206484,5575840,120976,4843920,85508,731920,1048576,1048576,0,0,12936,0,5894484,469840,120064,93324,623264,93324,529940,25696,44564,0,0,0,65946124,9106468,34359738367,520556,0,52800,0,1116160,0,0,0,0,0,0,0,0,2048,0,376080,15255552,120586240
1744061911.001434,600038,21131154,0,131892248,123308920,123332056,0,938028,0,206988,5576872,121480,4844940,85508,731932,1048576,1048576,0,0,12944,0,5896048,469840,120064,93324,623264,93324,529940,25696,44564,0,0,0,65946124,9106468,34359738367,520556,0,52800,0,1116160,0,0,0,0,0,0,0,0,2048,0,376080,15255552,120586240
1744061912.001949,600038,21131154,0,131892248,123308248,123331448,0,938028,0,208000,5576700,122448,4844748,85552,731952,1048576,1048576,0,0,12944,0,5896772,469840,120064,93324,623264,93324,529940,25696,44564,0,0,0,65946124,9106468,34359738367,520556,0,52800,0,1116160,0,0,0,0,0,0,0,0,2048,0,376080,15255552,120586240
1744061913.002031,600038,21131154,0,131892248,123306596,123329796,0,938036,0,208108,5578112,122544,4846172,85564,731940,1048576,1048576,0,0,12952,0,5898408,469840,120064,93324,623264,93324,529940,25696,44572,0,0,0,65946124,9110780,34359738367,520556,0,52800,0,1116160,0,0,0,0,0,0,0,0,2048,0,376080,15255552,120586240
1744061914.001596,600038,21131154,0,131892248,123306204,123329468,0,938072,0,208148,5578360,122584,4846356,85564,732004,1048576,1048576,0,0,12988,0,5898700,469840,120064,93324,623264,93324,529940,25696,44572,0,0,0,65946124,9110780,34359738367,520556,0,52800,0,1116160,0,0,0,0,0,0,0,0,2048,0,376080,15255552,120586240
1744061915.002142,600038,21131154,0,131892248,123321296,123344852,0,938348,0,208236,5563448,122660,4831164,85576,732284,1048576,1048576,0,0,8,0,5883376,469880,120104,93324,623264,93324,529940,25696,44540,0,0,0,65946124,9095988,34359738367,520556,0,52800,0,1116160,0,0,0,0,0,0,0,0,2048,0,376080,15255552,120586240
1744061916.001266,600038,21131154,0,131892248,123312532,123336088,0,938348,0,208236,5572136,122660,4839852,85576,732284,1048576,1048576,0,0,12,0,5892084,469880,120104,93324,623264,93324,529940,25696,44540,0,0,0,65946124,9104908,34359738367,520556,0,52800,0,1116160,0,0,0,0,0,0,0,0,2048,0,376080,15255552,120586240
1744061917.001802,600038,21131154,0,131892248,123310824,123334480,0,938356,0,208928,5573196,123284,4840880,85644,732316,1048576,1048576,0,0,28,0,5893888,469880,120104,93324,623264,93324,529940,25696,44560,0,0,0,65946124,9104908,34359738367,520556,0,52800,0,1116160,0,0,0,0,0,0,0,0,2048,0,376080,15255552,120586240
1744061918.002253,600038,21131154,0,131892248,123258756,123325688,0,983448,0,210024,5615912,123644,4841056,86380,774856,1048576,1048576,0,0,40232,0,5894040,469880,120104,93324,625344,93324,532020,25696,44560,0,0,0,65946124,9104536,34359738367,520556,0,52800,0,1116160,0,0,0,0,0,0,0,0,2048,0,376080,15255552,120586240
1744061919.001375,600038,21131154,0,131892248,123257132,123328812,0,986708,0,212016,5619944,123832,4842144,88184,777800,1048576,1048576,0,0,44816,0,5895444,469880,120104,93324,626976,93324,533652,25696,44560,0,0,0,65946124,9104536,34359738367,520556,0,52800,0,1116160,0,0,0,0,0,0,0,0,2048,0,376080,15255552,120586240
1744061920.001800,600038,21131154,0,131892248,123256992,123328744,0,986712,0,212016,5620124,123832,4842252,88184,777872,1048576,1048576,0,0,44820,0,5895584,469880,120104,93324,626976,93324,533652,25696,44560,0,0,0,65946124,9104536,34359738367,520556,0,52800,0,1116160,0,0,0,0,0,0,0,0,2048,0,376080,15255552,120586240
1744061921.002097,600038,21131154,0,131892248,123255548,123327352,0,986724,0,212864,5620656,124656,4842756,88208,777900,1048576,1048576,0,0,44832,0,5896972,469880,120104,93324,626992,93324,533668,25696,44560,0,0,0,65946124,9104536,34359738367,520556,0,52800,0,1116160,0,0,0,0,0,0,0,0,2048,0,376080,15255552,120586240
1744061922.001179,600038,21131154,0,131892248,123255352,123327168,0,986728,0,212864,5620836,124656,4842924,88208,777912,1048576,1048576,0,0,44836,0,5897172,469880,120104,93324,626992,93324,533668,25696,44560,0,0,0,65946124,9104536,34359738367,520556,0,52800,0,1116160,0,0,0,0,0,0,0,0,2048,0,376080,15255552,120586240
1744061923.001780,600038,21131154,0,131892248,123254664,123326716,0,987008,0,213168,5621244,124960,4843096,88208,778148,1048576,1048576,0,0,45092,0,5897628,469904,120128,93324,627008,93324,533684,25696,44568,0,0,0,65946124,9104536,34359738367,520556,0,52800,0,1116160,0,0,0,0,0,0,0,0,2048,0,376080,15255552,120586240
1744061924.001918,600038,21131154,0,131892248,123253656,123325756,0,987008,0,213388,5622104,125124,4843964,88264,778140,1048576,1048576,0,0,45092,0,5898596,469904,120128,93324,627008,93324,533684,25696,44568,0,0,0,65946124,9104536,34359738367,520556,0,52800,0,1116160,0,0,0,0,0,0,0,0,2048,0,376080,15255552,120586240
1744061925.001526,600038,21131154,0,131892248,123252900,123325000,0,987012,0,213388,5622824,125124,4844684,88264,778140,1048576,1048576,0,0,45096,0,5899336,469904,120128,93324,627008,93324,533684,25696,44568,0,0,0,65946124,9104536,34359738367,520556,0,52800,0,1116160,0,0,0,0,0,0,0,0,2048,0,376080,15255552,120586240
1744061926.001604,600038,21131154,0,131892248,123252064,123324164,0,987016,0,213580,5623352,125288,4845240,88292,778112,1048576,1048576,0,0,4,496,5900080,469904,120128,93324,627088,93324,533764,25696,44568,0,0,0,65946124,9104536,34359738367,520556,0,52800,0,1116160,0,0,0,0,0,0,0,0,2048,0,376080,15255552,120586240
1744061927.002293,600038,21131154,0,131892248,123250720,123322956,0,987020,0,213580,5624732,125288,4846484,88292,778248,1048576,1048576,0,0,20,0,5901412,469904,120128,93324,627088,93324,533764,25696,44568,0,0,0,65946124,9104536,34359738367,520556,0,52800,0,1116160,0,0,0,0,0,0,0,0,2048,0,376080,15255552,120586240
1744061928.001419,600038,21131154,0,131892248,123250496,123322732,0,987036,0,213580,5624852,125288,4846604,88292,778248,1048576,1048576,0,0,40,0,5901624,469904,120128,93324,627088,93324,533764,25696,44568,0,0,0,65946124,9104536,34359738367,520556,0,52800,0,1116160,0,0,0,0,0,0,0,0,2048,0,376080,15255552,120586240
1744061929.002145,600038,21131154,0,131892248,123249180,123321416,0,987048,0,213580,5626232,125288,4847984,88292,778248,1048576,1048576,0,0,52,0,5902924,469904,120128,93324,627088,93324,533764,25696,44568,0,0,0,65946124,9104536,34359738367,520556,0,52800,0,1116160,0,0,0,0,0,0,0,0,2048,0,376080,15255552,120586240
1744061930.001014,600038,21131154,0,131892248,123249012,123321272,0,987048,0,213676,5626376,125380,4848108,88296,778268,1048576,1048576,0,0,52,0,5903148,469904,120128,93324,627088,93324,533764,25696,44572,0,0,0,65946124,9104536,34359738367,520556,0,52800,0,1116160,0,0,0,0,0,0,0,0,2048,0,376080,15255552,120586240
1744061931.002142,600038,21131154,0,131892248,123248764,123321024,0,987088,0,213676,5626556,125380,4848288,88296,778268,1048576,1048576,0,0,68,0,5903396,469928,120152,93324,627056,93324,533732,25696,44576,0,0,0,65946124,9104536,34359738367,520556,0,52800,0,1116160,0,0,0,0,0,0,0,0,2048,0,376080,15255552,120586240
1744061932.001668,600038,21131154,0,131892248,123229652,123302224,0,987352,0,213844,5645504,125548,4866924,88296,778580,1048576,1048576,0,0,316,0,5922232,469944,120168,93324,627072,93324,533748,25696,44604,0,0,0,65946124,9131268,34359738367,520556,0,52800,0,1116160,0,0,0,0,0,0,0,0,2048,0,376080,15255552,120586240
1744061933.001777,600038,21131154,0,131892248,123228756,123301328,0,987356,0,214432,5645900,126104,4867352,88328,778548,1048576,1048576,0,0,320,0,5923128,469944,120168,93324,627072,93324,533748,25696,44608,0,0,0,65946124,9131268,34359738367,520556,0,52800,0,1116160,0,0,0,0,0,0,0,0,2048,0,376080,15255552,120586240
1744061934.001360,600038,21131154,0,131892248,123227972,123300572,0,987364,0,215440,5645792,127112,4867216,88328,778576,1048576,1048576,0,0,328,0,5924024,469944,120168,93324,626960,93324,533636,25696,44608,0,0,0,65946124,9131268,34359738367,520556,0,52800,0,1116160,0,0,0,0,0,0,0,0,2048,0,376080,15255552,120586240
1744061935.001906,600038,21131154,0,131892248,123227300,123299900,0,987368,0,216036,5645916,127676,4867372,88360,778544,1048576,1048576,0,0,332,0,5924736,469944,120168,93324,626960,93324,533636,25696,44608,0,0,0,65946124,9131268,34359738367,520556,0,52800,0,1116160,0,0,0,0,0,0,0,0,2048,0,376080,15255552,120586240
1744061936.002006,600038,21131154,0,131892248,123226404,123299004,0,987376,0,216036,5646756,127676,4868212,88360,778544,1048576,1048576,0,0,340,0,5925604,469944,120168,93324,626960,93324,533636,25696,44608,0,0,0,65946124,9131268,34359738367,520556,0,52800,0,1116160,0,0,0,0,0,0,0,0,2048,0,376080,15255552,120586240
1744061937.001547,600038,21131154,0,131892248,123225760,123298388,0,987376,0,216148,5647364,127740,4868840,88408,778524,1048576,1048576,0,0,340,0,5926308,469944,120168,93324,626960,93324,533636,25696,44608,0,0,0,65946124,9131268,34359738367,520556,0,52800,0,1116160,0,0,0,0,0,0,0,0,2048,0,376080,15255552,120586240
1744061938.002116,600038,21131154,0,131892248,123224736,123297364,0,987396,0,216148,5648324,127740,4869800,88408,778524,1048576,1048576,0,0,360,0,5927220,469944,120168,93324,626976,93324,533652,25696,44608,0,0,0,65946124,9131268,34359738367,520556,0,52800,0,1116160,0,0,0,0,0,0,0,0,2048,0,376080,15255552,120586240
1744061939.001244,600038,21131154,0,131892248,123224036,123296680,0,987396,0,216308,5648944,127888,4870416,88420,778528,1048576,1048576,0,0,360,0,5927944,469944,120168,93324,626976,93324,533652,25696,44608,0,0,0,65946124,9131268,34359738367,520556,0,52800,0,1116160,0,0,0,0,0,0,0,0,2048,0,376080,15255552,120586240
1744061940.001794,600038,21131154,0,131892248,123172024,123292568,0,1035784,0,218908,5694280,128056,4870284,90852,823996,1048576,1048576,0,0,46200,0,5927564,469944,120168,93324,631024,93324,537700,25696,44608,0,0,0,65946124,9129832,34359738367,520556,0,52800,0,1116160,0,0,0,0,0,0,0,0,2048,0,376080,15255552,120586240
1744061941.001534,600038,21131154,0,131892248,123885284,124006932,0,1036716,0,219024,4980060,127964,4155168,91060,824892,1048576,1048576,0,0,0,14576,5212236,470720,120204,93328,631016,93328,537688,25696,43492,0,0,0,65946124,8352756,34359738367,520556,0,52800,0,1116160,0,0,0,0,0,0,0,0,2048,0,376080,15255552,120586240
1744061942.001609,600038,21131154,0,131892248,123886828,124009216,0,1037224,0,220092,4978412,128796,4153032,91296,825380,1048576,1048576,0,0,8,0,5210856,470864,120216,93360,631064,93360,537704,25712,43004,0,0,0,65946124,8352756,34359738367,520572,0,52800,0,1116160,0,0,0,0,0,0,0,0,2048,0,376080,15255552,120586240
1744061943.002259,600038,21131154,0,131892248,123886836,124009224,0,1037224,0,220092,4978412,128796,4153032,91296,825380,1048576,1048576,0,0,8,0,5210856,470864,120216,93360,631064,93360,537704,25712,43004,0,0,0,65946124,8352756,34359738367,520572,0,52800,0,1116160,0,0,0,0,0,0,0,0,2048,0,376080,15255552,120586240
1744061944.001346,600038,21131154,0,131892248,123885932,124009220,0,1038248,0,220092,4979312,128796,4153032,91296,826280,1048576,1048576,0,0,8,0,5210856,471544,120216,93360,631076,93360,537716,25712,43028,0,0,0,65946124,8352756,34359738367,520572,0,52800,0,1116160,0,0,0,0,0,0,0,0,2048,0,376080,15255552,120586240
1744061945.001855,600038,21131154,0,131892248,123885448,124008976,0,1038520,0,220092,4979552,128796,4153032,91296,826520,1048576,1048576,0,0,28,0,5210884,471724,120216,93360,631084,93360,537724,25712,43068,0,0,0,65946124,8352756,34359738367,520572,0,52800,0,1116160,0,0,0,0,0,0,0,0,2048,0,376080,15255552,120586240
1744061946.001955,600038,21131154,0,131892248,123885448,124008976,0,1038520,0,220092,4979552,128796,4153032,91296,826520,1048576,1048576,0,0,28,0,5210888,471828,120216,93360,631084,93360,537724,25712,43068,0,0,0,65946124,8352756,34359738367,520572,0,52800,0,1116160,0,0,0,0,0,0,0,0,2048,0,376080,15255552,120586240
1744061947.001546,600038,21131154,0,131892248,123885448,124008976,0,1038520,0,220092,4979552,128796,4153032,91296,826520,1048576,1048576,0,0,28,0,5210888,471828,120216,93360,631084,93360,537724,25712,43068,0,0,0,65946124,8352756,34359738367,520572,0,52800,0,1116160,0,0,0,0,0,0,0,0,2048,0,376080,15255552,120586240
1744061948.001634,600038,21131154,0,131892248,123885448,124008976,0,1038520,0,220092,4979552,128796,4153032,91296,826520,1048576,1048576,0,0,28,0,5210888,471828,120216,93360,631084,93360,537724,25712,43068,0,0,0,65946124,8352756,34359738367,520572,0,52800,0,1116160,0,0,0,0,0,0,0,0,2048,0,376080,15255552,120586240
1744061949.002134,600038,21131154,0,131892248,123885448,124008976,0,1038520,0,220092,4979552,128796,4153032,91296,826520,1048576,1048576,0,0,28,0,5210888,471828,120216,93360,631084,93360,537724,25712,43068,0,0,0,65946124,8352756,34359738367,520572,0,52800,0,1116160,0,0,0,0,0,0,0,0,2048,0,376080,15255552,120586240
1744061950.001228,600038,21131154,0,131892248,123885448,124008976,0,1038520,0,220092,4979552,128796,4153032,91296,826520,1048576,1048576,0,0,28,0,5210888,471828,120216,93360,631084,93360,537724,25712,43068,0,0,0,65946124,8352756,34359738367,520572,0,52800,0,1116160,0,0,0,0,0,0,0,0,2048,0,376080,15255552,120586240
1744061951.001282,600038,21131154,0,131892248,123885424,124008952,0,1038520,0,220092,4979552,128796,4153032,91296,826520,1048576,1048576,0,0,28,0,5210888,471828,120216,93360,631084,93360,537724,25712,43068,0,0,0,65946124,8352756,34359738367,520572,0,52800,0,1116160,0,0,0,0,0,0,0,0,2048,0,376080,15255552,120586240
1744061952.001819,600038,21131154,0,131892248,123885424,124008952,0,1038520,0,220092,4979568,128796,4153048,91296,826520,1048576,1048576,0,0,28,0,5210888,471828,120216,93360,631084,93360,537724,25696,43068,0,0,0,65946124,8352756,34359738367,520556,0,52800,0,1116160,0,0,0,0,0,0,0,0,2048,0,376080,15255552,120586240
1744061953.001922,600038,21131154,0,131892248,123885416,124008944,0,1038520,0,220092,4979568,128796,4153048,91296,826520,1048576,1048576,0,0,28,0,5210888,471828,120216,93360,631092,93360,537732,25696,43068,0,0,0,65946124,8352756,34359738367,520556,0,52800,0,1116160,0,0,0,0,0,0,0,0,2048,0,376080,15255552,120586240
1744061954.001106,600038,21131154,0,131892248,123885416,124008944,0,1038520,0,220092,4979568,128796,4153048,91296,826520,1048576,1048576,0,0,28,0,5210888,471828,120216,93360,631092,93360,537732,25696,43068,0,0,0,65946124,8352756,34359738367,520556,0,52800,0,1116160,0,0,0,0,0,0,0,0,2048,0,376080,15255552,120586240
1744061955.001601,600038,21131154,0,131892248,123885408,124008936,0,1038520,0,220092,4979568,128796,4153048,91296,826520,1048576,1048576,0,0,28,0,5210888,471828,120216,93360,631100,93360,537740,25696,43068,0,0,0,65946124,8352756,34359738367,520556,0,52800,0,1116160,0,0,0,0,0,0,0,0,2048,0,376080,15255552,120586240
1744061956.001685,600038,21131154,0,131892248,123885408,124008936,0,1038520,0,220092,4979568,128796,4153048,91296,826520,1048576,1048576,0,0,28,0,5210888,471828,120216,93360,631100,93360,537740,25696,43068,0,0,0,65946124,8352756,34359738367,520556,0,52800,0,1116160,0,0,0,0,0,0,0,0,2048,0,376080,15255552,120586240
1744061957.002064,600038,21131154,0,131892248,123885428,124008956,0,1038520,0,220092,4979568,128796,4153048,91296,826520,1048576,1048576,0,0,0,0,5210888,471828,120216,93360,631100,93360,537740,25696,43068,0,0,0,65946124,8352756,34359738367,520556,0,52800,0,1116160,0,0,0,0,0,0,0,0,2048,0,376080,15255552,120586240
1744061958.001589,600038,21131154,0,131892248,123885444,124008972,0,1038520,0,220092,4979568,128796,4153048,91296,826520,1048576,1048576,0,0,0,0,5210888,471828,120216,93360,631084,93360,537724,25696,43068,0,0,0,65946124,8352756,34359738367,520556,0,52800,0,1116160,0,0,0,0,0,0,0,0,2048,0,376080,15255552,120586240
1744061959.001665,600038,21131154,0,131892248,123885444,124008972,0,1038520,0,220092,4979568,128796,4153048,91296,826520,1048576,1048576,0,0,0,0,5210888,471828,120216,93360,631084,93360,537724,25696,43068,0,0,0,65946124,8352756,34359738367,520556,0,52800,0,1116160,0,0,0,0,0,0,0,0,2048,0,376080,15255552,120586240
1744061960.002069,600038,21131154,0,131892248,123885444,124008972,0,1038520,0,220092,4979568,128796,4153048,91296,826520,1048576,1048576,0,0,0,0,5210888,471828,120216,93360,631084,93360,537724,25696,43068,0,0,0,65946124,8352756,34359738367,520556,0,52800,0,1116160,0,0,0,0,0,0,0,0,2048,0,376080,15255552,120586240
1744061961.002004,600038,21131154,0,131892248,123885444,124008972,0,1038520,0,220092,4979568,128796,4153048,91296,826520,1048576,1048576,0,0,0,0,5210888,471828,120216,93360,631084,93360,537724,25696,43068,0,0,0,65946124,8352756,34359738367,520556,0,52800,0,1116160,0,0,0,0,0,0,0,0,2048,0,376080,15255552,120586240
1744061962.001074,600038,21131154,0,131892248,123885444,124008972,0,1038520,0,220092,4979568,128796,4153048,91296,826520,1048576,1048576,0,0,0,0,5210888,471828,120216,93360,631084,93360,537724,25696,43068,0,0,0,65946124,8352756,34359738367,520556,0,52800,0,1116160,0,0,0,0,0,0,0,0,2048,0,376080,15255552,120586240
1744061963.001637,600038,21131154,0,131892248,123885436,124008964,0,1038520,0,220092,4979568,128796,4153048,91296,826520,1048576,1048576,0,0,0,0,5210888,471828,120216,93360,631092,93360,537732,25696,43068,0,0,0,65946124,8352756,34359738367,520556,0,52800,0,1116160,0,0,0,0,0,0,0,0,2048,0,376080,15255552,120586240
1744061964.001709,600038,21131154,0,131892248,123885436,124008964,0,1038520,0,220092,4979568,128796,4153048,91296,826520,1048576,1048576,0,0,0,0,5210888,471828,120216,93360,631092,93360,537732,25696,43068,0,0,0,65946124,8352756,34359738367,520556,0,52800,0,1116160,0,0,0,0,0,0,0,0,2048,0,376080,15255552,120586240
1744061965.002237,600038,21131154,0,131892248,123885436,124008964,0,1038520,0,220092,4979568,128796,4153048,91296,826520,1048576,1048576,0,0,0,0,5210888,471828,120216,93360,631092,93360,537732,25696,43068,0,0,0,65946124,8352756,34359738367,520556,0,52800,0,1116160,0,0,0,0,0,0,0,0,2048,0,376080,15255552,120586240
1744061966.001340,600038,21131154,0,131892248,123885436,124008964,0,1038520,0,220092,4979568,128796,4153048,91296,826520,1048576,1048576,0,0,0,0,5210888,471828,120216,93360,631092,93360,537732,25696,43068,0,0,0,65946124,8352756,34359738367,520556,0,52800,0,1116160,0,0,0,0,0,0,0,0,2048,0,376080,15255552,120586240
1744061967.001837,600038,21131154,0,131892248,123885436,124008964,0,1038520,0,220092,4979568,128796,4153048,91296,826520,1048576,1048576,0,0,0,0,5210888,471828,120216,93360,631092,93360,537732,25696,43068,0,0,0,65946124,8352756,34359738367,520556,0,52800,0,1116160,0,0,0,0,0,0,0,0,2048,0,376080,15255552,120586240
1744061968.001944,600038,21131154,0,131892248,123885436,124008964,0,1038520,0,220092,4979568,128796,4153048,91296,826520,1048576,1048576,0,0,0,0,5210888,471828,120216,93360,631092,93360,537732,25696,43068,0,0,0,65946124,8352756,34359738367,520556,0,52800,0,1116160,0,0,0,0,0,0,0,0,2048,0,376080,15255552,120586240
1744061969.001488,600038,21131154,0,131892248,123885436,124008964,0,1038520,0,220092,4979568,128796,4153048,91296,826520,1048576,1048576,0,0,0,0,5210888,471828,120216,93360,631092,93360,537732,25696,43068,0,0,0,65946124,8352756,34359738367,520556,0,52800,0,1116160,0,0,0,0,0,0,0,0,2048,0,376080,15255552,120586240
1744061970.001623,600038,21131154,0,131892248,123885436,124008964,0,1038520,0,220092,4979568,128796,4153048,91296,826520,1048576,1048576,0,0,0,0,5210888,471828,120216,93360,631092,93360,537732,25696,43068,0,0,0,65946124,8352756,34359738367,520556,0,52800,0,1116160,0,0,0,0,0,0,0,0,2048,0,376080,15255552,120586240
1744061971.001343,600038,21131154,0,131892248,123885436,124008964,0,1038520,0,220092,4979568,128796,4153048,91296,826520,1048576,1048576,0,0,0,0,5210888,471828,120216,93360,631092,93360,537732,25696,43068,0,0,0,65946124,8352756,34359738367,520556,0,52800,0,1116160,0,0,0,0,0,0,0,0,2048,0,376080,15255552,120586240
1744061972.001857,600038,21131154,0,131892248,123885428,124008956,0,1038520,0,220092,4979568,128796,4153048,91296,826520,1048576,1048576,0,0,0,0,5210888,471828,120216,93360,631100,93360,537740,25696,43068,0,0,0,65946124,8352756,34359738367,520556,0,52800,0,1116160,0,0,0,0,0,0,0,0,2048,0,376080,15255552,120586240
1744061973.001944,600038,21131154,0,131892248,123885428,124008956,0,1038520,0,220092,4979568,128796,4153048,91296,826520,1048576,1048576,0,0,0,0,5210888,471828,120216,93360,631100,93360,537740,25696,43068,0,0,0,65946124,8352756,34359738367,520556,0,52800,0,1116160,0,0,0,0,0,0,0,0,2048,0,376080,15255552,120586240
1744061974.001360,600038,21131154,0,131892248,123885428,124008956,0,1038520,0,220092,4979568,128796,4153048,91296,826520,1048576,1048576,0,0,0,0,5210888,471828,120216,93360,631100,93360,537740,25696,43068,0,0,0,65946124,8352756,34359738367,520556,0,52800,0,1116160,0,0,0,0,0,0,0,0,2048,0,376080,15255552,120586240
1744061975.001812,600038,21131154,0,131892248,123885420,124008948,0,1038520,0,220092,4979568,128796,4153048,91296,826520,1048576,1048576,0,0,0,0,5210888,471828,120216,93360,631108,93360,537748,25696,43068,0,0,0,65946124,8352756,34359738367,520556,0,52800,0,1116160,0,0,0,0,0,0,0,0,2048,0,376080,15255552,120586240
1744061976.001898,600038,21131154,0,131892248,123885420,124008948,0,1038520,0,220092,4979568,128796,4153048,91296,826520,1048576,1048576,0,0,0,0,5210888,471828,120216,93360,631108,93360,537748,25696,43068,0,0,0,65946124,8352756,34359738367,520556,0,52800,0,1116160,0,0,0,0,0,0,0,0,2048,0,376080,15255552,120586240
1744061977.001360,600038,21131154,0,131892248,123885420,124008948,0,1038520,0,220092,4979568,128796,4153048,91296,826520,1048576,1048576,0,0,0,0,5210888,471828,120216,93360,631108,93360,537748,25696,43068,0,0,0,65946124,8352756,34359738367,520556,0,52800,0,1116160,0,0,0,0,0,0,0,0,2048,0,376080,15255552,120586240
1744061978.001838,600038,21131154,0,131892248,123885392,124008920,0,1038520,0,220092,4979568,128796,4153048,91296,826520,1048576,1048576,0,0,0,0,5210888,471828,120216,93360,631108,93360,537748,25696,43068,0,0,0,65946124,8352756,34359738367,520556,0,52800,0,1116160,0,0,0,0,0,0,0,0,2048,0,376080,15255552,120586240
1744061979.001954,600038,21131154,0,131892248,123885384,124008912,0,1038520,0,220092,4979568,128796,4153048,91296,826520,1048576,1048576,0,0,0,0,5210888,471828,120216,93360,631116,93360,537756,25696,43068,0,0,0,65946124,8352756,34359738367,520556,0,52800,0,1116160,0,0,0,0,0,0,0,0,2048,0,376080,15255552,120586240
1744061980.001336,600038,21131154,0,131892248,123885384,124008912,0,1038520,0,220092,4979568,128796,4153048,91296,826520,1048576,1048576,0,0,0,0,5210888,471828,120216,93360,631116,93360,537756,25696,43068,0,0,0,65946124,8352756,34359738367,520556,0,52800,0,1116160,0,0,0,0,0,0,0,0,2048,0,376080,15255552,120586240
1744061981.002222,600038,21131154,0,131892248,123885384,124008912,0,1038520,0,220092,4979568,128796,4153048,91296,826520,1048576,1048576,0,0,0,0,5210888,471828,120216,93360,631116,93360,537756,25696,43068,0,0,0,65946124,8352756,34359738367,520556,0,52800,0,1116160,0,0,0,0,0,0,0,0,2048,0,376080,15255552,120586240
1744061982.001346,600038,21131154,0,131892248,123885384,124008912,0,1038520,0,220092,4979568,128796,4153048,91296,826520,1048576,1048576,0,0,0,0,5210888,471828,120216,93360,631116,93360,537756,25696,43068,0,0,0,65946124,8352756,34359738367,520556,0,52800,0,1116160,0,0,0,0,0,0,0,0,2048,0,376080,15255552,120586240
1744061983.001930,600038,21131154,0,131892248,123885384,124008912,0,1038520,0,220092,4979568,128796,4153048,91296,826520,1048576,1048576,0,0,0,0,5210888,471828,120216,93360,631116,93360,537756,25680,43068,0,0,0,65946124,8352756,34359738367,520556,0,52800,0,1116160,0,0,0,0,0,0,0,0,2048,0,376080,15255552,120586240
1744061984.002010,600038,21131154,0,131892248,123885376,124008904,0,1038520,0,220092,4979568,128796,4153048,91296,826520,1048576,1048576,0,0,0,0,5210888,471828,120216,93360,631124,93360,537764,25680,43068,0,0,0,65946124,8352756,34359738367,520540,0,52800,0,1116160,0,0,0,0,0,0,0,0,2048,0,376080,15255552,120586240
1744061985.001635,600038,21131154,0,131892248,123885376,124008904,0,1038520,0,220092,4979568,128796,4153048,91296,826520,1048576,1048576,0,0,0,0,5210888,471828,120216,93360,631124,93360,537764,25664,43068,0,0,0,65946124,8352756,34359738367,520540,0,52800,0,1116160,0,0,0,0,0,0,0,0,2048,0,376080,15255552,120586240
1744061986.001730,600038,21131154,0,131892248,123885376,124008904,0,1038520,0,220092,4979568,128796,4153048,91296,826520,1048576,1048576,0,0,0,0,5210888,471828,120216,93360,631124,93360,537764,25664,43068,0,0,0,65946124,8352756,34359738367,520540,0,52800,0,1116160,0,0,0,0,0,0,0,0,2048,0,376080,15255552,120586240
1744061987.002289,600038,21131154,0,131892248,123885376,124008904,0,1038520,0,220092,4979568,128796,4153048,91296,826520,1048576,1048576,0,0,0,0,5210888,471828,120216,93360,631124,93360,537764,25664,43068,0,0,0,65946124,8352756,34359738367,520540,0,52800,0,1116160,0,0,0,0,0,0,0,0,2048,0,376080,15255552,120586240
1744061988.001411,600038,21131154,0,131892248,123885376,124008904,0,1038520,0,220092,4979568,128796,4153048,91296,826520,1048576,1048576,0,0,0,0,5210888,471828,120216,93360,631124,93360,537764,25664,43068,0,0,0,65946124,8352756,34359738367,520540,0,52800,0,1116160,0,0,0,0,0,0,0,0,2048,0,376080,15255552,120586240
1744061989.002024,600038,21131154,0,131892248,123885376,124008904,0,1038520,0,220092,4979568,128796,4153048,91296,826520,1048576,1048576,0,0,0,0,5210888,471828,120216,93360,631124,93360,537764,25664,43068,0,0,0,65946124,8352756,34359738367,520540,0,52800,0,1116160,0,0,0,0,0,0,0,0,2048,0,376080,15255552,120586240
1744061990.001152,600038,21131154,0,131892248,123885376,124008904,0,1038520,0,220092,4979568,128796,4153048,91296,826520,1048576,1048576,0,0,0,0,5210888,471828,120216,93360,631124,93360,537764,25664,43068,0,0,0,65946124,8352756,34359738367,520540,0,52800,0,1116160,0,0,0,0,0,0,0,0,2048,0,376080,15255552,120586240
1744061991.001252,600038,21131154,0,131892248,123885376,124008904,0,1038520,0,220092,4979568,128796,4153048,91296,826520,1048576,1048576,0,0,0,0,5210888,471828,120216,93360,631124,93360,537764,25664,43068,0,0,0,65946124,8352756,34359738367,520540,0,52800,0,1116160,0,0,0,0,0,0,0,0,2048,0,376080,15255552,120586240
1744061992.001760,600038,21131154,0,131892248,123885376,124008904,0,1038520,0,220092,4979568,128796,4153048,91296,826520,1048576,1048576,0,0,0,0,5210888,471828,120216,93360,631124,93360,537764,25664,43068,0,0,0,65946124,8352756,34359738367,520540,0,52800,0,1116160,0,0,0,0,0,0,0,0,2048,0,376080,15255552,120586240
1744061993.001833,600038,21131154,0,131892248,123885376,124008904,0,1038520,0,220092,4979568,128796,4153048,91296,826520,1048576,1048576,0,0,0,0,5210888,471828,120216,93360,631124,93360,537764,25664,43068,0,0,0,65946124,8352756,34359738367,520540,0,52800,0,1116160,0,0,0,0,0,0,0,0,2048,0,376080,15255552,120586240
1744061994.001317,600038,21131154,0,131892248,123885376,124008904,0,1038520,0,220092,4979568,128796,4153048,91296,826520,1048576,1048576,0,0,0,0,5210888,471828,120216,93360,631124,93360,537764,25664,43068,0,0,0,65946124,8352756,34359738367,520540,0,52800,0,1116160,0,0,0,0,0,0,0,0,2048,0,376080,15255552,120586240
1744061995.001769,600038,21131154,0,131892248,123885376,124008904,0,1038520,0,220092,4979568,128796,4153048,91296,826520,1048576,1048576,0,0,0,0,5210888,471828,120216,93360,631124,93360,537764,25664,43068,0,0,0,65946124,8352756,34359738367,520540,0,52800,0,1116160,0,0,0,0,0,0,0,0,2048,0,376080,15255552,120586240
1744061996.001843,600038,21131154,0,131892248,123885376,124008904,0,1038520,0,220092,4979568,128796,4153048,91296,826520,1048576,1048576,0,0,0,0,5210888,471828,120216,93360,631124,93360,537764,25664,43068,0,0,0,65946124,8352756,34359738367,520540,0,52800,0,1116160,0,0,0,0,0,0,0,0,2048,0,376080,15255552,120586240
1744061997.001331,600038,21131154,0,131892248,123885404,124008932,0,1038520,0,220092,4979584,128796,4153064,91296,826520,1048576,1048576,0,0,0,0,5210888,471828,120216,93360,631124,93360,537764,25664,43068,0,0,0,65946124,8352756,34359738367,520540,0,52800,0,1116160,0,0,0,0,0,0,0,0,2048,0,376080,15255552,120586240
1744061998.001792,600038,21131154,0,131892248,123885404,124008932,0,1038520,0,220092,4979584,128796,4153064,91296,826520,1048576,1048576,0,0,0,0,5210888,471828,120216,93360,631124,93360,537764,25664,43068,0,0,0,65946124,8352756,34359738367,520540,0,52800,0,1116160,0,0,0,0,0,0,0,0,2048,0,376080,15255552,120586240
1744061999.001875,600038,21131154,0,131892248,123885404,124008932,0,1038520,0,220092,4979584,128796,4153064,91296,826520,1048576,1048576,0,0,0,0,5210888,471828,120216,93360,631124,93360,537764,25664,43068,0,0,0,65946124,8352756,34359738367,520540,0,52800,0,1116160,0,0,0,0,0,0,0,0,2048,0,376080,15255552,120586240
1744062000.001291,600038,21131154,0,131892248,123885404,124008932,0,1038520,0,220092,4979584,128796,4153064,91296,826520,1048576,1048576,0,0,0,0,5210888,471828,120216,93360,631124,93360,537764,25664,43068,0,0,0,65946124,8352756,34359738367,520540,0,52800,0,1116160,0,0,0,0,0,0,0,0,2048,0,376080,15255552,120586240
1744062001.002028,600038,21131154,0,131892248,123885404,124008932,0,1038520,0,220092,4979584,128796,4153064,91296,826520,1048576,1048576,0,0,0,0,5210888,471828,120216,93360,631124,93360,537764,25664,43068,0,0,0,65946124,8352756,34359738367,520540,0,52800,0,1116160,0,0,0,0,0,0,0,0,2048,0,376080,15255552,120586240
1744062002.001161,600038,21131154,0,131892248,123885404,124008932,0,1038520,0,220092,4979584,128796,4153064,91296,826520,1048576,1048576,0,0,0,0,5210888,471828,120216,93360,631124,93360,537764,25664,43068,0,0,0,65946124,8352756,34359738367,520540,0,52800,0,1116160,0,0,0,0,0,0,0,0,2048,0,376080,15255552,120586240
1744062003.001661,600038,21131154,0,131892248,123885404,124008988,0,1038520,0,220140,4979592,128796,4153064,91344,826528,1048576,1048576,0,0,0,0,5210888,471828,120216,93360,631124,93360,537764,25664,43068,0,0,0,65946124,8352756,34359738367,520540,0,52800,0,1116160,0,0,0,0,0,0,0,0,2048,0,376080,15255552,120586240
1744062004.001750,600038,21131154,0,131892248,123885404,124008988,0,1038520,0,220140,4979592,128796,4153064,91344,826528,1048576,1048576,0,0,0,0,5210888,471828,120216,93360,631124,93360,537764,25664,43068,0,0,0,65946124,8352756,34359738367,520540,0,52800,0,1116160,0,0,0,0,0,0,0,0,2048,0,376080,15255552,120586240
1744062005.001311,600038,21131154,0,131892248,123885404,124008988,0,1038520,0,220140,4979592,128796,4153064,91344,826528,1048576,1048576,0,0,0,0,5210888,471828,120216,93360,631124,93360,537764,25664,43068,0,0,0,65946124,8352756,34359738367,520540,0,52800,0,1116160,0,0,0,0,0,0,0,0,2048,0,376080,15255552,120586240
1744062006.001437,600038,21131154,0,131892248,123885404,124008988,0,1038520,0,220140,4979592,128796,4153064,91344,826528,1048576,1048576,0,0,0,0,5210888,471828,120216,93360,631124,93360,537764,25664,43068,0,0,0,65946124,8352756,34359738367,520540,0,52800,0,1116160,0,0,0,0,0,0,0,0,2048,0,376080,15255552,120586240
1744062007.001997,600038,21131154,0,131892248,123885432,124009016,0,1038520,0,220140,4979592,128796,4153064,91344,826528,1048576,1048576,0,0,0,0,5210888,471828,120216,93360,631124,93360,537764,25664,43068,0,0,0,65946124,8352756,34359738367,520540,0,52800,0,1116160,0,0,0,0,0,0,0,0,2048,0,376080,15255552,120586240
1744062008.002076,600038,21131154,0,131892248,123885432,124009016,0,1038520,0,220140,4979592,128796,4153064,91344,826528,1048576,1048576,0,0,0,0,5210888,471828,120216,93360,631124,93360,537764,25664,43068,0,0,0,65946124,8352756,34359738367,520540,0,52800,0,1116160,0,0,0,0,0,0,0,0,2048,0,376080,15255552,120586240
1744062009.001629,600038,21131154,0,131892248,123885432,124009016,0,1038520,0,220140,4979592,128796,4153064,91344,826528,1048576,1048576,0,0,0,0,5210888,471828,120216,93360,631124,93360,537764,25664,43068,0,0,0,65946124,8352756,34359738367,520540,0,52800,0,1116160,0,0,0,0,0,0,0,0,2048,0,376080,15255552,120586240
1744062010.001702,600038,21131154,0,131892248,123885448,124009032,0,1038520,0,220140,4979592,128796,4153064,91344,826528,1048576,1048576,0,0,0,0,5210888,471828,120216,93360,631108,93360,537748,25664,43068,0,0,0,65946124,8352756,34359738367,520540,0,52800,0,1116160,0,0,0,0,0,0,0,0,2048,0,376080,15255552,120586240
1744062011.001262,600038,21131154,0,131892248,123885448,124009032,0,1038520,0,220140,4979592,128796,4153064,91344,826528,1048576,1048576,0,0,0,0,5210888,471828,120216,93360,631108,93360,537748,25664,43068,0,0,0,65946124,8352756,34359738367,520540,0,52800,0,1116160,0,0,0,0,0,0,0,0,2048,0,376080,15255552,120586240
1744062012.001156,600038,21131154,0,131892248,123855500,123989064,0,1048068,0,225496,4997496,128836,4166704,96660,830792,1048576,1048576,0,0,0,0,5224636,476040,120212,94160,631860,94160,537700,26080,45420,0,0,0,65946124,8385316,34359738367,520988,0,52800,0,1116160,0,0,0,0,0,0,0,0,2048,0,376080,15255552,120586240
1744062013.001226,600038,21131154,0,131892248,123862560,124000400,0,1051916,0,228768,4989780,128864,4158344,99904,831436,1048576,1048576,0,0,0,0,5216104,471884,120216,94936,632264,94936,537328,25856,43740,0,0,0,65946124,8380652,34359738367,520668,0,52800,0,1116160,0,0,0,0,0,0,0,0,2048,0,376080,15255552,120586240
1744062014.001033,600038,21131154,0,131892248,123859196,123998088,0,1052432,0,229956,4990160,128888,4159384,101068,830776,1048576,1048576,0,0,0,0,5217120,472136,120220,96032,633568,96032,537536,25920,43680,0,0,0,65946124,8407360,34359738367,520604,0,52800,0,1116160,0,0,0,0,0,0,0,0,2048,0,376080,15255552,120586240
1744062015.001437,600038,21131154,0,131892248,123857268,123999552,0,1055768,0,230008,4992480,128868,4158416,101140,834064,1048576,1048576,0,0,0,0,5215824,475512,120220,96096,633668,96096,537572,25696,43328,0,0,0,65946124,8399828,34359738367,520604,0,52800,0,1116160,0,0,0,0,0,0,0,0,2048,0,376080,15255552,120586240
1744062016.001561,600038,21131154,0,131892248,123862220,124004656,0,1055912,0,230020,4987720,128856,4153528,101164,834192,1048576,1048576,0,0,0,0,5210888,471828,120216,96096,633660,96096,537564,25632,43068,0,0,0,65946124,8399828,34359738367,520572,0,52800,0,1116160,0,0,0,0,0,0,0,0,2048,0,376080,15255552,120586240
1744062017.002024,600038,21131154,0,131892248,123862284,124004720,0,1055912,0,230020,4987720,128856,4153528,101164,834192,1048576,1048576,0,0,0,0,5210888,471828,120216,96096,633660,96096,537564,25616,43068,0,0,0,65946124,8399828,34359738367,520572,0,52800,0,1116160,0,0,0,0,0,0,0,0,2048,0,376080,15255552,120586240
1744062018.001443,600038,21131154,0,131892248,123862400,124004836,0,1055912,0,230020,4987720,128856,4153528,101164,834192,1048576,1048576,0,0,0,0,5210888,471828,120216,96096,633660,96096,537564,25616,43068,0,0,0,65946124,8399828,34359738367,520572,0,52800,0,1116160,0,0,0,0,0,0,0,0,2048,0,376080,15255552,120586240
1744062019.001543,600038,21131154,0,131892248,123862484,124004920,0,1055912,0,230020,4987720,128856,4153528,101164,834192,1048576,1048576,0,0,0,0,5210888,471828,120216,96096,633660,96096,537564,25616,43068,0,0,0,65946124,8399828,34359738367,520572,0,52800,0,1116160,0,0,0,0,0,0,0,0,2048,0,376080,15255552,120586240
1744062020.001940,600038,21131154,0,131892248,123862492,124004928,0,1055912,0,230020,4987720,128856,4153528,101164,834192,1048576,1048576,0,0,0,0,5210888,471828,120216,96096,633660,96096,537564,25616,43068,0,0,0,65946124,8399828,34359738367,520572,0,52800,0,1116160,0,0,0,0,0,0,0,0,2048,0,376080,15255552,120586240
1744062021.002004,600038,21131154,0,131892248,123862492,124004928,0,1055912,0,230020,4987720,128856,4153528,101164,834192,1048576,1048576,0,0,0,0,5210888,471828,120216,96096,633660,96096,537564,25616,43068,0,0,0,65946124,8399828,34359738367,520572,0,52800,0,1116160,0,0,0,0,0,0,0,0,2048,0,376080,15255552,120586240
1744062022.001078,600038,21131154,0,131892248,123862492,124004928,0,1055912,0,230020,4987720,128856,4153528,101164,834192,1048576,1048576,0,0,0,0,5210888,471828,120216,96096,633660,96096,537564,25616,43068,0,0,0,65946124,8399828,34359738367,520572,0,52800,0,1116160,0,0,0,0,0,0,0,0,2048,0,376080,15255552,120586240
1744062023.001590,600038,21131154,0,131892248,123862500,124004936,0,1055912,0,230020,4987720,128856,4153528,101164,834192,1048576,1048576,0,0,0,0,5210888,471828,120216,96096,633660,96096,537564,25616,43068,0,0,0,65946124,8399828,34359738367,520572,0,52800,0,1116160,0,0,0,0,0,0,0,0,2048,0,376080,15255552,120586240
1744062024.001708,600038,21131154,0,131892248,123862500,124004936,0,1055912,0,230020,4987720,128856,4153528,101164,834192,1048576,1048576,0,0,0,0,5210888,471828,120216,96096,633660,96096,537564,25616,43068,0,0,0,65946124,8399828,34359738367,520572,0,52800,0,1116160,0,0,0,0,0,0,0,0,2048,0,376080,15255552,120586240
1744062025.002260,600038,21131154,0,131892248,123862500,124004936,0,1055912,0,230020,4987720,128856,4153528,101164,834192,1048576,1048576,0,0,0,0,5210888,471828,120216,96096,633660,96096,537564,25616,43068,0,0,0,65946124,8399828,34359738367,520572,0,52800,0,1116160,0,0,0,0,0,0,0,0,2048,0,376080,15255552,120586240
1744062026.001355,600038,21131154,0,131892248,123862500,124004936,0,1055912,0,230020,4987720,128856,4153528,101164,834192,1048576,1048576,0,0,0,0,5210888,471828,120216,96096,633660,96096,537564,25616,43068,0,0,0,65946124,8399828,34359738367,520572,0,52800,0,1116160,0,0,0,0,0,0,0,0,2048,0,376080,15255552,120586240
1744062027.001905,600038,21131154,0,131892248,123862500,124004936,0,1055912,0,230020,4987720,128856,4153528,101164,834192,1048576,1048576,0,0,0,0,5210888,471828,120216,96096,633660,96096,537564,25616,43068,0,0,0,65946124,8399828,34359738367,520572,0,52800,0,1116160,0,0,0,0,0,0,0,0,2048,0,376080,15255552,120586240
1744062028.001978,600038,21131154,0,131892248,123862500,124004936,0,1055912,0,230020,4987720,128856,4153528,101164,834192,1048576,1048576,0,0,0,0,5210888,471828,120216,96096,633660,96096,537564,25616,43068,0,0,0,65946124,8399828,34359738367,520572,0,52800,0,1116160,0,0,0,0,0,0,0,0,2048,0,376080,15255552,120586240
1744062029.001596,600038,21131154,0,131892248,123862500,124004936,0,1055912,0,230020,4987720,128856,4153528,101164,834192,1048576,1048576,0,0,0,0,5210892,471828,120216,96096,633660,96096,537564,25616,43068,0,0,0,65946124,8399828,34359738367,520572,0,52800,0,1116160,0,0,0,0,0,0,0,0,2048,0,376080,15255552,120586240
1744062030.001718,600038,21131154,0,131892248,123862520,124004956,0,1055912,0,230020,4987720,128856,4153528,101164,834192,1048576,1048576,0,0,0,0,5210892,471828,120216,96096,633660,96096,537564,25616,43068,0,0,0,65946124,8399828,34359738367,520572,0,52800,0,1116160,0,0,0,0,0,0,0,0,2048,0,376080,15255552,120586240
1744062031.001265,600038,21131154,0,131892248,123862520,124004956,0,1055912,0,230020,4987720,128856,4153528,101164,834192,1048576,1048576,0,0,0,0,5210892,471828,120216,96096,633660,96096,537564,25616,43068,0,0,0,65946124,8399828,34359738367,520572,0,52800,0,1116160,0,0,0,0,0,0,0,0,2048,0,376080,15255552,120586240
1744062032.001760,600038,21131154,0,131892248,123862520,124004956,0,1055912,0,230020,4987720,128856,4153528,101164,834192,1048576,1048576,0,0,0,0,5210892,471828,120216,96096,633660,96096,537564,25616,43068,0,0,0,65946124,8399828,34359738367,520572,0,52800,0,1116160,0,0,0,0,0,0,0,0,2048,0,376080,15255552,120586240
1744062033.001894,600038,21131154,0,131892248,123862576,124005012,0,1055912,0,230020,4987720,128856,4153528,101164,834192,1048576,1048576,0,0,0,0,5210892,471828,120216,96096,633660,96096,537564,25616,43068,0,0,0,65946124,8399828,34359738367,520572,0,52800,0,1116160,0,0,0,0,0,0,0,0,2048,0,376080,15255552,120586240
1744062034.001297,600038,21131154,0,131892248,123862544,124004980,0,1055912,0,230020,4987720,128856,4153528,101164,834192,1048576,1048576,0,0,0,0,5210892,471828,120216,96096,633692,96096,537596,25616,43068,0,0,0,65946124,8399828,34359738367,520572,0,52800,0,1116160,0,0,0,0,0,0,0,0,2048,0,376080,15255552,120586240
1744062035.001725,600038,21131154,0,131892248,123862544,124004980,0,1055912,0,230020,4987720,128856,4153528,101164,834192,1048576,1048576,0,0,0,0,5210892,471828,120216,96096,633692,96096,537596,25616,43068,0,0,0,65946124,8399828,34359738367,520572,0,52800,0,1116160,0,0,0,0,0,0,0,0,2048,0,376080,15255552,120586240
1744062036.001816,600038,21131154,0,131892248,123862544,124004980,0,1055912,0,230020,4987720,128856,4153528,101164,834192,1048576,1048576,0,0,0,0,5210892,471828,120216,96096,633692,96096,537596,25616,43068,0,0,0,65946124,8399828,34359738367,520572,0,52800,0,1116160,0,0,0,0,0,0,0,0,2048,0,376080,15255552,120586240
1744062037.001291,600038,21131154,0,131892248,123862544,124004980,0,1055912,0,230020,4987720,128856,4153528,101164,834192,1048576,1048576,0,0,0,0,5210892,471828,120216,96096,633692,96096,537596,25616,43068,0,0,0,65946124,8399828,34359738367,520572,0,52800,0,1116160,0,0,0,0,0,0,0,0,2048,0,376080,15255552,120586240
1744062038.001736,600038,21131154,0,131892248,123862544,124004980,0,1055912,0,230020,4987720,128856,4153528,101164,834192,1048576,1048576,0,0,0,0,5210892,471828,120216,96096,633692,96096,537596,25616,43068,0,0,0,65946124,8399828,34359738367,520572,0,52800,0,1116160,0,0,0,0,0,0,0,0,2048,0,376080,15255552,120586240
1744062039.001811,600038,21131154,0,131892248,123862544,124004980,0,1055912,0,230020,4987720,128856,4153528,101164,834192,1048576,1048576,0,0,0,0,5210892,471828,120216,96096,633692,96096,537596,25616,43068,0,0,0,65946124,8399828,34359738367,520572,0,52800,0,1116160,0,0,0,0,0,0,0,0,2048,0,376080,15255552,120586240
1744062040.001215,600038,21131154,0,131892248,123862544,124004980,0,1055912,0,230020,4987720,128856,4153528,101164,834192,1048576,1048576,0,0,0,0,5210892,471828,120216,96096,633692,96096,537596,25616,43068,0,0,0,65946124,8399828,34359738367,520572,0,52800,0,1116160,0,0,0,0,0,0,0,0,2048,0,376080,15255552,120586240
1744062041.002200,600038,21131154,0,131892248,123862552,124004988,0,1055912,0,230020,4987720,128856,4153528,101164,834192,1048576,1048576,0,0,0,0,5210892,471828,120216,96096,633684,96096,537588,25616,43068,0,0,0,65946124,8399828,34359738367,520572,0,52800,0,1116160,0,0,0,0,0,0,0,0,2048,0,376080,15255552,120586240
1744062042.001307,600038,21131154,0,131892248,123862552,124004988,0,1055912,0,230020,4987720,128856,4153528,101164,834192,1048576,1048576,0,0,0,0,5210892,471828,120216,96096,633684,96096,537588,25616,43068,0,0,0,65946124,8399828,34359738367,520572,0,52800,0,1116160,0,0,0,0,0,0,0,0,2048,0,376080,15255552,120586240
1744062043.001834,600038,21131154,0,131892248,123862552,124004988,0,1055912,0,230020,4987720,128856,4153528,101164,834192,1048576,1048576,0,0,0,0,5210892,471828,120216,96096,633684,96096,537588,25616,43068,0,0,0,65946124,8399828,34359738367,520572,0,52800,0,1116160,0,0,0,0,0,0,0,0,2048,0,376080,15255552,120586240
1744062044.001924,600038,21131154,0,131892248,123862580,124005016,0,1055912,0,230020,4987720,128856,4153528,101164,834192,1048576,1048576,0,0,0,0,5210892,471828,120216,96096,633684,96096,537588,25616,43068,0,0,0,65946124,8399828,34359738367,520572,0,52800,0,1116160,0,0,0,0,0,0,0,0,2048,0,376080,15255552,120586240
1744062045.001451,600038,21131154,0,131892248,123862580,124005016,0,1055912,0,230020,4987720,128856,4153528,101164,834192,1048576,1048576,0,0,0,0,5210892,471828,120216,96096,633684,96096,537588,25616,43068,0,0,0,65946124,8399828,34359738367,520572,0,52800,0,1116160,0,0,0,0,0,0,0,0,2048,0,376080,15255552,120586240
1744062046.001548,600038,21131154,0,131892248,123862580,124005016,0,1055912,0,230020,4987720,128856,4153528,101164,834192,1048576,1048576,0,0,0,0,5210892,471828,120216,96096,633684,96096,537588,25616,43068,0,0,0,65946124,8399828,34359738367,520572,0,52800,0,1116160,0,0,0,0,0,0,0,0,2048,0,376080,15255552,120586240
1744062047.002060,600038,21131154,0,131892248,123862580,124005016,0,1055912,0,230020,4987720,128856,4153528,101164,834192,1048576,1048576,0,0,0,0,5210892,471828,120216,96096,633684,96096,537588,25616,43068,0,0,0,65946124,8399828,34359738367,520572,0,52800,0,1116160,0,0,0,0,0,0,0,0,2048,0,376080,15255552,120586240
1744062048.001186,600038,21131154,0,131892248,123862580,124005016,0,1055912,0,230020,4987720,128856,4153528,101164,834192,1048576,1048576,0,0,0,0,5210892,471828,120216,96096,633684,96096,537588,25616,43068,0,0,0,65946124,8399828,34359738367,520572,0,52800,0,1116160,0,0,0,0,0,0,0,0,2048,0,376080,15255552,120586240
1744062049.001688,600038,21131154,0,131892248,123862580,124005016,0,1055912,0,230020,4987720,128856,4153528,101164,834192,1048576,1048576,0,0,0,0,5210892,471828,120216,96096,633684,96096,537588,25616,43068,0,0,0,65946124,8399828,34359738367,520572,0,52800,0,1116160,0,0,0,0,0,0,0,0,2048,0,376080,15255552,120586240
1744062050.001765,600038,21131154,0,131892248,123862580,124005016,0,1055912,0,230020,4987720,128856,4153528,101164,834192,1048576,1048576,0,0,0,0,5210892,471828,120216,96096,633684,96096,537588,25616,43068,0,0,0,65946124,8399828,34359738367,520572,0,52800,0,1116160,0,0,0,0,0,0,0,0,2048,0,376080,15255552,120586240
1744062051.001360,600038,21131154,0,131892248,123862580,124005016,0,1055912,0,230020,4987720,128856,4153528,101164,834192,1048576,1048576,0,0,0,0,5210892,471828,120216,96096,633684,96096,537588,25616,43068,0,0,0,65946124,8399828,34359738367,520572,0,52800,0,1116160,0,0,0,0,0,0,0,0,2048,0,376080,15255552,120586240
1744062052.001828,600038,21131154,0,131892248,123862580,124005016,0,1055912,0,230020,4987720,128856,4153528,101164,834192,1048576,1048576,0,0,0,0,5210892,471828,120216,96096,633684,96096,537588,25616,43068,0,0,0,65946124,8399828,34359738367,520572,0,52800,0,1116160,0,0,0,0,0,0,0,0,2048,0,376080,15255552,120586240
1744062053.001923,600038,21131154,0,131892248,123862580,124005016,0,1055912,0,230020,4987720,128856,4153528,101164,834192,1048576,1048576,0,0,0,0,5210892,471828,120216,96096,633684,96096,537588,25616,43068,0,0,0,65946124,8399828,34359738367,520572,0,52800,0,1116160,0,0,0,0,0,0,0,0,2048,0,376080,15255552,120586240
1744062054.001357,600038,21131154,0,131892248,123862580,124005016,0,1055912,0,230020,4987720,128856,4153528,101164,834192,1048576,1048576,0,0,0,0,5210892,471828,120216,96096,633684,96096,537588,25616,43068,0,0,0,65946124,8399828,34359738367,520572,0,52800,0,1116160,0,0,0,0,0,0,0,0,2048,0,376080,15255552,120586240
1744062055.001855,600038,21131154,0,131892248,123862580,124005016,0,1055912,0,230020,4987720,128856,4153528,101164,834192,1048576,1048576,0,0,0,0,5210892,471828,120216,96096,633684,96096,537588,25616,43068,0,0,0,65946124,8399828,34359738367,520572,0,52800,0,1116160,0,0,0,0,0,0,0,0,2048,0,376080,15255552,120586240
1744062056.001984,600038,21131154,0,131892248,123862580,124005016,0,1055912,0,230020,4987720,128856,4153528,101164,834192,1048576,1048576,0,0,0,0,5210892,471828,120216,96096,633684,96096,537588,25616,43068,0,0,0,65946124,8399828,34359738367,520572,0,52800,0,1116160,0,0,0,0,0,0,0,0,2048,0,376080,15255552,120586240
1744062057.001445,600038,21131154,0,131892248,123862580,124005016,0,1055912,0,230020,4987720,128856,4153528,101164,834192,1048576,1048576,0,0,0,0,5210892,471828,120216,96096,633684,96096,537588,25616,43068,0,0,0,65946124,8399828,34359738367,520572,0,52800,0,1116160,0,0,0,0,0,0,0,0,2048,0,376080,15255552,120586240
1744062058.001941,600038,21131154,0,131892248,123862580,124005016,0,1055912,0,230020,4987720,128856,4153528,101164,834192,1048576,1048576,0,0,0,0,5210892,471828,120216,96096,633684,96096,537588,25616,43068,0,0,0,65946124,8399828,34359738367,520572,0,52800,0,1116160,0,0,0,0,0,0,0,0,2048,0,376080,15255552,120586240
1744062059.002036,600038,21131154,0,131892248,123862580,124005016,0,1055912,0,230020,4987720,128856,4153528,101164,834192,1048576,1048576,0,0,0,0,5210892,471828,120216,96096,633684,96096,537588,25616,43068,0,0,0,65946124,8399828,34359738367,520572,0,52800,0,1116160,0,0,0,0,0,0,0,0,2048,0,376080,15255552,120586240
1744062060.001404,600038,21131154,0,131892248,123862580,124005016,0,1055912,0,230020,4987720,128856,4153528,101164,834192,1048576,1048576,0,0,0,0,5210892,471828,120216,96096,633684,96096,537588,25616,43068,0,0,0,65946124,8399828,34359738367,520572,0,52800,0,1116160,0,0,0,0,0,0,0,0,2048,0,376080,15255552,120586240
1744062061.002117,600038,21131154,0,131892248,123862580,124005016,0,1055912,0,230020,4987720,128856,4153528,101164,834192,1048576,1048576,0,0,0,0,5210892,471828,120216,96096,633684,96096,537588,25616,43068,0,0,0,65946124,8399828,34359738367,520572,0,52800,0,1116160,0,0,0,0,0,0,0,0,2048,0,376080,15255552,120586240
1744062062.001213,600038,21131154,0,131892248,123862580,124005016,0,1055912,0,230020,4987720,128856,4153528,101164,834192,1048576,1048576,0,0,0,0,5210892,471828,120216,96096,633684,96096,537588,25616,43068,0,0,0,65946124,8399828,34359738367,520572,0,52800,0,1116160,0,0,0,0,0,0,0,0,2048,0,376080,15255552,120586240
1744062063.001745,600038,21131154,0,131892248,123862580,124005016,0,1055912,0,230020,4987720,128856,4153528,101164,834192,1048576,1048576,0,0,0,0,5210892,471828,120216,96096,633684,96096,537588,25616,43068,0,0,0,65946124,8399828,34359738367,520572,0,52800,0,1116160,0,0,0,0,0,0,0,0,2048,0,376080,15255552,120586240
1744062064.001810,600038,21131154,0,131892248,123862580,124005016,0,1055912,0,230020,4987720,128856,4153528,101164,834192,1048576,1048576,0,0,0,0,5210892,471828,120216,96096,633684,96096,537588,25616,43068,0,0,0,65946124,8399828,34359738367,520572,0,52800,0,1116160,0,0,0,0,0,0,0,0,2048,0,376080,15255552,120586240
1744062065.001363,600038,21131154,0,131892248,123862580,124005016,0,1055912,0,230020,4987720,128856,4153528,101164,834192,1048576,1048576,0,0,0,0,5210892,471828,120216,96096,633684,96096,537588,25616,43068,0,0,0,65946124,8399828,34359738367,520572,0,52800,0,1116160,0,0,0,0,0,0,0,0,2048,0,376080,15255552,120586240
1744062066.001452,600038,21131154,0,131892248,123862580,124005016,0,1055912,0,230020,4987720,128856,4153528,101164,834192,1048576,1048576,0,0,0,0,5210892,471828,120216,96096,633684,96096,537588,25616,43068,0,0,0,65946124,8399828,34359738367,520572,0,52800,0,1116160,0,0,0,0,0,0,0,0,2048,0,376080,15255552,120586240
1744062067.001989,600038,21131154,0,131892248,123862580,124005016,0,1055912,0,230020,4987720,128856,4153528,101164,834192,1048576,1048576,0,0,0,0,5210892,471828,120216,96096,633684,96096,537588,25616,43068,0,0,0,65946124,8399828,34359738367,520572,0,52800,0,1116160,0,0,0,0,0,0,0,0,2048,0,376080,15255552,120586240
1744062068.002060,600038,21131154,0,131892248,123862580,124005016,0,1055912,0,230020,4987720,128856,4153528,101164,834192,1048576,1048576,0,0,0,0,5210892,471828,120216,96096,633684,96096,537588,25616,43068,0,0,0,65946124,8399828,34359738367,520572,0,52800,0,1116160,0,0,0,0,0,0,0,0,2048,0,376080,15255552,120586240
1744062069.001664,600038,21131154,0,131892248,123862580,124005016,0,1055912,0,230020,4987720,128856,4153528,101164,834192,1048576,1048576,0,0,0,0,5210892,471828,120216,96096,633684,96096,537588,25616,43068,0,0,0,65946124,8399828,34359738367,520572,0,52800,0,1116160,0,0,0,0,0,0,0,0,2048,0,376080,15255552,120586240
1744062070.001757,600038,21131154,0,131892248,123862580,124005016,0,1055912,0,230020,4987720,128856,4153528,101164,834192,1048576,1048576,0,0,0,0,5210892,471828,120216,96096,633684,96096,537588,25616,43068,0,0,0,65946124,8399828,34359738367,520572,0,52800,0,1116160,0,0,0,0,0,0,0,0,2048,0,376080,15255552,120586240
1744062071.001225,600038,21131154,0,131892248,123862580,124005016,0,1055912,0,230020,4987720,128856,4153528,101164,834192,1048576,1048576,0,0,0,0,5210892,471828,120216,96096,633684,96096,537588,25616,43068,0,0,0,65946124,8399828,34359738367,520572,0,52800,0,1116160,0,0,0,0,0,0,0,0,2048,0,376080,15255552,120586240
1744062072.001681,600038,21131154,0,131892248,123862580,124005016,0,1055912,0,230020,4987720,128856,4153528,101164,834192,1048576,1048576,0,0,0,0,5210892,471828,120216,96096,633684,96096,537588,25616,43068,0,0,0,65946124,8399828,34359738367,520572,0,52800,0,1116160,0,0,0,0,0,0,0,0,2048,0,376080,15255552,120586240
1744062073.001752,600038,21131154,0,131892248,123862580,124005016,0,1055912,0,230020,4987720,128856,4153528,101164,834192,1048576,1048576,0,0,0,0,5210892,471828,120216,96096,633684,96096,537588,25616,43068,0,0,0,65946124,8399828,34359738367,520572,0,52800,0,1116160,0,0,0,0,0,0,0,0,2048,0,376080,15255552,120586240
1744062074.001149,600038,21131154,0,131892248,123862580,124005016,0,1055912,0,230020,4987720,128856,4153528,101164,834192,1048576,1048576,0,0,0,0,5210892,471828,120216,96096,633684,96096,537588,25616,43068,0,0,0,65946124,8399828,34359738367,520572,0,52800,0,1116160,0,0,0,0,0,0,0,0,2048,0,376080,15255552,120586240
1744062075.001572,600038,21131154,0,131892248,123862580,124005016,0,1055912,0,230020,4987720,128856,4153528,101164,834192,1048576,1048576,0,0,0,0,5210892,471828,120216,96096,633684,96096,537588,25616,43068,0,0,0,65946124,8399828,34359738367,520572,0,52800,0,1116160,0,0,0,0,0,0,0,0,2048,0,376080,15255552,120586240
1744062076.001644,600038,21131154,0,131892248,123862580,124005016,0,1055912,0,230020,4987720,128856,4153528,101164,834192,1048576,1048576,0,0,0,0,5210892,471828,120216,96096,633684,96096,537588,25616,43068,0,0,0,65946124,8399828,34359738367,520572,0,52800,0,1116160,0,0,0,0,0,0,0,0,2048,0,376080,15255552,120586240
1744062077.002022,600038,21131154,0,131892248,123862580,124005016,0,1055912,0,230020,4987720,128856,4153528,101164,834192,1048576,1048576,0,0,0,0,5210892,471828,120216,96096,633684,96096,537588,25616,43068,0,0,0,65946124,8399828,34359738367,520572,0,52800,0,1116160,0,0,0,0,0,0,0,0,2048,0,376080,15255552,120586240
1744062078.001478,600038,21131154,0,131892248,123862580,124005016,0,1055912,0,230020,4987720,128856,4153528,101164,834192,1048576,1048576,0,0,0,0,5210892,471828,120216,96096,633684,96096,537588,25616,43068,0,0,0,65946124,8399828,34359738367,520572,0,52800,0,1116160,0,0,0,0,0,0,0,0,2048,0,376080,15255552,120586240
1744062079.001595,600038,21131154,0,131892248,123862588,124005024,0,1055912,0,230020,4987720,128856,4153528,101164,834192,1048576,1048576,0,0,0,0,5210892,471828,120216,96096,633684,96096,537588,25616,43068,0,0,0,65946124,8399828,34359738367,520572,0,52800,0,1116160,0,0,0,0,0,0,0,0,2048,0,376080,15255552,120586240
1744062080.002055,600038,21131154,0,131892248,123862588,124005024,0,1055912,0,230020,4987720,128856,4153528,101164,834192,1048576,1048576,0,0,0,0,5210892,471828,120216,96096,633684,96096,537588,25616,43068,0,0,0,65946124,8399828,34359738367,520572,0,52800,0,1116160,0,0,0,0,0,0,0,0,2048,0,376080,15255552,120586240
1744062081.002035,600038,21131154,0,131892248,123862628,124005064,0,1055912,0,230020,4987720,128856,4153528,101164,834192,1048576,1048576,0,0,0,0,5210892,471828,120216,96096,633716,96096,537620,25616,43068,0,0,0,65946124,8399828,34359738367,520572,0,52800,0,1116160,0,0,0,0,0,0,0,0,2048,0,376080,15255552,120586240
1744062082.001107,600038,21131154,0,131892248,123862628,124005064,0,1055912,0,230020,4987720,128856,4153528,101164,834192,1048576,1048576,0,0,0,0,5210892,471828,120216,96096,633748,96096,537652,25616,43068,0,0,0,65946124,8399828,34359738367,520572,0,52800,0,1116160,0,0,0,0,0,0,0,0,2048,0,376080,15255552,120586240
1744062083.001608,600038,21131154,0,131892248,123862628,124005064,0,1055912,0,230020,4987720,128856,4153528,101164,834192,1048576,1048576,0,0,0,0,5210892,471828,120216,96096,633748,96096,537652,25616,43068,0,0,0,65946124,8399828,34359738367,520572,0,52800,0,1116160,0,0,0,0,0,0,0,0,2048,0,376080,15255552,120586240
1744062084.001690,600038,21131154,0,131892248,123862656,124005092,0,1055912,0,230020,4987720,128856,4153528,101164,834192,1048576,1048576,0,0,0,0,5210892,471828,120216,96096,633748,96096,537652,25616,43068,0,0,0,65946124,8399828,34359738367,520572,0,52800,0,1116160,0,0,0,0,0,0,0,0,2048,0,376080,15255552,120586240
1744062085.002249,600038,21131154,0,131892248,123862684,124005120,0,1055912,0,230020,4987720,128856,4153528,101164,834192,1048576,1048576,0,0,0,0,5210892,471828,120216,96096,633748,96096,537652,25616,43068,0,0,0,65946124,8399828,34359738367,520572,0,52800,0,1116160,0,0,0,0,0,0,0,0,2048,0,376080,15255552,120586240
1744062086.001321,600038,21131154,0,131892248,123862684,124005120,0,1055912,0,230020,4987720,128856,4153528,101164,834192,1048576,1048576,0,0,0,0,5210892,471828,120216,96096,633748,96096,537652,25616,43068,0,0,0,65946124,8399828,34359738367,520572,0,52800,0,1116160,0,0,0,0,0,0,0,0,2048,0,376080,15255552,120586240
1744062087.001830,600038,21131154,0,131892248,123862684,124005120,0,1055912,0,230020,4987720,128856,4153528,101164,834192,1048576,1048576,0,0,0,0,5210892,471828,120216,96096,633748,96096,537652,25616,43068,0,0,0,65946124,8399828,34359738367,520572,0,52800,0,1116160,0,0,0,0,0,0,0,0,2048,0,376080,15255552,120586240
1744062088.001904,600038,21131154,0,131892248,123862684,124005120,0,1055912,0,230020,4987720,128856,4153528,101164,834192,1048576,1048576,0,0,0,0,5210892,471828,120216,96096,633748,96096,537652,25616,43068,0,0,0,65946124,8399828,34359738367,520572,0,52800,0,1116160,0,0,0,0,0,0,0,0,2048,0,376080,15255552,120586240
1744062089.001478,600038,21131154,0,131892248,123862684,124005120,0,1055912,0,230020,4987720,128856,4153528,101164,834192,1048576,1048576,0,0,0,0,5210892,471828,120216,96096,633748,96096,537652,25616,43068,0,0,0,65946124,8399828,34359738367,520524,0,52800,0,1116160,0,0,0,0,0,0,0,0,2048,0,376080,15255552,120586240
1744062090.001556,600038,21131154,0,131892248,123862708,124005144,0,1055912,0,230020,4987720,128856,4153528,101164,834192,1048576,1048576,0,0,0,0,5210892,471828,120216,96096,633776,96096,537680,25552,43068,0,0,0,65946124,8399828,34359738367,520524,0,52800,0,1116160,0,0,0,0,0,0,0,0,2048,0,376080,15255552,120586240
1744062091.001302,600038,21131154,0,131892248,123862736,124005172,0,1055912,0,230020,4987720,128856,4153528,101164,834192,1048576,1048576,0,0,0,0,5210892,471828,120216,96096,633776,96096,537680,25552,43068,0,0,0,65946124,8399828,34359738367,520524,0,52800,0,1116160,0,0,0,0,0,0,0,0,2048,0,376080,15255552,120586240
1744062092.001773,600038,21131154,0,131892248,123862736,124005172,0,1055912,0,230020,4987720,128856,4153528,101164,834192,1048576,1048576,0,0,0,0,5210892,471828,120216,96096,633776,96096,537680,25552,43068,0,0,0,65946124,8399828,34359738367,520524,0,52800,0,1116160,0,0,0,0,0,0,0,0,2048,0,376080,15255552,120586240
1744062093.001846,600038,21131154,0,131892248,123862736,124005172,0,1055912,0,230020,4987720,128856,4153528,101164,834192,1048576,1048576,0,0,0,0,5210892,471828,120216,96096,633776,96096,537680,25552,43068,0,0,0,65946124,8399828,34359738367,520524,0,52800,0,1116160,0,0,0,0,0,0,0,0,2048,0,376080,15255552,120586240
1744062094.001288,600038,21131154,0,131892248,123862736,124005172,0,1055912,0,230020,4987720,128856,4153528,101164,834192,1048576,1048576,0,0,0,0,5210892,471828,120216,96096,633776,96096,537680,25552,43068,0,0,0,65946124,8399828,34359738367,520524,0,52800,0,1116160,0,0,0,0,0,0,0,0,2048,0,376080,15255552,120586240
1744062095.001789,600038,21131154,0,131892248,123862736,124005172,0,1055912,0,230020,4987720,128856,4153528,101164,834192,1048576,1048576,0,0,0,0,5210892,471828,120216,96096,633776,96096,537680,25552,43068,0,0,0,65946124,8399828,34359738367,520524,0,52800,0,1116160,0,0,0,0,0,0,0,0,2048,0,376080,15255552,120586240
1744062096.001869,600038,21131154,0,131892248,123862736,124005172,0,1055912,0,230020,4987720,128856,4153528,101164,834192,1048576,1048576,0,0,0,0,5210892,471828,120216,96096,633776,96096,537680,25552,43068,0,0,0,65946124,8399828,34359738367,520524,0,52800,0,1116160,0,0,0,0,0,0,0,0,2048,0,376080,15255552,120586240
1744062097.001322,600038,21131154,0,131892248,123862736,124005172,0,1055912,0,230020,4987720,128856,4153528,101164,834192,1048576,1048576,0,0,0,0,5210892,471828,120216,96096,633776,96096,537680,25552,43068,0,0,0,65946124,8399828,34359738367,520524,0,52800,0,1116160,0,0,0,0,0,0,0,0,2048,0,376080,15255552,120586240
1744062098.001828,600038,21131154,0,131892248,123862736,124005172,0,1055912,0,230020,4987720,128856,4153528,101164,834192,1048576,1048576,0,0,0,0,5210892,471828,120216,96096,633776,96096,537680,25552,43068,0,0,0,65946124,8399828,34359738367,520524,0,52800,0,1116160,0,0,0,0,0,0,0,0,2048,0,376080,15255552,120586240
1744062099.001905,600038,21131154,0,131892248,123862736,124005172,0,1055912,0,230020,4987720,128856,4153528,101164,834192,1048576,1048576,0,0,0,0,5210892,471828,120216,96096,633776,96096,537680,25552,43068,0,0,0,65946124,8399828,34359738367,520524,0,52800,0,1116160,0,0,0,0,0,0,0,0,2048,0,376080,15255552,120586240
1744062100.001359,600038,21131154,0,131892248,123862736,124005172,0,1055912,0,230020,4987720,128856,4153528,101164,834192,1048576,1048576,0,0,0,0,5210892,471828,120216,96096,633776,96096,537680,25552,43068,0,0,0,65946124,8399828,34359738367,520524,0,52800,0,1116160,0,0,0,0,0,0,0,0,2048,0,376080,15255552,120586240
1744062101.002127,600038,21131154,0,131892248,123862736,124005172,0,1055912,0,230020,4987720,128856,4153528,101164,834192,1048576,1048576,0,0,0,0,5210892,471828,120216,96096,633776,96096,537680,25552,43068,0,0,0,65946124,8399828,34359738367,520524,0,52800,0,1116160,0,0,0,0,0,0,0,0,2048,0,376080,15255552,120586240
1744062102.001220,600038,21131154,0,131892248,123862736,124005172,0,1055912,0,230020,4987720,128856,4153528,101164,834192,1048576,1048576,0,0,0,0,5210892,471828,120216,96096,633776,96096,537680,25552,43068,0,0,0,65946124,8399828,34359738367,520524,0,52800,0,1116160,0,0,0,0,0,0,0,0,2048,0,376080,15255552,120586240
1744062103.001705,600038,21131154,0,131892248,123862736,124005172,0,1055912,0,230020,4987720,128856,4153528,101164,834192,1048576,1048576,0,0,0,0,5210892,471828,120216,96096,633776,96096,537680,25552,43068,0,0,0,65946124,8399828,34359738367,520524,0,52800,0,1116160,0,0,0,0,0,0,0,0,2048,0,376080,15255552,120586240
1744062104.001777,600038,21131154,0,131892248,123862736,124005172,0,1055912,0,230020,4987720,128856,4153528,101164,834192,1048576,1048576,0,0,0,0,5210892,471828,120216,96096,633776,96096,537680,25552,43068,0,0,0,65946124,8399828,34359738367,520524,0,52800,0,1116160,0,0,0,0,0,0,0,0,2048,0,376080,15255552,120586240
1744062105.002244,600038,21131154,0,131892248,123862780,124005216,0,1055912,0,230020,4987720,128856,4153528,101164,834192,1048576,1048576,0,0,0,0,5210892,471828,120216,96096,633768,96096,537672,25552,43068,0,0,0,65946124,8399828,34359738367,520524,0,52800,0,1116160,0,0,0,0,0,0,0,0,2048,0,376080,15255552,120586240
1744062106.001334,600038,21131154,0,131892248,123862780,124005216,0,1055912,0,230020,4987720,128856,4153528,101164,834192,1048576,1048576,0,0,0,0,5210892,471828,120216,96096,633768,96096,537672,25552,43068,0,0,0,65946124,8399828,34359738367,520524,0,52800,0,1116160,0,0,0,0,0,0,0,0,2048,0,376080,15255552,120586240
1744062107.001854,600038,21131154,0,131892248,123862780,124005216,0,1055912,0,230020,4987720,128856,4153528,101164,834192,1048576,1048576,0,0,0,0,5210892,471828,120216,96096,633768,96096,537672,25552,43068,0,0,0,65946124,8399828,34359738367,520524,0,52800,0,1116160,0,0,0,0,0,0,0,0,2048,0,376080,15255552,120586240
1744062108.001937,600038,21131154,0,131892248,123862780,124005216,0,1055912,0,230020,4987720,128856,4153528,101164,834192,1048576,1048576,0,0,0,0,5210892,471828,120216,96096,633768,96096,537672,25552,43068,0,0,0,65946124,8399828,34359738367,520524,0,52800,0,1116160,0,0,0,0,0,0,0,0,2048,0,376080,15255552,120586240
1744062109.001456,600038,21131154,0,131892248,123862804,124005240,0,1055912,0,230020,4987720,128856,4153528,101164,834192,1048576,1048576,0,0,0,0,5210892,471828,120216,96096,633744,96096,537648,25552,43068,0,0,0,65946124,8399828,34359738367,520524,0,52800,0,1116160,0,0,0,0,0,0,0,0,2048,0,376080,15255552,120586240
1744062110.001579,600038,21131154,0,131892248,123862804,124005240,0,1055912,0,230020,4987720,128856,4153528,101164,834192,1048576,1048576,0,0,0,0,5210892,471828,120216,96096,633744,96096,537648,25552,43068,0,0,0,65946124,8399828,34359738367,520524,0,52800,0,1116160,0,0,0,0,0,0,0,0,2048,0,376080,15255552,120586240
1744062111.001289,600038,21131154,0,131892248,123862804,124005240,0,1055912,0,230020,4987720,128856,4153528,101164,834192,1048576,1048576,0,0,0,0,5210892,471828,120216,96096,633744,96096,537648,25552,43068,0,0,0,65946124,8399828,34359738367,520524,0,52800,0,1116160,0,0,0,0,0,0,0,0,2048,0,376080,15255552,120586240
1744062112.001689,600038,21131154,0,131892248,123862812,124005248,0,1055912,0,230020,4987720,128856,4153528,101164,834192,1048576,1048576,0,0,0,0,5210892,471828,120216,96096,633736,96096,537640,25552,43068,0,0,0,65946124,8399828,34359738367,520524,0,52800,0,1116160,0,0,0,0,0,0,0,0,2048,0,376080,15255552,120586240
1744062113.001762,600038,21131154,0,131892248,123862812,124005248,0,1055912,0,230020,4987720,128856,4153528,101164,834192,1048576,1048576,0,0,0,0,5210892,471828,120216,96096,633736,96096,537640,25552,43068,0,0,0,65946124,8399828,34359738367,520524,0,52800,0,1116160,0,0,0,0,0,0,0,0,2048,0,376080,15255552,120586240
1744062114.001205,600038,21131154,0,131892248,123862812,124005248,0,1055912,0,230020,4987720,128856,4153528,101164,834192,1048576,1048576,0,0,0,0,5210892,471828,120216,96096,633736,96096,537640,25552,43068,0,0,0,65946124,8399828,34359738367,520524,0,52800,0,1116160,0,0,0,0,0,0,0,0,2048,0,376080,15255552,120586240
1744062115.001656,600038,21131154,0,131892248,123862812,124005248,0,1055912,0,230020,4987720,128856,4153528,101164,834192,1048576,1048576,0,0,0,0,5210892,471828,120216,96096,633736,96096,537640,25552,43068,0,0,0,65946124,8399828,34359738367,520524,0,52800,0,1116160,0,0,0,0,0,0,0,0,2048,0,376080,15255552,120586240
1744062116.001728,600038,21131154,0,131892248,123862812,124005248,0,1055912,0,230020,4987720,128856,4153528,101164,834192,1048576,1048576,0,0,0,0,5210892,471828,120216,96096,633736,96096,537640,25552,43068,0,0,0,65946124,8399828,34359738367,520524,0,52800,0,1116160,0,0,0,0,0,0,0,0,2048,0,376080,15255552,120586240
1744062117.002101,600038,21131154,0,131892248,123862812,124005248,0,1055912,0,230020,4987720,128856,4153528,101164,834192,1048576,1048576,0,0,0,0,5210892,471828,120216,96096,633736,96096,537640,25552,43068,0,0,0,65946124,8399828,34359738367,520524,0,52800,0,1116160,0,0,0,0,0,0,0,0,2048,0,376080,15255552,120586240
1744062118.001540,600038,21131154,0,131892248,123862812,124005248,0,1055912,0,230020,4987720,128856,4153528,101164,834192,1048576,1048576,0,0,0,0,5210892,471828,120216,96096,633736,96096,537640,25552,43068,0,0,0,65946124,8399828,34359738367,520540,0,52800,0,1116160,0,0,0,0,0,0,0,0,2048,0,376080,15255552,120586240
1744062119.001612,600038,21131154,0,131892248,123862812,124005248,0,1055912,0,230020,4987720,128856,4153528,101164,834192,1048576,1048576,0,0,0,0,5210892,471828,120216,96096,633736,96096,537640,25552,43068,0,0,0,65946124,8399828,34359738367,520540,0,52800,0,1116160,0,0,0,0,0,0,0,0,2048,0,376080,15255552,120586240
1744062120.002036,600038,21131154,0,131892248,123862812,124005248,0,1055912,0,230020,4987720,128856,4153528,101164,834192,1048576,1048576,0,0,0,0,5210892,471828,120216,96096,633736,96096,537640,25552,43068,0,0,0,65946124,8399828,34359738367,520540,0,52800,0,1116160,0,0,0,0,0,0,0,0,2048,0,376080,15255552,120586240
1744062121.001385,600038,21131154,0,131892248,123862812,124005248,0,1055912,0,230020,4987720,128856,4153528,101164,834192,1048576,1048576,0,0,0,0,5210892,471828,120216,96096,633736,96096,537640,25552,43068,0,0,0,65946124,8399828,34359738367,520540,0,52800,0,1116160,0,0,0,0,0,0,0,0,2048,0,376080,15255552,120586240
1744062122.001513,600038,21131154,0,131892248,123862820,124005256,0,1055912,0,230020,4987720,128856,4153528,101164,834192,1048576,1048576,0,0,0,0,5210892,471828,120216,96096,633728,96096,537632,25552,43068,0,0,0,65946124,8399828,34359738367,520540,0,52800,0,1116160,0,0,0,0,0,0,0,0,2048,0,376080,15255552,120586240
1744062123.002044,600038,21131154,0,131892248,123862680,124005116,0,1055912,0,230020,4987720,128856,4153528,101164,834192,1048576,1048576,0,0,0,0,5210892,471828,120216,96096,633728,96096,537632,25552,43068,0,0,0,65946124,8399828,34359738367,520540,0,52800,0,1116160,0,0,0,0,0,0,0,0,2048,0,376080,15255552,120586240
1744062124.001165,600038,21131154,0,131892248,123862680,124005116,0,1055912,0,230020,4987720,128856,4153528,101164,834192,1048576,1048576,0,0,0,0,5210892,471828,120216,96096,633728,96096,537632,25552,43068,0,0,0,65946124,8399828,34359738367,520540,0,52800,0,1116160,0,0,0,0,0,0,0,0,2048,0,376080,15255552,120586240
1744062125.001716,600038,21131154,0,131892248,123862680,124005116,0,1055912,0,230020,4987720,128856,4153528,101164,834192,1048576,1048576,0,0,0,0,5210892,471828,120216,96096,633728,96096,537632,25552,43068,0,0,0,65946124,8399828,34359738367,520540,0,52800,0,1116160,0,0,0,0,0,0,0,0,2048,0,376080,15255552,120586240
1744062126.001795,600038,21131154,0,131892248,123862680,124005116,0,1055912,0,230020,4987720,128856,4153528,101164,834192,1048576,1048576,0,0,0,0,5210892,471828,120216,96096,633728,96096,537632,25552,43068,0,0,0,65946124,8399828,34359738367,520540,0,52800,0,1116160,0,0,0,0,0,0,0,0,2048,0,376080,15255552,120586240
1744062127.001387,600038,21131154,0,131892248,123862680,124005116,0,1055912,0,230020,4987720,128856,4153528,101164,834192,1048576,1048576,0,0,0,0,5210892,471828,120216,96096,633728,96096,537632,25552,43068,0,0,0,65946124,8399828,34359738367,520540,0,52800,0,1116160,0,0,0,0,0,0,0,0,2048,0,376080,15255552,120586240
1744062128.001478,600038,21131154,0,131892248,123862680,124005116,0,1055912,0,230020,4987720,128856,4153528,101164,834192,1048576,1048576,0,0,0,0,5210892,471828,120216,96096,633728,96096,537632,25552,43068,0,0,0,65946124,8399828,34359738367,520540,0,52800,0,1116160,0,0,0,0,0,0,0,0,2048,0,376080,15255552,120586240
1744062129.001995,600038,21131154,0,131892248,123862680,124005116,0,1055912,0,230020,4987720,128856,4153528,101164,834192,1048576,1048576,0,0,0,0,5210892,471828,120216,96096,633728,96096,537632,25552,43068,0,0,0,65946124,8399828,34359738367,520540,0,52800,0,1116160,0,0,0,0,0,0,0,0,2048,0,376080,15255552,120586240
1744062130.002074,600038,21131154,0,131892248,123862680,124005116,0,1055912,0,230020,4987720,128856,4153528,101164,834192,1048576,1048576,0,0,0,0,5210892,471828,120216,96096,633728,96096,537632,25552,43068,0,0,0,65946124,8399828,34359738367,520540,0,52800,0,1116160,0,0,0,0,0,0,0,0,2048,0,376080,15255552,120586240
1744062131.002118,600038,21131154,0,131892248,123862680,124005116,0,1055912,0,230020,4987720,128856,4153528,101164,834192,1048576,1048576,0,0,0,0,5210892,471828,120216,96096,633728,96096,537632,25552,43068,0,0,0,65946124,8399828,34359738367,520540,0,52800,0,1116160,0,0,0,0,0,0,0,0,2048,0,376080,15255552,120586240
1744062132.001616,600038,21131154,0,131892248,123862680,124005116,0,1055912,0,230020,4987720,128856,4153528,101164,834192,1048576,1048576,0,0,0,0,5210892,471828,120216,96096,633728,96096,537632,25552,43068,0,0,0,65946124,8399828,34359738367,520540,0,52800,0,1116160,0,0,0,0,0,0,0,0,2048,0,376080,15255552,120586240
1744062133.001705,600038,21131154,0,131892248,123862680,124005116,0,1055912,0,230020,4987720,128856,4153528,101164,834192,1048576,1048576,0,0,0,0,5210892,471828,120216,96096,633728,96096,537632,25552,43068,0,0,0,65946124,8399828,34359738367,520540,0,52800,0,1116160,0,0,0,0,0,0,0,0,2048,0,376080,15255552,120586240
1744062134.002138,600038,21131154,0,131892248,123862680,124005116,0,1055912,0,230020,4987720,128856,4153528,101164,834192,1048576,1048576,0,0,0,0,5210892,471828,120216,96096,633728,96096,537632,25552,43068,0,0,0,65946124,8399828,34359738367,520540,0,52800,0,1116160,0,0,0,0,0,0,0,0,2048,0,376080,15255552,120586240
1744062135.001669,600038,21131154,0,131892248,123862680,124005116,0,1055912,0,230020,4987720,128856,4153528,101164,834192,1048576,1048576,0,0,0,0,5210892,471828,120216,96096,633728,96096,537632,25552,43068,0,0,0,65946124,8399828,34359738367,520540,0,52800,0,1116160,0,0,0,0,0,0,0,0,2048,0,376080,15255552,120586240
1744062136.001786,600038,21131154,0,131892248,123862680,124005116,0,1055912,0,230020,4987720,128856,4153528,101164,834192,1048576,1048576,0,0,0,0,5210892,471828,120216,96096,633728,96096,537632,25552,43068,0,0,0,65946124,8399828,34359738367,520540,0,52800,0,1116160,0,0,0,0,0,0,0,0,2048,0,376080,15255552,120586240
1744062137.001251,600038,21131154,0,131892248,123862680,124005116,0,1055912,0,230020,4987720,128856,4153528,101164,834192,1048576,1048576,0,0,0,0,5210892,471828,120216,96096,633728,96096,537632,25552,43068,0,0,0,65946124,8399828,34359738367,520540,0,52800,0,1116160,0,0,0,0,0,0,0,0,2048,0,376080,15255552,120586240
1744062138.001746,600038,21131154,0,131892248,123862680,124005116,0,1055912,0,230020,4987720,128856,4153528,101164,834192,1048576,1048576,0,0,0,0,5210892,471828,120216,96096,633728,96096,537632,25552,43068,0,0,0,65946124,8399828,34359738367,520540,0,52800,0,1116160,0,0,0,0,0,0,0,0,2048,0,376080,15255552,120586240
1744062139.001809,600038,21131154,0,131892248,123862648,124005084,0,1055912,0,230020,4987720,128856,4153528,101164,834192,1048576,1048576,0,0,0,0,5210892,471828,120216,96096,633760,96096,537664,25552,43068,0,0,0,65946124,8399828,34359738367,520540,0,52800,0,1116160,0,0,0,0,0,0,0,0,2048,0,376080,15255552,120586240
1744062140.001238,600038,21131154,0,131892248,123862648,124005084,0,1055912,0,230020,4987720,128856,4153528,101164,834192,1048576,1048576,0,0,0,0,5210892,471828,120216,96096,633760,96096,537664,25552,43068,0,0,0,65946124,8399828,34359738367,520540,0,52800,0,1116160,0,0,0,0,0,0,0,0,2048,0,376080,15255552,120586240
1744062141.002170,600038,21131154,0,131892248,123862644,124005080,0,1055912,0,230020,4987720,128856,4153528,101164,834192,1048576,1048576,0,0,0,0,5210892,471828,120216,96096,633792,96096,537696,25552,43068,0,0,0,65946124,8399828,34359738367,520540,0,52800,0,1116160,0,0,0,0,0,0,0,0,2048,0,376080,15255552,120586240
1744062142.001297,600038,21131154,0,131892248,123862644,124005080,0,1055912,0,230020,4987720,128856,4153528,101164,834192,1048576,1048576,0,0,0,0,5210892,471828,120216,96096,633792,96096,537696,25552,43068,0,0,0,65946124,8399828,34359738367,520540,0,52800,0,1116160,0,0,0,0,0,0,0,0,2048,0,376080,15255552,120586240
1744062143.001895,600038,21131154,0,131892248,123862644,124005080,0,1055912,0,230020,4987720,128856,4153528,101164,834192,1048576,1048576,0,0,0,0,5210892,471828,120216,96096,633792,96096,537696,25552,43068,0,0,0,65946124,8399828,34359738367,520540,0,52800,0,1116160,0,0,0,0,0,0,0,0,2048,0,376080,15255552,120586240
1744062144.001980,600038,21131154,0,131892248,123862644,124005080,0,1055912,0,230020,4987720,128856,4153528,101164,834192,1048576,1048576,0,0,0,0,5210892,471828,120216,96096,633792,96096,537696,25552,43068,0,0,0,65946124,8399828,34359738367,520540,0,52800,0,1116160,0,0,0,0,0,0,0,0,2048,0,376080,15255552,120586240
1744062145.001520,600038,21131154,0,131892248,123862644,124005080,0,1055912,0,230020,4987720,128856,4153528,101164,834192,1048576,1048576,0,0,0,0,5210892,471828,120216,96096,633792,96096,537696,25552,43068,0,0,0,65946124,8399828,34359738367,520540,0,52800,0,1116160,0,0,0,0,0,0,0,0,2048,0,376080,15255552,120586240
1744062146.001644,600038,21131154,0,131892248,123862644,124005080,0,1055912,0,230020,4987720,128856,4153528,101164,834192,1048576,1048576,0,0,0,0,5210892,471828,120216,96096,633792,96096,537696,25552,43068,0,0,0,65946124,8399828,34359738367,520540,0,52800,0,1116160,0,0,0,0,0,0,0,0,2048,0,376080,15255552,120586240
1744062147.002229,600038,21131154,0,131892248,123862644,124005080,0,1055912,0,230020,4987720,128856,4153528,101164,834192,1048576,1048576,0,0,0,0,5210892,471828,120216,96096,633792,96096,537696,25552,43068,0,0,0,65946124,8399828,34359738367,520540,0,52800,0,1116160,0,0,0,0,0,0,0,0,2048,0,376080,15255552,120586240
1744062148.001353,600038,21131154,0,131892248,123862644,124005080,0,1055912,0,230020,4987720,128856,4153528,101164,834192,1048576,1048576,0,0,0,0,5210892,471828,120216,96096,633792,96096,537696,25552,43068,0,0,0,65946124,8399828,34359738367,520540,0,52800,0,1116160,0,0,0,0,0,0,0,0,2048,0,376080,15255552,120586240
1744062149.001921,600038,21131154,0,131892248,123862644,124005080,0,1055912,0,230020,4987720,128856,4153528,101164,834192,1048576,1048576,0,0,0,0,5210892,471828,120216,96096,633792,96096,537696,25552,43068,0,0,0,65946124,8399828,34359738367,520540,0,52800,0,1116160,0,0,0,0,0,0,0,0,2048,0,376080,15255552,120586240
1744062150.002001,600038,21131154,0,131892248,123862644,124005080,0,1055912,0,230020,4987720,128856,4153528,101164,834192,1048576,1048576,0,0,0,0,5210892,471828,120216,96096,633792,96096,537696,25552,43068,0,0,0,65946124,8399828,34359738367,520540,0,52800,0,1116160,0,0,0,0,0,0,0,0,2048,0,376080,15255552,120586240
1744062151.002031,600038,21131154,0,131892248,123862644,124005080,0,1055912,0,230020,4987720,128856,4153528,101164,834192,1048576,1048576,0,0,0,0,5210892,471828,120216,96096,633792,96096,537696,25552,43068,0,0,0,65946124,8399828,34359738367,520540,0,52800,0,1116160,0,0,0,0,0,0,0,0,2048,0,376080,15255552,120586240
1744062152.001509,600038,21131154,0,131892248,123862644,124005080,0,1055912,0,230020,4987720,128856,4153528,101164,834192,1048576,1048576,0,0,0,0,5210892,471828,120216,96096,633792,96096,537696,25552,43068,0,0,0,65946124,8399828,34359738367,520540,0,52800,0,1116160,0,0,0,0,0,0,0,0,2048,0,376080,15255552,120586240
1744062153.001600,600038,21131154,0,131892248,123862644,124005080,0,1055912,0,230020,4987720,128856,4153528,101164,834192,1048576,1048576,0,0,0,0,5210892,471828,120216,96096,633792,96096,537696,25552,43068,0,0,0,65946124,8399828,34359738367,520540,0,52800,0,1116160,0,0,0,0,0,0,0,0,2048,0,376080,15255552,120586240
1744062154.002033,600038,21131154,0,131892248,123862644,124005080,0,1055912,0,230020,4987720,128856,4153528,101164,834192,1048576,1048576,0,0,0,0,5210892,471828,120216,96096,633792,96096,537696,25552,43068,0,0,0,65946124,8399828,34359738367,520540,0,52800,0,1116160,0,0,0,0,0,0,0,0,2048,0,376080,15255552,120586240
1744062155.001480,600038,21131154,0,131892248,123862644,124005080,0,1055912,0,230020,4987720,128856,4153528,101164,834192,1048576,1048576,0,0,0,0,5210892,471828,120216,96096,633792,96096,537696,25552,43068,0,0,0,65946124,8399828,34359738367,520540,0,52800,0,1116160,0,0,0,0,0,0,0,0,2048,0,376080,15255552,120586240
1744062156.001588,600038,21131154,0,131892248,123862636,124005072,0,1055912,0,230020,4987720,128856,4153528,101164,834192,1048576,1048576,0,0,0,0,5210892,471828,120216,96096,633800,96096,537704,25552,43068,0,0,0,65946124,8399828,34359738367,520540,0,52800,0,1116160,0,0,0,0,0,0,0,0,2048,0,376080,15255552,120586240
1744062157.001955,600038,21131154,0,131892248,123862636,124005072,0,1055912,0,230020,4987720,128856,4153528,101164,834192,1048576,1048576,0,0,0,0,5210892,471828,120216,96096,633800,96096,537704,25552,43068,0,0,0,65946124,8399828,34359738367,520540,0,52800,0,1116160,0,0,0,0,0,0,0,0,2048,0,376080,15255552,120586240
1744062158.001362,600038,21131154,0,131892248,123862636,124005072,0,1055912,0,230020,4987720,128856,4153528,101164,834192,1048576,1048576,0,0,0,0,5210892,471828,120216,96096,633800,96096,537704,25552,43068,0,0,0,65946124,8399828,34359738367,520540,0,52800,0,1116160,0,0,0,0,0,0,0,0,2048,0,376080,15255552,120586240
1744062159.001484,600038,21131154,0,131892248,123862636,124005072,0,1055912,0,230020,4987720,128856,4153528,101164,834192,1048576,1048576,0,0,0,0,5210892,471828,120216,96096,633800,96096,537704,25552,43068,0,0,0,65946124,8399828,34359738367,520540,0,52800,0,1116160,0,0,0,0,0,0,0,0,2048,0,376080,15255552,120586240
1744062160.001938,600038,21131154,0,131892248,123862636,124005072,0,1055912,0,230020,4987720,128856,4153528,101164,834192,1048576,1048576,0,0,0,0,5210892,471828,120216,96096,633800,96096,537704,25552,43068,0,0,0,65946124,8399828,34359738367,520540,0,52800,0,1116160,0,0,0,0,0,0,0,0,2048,0,376080,15255552,120586240
1744062161.002128,600038,21131154,0,131892248,123862720,124005156,0,1055912,0,230020,4987720,128856,4153528,101164,834192,1048576,1048576,0,0,0,0,5210892,471828,120216,96096,633800,96096,537704,25552,43068,0,0,0,65946124,8399828,34359738367,520540,0,52800,0,1116160,0,0,0,0,0,0,0,0,2048,0,376080,15255552,120586240
1744062162.001256,600038,21131154,0,131892248,123862720,124005156,0,1055912,0,230020,4987720,128856,4153528,101164,834192,1048576,1048576,0,0,0,0,5210892,471828,120216,96096,633800,96096,537704,25552,43068,0,0,0,65946124,8399828,34359738367,520540,0,52800,0,1116160,0,0,0,0,0,0,0,0,2048,0,376080,15255552,120586240
1744062163.001841,600038,21131154,0,131892248,123862720,124005156,0,1055912,0,230020,4987720,128856,4153528,101164,834192,1048576,1048576,0,0,0,0,5210892,471828,120216,96096,633800,96096,537704,25552,43068,0,0,0,65946124,8399828,34359738367,520540,0,52800,0,1116160,0,0,0,0,0,0,0,0,2048,0,376080,15255552,120586240
1744062164.001935,600038,21131154,0,131892248,123862720,124005156,0,1055912,0,230020,4987720,128856,4153528,101164,834192,1048576,1048576,0,0,0,0,5210892,471828,120216,96096,633800,96096,537704,25552,43068,0,0,0,65946124,8399828,34359738367,520540,0,52800,0,1116160,0,0,0,0,0,0,0,0,2048,0,376080,15255552,120586240
1744062165.001449,600038,21131154,0,131892248,123862712,124005148,0,1055912,0,230020,4987720,128856,4153528,101164,834192,1048576,1048576,0,0,0,0,5210892,471828,120216,96096,633808,96096,537712,25552,43068,0,0,0,65946124,8399828,34359738367,520540,0,52800,0,1116160,0,0,0,0,0,0,0,0,2048,0,376080,15255552,120586240
1744062166.001528,600038,21131154,0,131892248,123862712,124005148,0,1055912,0,230020,4987720,128856,4153528,101164,834192,1048576,1048576,0,0,0,0,5210892,471828,120216,96096,633808,96096,537712,25552,43068,0,0,0,65946124,8399828,34359738367,520540,0,52800,0,1116160,0,0,0,0,0,0,0,0,2048,0,376080,15255552,120586240
1744062167.002040,600038,21131154,0,131892248,123862720,124005156,0,1055912,0,230020,4987720,128856,4153528,101164,834192,1048576,1048576,0,0,0,0,5210892,471828,120216,96096,633800,96096,537704,25552,43068,0,0,0,65946124,8399828,34359738367,520540,0,52800,0,1116160,0,0,0,0,0,0,0,0,2048,0,376080,15255552,120586240
1744062168.001161,600038,21131154,0,131892248,123862720,124005156,0,1055912,0,230020,4987720,128856,4153528,101164,834192,1048576,1048576,0,0,0,0,5210892,471828,120216,96096,633800,96096,537704,25552,43068,0,0,0,65946124,8399828,34359738367,520540,0,52800,0,1116160,0,0,0,0,0,0,0,0,2048,0,376080,15255552,120586240
1744062169.001774,600038,21131154,0,131892248,123862720,124005156,0,1055912,0,230020,4987720,128856,4153528,101164,834192,1048576,1048576,0,0,0,0,5210892,471828,120216,96096,633800,96096,537704,25552,43068,0,0,0,65946124,8399828,34359738367,520540,0,52800,0,1116160,0,0,0,0,0,0,0,0,2048,0,376080,15255552,120586240
1744062170.001852,600038,21131154,0,131892248,123862720,124005156,0,1055912,0,230020,4987720,128856,4153528,101164,834192,1048576,1048576,0,0,0,0,5210892,471828,120216,96096,633800,96096,537704,25552,43068,0,0,0,65946124,8399828,34359738367,520540,0,52800,0,1116160,0,0,0,0,0,0,0,0,2048,0,376080,15255552,120586240
1744062171.001333,600038,21131154,0,131892248,123862720,124005156,0,1055912,0,230020,4987720,128856,4153528,101164,834192,1048576,1048576,0,0,0,0,5210892,471828,120216,96096,633800,96096,537704,25552,43068,0,0,0,65946124,8399828,34359738367,520540,0,52800,0,1116160,0,0,0,0,0,0,0,0,2048,0,376080,15255552,120586240
1744062172.001819,600038,21131154,0,131892248,123862720,124005156,0,1055912,0,230020,4987720,128856,4153528,101164,834192,1048576,1048576,0,0,0,0,5210892,471828,120216,96096,633800,96096,537704,25552,43068,0,0,0,65946124,8399828,34359738367,520540,0,52800,0,1116160,0,0,0,0,0,0,0,0,2048,0,376080,15255552,120586240
1744062173.001900,600038,21131154,0,131892248,123862720,124005156,0,1055912,0,230020,4987720,128856,4153528,101164,834192,1048576,1048576,0,0,0,0,5210892,471828,120216,96096,633800,96096,537704,25552,43068,0,0,0,65946124,8399828,34359738367,520540,0,52800,0,1116160,0,0,0,0,0,0,0,0,2048,0,376080,15255552,120586240
1744062174.001364,600038,21131154,0,131892248,123862720,124005156,0,1055912,0,230020,4987720,128856,4153528,101164,834192,1048576,1048576,0,0,0,0,5210892,471828,120216,96096,633800,96096,537704,25552,43068,0,0,0,65946124,8399828,34359738367,520540,0,52800,0,1116160,0,0,0,0,0,0,0,0,2048,0,376080,15255552,120586240
1744062175.001793,600038,21131154,0,131892248,123862720,124005156,0,1055912,0,230020,4987720,128856,4153528,101164,834192,1048576,1048576,0,0,0,0,5210892,471828,120216,96096,633800,96096,537704,25552,43068,0,0,0,65946124,8399828,34359738367,520540,0,52800,0,1116160,0,0,0,0,0,0,0,0,2048,0,376080,15255552,120586240
1744062176.001872,600038,21131154,0,131892248,123862720,124005156,0,1055912,0,230020,4987720,128856,4153528,101164,834192,1048576,1048576,0,0,0,0,5210892,471828,120216,96096,633800,96096,537704,25552,43068,0,0,0,65946124,8399828,34359738367,520540,0,52800,0,1116160,0,0,0,0,0,0,0,0,2048,0,376080,15255552,120586240
1744062177.001292,600038,21131154,0,131892248,123862720,124005156,0,1055912,0,230020,4987720,128856,4153528,101164,834192,1048576,1048576,0,0,0,0,5210892,471828,120216,96096,633800,96096,537704,25552,43068,0,0,0,65946124,8399828,34359738367,520540,0,52800,0,1116160,0,0,0,0,0,0,0,0,2048,0,376080,15255552,120586240
1744062178.001742,600038,21131154,0,131892248,123862720,124005156,0,1055912,0,230020,4987720,128856,4153528,101164,834192,1048576,1048576,0,0,0,0,5210892,471828,120216,96096,633800,96096,537704,25552,43068,0,0,0,65946124,8399828,34359738367,520540,0,52800,0,1116160,0,0,0,0,0,0,0,0,2048,0,376080,15255552,120586240
1744062179.001814,600038,21131154,0,131892248,123862720,124005156,0,1055912,0,230020,4987720,128856,4153528,101164,834192,1048576,1048576,0,0,0,0,5210892,471828,120216,96096,633800,96096,537704,25552,43068,0,0,0,65946124,8399828,34359738367,520540,0,52800,0,1116160,0,0,0,0,0,0,0,0,2048,0,376080,15255552,120586240
1744062180.001250,600038,21131154,0,131892248,123862720,124005156,0,1055912,0,230020,4987720,128856,4153528,101164,834192,1048576,1048576,0,0,0,0,5210892,471828,120216,96096,633800,96096,537704,25552,43068,0,0,0,65946124,8399828,34359738367,520540,0,52800,0,1116160,0,0,0,0,0,0,0,0,2048,0,376080,15255552,120586240
1744062181.002243,600038,21131154,0,131892248,123862720,124005156,0,1055912,0,230020,4987720,128856,4153528,101164,834192,1048576,1048576,0,0,0,0,5210892,471828,120216,96096,633800,96096,537704,25552,43068,0,0,0,65946124,8399828,34359738367,520540,0,52800,0,1116160,0,0,0,0,0,0,0,0,2048,0,376080,15255552,120586240
1744062182.001316,600038,21131154,0,131892248,123862720,124005156,0,1055912,0,230020,4987720,128856,4153528,101164,834192,1048576,1048576,0,0,0,0,5210892,471828,120216,96096,633800,96096,537704,25552,43068,0,0,0,65946124,8399828,34359738367,520540,0,52800,0,1116160,0,0,0,0,0,0,0,0,2048,0,376080,15255552,120586240
1744062183.001804,600038,21131154,0,131892248,123862720,124005156,0,1055912,0,230020,4987720,128856,4153528,101164,834192,1048576,1048576,0,0,0,0,5210892,471828,120216,96096,633800,96096,537704,25552,43068,0,0,0,65946124,8399828,34359738367,520540,0,52800,0,1116160,0,0,0,0,0,0,0,0,2048,0,376080,15255552,120586240
1744062184.001885,600038,21131154,0,131892248,123862720,124005156,0,1055912,0,230020,4987720,128856,4153528,101164,834192,1048576,1048576,0,0,0,0,5210892,471828,120216,96096,633800,96096,537704,25552,43068,0,0,0,65946124,8399828,34359738367,520540,0,52800,0,1116160,0,0,0,0,0,0,0,0,2048,0,376080,15255552,120586240
1744062185.001409,600038,21131154,0,131892248,123862720,124005156,0,1055912,0,230020,4987720,128856,4153528,101164,834192,1048576,1048576,0,0,0,0,5210892,471828,120216,96096,633800,96096,537704,25552,43068,0,0,0,65946124,8399828,34359738367,520540,0,52800,0,1116160,0,0,0,0,0,0,0,0,2048,0,376080,15255552,120586240
1744062186.001540,600038,21131154,0,131892248,123862720,124005156,0,1055912,0,230020,4987720,128856,4153528,101164,834192,1048576,1048576,0,0,0,0,5210892,471828,120216,96096,633800,96096,537704,25552,43068,0,0,0,65946124,8399828,34359738367,520540,0,52800,0,1116160,0,0,0,0,0,0,0,0,2048,0,376080,15255552,120586240
1744062187.002103,600038,21131154,0,131892248,123862756,124005192,0,1055912,0,230020,4987720,128856,4153528,101164,834192,1048576,1048576,0,0,0,0,5210892,471828,120216,96096,633800,96096,537704,25552,43068,0,0,0,65946124,8399828,34359738367,520524,0,52800,0,1116160,0,0,0,0,0,0,0,0,2048,0,376080,15255552,120586240
1744062188.001227,600038,21131154,0,131892248,123862756,124005192,0,1055912,0,230020,4987720,128856,4153528,101164,834192,1048576,1048576,0,0,0,0,5210892,471828,120216,96096,633800,96096,537704,25536,43068,0,0,0,65946124,8399828,34359738367,520524,0,52800,0,1116160,0,0,0,0,0,0,0,0,2048,0,376080,15255552,120586240
1744062189.001805,600038,21131154,0,131892248,123862756,124005192,0,1055912,0,230020,4987720,128856,4153528,101164,834192,1048576,1048576,0,0,0,0,5210892,471828,120216,96096,633800,96096,537704,25536,43068,0,0,0,65946124,8399828,34359738367,520524,0,52800,0,1116160,0,0,0,0,0,0,0,0,2048,0,376080,15255552,120586240
1744062190.001910,600038,21131154,0,131892248,123862756,124005192,0,1055912,0,230020,4987720,128856,4153528,101164,834192,1048576,1048576,0,0,0,0,5210892,471828,120216,96096,633800,96096,537704,25536,43068,0,0,0,65946124,8399828,34359738367,520524,0,52800,0,1116160,0,0,0,0,0,0,0,0,2048,0,376080,15255552,120586240
1744062191.001230,600038,21131154,0,131892248,123862756,124005192,0,1055912,0,230020,4987720,128856,4153528,101164,834192,1048576,1048576,0,0,0,0,5210892,471828,120216,96096,633800,96096,537704,25536,43068,0,0,0,65946124,8399828,34359738367,520524,0,52800,0,1116160,0,0,0,0,0,0,0,0,2048,0,376080,15255552,120586240
1744062192.001632,600038,21131154,0,131892248,123862756,124005192,0,1055912,0,230020,4987720,128856,4153528,101164,834192,1048576,1048576,0,0,0,0,5210892,471828,120216,96096,633800,96096,537704,25536,43068,0,0,0,65946124,8399828,34359738367,520524,0,52800,0,1116160,0,0,0,0,0,0,0,0,2048,0,376080,15255552,120586240
1744062193.001722,600038,21131154,0,131892248,123862756,124005192,0,1055912,0,230020,4987720,128856,4153528,101164,834192,1048576,1048576,0,0,0,0,5210892,471828,120216,96096,633800,96096,537704,25536,43068,0,0,0,65946124,8399828,34359738367,520524,0,52800,0,1116160,0,0,0,0,0,0,0,0,2048,0,376080,15255552,120586240
1744062194.002098,600038,21131154,0,131892248,123862756,124005192,0,1055912,0,230020,4987720,128856,4153528,101164,834192,1048576,1048576,0,0,0,0,5210892,471828,120216,96096,633800,96096,537704,25536,43068,0,0,0,65946124,8399828,34359738367,520524,0,52800,0,1116160,0,0,0,0,0,0,0,0,2048,0,376080,15255552,120586240
1744062195.001586,600038,21131154,0,131892248,123862756,124005192,0,1055912,0,230020,4987720,128856,4153528,101164,834192,1048576,1048576,0,0,0,0,5210892,471828,120216,96096,633800,96096,537704,25536,43068,0,0,0,65946124,8399828,34359738367,520524,0,52800,0,1116160,0,0,0,0,0,0,0,0,2048,0,376080,15255552,120586240
1744062196.001712,600038,21131154,0,131892248,123862756,124005192,0,1055912,0,230020,4987720,128856,4153528,101164,834192,1048576,1048576,0,0,0,0,5210892,471828,120216,96096,633800,96096,537704,25536,43068,0,0,0,65946124,8399828,34359738367,520524,0,52800,0,1116160,0,0,0,0,0,0,0,0,2048,0,376080,15255552,120586240
1744062197.002136,600038,21131154,0,131892248,123862756,124005192,0,1055912,0,230020,4987720,128856,4153528,101164,834192,1048576,1048576,0,0,0,0,5210892,471828,120216,96096,633800,96096,537704,25536,43068,0,0,0,65946124,8399828,34359738367,520524,0,52800,0,1116160,0,0,0,0,0,0,0,0,2048,0,376080,15255552,120586240
1744062198.001599,600038,21131154,0,131892248,123862756,124005192,0,1055912,0,230020,4987720,128856,4153528,101164,834192,1048576,1048576,0,0,0,0,5210892,471828,120216,96096,633800,96096,537704,25536,43068,0,0,0,65946124,8399828,34359738367,520524,0,52800,0,1116160,0,0,0,0,0,0,0,0,2048,0,376080,15255552,120586240
1744062199.001663,600038,21131154,0,131892248,123862756,124005192,0,1055912,0,230020,4987720,128856,4153528,101164,834192,1048576,1048576,0,0,0,0,5210892,471828,120216,96096,633800,96096,537704,25536,43068,0,0,0,65946124,8399828,34359738367,520524,0,52800,0,1116160,0,0,0,0,0,0,0,0,2048,0,376080,15255552,120586240
1744062200.002049,600038,21131154,0,131892248,123862756,124005192,0,1055912,0,230020,4987720,128856,4153528,101164,834192,1048576,1048576,0,0,0,0,5210892,471828,120216,96096,633800,96096,537704,25536,43068,0,0,0,65946124,8399828,34359738367,520524,0,52800,0,1116160,0,0,0,0,0,0,0,0,2048,0,376080,15255552,120586240
1744062201.002114,600038,21131154,0,131892248,123862756,124005192,0,1055912,0,230020,4987720,128856,4153528,101164,834192,1048576,1048576,0,0,0,0,5210892,471828,120216,96096,633800,96096,537704,25536,43068,0,0,0,65946124,8399828,34359738367,520524,0,52800,0,1116160,0,0,0,0,0,0,0,0,2048,0,376080,15255552,120586240
1744062202.001238,600038,21131154,0,131892248,123862756,124005192,0,1055912,0,230020,4987720,128856,4153528,101164,834192,1048576,1048576,0,0,0,0,5210892,471828,120216,96096,633800,96096,537704,25536,43068,0,0,0,65946124,8399828,34359738367,520524,0,52800,0,1116160,0,0,0,0,0,0,0,0,2048,0,376080,15255552,120586240
1744062203.001839,600038,21131154,0,131892248,123862756,124005192,0,1055912,0,230020,4987720,128856,4153528,101164,834192,1048576,1048576,0,0,0,0,5210892,471828,120216,96096,633800,96096,537704,25536,43068,0,0,0,65946124,8399828,34359738367,520524,0,52800,0,1116160,0,0,0,0,0,0,0,0,2048,0,376080,15255552,120586240
1744062204.001933,600038,21131154,0,131892248,123862756,124005192,0,1055912,0,230020,4987720,128856,4153528,101164,834192,1048576,1048576,0,0,0,0,5210892,471828,120216,96096,633800,96096,537704,25536,43068,0,0,0,65946124,8399828,34359738367,520524,0,52800,0,1116160,0,0,0,0,0,0,0,0,2048,0,376080,15255552,120586240
1744062205.001502,600038,21131154,0,131892248,123862756,124005192,0,1055912,0,230020,4987720,128856,4153528,101164,834192,1048576,1048576,0,0,0,0,5210892,471828,120216,96096,633800,96096,537704,25536,43068,0,0,0,65946124,8399828,34359738367,520524,0,52800,0,1116160,0,0,0,0,0,0,0,0,2048,0,376080,15255552,120586240
1744062206.001626,600038,21131154,0,131892248,123862756,124005192,0,1055912,0,230020,4987720,128856,4153528,101164,834192,1048576,1048576,0,0,0,0,5210892,471828,120216,96096,633800,96096,537704,25536,43068,0,0,0,65946124,8399828,34359738367,520524,0,52800,0,1116160,0,0,0,0,0,0,0,0,2048,0,376080,15255552,120586240
1744062207.002181,600038,21131154,0,131892248,123862756,124005192,0,1055912,0,230020,4987720,128856,4153528,101164,834192,1048576,1048576,0,0,0,0,5210892,471828,120216,96096,633800,96096,537704,25536,43068,0,0,0,65946124,8399828,34359738367,520524,0,52800,0,1116160,0,0,0,0,0,0,0,0,2048,0,376080,15255552,120586240
1744062208.001300,600038,21131154,0,131892248,123862756,124005192,0,1055912,0,230020,4987720,128856,4153528,101164,834192,1048576,1048576,0,0,0,0,5210892,471828,120216,96096,633800,96096,537704,25536,43068,0,0,0,65946124,8399828,34359738367,520524,0,52800,0,1116160,0,0,0,0,0,0,0,0,2048,0,376080,15255552,120586240
1744062209.001845,600038,21131154,0,131892248,123862756,124005192,0,1055912,0,230020,4987720,128856,4153528,101164,834192,1048576,1048576,0,0,0,0,5210892,471828,120216,96096,633800,96096,537704,25536,43068,0,0,0,65946124,8399828,34359738367,520524,0,52800,0,1116160,0,0,0,0,0,0,0,0,2048,0,376080,15255552,120586240
1744062210.001925,600038,21131154,0,131892248,123862756,124005192,0,1055912,0,230020,4987720,128856,4153528,101164,834192,1048576,1048576,0,0,0,0,5210892,471828,120216,96096,633800,96096,537704,25536,43068,0,0,0,65946124,8399828,34359738367,520524,0,52800,0,1116160,0,0,0,0,0,0,0,0,2048,0,376080,15255552,120586240
1744062211.001953,600038,21131154,0,131892248,123862756,124005192,0,1055912,0,230020,4987720,128856,4153528,101164,834192,1048576,1048576,0,0,0,0,5210892,471828,120216,96096,633800,96096,537704,25536,43068,0,0,0,65946124,8399828,34359738367,520524,0,52800,0,1116160,0,0,0,0,0,0,0,0,2048,0,376080,15255552,120586240
1744062212.001443,600038,21131154,0,131892248,123862756,124005192,0,1055912,0,230020,4987720,128856,4153528,101164,834192,1048576,1048576,0,0,0,0,5210892,471828,120216,96096,633800,96096,537704,25536,43068,0,0,0,65946124,8399828,34359738367,520524,0,52800,0,1116160,0,0,0,0,0,0,0,0,2048,0,376080,15255552,120586240
1744062213.001576,600038,21131154,0,131892248,123862756,124005192,0,1055912,0,230020,4987720,128856,4153528,101164,834192,1048576,1048576,0,0,0,0,5210892,471828,120216,96096,633800,96096,537704,25536,43068,0,0,0,65946124,8399828,34359738367,520524,0,52800,0,1116160,0,0,0,0,0,0,0,0,2048,0,376080,15255552,120586240
1744062214.001990,600038,21131154,0,131892248,123862756,124005192,0,1055912,0,230020,4987720,128856,4153528,101164,834192,1048576,1048576,0,0,0,0,5210892,471828,120216,96096,633800,96096,537704,25536,43068,0,0,0,65946124,8399828,34359738367,520524,0,52800,0,1116160,0,0,0,0,0,0,0,0,2048,0,376080,15255552,120586240
1744062215.001390,600038,21131154,0,131892248,123862756,124005192,0,1055912,0,230020,4987720,128856,4153528,101164,834192,1048576,1048576,0,0,0,0,5210892,471828,120216,96096,633800,96096,537704,25536,43068,0,0,0,65946124,8399828,34359738367,520524,0,52800,0,1116160,0,0,0,0,0,0,0,0,2048,0,376080,15255552,120586240
1744062216.001508,600038,21131154,0,131892248,123862756,124005192,0,1055912,0,230020,4987720,128856,4153528,101164,834192,1048576,1048576,0,0,0,0,5210892,471828,120216,96096,633800,96096,537704,25536,43068,0,0,0,65946124,8399828,34359738367,520524,0,52800,0,1116160,0,0,0,0,0,0,0,0,2048,0,376080,15255552,120586240
1744062217.001969,600038,21131154,0,131892248,123862756,124005192,0,1055912,0,230020,4987720,128856,4153528,101164,834192,1048576,1048576,0,0,0,0,5210892,471828,120216,96096,633800,96096,537704,25536,43068,0,0,0,65946124,8399828,34359738367,520524,0,52800,0,1116160,0,0,0,0,0,0,0,0,2048,0,376080,15255552,120586240
1744062218.001525,600038,21131154,0,131892248,123862756,124005192,0,1055912,0,230020,4987720,128856,4153528,101164,834192,1048576,1048576,0,0,0,0,5210892,471828,120216,96096,633800,96096,537704,25536,43068,0,0,0,65946124,8399828,34359738367,520524,0,52800,0,1116160,0,0,0,0,0,0,0,0,2048,0,376080,15255552,120586240
1744062219.001638,600038,21131154,0,131892248,123862756,124005192,0,1055912,0,230020,4987720,128856,4153528,101164,834192,1048576,1048576,0,0,0,0,5210892,471828,120216,96096,633800,96096,537704,25536,43068,0,0,0,65946124,8399828,34359738367,520524,0,52800,0,1116160,0,0,0,0,0,0,0,0,2048,0,376080,15255552,120586240
1744062220.002026,600038,21131154,0,131892248,123862756,124005192,0,1055912,0,230020,4987720,128856,4153528,101164,834192,1048576,1048576,0,0,0,0,5210892,471828,120216,96096,633800,96096,537704,25536,43068,0,0,0,65946124,8399828,34359738367,520524,0,52800,0,1116160,0,0,0,0,0,0,0,0,2048,0,376080,15255552,120586240
1744062221.002040,600038,21131154,0,131892248,123862756,124005192,0,1055912,0,230020,4987720,128856,4153528,101164,834192,1048576,1048576,0,0,0,0,5210892,471828,120216,96096,633800,96096,537704,25536,43068,0,0,0,65946124,8399828,34359738367,520524,0,52800,0,1116160,0,0,0,0,0,0,0,0,2048,0,376080,15255552,120586240
1744062222.001163,600038,21131154,0,131892248,123862756,124005192,0,1055912,0,230020,4987720,128856,4153528,101164,834192,1048576,1048576,0,0,0,0,5210892,471828,120216,96096,633800,96096,537704,25536,43068,0,0,0,65946124,8399828,34359738367,520524,0,52800,0,1116160,0,0,0,0,0,0,0,0,2048,0,376080,15255552,120586240
1744062223.001724,600038,21131154,0,131892248,123862756,124005192,0,1055912,0,230020,4987720,128856,4153528,101164,834192,1048576,1048576,0,0,0,0,5210892,471828,120216,96096,633800,96096,537704,25536,43068,0,0,0,65946124,8399828,34359738367,520524,0,52800,0,1116160,0,0,0,0,0,0,0,0,2048,0,376080,15255552,120586240
1744062224.001795,600038,21131154,0,131892248,123862756,124005192,0,1055912,0,230020,4987720,128856,4153528,101164,834192,1048576,1048576,0,0,0,0,5210892,471828,120216,96096,633800,96096,537704,25536,43068,0,0,0,65946124,8399828,34359738367,520524,0,52800,0,1116160,0,0,0,0,0,0,0,0,2048,0,376080,15255552,120586240
1744062225.001360,600038,21131154,0,131892248,123862756,124005192,0,1055912,0,230020,4987720,128856,4153528,101164,834192,1048576,1048576,0,0,0,0,5210892,471828,120216,96096,633800,96096,537704,25536,43068,0,0,0,65946124,8399828,34359738367,520524,0,52800,0,1116160,0,0,0,0,0,0,0,0,2048,0,376080,15255552,120586240
1744062226.001436,600038,21131154,0,131892248,123862756,124005192,0,1055912,0,230020,4987720,128856,4153528,101164,834192,1048576,1048576,0,0,0,0,5210892,471828,120216,96096,633800,96096,537704,25536,43068,0,0,0,65946124,8399828,34359738367,520524,0,52800,0,1116160,0,0,0,0,0,0,0,0,2048,0,376080,15255552,120586240
1744062227.001996,600038,21131154,0,131892248,123862748,124005184,0,1055912,0,230020,4987720,128856,4153528,101164,834192,1048576,1048576,0,0,0,0,5210892,471828,120216,96096,633808,96096,537712,25536,43068,0,0,0,65946124,8399828,34359738367,520524,0,52800,0,1116160,0,0,0,0,0,0,0,0,2048,0,376080,15255552,120586240
1744062228.002113,600038,21131154,0,131892248,123862748,124005184,0,1055912,0,230020,4987720,128856,4153528,101164,834192,1048576,1048576,0,0,0,0,5210892,471828,120216,96096,633808,96096,537712,25536,43068,0,0,0,65946124,8399828,34359738367,520524,0,52800,0,1116160,0,0,0,0,0,0,0,0,2048,0,376080,15255552,120586240
1744062229.001698,600038,21131154,0,131892248,123862748,124005184,0,1055912,0,230020,4987720,128856,4153528,101164,834192,1048576,1048576,0,0,0,0,5210892,471828,120216,96096,633808,96096,537712,25536,43068,0,0,0,65946124,8399828,34359738367,520524,0,52800,0,1116160,0,0,0,0,0,0,0,0,2048,0,376080,15255552,120586240
1744062230.001811,600038,21131154,0,131892248,123862748,124005184,0,1055912,0,230020,4987720,128856,4153528,101164,834192,1048576,1048576,0,0,0,0,5210892,471828,120216,96096,633808,96096,537712,25536,43068,0,0,0,65946124,8399828,34359738367,520524,0,52800,0,1116160,0,0,0,0,0,0,0,0,2048,0,376080,15255552,120586240
1744062231.001338,600038,21131154,0,131892248,123862748,124005184,0,1055912,0,230020,4987720,128856,4153528,101164,834192,1048576,1048576,0,0,0,0,5210892,471828,120216,96096,633808,96096,537712,25536,43068,0,0,0,65946124,8399828,34359738367,520524,0,52800,0,1116160,0,0,0,0,0,0,0,0,2048,0,376080,15255552,120586240
1744062232.001768,600038,21131154,0,131892248,123862748,124005184,0,1055912,0,230020,4987720,128856,4153528,101164,834192,1048576,1048576,0,0,0,0,5210892,471828,120216,96096,633808,96096,537712,25536,43068,0,0,0,65946124,8399828,34359738367,520524,0,52800,0,1116160,0,0,0,0,0,0,0,0,2048,0,376080,15255552,120586240
1744062233.001889,600038,21131154,0,131892248,123862748,124005184,0,1055912,0,230020,4987720,128856,4153528,101164,834192,1048576,1048576,0,0,0,0,5210892,471828,120216,96096,633808,96096,537712,25536,43068,0,0,0,65946124,8399828,34359738367,520524,0,52800,0,1116160,0,0,0,0,0,0,0,0,2048,0,376080,15255552,120586240
1744062234.001325,600038,21131154,0,131892248,123862748,124005184,0,1055912,0,230020,4987720,128856,4153528,101164,834192,1048576,1048576,0,0,0,0,5210892,471828,120216,96096,633808,96096,537712,25536,43068,0,0,0,65946124,8399828,34359738367,520524,0,52800,0,1116160,0,0,0,0,0,0,0,0,2048,0,376080,15255552,120586240
1744062235.001771,600038,21131154,0,131892248,123862748,124005184,0,1055912,0,230020,4987720,128856,4153528,101164,834192,1048576,1048576,0,0,0,0,5210892,471828,120216,96096,633808,96096,537712,25536,43068,0,0,0,65946124,8399828,34359738367,520524,0,52800,0,1116160,0,0,0,0,0,0,0,0,2048,0,376080,15255552,120586240
1744062236.001840,600038,21131154,0,131892248,123862748,124005184,0,1055912,0,230020,4987720,128856,4153528,101164,834192,1048576,1048576,0,0,0,0,5210892,471828,120216,96096,633808,96096,537712,25536,43068,0,0,0,65946124,8399828,34359738367,520524,0,52800,0,1116160,0,0,0,0,0,0,0,0,2048,0,376080,15255552,120586240
1744062237.001330,600038,21131154,0,131892248,123862740,124005176,0,1055912,0,230020,4987720,128856,4153528,101164,834192,1048576,1048576,0,0,0,0,5210892,471828,120216,96096,633816,96096,537720,25536,43068,0,0,0,65946124,8399828,34359738367,520524,0,52800,0,1116160,0,0,0,0,0,0,0,0,2048,0,376080,15255552,120586240
1744062238.001806,600038,21131154,0,131892248,123862740,124005176,0,1055912,0,230020,4987720,128856,4153528,101164,834192,1048576,1048576,0,0,0,0,5210892,471828,120216,96096,633816,96096,537720,25536,43068,0,0,0,65946124,8399828,34359738367,520524,0,52800,0,1116160,0,0,0,0,0,0,0,0,2048,0,376080,15255552,120586240
1744062239.001922,600038,21131154,0,131892248,123862740,124005176,0,1055912,0,230020,4987720,128856,4153528,101164,834192,1048576,1048576,0,0,0,0,5210892,471828,120216,96096,633816,96096,537720,25536,43068,0,0,0,65946124,8399828,34359738367,520524,0,52800,0,1116160,0,0,0,0,0,0,0,0,2048,0,376080,15255552,120586240
1744062240.001361,600038,21131154,0,131892248,123862740,124005176,0,1055912,0,230020,4987720,128856,4153528,101164,834192,1048576,1048576,0,0,0,0,5210892,471828,120216,96096,633816,96096,537720,25536,43068,0,0,0,65946124,8399828,34359738367,520524,0,52800,0,1116160,0,0,0,0,0,0,0,0,2048,0,376080,15255552,120586240
1744062241.002122,600038,21131154,0,131892248,123862740,124005176,0,1055912,0,230020,4987720,128856,4153528,101164,834192,1048576,1048576,0,0,0,0,5210892,471828,120216,96096,633816,96096,537720,25536,43068,0,0,0,65946124,8399828,34359738367,520524,0,52800,0,1116160,0,0,0,0,0,0,0,0,2048,0,376080,15255552,120586240
1744062242.001191,600038,21131154,0,131892248,123862740,124005176,0,1055912,0,230020,4987720,128856,4153528,101164,834192,1048576,1048576,0,0,0,0,5210892,471828,120216,96096,633816,96096,537720,25536,43068,0,0,0,65946124,8399828,34359738367,520524,0,52800,0,1116160,0,0,0,0,0,0,0,0,2048,0,376080,15255552,120586240
1744062243.001720,600038,21131154,0,131892248,123862740,124005176,0,1055912,0,230020,4987720,128856,4153528,101164,834192,1048576,1048576,0,0,0,0,5210892,471828,120216,96096,633816,96096,537720,25536,43068,0,0,0,65946124,8399828,34359738367,520524,0,52800,0,1116160,0,0,0,0,0,0,0,0,2048,0,376080,15255552,120586240
1744062244.001805,600038,21131154,0,131892248,123862740,124005176,0,1055912,0,230020,4987720,128856,4153528,101164,834192,1048576,1048576,0,0,0,0,5210892,471828,120216,96096,633816,96096,537720,25536,43068,0,0,0,65946124,8399828,34359738367,520524,0,52800,0,1116160,0,0,0,0,0,0,0,0,2048,0,376080,15255552,120586240
1744062245.001327,600038,21131154,0,131892248,123862740,124005176,0,1055912,0,230020,4987720,128856,4153528,101164,834192,1048576,1048576,0,0,0,0,5210892,471828,120216,96096,633816,96096,537720,25536,43068,0,0,0,65946124,8399828,34359738367,520524,0,52800,0,1116160,0,0,0,0,0,0,0,0,2048,0,376080,15255552,120586240
1744062246.001461,600038,21131154,0,131892248,123862804,124005240,0,1055912,0,230020,4987720,128856,4153528,101164,834192,1048576,1048576,0,0,0,0,5210892,471828,120216,96096,633816,96096,537720,25504,43068,0,0,0,65946124,8399828,34359738367,520508,0,52800,0,1116160,0,0,0,0,0,0,0,0,2048,0,376080,15255552,120586240
1744062247.002070,600038,21131154,0,131892248,123862860,124005296,0,1055912,0,230020,4987720,128856,4153528,101164,834192,1048576,1048576,0,0,0,0,5210892,471828,120216,96096,633816,96096,537720,25504,43068,0,0,0,65946124,8399828,34359738367,520508,0,52800,0,1116160,0,0,0,0,0,0,0,0,2048,0,376080,15255552,120586240
1744062248.001190,600038,21131154,0,131892248,123862860,124005296,0,1055912,0,230020,4987720,128856,4153528,101164,834192,1048576,1048576,0,0,0,0,5210892,471828,120216,96096,633816,96096,537720,25504,43068,0,0,0,65946124,8399828,34359738367,520508,0,52800,0,1116160,0,0,0,0,0,0,0,0,2048,0,376080,15255552,120586240
1744062249.001818,600038,21131154,0,131892248,123862860,124005296,0,1055912,0,230020,4987720,128856,4153528,101164,834192,1048576,1048576,0,0,0,0,5210892,471828,120216,96096,633816,96096,537720,25504,43068,0,0,0,65946124,8399828,34359738367,520508,0,52800,0,1116160,0,0,0,0,0,0,0,0,2048,0,376080,15255552,120586240
1744062250.001918,600038,21131154,0,131892248,123862860,124005296,0,1055912,0,230020,4987720,128856,4153528,101164,834192,1048576,1048576,0,0,0,0,5210892,471828,120216,96096,633816,96096,537720,25504,43068,0,0,0,65946124,8399828,34359738367,520508,0,52800,0,1116160,0,0,0,0,0,0,0,0,2048,0,376080,15255552,120586240
1744062251.001248,600038,21131154,0,131892248,123862860,124005296,0,1055912,0,230020,4987720,128856,4153528,101164,834192,1048576,1048576,0,0,0,0,5210892,471828,120216,96096,633816,96096,537720,25504,43068,0,0,0,65946124,8399828,34359738367,520508,0,52800,0,1116160,0,0,0,0,0,0,0,0,2048,0,376080,15255552,120586240
1744062252.001695,600038,21131154,0,131892248,123862860,124005296,0,1055912,0,230020,4987720,128856,4153528,101164,834192,1048576,1048576,0,0,0,0,5210892,471828,120216,96096,633816,96096,537720,25504,43068,0,0,0,65946124,8399828,34359738367,520508,0,52800,0,1116160,0,0,0,0,0,0,0,0,2048,0,376080,15255552,120586240
1744062253.001796,600038,21131154,0,131892248,123862860,124005296,0,1055912,0,230020,4987720,128856,4153528,101164,834192,1048576,1048576,0,0,0,0,5210892,471828,120216,96096,633816,96096,537720,25504,43068,0,0,0,65946124,8399828,34359738367,520508,0,52800,0,1116160,0,0,0,0,0,0,0,0,2048,0,376080,15255552,120586240
1744062254.001152,600038,21131154,0,131892248,123862860,124005296,0,1055912,0,230020,4987720,128856,4153528,101164,834192,1048576,1048576,0,0,0,0,5210892,471828,120216,96096,633816,96096,537720,25504,43068,0,0,0,65946124,8399828,34359738367,520508,0,52800,0,1116160,0,0,0,0,0,0,0,0,2048,0,376080,15255552,120586240
1744062255.001629,600038,21131154,0,131892248,123862860,124005296,0,1055912,0,230020,4987720,128856,4153528,101164,834192,1048576,1048576,0,0,0,0,5210892,471828,120216,96096,633816,96096,537720,25504,43068,0,0,0,65946124,8399828,34359738367,520508,0,52800,0,1116160,0,0,0,0,0,0,0,0,2048,0,376080,15255552,120586240
1744062256.001695,600038,21131154,0,131892248,123862860,124005296,0,1055912,0,230020,4987720,128856,4153528,101164,834192,1048576,1048576,0,0,0,0,5210892,471828,120216,96096,633816,96096,537720,25504,43068,0,0,0,65946124,8399828,34359738367,520508,0,52800,0,1116160,0,0,0,0,0,0,0,0,2048,0,376080,15255552,120586240
1744062257.002071,600038,21131154,0,131892248,123862888,124005324,0,1055912,0,230020,4987720,128856,4153528,101164,834192,1048576,1048576,0,0,0,0,5210892,471828,120216,96096,633816,96096,537720,25504,43068,0,0,0,65946124,8399828,34359738367,520508,0,52800,0,1116160,0,0,0,0,0,0,0,0,2048,0,376080,15255552,120586240
1744062258.001560,600038,21131154,0,131892248,123862888,124005324,0,1055912,0,230020,4987720,128856,4153528,101164,834192,1048576,1048576,0,0,0,0,5210892,471828,120216,96096,633816,96096,537720,25504,43068,0,0,0,65946124,8399828,34359738367,520508,0,52800,0,1116160,0,0,0,0,0,0,0,0,2048,0,376080,15255552,120586240
1744062259.001637,600038,21131154,0,131892248,123862888,124005324,0,1055912,0,230020,4987720,128856,4153528,101164,834192,1048576,1048576,0,0,0,0,5210892,471828,120216,96096,633816,96096,537720,25504,43068,0,0,0,65946124,8399828,34359738367,520508,0,52800,0,1116160,0,0,0,0,0,0,0,0,2048,0,376080,15255552,120586240
1744062260.002036,600038,21131154,0,131892248,123862888,124005324,0,1055912,0,230020,4987720,128856,4153528,101164,834192,1048576,1048576,0,0,0,0,5210892,471828,120216,96096,633816,96096,537720,25504,43068,0,0,0,65946124,8399828,34359738367,520508,0,52800,0,1116160,0,0,0,0,0,0,0,0,2048,0,376080,15255552,120586240
1744062261.002025,600038,21131154,0,131892248,123862888,124005324,0,1055912,0,230020,4987720,128856,4153528,101164,834192,1048576,1048576,0,0,0,0,5210892,471828,120216,96096,633816,96096,537720,25504,43068,0,0,0,65946124,8399828,34359738367,520508,0,52800,0,1116160,0,0,0,0,0,0,0,0,2048,0,376080,15255552,120586240
1744062262.001116,600038,21131154,0,131892248,123862888,124005324,0,1055912,0,230020,4987720,128856,4153528,101164,834192,1048576,1048576,0,0,0,0,5210892,471828,120216,96096,633816,96096,537720,25504,43068,0,0,0,65946124,8399828,34359738367,520508,0,52800,0,1116160,0,0,0,0,0,0,0,0,2048,0,376080,15255552,120586240
1744062263.001707,600038,21131154,0,131892248,123862888,124005324,0,1055912,0,230020,4987720,128856,4153528,101164,834192,1048576,1048576,0,0,0,0,5210892,471828,120216,96096,633816,96096,537720,25504,43068,0,0,0,65946124,8399828,34359738367,520508,0,52800,0,1116160,0,0,0,0,0,0,0,0,2048,0,376080,15255552,120586240
1744062264.001780,600038,21131154,0,131892248,123862888,124005324,0,1055912,0,230020,4987720,128856,4153528,101164,834192,1048576,1048576,0,0,0,0,5210892,471828,120216,96096,633816,96096,537720,25504,43068,0,0,0,65946124,8399828,34359738367,520508,0,52800,0,1116160,0,0,0,0,0,0,0,0,2048,0,376080,15255552,120586240
1744062265.001352,600038,21131154,0,131892248,123862888,124005324,0,1055912,0,230020,4987720,128856,4153528,101164,834192,1048576,1048576,0,0,0,0,5210892,471828,120216,96096,633816,96096,537720,25504,43068,0,0,0,65946124,8399828,34359738367,520508,0,52800,0,1116160,0,0,0,0,0,0,0,0,2048,0,376080,15255552,120586240
1744062266.001429,600038,21131154,0,131892248,123862888,124005324,0,1055912,0,230020,4987720,128856,4153528,101164,834192,1048576,1048576,0,0,0,0,5210892,471828,120216,96096,633816,96096,537720,25504,43068,0,0,0,65946124,8399828,34359738367,520508,0,52800,0,1116160,0,0,0,0,0,0,0,0,2048,0,376080,15255552,120586240
1744062267.001944,600038,21131154,0,131892248,123862888,124005324,0,1055912,0,230020,4987720,128856,4153528,101164,834192,1048576,1048576,0,0,0,0,5210892,471828,120216,96096,633816,96096,537720,25504,43068,0,0,0,65946124,8399828,34359738367,520508,0,52800,0,1116160,0,0,0,0,0,0,0,0,2048,0,376080,15255552,120586240
1744062268.002015,600038,21131154,0,131892248,123862888,124005324,0,1055912,0,230020,4987720,128856,4153528,101164,834192,1048576,1048576,0,0,0,0,5210892,471828,120216,96096,633816,96096,537720,25504,43068,0,0,0,65946124,8399828,34359738367,520508,0,52800,0,1116160,0,0,0,0,0,0,0,0,2048,0,376080,15255552,120586240
1744062269.001543,600038,21131154,0,131892248,123862888,124005324,0,1055912,0,230020,4987720,128856,4153528,101164,834192,1048576,1048576,0,0,0,0,5210892,471828,120216,96096,633816,96096,537720,25504,43068,0,0,0,65946124,8399828,34359738367,520508,0,52800,0,1116160,0,0,0,0,0,0,0,0,2048,0,376080,15255552,120586240
1744062270.001612,600038,21131154,0,131892248,123862888,124005324,0,1055912,0,230020,4987720,128856,4153528,101164,834192,1048576,1048576,0,0,0,0,5210892,471828,120216,96096,633816,96096,537720,25504,43068,0,0,0,65946124,8399828,34359738367,520508,0,52800,0,1116160,0,0,0,0,0,0,0,0,2048,0,376080,15255552,120586240
1744062271.001277,600038,21131154,0,131892248,123862888,124005324,0,1055912,0,230020,4987720,128856,4153528,101164,834192,1048576,1048576,0,0,0,0,5210892,471828,120216,96096,633816,96096,537720,25504,43068,0,0,0,65946124,8399828,34359738367,520508,0,52800,0,1116160,0,0,0,0,0,0,0,0,2048,0,376080,15255552,120586240
1744062272.001805,600038,21131154,0,131892248,123862888,124005324,0,1055912,0,230020,4987720,128856,4153528,101164,834192,1048576,1048576,0,0,0,0,5210892,471828,120216,96096,633816,96096,537720,25504,43068,0,0,0,65946124,8399828,34359738367,520508,0,52800,0,1116160,0,0,0,0,0,0,0,0,2048,0,376080,15255552,120586240
1744062273.001892,600038,21131154,0,131892248,123862888,124005324,0,1055912,0,230020,4987720,128856,4153528,101164,834192,1048576,1048576,0,0,0,0,5210892,471828,120216,96096,633816,96096,537720,25504,43068,0,0,0,65946124,8399828,34359738367,520508,0,52800,0,1116160,0,0,0,0,0,0,0,0,2048,0,376080,15255552,120586240
1744062274.001276,600038,21131154,0,131892248,123862888,124005324,0,1055912,0,230020,4987720,128856,4153528,101164,834192,1048576,1048576,0,0,0,0,5210892,471828,120216,96096,633816,96096,537720,25504,43068,0,0,0,65946124,8399828,34359738367,520508,0,52800,0,1116160,0,0,0,0,0,0,0,0,2048,0,376080,15255552,120586240
1744062275.001785,600038,21131154,0,131892248,123862888,124005324,0,1055912,0,230020,4987720,128856,4153528,101164,834192,1048576,1048576,0,0,0,0,5210892,471828,120216,96096,633816,96096,537720,25504,43068,0,0,0,65946124,8399828,34359738367,520508,0,52800,0,1116160,0,0,0,0,0,0,0,0,2048,0,376080,15255552,120586240
1744062276.001908,600038,21131154,0,131892248,123862888,124005324,0,1055912,0,230020,4987720,128856,4153528,101164,834192,1048576,1048576,0,0,0,0,5210892,471828,120216,96096,633816,96096,537720,25504,43068,0,0,0,65946124,8399828,34359738367,520508,0,52800,0,1116160,0,0,0,0,0,0,0,0,2048,0,376080,15255552,120586240
1744062277.001271,600038,21131154,0,131892248,123862888,124005324,0,1055912,0,230020,4987720,128856,4153528,101164,834192,1048576,1048576,0,0,0,0,5210892,471828,120216,96096,633816,96096,537720,25504,43068,0,0,0,65946124,8399828,34359738367,520508,0,52800,0,1116160,0,0,0,0,0,0,0,0,2048,0,376080,15255552,120586240
1744062278.001693,600038,21131154,0,131892248,123862888,124005324,0,1055912,0,230020,4987720,128856,4153528,101164,834192,1048576,1048576,0,0,0,0,5210892,471828,120216,96096,633816,96096,537720,25504,43068,0,0,0,65946124,8399828,34359738367,520508,0,52800,0,1116160,0,0,0,0,0,0,0,0,2048,0,376080,15255552,120586240
1744062279.001765,600038,21131154,0,131892248,123862888,124005324,0,1055912,0,230020,4987720,128856,4153528,101164,834192,1048576,1048576,0,0,0,0,5210892,471828,120216,96096,633816,96096,537720,25504,43068,0,0,0,65946124,8399828,34359738367,520508,0,52800,0,1116160,0,0,0,0,0,0,0,0,2048,0,376080,15255552,120586240
1744062280.001249,600038,21131154,0,131892248,123862888,124005324,0,1055912,0,230020,4987720,128856,4153528,101164,834192,1048576,1048576,0,0,0,0,5210892,471828,120216,96096,633816,96096,537720,25504,43068,0,0,0,65946124,8399828,34359738367,520508,0,52800,0,1116160,0,0,0,0,0,0,0,0,2048,0,376080,15255552,120586240
1744062281.002132,600038,21131154,0,131892248,123862888,124005324,0,1055912,0,230020,4987720,128856,4153528,101164,834192,1048576,1048576,0,0,0,0,5210892,471828,120216,96096,633816,96096,537720,25520,43068,0,0,0,65946124,8399828,34359738367,520508,0,52800,0,1116160,0,0,0,0,0,0,0,0,2048,0,376080,15255552,120586240
1744062282.001220,600038,21131154,0,131892248,123862888,124005324,0,1055912,0,230020,4987720,128856,4153528,101164,834192,1048576,1048576,0,0,0,0,5210892,471828,120216,96096,633816,96096,537720,25520,43068,0,0,0,65946124,8399828,34359738367,520508,0,52800,0,1116160,0,0,0,0,0,0,0,0,2048,0,376080,15255552,120586240
1744062283.001737,600038,21131154,0,131892248,123862888,124005324,0,1055912,0,230020,4987720,128856,4153528,101164,834192,1048576,1048576,0,0,0,0,5210892,471828,120216,96096,633816,96096,537720,25520,43068,0,0,0,65946124,8399828,34359738367,520508,0,52800,0,1116160,0,0,0,0,0,0,0,0,2048,0,376080,15255552,120586240
1744062284.001809,600038,21131154,0,131892248,123862888,124005324,0,1055912,0,230020,4987720,128856,4153528,101164,834192,1048576,1048576,0,0,0,0,5210892,471828,120216,96096,633816,96096,537720,25520,43068,0,0,0,65946124,8399828,34359738367,520508,0,52800,0,1116160,0,0,0,0,0,0,0,0,2048,0,376080,15255552,120586240
1744062285.001323,600038,21131154,0,131892248,123862888,124005324,0,1055912,0,230020,4987720,128856,4153528,101164,834192,1048576,1048576,0,0,0,0,5210892,471828,120216,96096,633816,96096,537720,25520,43068,0,0,0,65946124,8399828,34359738367,520508,0,52800,0,1116160,0,0,0,0,0,0,0,0,2048,0,376080,15255552,120586240
1744062286.001446,600038,21131154,0,131892248,123862888,124005324,0,1055912,0,230020,4987720,128856,4153528,101164,834192,1048576,1048576,0,0,0,0,5210892,471828,120216,96096,633816,96096,537720,25520,43068,0,0,0,65946124,8399828,34359738367,520508,0,52800,0,1116160,0,0,0,0,0,0,0,0,2048,0,376080,15255552,120586240
1744062287.002024,600038,21131154,0,131892248,123862888,124005324,0,1055912,0,230020,4987720,128856,4153528,101164,834192,1048576,1048576,0,0,0,0,5210892,471828,120216,96096,633816,96096,537720,25520,43068,0,0,0,65946124,8399828,34359738367,520508,0,52800,0,1116160,0,0,0,0,0,0,0,0,2048,0,376080,15255552,120586240
1744062288.001143,600038,21131154,0,131892248,123862888,124005324,0,1055912,0,230020,4987720,128856,4153528,101164,834192,1048576,1048576,0,0,0,0,5210892,471828,120216,96096,633816,96096,537720,25520,43068,0,0,0,65946124,8399828,34359738367,520508,0,52800,0,1116160,0,0,0,0,0,0,0,0,2048,0,376080,15255552,120586240
1744062289.001661,600038,21131154,0,131892248,123862888,124005324,0,1055912,0,230020,4987720,128856,4153528,101164,834192,1048576,1048576,0,0,0,0,5210892,471828,120216,96096,633816,96096,537720,25520,43068,0,0,0,65946124,8399828,34359738367,520508,0,52800,0,1116160,0,0,0,0,0,0,0,0,2048,0,376080,15255552,120586240
1744062290.001757,600038,21131154,0,131892248,123862856,124005292,0,1055912,0,230020,4987720,128856,4153528,101164,834192,1048576,1048576,0,0,0,0,5210892,471828,120216,96096,633848,96096,537752,25520,43068,0,0,0,65946124,8399828,34359738367,520508,0,52800,0,1116160,0,0,0,0,0,0,0,0,2048,0,376080,15255552,120586240
1744062291.001239,600038,21131154,0,131892248,123862856,124005292,0,1055912,0,230020,4987720,128856,4153528,101164,834192,1048576,1048576,0,0,0,0,5210892,471828,120216,96096,633848,96096,537752,25520,43068,0,0,0,65946124,8399828,34359738367,520508,0,52800,0,1116160,0,0,0,0,0,0,0,0,2048,0,376080,15255552,120586240
1744062292.001724,600038,21131154,0,131892248,123862856,124005292,0,1055912,0,230020,4987720,128856,4153528,101164,834192,1048576,1048576,0,0,0,0,5210892,471828,120216,96096,633848,96096,537752,25520,43068,0,0,0,65946124,8399828,34359738367,520508,0,52800,0,1116160,0,0,0,0,0,0,0,0,2048,0,376080,15255552,120586240
1744062293.001843,600038,21131154,0,131892248,123862856,124005292,0,1055912,0,230020,4987720,128856,4153528,101164,834192,1048576,1048576,0,0,0,0,5210892,471828,120216,96096,633848,96096,537752,25520,43068,0,0,0,65946124,8399828,34359738367,520508,0,52800,0,1116160,0,0,0,0,0,0,0,0,2048,0,376080,15255552,120586240
1744062294.001330,600038,21131154,0,131892248,123862848,124005284,0,1055912,0,230020,4987720,128856,4153528,101164,834192,1048576,1048576,0,0,0,0,5210892,471828,120216,96096,633856,96096,537760,25520,43068,0,0,0,65946124,8399828,34359738367,520508,0,52800,0,1116160,0,0,0,0,0,0,0,0,2048,0,376080,15255552,120586240
1744062295.001830,600038,21131154,0,131892248,123862840,124005276,0,1055912,0,230020,4987720,128856,4153528,101164,834192,1048576,1048576,0,0,0,0,5210892,471828,120216,96096,633864,96096,537768,25520,43068,0,0,0,65946124,8399828,34359738367,520508,0,52800,0,1116160,0,0,0,0,0,0,0,0,2048,0,376080,15255552,120586240
1744062296.001918,600038,21131154,0,131892248,123862840,124005276,0,1055912,0,230020,4987720,128856,4153528,101164,834192,1048576,1048576,0,0,0,0,5210892,471828,120216,96096,633864,96096,537768,25520,43068,0,0,0,65946124,8399828,34359738367,520508,0,52800,0,1116160,0,0,0,0,0,0,0,0,2048,0,376080,15255552,120586240
1744062297.001346,600038,21131154,0,131892248,123862840,124005276,0,1055912,0,230020,4987720,128856,4153528,101164,834192,1048576,1048576,0,0,0,0,5210892,471828,120216,96096,633864,96096,537768,25520,43068,0,0,0,65946124,8399828,34359738367,520508,0,52800,0,1116160,0,0,0,0,0,0,0,0,2048,0,376080,15255552,120586240
1744062298.001796,600038,21131154,0,131892248,123862840,124005276,0,1055912,0,230020,4987720,128856,4153528,101164,834192,1048576,1048576,0,0,0,0,5210892,471828,120216,96096,633864,96096,537768,25520,43068,0,0,0,65946124,8399828,34359738367,520508,0,52800,0,1116160,0,0,0,0,0,0,0,0,2048,0,376080,15255552,120586240
1744062299.001876,600038,21131154,0,131892248,123862840,124005276,0,1055912,0,230020,4987720,128856,4153528,101164,834192,1048576,1048576,0,0,0,0,5210892,471828,120216,96096,633864,96096,537768,25520,43068,0,0,0,65946124,8399828,34359738367,520508,0,52800,0,1116160,0,0,0,0,0,0,0,0,2048,0,376080,15255552,120586240
1744062300.001327,600038,21131154,0,131892248,123862840,124005276,0,1055912,0,230020,4987720,128856,4153528,101164,834192,1048576,1048576,0,0,0,0,5210892,471828,120216,96096,633864,96096,537768,25520,43068,0,0,0,65946124,8399828,34359738367,520508,0,52800,0,1116160,0,0,0,0,0,0,0,0,2048,0,376080,15255552,120586240
1744062301.002131,600038,21131154,0,131892248,123862840,124005276,0,1055912,0,230020,4987720,128856,4153528,101164,834192,1048576,1048576,0,0,0,0,5210892,471828,120216,96096,633864,96096,537768,25520,43068,0,0,0,65946124,8399828,34359738367,520508,0,52800,0,1116160,0,0,0,0,0,0,0,0,2048,0,376080,15255552,120586240
1744062302.001206,600038,21131154,0,131892248,123862840,124005276,0,1055912,0,230020,4987720,128856,4153528,101164,834192,1048576,1048576,0,0,0,0,5210892,471828,120216,96096,633864,96096,537768,25520,43068,0,0,0,65946124,8399828,34359738367,520508,0,52800,0,1116160,0,0,0,0,0,0,0,0,2048,0,376080,15255552,120586240
1744062303.001761,600038,21131154,0,131892248,123862840,124005276,0,1055912,0,230020,4987720,128856,4153528,101164,834192,1048576,1048576,0,0,0,0,5210892,471828,120216,96096,633864,96096,537768,25520,43068,0,0,0,65946124,8399828,34359738367,520508,0,52800,0,1116160,0,0,0,0,0,0,0,0,2048,0,376080,15255552,120586240
1744062304.001832,600038,21131154,0,131892248,123862840,124005276,0,1055912,0,230020,4987720,128856,4153528,101164,834192,1048576,1048576,0,0,0,0,5210892,471828,120216,96096,633864,96096,537768,25520,43068,0,0,0,65946124,8399828,34359738367,520508,0,52800,0,1116160,0,0,0,0,0,0,0,0,2048,0,376080,15255552,120586240
1744062305.001389,600038,21131154,0,131892248,123862840,124005276,0,1055912,0,230020,4987720,128856,4153528,101164,834192,1048576,1048576,0,0,0,0,5210892,471828,120216,96096,633864,96096,537768,25520,43068,0,0,0,65946124,8399828,34359738367,520508,0,52800,0,1116160,0,0,0,0,0,0,0,0,2048,0,376080,15255552,120586240
1744062306.001468,600038,21131154,0,131892248,123862840,124005276,0,1055912,0,230020,4987720,128856,4153528,101164,834192,1048576,1048576,0,0,0,0,5210892,471828,120216,96096,633864,96096,537768,25520,43068,0,0,0,65946124,8399828,34359738367,520508,0,52800,0,1116160,0,0,0,0,0,0,0,0,2048,0,376080,15255552,120586240
1744062307.002013,600038,21131154,0,131892248,123862840,124005276,0,1055912,0,230020,4987720,128856,4153528,101164,834192,1048576,1048576,0,0,0,0,5210892,471828,120216,96096,633864,96096,537768,25520,43068,0,0,0,65946124,8399828,34359738367,520508,0,52800,0,1116160,0,0,0,0,0,0,0,0,2048,0,376080,15255552,120586240
1744062308.001134,600038,21131154,0,131892248,123862868,124005304,0,1055912,0,230020,4987720,128856,4153528,101164,834192,1048576,1048576,0,0,0,0,5210892,471828,120216,96096,633864,96096,537768,25520,43068,0,0,0,65946124,8399828,34359738367,520508,0,52800,0,1116160,0,0,0,0,0,0,0,0,2048,0,376080,15255552,120586240
1744062309.001735,600038,21131154,0,131892248,123862868,124005304,0,1055912,0,230020,4987720,128856,4153528,101164,834192,1048576,1048576,0,0,0,0,5210892,471828,120216,96096,633864,96096,537768,25520,43068,0,0,0,65946124,8399828,34359738367,520508,0,52800,0,1116160,0,0,0,0,0,0,0,0,2048,0,376080,15255552,120586240
1744062310.001818,600038,21131154,0,131892248,123862868,124005304,0,1055912,0,230020,4987720,128856,4153528,101164,834192,1048576,1048576,0,0,0,0,5210892,471828,120216,96096,633864,96096,537768,25520,43068,0,0,0,65946124,8399828,34359738367,520508,0,52800,0,1116160,0,0,0,0,0,0,0,0,2048,0,376080,15255552,120586240
1744062311.001303,600038,21131154,0,131892248,123862868,124005304,0,1055912,0,230020,4987720,128856,4153528,101164,834192,1048576,1048576,0,0,0,0,5210892,471828,120216,96096,633864,96096,537768,25520,43068,0,0,0,65946124,8399828,34359738367,520508,0,52800,0,1116160,0,0,0,0,0,0,0,0,2048,0,376080,15255552,120586240
1744062312.001811,600038,21131154,0,131892248,123862868,124005304,0,1055912,0,230020,4987720,128856,4153528,101164,834192,1048576,1048576,0,0,0,0,5210892,471828,120216,96096,633864,96096,537768,25520,43068,0,0,0,65946124,8399828,34359738367,520508,0,52800,0,1116160,0,0,0,0,0,0,0,0,2048,0,376080,15255552,120586240
1744062313.001906,600038,21131154,0,131892248,123862876,124005312,0,1055912,0,230020,4987720,128856,4153528,101164,834192,1048576,1048576,0,0,0,0,5210892,471828,120216,96096,633864,96096,537768,25520,43068,0,0,0,65946124,8399828,34359738367,520508,0,52800,0,1116160,0,0,0,0,0,0,0,0,2048,0,376080,15255552,120586240
1744062314.001339,600038,21131154,0,131892248,123862876,124005312,0,1055912,0,230020,4987720,128856,4153528,101164,834192,1048576,1048576,0,0,0,0,5210892,471828,120216,96096,633864,96096,537768,25520,43068,0,0,0,65946124,8399828,34359738367,520508,0,52800,0,1116160,0,0,0,0,0,0,0,0,2048,0,376080,15255552,120586240
1744062315.001748,600038,21131154,0,131892248,123862876,124005312,0,1055912,0,230020,4987720,128856,4153528,101164,834192,1048576,1048576,0,0,0,0,5210892,471828,120216,96096,633864,96096,537768,25520,43068,0,0,0,65946124,8399828,34359738367,520508,0,52800,0,1116160,0,0,0,0,0,0,0,0,2048,0,376080,15255552,120586240
1744062316.001821,600038,21131154,0,131892248,123862876,124005312,0,1055912,0,230020,4987720,128856,4153528,101164,834192,1048576,1048576,0,0,0,0,5210892,471828,120216,96096,633864,96096,537768,25520,43068,0,0,0,65946124,8399828,34359738367,520508,0,52800,0,1116160,0,0,0,0,0,0,0,0,2048,0,376080,15255552,120586240
1744062317.001224,600038,21131154,0,131892248,123862876,124005312,0,1055912,0,230020,4987720,128856,4153528,101164,834192,1048576,1048576,0,0,0,0,5210892,471828,120216,96096,633864,96096,537768,25520,43068,0,0,0,65946124,8399828,34359738367,520508,0,52800,0,1116160,0,0,0,0,0,0,0,0,2048,0,376080,15255552,120586240
1744062318.001654,600038,21131154,0,131892248,123862876,124005312,0,1055912,0,230020,4987720,128856,4153528,101164,834192,1048576,1048576,0,0,0,0,5210892,471828,120216,96096,633864,96096,537768,25520,43068,0,0,0,65946124,8399828,34359738367,520508,0,52800,0,1116160,0,0,0,0,0,0,0,0,2048,0,376080,15255552,120586240
1744062319.001760,600038,21131154,0,131892248,123862876,124005312,0,1055912,0,230020,4987720,128856,4153528,101164,834192,1048576,1048576,0,0,0,0,5210892,471828,120216,96096,633864,96096,537768,25520,43068,0,0,0,65946124,8399828,34359738367,520508,0,52800,0,1116160,0,0,0,0,0,0,0,0,2048,0,376080,15255552,120586240
1744062320.002201,600038,21131154,0,131892248,123862876,124005312,0,1055912,0,230020,4987720,128856,4153528,101164,834192,1048576,1048576,0,0,0,0,5210892,471828,120216,96096,633864,96096,537768,25520,43068,0,0,0,65946124,8399828,34359738367,520508,0,52800,0,1116160,0,0,0,0,0,0,0,0,2048,0,376080,15255552,120586240
1744062321.001970,600038,21131154,0,131892248,123862884,124005320,0,1055912,0,230020,4987720,128856,4153528,101164,834192,1048576,1048576,0,0,0,0,5210892,471828,120216,96096,633856,96096,537760,25520,43068,0,0,0,65946124,8399828,34359738367,520508,0,52800,0,1116160,0,0,0,0,0,0,0,0,2048,0,376080,15255552,120586240
1744062322.002048,600038,21131154,0,131892248,123862884,124005320,0,1055912,0,230020,4987720,128856,4153528,101164,834192,1048576,1048576,0,0,0,0,5210892,471828,120216,96096,633856,96096,537760,25520,43068,0,0,0,65946124,8399828,34359738367,520508,0,52800,0,1116160,0,0,0,0,0,0,0,0,2048,0,376080,15255552,120586240
1744062323.001606,600038,21131154,0,131892248,123862884,124005320,0,1055912,0,230020,4987720,128856,4153528,101164,834192,1048576,1048576,0,0,0,0,5210892,471828,120216,96096,633856,96096,537760,25520,43068,0,0,0,65946124,8399828,34359738367,520508,0,52800,0,1116160,0,0,0,0,0,0,0,0,2048,0,376080,15255552,120586240
1744062324.001695,600038,21131154,0,131892248,123862884,124005320,0,1055912,0,230020,4987720,128856,4153528,101164,834192,1048576,1048576,0,0,0,0,5210892,471828,120216,96096,633856,96096,537760,25520,43068,0,0,0,65946124,8399828,34359738367,520508,0,52800,0,1116160,0,0,0,0,0,0,0,0,2048,0,376080,15255552,120586240
1744062325.002238,600038,21131154,0,131892248,123862884,124005320,0,1055912,0,230020,4987720,128856,4153528,101164,834192,1048576,1048576,0,0,0,0,5210892,471828,120216,96096,633856,96096,537760,25520,43068,0,0,0,65946124,8399828,34359738367,520508,0,52800,0,1116160,0,0,0,0,0,0,0,0,2048,0,376080,15255552,120586240
1744062326.001379,600038,21131154,0,131892248,123862884,124005320,0,1055912,0,230020,4987720,128856,4153528,101164,834192,1048576,1048576,0,0,0,0,5210892,471828,120216,96096,633852,96096,537756,25520,43068,0,0,0,65946124,8399828,34359738367,520508,0,52800,0,1116160,0,0,0,0,0,0,0,0,2048,0,376080,15255552,120586240
1744062327.001932,600038,21131154,0,131892248,123862912,124005348,0,1055912,0,230020,4987720,128856,4153528,101164,834192,1048576,1048576,0,0,0,0,5210892,471828,120216,96096,633852,96096,537756,25520,43068,0,0,0,65946124,8399828,34359738367,520508,0,52800,0,1116160,0,0,0,0,0,0,0,0,2048,0,376080,15255552,120586240
1744062328.002008,600038,21131154,0,131892248,123862912,124005348,0,1055912,0,230020,4987720,128856,4153528,101164,834192,1048576,1048576,0,0,0,0,5210892,471828,120216,96096,633852,96096,537756,25520,43068,0,0,0,65946124,8399828,34359738367,520508,0,52800,0,1116160,0,0,0,0,0,0,0,0,2048,0,376080,15255552,120586240
1744062329.001530,600038,21131154,0,131892248,123862912,124005348,0,1055912,0,230020,4987720,128856,4153528,101164,834192,1048576,1048576,0,0,0,0,5210892,471828,120216,96096,633852,96096,537756,25520,43068,0,0,0,65946124,8399828,34359738367,520508,0,52800,0,1116160,0,0,0,0,0,0,0,0,2048,0,376080,15255552,120586240
1744062330.001655,600038,21131154,0,131892248,123862912,124005348,0,1055912,0,230020,4987720,128856,4153528,101164,834192,1048576,1048576,0,0,0,0,5210892,471828,120216,96096,633852,96096,537756,25520,43068,0,0,0,65946124,8399828,34359738367,520508,0,52800,0,1116160,0,0,0,0,0,0,0,0,2048,0,376080,15255552,120586240
1744062331.001235,600038,21131154,0,131892248,123862912,124005348,0,1055912,0,230020,4987720,128856,4153528,101164,834192,1048576,1048576,0,0,0,0,5210892,471828,120216,96096,633852,96096,537756,25520,43068,0,0,0,65946124,8399828,34359738367,520508,0,52800,0,1116160,0,0,0,0,0,0,0,0,2048,0,376080,15255552,120586240
1744062332.001665,600038,21131154,0,131892248,123862912,124005348,0,1055912,0,230020,4987720,128856,4153528,101164,834192,1048576,1048576,0,0,0,0,5210892,471828,120216,96096,633852,96096,537756,25520,43068,0,0,0,65946124,8399828,34359738367,520508,0,52800,0,1116160,0,0,0,0,0,0,0,0,2048,0,376080,15255552,120586240
1744062333.001738,600038,21131154,0,131892248,123862912,124005348,0,1055912,0,230020,4987720,128856,4153528,101164,834192,1048576,1048576,0,0,0,0,5210892,471828,120216,96096,633852,96096,537756,25520,43068,0,0,0,65946124,8399828,34359738367,520508,0,52800,0,1116160,0,0,0,0,0,0,0,0,2048,0,376080,15255552,120586240
1744062334.002156,600038,21131154,0,131892248,123862912,124005348,0,1055912,0,230020,4987720,128856,4153528,101164,834192,1048576,1048576,0,0,0,0,5210892,471828,120216,96096,633852,96096,537756,25520,43068,0,0,0,65946124,8399828,34359738367,520508,0,52800,0,1116160,0,0,0,0,0,0,0,0,2048,0,376080,15255552,120586240
1744062335.001598,600038,21131154,0,131892248,123862912,124005348,0,1055912,0,230020,4987720,128856,4153528,101164,834192,1048576,1048576,0,0,0,0,5210892,471828,120216,96096,633852,96096,537756,25520,43068,0,0,0,65946124,8399828,34359738367,520508,0,52800,0,1116160,0,0,0,0,0,0,0,0,2048,0,376080,15255552,120586240
1744062336.001674,600038,21131154,0,131892248,123862912,124005348,0,1055912,0,230020,4987720,128856,4153528,101164,834192,1048576,1048576,0,0,0,0,5210892,471828,120216,96096,633852,96096,537756,25520,43068,0,0,0,65946124,8399828,34359738367,520508,0,52800,0,1116160,0,0,0,0,0,0,0,0,2048,0,376080,15255552,120586240
1744062337.002074,600038,21131154,0,131892248,123862912,124005348,0,1055912,0,230020,4987720,128856,4153528,101164,834192,1048576,1048576,0,0,0,0,5210892,471828,120216,96096,633852,96096,537756,25520,43068,0,0,0,65946124,8399828,34359738367,520508,0,52800,0,1116160,0,0,0,0,0,0,0,0,2048,0,376080,15255552,120586240
1744062338.001506,600038,21131154,0,131892248,123862912,124005348,0,1055912,0,230020,4987720,128856,4153528,101164,834192,1048576,1048576,0,0,0,0,5210892,471828,120216,96096,633852,96096,537756,25520,43068,0,0,0,65946124,8399828,34359738367,520508,0,52800,0,1116160,0,0,0,0,0,0,0,0,2048,0,376080,15255552,120586240
1744062339.001573,600038,21131154,0,131892248,123862912,124005348,0,1055912,0,230020,4987720,128856,4153528,101164,834192,1048576,1048576,0,0,0,0,5210892,471828,120216,96096,633852,96096,537756,25520,43068,0,0,0,65946124,8399828,34359738367,520508,0,52800,0,1116160,0,0,0,0,0,0,0,0,2048,0,376080,15255552,120586240
1744062340.002021,600038,21131154,0,131892248,123862912,124005348,0,1055912,0,230020,4987720,128856,4153528,101164,834192,1048576,1048576,0,0,0,0,5210892,471828,120216,96096,633852,96096,537756,25520,43068,0,0,0,65946124,8399828,34359738367,520508,0,52800,0,1116160,0,0,0,0,0,0,0,0,2048,0,376080,15255552,120586240
1744062341.002160,600038,21131154,0,131892248,123862912,124005348,0,1055912,0,230020,4987720,128856,4153528,101164,834192,1048576,1048576,0,0,0,0,5210892,471828,120216,96096,633852,96096,537756,25520,43068,0,0,0,65946124,8399828,34359738367,520508,0,52800,0,1116160,0,0,0,0,0,0,0,0,2048,0,376080,15255552,120586240
1744062342.001284,600038,21131154,0,131892248,123862912,124005348,0,1055912,0,230020,4987720,128856,4153528,101164,834192,1048576,1048576,0,0,0,0,5210892,471828,120216,96096,633852,96096,537756,25520,43068,0,0,0,65946124,8399828,34359738367,520508,0,52800,0,1116160,0,0,0,0,0,0,0,0,2048,0,376080,15255552,120586240
1744062343.001767,600038,21131154,0,131892248,123862920,124005356,0,1055912,0,230020,4987720,128856,4153528,101164,834192,1048576,1048576,0,0,0,0,5210892,471828,120216,96096,633852,96096,537756,25520,43068,0,0,0,65946124,8399828,34359738367,520508,0,52800,0,1116160,0,0,0,0,0,0,0,0,2048,0,376080,15255552,120586240
1744062344.001901,600038,21131154,0,131892248,123862948,124005384,0,1055912,0,230020,4987720,128856,4153528,101164,834192,1048576,1048576,0,0,0,0,5210892,471828,120216,96096,633852,96096,537756,25520,43068,0,0,0,65946124,8399828,34359738367,520508,0,52800,0,1116160,0,0,0,0,0,0,0,0,2048,0,376080,15255552,120586240
1744062345.001432,600038,21131154,0,131892248,123862948,124005384,0,1055912,0,230020,4987720,128856,4153528,101164,834192,1048576,1048576,0,0,0,0,5210892,471828,120216,96096,633852,96096,537756,25520,43068,0,0,0,65946124,8399828,34359738367,520508,0,52800,0,1116160,0,0,0,0,0,0,0,0,2048,0,376080,15255552,120586240
1744062346.001564,600038,21131154,0,131892248,123862948,124005384,0,1055912,0,230020,4987720,128856,4153528,101164,834192,1048576,1048576,0,0,0,0,5210892,471828,120216,96096,633852,96096,537756,25520,43068,0,0,0,65946124,8399828,34359738367,520508,0,52800,0,1116160,0,0,0,0,0,0,0,0,2048,0,376080,15255552,120586240
1744062347.002100,600038,21131154,0,131892248,123862948,124005384,0,1055912,0,230020,4987720,128856,4153528,101164,834192,1048576,1048576,0,0,0,0,5210892,471828,120216,96096,633852,96096,537756,25520,43068,0,0,0,65946124,8399828,34359738367,520508,0,52800,0,1116160,0,0,0,0,0,0,0,0,2048,0,376080,15255552,120586240
1744062348.001232,600038,21131154,0,131892248,123862948,124005384,0,1055912,0,230020,4987720,128856,4153528,101164,834192,1048576,1048576,0,0,0,0,5210892,471828,120216,96096,633852,96096,537756,25520,43068,0,0,0,65946124,8399828,34359738367,520508,0,52800,0,1116160,0,0,0,0,0,0,0,0,2048,0,376080,15255552,120586240
1744062349.001808,600038,21131154,0,131892248,123862948,124005384,0,1055912,0,230020,4987720,128856,4153528,101164,834192,1048576,1048576,0,0,0,0,5210892,471828,120216,96096,633852,96096,537756,25520,43068,0,0,0,65946124,8399828,34359738367,520508,0,52800,0,1116160,0,0,0,0,0,0,0,0,2048,0,376080,15255552,120586240
1744062350.001928,600038,21131154,0,131892248,123862948,124005384,0,1055912,0,230020,4987720,128856,4153528,101164,834192,1048576,1048576,0,0,0,0,5210892,471828,120216,96096,633852,96096,537756,25520,43068,0,0,0,65946124,8399828,34359738367,520508,0,52800,0,1116160,0,0,0,0,0,0,0,0,2048,0,376080,15255552,120586240
1744062351.001286,600038,21131154,0,131892248,123862948,124005384,0,1055912,0,230020,4987720,128856,4153528,101164,834192,1048576,1048576,0,0,0,0,5210892,471828,120216,96096,633852,96096,537756,25520,43068,0,0,0,65946124,8399828,34359738367,520508,0,52800,0,1116160,0,0,0,0,0,0,0,0,2048,0,376080,15255552,120586240
1744062352.001747,600038,21131154,0,131892248,123862948,124005384,0,1055912,0,230020,4987720,128856,4153528,101164,834192,1048576,1048576,0,0,0,0,5210892,471828,120216,96096,633852,96096,537756,25520,43068,0,0,0,65946124,8399828,34359738367,520508,0,52800,0,1116160,0,0,0,0,0,0,0,0,2048,0,376080,15255552,120586240
1744062353.001824,600038,21131154,0,131892248,123862948,124005384,0,1055912,0,230020,4987720,128856,4153528,101164,834192,1048576,1048576,0,0,0,0,5210892,471828,120216,96096,633852,96096,537756,25520,43068,0,0,0,65946124,8399828,34359738367,520508,0,52800,0,1116160,0,0,0,0,0,0,0,0,2048,0,376080,15255552,120586240
1744062354.001217,600038,21131154,0,131892248,123862948,124005384,0,1055912,0,230020,4987720,128856,4153528,101164,834192,1048576,1048576,0,0,0,0,5210892,471828,120216,96096,633852,96096,537756,25520,43068,0,0,0,65946124,8399828,34359738367,520508,0,52800,0,1116160,0,0,0,0,0,0,0,0,2048,0,376080,15255552,120586240
1744062355.001679,600038,21131154,0,131892248,123862948,124005384,0,1055912,0,230020,4987720,128856,4153528,101164,834192,1048576,1048576,0,0,0,0,5210892,471828,120216,96096,633852,96096,537756,25520,43068,0,0,0,65946124,8399828,34359738367,520508,0,52800,0,1116160,0,0,0,0,0,0,0,0,2048,0,376080,15255552,120586240
1744062356.001798,600038,21131154,0,131892248,123862940,124005376,0,1055912,0,230020,4987720,128856,4153528,101164,834192,1048576,1048576,0,0,0,0,5210892,471828,120216,96096,633860,96096,537764,25520,43068,0,0,0,65946124,8399828,34359738367,520508,0,52800,0,1116160,0,0,0,0,0,0,0,0,2048,0,376080,15255552,120586240
1744062357.001273,600038,21131154,0,131892248,123862940,124005376,0,1055912,0,230020,4987720,128856,4153528,101164,834192,1048576,1048576,0,0,0,0,5210892,471828,120216,96096,633860,96096,537764,25520,43068,0,0,0,65946124,8399828,34359738367,520508,0,52800,0,1116160,0,0,0,0,0,0,0,0,2048,0,376080,15255552,120586240
1744062358.001794,600038,21131154,0,131892248,123862932,124005368,0,1055912,0,230020,4987720,128856,4153528,101164,834192,1048576,1048576,0,0,0,0,5210892,471828,120216,96096,633868,96096,537772,25520,43068,0,0,0,65946124,8399828,34359738367,520508,0,52800,0,1116160,0,0,0,0,0,0,0,0,2048,0,376080,15255552,120586240
1744062359.001859,600038,21131154,0,131892248,123862932,124005368,0,1055912,0,230020,4987720,128856,4153528,101164,834192,1048576,1048576,0,0,0,0,5210892,471828,120216,96096,633864,96096,537768,25520,43068,0,0,0,65946124,8399828,34359738367,520508,0,52800,0,1116160,0,0,0,0,0,0,0,0,2048,0,376080,15255552,120586240
1744062360.001317,600038,21131154,0,131892248,123862932,124005368,0,1055912,0,230020,4987720,128856,4153528,101164,834192,1048576,1048576,0,0,0,0,5210892,471828,120216,96096,633864,96096,537768,25520,43068,0,0,0,65946124,8399828,34359738367,520508,0,52800,0,1116160,0,0,0,0,0,0,0,0,2048,0,376080,15255552,120586240
1744062361.002131,600038,21131154,0,131892248,123862932,124005368,0,1055912,0,230020,4987720,128856,4153528,101164,834192,1048576,1048576,0,0,0,0,5210892,471828,120216,96096,633864,96096,537768,25520,43068,0,0,0,65946124,8399828,34359738367,520508,0,52800,0,1116160,0,0,0,0,0,0,0,0,2048,0,376080,15255552,120586240
1744062362.001206,600038,21131154,0,131892248,127699236,127842404,0,1053736,0,276116,1283804,42628,580828,233488,702976,1048576,1048576,0,0,284,0,1555424,227000,117144,95344,630100,95344,534756,23440,13084,0,0,0,65946124,1857312,34359738367,517852,0,52800,0,1116160,0,0,0,0,0,0,0,0,2048,0,376080,15255552,120586240
1744062363.001952,600038,21131154,0,131892248,127697336,127840672,0,1051416,0,277692,1282048,41464,581644,236228,700404,1048576,1048576,0,0,0,276,1556392,225520,114776,95344,627052,95344,531708,22976,10956,0,0,0,65946124,1845620,34359738367,517788,0,52800,0,1116160,0,0,0,0,0,0,0,0,2048,0,376080,15255552,120586240
1744062364.002044,600038,21131154,0,131892248,128679488,128144160,0,113640,0,50872,573168,6440,541652,44432,31516,1048576,1048576,0,0,0,276,1557948,225700,39472,91376,579888,91376,488512,23408,11824,0,0,0,65946124,1809700,34359738367,517628,0,52800,0,1116160,0,0,0,0,0,0,0,0,2048,0,376080,15255552,120586240
1744062365.001834,600038,21131154,0,131892248,128664972,128135168,0,124696,0,56788,578644,6508,542552,50280,36092,1048576,1048576,0,0,0,0,1559180,225616,38564,92000,577816,92000,485816,22864,10368,0,0,0,65946124,1787768,34359738367,517532,0,52800,0,1116160,0,0,0,0,0,0,0,0,2048,0,376080,15255552,120586240
1744062366.000954,600038,21131154,0,131892248,128665704,128136352,0,125388,0,57284,578344,6500,542052,50784,36292,1048576,1048576,0,0,0,0,1558948,225684,38568,92200,577900,92200,485700,22816,9596,0,0,0,65946124,1800408,34359738367,517644,0,52800,0,1116160,0,0,0,0,0,0,0,0,2048,0,376080,15255552,120586240
1744062367.001812,600038,21131154,0,131892248,128671044,128142984,0,128080,0,58540,572776,6476,535060,52064,37716,1048576,1048576,0,0,0,0,1551532,224588,38564,92080,577620,92080,485540,22576,9508,0,0,0,65946124,1807084,34359738367,517596,0,52800,0,1116160,0,0,0,0,0,0,0,0,2048,0,376080,15255552,120586240
1744062368.001893,600038,21131154,0,131892248,128671112,128143052,0,128080,0,58540,572776,6476,535060,52064,37716,1048576,1048576,0,0,0,0,1551532,224588,38564,92080,577616,92080,485536,22576,9508,0,0,0,65946124,1807084,34359738367,517596,0,52800,0,1116160,0,0,0,0,0,0,0,0,2048,0,376080,15255552,120586240
1744062369.001718,600038,21131154,0,131892248,128671328,128143268,0,128080,0,58544,572708,6476,534996,52068,37712,1048576,1048576,0,0,0,0,1551464,224588,38564,92080,577616,92080,485536,22560,9464,0,0,0,65946124,1807084,34359738367,517596,0,52800,0,1116160,0,0,0,0,0,0,0,0,2048,0,376080,15255552,120586240
1744062370.001791,600038,21131154,0,131892248,128671580,128143520,0,128080,0,58544,572708,6476,534996,52068,37712,1048576,1048576,0,0,0,0,1551464,224588,38564,92080,577616,92080,485536,22560,9464,0,0,0,65946124,1807084,34359738367,517596,0,52800,0,1116160,0,0,0,0,0,0,0,0,2048,0,376080,15255552,120586240
